datetime,open,high,low,close,volume
2023-04-01 00:00:00,58.53,60.15,58.12,59.99,153742.665
2023-04-01 04:00:00,59.97,60.0,58.26,58.81,92256.675
2023-04-01 08:00:00,58.82,59.22,58.35,58.5,66133.126
2023-04-01 12:00:00,58.49,58.91,58.1,58.41,62284.381
2023-04-01 16:00:00,58.41,58.91,57.93,58.72,46852.755
2023-04-01 20:00:00,58.74,58.92,58.47,58.62,28919.557
2023-04-02 00:00:00,58.62,59.41,58.02,58.32,74158.413
2023-04-02 04:00:00,58.32,59.22,58.23,59.06,41246.612
2023-04-02 08:00:00,59.07,59.38,58.63,58.79,47612.332
2023-04-02 12:00:00,58.8,58.97,57.01,57.82,125183.375
2023-04-02 16:00:00,57.83,57.84,56.1,56.44,71284.721
2023-04-02 20:00:00,56.44,57.24,55.89,57.02,53771.782
2023-04-03 00:00:00,57.01,57.26,55.15,56.41,84018.949
2023-04-03 04:00:00,56.4,56.97,56.07,56.91,49934.53
2023-04-03 08:00:00,56.91,57.63,56.87,57.3,74258.274
2023-04-03 12:00:00,57.29,57.51,56.21,56.83,63963.77
2023-04-03 16:00:00,56.83,58.95,56.5,58.07,108481.933
2023-04-03 20:00:00,58.08,58.42,55.73,57.81,132633.569
2023-04-04 00:00:00,57.82,58.11,56.77,56.84,59855.611
2023-04-04 04:00:00,56.85,57.5,56.59,57.02,46625.652
2023-04-04 08:00:00,57.02,58.03,56.79,57.86,68308.651
2023-04-04 12:00:00,57.86,58.18,57.25,57.49,67633.607
2023-04-04 16:00:00,57.49,57.93,57.43,57.83,44680.37
2023-04-04 20:00:00,57.82,58.04,57.35,57.59,36988.179
2023-04-05 00:00:00,57.58,59.04,57.09,58.79,84332.349
2023-04-05 04:00:00,58.78,59.0,58.33,58.77,58958.469
2023-04-05 08:00:00,58.77,58.99,58.47,58.58,41293.543
2023-04-05 12:00:00,58.59,58.69,56.41,57.21,108797.304
2023-04-05 16:00:00,57.21,57.63,56.81,57.52,46947.121
2023-04-05 20:00:00,57.52,57.78,57.35,57.78,23945.961
2023-04-06 00:00:00,57.77,57.84,56.19,57.15,52295.478
2023-04-06 04:00:00,57.14,57.17,56.51,56.56,33512.165
2023-04-06 08:00:00,56.56,56.93,55.79,56.48,65440.021
2023-04-06 12:00:00,56.47,57.11,56.22,57.04,46410.68
2023-04-06 16:00:00,57.04,57.17,56.51,56.8,29976.229
2023-04-06 20:00:00,56.79,57.0,56.18,56.6,27712.25
2023-04-07 00:00:00,56.6,56.73,55.88,56.19,34189.557
2023-04-07 04:00:00,56.19,56.5,55.39,55.6,47277.277
2023-04-07 08:00:00,55.6,56.0,55.33,55.49,33204.77
2023-04-07 12:00:00,55.5,56.27,55.36,55.93,46808.289
2023-04-07 16:00:00,55.94,56.0,55.59,55.84,22974.532
2023-04-07 20:00:00,55.85,56.18,55.65,55.98,18732.747
2023-04-08 00:00:00,55.97,56.05,55.37,55.96,31221.633
2023-04-08 04:00:00,55.95,56.46,55.93,56.26,27644.315
2023-04-08 08:00:00,56.25,56.4,55.99,56.07,17493.267
2023-04-08 12:00:00,56.07,56.14,55.83,55.92,22054.88
2023-04-08 16:00:00,55.92,56.11,55.1,55.65,35724.679
2023-04-08 20:00:00,55.63,55.81,55.19,55.62,18455.18
2023-04-09 00:00:00,55.63,56.11,55.56,55.68,18161.57
2023-04-09 04:00:00,55.67,55.96,54.43,54.84,52731.792
2023-04-09 08:00:00,54.84,55.14,54.71,55.08,28687.53
2023-04-09 12:00:00,55.09,55.46,54.39,54.85,41189.803
2023-04-09 16:00:00,54.84,55.76,54.81,55.53,37440.281
2023-04-09 20:00:00,55.53,56.15,55.39,55.69,37016.284
2023-04-10 00:00:00,55.7,56.0,55.01,55.6,37455.976
2023-04-10 04:00:00,55.6,55.76,55.26,55.37,18417.866
2023-04-10 08:00:00,55.38,55.81,55.38,55.51,22147.501
2023-04-10 12:00:00,55.51,56.76,55.18,56.14,93920.805
2023-04-10 16:00:00,56.15,57.17,55.91,56.97,86112.926
2023-04-10 20:00:00,56.97,57.88,56.68,57.69,58373.826
2023-04-11 00:00:00,57.68,57.83,57.04,57.43,81512.832
2023-04-11 04:00:00,57.43,58.41,57.31,58.0,129768.877
2023-04-11 08:00:00,58.01,58.1,57.01,57.47,99980.7
2023-04-11 12:00:00,57.47,57.7,57.0,57.35,56869.902
2023-04-11 16:00:00,57.36,57.83,56.82,57.29,64479.181
2023-04-11 20:00:00,57.29,57.32,56.75,56.94,44820.367
2023-04-12 00:00:00,56.94,57.13,54.47,54.73,126634.251
2023-04-12 04:00:00,54.73,55.67,54.56,55.41,86921.283
2023-04-12 08:00:00,55.42,55.48,54.92,55.2,46220.712
2023-04-12 12:00:00,55.21,56.34,54.87,55.97,134871.061
2023-04-12 16:00:00,55.97,56.01,55.3,55.58,45064.076
2023-04-12 20:00:00,55.59,56.09,55.53,55.84,41197.275
2023-04-13 00:00:00,55.85,56.17,55.33,56.01,43414.378
2023-04-13 04:00:00,55.99,56.13,55.66,55.98,30277.567
2023-04-13 08:00:00,55.97,57.06,55.97,56.78,78664.883
2023-04-13 12:00:00,56.79,57.65,56.74,57.09,73225.092
2023-04-13 16:00:00,57.1,57.67,56.92,57.35,45504.923
2023-04-13 20:00:00,57.34,57.39,56.91,57.27,30296.004
2023-04-14 00:00:00,57.26,58.74,57.21,58.22,125625.771
2023-04-14 04:00:00,58.21,58.77,57.95,58.06,73711.785
2023-04-14 08:00:00,58.05,58.76,57.81,58.63,65415.399
2023-04-14 12:00:00,58.63,58.75,56.91,56.97,151198.126
2023-04-14 16:00:00,56.96,59.08,56.7,59.04,111771.6
2023-04-14 20:00:00,59.03,60.15,58.54,60.0,115416.346
2023-04-15 00:00:00,60.0,60.69,58.89,59.77,156020.597
2023-04-15 04:00:00,59.77,59.86,58.83,59.44,63079.445
2023-04-15 08:00:00,59.44,60.51,59.07,60.05,85764.045
2023-04-15 12:00:00,60.06,60.11,59.36,59.54,63972.081
2023-04-15 16:00:00,59.55,59.69,58.9,59.25,67227.871
2023-04-15 20:00:00,59.24,59.97,58.8,59.7,41883.045
2023-04-16 00:00:00,59.69,59.85,58.2,58.74,66879.927
2023-04-16 04:00:00,58.74,59.24,58.57,59.07,44330.961
2023-04-16 08:00:00,59.08,60.3,58.32,58.52,99135.868
2023-04-16 12:00:00,58.52,61.63,58.43,61.45,201294.859
2023-04-16 16:00:00,61.43,61.92,60.56,61.3,175668.351
2023-04-16 20:00:00,61.31,62.06,60.92,61.03,90788.167
2023-04-17 00:00:00,61.03,61.15,58.7,59.93,163023.068
2023-04-17 04:00:00,59.92,60.49,59.3,59.41,106144.793
2023-04-17 08:00:00,59.41,59.8,58.52,59.07,88525.876
2023-04-17 12:00:00,59.06,59.2,57.55,58.16,234750.201
2023-04-17 16:00:00,58.16,58.68,58.0,58.46,64549.271
2023-04-17 20:00:00,58.47,58.77,58.03,58.55,41394.707
2023-04-18 00:00:00,58.57,59.47,57.58,59.32,110103.236
2023-04-18 04:00:00,59.31,59.65,59.07,59.29,87146.361
2023-04-18 08:00:00,59.29,60.31,59.05,60.15,119750.451
2023-04-18 12:00:00,60.15,60.4,58.88,59.34,107218.499
2023-04-18 16:00:00,59.34,60.16,58.92,59.62,82091.563
2023-04-18 20:00:00,59.62,59.94,59.35,59.72,41136.342
2023-04-19 00:00:00,59.72,59.76,58.93,59.13,46848.583
2023-04-19 04:00:00,59.13,59.39,58.64,58.74,58355.733
2023-04-19 08:00:00,58.73,58.73,52.16,54.33,325204.262
2023-04-19 12:00:00,54.34,54.98,54.06,54.17,106884.323
2023-04-19 16:00:00,54.17,54.4,53.3,53.65,94216.86
2023-04-19 20:00:00,53.65,53.86,51.47,52.98,127823.244
2023-04-20 00:00:00,52.98,53.55,52.03,52.96,89599.325
2023-04-20 04:00:00,52.97,53.2,52.4,52.43,73267.879
2023-04-20 08:00:00,52.44,53.03,51.83,52.08,86336.887
2023-04-20 12:00:00,52.08,53.27,51.58,51.68,141642.835
2023-04-20 16:00:00,51.67,51.87,50.05,51.42,204722.832
2023-04-20 20:00:00,51.43,51.9,51.2,51.66,61370.181
2023-04-21 00:00:00,51.67,52.28,51.45,52.0,75263.018
2023-04-21 04:00:00,52.01,52.11,50.6,51.58,113520.651
2023-04-21 08:00:00,51.59,51.95,50.76,50.95,67783.179
2023-04-21 12:00:00,50.95,51.61,50.54,51.02,84969.938
2023-04-21 16:00:00,51.06,51.31,47.92,48.77,209495.038
2023-04-21 20:00:00,48.77,49.04,48.06,48.79,118354.882
2023-04-22 00:00:00,48.8,49.31,48.51,49.23,58487.579
2023-04-22 04:00:00,49.22,49.36,48.82,48.95,51587.323
2023-04-22 08:00:00,48.95,49.24,48.77,49.06,50647.275
2023-04-22 12:00:00,49.06,49.84,48.95,49.65,69225.423
2023-04-22 16:00:00,49.65,50.01,49.38,49.68,55627.143
2023-04-22 20:00:00,49.68,50.38,49.65,50.2,41882.47
2023-04-23 00:00:00,50.22,50.25,49.18,49.79,58715.46
2023-04-23 04:00:00,49.78,50.58,49.7,50.53,35676.788
2023-04-23 08:00:00,50.53,50.73,50.0,50.6,51526.939
2023-04-23 12:00:00,50.58,51.07,49.77,50.11,94551.286
2023-04-23 16:00:00,50.1,50.73,48.65,49.88,141377.002
2023-04-23 20:00:00,49.86,50.34,49.47,50.11,75673.493
2023-04-24 00:00:00,50.13,51.07,49.62,50.31,93790.116
2023-04-24 04:00:00,50.31,50.54,49.23,49.62,82365.65
2023-04-24 08:00:00,49.63,50.2,49.04,50.19,79866.738
2023-04-24 12:00:00,50.2,50.77,49.55,49.64,97943.117
2023-04-24 16:00:00,49.65,50.16,48.69,50.03,103821.66
2023-04-24 20:00:00,50.02,50.38,49.74,50.07,40054.651
2023-04-25 00:00:00,50.08,50.2,49.15,49.28,59008.897
2023-04-25 04:00:00,49.28,49.99,49.18,49.38,51699.22
2023-04-25 08:00:00,49.37,49.97,49.14,49.83,88030.772
2023-04-25 12:00:00,49.84,50.45,49.19,49.34,120316.021
2023-04-25 16:00:00,49.33,49.84,49.08,49.65,91440.01
2023-04-25 20:00:00,49.65,51.72,49.64,51.59,115438.764
2023-04-26 00:00:00,51.6,51.73,50.88,50.95,60104.347
2023-04-26 04:00:00,50.96,51.21,50.7,50.95,42115.8
2023-04-26 08:00:00,50.95,52.79,50.9,52.59,134176.309
2023-04-26 12:00:00,52.6,53.51,52.5,52.66,135886.69
2023-04-26 16:00:00,52.66,52.77,48.0,48.78,212393.372
2023-04-26 20:00:00,48.77,49.86,47.0,49.76,214184.247
2023-04-27 00:00:00,49.75,51.4,49.59,50.07,158969.651
2023-04-27 04:00:00,50.05,50.54,49.3,49.67,80125.562
2023-04-27 08:00:00,49.67,49.88,49.15,49.72,79030.268
2023-04-27 12:00:00,49.71,50.38,49.11,50.03,132990.89
2023-04-27 16:00:00,50.04,51.28,49.9,51.02,113747.981
2023-04-27 20:00:00,51.01,51.26,50.05,50.64,72878.73
2023-04-28 00:00:00,50.62,50.68,50.0,50.15,43972.509
2023-04-28 04:00:00,50.14,50.52,49.88,50.39,35308.958
2023-04-28 08:00:00,50.39,50.45,49.7,49.78,51134.668
2023-04-28 12:00:00,49.77,50.3,49.25,49.71,80152.865
2023-04-28 16:00:00,49.7,50.24,49.52,49.99,63539.146
2023-04-28 20:00:00,49.97,50.27,49.82,49.98,32155.578
2023-04-29 00:00:00,49.97,50.33,49.76,50.23,26955.151
2023-04-29 04:00:00,50.22,50.38,50.11,50.16,21004.383
2023-04-29 08:00:00,50.16,50.34,49.98,50.3,32482.758
2023-04-29 12:00:00,50.32,51.2,50.26,50.82,76203.154
2023-04-29 16:00:00,50.81,51.35,50.29,51.19,68414.949
2023-04-29 20:00:00,51.18,51.46,50.76,51.01,51000.789
2023-04-30 00:00:00,51.02,51.1,49.95,50.05,46168.448
2023-04-30 04:00:00,50.05,50.59,50.04,50.37,26591.858
2023-04-30 08:00:00,50.38,50.52,50.05,50.13,32299.674
2023-04-30 12:00:00,50.13,50.94,49.91,50.4,59813.964
2023-04-30 16:00:00,50.39,50.78,49.6,50.03,70265.965
2023-04-30 20:00:00,50.03,50.14,49.19,49.56,65857.345
2023-05-01 00:00:00,49.57,49.95,48.05,48.85,93350.751
2023-05-01 04:00:00,48.84,49.14,48.37,49.05,46459.297
2023-05-01 08:00:00,49.05,49.3,48.93,48.95,55857.9
2023-05-01 12:00:00,48.95,49.15,48.33,48.41,65625.12
2023-05-01 16:00:00,48.4,48.66,47.71,48.07,90169.904
2023-05-01 20:00:00,48.04,48.34,47.85,48.28,50547.324
2023-05-02 00:00:00,48.26,48.39,47.78,48.18,35962.548
2023-05-02 04:00:00,48.18,48.44,47.92,48.41,29068.194
2023-05-02 08:00:00,48.41,48.5,47.9,48.15,52941.882
2023-05-02 12:00:00,48.16,48.57,47.52,48.19,105356.112
2023-05-02 16:00:00,48.18,48.71,47.93,48.6,60147.738
2023-05-02 20:00:00,48.61,48.9,48.43,48.52,35957.655
2023-05-03 00:00:00,48.53,48.64,47.76,47.97,46865.387
2023-05-03 04:00:00,47.96,48.07,47.68,47.86,23981.926
2023-05-03 08:00:00,47.86,48.06,47.46,47.48,34763.997
2023-05-03 12:00:00,47.48,47.52,46.93,47.24,72758.432
2023-05-03 16:00:00,47.24,48.26,47.15,47.85,97842.245
2023-05-03 20:00:00,47.85,49.49,47.84,49.22,69883.062
2023-05-04 00:00:00,49.23,49.36,48.76,48.98,38173.982
2023-05-04 04:00:00,48.97,49.07,48.74,48.8,22130.938
2023-05-04 08:00:00,48.8,49.16,48.66,48.98,35328.694
2023-05-04 12:00:00,48.97,49.05,48.23,48.62,58882.156
2023-05-04 16:00:00,48.63,48.94,48.33,48.61,37148.91
2023-05-04 20:00:00,48.61,48.7,48.42,48.69,23116.542
2023-05-05 00:00:00,48.69,49.14,48.42,48.52,50811.812
2023-05-05 04:00:00,48.51,48.61,48.23,48.32,30567.296
2023-05-05 08:00:00,48.33,48.79,48.24,48.72,24890.627
2023-05-05 12:00:00,48.73,48.96,47.71,48.74,84929.461
2023-05-05 16:00:00,48.74,49.41,48.38,48.6,82438.253
2023-05-05 20:00:00,48.6,48.78,48.36,48.64,32942.196
2023-05-06 00:00:00,48.65,48.96,47.98,48.12,49526.581
2023-05-06 04:00:00,48.12,48.21,47.5,47.76,46802.936
2023-05-06 08:00:00,47.76,47.78,47.06,47.5,55163.68
2023-05-06 12:00:00,47.49,47.52,44.95,45.08,195230.431
2023-05-06 16:00:00,45.08,45.83,45.04,45.52,67655.301
2023-05-06 20:00:00,45.51,45.58,45.2,45.35,48338.133
2023-05-07 00:00:00,45.36,45.92,45.35,45.5,59587.371
2023-05-07 04:00:00,45.49,46.07,45.49,45.91,37728.813
2023-05-07 08:00:00,45.92,46.04,45.49,45.52,35611.873
2023-05-07 12:00:00,45.53,46.19,45.53,45.88,64469.559
2023-05-07 16:00:00,45.89,45.96,45.5,45.8,53740.774
2023-05-07 20:00:00,45.79,46.23,45.24,45.41,73336.211
2023-05-08 00:00:00,45.41,45.83,41.84,44.02,240535.122
2023-05-08 04:00:00,44.01,44.07,42.98,43.38,87490.888
2023-05-08 08:00:00,43.37,43.97,43.11,43.82,80265.717
2023-05-08 12:00:00,43.83,44.1,43.6,43.79,54620.548
2023-05-08 16:00:00,43.78,43.8,40.24,41.36,193883.714
2023-05-08 20:00:00,41.37,41.78,40.76,41.68,97496.92
2023-05-09 00:00:00,41.68,41.72,40.92,41.25,94109.666
2023-05-09 04:00:00,41.25,41.29,40.05,41.11,162907.99
2023-05-09 08:00:00,41.1,41.89,40.66,41.66,120502.664
2023-05-09 12:00:00,41.66,41.81,41.04,41.32,94318.091
2023-05-09 16:00:00,41.33,41.97,41.16,41.63,77352.098
2023-05-09 20:00:00,41.63,42.09,41.45,41.98,42643.454
2023-05-10 00:00:00,41.98,42.36,41.59,41.72,76537.693
2023-05-10 04:00:00,41.71,41.95,41.38,41.41,52849.36
2023-05-10 08:00:00,41.41,41.83,41.14,41.78,61724.189
2023-05-10 12:00:00,41.79,43.25,41.4,42.93,160457.257
2023-05-10 16:00:00,42.92,43.56,40.43,43.3,234334.004
2023-05-10 20:00:00,43.3,43.92,42.93,42.97,82395.501
2023-05-11 00:00:00,42.98,43.03,41.88,42.17,63657.518
2023-05-11 04:00:00,42.16,42.43,41.82,42.19,41260.807
2023-05-11 08:00:00,42.18,42.2,41.32,41.43,64620.481
2023-05-11 12:00:00,41.44,41.81,40.52,40.79,165337.075
2023-05-11 16:00:00,40.8,40.92,39.2,39.88,163127.417
2023-05-11 20:00:00,39.89,40.85,39.89,40.83,44432.665
2023-05-12 00:00:00,40.82,40.85,38.69,38.91,135358.229
2023-05-12 04:00:00,38.92,39.74,38.65,39.65,99578.866
2023-05-12 08:00:00,39.65,39.95,39.39,39.62,64028.421
2023-05-12 12:00:00,39.62,40.19,39.37,39.62,85604.985
2023-05-12 16:00:00,39.61,40.12,38.95,40.0,87161.847
2023-05-12 20:00:00,39.99,40.92,39.85,40.86,79187.391
2023-05-13 00:00:00,40.86,40.92,40.07,40.28,45930.584
2023-05-13 04:00:00,40.28,40.47,40.0,40.41,40440.591
2023-05-13 08:00:00,40.41,40.81,40.28,40.33,46652.356
2023-05-13 12:00:00,40.34,40.48,39.88,40.33,48475.445
2023-05-13 16:00:00,40.32,40.83,40.17,40.82,68225.102
2023-05-13 20:00:00,40.81,41.0,40.47,40.6,78578.734
2023-05-14 00:00:00,40.6,40.65,40.1,40.43,48256.743
2023-05-14 04:00:00,40.43,40.7,40.26,40.59,42782.221
2023-05-14 08:00:00,40.6,40.82,40.48,40.6,38803.702
2023-05-14 12:00:00,40.6,41.85,40.4,41.67,102950.859
2023-05-14 16:00:00,41.67,41.83,40.79,40.88,82354.934
2023-05-14 20:00:00,40.87,41.27,40.76,41.19,55253.69
2023-05-15 00:00:00,41.2,41.69,40.25,41.58,110042.389
2023-05-15 04:00:00,41.57,42.36,41.46,42.35,96095.352
2023-05-15 08:00:00,42.34,42.8,42.0,42.02,80363.34
2023-05-15 12:00:00,42.03,42.49,41.69,42.36,87017.473
2023-05-15 16:00:00,42.36,42.56,41.93,42.23,75923.856
2023-05-15 20:00:00,42.23,42.36,41.76,41.96,39616.083
2023-05-16 00:00:00,41.97,42.25,41.41,41.9,108698.04
2023-05-16 04:00:00,41.9,43.08,41.75,42.76,87809.526
2023-05-16 08:00:00,42.75,42.92,42.24,42.84,97138.238
2023-05-16 12:00:00,42.84,43.05,42.32,42.96,148981.391
2023-05-16 16:00:00,42.97,43.47,42.75,43.1,116627.701
2023-05-16 20:00:00,43.11,43.53,42.96,43.19,65488.771
2023-05-17 00:00:00,43.19,44.98,42.94,43.96,231404.659
2023-05-17 04:00:00,43.97,44.5,43.5,44.09,175339.857
2023-05-17 08:00:00,44.1,45.45,43.68,44.45,245030.198
2023-05-17 12:00:00,44.46,44.75,43.25,43.81,171134.193
2023-05-17 16:00:00,43.81,45.19,43.65,44.92,131761.434
2023-05-17 20:00:00,44.93,45.1,44.12,44.27,91456.607
2023-05-18 00:00:00,44.28,44.41,43.8,44.23,67068.023
2023-05-18 04:00:00,44.24,44.48,43.86,44.21,63224.939
2023-05-18 08:00:00,44.21,44.54,43.9,43.95,76996.391
2023-05-18 12:00:00,43.96,44.13,43.4,43.53,94886.781
2023-05-18 16:00:00,43.53,43.79,41.98,42.9,146251.591
2023-05-18 20:00:00,42.89,43.58,42.73,43.14,58434.46
2023-05-19 00:00:00,43.15,44.08,43.11,43.96,109772.026
2023-05-19 04:00:00,43.96,44.08,43.73,43.87,56250.515
2023-05-19 08:00:00,43.87,44.19,43.62,43.64,59061.23
2023-05-19 12:00:00,43.64,44.47,43.64,44.14,106332.866
2023-05-19 16:00:00,44.14,44.83,44.02,44.44,84288.203
2023-05-19 20:00:00,44.44,44.91,44.26,44.48,69458.768
2023-05-20 00:00:00,44.49,44.52,43.91,44.07,45548.919
2023-05-20 04:00:00,44.07,44.2,43.7,43.87,32410.935
2023-05-20 08:00:00,43.87,44.3,43.82,44.17,53353.665
2023-05-20 12:00:00,44.17,44.41,43.82,44.32,73026.545
2023-05-20 16:00:00,44.33,44.42,43.73,44.14,90868.755
2023-05-20 20:00:00,44.15,44.36,44.02,44.3,25092.652
2023-05-21 00:00:00,44.31,44.36,43.76,43.87,37129.562
2023-05-21 04:00:00,43.88,43.95,43.46,43.66,56208.666
2023-05-21 08:00:00,43.65,43.97,43.25,43.43,51442.558
2023-05-21 12:00:00,43.43,43.8,42.93,43.33,58306.504
2023-05-21 16:00:00,43.33,43.72,43.2,43.67,88111.135
2023-05-21 20:00:00,43.68,44.0,43.24,43.85,59370.112
2023-05-22 00:00:00,43.84,44.24,42.95,43.36,99314.89
2023-05-22 04:00:00,43.36,43.82,43.3,43.35,48535.422
2023-05-22 08:00:00,43.36,43.84,43.32,43.65,63317.142
2023-05-22 12:00:00,43.64,43.9,43.36,43.65,96618.065
2023-05-22 16:00:00,43.66,43.79,43.43,43.52,52061.001
2023-05-22 20:00:00,43.53,43.64,43.33,43.42,24957.901
2023-05-23 00:00:00,43.42,44.45,43.06,44.41,111017.296
2023-05-23 04:00:00,44.41,44.57,43.95,44.29,78400.656
2023-05-23 08:00:00,44.3,44.34,43.76,43.91,44233.608
2023-05-23 12:00:00,43.9,44.1,43.62,44.05,49147.041
2023-05-23 16:00:00,44.06,44.08,43.21,43.41,79061.535
2023-05-23 20:00:00,43.41,43.49,43.23,43.36,56113.996
2023-05-24 00:00:00,43.37,43.43,41.53,42.02,147323.602
2023-05-24 04:00:00,42.02,42.25,41.53,41.68,85768.276
2023-05-24 08:00:00,41.68,42.16,41.52,41.66,58050.252
2023-05-24 12:00:00,41.67,41.74,40.28,40.76,164724.002
2023-05-24 16:00:00,40.75,40.86,40.31,40.72,71561.85
2023-05-24 20:00:00,40.72,41.24,40.65,41.03,46786.882
2023-05-25 00:00:00,41.04,41.11,39.6,40.65,103527.278
2023-05-25 04:00:00,40.65,41.02,40.52,40.54,59835.85
2023-05-25 08:00:00,40.54,40.75,40.39,40.71,64196.337
2023-05-25 12:00:00,40.7,41.23,40.67,40.9,109140.261
2023-05-25 16:00:00,40.9,41.62,40.74,41.29,87047.003
2023-05-25 20:00:00,41.29,41.4,40.76,40.9,60516.287
2023-05-26 00:00:00,40.9,41.4,40.71,41.25,87377.99
2023-05-26 04:00:00,41.26,41.56,40.69,41.48,70597.126
2023-05-26 08:00:00,41.47,41.62,41.2,41.36,103039.848
2023-05-26 12:00:00,41.37,41.77,41.18,41.62,107720.507
2023-05-26 16:00:00,41.62,42.03,41.4,41.93,66339.554
2023-05-26 20:00:00,41.94,42.26,41.84,41.88,38430.213
2023-05-27 00:00:00,41.88,42.45,41.72,42.15,54582.267
2023-05-27 04:00:00,42.15,42.48,42.09,42.12,34436.626
2023-05-27 08:00:00,42.13,42.15,41.67,41.74,54789.27
2023-05-27 12:00:00,41.74,42.04,41.49,41.99,45587.394
2023-05-27 16:00:00,41.98,42.14,41.72,42.05,33097.056
2023-05-27 20:00:00,42.05,42.4,41.95,42.19,29131.725
2023-05-28 00:00:00,42.2,42.87,42.07,42.79,59197.777
2023-05-28 04:00:00,42.8,42.88,42.53,42.7,27053.198
2023-05-28 08:00:00,42.71,42.9,42.5,42.61,30094.627
2023-05-28 12:00:00,42.61,42.85,42.44,42.79,36031.226
2023-05-28 16:00:00,42.79,43.59,42.67,43.4,77843.877
2023-05-28 20:00:00,43.4,44.33,43.19,43.85,104159.373
2023-05-29 00:00:00,43.86,44.12,43.26,43.35,53887.093
2023-05-29 04:00:00,43.34,43.63,43.0,43.57,50862.047
2023-05-29 08:00:00,43.57,43.6,43.19,43.58,39189.774
2023-05-29 12:00:00,43.57,43.72,43.1,43.15,73833.814
2023-05-29 16:00:00,43.15,43.36,42.82,43.25,60950.687
2023-05-29 20:00:00,43.24,43.4,42.92,43.31,33811.431
2023-05-30 00:00:00,43.3,43.56,42.88,43.3,40332.037
2023-05-30 04:00:00,43.31,43.39,42.86,43.1,44341.452
2023-05-30 08:00:00,43.09,43.99,43.08,43.91,48808.15
2023-05-30 12:00:00,43.91,44.09,43.27,43.49,66846.042
2023-05-30 16:00:00,43.49,43.77,43.22,43.76,54347.787
2023-05-30 20:00:00,43.77,44.14,43.67,43.81,45833.189
2023-05-31 00:00:00,43.81,44.31,43.66,44.0,71363.999
2023-05-31 04:00:00,44.0,44.06,42.51,42.95,123432.412
2023-05-31 08:00:00,42.95,43.16,42.38,42.6,115131.255
2023-05-31 12:00:00,42.59,42.69,41.66,41.79,124688.217
2023-05-31 16:00:00,41.79,41.89,41.46,41.66,69957.297
2023-05-31 20:00:00,41.67,41.91,41.47,41.8,46887.543
2023-06-01 00:00:00,41.81,42.07,40.77,41.41,113952.886
2023-06-01 04:00:00,41.4,41.6,41.17,41.29,60071.862
2023-06-01 08:00:00,41.29,42.03,41.22,41.5,69301.132
2023-06-01 12:00:00,41.51,42.2,41.36,42.17,115160.929
2023-06-01 16:00:00,42.17,42.35,41.67,42.13,117450.8
2023-06-01 20:00:00,42.14,42.22,41.63,41.86,48839.038
2023-06-02 00:00:00,41.87,42.68,41.31,42.63,87166.262
2023-06-02 04:00:00,42.62,42.78,42.1,42.11,61132.448
2023-06-02 08:00:00,42.12,42.54,42.11,42.36,44896.127
2023-06-02 12:00:00,42.36,42.52,41.86,42.51,64269.511
2023-06-02 16:00:00,42.51,42.71,42.24,42.7,33434.932
2023-06-02 20:00:00,42.7,42.91,42.53,42.66,34297.358
2023-06-03 00:00:00,42.67,42.72,42.12,42.38,32631.206
2023-06-03 04:00:00,42.37,42.63,42.28,42.56,23337.312
2023-06-03 08:00:00,42.56,43.26,42.48,43.13,58773.906
2023-06-03 12:00:00,43.13,43.41,42.67,42.95,69283.373
2023-06-03 16:00:00,42.96,43.0,42.2,42.33,61609.847
2023-06-03 20:00:00,42.34,42.66,42.2,42.57,23457.257
2023-06-04 00:00:00,42.58,42.96,42.21,42.94,34359.983
2023-06-04 04:00:00,42.93,43.22,42.76,43.17,32163.353
2023-06-04 08:00:00,43.18,43.52,43.13,43.46,35933.99
2023-06-04 12:00:00,43.46,43.52,43.0,43.17,45424.166
2023-06-04 16:00:00,43.17,43.39,42.81,43.36,35282.718
2023-06-04 20:00:00,43.37,43.42,42.4,42.57,57032.261
2023-06-05 00:00:00,42.57,42.75,41.79,41.96,89930.128
2023-06-05 04:00:00,41.95,42.18,41.73,42.08,45330.252
2023-06-05 08:00:00,42.08,42.16,41.46,41.98,69282.75
2023-06-05 12:00:00,41.99,42.18,38.7,38.98,169594.426
2023-06-05 16:00:00,38.98,39.57,37.48,38.84,232782.603
2023-06-05 20:00:00,38.85,39.27,38.54,39.04,39962.947
2023-06-06 00:00:00,39.04,39.26,38.6,39.17,37281.358
2023-06-06 04:00:00,39.18,39.41,38.99,39.08,25689.88
2023-06-06 08:00:00,39.09,39.17,38.82,38.92,31224.11
2023-06-06 12:00:00,38.91,39.25,37.77,39.16,145646.631
2023-06-06 16:00:00,39.16,40.24,39.14,40.15,59729.708
2023-06-06 20:00:00,40.14,40.21,39.67,40.06,34045.219
2023-06-07 00:00:00,40.06,40.08,39.32,39.49,42092.336
2023-06-07 04:00:00,39.49,39.75,39.27,39.28,25973.475
2023-06-07 08:00:00,39.29,39.55,38.37,39.3,70954.61
2023-06-07 12:00:00,39.31,39.33,38.15,38.34,76420.536
2023-06-07 16:00:00,38.35,38.72,38.0,38.51,53349.039
2023-06-07 20:00:00,38.5,38.58,37.97,38.44,38056.877
2023-06-08 00:00:00,38.45,38.59,37.5,37.72,54352.185
2023-06-08 04:00:00,37.72,38.53,37.65,38.37,48533.883
2023-06-08 08:00:00,38.37,38.77,38.28,38.58,34580.537
2023-06-08 12:00:00,38.58,39.26,38.52,39.05,50508.141
2023-06-08 16:00:00,39.05,39.07,38.51,38.96,30047.536
2023-06-08 20:00:00,38.95,39.04,38.64,38.76,20929.887
2023-06-09 00:00:00,38.77,39.06,38.25,38.68,41667.621
2023-06-09 04:00:00,38.68,38.86,38.42,38.5,25886.236
2023-06-09 08:00:00,38.51,38.89,38.41,38.82,29935.208
2023-06-09 12:00:00,38.82,39.26,38.7,38.73,40984.724
2023-06-09 16:00:00,38.73,38.92,38.05,38.09,37473.303
2023-06-09 20:00:00,38.11,38.5,38.08,38.4,44156.982
2023-06-10 00:00:00,38.41,38.53,35.86,35.94,210698.59
2023-06-10 04:00:00,35.94,36.09,24.76,29.28,1058888.88
2023-06-10 08:00:00,29.27,30.0,29.05,29.94,229071.541
2023-06-10 12:00:00,29.94,29.94,29.04,29.24,220363.833
2023-06-10 16:00:00,29.23,30.76,28.9,29.7,309695.015
2023-06-10 20:00:00,29.68,30.12,29.46,29.73,126978.989
2023-06-11 00:00:00,29.74,29.79,28.93,29.09,124397.481
2023-06-11 04:00:00,29.1,29.24,28.47,29.19,128043.722
2023-06-11 08:00:00,29.18,29.36,29.03,29.17,79277.033
2023-06-11 12:00:00,29.17,29.41,29.08,29.21,84035.035
2023-06-11 16:00:00,29.2,29.85,29.08,29.73,102942.516
2023-06-11 20:00:00,29.73,30.02,28.84,29.08,109818.968
2023-06-12 00:00:00,29.08,29.11,27.9,28.45,163230.825
2023-06-12 04:00:00,28.45,28.78,28.22,28.25,94093.089
2023-06-12 08:00:00,28.26,29.09,28.14,28.67,129789.686
2023-06-12 12:00:00,28.67,28.86,28.31,28.68,99760.632
2023-06-12 16:00:00,28.68,29.23,28.54,28.97,108600.896
2023-06-12 20:00:00,28.97,29.46,28.88,29.09,67483.652
2023-06-13 00:00:00,29.08,29.22,28.68,29.09,100279.371
2023-06-13 04:00:00,29.08,29.39,28.73,29.18,75236.425
2023-06-13 08:00:00,29.18,29.49,29.06,29.37,91528.542
2023-06-13 12:00:00,29.36,29.78,28.53,28.71,200012.557
2023-06-13 16:00:00,28.71,29.16,28.63,29.05,53902.147
2023-06-13 20:00:00,29.05,29.69,28.97,29.66,76613.628
2023-06-14 00:00:00,29.67,30.06,29.22,29.95,131449.718
2023-06-14 04:00:00,29.95,30.43,29.76,29.92,214763.728
2023-06-14 08:00:00,29.92,30.28,29.88,30.13,95338.469
2023-06-14 12:00:00,30.13,30.24,29.82,30.12,102575.807
2023-06-14 16:00:00,30.13,30.32,29.6,30.04,145107.0
2023-06-14 20:00:00,30.05,30.06,28.0,29.01,300736.187
2023-06-15 00:00:00,29.0,29.49,28.92,29.33,72144.94
2023-06-15 04:00:00,29.33,29.36,28.77,29.18,87071.634
2023-06-15 08:00:00,29.19,29.47,28.92,29.37,83331.518
2023-06-15 12:00:00,29.37,29.72,29.17,29.28,78105.523
2023-06-15 16:00:00,29.28,29.97,28.94,29.88,105713.033
2023-06-15 20:00:00,29.88,29.93,29.51,29.66,56282.956
2023-06-16 00:00:00,29.65,29.8,29.41,29.75,40642.238
2023-06-16 04:00:00,29.76,30.09,29.69,29.86,46302.288
2023-06-16 08:00:00,29.87,30.23,29.68,29.89,83248.956
2023-06-16 12:00:00,29.9,31.33,29.86,30.63,196187.117
2023-06-16 16:00:00,30.64,31.13,30.41,30.85,111572.772
2023-06-16 20:00:00,30.84,30.9,30.58,30.59,44096.611
2023-06-17 00:00:00,30.59,30.63,30.41,30.51,39498.647
2023-06-17 04:00:00,30.51,31.45,30.44,31.1,99894.815
2023-06-17 08:00:00,31.1,31.33,31.02,31.12,37858.286
2023-06-17 12:00:00,31.11,31.4,31.0,31.24,46954.187
2023-06-17 16:00:00,31.24,31.48,31.13,31.29,35621.358
2023-06-17 20:00:00,31.3,31.43,31.07,31.1,26257.924
2023-06-18 00:00:00,31.11,31.15,30.77,30.96,45109.157
2023-06-18 04:00:00,30.96,31.08,30.73,30.88,40875.598
2023-06-18 08:00:00,30.89,30.98,30.7,30.92,26611.541
2023-06-18 12:00:00,30.91,31.11,30.78,30.98,30953.237
2023-06-18 16:00:00,30.98,31.21,30.94,31.07,29901.062
2023-06-18 20:00:00,31.06,31.08,29.77,30.2,115993.375
2023-06-19 00:00:00,30.2,30.33,29.88,30.23,29797.476
2023-06-19 04:00:00,30.22,30.4,30.14,30.29,24693.309
2023-06-19 08:00:00,30.3,30.42,30.16,30.34,35633.396
2023-06-19 12:00:00,30.35,30.53,30.14,30.48,49883.397
2023-06-19 16:00:00,30.49,31.09,30.2,30.95,110344.877
2023-06-19 20:00:00,30.96,31.05,30.74,30.81,38468.309
2023-06-20 00:00:00,30.82,31.23,30.72,30.73,55030.111
2023-06-20 04:00:00,30.74,31.97,30.72,31.8,191975.851
2023-06-20 08:00:00,31.81,32.27,31.52,32.01,421021.335
2023-06-20 12:00:00,32.01,32.03,31.06,31.72,301999.717
2023-06-20 16:00:00,31.72,32.99,31.57,32.91,265027.759
2023-06-20 20:00:00,32.92,32.99,32.57,32.75,82063.451
2023-06-21 00:00:00,32.76,33.53,32.56,33.26,132653.935
2023-06-21 04:00:00,33.26,33.92,33.03,33.66,113254.327
2023-06-21 08:00:00,33.67,33.74,32.83,33.18,97996.578
2023-06-21 12:00:00,33.18,33.6,32.96,33.43,127406.533
2023-06-21 16:00:00,33.43,34.32,33.33,33.54,219180.598
2023-06-21 20:00:00,33.55,33.69,33.13,33.41,78798.904
2023-06-22 00:00:00,33.41,34.58,33.4,34.49,126701.995
2023-06-22 04:00:00,34.47,34.49,33.64,34.16,92825.676
2023-06-22 08:00:00,34.16,34.46,31.99,32.98,187269.338
2023-06-22 12:00:00,32.97,33.69,32.64,33.01,171340.812
2023-06-22 16:00:00,33.0,33.38,32.77,33.32,91146.948
2023-06-22 20:00:00,33.33,33.36,32.8,32.87,43598.135
2023-06-23 00:00:00,32.88,33.19,32.76,33.17,44771.208
2023-06-23 04:00:00,33.18,34.2,33.16,33.9,142593.11
2023-06-23 08:00:00,33.9,34.89,33.69,33.86,253045.034
2023-06-23 12:00:00,33.87,34.5,33.07,34.39,206814.392
2023-06-23 16:00:00,34.4,35.69,34.0,35.07,259381.732
2023-06-23 20:00:00,35.06,35.32,34.31,34.68,89858.463
2023-06-24 00:00:00,34.69,35.43,34.19,35.34,135875.969
2023-06-24 04:00:00,35.33,35.51,34.72,34.87,103855.38
2023-06-24 08:00:00,34.87,35.34,34.68,35.12,62433.995
2023-06-24 12:00:00,35.13,35.8,33.87,34.38,177523.705
2023-06-24 16:00:00,34.38,35.15,33.87,34.66,124716.173
2023-06-24 20:00:00,34.66,35.27,34.21,35.07,79026.59
2023-06-25 00:00:00,35.08,35.79,35.04,35.77,100497.561
2023-06-25 04:00:00,35.77,36.94,35.45,36.35,138368.291
2023-06-25 08:00:00,36.34,36.57,35.56,35.83,78340.35
2023-06-25 12:00:00,35.84,35.96,34.92,35.32,104085.983
2023-06-25 16:00:00,35.32,35.58,34.82,35.07,64704.807
2023-06-25 20:00:00,35.08,35.6,34.85,35.36,50917.463
2023-06-26 00:00:00,35.36,35.42,34.29,34.98,116828.608
2023-06-26 04:00:00,34.99,35.28,34.27,35.04,85637.254
2023-06-26 08:00:00,35.04,35.34,34.65,35.02,90143.369
2023-06-26 12:00:00,35.03,35.75,34.86,35.35,120642.152
2023-06-26 16:00:00,35.34,35.41,33.8,34.71,131371.702
2023-06-26 20:00:00,34.71,37.0,34.7,36.01,574052.057
2023-06-27 00:00:00,36.01,37.16,35.75,36.43,349953.266
2023-06-27 04:00:00,36.43,36.64,35.47,35.62,118685.417
2023-06-27 08:00:00,35.63,36.41,35.19,36.34,129288.338
2023-06-27 12:00:00,36.34,36.74,35.78,35.82,168900.868
2023-06-27 16:00:00,35.83,36.34,35.7,36.16,89378.238
2023-06-27 20:00:00,36.16,36.46,35.93,36.02,58372.972
2023-06-28 00:00:00,36.01,36.08,34.82,35.35,104621.827
2023-06-28 04:00:00,35.35,35.35,34.1,34.33,108467.976
2023-06-28 08:00:00,34.32,34.97,34.2,34.67,59317.346
2023-06-28 12:00:00,34.67,35.17,34.34,34.96,90795.576
2023-06-28 16:00:00,34.97,35.03,32.29,33.62,167227.112
2023-06-28 20:00:00,33.62,34.09,33.42,33.73,82209.397
2023-06-29 00:00:00,33.74,34.08,33.54,33.81,58472.558
2023-06-29 04:00:00,33.82,33.98,33.61,33.87,49930.732
2023-06-29 08:00:00,33.88,34.54,33.84,34.51,64467.223
2023-06-29 12:00:00,34.51,34.64,33.89,34.29,100768.655
2023-06-29 16:00:00,34.29,34.46,34.09,34.39,57104.61
2023-06-29 20:00:00,34.39,34.42,33.92,34.2,49531.668
2023-06-30 00:00:00,34.2,36.57,33.87,36.4,196411.093
2023-06-30 04:00:00,36.41,37.03,35.72,36.78,295672.456
2023-06-30 08:00:00,36.79,38.94,36.65,38.46,398548.974
2023-06-30 12:00:00,38.47,38.6,34.1,35.94,495522.618
2023-06-30 16:00:00,35.94,38.26,35.64,37.57,405594.84
2023-06-30 20:00:00,37.56,37.99,37.33,37.75,88751.001
2023-07-01 00:00:00,37.75,39.39,37.69,38.02,305807.199
2023-07-01 04:00:00,38.01,38.15,37.38,38.08,128274.385
2023-07-01 08:00:00,38.08,38.77,37.86,38.37,156270.167
2023-07-01 12:00:00,38.37,38.4,37.56,37.89,142652.647
2023-07-01 16:00:00,37.89,38.0,37.41,37.82,68753.957
2023-07-01 20:00:00,37.81,38.11,37.51,38.07,56192.106
2023-07-02 00:00:00,38.07,38.17,36.8,36.92,114206.214
2023-07-02 04:00:00,36.92,37.56,36.61,37.55,95146.543
2023-07-02 08:00:00,37.55,38.35,37.1,38.15,133961.838
2023-07-02 12:00:00,38.14,38.32,37.02,37.61,112735.602
2023-07-02 16:00:00,37.61,38.3,37.02,37.6,139640.116
2023-07-02 20:00:00,37.59,38.28,37.39,38.26,70904.324
2023-07-03 00:00:00,38.27,38.38,37.79,38.25,76332.713
2023-07-03 04:00:00,38.25,38.32,37.63,38.15,74260.777
2023-07-03 08:00:00,38.16,38.46,37.41,37.45,86520.627
2023-07-03 12:00:00,37.45,38.03,37.21,37.85,113681.903
2023-07-03 16:00:00,37.86,37.9,37.2,37.72,82402.667
2023-07-03 20:00:00,37.71,37.84,37.32,37.6,44058.853
2023-07-04 00:00:00,37.61,38.17,36.85,38.04,90133.637
2023-07-04 04:00:00,38.04,38.16,37.38,37.4,87172.799
2023-07-04 08:00:00,37.41,37.88,36.93,37.8,78339.007
2023-07-04 12:00:00,37.81,37.93,36.51,36.86,139199.335
2023-07-04 16:00:00,36.86,37.23,35.68,36.3,148685.288
2023-07-04 20:00:00,36.29,36.72,36.08,36.16,64966.331
2023-07-05 00:00:00,36.15,36.53,36.02,36.53,52392.23
2023-07-05 04:00:00,36.53,36.65,36.18,36.52,57067.577
2023-07-05 08:00:00,36.52,36.57,34.49,35.23,226434.738
2023-07-05 12:00:00,35.23,35.46,34.41,34.74,147170.178
2023-07-05 16:00:00,34.73,35.24,34.56,34.74,64178.311
2023-07-05 20:00:00,34.75,35.17,34.61,35.0,40651.147
2023-07-06 00:00:00,35.0,35.22,34.65,34.96,68014.811
2023-07-06 04:00:00,34.96,35.64,34.58,35.43,95410.572
2023-07-06 08:00:00,35.42,36.07,34.88,35.13,130203.616
2023-07-06 12:00:00,35.12,35.2,33.5,34.29,230675.881
2023-07-06 16:00:00,34.29,34.62,34.0,34.19,84276.802
2023-07-06 20:00:00,34.19,34.33,33.41,33.43,84005.36
2023-07-07 00:00:00,33.43,34.09,33.08,34.02,97024.704
2023-07-07 04:00:00,34.03,34.04,33.39,33.5,56808.569
2023-07-07 08:00:00,33.51,33.8,33.41,33.57,61310.547
2023-07-07 12:00:00,33.56,34.05,33.26,33.85,102329.486
2023-07-07 16:00:00,33.85,33.98,33.44,33.83,54835.551
2023-07-07 20:00:00,33.83,34.0,33.68,33.96,37111.479
2023-07-08 00:00:00,33.96,34.17,33.6,33.62,41400.056
2023-07-08 04:00:00,33.63,33.69,33.13,33.49,39787.695
2023-07-08 08:00:00,33.49,33.78,33.33,33.46,44086.727
2023-07-08 12:00:00,33.46,33.58,33.29,33.35,46890.9
2023-07-08 16:00:00,33.36,33.54,32.99,33.09,53607.361
2023-07-08 20:00:00,33.07,33.67,32.88,33.64,47289.652
2023-07-09 00:00:00,33.64,33.85,33.47,33.54,33531.942
2023-07-09 04:00:00,33.54,33.63,33.2,33.28,30691.679
2023-07-09 08:00:00,33.28,33.59,33.22,33.41,25631.089
2023-07-09 12:00:00,33.41,33.8,33.25,33.59,52835.551
2023-07-09 16:00:00,33.58,33.66,33.39,33.56,24170.36
2023-07-09 20:00:00,33.56,33.67,33.21,33.35,30178.441
2023-07-10 00:00:00,33.36,33.4,32.28,33.24,116701.868
2023-07-10 04:00:00,33.23,33.31,32.72,32.76,35494.902
2023-07-10 08:00:00,32.77,33.13,32.46,32.99,69645.593
2023-07-10 12:00:00,32.99,33.44,32.96,33.42,52548.036
2023-07-10 16:00:00,33.42,34.08,33.25,34.01,47821.292
2023-07-10 20:00:00,34.02,34.2,33.38,33.54,67029.262
2023-07-11 00:00:00,33.55,33.68,33.1,33.4,46988.323
2023-07-11 04:00:00,33.41,33.8,33.35,33.64,32129.268
2023-07-11 08:00:00,33.65,33.74,33.23,33.39,36340.396
2023-07-11 12:00:00,33.4,33.46,33.01,33.28,53128.963
2023-07-11 16:00:00,33.28,33.34,33.01,33.21,28324.277
2023-07-11 20:00:00,33.22,33.54,33.19,33.5,24174.165
2023-07-12 00:00:00,33.5,33.88,33.49,33.65,34830.716
2023-07-12 04:00:00,33.66,33.92,33.56,33.73,29071.046
2023-07-12 08:00:00,33.74,33.81,33.51,33.78,33006.246
2023-07-12 12:00:00,33.78,34.06,33.41,33.52,79470.954
2023-07-12 16:00:00,33.52,33.67,33.0,33.09,66048.602
2023-07-12 20:00:00,33.09,33.47,33.03,33.39,24912.5
2023-07-13 00:00:00,33.39,33.51,32.94,33.0,32360.112
2023-07-13 04:00:00,32.99,33.57,32.86,33.36,41740.521
2023-07-13 08:00:00,33.36,33.82,33.29,33.59,38966.069
2023-07-13 12:00:00,33.6,34.58,33.23,34.32,119317.169
2023-07-13 16:00:00,34.33,36.13,34.15,35.91,299219.17
2023-07-13 20:00:00,35.91,36.22,35.31,36.03,99504.34
2023-07-14 00:00:00,36.03,36.56,35.71,35.84,137251.649
2023-07-14 04:00:00,35.84,36.12,35.52,35.59,57628.012
2023-07-14 08:00:00,35.6,36.06,35.31,35.89,73922.816
2023-07-14 12:00:00,35.88,36.22,35.37,36.08,74106.539
2023-07-14 16:00:00,36.09,36.46,32.96,33.26,259315.907
2023-07-14 20:00:00,33.27,34.27,33.16,34.19,63291.868
2023-07-15 00:00:00,34.2,34.26,33.63,33.76,45844.378
2023-07-15 04:00:00,33.75,34.57,33.67,34.56,42618.529
2023-07-15 08:00:00,34.57,34.77,34.26,34.33,50437.679
2023-07-15 12:00:00,34.33,34.37,33.88,33.99,50527.88
2023-07-15 16:00:00,33.99,34.31,33.71,34.11,45790.988
2023-07-15 20:00:00,34.12,34.12,33.75,33.96,25970.658
2023-07-16 00:00:00,33.96,34.12,33.11,33.39,60794.333
2023-07-16 04:00:00,33.38,33.56,33.23,33.48,47825.444
2023-07-16 08:00:00,33.47,33.84,33.41,33.62,44897.575
2023-07-16 12:00:00,33.61,33.93,33.42,33.79,45663.478
2023-07-16 16:00:00,33.78,33.86,32.96,33.0,66657.798
2023-07-16 20:00:00,33.0,33.14,32.43,32.67,87020.364
2023-07-17 00:00:00,32.67,33.37,32.52,33.36,67719.143
2023-07-17 04:00:00,33.35,33.47,33.04,33.34,51157.929
2023-07-17 08:00:00,33.34,33.45,32.0,32.76,113967.257
2023-07-17 12:00:00,32.76,33.48,32.4,33.15,88204.412
2023-07-17 16:00:00,33.16,33.36,32.3,32.77,84713.822
2023-07-17 20:00:00,32.77,33.2,32.58,32.97,45925.38
2023-07-18 00:00:00,32.99,33.67,32.92,33.07,77596.131
2023-07-18 04:00:00,33.08,33.14,32.25,32.37,81466.711
2023-07-18 08:00:00,32.37,32.73,32.15,32.23,71101.272
2023-07-18 12:00:00,32.22,32.48,32.0,32.23,97536.202
2023-07-18 16:00:00,32.24,32.35,31.21,31.79,112317.567
2023-07-18 20:00:00,31.8,32.08,31.68,32.06,34236.805
2023-07-19 00:00:00,32.06,32.77,31.92,32.55,55996.396
2023-07-19 04:00:00,32.55,32.72,32.27,32.41,50089.582
2023-07-19 08:00:00,32.42,32.42,31.91,32.28,85723.975
2023-07-19 12:00:00,32.28,32.55,31.9,32.18,84680.57
2023-07-19 16:00:00,32.19,32.53,31.99,32.43,63713.737
2023-07-19 20:00:00,32.43,32.48,31.96,32.08,57396.965
2023-07-20 00:00:00,32.09,32.59,31.92,32.25,42330.871
2023-07-20 04:00:00,32.24,32.7,32.13,32.6,54075.006
2023-07-20 08:00:00,32.61,33.12,32.55,32.97,79458.06
2023-07-20 12:00:00,32.97,33.17,32.08,32.33,104612.412
2023-07-20 16:00:00,32.32,32.42,31.97,32.28,64148.672
2023-07-20 20:00:00,32.28,32.64,31.97,32.62,48765.012
2023-07-21 00:00:00,32.63,33.0,32.3,32.77,47034.891
2023-07-21 04:00:00,32.77,32.84,32.38,32.46,39226.973
2023-07-21 08:00:00,32.46,33.01,32.43,32.83,65046.601
2023-07-21 12:00:00,32.82,33.14,32.79,32.97,92279.724
2023-07-21 16:00:00,32.96,33.16,32.67,32.91,55328.753
2023-07-21 20:00:00,32.92,33.16,32.86,33.14,34106.447
2023-07-22 00:00:00,33.15,33.65,33.13,33.31,71249.917
2023-07-22 04:00:00,33.31,33.36,32.87,33.06,45500.292
2023-07-22 08:00:00,33.05,33.15,32.61,32.75,49840.428
2023-07-22 12:00:00,32.75,32.97,32.67,32.88,29316.15
2023-07-22 16:00:00,32.89,33.09,32.84,33.03,31722.93
2023-07-22 20:00:00,33.06,33.23,32.26,32.57,65286.491
2023-07-23 00:00:00,32.58,33.17,32.39,33.07,39507.876
2023-07-23 04:00:00,33.08,33.58,33.04,33.14,52891.859
2023-07-23 08:00:00,33.14,33.39,33.11,33.18,32569.183
2023-07-23 12:00:00,33.19,34.08,33.14,33.56,144242.315
2023-07-23 16:00:00,33.56,33.89,33.36,33.45,52451.495
2023-07-23 20:00:00,33.46,33.77,33.37,33.58,28940.328
2023-07-24 00:00:00,33.59,33.82,33.03,33.17,70561.118
2023-07-24 04:00:00,33.17,33.37,32.93,33.34,49773.467
2023-07-24 08:00:00,33.33,33.35,31.28,32.1,156518.495
2023-07-24 12:00:00,32.1,32.31,31.68,31.95,75568.199
2023-07-24 16:00:00,31.95,32.2,31.82,31.95,44978.377
2023-07-24 20:00:00,31.94,32.08,31.72,32.01,25044.554
2023-07-25 00:00:00,32.01,32.06,31.62,31.72,37348.189
2023-07-25 04:00:00,31.72,31.95,31.63,31.76,32402.864
2023-07-25 08:00:00,31.76,32.02,31.63,31.69,28433.881
2023-07-25 12:00:00,31.69,31.74,31.1,31.35,94899.557
2023-07-25 16:00:00,31.37,31.62,31.16,31.25,48085.581
2023-07-25 20:00:00,31.25,31.41,31.09,31.38,28463.114
2023-07-26 00:00:00,31.37,31.44,30.72,31.19,72245.638
2023-07-26 04:00:00,31.17,31.35,31.07,31.25,45256.874
2023-07-26 08:00:00,31.25,31.33,30.94,31.09,40352.329
2023-07-26 12:00:00,31.07,31.48,30.91,31.46,73253.14
2023-07-26 16:00:00,31.45,31.71,31.02,31.7,94209.175
2023-07-26 20:00:00,31.71,31.95,31.51,31.62,59029.01
2023-07-27 00:00:00,31.62,31.81,31.32,31.7,29093.716
2023-07-27 04:00:00,31.71,31.91,31.62,31.78,21708.64
2023-07-27 08:00:00,31.78,31.99,31.6,31.7,34381.482
2023-07-27 12:00:00,31.71,31.76,31.3,31.55,46877.199
2023-07-27 16:00:00,31.54,31.74,31.29,31.58,52020.275
2023-07-27 20:00:00,31.59,31.86,31.47,31.85,20987.196
2023-07-28 00:00:00,31.86,32.05,31.76,31.9,44597.253
2023-07-28 04:00:00,31.9,31.94,31.59,31.75,32778.213
2023-07-28 08:00:00,31.76,32.14,31.71,31.97,44131.619
2023-07-28 12:00:00,31.98,32.61,31.98,32.31,74891.063
2023-07-28 16:00:00,32.3,32.42,32.06,32.35,32468.76
2023-07-28 20:00:00,32.34,32.5,32.19,32.19,37911.001
2023-07-29 00:00:00,32.19,32.62,32.12,32.27,29259.93
2023-07-29 04:00:00,32.26,32.35,32.14,32.2,13728.815
2023-07-29 08:00:00,32.19,32.36,32.13,32.15,21198.506
2023-07-29 12:00:00,32.14,32.4,32.14,32.29,41153.072
2023-07-29 16:00:00,32.28,32.38,32.18,32.29,34715.492
2023-07-29 20:00:00,32.3,32.6,32.2,32.53,40716.653
2023-07-30 00:00:00,32.54,32.78,32.32,32.35,48502.562
2023-07-30 04:00:00,32.35,32.45,32.0,32.01,41474.884
2023-07-30 08:00:00,32.02,32.24,31.93,32.15,60971.058
2023-07-30 12:00:00,32.15,32.42,32.08,32.24,53189.739
2023-07-30 16:00:00,32.23,32.45,31.24,31.73,80153.132
2023-07-30 20:00:00,31.72,32.2,31.06,32.17,80158.652
2023-07-31 00:00:00,32.16,32.34,31.93,31.97,39764.317
2023-07-31 04:00:00,31.98,32.06,31.63,31.97,39167.524
2023-07-31 08:00:00,31.96,32.15,31.88,32.06,31474.982
2023-07-31 12:00:00,32.07,32.14,31.56,31.68,50176.062
2023-07-31 16:00:00,31.67,31.91,31.33,31.49,63421.183
2023-07-31 20:00:00,31.5,31.72,31.22,31.62,53848.596
2023-08-01 00:00:00,31.62,31.75,30.12,30.91,117040.633
2023-08-01 04:00:00,30.91,31.08,30.71,31.01,36897.656
2023-08-01 08:00:00,31.01,31.31,30.92,30.96,37557.549
2023-08-01 12:00:00,30.97,31.45,30.87,31.41,78836.5
2023-08-01 16:00:00,31.41,31.68,31.22,31.55,56926.123
2023-08-01 20:00:00,31.55,31.8,31.31,31.78,42873.005
2023-08-02 00:00:00,31.78,31.9,31.56,31.69,48491.829
2023-08-02 04:00:00,31.7,31.8,31.5,31.54,35803.248
2023-08-02 08:00:00,31.53,32.13,31.43,32.02,67574.907
2023-08-02 12:00:00,32.01,32.26,31.69,32.15,123684.189
2023-08-02 16:00:00,32.14,32.34,31.58,32.03,151884.123
2023-08-02 20:00:00,32.03,32.05,31.77,31.93,50250.896
2023-08-03 00:00:00,31.94,32.02,31.65,31.72,52947.563
2023-08-03 04:00:00,31.72,31.98,31.56,31.84,54937.232
2023-08-03 08:00:00,31.85,32.13,31.62,32.07,69966.472
2023-08-03 12:00:00,32.08,32.16,31.78,31.99,65891.28
2023-08-03 16:00:00,31.98,32.17,31.81,31.94,39311.898
2023-08-03 20:00:00,31.94,32.12,31.15,31.27,85833.883
2023-08-04 00:00:00,31.28,31.45,31.17,31.22,44451.058
2023-08-04 04:00:00,31.22,31.29,30.9,31.06,61776.044
2023-08-04 08:00:00,31.07,31.26,31.02,31.13,48725.683
2023-08-04 12:00:00,31.13,31.46,31.05,31.19,64578.267
2023-08-04 16:00:00,31.19,31.29,30.46,30.85,96497.908
2023-08-04 20:00:00,30.85,31.02,30.57,30.79,76480.894
2023-08-05 00:00:00,30.79,30.92,30.4,30.67,52562.659
2023-08-05 04:00:00,30.67,30.76,30.46,30.69,28750.93
2023-08-05 08:00:00,30.69,30.76,30.53,30.58,28887.562
2023-08-05 12:00:00,30.58,30.75,30.35,30.65,64488.763
2023-08-05 16:00:00,30.65,30.99,30.5,30.9,49931.396
2023-08-05 20:00:00,30.9,31.01,30.79,30.88,30772.556
2023-08-06 00:00:00,30.88,31.28,30.74,31.18,58740.355
2023-08-06 04:00:00,31.18,31.41,31.15,31.27,35644.524
2023-08-06 08:00:00,31.27,31.52,31.21,31.51,40897.792
2023-08-06 12:00:00,31.5,31.53,31.11,31.29,64326.613
2023-08-06 16:00:00,31.3,32.48,31.21,32.15,163555.855
2023-08-06 20:00:00,32.15,32.9,32.04,32.47,122112.674
2023-08-07 00:00:00,32.48,33.53,32.41,33.32,145336.144
2023-08-07 04:00:00,33.32,33.35,32.4,32.74,131664.706
2023-08-07 08:00:00,32.73,33.54,32.58,33.15,136857.36
2023-08-07 12:00:00,33.15,33.15,32.32,32.36,185430.944
2023-08-07 16:00:00,32.36,32.63,31.74,32.23,188999.799
2023-08-07 20:00:00,32.24,32.62,32.11,32.47,46240.694
2023-08-08 00:00:00,32.48,32.73,32.2,32.64,58560.327
2023-08-08 04:00:00,32.64,32.94,32.45,32.65,58025.165
2023-08-08 08:00:00,32.66,33.04,32.47,33.01,83558.171
2023-08-08 12:00:00,33.0,33.14,32.67,32.96,83190.13
2023-08-08 16:00:00,32.96,33.33,32.85,32.89,77614.505
2023-08-08 20:00:00,32.88,33.25,32.83,32.89,47791.415
2023-08-09 00:00:00,32.9,33.2,32.72,32.99,47667.829
2023-08-09 04:00:00,32.98,33.19,32.83,33.16,30108.318
2023-08-09 08:00:00,33.17,33.32,33.01,33.1,53982.19
2023-08-09 12:00:00,33.11,33.27,32.7,32.75,60585.615
2023-08-09 16:00:00,32.76,32.89,32.62,32.73,39673.542
2023-08-09 20:00:00,32.74,32.94,32.61,32.85,33596.469
2023-08-10 00:00:00,32.84,33.0,32.65,32.84,44528.596
2023-08-10 04:00:00,32.84,32.85,32.51,32.6,29134.593
2023-08-10 08:00:00,32.6,32.71,32.46,32.5,32260.109
2023-08-10 12:00:00,32.51,32.89,32.3,32.53,81528.095
2023-08-10 16:00:00,32.53,32.59,32.24,32.33,35337.575
2023-08-10 20:00:00,32.34,32.46,32.26,32.36,19614.876
2023-08-11 00:00:00,32.36,32.48,32.14,32.35,30735.672
2023-08-11 04:00:00,32.35,32.76,32.35,32.51,36296.906
2023-08-11 08:00:00,32.51,32.53,32.23,32.41,32933.354
2023-08-11 12:00:00,32.41,32.89,32.39,32.62,51446.458
2023-08-11 16:00:00,32.63,32.8,32.46,32.51,36506.732
2023-08-11 20:00:00,32.51,32.53,32.43,32.5,14527.728
2023-08-12 00:00:00,32.49,32.58,32.32,32.38,30961.363
2023-08-12 04:00:00,32.37,32.57,32.35,32.45,18175.407
2023-08-12 08:00:00,32.45,32.49,32.38,32.43,15477.536
2023-08-12 12:00:00,32.43,32.49,32.36,32.4,12361.493
2023-08-12 16:00:00,32.4,32.43,32.26,32.26,18130.575
2023-08-12 20:00:00,32.26,32.43,32.05,32.26,29963.984
2023-08-13 00:00:00,32.25,32.32,32.13,32.19,16391.858
2023-08-13 04:00:00,32.19,32.19,31.82,31.93,35236.259
2023-08-13 08:00:00,31.93,32.09,31.86,32.01,19886.526
2023-08-13 12:00:00,32.01,32.14,31.86,31.99,22596.562
2023-08-13 16:00:00,31.99,32.41,31.84,32.32,25983.524
2023-08-13 20:00:00,32.33,32.42,31.75,31.98,35469.284
2023-08-14 00:00:00,31.98,32.27,31.76,32.09,47759.648
2023-08-14 04:00:00,32.09,32.27,32.0,32.05,16585.366
2023-08-14 08:00:00,32.05,32.14,31.86,31.86,23692.735
2023-08-14 12:00:00,31.86,32.31,31.82,32.26,44796.11
2023-08-14 16:00:00,32.25,32.36,31.81,31.94,28182.156
2023-08-14 20:00:00,31.95,32.05,31.89,31.92,12179.395
2023-08-15 00:00:00,31.93,31.93,31.51,31.62,40541.432
2023-08-15 04:00:00,31.62,31.67,31.44,31.52,37346.037
2023-08-15 08:00:00,31.52,31.54,31.23,31.27,30772.961
2023-08-15 12:00:00,31.27,31.63,31.2,31.34,34453.138
2023-08-15 16:00:00,31.33,31.41,28.31,29.58,179999.875
2023-08-15 20:00:00,29.58,29.89,29.42,29.82,63930.425
2023-08-16 00:00:00,29.82,29.89,29.46,29.69,37992.913
2023-08-16 04:00:00,29.69,29.77,29.26,29.31,59612.426
2023-08-16 08:00:00,29.31,29.34,28.88,29.14,80380.697
2023-08-16 12:00:00,29.14,29.14,28.56,29.09,110741.369
2023-08-16 16:00:00,29.08,29.32,28.87,29.04,63958.938
2023-08-16 20:00:00,29.04,29.16,27.37,28.39,217335.03
2023-08-17 00:00:00,28.39,28.71,27.81,28.54,70195.105
2023-08-17 04:00:00,28.53,28.73,28.45,28.52,25741.4
2023-08-17 08:00:00,28.52,28.6,28.38,28.47,28123.537
2023-08-17 12:00:00,28.47,28.67,27.67,27.78,94652.464
2023-08-17 16:00:00,27.78,28.52,27.58,28.46,61003.759
2023-08-17 20:00:00,28.46,28.61,22.5,25.68,444868.847
2023-08-18 00:00:00,25.69,26.35,25.63,25.98,154944.957
2023-08-18 04:00:00,25.98,26.52,25.7,26.37,79317.238
2023-08-18 08:00:00,26.38,26.72,26.28,26.54,60378.197
2023-08-18 12:00:00,26.54,26.55,26.12,26.23,70197.573
2023-08-18 16:00:00,26.22,26.59,26.01,26.19,74030.34
2023-08-18 20:00:00,26.18,26.64,26.17,26.43,32838.562
2023-08-19 00:00:00,26.43,26.67,26.3,26.58,48252.375
2023-08-19 04:00:00,26.57,26.71,26.32,26.46,29570.913
2023-08-19 08:00:00,26.47,26.63,26.25,26.32,42334.722
2023-08-19 12:00:00,26.32,26.61,26.27,26.59,35124.263
2023-08-19 16:00:00,26.59,26.77,26.46,26.56,39044.511
2023-08-19 20:00:00,26.56,26.76,26.37,26.75,27816.183
2023-08-20 00:00:00,26.75,27.01,26.66,26.71,31546.487
2023-08-20 04:00:00,26.7,26.87,26.58,26.82,22516.439
2023-08-20 08:00:00,26.83,27.17,26.75,27.03,30785.322
2023-08-20 12:00:00,27.03,27.07,26.66,26.87,29884.45
2023-08-20 16:00:00,26.88,27.19,26.73,27.0,29654.421
2023-08-20 20:00:00,27.01,27.21,26.9,26.96,16443.863
2023-08-21 00:00:00,26.96,27.03,26.67,26.69,23048.595
2023-08-21 04:00:00,26.68,26.96,26.5,26.52,40941.178
2023-08-21 08:00:00,26.52,26.6,26.05,26.55,59005.283
2023-08-21 12:00:00,26.54,26.73,25.71,26.08,92690.884
2023-08-21 16:00:00,26.08,26.67,26.04,26.57,35120.767
2023-08-21 20:00:00,26.56,26.68,26.35,26.36,22402.869
2023-08-22 00:00:00,26.36,26.49,26.26,26.44,23517.91
2023-08-22 04:00:00,26.43,26.58,26.2,26.56,25796.045
2023-08-22 08:00:00,26.57,26.6,26.43,26.54,25865.398
2023-08-22 12:00:00,26.53,26.83,26.33,26.4,71979.904
2023-08-22 16:00:00,26.4,26.48,25.67,26.0,119797.319
2023-08-22 20:00:00,26.0,26.52,25.53,26.31,93215.714
2023-08-23 00:00:00,26.32,26.62,26.28,26.56,61957.447
2023-08-23 04:00:00,26.56,26.89,26.47,26.67,57778.889
2023-08-23 08:00:00,26.67,26.71,26.09,26.13,102781.789
2023-08-23 12:00:00,26.12,26.27,25.71,26.24,84487.707
2023-08-23 16:00:00,26.24,26.83,26.16,26.64,83081.037
2023-08-23 20:00:00,26.64,26.71,26.23,26.5,34220.39
2023-08-24 00:00:00,26.49,26.55,26.28,26.4,24451.113
2023-08-24 04:00:00,26.39,26.46,26.09,26.14,47121.102
2023-08-24 08:00:00,26.15,26.21,25.78,25.85,70644.475
2023-08-24 12:00:00,25.86,25.86,25.0,25.11,208066.859
2023-08-24 16:00:00,25.12,25.38,24.8,25.11,137954.465
2023-08-24 20:00:00,25.11,25.22,24.82,25.15,100359.532
2023-08-25 00:00:00,25.15,25.18,24.25,24.72,125985.38
2023-08-25 04:00:00,24.72,25.05,24.42,24.95,119205.052
2023-08-25 08:00:00,24.94,25.2,24.91,25.16,73437.736
2023-08-25 12:00:00,25.15,25.54,25.05,25.39,156131.204
2023-08-25 16:00:00,25.38,25.56,25.2,25.39,69725.459
2023-08-25 20:00:00,25.4,25.66,25.31,25.55,63675.094
2023-08-26 00:00:00,25.55,25.72,25.38,25.55,48716.143
2023-08-26 04:00:00,25.56,25.58,25.31,25.38,36980.231
2023-08-26 08:00:00,25.37,25.54,25.33,25.52,36129.904
2023-08-26 12:00:00,25.51,25.57,25.36,25.38,35086.301
2023-08-26 16:00:00,25.37,25.42,25.15,25.36,30799.44
2023-08-26 20:00:00,25.35,25.44,25.22,25.3,16068.631
2023-08-27 00:00:00,25.29,25.39,25.13,25.32,23810.792
2023-08-27 04:00:00,25.31,25.54,25.31,25.46,31310.212
2023-08-27 08:00:00,25.46,25.71,25.44,25.57,38599.136
2023-08-27 12:00:00,25.57,25.91,25.5,25.78,39512.033
2023-08-27 16:00:00,25.79,25.95,25.56,25.78,42235.663
2023-08-27 20:00:00,25.78,25.87,25.63,25.84,26246.594
2023-08-28 00:00:00,25.83,25.86,25.52,25.78,43885.156
2023-08-28 04:00:00,25.77,25.86,25.34,25.62,47994.044
2023-08-28 08:00:00,25.62,25.92,25.3,25.9,40623.718
2023-08-28 12:00:00,25.89,26.43,25.86,25.98,86183.515
2023-08-28 16:00:00,25.98,26.19,25.87,25.98,44456.537
2023-08-28 20:00:00,25.98,26.18,25.87,26.06,24560.928
2023-08-29 00:00:00,26.06,26.18,25.68,25.85,32289.237
2023-08-29 04:00:00,25.86,25.88,25.57,25.59,25590.33
2023-08-29 08:00:00,25.59,25.68,25.42,25.51,37753.541
2023-08-29 12:00:00,25.51,27.5,25.41,26.77,210649.818
2023-08-29 16:00:00,26.78,27.42,26.74,27.1,82041.334
2023-08-29 20:00:00,27.1,27.4,26.9,27.1,40156.172
2023-08-30 00:00:00,27.11,27.18,26.61,26.86,48624.353
2023-08-30 04:00:00,26.87,26.97,26.81,26.91,26516.938
2023-08-30 08:00:00,26.92,26.98,26.75,26.84,36731.95
2023-08-30 12:00:00,26.83,27.12,26.54,26.81,91109.162
2023-08-30 16:00:00,26.81,27.04,26.7,26.91,34903.503
2023-08-30 20:00:00,26.91,27.04,26.85,26.95,17597.829
2023-08-31 00:00:00,26.94,26.95,26.67,26.85,27070.014
2023-08-31 04:00:00,26.86,27.17,26.86,26.97,31795.355
2023-08-31 08:00:00,26.97,27.14,26.72,26.96,41014.434
2023-08-31 12:00:00,26.96,26.99,26.15,26.45,70897.343
2023-08-31 16:00:00,26.45,26.51,25.47,26.0,114327.931
2023-08-31 20:00:00,26.0,26.1,25.62,26.01,34360.007
2023-09-01 00:00:00,26.01,26.2,25.89,26.13,27636.11
2023-09-01 04:00:00,26.12,26.17,25.68,25.84,31148.903
2023-09-01 08:00:00,25.84,25.97,25.72,25.89,25283.187
2023-09-01 12:00:00,25.89,26.04,25.41,25.52,51720.423
2023-09-01 16:00:00,25.53,25.65,25.02,25.31,80808.54
2023-09-01 20:00:00,25.31,25.53,25.11,25.22,34129.211
2023-09-02 00:00:00,25.23,25.39,25.11,25.17,24146.254
2023-09-02 04:00:00,25.17,25.28,25.01,25.15,28630.51
2023-09-02 08:00:00,25.16,25.21,24.95,25.11,39894.352
2023-09-02 12:00:00,25.11,25.43,25.02,25.34,36651.643
2023-09-02 16:00:00,25.34,25.37,24.99,25.2,47834.988
2023-09-02 20:00:00,25.2,25.38,25.13,25.3,17046.887
2023-09-03 00:00:00,25.3,25.51,25.26,25.45,28276.117
2023-09-03 04:00:00,25.45,25.63,25.38,25.52,19741.082
2023-09-03 08:00:00,25.53,25.62,25.44,25.62,22316.735
2023-09-03 12:00:00,25.62,25.77,25.42,25.48,30712.505
2023-09-03 16:00:00,25.47,25.75,25.26,25.67,37858.658
2023-09-03 20:00:00,25.67,25.74,25.37,25.59,29928.003
2023-09-04 00:00:00,25.58,25.97,25.5,25.68,31626.962
2023-09-04 04:00:00,25.69,25.8,25.47,25.66,28520.201
2023-09-04 08:00:00,25.66,25.76,25.43,25.46,21221.859
2023-09-04 12:00:00,25.46,25.6,25.2,25.46,58796.602
2023-09-04 16:00:00,25.46,25.61,25.42,25.58,23556.245
2023-09-04 20:00:00,25.59,25.63,25.25,25.6,28132.892
2023-09-05 00:00:00,25.6,25.6,25.21,25.4,22656.432
2023-09-05 04:00:00,25.4,25.57,25.35,25.53,21723.757
2023-09-05 08:00:00,25.53,25.79,25.46,25.73,33369.641
2023-09-05 12:00:00,25.74,25.93,25.57,25.83,37584.063
2023-09-05 16:00:00,25.84,25.93,25.66,25.67,38413.439
2023-09-05 20:00:00,25.67,25.81,25.64,25.72,17730.267
2023-09-06 00:00:00,25.73,25.88,25.62,25.69,21858.707
2023-09-06 04:00:00,25.69,25.7,25.35,25.46,48320.123
2023-09-06 08:00:00,25.46,25.71,25.37,25.68,28940.689
2023-09-06 12:00:00,25.69,25.72,25.35,25.46,34905.634
2023-09-06 16:00:00,25.46,25.88,25.0,25.36,74629.461
2023-09-06 20:00:00,25.36,25.63,25.29,25.61,19145.079
2023-09-07 00:00:00,25.62,25.91,25.51,25.89,30685.169
2023-09-07 04:00:00,25.89,25.96,25.6,25.69,31217.842
2023-09-07 08:00:00,25.69,25.77,25.54,25.55,21080.214
2023-09-07 12:00:00,25.56,25.96,25.52,25.86,43355.284
2023-09-07 16:00:00,25.87,26.16,25.83,25.94,70902.513
2023-09-07 20:00:00,25.94,26.26,25.92,26.08,37372.637
2023-09-08 00:00:00,26.07,26.38,25.94,26.32,63975.81
2023-09-08 04:00:00,26.31,26.49,26.1,26.18,54694.009
2023-09-08 08:00:00,26.17,26.24,25.64,26.03,98466.199
2023-09-08 12:00:00,26.03,26.22,25.99,26.07,38087.899
2023-09-08 16:00:00,26.08,26.11,25.91,26.03,33092.556
2023-09-08 20:00:00,26.03,26.21,25.99,26.19,17674.922
2023-09-09 00:00:00,26.18,26.29,26.08,26.2,30229.173
2023-09-09 04:00:00,26.2,26.36,26.13,26.35,20321.735
2023-09-09 08:00:00,26.36,26.42,26.23,26.34,25174.689
2023-09-09 12:00:00,26.34,26.53,26.23,26.47,24284.286
2023-09-09 16:00:00,26.46,26.56,26.36,26.51,21317.558
2023-09-09 20:00:00,26.51,26.6,26.39,26.54,19067.015
2023-09-10 00:00:00,26.54,26.57,26.09,26.21,41690.865
2023-09-10 04:00:00,26.2,26.2,25.07,26.0,98639.657
2023-09-10 08:00:00,26.0,26.01,25.7,25.79,28401.823
2023-09-10 12:00:00,25.78,25.97,25.22,25.48,54782.02
2023-09-10 16:00:00,25.48,25.7,25.12,25.61,64320.859
2023-09-10 20:00:00,25.61,25.84,25.53,25.58,35775.733
2023-09-11 00:00:00,25.58,25.67,25.17,25.4,61905.791
2023-09-11 04:00:00,25.41,25.57,25.29,25.42,35781.163
2023-09-11 08:00:00,25.41,25.44,24.52,24.83,116841.062
2023-09-11 12:00:00,24.83,25.22,24.67,25.11,94936.573
2023-09-11 16:00:00,25.11,25.17,24.25,24.49,77926.861
2023-09-11 20:00:00,24.5,24.73,24.39,24.71,42777.299
2023-09-12 00:00:00,24.7,25.5,24.65,25.32,57164.659
2023-09-12 04:00:00,25.33,25.42,24.97,25.1,38122.715
2023-09-12 08:00:00,25.09,25.76,25.01,25.62,66376.929
2023-09-12 12:00:00,25.62,25.67,25.29,25.37,51330.831
2023-09-12 16:00:00,25.37,25.82,25.21,25.4,62213.828
2023-09-12 20:00:00,25.39,25.42,25.14,25.16,22241.343
2023-09-13 00:00:00,25.15,25.39,25.1,25.18,27677.448
2023-09-13 04:00:00,25.18,25.78,24.98,25.2,56486.75
2023-09-13 08:00:00,25.2,25.61,25.15,25.57,37714.855
2023-09-13 12:00:00,25.58,25.88,25.3,25.7,49911.934
2023-09-13 16:00:00,25.71,25.81,25.46,25.63,36281.07
2023-09-13 20:00:00,25.64,25.81,25.49,25.5,21720.114
2023-09-14 00:00:00,25.5,25.9,25.49,25.56,34590.515
2023-09-14 04:00:00,25.56,25.63,25.26,25.57,24679.014
2023-09-14 08:00:00,25.57,25.78,25.5,25.69,40496.727
2023-09-14 12:00:00,25.7,25.84,25.53,25.7,49734.007
2023-09-14 16:00:00,25.71,25.8,25.56,25.73,36190.851
2023-09-14 20:00:00,25.74,25.8,25.53,25.59,26394.566
2023-09-15 00:00:00,25.59,25.91,25.4,25.83,44291.384
2023-09-15 04:00:00,25.83,25.85,25.69,25.76,23873.084
2023-09-15 08:00:00,25.76,25.95,25.63,25.69,37983.772
2023-09-15 12:00:00,25.69,26.17,25.67,26.09,48144.176
2023-09-15 16:00:00,26.1,26.33,25.98,26.16,53414.672
2023-09-15 20:00:00,26.16,26.77,26.12,26.49,49883.686
2023-09-16 00:00:00,26.49,27.21,26.42,26.82,54783.307
2023-09-16 04:00:00,26.83,27.09,26.69,26.78,39553.927
2023-09-16 08:00:00,26.78,26.78,26.31,26.66,54839.959
2023-09-16 12:00:00,26.66,26.73,26.37,26.71,38551.987
2023-09-16 16:00:00,26.71,26.89,26.56,26.62,28681.437
2023-09-16 20:00:00,26.62,26.82,26.61,26.76,14658.965
2023-09-17 00:00:00,26.77,26.78,26.05,26.44,64641.403
2023-09-17 04:00:00,26.45,26.5,26.18,26.2,14988.505
2023-09-17 08:00:00,26.19,26.45,26.12,26.33,16927.585
2023-09-17 12:00:00,26.32,26.47,26.22,26.45,17091.446
2023-09-17 16:00:00,26.45,26.49,25.92,26.06,51774.044
2023-09-17 20:00:00,26.07,26.08,25.51,25.81,53312.196
2023-09-18 00:00:00,25.82,26.14,25.48,26.06,45744.463
2023-09-18 04:00:00,26.07,26.38,25.93,26.13,43207.746
2023-09-18 08:00:00,26.12,26.58,26.07,26.43,44804.156
2023-09-18 12:00:00,26.42,26.76,26.29,26.41,53025.315
2023-09-18 16:00:00,26.42,26.54,26.04,26.28,55235.149
2023-09-18 20:00:00,26.28,26.29,25.83,25.94,28664.949
2023-09-19 00:00:00,25.93,26.02,25.72,26.02,37754.147
2023-09-19 04:00:00,26.02,26.21,25.93,26.0,27300.107
2023-09-19 08:00:00,26.0,26.52,25.93,26.37,61589.312
2023-09-19 12:00:00,26.38,26.49,26.17,26.43,50208.196
2023-09-19 16:00:00,26.44,26.46,26.18,26.29,25322.626
2023-09-19 20:00:00,26.29,26.36,26.05,26.32,25678.928
2023-09-20 00:00:00,26.33,26.47,26.07,26.17,33188.273
2023-09-20 04:00:00,26.16,26.37,26.12,26.32,26370.861
2023-09-20 08:00:00,26.32,26.41,26.02,26.17,48635.267
2023-09-20 12:00:00,26.18,26.36,26.01,26.32,40138.199
2023-09-20 16:00:00,26.31,26.55,26.04,26.16,61167.242
2023-09-20 20:00:00,26.17,26.54,26.12,26.52,24623.337
2023-09-21 00:00:00,26.53,26.75,26.47,26.6,35696.831
2023-09-21 04:00:00,26.6,26.66,26.27,26.35,35392.638
2023-09-21 08:00:00,26.35,26.4,25.82,26.07,57578.462
2023-09-21 12:00:00,26.07,26.3,25.83,26.29,50705.807
2023-09-21 16:00:00,26.28,26.32,26.13,26.27,33558.441
2023-09-21 20:00:00,26.26,26.33,26.07,26.17,25006.06
2023-09-22 00:00:00,26.17,26.5,25.95,26.42,49697.761
2023-09-22 04:00:00,26.43,26.47,26.15,26.32,32756.32
2023-09-22 08:00:00,26.32,26.49,26.28,26.44,28048.867
2023-09-22 12:00:00,26.45,26.56,26.33,26.35,42026.133
2023-09-22 16:00:00,26.35,26.71,26.33,26.61,56154.305
2023-09-22 20:00:00,26.62,26.81,26.5,26.68,36950.708
2023-09-23 00:00:00,26.68,26.9,26.54,26.59,47153.365
2023-09-23 04:00:00,26.6,26.87,26.53,26.84,30355.128
2023-09-23 08:00:00,26.84,26.95,26.74,26.77,40955.04
2023-09-23 12:00:00,26.78,26.83,26.52,26.58,41312.238
2023-09-23 16:00:00,26.58,26.75,26.49,26.73,34618.251
2023-09-23 20:00:00,26.74,26.8,26.59,26.74,25338.973
2023-09-24 00:00:00,26.75,26.84,26.53,26.81,32957.081
2023-09-24 04:00:00,26.81,26.84,26.63,26.71,24141.236
2023-09-24 08:00:00,26.72,26.75,26.53,26.6,25645.802
2023-09-24 12:00:00,26.6,26.81,26.57,26.76,36487.264
2023-09-24 16:00:00,26.77,26.88,26.46,26.5,41697.51
2023-09-24 20:00:00,26.51,26.67,26.19,26.34,47760.091
2023-09-25 00:00:00,26.34,26.79,26.02,26.65,55073.26
2023-09-25 04:00:00,26.65,26.75,26.39,26.66,29470.055
2023-09-25 08:00:00,26.66,26.7,26.53,26.62,28084.964
2023-09-25 12:00:00,26.62,26.99,26.56,26.91,34926.14
2023-09-25 16:00:00,26.92,27.07,26.79,26.93,39748.999
2023-09-25 20:00:00,26.94,26.97,26.7,26.96,27021.968
2023-09-26 00:00:00,26.95,27.26,26.85,27.21,38333.203
2023-09-26 04:00:00,27.22,27.34,27.08,27.12,47757.695
2023-09-26 08:00:00,27.12,27.13,26.79,26.95,42069.776
2023-09-26 12:00:00,26.95,27.04,26.56,26.65,56137.098
2023-09-26 16:00:00,26.66,26.88,26.6,26.72,34709.569
2023-09-26 20:00:00,26.72,26.72,26.22,26.51,46071.745
2023-09-27 00:00:00,26.52,26.66,26.38,26.54,34967.738
2023-09-27 04:00:00,26.55,26.57,26.33,26.45,27581.977
2023-09-27 08:00:00,26.44,27.18,26.38,27.09,74905.643
2023-09-27 12:00:00,27.09,27.19,26.37,26.5,87813.767
2023-09-27 16:00:00,26.51,26.54,26.18,26.34,50495.316
2023-09-27 20:00:00,26.34,26.46,26.14,26.35,39899.295
2023-09-28 00:00:00,26.36,26.57,26.27,26.3,31225.312
2023-09-28 04:00:00,26.3,26.52,26.25,26.51,24010.979
2023-09-28 08:00:00,26.5,26.75,26.33,26.66,37293.37
2023-09-28 12:00:00,26.66,26.98,26.64,26.96,53455.553
2023-09-28 16:00:00,26.97,27.18,26.7,26.87,71138.521
2023-09-28 20:00:00,26.88,27.01,26.73,26.93,20243.208
2023-09-29 00:00:00,26.93,27.03,26.81,26.97,25187.233
2023-09-29 04:00:00,26.97,27.2,26.91,27.17,27630.329
2023-09-29 08:00:00,27.16,27.17,26.79,26.8,39674.892
2023-09-29 12:00:00,26.81,27.72,26.8,27.59,174608.565
2023-09-29 16:00:00,27.59,27.68,27.22,27.35,56827.388
2023-09-29 20:00:00,27.35,27.52,27.27,27.33,31434.529
2023-09-30 00:00:00,27.32,27.55,27.12,27.16,37001.348
2023-09-30 04:00:00,27.17,27.49,27.14,27.26,25689.102
2023-09-30 08:00:00,27.26,27.54,27.21,27.44,37033.897
2023-09-30 12:00:00,27.44,28.24,27.43,28.08,68300.27
2023-09-30 16:00:00,28.09,28.1,27.88,28.0,53049.979
2023-09-30 20:00:00,27.99,28.03,27.72,27.72,20465.577
2023-10-01 00:00:00,27.72,27.95,27.65,27.95,31132.487
2023-10-01 04:00:00,27.94,28.13,27.86,27.9,20988.259
2023-10-01 08:00:00,27.89,28.72,27.83,28.38,59618.991
2023-10-01 12:00:00,28.37,28.4,27.55,27.64,95587.725
2023-10-01 16:00:00,27.65,27.68,27.35,27.52,52599.606
2023-10-01 20:00:00,27.52,28.53,27.4,28.18,69656.947
2023-10-02 00:00:00,28.19,28.59,28.04,28.46,49764.392
2023-10-02 04:00:00,28.45,28.49,28.1,28.41,35178.695
2023-10-02 08:00:00,28.41,28.48,28.02,28.11,41014.569
2023-10-02 12:00:00,28.12,28.26,27.6,27.78,59728.103
2023-10-02 16:00:00,27.78,27.92,26.6,27.55,77712.649
2023-10-02 20:00:00,27.55,27.55,27.08,27.33,40206.707
2023-10-03 00:00:00,27.34,27.62,27.28,27.49,20719.12
2023-10-03 04:00:00,27.48,27.81,27.4,27.66,29150.694
2023-10-03 08:00:00,27.66,27.94,27.59,27.69,52642.717
2023-10-03 12:00:00,27.69,27.84,27.38,27.44,55525.103
2023-10-03 16:00:00,27.43,27.57,26.98,27.02,49507.809
2023-10-03 20:00:00,27.02,27.27,26.87,27.03,36679.314
2023-10-04 00:00:00,27.03,27.08,26.0,26.77,75078.01
2023-10-04 04:00:00,26.77,26.88,26.62,26.82,26080.522
2023-10-04 08:00:00,26.81,27.0,26.72,26.78,38315.662
2023-10-04 12:00:00,26.78,26.83,26.61,26.69,36084.644
2023-10-04 16:00:00,26.69,27.18,26.64,27.01,35459.064
2023-10-04 20:00:00,27.01,27.19,26.96,26.99,19302.007
2023-10-05 00:00:00,26.99,27.19,26.87,26.91,24214.365
2023-10-05 04:00:00,26.9,27.09,26.89,27.06,16916.69
2023-10-05 08:00:00,27.06,27.55,27.01,27.1,54465.843
2023-10-05 12:00:00,27.11,27.26,26.62,26.89,62017.515
2023-10-05 16:00:00,26.89,26.99,26.64,26.76,42986.773
2023-10-05 20:00:00,26.76,27.0,26.75,26.86,14370.985
2023-10-06 00:00:00,26.87,27.14,26.87,27.0,15369.429
2023-10-06 04:00:00,27.01,27.07,26.78,27.05,21693.18
2023-10-06 08:00:00,27.05,27.1,26.84,26.99,22295.133
2023-10-06 12:00:00,26.98,27.17,26.69,27.05,50101.243
2023-10-06 16:00:00,27.05,27.13,26.87,26.97,37698.725
2023-10-06 20:00:00,26.97,27.17,26.83,26.87,27268.009
2023-10-07 00:00:00,26.87,26.96,26.65,26.66,33237.353
2023-10-07 04:00:00,26.66,26.98,26.66,26.86,26055.124
2023-10-07 08:00:00,26.85,27.29,26.77,27.14,28742.803
2023-10-07 12:00:00,27.14,27.18,26.91,26.96,30606.133
2023-10-07 16:00:00,26.96,26.99,26.68,26.71,27497.476
2023-10-07 20:00:00,26.71,26.91,26.69,26.78,14642.85
2023-10-08 00:00:00,26.78,26.93,26.69,26.87,22518.649
2023-10-08 04:00:00,26.88,26.89,26.51,26.72,33260.196
2023-10-08 08:00:00,26.72,26.87,26.46,26.57,39537.916
2023-10-08 12:00:00,26.56,26.68,26.48,26.5,33897.635
2023-10-08 16:00:00,26.5,26.62,26.32,26.6,38194.927
2023-10-08 20:00:00,26.61,26.73,26.45,26.53,31236.542
2023-10-09 00:00:00,26.53,26.64,26.36,26.57,28111.814
2023-10-09 04:00:00,26.57,26.69,26.42,26.55,30964.857
2023-10-09 08:00:00,26.54,26.6,24.85,26.09,167168.214
2023-10-09 12:00:00,26.08,26.28,25.94,25.96,49171.203
2023-10-09 16:00:00,25.95,25.97,25.2,25.8,115994.818
2023-10-09 20:00:00,25.81,25.94,25.66,25.9,25083.59
2023-10-10 00:00:00,25.91,26.13,25.85,26.06,35916.545
2023-10-10 04:00:00,26.06,26.24,25.97,26.11,20625.429
2023-10-10 08:00:00,26.12,26.24,25.96,25.99,24467.349
2023-10-10 12:00:00,25.99,26.1,25.79,25.89,48335.337
2023-10-10 16:00:00,25.88,25.97,25.62,25.69,35639.431
2023-10-10 20:00:00,25.69,25.77,25.36,25.62,27961.582
2023-10-11 00:00:00,25.61,25.79,25.05,25.41,43112.424
2023-10-11 04:00:00,25.42,25.59,25.38,25.5,20934.38
2023-10-11 08:00:00,25.51,25.69,25.46,25.54,26353.503
2023-10-11 12:00:00,25.54,25.6,25.05,25.22,50290.844
2023-10-11 16:00:00,25.21,25.36,25.1,25.23,43618.189
2023-10-11 20:00:00,25.23,25.53,25.23,25.51,20111.446
2023-10-12 00:00:00,25.5,25.5,25.16,25.22,23993.101
2023-10-12 04:00:00,25.23,25.37,25.14,25.18,22158.055
2023-10-12 08:00:00,25.19,25.27,24.71,25.1,52566.089
2023-10-12 12:00:00,25.09,25.15,24.92,25.06,34445.577
2023-10-12 16:00:00,25.05,25.15,24.79,25.05,47323.864
2023-10-12 20:00:00,25.06,25.1,24.96,25.03,21848.863
2023-10-13 00:00:00,25.03,25.09,24.89,24.92,23437.068
2023-10-13 04:00:00,24.92,25.24,24.88,25.18,22950.551
2023-10-13 08:00:00,25.18,25.25,25.02,25.13,23218.89
2023-10-13 12:00:00,25.14,25.35,25.01,25.04,31361.701
2023-10-13 16:00:00,25.04,25.28,25.03,25.25,22868.377
2023-10-13 20:00:00,25.24,25.75,25.22,25.35,55089.318
2023-10-14 00:00:00,25.36,25.57,25.32,25.52,18285.757
2023-10-14 04:00:00,25.53,25.6,25.44,25.58,17713.004
2023-10-14 08:00:00,25.58,25.71,25.51,25.61,28897.678
2023-10-14 12:00:00,25.62,25.69,25.52,25.68,20841.308
2023-10-14 16:00:00,25.68,25.7,25.38,25.47,22853.53
2023-10-14 20:00:00,25.47,25.52,25.4,25.45,14318.025
2023-10-15 00:00:00,25.45,25.64,25.36,25.57,26120.68
2023-10-15 04:00:00,25.58,25.65,25.51,25.56,9772.003
2023-10-15 08:00:00,25.57,25.63,25.43,25.47,12471.198
2023-10-15 12:00:00,25.48,25.62,25.3,25.54,29337.244
2023-10-15 16:00:00,25.55,25.8,25.53,25.66,27144.581
2023-10-15 20:00:00,25.66,25.83,25.55,25.59,31676.952
2023-10-16 00:00:00,25.6,25.81,25.57,25.74,23603.721
2023-10-16 04:00:00,25.74,26.17,25.69,25.96,51644.804
2023-10-16 08:00:00,25.96,26.05,25.79,25.88,26702.524
2023-10-16 12:00:00,25.88,26.83,25.6,25.65,146595.623
2023-10-16 16:00:00,25.66,26.02,25.64,25.82,35313.647
2023-10-16 20:00:00,25.83,25.94,25.65,25.75,28749.917
2023-10-17 00:00:00,25.75,25.84,25.64,25.72,28892.431
2023-10-17 04:00:00,25.73,25.77,25.49,25.65,31266.304
2023-10-17 08:00:00,25.66,25.71,25.47,25.49,25417.217
2023-10-17 12:00:00,25.48,25.49,24.38,25.09,181112.634
2023-10-17 16:00:00,25.08,25.16,24.67,24.95,95391.555
2023-10-17 20:00:00,24.95,25.02,24.79,24.97,24626.938
2023-10-18 00:00:00,24.96,25.01,24.79,25.0,33902.965
2023-10-18 04:00:00,24.99,25.36,24.93,24.94,45001.62
2023-10-18 08:00:00,24.95,25.0,24.78,24.87,34745.033
2023-10-18 12:00:00,24.87,24.94,24.73,24.86,32382.343
2023-10-18 16:00:00,24.85,24.99,24.65,24.72,37455.38
2023-10-18 20:00:00,24.73,24.83,24.58,24.74,27765.418
2023-10-19 00:00:00,24.74,24.85,24.33,24.7,45719.08
2023-10-19 04:00:00,24.69,24.88,24.59,24.88,21653.95
2023-10-19 08:00:00,24.88,24.88,24.63,24.73,24221.293
2023-10-19 12:00:00,24.72,24.93,24.68,24.88,27030.162
2023-10-19 16:00:00,24.88,25.04,24.71,24.82,35713.695
2023-10-19 20:00:00,24.81,24.93,24.76,24.85,22638.852
2023-10-20 00:00:00,24.85,25.48,24.82,25.27,47459.418
2023-10-20 04:00:00,25.28,25.49,25.18,25.21,30179.455
2023-10-20 08:00:00,25.22,25.92,25.22,25.61,66658.642
2023-10-20 12:00:00,25.62,25.64,25.34,25.51,42585.976
2023-10-20 16:00:00,25.51,25.54,25.33,25.4,27246.407
2023-10-20 20:00:00,25.4,25.42,25.24,25.27,17077.866
2023-10-21 00:00:00,25.27,25.46,25.24,25.41,23577.76
2023-10-21 04:00:00,25.42,25.74,25.4,25.72,23716.95
2023-10-21 08:00:00,25.72,25.87,25.66,25.83,26857.651
2023-10-21 12:00:00,25.83,26.2,25.74,26.14,50812.654
2023-10-21 16:00:00,26.13,26.47,26.11,26.29,67339.025
2023-10-21 20:00:00,26.29,26.3,25.99,26.08,29298.705
2023-10-22 00:00:00,26.08,26.29,25.97,26.07,27555.872
2023-10-22 04:00:00,26.08,26.41,25.58,25.94,56610.05
2023-10-22 08:00:00,25.95,26.01,25.71,25.84,47286.208
2023-10-22 12:00:00,25.85,25.97,25.58,25.77,42074.481
2023-10-22 16:00:00,25.78,26.13,25.72,25.81,46523.413
2023-10-22 20:00:00,25.82,26.28,25.72,26.26,39228.665
2023-10-23 00:00:00,26.27,26.66,26.12,26.56,58356.141
2023-10-23 04:00:00,26.57,26.78,26.16,26.37,68972.591
2023-10-23 08:00:00,26.36,26.54,26.05,26.36,53159.718
2023-10-23 12:00:00,26.36,26.43,26.05,26.28,50074.551
2023-10-23 16:00:00,26.28,27.03,26.26,26.91,88417.423
2023-10-23 20:00:00,26.9,27.98,26.72,27.66,117066.197
2023-10-24 00:00:00,27.67,28.8,27.54,27.78,173922.821
2023-10-24 04:00:00,27.77,28.13,27.19,27.64,78619.498
2023-10-24 08:00:00,27.64,28.41,27.6,28.41,66041.199
2023-10-24 12:00:00,28.41,28.8,27.03,27.52,129307.741
2023-10-24 16:00:00,27.52,28.06,27.26,27.91,72227.785
2023-10-24 20:00:00,27.91,28.2,27.49,28.03,68372.269
2023-10-25 00:00:00,28.03,28.35,27.78,27.89,85936.383
2023-10-25 04:00:00,27.91,28.14,27.16,27.45,63648.157
2023-10-25 08:00:00,27.46,27.81,27.24,27.65,46891.236
2023-10-25 12:00:00,27.66,28.36,27.64,28.22,71907.43
2023-10-25 16:00:00,28.21,28.33,27.47,27.74,91841.955
2023-10-25 20:00:00,27.73,27.81,27.33,27.7,57873.457
2023-10-26 00:00:00,27.7,28.31,27.55,28.29,68045.438
2023-10-26 04:00:00,28.3,28.63,27.72,28.53,74742.237
2023-10-26 08:00:00,28.53,28.84,27.83,28.11,128292.804
2023-10-26 12:00:00,28.11,28.45,26.89,27.42,136547.704
2023-10-26 16:00:00,27.41,27.84,27.3,27.82,59651.645
2023-10-26 20:00:00,27.82,28.13,27.75,27.98,27104.752
2023-10-27 00:00:00,27.98,28.02,27.27,27.68,42823.828
2023-10-27 04:00:00,27.69,27.9,27.55,27.55,28628.781
2023-10-27 08:00:00,27.55,27.93,27.49,27.66,35691.188
2023-10-27 12:00:00,27.67,28.05,27.53,27.84,54531.239
2023-10-27 16:00:00,27.83,27.89,27.0,27.46,59708.641
2023-10-27 20:00:00,27.47,27.7,27.34,27.62,23093.396
2023-10-28 00:00:00,27.63,28.03,27.57,27.99,37101.715
2023-10-28 04:00:00,28.0,28.32,27.9,28.23,35526.146
2023-10-28 08:00:00,28.24,28.36,28.05,28.09,30655.227
2023-10-28 12:00:00,28.09,28.48,27.98,28.3,45944.082
2023-10-28 16:00:00,28.3,28.51,28.11,28.47,39824.549
2023-10-28 20:00:00,28.47,28.57,28.28,28.4,30291.635
2023-10-29 00:00:00,28.4,28.66,28.06,28.22,37985.116
2023-10-29 04:00:00,28.21,28.39,28.12,28.36,24349.877
2023-10-29 08:00:00,28.36,28.59,28.28,28.43,32386.455
2023-10-29 12:00:00,28.43,28.84,28.35,28.62,44013.626
2023-10-29 16:00:00,28.62,28.78,28.43,28.49,28728.053
2023-10-29 20:00:00,28.48,28.88,28.39,28.64,24389.089
2023-10-30 00:00:00,28.64,28.91,28.21,28.34,41766.08
2023-10-30 04:00:00,28.34,28.63,28.22,28.32,36253.816
2023-10-30 08:00:00,28.32,29.2,28.2,29.14,62625.245
2023-10-30 12:00:00,29.14,29.44,28.85,29.4,66569.59
2023-10-30 16:00:00,29.4,29.47,28.65,29.45,87242.54
2023-10-30 20:00:00,29.45,29.55,29.22,29.48,56615.803
2023-10-31 00:00:00,29.48,30.96,29.47,29.85,169499.036
2023-10-31 04:00:00,29.86,30.14,29.4,29.52,89279.656
2023-10-31 08:00:00,29.52,30.28,29.05,30.14,85058.993
2023-10-31 12:00:00,30.13,30.31,28.15,28.99,176073.844
2023-10-31 16:00:00,28.99,29.49,28.9,29.29,73464.659
2023-10-31 20:00:00,29.29,29.49,29.01,29.35,55179.847
2023-11-01 00:00:00,29.35,29.5,28.92,29.01,46656.606
2023-11-01 04:00:00,29.01,29.1,28.45,28.89,63139.811
2023-11-01 08:00:00,28.89,29.11,28.3,28.56,63051.302
2023-11-01 12:00:00,28.56,29.17,28.3,28.54,104522.21
2023-11-01 16:00:00,28.53,30.0,28.47,29.59,123051.783
2023-11-01 20:00:00,29.59,30.23,29.59,29.93,85396.257
2023-11-02 00:00:00,29.93,30.31,29.77,30.04,82791.194
2023-11-02 04:00:00,30.04,30.22,29.34,29.58,68446.964
2023-11-02 08:00:00,29.58,29.75,29.28,29.61,47724.886
2023-11-02 12:00:00,29.62,29.86,28.34,28.49,135898.513
2023-11-02 16:00:00,28.48,28.76,27.94,28.7,97139.85
2023-11-02 20:00:00,28.7,28.76,28.38,28.58,42295.276
2023-11-03 00:00:00,28.6,28.63,27.64,28.31,77181.081
2023-11-03 04:00:00,28.3,28.58,27.95,28.51,39909.783
2023-11-03 08:00:00,28.5,28.61,28.08,28.41,41048.981
2023-11-03 12:00:00,28.4,29.01,28.23,28.99,64192.791
2023-11-03 16:00:00,29.0,29.1,28.5,28.77,52042.355
2023-11-03 20:00:00,28.78,29.02,28.7,28.98,29207.644
2023-11-04 00:00:00,28.98,29.13,28.78,29.05,33683.106
2023-11-04 04:00:00,29.05,29.34,28.82,29.12,38537.187
2023-11-04 08:00:00,29.12,29.75,29.0,29.54,58966.619
2023-11-04 12:00:00,29.53,29.79,29.18,29.35,56074.469
2023-11-04 16:00:00,29.36,29.75,29.28,29.52,33956.541
2023-11-04 20:00:00,29.51,30.07,29.47,29.86,32067.571
2023-11-05 00:00:00,29.86,30.39,29.78,30.36,52899.217
2023-11-05 04:00:00,30.35,30.57,30.07,30.47,63994.859
2023-11-05 08:00:00,30.47,30.57,30.08,30.52,53991.209
2023-11-05 12:00:00,30.52,30.72,29.33,30.13,126830.762
2023-11-05 16:00:00,30.13,30.71,30.06,30.37,81915.199
2023-11-05 20:00:00,30.37,30.69,29.8,30.44,54299.499
2023-11-06 00:00:00,30.44,30.89,30.24,30.47,59333.255
2023-11-06 04:00:00,30.47,30.56,29.93,30.53,59355.86
2023-11-06 08:00:00,30.53,31.04,30.34,30.84,86786.761
2023-11-06 12:00:00,30.85,31.02,30.58,30.92,76014.018
2023-11-06 16:00:00,30.92,31.08,30.3,30.99,84259.264
2023-11-06 20:00:00,31.0,31.43,30.69,31.12,56928.474
2023-11-07 00:00:00,31.12,31.23,30.43,31.09,77674.404
2023-11-07 04:00:00,31.1,31.57,31.0,31.42,53956.178
2023-11-07 08:00:00,31.42,31.89,30.69,31.01,131591.985
2023-11-07 12:00:00,31.01,31.35,30.3,30.55,88093.09
2023-11-07 16:00:00,30.55,31.29,30.01,31.08,100614.949
2023-11-07 20:00:00,31.09,31.34,30.72,30.86,58065.379
2023-11-08 00:00:00,30.86,31.03,30.6,30.87,36205.1
2023-11-08 04:00:00,30.87,31.38,30.83,31.21,46741.486
2023-11-08 08:00:00,31.21,31.52,31.1,31.27,56641.999
2023-11-08 12:00:00,31.27,31.5,31.0,31.48,66525.711
2023-11-08 16:00:00,31.47,31.74,31.29,31.56,61439.125
2023-11-08 20:00:00,31.56,31.7,31.29,31.4,53346.663
2023-11-09 00:00:00,31.4,32.14,31.17,32.03,72354.812
2023-11-09 04:00:00,32.03,32.29,31.79,31.87,56368.626
2023-11-09 08:00:00,31.87,32.08,31.43,31.53,67697.238
2023-11-09 12:00:00,31.54,32.76,31.18,32.22,242235.242
2023-11-09 16:00:00,32.21,32.45,26.4,29.66,342538.152
2023-11-09 20:00:00,29.65,30.56,29.06,30.5,108057.654
2023-11-10 00:00:00,30.5,31.72,30.41,31.08,100949.136
2023-11-10 04:00:00,31.08,31.5,30.65,31.17,88725.373
2023-11-10 08:00:00,31.18,31.53,30.49,31.39,83998.761
2023-11-10 12:00:00,31.39,31.42,30.05,30.78,122599.555
2023-11-10 16:00:00,30.78,31.83,30.78,31.72,87515.852
2023-11-10 20:00:00,31.71,32.33,31.63,32.15,90387.028
2023-11-11 00:00:00,32.15,32.54,31.63,31.84,114121.527
2023-11-11 04:00:00,31.84,32.09,31.1,31.85,92346.322
2023-11-11 08:00:00,31.86,32.3,31.69,32.01,47130.633
2023-11-11 12:00:00,32.01,32.65,31.83,32.43,82621.924
2023-11-11 16:00:00,32.43,33.3,32.27,33.28,121614.111
2023-11-11 20:00:00,33.28,33.34,32.32,33.14,110432.01
2023-11-12 00:00:00,33.14,33.36,31.69,32.62,130518.714
2023-11-12 04:00:00,32.62,33.28,32.26,33.2,67696.633
2023-11-12 08:00:00,33.2,33.73,32.81,33.43,77289.365
2023-11-12 12:00:00,33.44,33.56,32.64,33.27,94592.871
2023-11-12 16:00:00,33.26,33.76,33.1,33.69,83802.405
2023-11-12 20:00:00,33.69,34.01,33.36,33.67,69001.488
2023-11-13 00:00:00,33.67,34.35,32.47,33.05,99761.162
2023-11-13 04:00:00,33.04,33.94,32.78,33.67,83818.639
2023-11-13 08:00:00,33.66,33.85,32.86,33.09,66456.756
2023-11-13 12:00:00,33.09,33.38,32.24,33.35,119726.102
2023-11-13 16:00:00,33.35,33.48,32.49,33.22,76474.591
2023-11-13 20:00:00,33.22,33.25,31.74,32.05,90851.452
2023-11-14 00:00:00,32.05,32.17,31.25,32.08,63420.939
2023-11-14 04:00:00,32.08,32.52,31.94,32.45,43054.908
2023-11-14 08:00:00,32.45,32.56,31.13,31.36,81370.171
2023-11-14 12:00:00,31.36,32.23,31.17,31.78,124410.317
2023-11-14 16:00:00,31.78,32.29,29.78,30.59,162782.632
2023-11-14 20:00:00,30.59,31.09,30.36,30.92,63882.217
2023-11-15 00:00:00,30.93,31.44,30.89,31.0,55981.897
2023-11-15 04:00:00,30.99,31.67,30.98,31.6,46227.767
2023-11-15 08:00:00,31.61,32.02,31.38,31.96,48091.172
2023-11-15 12:00:00,31.97,32.11,31.58,31.98,75072.441
2023-11-15 16:00:00,31.98,32.36,31.58,32.35,107507.737
2023-11-15 20:00:00,32.35,32.39,31.83,32.3,80507.001
2023-11-16 00:00:00,32.3,32.61,32.19,32.53,57360.339
2023-11-16 04:00:00,32.52,32.66,32.19,32.53,52607.398
2023-11-16 08:00:00,32.54,32.69,31.89,32.09,122241.19
2023-11-16 12:00:00,32.09,32.13,30.71,31.08,164093.209
2023-11-16 16:00:00,31.09,31.44,30.0,30.81,110984.916
2023-11-16 20:00:00,30.81,30.87,30.23,30.59,66571.447
2023-11-17 00:00:00,30.58,31.34,30.56,31.06,54700.67
2023-11-17 04:00:00,31.06,31.13,30.66,30.76,43686.106
2023-11-17 08:00:00,30.76,31.23,30.48,30.73,69608.866
2023-11-17 12:00:00,30.72,31.08,29.6,29.72,119738.364
2023-11-17 16:00:00,29.72,30.69,29.49,30.4,85058.302
2023-11-17 20:00:00,30.4,30.87,30.22,30.77,37648.176
2023-11-18 00:00:00,30.78,30.78,29.9,29.96,37458.42
2023-11-18 04:00:00,29.96,30.24,29.0,29.72,71586.274
2023-11-18 08:00:00,29.72,29.97,29.57,29.67,45463.477
2023-11-18 12:00:00,29.66,30.0,29.28,29.96,55753.72
2023-11-18 16:00:00,29.96,30.18,29.68,29.9,53840.97
2023-11-18 20:00:00,29.91,30.03,29.63,29.91,36558.983
2023-11-19 00:00:00,29.91,29.98,29.21,29.94,40094.092
2023-11-19 04:00:00,29.94,30.18,29.81,30.09,28776.547
2023-11-19 08:00:00,30.08,30.19,29.61,29.82,42485.944
2023-11-19 12:00:00,29.81,29.99,29.62,29.94,27201.857
2023-11-19 16:00:00,29.94,30.52,29.8,30.47,39043.073
2023-11-19 20:00:00,30.47,30.67,30.22,30.58,41264.07
2023-11-20 00:00:00,30.58,30.76,30.37,30.61,36792.943
2023-11-20 04:00:00,30.61,30.9,30.45,30.87,28354.552
2023-11-20 08:00:00,30.88,31.17,30.74,30.98,51130.277
2023-11-20 12:00:00,30.98,31.21,30.39,31.07,61559.037
2023-11-20 16:00:00,31.07,31.27,30.68,30.89,70155.587
2023-11-20 20:00:00,30.89,31.13,30.21,30.71,54975.885
2023-11-21 00:00:00,30.71,31.27,30.49,30.82,40393.403
2023-11-21 04:00:00,30.82,30.97,30.43,30.49,29918.89
2023-11-21 08:00:00,30.5,30.85,30.42,30.46,21107.154
2023-11-21 12:00:00,30.45,30.61,29.14,29.96,92574.71
2023-11-21 16:00:00,29.95,30.1,28.2,28.89,146559.009
2023-11-21 20:00:00,28.9,29.49,27.6,28.01,113564.317
2023-11-22 00:00:00,28.01,28.6,27.9,28.55,56501.227
2023-11-22 04:00:00,28.54,28.67,28.34,28.4,37617.704
2023-11-22 08:00:00,28.39,28.68,28.18,28.25,51381.254
2023-11-22 12:00:00,28.26,28.81,28.21,28.42,77213.209
2023-11-22 16:00:00,28.42,29.14,28.22,29.1,68652.671
2023-11-22 20:00:00,29.11,29.52,28.95,29.18,59226.416
2023-11-23 00:00:00,29.17,29.55,29.04,29.38,35097.596
2023-11-23 04:00:00,29.38,29.68,29.28,29.65,38257.547
2023-11-23 08:00:00,29.65,29.83,29.1,29.34,44375.91
2023-11-23 12:00:00,29.34,29.44,28.92,28.99,48740.288
2023-11-23 16:00:00,28.99,29.39,28.97,29.3,23981.036
2023-11-23 20:00:00,29.31,29.72,29.27,29.6,22230.82
2023-11-24 00:00:00,29.6,29.89,29.52,29.76,33916.974
2023-11-24 04:00:00,29.75,29.96,29.6,29.91,21306.05
2023-11-24 08:00:00,29.92,30.32,29.81,29.93,50593.796
2023-11-24 12:00:00,29.94,30.31,29.76,30.14,44955.869
2023-11-24 16:00:00,30.15,30.56,29.86,30.27,68734.07
2023-11-24 20:00:00,30.26,30.45,29.93,30.11,33790.037
2023-11-25 00:00:00,30.11,30.9,29.98,30.62,49314.317
2023-11-25 04:00:00,30.62,30.75,30.38,30.71,24632.072
2023-11-25 08:00:00,30.72,30.91,30.45,30.64,30849.322
2023-11-25 12:00:00,30.63,31.3,30.62,31.18,77317.638
2023-11-25 16:00:00,31.19,31.21,30.87,30.93,39899.546
2023-11-25 20:00:00,30.93,31.2,30.88,31.17,26957.893
2023-11-26 00:00:00,31.17,31.22,30.8,31.03,27158.773
2023-11-26 04:00:00,31.03,31.13,30.91,31.05,17584.105
2023-11-26 08:00:00,31.06,31.11,30.84,30.89,21928.822
2023-11-26 12:00:00,30.89,31.25,30.57,30.73,83233.103
2023-11-26 16:00:00,30.72,30.84,29.78,30.8,75908.112
2023-11-26 20:00:00,30.8,30.97,30.66,30.77,28267.221
2023-11-27 00:00:00,30.78,31.01,30.15,30.3,38383.586
2023-11-27 04:00:00,30.31,30.61,29.92,30.23,42216.902
2023-11-27 08:00:00,30.23,30.3,29.6,29.85,65116.502
2023-11-27 12:00:00,29.85,30.1,29.4,29.45,69244.481
2023-11-27 16:00:00,29.44,29.9,29.04,29.23,61009.432
2023-11-27 20:00:00,29.23,29.84,29.05,29.79,33857.42
2023-11-28 00:00:00,29.79,29.94,29.53,29.7,26651.996
2023-11-28 04:00:00,29.7,29.76,29.11,29.59,45732.775
2023-11-28 08:00:00,29.6,29.93,29.42,29.92,35919.065
2023-11-28 12:00:00,29.92,30.03,29.66,29.96,35733.824
2023-11-28 16:00:00,29.95,30.51,29.89,30.25,77972.746
2023-11-28 20:00:00,30.25,30.34,29.9,30.02,43304.244
2023-11-29 00:00:00,30.03,30.2,29.86,30.1,25651.901
2023-11-29 04:00:00,30.1,30.25,29.97,30.12,33787.166
2023-11-29 08:00:00,30.13,30.44,29.57,29.76,83210.072
2023-11-29 12:00:00,29.77,30.04,29.48,29.81,80770.827
2023-11-29 16:00:00,29.82,29.91,29.53,29.77,41512.279
2023-11-29 20:00:00,29.76,30.1,29.63,30.0,38941.048
2023-11-30 00:00:00,30.01,30.22,29.83,30.19,32870.099
2023-11-30 04:00:00,30.18,30.31,30.0,30.12,37494.366
2023-11-30 08:00:00,30.12,30.2,29.85,30.16,41912.114
2023-11-30 12:00:00,30.16,30.22,29.74,29.95,42639.744
2023-11-30 16:00:00,29.94,30.2,29.86,30.12,28703.475
2023-11-30 20:00:00,30.12,30.23,29.97,30.2,25326.968
2023-12-01 00:00:00,30.21,30.5,30.02,30.41,38328.355
2023-12-01 04:00:00,30.42,30.47,30.22,30.27,25625.501
2023-12-01 08:00:00,30.27,30.5,30.22,30.43,35426.124
2023-12-01 12:00:00,30.42,30.52,30.23,30.41,41023.898
2023-12-01 16:00:00,30.41,30.63,29.98,30.61,50037.774
2023-12-01 20:00:00,30.6,30.73,30.47,30.69,32901.699
2023-12-02 00:00:00,30.7,30.91,30.64,30.8,31377.851
2023-12-02 04:00:00,30.81,31.23,30.76,31.14,36672.64
2023-12-02 08:00:00,31.14,31.5,31.13,31.2,64543.227
2023-12-02 12:00:00,31.21,31.48,31.0,31.34,36558.037
2023-12-02 16:00:00,31.33,32.03,31.33,31.83,73912.114
2023-12-02 20:00:00,31.83,32.02,31.66,31.92,39718.362
2023-12-03 00:00:00,31.92,32.03,31.62,31.77,36032.86
2023-12-03 04:00:00,31.78,31.88,31.38,31.62,45718.678
2023-12-03 08:00:00,31.61,32.04,31.41,31.61,61212.382
2023-12-03 12:00:00,31.61,31.69,31.04,31.26,80944.798
2023-12-03 16:00:00,31.26,31.41,31.08,31.22,38719.546
2023-12-03 20:00:00,31.22,31.7,31.16,31.59,43099.56
2023-12-04 00:00:00,31.59,32.53,31.42,32.16,79119.375
2023-12-04 04:00:00,32.16,32.86,32.15,32.47,82618.535
2023-12-04 08:00:00,32.48,32.79,30.63,31.92,140688.391
2023-12-04 12:00:00,31.92,32.16,31.35,31.76,73544.278
2023-12-04 16:00:00,31.76,32.15,31.73,32.14,47381.9
2023-12-04 20:00:00,32.15,32.5,31.95,32.46,49323.223
2023-12-05 00:00:00,32.47,32.82,31.96,32.25,57306.514
2023-12-05 04:00:00,32.25,32.37,31.53,31.86,50533.104
2023-12-05 08:00:00,31.85,31.99,31.48,31.77,50533.766
2023-12-05 12:00:00,31.77,32.16,31.61,32.13,46267.29
2023-12-05 16:00:00,32.14,32.8,31.92,32.51,98026.06
2023-12-05 20:00:00,32.51,32.66,32.2,32.63,40848.628
2023-12-06 00:00:00,32.63,33.0,32.18,32.44,50644.631
2023-12-06 04:00:00,32.45,32.47,31.53,32.29,106408.166
2023-12-06 08:00:00,32.29,32.68,31.37,31.87,90564.03
2023-12-06 12:00:00,31.86,32.56,31.8,32.47,83866.871
2023-12-06 16:00:00,32.46,32.66,32.29,32.64,46067.285
2023-12-06 20:00:00,32.64,32.69,31.82,32.0,47976.35
2023-12-07 00:00:00,32.0,32.95,31.99,32.29,50708.079
2023-12-07 04:00:00,32.29,33.2,32.24,32.99,68008.496
2023-12-07 08:00:00,32.98,33.09,31.77,32.48,109668.302
2023-12-07 12:00:00,32.48,33.14,32.35,33.04,63816.34
2023-12-07 16:00:00,33.04,33.38,32.73,32.8,85960.217
2023-12-07 20:00:00,32.8,33.51,32.7,33.27,58170.715
2023-12-08 00:00:00,33.27,33.51,33.09,33.36,42487.02
2023-12-08 04:00:00,33.36,33.6,32.98,33.2,50910.292
2023-12-08 08:00:00,33.2,33.8,33.09,33.7,62340.115
2023-12-08 12:00:00,33.7,34.23,33.46,33.91,96549.727
2023-12-08 16:00:00,33.91,35.78,33.9,34.67,230620.977
2023-12-08 20:00:00,34.67,35.05,34.62,34.76,54556.4
2023-12-09 00:00:00,34.75,35.42,34.65,35.31,55064.146
2023-12-09 04:00:00,35.32,35.65,35.14,35.58,62132.074
2023-12-09 08:00:00,35.58,35.86,34.25,35.13,141657.031
2023-12-09 12:00:00,35.12,35.51,34.56,35.16,80160.952
2023-12-09 16:00:00,35.17,35.45,34.51,35.09,74171.577
2023-12-09 20:00:00,35.09,35.4,34.57,35.03,77886.488
2023-12-10 00:00:00,35.03,35.68,34.71,35.47,90600.06
2023-12-10 04:00:00,35.45,36.44,35.34,35.71,103545.405
2023-12-10 08:00:00,35.7,35.77,34.41,34.85,100558.526
2023-12-10 12:00:00,34.86,35.49,34.75,35.39,53538.971
2023-12-10 16:00:00,35.38,35.44,34.78,35.09,43645.786
2023-12-10 20:00:00,35.09,35.41,34.66,34.93,40327.323
2023-12-11 00:00:00,34.94,35.1,30.25,32.85,223549.411
2023-12-11 04:00:00,32.85,33.03,32.24,32.41,86810.37
2023-12-11 08:00:00,32.41,32.92,32.15,32.77,56561.439
2023-12-11 12:00:00,32.76,32.99,32.29,32.73,72831.24
2023-12-11 16:00:00,32.74,32.93,31.38,32.08,119947.082
2023-12-11 20:00:00,32.07,32.46,31.83,32.35,38574.689
2023-12-12 00:00:00,32.36,33.13,32.34,32.75,46921.65
2023-12-12 04:00:00,32.76,33.04,32.32,33.0,43474.691
2023-12-12 08:00:00,33.0,33.03,32.47,32.51,37365.096
2023-12-12 12:00:00,32.5,33.46,32.2,32.71,110365.669
2023-12-12 16:00:00,32.71,32.99,32.15,32.8,63636.983
2023-12-12 20:00:00,32.8,33.15,32.41,32.98,40991.914
2023-12-13 00:00:00,32.97,33.18,31.9,32.14,87619.07
2023-12-13 04:00:00,32.14,32.77,31.7,32.57,98354.155
2023-12-13 08:00:00,32.57,33.0,32.25,32.32,64423.106
2023-12-13 12:00:00,32.31,32.99,32.25,32.89,55938.081
2023-12-13 16:00:00,32.89,33.35,32.47,33.28,65103.431
2023-12-13 20:00:00,33.3,33.73,33.07,33.32,64415.739
2023-12-14 00:00:00,33.33,33.76,33.15,33.34,67846.079
2023-12-14 04:00:00,33.36,33.76,33.14,33.53,43013.306
2023-12-14 08:00:00,33.54,34.11,33.43,34.09,51627.931
2023-12-14 12:00:00,34.08,34.15,32.01,33.6,120085.537
2023-12-14 16:00:00,33.59,34.05,33.56,33.9,56577.619
2023-12-14 20:00:00,33.91,34.19,33.67,34.05,33292.786
2023-12-15 00:00:00,34.06,34.12,33.67,33.87,33510.856
2023-12-15 04:00:00,33.88,33.96,33.15,33.22,41706.051
2023-12-15 08:00:00,33.23,33.59,33.14,33.29,41924.921
2023-12-15 12:00:00,33.29,33.35,32.6,32.89,59942.37
2023-12-15 16:00:00,32.9,33.06,32.68,32.88,29831.937
2023-12-15 20:00:00,32.88,33.02,31.79,32.0,60211.047
2023-12-16 00:00:00,31.99,32.62,31.66,32.57,48423.978
2023-12-16 04:00:00,32.57,32.7,32.45,32.66,25847.651
2023-12-16 08:00:00,32.67,32.81,32.54,32.78,31504.989
2023-12-16 12:00:00,32.79,33.01,32.65,32.98,35430.941
2023-12-16 16:00:00,32.98,33.13,32.53,32.76,55997.966
2023-12-16 20:00:00,32.77,33.0,32.58,32.87,33365.873
2023-12-17 00:00:00,32.86,32.97,32.35,32.53,37125.763
2023-12-17 04:00:00,32.53,32.71,32.07,32.29,40893.029
2023-12-17 08:00:00,32.29,32.65,32.14,32.57,28313.976
2023-12-17 12:00:00,32.57,32.66,32.15,32.66,53785.154
2023-12-17 16:00:00,32.67,32.89,32.43,32.59,41578.58
2023-12-17 20:00:00,32.59,32.74,31.74,31.89,51451.831
2023-12-18 00:00:00,31.89,32.19,31.0,31.37,75242.469
2023-12-18 04:00:00,31.37,31.54,30.77,30.92,42736.075
2023-12-18 08:00:00,30.91,31.23,29.64,30.36,137182.395
2023-12-18 12:00:00,30.36,30.73,30.03,30.36,60396.985
2023-12-18 16:00:00,30.37,30.86,30.17,30.84,63488.846
2023-12-18 20:00:00,30.83,31.54,30.65,31.52,91186.685
2023-12-19 00:00:00,31.52,32.16,31.45,31.81,61560.509
2023-12-19 04:00:00,31.81,31.94,31.52,31.72,41444.246
2023-12-19 08:00:00,31.72,31.88,31.04,31.34,82076.035
2023-12-19 12:00:00,31.33,31.5,30.69,31.03,72941.375
2023-12-19 16:00:00,31.03,31.09,30.22,30.64,60131.723
2023-12-19 20:00:00,30.64,30.73,30.34,30.55,29300.894
2023-12-20 00:00:00,30.54,30.79,30.3,30.73,40471.313
2023-12-20 04:00:00,30.74,31.05,30.54,30.97,59578.987
2023-12-20 08:00:00,30.97,31.15,30.74,30.9,60157.354
2023-12-20 12:00:00,30.91,31.52,30.81,31.45,65195.778
2023-12-20 16:00:00,31.45,31.88,31.18,31.27,64789.33
2023-12-20 20:00:00,31.27,31.37,30.63,31.22,56314.873
2023-12-21 00:00:00,31.23,31.38,30.93,31.19,27753.17
2023-12-21 04:00:00,31.19,31.53,31.07,31.49,25035.642
2023-12-21 08:00:00,31.49,32.09,31.48,31.98,53065.838
2023-12-21 12:00:00,31.97,32.27,31.56,31.83,69884.63
2023-12-21 16:00:00,31.82,32.33,31.76,32.21,68982.362
2023-12-21 20:00:00,32.21,32.45,32.07,32.23,39549.998
2023-12-22 00:00:00,32.24,32.66,32.16,32.36,46940.646
2023-12-22 04:00:00,32.36,32.67,31.9,32.29,63716.15
2023-12-22 08:00:00,32.29,32.87,32.25,32.82,71273.612
2023-12-22 12:00:00,32.81,32.98,32.38,32.83,48584.856
2023-12-22 16:00:00,32.83,33.0,32.64,32.84,47983.068
2023-12-22 20:00:00,32.83,33.21,32.79,33.17,42122.166
2023-12-23 00:00:00,33.18,33.2,32.18,32.26,68259.706
2023-12-23 04:00:00,32.25,32.48,32.06,32.19,27154.238
2023-12-23 08:00:00,32.18,32.46,32.12,32.2,29410.099
2023-12-23 12:00:00,32.19,32.48,32.13,32.42,33968.934
2023-12-23 16:00:00,32.41,32.81,32.38,32.7,39545.154
2023-12-23 20:00:00,32.71,33.48,32.57,33.44,39291.96
2023-12-24 00:00:00,33.43,33.49,32.91,33.36,61672.221
2023-12-24 04:00:00,33.37,33.55,32.58,33.49,61833.097
2023-12-24 08:00:00,33.5,33.7,33.07,33.59,55414.906
2023-12-24 12:00:00,33.59,35.09,33.31,34.74,148776.511
2023-12-24 16:00:00,34.74,35.52,34.42,35.45,94070.389
2023-12-24 20:00:00,35.45,35.49,33.81,34.48,128158.585
2023-12-25 00:00:00,34.48,34.88,34.07,34.7,70478.724
2023-12-25 04:00:00,34.71,35.33,34.7,35.01,59243.67
2023-12-25 08:00:00,35.02,35.28,34.6,35.21,65449.595
2023-12-25 12:00:00,35.22,35.6,34.94,35.12,69108.032
2023-12-25 16:00:00,35.12,35.32,34.86,35.17,49657.063
2023-12-25 20:00:00,35.17,35.48,34.8,35.36,43976.587
2023-12-26 00:00:00,35.37,35.51,35.14,35.46,28909.902
2023-12-26 04:00:00,35.47,35.59,34.21,34.94,89130.318
2023-12-26 08:00:00,34.93,36.07,34.75,36.05,95310.137
2023-12-26 12:00:00,36.04,37.08,35.83,36.39,115384.063
2023-12-26 16:00:00,36.41,36.89,33.79,35.98,189686.438
2023-12-26 20:00:00,35.99,36.46,35.8,36.21,60765.564
2023-12-27 00:00:00,36.22,36.33,34.46,34.66,102338.315
2023-12-27 04:00:00,34.66,35.57,34.66,35.28,60191.129
2023-12-27 08:00:00,35.28,36.57,35.16,36.51,78624.687
2023-12-27 12:00:00,36.5,38.08,36.43,37.4,185141.739
2023-12-27 16:00:00,37.41,38.88,37.27,38.16,153521.252
2023-12-27 20:00:00,38.17,38.57,37.8,38.53,93827.43
2023-12-28 00:00:00,38.52,38.61,37.63,37.76,79094.006
2023-12-28 04:00:00,37.76,38.45,37.37,37.69,89197.638
2023-12-28 08:00:00,37.71,38.06,37.22,37.92,78167.941
2023-12-28 12:00:00,37.93,38.32,36.34,36.88,201396.203
2023-12-28 16:00:00,36.88,37.22,36.39,37.06,67816.633
2023-12-28 20:00:00,37.07,37.19,36.51,36.89,45430.321
2023-12-29 00:00:00,36.9,37.26,35.79,36.97,100327.822
2023-12-29 04:00:00,36.98,37.11,36.42,36.49,53712.487
2023-12-29 08:00:00,36.49,36.82,34.7,34.89,237543.643
2023-12-29 12:00:00,34.89,34.95,33.1,33.54,319412.803
2023-12-29 16:00:00,33.54,33.65,32.08,32.94,309220.566
2023-12-29 20:00:00,32.94,33.29,32.27,33.0,132773.612
2023-12-30 00:00:00,33.01,33.44,32.66,32.93,89846.894
2023-12-30 04:00:00,32.93,33.59,32.93,33.38,67354.264
2023-12-30 08:00:00,33.38,33.47,32.63,32.89,96113.416
2023-12-30 12:00:00,32.89,33.09,32.64,32.95,59169.586
2023-12-30 16:00:00,32.94,33.1,32.54,32.78,75698.542
2023-12-30 20:00:00,32.78,33.17,32.65,32.92,46205.619
2023-12-31 00:00:00,32.93,33.17,32.34,32.76,69902.004
2023-12-31 04:00:00,32.75,33.16,32.2,32.82,74988.707
2023-12-31 08:00:00,32.81,33.14,32.62,32.82,64967.339
2023-12-31 12:00:00,32.82,32.93,32.45,32.56,54158.607
2023-12-31 16:00:00,32.55,32.76,32.46,32.6,45024.88
2023-12-31 20:00:00,32.6,32.6,30.72,31.76,166838.384
2024-01-01 00:00:00,31.76,32.13,31.33,31.51,95396.88
2024-01-01 04:00:00,31.51,31.65,31.05,31.45,79303.313
2024-01-01 08:00:00,31.45,31.96,31.43,31.93,58183.392
2024-01-01 12:00:00,31.93,32.32,31.83,32.32,57056.116
2024-01-01 16:00:00,32.32,33.72,32.15,33.41,130306.57
2024-01-01 20:00:00,33.4,33.54,32.98,33.35,52887.276
2024-01-02 00:00:00,33.36,33.98,33.08,33.71,65984.151
2024-01-02 04:00:00,33.72,33.97,33.45,33.62,51221.585
2024-01-02 08:00:00,33.62,33.85,33.34,33.52,49433.333
2024-01-02 12:00:00,33.52,33.65,32.53,32.85,92355.673
2024-01-02 16:00:00,32.85,33.13,32.56,32.7,52359.482
2024-01-02 20:00:00,32.7,32.96,32.27,32.86,46769.523
2024-01-03 00:00:00,32.87,33.07,32.68,32.87,41768.889
2024-01-03 04:00:00,32.87,33.3,32.77,33.1,29145.219
2024-01-03 08:00:00,33.09,33.53,31.69,32.2,90980.844
2024-01-03 12:00:00,32.2,32.2,25.61,29.75,529331.259
2024-01-03 16:00:00,29.75,29.83,28.56,29.0,110557.341
2024-01-03 20:00:00,28.99,29.44,28.76,28.97,71202.082
2024-01-04 00:00:00,28.95,29.26,28.36,29.23,59082.21
2024-01-04 04:00:00,29.23,29.57,29.12,29.21,53500.865
2024-01-04 08:00:00,29.21,29.44,28.92,29.23,60732.4
2024-01-04 12:00:00,29.23,30.22,29.12,29.95,90627.643
2024-01-04 16:00:00,29.95,30.52,29.67,30.33,87880.296
2024-01-04 20:00:00,30.34,30.6,29.89,30.02,62309.252
2024-01-05 00:00:00,30.04,30.2,28.5,29.39,91580.569
2024-01-05 04:00:00,29.4,29.58,29.1,29.41,44508.752
2024-01-05 08:00:00,29.42,29.74,28.8,29.01,55194.113
2024-01-05 12:00:00,29.01,29.42,28.21,28.76,90142.5
2024-01-05 16:00:00,28.76,29.68,28.05,29.59,138698.6
2024-01-05 20:00:00,29.58,29.67,29.05,29.55,67149.305
2024-01-06 00:00:00,29.55,29.57,28.98,29.03,31215.842
2024-01-06 04:00:00,29.03,29.16,27.57,28.3,94384.749
2024-01-06 08:00:00,28.29,28.51,28.07,28.43,36642.835
2024-01-06 12:00:00,28.43,28.79,28.16,28.7,44140.303
2024-01-06 16:00:00,28.69,29.11,28.6,28.76,42151.035
2024-01-06 20:00:00,28.75,28.86,28.31,28.75,36774.611
2024-01-07 00:00:00,28.75,29.09,28.6,28.95,32937.936
2024-01-07 04:00:00,28.95,29.24,28.94,29.21,25312.318
2024-01-07 08:00:00,29.21,29.33,28.61,28.62,54753.64
2024-01-07 12:00:00,28.62,28.88,28.05,28.14,61153.402
2024-01-07 16:00:00,28.13,28.24,27.61,28.07,59641.443
2024-01-07 20:00:00,28.07,28.17,26.71,27.13,87913.235
2024-01-08 00:00:00,27.14,27.2,25.09,25.95,179641.078
2024-01-08 04:00:00,25.96,26.8,25.89,26.57,63543.596
2024-01-08 08:00:00,26.57,26.84,26.2,26.83,52367.418
2024-01-08 12:00:00,26.83,27.64,26.79,27.53,85767.29
2024-01-08 16:00:00,27.54,28.36,27.3,28.22,76974.529
2024-01-08 20:00:00,28.22,28.51,27.81,28.46,54828.353
2024-01-09 00:00:00,28.46,28.56,27.82,28.04,57199.789
2024-01-09 04:00:00,28.05,28.41,27.99,28.36,31150.372
2024-01-09 08:00:00,28.35,28.35,27.57,27.76,58019.512
2024-01-09 12:00:00,27.76,27.93,26.71,27.14,88971.858
2024-01-09 16:00:00,27.14,27.35,26.53,26.94,56361.965
2024-01-09 20:00:00,26.94,27.43,26.32,27.36,113546.503
2024-01-10 00:00:00,27.36,27.71,27.19,27.45,38360.726
2024-01-10 04:00:00,27.45,27.59,27.25,27.4,29313.332
2024-01-10 08:00:00,27.4,28.18,27.08,27.92,76498.169
2024-01-10 12:00:00,27.91,27.96,26.72,27.61,112396.242
2024-01-10 16:00:00,27.62,28.18,27.52,28.1,65234.614
2024-01-10 20:00:00,28.11,29.93,27.35,29.45,160780.911
2024-01-11 00:00:00,29.46,30.19,29.15,30.03,69049.393
2024-01-11 04:00:00,30.03,30.16,29.37,29.79,64823.147
2024-01-11 08:00:00,29.78,30.54,29.68,30.54,62612.753
2024-01-11 12:00:00,30.53,30.8,29.53,29.9,150557.403
2024-01-11 16:00:00,29.91,30.3,29.22,30.24,82341.541
2024-01-11 20:00:00,30.24,30.4,29.68,30.04,37989.408
2024-01-12 00:00:00,30.05,30.37,29.41,30.17,46538.063
2024-01-12 04:00:00,30.16,30.7,30.12,30.43,59872.508
2024-01-12 08:00:00,30.44,30.75,30.02,30.69,58958.347
2024-01-12 12:00:00,30.69,31.16,29.84,29.99,124607.045
2024-01-12 16:00:00,29.99,30.24,28.7,29.48,107562.361
2024-01-12 20:00:00,29.48,29.95,27.87,28.97,106058.169
2024-01-13 00:00:00,29.0,29.18,28.08,28.69,55739.282
2024-01-13 04:00:00,28.7,29.18,28.61,29.01,34747.793
2024-01-13 08:00:00,29.01,29.12,28.66,28.8,29352.638
2024-01-13 12:00:00,28.8,29.34,28.76,29.3,40554.867
2024-01-13 16:00:00,29.31,29.99,29.12,29.9,64323.983
2024-01-13 20:00:00,29.89,29.92,29.48,29.54,28630.925
2024-01-14 00:00:00,29.53,29.58,29.02,29.15,40861.723
2024-01-14 04:00:00,29.15,29.67,28.77,29.44,53222.846
2024-01-14 08:00:00,29.44,29.49,28.99,29.09,31580.617
2024-01-14 12:00:00,29.09,29.42,28.85,29.28,32536.95
2024-01-14 16:00:00,29.28,29.45,28.7,28.73,52118.471
2024-01-14 20:00:00,28.72,29.11,28.17,28.25,61591.298
2024-01-15 00:00:00,28.25,29.01,28.22,28.87,35059.711
2024-01-15 04:00:00,28.87,29.85,28.75,29.18,92536.098
2024-01-15 08:00:00,29.19,29.5,29.06,29.32,36724.792
2024-01-15 12:00:00,29.33,29.48,28.64,28.75,56880.557
2024-01-15 16:00:00,28.74,29.68,28.69,29.39,42858.884
2024-01-15 20:00:00,29.39,29.48,28.73,29.2,44845.742
2024-01-16 00:00:00,29.2,29.47,29.14,29.43,25944.664
2024-01-16 04:00:00,29.42,29.48,29.04,29.34,30919.38
2024-01-16 08:00:00,29.33,29.6,29.24,29.45,30474.586
2024-01-16 12:00:00,29.44,29.73,28.82,29.7,74906.32
2024-01-16 16:00:00,29.7,29.79,29.39,29.54,31619.3
2024-01-16 20:00:00,29.54,29.76,29.32,29.47,41918.523
2024-01-17 00:00:00,29.46,29.64,29.31,29.35,24088.801
2024-01-17 04:00:00,29.35,29.43,28.7,28.76,34859.747
2024-01-17 08:00:00,28.76,29.36,28.62,29.23,47923.334
2024-01-17 12:00:00,29.23,29.47,28.97,29.02,51389.004
2024-01-17 16:00:00,29.03,29.17,28.63,28.94,53284.046
2024-01-17 20:00:00,28.94,29.11,28.68,28.87,35653.843
2024-01-18 00:00:00,28.87,28.93,28.45,28.57,40280.525
2024-01-18 04:00:00,28.56,29.17,28.47,29.12,38610.202
2024-01-18 08:00:00,29.12,29.17,28.6,28.7,30725.721
2024-01-18 12:00:00,28.68,28.84,28.36,28.75,42808.692
2024-01-18 16:00:00,28.75,28.82,27.29,27.52,135965.541
2024-01-18 20:00:00,27.52,28.03,27.46,27.89,52657.51
2024-01-19 00:00:00,27.89,28.03,26.6,27.11,97292.857
2024-01-19 04:00:00,27.1,27.48,27.03,27.2,36574.206
2024-01-19 08:00:00,27.19,27.47,27.12,27.29,41588.748
2024-01-19 12:00:00,27.28,27.35,26.65,26.77,55373.283
2024-01-19 16:00:00,26.75,27.09,25.71,27.03,168094.142
2024-01-19 20:00:00,27.04,27.6,26.93,27.59,47531.389
2024-01-20 00:00:00,27.6,27.91,27.31,27.77,46162.653
2024-01-20 04:00:00,27.78,28.38,27.63,28.0,48762.643
2024-01-20 08:00:00,28.01,28.19,27.82,28.17,45710.618
2024-01-20 12:00:00,28.16,28.26,27.82,27.89,42974.694
2024-01-20 16:00:00,27.89,28.35,27.83,28.32,47720.727
2024-01-20 20:00:00,28.32,28.95,28.25,28.74,50788.233
2024-01-21 00:00:00,28.74,29.83,28.64,29.46,67193.476
2024-01-21 04:00:00,29.46,29.46,29.04,29.14,38432.688
2024-01-21 08:00:00,29.15,29.17,28.79,28.85,29012.945
2024-01-21 12:00:00,28.85,29.24,28.8,28.95,37817.923
2024-01-21 16:00:00,28.95,29.07,28.65,29.02,27023.948
2024-01-21 20:00:00,29.03,29.05,28.47,28.56,29173.334
2024-01-22 00:00:00,28.56,28.84,28.13,28.33,50694.978
2024-01-22 04:00:00,28.34,28.66,28.04,28.56,36962.304
2024-01-22 08:00:00,28.58,28.58,27.78,28.14,90768.526
2024-01-22 12:00:00,28.15,28.37,27.46,27.88,62591.695
2024-01-22 16:00:00,27.89,28.17,27.27,27.72,81046.552
2024-01-22 20:00:00,27.73,28.17,27.47,27.64,40365.783
2024-01-23 00:00:00,27.64,28.07,27.53,27.9,32642.553
2024-01-23 04:00:00,27.91,28.08,27.27,27.4,44311.541
2024-01-23 08:00:00,27.41,27.54,26.04,26.45,140782.375
2024-01-23 12:00:00,26.46,26.72,25.73,26.49,87132.092
2024-01-23 16:00:00,26.48,26.69,26.26,26.36,44551.799
2024-01-23 20:00:00,26.35,26.94,26.2,26.92,29581.888
2024-01-24 00:00:00,26.92,27.03,26.51,26.59,37354.258
2024-01-24 04:00:00,26.59,27.08,26.56,26.97,28593.118
2024-01-24 08:00:00,26.97,27.7,26.95,27.57,57767.915
2024-01-24 12:00:00,27.57,27.65,27.08,27.22,39089.481
2024-01-24 16:00:00,27.22,27.29,26.64,26.86,42848.913
2024-01-24 20:00:00,26.86,27.2,26.63,27.12,24963.825
2024-01-25 00:00:00,27.13,27.18,26.51,26.68,34871.133
2024-01-25 04:00:00,26.67,26.78,26.39,26.76,29530.33
2024-01-25 08:00:00,26.76,26.91,26.47,26.79,27287.851
2024-01-25 12:00:00,26.78,26.85,26.35,26.68,57907.602
2024-01-25 16:00:00,26.67,27.08,26.42,27.0,47191.45
2024-01-25 20:00:00,27.0,27.08,26.81,26.99,25165.875
2024-01-26 00:00:00,26.99,27.3,26.82,27.23,32381.9
2024-01-26 04:00:00,27.23,27.36,27.04,27.09,26632.032
2024-01-26 08:00:00,27.09,27.77,27.09,27.71,30899.781
2024-01-26 12:00:00,27.72,27.88,27.47,27.83,40417.191
2024-01-26 16:00:00,27.83,28.15,27.8,27.94,44972.124
2024-01-26 20:00:00,27.93,27.98,27.62,27.72,25798.334
2024-01-27 00:00:00,27.71,28.05,27.71,27.9,32249.605
2024-01-27 04:00:00,27.9,27.94,27.53,27.66,24367.033
2024-01-27 08:00:00,27.66,27.79,27.51,27.68,19824.685
2024-01-27 12:00:00,27.68,27.85,27.64,27.82,17532.071
2024-01-27 16:00:00,27.82,28.04,27.75,27.92,23485.278
2024-01-27 20:00:00,27.92,28.12,27.83,28.1,18698.695
2024-01-28 00:00:00,28.1,28.6,27.95,28.58,30280.867
2024-01-28 04:00:00,28.57,28.62,27.97,28.02,33252.976
2024-01-28 08:00:00,28.02,28.2,27.82,27.96,22677.431
2024-01-28 12:00:00,27.96,28.05,27.7,27.84,31686.7
2024-01-28 16:00:00,27.84,27.93,27.46,27.57,35324.158
2024-01-28 20:00:00,27.58,27.8,27.35,27.6,32558.014
2024-01-29 00:00:00,27.61,27.93,27.46,27.82,24711.552
2024-01-29 04:00:00,27.83,27.84,27.51,27.55,20276.3
2024-01-29 08:00:00,27.55,27.84,27.49,27.73,19908.32
2024-01-29 12:00:00,27.73,27.82,27.14,27.69,37922.784
2024-01-29 16:00:00,27.7,28.16,27.61,27.92,47686.842
2024-01-29 20:00:00,27.92,28.19,27.91,28.11,16784.904
2024-01-30 00:00:00,28.12,28.32,27.92,28.06,25312.312
2024-01-30 04:00:00,28.06,28.11,27.87,28.0,21894.067
2024-01-30 08:00:00,28.01,28.64,27.95,28.53,40113.599
2024-01-30 12:00:00,28.53,28.72,27.99,28.31,62622.615
2024-01-30 16:00:00,28.32,28.46,28.01,28.09,29600.472
2024-01-30 20:00:00,28.1,28.16,27.37,27.51,51359.641
2024-01-31 00:00:00,27.52,27.66,27.16,27.59,41765.231
2024-01-31 04:00:00,27.59,27.68,27.41,27.53,22831.453
2024-01-31 08:00:00,27.54,27.73,26.86,27.0,62205.968
2024-01-31 12:00:00,27.0,27.1,26.31,26.93,64192.31
2024-01-31 16:00:00,26.93,27.15,26.78,26.98,44643.026
2024-01-31 20:00:00,26.98,27.02,26.27,26.64,62649.43
2024-02-01 00:00:00,26.64,26.87,26.18,26.59,54755.223
2024-02-01 04:00:00,26.58,26.78,26.5,26.67,24572.5
2024-02-01 08:00:00,26.67,26.94,26.63,26.66,39694.269
2024-02-01 12:00:00,26.67,27.23,26.59,27.02,39126.007
2024-02-01 16:00:00,27.02,27.25,26.79,27.18,62672.048
2024-02-01 20:00:00,27.18,27.39,27.08,27.26,37146.198
2024-02-02 00:00:00,27.27,27.46,27.18,27.34,22317.074
2024-02-02 04:00:00,27.33,27.41,27.22,27.37,14017.72
2024-02-02 08:00:00,27.36,27.43,27.08,27.3,26571.505
2024-02-02 12:00:00,27.31,27.44,26.94,27.4,39611.647
2024-02-02 16:00:00,27.4,27.5,27.11,27.29,24663.434
2024-02-02 20:00:00,27.3,27.65,27.26,27.64,19084.225
2024-02-03 00:00:00,27.64,27.78,27.45,27.46,22306.289
2024-02-03 04:00:00,27.47,27.55,27.28,27.41,23018.37
2024-02-03 08:00:00,27.42,27.51,27.32,27.37,14296.211
2024-02-03 12:00:00,27.36,27.69,27.31,27.56,32430.885
2024-02-03 16:00:00,27.57,27.76,27.49,27.75,14516.578
2024-02-03 20:00:00,27.75,27.96,27.64,27.74,25392.605
2024-02-04 00:00:00,27.75,27.75,27.45,27.72,26316.003
2024-02-04 04:00:00,27.71,27.71,27.15,27.3,34246.037
2024-02-04 08:00:00,27.3,27.4,27.11,27.32,25731.611
2024-02-04 12:00:00,27.33,27.36,27.06,27.21,34428.146
2024-02-04 16:00:00,27.21,27.26,26.88,27.01,26232.621
2024-02-04 20:00:00,27.01,27.18,26.65,26.77,36352.508
2024-02-05 00:00:00,26.78,26.96,26.48,26.94,37169.731
2024-02-05 04:00:00,26.93,27.18,26.84,27.14,20370.522
2024-02-05 08:00:00,27.15,27.42,27.01,27.32,32164.942
2024-02-05 12:00:00,27.32,27.52,27.04,27.1,47629.937
2024-02-05 16:00:00,27.11,27.29,26.98,27.24,38185.535
2024-02-05 20:00:00,27.25,27.31,26.88,27.26,30756.678
2024-02-06 00:00:00,27.26,27.43,27.18,27.3,17217.8
2024-02-06 04:00:00,27.31,27.37,27.09,27.23,28381.174
2024-02-06 08:00:00,27.22,27.51,27.13,27.16,53811.186
2024-02-06 12:00:00,27.16,27.31,26.9,27.29,46032.227
2024-02-06 16:00:00,27.28,27.34,26.88,26.99,37539.564
2024-02-06 20:00:00,26.99,27.08,26.27,26.33,56965.315
2024-02-07 00:00:00,26.34,26.47,26.0,26.16,98465.958
2024-02-07 04:00:00,26.16,26.54,26.13,26.43,48876.057
2024-02-07 08:00:00,26.44,26.62,26.31,26.37,30394.255
2024-02-07 12:00:00,26.37,26.58,26.33,26.48,36226.755
2024-02-07 16:00:00,26.48,26.7,26.43,26.6,44640.035
2024-02-07 20:00:00,26.6,27.05,26.6,26.94,45621.496
2024-02-08 00:00:00,26.94,27.11,26.7,26.76,36561.621
2024-02-08 04:00:00,26.77,26.83,26.6,26.75,25822.823
2024-02-08 08:00:00,26.74,26.86,26.64,26.66,25085.498
2024-02-08 12:00:00,26.67,27.06,26.61,27.02,38195.669
2024-02-08 16:00:00,27.01,27.06,26.43,26.7,48864.342
2024-02-08 20:00:00,26.7,26.94,26.66,26.92,23143.743
2024-02-09 00:00:00,26.92,27.29,26.85,27.17,32195.696
2024-02-09 04:00:00,27.16,27.19,26.97,27.14,25845.224
2024-02-09 08:00:00,27.14,27.62,27.09,27.62,45828.381
2024-02-09 12:00:00,27.61,27.76,27.04,27.26,94612.838
2024-02-09 16:00:00,27.26,27.37,27.03,27.33,44111.182
2024-02-09 20:00:00,27.32,27.63,27.32,27.5,35549.332
2024-02-10 00:00:00,27.5,27.7,27.44,27.53,33683.814
2024-02-10 04:00:00,27.53,27.62,27.29,27.39,31507.865
2024-02-10 08:00:00,27.39,27.47,26.92,27.18,46451.334
2024-02-10 12:00:00,27.18,27.28,27.06,27.27,24875.777
2024-02-10 16:00:00,27.28,27.48,27.25,27.37,24138.619
2024-02-10 20:00:00,27.38,27.6,27.35,27.51,29842.171
2024-02-11 00:00:00,27.52,28.17,27.45,28.06,47085.299
2024-02-11 04:00:00,28.06,28.4,27.79,28.06,58295.482
2024-02-11 08:00:00,28.05,28.09,27.57,27.97,31237.72
2024-02-11 12:00:00,27.97,27.98,27.62,27.81,36120.447
2024-02-11 16:00:00,27.8,27.88,27.55,27.73,35197.884
2024-02-11 20:00:00,27.73,27.75,27.29,27.53,39035.345
2024-02-12 00:00:00,27.54,27.92,27.38,27.57,41004.871
2024-02-12 04:00:00,27.57,27.61,27.2,27.59,31546.553
2024-02-12 08:00:00,27.6,27.71,27.0,27.19,47337.049
2024-02-12 12:00:00,27.19,28.04,27.07,27.96,49415.929
2024-02-12 16:00:00,27.96,28.34,27.83,28.01,62205.148
2024-02-12 20:00:00,28.01,28.43,28.01,28.26,33330.75
2024-02-13 00:00:00,28.26,28.44,28.04,28.11,26504.761
2024-02-13 04:00:00,28.1,28.47,28.09,28.46,26581.82
2024-02-13 08:00:00,28.45,28.48,28.01,28.2,25424.564
2024-02-13 12:00:00,28.21,28.32,27.29,27.58,112189.028
2024-02-13 16:00:00,27.57,27.9,27.52,27.76,40974.115
2024-02-13 20:00:00,27.75,28.06,27.69,27.88,33317.392
2024-02-14 00:00:00,27.88,27.98,27.58,27.73,25031.349
2024-02-14 04:00:00,27.74,27.99,27.59,27.92,22777.717
2024-02-14 08:00:00,27.93,28.53,27.87,28.43,62967.76
2024-02-14 12:00:00,28.44,28.46,27.8,28.11,54355.299
2024-02-14 16:00:00,28.11,28.2,27.5,28.1,99940.469
2024-02-14 20:00:00,28.11,28.2,27.98,28.12,34377.518
2024-02-15 00:00:00,28.13,28.48,28.08,28.45,59787.991
2024-02-15 04:00:00,28.45,28.48,28.0,28.38,48470.789
2024-02-15 08:00:00,28.38,28.99,28.29,28.76,69819.648
2024-02-15 12:00:00,28.77,29.18,28.59,28.71,115339.931
2024-02-15 16:00:00,28.71,29.15,28.45,29.07,77201.897
2024-02-15 20:00:00,29.08,29.16,28.65,29.08,54596.278
2024-02-16 00:00:00,29.07,29.33,28.81,29.27,40486.022
2024-02-16 04:00:00,29.26,29.48,28.95,28.98,70303.359
2024-02-16 08:00:00,28.98,29.32,28.7,29.19,53723.479
2024-02-16 12:00:00,29.19,29.34,28.15,28.67,100389.137
2024-02-16 16:00:00,28.68,28.95,28.54,28.76,54961.697
2024-02-16 20:00:00,28.76,29.11,28.73,29.06,26459.902
2024-02-17 00:00:00,29.07,29.18,28.78,29.05,24867.979
2024-02-17 04:00:00,29.05,29.07,28.82,29.02,31725.272
2024-02-17 08:00:00,29.03,29.08,28.48,28.88,57569.16
2024-02-17 12:00:00,28.88,29.81,28.26,29.05,254903.474
2024-02-17 16:00:00,29.05,30.3,28.87,29.97,139205.207
2024-02-17 20:00:00,29.97,30.34,29.85,30.28,77159.091
2024-02-18 00:00:00,30.29,30.49,29.83,30.05,75886.507
2024-02-18 04:00:00,30.05,30.65,29.67,29.76,127279.542
2024-02-18 08:00:00,29.77,30.14,29.73,29.99,54830.662
2024-02-18 12:00:00,29.99,29.99,29.57,29.8,65086.265
2024-02-18 16:00:00,29.8,29.99,29.65,29.83,57743.102
2024-02-18 20:00:00,29.82,29.96,29.51,29.78,45043.666
2024-02-19 00:00:00,29.78,30.21,29.76,30.13,33198.284
2024-02-19 04:00:00,30.14,30.4,29.96,30.28,60318.706
2024-02-19 08:00:00,30.27,30.3,29.64,29.94,69927.883
2024-02-19 12:00:00,29.94,30.1,29.62,29.92,56806.274
2024-02-19 16:00:00,29.92,30.12,29.52,29.78,52962.023
2024-02-19 20:00:00,29.77,30.41,29.76,30.14,53123.231
2024-02-20 00:00:00,30.14,30.24,29.54,29.65,66223.18
2024-02-20 04:00:00,29.66,30.83,29.55,30.5,106199.909
2024-02-20 08:00:00,30.5,30.66,29.66,30.56,118283.289
2024-02-20 12:00:00,30.56,30.9,28.38,29.34,255639.01
2024-02-20 16:00:00,29.35,29.63,28.71,29.62,108748.407
2024-02-20 20:00:00,29.61,30.05,29.51,29.86,46775.564
2024-02-21 00:00:00,29.86,29.98,29.6,29.85,35650.838
2024-02-21 04:00:00,29.86,30.13,29.12,29.18,70866.353
2024-02-21 08:00:00,29.19,29.31,28.35,28.81,106504.283
2024-02-21 12:00:00,28.8,29.4,28.48,28.89,99987.738
2024-02-21 16:00:00,28.88,29.05,28.25,28.72,72809.718
2024-02-21 20:00:00,28.72,29.49,28.53,29.44,50703.831
2024-02-22 00:00:00,29.45,29.47,28.81,29.14,46473.675
2024-02-22 04:00:00,29.15,30.5,29.13,30.37,87769.039
2024-02-22 08:00:00,30.37,31.01,30.25,30.4,142597.936
2024-02-22 12:00:00,30.41,30.67,29.73,30.2,82041.416
2024-02-22 16:00:00,30.19,30.27,29.8,30.03,41409.638
2024-02-22 20:00:00,30.02,30.31,29.54,29.68,53935.362
2024-02-23 00:00:00,29.68,29.85,29.09,29.23,59137.303
2024-02-23 04:00:00,29.23,29.71,28.94,29.38,58141.377
2024-02-23 08:00:00,29.38,29.45,28.9,29.32,63664.584
2024-02-23 12:00:00,29.33,29.66,29.02,29.22,83478.487
2024-02-23 16:00:00,29.21,29.81,28.78,29.63,82688.474
2024-02-23 20:00:00,29.63,29.87,29.12,29.51,46493.279
2024-02-24 00:00:00,29.52,29.86,29.08,29.68,65875.372
2024-02-24 04:00:00,29.69,30.46,29.64,30.31,51250.896
2024-02-24 08:00:00,30.3,30.67,29.95,30.48,64837.298
2024-02-24 12:00:00,30.48,30.8,30.27,30.44,90678.02
2024-02-24 16:00:00,30.44,30.83,30.18,30.44,92507.299
2024-02-24 20:00:00,30.45,30.75,30.26,30.51,52964.35
2024-02-25 00:00:00,30.51,30.65,30.04,30.22,57413.564
2024-02-25 04:00:00,30.22,30.31,29.87,30.02,52930.28
2024-02-25 08:00:00,30.02,30.34,29.77,30.24,47365.796
2024-02-25 12:00:00,30.24,30.38,29.95,30.02,53688.622
2024-02-25 16:00:00,30.02,30.27,29.79,30.13,48757.504
2024-02-25 20:00:00,30.14,31.11,30.12,31.02,98113.62
2024-02-26 00:00:00,31.03,31.4,30.74,30.92,85566.724
2024-02-26 04:00:00,30.92,31.16,30.64,30.66,58983.85
2024-02-26 08:00:00,30.67,30.81,29.96,30.47,95290.107
2024-02-26 12:00:00,30.46,31.29,30.24,31.21,91366.2
2024-02-26 16:00:00,31.2,31.81,30.97,31.76,123440.315
2024-02-26 20:00:00,31.75,31.98,31.46,31.82,73257.975
2024-02-27 00:00:00,31.82,32.56,31.61,32.17,111704.859
2024-02-27 04:00:00,32.18,32.43,31.64,31.98,100426.877
2024-02-27 08:00:00,31.98,32.27,31.85,31.98,54964.747
2024-02-27 12:00:00,31.98,32.27,31.66,31.82,119695.228
2024-02-27 16:00:00,31.81,32.39,31.4,32.27,101701.898
2024-02-27 20:00:00,32.27,32.41,31.97,32.11,40226.761
2024-02-28 00:00:00,32.12,32.42,31.85,31.89,49507.448
2024-02-28 04:00:00,31.88,32.33,31.85,32.28,53479.632
2024-02-28 08:00:00,32.29,32.81,31.7,32.14,132210.323
2024-02-28 12:00:00,32.14,32.66,32.11,32.22,98990.62
2024-02-28 16:00:00,32.22,33.1,27.69,30.49,429466.527
2024-02-28 20:00:00,30.49,31.3,30.18,31.24,113568.331
2024-02-29 00:00:00,31.25,31.88,30.99,31.85,73892.161
2024-02-29 04:00:00,31.86,33.49,31.76,33.17,186840.934
2024-02-29 08:00:00,33.16,33.63,32.91,33.23,104883.504
2024-02-29 12:00:00,33.23,33.89,32.79,33.62,118357.516
2024-02-29 16:00:00,33.62,33.69,32.08,32.78,166343.611
2024-02-29 20:00:00,32.77,32.9,31.1,32.03,123881.204
2024-03-01 00:00:00,32.03,32.79,32.03,32.48,65697.134
2024-03-01 04:00:00,32.49,33.08,32.43,32.98,73125.272
2024-03-01 08:00:00,32.98,33.38,32.73,33.24,91678.376
2024-03-01 12:00:00,33.25,33.4,32.59,32.75,81758.204
2024-03-01 16:00:00,32.75,33.58,32.69,33.57,73982.188
2024-03-01 20:00:00,33.57,34.29,33.44,34.0,127127.449
2024-03-02 00:00:00,34.01,35.72,33.85,35.67,230094.42
2024-03-02 04:00:00,35.68,35.95,34.73,35.31,198504.332
2024-03-02 08:00:00,35.31,35.8,34.78,35.64,107923.752
2024-03-02 12:00:00,35.63,36.38,35.38,35.8,138780.137
2024-03-02 16:00:00,35.79,36.82,35.74,36.76,119547.993
2024-03-02 20:00:00,36.76,40.99,36.67,39.92,359340.41
2024-03-03 00:00:00,39.91,40.24,37.61,38.36,242856.863
2024-03-03 04:00:00,38.35,38.82,33.74,37.0,246258.133
2024-03-03 08:00:00,37.0,37.79,36.62,37.46,139455.99
2024-03-03 12:00:00,37.46,37.9,37.29,37.75,97999.222
2024-03-03 16:00:00,37.74,38.49,37.68,38.26,102898.931
2024-03-03 20:00:00,38.27,38.5,37.79,38.07,69797.922
2024-03-04 00:00:00,38.07,38.6,36.68,38.02,143713.338
2024-03-04 04:00:00,38.01,39.51,37.87,39.3,103128.476
2024-03-04 08:00:00,39.31,39.75,38.38,39.35,146330.264
2024-03-04 12:00:00,39.35,40.23,38.91,39.75,196617.182
2024-03-04 16:00:00,39.75,39.87,37.45,39.05,187450.25
2024-03-04 20:00:00,39.05,39.84,38.7,39.31,110772.41
2024-03-05 00:00:00,39.31,39.83,38.72,39.41,105281.641
2024-03-05 04:00:00,39.4,40.48,38.6,40.13,213212.113
2024-03-05 08:00:00,40.13,41.41,39.62,39.99,173559.244
2024-03-05 12:00:00,39.99,40.93,39.28,40.0,174077.82
2024-03-05 16:00:00,39.98,40.37,30.92,33.84,402865.48
2024-03-05 20:00:00,33.88,35.74,33.41,35.47,266626.14
2024-03-06 00:00:00,35.46,36.05,34.74,35.58,131939.139
2024-03-06 04:00:00,35.59,37.82,35.53,37.75,137903.684
2024-03-06 08:00:00,37.74,38.51,37.54,38.08,131138.231
2024-03-06 12:00:00,38.07,38.17,36.59,37.65,157312.313
2024-03-06 16:00:00,37.65,38.72,37.44,38.29,123027.38
2024-03-06 20:00:00,38.29,39.04,37.97,38.72,86384.224
2024-03-07 00:00:00,38.73,39.33,38.09,38.67,113151.244
2024-03-07 04:00:00,38.69,39.23,38.04,39.11,98982.918
2024-03-07 08:00:00,39.1,39.89,38.61,39.35,153012.957
2024-03-07 12:00:00,39.35,39.51,38.28,38.81,102309.811
2024-03-07 16:00:00,38.81,39.48,38.46,39.39,101702.338
2024-03-07 20:00:00,39.39,39.85,39.16,39.23,84826.302
2024-03-08 00:00:00,39.23,39.79,38.56,39.33,101968.547
2024-03-08 04:00:00,39.33,39.41,38.95,39.09,57033.341
2024-03-08 08:00:00,39.09,39.48,38.93,39.29,54597.94
2024-03-08 12:00:00,39.29,40.05,38.05,38.42,166039.455
2024-03-08 16:00:00,38.41,39.27,37.35,39.27,136462.088
2024-03-08 20:00:00,39.27,41.0,39.26,40.55,137617.029
2024-03-09 00:00:00,40.56,41.17,40.16,40.38,81637.715
2024-03-09 04:00:00,40.37,40.57,40.03,40.29,74145.656
2024-03-09 08:00:00,40.27,40.66,39.71,40.26,89270.376
2024-03-09 12:00:00,40.25,40.73,40.06,40.53,58801.815
2024-03-09 16:00:00,40.52,40.76,40.09,40.35,87842.398
2024-03-09 20:00:00,40.35,40.8,40.1,40.44,63984.674
2024-03-10 00:00:00,40.43,40.97,40.06,40.25,70087.297
2024-03-10 04:00:00,40.25,41.02,39.85,40.71,95751.962
2024-03-10 08:00:00,40.71,41.51,40.44,40.71,129213.448
2024-03-10 12:00:00,40.71,41.16,39.09,39.76,125114.981
2024-03-10 16:00:00,39.76,40.63,39.74,40.53,112380.671
2024-03-10 20:00:00,40.52,40.9,39.23,40.39,99585.449
2024-03-11 00:00:00,40.39,40.43,37.8,39.63,138786.649
2024-03-11 04:00:00,39.63,41.18,39.29,40.33,137534.327
2024-03-11 08:00:00,40.34,41.76,40.32,41.44,159263.319
2024-03-11 12:00:00,41.44,42.86,41.07,42.37,187235.085
2024-03-11 16:00:00,42.38,44.26,42.09,43.29,260463.665
2024-03-11 20:00:00,43.3,43.69,43.12,43.19,100952.203
2024-03-12 00:00:00,43.2,44.0,43.02,43.08,92884.874
2024-03-12 04:00:00,43.09,43.79,42.05,42.49,91412.86
2024-03-12 08:00:00,42.48,42.68,41.27,42.25,97256.574
2024-03-12 12:00:00,42.26,43.07,41.42,42.28,175441.013
2024-03-12 16:00:00,42.27,42.54,39.63,42.46,226104.82
2024-03-12 20:00:00,42.46,42.62,41.88,42.61,57701.183
2024-03-13 00:00:00,42.61,42.99,42.21,42.75,67230.479
2024-03-13 04:00:00,42.75,43.5,42.56,43.14,75978.885
2024-03-13 08:00:00,43.14,44.21,43.1,43.94,97595.819
2024-03-13 12:00:00,43.94,44.02,42.0,42.3,145338.339
2024-03-13 16:00:00,42.31,42.85,42.16,42.4,91231.568
2024-03-13 20:00:00,42.39,43.0,41.96,42.98,103127.503
2024-03-14 00:00:00,42.98,43.0,42.12,42.66,72249.669
2024-03-14 04:00:00,42.66,42.7,41.4,41.66,91001.662
2024-03-14 08:00:00,41.65,42.51,41.03,41.7,103971.585
2024-03-14 12:00:00,41.69,41.81,39.68,40.01,180841.244
2024-03-14 16:00:00,40.02,40.82,38.63,39.59,149366.364
2024-03-14 20:00:00,39.58,41.02,39.54,40.7,93722.848
2024-03-15 00:00:00,40.7,41.38,36.89,38.76,197412.175
2024-03-15 04:00:00,38.76,39.1,37.71,38.91,117567.282
2024-03-15 08:00:00,38.91,39.0,35.57,37.41,219788.36
2024-03-15 12:00:00,37.4,38.29,37.19,37.81,118966.138
2024-03-15 16:00:00,37.81,39.42,37.4,38.18,139205.49
2024-03-15 20:00:00,38.19,39.02,37.29,38.95,98989.353
2024-03-16 00:00:00,38.96,39.31,38.76,39.09,62957.186
2024-03-16 04:00:00,39.09,39.37,38.45,39.32,61847.88
2024-03-16 08:00:00,39.33,39.52,38.35,38.83,67188.527
2024-03-16 12:00:00,38.84,38.9,37.15,38.16,104076.979
2024-03-16 16:00:00,38.16,38.18,35.46,36.15,149784.627
2024-03-16 20:00:00,36.13,36.6,35.3,36.13,115406.02
2024-03-17 00:00:00,36.13,36.86,35.5,36.83,75394.495
2024-03-17 04:00:00,36.83,36.88,34.14,35.23,104000.957
2024-03-17 08:00:00,35.21,37.05,35.07,36.57,87111.865
2024-03-17 12:00:00,36.58,37.36,35.78,37.24,89681.61
2024-03-17 16:00:00,37.23,37.57,36.92,37.55,68651.078
2024-03-17 20:00:00,37.55,37.76,36.99,37.2,70095.969
2024-03-18 00:00:00,37.2,37.24,35.78,36.91,73978.13
2024-03-18 04:00:00,36.91,37.49,36.55,36.87,48142.485
2024-03-18 08:00:00,36.88,36.89,35.93,36.6,67643.179
2024-03-18 12:00:00,36.6,36.79,34.86,35.35,107766.418
2024-03-18 16:00:00,35.34,35.77,34.56,34.81,82123.927
2024-03-18 20:00:00,34.83,35.77,34.82,35.49,49716.625
2024-03-19 00:00:00,35.49,35.84,33.12,34.01,162182.616
2024-03-19 04:00:00,34.01,34.27,31.65,33.11,150771.042
2024-03-19 08:00:00,33.11,33.11,31.52,32.88,180085.437
2024-03-19 12:00:00,32.87,33.87,32.45,33.85,108901.716
2024-03-19 16:00:00,33.86,34.46,33.59,34.06,117381.658
2024-03-19 20:00:00,34.07,34.2,31.83,32.72,149468.531
2024-03-20 00:00:00,32.72,33.76,32.59,32.78,100130.085
2024-03-20 04:00:00,32.79,33.99,31.57,33.82,113413.45
2024-03-20 08:00:00,33.81,34.3,33.41,34.16,70475.961
2024-03-20 12:00:00,34.15,34.48,33.28,33.46,91807.632
2024-03-20 16:00:00,33.45,35.52,32.19,35.39,146275.365
2024-03-20 20:00:00,35.39,36.28,35.2,35.8,121425.31
2024-03-21 00:00:00,35.8,36.36,35.55,35.86,81733.733
2024-03-21 04:00:00,35.87,36.07,34.91,35.64,68462.952
2024-03-21 08:00:00,35.63,36.14,35.62,35.93,63084.671
2024-03-21 12:00:00,35.93,36.17,35.48,35.8,74211.86
2024-03-21 16:00:00,35.8,36.35,34.81,35.64,100832.764
2024-03-21 20:00:00,35.62,36.25,35.18,35.79,97720.342
2024-03-22 00:00:00,35.78,36.45,35.42,36.38,82298.301
2024-03-22 04:00:00,36.38,36.81,36.18,36.53,51207.289
2024-03-22 08:00:00,36.52,36.66,35.18,35.32,65064.087
2024-03-22 12:00:00,35.32,35.72,34.27,35.2,129263.839
2024-03-22 16:00:00,35.21,35.31,34.59,34.93,96130.88
2024-03-22 20:00:00,34.93,35.13,34.04,35.13,76953.789
2024-03-23 00:00:00,35.13,35.54,34.58,34.95,46520.559
2024-03-23 04:00:00,34.94,35.67,34.87,35.52,34605.096
2024-03-23 08:00:00,35.53,35.78,35.27,35.61,39581.828
2024-03-23 12:00:00,35.61,36.24,35.47,36.19,60968.765
2024-03-23 16:00:00,36.19,36.43,36.01,36.1,59564.006
2024-03-23 20:00:00,36.1,36.36,35.65,35.73,49682.582
2024-03-24 00:00:00,35.73,36.49,35.66,35.71,47022.802
2024-03-24 04:00:00,35.71,36.04,35.44,35.89,41922.714
2024-03-24 08:00:00,35.89,36.32,35.85,36.23,30177.454
2024-03-24 12:00:00,36.23,36.7,36.16,36.56,41169.94
2024-03-24 16:00:00,36.57,36.86,35.84,36.73,61978.009
2024-03-24 20:00:00,36.73,37.46,36.67,37.07,38582.081
2024-03-25 00:00:00,37.08,37.26,36.77,37.19,35198.692
2024-03-25 04:00:00,37.19,37.45,36.69,36.78,38826.255
2024-03-25 08:00:00,36.77,37.3,36.58,36.69,29312.871
2024-03-25 12:00:00,36.68,37.84,36.62,37.59,55778.88
2024-03-25 16:00:00,37.6,38.3,37.44,38.26,65896.603
2024-03-25 20:00:00,38.26,38.43,37.55,38.06,52359.311
2024-03-26 00:00:00,38.05,38.95,37.98,38.68,33301.969
2024-03-26 04:00:00,38.68,39.03,38.41,38.5,33933.589
2024-03-26 08:00:00,38.51,39.33,38.38,39.23,39346.068
2024-03-26 12:00:00,39.23,39.6,37.61,38.14,121149.218
2024-03-26 16:00:00,38.13,38.63,37.54,38.16,72097.903
2024-03-26 20:00:00,38.16,38.98,38.16,38.85,49146.621
2024-03-27 00:00:00,38.84,39.28,38.53,38.56,33923.713
2024-03-27 04:00:00,38.56,38.73,37.77,37.94,37110.457
2024-03-27 08:00:00,37.94,38.32,37.22,38.29,60831.934
2024-03-27 12:00:00,38.29,38.82,36.39,37.32,135884.935
2024-03-27 16:00:00,37.33,37.97,37.07,37.75,48886.717
2024-03-27 20:00:00,37.75,38.14,37.72,37.95,27162.28
2024-03-28 00:00:00,37.95,38.25,37.41,37.8,43037.22
2024-03-28 04:00:00,37.8,39.01,37.77,38.97,50883.307
2024-03-28 08:00:00,38.97,39.1,38.35,38.53,38524.241
2024-03-28 12:00:00,38.53,38.68,37.95,38.4,40751.905
2024-03-28 16:00:00,38.41,38.53,38.2,38.44,23854.275
2024-03-28 20:00:00,38.45,38.58,38.1,38.37,34295.133
2024-03-29 00:00:00,38.37,38.59,38.05,38.57,35111.944
2024-03-29 04:00:00,38.57,39.1,37.85,38.03,64481.138
2024-03-29 08:00:00,38.03,40.41,38.03,40.18,132641.716
2024-03-29 12:00:00,40.19,40.61,39.0,39.23,171276.504
2024-03-29 16:00:00,39.23,39.79,38.9,39.13,61540.597
2024-03-29 20:00:00,39.13,39.93,38.92,39.87,45016.729
2024-03-30 00:00:00,39.88,40.1,39.56,39.72,50828.58
2024-03-30 04:00:00,39.71,39.82,38.75,38.85,46249.851
2024-03-30 08:00:00,38.83,39.57,38.74,39.31,44836.394
2024-03-30 12:00:00,39.3,39.49,39.11,39.22,32794.311
2024-03-30 16:00:00,39.23,39.39,38.77,39.2,31179.283
2024-03-30 20:00:00,39.19,39.19,38.46,38.83,41079.719
2024-03-31 00:00:00,38.82,39.47,38.67,39.36,31770.46
2024-03-31 04:00:00,39.36,40.1,39.15,39.81,40515.748
2024-03-31 08:00:00,39.82,40.14,39.6,39.62,41354.99
2024-03-31 12:00:00,39.61,39.86,39.48,39.63,27797.395
2024-03-31 16:00:00,39.63,39.92,39.55,39.76,25108.753
2024-03-31 20:00:00,39.77,40.17,39.75,40.08,41344.119
2024-04-01 00:00:00,40.07,40.58,39.81,40.36,59462.825
2024-04-01 04:00:00,40.37,40.41,37.96,39.12,124870.158
2024-04-01 08:00:00,39.12,39.13,38.07,38.29,46344.913
2024-04-01 12:00:00,38.28,39.08,36.92,37.27,96328.436
2024-04-01 16:00:00,37.27,37.79,36.76,37.75,45375.549
2024-04-01 20:00:00,37.76,37.97,37.54,37.82,22454.116
2024-04-02 00:00:00,37.81,37.83,35.36,36.2,102283.182
2024-04-02 04:00:00,36.2,36.51,35.71,36.06,55026.553
2024-04-02 08:00:00,36.07,36.17,34.68,35.2,82082.018
2024-04-02 12:00:00,35.19,35.92,34.5,35.04,75305.996
2024-04-02 16:00:00,35.04,35.91,34.77,35.8,50014.785
2024-04-02 20:00:00,35.8,36.52,35.58,36.03,52484.86
2024-04-03 00:00:00,36.02,36.74,35.0,36.58,98568.878
2024-04-03 04:00:00,36.58,36.91,36.39,36.52,47947.678
2024-04-03 08:00:00,36.51,37.05,36.18,36.3,40591.329
2024-04-03 12:00:00,36.31,36.57,35.55,35.92,54411.724
2024-04-03 16:00:00,35.91,36.3,35.22,35.44,47025.828
2024-04-03 20:00:00,35.45,35.93,34.87,35.65,33828.025
2024-04-04 00:00:00,35.64,36.35,35.28,35.47,38883.966
2024-04-04 04:00:00,35.46,36.36,35.15,36.36,77882.051
2024-04-04 08:00:00,36.35,37.08,36.3,36.78,46594.486
2024-04-04 12:00:00,36.77,37.76,36.73,36.85,83871.82
2024-04-04 16:00:00,36.85,37.46,36.7,36.77,41918.349
2024-04-04 20:00:00,36.77,37.06,36.06,37.03,53991.012
2024-04-05 00:00:00,37.03,37.29,36.2,36.92,44503.514
2024-04-05 04:00:00,36.93,37.0,35.82,36.08,37571.913
2024-04-05 08:00:00,36.08,36.39,35.41,35.5,59438.722
2024-04-05 12:00:00,35.5,36.34,35.22,36.3,70228.673
2024-04-05 16:00:00,36.28,36.43,35.94,36.01,37403.052
2024-04-05 20:00:00,36.01,36.29,35.91,35.93,25218.424
2024-04-06 00:00:00,35.93,36.31,35.75,36.23,30099.827
2024-04-06 04:00:00,36.24,36.75,36.19,36.43,33245.705
2024-04-06 08:00:00,36.44,37.07,36.43,36.83,50325.754
2024-04-06 12:00:00,36.83,37.27,36.56,36.98,55666.379
2024-04-06 16:00:00,36.97,37.28,36.9,37.18,32148.894
2024-04-06 20:00:00,37.2,37.53,37.06,37.15,30598.254
2024-04-07 00:00:00,37.15,38.02,36.97,37.92,48300.365
2024-04-07 04:00:00,37.91,37.99,37.44,37.47,29484.782
2024-04-07 08:00:00,37.48,37.62,37.25,37.55,32688.536
2024-04-07 12:00:00,37.56,37.69,37.33,37.37,26762.193
2024-04-07 16:00:00,37.38,37.65,36.86,37.01,37256.467
2024-04-07 20:00:00,37.01,37.53,36.96,37.49,34246.789
2024-04-08 00:00:00,37.5,37.68,37.03,37.19,36335.638
2024-04-08 04:00:00,37.2,37.76,37.05,37.73,29330.446
2024-04-08 08:00:00,37.74,38.79,37.69,38.65,66857.49
2024-04-08 12:00:00,38.66,39.07,38.44,38.86,68342.627
2024-04-08 16:00:00,38.89,39.41,38.83,39.4,44697.768
2024-04-08 20:00:00,39.41,39.66,39.2,39.22,34937.331
2024-04-09 00:00:00,39.22,39.51,38.81,39.06,53678.401
2024-04-09 04:00:00,39.06,39.24,38.36,38.47,50360.526
2024-04-09 08:00:00,38.46,39.18,37.91,39.14,63525.199
2024-04-09 12:00:00,39.13,39.19,37.73,38.29,92347.044
2024-04-09 16:00:00,38.29,38.36,37.28,37.75,71613.665
2024-04-09 20:00:00,37.74,38.0,36.92,37.07,39285.322
2024-04-10 00:00:00,37.07,37.3,35.94,36.58,66612.429
2024-04-10 04:00:00,36.58,37.22,36.43,36.74,33664.118
2024-04-10 08:00:00,36.73,36.93,36.23,36.55,46397.609
2024-04-10 12:00:00,36.55,36.6,35.2,36.29,88757.48
2024-04-10 16:00:00,36.28,36.93,36.01,36.82,49174.097
2024-04-10 20:00:00,36.83,37.11,36.55,37.02,34773.362
2024-04-11 00:00:00,37.01,37.51,36.79,37.37,35578.333
2024-04-11 04:00:00,37.38,37.49,37.04,37.22,24776.861
2024-04-11 08:00:00,37.22,37.55,36.56,36.64,29135.501
2024-04-11 12:00:00,36.64,37.16,36.3,36.8,48136.719
2024-04-11 16:00:00,36.8,37.17,36.37,37.11,41677.21
2024-04-11 20:00:00,37.12,37.23,36.67,36.9,25981.232
2024-04-12 00:00:00,36.89,37.22,36.8,36.95,30312.198
2024-04-12 04:00:00,36.95,37.25,36.82,36.99,33061.512
2024-04-12 08:00:00,36.98,38.53,36.86,38.18,154654.825
2024-04-12 12:00:00,38.19,38.4,36.16,36.2,119435.083
2024-04-12 16:00:00,36.2,36.36,28.04,31.31,360483.525
2024-04-12 20:00:00,31.31,32.07,31.09,31.79,101667.598
2024-04-13 00:00:00,31.79,31.98,30.59,31.66,80665.517
2024-04-13 04:00:00,31.65,32.34,31.52,31.82,71263.03
2024-04-13 08:00:00,31.82,32.17,31.49,31.67,45112.571
2024-04-13 12:00:00,31.66,32.09,31.23,31.29,58917.577
2024-04-13 16:00:00,31.3,31.43,27.63,27.97,267865.164
2024-04-13 20:00:00,27.97,28.52,25.0,28.18,395524.246
2024-04-14 00:00:00,28.19,28.51,27.14,28.48,143168.736
2024-04-14 04:00:00,28.47,29.76,28.21,29.51,110684.98
2024-04-14 08:00:00,29.51,29.97,29.08,29.32,75108.35
2024-04-14 12:00:00,29.3,29.86,28.74,29.15,102605.133
2024-04-14 16:00:00,29.14,30.0,28.16,29.31,143481.316
2024-04-14 20:00:00,29.32,30.4,28.75,30.09,113699.937
2024-04-15 00:00:00,30.08,30.24,29.31,29.46,59117.712
2024-04-15 04:00:00,29.46,31.48,29.13,31.08,99710.666
2024-04-15 08:00:00,31.07,31.29,30.26,30.33,69875.977
2024-04-15 12:00:00,30.33,30.57,28.42,29.1,141967.828
2024-04-15 16:00:00,29.12,29.29,27.14,28.32,183536.136
2024-04-15 20:00:00,28.33,28.62,27.68,28.41,68818.242
2024-04-16 00:00:00,28.42,28.71,27.55,27.65,88770.693
2024-04-16 04:00:00,27.64,28.84,27.08,28.6,90040.49
2024-04-16 08:00:00,28.59,28.67,27.31,28.39,109390.19
2024-04-16 12:00:00,28.39,28.4,26.73,26.86,197166.737
2024-04-16 16:00:00,26.86,28.07,26.71,27.76,139737.351
2024-04-16 20:00:00,27.75,28.55,27.67,28.17,58773.123
2024-04-17 00:00:00,28.16,28.32,27.69,27.98,58705.426
2024-04-17 04:00:00,27.98,28.39,27.65,28.0,69169.989
2024-04-17 08:00:00,28.0,28.15,27.35,27.4,54188.971
2024-04-17 12:00:00,27.41,27.82,26.63,26.87,139646.599
2024-04-17 16:00:00,26.88,28.19,26.51,27.85,123404.195
2024-04-17 20:00:00,27.86,28.03,27.4,27.57,60774.914
2024-04-18 00:00:00,27.58,28.28,26.96,28.07,119336.771
2024-04-18 04:00:00,28.06,28.25,27.33,27.53,65681.101
2024-04-18 08:00:00,27.54,28.99,27.3,28.53,125732.2
2024-04-18 12:00:00,28.52,28.99,27.82,28.73,142762.402
2024-04-18 16:00:00,28.73,29.12,28.32,28.98,100655.232
2024-04-18 20:00:00,28.98,29.28,28.8,29.02,60218.17
2024-04-19 00:00:00,29.01,29.03,26.91,28.24,199733.388
2024-04-19 04:00:00,28.23,29.89,28.08,29.41,98584.377
2024-04-19 08:00:00,29.41,29.81,29.31,29.55,45472.615
2024-04-19 12:00:00,29.54,30.15,29.4,30.07,77871.492
2024-04-19 16:00:00,30.06,30.36,29.61,30.02,73178.037
2024-04-19 20:00:00,30.02,30.1,29.09,29.56,67052.451
2024-04-20 00:00:00,29.57,29.94,29.26,29.7,55011.767
2024-04-20 04:00:00,29.71,30.04,29.59,29.92,27608.719
2024-04-20 08:00:00,29.92,29.94,29.53,29.84,28634.839
2024-04-20 12:00:00,29.85,30.47,29.73,30.44,37681.454
2024-04-20 16:00:00,30.44,31.4,30.3,31.21,65219.054
2024-04-20 20:00:00,31.22,31.54,31.13,31.48,31883.999
2024-04-21 00:00:00,31.48,31.63,30.97,31.26,41250.828
2024-04-21 04:00:00,31.26,31.43,30.97,31.2,32687.264
2024-04-21 08:00:00,31.21,31.22,30.7,30.95,55752.938
2024-04-21 12:00:00,30.95,31.04,30.46,30.78,54241.829
2024-04-21 16:00:00,30.79,30.8,30.05,30.58,68674.132
2024-04-21 20:00:00,30.57,30.92,30.48,30.65,32331.852
2024-04-22 00:00:00,30.65,31.57,30.56,31.36,51582.753
2024-04-22 04:00:00,31.36,31.81,31.18,31.2,60076.872
2024-04-22 08:00:00,31.2,31.54,31.13,31.38,35528.005
2024-04-22 12:00:00,31.38,31.51,30.91,31.28,53136.368
2024-04-22 16:00:00,31.27,31.58,31.08,31.54,71810.915
2024-04-22 20:00:00,31.55,31.91,31.47,31.68,83531.807
2024-04-23 00:00:00,31.68,32.04,31.27,31.31,55871.956
2024-04-23 04:00:00,31.31,31.73,31.04,31.14,49285.66
2024-04-23 08:00:00,31.16,31.46,30.98,31.16,37517.83
2024-04-23 12:00:00,31.16,31.64,31.01,31.32,53412.23
2024-04-23 16:00:00,31.33,31.62,31.22,31.51,40504.891
2024-04-23 20:00:00,31.51,31.67,31.06,31.27,43617.272
2024-04-24 00:00:00,31.27,31.69,31.06,31.42,38234.481
2024-04-24 04:00:00,31.41,31.94,31.38,31.6,41698.563
2024-04-24 08:00:00,31.59,32.25,31.42,32.09,48036.991
2024-04-24 12:00:00,32.09,32.2,30.51,30.6,92357.051
2024-04-24 16:00:00,30.6,31.12,30.21,30.57,68478.426
2024-04-24 20:00:00,30.56,30.67,29.58,30.03,62599.897
2024-04-25 00:00:00,30.04,30.43,29.72,29.94,48352.724
2024-04-25 04:00:00,29.95,30.2,29.44,29.84,43180.021
2024-04-25 08:00:00,29.84,30.08,29.4,30.0,48602.919
2024-04-25 12:00:00,30.0,30.58,29.55,30.54,63545.494
2024-04-25 16:00:00,30.54,30.99,30.38,30.66,41097.041
2024-04-25 20:00:00,30.66,30.98,30.38,30.5,28084.949
2024-04-26 00:00:00,30.5,30.65,29.82,30.36,45084.684
2024-04-26 04:00:00,30.38,30.71,30.12,30.39,31506.675
2024-04-26 08:00:00,30.38,30.54,29.94,30.22,31591.976
2024-04-26 12:00:00,30.22,30.43,29.53,30.16,75409.3
2024-04-26 16:00:00,30.17,30.51,29.95,30.41,37452.864
2024-04-26 20:00:00,30.41,30.71,29.94,30.24,26645.79
2024-04-27 00:00:00,30.25,30.43,29.12,30.01,65387.334
2024-04-27 04:00:00,30.0,30.29,29.67,29.71,37198.853
2024-04-27 08:00:00,29.7,29.77,28.83,29.11,66373.647
2024-04-27 12:00:00,29.13,29.52,29.01,29.12,38642.128
2024-04-27 16:00:00,29.12,29.86,29.04,29.58,56916.326
2024-04-27 20:00:00,29.58,29.68,29.35,29.58,23024.81
2024-04-28 00:00:00,29.58,30.16,29.54,30.01,35742.606
2024-04-28 04:00:00,30.02,30.19,29.89,30.11,29475.835
2024-04-28 08:00:00,30.11,30.13,29.48,29.55,40430.513
2024-04-28 12:00:00,29.55,29.94,29.49,29.54,32422.407
2024-04-28 16:00:00,29.55,30.06,29.52,29.83,35613.414
2024-04-28 20:00:00,29.83,29.99,29.19,29.34,34998.122
2024-04-29 00:00:00,29.35,29.62,28.78,28.83,56559.202
2024-04-29 04:00:00,28.84,29.13,28.35,28.57,53507.899
2024-04-29 08:00:00,28.56,28.79,28.26,28.55,54566.878
2024-04-29 12:00:00,28.54,29.08,28.31,29.01,55875.313
2024-04-29 16:00:00,29.01,29.22,28.86,29.13,39264.694
2024-04-29 20:00:00,29.12,29.63,28.94,29.41,41829.496
2024-04-30 00:00:00,29.42,29.71,28.89,29.32,46786.28
2024-04-30 04:00:00,29.32,29.37,28.93,28.96,25361.695
2024-04-30 08:00:00,28.95,29.03,27.63,27.71,93865.514
2024-04-30 12:00:00,27.7,27.88,27.08,27.48,100221.104
2024-04-30 16:00:00,27.48,27.59,26.95,27.2,86631.199
2024-04-30 20:00:00,27.22,28.24,27.22,28.03,52745.823
2024-05-01 00:00:00,28.03,28.14,27.49,27.99,53415.624
2024-05-01 04:00:00,27.99,28.15,26.67,26.97,80476.249
2024-05-01 08:00:00,26.97,27.44,26.4,27.43,88347.401
2024-05-01 12:00:00,27.43,27.68,27.1,27.33,68994.475
2024-05-01 16:00:00,27.33,28.62,27.17,27.87,102921.495
2024-05-01 20:00:00,27.87,28.67,27.74,28.57,37551.199
2024-05-02 00:00:00,28.57,28.67,27.81,28.24,30687.331
2024-05-02 04:00:00,28.24,28.41,28.07,28.29,20661.714
2024-05-02 08:00:00,28.29,29.06,28.21,29.0,34042.317
2024-05-02 12:00:00,28.99,29.0,28.42,28.7,46026.58
2024-05-02 16:00:00,28.69,29.11,28.48,29.11,39539.368
2024-05-02 20:00:00,29.11,29.47,28.99,29.08,36268.596
2024-05-03 00:00:00,29.08,29.75,28.97,29.24,32701.907
2024-05-03 04:00:00,29.25,29.34,28.86,28.87,25239.373
2024-05-03 08:00:00,28.86,29.18,28.77,29.03,40843.072
2024-05-03 12:00:00,29.03,29.85,28.99,29.75,65113.093
2024-05-03 16:00:00,29.75,29.87,29.58,29.82,28557.777
2024-05-03 20:00:00,29.82,30.16,29.67,29.74,34537.397
2024-05-04 00:00:00,29.74,29.85,29.42,29.62,29431.087
2024-05-04 04:00:00,29.62,29.79,29.47,29.51,22506.838
2024-05-04 08:00:00,29.51,29.92,29.45,29.67,29282.787
2024-05-04 12:00:00,29.67,29.78,29.38,29.58,34934.119
2024-05-04 16:00:00,29.58,29.8,29.42,29.66,32066.883
2024-05-04 20:00:00,29.66,29.73,29.15,29.17,30273.842
2024-05-05 00:00:00,29.18,29.33,28.7,28.85,44429.259
2024-05-05 04:00:00,28.86,29.03,28.66,28.97,22224.021
2024-05-05 08:00:00,28.97,29.15,28.76,28.98,33727.201
2024-05-05 12:00:00,28.98,29.36,28.72,29.31,48984.304
2024-05-05 16:00:00,29.32,29.53,29.19,29.24,29005.963
2024-05-05 20:00:00,29.24,29.25,28.96,29.22,33278.213
2024-05-06 00:00:00,29.21,29.55,29.04,29.27,30574.678
2024-05-06 04:00:00,29.26,29.62,29.06,29.6,24695.124
2024-05-06 08:00:00,29.59,30.03,29.11,29.46,69199.466
2024-05-06 12:00:00,29.46,29.5,28.72,29.14,76390.351
2024-05-06 16:00:00,29.13,29.36,28.91,29.22,45276.466
2024-05-06 20:00:00,29.23,29.34,29.02,29.06,25158.671
2024-05-07 00:00:00,29.05,29.37,28.65,28.9,37438.722
2024-05-07 04:00:00,28.89,29.07,28.69,28.79,33698.82
2024-05-07 08:00:00,28.79,29.22,28.76,28.83,41279.55
2024-05-07 12:00:00,28.84,29.3,28.83,29.13,44804.24
2024-05-07 16:00:00,29.14,29.24,28.87,29.04,33652.098
2024-05-07 20:00:00,29.04,29.11,28.48,28.57,48539.358
2024-05-08 00:00:00,28.56,28.77,28.37,28.73,39071.699
2024-05-08 04:00:00,28.73,28.78,28.21,28.24,32651.955
2024-05-08 08:00:00,28.24,28.71,28.16,28.4,54254.399
2024-05-08 12:00:00,28.41,29.21,28.24,29.08,58747.103
2024-05-08 16:00:00,29.08,29.63,28.8,29.42,50957.423
2024-05-08 20:00:00,29.42,29.67,28.91,29.39,60433.951
2024-05-09 00:00:00,29.39,29.66,29.25,29.57,32811.911
2024-05-09 04:00:00,29.57,29.62,29.02,29.16,31000.49
2024-05-09 08:00:00,29.16,29.29,28.75,29.04,45184.263
2024-05-09 12:00:00,29.04,29.93,29.02,29.81,58232.963
2024-05-09 16:00:00,29.8,30.19,29.76,30.03,54376.045
2024-05-09 20:00:00,30.03,30.14,29.87,29.98,34281.878
2024-05-10 00:00:00,29.98,30.08,29.81,30.01,23993.889
2024-05-10 04:00:00,30.01,30.32,29.96,30.22,28845.216
2024-05-10 08:00:00,30.22,30.3,30.08,30.29,20989.51
2024-05-10 12:00:00,30.28,30.33,29.11,29.26,91598.844
2024-05-10 16:00:00,29.27,29.43,28.9,29.04,69167.871
2024-05-10 20:00:00,29.04,29.2,28.74,29.15,35591.583
2024-05-11 00:00:00,29.15,29.32,28.96,29.01,23350.228
2024-05-11 04:00:00,29.01,29.36,28.99,29.22,25143.094
2024-05-11 08:00:00,29.23,29.26,28.79,28.91,26247.148
2024-05-11 12:00:00,28.9,29.31,28.89,29.19,29305.861
2024-05-11 16:00:00,29.19,29.25,28.98,29.05,21045.843
2024-05-11 20:00:00,29.04,29.06,28.53,28.57,25550.386
2024-05-12 00:00:00,28.56,28.69,28.39,28.46,24626.861
2024-05-12 04:00:00,28.46,28.56,28.19,28.26,24825.675
2024-05-12 08:00:00,28.26,28.57,28.2,28.44,26971.745
2024-05-12 12:00:00,28.45,28.54,28.28,28.39,28234.628
2024-05-12 16:00:00,28.39,28.46,27.92,28.05,47587.025
2024-05-12 20:00:00,28.04,28.04,27.6,27.8,37520.363
2024-05-13 00:00:00,27.8,28.01,26.84,27.25,71980.861
2024-05-13 04:00:00,27.24,28.03,27.06,27.99,46224.491
2024-05-13 08:00:00,28.0,28.45,28.0,28.34,70529.897
2024-05-13 12:00:00,28.34,28.37,28.01,28.23,54099.536
2024-05-13 16:00:00,28.23,28.49,27.97,28.29,48633.849
2024-05-13 20:00:00,28.28,28.35,28.04,28.12,39409.021
2024-05-14 00:00:00,28.13,28.26,27.82,27.9,35234.975
2024-05-14 04:00:00,27.89,28.19,27.44,27.9,45039.044
2024-05-14 08:00:00,27.9,27.91,27.59,27.78,41428.327
2024-05-14 12:00:00,27.77,28.01,27.47,27.87,69422.592
2024-05-14 16:00:00,27.87,27.91,27.49,27.74,40107.591
2024-05-14 20:00:00,27.74,27.78,27.28,27.39,26143.3
2024-05-15 00:00:00,27.38,27.75,27.27,27.75,29412.63
2024-05-15 04:00:00,27.74,27.76,27.49,27.68,22205.973
2024-05-15 08:00:00,27.67,27.87,27.37,27.68,37985.793
2024-05-15 12:00:00,27.67,28.63,27.62,28.42,78369.529
2024-05-15 16:00:00,28.42,28.96,28.3,28.94,35902.453
2024-05-15 20:00:00,28.95,29.15,28.85,29.01,32055.479
2024-05-16 00:00:00,29.01,29.26,28.9,29.11,25270.493
2024-05-16 04:00:00,29.12,29.23,29.08,29.15,17507.482
2024-05-16 08:00:00,29.15,29.24,28.95,29.2,31088.038
2024-05-16 12:00:00,29.2,29.22,28.58,29.1,64206.671
2024-05-16 16:00:00,29.11,29.36,28.84,29.23,47405.821
2024-05-16 20:00:00,29.23,29.54,28.98,29.41,42250.066
2024-05-17 00:00:00,29.41,29.57,29.17,29.27,27530.085
2024-05-17 04:00:00,29.27,29.62,29.08,29.61,30049.193
2024-05-17 08:00:00,29.6,29.65,29.36,29.45,26871.453
2024-05-17 12:00:00,29.46,29.88,29.24,29.87,46537.693
2024-05-17 16:00:00,29.88,29.98,29.63,29.87,32467.329
2024-05-17 20:00:00,29.88,30.0,29.8,29.83,21903.956
2024-05-18 00:00:00,29.84,30.02,29.74,29.93,25905.417
2024-05-18 04:00:00,29.93,29.99,29.73,29.75,20109.643
2024-05-18 08:00:00,29.75,29.92,29.57,29.65,30274.33
2024-05-18 12:00:00,29.66,29.74,29.25,29.64,37440.077
2024-05-18 16:00:00,29.65,29.91,29.64,29.89,21557.317
2024-05-18 20:00:00,29.9,29.95,29.68,29.77,21370.34
2024-05-19 00:00:00,29.77,29.89,29.6,29.77,12039.084
2024-05-19 04:00:00,29.77,29.8,29.54,29.69,11873.788
2024-05-19 08:00:00,29.69,29.75,29.31,29.56,21374.221
2024-05-19 12:00:00,29.56,29.59,29.02,29.23,43437.389
2024-05-19 16:00:00,29.23,29.27,28.87,28.98,29057.384
2024-05-19 20:00:00,28.98,29.15,28.79,28.81,23798.053
2024-05-20 00:00:00,28.82,29.05,28.46,28.98,32533.056
2024-05-20 04:00:00,28.98,29.37,28.71,29.13,29830.91
2024-05-20 08:00:00,29.14,29.31,28.98,29.08,23050.365
2024-05-20 12:00:00,29.07,29.33,28.89,29.32,24290.734
2024-05-20 16:00:00,29.31,30.79,29.18,30.67,93620.274
2024-05-20 20:00:00,30.67,31.23,30.45,31.06,85625.242
2024-05-21 00:00:00,31.06,31.41,30.59,30.85,36268.589
2024-05-21 04:00:00,30.86,31.05,30.69,30.99,21968.821
2024-05-21 08:00:00,30.99,31.17,30.9,31.0,24521.167
2024-05-21 12:00:00,30.99,31.09,30.63,30.72,49504.76
2024-05-21 16:00:00,30.74,31.31,30.7,30.91,42760.087
2024-05-21 20:00:00,30.91,31.21,30.69,31.11,27104.163
2024-05-22 00:00:00,31.12,31.23,30.93,31.0,17809.236
2024-05-22 04:00:00,31.0,31.18,30.48,30.99,25857.315
2024-05-22 08:00:00,30.98,31.02,30.63,30.68,27689.836
2024-05-22 12:00:00,30.68,30.97,30.32,30.94,55619.822
2024-05-22 16:00:00,30.93,31.04,30.45,30.68,31902.781
2024-05-22 20:00:00,30.69,30.94,30.53,30.76,15934.629
2024-05-23 00:00:00,30.76,31.06,30.71,31.05,18729.933
2024-05-23 04:00:00,31.05,31.11,30.77,30.97,19423.503
2024-05-23 08:00:00,30.98,31.04,30.37,30.81,26946.644
2024-05-23 12:00:00,30.81,31.02,29.9,30.22,88065.323
2024-05-23 16:00:00,30.22,30.28,29.42,29.77,54598.15
2024-05-23 20:00:00,29.78,30.47,28.8,30.44,90975.937
2024-05-24 00:00:00,30.43,30.73,30.31,30.55,32254.054
2024-05-24 04:00:00,30.54,30.65,29.7,30.04,35555.123
2024-05-24 08:00:00,30.04,32.45,29.15,29.87,438443.088
2024-05-24 12:00:00,29.87,30.58,29.56,30.29,118968.699
2024-05-24 16:00:00,30.3,30.52,29.99,30.41,41312.987
2024-05-24 20:00:00,30.42,30.68,30.35,30.59,30234.37
2024-05-25 00:00:00,30.59,30.94,30.52,30.82,47687.733
2024-05-25 04:00:00,30.82,30.96,30.62,30.71,20066.571
2024-05-25 08:00:00,30.72,30.8,30.51,30.53,23701.518
2024-05-25 12:00:00,30.52,30.56,30.14,30.3,47220.807
2024-05-25 16:00:00,30.31,30.62,30.26,30.49,26003.67
2024-05-25 20:00:00,30.49,30.62,30.33,30.58,16491.133
2024-05-26 00:00:00,30.59,30.64,30.06,30.28,33864.393
2024-05-26 04:00:00,30.28,30.39,30.11,30.32,17514.397
2024-05-26 08:00:00,30.32,30.36,29.96,30.11,22676.055
2024-05-26 12:00:00,30.11,30.32,29.75,30.19,32428.401
2024-05-26 16:00:00,30.17,30.32,29.94,29.96,25909.736
2024-05-26 20:00:00,29.97,30.03,29.65,29.83,19138.212
2024-05-27 00:00:00,29.82,30.16,29.78,30.1,15924.387
2024-05-27 04:00:00,30.1,30.2,29.76,29.85,17434.209
2024-05-27 08:00:00,29.85,30.32,29.85,30.28,19979.418
2024-05-27 12:00:00,30.28,30.9,30.21,30.8,45200.441
2024-05-27 16:00:00,30.81,30.97,30.37,30.59,45909.989
2024-05-27 20:00:00,30.59,30.95,30.54,30.82,35775.516
2024-05-28 00:00:00,30.82,30.9,30.24,30.37,54639.167
2024-05-28 04:00:00,30.36,30.46,29.88,30.33,56443.316
2024-05-28 08:00:00,30.34,30.72,30.21,30.6,43190.596
2024-05-28 12:00:00,30.59,30.61,29.94,30.24,60406.297
2024-05-28 16:00:00,30.24,30.47,29.94,30.33,37781.024
2024-05-28 20:00:00,30.32,30.4,30.03,30.09,22560.845
2024-05-29 00:00:00,30.09,30.26,30.03,30.15,17086.824
2024-05-29 04:00:00,30.15,30.48,30.11,30.13,20198.631
2024-05-29 08:00:00,30.13,30.45,29.87,30.1,70598.535
2024-05-29 12:00:00,30.1,30.24,29.89,30.03,37532.851
2024-05-29 16:00:00,30.03,30.22,29.86,29.93,32213.229
2024-05-29 20:00:00,29.94,30.03,29.76,29.87,26412.415
2024-05-30 00:00:00,29.88,30.14,29.86,30.09,24167.273
2024-05-30 04:00:00,30.1,30.19,29.28,29.41,48768.881
2024-05-30 08:00:00,29.42,29.98,29.1,29.77,48373.44
2024-05-30 12:00:00,29.77,30.19,29.7,30.09,38538.959
2024-05-30 16:00:00,30.08,30.34,29.98,30.06,34447.821
2024-05-30 20:00:00,30.06,30.06,29.72,29.97,39313.779
2024-05-31 00:00:00,29.97,30.09,29.73,29.92,33521.038
2024-05-31 04:00:00,29.92,30.2,29.72,30.08,32747.253
2024-05-31 08:00:00,30.09,30.23,29.94,30.1,19219.755
2024-05-31 12:00:00,30.1,30.33,29.84,29.86,47139.681
2024-05-31 16:00:00,29.86,30.28,29.68,30.23,35491.509
2024-05-31 20:00:00,30.23,30.36,30.15,30.26,26454.264
2024-06-01 00:00:00,30.26,30.27,30.08,30.17,15342.682
2024-06-01 04:00:00,30.16,30.31,30.1,30.19,13951.853
2024-06-01 08:00:00,30.2,30.34,30.12,30.3,17974.258
2024-06-01 12:00:00,30.31,30.42,30.2,30.32,23873.13
2024-06-01 16:00:00,30.32,30.38,30.11,30.17,17076.596
2024-06-01 20:00:00,30.16,30.22,29.92,30.03,21362.637
2024-06-02 00:00:00,30.03,30.07,29.81,29.96,26493.213
2024-06-02 04:00:00,29.96,30.13,29.94,29.95,17404.599
2024-06-02 08:00:00,29.95,30.09,29.72,30.03,25725.84
2024-06-02 12:00:00,30.03,30.17,29.93,29.96,24901.133
2024-06-02 16:00:00,29.97,30.01,29.41,29.61,40189.827
2024-06-02 20:00:00,29.6,29.61,29.33,29.34,27354.89
2024-06-03 00:00:00,29.33,29.8,29.18,29.67,31403.069
2024-06-03 04:00:00,29.67,30.0,29.56,29.8,40535.324
2024-06-03 08:00:00,29.81,29.84,29.62,29.66,29380.768
2024-06-03 12:00:00,29.67,29.87,29.39,29.7,43207.517
2024-06-03 16:00:00,29.69,29.72,29.46,29.5,29100.479
2024-06-03 20:00:00,29.5,29.68,29.33,29.6,39857.963
2024-06-04 00:00:00,29.6,29.78,29.48,29.73,28422.908
2024-06-04 04:00:00,29.73,29.81,29.55,29.68,21623.557
2024-06-04 08:00:00,29.68,29.8,29.3,29.43,40247.333
2024-06-04 12:00:00,29.43,29.73,29.23,29.68,47921.299
2024-06-04 16:00:00,29.69,30.16,29.64,29.88,86697.792
2024-06-04 20:00:00,29.88,30.06,29.78,30.0,31434.089
2024-06-05 00:00:00,30.0,30.45,29.99,30.37,46744.382
2024-06-05 04:00:00,30.37,30.6,30.21,30.46,41104.859
2024-06-05 08:00:00,30.46,30.51,30.16,30.2,26791.451
2024-06-05 12:00:00,30.2,30.38,29.94,30.36,39877.473
2024-06-05 16:00:00,30.35,30.52,30.25,30.46,34054.321
2024-06-05 20:00:00,30.47,30.49,30.15,30.34,30624.878
2024-06-06 00:00:00,30.35,30.51,30.25,30.28,18386.32
2024-06-06 04:00:00,30.28,30.33,30.03,30.24,17507.306
2024-06-06 08:00:00,30.24,30.28,30.08,30.19,22361.219
2024-06-06 12:00:00,30.19,30.35,30.11,30.26,39716.591
2024-06-06 16:00:00,30.26,30.31,29.95,29.97,29177.067
2024-06-06 20:00:00,29.97,30.3,29.68,30.22,31912.846
2024-06-07 00:00:00,30.22,30.29,30.0,30.08,20049.678
2024-06-07 04:00:00,30.08,30.43,30.06,30.32,28123.288
2024-06-07 08:00:00,30.32,30.45,30.24,30.39,26550.827
2024-06-07 12:00:00,30.4,30.48,29.76,30.16,68704.805
2024-06-07 16:00:00,30.15,30.27,25.37,27.92,331854.684
2024-06-07 20:00:00,27.92,28.08,27.78,27.95,44577.946
2024-06-08 00:00:00,27.96,28.18,27.78,28.07,45088.582
2024-06-08 04:00:00,28.06,28.06,26.8,27.61,103807.929
2024-06-08 08:00:00,27.61,27.62,26.87,26.94,54926.4
2024-06-08 12:00:00,26.95,27.19,26.73,27.0,75123.622
2024-06-08 16:00:00,27.0,27.03,26.46,26.51,57982.247
2024-06-08 20:00:00,26.52,26.62,26.35,26.46,36253.807
2024-06-09 00:00:00,26.46,26.47,25.81,26.11,70551.653
2024-06-09 04:00:00,26.11,26.35,26.0,26.17,32307.297
2024-06-09 08:00:00,26.17,26.46,26.15,26.36,27362.804
2024-06-09 12:00:00,26.35,26.51,26.17,26.27,47975.701
2024-06-09 16:00:00,26.28,26.79,26.22,26.69,41276.989
2024-06-09 20:00:00,26.69,26.86,26.65,26.85,22438.015
2024-06-10 00:00:00,26.86,26.93,26.6,26.67,24286.497
2024-06-10 04:00:00,26.68,26.7,25.89,25.93,58772.585
2024-06-10 08:00:00,25.94,26.48,25.92,26.41,25380.418
2024-06-10 12:00:00,26.4,26.94,26.22,26.87,47949.761
2024-06-10 16:00:00,26.87,26.92,26.19,26.25,53556.716
2024-06-10 20:00:00,26.25,26.29,26.07,26.23,26985.777
2024-06-11 00:00:00,26.24,26.41,25.38,25.97,62062.242
2024-06-11 04:00:00,25.96,25.99,25.53,25.74,42458.125
2024-06-11 08:00:00,25.74,25.89,25.55,25.78,46466.931
2024-06-11 12:00:00,25.79,25.83,24.68,25.01,106256.932
2024-06-11 16:00:00,25.0,25.49,24.86,25.46,68133.104
2024-06-11 20:00:00,25.46,25.61,25.4,25.56,30395.353
2024-06-12 00:00:00,25.56,25.68,24.95,25.65,52016.809
2024-06-12 04:00:00,25.64,25.89,25.58,25.88,29410.243
2024-06-12 08:00:00,25.88,26.42,25.87,25.97,57582.6
2024-06-12 12:00:00,25.98,26.95,25.95,26.82,76714.118
2024-06-12 16:00:00,26.82,26.95,26.13,26.43,79446.326
2024-06-12 20:00:00,26.43,26.8,26.3,26.57,24387.803
2024-06-13 00:00:00,26.58,26.67,25.92,26.24,47114.825
2024-06-13 04:00:00,26.25,26.39,26.05,26.29,23034.436
2024-06-13 08:00:00,26.3,26.41,26.12,26.31,22950.61
2024-06-13 12:00:00,26.31,26.66,25.87,25.97,61666.448
2024-06-13 16:00:00,25.97,26.24,25.79,26.08,31822.652
2024-06-13 20:00:00,26.09,26.15,25.79,25.96,19513.514
2024-06-14 00:00:00,25.96,26.29,25.76,26.17,27301.439
2024-06-14 04:00:00,26.18,26.41,26.12,26.34,18616.928
2024-06-14 08:00:00,26.34,26.55,26.23,26.53,25027.814
2024-06-14 12:00:00,26.54,26.65,25.97,26.11,37412.518
2024-06-14 16:00:00,26.12,26.16,24.87,25.22,94872.255
2024-06-14 20:00:00,25.23,25.97,25.19,25.95,31863.974
2024-06-15 00:00:00,25.95,25.98,25.69,25.91,17358.421
2024-06-15 04:00:00,25.92,26.17,25.76,25.82,19296.767
2024-06-15 08:00:00,25.82,26.04,25.82,25.99,19110.029
2024-06-15 12:00:00,26.0,26.08,25.82,26.01,21921.585
2024-06-15 16:00:00,26.01,26.13,25.9,26.01,26505.889
2024-06-15 20:00:00,26.01,26.09,25.84,26.02,21146.136
2024-06-16 00:00:00,26.03,26.44,25.75,25.77,43584.923
2024-06-16 04:00:00,25.77,25.88,25.6,25.71,25646.835
2024-06-16 08:00:00,25.71,25.88,25.65,25.74,21976.279
2024-06-16 12:00:00,25.74,25.93,25.69,25.79,23875.574
2024-06-16 16:00:00,25.8,25.93,25.49,25.53,24010.829
2024-06-16 20:00:00,25.53,25.85,25.45,25.8,29299.296
2024-06-17 00:00:00,25.78,25.94,25.28,25.33,34556.516
2024-06-17 04:00:00,25.33,25.46,24.89,25.22,32785.076
2024-06-17 08:00:00,25.22,25.25,24.58,24.97,50541.319
2024-06-17 12:00:00,24.97,24.99,24.61,24.72,42232.532
2024-06-17 16:00:00,24.73,25.56,24.0,25.36,74797.712
2024-06-17 20:00:00,25.37,25.37,24.88,24.9,41712.429
2024-06-18 00:00:00,24.9,24.98,21.02,23.01,276839.841
2024-06-18 04:00:00,23.02,23.15,22.86,23.04,52057.31
2024-06-18 08:00:00,23.05,23.21,22.82,22.93,35378.971
2024-06-18 12:00:00,22.92,22.97,22.07,22.7,112869.013
2024-06-18 16:00:00,22.7,22.7,22.08,22.62,64016.408
2024-06-18 20:00:00,22.62,23.12,22.5,23.09,44544.501
2024-06-19 00:00:00,23.09,23.69,22.79,23.61,64042.494
2024-06-19 04:00:00,23.6,23.67,23.23,23.36,28781.254
2024-06-19 08:00:00,23.36,23.53,23.24,23.38,26041.472
2024-06-19 12:00:00,23.37,23.54,23.19,23.43,28297.486
2024-06-19 16:00:00,23.42,23.76,23.31,23.53,29283.442
2024-06-19 20:00:00,23.52,23.77,23.43,23.7,23456.45
2024-06-20 00:00:00,23.69,23.92,23.57,23.73,25660.927
2024-06-20 04:00:00,23.73,24.29,23.66,24.26,31496.307
2024-06-20 08:00:00,24.25,24.33,23.93,24.02,56629.067
2024-06-20 12:00:00,24.02,24.12,23.4,23.42,76625.02
2024-06-20 16:00:00,23.42,23.7,23.26,23.63,30183.023
2024-06-20 20:00:00,23.64,23.71,23.49,23.55,19632.126
2024-06-21 00:00:00,23.55,23.81,23.4,23.77,24301.463
2024-06-21 04:00:00,23.77,23.95,23.69,23.8,29377.585
2024-06-21 08:00:00,23.8,24.13,23.55,23.99,52840.928
2024-06-21 12:00:00,23.98,24.16,23.47,23.74,99552.682
2024-06-21 16:00:00,23.75,23.83,23.4,23.7,47349.03
2024-06-21 20:00:00,23.7,23.84,23.53,23.73,24018.799
2024-06-22 00:00:00,23.73,23.82,23.51,23.74,29613.36
2024-06-22 04:00:00,23.74,23.89,23.7,23.76,13792.915
2024-06-22 08:00:00,23.75,24.1,23.65,23.99,22194.511
2024-06-22 12:00:00,23.99,24.01,23.79,24.0,23206.019
2024-06-22 16:00:00,24.0,24.28,23.99,24.18,28240.449
2024-06-22 20:00:00,24.19,24.29,24.04,24.08,15278.239
2024-06-23 00:00:00,24.07,24.34,24.06,24.1,16944.881
2024-06-23 04:00:00,24.1,24.27,24.07,24.24,11118.301
2024-06-23 08:00:00,24.23,24.45,24.19,24.38,21760.691
2024-06-23 12:00:00,24.38,24.48,23.95,24.07,34383.37
2024-06-23 16:00:00,24.07,24.09,23.71,23.79,33182.904
2024-06-23 20:00:00,23.79,23.8,23.31,23.46,39484.315
2024-06-24 00:00:00,23.47,23.65,23.26,23.38,34023.949
2024-06-24 04:00:00,23.37,23.41,22.63,22.68,71663.903
2024-06-24 08:00:00,22.69,22.87,21.97,22.4,109681.719
2024-06-24 12:00:00,22.39,22.67,22.31,22.51,59441.102
2024-06-24 16:00:00,22.51,22.92,22.32,22.66,82925.167
2024-06-24 20:00:00,22.66,23.21,22.64,23.16,57358.589
2024-06-25 00:00:00,23.16,23.68,22.98,23.57,44864.683
2024-06-25 04:00:00,23.57,23.59,23.28,23.44,25579.31
2024-06-25 08:00:00,23.44,23.97,23.4,23.91,38817.752
2024-06-25 12:00:00,23.9,24.03,23.56,23.96,48455.632
2024-06-25 16:00:00,23.97,24.37,23.84,24.17,42873.67
2024-06-25 20:00:00,24.18,24.31,24.08,24.23,28798.12
2024-06-26 00:00:00,24.24,24.37,24.04,24.15,30447.192
2024-06-26 04:00:00,24.15,24.2,23.9,24.09,33497.066
2024-06-26 08:00:00,24.09,24.16,23.74,23.78,27784.126
2024-06-26 12:00:00,23.79,23.92,23.6,23.69,33128.121
2024-06-26 16:00:00,23.69,24.0,23.42,23.99,39243.563
2024-06-26 20:00:00,24.0,24.09,23.84,23.88,19853.106
2024-06-27 00:00:00,23.87,24.01,23.72,23.92,34733.831
2024-06-27 04:00:00,23.92,23.99,23.67,23.79,29934.114
2024-06-27 08:00:00,23.79,24.29,23.78,24.21,39307.573
2024-06-27 12:00:00,24.2,24.73,24.16,24.47,50089.383
2024-06-27 16:00:00,24.48,24.73,24.41,24.67,32631.388
2024-06-27 20:00:00,24.68,24.73,24.61,24.72,16696.814
2024-06-28 00:00:00,24.71,24.77,24.44,24.74,35993.692
2024-06-28 04:00:00,24.74,24.82,24.54,24.69,21055.924
2024-06-28 08:00:00,24.69,24.94,24.61,24.88,23426.455
2024-06-28 12:00:00,24.87,25.14,24.68,24.82,51518.341
2024-06-28 16:00:00,24.83,24.91,24.53,24.79,39810.381
2024-06-28 20:00:00,24.8,24.97,24.65,24.68,35736.902
2024-06-29 00:00:00,24.68,24.94,24.55,24.8,24394.36
2024-06-29 04:00:00,24.81,25.05,24.67,24.98,21633.144
2024-06-29 08:00:00,24.98,25.15,24.73,24.79,31473.919
2024-06-29 12:00:00,24.8,24.91,24.69,24.91,19395.49
2024-06-29 16:00:00,24.92,24.95,24.74,24.77,18751.948
2024-06-29 20:00:00,24.76,24.82,24.3,24.36,24379.619
2024-06-30 00:00:00,24.35,24.43,23.73,23.75,40163.104
2024-06-30 04:00:00,23.74,24.54,23.55,24.41,53719.382
2024-06-30 08:00:00,24.41,24.8,24.37,24.7,33066.536
2024-06-30 12:00:00,24.7,24.78,24.51,24.54,20595.024
2024-06-30 16:00:00,24.54,24.59,24.27,24.3,26624.863
2024-06-30 20:00:00,24.3,24.91,24.18,24.83,35547.694
2024-07-01 00:00:00,24.83,25.04,24.63,24.85,34607.641
2024-07-01 04:00:00,24.86,25.0,24.47,24.49,35354.806
2024-07-01 08:00:00,24.5,24.64,24.35,24.45,25597.366
2024-07-01 12:00:00,24.45,24.65,24.29,24.42,35700.869
2024-07-01 16:00:00,24.43,24.67,24.32,24.46,42912.378
2024-07-01 20:00:00,24.46,24.48,23.92,24.02,30528.437
2024-07-02 00:00:00,24.02,24.09,23.86,24.01,20630.899
2024-07-02 04:00:00,24.01,24.17,23.9,23.92,22510.341
2024-07-02 08:00:00,23.92,24.24,23.84,24.22,34523.622
2024-07-02 12:00:00,24.21,24.3,23.91,24.12,29031.713
2024-07-02 16:00:00,24.12,24.38,24.01,24.29,17187.356
2024-07-02 20:00:00,24.3,24.75,24.27,24.7,22929.612
2024-07-03 00:00:00,24.69,24.73,24.28,24.53,36728.511
2024-07-03 04:00:00,24.52,25.08,24.42,24.58,64256.898
2024-07-03 08:00:00,24.57,24.75,23.9,24.03,79134.553
2024-07-03 12:00:00,24.03,24.04,23.61,23.77,53070.089
2024-07-03 16:00:00,23.77,24.0,23.33,23.96,70570.932
2024-07-03 20:00:00,23.96,24.84,23.96,24.57,144871.104
2024-07-04 00:00:00,24.57,24.63,23.19,23.66,103893.725
2024-07-04 04:00:00,23.67,23.88,23.27,23.33,37759.807
2024-07-04 08:00:00,23.34,23.82,23.0,23.47,65286.293
2024-07-04 12:00:00,23.47,23.5,22.12,22.59,174628.606
2024-07-04 16:00:00,22.6,22.78,22.31,22.59,57846.813
2024-07-04 20:00:00,22.59,22.96,21.74,21.93,89426.93
2024-07-05 00:00:00,21.94,21.95,19.18,19.9,275775.937
2024-07-05 04:00:00,19.9,20.53,19.47,20.52,136433.516
2024-07-05 08:00:00,20.51,21.24,19.92,21.21,103199.22
2024-07-05 12:00:00,21.2,22.75,21.03,22.72,109581.598
2024-07-05 16:00:00,22.72,23.16,22.44,22.85,93892.68
2024-07-05 20:00:00,22.84,22.91,22.38,22.86,40159.303
2024-07-06 00:00:00,22.86,23.08,22.43,22.79,54249.588
2024-07-06 04:00:00,22.79,22.89,22.48,22.67,37117.713
2024-07-06 08:00:00,22.66,22.8,22.42,22.7,27624.964
2024-07-06 12:00:00,22.7,23.14,22.57,23.04,40600.052
2024-07-06 16:00:00,23.03,23.64,22.97,23.36,51697.725
2024-07-06 20:00:00,23.35,23.71,23.24,23.34,38796.959
2024-07-07 00:00:00,23.34,23.64,23.27,23.41,33162.948
2024-07-07 04:00:00,23.41,23.53,23.11,23.26,29760.287
2024-07-07 08:00:00,23.25,23.37,23.14,23.34,20626.051
2024-07-07 12:00:00,23.34,23.59,22.71,22.73,62860.416
2024-07-07 16:00:00,22.73,23.03,22.63,22.81,23428.828
2024-07-07 20:00:00,22.82,22.87,21.81,21.88,38549.729
2024-07-08 00:00:00,21.87,22.09,20.86,21.95,95383.445
2024-07-08 04:00:00,21.94,22.24,21.82,22.22,58875.371
2024-07-08 08:00:00,22.22,23.57,22.17,23.49,79772.072
2024-07-08 12:00:00,23.48,23.57,22.22,22.76,99782.685
2024-07-08 16:00:00,22.76,22.9,22.48,22.79,36636.729
2024-07-08 20:00:00,22.79,23.08,22.66,22.96,27853.126
2024-07-09 00:00:00,22.95,23.33,22.79,23.15,38358.131
2024-07-09 04:00:00,23.14,23.42,22.97,23.3,32643.21
2024-07-09 08:00:00,23.29,23.78,23.28,23.58,49138.744
2024-07-09 12:00:00,23.56,24.39,23.37,24.04,90017.742
2024-07-09 16:00:00,24.03,24.22,23.89,24.13,42205.055
2024-07-09 20:00:00,24.13,24.29,23.91,24.08,33296.037
2024-07-10 00:00:00,24.07,24.11,23.39,23.62,71486.342
2024-07-10 04:00:00,23.62,24.04,23.58,23.89,54742.782
2024-07-10 08:00:00,23.88,23.92,23.42,23.44,51317.196
2024-07-10 12:00:00,23.44,23.8,23.19,23.75,50652.751
2024-07-10 16:00:00,23.75,24.13,23.61,23.63,46337.676
2024-07-10 20:00:00,23.63,23.89,23.56,23.85,20798.239
2024-07-11 00:00:00,23.85,24.1,23.58,23.72,36697.731
2024-07-11 04:00:00,23.72,23.88,23.58,23.62,27898.771
2024-07-11 08:00:00,23.61,23.94,23.52,23.88,30517.539
2024-07-11 12:00:00,23.89,24.49,23.72,23.83,139715.271
2024-07-11 16:00:00,23.84,24.06,23.73,23.86,50698.575
2024-07-11 20:00:00,23.87,24.14,23.79,23.85,48245.985
2024-07-12 00:00:00,23.86,24.12,23.54,23.9,29847.085
2024-07-12 04:00:00,23.91,24.42,23.8,24.31,51821.57
2024-07-12 08:00:00,24.31,24.45,23.63,23.8,64356.872
2024-07-12 12:00:00,23.79,24.38,23.79,23.96,56419.132
2024-07-12 16:00:00,23.96,24.2,23.87,24.02,25341.003
2024-07-12 20:00:00,24.02,24.53,23.98,24.51,24871.481
2024-07-13 00:00:00,24.51,24.76,24.39,24.59,31717.122
2024-07-13 04:00:00,24.6,25.03,24.56,25.01,35111.154
2024-07-13 08:00:00,25.0,25.45,24.91,25.36,65045.066
2024-07-13 12:00:00,25.36,25.94,25.31,25.9,61057.097
2024-07-13 16:00:00,25.9,26.15,25.46,25.8,100858.797
2024-07-13 20:00:00,25.8,26.21,25.78,26.04,60467.033
2024-07-14 00:00:00,26.04,26.17,25.73,25.9,70926.785
2024-07-14 04:00:00,25.91,26.03,25.56,25.7,43815.812
2024-07-14 08:00:00,25.7,25.97,25.63,25.72,69183.12
2024-07-14 12:00:00,25.73,26.35,25.5,26.27,111982.231
2024-07-14 16:00:00,26.28,26.7,26.25,26.55,96508.039
2024-07-14 20:00:00,26.55,27.57,26.46,27.04,93385.926
2024-07-15 00:00:00,27.03,27.88,27.01,27.31,68767.621
2024-07-15 04:00:00,27.32,27.96,27.21,27.61,46179.215
2024-07-15 08:00:00,27.6,27.67,26.97,27.01,44609.744
2024-07-15 12:00:00,27.0,27.24,26.57,26.69,62042.392
2024-07-15 16:00:00,26.69,27.18,26.63,27.06,74372.544
2024-07-15 20:00:00,27.06,27.44,26.91,27.35,39504.461
2024-07-16 00:00:00,27.35,27.46,27.02,27.17,45150.152
2024-07-16 04:00:00,27.18,27.19,26.29,26.32,100149.814
2024-07-16 08:00:00,26.32,26.75,25.93,26.58,120519.131
2024-07-16 12:00:00,26.58,28.02,26.38,27.6,194665.033
2024-07-16 16:00:00,27.58,28.04,26.99,27.97,217901.067
2024-07-16 20:00:00,27.96,28.09,27.48,27.98,53769.113
2024-07-17 00:00:00,27.98,28.36,27.71,27.99,78465.093
2024-07-17 04:00:00,28.0,28.44,27.92,28.39,45980.006
2024-07-17 08:00:00,28.39,28.59,27.61,27.96,90855.301
2024-07-17 12:00:00,27.96,28.56,27.92,28.05,73203.264
2024-07-17 16:00:00,28.05,28.27,27.33,27.99,101250.558
2024-07-17 20:00:00,27.99,28.03,27.43,27.44,28019.02
2024-07-18 00:00:00,27.44,28.18,27.44,27.91,38001.851
2024-07-18 04:00:00,27.91,28.04,27.63,27.68,18561.299
2024-07-18 08:00:00,27.68,27.92,27.51,27.67,34009.378
2024-07-18 12:00:00,27.66,27.95,26.9,26.99,65831.51
2024-07-18 16:00:00,26.99,27.95,26.62,27.36,83256.222
2024-07-18 20:00:00,27.36,27.57,27.14,27.33,22154.168
2024-07-19 00:00:00,27.34,27.52,26.77,27.51,37029.109
2024-07-19 04:00:00,27.51,27.58,26.99,27.08,20307.075
2024-07-19 08:00:00,27.08,27.12,26.21,26.42,76552.957
2024-07-19 12:00:00,26.42,27.15,26.31,27.06,87283.151
2024-07-19 16:00:00,27.05,27.9,27.01,27.84,75390.119
2024-07-19 20:00:00,27.84,27.96,27.4,27.49,29333.002
2024-07-20 00:00:00,27.49,27.66,27.27,27.56,20768.563
2024-07-20 04:00:00,27.56,28.16,27.52,28.0,42667.362
2024-07-20 08:00:00,27.98,28.12,27.72,27.74,30913.157
2024-07-20 12:00:00,27.73,28.16,27.56,28.12,42901.305
2024-07-20 16:00:00,28.12,28.36,27.81,28.09,32487.228
2024-07-20 20:00:00,28.1,28.15,27.75,28.0,15361.405
2024-07-21 00:00:00,28.01,28.3,27.89,27.93,21664.174
2024-07-21 04:00:00,27.93,28.05,27.55,27.66,18915.679
2024-07-21 08:00:00,27.66,28.75,27.63,28.73,63130.085
2024-07-21 12:00:00,28.72,28.87,28.1,28.3,153887.449
2024-07-21 16:00:00,28.3,28.73,27.58,28.24,93139.666
2024-07-21 20:00:00,28.24,28.77,28.08,28.33,43686.859
2024-07-22 00:00:00,28.33,28.62,27.98,27.98,40195.921
2024-07-22 04:00:00,27.98,28.01,27.05,27.06,65691.537
2024-07-22 08:00:00,27.05,27.49,26.96,27.47,52423.397
2024-07-22 12:00:00,27.47,27.61,26.93,27.2,52299.767
2024-07-22 16:00:00,27.19,27.33,27.07,27.32,28304.755
2024-07-22 20:00:00,27.32,27.46,26.56,26.75,61681.245
2024-07-23 00:00:00,26.75,27.32,26.41,26.96,42843.276
2024-07-23 04:00:00,26.96,26.98,26.36,26.56,43283.742
2024-07-23 08:00:00,26.57,27.26,26.54,27.02,41938.361
2024-07-23 12:00:00,27.02,27.13,26.43,26.83,49970.099
2024-07-23 16:00:00,26.84,26.88,26.25,26.71,43743.28
2024-07-23 20:00:00,26.71,26.77,26.39,26.5,17554.591
2024-07-24 00:00:00,26.49,26.71,26.37,26.65,16416.22
2024-07-24 04:00:00,26.65,27.08,26.52,27.07,18381.325
2024-07-24 08:00:00,27.08,27.33,27.02,27.26,31170.904
2024-07-24 12:00:00,27.26,27.41,26.74,26.82,48956.95
2024-07-24 16:00:00,26.82,27.12,26.64,26.74,37049.722
2024-07-24 20:00:00,26.74,26.97,26.44,26.77,26433.626
2024-07-25 00:00:00,26.77,26.79,25.3,25.73,87879.167
2024-07-25 04:00:00,25.73,25.91,25.56,25.58,30829.671
2024-07-25 08:00:00,25.58,25.78,25.06,25.19,54814.482
2024-07-25 12:00:00,25.18,25.57,25.0,25.42,43055.648
2024-07-25 16:00:00,25.42,25.56,24.72,25.06,46841.685
2024-07-25 20:00:00,25.07,25.72,24.77,25.69,41804.275
2024-07-26 00:00:00,25.69,26.29,25.66,26.25,27817.873
2024-07-26 04:00:00,26.25,26.55,26.23,26.24,38775.601
2024-07-26 08:00:00,26.24,26.38,26.15,26.29,20290.779
2024-07-26 12:00:00,26.3,26.48,26.1,26.32,27301.343
2024-07-26 16:00:00,26.32,26.81,26.3,26.75,22139.037
2024-07-26 20:00:00,26.75,27.14,26.63,26.9,29671.306
2024-07-27 00:00:00,26.9,26.98,26.7,26.71,11516.256
2024-07-27 04:00:00,26.72,26.94,26.68,26.92,12286.629
2024-07-27 08:00:00,26.92,26.96,26.65,26.79,15147.893
2024-07-27 12:00:00,26.79,27.1,26.63,26.79,21813.464
2024-07-27 16:00:00,26.79,27.1,26.66,26.95,22277.384
2024-07-27 20:00:00,26.95,27.25,26.43,26.91,31726.002
2024-07-28 00:00:00,26.9,27.01,26.65,26.84,16825.884
2024-07-28 04:00:00,26.84,26.87,26.53,26.68,11735.599
2024-07-28 08:00:00,26.68,26.8,26.6,26.71,9648.718
2024-07-28 12:00:00,26.71,26.82,26.53,26.81,15477.981
2024-07-28 16:00:00,26.81,27.08,26.71,26.75,23183.91
2024-07-28 20:00:00,26.76,26.91,26.38,26.64,24579.012
2024-07-29 00:00:00,26.64,27.68,26.64,27.51,50912.804
2024-07-29 04:00:00,27.52,27.71,27.51,27.7,17568.929
2024-07-29 08:00:00,27.7,27.81,27.28,27.51,18779.471
2024-07-29 12:00:00,27.51,27.75,26.89,27.17,34616.76
2024-07-29 16:00:00,27.16,27.54,26.83,27.36,40971.16
2024-07-29 20:00:00,27.36,27.4,26.66,26.74,25520.823
2024-07-30 00:00:00,26.73,26.88,26.23,26.88,48612.903
2024-07-30 04:00:00,26.87,27.14,26.87,27.02,20997.208
2024-07-30 08:00:00,27.02,27.06,26.69,26.89,14434.036
2024-07-30 12:00:00,26.89,27.05,26.74,26.93,23745.958
2024-07-30 16:00:00,26.93,27.06,26.28,26.4,27144.162
2024-07-30 20:00:00,26.4,26.43,26.08,26.22,31737.745
2024-07-31 00:00:00,26.22,26.51,26.07,26.41,30754.28
2024-07-31 04:00:00,26.41,26.73,26.05,26.51,22762.282
2024-07-31 08:00:00,26.5,26.57,26.25,26.46,27247.376
2024-07-31 12:00:00,26.46,26.94,26.46,26.82,29895.537
2024-07-31 16:00:00,26.82,27.34,26.67,26.86,47645.89
2024-07-31 20:00:00,26.86,26.91,26.45,26.66,36157.938
2024-08-01 00:00:00,26.64,27.14,26.29,26.41,76082.937
2024-08-01 04:00:00,26.41,26.5,25.45,25.78,91395.312
2024-08-01 08:00:00,25.79,26.02,25.73,25.98,25332.858
2024-08-01 12:00:00,25.98,26.1,24.97,24.99,65458.205
2024-08-01 16:00:00,25.0,25.01,23.97,24.64,115734.224
2024-08-01 20:00:00,24.63,25.8,24.59,25.68,40937.927
2024-08-02 00:00:00,25.68,25.82,25.1,25.52,34635.241
2024-08-02 04:00:00,25.52,25.54,24.87,25.2,28788.55
2024-08-02 08:00:00,25.2,25.69,24.95,25.52,31339.901
2024-08-02 12:00:00,25.52,25.96,24.16,24.78,86442.537
2024-08-02 16:00:00,24.77,24.91,24.37,24.5,35683.201
2024-08-02 20:00:00,24.5,24.67,24.11,24.34,42372.613
2024-08-03 00:00:00,24.34,24.73,23.83,24.63,85836.114
2024-08-03 04:00:00,24.63,25.01,24.42,24.7,21368.611
2024-08-03 08:00:00,24.7,24.78,24.55,24.59,21950.147
2024-08-03 12:00:00,24.59,24.79,23.82,23.84,31128.347
2024-08-03 16:00:00,23.84,23.88,22.75,22.94,102189.688
2024-08-03 20:00:00,22.95,23.46,22.94,23.33,40326.768
2024-08-04 00:00:00,23.33,23.61,23.2,23.54,20867.528
2024-08-04 04:00:00,23.54,23.56,23.21,23.26,16569.254
2024-08-04 08:00:00,23.25,23.45,23.11,23.25,18077.975
2024-08-04 12:00:00,23.25,23.38,22.3,22.35,56198.097
2024-08-04 16:00:00,22.35,22.66,21.39,22.57,106140.303
2024-08-04 20:00:00,22.57,22.79,22.15,22.22,39633.702
2024-08-05 00:00:00,22.23,22.49,19.35,20.22,289667.894
2024-08-05 04:00:00,20.23,21.07,18.9,20.89,294587.351
2024-08-05 08:00:00,20.89,20.93,19.7,20.46,153520.168
2024-08-05 12:00:00,20.45,22.54,19.77,22.45,232770.019
2024-08-05 16:00:00,22.44,22.97,21.67,21.9,132546.333
2024-08-05 20:00:00,21.9,22.41,21.85,22.04,73351.148
2024-08-06 00:00:00,22.04,22.92,22.02,22.21,61311.662
2024-08-06 04:00:00,22.21,22.74,22.08,22.69,46369.479
2024-08-06 08:00:00,22.69,22.73,22.02,22.19,60270.617
2024-08-06 12:00:00,22.18,22.86,21.87,22.68,81479.648
2024-08-06 16:00:00,22.68,22.86,22.45,22.66,41703.397
2024-08-06 20:00:00,22.67,22.79,22.3,22.43,35954.579
2024-08-07 00:00:00,22.43,22.86,22.28,22.63,42132.932
2024-08-07 04:00:00,22.63,22.92,22.52,22.72,27517.303
2024-08-07 08:00:00,22.72,23.23,22.63,22.64,48448.302
2024-08-07 12:00:00,22.65,22.8,21.76,22.27,81877.719
2024-08-07 16:00:00,22.28,22.35,21.78,22.07,50211.811
2024-08-07 20:00:00,22.07,22.42,21.77,22.15,67624.94
2024-08-08 00:00:00,22.15,23.39,21.79,22.91,64725.889
2024-08-08 04:00:00,22.91,23.3,22.88,23.1,34392.577
2024-08-08 08:00:00,23.1,23.26,23.01,23.03,26926.37
2024-08-08 12:00:00,23.02,23.81,22.92,23.8,77354.473
2024-08-08 16:00:00,23.8,24.01,23.15,23.19,69115.828
2024-08-08 20:00:00,23.19,23.9,23.15,23.76,51302.677
2024-08-09 00:00:00,23.75,23.87,23.61,23.83,30855.759
2024-08-09 04:00:00,23.83,24.0,23.56,23.98,26305.065
2024-08-09 08:00:00,23.98,24.17,23.8,24.13,51919.629
2024-08-09 12:00:00,24.14,24.41,23.83,24.1,72525.339
2024-08-09 16:00:00,24.1,24.49,24.04,24.21,61529.531
2024-08-09 20:00:00,24.21,24.5,23.89,24.41,41695.879
2024-08-10 00:00:00,24.4,24.58,24.13,24.5,52818.011
2024-08-10 04:00:00,24.5,24.57,24.2,24.4,30707.459
2024-08-10 08:00:00,24.41,24.49,24.22,24.39,19338.632
2024-08-10 12:00:00,24.4,24.4,24.02,24.17,24623.256
2024-08-10 16:00:00,24.17,24.4,24.06,24.27,25198.34
2024-08-10 20:00:00,24.27,24.56,24.21,24.47,25999.801
2024-08-11 00:00:00,24.47,24.71,24.39,24.47,28085.398
2024-08-11 04:00:00,24.47,25.07,24.37,24.83,43159.808
2024-08-11 08:00:00,24.82,24.88,24.27,24.42,42518.716
2024-08-11 12:00:00,24.42,24.47,24.15,24.38,34565.412
2024-08-11 16:00:00,24.37,24.73,24.13,24.15,63780.353
2024-08-11 20:00:00,24.14,24.33,23.93,24.3,64985.941
2024-08-12 00:00:00,24.3,24.4,24.06,24.2,50454.148
2024-08-12 04:00:00,24.19,24.25,23.61,24.11,58517.939
2024-08-12 08:00:00,24.11,25.01,23.96,24.95,80249.363
2024-08-12 12:00:00,24.96,25.23,24.07,25.21,103241.97
2024-08-12 16:00:00,25.21,25.35,24.66,24.82,51332.023
2024-08-12 20:00:00,24.82,25.45,24.59,25.43,39597.064
2024-08-13 00:00:00,25.42,25.65,25.17,25.5,60676.554
2024-08-13 04:00:00,25.5,25.92,25.4,25.46,69430.652
2024-08-13 08:00:00,25.46,25.53,25.08,25.32,75725.769
2024-08-13 12:00:00,25.33,25.73,25.19,25.57,69113.307
2024-08-13 16:00:00,25.56,25.79,25.28,25.5,60788.703
2024-08-13 20:00:00,25.51,25.64,25.31,25.39,29803.125
2024-08-14 00:00:00,25.4,25.55,25.26,25.36,24598.567
2024-08-14 04:00:00,25.36,25.67,25.3,25.5,32381.828
2024-08-14 08:00:00,25.5,25.68,25.34,25.56,25299.246
2024-08-14 12:00:00,25.57,25.85,25.05,25.63,80344.006
2024-08-14 16:00:00,25.62,25.8,25.44,25.77,34096.655
2024-08-14 20:00:00,25.77,25.84,25.47,25.64,22732.028
2024-08-15 00:00:00,25.65,25.76,25.43,25.63,18011.26
2024-08-15 04:00:00,25.62,25.75,25.27,25.5,35291.945
2024-08-15 08:00:00,25.51,25.7,25.31,25.51,29372.27
2024-08-15 12:00:00,25.51,25.74,25.44,25.66,35695.26
2024-08-15 16:00:00,25.65,25.73,24.61,24.77,80858.948
2024-08-15 20:00:00,24.78,25.27,24.62,25.12,45435.489
2024-08-16 00:00:00,25.11,25.19,24.71,24.92,29104.532
2024-08-16 04:00:00,24.92,25.89,24.92,25.81,44169.515
2024-08-16 08:00:00,25.81,26.02,25.44,25.46,68259.553
2024-08-16 12:00:00,25.47,25.54,24.97,25.07,79945.098
2024-08-16 16:00:00,25.07,25.39,24.93,25.26,41740.135
2024-08-16 20:00:00,25.27,25.6,25.19,25.25,19141.081
2024-08-17 00:00:00,25.25,25.3,25.09,25.21,16831.756
2024-08-17 04:00:00,25.22,25.36,25.01,25.04,18629.455
2024-08-17 08:00:00,25.04,25.32,24.88,25.17,38680.908
2024-08-17 12:00:00,25.17,25.98,25.14,25.64,45601.036
2024-08-17 16:00:00,25.65,26.45,25.64,26.09,48454.115
2024-08-17 20:00:00,26.08,26.43,25.93,26.13,34656.241
2024-08-18 00:00:00,26.13,26.31,25.92,25.95,29041.951
2024-08-18 04:00:00,25.96,26.1,25.75,25.83,21390.915
2024-08-18 08:00:00,25.83,26.22,25.78,26.1,40500.417
2024-08-18 12:00:00,26.09,26.25,25.96,26.02,23571.089
2024-08-18 16:00:00,26.01,26.3,25.95,26.21,19700.837
2024-08-18 20:00:00,26.21,26.45,25.76,25.86,33684.318
2024-08-19 00:00:00,25.87,25.95,25.69,25.69,20433.524
2024-08-19 04:00:00,25.7,25.76,25.44,25.62,28482.855
2024-08-19 08:00:00,25.62,25.97,25.58,25.8,33345.219
2024-08-19 12:00:00,25.79,25.97,25.32,25.44,28596.845
2024-08-19 16:00:00,25.45,25.71,25.25,25.66,26001.946
2024-08-19 20:00:00,25.66,26.05,25.63,26.03,22530.317
2024-08-20 00:00:00,26.03,26.14,25.8,26.08,25635.709
2024-08-20 04:00:00,26.07,26.3,26.02,26.11,19104.716
2024-08-20 08:00:00,26.11,26.14,25.71,25.76,20868.113
2024-08-20 12:00:00,25.76,25.84,25.28,25.31,42246.867
2024-08-20 16:00:00,25.31,25.34,25.0,25.24,39269.002
2024-08-20 20:00:00,25.23,25.37,25.07,25.2,26725.068
2024-08-21 00:00:00,25.21,25.4,24.97,25.18,23636.521
2024-08-21 04:00:00,25.19,25.29,25.03,25.12,18626.306
2024-08-21 08:00:00,25.12,25.23,24.77,25.2,32435.18
2024-08-21 12:00:00,25.21,25.44,24.92,25.27,37727.746
2024-08-21 16:00:00,25.27,25.85,25.25,25.83,30780.672
2024-08-21 20:00:00,25.84,26.01,25.7,25.85,22506.855
2024-08-22 00:00:00,25.86,26.15,25.55,25.96,23992.346
2024-08-22 04:00:00,25.96,26.14,25.77,26.09,20823.908
2024-08-22 08:00:00,26.08,26.3,25.93,26.03,26962.62
2024-08-22 12:00:00,26.04,26.21,25.87,26.2,28948.765
2024-08-22 16:00:00,26.2,26.42,26.08,26.31,24755.721
2024-08-22 20:00:00,26.32,26.54,26.06,26.17,31728.155
2024-08-23 00:00:00,26.18,26.34,26.08,26.21,14468.263
2024-08-23 04:00:00,26.22,26.51,26.21,26.39,23926.272
2024-08-23 08:00:00,26.38,26.54,25.91,25.97,30484.911
2024-08-23 12:00:00,25.97,26.25,25.69,26.14,58963.907
2024-08-23 16:00:00,26.14,27.05,26.06,27.03,61171.63
2024-08-23 20:00:00,27.03,27.16,26.84,27.01,25737.639
2024-08-24 00:00:00,27.02,27.08,26.64,26.67,20583.121
2024-08-24 04:00:00,26.68,26.77,26.61,26.68,13471.772
2024-08-24 08:00:00,26.68,27.16,26.59,26.9,25711.432
2024-08-24 12:00:00,26.9,27.16,26.81,27.01,18829.295
2024-08-24 16:00:00,27.02,27.37,26.93,27.2,28772.8
2024-08-24 20:00:00,27.19,27.22,26.5,26.87,40596.847
2024-08-25 00:00:00,26.87,27.08,26.3,26.65,38998.265
2024-08-25 04:00:00,26.65,26.75,26.04,26.12,29495.173
2024-08-25 08:00:00,26.12,26.47,25.95,26.36,26877.965
2024-08-25 12:00:00,26.36,26.51,26.21,26.41,23659.085
2024-08-25 16:00:00,26.42,26.48,26.16,26.41,24231.105
2024-08-25 20:00:00,26.4,26.74,26.3,26.32,25772.609
2024-08-26 00:00:00,26.33,26.45,25.8,25.99,35076.833
2024-08-26 04:00:00,25.99,26.15,25.81,25.83,21839.599
2024-08-26 08:00:00,25.83,25.94,25.66,25.71,31301.972
2024-08-26 12:00:00,25.71,25.74,25.33,25.48,51115.469
2024-08-26 16:00:00,25.47,25.47,24.85,24.96,52201.156
2024-08-26 20:00:00,24.97,25.18,24.7,24.8,35233.235
2024-08-27 00:00:00,24.8,24.93,24.57,24.73,41423.055
2024-08-27 04:00:00,24.74,24.92,24.38,24.4,35917.883
2024-08-27 08:00:00,24.4,24.47,24.1,24.45,44397.226
2024-08-27 12:00:00,24.44,24.75,24.32,24.5,43397.534
2024-08-27 16:00:00,24.51,24.69,24.42,24.6,25601.221
2024-08-27 20:00:00,24.59,24.59,23.26,23.94,101114.204
2024-08-28 00:00:00,23.94,24.1,23.76,24.09,41878.732
2024-08-28 04:00:00,24.08,24.09,23.66,23.67,27527.613
2024-08-28 08:00:00,23.67,24.37,23.56,24.24,45159.624
2024-08-28 12:00:00,24.25,24.33,23.66,23.78,44112.189
2024-08-28 16:00:00,23.78,23.9,23.0,23.56,70450.74
2024-08-28 20:00:00,23.56,23.96,23.51,23.64,22701.341
2024-08-29 00:00:00,23.65,23.9,23.65,23.86,13789.691
2024-08-29 04:00:00,23.86,24.09,23.71,23.94,27305.185
2024-08-29 08:00:00,23.93,24.13,23.73,23.92,23769.769
2024-08-29 12:00:00,23.92,24.14,23.87,23.94,21801.533
2024-08-29 16:00:00,23.95,24.12,23.17,23.48,33896.742
2024-08-29 20:00:00,23.47,23.58,23.03,23.28,19606.885
2024-08-30 00:00:00,23.26,23.48,23.07,23.15,16937.014
2024-08-30 04:00:00,23.13,23.35,23.01,23.19,13823.326
2024-08-30 08:00:00,23.19,23.39,23.08,23.12,16433.742
2024-08-30 12:00:00,23.12,23.39,22.88,23.12,58644.139
2024-08-30 16:00:00,23.12,23.57,23.0,23.36,41005.078
2024-08-30 20:00:00,23.35,23.84,23.31,23.76,19959.887
2024-08-31 00:00:00,23.76,23.94,23.69,23.75,19766.065
2024-08-31 04:00:00,23.75,23.76,23.41,23.43,12152.926
2024-08-31 08:00:00,23.44,23.79,23.23,23.79,23452.053
2024-08-31 12:00:00,23.8,23.8,23.16,23.3,33265.467
2024-08-31 16:00:00,23.3,23.39,23.14,23.31,25719.952
2024-08-31 20:00:00,23.3,23.48,23.26,23.42,18000.593
2024-09-01 00:00:00,23.42,23.47,23.1,23.25,18940.91
2024-09-01 04:00:00,23.25,23.37,23.09,23.37,17927.998
2024-09-01 08:00:00,23.37,23.41,23.1,23.22,18043.042
2024-09-01 12:00:00,23.22,23.33,22.92,23.22,35482.72
2024-09-01 16:00:00,23.22,23.38,22.72,23.22,36419.9
2024-09-01 20:00:00,23.22,23.38,22.54,22.7,34247.38
2024-09-02 00:00:00,22.69,22.91,22.63,22.79,25279.93
2024-09-02 04:00:00,22.78,22.88,22.56,22.64,13840.503
2024-09-02 08:00:00,22.63,23.25,22.58,23.1,38342.229
2024-09-02 12:00:00,23.11,23.49,23.02,23.39,40488.837
2024-09-02 16:00:00,23.38,23.68,23.2,23.42,32946.85
2024-09-02 20:00:00,23.43,23.92,23.4,23.87,27839.5
2024-09-03 00:00:00,23.87,24.23,23.77,24.07,37349.706
2024-09-03 04:00:00,24.07,24.47,24.0,24.45,34140.602
2024-09-03 08:00:00,24.45,25.15,24.33,24.75,108498.358
2024-09-03 12:00:00,24.76,24.79,24.12,24.41,123042.734
2024-09-03 16:00:00,24.41,24.55,24.21,24.29,72799.703
2024-09-03 20:00:00,24.29,24.56,24.04,24.14,46776.14
2024-09-04 00:00:00,24.14,24.38,23.24,24.23,124814.624
2024-09-04 04:00:00,24.23,24.67,24.19,24.43,107542.446
2024-09-04 08:00:00,24.43,24.54,23.77,23.86,63535.132
2024-09-04 12:00:00,23.86,24.09,23.23,24.06,116481.773
2024-09-04 16:00:00,24.06,24.26,23.78,23.86,63447.806
2024-09-04 20:00:00,23.87,24.55,23.77,24.03,78349.524
2024-09-05 00:00:00,24.03,24.19,23.64,23.69,36102.2
2024-09-05 04:00:00,23.69,23.92,23.45,23.82,38022.785
2024-09-05 08:00:00,23.83,23.96,23.65,23.73,23309.028
2024-09-05 12:00:00,23.72,23.77,23.22,23.41,45259.367
2024-09-05 16:00:00,23.41,23.93,23.31,23.63,48707.007
2024-09-05 20:00:00,23.62,24.03,23.55,23.97,40663.146
2024-09-06 00:00:00,23.98,24.17,23.76,24.01,32756.194
2024-09-06 04:00:00,24.01,24.02,23.43,23.67,34809.059
2024-09-06 08:00:00,23.69,23.89,23.56,23.68,28247.781
2024-09-06 12:00:00,23.68,24.05,23.21,23.61,79606.356
2024-09-06 16:00:00,23.62,23.63,23.04,23.23,70002.813
2024-09-06 20:00:00,23.22,23.28,22.56,23.18,71013.861
2024-09-07 00:00:00,23.17,23.24,22.87,22.94,18278.7
2024-09-07 04:00:00,22.94,23.44,22.88,23.33,25971.292
2024-09-07 08:00:00,23.33,23.62,23.19,23.56,32712.349
2024-09-07 12:00:00,23.56,23.79,23.35,23.65,23921.633
2024-09-07 16:00:00,23.65,23.73,23.29,23.64,22434.381
2024-09-07 20:00:00,23.64,23.66,23.33,23.6,15001.884
2024-09-08 00:00:00,23.59,23.94,23.39,23.9,22099.804
2024-09-08 04:00:00,23.89,24.23,23.82,24.12,26843.087
2024-09-08 08:00:00,24.11,24.34,24.02,24.21,27748.755
2024-09-08 12:00:00,24.21,24.27,23.73,23.75,31475.589
2024-09-08 16:00:00,23.75,24.02,23.56,23.84,25251.123
2024-09-08 20:00:00,23.83,24.06,23.74,23.89,21472.735
2024-09-09 00:00:00,23.9,24.09,23.75,23.84,16072.23
2024-09-09 04:00:00,23.84,24.06,23.7,24.0,16755.173
2024-09-09 08:00:00,24.0,24.2,23.91,24.08,38075.564
2024-09-09 12:00:00,24.08,24.28,23.79,23.9,36870.807
2024-09-09 16:00:00,23.91,24.39,23.88,24.29,56693.931
2024-09-09 20:00:00,24.3,24.4,24.11,24.23,34310.299
2024-09-10 00:00:00,24.23,24.27,23.8,23.92,24452.724
2024-09-10 04:00:00,23.92,24.04,23.8,23.96,19861.892
2024-09-10 08:00:00,23.96,24.11,23.87,24.09,22584.981
2024-09-10 12:00:00,24.08,24.1,23.84,23.91,20859.873
2024-09-10 16:00:00,23.9,24.25,23.89,24.14,24753.967
2024-09-10 20:00:00,24.14,24.14,23.92,23.97,12364.564
2024-09-11 00:00:00,23.96,24.05,23.47,23.57,34029.005
2024-09-11 04:00:00,23.57,23.67,23.26,23.64,27414.236
2024-09-11 08:00:00,23.64,23.67,23.33,23.62,20703.986
2024-09-11 12:00:00,23.62,23.96,23.35,23.71,48752.727
2024-09-11 16:00:00,23.7,24.04,23.63,23.95,33318.494
2024-09-11 20:00:00,23.95,24.09,23.82,23.85,16962.045
2024-09-12 00:00:00,23.85,24.19,23.85,24.12,16872.454
2024-09-12 04:00:00,24.12,24.24,23.96,23.98,14882.128
2024-09-12 08:00:00,23.99,24.18,23.98,24.13,12471.766
2024-09-12 12:00:00,24.12,24.32,23.86,23.92,29821.171
2024-09-12 16:00:00,23.93,24.16,23.93,24.03,23284.208
2024-09-12 20:00:00,24.04,24.05,23.82,24.0,22532.377
2024-09-13 00:00:00,24.01,24.14,23.97,23.99,14570.522
2024-09-13 04:00:00,24.0,24.08,23.85,24.0,16824.582
2024-09-13 08:00:00,23.99,24.02,23.75,23.79,14694.091
2024-09-13 12:00:00,23.79,24.22,23.63,24.17,37170.704
2024-09-13 16:00:00,24.15,24.4,24.1,24.22,32237.277
2024-09-13 20:00:00,24.22,24.49,24.18,24.35,15731.013
2024-09-14 00:00:00,24.36,24.45,24.32,24.33,7337.182
2024-09-14 04:00:00,24.33,24.33,24.05,24.14,18529.238
2024-09-14 08:00:00,24.14,24.28,24.04,24.1,13023.883
2024-09-14 12:00:00,24.11,24.54,24.07,24.41,21123.577
2024-09-14 16:00:00,24.4,24.53,24.09,24.21,23785.859
2024-09-14 20:00:00,24.22,24.5,24.2,24.48,13558.313
2024-09-15 00:00:00,24.47,24.72,24.46,24.54,26021.662
2024-09-15 04:00:00,24.55,24.6,24.32,24.4,11163.92
2024-09-15 08:00:00,24.41,24.42,24.11,24.17,17318.517
2024-09-15 12:00:00,24.17,24.39,24.1,24.27,17343.818
2024-09-15 16:00:00,24.27,24.28,23.88,24.03,24975.844
2024-09-15 20:00:00,24.03,24.09,23.36,23.53,36855.107
2024-09-16 00:00:00,23.54,23.55,23.05,23.38,58703.499
2024-09-16 04:00:00,23.38,23.51,23.22,23.49,20999.871
2024-09-16 08:00:00,23.5,23.6,23.28,23.46,17181.65
2024-09-16 12:00:00,23.46,23.49,23.0,23.17,32647.711
2024-09-16 16:00:00,23.16,23.32,23.02,23.26,25966.461
2024-09-16 20:00:00,23.26,23.47,23.12,23.36,22319.72
2024-09-17 00:00:00,23.36,23.56,23.13,23.54,17145.626
2024-09-17 04:00:00,23.55,23.74,23.5,23.64,13696.487
2024-09-17 08:00:00,23.63,23.79,23.45,23.59,13389.325
2024-09-17 12:00:00,23.59,24.15,23.45,24.07,34346.004
2024-09-17 16:00:00,24.06,24.22,23.76,23.94,32835.904
2024-09-17 20:00:00,23.94,24.07,23.84,23.93,16504.276
2024-09-18 00:00:00,23.95,24.33,23.74,24.16,18405.328
2024-09-18 04:00:00,24.17,24.22,23.96,24.03,13337.49
2024-09-18 08:00:00,24.02,24.02,23.22,23.43,26897.898
2024-09-18 12:00:00,23.43,23.57,23.23,23.34,24711.634
2024-09-18 16:00:00,23.34,24.19,23.27,23.93,43052.055
2024-09-18 20:00:00,23.94,24.72,23.76,24.71,26815.491
2024-09-19 00:00:00,24.71,25.16,24.71,25.05,36150.089
2024-09-19 04:00:00,25.06,25.13,24.83,25.04,17091.084
2024-09-19 08:00:00,25.05,25.07,24.82,24.97,16431.982
2024-09-19 12:00:00,24.97,25.09,24.77,24.95,25332.378
2024-09-19 16:00:00,24.95,25.45,24.77,25.15,43274.492
2024-09-19 20:00:00,25.15,25.27,24.94,25.04,19818.199
2024-09-20 00:00:00,25.04,25.29,24.81,25.29,19261.657
2024-09-20 04:00:00,25.3,25.44,24.87,24.97,34809.69
2024-09-20 08:00:00,24.97,25.28,24.85,24.9,32560.516
2024-09-20 12:00:00,24.91,25.0,24.53,24.81,33969.073
2024-09-20 16:00:00,24.81,24.93,24.71,24.89,17181.463
2024-09-20 20:00:00,24.89,25.27,24.89,25.14,19343.896
2024-09-21 00:00:00,25.13,25.19,24.86,25.09,15582.66
2024-09-21 04:00:00,25.08,25.24,24.89,25.19,11919.804
2024-09-21 08:00:00,25.19,25.41,25.07,25.2,21451.254
2024-09-21 12:00:00,25.19,25.55,25.11,25.15,24538.784
2024-09-21 16:00:00,25.15,25.3,25.1,25.25,15227.673
2024-09-21 20:00:00,25.24,25.5,25.15,25.45,9730.686
2024-09-22 00:00:00,25.45,25.48,24.88,25.05,20023.817
2024-09-22 04:00:00,25.07,25.18,24.92,25.05,11978.866
2024-09-22 08:00:00,25.05,25.14,24.73,24.83,31763.183
2024-09-22 12:00:00,24.82,25.01,24.62,24.77,17835.243
2024-09-22 16:00:00,24.78,25.03,24.61,24.9,15686.579
2024-09-22 20:00:00,24.89,25.09,24.35,24.88,30596.607
2024-09-23 00:00:00,24.88,25.41,24.59,25.27,34535.114
2024-09-23 04:00:00,25.27,25.34,25.06,25.09,18700.876
2024-09-23 08:00:00,25.09,25.31,24.89,24.99,23989.725
2024-09-23 12:00:00,24.99,25.17,24.82,25.0,23142.417
2024-09-23 16:00:00,25.01,25.2,24.82,24.97,23502.226
2024-09-23 20:00:00,24.97,25.12,24.88,25.06,11993.039
2024-09-24 00:00:00,25.05,25.39,24.85,25.16,24062.332
2024-09-24 04:00:00,25.17,25.4,25.01,25.36,13105.384
2024-09-24 08:00:00,25.36,25.76,25.35,25.62,27064.776
2024-09-24 12:00:00,25.61,25.88,25.24,25.39,39419.195
2024-09-24 16:00:00,25.39,25.65,25.26,25.64,20714.066
2024-09-24 20:00:00,25.64,25.96,25.63,25.83,18995.662
2024-09-25 00:00:00,25.82,26.17,25.71,25.95,19222.43
2024-09-25 04:00:00,25.95,25.95,25.4,25.59,21548.389
2024-09-25 08:00:00,25.58,25.94,25.57,25.86,29386.161
2024-09-25 12:00:00,25.86,26.03,25.54,25.73,23449.947
2024-09-25 16:00:00,25.73,25.92,25.57,25.77,18189.138
2024-09-25 20:00:00,25.77,25.92,25.43,25.55,18980.104
2024-09-26 00:00:00,25.55,25.81,25.24,25.76,19849.387
2024-09-26 04:00:00,25.77,26.09,25.68,26.05,25201.791
2024-09-26 08:00:00,26.06,26.15,25.79,25.98,40446.272
2024-09-26 12:00:00,25.99,26.16,25.67,26.01,36964.407
2024-09-26 16:00:00,26.0,26.19,25.8,25.84,32618.55
2024-09-26 20:00:00,25.84,25.98,25.62,25.96,17261.403
2024-09-27 00:00:00,25.96,26.16,25.74,26.07,20750.809
2024-09-27 04:00:00,26.08,26.33,25.98,26.14,34685.452
2024-09-27 08:00:00,26.14,26.31,25.89,26.19,26732.124
2024-09-27 12:00:00,26.18,26.44,26.11,26.29,35763.949
2024-09-27 16:00:00,26.29,26.43,26.02,26.15,35359.196
2024-09-27 20:00:00,26.14,26.36,25.97,25.97,29058.528
2024-09-28 00:00:00,25.98,26.39,25.98,26.28,22059.513
2024-09-28 04:00:00,26.29,26.38,25.78,25.82,22766.036
2024-09-28 08:00:00,25.82,26.68,25.35,26.55,89412.968
2024-09-28 12:00:00,26.56,26.61,25.88,25.91,50421.435
2024-09-28 16:00:00,25.91,25.99,25.42,25.61,42380.131
2024-09-28 20:00:00,25.61,25.75,25.24,25.7,38673.993
2024-09-29 00:00:00,25.7,25.78,25.48,25.6,18577.255
2024-09-29 04:00:00,25.59,25.61,25.16,25.23,30522.536
2024-09-29 08:00:00,25.23,25.47,25.12,25.42,26106.89
2024-09-29 12:00:00,25.43,25.66,25.22,25.58,31695.791
2024-09-29 16:00:00,25.59,25.78,25.48,25.74,20171.852
2024-09-29 20:00:00,25.74,25.78,25.41,25.51,26072.875
2024-09-30 00:00:00,25.5,25.63,24.55,24.91,78024.199
2024-09-30 04:00:00,24.91,25.37,24.76,25.25,31112.277
2024-09-30 08:00:00,25.25,25.31,24.82,25.15,33403.146
2024-09-30 12:00:00,25.16,25.23,24.69,24.69,21766.468
2024-09-30 16:00:00,24.7,24.94,24.67,24.71,29332.176
2024-09-30 20:00:00,24.72,24.86,24.16,24.43,43742.076
2024-10-01 00:00:00,24.42,24.71,24.15,24.68,39372.248
2024-10-01 04:00:00,24.68,24.86,24.62,24.79,17955.312
2024-10-01 08:00:00,24.8,24.83,24.63,24.64,14810.292
2024-10-01 12:00:00,24.64,24.69,22.93,23.54,131402.703
2024-10-01 16:00:00,23.53,23.66,22.11,22.82,131501.338
2024-10-01 20:00:00,22.81,23.68,22.29,22.57,259829.817
2024-10-02 00:00:00,22.56,23.37,22.4,23.33,53035.628
2024-10-02 04:00:00,23.33,23.55,23.06,23.43,31848.7
2024-10-02 08:00:00,23.43,23.53,22.82,23.08,48065.526
2024-10-02 12:00:00,23.08,23.37,22.82,23.24,58477.647
2024-10-02 16:00:00,23.24,23.47,22.51,22.73,77911.881
2024-10-02 20:00:00,22.74,23.08,22.56,22.85,33619.806
2024-10-03 00:00:00,22.85,23.29,22.75,23.26,35535.003
2024-10-03 04:00:00,23.25,23.28,22.71,22.75,35106.775
2024-10-03 08:00:00,22.76,22.88,22.09,22.64,60174.018
2024-10-03 12:00:00,22.63,22.95,22.31,22.7,65213.317
2024-10-03 16:00:00,22.71,23.04,22.35,23.0,30568.645
2024-10-03 20:00:00,23.0,23.09,22.67,23.04,20198.407
2024-10-04 00:00:00,23.05,23.3,22.89,23.14,32843.957
2024-10-04 04:00:00,23.13,23.3,22.95,23.11,20790.71
2024-10-04 08:00:00,23.12,23.25,22.92,22.99,16988.428
2024-10-04 12:00:00,22.99,23.41,22.86,23.39,39056.075
2024-10-04 16:00:00,23.39,23.68,23.37,23.55,32427.693
2024-10-04 20:00:00,23.55,23.65,23.38,23.62,13754.793
2024-10-05 00:00:00,23.62,23.82,23.46,23.5,23949.898
2024-10-05 04:00:00,23.51,23.85,23.48,23.73,9379.892
2024-10-05 08:00:00,23.73,23.85,23.68,23.75,14024.401
2024-10-05 12:00:00,23.75,23.85,23.63,23.82,18380.263
2024-10-05 16:00:00,23.81,24.06,23.62,23.69,24922.558
2024-10-05 20:00:00,23.69,23.95,23.55,23.83,20008.323
2024-10-06 00:00:00,23.83,24.09,23.71,23.88,19209.889
2024-10-06 04:00:00,23.88,24.13,23.82,24.09,11744.652
2024-10-06 08:00:00,24.08,24.36,23.99,24.31,25394.284
2024-10-06 12:00:00,24.32,24.42,23.99,24.04,24828.869
2024-10-06 16:00:00,24.05,24.23,23.89,23.99,23586.582
2024-10-06 20:00:00,24.0,24.24,23.91,24.22,17511.573
2024-10-07 00:00:00,24.22,24.52,24.13,24.4,26712.989
2024-10-07 04:00:00,24.39,24.49,24.24,24.35,14936.674
2024-10-07 08:00:00,24.35,24.5,23.88,24.13,27452.966
2024-10-07 12:00:00,24.13,24.48,24.03,24.23,27219.473
2024-10-07 16:00:00,24.26,24.34,23.81,23.97,19375.446
2024-10-07 20:00:00,23.99,24.18,23.6,23.67,26134.847
2024-10-08 00:00:00,23.67,24.04,23.67,23.74,19074.178
2024-10-08 04:00:00,23.75,23.83,23.2,23.3,30297.382
2024-10-08 08:00:00,23.29,23.46,23.17,23.43,23179.973
2024-10-08 12:00:00,23.42,23.53,23.06,23.27,35988.339
2024-10-08 16:00:00,23.28,23.38,23.1,23.24,24772.776
2024-10-08 20:00:00,23.25,23.35,23.04,23.16,22598.04
2024-10-09 00:00:00,23.17,23.36,23.07,23.15,19337.179
2024-10-09 04:00:00,23.15,23.29,22.98,23.09,18191.28
2024-10-09 08:00:00,23.08,23.22,22.99,23.18,14109.669
2024-10-09 12:00:00,23.18,23.39,22.83,23.25,41315.64
2024-10-09 16:00:00,23.25,23.28,22.81,22.9,28531.597
2024-10-09 20:00:00,22.9,22.94,22.53,22.68,24749.427
2024-10-10 00:00:00,22.69,22.94,22.54,22.84,16938.916
2024-10-10 04:00:00,22.85,22.97,22.72,22.84,17480.126
2024-10-10 08:00:00,22.84,22.92,22.59,22.82,18034.311
2024-10-10 12:00:00,22.82,22.9,22.47,22.65,32313.53
2024-10-10 16:00:00,22.66,22.77,22.3,22.59,52640.966
2024-10-10 20:00:00,22.6,22.98,22.54,22.98,21538.876
2024-10-11 00:00:00,22.97,23.53,22.93,23.47,36664.937
2024-10-11 04:00:00,23.47,23.87,23.47,23.57,54567.327
2024-10-11 08:00:00,23.56,23.68,23.32,23.4,38101.695
2024-10-11 12:00:00,23.41,23.63,23.32,23.56,30717.202
2024-10-11 16:00:00,23.56,23.84,23.55,23.67,21767.366
2024-10-11 20:00:00,23.68,23.7,23.5,23.6,19955.862
2024-10-12 00:00:00,23.61,23.74,23.55,23.62,19984.808
2024-10-12 04:00:00,23.61,24.16,23.61,24.1,32010.247
2024-10-12 08:00:00,24.1,24.15,23.93,24.03,19374.19
2024-10-12 12:00:00,24.04,24.08,23.87,23.93,15571.734
2024-10-12 16:00:00,23.92,24.01,23.86,23.99,14932.491
2024-10-12 20:00:00,23.99,24.05,23.89,23.98,9585.542
2024-10-13 00:00:00,23.99,24.08,23.75,23.87,23873.812
2024-10-13 04:00:00,23.87,24.24,23.86,23.98,24092.624
2024-10-13 08:00:00,23.98,24.0,23.55,23.59,17253.153
2024-10-13 12:00:00,23.6,23.8,23.26,23.42,26122.443
2024-10-13 16:00:00,23.42,23.73,23.37,23.64,20094.043
2024-10-13 20:00:00,23.64,23.78,23.56,23.75,20946.647
2024-10-14 00:00:00,23.75,23.94,23.39,23.92,30122.808
2024-10-14 04:00:00,23.92,24.06,23.77,24.04,25164.138
2024-10-14 08:00:00,24.05,24.13,23.86,24.08,21141.254
2024-10-14 12:00:00,24.08,24.41,23.91,24.3,34041.26
2024-10-14 16:00:00,24.3,24.41,24.15,24.37,26123.574
2024-10-14 20:00:00,24.37,24.51,24.32,24.45,20551.306
2024-10-15 00:00:00,24.46,24.59,24.25,24.32,18538.788
2024-10-15 04:00:00,24.33,24.47,24.1,24.36,22957.173
2024-10-15 08:00:00,24.36,24.45,23.8,23.92,29553.003
2024-10-15 12:00:00,23.93,24.63,23.53,24.06,64738.185
2024-10-15 16:00:00,24.07,24.43,24.0,24.2,27463.119
2024-10-15 20:00:00,24.2,24.23,23.8,24.18,18900.878
2024-10-16 00:00:00,24.18,24.33,23.97,24.19,15050.294
2024-10-16 04:00:00,24.19,24.39,23.94,24.0,28676.56
2024-10-16 08:00:00,24.0,24.26,23.97,24.15,24935.488
2024-10-16 12:00:00,24.14,24.25,23.9,24.02,25851.587
2024-10-16 16:00:00,24.02,24.29,23.88,24.15,22529.105
2024-10-16 20:00:00,24.15,24.36,24.01,24.03,11956.172
2024-10-17 00:00:00,24.04,24.22,23.96,24.1,15330.125
2024-10-17 04:00:00,24.11,24.16,23.71,23.84,25661.763
2024-10-17 08:00:00,23.83,23.85,23.45,23.46,29634.831
2024-10-17 12:00:00,23.46,23.86,23.43,23.74,26227.698
2024-10-17 16:00:00,23.73,23.81,23.4,23.55,30132.42
2024-10-17 20:00:00,23.55,23.78,23.52,23.7,16306.382
2024-10-18 00:00:00,23.7,24.15,23.53,23.76,28452.414
2024-10-18 04:00:00,23.77,23.92,23.55,23.84,24802.976
2024-10-18 08:00:00,23.84,23.86,23.51,23.52,38563.875
2024-10-18 12:00:00,23.52,23.81,23.49,23.69,30609.456
2024-10-18 16:00:00,23.7,23.86,23.59,23.69,28067.323
2024-10-18 20:00:00,23.68,23.77,23.54,23.73,22656.057
2024-10-19 00:00:00,23.72,24.12,23.69,24.02,34215.508
2024-10-19 04:00:00,24.02,24.14,23.87,23.88,23878.723
2024-10-19 08:00:00,23.88,24.18,23.69,23.71,37013.073
2024-10-19 12:00:00,23.72,24.06,23.71,23.99,26227.699
2024-10-19 16:00:00,23.99,24.03,23.78,23.87,23477.016
2024-10-19 20:00:00,23.88,24.21,23.87,24.19,27212.906
2024-10-20 00:00:00,24.19,24.25,23.82,23.94,22478.817
2024-10-20 04:00:00,23.94,24.14,23.87,24.07,21049.565
2024-10-20 08:00:00,24.07,24.29,24.07,24.18,24775.843
2024-10-20 12:00:00,24.18,24.57,24.04,24.47,36164.662
2024-10-20 16:00:00,24.47,24.66,24.34,24.43,25153.419
2024-10-20 20:00:00,24.42,24.71,24.37,24.7,24964.678
2024-10-21 00:00:00,24.71,24.75,24.42,24.53,15573.148
2024-10-21 04:00:00,24.53,24.74,24.48,24.49,16843.808
2024-10-21 08:00:00,24.5,24.56,24.14,24.24,25073.469
2024-10-21 12:00:00,24.24,24.36,23.73,23.94,43800.621
2024-10-21 16:00:00,23.95,24.21,23.7,24.18,26550.517
2024-10-21 20:00:00,24.17,24.2,23.89,23.89,8941.374
2024-10-22 00:00:00,23.89,23.94,23.59,23.81,27200.407
2024-10-22 04:00:00,23.8,23.95,23.77,23.8,17226.528
2024-10-22 08:00:00,23.8,23.83,23.52,23.6,22633.265
2024-10-22 12:00:00,23.6,23.66,23.16,23.31,48709.457
2024-10-22 16:00:00,23.3,23.5,23.17,23.49,22190.008
2024-10-22 20:00:00,23.48,23.61,23.4,23.47,15023.148
2024-10-23 00:00:00,23.47,23.49,23.23,23.32,16780.586
2024-10-23 04:00:00,23.32,23.41,23.11,23.15,19640.151
2024-10-23 08:00:00,23.15,23.21,22.91,22.95,34914.991
2024-10-23 12:00:00,22.94,23.17,22.79,23.02,35055.139
2024-10-23 16:00:00,23.02,23.03,22.47,23.0,56258.993
2024-10-23 20:00:00,23.01,23.38,22.97,23.27,26359.18
2024-10-24 00:00:00,23.27,23.42,23.1,23.24,22680.451
2024-10-24 04:00:00,23.24,23.39,23.19,23.25,15749.667
2024-10-24 08:00:00,23.24,23.29,22.93,23.18,24120.393
2024-10-24 12:00:00,23.18,23.34,23.12,23.32,25031.93
2024-10-24 16:00:00,23.32,23.54,23.2,23.52,25034.695
2024-10-24 20:00:00,23.52,23.56,23.36,23.44,18944.317
2024-10-25 00:00:00,23.43,23.5,23.26,23.34,12855.047
2024-10-25 04:00:00,23.33,23.36,23.03,23.15,19499.263
2024-10-25 08:00:00,23.16,23.48,23.08,23.44,25197.548
2024-10-25 12:00:00,23.44,23.53,23.13,23.21,21311.076
2024-10-25 16:00:00,23.2,23.38,22.62,22.78,54116.23
2024-10-25 20:00:00,22.79,22.95,20.83,21.88,114251.972
2024-10-26 00:00:00,21.88,22.09,21.62,21.94,41307.216
2024-10-26 04:00:00,21.95,22.07,21.86,22.01,20683.171
2024-10-26 08:00:00,22.01,22.34,21.99,22.16,31143.555
2024-10-26 12:00:00,22.17,22.19,21.66,21.79,28491.187
2024-10-26 16:00:00,21.8,22.06,21.76,22.03,19868.69
2024-10-26 20:00:00,22.03,22.19,22.01,22.11,11716.841
2024-10-27 00:00:00,22.12,22.33,22.1,22.32,12181.922
2024-10-27 04:00:00,22.32,22.32,22.06,22.06,9431.371
2024-10-27 08:00:00,22.07,22.12,21.95,21.97,11252.84
2024-10-27 12:00:00,21.97,22.44,21.97,22.42,20108.102
2024-10-27 16:00:00,22.42,22.45,22.12,22.22,22259.109
2024-10-27 20:00:00,22.22,22.37,22.13,22.31,13086.275
2024-10-28 00:00:00,22.29,22.47,22.09,22.16,18133.477
2024-10-28 04:00:00,22.15,22.49,22.0,22.38,23751.213
2024-10-28 08:00:00,22.38,22.53,22.25,22.34,19172.38
2024-10-28 12:00:00,22.35,22.51,22.17,22.21,25425.297
2024-10-28 16:00:00,22.2,22.66,22.09,22.58,37667.155
2024-10-28 20:00:00,22.43,22.75,22.4,22.64,17427.973
2024-10-29 00:00:00,22.64,23.16,22.56,23.1,41864.213
2024-10-29 04:00:00,23.11,23.21,22.82,22.83,20372.527
2024-10-29 08:00:00,22.84,23.02,22.84,22.93,16203.871
2024-10-29 12:00:00,22.94,23.05,22.77,23.03,31460.579
2024-10-29 16:00:00,23.01,23.37,23.01,23.11,44562.892
2024-10-29 20:00:00,23.11,23.41,22.94,23.36,24810.703
2024-10-30 00:00:00,23.37,23.48,23.17,23.41,20358.809
2024-10-30 04:00:00,23.41,23.45,23.22,23.25,17353.434
2024-10-30 08:00:00,23.25,23.35,22.97,22.98,18591.602
2024-10-30 12:00:00,22.99,23.34,22.92,23.17,28555.73
2024-10-30 16:00:00,23.16,23.39,23.12,23.21,17322.796
2024-10-30 20:00:00,23.22,23.4,23.08,23.11,16670.801
2024-10-31 00:00:00,23.11,23.21,23.0,23.07,14444.586
2024-10-31 04:00:00,23.07,23.13,22.87,22.9,15093.198
2024-10-31 08:00:00,22.91,22.91,22.63,22.66,28113.994
2024-10-31 12:00:00,22.66,22.67,22.1,22.26,45512.063
2024-10-31 16:00:00,22.26,22.54,22.14,22.27,48242.545
2024-10-31 20:00:00,22.27,22.33,22.11,22.17,27479.042
2024-11-01 00:00:00,22.18,22.28,21.81,22.1,34532.665
2024-11-01 04:00:00,22.11,22.21,21.92,21.97,19833.05
2024-11-01 08:00:00,21.97,22.3,21.96,22.26,16234.485
2024-11-01 12:00:00,22.25,22.74,22.14,22.33,47097.802
2024-11-01 16:00:00,22.33,22.61,22.28,22.43,31657.42
2024-11-01 20:00:00,22.43,22.5,22.06,22.35,15328.232
2024-11-02 00:00:00,22.35,22.75,22.33,22.54,19363.641
2024-11-02 04:00:00,22.54,22.68,22.39,22.51,16185.849
2024-11-02 08:00:00,22.51,22.63,22.42,22.54,14640.835
2024-11-02 12:00:00,22.54,22.57,22.06,22.17,31040.685
2024-11-02 16:00:00,22.17,22.3,22.08,22.25,15356.49
2024-11-02 20:00:00,22.26,22.4,22.12,22.3,18715.524
2024-11-03 00:00:00,22.3,22.33,21.61,21.85,46548.311
2024-11-03 04:00:00,21.85,22.08,21.84,21.97,22351.309
2024-11-03 08:00:00,21.97,22.04,21.67,21.68,21848.053
2024-11-03 12:00:00,21.69,21.8,21.23,21.42,67543.797
2024-11-03 16:00:00,21.42,21.63,21.05,21.62,61622.453
2024-11-03 20:00:00,21.63,21.95,21.52,21.78,35307.712
2024-11-04 00:00:00,21.78,22.15,21.59,21.98,33711.348
2024-11-04 04:00:00,21.98,22.14,21.72,21.72,24099.997
2024-11-04 08:00:00,21.73,22.03,21.63,21.91,29461.82
2024-11-04 12:00:00,21.91,22.09,21.71,21.78,31698.813
2024-11-04 16:00:00,21.77,21.87,21.5,21.66,41317.766
2024-11-04 20:00:00,21.66,21.67,21.14,21.46,45279.29
2024-11-05 00:00:00,21.46,21.65,21.41,21.59,21112.324
2024-11-05 04:00:00,21.6,21.92,21.59,21.88,24110.061
2024-11-05 08:00:00,21.89,21.97,21.64,21.67,18800.54
2024-11-05 12:00:00,21.67,22.05,21.6,21.82,59661.602
2024-11-05 16:00:00,21.83,22.13,21.56,21.68,44890.331
2024-11-05 20:00:00,21.68,22.1,21.62,21.99,21456.925
2024-11-06 00:00:00,21.98,23.06,21.96,22.94,89048.313
2024-11-06 04:00:00,22.93,23.19,22.73,22.9,83568.706
2024-11-06 08:00:00,22.9,23.04,22.47,22.96,55234.995
2024-11-06 12:00:00,22.95,23.03,22.67,22.93,38647.283
2024-11-06 16:00:00,22.94,23.17,22.87,23.07,40981.624
2024-11-06 20:00:00,23.08,23.39,23.02,23.34,38817.706
2024-11-07 00:00:00,23.35,23.95,23.2,23.78,64976.878
2024-11-07 04:00:00,23.79,23.84,23.19,23.52,49588.723
2024-11-07 08:00:00,23.52,23.64,23.36,23.37,22012.011
2024-11-07 12:00:00,23.37,23.61,23.14,23.55,47836.638
2024-11-07 16:00:00,23.55,23.74,23.41,23.64,33743.664
2024-11-07 20:00:00,23.63,23.8,23.32,23.49,42100.881
2024-11-08 00:00:00,23.49,23.74,23.27,23.4,29977.712
2024-11-08 04:00:00,23.4,23.56,23.31,23.53,16062.061
2024-11-08 08:00:00,23.53,23.55,23.24,23.49,25293.156
2024-11-08 12:00:00,23.5,23.75,23.4,23.67,40758.919
2024-11-08 16:00:00,23.68,23.76,23.2,23.53,48440.843
2024-11-08 20:00:00,23.53,23.82,23.38,23.82,23701.903
2024-11-09 00:00:00,23.82,23.94,23.71,23.8,40872.822
2024-11-09 04:00:00,23.8,24.23,23.8,24.03,42411.163
2024-11-09 08:00:00,24.03,24.36,23.96,24.35,30560.502
2024-11-09 12:00:00,24.34,24.39,23.95,24.19,53908.201
2024-11-09 16:00:00,24.2,24.37,23.77,24.25,46351.789
2024-11-09 20:00:00,24.25,24.98,24.23,24.94,43867.646
2024-11-10 00:00:00,24.95,24.97,24.6,24.87,48923.746
2024-11-10 04:00:00,24.86,25.45,24.83,25.36,57607.065
2024-11-10 08:00:00,25.36,25.93,25.31,25.9,53627.642
2024-11-10 12:00:00,25.9,26.56,25.56,26.22,103177.95
2024-11-10 16:00:00,26.23,26.97,26.1,26.4,87434.019
2024-11-10 20:00:00,26.4,26.58,24.96,25.96,125219.298
2024-11-11 00:00:00,25.95,26.66,25.88,26.52,67223.731
2024-11-11 04:00:00,26.52,26.55,25.42,25.73,82994.4
2024-11-11 08:00:00,25.72,26.02,25.68,25.95,46325.066
2024-11-11 12:00:00,25.95,26.18,25.36,25.98,87294.177
2024-11-11 16:00:00,25.97,26.29,25.88,26.04,96105.873
2024-11-11 20:00:00,26.04,26.89,25.93,26.81,96174.185
2024-11-12 00:00:00,26.82,26.88,25.93,26.77,71627.937
2024-11-12 04:00:00,26.77,26.82,26.1,26.78,67081.975
2024-11-12 08:00:00,26.77,27.28,24.7,25.65,239847.278
2024-11-12 12:00:00,25.65,25.91,24.9,25.57,108759.567
2024-11-12 16:00:00,25.58,26.4,24.92,26.0,108840.139
2024-11-12 20:00:00,26.01,26.72,25.65,26.24,65751.365
2024-11-13 00:00:00,26.25,26.67,25.17,25.2,78671.708
2024-11-13 04:00:00,25.2,25.64,24.45,25.17,107190.248
2024-11-13 08:00:00,25.17,25.35,24.79,25.2,53490.252
2024-11-13 12:00:00,25.2,26.32,25.04,26.21,126425.708
2024-11-13 16:00:00,26.21,26.65,25.16,25.28,145633.434
2024-11-13 20:00:00,25.28,25.66,24.73,25.56,86541.657
2024-11-14 00:00:00,25.57,25.83,25.18,25.75,87270.092
2024-11-14 04:00:00,25.75,26.44,25.57,26.02,54161.951
2024-11-14 08:00:00,26.03,26.25,25.18,25.52,66228.3
2024-11-14 12:00:00,25.51,25.73,24.58,24.83,104974.003
2024-11-14 16:00:00,24.83,25.68,24.69,25.56,66569.494
2024-11-14 20:00:00,25.55,25.84,24.78,25.11,81055.398
2024-11-15 00:00:00,25.1,25.57,24.88,25.4,63690.792
2024-11-15 04:00:00,25.4,25.46,24.72,25.22,49897.565
2024-11-15 08:00:00,25.23,25.85,24.91,25.84,36040.762
2024-11-15 12:00:00,25.84,26.44,25.44,25.71,78037.258
2024-11-15 16:00:00,25.72,27.19,25.61,27.17,114417.856
2024-11-15 20:00:00,27.16,28.09,27.15,27.88,150797.894
2024-11-16 00:00:00,27.88,28.11,27.6,27.9,69425.946
2024-11-16 04:00:00,27.9,28.5,27.65,28.08,76451.315
2024-11-16 08:00:00,28.08,28.72,27.9,28.58,76845.831
2024-11-16 12:00:00,28.58,29.53,28.19,29.08,214498.963
2024-11-16 16:00:00,29.08,30.1,28.74,29.98,117015.909
2024-11-16 20:00:00,29.98,30.33,29.6,30.07,99607.373
2024-11-17 00:00:00,30.09,30.35,28.52,29.04,95073.936
2024-11-17 04:00:00,29.04,29.55,28.7,29.26,57395.74
2024-11-17 08:00:00,29.26,29.29,28.43,28.45,52686.666
2024-11-17 12:00:00,28.46,28.93,28.22,28.35,46242.709
2024-11-17 16:00:00,28.36,28.51,27.26,27.62,92564.395
2024-11-17 20:00:00,27.61,27.78,27.01,27.42,51237.943
2024-11-18 00:00:00,27.42,28.53,27.41,28.51,63127.426
2024-11-18 04:00:00,28.52,28.89,28.39,28.82,42102.08
2024-11-18 08:00:00,28.82,29.19,28.41,28.56,55314.006
2024-11-18 12:00:00,28.56,29.57,28.06,29.45,90906.745
2024-11-18 16:00:00,29.47,29.76,28.69,28.99,109473.868
2024-11-18 20:00:00,28.99,29.86,28.87,29.62,44078.8
2024-11-19 00:00:00,29.65,29.84,29.37,29.61,38838.46
2024-11-19 04:00:00,29.61,30.1,29.13,29.83,61844.342
2024-11-19 08:00:00,29.83,29.96,29.26,29.51,43846.964
2024-11-19 12:00:00,29.51,29.65,28.76,29.05,58936.892
2024-11-19 16:00:00,29.05,29.42,28.8,29.23,48884.799
2024-11-19 20:00:00,29.24,29.38,28.06,28.55,81678.418
2024-11-20 00:00:00,28.55,28.56,27.46,27.9,58122.809
2024-11-20 04:00:00,27.9,28.14,27.58,27.8,53139.406
2024-11-20 08:00:00,27.8,28.05,27.62,27.7,45879.282
2024-11-20 12:00:00,27.68,28.25,27.35,28.16,61489.848
2024-11-20 16:00:00,28.16,28.3,26.76,27.0,94319.096
2024-11-20 20:00:00,26.99,27.79,26.84,27.3,46244.044
2024-11-21 00:00:00,27.31,27.91,26.97,27.71,55088.131
2024-11-21 04:00:00,27.71,29.0,27.71,28.76,119324.84
2024-11-21 08:00:00,28.75,29.01,27.99,28.88,95446.628
2024-11-21 12:00:00,28.87,29.64,28.44,28.84,134719.561
2024-11-21 16:00:00,28.84,29.47,28.75,29.24,60434.273
2024-11-21 20:00:00,29.25,29.35,28.61,28.78,39826.823
2024-11-22 00:00:00,28.78,28.99,28.36,28.78,53184.029
2024-11-22 04:00:00,28.77,29.48,28.67,29.18,62031.642
2024-11-22 08:00:00,29.17,29.86,28.97,29.79,70472.435
2024-11-22 12:00:00,29.79,29.94,28.3,29.12,116673.19
2024-11-22 16:00:00,29.11,29.57,28.76,29.02,71952.061
2024-11-22 20:00:00,29.03,29.91,28.96,29.91,44590.726
2024-11-23 00:00:00,29.91,30.92,29.6,29.96,178263.139
2024-11-23 04:00:00,29.97,31.22,29.4,31.05,113314.136
2024-11-23 08:00:00,31.05,31.94,31.01,31.85,84678.453
2024-11-23 12:00:00,31.85,35.5,31.83,34.21,327655.708
2024-11-23 16:00:00,34.22,34.91,32.53,33.85,318850.457
2024-11-23 20:00:00,33.85,34.04,32.75,33.83,95404.289
2024-11-24 00:00:00,33.82,35.96,33.58,35.79,140387.173
2024-11-24 04:00:00,35.79,35.9,34.66,35.75,138733.134
2024-11-24 08:00:00,35.75,36.61,33.32,33.36,223735.922
2024-11-24 12:00:00,33.33,34.03,32.02,32.09,262471.98
2024-11-24 16:00:00,32.09,33.42,31.85,32.9,132652.497
2024-11-24 20:00:00,32.91,34.35,32.82,34.25,90807.541
2024-11-25 00:00:00,34.26,34.3,32.86,33.91,109165.863
2024-11-25 04:00:00,33.91,34.29,33.52,33.92,57482.5
2024-11-25 08:00:00,33.92,35.21,33.87,34.51,81252.084
2024-11-25 12:00:00,34.5,34.94,32.36,33.73,145877.272
2024-11-25 16:00:00,33.73,34.26,33.31,34.04,170142.135
2024-11-25 20:00:00,34.03,34.71,32.76,33.29,99846.387
2024-11-26 00:00:00,33.29,34.92,32.69,34.6,85206.177
2024-11-26 04:00:00,34.6,35.53,33.63,33.85,105385.445
2024-11-26 08:00:00,33.84,33.9,31.17,31.91,159028.56
2024-11-26 12:00:00,31.91,32.03,30.95,31.19,139938.931
2024-11-26 16:00:00,31.19,32.26,31.02,31.89,133970.929
2024-11-26 20:00:00,31.87,33.37,31.77,33.3,95393.429
2024-11-27 00:00:00,33.29,35.56,32.9,34.09,210769.099
2024-11-27 04:00:00,34.1,35.33,34.1,35.0,122612.79
2024-11-27 08:00:00,35.0,36.0,34.62,35.49,132697.584
2024-11-27 12:00:00,35.49,37.53,34.78,37.17,292454.704
2024-11-27 16:00:00,37.16,38.56,37.0,37.18,193076.798
2024-11-27 20:00:00,37.19,38.62,37.01,38.18,107471.42
2024-11-28 00:00:00,38.17,38.17,36.24,36.45,97175.14
2024-11-28 04:00:00,36.46,36.93,36.16,36.66,55242.101
2024-11-28 08:00:00,36.67,36.77,35.5,36.09,63624.076
2024-11-28 12:00:00,36.09,36.32,35.35,35.47,62533.856
2024-11-28 16:00:00,35.47,36.82,35.45,36.73,62380.642
2024-11-28 20:00:00,36.73,36.93,36.04,36.9,40712.446
2024-11-29 00:00:00,36.9,37.07,36.16,36.18,43551.004
2024-11-29 04:00:00,36.16,36.27,35.22,35.4,87221.175
2024-11-29 08:00:00,35.39,36.61,35.38,36.54,32106.721
2024-11-29 12:00:00,36.54,37.2,36.12,36.82,56786.01
2024-11-29 16:00:00,36.81,37.07,36.33,36.95,43050.257
2024-11-29 20:00:00,36.96,37.63,36.81,37.5,33119.832
2024-11-30 00:00:00,37.49,37.5,36.75,37.21,37486.368
2024-11-30 04:00:00,37.2,37.53,37.05,37.29,35345.018
2024-11-30 08:00:00,37.29,39.03,37.21,38.15,139620.967
2024-11-30 12:00:00,38.16,39.91,38.16,39.64,109593.059
2024-11-30 16:00:00,39.64,40.45,39.34,39.79,100209.952
2024-11-30 20:00:00,39.78,40.36,39.39,39.52,52622.612
2024-12-01 00:00:00,39.52,39.54,38.02,38.46,64764.047
2024-12-01 04:00:00,38.47,38.92,38.03,38.68,41664.273
2024-12-01 08:00:00,38.67,40.45,38.64,40.09,120686.126
2024-12-01 12:00:00,40.08,41.27,40.07,40.92,103957.177
2024-12-01 16:00:00,40.92,42.48,40.29,42.39,117397.665
2024-12-01 20:00:00,42.39,46.89,42.01,46.07,410150.288
2024-12-02 00:00:00,46.07,54.97,46.07,52.52,1780018.735
2024-12-02 04:00:00,52.52,58.3,51.18,56.08,1712982.02
2024-12-02 08:00:00,56.05,56.76,49.41,49.59,1798686.896
2024-12-02 12:00:00,49.59,54.12,49.52,53.42,1209286.688
2024-12-02 16:00:00,53.41,55.46,50.24,53.12,719189.918
2024-12-02 20:00:00,53.11,54.35,51.98,52.31,321342.14
2024-12-03 00:00:00,52.29,57.26,52.29,55.76,416027.949
2024-12-03 04:00:00,55.76,56.54,53.12,53.91,335911.524
2024-12-03 08:00:00,53.91,57.64,53.56,57.09,359432.127
2024-12-03 12:00:00,57.08,62.31,53.41,54.43,828443.673
2024-12-03 16:00:00,54.42,56.01,53.2,53.93,218217.453
2024-12-03 20:00:00,53.93,58.67,53.82,57.42,215339.819
2024-12-04 00:00:00,57.43,60.63,55.32,57.23,279056.111
2024-12-04 04:00:00,57.21,59.93,56.84,58.03,143280.781
2024-12-04 08:00:00,58.03,63.13,57.59,60.69,295844.865
2024-12-04 12:00:00,60.69,61.36,57.39,58.16,282711.878
2024-12-04 16:00:00,58.15,59.29,56.38,58.91,177173.087
2024-12-04 20:00:00,58.9,59.58,56.87,58.5,129896.798
2024-12-05 00:00:00,58.49,59.47,55.68,56.69,198034.702
2024-12-05 04:00:00,56.7,58.65,51.3,58.01,163086.266
2024-12-05 08:00:00,57.98,58.76,56.46,58.65,74711.895
2024-12-05 12:00:00,58.6,61.1,57.91,60.59,164517.118
2024-12-05 16:00:00,60.58,69.95,60.54,68.4,582210.879
2024-12-05 20:00:00,68.4,71.67,64.23,64.91,776190.502
2024-12-06 00:00:00,64.92,65.8,61.19,62.02,245985.954
2024-12-06 04:00:00,62.02,62.71,61.06,61.26,138071.621
2024-12-06 08:00:00,61.25,61.57,59.21,60.24,143764.409
2024-12-06 12:00:00,60.2,61.1,59.13,60.47,165941.14
2024-12-06 16:00:00,60.47,62.23,60.26,61.26,148638.082
2024-12-06 20:00:00,61.26,63.5,61.0,61.81,190885.884
2024-12-07 00:00:00,61.81,62.94,60.15,61.2,114883.795
2024-12-07 04:00:00,61.19,62.37,59.9,60.65,86161.045
2024-12-07 08:00:00,60.65,61.28,59.01,60.0,96590.509
2024-12-07 12:00:00,59.99,60.53,59.51,59.87,85341.155
2024-12-07 16:00:00,59.88,60.45,58.41,59.11,101631.653
2024-12-07 20:00:00,59.12,60.29,58.73,60.02,73834.078
2024-12-08 00:00:00,60.02,60.38,59.21,59.29,46975.912
2024-12-08 04:00:00,59.29,59.92,58.12,59.72,69200.78
2024-12-08 08:00:00,59.71,59.79,57.72,59.46,78299.246
2024-12-08 12:00:00,59.45,60.28,58.46,59.15,84343.782
2024-12-08 16:00:00,59.15,59.3,58.13,58.34,48072.293
2024-12-08 20:00:00,58.34,58.72,57.91,58.32,43320.207
2024-12-09 00:00:00,58.33,58.35,56.0,56.46,113703.821
2024-12-09 04:00:00,56.45,57.37,54.69,55.38,110548.611
2024-12-09 08:00:00,55.38,55.39,51.84,52.38,214983.834
2024-12-09 12:00:00,52.39,55.34,51.82,53.38,146706.94
2024-12-09 16:00:00,53.41,53.69,52.08,52.1,70493.231
2024-12-09 20:00:00,52.09,52.25,41.18,47.17,543940.179
2024-12-10 00:00:00,47.17,47.86,41.0,43.58,354289.407
2024-12-10 04:00:00,43.57,46.43,43.31,46.05,157279.278
2024-12-10 08:00:00,46.06,46.5,44.94,45.82,100757.219
2024-12-10 12:00:00,45.82,46.19,41.67,41.71,186154.899
2024-12-10 16:00:00,41.73,43.96,40.07,43.83,220608.734
2024-12-10 20:00:00,43.82,46.43,43.35,45.55,110017.158
2024-12-11 00:00:00,45.55,46.44,43.38,45.95,129721.383
2024-12-11 04:00:00,45.96,46.49,44.85,44.9,78889.11
2024-12-11 08:00:00,44.9,47.02,44.9,46.33,113758.431
2024-12-11 12:00:00,46.34,49.99,46.34,49.35,156567.149
2024-12-11 16:00:00,49.35,49.44,47.37,48.26,102077.834
2024-12-11 20:00:00,48.24,49.52,47.78,49.12,74388.282
2024-12-12 00:00:00,49.11,50.21,47.53,49.71,105653.87
2024-12-12 04:00:00,49.72,51.41,49.61,49.84,116332.094
2024-12-12 08:00:00,49.84,50.69,48.58,49.19,93281.72
2024-12-12 12:00:00,49.19,50.8,49.19,50.01,109988.919
2024-12-12 16:00:00,50.03,50.76,47.87,47.93,116072.651
2024-12-12 20:00:00,47.91,49.19,47.9,48.68,76095.228
2024-12-13 00:00:00,48.69,49.28,47.59,49.03,70723.893
2024-12-13 04:00:00,49.05,49.27,47.64,48.28,55364.029
2024-12-13 08:00:00,48.28,49.07,47.72,48.69,64400.987
2024-12-13 12:00:00,48.7,49.76,48.08,48.15,109835.007
2024-12-13 16:00:00,48.14,49.12,48.08,48.67,64941.473
2024-12-13 20:00:00,48.67,49.14,47.89,48.87,43611.578
2024-12-14 00:00:00,48.87,49.08,47.92,48.22,54531.082
2024-12-14 04:00:00,48.22,48.93,48.03,48.2,36772.157
2024-12-14 08:00:00,48.2,48.7,47.28,47.4,53908.424
2024-12-14 12:00:00,47.39,47.53,45.5,46.19,101294.578
2024-12-14 16:00:00,46.18,46.43,45.08,45.68,74119.125
2024-12-14 20:00:00,45.68,46.39,45.07,46.13,63515.771
2024-12-15 00:00:00,46.12,46.25,45.47,45.48,42062.799
2024-12-15 04:00:00,45.48,46.2,44.57,44.79,50745.606
2024-12-15 08:00:00,44.78,45.49,44.66,45.43,52565.572
2024-12-15 12:00:00,45.42,47.45,45.17,46.77,144816.421
2024-12-15 16:00:00,46.78,47.09,46.32,46.65,55355.215
2024-12-15 20:00:00,46.66,47.83,44.5,47.29,112649.528
2024-12-16 00:00:00,47.29,48.26,45.78,45.98,112083.038
2024-12-16 04:00:00,45.99,46.12,44.8,45.26,59763.297
2024-12-16 08:00:00,45.26,45.68,43.02,43.67,114053.865
2024-12-16 12:00:00,43.68,44.6,43.38,44.47,89768.823
2024-12-16 16:00:00,44.46,46.47,44.44,45.5,121290.285
2024-12-16 20:00:00,45.51,46.03,44.71,44.81,46479.954
2024-12-17 00:00:00,44.81,44.86,43.84,44.47,52830.978
2024-12-17 04:00:00,44.47,44.95,43.66,44.43,53818.443
2024-12-17 08:00:00,44.44,45.66,44.13,45.63,65301.336
2024-12-17 12:00:00,45.63,45.79,44.01,44.26,99612.993
2024-12-17 16:00:00,44.26,47.02,43.97,45.21,182479.089
2024-12-17 20:00:00,45.21,45.76,43.6,44.38,80423.979
2024-12-18 00:00:00,44.37,44.78,43.02,43.09,69088.344
2024-12-18 04:00:00,43.09,43.25,41.73,42.45,139302.442
2024-12-18 08:00:00,42.44,43.28,42.18,43.17,42776.248
2024-12-18 12:00:00,43.17,43.24,41.55,42.05,58515.073
2024-12-18 16:00:00,42.05,43.13,41.29,41.31,88117.207
2024-12-18 20:00:00,41.31,41.63,38.03,38.7,258980.835
2024-12-19 00:00:00,38.69,39.28,36.46,39.17,148933.742
2024-12-19 04:00:00,39.17,39.58,39.01,39.27,63863.82
2024-12-19 08:00:00,39.27,40.27,38.61,39.82,70612.584
2024-12-19 12:00:00,39.82,40.22,37.73,38.7,112021.158
2024-12-19 16:00:00,38.67,38.95,35.06,35.75,171948.901
2024-12-19 20:00:00,35.76,37.05,34.62,36.26,157190.26
2024-12-20 00:00:00,36.25,38.33,35.56,37.51,86624.023
2024-12-20 04:00:00,37.48,37.69,36.03,36.91,78775.361
2024-12-20 08:00:00,36.92,36.92,31.57,31.6,210838.221
2024-12-20 12:00:00,31.6,37.66,31.42,37.1,239205.981
2024-12-20 16:00:00,37.1,37.61,36.23,37.24,114868.463
2024-12-20 20:00:00,37.26,38.44,36.52,38.09,70143.659
2024-12-21 00:00:00,38.08,39.33,37.74,38.77,74363.384
2024-12-21 04:00:00,38.77,40.56,38.56,40.04,63569.0
2024-12-21 08:00:00,40.06,40.2,38.14,38.6,74275.993
2024-12-21 12:00:00,38.6,38.61,36.35,36.89,136732.418
2024-12-21 16:00:00,36.89,36.91,35.34,35.95,100849.792
2024-12-21 20:00:00,35.95,36.39,35.04,35.6,68929.994
2024-12-22 00:00:00,35.6,35.9,34.95,35.55,63949.269
2024-12-22 04:00:00,35.55,35.6,34.37,35.02,54975.996
2024-12-22 08:00:00,35.02,36.56,34.99,35.87,91479.4
2024-12-22 12:00:00,35.87,37.16,35.21,35.57,114367.044
2024-12-22 16:00:00,35.56,36.43,34.8,34.95,64858.412
2024-12-22 20:00:00,34.95,35.96,34.63,35.27,120979.793
2024-12-23 00:00:00,35.28,36.83,34.45,36.73,75509.226
2024-12-23 04:00:00,36.73,36.95,35.52,36.17,80041.232
2024-12-23 08:00:00,36.16,36.94,35.79,36.2,39805.465
2024-12-23 12:00:00,36.19,37.11,35.56,35.68,74826.601
2024-12-23 16:00:00,35.69,37.6,35.6,37.21,64007.286
2024-12-23 20:00:00,37.2,39.7,37.19,39.09,118381.926
2024-12-24 00:00:00,39.1,39.93,38.3,39.08,117907.592
2024-12-24 04:00:00,39.07,40.38,38.9,40.22,118257.766
2024-12-24 08:00:00,40.22,42.5,39.71,40.62,330713.757
2024-12-24 12:00:00,40.59,42.45,40.13,42.18,163370.424
2024-12-24 16:00:00,42.19,45.46,42.1,43.8,346987.633
2024-12-24 20:00:00,43.8,44.0,42.63,43.56,131860.048
2024-12-25 00:00:00,43.56,45.1,43.43,44.43,144788.614
2024-12-25 04:00:00,44.41,45.15,43.6,44.75,133369.114
2024-12-25 08:00:00,44.76,49.32,44.35,46.91,555641.579
2024-12-25 12:00:00,46.94,48.88,46.16,46.58,326386.206
2024-12-25 16:00:00,46.59,47.19,45.37,45.93,204738.421
2024-12-25 20:00:00,45.94,46.1,44.75,45.76,110317.636
2024-12-26 00:00:00,45.75,46.4,44.35,44.48,147494.933
2024-12-26 04:00:00,44.49,44.49,43.07,43.16,143038.403
2024-12-26 08:00:00,43.16,44.3,41.78,43.81,200244.728
2024-12-26 12:00:00,43.81,43.82,41.07,41.27,194714.629
2024-12-26 16:00:00,41.26,41.93,40.74,41.24,139578.655
2024-12-26 20:00:00,41.24,41.33,40.56,40.63,69066.331
2024-12-27 00:00:00,40.62,41.59,40.16,40.51,155748.721
2024-12-27 04:00:00,40.52,41.09,39.73,39.77,95873.331
2024-12-27 08:00:00,39.78,42.34,39.77,41.68,179692.617
2024-12-27 12:00:00,41.68,41.71,39.47,39.63,130984.854
2024-12-27 16:00:00,39.63,40.39,38.97,40.01,104334.293
2024-12-27 20:00:00,40.01,40.08,38.91,39.33,48035.007
2024-12-28 00:00:00,39.33,40.22,38.95,40.22,66140.785
2024-12-28 04:00:00,40.21,40.22,38.85,38.86,53847.515
2024-12-28 08:00:00,38.87,39.46,38.8,39.31,60301.631
2024-12-28 12:00:00,39.3,41.11,38.85,40.04,101172.977
2024-12-28 16:00:00,40.04,41.4,39.97,41.03,87878.552
2024-12-28 20:00:00,41.04,43.9,40.93,43.42,130316.412
2024-12-29 00:00:00,43.41,43.86,42.51,43.39,128290.349
2024-12-29 04:00:00,43.38,43.53,41.59,41.9,86401.598
2024-12-29 08:00:00,41.9,42.32,41.24,41.24,59071.108
2024-12-29 12:00:00,41.24,41.61,40.26,40.67,88123.18
2024-12-29 16:00:00,40.7,40.76,39.86,40.09,49554.584
2024-12-29 20:00:00,40.09,40.37,39.34,39.75,82671.218
2024-12-30 00:00:00,39.76,41.66,39.47,41.14,99494.749
2024-12-30 04:00:00,41.14,41.4,40.27,40.7,51694.58
2024-12-30 08:00:00,40.7,41.07,39.67,40.04,61115.225
2024-12-30 12:00:00,40.04,40.5,37.41,38.22,190680.126
2024-12-30 16:00:00,38.22,40.09,37.87,39.75,115540.777
2024-12-30 20:00:00,39.76,40.23,38.28,38.53,87452.585
2024-12-31 00:00:00,38.54,38.54,37.6,37.94,56772.735
2024-12-31 04:00:00,37.95,38.27,37.52,37.92,48779.385
2024-12-31 08:00:00,37.92,39.01,37.88,38.48,52709.754
2024-12-31 12:00:00,38.48,39.54,38.44,39.0,80304.418
2024-12-31 16:00:00,39.0,39.12,37.72,38.07,66139.82
2024-12-31 20:00:00,38.06,38.2,37.47,37.89,30133.318
2025-01-01 00:00:00,37.9,38.63,37.81,38.03,36721.471
2025-01-01 04:00:00,38.03,38.11,37.78,37.92,26867.405
2025-01-01 08:00:00,37.92,38.32,37.17,38.12,61016.294
2025-01-01 12:00:00,38.11,39.34,37.97,39.2,63522.645
2025-01-01 16:00:00,39.2,39.91,38.54,39.68,70969.798
2025-01-01 20:00:00,39.69,40.63,39.33,39.41,109988.728
2025-01-02 00:00:00,39.4,40.37,39.16,39.24,56309.785
2025-01-02 04:00:00,39.24,39.73,38.83,39.62,54192.004
2025-01-02 08:00:00,39.64,40.52,39.35,40.36,80625.072
2025-01-02 12:00:00,40.37,41.26,39.94,40.56,80262.562
2025-01-02 16:00:00,40.55,41.28,40.15,40.37,58868.007
2025-01-02 20:00:00,40.36,40.65,39.61,40.3,46357.075
2025-01-03 00:00:00,40.29,40.64,39.72,40.23,34964.523
2025-01-03 04:00:00,40.24,40.25,39.26,39.43,56601.235
2025-01-03 08:00:00,39.42,41.47,39.28,41.35,77814.058
2025-01-03 12:00:00,41.36,43.5,41.34,43.36,118604.387
2025-01-03 16:00:00,43.37,43.9,42.87,43.11,65454.047
2025-01-03 20:00:00,43.11,43.27,42.71,43.18,31610.756
2025-01-04 00:00:00,43.17,43.71,42.17,43.16,59834.011
2025-01-04 04:00:00,43.16,43.23,42.69,42.89,26870.679
2025-01-04 08:00:00,42.9,43.25,42.3,42.67,45165.05
2025-01-04 12:00:00,42.67,43.43,42.07,42.25,72242.815
2025-01-04 16:00:00,42.24,42.84,42.14,42.66,39414.802
2025-01-04 20:00:00,42.67,43.09,42.5,42.69,23022.62
2025-01-05 00:00:00,42.7,42.89,42.02,42.32,35336.183
2025-01-05 04:00:00,42.32,43.09,42.16,42.7,40891.662
2025-01-05 08:00:00,42.69,42.82,42.01,42.38,38916.942
2025-01-05 12:00:00,42.38,44.05,42.01,43.97,93826.627
2025-01-05 16:00:00,43.99,44.43,43.01,43.93,109806.692
2025-01-05 20:00:00,43.92,44.53,43.54,43.69,51318.517
2025-01-06 00:00:00,43.7,44.16,42.51,43.41,74174.862
2025-01-06 04:00:00,43.42,43.91,42.85,43.06,43847.495
2025-01-06 08:00:00,43.07,43.52,42.56,43.37,42219.756
2025-01-06 12:00:00,43.38,44.45,42.82,44.26,70251.528
2025-01-06 16:00:00,44.29,44.71,43.32,44.13,74628.788
2025-01-06 20:00:00,44.12,44.25,43.31,43.82,51497.449
2025-01-07 00:00:00,43.82,43.83,42.62,42.78,49679.235
2025-01-07 04:00:00,42.77,42.99,42.25,42.63,39201.964
2025-01-07 08:00:00,42.64,43.15,41.72,42.12,44332.208
2025-01-07 12:00:00,42.13,42.45,39.26,39.97,162203.278
2025-01-07 16:00:00,39.96,40.29,38.71,38.85,99894.58
2025-01-07 20:00:00,38.85,39.24,38.45,38.63,55975.109
2025-01-08 00:00:00,38.63,39.19,37.56,37.73,101521.491
2025-01-08 04:00:00,37.74,38.23,36.7,37.46,85685.67
2025-01-08 08:00:00,37.46,37.99,36.76,37.19,54015.18
2025-01-08 12:00:00,37.19,38.36,36.94,37.91,80789.409
2025-01-08 16:00:00,37.91,37.94,35.39,36.83,136890.539
2025-01-08 20:00:00,36.83,37.94,36.71,37.57,47307.454
2025-01-09 00:00:00,37.57,38.14,37.27,37.58,49560.847
2025-01-09 04:00:00,37.58,37.73,36.27,36.36,47661.688
2025-01-09 08:00:00,36.38,37.52,36.26,37.13,54424.881
2025-01-09 12:00:00,37.13,37.65,35.71,37.45,87055.409
2025-01-09 16:00:00,37.45,37.61,36.03,36.19,55017.624
2025-01-09 20:00:00,36.19,36.9,35.56,36.82,45131.033
2025-01-10 00:00:00,36.82,37.23,36.57,36.98,33671.875
2025-01-10 04:00:00,36.98,37.63,36.63,37.25,38158.996
2025-01-10 08:00:00,37.26,37.57,37.04,37.37,44053.372
2025-01-10 12:00:00,37.36,37.47,36.02,36.64,103357.356
2025-01-10 16:00:00,36.64,37.64,36.18,37.59,61485.202
2025-01-10 20:00:00,37.57,37.76,37.0,37.52,33743.518
2025-01-11 00:00:00,37.52,37.87,37.21,37.32,44686.628
2025-01-11 04:00:00,37.32,37.67,37.12,37.34,30265.019
2025-01-11 08:00:00,37.33,37.49,36.85,37.37,37424.277
2025-01-11 12:00:00,37.36,37.49,37.01,37.14,28312.739
2025-01-11 16:00:00,37.13,37.35,36.71,36.84,28563.954
2025-01-11 20:00:00,36.83,37.85,36.75,37.27,45057.932
2025-01-12 00:00:00,37.27,37.43,36.88,37.1,33027.148
2025-01-12 04:00:00,37.1,37.39,36.8,37.05,33513.195
2025-01-12 08:00:00,37.05,37.12,36.48,36.91,49764.579
2025-01-12 12:00:00,36.92,37.48,36.69,37.33,41449.602
2025-01-12 16:00:00,37.34,37.54,37.03,37.11,33837.609
2025-01-12 20:00:00,37.11,37.24,36.31,36.83,37034.089
2025-01-13 00:00:00,36.84,37.74,35.93,36.07,63684.571
2025-01-13 04:00:00,36.07,36.56,35.04,35.49,57479.101
2025-01-13 08:00:00,35.5,35.54,33.1,33.22,109390.062
2025-01-13 12:00:00,33.22,35.44,33.0,35.05,115549.678
2025-01-13 16:00:00,35.06,35.14,33.56,34.07,59531.599
2025-01-13 20:00:00,34.07,36.04,33.84,35.37,74357.577
2025-01-14 00:00:00,35.37,35.87,35.09,35.63,34616.558
2025-01-14 04:00:00,35.63,36.15,35.55,35.69,28150.208
2025-01-14 08:00:00,35.7,36.66,35.64,36.31,37806.347
2025-01-14 12:00:00,36.3,37.31,35.84,36.72,47553.423
2025-01-14 16:00:00,36.71,37.3,36.23,36.97,40050.619
2025-01-14 20:00:00,36.96,37.91,36.6,37.69,44017.722
2025-01-15 00:00:00,37.7,38.41,37.39,37.91,59071.387
2025-01-15 04:00:00,37.91,38.64,37.66,38.53,59373.416
2025-01-15 08:00:00,38.53,38.92,36.8,37.1,89785.042
2025-01-15 12:00:00,37.1,39.83,36.78,39.41,117836.121
2025-01-15 16:00:00,39.41,39.9,38.81,39.84,74001.395
2025-01-15 20:00:00,39.84,40.32,39.3,40.07,59523.004
2025-01-16 00:00:00,40.07,40.14,38.93,39.17,51488.002
2025-01-16 04:00:00,39.16,39.9,39.07,39.62,35775.282
2025-01-16 08:00:00,39.62,39.75,38.67,39.65,64158.125
2025-01-16 12:00:00,39.64,40.73,38.56,39.53,126276.742
2025-01-16 16:00:00,39.52,40.31,39.5,40.25,53542.363
2025-01-16 20:00:00,40.25,40.3,39.16,39.51,40891.732
2025-01-17 00:00:00,39.5,41.45,39.46,41.36,61819.832
2025-01-17 04:00:00,41.37,44.59,41.3,43.46,288832.519
2025-01-17 08:00:00,43.47,44.15,43.03,43.33,118795.098
2025-01-17 12:00:00,43.33,43.48,42.59,43.01,97607.163
2025-01-17 16:00:00,43.0,43.44,42.76,43.16,55671.578
2025-01-17 20:00:00,43.15,44.19,43.12,43.54,66036.999
2025-01-18 00:00:00,43.54,44.3,41.69,41.86,109143.302
2025-01-18 04:00:00,41.86,42.1,39.95,40.05,95877.877
2025-01-18 08:00:00,40.04,41.0,39.51,40.88,81819.322
2025-01-18 12:00:00,40.89,41.29,40.15,40.22,69091.034
2025-01-18 16:00:00,40.24,40.33,39.02,39.68,81200.245
2025-01-18 20:00:00,39.69,40.11,39.01,39.96,41955.62
2025-01-19 00:00:00,39.97,40.62,39.53,39.54,43657.445
2025-01-19 04:00:00,39.54,39.65,37.9,38.13,87010.464
2025-01-19 08:00:00,38.13,38.14,35.8,36.08,122589.873
2025-01-19 12:00:00,36.1,39.36,36.02,38.87,99627.612
2025-01-19 16:00:00,38.86,39.27,38.44,39.18,39038.314
2025-01-19 20:00:00,39.19,39.38,34.99,35.71,191733.206
2025-01-20 00:00:00,35.71,36.52,34.62,35.99,137447.365
2025-01-20 04:00:00,35.98,39.19,35.47,37.94,130823.22
2025-01-20 08:00:00,37.93,38.44,36.82,37.44,57099.601
2025-01-20 12:00:00,37.43,37.49,35.97,36.6,88099.608
2025-01-20 16:00:00,36.6,37.37,35.07,36.63,142686.924
2025-01-20 20:00:00,36.63,37.0,35.6,36.28,45258.691
2025-01-21 00:00:00,36.28,36.49,34.78,35.13,71562.527
2025-01-21 04:00:00,35.13,35.81,34.35,35.44,49330.292
2025-01-21 08:00:00,35.44,36.96,35.1,36.87,57834.479
2025-01-21 12:00:00,36.89,37.35,36.15,36.76,55807.185
2025-01-21 16:00:00,36.76,38.13,36.63,37.68,53199.397
2025-01-21 20:00:00,37.69,37.73,36.58,36.86,47705.034
2025-01-22 00:00:00,36.84,37.1,36.45,36.91,38489.944
2025-01-22 04:00:00,36.91,37.14,36.35,36.41,40822.095
2025-01-22 08:00:00,36.42,37.44,36.01,37.31,54904.773
2025-01-22 12:00:00,37.34,37.53,36.26,36.51,35086.145
2025-01-22 16:00:00,36.52,36.9,36.11,36.43,29061.379
2025-01-22 20:00:00,36.43,36.66,35.59,35.8,39160.408
2025-01-23 00:00:00,35.82,35.94,34.86,35.13,46784.308
2025-01-23 04:00:00,35.13,35.33,34.68,35.29,45027.165
2025-01-23 08:00:00,35.29,35.3,34.46,34.77,40670.573
2025-01-23 12:00:00,34.77,35.86,34.47,35.68,74276.134
2025-01-23 16:00:00,35.67,36.39,34.74,34.89,51517.751
2025-01-23 20:00:00,34.89,35.96,34.65,35.51,64424.756
2025-01-24 00:00:00,35.49,35.69,34.23,34.8,41122.087
2025-01-24 04:00:00,34.79,35.71,34.4,35.38,37508.813
2025-01-24 08:00:00,35.38,35.92,35.21,35.73,26230.461
2025-01-24 12:00:00,35.72,36.15,35.28,35.64,44536.063
2025-01-24 16:00:00,35.64,35.84,35.28,35.47,31442.031
2025-01-24 20:00:00,35.48,35.56,34.77,34.97,51247.43
2025-01-25 00:00:00,34.97,35.58,34.56,35.52,45109.271
2025-01-25 04:00:00,35.51,35.59,35.09,35.2,17903.156
2025-01-25 08:00:00,35.2,35.22,34.53,34.92,27223.192
2025-01-25 12:00:00,34.91,35.53,34.83,35.43,29068.45
2025-01-25 16:00:00,35.45,35.56,35.22,35.43,16717.682
2025-01-25 20:00:00,35.43,35.66,35.13,35.17,11592.119
2025-01-26 00:00:00,35.19,35.57,35.09,35.44,14392.077
2025-01-26 04:00:00,35.43,35.67,35.28,35.43,10842.876
2025-01-26 08:00:00,35.43,35.58,34.9,35.11,25965.398
2025-01-26 12:00:00,35.12,35.13,34.82,35.02,20957.091
2025-01-26 16:00:00,35.02,35.21,34.84,35.09,17079.239
2025-01-26 20:00:00,35.09,35.17,33.74,33.78,57606.604
2025-01-27 00:00:00,33.78,33.93,32.41,32.73,84107.876
2025-01-27 04:00:00,32.73,32.75,30.3,31.47,111828.303
2025-01-27 08:00:00,31.49,31.83,30.79,31.39,60686.424
2025-01-27 12:00:00,31.39,33.04,31.34,32.82,64911.026
2025-01-27 16:00:00,32.82,33.01,31.79,32.53,40536.935
2025-01-27 20:00:00,32.53,33.85,32.53,33.2,47413.606
2025-01-28 00:00:00,33.22,33.57,32.86,33.25,22708.015
2025-01-28 04:00:00,33.25,33.51,32.96,33.05,27330.247
2025-01-28 08:00:00,33.05,33.15,32.62,33.0,19651.427
2025-01-28 12:00:00,33.0,33.24,32.71,32.92,34944.874
2025-01-28 16:00:00,32.94,32.94,31.78,32.1,36642.899
2025-01-28 20:00:00,32.1,32.18,30.79,31.0,52993.648
2025-01-29 00:00:00,31.03,31.76,31.01,31.74,7279.601
2025-01-29 04:00:00,31.73,32.19,31.47,32.17,18838.128
2025-01-29 08:00:00,32.18,32.42,31.57,31.9,23752.987
2025-01-29 12:00:00,31.92,32.1,31.12,31.41,34398.128
2025-01-29 16:00:00,31.42,32.42,30.94,32.17,52117.116
2025-01-29 20:00:00,32.17,33.15,31.77,32.09,52118.682
2025-01-30 00:00:00,32.09,33.47,31.77,33.4,47665.287
2025-01-30 04:00:00,33.38,33.7,32.9,33.1,43432.696
2025-01-30 08:00:00,33.11,33.68,32.67,33.52,35820.63
2025-01-30 12:00:00,33.52,34.86,33.33,34.65,68890.668
2025-01-30 16:00:00,34.65,34.92,33.94,34.22,29531.016
2025-01-30 20:00:00,34.24,34.36,33.75,34.07,19950.699
2025-01-31 00:00:00,34.08,34.21,33.31,33.42,21752.011
2025-01-31 04:00:00,33.42,34.0,33.07,33.78,22546.014
2025-01-31 08:00:00,33.77,34.21,33.42,34.14,32365.389
2025-01-31 12:00:00,34.15,35.09,33.85,35.01,53057.6
2025-01-31 16:00:00,35.02,35.06,33.41,33.81,45252.113
2025-01-31 20:00:00,33.8,34.07,33.18,33.9,30784.18
2025-02-01 00:00:00,33.92,34.44,33.65,34.23,25330.016
2025-02-01 04:00:00,34.24,34.78,33.98,34.04,31394.88
2025-02-01 08:00:00,34.03,34.19,32.9,33.45,102783.201
2025-02-01 12:00:00,33.45,33.97,32.76,33.11,63618.131
2025-02-01 16:00:00,33.11,33.38,32.04,32.16,50019.489
2025-02-01 20:00:00,32.17,32.19,30.36,30.41,72979.26
2025-02-02 00:00:00,30.39,31.29,29.56,29.61,66208.628
2025-02-02 04:00:00,29.62,30.58,29.33,30.07,67742.12
2025-02-02 08:00:00,30.05,30.63,28.95,29.07,81453.698
2025-02-02 12:00:00,29.08,29.96,29.04,29.45,53749.76
2025-02-02 16:00:00,29.45,29.48,26.17,27.51,226613.625
2025-02-02 20:00:00,27.52,27.86,25.0,26.85,165096.784
2025-02-03 00:00:00,26.87,26.87,19.95,22.67,552927.775
2025-02-03 04:00:00,22.69,24.84,22.0,24.73,150816.904
2025-02-03 08:00:00,24.73,25.42,24.15,25.0,92977.126
2025-02-03 12:00:00,25.01,25.97,23.79,25.49,168022.683
2025-02-03 16:00:00,25.5,26.88,25.47,26.87,88661.44
2025-02-03 20:00:00,26.86,27.13,25.94,26.82,103574.012
2025-02-04 00:00:00,26.81,27.22,25.23,25.6,65651.386
2025-02-04 04:00:00,25.6,25.77,24.22,24.41,121351.601
2025-02-04 08:00:00,24.42,25.64,24.15,25.22,85124.382
2025-02-04 12:00:00,25.23,26.37,25.22,25.81,85936.673
2025-02-04 16:00:00,25.8,26.61,25.54,25.55,58656.014
2025-02-04 20:00:00,25.54,25.79,24.82,25.62,111487.681
2025-02-05 00:00:00,25.63,26.1,25.24,25.68,59409.131
2025-02-05 04:00:00,25.67,26.03,25.42,25.83,25384.582
2025-02-05 08:00:00,25.81,26.23,25.42,26.05,41731.271
2025-02-05 12:00:00,26.03,26.32,25.67,26.02,45620.438
2025-02-05 16:00:00,26.01,26.13,24.97,25.69,64010.694
2025-02-05 20:00:00,25.7,25.82,24.99,25.3,32067.131
2025-02-06 00:00:00,25.3,25.69,25.14,25.5,26483.38
2025-02-06 04:00:00,25.5,25.79,25.38,25.46,31554.724
2025-02-06 08:00:00,25.47,25.75,25.03,25.27,35003.891
2025-02-06 12:00:00,25.27,25.31,24.0,24.14,77630.84
2025-02-06 16:00:00,24.14,24.74,23.93,24.19,68051.134
2025-02-06 20:00:00,24.19,24.76,24.15,24.54,42508.639
2025-02-07 00:00:00,24.55,24.98,24.42,24.55,31004.726
2025-02-07 04:00:00,24.56,24.79,24.4,24.57,56101.069
2025-02-07 08:00:00,24.57,25.42,24.48,24.96,61478.527
2025-02-07 12:00:00,24.96,26.0,24.64,25.66,103937.253
2025-02-07 16:00:00,25.68,26.25,25.51,25.76,106980.961
2025-02-07 20:00:00,25.76,25.78,24.16,25.01,107197.09
2025-02-08 00:00:00,25.02,25.31,24.63,24.89,28915.79
2025-02-08 04:00:00,24.87,24.95,24.47,24.81,28096.933
2025-02-08 08:00:00,24.8,24.86,24.37,24.64,26638.609
2025-02-08 12:00:00,24.63,25.1,24.48,24.83,42662.704
2025-02-08 16:00:00,24.85,25.58,24.66,25.44,37702.883
2025-02-08 20:00:00,25.44,25.79,25.29,25.74,20620.513
2025-02-09 00:00:00,25.74,26.28,25.58,26.27,34612.743
2025-02-09 04:00:00,26.26,26.57,25.96,26.52,26223.849
2025-02-09 08:00:00,26.51,26.64,25.93,25.95,33615.29
2025-02-09 12:00:00,25.95,26.2,25.48,25.96,37349.528
2025-02-09 16:00:00,25.96,26.15,25.38,25.46,25020.995
2025-02-09 20:00:00,25.46,25.89,24.75,25.74,61607.843
2025-02-10 00:00:00,25.73,26.37,25.01,25.98,60803.31
2025-02-10 04:00:00,25.99,26.68,25.91,26.41,37447.19
2025-02-10 08:00:00,26.41,26.85,26.34,26.71,29500.329
2025-02-10 12:00:00,26.71,26.96,26.33,26.57,34043.65
2025-02-10 16:00:00,26.57,26.89,26.54,26.61,31247.84
2025-02-10 20:00:00,26.61,27.05,26.57,27.04,21351.013
2025-02-11 00:00:00,27.04,27.77,26.93,27.45,37944.412
2025-02-11 04:00:00,27.44,28.36,27.19,28.03,48241.128
2025-02-11 08:00:00,28.02,28.24,27.69,28.23,36774.024
2025-02-11 12:00:00,28.22,28.24,27.25,27.61,59609.93
2025-02-11 16:00:00,27.62,27.8,26.33,26.39,65970.202
2025-02-11 20:00:00,26.39,27.33,26.37,26.97,33195.421
2025-02-12 00:00:00,26.96,27.17,26.52,26.62,25270.713
2025-02-12 04:00:00,26.62,26.82,26.34,26.47,25369.283
2025-02-12 08:00:00,26.48,26.76,26.31,26.62,25216.449
2025-02-12 12:00:00,26.63,27.01,25.62,26.72,102164.632
2025-02-12 16:00:00,26.73,27.46,26.36,27.19,40476.61
2025-02-12 20:00:00,27.19,27.98,27.14,27.89,38013.724
2025-02-13 00:00:00,27.9,28.61,27.89,28.27,33974.637
2025-02-13 04:00:00,28.27,28.28,27.52,27.57,27511.544
2025-02-13 08:00:00,27.56,27.73,27.16,27.34,29679.363
2025-02-13 12:00:00,27.35,27.6,26.92,27.4,41048.447
2025-02-13 16:00:00,27.38,27.79,26.95,27.41,28235.978
2025-02-13 20:00:00,27.41,27.81,27.39,27.69,23051.279
2025-02-14 00:00:00,27.69,27.85,27.4,27.69,18883.529
2025-02-14 04:00:00,27.7,27.8,27.13,27.2,18788.923
2025-02-14 08:00:00,27.21,27.84,27.2,27.64,38604.13
2025-02-14 12:00:00,27.63,28.99,27.51,28.31,250729.142
2025-02-14 16:00:00,28.31,28.99,28.16,28.32,82588.811
2025-02-14 20:00:00,28.32,28.46,27.53,27.92,45440.377
2025-02-15 00:00:00,27.93,28.27,27.73,28.03,15019.239
2025-02-15 04:00:00,28.04,28.16,27.27,27.37,31066.966
2025-02-15 08:00:00,27.37,27.72,27.33,27.5,29020.728
2025-02-15 12:00:00,27.5,27.69,26.83,27.22,30409.974
2025-02-15 16:00:00,27.22,27.4,26.93,27.06,24187.988
2025-02-15 20:00:00,27.07,27.17,26.81,27.03,20677.44
2025-02-16 00:00:00,27.03,27.28,26.73,26.95,21683.641
2025-02-16 04:00:00,26.95,26.98,26.51,26.9,28927.169
2025-02-16 08:00:00,26.9,27.32,26.81,27.26,26242.544
2025-02-16 12:00:00,27.25,27.39,26.58,26.83,31043.575
2025-02-16 16:00:00,26.84,27.17,26.53,26.9,20522.703
2025-02-16 20:00:00,26.89,26.99,26.62,26.74,14864.607
2025-02-17 00:00:00,26.73,27.26,26.7,26.93,20923.878
2025-02-17 04:00:00,26.94,26.95,26.27,26.56,32904.699
2025-02-17 08:00:00,26.56,26.79,26.22,26.71,41904.928
2025-02-17 12:00:00,26.71,27.42,26.44,26.53,45891.007
2025-02-17 16:00:00,26.54,26.73,25.9,26.27,41867.736
2025-02-17 20:00:00,26.27,26.71,26.23,26.48,21705.357
2025-02-18 00:00:00,26.47,26.58,26.18,26.26,17874.572
2025-02-18 04:00:00,26.25,26.31,25.33,25.65,45556.541
2025-02-18 08:00:00,25.65,26.0,25.43,25.81,26655.538
2025-02-18 12:00:00,25.8,26.17,25.22,25.38,31524.004
2025-02-18 16:00:00,25.37,25.62,24.93,25.38,49082.769
2025-02-18 20:00:00,25.37,25.82,25.29,25.72,18849.159
2025-02-19 00:00:00,25.73,25.91,25.46,25.73,19712.882
2025-02-19 04:00:00,25.72,26.13,25.39,26.04,25506.96
2025-02-19 08:00:00,26.04,26.27,25.88,26.22,18706.96
2025-02-19 12:00:00,26.22,26.32,25.84,25.92,24056.6
2025-02-19 16:00:00,25.92,26.52,25.9,26.09,88017.084
2025-02-19 20:00:00,26.09,26.51,25.93,26.49,97284.717
2025-02-20 00:00:00,26.49,26.7,26.27,26.61,30855.056
2025-02-20 04:00:00,26.6,27.05,26.59,26.68,36142.104
2025-02-20 08:00:00,26.68,26.93,26.55,26.83,23016.721
2025-02-20 12:00:00,26.84,27.11,26.62,26.65,29762.504
2025-02-20 16:00:00,26.65,27.4,26.6,27.31,33579.365
2025-02-20 20:00:00,27.31,27.91,27.19,27.63,34671.636
2025-02-21 00:00:00,27.63,27.88,27.35,27.44,32362.563
2025-02-21 04:00:00,27.44,27.75,27.42,27.68,17611.934
2025-02-21 08:00:00,27.67,28.25,27.67,28.18,27215.236
2025-02-21 12:00:00,28.17,28.53,27.27,27.56,73551.134
2025-02-21 16:00:00,27.57,28.0,26.25,26.29,65706.858
2025-02-21 20:00:00,26.3,26.77,26.22,26.6,30605.456
2025-02-22 00:00:00,26.6,26.99,26.45,26.98,24958.664
2025-02-22 04:00:00,26.98,27.07,26.82,26.82,20158.507
2025-02-22 08:00:00,26.83,27.18,26.77,27.17,19226.048
2025-02-22 12:00:00,27.18,27.32,26.92,27.02,19315.122
2025-02-22 16:00:00,27.03,27.61,27.03,27.28,33689.25
2025-02-22 20:00:00,27.27,27.38,27.01,27.34,21736.139
2025-02-23 00:00:00,27.35,27.52,27.18,27.3,20494.038
2025-02-23 04:00:00,27.29,27.67,27.13,27.64,19900.683
2025-02-23 08:00:00,27.65,27.77,27.12,27.22,22403.71
2025-02-23 12:00:00,27.23,27.31,26.73,26.86,40397.52
2025-02-23 16:00:00,26.85,27.17,26.84,27.03,17437.713
2025-02-23 20:00:00,27.03,27.24,26.82,27.06,26362.301
2025-02-24 00:00:00,27.07,27.16,26.01,26.08,54483.782
2025-02-24 04:00:00,26.07,26.22,25.67,26.0,43209.388
2025-02-24 08:00:00,25.99,25.99,25.31,25.6,72133.24
2025-02-24 12:00:00,25.61,25.71,24.7,25.07,76849.949
2025-02-24 16:00:00,25.07,25.59,24.78,24.96,68213.306
2025-02-24 20:00:00,24.96,25.33,23.67,24.11,107454.663
2025-02-25 00:00:00,24.1,24.53,23.53,24.07,74653.231
2025-02-25 04:00:00,24.08,24.3,22.68,23.47,136720.032
2025-02-25 08:00:00,23.46,24.19,23.16,24.09,88915.807
2025-02-25 12:00:00,24.1,24.38,23.5,24.18,102733.099
2025-02-25 16:00:00,24.18,24.76,24.08,24.67,54064.737
2025-02-25 20:00:00,24.68,25.33,24.57,25.28,43015.396
2025-02-26 00:00:00,25.29,25.92,25.24,25.59,48482.841
2025-02-26 04:00:00,25.6,25.88,25.24,25.83,47902.994
2025-02-26 08:00:00,25.82,26.15,25.53,25.96,43563.239
2025-02-26 12:00:00,25.97,26.45,25.3,26.26,74427.471
2025-02-26 16:00:00,26.26,26.38,24.86,25.2,82567.644
2025-02-26 20:00:00,25.2,26.66,24.98,26.34,89422.69
2025-02-27 00:00:00,26.34,26.68,26.13,26.42,35820.818
2025-02-27 04:00:00,26.42,26.79,26.13,26.62,30151.117
2025-02-27 08:00:00,26.64,26.95,26.25,26.76,45791.079
2025-02-27 12:00:00,26.76,27.13,26.48,26.8,39969.014
2025-02-27 16:00:00,26.8,26.9,25.85,26.01,38598.08
2025-02-27 20:00:00,26.01,26.28,25.21,26.15,52109.113
2025-02-28 00:00:00,26.15,26.27,24.43,24.47,84160.143
2025-02-28 04:00:00,24.48,24.57,23.97,24.34,72330.67
2025-02-28 08:00:00,24.34,24.66,23.94,24.25,44186.145
2025-02-28 12:00:00,24.25,26.0,24.19,25.77,58580.721
2025-02-28 16:00:00,25.77,26.16,25.53,25.88,40522.245
2025-02-28 20:00:00,25.87,26.01,25.6,25.89,23785.796
2025-03-01 00:00:00,25.89,26.06,25.49,25.99,24339.871
2025-03-01 04:00:00,26.0,26.44,25.72,25.79,40328.699
2025-03-01 08:00:00,25.8,26.18,25.05,25.09,49730.939
2025-03-01 12:00:00,25.1,25.2,24.73,25.06,50997.653
2025-03-01 16:00:00,25.06,25.27,24.92,25.08,22225.707
2025-03-01 20:00:00,25.08,25.57,24.95,25.44,24807.714
2025-03-02 00:00:00,25.45,25.68,25.25,25.47,22360.707
2025-03-02 04:00:00,25.47,25.62,25.28,25.33,20402.275
2025-03-02 08:00:00,25.31,25.72,25.13,25.67,36721.646
2025-03-02 12:00:00,25.66,26.53,25.09,25.88,73051.851
2025-03-02 16:00:00,25.9,27.97,25.85,27.42,132232.508
2025-03-02 20:00:00,27.42,27.5,27.15,27.33,43348.099
2025-03-03 00:00:00,27.32,27.51,26.12,26.31,56896.641
2025-03-03 04:00:00,26.32,26.76,25.69,26.02,39677.495
2025-03-03 08:00:00,26.02,26.14,25.6,26.01,37716.07
2025-03-03 12:00:00,26.0,26.27,25.33,25.7,81726.677
2025-03-03 16:00:00,25.71,26.23,24.09,24.21,121022.24
2025-03-03 20:00:00,24.2,24.48,23.74,24.0,56620.905
2025-03-04 00:00:00,24.01,24.18,22.63,23.24,107733.211
2025-03-04 04:00:00,23.23,23.74,23.15,23.42,32206.094
2025-03-04 08:00:00,23.42,23.7,23.26,23.47,27379.871
2025-03-04 12:00:00,23.47,24.21,22.82,23.6,76452.65
2025-03-04 16:00:00,23.6,24.44,22.23,24.37,88115.241
2025-03-04 20:00:00,24.35,24.52,23.79,24.14,25682.346
2025-03-05 00:00:00,24.14,24.34,23.81,23.81,23798.61
2025-03-05 04:00:00,23.82,24.18,23.81,24.15,23619.059
2025-03-05 08:00:00,24.12,24.74,24.1,24.28,37687.225
2025-03-05 12:00:00,24.29,24.62,24.07,24.15,33652.284
2025-03-05 16:00:00,24.16,24.77,23.78,24.72,34940.417
2025-03-05 20:00:00,24.71,24.98,24.66,24.92,23058.603
2025-03-06 00:00:00,24.92,25.07,24.58,25.01,33401.651
2025-03-06 04:00:00,25.0,25.36,24.73,24.84,28620.097
2025-03-06 08:00:00,24.84,25.17,24.77,25.09,25957.528
2025-03-06 12:00:00,25.1,25.13,24.42,24.87,51204.201
2025-03-06 16:00:00,24.86,24.92,24.18,24.32,49237.668
2025-03-06 20:00:00,24.33,24.64,24.21,24.38,27969.266
2025-03-07 00:00:00,24.37,24.65,23.21,24.15,74841.796
2025-03-07 04:00:00,24.14,24.39,24.05,24.39,30676.829
2025-03-07 08:00:00,24.38,24.61,24.06,24.5,37844.209
2025-03-07 12:00:00,24.51,24.93,24.14,24.6,31343.334
2025-03-07 16:00:00,24.59,25.0,24.11,24.72,52107.627
2025-03-07 20:00:00,24.72,24.95,24.01,24.2,39550.996
2025-03-08 00:00:00,24.19,24.39,23.87,24.14,30972.829
2025-03-08 04:00:00,24.15,24.34,24.03,24.06,19237.499
2025-03-08 08:00:00,24.07,24.13,23.72,23.92,19804.116
2025-03-08 12:00:00,23.91,24.3,23.83,24.02,19389.942
2025-03-08 16:00:00,24.02,24.47,23.74,24.42,40781.26
2025-03-08 20:00:00,24.43,24.48,23.89,24.05,29003.373
2025-03-09 00:00:00,24.05,24.25,23.89,23.97,17698.514
2025-03-09 04:00:00,23.96,23.97,23.56,23.67,17997.003
2025-03-09 08:00:00,23.67,23.68,23.03,23.27,49935.636
2025-03-09 12:00:00,23.27,23.34,22.52,22.59,59034.858
2025-03-09 16:00:00,22.59,22.8,21.61,22.25,82344.248
2025-03-09 20:00:00,22.25,22.39,21.76,21.96,41237.935
2025-03-10 00:00:00,21.96,22.41,21.77,22.19,34997.751
2025-03-10 04:00:00,22.2,22.53,22.18,22.42,18752.828
2025-03-10 08:00:00,22.41,23.05,22.05,22.99,42418.209
2025-03-10 12:00:00,22.99,23.19,21.9,22.34,71733.83
2025-03-10 16:00:00,22.34,22.41,20.5,21.2,109778.967
2025-03-10 20:00:00,21.2,21.35,20.82,20.94,31938.421
2025-03-11 00:00:00,20.94,21.32,19.64,20.95,109268.203
2025-03-11 04:00:00,20.96,21.51,20.87,21.35,38254.476
2025-03-11 08:00:00,21.34,21.68,21.27,21.53,28152.664
2025-03-11 12:00:00,21.53,21.9,20.79,21.61,73212.741
2025-03-11 16:00:00,21.6,22.34,21.38,22.27,35484.554
2025-03-11 20:00:00,22.27,22.33,21.68,21.73,22587.769
2025-03-12 00:00:00,21.73,22.13,21.21,21.24,31781.862
2025-03-12 04:00:00,21.24,21.84,21.06,21.78,31706.472
2025-03-12 08:00:00,21.78,22.04,21.5,21.86,31978.202
2025-03-12 12:00:00,21.87,22.37,21.23,21.62,34940.398
2025-03-12 16:00:00,21.6,22.14,21.54,22.08,30665.559
2025-03-12 20:00:00,22.07,22.25,21.91,22.14,81881.176
2025-03-13 00:00:00,22.13,22.18,21.81,21.89,19384.022
2025-03-13 04:00:00,21.89,21.94,21.5,21.75,23027.009
2025-03-13 08:00:00,21.76,22.17,21.58,22.16,26582.745
2025-03-13 12:00:00,22.16,22.49,21.79,21.98,41905.341
2025-03-13 16:00:00,21.99,22.04,21.51,21.7,37491.657
2025-03-13 20:00:00,21.71,22.15,21.63,22.13,24268.58
2025-03-14 00:00:00,22.13,22.54,22.09,22.42,32322.741
2025-03-14 04:00:00,22.42,22.6,22.15,22.33,38074.723
2025-03-14 08:00:00,22.34,22.82,22.31,22.67,31857.282
2025-03-14 12:00:00,22.66,23.06,22.47,22.74,39282.088
2025-03-14 16:00:00,22.73,22.94,22.6,22.64,35382.697
2025-03-14 20:00:00,22.63,22.83,22.54,22.61,19469.112
2025-03-15 00:00:00,22.61,22.74,22.48,22.63,31914.705
2025-03-15 04:00:00,22.63,22.78,22.51,22.71,30380.001
2025-03-15 08:00:00,22.71,22.83,22.53,22.77,41177.961
2025-03-15 12:00:00,22.77,23.07,22.74,23.05,27989.546
2025-03-15 16:00:00,23.05,23.28,22.89,23.1,55443.933
2025-03-15 20:00:00,23.1,23.25,22.92,23.11,37132.065
2025-03-16 00:00:00,23.11,23.16,22.83,23.1,18234.204
2025-03-16 04:00:00,23.1,23.3,23.04,23.18,17878.311
2025-03-16 08:00:00,23.17,23.2,22.42,22.48,29442.075
2025-03-16 12:00:00,22.48,22.78,22.29,22.75,38357.548
2025-03-16 16:00:00,22.74,23.1,22.34,22.5,45764.637
2025-03-16 20:00:00,22.5,22.68,22.44,22.63,22472.709
2025-03-17 00:00:00,22.63,22.97,22.56,22.91,23153.402
2025-03-17 04:00:00,22.91,23.08,22.68,23.08,22721.148
2025-03-17 08:00:00,23.07,23.34,22.8,23.1,33308.107
2025-03-17 12:00:00,23.1,23.49,22.89,23.14,33250.025
2025-03-17 16:00:00,23.14,23.38,23.05,23.28,24448.971
2025-03-17 20:00:00,23.29,23.58,23.22,23.31,25079.071
2025-03-18 00:00:00,23.31,23.35,22.79,22.8,25540.149
2025-03-18 04:00:00,22.8,22.98,22.58,22.78,32651.257
2025-03-18 08:00:00,22.78,22.99,22.63,22.83,27670.086
2025-03-18 12:00:00,22.83,22.97,22.54,22.58,37225.752
2025-03-18 16:00:00,22.58,23.08,22.53,23.06,38674.127
2025-03-18 20:00:00,23.06,24.14,23.03,24.09,70115.049
2025-03-19 00:00:00,24.09,24.65,23.92,24.24,82951.395
2025-03-19 04:00:00,24.24,24.37,23.97,24.14,36816.035
2025-03-19 08:00:00,24.14,24.22,23.75,24.09,45010.749
2025-03-19 12:00:00,24.09,24.29,23.94,24.07,38787.471
2025-03-19 16:00:00,24.06,24.43,23.71,24.15,31883.911
2025-03-19 20:00:00,24.15,24.35,24.04,24.28,13297.985
2025-03-20 00:00:00,24.27,24.42,23.95,24.02,27265.058
2025-03-20 04:00:00,24.0,24.22,23.95,24.16,14904.567
2025-03-20 08:00:00,24.17,24.29,23.75,23.94,19097.819
2025-03-20 12:00:00,23.93,24.18,23.73,23.81,21371.808
2025-03-20 16:00:00,23.8,24.14,23.64,24.02,20408.593
2025-03-20 20:00:00,24.02,24.05,23.58,23.64,15351.339
2025-03-21 00:00:00,23.64,23.88,23.49,23.51,30209.391
2025-03-21 04:00:00,23.51,23.69,23.36,23.41,21226.857
2025-03-21 08:00:00,23.4,23.45,22.96,23.04,39656.738
2025-03-21 12:00:00,23.05,23.11,22.8,22.96,31241.485
2025-03-21 16:00:00,22.96,23.41,22.91,23.19,17978.171
2025-03-21 20:00:00,23.19,23.25,22.91,22.94,10393.83
2025-03-22 00:00:00,22.94,23.09,22.89,23.05,11773.975
2025-03-22 04:00:00,23.05,23.29,23.04,23.16,17334.74
2025-03-22 08:00:00,23.16,23.48,23.11,23.28,26945.542
2025-03-22 12:00:00,23.27,23.43,23.07,23.27,14559.273
2025-03-22 16:00:00,23.26,23.56,23.18,23.53,13613.76
2025-03-22 20:00:00,23.53,23.59,23.14,23.33,16670.114
2025-03-23 00:00:00,23.33,23.43,23.17,23.34,11542.205
2025-03-23 04:00:00,23.34,23.36,23.09,23.18,9707.465
2025-03-23 08:00:00,23.17,25.79,22.45,23.09,341782.442
2025-03-23 12:00:00,23.09,23.33,23.01,23.2,27090.987
2025-03-23 16:00:00,23.21,23.25,23.03,23.19,21001.385
2025-03-23 20:00:00,23.2,23.34,23.1,23.31,13379.473
2025-03-24 00:00:00,23.32,23.47,23.12,23.28,28664.805
2025-03-24 04:00:00,23.28,24.05,23.21,23.77,34018.217
2025-03-24 08:00:00,23.77,23.92,23.68,23.81,21132.062
2025-03-24 12:00:00,23.8,24.11,23.73,24.0,20461.751
2025-03-24 16:00:00,24.01,24.11,23.72,23.8,23095.283
2025-03-24 20:00:00,23.8,23.99,23.73,23.92,20510.289
2025-03-25 00:00:00,23.93,24.13,23.66,23.71,21169.422
2025-03-25 04:00:00,23.69,23.9,23.5,23.72,16266.615
2025-03-25 08:00:00,23.71,23.94,23.68,23.9,14603.672
2025-03-25 12:00:00,23.9,24.06,23.73,23.97,35285.365
2025-03-25 16:00:00,23.97,24.21,23.91,24.1,28842.522
2025-03-25 20:00:00,24.1,24.21,23.87,24.06,13297.69
2025-03-26 00:00:00,24.07,24.26,23.84,23.93,21292.539
2025-03-26 04:00:00,23.93,24.59,23.9,24.54,29711.55
2025-03-26 08:00:00,24.54,24.59,24.37,24.53,20523.409
2025-03-26 12:00:00,24.54,24.55,23.83,24.11,32794.398
2025-03-26 16:00:00,24.11,24.35,23.73,23.97,22050.11
2025-03-26 20:00:00,23.97,24.2,23.87,23.98,21870.153
2025-03-27 00:00:00,23.98,24.37,23.89,24.36,21020.415
2025-03-27 04:00:00,24.36,24.4,24.11,24.16,13086.001
2025-03-27 08:00:00,24.16,24.35,23.95,24.03,30313.655
2025-03-27 12:00:00,24.04,24.26,23.6,24.18,47645.827
2025-03-27 16:00:00,24.18,24.19,23.65,23.94,27596.955
2025-03-27 20:00:00,23.94,24.14,23.87,23.88,16512.414
2025-03-28 00:00:00,23.89,24.1,23.56,23.58,35160.276
2025-03-28 04:00:00,23.58,23.6,22.74,22.76,63834.613
2025-03-28 08:00:00,22.75,23.12,22.73,22.95,40147.951
2025-03-28 12:00:00,22.95,23.28,22.52,22.64,65621.882
2025-03-28 16:00:00,22.65,22.97,22.54,22.64,29169.754
2025-03-28 20:00:00,22.63,22.89,22.52,22.83,13803.241
2025-03-29 00:00:00,22.84,22.93,22.39,22.64,19304.601
2025-03-29 04:00:00,22.63,22.72,21.96,22.05,33318.622
2025-03-29 08:00:00,22.04,22.24,21.4,21.51,41906.8
2025-03-29 12:00:00,21.52,21.94,21.48,21.54,43941.88
2025-03-29 16:00:00,21.54,21.62,21.02,21.53,57041.454
2025-03-29 20:00:00,21.54,21.55,21.23,21.37,24042.963
2025-03-30 00:00:00,21.37,21.88,21.27,21.68,26694.479
2025-03-30 04:00:00,21.67,21.89,21.66,21.83,16281.615
2025-03-30 08:00:00,21.83,21.99,21.76,21.8,11219.953
2025-03-30 12:00:00,21.8,22.05,21.58,21.97,28315.158
2025-03-30 16:00:00,21.97,22.18,21.63,21.99,32863.504
2025-03-30 20:00:00,21.99,22.06,21.64,22.01,22422.427
2025-03-31 00:00:00,22.01,22.35,21.74,22.08,43946.191
2025-03-31 04:00:00,22.08,22.4,21.82,21.98,36432.628
2025-03-31 08:00:00,21.99,22.14,21.5,21.88,49544.917
2025-03-31 12:00:00,21.88,22.4,21.61,22.15,63470.632
2025-03-31 16:00:00,22.16,22.5,22.05,22.37,26925.897
2025-03-31 20:00:00,22.36,22.55,22.14,22.3,23101.237
2025-04-01 00:00:00,22.3,22.73,22.28,22.53,28431.633
2025-04-01 04:00:00,22.55,22.68,22.41,22.66,22952.398
2025-04-01 08:00:00,22.66,23.06,22.45,22.56,35898.411
2025-04-01 12:00:00,22.56,23.08,22.27,22.91,35527.549
2025-04-01 16:00:00,22.92,23.02,22.5,22.54,23763.567
2025-04-01 20:00:00,22.54,22.74,22.4,22.58,20750.352
2025-04-02 00:00:00,22.59,22.62,21.88,22.31,53783.756
2025-04-02 04:00:00,22.31,22.44,21.92,22.03,34958.065
2025-04-02 08:00:00,22.03,22.37,21.9,21.94,50756.943
2025-04-02 12:00:00,21.94,22.49,21.72,22.32,76274.074
2025-04-02 16:00:00,22.34,22.58,22.11,22.4,31209.095
2025-04-02 20:00:00,22.4,22.81,21.13,21.44,73411.292
2025-04-03 00:00:00,21.44,21.99,21.36,21.86,27840.446
2025-04-03 04:00:00,21.86,22.01,21.51,21.59,15517.233
2025-04-03 08:00:00,21.59,21.88,21.17,21.38,34911.835
2025-04-03 12:00:00,21.37,21.39,20.58,21.1,49047.023
2025-04-03 16:00:00,21.1,21.37,20.94,21.24,19448.174
2025-04-03 20:00:00,21.26,21.65,21.25,21.6,14914.314
2025-04-04 00:00:00,21.6,21.88,21.48,21.69,18769.631
2025-04-04 04:00:00,21.69,21.88,21.46,21.64,22413.341
2025-04-04 08:00:00,21.65,21.84,20.99,21.28,30439.172
2025-04-04 12:00:00,21.27,21.82,21.07,21.56,40389.566
2025-04-04 16:00:00,21.56,21.84,21.46,21.55,23868.413
2025-04-04 20:00:00,21.55,21.88,21.48,21.67,24662.262
2025-04-05 00:00:00,21.66,21.87,21.6,21.65,8431.386
2025-04-05 04:00:00,21.66,21.75,21.49,21.57,8554.264
2025-04-05 08:00:00,21.57,21.68,21.42,21.42,9745.188
2025-04-05 12:00:00,21.43,21.5,21.26,21.34,17691.052
2025-04-05 16:00:00,21.34,21.56,21.29,21.32,18027.125
2025-04-05 20:00:00,21.32,21.48,21.18,21.44,13961.872
2025-04-06 00:00:00,21.43,21.46,21.14,21.26,11553.275
2025-04-06 04:00:00,21.26,21.39,21.17,21.2,10256.413
2025-04-06 08:00:00,21.21,21.4,21.12,21.2,15902.264
2025-04-06 12:00:00,21.21,21.26,20.89,21.12,27188.196
2025-04-06 16:00:00,21.12,21.15,19.84,20.14,61433.191
2025-04-06 20:00:00,20.13,20.18,19.44,19.93,52610.479
2025-04-07 00:00:00,19.94,20.24,19.26,19.45,50504.932
2025-04-07 04:00:00,19.44,19.58,17.79,18.18,115493.857
2025-04-07 08:00:00,18.18,19.24,18.15,18.77,62797.466
2025-04-07 12:00:00,18.77,20.32,18.7,19.64,104947.423
2025-04-07 16:00:00,19.64,19.85,19.33,19.43,39512.344
2025-04-07 20:00:00,19.43,19.87,19.43,19.67,22163.126
2025-04-08 00:00:00,19.68,20.07,19.43,19.82,24922.06
2025-04-08 04:00:00,19.82,19.91,19.44,19.54,20098.141
2025-04-08 08:00:00,19.55,20.15,19.45,20.14,19712.673
2025-04-08 12:00:00,20.13,20.21,19.64,19.8,28704.918
2025-04-08 16:00:00,19.79,19.81,19.03,19.1,44163.453
2025-04-08 20:00:00,19.1,19.29,18.91,18.96,23832.07
2025-04-09 00:00:00,18.95,19.33,18.56,19.16,52782.297
2025-04-09 04:00:00,19.15,19.77,19.13,19.62,39024.722
2025-04-09 08:00:00,19.63,19.69,19.21,19.34,25839.429
2025-04-09 12:00:00,19.34,19.84,19.17,19.65,25224.872
2025-04-09 16:00:00,19.65,20.88,19.62,20.72,69021.866
2025-04-09 20:00:00,20.71,20.97,20.7,20.75,20894.339
2025-04-10 00:00:00,20.75,20.87,20.37,20.49,23301.232
2025-04-10 04:00:00,20.49,20.68,20.32,20.43,20860.76
2025-04-10 08:00:00,20.44,20.57,20.03,20.18,45843.886
2025-04-10 12:00:00,20.17,20.46,19.53,19.58,35244.21
2025-04-10 16:00:00,19.59,20.06,19.5,19.76,39525.262
2025-04-10 20:00:00,19.75,19.97,19.7,19.92,20899.137
2025-04-11 00:00:00,19.92,20.3,19.85,20.26,19636.407
2025-04-11 04:00:00,20.27,20.3,20.09,20.21,16555.437
2025-04-11 08:00:00,20.21,20.4,20.12,20.18,17930.112
2025-04-11 12:00:00,20.19,20.49,20.18,20.43,27974.674
2025-04-11 16:00:00,20.43,20.94,20.39,20.69,29002.795
2025-04-11 20:00:00,20.7,20.8,20.48,20.49,13174.755
2025-04-12 00:00:00,20.49,20.58,20.32,20.4,9719.527
2025-04-12 04:00:00,20.39,20.71,20.32,20.68,11235.595
2025-04-12 08:00:00,20.68,20.83,20.51,20.66,16020.751
2025-04-12 12:00:00,20.67,21.32,20.65,21.24,30601.65
2025-04-12 16:00:00,21.24,21.38,20.99,21.12,19461.02
2025-04-12 20:00:00,21.12,21.4,21.08,21.31,14193.484
2025-04-13 00:00:00,21.31,21.38,20.94,21.0,18746.482
2025-04-13 04:00:00,21.01,21.01,20.66,20.82,18441.639
2025-04-13 08:00:00,20.83,21.05,20.71,20.81,13045.707
2025-04-13 12:00:00,20.81,20.84,20.48,20.82,23125.437
2025-04-13 16:00:00,20.82,21.32,20.45,20.62,40325.89
2025-04-13 20:00:00,20.62,20.75,20.44,20.57,28043.61
2025-04-14 00:00:00,20.58,21.1,20.54,20.72,25923.099
2025-04-14 04:00:00,20.73,20.88,20.58,20.77,15054.521
2025-04-14 08:00:00,20.78,21.02,20.55,21.01,21960.95
2025-04-14 12:00:00,21.01,21.08,20.56,20.59,32287.418
2025-04-14 16:00:00,20.59,20.91,20.53,20.65,20743.162
2025-04-14 20:00:00,20.65,20.73,20.51,20.53,15474.851
2025-04-15 00:00:00,20.53,20.72,20.46,20.61,14160.765
2025-04-15 04:00:00,20.61,20.69,20.48,20.63,14444.835
2025-04-15 08:00:00,20.64,20.8,20.57,20.63,19981.666
2025-04-15 12:00:00,20.64,20.83,20.39,20.58,17189.737
2025-04-15 16:00:00,20.58,20.68,20.32,20.39,17706.978
2025-04-15 20:00:00,20.37,20.44,20.18,20.25,18999.438
2025-04-16 00:00:00,20.25,20.46,20.08,20.31,19855.736
2025-04-16 04:00:00,20.31,20.36,19.91,20.04,28487.23
2025-04-16 08:00:00,20.03,20.28,19.91,20.19,23175.63
2025-04-16 12:00:00,20.21,20.42,19.98,20.25,30358.506
2025-04-16 16:00:00,20.25,20.53,19.89,20.36,45866.386
2025-04-16 20:00:00,20.36,20.39,20.06,20.14,11180.436
2025-04-17 00:00:00,20.14,20.29,20.04,20.12,8992.188
2025-04-17 04:00:00,20.12,20.37,20.1,20.26,14627.822
2025-04-17 08:00:00,20.27,20.33,20.09,20.23,22597.849
2025-04-17 12:00:00,20.23,20.39,20.04,20.26,22844.52
2025-04-17 16:00:00,20.27,20.57,20.23,20.38,16671.627
2025-04-17 20:00:00,20.37,20.45,20.29,20.39,10334.936
2025-04-18 00:00:00,20.38,20.46,20.2,20.46,12784.039
2025-04-18 04:00:00,20.46,20.57,20.4,20.54,15484.086
2025-04-18 08:00:00,20.54,20.94,20.53,20.93,26419.278
2025-04-18 12:00:00,20.93,21.19,20.72,20.84,36134.96
2025-04-18 16:00:00,20.84,21.1,20.8,20.98,23053.646
2025-04-18 20:00:00,20.99,21.05,20.79,20.87,8721.875
2025-04-19 00:00:00,20.88,21.2,20.8,21.08,19914.091
2025-04-19 04:00:00,21.07,21.23,21.03,21.11,10202.35
2025-04-19 08:00:00,21.1,21.25,21.02,21.07,12369.992
2025-04-19 12:00:00,21.07,21.26,21.03,21.19,10395.68
2025-04-19 16:00:00,21.18,21.33,21.1,21.19,14949.669
2025-04-19 20:00:00,21.19,21.25,21.05,21.05,8656.816
2025-04-20 00:00:00,21.06,21.28,20.95,21.26,20769.415
2025-04-20 04:00:00,21.26,21.41,21.11,21.22,30375.891
2025-04-20 08:00:00,21.21,21.23,20.92,21.17,25541.603
2025-04-20 12:00:00,21.18,21.26,21.06,21.2,19915.867
2025-04-20 16:00:00,21.21,21.39,21.16,21.38,24730.653
2025-04-20 20:00:00,21.37,21.43,21.2,21.25,15785.232
2025-04-21 00:00:00,21.24,21.51,21.15,21.35,25377.207
2025-04-21 04:00:00,21.36,21.55,21.34,21.49,24306.683
2025-04-21 08:00:00,21.49,21.58,21.29,21.39,16405.155
2025-04-21 12:00:00,21.39,21.45,21.21,21.31,38005.942
2025-04-21 16:00:00,21.31,21.42,20.83,21.06,37071.832
2025-04-21 20:00:00,21.04,21.05,20.79,20.93,13124.271
2025-04-22 00:00:00,20.94,21.22,20.74,20.86,23761.063
2025-04-22 04:00:00,20.87,20.95,20.51,20.9,22212.194
2025-04-22 08:00:00,20.9,20.97,20.69,20.92,19623.134
2025-04-22 12:00:00,20.92,21.49,20.9,21.3,34929.439
2025-04-22 16:00:00,21.31,21.53,21.24,21.51,20512.074
2025-04-22 20:00:00,21.51,22.18,21.49,22.12,30756.486
2025-04-23 00:00:00,22.13,22.43,22.02,22.43,29096.307
2025-04-23 04:00:00,22.42,22.59,22.27,22.55,24485.665
2025-04-23 08:00:00,22.55,22.59,22.12,22.36,29571.911
2025-04-23 12:00:00,22.35,22.8,22.01,22.36,34299.395
2025-04-23 16:00:00,22.36,22.55,22.18,22.2,19144.584
2025-04-23 20:00:00,22.21,22.44,22.17,22.4,12564.55
2025-04-24 00:00:00,22.39,22.43,21.77,21.81,27464.334
2025-04-24 04:00:00,21.82,21.94,21.69,21.69,15754.545
2025-04-24 08:00:00,21.7,21.88,21.53,21.86,17395.74
2025-04-24 12:00:00,21.87,22.29,21.77,22.18,24225.278
2025-04-24 16:00:00,22.19,22.29,21.86,22.24,19549.593
2025-04-24 20:00:00,22.23,22.27,22.03,22.18,11457.428
2025-04-25 00:00:00,22.19,22.37,21.94,22.19,17915.328
2025-04-25 04:00:00,22.19,22.56,22.12,22.56,17140.997
2025-04-25 08:00:00,22.55,22.65,22.34,22.57,25551.438
2025-04-25 12:00:00,22.57,22.66,22.18,22.45,56136.938
2025-04-25 16:00:00,22.44,22.57,22.23,22.4,25015.724
2025-04-25 20:00:00,22.4,22.5,22.16,22.35,11833.879
2025-04-26 00:00:00,22.34,22.83,22.34,22.65,22554.661
2025-04-26 04:00:00,22.65,22.7,22.41,22.5,16996.813
2025-04-26 08:00:00,22.51,22.7,22.14,22.18,24944.002
2025-04-26 12:00:00,22.19,22.55,22.16,22.44,15780.255
2025-04-26 16:00:00,22.44,22.59,22.38,22.57,17620.082
2025-04-26 20:00:00,22.57,22.65,22.4,22.57,12769.726
2025-04-27 00:00:00,22.57,22.64,21.83,22.06,47187.088
2025-04-27 04:00:00,22.05,22.14,21.58,21.71,27849.196
2025-04-27 08:00:00,21.7,21.92,21.65,21.7,17357.377
2025-04-27 12:00:00,21.7,21.84,21.26,21.51,31430.565
2025-04-27 16:00:00,21.52,21.74,21.29,21.61,28691.916
2025-04-27 20:00:00,21.61,21.63,21.25,21.3,14341.547
2025-04-28 00:00:00,21.3,21.68,20.86,21.5,46844.361
2025-04-28 04:00:00,21.5,24.96,21.42,24.4,484093.71
2025-04-28 08:00:00,24.4,25.24,23.39,24.19,392883.725
2025-04-28 12:00:00,24.18,24.45,23.0,23.61,211956.954
2025-04-28 16:00:00,23.61,23.85,23.0,23.76,88371.646
2025-04-28 20:00:00,23.75,23.79,23.34,23.55,43557.738
2025-04-29 00:00:00,23.56,24.09,23.52,23.93,60040.567
2025-04-29 04:00:00,23.93,24.14,23.54,23.93,46435.926
2025-04-29 08:00:00,23.93,23.97,23.3,23.49,53024.562
2025-04-29 12:00:00,23.49,23.58,23.2,23.43,37065.622
2025-04-29 16:00:00,23.42,23.52,23.16,23.19,31306.631
2025-04-29 20:00:00,23.2,23.27,22.81,23.09,58206.672
2025-04-30 00:00:00,23.09,23.23,22.96,23.16,24418.192
2025-04-30 04:00:00,23.17,23.22,22.81,22.91,18111.192
2025-04-30 08:00:00,22.91,24.6,22.85,23.83,182727.248
2025-04-30 12:00:00,23.84,23.86,22.7,23.3,105878.906
2025-04-30 16:00:00,23.3,23.71,23.02,23.53,38582.1
2025-04-30 20:00:00,23.53,23.56,22.98,23.48,30629.854
2025-05-01 00:00:00,23.47,23.67,23.18,23.26,25532.402
2025-05-01 04:00:00,23.26,23.39,23.07,23.29,19671.433
2025-05-01 08:00:00,23.28,23.62,23.24,23.42,28414.91
2025-05-01 12:00:00,23.42,23.56,23.25,23.28,36693.799
2025-05-01 16:00:00,23.28,23.55,23.0,23.16,33278.552
2025-05-01 20:00:00,23.16,23.35,22.93,23.12,23674.293
2025-05-02 00:00:00,23.12,23.46,23.01,23.15,40205.301
2025-05-02 04:00:00,23.15,23.3,22.98,23.03,21571.96
2025-05-02 08:00:00,23.03,23.29,23.0,23.11,22611.657
2025-05-02 12:00:00,23.11,23.93,22.98,23.64,91342.858
2025-05-02 16:00:00,23.64,24.02,23.47,23.72,78970.785
2025-05-02 20:00:00,23.71,23.89,23.24,23.62,49057.093
2025-05-03 00:00:00,23.63,23.72,23.14,23.42,27577.274
2025-05-03 04:00:00,23.43,23.65,23.16,23.38,28538.941
2025-05-03 08:00:00,23.37,23.39,22.7,22.73,39577.257
2025-05-03 12:00:00,22.73,22.95,22.73,22.85,20248.444
2025-05-03 16:00:00,22.85,22.89,22.02,22.67,64383.989
2025-05-03 20:00:00,22.68,22.85,22.37,22.47,34950.805
2025-05-04 00:00:00,22.47,22.58,21.81,22.14,52813.826
2025-05-04 04:00:00,22.13,22.34,21.93,22.02,29594.135
2025-05-04 08:00:00,22.02,22.03,21.6,21.89,44217.719
2025-05-04 12:00:00,21.88,22.18,21.68,21.99,37982.277
2025-05-04 16:00:00,22.0,22.09,21.61,21.81,31744.378
2025-05-04 20:00:00,21.82,22.05,21.64,21.89,43055.768
2025-05-05 00:00:00,21.89,22.16,21.65,21.95,32681.885
2025-05-05 04:00:00,21.96,22.06,21.77,21.96,31365.839
2025-05-05 08:00:00,21.96,22.07,21.7,21.77,30313.639
2025-05-05 12:00:00,21.78,21.86,21.5,21.63,45543.277
2025-05-05 16:00:00,21.63,22.21,21.6,21.81,32757.983
2025-05-05 20:00:00,21.81,21.98,21.55,21.76,18122.388
2025-05-06 00:00:00,21.76,21.91,21.55,21.88,20508.619
2025-05-06 04:00:00,21.88,22.02,21.7,21.76,18400.697
2025-05-06 08:00:00,21.76,21.91,20.73,21.01,86195.343
2025-05-06 12:00:00,21.01,21.27,20.82,20.92,55955.073
2025-05-06 16:00:00,20.92,21.07,20.61,20.88,71511.548
2025-05-06 20:00:00,20.87,21.31,20.43,21.15,41598.14
2025-05-07 00:00:00,21.15,21.54,21.08,21.22,37373.333
2025-05-07 04:00:00,21.22,21.34,20.91,21.31,28068.998
2025-05-07 08:00:00,21.31,21.45,21.15,21.43,25431.171
2025-05-07 12:00:00,21.42,21.62,21.2,21.23,31232.65
2025-05-07 16:00:00,21.22,21.37,20.75,21.02,54220.874
2025-05-07 20:00:00,21.03,21.5,20.97,21.4,22892.221
2025-05-08 00:00:00,21.41,22.15,21.37,22.1,33132.388
2025-05-08 04:00:00,22.1,22.32,21.99,22.14,43000.656
2025-05-08 08:00:00,22.14,22.51,22.06,22.39,44259.426
2025-05-08 12:00:00,22.39,22.88,22.28,22.71,50663.343
2025-05-08 16:00:00,22.71,22.82,22.42,22.76,61346.088
2025-05-08 20:00:00,22.77,23.29,22.33,23.19,75028.511
2025-05-09 00:00:00,23.19,23.6,22.96,23.32,53640.653
2025-05-09 04:00:00,23.32,23.91,23.27,23.82,38813.247
2025-05-09 08:00:00,23.81,24.24,23.53,23.8,78388.504
2025-05-09 12:00:00,23.81,24.34,23.63,23.96,58793.612
2025-05-09 16:00:00,23.96,24.25,23.73,23.88,35387.035
2025-05-09 20:00:00,23.89,24.01,23.69,23.94,20915.168
2025-05-10 00:00:00,23.94,24.45,23.76,24.0,42413.785
2025-05-10 04:00:00,24.0,24.29,23.77,24.13,41010.558
2025-05-10 08:00:00,24.13,24.34,23.81,23.87,46328.412
2025-05-10 12:00:00,23.87,24.45,23.87,24.04,41017.906
2025-05-10 16:00:00,24.04,24.65,24.0,24.4,44058.024
2025-05-10 20:00:00,24.4,25.25,24.29,25.2,51098.365
2025-05-11 00:00:00,25.18,25.28,24.47,25.14,50019.291
2025-05-11 04:00:00,25.14,25.35,24.08,24.33,50505.783
2025-05-11 08:00:00,24.32,24.72,24.14,24.68,31016.862
2025-05-11 12:00:00,24.67,24.79,24.28,24.5,31225.074
2025-05-11 16:00:00,24.5,25.05,24.19,24.77,39185.309
2025-05-11 20:00:00,24.77,24.87,24.51,24.57,16379.075
2025-05-12 00:00:00,24.57,25.07,24.4,25.0,36787.13
2025-05-12 04:00:00,25.0,25.72,24.68,25.28,53172.658
2025-05-12 08:00:00,25.29,25.56,24.97,25.18,49025.731
2025-05-12 12:00:00,25.17,25.66,24.48,24.75,74456.606
2025-05-12 16:00:00,24.76,25.33,23.76,24.47,79861.785
2025-05-12 20:00:00,24.47,25.04,24.31,24.81,28549.271
2025-05-13 00:00:00,24.82,24.82,23.45,23.54,62977.071
2025-05-13 04:00:00,23.54,24.35,23.5,24.21,34963.251
2025-05-13 08:00:00,24.22,24.56,23.97,24.44,31743.624
2025-05-13 12:00:00,24.44,24.79,24.24,24.69,33226.937
2025-05-13 16:00:00,24.69,25.76,24.66,25.69,82630.986
2025-05-13 20:00:00,25.69,25.86,25.4,25.68,43953.275
2025-05-14 00:00:00,25.68,26.05,25.24,25.65,51911.777
2025-05-14 04:00:00,25.64,25.9,25.38,25.57,31206.47
2025-05-14 08:00:00,25.56,25.66,24.91,25.39,49699.948
2025-05-14 12:00:00,25.39,25.8,24.78,25.16,72645.226
2025-05-14 16:00:00,25.16,25.22,24.71,25.01,33301.294
2025-05-14 20:00:00,25.02,25.21,24.62,24.75,18241.416
2025-05-15 00:00:00,24.76,25.32,24.33,24.37,41778.503
2025-05-15 04:00:00,24.36,24.54,23.45,23.62,68369.03
2025-05-15 08:00:00,23.61,23.91,23.32,23.64,43057.864
2025-05-15 12:00:00,23.64,23.94,22.53,23.6,97618.294
2025-05-15 16:00:00,23.6,24.19,23.28,23.57,69615.899
2025-05-15 20:00:00,23.58,23.81,23.12,23.67,34369.894
2025-05-16 00:00:00,23.68,23.92,23.46,23.84,23505.078
2025-05-16 04:00:00,23.84,24.1,23.68,23.96,21190.062
2025-05-16 08:00:00,23.95,24.12,23.61,23.92,30043.413
2025-05-16 12:00:00,23.93,24.0,23.51,23.88,43044.156
2025-05-16 16:00:00,23.87,23.92,23.62,23.83,28369.405
2025-05-16 20:00:00,23.81,23.81,23.22,23.39,26572.826
2025-05-17 00:00:00,23.38,23.49,22.75,23.09,38939.303
2025-05-17 04:00:00,23.09,23.28,22.97,23.05,21391.817
2025-05-17 08:00:00,23.05,23.19,22.8,22.95,34465.589
2025-05-17 12:00:00,22.95,23.01,22.57,22.87,33040.472
2025-05-17 16:00:00,22.87,23.02,22.57,22.74,21760.635
2025-05-17 20:00:00,22.74,23.05,22.59,22.85,18754.998
2025-05-18 00:00:00,22.86,23.07,22.83,22.93,18953.528
2025-05-18 04:00:00,22.94,23.41,22.92,23.4,18427.4
2025-05-18 08:00:00,23.41,23.64,23.26,23.31,29346.179
2025-05-18 12:00:00,23.31,24.02,23.19,24.0,28276.636
2025-05-18 16:00:00,24.0,24.04,22.92,22.94,43630.784
2025-05-18 20:00:00,22.93,23.96,22.59,23.87,43749.038
2025-05-19 00:00:00,23.88,23.95,22.93,22.96,27819.321
2025-05-19 04:00:00,22.95,23.19,22.47,22.84,34780.331
2025-05-19 08:00:00,22.84,22.98,22.68,22.91,23396.058
2025-05-19 12:00:00,22.9,23.26,22.59,23.21,32802.637
2025-05-19 16:00:00,23.22,23.52,23.09,23.46,28894.212
2025-05-19 20:00:00,23.46,23.52,23.25,23.39,17819.845
2025-05-20 00:00:00,23.39,23.82,23.3,23.6,22074.299
2025-05-20 04:00:00,23.61,23.84,23.36,23.45,28265.324
2025-05-20 08:00:00,23.45,23.52,23.05,23.37,20810.752
2025-05-20 12:00:00,23.36,23.36,23.13,23.34,18548.438
2025-05-20 16:00:00,23.33,23.38,22.89,23.24,32594.899
2025-05-20 20:00:00,23.25,23.62,23.18,23.54,23610.939
2025-05-21 00:00:00,23.54,23.62,23.3,23.51,18228.157
2025-05-21 04:00:00,23.51,23.77,23.42,23.52,32457.904
2025-05-21 08:00:00,23.52,23.64,23.11,23.49,29568.415
2025-05-21 12:00:00,23.5,23.99,23.46,23.96,36820.925
2025-05-21 16:00:00,23.95,24.27,23.32,23.99,61838.387
2025-05-21 20:00:00,23.98,24.15,23.74,23.96,21696.347
2025-05-22 00:00:00,23.96,24.54,23.86,24.45,30390.294
2025-05-22 04:00:00,24.45,24.54,24.22,24.45,27843.887
2025-05-22 08:00:00,24.45,24.67,24.4,24.54,28408.09
2025-05-22 12:00:00,24.54,25.34,24.43,25.19,75006.455
2025-05-22 16:00:00,25.2,25.6,25.07,25.18,60098.331
2025-05-22 20:00:00,25.19,25.28,24.59,24.99,43059.499
2025-05-23 00:00:00,25.0,25.71,24.97,25.56,47149.796
2025-05-23 04:00:00,25.56,25.62,24.74,24.78,35801.149
2025-05-23 08:00:00,24.79,25.17,23.92,24.15,56457.6
2025-05-23 12:00:00,24.16,24.28,23.41,23.79,114546.834
2025-05-23 16:00:00,23.81,24.27,23.63,24.1,59843.176
2025-05-23 20:00:00,24.09,24.1,23.27,23.33,31682.076
2025-05-24 00:00:00,23.34,23.58,23.14,23.46,42107.858
2025-05-24 04:00:00,23.45,23.57,23.3,23.37,29879.211
2025-05-24 08:00:00,23.37,23.64,23.23,23.55,24975.254
2025-05-24 12:00:00,23.56,23.71,23.43,23.64,20382.26
2025-05-24 16:00:00,23.65,23.65,23.35,23.48,22659.595
2025-05-24 20:00:00,23.48,23.48,23.0,23.17,28921.565
2025-05-25 00:00:00,23.17,23.3,22.77,23.12,28223.977
2025-05-25 04:00:00,23.12,23.24,22.94,23.17,21266.932
2025-05-25 08:00:00,23.18,23.18,22.62,22.72,51082.993
2025-05-25 12:00:00,22.71,23.09,22.53,23.04,66060.381
2025-05-25 16:00:00,23.04,23.17,22.73,23.06,38784.342
2025-05-25 20:00:00,23.06,23.67,22.92,23.64,31924.228
2025-05-26 00:00:00,23.65,24.04,23.55,23.8,41458.988
2025-05-26 04:00:00,23.81,23.94,23.65,23.86,28735.234
2025-05-26 08:00:00,23.86,23.97,23.57,23.73,29064.134
2025-05-26 12:00:00,23.74,23.87,23.36,23.82,33193.459
2025-05-26 16:00:00,23.82,23.86,23.37,23.49,28701.016
2025-05-26 20:00:00,23.47,23.63,23.38,23.5,19864.788
2025-05-27 00:00:00,23.5,23.69,23.06,23.58,36050.714
2025-05-27 04:00:00,23.57,24.0,23.5,23.91,28207.963
2025-05-27 08:00:00,23.92,24.17,23.92,24.03,34312.175
2025-05-27 12:00:00,24.04,24.23,23.7,23.94,49932.25
2025-05-27 16:00:00,23.94,24.21,23.88,24.09,29797.68
2025-05-27 20:00:00,24.09,24.2,23.86,23.95,16431.052
2025-05-28 00:00:00,23.95,24.16,23.8,24.08,28192.115
2025-05-28 04:00:00,24.08,24.13,23.87,23.89,24280.138
2025-05-28 08:00:00,23.9,24.06,23.63,24.04,40830.745
2025-05-28 12:00:00,24.03,24.28,23.57,23.68,45346.167
2025-05-28 16:00:00,23.69,23.92,23.3,23.33,32985.938
2025-05-28 20:00:00,23.33,23.87,23.31,23.81,26289.281
2025-05-29 00:00:00,23.81,24.24,23.71,24.08,28182.723
2025-05-29 04:00:00,24.08,24.1,23.58,23.72,20849.32
2025-05-29 08:00:00,23.72,23.84,23.55,23.75,32767.894
2025-05-29 12:00:00,23.75,23.76,23.29,23.47,36923.242
2025-05-29 16:00:00,23.47,23.58,23.06,23.11,34949.132
2025-05-29 20:00:00,23.12,23.5,23.11,23.18,17662.311
2025-05-30 00:00:00,23.17,23.34,22.25,22.74,83913.379
2025-05-30 04:00:00,22.74,22.83,22.14,22.34,59886.152
2025-05-30 08:00:00,22.35,22.8,22.2,22.7,55003.952
2025-05-30 12:00:00,22.71,22.77,22.32,22.41,38143.364
2025-05-30 16:00:00,22.41,22.46,21.58,22.3,57476.139
2025-05-30 20:00:00,22.29,22.51,21.72,21.78,66895.406
2025-05-31 00:00:00,21.77,21.88,21.26,21.47,83386.832
2025-05-31 04:00:00,21.48,21.74,21.39,21.69,30481.424
2025-05-31 08:00:00,21.68,21.72,21.41,21.51,18289.311
2025-05-31 12:00:00,21.5,21.94,21.48,21.75,28957.005
2025-05-31 16:00:00,21.76,22.08,21.67,21.98,20456.17
2025-05-31 20:00:00,21.98,22.05,21.83,21.86,14056.204
2025-06-01 00:00:00,21.86,21.88,21.54,21.84,19503.42
2025-06-01 04:00:00,21.83,22.11,21.78,21.92,18578.182
2025-06-01 08:00:00,21.92,22.03,21.64,21.94,35355.247
2025-06-01 12:00:00,21.94,21.96,21.52,21.84,38225.548
2025-06-01 16:00:00,21.84,22.15,21.6,21.84,36952.341
2025-06-01 20:00:00,21.85,22.17,21.8,22.1,19312.276
2025-06-02 00:00:00,22.09,22.16,21.81,21.88,15971.246
2025-06-02 04:00:00,21.88,22.08,21.72,22.03,17294.664
2025-06-02 08:00:00,22.02,22.1,21.62,21.7,37600.412
2025-06-02 12:00:00,21.69,21.94,21.56,21.83,50856.508
2025-06-02 16:00:00,21.83,22.02,21.61,21.7,30912.894
2025-06-02 20:00:00,21.7,22.36,21.7,22.3,29936.527
2025-06-03 00:00:00,22.31,22.64,22.24,22.29,45896.049
2025-06-03 04:00:00,22.28,22.48,22.15,22.32,19404.163
2025-06-03 08:00:00,22.35,22.42,22.09,22.15,22304.893
2025-06-03 12:00:00,22.15,22.51,22.09,22.33,29259.076
2025-06-03 16:00:00,22.33,22.54,22.27,22.48,20675.531
2025-06-03 20:00:00,22.49,22.52,22.06,22.31,21944.629
2025-06-04 00:00:00,22.31,22.51,22.16,22.4,20472.138
2025-06-04 04:00:00,22.4,22.47,22.3,22.39,16077.598
2025-06-04 08:00:00,22.4,22.55,22.23,22.24,26359.007
2025-06-04 12:00:00,22.25,22.3,21.86,22.18,55958.512
2025-06-04 16:00:00,22.19,22.2,21.7,21.7,22930.143
2025-06-04 20:00:00,21.7,21.74,21.46,21.49,35765.458
2025-06-05 00:00:00,21.49,21.67,21.37,21.45,34834.812
2025-06-05 04:00:00,21.45,21.6,21.16,21.31,32888.796
2025-06-05 08:00:00,21.31,21.53,21.26,21.44,22223.114
2025-06-05 12:00:00,21.45,21.7,21.16,21.57,38699.201
2025-06-05 16:00:00,21.57,21.62,20.79,20.95,50608.408
2025-06-05 20:00:00,20.97,20.98,20.27,20.51,102142.681
2025-06-06 00:00:00,20.51,20.8,20.35,20.78,31632.228
2025-06-06 04:00:00,20.78,21.04,20.72,20.88,24822.63
2025-06-06 08:00:00,20.89,21.13,20.86,21.04,19277.281
2025-06-06 12:00:00,21.04,21.51,21.02,21.35,36566.488
2025-06-06 16:00:00,21.36,21.47,21.04,21.09,28325.695
2025-06-06 20:00:00,21.08,21.3,21.08,21.23,11001.586
2025-06-07 00:00:00,21.23,21.47,21.19,21.45,17468.827
2025-06-07 04:00:00,21.45,21.56,21.37,21.52,14302.277
2025-06-07 08:00:00,21.52,21.72,21.45,21.59,25218.53
2025-06-07 12:00:00,21.6,21.74,21.54,21.61,19063.432
2025-06-07 16:00:00,21.61,21.68,21.45,21.62,19788.792
2025-06-07 20:00:00,21.62,21.73,21.55,21.62,15202.48
2025-06-08 00:00:00,21.61,21.63,21.43,21.48,13855.138
2025-06-08 04:00:00,21.48,21.56,21.25,21.28,27301.104
2025-06-08 08:00:00,21.28,21.54,21.19,21.5,26008.079
2025-06-08 12:00:00,21.51,21.71,21.44,21.57,26130.555
2025-06-08 16:00:00,21.56,21.79,21.56,21.68,20142.91
2025-06-08 20:00:00,21.69,21.74,21.41,21.49,16286.954
2025-06-09 00:00:00,21.49,21.52,21.29,21.41,14557.469
2025-06-09 04:00:00,21.41,21.44,21.15,21.23,12743.119
2025-06-09 08:00:00,21.23,21.66,21.18,21.6,23234.041
2025-06-09 12:00:00,21.62,21.7,21.4,21.6,26289.008
2025-06-09 16:00:00,21.6,21.96,21.6,21.8,39870.94
2025-06-09 20:00:00,21.8,22.3,21.73,22.29,30896.082
2025-06-10 00:00:00,22.29,22.4,22.14,22.18,27355.833
2025-06-10 04:00:00,22.18,22.23,21.94,22.03,23984.558
2025-06-10 08:00:00,22.04,22.65,21.87,22.59,29053.918
2025-06-10 12:00:00,22.59,22.91,22.27,22.53,67717.792
2025-06-10 16:00:00,22.52,22.77,22.45,22.63,26040.492
2025-06-10 20:00:00,22.63,22.78,22.52,22.71,29306.598
2025-06-11 00:00:00,22.69,22.71,22.31,22.56,35872.239
2025-06-11 04:00:00,22.57,22.7,22.42,22.6,21145.503
2025-06-11 08:00:00,22.61,22.62,22.01,22.17,56128.126
2025-06-11 12:00:00,22.17,22.56,22.05,22.45,55353.006
2025-06-11 16:00:00,22.46,22.51,21.96,22.05,33805.156
2025-06-11 20:00:00,22.04,22.18,21.65,21.86,34658.9
2025-06-12 00:00:00,21.86,21.88,21.46,21.5,41460.859
2025-06-12 04:00:00,21.5,21.59,21.37,21.41,27327.508
2025-06-12 08:00:00,21.41,21.41,21.03,21.06,37792.856
2025-06-12 12:00:00,21.07,21.49,20.99,21.14,39053.686
2025-06-12 16:00:00,21.14,21.46,20.82,20.91,34793.559
2025-06-12 20:00:00,20.91,20.99,20.59,20.67,40578.475
2025-06-13 00:00:00,20.67,20.69,19.46,20.01,128620.43
2025-06-13 04:00:00,20.01,20.12,19.77,20.12,28716.411
2025-06-13 08:00:00,20.11,20.29,19.97,20.25,24688.472
2025-06-13 12:00:00,20.25,20.3,19.92,20.23,30720.528
2025-06-13 16:00:00,20.22,20.41,20.1,20.2,21296.124
2025-06-13 20:00:00,20.2,20.54,20.16,20.44,23244.038
2025-06-14 00:00:00,20.45,20.51,20.29,20.45,15455.567
2025-06-14 04:00:00,20.45,20.52,20.29,20.43,16991.458
2025-06-14 08:00:00,20.42,20.47,20.31,20.4,14648.638
2025-06-14 12:00:00,20.4,20.47,20.16,20.23,22146.743
2025-06-14 16:00:00,20.23,20.32,20.07,20.15,23740.586
2025-06-14 20:00:00,20.14,20.27,20.0,20.17,18788.973
2025-06-15 00:00:00,20.18,20.27,20.12,20.21,11076.421
2025-06-15 04:00:00,20.21,20.42,20.09,20.15,12235.005
2025-06-15 08:00:00,20.15,20.22,20.07,20.16,13973.301
2025-06-15 12:00:00,20.16,20.32,20.07,20.18,21729.254
2025-06-15 16:00:00,20.18,20.31,20.12,20.2,13982.174
2025-06-15 20:00:00,20.19,20.21,19.86,20.11,24234.998
2025-06-16 00:00:00,20.11,20.34,19.9,20.21,23732.526
2025-06-16 04:00:00,20.21,20.63,20.19,20.6,18645.687
2025-06-16 08:00:00,20.61,20.76,20.56,20.66,33375.341
2025-06-16 12:00:00,20.66,20.91,20.42,20.69,39974.562
2025-06-16 16:00:00,20.69,20.86,20.69,20.75,20961.776
2025-06-16 20:00:00,20.76,20.84,20.11,20.15,34063.107
2025-06-17 00:00:00,20.16,20.42,19.73,20.36,37129.993
2025-06-17 04:00:00,20.37,20.4,20.12,20.19,13520.925
2025-06-17 08:00:00,20.19,20.21,19.87,19.98,26163.369
2025-06-17 12:00:00,19.98,20.26,19.74,19.82,33958.57
2025-06-17 16:00:00,19.81,19.93,19.37,19.82,47528.719
2025-06-17 20:00:00,19.83,19.88,19.46,19.6,22818.335
2025-06-18 00:00:00,19.61,19.83,19.51,19.8,17293.95
2025-06-18 04:00:00,19.8,20.05,19.77,19.87,21043.686
2025-06-18 08:00:00,19.87,19.9,19.23,19.54,34952.233
2025-06-18 12:00:00,19.54,19.68,19.13,19.53,37606.443
2025-06-18 16:00:00,19.53,19.71,19.34,19.44,25102.339
2025-06-18 20:00:00,19.45,19.92,19.39,19.83,20002.146
2025-06-19 00:00:00,19.83,20.0,19.7,19.84,18898.447
2025-06-19 04:00:00,19.85,19.95,19.75,19.79,17604.263
2025-06-19 08:00:00,19.79,19.91,19.71,19.74,11475.27
2025-06-19 12:00:00,19.73,19.84,19.55,19.66,25399.826
2025-06-19 16:00:00,19.66,19.83,19.53,19.73,20041.561
2025-06-19 20:00:00,19.74,19.9,19.65,19.87,14787.602
2025-06-20 00:00:00,19.88,19.95,19.74,19.8,14525.73
2025-06-20 04:00:00,19.8,20.02,19.59,19.96,20269.232
2025-06-20 08:00:00,19.97,20.07,19.88,20.03,21022.12
2025-06-20 12:00:00,20.03,20.23,19.67,19.74,34996.784
2025-06-20 16:00:00,19.73,19.74,18.89,19.5,56523.552
2025-06-20 20:00:00,19.49,19.68,19.34,19.49,16919.514
2025-06-21 00:00:00,19.49,19.61,19.41,19.56,16030.99
2025-06-21 04:00:00,19.56,19.56,19.43,19.47,9437.069
2025-06-21 08:00:00,19.48,19.68,19.44,19.6,16384.287
2025-06-21 12:00:00,19.6,19.69,19.13,19.28,30621.781
2025-06-21 16:00:00,19.29,19.39,18.93,18.97,30794.906
2025-06-21 20:00:00,18.98,19.15,18.19,18.79,54859.064
2025-06-22 00:00:00,18.78,19.0,18.42,18.5,30415.851
2025-06-22 04:00:00,18.51,18.82,18.47,18.67,25403.958
2025-06-22 08:00:00,18.67,18.7,18.33,18.41,28444.147
2025-06-22 12:00:00,18.41,18.6,17.71,17.9,68403.267
2025-06-22 16:00:00,17.91,18.18,17.74,17.86,37989.817
2025-06-22 20:00:00,17.86,18.38,17.34,18.28,43133.935
2025-06-23 00:00:00,18.28,18.35,18.04,18.22,23861.974
2025-06-23 04:00:00,18.22,18.69,18.22,18.53,19840.171
2025-06-23 08:00:00,18.54,18.66,18.45,18.55,19225.288
2025-06-23 12:00:00,18.55,18.98,18.3,18.58,80218.07
2025-06-23 16:00:00,18.58,19.07,18.24,19.04,55144.625
2025-06-23 20:00:00,19.04,19.8,18.96,19.72,57575.186
2025-06-24 00:00:00,19.73,19.9,19.71,19.85,33602.39
2025-06-24 04:00:00,19.85,20.21,19.85,19.96,28379.259
2025-06-24 08:00:00,19.97,20.15,19.8,19.93,26182.62
2025-06-24 12:00:00,19.93,20.09,19.82,19.91,26802.258
2025-06-24 16:00:00,19.91,20.2,19.64,19.77,30120.975
2025-06-24 20:00:00,19.77,20.11,19.75,20.1,19342.068
2025-06-25 00:00:00,20.1,20.31,19.95,20.27,30874.463
2025-06-25 04:00:00,20.27,20.29,20.0,20.11,21742.225
2025-06-25 08:00:00,20.11,20.13,19.9,20.04,26426.158
2025-06-25 12:00:00,20.05,20.23,19.67,19.73,35154.335
2025-06-25 16:00:00,19.73,19.96,19.71,19.82,22617.261
2025-06-25 20:00:00,19.84,19.94,19.58,19.68,11620.542
2025-06-26 00:00:00,19.68,20.15,19.63,19.97,18275.497
2025-06-26 04:00:00,19.97,20.04,19.78,19.93,15593.065
2025-06-26 08:00:00,19.92,20.02,19.67,19.69,14449.209
2025-06-26 12:00:00,19.69,19.71,19.11,19.27,34459.932
2025-06-26 16:00:00,19.27,19.49,19.15,19.45,17706.967
2025-06-26 20:00:00,19.46,19.6,19.21,19.25,21582.899
2025-06-27 00:00:00,19.25,19.54,19.08,19.5,24883.692
2025-06-27 04:00:00,19.5,19.52,19.21,19.26,17639.807
2025-06-27 08:00:00,19.26,19.43,19.24,19.31,13454.861
2025-06-27 12:00:00,19.31,19.44,19.14,19.39,26891.551
2025-06-27 16:00:00,19.39,19.6,19.15,19.28,25849.128
2025-06-27 20:00:00,19.27,19.51,19.26,19.44,12199.771
2025-06-28 00:00:00,19.44,19.56,19.4,19.43,14892.248
2025-06-28 04:00:00,19.42,19.48,19.35,19.47,10615.089
2025-06-28 08:00:00,19.48,19.6,19.4,19.46,18842.887
2025-06-28 12:00:00,19.46,19.59,19.31,19.54,20676.529
2025-06-28 16:00:00,19.55,19.78,19.54,19.73,18620.64
2025-06-28 20:00:00,19.72,19.91,19.63,19.86,13286.08
2025-06-29 00:00:00,19.85,19.87,19.71,19.76,15259.983
2025-06-29 04:00:00,19.76,19.96,19.75,19.96,19363.517
2025-06-29 08:00:00,19.96,20.05,19.92,19.97,14352.339
2025-06-29 12:00:00,19.97,20.03,19.78,19.83,20559.723
2025-06-29 16:00:00,19.84,20.06,19.84,20.02,14532.367
2025-06-29 20:00:00,20.03,20.44,19.86,20.33,40801.845
2025-06-30 00:00:00,20.33,20.5,20.24,20.37,41564.535
2025-06-30 04:00:00,20.37,20.42,20.08,20.16,30473.053
2025-06-30 08:00:00,20.17,20.27,19.94,20.11,27539.945
2025-06-30 12:00:00,20.12,20.16,19.69,19.96,38427.081
2025-06-30 16:00:00,19.96,20.43,19.94,20.41,45298.065
2025-06-30 20:00:00,20.4,20.4,19.96,20.03,38005.477
2025-07-01 00:00:00,20.02,20.07,19.78,19.89,16333.817
2025-07-01 04:00:00,19.89,19.91,19.55,19.76,19433.069
2025-07-01 08:00:00,19.77,19.86,19.64,19.69,14173.512
2025-07-01 12:00:00,19.69,19.88,19.45,19.5,31571.95
2025-07-01 16:00:00,19.51,19.52,19.13,19.14,30387.652
2025-07-01 20:00:00,19.14,19.45,19.0,19.25,31309.167
2025-07-02 00:00:00,19.24,19.42,19.07,19.33,16408.418
2025-07-02 04:00:00,19.32,19.6,19.32,19.54,11234.501
2025-07-02 08:00:00,19.54,19.75,19.54,19.61,17679.775
2025-07-02 12:00:00,19.62,19.94,19.54,19.94,20118.91
2025-07-02 16:00:00,19.93,20.6,19.93,20.48,71090.682
2025-07-02 20:00:00,20.47,20.59,20.38,20.48,26663.757
2025-07-03 00:00:00,20.48,20.57,20.24,20.24,21724.284
2025-07-03 04:00:00,20.25,20.96,20.25,20.94,47015.311
2025-07-03 08:00:00,20.94,20.96,20.52,20.61,39552.927
2025-07-03 12:00:00,20.61,20.8,20.25,20.3,55754.296
2025-07-03 16:00:00,20.3,20.63,20.3,20.58,17233.325
2025-07-03 20:00:00,20.58,20.65,20.39,20.43,10993.645
2025-07-04 00:00:00,20.43,20.53,20.12,20.22,27523.824
2025-07-04 04:00:00,20.22,20.3,19.91,19.91,24448.282
2025-07-04 08:00:00,19.92,20.27,19.82,20.19,23420.778
2025-07-04 12:00:00,20.18,20.25,19.84,19.86,27823.365
2025-07-04 16:00:00,19.86,19.9,19.62,19.71,23258.017
2025-07-04 20:00:00,19.71,19.82,19.65,19.69,17273.89
2025-07-05 00:00:00,19.69,19.95,19.65,19.75,24510.575
2025-07-05 04:00:00,19.75,19.97,19.68,19.89,18242.757
2025-07-05 08:00:00,19.88,19.92,19.77,19.83,13784.755
2025-07-05 12:00:00,19.83,19.89,19.67,19.74,20454.652
2025-07-05 16:00:00,19.74,19.86,19.55,19.71,20024.993
2025-07-05 20:00:00,19.72,19.87,19.65,19.77,11993.092
2025-07-06 00:00:00,19.78,19.79,19.63,19.67,9916.38
2025-07-06 04:00:00,19.68,20.15,19.64,19.91,36782.143
2025-07-06 08:00:00,19.9,19.94,19.76,19.93,19887.379
2025-07-06 12:00:00,19.93,20.17,19.87,20.09,26911.289
2025-07-06 16:00:00,20.1,20.19,19.89,19.97,22235.29
2025-07-06 20:00:00,19.98,20.29,19.95,20.04,25328.801
2025-07-07 00:00:00,20.03,20.27,19.97,20.16,16451.723
2025-07-07 04:00:00,20.16,20.21,19.89,20.09,17291.234
2025-07-07 08:00:00,20.09,20.16,19.99,20.1,19068.835
2025-07-07 12:00:00,20.09,20.16,19.89,19.97,36181.926
2025-07-07 16:00:00,19.97,20.05,19.74,19.9,31639.55
2025-07-07 20:00:00,19.91,19.91,19.65,19.83,22698.344
2025-07-08 00:00:00,19.83,19.89,19.57,19.65,25725.444
2025-07-08 04:00:00,19.65,19.8,19.62,19.75,12644.84
2025-07-08 08:00:00,19.74,19.97,19.67,19.9,13753.762
2025-07-08 12:00:00,19.91,20.09,19.72,19.86,28772.683
2025-07-08 16:00:00,19.86,20.19,19.83,20.06,40780.847
2025-07-08 20:00:00,20.05,20.1,19.89,20.0,27220.811
2025-07-09 00:00:00,20.0,20.07,19.79,19.88,39247.243
2025-07-09 04:00:00,19.87,20.12,19.82,20.07,21037.712
2025-07-09 08:00:00,20.06,20.33,20.03,20.31,42361.569
2025-07-09 12:00:00,20.28,20.48,20.19,20.28,37178.03
2025-07-09 16:00:00,20.28,20.62,20.24,20.6,29073.243
2025-07-09 20:00:00,20.59,20.87,20.51,20.71,48566.021
2025-07-10 00:00:00,20.72,20.93,20.63,20.84,33555.176
2025-07-10 04:00:00,20.84,20.86,20.56,20.71,30520.592
2025-07-10 08:00:00,20.72,20.91,20.66,20.8,36191.887
2025-07-10 12:00:00,20.8,20.86,20.61,20.71,28108.014
2025-07-10 16:00:00,20.7,21.24,20.66,21.09,55687.665
2025-07-10 20:00:00,21.1,21.68,21.1,21.52,64149.503
2025-07-11 00:00:00,21.51,21.91,21.26,21.85,42722.26
2025-07-11 04:00:00,21.84,22.09,21.62,21.66,64209.848
2025-07-11 08:00:00,21.67,22.18,21.67,21.85,48155.797
2025-07-11 12:00:00,21.86,22.43,21.71,21.91,79755.222
2025-07-11 16:00:00,21.92,22.54,21.8,22.42,51352.858
2025-07-11 20:00:00,22.42,22.44,21.36,21.79,62918.168
2025-07-12 00:00:00,21.79,22.15,21.51,21.92,30998.425
2025-07-12 04:00:00,21.91,21.98,21.37,21.85,31508.728
2025-07-12 08:00:00,21.85,21.95,21.66,21.79,26420.24
2025-07-12 12:00:00,21.8,21.98,21.15,21.3,51448.204
2025-07-12 16:00:00,21.3,21.54,21.23,21.46,19066.234
2025-07-12 20:00:00,21.46,21.93,21.16,21.83,29643.376
2025-07-13 00:00:00,21.84,21.9,21.65,21.87,17346.303
2025-07-13 04:00:00,21.86,22.46,21.71,22.41,36970.19
2025-07-13 08:00:00,22.42,23.09,22.12,22.37,71404.283
2025-07-13 12:00:00,22.38,22.93,22.34,22.67,54723.98
2025-07-13 16:00:00,22.68,22.83,22.52,22.55,25125.898
2025-07-13 20:00:00,22.56,22.61,22.05,22.27,33341.48
2025-07-14 00:00:00,22.27,22.95,22.12,22.82,30010.028
2025-07-14 04:00:00,22.84,23.28,22.62,22.95,45140.058
2025-07-14 08:00:00,22.95,23.01,22.7,22.79,34766.556
2025-07-14 12:00:00,22.79,23.09,22.28,22.42,55434.203
2025-07-14 16:00:00,22.41,22.76,22.1,22.18,35647.0
2025-07-14 20:00:00,22.18,22.27,21.82,22.12,26346.66
2025-07-15 00:00:00,22.13,22.24,21.26,21.45,51199.47
2025-07-15 04:00:00,21.46,21.66,21.2,21.4,27818.302
2025-07-15 08:00:00,21.4,21.52,21.13,21.34,34640.203
2025-07-15 12:00:00,21.35,21.76,21.12,21.6,52009.254
2025-07-15 16:00:00,21.61,22.16,21.58,21.79,41378.5
2025-07-15 20:00:00,21.79,22.38,21.7,22.3,25130.455
2025-07-16 00:00:00,22.31,22.47,21.69,21.87,42959.214
2025-07-16 04:00:00,21.86,22.6,21.78,22.41,45569.685
2025-07-16 08:00:00,22.42,22.57,22.25,22.27,34984.921
2025-07-16 12:00:00,22.27,22.6,22.12,22.33,50725.576
2025-07-16 16:00:00,22.32,22.88,22.23,22.72,48905.613
2025-07-16 20:00:00,22.72,23.09,22.46,22.69,65461.535
2025-07-17 00:00:00,22.68,22.89,22.21,22.36,39883.864
2025-07-17 04:00:00,22.36,22.83,22.23,22.64,23890.758
2025-07-17 08:00:00,22.66,22.99,22.54,22.73,41443.548
2025-07-17 12:00:00,22.74,22.85,22.38,22.71,35687.705
2025-07-17 16:00:00,22.71,22.84,22.29,22.43,50709.59
2025-07-17 20:00:00,22.44,23.0,22.17,22.64,51113.794
2025-07-18 00:00:00,22.65,23.5,22.58,23.45,51497.384
2025-07-18 04:00:00,23.46,24.14,23.31,23.77,85864.809
2025-07-18 08:00:00,23.78,24.96,23.34,24.5,187031.839
2025-07-18 12:00:00,24.5,24.55,23.34,23.57,91002.085
2025-07-18 16:00:00,23.58,23.98,23.4,23.59,36516.139
2025-07-18 20:00:00,23.59,23.8,23.04,23.65,38877.588
2025-07-19 00:00:00,23.66,23.86,23.01,23.85,43745.657
2025-07-19 04:00:00,23.85,24.0,23.57,23.68,28078.074
2025-07-19 08:00:00,23.67,24.3,23.5,23.51,56339.776
2025-07-19 12:00:00,23.5,23.66,23.26,23.39,27657.505
2025-07-19 16:00:00,23.39,24.4,23.31,24.15,41680.292
2025-07-19 20:00:00,24.15,24.81,23.88,24.34,78125.988
2025-07-20 00:00:00,24.33,24.85,24.14,24.58,74196.862
2025-07-20 04:00:00,24.58,24.87,24.43,24.71,31328.784
2025-07-20 08:00:00,24.7,25.66,24.7,25.41,71488.023
2025-07-20 12:00:00,25.41,25.64,25.05,25.51,65098.436
2025-07-20 16:00:00,25.51,25.97,25.34,25.61,72370.188
2025-07-20 20:00:00,25.62,25.64,24.75,25.21,58207.982
2025-07-21 00:00:00,25.22,25.51,24.69,25.44,45517.17
2025-07-21 04:00:00,25.44,25.55,25.11,25.41,36785.801
2025-07-21 08:00:00,25.42,25.62,25.11,25.42,47725.055
2025-07-21 12:00:00,25.41,25.88,25.15,25.54,74077.456
2025-07-21 16:00:00,25.54,25.56,24.82,24.95,71764.422
2025-07-21 20:00:00,24.95,25.2,24.85,25.02,35957.555
2025-07-22 00:00:00,25.02,25.74,24.64,24.87,78925.607
2025-07-22 04:00:00,24.88,25.0,24.26,24.69,73035.285
2025-07-22 08:00:00,24.69,25.02,24.1,24.84,66796.333
2025-07-22 12:00:00,24.85,25.01,24.29,24.84,41868.785
2025-07-22 16:00:00,24.85,25.15,24.63,24.78,32558.235
2025-07-22 20:00:00,24.77,25.75,24.66,25.45,54139.101
2025-07-23 00:00:00,25.46,25.62,25.22,25.33,29263.304
2025-07-23 04:00:00,25.34,25.79,25.27,25.41,32784.606
2025-07-23 08:00:00,25.39,25.44,24.96,25.11,32425.808
2025-07-23 12:00:00,25.11,25.19,23.89,24.43,60719.314
2025-07-23 16:00:00,24.43,24.48,23.43,23.76,48020.492
2025-07-23 20:00:00,23.77,23.9,22.87,23.25,55964.913
2025-07-24 00:00:00,23.28,23.61,22.97,23.33,69848.606
2025-07-24 04:00:00,23.33,23.47,21.89,22.55,94559.27
2025-07-24 08:00:00,22.54,22.94,22.43,22.86,43093.484
2025-07-24 12:00:00,22.85,23.36,22.48,23.12,45285.427
2025-07-24 16:00:00,23.11,23.18,22.64,22.95,42607.435
2025-07-24 20:00:00,22.95,23.23,22.67,22.78,27423.994
2025-07-25 00:00:00,22.77,22.79,22.08,22.36,40797.768
2025-07-25 04:00:00,22.34,22.68,22.19,22.39,49003.291
2025-07-25 08:00:00,22.38,23.02,22.36,22.94,43830.071
2025-07-25 12:00:00,22.94,23.07,22.12,22.37,57728.508
2025-07-25 16:00:00,22.38,22.68,22.07,22.25,43488.819
2025-07-25 20:00:00,22.25,22.82,22.25,22.75,29609.755
2025-07-26 00:00:00,22.75,22.81,22.56,22.65,23300.979
2025-07-26 04:00:00,22.65,22.71,22.37,22.45,25242.996
2025-07-26 08:00:00,22.46,22.72,22.27,22.42,59351.195
2025-07-26 12:00:00,22.42,22.65,22.33,22.61,31296.27
2025-07-26 16:00:00,22.6,22.99,22.48,22.91,54113.405
2025-07-26 20:00:00,22.9,22.93,22.41,22.49,32720.474
2025-07-27 00:00:00,22.49,22.75,22.31,22.58,28770.8
2025-07-27 04:00:00,22.58,22.92,22.58,22.78,43433.939
2025-07-27 08:00:00,22.78,22.82,22.51,22.69,45687.633
2025-07-27 12:00:00,22.68,22.83,22.5,22.68,45332.729
2025-07-27 16:00:00,22.68,23.07,22.68,22.91,51926.604
2025-07-27 20:00:00,22.92,23.28,22.82,23.17,31565.542
2025-07-28 00:00:00,23.18,23.54,23.08,23.47,44694.7
2025-07-28 04:00:00,23.46,23.75,23.33,23.56,49249.309
2025-07-28 08:00:00,23.55,23.59,23.25,23.39,33477.376
2025-07-28 12:00:00,23.39,23.39,22.34,22.52,75763.102
2025-07-28 16:00:00,22.52,22.52,21.76,22.02,83018.602
2025-07-28 20:00:00,22.01,22.05,21.61,21.72,50522.986
2025-07-29 00:00:00,21.72,21.85,21.28,21.59,53632.468
2025-07-29 04:00:00,21.6,22.06,21.44,22.03,36854.514
2025-07-29 08:00:00,22.03,22.07,21.46,21.66,43278.085
2025-07-29 12:00:00,21.66,21.98,21.18,21.33,59497.588
2025-07-29 16:00:00,21.33,21.35,20.93,21.04,54717.409
2025-07-29 20:00:00,21.04,21.28,20.86,21.21,39870.012
2025-07-30 00:00:00,21.21,21.24,20.8,21.11,26933.296
2025-07-30 04:00:00,21.1,21.17,20.9,21.05,21011.66
2025-07-30 08:00:00,21.06,21.22,20.58,20.68,56683.313
2025-07-30 12:00:00,20.69,21.09,20.54,20.99,53124.045
2025-07-30 16:00:00,21.0,21.32,20.2,21.02,76609.218
2025-07-30 20:00:00,21.02,21.41,20.88,21.32,41653.912
2025-07-31 00:00:00,21.33,21.67,21.27,21.65,35186.561
2025-07-31 04:00:00,21.65,22.0,21.62,21.83,35002.983
2025-07-31 08:00:00,21.82,21.92,21.62,21.68,30379.922
2025-07-31 12:00:00,21.69,21.71,21.08,21.38,61515.391
2025-07-31 16:00:00,21.39,21.67,21.01,21.09,46174.433
2025-07-31 20:00:00,21.09,21.14,20.39,20.53,63466.611
2025-08-01 00:00:00,20.54,20.78,20.12,20.69,53025.391
2025-08-01 04:00:00,20.69,20.7,20.36,20.52,31522.463
2025-08-01 08:00:00,20.51,20.58,20.15,20.58,64885.981
2025-08-01 12:00:00,20.57,20.88,20.16,20.79,63540.921
2025-08-01 16:00:00,20.8,20.9,20.41,20.72,44889.777
2025-08-01 20:00:00,20.72,20.83,19.97,20.37,73028.037
2025-08-02 00:00:00,20.37,20.55,20.29,20.5,21132.492
2025-08-02 04:00:00,20.49,20.58,19.95,20.43,42011.005
2025-08-02 08:00:00,20.43,20.48,20.07,20.25,31549.394
2025-08-02 12:00:00,20.25,20.41,19.98,20.04,34605.824
2025-08-02 16:00:00,20.04,20.24,19.74,19.9,61364.713
2025-08-02 20:00:00,19.91,20.15,19.87,20.03,25299.976
2025-08-03 00:00:00,20.03,20.29,19.84,20.21,29962.092
2025-08-03 04:00:00,20.21,20.3,20.12,20.27,20237.658
2025-08-03 08:00:00,20.27,20.63,20.22,20.48,26780.339
2025-08-03 12:00:00,20.49,20.59,20.34,20.49,21205.922
2025-08-03 16:00:00,20.48,20.55,20.3,20.44,23805.737
2025-08-03 20:00:00,20.44,20.72,20.38,20.61,25996.703
2025-08-04 00:00:00,20.61,20.88,20.51,20.74,25995.265
2025-08-04 04:00:00,20.73,20.96,20.69,20.91,28264.995
2025-08-04 08:00:00,20.91,20.97,20.69,20.78,22052.589
2025-08-04 12:00:00,20.78,21.2,20.71,21.12,38859.516
2025-08-04 16:00:00,21.11,21.41,21.06,21.15,40480.71
2025-08-04 20:00:00,21.14,21.81,21.12,21.73,40635.805
2025-08-05 00:00:00,21.73,21.74,21.29,21.31,27077.664
2025-08-05 04:00:00,21.31,21.4,20.98,21.03,38479.402
2025-08-05 08:00:00,21.02,21.65,20.96,21.56,35543.54
2025-08-05 12:00:00,21.56,21.61,20.68,20.83,62684.185
2025-08-05 16:00:00,20.83,20.98,20.74,20.87,24804.028
2025-08-05 20:00:00,20.87,21.15,20.71,21.09,31188.156
2025-08-06 00:00:00,21.09,21.12,20.66,20.71,22245.069
2025-08-06 04:00:00,20.72,21.08,20.57,21.05,37288.403
2025-08-06 08:00:00,21.05,21.14,20.81,20.92,37730.7
2025-08-06 12:00:00,20.92,21.45,20.74,21.43,35854.569
2025-08-06 16:00:00,21.42,21.49,21.17,21.3,29268.863
2025-08-06 20:00:00,21.3,21.3,21.03,21.07,17897.578
2025-08-07 00:00:00,21.07,21.25,20.89,20.89,25896.685
2025-08-07 04:00:00,20.9,21.13,20.88,21.05,19761.66
2025-08-07 08:00:00,21.06,21.53,21.03,21.51,32655.278
2025-08-07 12:00:00,21.51,21.68,21.4,21.63,38855.599
2025-08-07 16:00:00,21.64,21.85,21.24,21.83,46691.36
2025-08-07 20:00:00,21.84,21.99,21.79,21.95,34424.167
2025-08-08 00:00:00,21.95,22.4,21.74,22.22,72514.734
2025-08-08 04:00:00,22.21,22.35,21.85,22.12,68147.068
2025-08-08 08:00:00,22.13,22.21,21.82,22.2,50002.893
2025-08-08 12:00:00,22.19,22.95,21.89,22.38,101910.447
2025-08-08 16:00:00,22.38,22.74,22.33,22.7,37686.908
2025-08-08 20:00:00,22.7,22.72,22.45,22.57,28904.706
2025-08-09 00:00:00,22.57,22.73,22.53,22.64,20831.199
2025-08-09 04:00:00,22.63,23.13,22.61,23.04,47310.935
2025-08-09 08:00:00,23.04,23.17,22.9,23.02,30601.703
2025-08-09 12:00:00,23.02,23.2,22.95,23.13,45544.432
2025-08-09 16:00:00,23.12,23.23,23.03,23.15,33628.416
2025-08-09 20:00:00,23.16,23.29,22.97,23.16,49766.443
2025-08-10 00:00:00,23.17,23.44,23.07,23.39,62432.461
2025-08-10 04:00:00,23.39,23.52,22.74,22.8,59537.627
2025-08-10 08:00:00,22.82,23.03,22.54,22.67,37035.711
2025-08-10 12:00:00,22.67,23.0,22.48,22.91,28922.642
2025-08-10 16:00:00,22.9,23.38,22.87,23.2,36144.312
2025-08-10 20:00:00,23.21,23.25,22.81,23.05,25128.313
2025-08-11 00:00:00,23.05,23.66,22.96,23.6,62427.786
2025-08-11 04:00:00,23.61,23.75,23.12,23.19,43154.501
2025-08-11 08:00:00,23.19,23.46,22.42,22.49,59314.273
2025-08-11 12:00:00,22.5,23.49,22.32,23.25,109464.171
2025-08-11 16:00:00,23.26,23.47,22.92,23.03,44853.074
2025-08-11 20:00:00,23.03,23.26,22.39,22.54,54552.622
2025-08-12 00:00:00,22.54,22.87,22.42,22.61,31085.993
2025-08-12 04:00:00,22.61,22.77,22.23,22.58,33312.42
2025-08-12 08:00:00,22.59,22.6,22.04,22.42,36942.462
2025-08-12 12:00:00,22.42,23.27,22.34,23.24,53149.029
2025-08-12 16:00:00,23.25,23.6,23.2,23.55,61659.93
2025-08-12 20:00:00,23.56,23.72,23.18,23.43,65075.498
2025-08-13 00:00:00,23.43,23.6,23.14,23.42,34400.877
2025-08-13 04:00:00,23.41,23.59,23.07,23.47,37356.63
2025-08-13 08:00:00,23.47,24.08,23.44,23.84,71865.516
2025-08-13 12:00:00,23.85,24.04,23.46,23.71,61902.971
2025-08-13 16:00:00,23.71,23.85,23.49,23.77,31117.044
2025-08-13 20:00:00,23.76,24.0,23.57,23.89,31275.289
2025-08-14 00:00:00,23.89,24.25,23.72,24.15,45357.324
2025-08-14 04:00:00,24.15,24.2,23.57,23.68,35767.858
2025-08-14 08:00:00,23.68,23.68,23.19,23.28,39802.678
2025-08-14 12:00:00,23.29,23.38,21.83,22.56,102532.775
2025-08-14 16:00:00,22.57,22.57,22.02,22.23,48681.157
2025-08-14 20:00:00,22.23,22.31,21.89,22.19,35560.939
2025-08-15 00:00:00,22.2,22.47,22.03,22.38,31192.076
2025-08-15 04:00:00,22.38,22.71,22.31,22.5,36468.028
2025-08-15 08:00:00,22.51,22.6,22.31,22.36,20600.998
2025-08-15 12:00:00,22.35,22.61,21.68,21.76,60304.668
2025-08-15 16:00:00,21.76,22.1,21.52,21.86,44639.203
2025-08-15 20:00:00,21.85,22.36,21.82,22.24,25183.223
2025-08-16 00:00:00,22.25,22.48,22.23,22.33,17974.372
2025-08-16 04:00:00,22.34,22.51,22.29,22.44,21203.425
2025-08-16 08:00:00,22.45,22.64,22.28,22.44,34172.899
2025-08-16 12:00:00,22.44,23.1,22.41,23.07,41618.19
2025-08-16 16:00:00,23.07,23.48,23.04,23.33,54369.991
2025-08-16 20:00:00,23.33,23.47,23.06,23.22,32619.388
2025-08-17 00:00:00,23.23,23.35,23.04,23.3,17248.94
2025-08-17 04:00:00,23.3,23.47,23.23,23.45,22873.582
2025-08-17 08:00:00,23.45,23.56,23.35,23.44,25411.247
2025-08-17 12:00:00,23.45,23.48,23.24,23.39,25433.403
2025-08-17 16:00:00,23.39,23.46,22.84,23.04,59192.98
2025-08-17 20:00:00,23.03,23.15,22.78,22.85,29336.232
2025-08-18 00:00:00,22.85,22.92,22.2,22.39,50706.175
2025-08-18 04:00:00,22.39,22.52,22.08,22.23,28174.633
2025-08-18 08:00:00,22.23,22.32,21.85,22.12,40673.528
2025-08-18 12:00:00,22.12,22.43,22.02,22.24,38081.723
2025-08-18 16:00:00,22.25,22.36,22.0,22.25,32041.422
2025-08-18 20:00:00,22.26,22.52,22.1,22.17,29980.53
2025-08-19 00:00:00,22.17,22.42,21.76,21.81,35103.947
2025-08-19 04:00:00,21.81,22.04,21.7,21.9,36533.62
2025-08-19 08:00:00,21.9,22.33,21.82,22.23,29151.717
2025-08-19 12:00:00,22.24,22.38,21.77,21.88,42876.71
2025-08-19 16:00:00,21.89,21.89,21.3,21.53,82370.8
2025-08-19 20:00:00,21.53,21.71,21.24,21.28,26929.442
2025-08-20 00:00:00,21.29,21.59,21.11,21.49,37497.497
2025-08-20 04:00:00,21.49,21.68,21.47,21.59,23312.071
2025-08-20 08:00:00,21.59,21.84,21.41,21.72,29349.986
2025-08-20 12:00:00,21.72,21.86,21.22,21.66,67530.981
2025-08-20 16:00:00,21.66,22.16,21.66,22.15,42030.601
2025-08-20 20:00:00,22.16,22.34,22.11,22.22,27116.731
2025-08-21 00:00:00,22.22,22.42,22.04,22.08,29986.646
2025-08-21 04:00:00,22.08,22.18,21.87,22.0,22878.657
2025-08-21 08:00:00,21.99,22.05,21.71,21.92,26604.66
2025-08-21 12:00:00,21.93,22.12,21.71,21.76,45719.629
2025-08-21 16:00:00,21.76,22.15,21.72,21.89,25604.863
2025-08-21 20:00:00,21.9,22.21,21.81,21.97,25365.565
2025-08-22 00:00:00,21.98,22.2,21.78,21.87,26409.862
2025-08-22 04:00:00,21.87,22.1,21.82,22.06,21176.877
2025-08-22 08:00:00,22.05,22.16,21.59,21.6,26069.713
2025-08-22 12:00:00,21.61,22.7,21.1,22.54,114746.623
2025-08-22 16:00:00,22.55,23.27,22.55,23.18,58145.448
2025-08-22 20:00:00,23.19,23.26,23.03,23.2,39980.576
2025-08-23 00:00:00,23.21,23.31,22.8,23.01,39002.454
2025-08-23 04:00:00,23.01,23.38,23.0,23.09,29713.115
2025-08-23 08:00:00,23.09,23.16,22.99,23.07,24268.628
2025-08-23 12:00:00,23.07,23.28,22.76,22.97,74050.273
2025-08-23 16:00:00,22.97,23.73,22.94,23.6,58181.476
2025-08-23 20:00:00,23.59,23.67,23.19,23.29,35709.788
2025-08-24 00:00:00,23.27,23.34,22.98,23.08,26866.228
2025-08-24 04:00:00,23.08,23.22,22.65,22.66,39223.609
2025-08-24 08:00:00,22.66,22.79,22.48,22.61,37311.904
2025-08-24 12:00:00,22.6,23.02,22.56,22.86,51560.392
2025-08-24 16:00:00,22.87,23.66,22.56,23.1,106551.357
2025-08-24 20:00:00,23.11,23.26,22.69,22.94,46961.774
2025-08-25 00:00:00,22.94,23.25,22.48,23.14,32731.9
2025-08-25 04:00:00,23.15,23.26,22.31,22.36,35977.341
2025-08-25 08:00:00,22.37,22.52,22.04,22.26,43102.085
2025-08-25 12:00:00,22.26,22.44,22.09,22.17,43156.436
2025-08-25 16:00:00,22.18,22.39,21.65,21.7,43744.829
2025-08-25 20:00:00,21.7,21.86,21.36,21.67,58195.393
2025-08-26 00:00:00,21.68,21.87,21.54,21.73,27317.036
2025-08-26 04:00:00,21.74,21.94,21.68,21.84,25197.264
2025-08-26 08:00:00,21.83,21.99,21.74,21.89,18236.208
2025-08-26 12:00:00,21.89,22.64,21.85,22.43,86223.588
2025-08-26 16:00:00,22.41,23.56,22.36,23.23,85284.504
2025-08-26 20:00:00,23.23,23.38,22.95,23.19,58118.763
2025-08-27 00:00:00,23.21,23.44,23.0,23.33,46732.9
2025-08-27 04:00:00,23.33,23.47,22.97,23.01,39555.52
2025-08-27 08:00:00,23.02,23.21,22.82,23.15,37020.866
2025-08-27 12:00:00,23.15,23.5,22.96,23.49,57869.171
2025-08-27 16:00:00,23.49,23.71,23.29,23.45,66560.902
2025-08-27 20:00:00,23.45,23.68,23.16,23.55,61026.237
2025-08-28 00:00:00,23.56,23.91,23.46,23.66,57208.161
2025-08-28 04:00:00,23.65,23.79,23.51,23.66,29523.173
2025-08-28 08:00:00,23.66,23.73,23.33,23.42,39865.124
2025-08-28 12:00:00,23.42,23.63,23.22,23.32,44201.731
2025-08-28 16:00:00,23.31,23.38,22.88,23.02,40935.942
2025-08-28 20:00:00,23.02,23.49,23.0,23.46,19940.158
2025-08-29 00:00:00,23.46,23.62,23.2,23.51,33819.443
2025-08-29 04:00:00,23.5,23.5,22.84,22.92,47728.211
2025-08-29 08:00:00,22.9,22.98,22.59,22.79,54066.365
2025-08-29 12:00:00,22.8,23.28,22.5,22.6,53321.745
2025-08-29 16:00:00,22.6,22.71,22.29,22.45,42654.082
2025-08-29 20:00:00,22.45,22.81,22.31,22.67,25231.065
2025-08-30 00:00:00,22.68,22.79,22.29,22.7,29499.67
2025-08-30 04:00:00,22.7,22.76,22.6,22.73,21648.88
2025-08-30 08:00:00,22.74,22.82,22.65,22.8,19418.991
2025-08-30 12:00:00,22.81,22.9,22.5,22.83,31492.751
2025-08-30 16:00:00,22.83,23.55,22.78,23.32,69563.101
2025-08-30 20:00:00,23.33,24.44,22.97,24.21,145863.236
2025-08-31 00:00:00,24.22,24.87,23.88,24.42,209710.636
2025-08-31 04:00:00,24.42,24.58,24.03,24.16,105677.028
2025-08-31 08:00:00,24.16,24.58,23.86,24.03,88739.044
2025-08-31 12:00:00,24.03,24.12,23.73,24.08,56348.164
2025-08-31 16:00:00,24.09,24.37,23.86,23.95,75039.467
2025-08-31 20:00:00,23.95,24.11,23.56,23.58,59109.739
2025-09-01 00:00:00,23.58,23.6,22.88,23.02,74885.603
2025-09-01 04:00:00,23.01,23.39,22.7,23.38,45196.256
2025-09-01 08:00:00,23.38,23.46,22.75,22.86,64203.907
2025-09-01 12:00:00,22.86,22.95,22.52,22.62,55445.592
2025-09-01 16:00:00,22.61,22.75,22.53,22.6,30232.786
2025-09-01 20:00:00,22.61,22.78,22.21,22.75,51535.627
2025-09-02 00:00:00,22.75,23.16,22.6,23.13,26471.169
2025-09-02 04:00:00,23.13,23.13,22.88,22.91,18275.361
2025-09-02 08:00:00,22.91,23.06,22.77,22.8,19053.443
2025-09-02 12:00:00,22.8,23.34,22.42,23.03,92001.178
2025-09-02 16:00:00,23.03,23.32,22.85,22.97,48042.597
2025-09-02 20:00:00,22.96,23.32,22.93,23.27,24229.907
2025-09-03 00:00:00,23.27,23.78,23.13,23.72,49692.286
2025-09-03 04:00:00,23.71,23.74,23.26,23.46,42944.597
2025-09-03 08:00:00,23.46,23.87,23.35,23.52,52621.158
2025-09-03 12:00:00,23.52,23.82,23.38,23.79,38806.508
2025-09-03 16:00:00,23.79,24.13,23.75,24.03,46000.464
2025-09-03 20:00:00,24.02,24.08,23.85,23.92,17340.247
2025-09-04 00:00:00,23.92,24.07,23.66,23.71,39156.477
2025-09-04 04:00:00,23.71,23.81,23.28,23.4,66000.808
2025-09-04 08:00:00,23.42,23.69,23.34,23.56,28436.447
2025-09-04 12:00:00,23.57,23.77,23.14,23.31,63167.767
2025-09-04 16:00:00,23.3,23.42,22.98,23.08,51931.919
2025-09-04 20:00:00,23.08,23.47,23.07,23.23,22933.689
2025-09-05 00:00:00,23.22,23.52,23.2,23.5,32663.686
2025-09-05 04:00:00,23.5,24.09,23.45,24.06,36650.999
2025-09-05 08:00:00,24.06,24.27,23.79,23.82,54268.679
2025-09-05 12:00:00,23.83,24.35,23.35,23.63,111485.227
2025-09-05 16:00:00,23.62,24.09,23.52,23.95,30804.583
2025-09-05 20:00:00,23.95,24.09,23.8,23.91,24851.689
2025-09-06 00:00:00,23.91,24.09,23.8,23.87,22305.458
2025-09-06 04:00:00,23.87,23.91,23.57,23.75,33278.165
2025-09-06 08:00:00,23.76,23.77,23.39,23.57,23505.749
2025-09-06 12:00:00,23.57,23.73,23.45,23.5,27051.082
2025-09-06 16:00:00,23.51,23.76,23.43,23.49,20463.973
2025-09-06 20:00:00,23.49,23.62,23.47,23.62,17393.821
2025-09-07 00:00:00,23.63,24.03,23.61,23.88,27685.711
2025-09-07 04:00:00,23.89,24.03,23.81,23.83,15998.052
2025-09-07 08:00:00,23.84,24.05,23.7,24.04,19893.524
2025-09-07 12:00:00,24.05,25.41,23.92,25.14,175016.982
2025-09-07 16:00:00,25.14,25.41,24.56,24.65,116823.471
2025-09-07 20:00:00,24.66,24.77,24.41,24.63,57198.204
2025-09-08 00:00:00,24.62,25.42,24.45,25.34,73396.531
2025-09-08 04:00:00,25.35,25.41,25.01,25.17,55473.44
2025-09-08 08:00:00,25.15,25.48,24.91,25.05,71919.327
2025-09-08 12:00:00,25.06,25.37,24.97,25.31,76775.509
2025-09-08 16:00:00,25.31,25.46,25.09,25.22,51298.584
2025-09-08 20:00:00,25.23,25.54,24.97,25.08,63330.701
2025-09-09 00:00:00,25.08,25.49,24.88,25.27,69145.357
2025-09-09 04:00:00,25.27,25.55,25.1,25.38,57768.158
2025-09-09 08:00:00,25.38,25.66,25.15,25.21,43155.56
2025-09-09 12:00:00,25.21,25.38,24.52,24.7,90089.93
2025-09-09 16:00:00,24.71,24.88,24.46,24.78,36259.521
2025-09-09 20:00:00,24.78,24.95,24.72,24.88,16551.551
2025-09-10 00:00:00,24.88,24.89,24.57,24.78,27458.414
2025-09-10 04:00:00,24.79,24.89,24.65,24.81,19462.908
2025-09-10 08:00:00,24.81,24.83,24.46,24.53,24285.117
2025-09-10 12:00:00,24.53,25.34,24.49,25.03,69321.24
2025-09-10 16:00:00,25.04,25.07,24.21,24.32,59213.479
2025-09-10 20:00:00,24.32,24.68,24.3,24.64,29332.358
2025-09-11 00:00:00,24.64,24.98,24.4,24.9,55954.485
2025-09-11 04:00:00,24.9,24.92,24.59,24.8,26801.233
2025-09-11 08:00:00,24.8,24.83,24.38,24.43,25331.19
2025-09-11 12:00:00,24.43,24.69,24.01,24.3,64777.214
2025-09-11 16:00:00,24.29,24.63,24.28,24.54,21348.45
2025-09-11 20:00:00,24.54,24.66,24.41,24.58,21285.358
2025-09-12 00:00:00,24.58,24.85,24.54,24.61,41214.054
2025-09-12 04:00:00,24.61,24.9,24.55,24.75,27119.439
2025-09-12 08:00:00,24.75,24.75,24.24,24.36,38427.248
2025-09-12 12:00:00,24.36,24.6,24.1,24.32,41081.943
2025-09-12 16:00:00,24.32,24.98,24.3,24.96,36063.747
2025-09-12 20:00:00,24.96,25.0,24.75,24.97,31085.54
2025-09-13 00:00:00,24.98,25.16,24.86,25.02,25585.998
2025-09-13 04:00:00,25.02,25.29,24.89,25.1,28137.721
2025-09-13 08:00:00,25.11,25.55,25.08,25.54,52072.347
2025-09-13 12:00:00,25.53,25.6,24.85,25.14,81504.506
2025-09-13 16:00:00,25.14,25.24,24.64,25.05,45248.676
2025-09-13 20:00:00,25.05,25.36,25.03,25.34,18321.977
2025-09-14 00:00:00,25.34,25.34,24.71,24.78,40908.224
2025-09-14 04:00:00,24.79,25.04,24.5,24.75,28865.348
2025-09-14 08:00:00,24.76,24.97,24.36,24.45,35610.085
2025-09-14 12:00:00,24.45,24.61,23.88,24.14,68648.842
2025-09-14 16:00:00,24.13,24.42,24.05,24.28,26773.94
2025-09-14 20:00:00,24.29,24.53,24.08,24.21,22505.677
2025-09-15 00:00:00,24.22,24.45,23.91,24.3,45747.75
2025-09-15 04:00:00,24.31,24.47,23.58,23.72,60532.601
2025-09-15 08:00:00,23.71,23.72,23.08,23.4,69358.679
2025-09-15 12:00:00,23.41,23.45,22.68,22.94,70260.032
2025-09-15 16:00:00,22.94,23.2,22.79,23.12,30988.716
2025-09-15 20:00:00,23.13,23.28,23.08,23.2,17675.628
2025-09-16 00:00:00,23.2,23.31,23.09,23.11,29868.202
2025-09-16 04:00:00,23.12,23.45,22.89,23.37,35228.704
2025-09-16 08:00:00,23.38,23.82,23.37,23.51,38694.509
2025-09-16 12:00:00,23.52,23.69,23.27,23.61,36096.681
2025-09-16 16:00:00,23.61,23.83,23.52,23.8,57001.727
2025-09-16 20:00:00,23.78,23.89,23.49,23.68,49220.538
2025-09-17 00:00:00,23.68,23.74,23.36,23.36,30333.756
2025-09-17 04:00:00,23.37,23.66,23.28,23.63,25915.169
2025-09-17 08:00:00,23.62,23.62,23.12,23.28,31331.628
2025-09-17 12:00:00,23.27,23.67,23.19,23.29,35180.054
2025-09-17 16:00:00,23.28,23.67,23.15,23.62,56285.881
2025-09-17 20:00:00,23.61,24.13,23.32,23.99,46659.141
2025-09-18 00:00:00,23.99,24.15,23.85,24.11,35529.68
2025-09-18 04:00:00,24.13,24.41,23.91,24.15,52070.78
2025-09-18 08:00:00,24.16,24.4,24.11,24.26,23734.095
2025-09-18 12:00:00,24.26,24.45,24.19,24.31,32309.976
2025-09-18 16:00:00,24.31,24.48,24.1,24.21,41872.446
2025-09-18 20:00:00,24.22,24.49,24.22,24.37,30751.039
2025-09-19 00:00:00,24.38,24.66,24.01,24.08,41939.03
2025-09-19 04:00:00,24.08,24.11,23.64,23.93,48778.124
2025-09-19 08:00:00,23.92,24.04,23.46,23.52,35698.345
2025-09-19 12:00:00,23.52,23.74,23.3,23.53,35299.079
2025-09-19 16:00:00,23.53,23.67,23.16,23.18,34332.875
2025-09-19 20:00:00,23.16,23.33,23.01,23.16,33208.651
2025-09-20 00:00:00,23.17,23.22,22.97,23.09,33931.928
2025-09-20 04:00:00,23.1,23.31,23.06,23.31,22190.714
2025-09-20 08:00:00,23.31,23.35,23.06,23.21,17625.96
2025-09-20 12:00:00,23.2,23.59,23.1,23.47,30788.645
2025-09-20 16:00:00,23.48,23.51,23.16,23.22,21314.545
2025-09-20 20:00:00,23.23,23.42,23.19,23.26,8609.014
2025-09-21 00:00:00,23.26,23.31,23.08,23.21,16438.804
2025-09-21 04:00:00,23.21,23.35,23.14,23.15,15676.927
2025-09-21 08:00:00,23.15,23.19,22.8,23.05,30599.612
2025-09-21 12:00:00,23.04,23.21,22.97,23.03,15885.028
2025-09-21 16:00:00,23.02,23.06,22.81,22.98,24188.987
2025-09-21 20:00:00,22.97,23.06,22.85,22.91,14431.92
2025-09-22 00:00:00,22.91,23.0,21.59,21.84,107740.603
2025-09-22 04:00:00,21.84,21.96,19.65,20.94,134939.287
2025-09-22 08:00:00,20.95,21.12,20.76,21.08,46659.892
2025-09-22 12:00:00,21.08,21.24,20.9,20.99,46532.778
2025-09-22 16:00:00,20.99,21.02,20.52,20.6,49230.607
2025-09-22 20:00:00,20.6,21.06,20.53,21.05,23248.938
2025-09-23 00:00:00,21.04,21.08,20.61,20.98,34212.337
2025-09-23 04:00:00,20.96,21.19,20.85,21.04,25867.775
2025-09-23 08:00:00,21.05,21.23,21.01,21.13,23923.413
2025-09-23 12:00:00,21.13,21.26,20.95,21.13,27854.34
2025-09-23 16:00:00,21.13,21.31,20.88,21.04,39368.774
2025-09-23 20:00:00,21.04,21.25,20.97,21.01,16002.755
2025-09-24 00:00:00,21.01,21.32,20.84,20.92,23891.119
2025-09-24 04:00:00,20.92,21.29,20.62,21.27,28006.518
2025-09-24 08:00:00,21.27,21.42,21.21,21.37,17600.28
2025-09-24 12:00:00,21.38,21.51,21.27,21.3,25545.091
2025-09-24 16:00:00,21.29,21.57,21.24,21.45,24357.476
2025-09-24 20:00:00,21.45,21.5,21.08,21.13,24562.875
2025-09-25 00:00:00,21.13,21.15,20.68,20.85,30960.344
2025-09-25 04:00:00,20.86,20.91,20.38,20.53,44258.163
2025-09-25 08:00:00,20.53,20.74,20.35,20.46,31573.283
2025-09-25 12:00:00,20.45,20.9,20.15,20.78,48212.545
2025-09-25 16:00:00,20.77,20.77,19.87,20.28,65504.632
2025-09-25 20:00:00,20.29,20.32,19.94,20.08,28279.763
2025-09-26 00:00:00,20.09,20.41,20.07,20.25,30341.827
2025-09-26 04:00:00,20.26,20.28,19.98,20.09,37235.371
2025-09-26 08:00:00,20.08,20.18,19.87,20.05,28232.702
2025-09-26 12:00:00,20.05,20.29,19.88,20.25,43731.997
2025-09-26 16:00:00,20.25,20.68,20.24,20.53,28782.736
2025-09-26 20:00:00,20.52,20.66,20.42,20.65,22144.726
2025-09-27 00:00:00,20.65,21.1,20.5,21.02,35187.995
2025-09-27 04:00:00,21.01,21.18,20.74,20.81,31055.25
2025-09-27 08:00:00,20.8,20.97,20.7,20.86,22360.575
2025-09-27 12:00:00,20.86,21.07,20.72,21.04,23249.129
2025-09-27 16:00:00,21.04,21.06,20.67,20.91,30483.166
2025-09-27 20:00:00,20.9,21.08,20.85,20.89,13651.024
2025-09-28 00:00:00,20.9,20.93,20.68,20.76,18713.038
2025-09-28 04:00:00,20.75,20.77,20.6,20.7,11406.108
2025-09-28 08:00:00,20.7,20.73,20.61,20.67,14407.989
2025-09-28 12:00:00,20.67,20.93,20.61,20.84,14961.172
2025-09-28 16:00:00,20.85,21.0,20.84,20.97,14988.66
2025-09-28 20:00:00,20.97,21.33,20.94,21.28,22874.858
2025-09-29 00:00:00,21.29,21.8,21.22,21.64,67018.36
2025-09-29 04:00:00,21.64,21.69,21.37,21.59,21512.996
2025-09-29 08:00:00,21.59,22.62,21.58,22.53,170370.216
2025-09-29 12:00:00,22.53,23.14,22.01,22.41,190422.692
2025-09-29 16:00:00,22.42,22.65,22.14,22.45,62443.489
2025-09-29 20:00:00,22.46,22.74,22.33,22.65,43044.696
2025-09-30 00:00:00,22.65,23.06,22.38,22.67,102388.827
2025-09-30 04:00:00,22.67,22.78,22.27,22.4,46315.683
2025-09-30 08:00:00,22.4,22.72,22.16,22.32,57586.298
2025-09-30 12:00:00,22.31,22.41,21.91,22.1,76284.434
2025-09-30 16:00:00,22.08,22.62,21.91,22.57,44383.124
2025-09-30 20:00:00,22.57,22.77,22.36,22.4,29601.481
2025-10-01 00:00:00,22.39,22.79,22.12,22.28,48268.564
2025-10-01 04:00:00,22.28,24.11,22.26,23.82,190987.76
2025-10-01 08:00:00,23.82,27.34,23.71,27.23,772779.236
2025-10-01 12:00:00,27.23,27.62,25.51,25.97,572904.435
2025-10-01 16:00:00,25.98,34.16,25.91,30.82,2276285.676
2025-10-01 20:00:00,30.82,31.79,28.38,31.18,1486462.915
2025-10-02 00:00:00,31.19,32.93,29.62,30.17,1320384.253
2025-10-02 04:00:00,30.17,34.5,30.08,31.49,1374122.065
2025-10-02 08:00:00,31.5,38.97,31.41,36.7,1938887.148
2025-10-02 12:00:00,36.72,38.36,33.21,34.03,1874079.122
2025-10-02 16:00:00,34.04,34.5,31.62,32.71,794623.463
2025-10-02 20:00:00,32.7,33.22,31.95,32.63,260860.875
2025-10-03 00:00:00,32.64,33.23,31.37,32.03,298934.509
2025-10-03 04:00:00,32.02,33.63,32.02,32.82,288026.962
2025-10-03 08:00:00,32.81,36.01,32.21,34.52,548476.54
2025-10-03 12:00:00,34.52,35.37,33.41,34.47,321164.042
2025-10-03 16:00:00,34.46,34.53,31.81,32.09,336665.759
2025-10-03 20:00:00,32.09,32.14,31.48,31.56,137272.197
2025-10-04 00:00:00,31.57,32.11,30.03,30.23,236504.629
2025-10-04 04:00:00,30.23,30.8,30.21,30.53,103301.376
2025-10-04 08:00:00,30.52,30.65,29.59,30.28,188609.75
2025-10-04 12:00:00,30.28,31.01,29.74,29.93,217133.18
2025-10-04 16:00:00,29.93,35.74,29.61,35.33,704196.109
2025-10-04 20:00:00,35.33,36.74,33.24,34.21,635479.832
2025-10-05 00:00:00,34.2,36.49,34.13,34.93,543419.857
2025-10-05 04:00:00,34.94,36.11,34.12,34.15,313324.179
2025-10-05 08:00:00,34.15,34.51,33.62,33.68,211683.95
2025-10-05 12:00:00,33.68,36.1,33.51,36.1,279186.349
2025-10-05 16:00:00,36.1,37.07,35.06,35.25,491916.686
2025-10-05 20:00:00,35.26,35.96,34.63,35.36,135175.88
2025-10-06 00:00:00,35.37,35.45,34.53,34.88,109062.987
2025-10-06 04:00:00,34.88,35.26,34.16,34.48,98422.656
2025-10-06 08:00:00,34.48,35.97,34.24,35.52,166510.721
2025-10-06 12:00:00,35.51,35.9,34.19,34.57,154668.059
2025-10-06 16:00:00,34.57,35.15,34.32,34.4,84695.388
2025-10-06 20:00:00,34.41,34.79,34.3,34.48,53684.588
2025-10-07 00:00:00,34.48,34.6,33.07,33.39,122367.908
2025-10-07 04:00:00,33.39,33.78,32.59,32.77,97596.025
2025-10-07 08:00:00,32.77,33.36,32.39,32.64,97416.904
2025-10-07 12:00:00,32.64,32.89,31.34,31.62,160221.868
2025-10-07 16:00:00,31.63,32.16,30.68,30.74,111871.434
2025-10-07 20:00:00,30.74,30.94,29.7,29.92,168129.16
2025-10-08 00:00:00,29.91,30.71,29.27,29.39,173365.382
2025-10-08 04:00:00,29.39,29.52,28.46,28.99,135208.604
2025-10-08 08:00:00,28.99,30.43,28.81,30.01,166718.078
2025-10-08 12:00:00,30.02,32.63,29.38,32.39,355800.742
2025-10-08 16:00:00,32.4,33.7,31.0,32.15,378484.523
2025-10-08 20:00:00,32.15,34.29,31.65,33.13,275875.104
2025-10-09 00:00:00,33.12,33.48,31.07,31.19,207589.161
2025-10-09 04:00:00,31.2,32.37,30.85,31.4,229805.595
2025-10-09 08:00:00,31.39,32.31,30.01,31.75,309910.001
2025-10-09 12:00:00,31.77,32.38,30.85,31.05,257188.269
2025-10-09 16:00:00,31.06,32.75,30.16,32.37,318237.879
2025-10-09 20:00:00,32.38,36.33,32.38,35.12,626480.612
2025-10-10 00:00:00,35.11,44.78,35.01,42.23,1924619.733
2025-10-10 04:00:00,42.23,48.0,41.57,44.47,1683140.873
2025-10-10 08:00:00,44.47,49.06,42.51,46.6,1720101.3
2025-10-10 12:00:00,46.6,47.48,42.0,43.26,1557187.344
2025-10-10 16:00:00,43.24,45.8,41.56,44.12,1315092.251
2025-10-10 20:00:00,44.12,44.43,28.94,37.69,1405254.77
2025-10-11 00:00:00,37.69,38.24,34.23,34.92,504945.123
2025-10-11 04:00:00,34.92,38.75,33.45,38.6,491628.908
2025-10-11 08:00:00,38.56,43.64,38.09,40.28,926652.163
2025-10-11 12:00:00,40.28,41.78,37.92,38.54,477216.82
2025-10-11 16:00:00,38.55,40.52,38.04,38.9,332528.501
2025-10-11 20:00:00,38.89,39.54,36.0,39.52,396775.253
2025-10-12 00:00:00,39.53,40.57,37.12,38.41,370363.878
2025-10-12 04:00:00,38.4,54.86,38.02,53.8,1455062.588
2025-10-12 08:00:00,53.81,59.39,53.02,57.46,1685252.36
2025-10-12 12:00:00,57.47,58.56,50.5,51.62,1275545.337
2025-10-12 16:00:00,51.62,53.58,50.27,51.28,548406.887
2025-10-12 20:00:00,51.29,56.47,51.16,53.19,735501.765
2025-10-13 00:00:00,53.2,61.19,52.23,59.45,962606.509
2025-10-13 04:00:00,59.44,59.48,54.24,55.39,660548.624
2025-10-13 08:00:00,55.39,56.5,51.38,51.93,472866.456
2025-10-13 12:00:00,51.93,53.2,49.38,50.21,514696.062
2025-10-13 16:00:00,50.21,52.24,50.19,51.67,248346.213
2025-10-13 20:00:00,51.67,52.7,50.19,50.73,213132.724
2025-10-14 00:00:00,50.73,51.27,47.0,47.36,406424.769
2025-10-14 04:00:00,47.37,47.46,43.65,44.16,501528.502
2025-10-14 08:00:00,44.16,46.17,43.36,45.12,440643.362
2025-10-14 12:00:00,45.11,48.75,43.78,48.56,514256.274
2025-10-14 16:00:00,48.53,48.57,44.44,45.32,372372.812
2025-10-14 20:00:00,45.33,46.81,44.34,45.19,212466.459
2025-10-15 00:00:00,45.19,47.79,44.3,45.26,314610.758
2025-10-15 04:00:00,45.26,49.15,44.77,46.75,397870.75
2025-10-15 08:00:00,46.75,52.88,46.39,49.03,782813.921
2025-10-15 12:00:00,49.03,51.0,47.21,47.71,517520.967
2025-10-15 16:00:00,47.71,48.35,46.51,46.68,234225.955
2025-10-15 20:00:00,46.68,47.05,44.55,45.56,266688.243
2025-10-16 00:00:00,45.55,47.55,44.92,46.86,214681.434
2025-10-16 04:00:00,46.86,49.84,45.57,48.04,365679.231
2025-10-16 08:00:00,48.05,49.04,46.43,47.44,347445.448
2025-10-16 12:00:00,47.44,49.5,45.08,45.19,422726.054
2025-10-16 16:00:00,45.19,46.64,42.6,43.3,351852.499
2025-10-16 20:00:00,43.29,43.52,41.78,42.18,242917.073
2025-10-17 00:00:00,42.19,43.33,41.9,42.61,186934.654
2025-10-17 04:00:00,42.62,43.08,39.01,39.3,403371.983
2025-10-17 08:00:00,39.3,42.23,38.69,41.73,431127.229
2025-10-17 12:00:00,41.73,42.43,40.75,41.88,254456.581
2025-10-17 16:00:00,41.88,43.87,41.59,41.94,328481.534
2025-10-17 20:00:00,41.95,46.89,41.82,43.19,438818.71
2025-10-18 00:00:00,43.18,45.93,42.84,44.85,246046.998
2025-10-18 04:00:00,44.83,47.6,43.63,45.27,379357.629
2025-10-18 08:00:00,45.27,46.46,44.36,45.4,230715.036
2025-10-18 12:00:00,45.39,45.65,43.23,43.45,214783.655
2025-10-18 16:00:00,43.45,43.62,42.04,43.03,200952.632
2025-10-18 20:00:00,43.03,43.3,42.19,42.53,71427.256
2025-10-19 00:00:00,42.53,43.95,41.76,43.79,165011.054
2025-10-19 04:00:00,43.79,44.11,42.45,42.99,122713.453
2025-10-19 08:00:00,42.99,44.26,41.81,43.18,244798.537
2025-10-19 12:00:00,43.17,44.29,42.38,43.43,195891.217
2025-10-19 16:00:00,43.43,45.55,43.24,44.36,160360.395
2025-10-19 20:00:00,44.36,45.72,43.42,43.54,158896.747
2025-10-20 00:00:00,43.55,43.99,41.35,43.72,279590.516
2025-10-20 04:00:00,43.71,45.44,43.71,45.13,212054.075
2025-10-20 08:00:00,45.13,45.56,42.88,44.33,214927.069
2025-10-20 12:00:00,44.32,48.59,44.16,47.37,518593.439
2025-10-20 16:00:00,47.36,51.76,45.37,50.57,479866.662
2025-10-20 20:00:00,50.57,51.28,47.98,48.79,237325.377
2025-10-21 00:00:00,48.78,49.04,44.98,45.51,215041.547
2025-10-21 04:00:00,45.51,45.78,44.17,44.89,255413.763
2025-10-21 08:00:00,44.89,48.04,44.25,47.22,296321.319
2025-10-21 12:00:00,47.21,49.49,45.4,48.85,477556.388
2025-10-21 16:00:00,48.84,50.97,46.87,46.97,381719.057
2025-10-21 20:00:00,46.97,47.37,44.94,45.16,196740.772
2025-10-22 00:00:00,45.18,46.04,44.55,45.38,157970.928
2025-10-22 04:00:00,45.37,47.5,44.6,45.67,269242.731
2025-10-22 08:00:00,45.68,45.95,43.38,44.37,243834.349
2025-10-22 12:00:00,44.37,45.36,43.76,44.59,223473.476
2025-10-22 16:00:00,44.59,44.91,42.62,43.1,184998.889
2025-10-22 20:00:00,43.07,43.12,40.63,41.52,221698.128
2025-10-23 00:00:00,41.52,42.42,41.32,42.06,117497.524
2025-10-23 04:00:00,42.06,43.51,41.67,42.52,156626.291
2025-10-23 08:00:00,42.52,42.86,41.18,41.37,127670.552
2025-10-23 12:00:00,41.37,42.32,40.81,41.66,179820.969
2025-10-23 16:00:00,41.67,42.57,41.32,41.74,151632.061
2025-10-23 20:00:00,41.74,41.82,40.91,41.72,80082.938
2025-10-24 00:00:00,41.73,43.48,41.39,42.27,174497.195
2025-10-24 04:00:00,42.26,43.45,41.94,42.63,160899.079
2025-10-24 08:00:00,42.63,43.11,40.56,41.21,223768.274
2025-10-24 12:00:00,41.21,43.0,39.55,39.66,347216.08
2025-10-24 16:00:00,39.66,40.94,39.3,40.58,155196.691
2025-10-24 20:00:00,40.58,42.04,40.53,41.84,113115.491
2025-10-25 00:00:00,41.85,42.12,41.22,41.46,106532.883
2025-10-25 04:00:00,41.46,42.04,40.88,41.52,106588.035
2025-10-25 08:00:00,41.52,42.0,41.01,41.12,83538.771
2025-10-25 12:00:00,41.12,42.33,40.46,41.59,181155.932
2025-10-25 16:00:00,41.6,41.94,41.16,41.6,80722.794
2025-10-25 20:00:00,41.59,42.24,40.94,41.99,103447.294
2025-10-26 00:00:00,41.99,42.06,41.15,41.73,92643.673
2025-10-26 04:00:00,41.74,45.99,41.34,45.11,381414.591
2025-10-26 08:00:00,45.11,47.33,44.83,46.21,505294.089
2025-10-26 12:00:00,46.23,49.96,46.23,49.69,527664.253
2025-10-26 16:00:00,49.69,50.56,48.0,50.2,454973.431
2025-10-26 20:00:00,50.19,51.92,49.52,49.85,410732.211
2025-10-27 00:00:00,49.84,54.23,48.91,51.09,687274.961
2025-10-27 04:00:00,51.1,51.94,49.94,50.34,291029.851
2025-10-27 08:00:00,50.34,52.8,50.05,51.29,346663.323
2025-10-27 12:00:00,51.28,52.49,50.25,50.99,378743.743
2025-10-27 16:00:00,50.98,51.64,48.01,48.2,314557.789
2025-10-27 20:00:00,48.2,49.58,47.82,48.61,162375.981
2025-10-28 00:00:00,48.61,49.24,47.49,47.81,152546.163
2025-10-28 04:00:00,47.79,49.49,47.35,48.23,221494.838
2025-10-28 08:00:00,48.23,49.07,47.76,48.33,97001.867
2025-10-28 12:00:00,48.31,49.69,46.43,46.8,224481.052
2025-10-28 16:00:00,46.81,47.1,45.5,45.9,162739.246
2025-10-28 20:00:00,45.91,46.17,45.04,45.74,152990.781
2025-10-29 00:00:00,45.73,47.52,45.59,45.97,189048.321
2025-10-29 04:00:00,45.98,46.81,45.13,46.01,88601.244
2025-10-29 08:00:00,46.02,48.88,45.62,48.45,169513.871
2025-10-29 12:00:00,48.45,49.45,46.71,47.76,199689.071
2025-10-29 16:00:00,47.75,47.97,45.44,47.29,283105.516
2025-10-29 20:00:00,47.3,48.55,45.8,46.37,116299.417
2025-10-30 00:00:00,46.37,47.58,45.77,46.7,102984.334
2025-10-30 04:00:00,46.7,46.7,43.92,46.48,215357.424
2025-10-30 08:00:00,46.47,46.86,45.55,46.49,102087.456
2025-10-30 12:00:00,46.49,46.79,42.76,43.11,276574.299
2025-10-30 16:00:00,43.11,43.62,41.11,41.67,196746.565
2025-10-30 20:00:00,41.65,44.41,41.44,43.93,204925.706
2025-10-31 00:00:00,43.93,46.28,43.61,46.0,144399.462
2025-10-31 04:00:00,46.0,48.46,45.87,47.65,322216.471
2025-10-31 08:00:00,47.65,48.02,45.81,46.65,193793.105
2025-10-31 12:00:00,46.65,48.0,45.57,47.25,180588.117
2025-10-31 16:00:00,47.24,47.91,45.57,47.69,228432.029
2025-10-31 20:00:00,47.7,53.29,47.2,52.86,378418.303
2025-11-01 00:00:00,52.85,57.9,52.21,55.42,928075.801
2025-11-01 04:00:00,55.42,63.79,54.69,62.52,1155687.227
2025-11-01 08:00:00,62.52,71.52,59.66,68.97,2111169.206
2025-11-01 12:00:00,68.96,76.73,64.5,70.9,3850354.695
2025-11-01 16:00:00,70.9,73.85,68.33,71.09,1193919.316
2025-11-01 20:00:00,71.09,75.78,70.71,73.66,989574.396
2025-11-02 00:00:00,73.68,77.67,70.27,74.91,1210539.379
2025-11-02 04:00:00,74.91,96.21,71.85,89.48,2829810.117
2025-11-02 08:00:00,89.53,96.7,86.01,90.24,2140197.148
2025-11-02 12:00:00,90.22,94.29,82.44,88.49,2202821.91
2025-11-02 16:00:00,88.5,91.74,85.54,90.83,987883.031
2025-11-02 20:00:00,90.83,93.0,87.31,89.68,794671.309
2025-11-03 00:00:00,89.67,95.83,81.72,83.36,1924956.759
2025-11-03 04:00:00,83.34,89.09,82.27,83.98,1411661.253
2025-11-03 08:00:00,83.99,87.82,80.0,87.31,1102877.103
2025-11-03 12:00:00,87.31,89.85,80.56,85.18,1024514.99
2025-11-03 16:00:00,85.18,116.89,82.01,113.53,2986115.914
2025-11-03 20:00:00,113.51,119.8,107.58,118.93,1540540.59
2025-11-04 00:00:00,118.91,136.38,112.04,135.45,1488296.73
2025-11-04 04:00:00,135.42,150.0,121.08,129.09,2758799.884
2025-11-04 08:00:00,129.09,147.6,122.01,130.65,2565186.819
2025-11-04 12:00:00,130.64,145.49,119.21,123.09,2576540.215
2025-11-04 16:00:00,123.08,127.7,115.14,118.24,1478461.226
2025-11-04 20:00:00,118.24,129.75,110.0,120.68,1207419.828
2025-11-05 00:00:00,120.67,122.0,108.44,115.26,842297.979
2025-11-05 04:00:00,115.26,122.68,111.44,119.26,576121.583
2025-11-05 08:00:00,119.28,119.71,100.01,109.89,1185911.123
2025-11-05 12:00:00,109.89,118.0,100.71,113.79,1254079.187
2025-11-05 16:00:00,113.8,114.87,101.72,108.32,974001.977
2025-11-05 20:00:00,108.33,111.42,104.11,104.18,480254.883
2025-11-06 00:00:00,104.18,107.58,97.13,99.03,725261.444
2025-11-06 04:00:00,99.03,107.33,98.68,105.45,672827.854
2025-11-06 08:00:00,105.43,129.25,101.56,126.52,1620212.525
2025-11-06 12:00:00,126.52,128.07,112.31,115.02,1182414.789
2025-11-06 16:00:00,115.01,115.6,105.02,110.97,1028268.77
2025-11-06 20:00:00,110.97,114.54,105.25,113.18,468259.391
2025-11-07 00:00:00,113.22,121.67,106.52,116.49,765058.519
2025-11-07 04:00:00,116.5,122.54,112.31,117.13,792095.47
2025-11-07 08:00:00,117.14,118.78,103.9,106.75,888927.06
2025-11-07 12:00:00,106.75,112.95,102.49,108.59,809681.582
2025-11-07 16:00:00,108.59,111.49,104.12,105.42,788207.267
2025-11-07 20:00:00,105.41,106.15,99.82,101.19,393997.832
2025-11-08 00:00:00,101.19,103.07,90.19,90.56,892399.734
2025-11-08 04:00:00,90.57,91.7,80.8,85.45,1246163.348
2025-11-08 08:00:00,85.44,85.44,74.76,77.94,1107820.663
2025-11-08 12:00:00,77.94,83.76,76.24,77.35,931920.589
2025-11-08 16:00:00,77.36,85.74,75.28,81.48,907998.571
2025-11-08 20:00:00,81.53,83.33,77.1,81.54,432981.098
2025-11-09 00:00:00,81.54,83.37,72.79,74.4,629591.507
2025-11-09 04:00:00,74.39,82.82,74.28,79.19,528709.979
2025-11-09 08:00:00,79.2,95.46,77.1,92.21,1271992.85
2025-11-09 12:00:00,92.22,92.68,84.2,86.26,1058000.179
2025-11-09 16:00:00,86.26,88.22,84.13,87.04,499975.833
2025-11-09 20:00:00,87.04,88.67,80.43,81.67,487653.222
2025-11-10 00:00:00,81.69,85.5,80.94,84.2,458430.254
2025-11-10 04:00:00,84.2,84.39,79.0,82.56,466351.704
2025-11-10 08:00:00,82.56,82.87,77.39,79.1,502360.189
2025-11-10 12:00:00,79.09,81.07,77.26,79.48,459417.033
2025-11-10 16:00:00,79.48,81.66,76.1,77.75,414453.194
2025-11-10 20:00:00,77.75,78.91,71.3,72.67,609514.914
2025-11-11 00:00:00,72.66,75.64,71.94,74.01,402460.452
2025-11-11 04:00:00,74.01,77.48,70.3,71.25,468795.608
2025-11-11 08:00:00,71.26,72.12,65.46,66.91,687887.938
2025-11-11 12:00:00,66.92,69.66,65.87,69.29,416276.087
2025-11-11 16:00:00,69.29,70.24,67.27,68.18,243330.497
2025-11-11 20:00:00,68.19,69.13,66.13,67.05,236757.389
2025-11-12 00:00:00,67.06,72.4,65.85,70.26,489398.804
2025-11-12 04:00:00,70.25,71.46,67.8,68.38,259041.322
2025-11-12 08:00:00,68.39,72.21,68.38,70.55,299536.868
2025-11-12 12:00:00,70.54,70.54,64.41,64.87,451741.001
2025-11-12 16:00:00,64.88,66.05,63.51,64.34,419327.784
2025-11-12 20:00:00,64.33,71.0,64.29,67.07,572426.45
2025-11-13 00:00:00,67.07,68.54,65.69,67.07,252402.068
2025-11-13 04:00:00,67.08,69.69,66.42,67.66,241413.201
2025-11-13 08:00:00,67.65,71.61,66.74,71.12,417540.137
2025-11-13 12:00:00,71.12,71.13,66.0,67.11,423108.95
2025-11-13 16:00:00,67.11,67.84,62.0,62.89,537225.498
2025-11-13 20:00:00,62.88,64.41,61.53,63.62,261443.857
2025-11-14 00:00:00,63.61,64.96,63.41,64.1,166786.89
2025-11-14 04:00:00,64.09,65.77,61.31,65.36,355279.496
2025-11-14 08:00:00,65.35,68.16,65.11,67.23,328546.997
2025-11-14 12:00:00,67.23,78.01,65.32,73.77,1359666.149
2025-11-14 16:00:00,73.73,75.85,70.97,75.34,712910.622
2025-11-14 20:00:00,75.33,75.65,72.19,74.35,480667.824
2025-11-15 00:00:00,74.32,95.12,70.06,88.32,2278557.372
2025-11-15 04:00:00,88.31,90.91,81.5,82.85,1484144.138
2025-11-15 08:00:00,82.85,83.68,77.64,79.97,915408.56
2025-11-15 12:00:00,79.97,82.91,76.15,78.95,1167823.792
2025-11-15 16:00:00,78.93,82.28,77.2,81.06,596918.384
2025-11-15 20:00:00,81.07,93.56,78.3,92.36,1062566.002
2025-11-16 00:00:00,92.32,97.6,86.55,90.2,1609014.881
2025-11-16 04:00:00,90.21,91.6,86.76,88.74,772955.702
2025-11-16 08:00:00,88.76,91.3,85.5,88.35,879655.985
2025-11-16 12:00:00,88.35,97.3,87.38,93.92,1457398.386
2025-11-16 16:00:00,93.96,102.2,87.49,87.81,2009159.906
2025-11-16 20:00:00,87.82,88.32,82.77,85.54,907275.052
2025-11-17 00:00:00,85.54,89.42,83.68,85.19,703065.721
2025-11-17 04:00:00,85.21,85.51,80.65,83.28,719093.11
2025-11-17 08:00:00,83.28,84.96,81.85,83.52,612223.075
2025-11-17 12:00:00,83.52,85.96,78.9,83.67,1045475.313
2025-11-17 16:00:00,83.67,83.74,78.5,78.77,541219.604
2025-11-17 20:00:00,78.78,83.49,78.57,82.2,404067.506
2025-11-18 00:00:00,82.2,82.2,73.97,77.09,677832.976
2025-11-18 04:00:00,77.09,77.43,73.1,75.02,423112.513
2025-11-18 08:00:00,75.03,77.75,74.9,75.61,416713.471
2025-11-18 12:00:00,75.62,77.18,73.51,76.01,484738.663
2025-11-18 16:00:00,76.0,79.66,75.66,77.72,565148.279
2025-11-18 20:00:00,77.72,78.53,75.71,77.62,210764.422
2025-11-19 00:00:00,77.61,78.24,74.3,74.56,342340.479
2025-11-19 04:00:00,74.54,77.86,73.29,76.4,349652.892
2025-11-19 08:00:00,76.39,77.04,75.34,75.81,215635.001
2025-11-19 12:00:00,75.81,82.42,75.55,77.07,633564.303
2025-11-19 16:00:00,77.07,77.71,73.57,73.91,428314.456
2025-11-19 20:00:00,73.91,79.6,72.2,79.56,430713.18
2025-11-20 00:00:00,79.56,83.64,77.91,82.99,491003.574
2025-11-20 04:00:00,83.0,85.48,79.71,80.04,426109.344
2025-11-20 08:00:00,80.06,80.36,77.24,77.95,292416.499
2025-11-20 12:00:00,77.95,80.18,76.76,77.41,445461.906
2025-11-20 16:00:00,77.41,78.83,74.08,74.92,539817.381
2025-11-20 20:00:00,74.91,76.84,72.66,72.85,298669.59
2025-11-21 00:00:00,72.86,74.14,69.0,69.11,389873.034
2025-11-21 04:00:00,69.13,69.59,61.45,66.95,528185.384
2025-11-21 08:00:00,66.97,68.3,64.3,65.34,464324.286
2025-11-21 12:00:00,65.36,66.96,64.03,64.81,447983.579
2025-11-21 16:00:00,64.81,66.33,62.51,62.95,435009.674
2025-11-21 20:00:00,62.95,63.09,58.5,60.44,514798.43
2025-11-22 00:00:00,60.44,61.48,57.68,57.76,356593.091
2025-11-22 04:00:00,57.76,57.92,52.64,55.26,701878.699
2025-11-22 08:00:00,55.24,56.38,53.24,55.55,411331.947
2025-11-22 12:00:00,55.55,57.56,54.4,57.37,397236.795
2025-11-22 16:00:00,57.37,58.9,56.57,56.88,295338.375
2025-11-22 20:00:00,56.87,57.77,55.99,56.98,180548.999
2025-11-23 00:00:00,56.99,60.67,56.6,59.98,421710.71
2025-11-23 04:00:00,59.97,61.76,58.6,59.62,370958.391
2025-11-23 08:00:00,59.65,62.12,58.8,61.17,369422.266
2025-11-23 12:00:00,61.17,61.17,59.07,60.94,316031.791
2025-11-23 16:00:00,60.93,60.93,58.21,59.05,254262.879
2025-11-23 20:00:00,59.03,59.44,56.33,56.43,209011.933
2025-11-24 00:00:00,56.44,58.02,54.87,57.19,343577.938
2025-11-24 04:00:00,57.2,57.52,55.28,55.8,236741.206
2025-11-24 08:00:00,55.79,56.91,55.4,56.57,207091.136
2025-11-24 12:00:00,56.56,59.13,55.55,58.78,309386.898
2025-11-24 16:00:00,58.78,60.88,58.35,58.59,273386.602
2025-11-24 20:00:00,58.59,59.13,56.41,56.59,185236.122
2025-11-25 00:00:00,56.6,57.28,55.46,56.5,179637.922
2025-11-25 04:00:00,56.5,57.16,55.55,55.78,169329.566
2025-11-25 08:00:00,55.77,56.63,55.11,55.44,194102.604
2025-11-25 12:00:00,55.45,56.24,54.23,55.53,249031.884
2025-11-25 16:00:00,55.54,57.24,55.02,56.34,200459.101
2025-11-25 20:00:00,56.34,57.7,55.58,57.23,164214.289
2025-11-26 00:00:00,57.23,60.1,57.18,58.14,268535.989
2025-11-26 04:00:00,58.14,63.23,58.13,59.97,483005.318
2025-11-26 08:00:00,59.97,60.35,57.51,57.93,256612.84
2025-11-26 12:00:00,57.92,65.98,57.66,63.02,982809.827
2025-11-26 16:00:00,63.03,66.58,62.03,65.73,641096.88
2025-11-26 20:00:00,65.73,69.56,64.6,69.41,559035.268
2025-11-27 00:00:00,69.41,71.0,64.47,65.72,572327.749
2025-11-27 04:00:00,65.73,66.43,63.37,63.74,323668.604
2025-11-27 08:00:00,63.73,64.19,62.15,62.69,257479.244
2025-11-27 12:00:00,62.7,64.66,62.55,64.43,333144.603
2025-11-27 16:00:00,64.42,64.99,61.56,63.14,287576.747
2025-11-27 20:00:00,63.14,63.14,61.3,61.69,186086.888
2025-11-28 00:00:00,61.69,61.71,57.1,58.01,468532.058
2025-11-28 04:00:00,58.01,59.03,57.64,58.73,278142.596
2025-11-28 08:00:00,58.73,60.1,58.42,58.64,290469.062
2025-11-28 12:00:00,58.65,59.8,57.85,59.16,296824.165
2025-11-28 16:00:00,59.16,59.16,57.22,58.04,260917.335
2025-11-28 20:00:00,58.03,58.75,57.55,58.19,126165.954
2025-11-29 00:00:00,58.2,58.64,56.78,57.58,150957.643
2025-11-29 04:00:00,57.59,58.09,56.51,57.21,145607.939
2025-11-29 08:00:00,57.21,57.5,56.54,57.1,117633.382
2025-11-29 12:00:00,57.1,57.22,56.15,57.12,126310.298
2025-11-29 16:00:00,57.13,57.42,56.32,56.61,113962.789
2025-11-29 20:00:00,56.61,57.0,55.75,56.49,105649.693
2025-11-30 00:00:00,56.5,57.37,56.06,56.37,107167.831
2025-11-30 04:00:00,56.38,56.63,55.43,56.02,108565.164
2025-11-30 08:00:00,56.02,56.25,55.29,55.52,101417.383
2025-11-30 12:00:00,55.52,56.38,54.77,55.11,155058.263
2025-11-30 16:00:00,55.11,55.54,54.4,54.58,115694.945
2025-11-30 20:00:00,54.58,55.02,53.2,53.35,172747.551
2025-12-01 00:00:00,53.35,53.43,48.04,48.15,592831.496
2025-12-01 04:00:00,48.16,48.72,46.6,47.92,344578.022
2025-12-01 08:00:00,47.92,50.3,47.79,48.77,232831.319
2025-12-01 12:00:00,48.77,49.58,47.02,49.19,429153.547
2025-12-01 16:00:00,49.19,49.25,47.27,47.89,218770.783
2025-12-01 20:00:00,47.88,48.92,47.84,48.31,138464.811
2025-12-02 00:00:00,48.31,49.13,47.65,48.13,147736.889
2025-12-02 04:00:00,48.13,48.2,46.51,46.92,192885.299
2025-12-02 08:00:00,46.91,47.28,46.04,46.71,211751.319
2025-12-02 12:00:00,46.71,51.03,46.08,50.41,439908.42
2025-12-02 16:00:00,50.39,50.44,46.95,47.07,376429.244
2025-12-02 20:00:00,47.08,47.94,46.14,47.36,274068.703
2025-12-03 00:00:00,47.36,47.67,46.42,46.45,217576.416
2025-12-03 04:00:00,46.46,49.07,46.13,47.2,309111.493
2025-12-03 08:00:00,47.21,48.93,46.93,47.84,214752.397
2025-12-03 12:00:00,47.83,51.57,47.53,50.27,527490.465
2025-12-03 16:00:00,50.26,52.74,49.64,51.77,420445.825
2025-12-03 20:00:00,51.78,51.8,48.53,48.72,392873.72
2025-12-04 00:00:00,48.71,50.18,48.17,49.96,212747.039
2025-12-04 04:00:00,49.97,50.92,49.4,49.74,165464.95
2025-12-04 08:00:00,49.74,50.67,48.88,50.63,170897.045
2025-12-04 12:00:00,50.62,51.01,48.61,49.5,261758.022
2025-12-04 16:00:00,49.5,49.56,47.07,47.95,279595.741
2025-12-04 20:00:00,47.96,49.44,47.71,49.42,147121.792
2025-12-05 00:00:00,49.42,52.45,49.35,50.65,473996.89
2025-12-05 04:00:00,50.65,52.37,49.13,51.16,343601.657
2025-12-05 08:00:00,51.17,51.3,48.36,49.13,321847.473
2025-12-05 12:00:00,49.12,49.85,48.01,48.22,316171.175
2025-12-05 16:00:00,48.23,48.23,46.38,47.2,325232.372
2025-12-05 20:00:00,47.22,47.27,46.37,46.95,134136.885
2025-12-06 00:00:00,46.96,47.04,46.08,46.81,127429.943
2025-12-06 04:00:00,46.82,48.92,46.71,48.65,159566.08
2025-12-06 08:00:00,48.64,48.65,46.82,47.11,170027.347
2025-12-06 12:00:00,47.11,47.85,46.59,46.79,153520.749
2025-12-06 16:00:00,46.79,48.3,46.79,47.08,164372.135
2025-12-06 20:00:00,47.08,47.56,46.63,47.36,116786.931
2025-12-07 00:00:00,47.37,47.55,46.76,47.02,86564.696
2025-12-07 04:00:00,47.03,47.3,46.39,46.6,116865.735
2025-12-07 08:00:00,46.59,46.59,44.05,44.9,404325.197
2025-12-07 12:00:00,44.89,45.38,43.76,45.05,374362.749
2025-12-07 16:00:00,45.05,46.2,44.53,46.05,239867.645
2025-12-07 20:00:00,46.05,46.13,42.95,44.49,245131.407
2025-12-08 00:00:00,44.49,46.19,44.3,46.0,176677.571
2025-12-08 04:00:00,46.0,47.75,46.0,47.2,205433.812
2025-12-08 08:00:00,47.21,48.88,47.01,47.8,277863.651
2025-12-08 12:00:00,47.8,48.5,46.72,47.44,344402.415
2025-12-08 16:00:00,47.45,52.57,47.05,51.93,880638.176
2025-12-08 20:00:00,51.93,52.21,49.01,49.65,445737.948
2025-12-09 00:00:00,49.65,50.15,47.37,48.12,340681.89
2025-12-09 04:00:00,48.13,49.26,47.18,48.78,296405.898
2025-12-09 08:00:00,48.78,49.29,47.44,47.97,227037.429
2025-12-09 12:00:00,47.97,50.87,47.85,50.59,511066.478
2025-12-09 16:00:00,50.6,51.33,48.6,50.16,524618.347
2025-12-09 20:00:00,50.15,50.46,49.05,50.36,196345.444
2025-12-10 00:00:00,50.36,53.08,49.69,51.34,517827.749
2025-12-10 04:00:00,51.33,51.95,50.0,50.12,229022.577
2025-12-10 08:00:00,50.12,50.16,48.13,48.27,299584.989
2025-12-10 12:00:00,48.27,48.79,48.03,48.26,205372.606
2025-12-10 16:00:00,48.26,49.09,47.86,48.59,218319.021
2025-12-10 20:00:00,48.6,49.5,46.39,46.8,305723.439
2025-12-11 00:00:00,46.81,46.94,45.46,45.48,242121.699
2025-12-11 04:00:00,45.48,47.55,45.44,47.08,252797.198
2025-12-11 08:00:00,47.08,47.45,45.99,47.18,217648.034
2025-12-11 12:00:00,47.2,49.38,46.96,48.73,390979.042
2025-12-11 16:00:00,48.73,49.08,47.21,48.31,290925.766
2025-12-11 20:00:00,48.32,49.58,47.71,48.1,196484.593
2025-12-12 00:00:00,48.09,48.51,47.15,47.45,160671.173
2025-12-12 04:00:00,47.44,48.04,47.3,47.51,112710.499
2025-12-12 08:00:00,47.51,48.65,47.18,47.92,150596.033
2025-12-12 12:00:00,47.92,48.31,46.05,46.22,239835.901
2025-12-12 16:00:00,46.2,46.6,45.42,45.75,237196.371
2025-12-12 20:00:00,45.75,46.64,45.69,46.49,90054.938
2025-12-13 00:00:00,46.49,46.59,45.62,46.36,87422.936
2025-12-13 04:00:00,46.36,47.18,45.58,46.18,168494.02
2025-12-13 08:00:00,46.17,46.38,45.73,45.92,91901.433
2025-12-13 12:00:00,45.92,46.04,44.41,44.9,235426.11
2025-12-13 16:00:00,44.9,45.08,44.55,44.93,104774.838
2025-12-13 20:00:00,44.94,45.04,44.17,44.9,87373.18
2025-12-14 00:00:00,44.91,45.4,44.71,45.29,78309.531
2025-12-14 04:00:00,45.29,45.46,43.86,44.02,135381.696
2025-12-14 08:00:00,44.01,44.36,43.56,44.05,158097.957
2025-12-14 12:00:00,44.05,44.29,41.82,42.01,273755.565
2025-12-14 16:00:00,42.01,42.7,41.63,41.81,138482.835
2025-12-14 20:00:00,41.82,41.93,40.63,40.97,183915.231
2025-12-15 00:00:00,40.97,42.27,40.81,41.81,192597.029
2025-12-15 04:00:00,41.81,42.89,41.81,42.11,189922.712
2025-12-15 08:00:00,42.12,42.74,42.04,42.5,116474.458
2025-12-15 12:00:00,42.5,43.69,41.86,42.22,371652.24
2025-12-15 16:00:00,42.21,42.35,39.13,40.38,436178.158
2025-12-15 20:00:00,40.37,40.9,39.95,40.85,129385.006
2025-12-16 00:00:00,40.85,40.88,39.44,40.14,170493.476
2025-12-16 04:00:00,40.15,40.29,39.18,39.83,147816.665
2025-12-16 08:00:00,39.83,42.47,39.58,42.03,307907.306
2025-12-16 12:00:00,42.03,42.59,41.15,42.23,296469.99
2025-12-16 16:00:00,42.23,42.53,40.74,41.3,163015.894
2025-12-16 20:00:00,41.29,41.52,40.78,41.12,78379.665
2025-12-17 00:00:00,41.12,41.13,40.03,40.09,122113.932
2025-12-17 04:00:00,40.1,40.33,39.81,40.06,97915.615
2025-12-17 08:00:00,40.05,40.36,39.61,40.29,95976.497
2025-12-17 12:00:00,40.28,41.47,39.48,40.05,262251.304
2025-12-17 16:00:00,40.05,40.44,37.89,38.5,281297.921
2025-12-17 20:00:00,38.5,39.13,37.95,38.07,119162.124
2025-12-18 00:00:00,38.07,38.52,37.36,37.42,146066.505
2025-12-18 04:00:00,37.43,38.0,37.36,37.85,107185.943
2025-12-18 08:00:00,37.85,38.32,37.56,37.79,98526.413
2025-12-18 12:00:00,37.8,39.19,37.77,38.6,209658.228
2025-12-18 16:00:00,38.61,38.61,35.1,35.21,349739.641
2025-12-18 20:00:00,35.21,36.69,35.17,35.7,159492.301
2025-12-19 00:00:00,35.71,36.72,35.02,36.28,150545.465
2025-12-19 04:00:00,36.29,37.72,36.06,37.36,295276.685
2025-12-19 08:00:00,37.34,37.69,36.76,37.59,114297.178
2025-12-19 12:00:00,37.59,38.35,36.94,37.73,197586.843
2025-12-19 16:00:00,37.73,39.75,37.68,39.28,285558.506
2025-12-19 20:00:00,39.29,39.7,38.51,38.61,99888.107
2025-12-20 00:00:00,38.61,39.1,38.36,38.69,83755.541
2025-12-20 04:00:00,38.68,40.44,38.51,40.25,114675.524
2025-12-20 08:00:00,40.25,41.25,38.86,39.24,308710.434
2025-12-20 12:00:00,39.24,40.3,38.82,39.81,155209.259
2025-12-20 16:00:00,39.81,40.29,39.27,40.02,88590.862
2025-12-20 20:00:00,40.02,40.28,39.58,40.03,92128.13
2025-12-21 00:00:00,40.01,40.06,39.01,39.36,89182.48
2025-12-21 04:00:00,39.37,39.86,39.1,39.61,64275.582
2025-12-21 08:00:00,39.6,39.97,38.72,38.79,117906.145
2025-12-21 12:00:00,38.79,39.17,37.54,37.95,187872.607
2025-12-21 16:00:00,37.95,38.53,37.79,38.28,83769.46
2025-12-21 20:00:00,38.29,38.57,37.74,38.32,73713.93
2025-12-22 00:00:00,38.31,39.36,38.06,38.43,120200.172
2025-12-22 04:00:00,38.43,38.67,37.83,38.66,90068.84
2025-12-22 08:00:00,38.65,39.07,38.08,38.51,73965.818
2025-12-22 12:00:00,38.51,38.95,38.18,38.84,122463.139
2025-12-22 16:00:00,38.83,39.02,37.33,37.57,123889.633
2025-12-22 20:00:00,37.57,38.49,37.31,38.36,99058.864
2025-12-23 00:00:00,38.36,38.97,37.43,37.85,102197.661
2025-12-23 04:00:00,37.85,37.97,37.23,37.43,86989.294
2025-12-23 08:00:00,37.43,37.85,37.13,37.51,69592.316
2025-12-23 12:00:00,37.51,37.75,36.67,37.37,134459.602
2025-12-23 16:00:00,37.38,38.15,37.25,37.88,102175.05
2025-12-23 20:00:00,37.88,38.41,37.39,37.75,57936.48
2025-12-24 00:00:00,37.76,38.15,36.8,37.23,80968.886
2025-12-24 04:00:00,37.23,37.49,36.48,36.51,64967.211
2025-12-24 08:00:00,36.51,36.77,36.18,36.56,74413.168
2025-12-24 12:00:00,36.57,37.58,36.32,37.36,128806.16
2025-12-24 16:00:00,37.36,38.0,37.2,37.75,97585.175
2025-12-24 20:00:00,37.76,38.51,37.75,38.29,88272.94
2025-12-25 00:00:00,38.29,39.69,37.87,39.53,111404.421
2025-12-25 04:00:00,39.54,40.36,39.22,39.54,144563.183
2025-12-25 08:00:00,39.54,40.02,38.89,39.37,156234.717
2025-12-25 12:00:00,39.36,39.5,38.78,39.36,101316.759
2025-12-25 16:00:00,39.35,40.34,39.09,39.35,171156.897
2025-12-25 20:00:00,39.35,39.6,37.79,37.94,154288.649
2025-12-26 00:00:00,37.93,39.34,37.75,38.89,125114.442
2025-12-26 04:00:00,38.9,39.12,38.4,38.77,77467.572
2025-12-26 08:00:00,38.76,39.58,38.66,39.48,75250.766
2025-12-26 12:00:00,39.48,39.82,38.51,38.85,150580.754
2025-12-26 16:00:00,38.85,39.54,38.62,39.38,77936.933
2025-12-26 20:00:00,39.39,39.45,38.93,39.25,41559.04
2025-12-27 00:00:00,39.24,40.82,39.02,40.75,173207.285
2025-12-27 04:00:00,40.74,40.83,39.84,39.9,89450.518
2025-12-27 08:00:00,39.9,44.11,39.53,43.69,616381.993
2025-12-27 12:00:00,43.68,47.14,42.71,46.36,1051757.604
2025-12-27 16:00:00,46.35,46.38,44.39,44.82,546843.008
2025-12-27 20:00:00,44.83,44.9,43.79,44.57,250175.052
2025-12-28 00:00:00,44.56,45.03,43.56,44.29,201007.961
2025-12-28 04:00:00,44.3,45.13,44.1,44.91,181188.95
2025-12-28 08:00:00,44.9,44.91,43.95,44.27,156942.823
2025-12-28 12:00:00,44.27,45.84,43.41,44.9,377928.262
2025-12-28 16:00:00,44.9,45.0,43.51,43.63,248256.773
2025-12-28 20:00:00,43.63,44.09,43.61,44.0,90746.46
2025-12-29 00:00:00,44.0,45.17,43.61,44.81,299976.181
2025-12-29 04:00:00,44.81,44.88,44.07,44.3,161678.818
2025-12-29 08:00:00,44.29,44.41,42.6,42.79,299683.437
2025-12-29 12:00:00,42.81,43.25,41.85,42.37,230948.425
2025-12-29 16:00:00,42.37,43.23,41.92,42.95,239874.261
2025-12-29 20:00:00,42.95,43.15,42.29,42.38,97991.407
2025-12-30 00:00:00,42.37,42.87,42.09,42.82,132904.754
2025-12-30 04:00:00,42.81,43.32,42.35,42.45,116556.186
2025-12-30 08:00:00,42.44,43.04,42.43,42.98,98018.592
2025-12-30 12:00:00,42.99,43.69,42.64,43.51,140898.204
2025-12-30 16:00:00,43.52,43.6,42.6,43.13,96602.293
2025-12-30 20:00:00,43.12,43.18,42.57,42.61,59929.648
2025-12-31 00:00:00,42.61,43.4,42.52,42.94,87420.072
2025-12-31 04:00:00,42.95,43.25,42.22,42.45,101423.902
2025-12-31 08:00:00,42.46,42.52,41.85,42.39,128767.187
2025-12-31 12:00:00,42.38,42.39,41.35,41.58,142290.419
2025-12-31 16:00:00,41.58,41.6,40.6,41.28,136476.92
2025-12-31 20:00:00,41.28,41.73,41.12,41.62,54598.503
2026-01-01 00:00:00,41.62,41.79,41.09,41.18,65581.302
2026-01-01 04:00:00,41.18,41.72,40.96,41.54,56522.457
2026-01-01 08:00:00,41.55,43.78,41.46,43.47,215102.875
2026-01-01 12:00:00,43.47,44.45,42.76,43.05,293450.05
2026-01-01 16:00:00,43.04,43.08,42.0,42.98,176682.973
2026-01-01 20:00:00,42.98,43.46,42.56,43.32,85402.068
2026-01-02 00:00:00,43.33,43.51,42.1,42.76,110628.447
2026-01-02 04:00:00,42.76,42.83,41.88,42.08,83538.173
2026-01-02 08:00:00,42.07,42.55,41.45,41.76,128274.705
2026-01-02 12:00:00,41.76,42.08,41.05,41.52,183255.351
2026-01-02 16:00:00,41.53,42.43,41.4,42.25,184875.545
2026-01-02 20:00:00,42.26,42.89,42.09,42.74,91474.909
2026-01-03 00:00:00,42.75,43.91,42.49,43.8,132200.346
2026-01-03 04:00:00,43.79,45.12,42.18,42.68,278550.545
2026-01-03 08:00:00,42.67,43.31,42.29,42.94,133333.024
2026-01-03 12:00:00,42.93,43.38,42.55,42.81,114689.965
2026-01-03 16:00:00,42.81,43.21,42.64,42.81,68752.842
2026-01-03 20:00:00,42.82,43.3,42.59,43.21,78615.119
2026-01-04 00:00:00,43.2,43.55,42.79,43.26,114734.896
2026-01-04 04:00:00,43.26,43.41,42.28,42.7,97301.33
2026-01-04 08:00:00,42.69,43.16,42.08,42.84,121634.718
2026-01-04 12:00:00,42.83,43.79,42.45,43.58,170941.382
2026-01-04 16:00:00,43.58,44.12,42.63,43.26,157233.052
2026-01-04 20:00:00,43.26,43.64,43.03,43.4,60710.33
2026-01-05 00:00:00,43.41,44.34,43.38,44.08,122260.876
2026-01-05 04:00:00,44.08,44.2,42.56,42.97,163337.64
2026-01-05 08:00:00,42.97,43.16,42.36,42.9,96291.303
2026-01-05 12:00:00,42.91,43.27,42.32,43.04,128887.166
2026-01-05 16:00:00,43.04,43.74,42.42,43.72,143550.438
2026-01-05 20:00:00,43.71,44.46,43.49,44.08,131774.184
2026-01-06 00:00:00,44.08,44.76,43.57,44.68,141339.542
2026-01-06 04:00:00,44.69,45.12,43.73,43.98,167374.39
2026-01-06 08:00:00,43.98,46.19,43.96,45.64,205829.194
2026-01-06 12:00:00,45.64,46.7,44.74,45.28,304748.777
2026-01-06 16:00:00,45.28,45.41,42.84,43.39,243995.322
2026-01-06 20:00:00,43.39,44.81,43.37,44.64,93253.21
2026-01-07 00:00:00,44.64,44.69,43.05,43.3,122335.033
2026-01-07 04:00:00,43.3,43.81,42.68,43.28,121382.167
2026-01-07 08:00:00,43.28,43.49,42.08,42.45,139562.942
2026-01-07 12:00:00,42.45,42.5,40.78,41.16,292497.895
2026-01-07 16:00:00,41.16,41.56,40.74,41.11,136921.294
2026-01-07 20:00:00,41.12,41.21,40.38,40.86,108124.056
2026-01-08 00:00:00,40.86,41.41,40.51,40.57,114341.411
2026-01-08 04:00:00,40.58,40.93,39.52,40.04,195198.068
2026-01-08 08:00:00,40.04,40.18,37.55,38.07,370706.831
2026-01-08 12:00:00,38.07,39.07,37.72,38.98,207271.882
2026-01-08 16:00:00,38.99,39.08,38.45,38.71,127453.457
2026-01-08 20:00:00,38.7,38.93,38.25,38.68,104084.879
2026-01-09 00:00:00,38.68,39.57,38.68,39.22,132831.261
2026-01-09 04:00:00,39.23,39.63,38.84,39.19,90370.57
2026-01-09 08:00:00,39.21,39.36,38.14,38.77,146212.89
2026-01-09 12:00:00,38.78,39.1,37.89,38.53,157350.821
2026-01-09 16:00:00,38.52,38.85,37.56,37.89,146824.629
2026-01-09 20:00:00,37.89,38.22,37.64,37.79,61587.007
2026-01-10 00:00:00,37.78,37.93,36.84,37.12,123553.274
2026-01-10 04:00:00,37.12,37.25,36.63,37.08,98315.937
2026-01-10 08:00:00,37.08,37.32,36.81,37.28,73928.208
2026-01-10 12:00:00,37.28,37.89,37.11,37.2,116265.985
2026-01-10 16:00:00,37.2,37.65,36.65,37.62,117566.479
2026-01-10 20:00:00,37.62,37.67,36.79,37.24,55558.43
2026-01-11 00:00:00,37.25,37.53,37.13,37.3,49977.506
2026-01-11 04:00:00,37.31,37.39,36.96,37.32,59875.968
2026-01-11 08:00:00,37.32,37.82,37.13,37.58,71524.22
2026-01-11 12:00:00,37.58,38.17,37.44,37.64,143240.794
2026-01-11 16:00:00,37.63,38.19,37.52,37.62,105548.346
2026-01-11 20:00:00,37.62,37.63,36.55,37.29,119994.656
2026-01-12 00:00:00,37.28,38.83,36.75,37.92,267523.219
2026-01-12 04:00:00,37.92,38.83,37.41,37.75,188686.461
2026-01-12 08:00:00,37.73,38.23,36.93,37.76,159363.983
2026-01-12 12:00:00,37.76,38.73,37.19,38.27,221133.982
2026-01-12 16:00:00,38.26,38.89,37.51,38.74,196760.031
2026-01-12 20:00:00,38.73,39.49,38.1,39.41,217736.167
2026-01-13 00:00:00,39.4,44.5,39.16,44.45,770570.376
2026-01-13 04:00:00,44.46,47.5,44.14,46.03,1447748.753
2026-01-13 08:00:00,46.02,67.77,45.69,63.84,7326903.546
2026-01-13 12:00:00,63.85,66.29,56.13,57.44,6825019.007
2026-01-13 16:00:00,57.46,58.09,53.54,55.66,2864297.733
2026-01-13 20:00:00,55.67,61.7,54.34,58.72,2325712.32
2026-01-14 00:00:00,58.72,59.54,55.56,58.21,2164913.58
2026-01-14 04:00:00,58.21,65.0,57.2,64.69,3282989.314
2026-01-14 08:00:00,64.69,79.16,61.43,72.07,7813293.786
2026-01-14 12:00:00,72.06,87.88,71.86,84.71,5626005.329
2026-01-14 16:00:00,84.71,89.0,80.9,83.7,3868476.823
2026-01-14 20:00:00,83.71,85.72,76.35,79.83,2364569.673
2026-01-15 00:00:00,79.84,83.8,75.49,76.51,2575901.536
2026-01-15 04:00:00,76.51,86.5,75.35,85.81,2868620.147
2026-01-15 08:00:00,85.81,86.95,77.0,80.87,3039165.663
2026-01-15 12:00:00,80.88,85.98,76.88,79.47,2570193.388
2026-01-15 16:00:00,79.47,84.36,76.6,83.43,1974253.687
2026-01-15 20:00:00,83.43,84.88,79.92,80.69,1177259.066
2026-01-16 00:00:00,80.69,91.49,79.29,87.48,3226264.102
2026-01-16 04:00:00,87.47,96.55,84.64,93.84,2943439.681
2026-01-16 08:00:00,93.83,96.57,84.82,88.02,2623863.001
2026-01-16 12:00:00,88.02,92.77,86.15,91.18,1774431.224
2026-01-16 16:00:00,91.18,92.7,84.55,86.85,1564549.837
2026-01-16 20:00:00,86.85,89.97,83.31,85.4,1196788.139
2026-01-17 00:00:00,85.4,85.62,81.95,82.85,1081666.054
2026-01-17 04:00:00,82.85,83.13,77.24,77.71,1413034.443
2026-01-17 08:00:00,77.71,79.1,73.1,78.08,2594983.956
2026-01-17 12:00:00,78.08,79.36,74.45,75.51,1549723.588
2026-01-17 16:00:00,75.5,76.69,73.68,76.02,994352.562
2026-01-17 20:00:00,76.02,77.18,73.92,74.47,545807.128
2026-01-18 00:00:00,74.47,76.36,71.0,74.32,1145862.55
2026-01-18 04:00:00,74.33,76.77,72.09,75.23,1051063.107
2026-01-18 08:00:00,75.23,83.45,75.0,79.2,2186658.226
2026-01-18 12:00:00,79.19,90.73,78.28,90.73,2603047.634
2026-01-18 16:00:00,90.73,90.94,82.89,83.77,2050011.892
2026-01-18 20:00:00,83.77,84.33,78.09,79.0,1181175.465
2026-01-19 00:00:00,78.99,82.55,72.41,81.19,1962537.062
2026-01-19 04:00:00,81.19,88.0,79.94,85.71,1677587.857
2026-01-19 08:00:00,85.7,86.71,78.48,80.3,1593601.32
2026-01-19 12:00:00,80.31,80.5,77.27,78.42,1062081.621
2026-01-19 16:00:00,78.42,79.68,76.91,78.14,556897.293
2026-01-19 20:00:00,78.15,78.37,75.06,75.4,521794.033
2026-01-20 00:00:00,75.4,75.93,73.6,74.28,706972.979
2026-01-20 04:00:00,74.29,75.38,70.15,70.72,999312.638
2026-01-20 08:00:00,70.71,75.13,67.69,72.07,2065987.958
2026-01-20 12:00:00,72.06,75.0,69.31,73.34,1320136.458
2026-01-20 16:00:00,73.33,74.23,69.22,69.76,858020.238
2026-01-20 20:00:00,69.76,71.07,68.24,69.83,568141.298
2026-01-21 00:00:00,69.84,70.08,67.14,68.48,603143.509
2026-01-21 04:00:00,68.49,72.31,68.26,70.41,739376.019
2026-01-21 08:00:00,70.4,71.23,68.34,68.96,619435.358
2026-01-21 12:00:00,68.95,70.99,67.75,69.53,828300.569
2026-01-21 16:00:00,69.53,70.33,66.24,69.96,888668.064
2026-01-21 20:00:00,69.96,70.06,67.04,67.23,415555.986
2026-01-22 00:00:00,67.23,68.27,65.58,66.28,582313.099
2026-01-22 04:00:00,66.28,68.35,64.87,66.81,674060.97
2026-01-22 08:00:00,66.8,67.73,65.28,65.64,441110.282
2026-01-22 12:00:00,65.64,66.74,63.8,64.55,765728.53
2026-01-22 16:00:00,64.56,65.4,62.53,63.88,582963.663
2026-01-22 20:00:00,63.88,64.86,62.23,62.73,352585.868
2026-01-23 00:00:00,62.73,65.63,62.54,64.45,513352.948
2026-01-23 04:00:00,64.46,69.75,63.66,66.76,774499.155
2026-01-23 08:00:00,66.75,72.77,66.47,70.8,1232909.37
2026-01-23 12:00:00,70.8,71.19,68.69,70.64,920958.096
2026-01-23 16:00:00,70.63,72.14,68.75,69.82,874737.529
2026-01-23 20:00:00,69.83,70.1,66.0,67.49,590491.506
2026-01-24 00:00:00,67.5,67.51,64.68,65.84,618772.66
2026-01-24 04:00:00,65.84,66.16,64.92,65.47,243010.013
2026-01-24 08:00:00,65.47,66.33,64.89,65.16,348792.7
2026-01-24 12:00:00,65.16,65.77,64.4,64.68,284910.931
2026-01-24 16:00:00,64.68,66.22,64.07,64.94,361109.7
2026-01-24 20:00:00,64.94,65.2,62.79,63.27,297609.356
2026-01-25 00:00:00,63.27,65.98,63.27,65.16,315229.793
2026-01-25 04:00:00,65.16,65.6,63.19,63.74,259162.11
2026-01-25 08:00:00,63.73,63.8,61.64,62.05,402320.13
2026-01-25 12:00:00,62.04,62.64,61.13,61.96,342390.673
2026-01-25 16:00:00,61.96,63.55,60.22,60.54,652771.789
2026-01-25 20:00:00,60.53,61.15,58.61,58.76,483512.596
2026-01-26 00:00:00,58.76,59.55,58.02,58.18,353897.408
2026-01-26 04:00:00,58.18,60.57,57.8,59.76,358484.991
2026-01-26 08:00:00,59.77,60.25,57.8,59.2,319963.251
2026-01-26 12:00:00,59.2,61.68,58.73,60.61,491859.479
2026-01-26 16:00:00,60.6,61.31,59.66,60.08,355216.136
2026-01-26 20:00:00,60.09,60.62,59.24,59.9,240857.347
2026-01-27 00:00:00,59.9,64.72,59.63,61.84,562444.675
2026-01-27 04:00:00,61.84,64.43,60.81,63.16,514055.745
2026-01-27 08:00:00,63.16,65.66,61.14,61.4,783519.162
2026-01-27 12:00:00,61.39,61.98,59.69,61.03,453281.796
2026-01-27 16:00:00,61.02,63.15,60.26,62.78,590352.43
2026-01-27 20:00:00,62.77,64.6,62.12,62.33,446725.687
2026-01-28 00:00:00,62.33,63.62,60.73,60.87,349260.536
2026-01-28 04:00:00,60.88,62.75,60.66,61.97,300133.016
2026-01-28 08:00:00,61.96,62.66,60.22,60.85,364396.633
2026-01-28 12:00:00,60.85,60.97,58.41,58.72,533313.512
2026-01-28 16:00:00,58.73,59.58,58.18,59.18,258511.72
2026-01-28 20:00:00,59.18,59.91,57.53,58.27,281183.944
2026-01-29 00:00:00,58.27,59.06,55.25,55.46,509092.864
2026-01-29 04:00:00,55.46,56.87,55.32,56.67,280231.225
2026-01-29 08:00:00,56.67,58.29,56.46,57.18,315072.304
2026-01-29 12:00:00,57.17,58.05,53.58,55.17,567772.823
2026-01-29 16:00:00,55.17,56.22,53.51,53.61,435043.313
2026-01-29 20:00:00,53.62,54.89,53.52,54.57,188289.745
2026-01-30 00:00:00,54.57,55.36,50.96,52.61,517598.718
2026-01-30 04:00:00,52.61,53.34,51.25,51.86,267395.566
2026-01-30 08:00:00,51.86,52.6,51.21,52.4,221524.481
2026-01-30 12:00:00,52.4,52.49,49.77,49.81,505217.376
2026-01-30 16:00:00,49.81,52.4,49.51,51.44,444292.644
2026-01-30 20:00:00,51.45,51.66,50.5,51.35,200750.371
2026-01-31 00:00:00,51.35,51.46,48.86,49.23,284974.922
2026-01-31 04:00:00,49.23,49.63,47.73,48.14,324678.366
2026-01-31 08:00:00,48.14,48.35,46.71,46.81,430388.352
2026-01-31 12:00:00,46.81,47.12,44.2,44.99,677892.926
2026-01-31 16:00:00,44.99,45.8,41.13,43.2,1034244.273
2026-01-31 20:00:00,43.21,44.55,42.55,44.27,384567.668
2026-02-01 00:00:00,44.27,46.78,44.2,46.11,400232.891
2026-02-01 04:00:00,46.12,46.32,44.38,44.96,328543.767
2026-02-01 08:00:00,44.96,45.27,43.97,44.96,293057.248
2026-02-01 12:00:00,44.96,45.39,42.78,43.56,423800.383
2026-02-01 16:00:00,43.55,44.4,42.69,42.93,341272.519
2026-02-01 20:00:00,42.92,44.61,42.06,43.89,383876.043
2026-02-02 00:00:00,43.89,45.41,42.1,43.78,418752.241
2026-02-02 04:00:00,43.77,44.98,42.61,43.83,416746.045
2026-02-02 08:00:00,43.83,44.03,43.37,43.48,218099.484
2026-02-02 12:00:00,43.48,45.66,43.4,44.89,369250.676
2026-02-02 16:00:00,44.89,45.53,44.37,44.44,224571.962
2026-02-02 20:00:00,44.43,44.55,43.86,44.05,117642.747
2026-02-03 00:00:00,44.05,44.21,42.3,43.88,275000.061
2026-02-03 04:00:00,43.87,44.86,43.28,44.21,266377.998
2026-02-03 08:00:00,44.22,44.7,43.27,43.72,218847.369
2026-02-03 12:00:00,43.72,44.08,41.86,43.87,405736.641
2026-02-03 16:00:00,43.88,43.91,40.23,42.2,611805.035
2026-02-03 20:00:00,42.19,44.6,41.23,41.4,355387.468
2026-02-04 00:00:00,41.41,42.55,40.64,41.97,305324.216
2026-02-04 04:00:00,41.97,42.54,41.32,42.16,218332.552
2026-02-04 08:00:00,42.17,42.63,41.65,42.17,177846.707
2026-02-04 12:00:00,42.17,42.19,40.52,40.78,390720.561
2026-02-04 16:00:00,40.8,41.85,39.78,41.71,467200.212
2026-02-04 20:00:00,41.71,41.73,39.32,39.53,312419.605
2026-02-05 00:00:00,39.53,40.8,38.92,39.74,412063.736
2026-02-05 04:00:00,39.74,40.43,39.06,39.18,304251.446
2026-02-05 08:00:00,39.19,40.21,37.49,38.12,407672.217
2026-02-05 12:00:00,38.12,38.71,36.19,37.08,687988.353
2026-02-05 16:00:00,37.09,37.91,34.8,34.85,691797.172
2026-02-05 20:00:00,34.85,35.78,33.58,34.05,788585.604
2026-02-06 00:00:00,34.06,35.47,30.81,34.36,1207351.664
2026-02-06 04:00:00,34.35,35.87,34.0,35.18,369297.634
2026-02-06 08:00:00,35.17,36.82,34.68,36.64,378381.587
2026-02-06 12:00:00,36.63,38.23,36.12,37.54,453214.227
2026-02-06 16:00:00,37.54,39.72,37.37,38.28,488660.251
2026-02-06 20:00:00,38.29,38.98,37.59,37.75,204055.956
2026-02-07 00:00:00,37.75,38.04,36.65,37.27,252301.361
2026-02-07 04:00:00,37.27,37.6,35.18,35.19,314150.175
2026-02-07 08:00:00,35.2,36.09,35.01,35.37,252868.425
2026-02-07 12:00:00,35.37,37.06,35.31,36.61,289496.077
2026-02-07 16:00:00,36.61,37.75,36.53,36.67,473458.903
2026-02-07 20:00:00,36.67,37.23,36.55,36.82,106128.796
2026-02-08 00:00:00,36.82,36.85,36.23,36.45,99415.106
2026-02-08 04:00:00,36.44,36.5,35.67,36.07,122574.961
2026-02-08 08:00:00,36.06,36.7,35.54,36.67,255146.992
2026-02-08 12:00:00,36.67,37.45,36.22,36.6,321742.894
2026-02-08 16:00:00,36.6,38.22,35.44,37.76,320322.279
2026-02-08 20:00:00,37.76,38.47,36.77,37.12,326159.574
2026-02-09 00:00:00,37.12,37.48,36.53,37.29,202566.486
2026-02-09 04:00:00,37.28,37.34,35.94,36.11,200736.504
2026-02-09 08:00:00,36.11,36.28,34.56,34.98,307670.765
2026-02-09 12:00:00,34.99,36.37,34.97,36.07,263794.839
2026-02-09 16:00:00,36.06,37.02,35.87,36.64,248535.056
2026-02-09 20:00:00,36.63,36.69,35.73,36.49,136253.491
2026-02-10 00:00:00,36.49,37.2,35.8,36.15,170021.997
2026-02-10 04:00:00,36.14,36.36,34.97,35.27,154559.499
2026-02-10 08:00:00,35.28,35.8,35.02,35.12,153522.901
2026-02-10 12:00:00,35.11,35.43,34.63,35.12,236522.889
2026-02-10 16:00:00,35.13,35.35,34.24,34.59,229551.336
2026-02-10 20:00:00,34.59,35.41,34.57,35.2,126741.084
2026-02-11 00:00:00,35.2,35.9,34.83,35.0,155700.948
2026-02-11 04:00:00,35.0,35.1,33.41,33.45,238059.705
2026-02-11 08:00:00,33.46,33.79,32.72,32.92,213051.402
2026-02-11 12:00:00,32.92,34.11,32.21,32.96,433501.372
2026-02-11 16:00:00,32.97,35.16,32.96,34.54,359307.088
2026-02-11 20:00:00,34.53,34.85,33.49,33.9,232805.107
2026-02-12 00:00:00,33.91,34.69,33.85,34.44,139320.114
2026-02-12 04:00:00,34.44,34.47,33.87,34.28,99605.022
2026-02-12 08:00:00,34.29,35.15,33.77,34.7,190334.445
2026-02-12 12:00:00,34.69,34.86,33.96,34.1,237147.571
2026-02-12 16:00:00,34.11,34.24,33.07,33.81,282223.296
2026-02-12 20:00:00,33.81,34.47,33.12,34.34,115850.879
2026-02-13 00:00:00,34.34,34.61,34.02,34.38,124623.836
2026-02-13 04:00:00,34.38,34.41,33.81,34.19,92136.096
2026-02-13 08:00:00,34.18,35.04,34.09,34.67,152954.188
2026-02-13 12:00:00,34.66,35.79,34.37,35.5,239910.08
2026-02-13 16:00:00,35.49,39.13,35.49,38.21,829036.901
2026-02-13 20:00:00,38.2,38.42,37.01,37.03,270718.115
2026-02-14 00:00:00,37.03,38.29,36.93,38.19,214387.925
2026-02-14 04:00:00,38.19,40.52,37.68,39.76,537442.529
2026-02-14 08:00:00,39.77,40.44,38.53,38.64,527896.4
2026-02-14 12:00:00,38.64,39.33,38.08,38.52,350679.98
2026-02-14 16:00:00,38.52,40.5,38.23,40.16,321657.11
2026-02-14 20:00:00,40.15,41.53,39.56,40.13,432838.332
2026-02-15 00:00:00,40.12,40.54,39.1,40.08,349162.824
2026-02-15 04:00:00,40.07,41.38,39.76,40.72,301259.053
2026-02-15 08:00:00,40.71,40.99,39.34,39.56,288463.937
2026-02-15 12:00:00,39.56,39.72,37.66,37.84,450444.391
2026-02-15 16:00:00,37.83,37.83,36.68,36.97,332692.361
2026-02-15 20:00:00,36.96,37.56,36.78,37.54,132103.529
2026-02-16 00:00:00,37.55,37.95,37.07,37.47,165424.803
2026-02-16 04:00:00,37.48,37.93,36.75,36.91,136988.268
2026-02-16 08:00:00,36.92,37.57,36.71,37.26,137705.78
2026-02-16 12:00:00,37.27,39.23,36.71,37.11,374576.736
2026-02-16 16:00:00,37.11,38.24,37.05,37.62,191243.747
2026-02-16 20:00:00,37.63,38.43,37.46,38.09,111946.955
