datetime,open,high,low,close,volume
2025-02-17 16:00:00,0.141,0.141,0.1,0.1294,363141911.0
2025-02-17 20:00:00,0.1292,0.143,0.1168,0.1225,219988866.0
2025-02-18 00:00:00,0.1225,0.1278,0.11,0.1129,138963979.0
2025-02-18 04:00:00,0.1127,0.1193,0.1041,0.1115,166178762.0
2025-02-18 08:00:00,0.1115,0.1271,0.1041,0.1217,280359303.0
2025-02-18 12:00:00,0.1218,0.1316,0.1124,0.1191,284225056.0
2025-02-18 16:00:00,0.1191,0.1239,0.1036,0.11,263662950.0
2025-02-18 20:00:00,0.11,0.1206,0.1075,0.1187,129695057.0
2025-02-19 00:00:00,0.1187,0.1307,0.1165,0.1221,164271961.0
2025-02-19 04:00:00,0.1221,0.1392,0.1197,0.132,234225212.0
2025-02-19 08:00:00,0.1319,0.1384,0.1224,0.1366,214954987.0
2025-02-19 12:00:00,0.1365,0.1366,0.1262,0.1272,194395862.0
2025-02-19 16:00:00,0.1272,0.1348,0.124,0.1261,163266457.0
2025-02-19 20:00:00,0.1259,0.1299,0.1204,0.121,129209682.0
2025-02-20 00:00:00,0.121,0.1322,0.1194,0.1321,148387059.0
2025-02-20 04:00:00,0.1321,0.1378,0.1231,0.124,137500903.0
2025-02-20 08:00:00,0.1239,0.1269,0.1199,0.1242,115713877.0
2025-02-20 12:00:00,0.1242,0.1351,0.1214,0.126,179668590.0
2025-02-20 16:00:00,0.1259,0.1362,0.1245,0.1328,99925471.0
2025-02-20 20:00:00,0.1329,0.145,0.1288,0.1318,168323110.0
2025-02-21 00:00:00,0.1318,0.1407,0.126,0.1363,100597878.0
2025-02-21 04:00:00,0.1362,0.1426,0.1351,0.1386,64406215.0
2025-02-21 08:00:00,0.1386,0.1434,0.1357,0.1378,96426642.0
2025-02-21 12:00:00,0.1378,0.1404,0.13,0.1304,86909639.0
2025-02-21 16:00:00,0.1305,0.1337,0.1275,0.1297,52875351.0
2025-02-21 20:00:00,0.1297,0.1304,0.1241,0.1268,37842557.0
2025-02-22 00:00:00,0.1269,0.1292,0.1234,0.1261,31766179.0
2025-02-22 04:00:00,0.126,0.1348,0.1214,0.1329,44619482.0
2025-02-22 08:00:00,0.1329,0.1338,0.127,0.1308,28542383.0
2025-02-22 12:00:00,0.131,0.1358,0.1279,0.1346,34819634.0
2025-02-22 16:00:00,0.1347,0.1357,0.1294,0.1303,25078847.0
2025-02-22 20:00:00,0.1303,0.1305,0.1244,0.1285,21846919.0
2025-02-23 00:00:00,0.1284,0.1333,0.1271,0.1301,24004602.0
2025-02-23 04:00:00,0.1301,0.1338,0.1279,0.1319,28718268.0
2025-02-23 08:00:00,0.1319,0.1334,0.1262,0.129,22412508.0
2025-02-23 12:00:00,0.129,0.1297,0.1277,0.1279,13021898.0
2025-02-23 16:00:00,0.1279,0.1318,0.1258,0.1304,20979011.0
2025-02-23 20:00:00,0.1303,0.1326,0.1286,0.1317,18003111.0
2025-02-24 00:00:00,0.1316,0.1326,0.1287,0.1304,46469952.0
2025-02-24 04:00:00,0.1304,0.1313,0.1234,0.1275,34426041.0
2025-02-24 08:00:00,0.1275,0.1276,0.1244,0.1266,16409194.0
2025-02-24 12:00:00,0.1266,0.1322,0.1249,0.1312,24874350.0
2025-02-24 16:00:00,0.1311,0.1365,0.1302,0.1328,37946973.0
2025-02-24 20:00:00,0.1328,0.1354,0.1273,0.1305,24201258.0
2025-02-25 00:00:00,0.1306,0.1332,0.1255,0.1257,36598026.0
2025-02-25 04:00:00,0.1258,0.1272,0.1195,0.1261,42928525.0
2025-02-25 08:00:00,0.126,0.1316,0.1255,0.1312,23958689.0
2025-02-25 12:00:00,0.1312,0.1323,0.1231,0.1292,28683552.0
2025-02-25 16:00:00,0.1292,0.131,0.1279,0.1301,13471768.0
2025-02-25 20:00:00,0.1301,0.1309,0.1258,0.1279,15069442.0
2025-02-26 00:00:00,0.1279,0.1314,0.1267,0.1307,12612614.0
2025-02-26 04:00:00,0.1307,0.1326,0.1295,0.1302,12448595.0
2025-02-26 08:00:00,0.1301,0.1417,0.129,0.1375,69070989.0
2025-02-26 12:00:00,0.1374,0.1495,0.1355,0.1447,74607264.0
2025-02-26 16:00:00,0.1447,0.145,0.1325,0.137,45597396.0
2025-02-26 20:00:00,0.1371,0.1463,0.1369,0.1406,39617227.0
2025-02-27 00:00:00,0.1405,0.1437,0.139,0.1405,18106850.0
2025-02-27 04:00:00,0.1405,0.1444,0.1377,0.1415,25239271.0
2025-02-27 08:00:00,0.1414,0.1459,0.1395,0.1444,19761405.0
2025-02-27 12:00:00,0.1444,0.146,0.1383,0.1393,36300968.0
2025-02-27 16:00:00,0.1393,0.1402,0.1341,0.1365,15062252.0
2025-02-27 20:00:00,0.1365,0.1372,0.133,0.1358,11424487.0
2025-02-28 00:00:00,0.1357,0.1358,0.1277,0.1284,27620979.0
2025-02-28 04:00:00,0.1284,0.1311,0.1264,0.1288,26205060.0
2025-02-28 08:00:00,0.1287,0.1293,0.1246,0.1256,19380288.0
2025-02-28 12:00:00,0.1256,0.1294,0.1246,0.1285,15018441.0
2025-02-28 16:00:00,0.1284,0.1286,0.1232,0.1237,17424041.0
2025-02-28 20:00:00,0.1235,0.1258,0.122,0.1248,12406122.0
2025-03-01 00:00:00,0.1248,0.1282,0.1245,0.1266,9708822.0
2025-03-01 04:00:00,0.1266,0.1277,0.1251,0.1259,8049389.0
2025-03-01 08:00:00,0.1259,0.1276,0.1212,0.1226,16155708.0
2025-03-01 12:00:00,0.1225,0.1259,0.1216,0.1248,10127445.0
2025-03-01 16:00:00,0.1249,0.1278,0.1228,0.1263,17031294.0
2025-03-01 20:00:00,0.1264,0.1338,0.126,0.1308,17660957.0
2025-03-02 00:00:00,0.1308,0.1353,0.1292,0.1324,24646329.0
2025-03-02 04:00:00,0.1324,0.1345,0.1311,0.1331,11251388.0
2025-03-02 08:00:00,0.1331,0.1357,0.1326,0.1336,19354269.0
2025-03-02 12:00:00,0.1338,0.1363,0.1313,0.1342,27416858.0
2025-03-02 16:00:00,0.1342,0.1397,0.1335,0.1372,18886028.0
2025-03-02 20:00:00,0.1372,0.1387,0.1366,0.137,4883262.0
2025-03-03 00:00:00,0.1371,0.1383,0.133,0.1346,14516606.0
2025-03-03 04:00:00,0.1346,0.1358,0.1309,0.1321,7892843.0
2025-03-03 08:00:00,0.1321,0.1368,0.1318,0.1359,11571037.0
2025-03-03 12:00:00,0.1358,0.1396,0.1343,0.1368,16233198.0
2025-03-03 16:00:00,0.1368,0.1382,0.131,0.1322,17680971.0
2025-03-03 20:00:00,0.1322,0.1327,0.129,0.1315,12924348.0
2025-03-04 00:00:00,0.1316,0.1361,0.1267,0.1304,28197997.0
2025-03-04 04:00:00,0.1304,0.2044,0.1295,0.1488,279733974.0
2025-03-04 08:00:00,0.1487,0.1499,0.1386,0.1397,141752521.0
2025-03-04 12:00:00,0.1396,0.1447,0.0735,0.0777,2058833066.0
2025-03-04 16:00:00,0.0777,0.078,0.064,0.0722,1178890121.0
2025-03-04 20:00:00,0.0721,0.0733,0.0609,0.0679,727241664.0
2025-03-05 00:00:00,0.068,0.0694,0.0625,0.0645,591439921.0
2025-03-05 04:00:00,0.0645,0.0714,0.0629,0.0693,591250980.0
2025-03-05 08:00:00,0.0692,0.0716,0.0636,0.066,620651065.0
2025-03-05 12:00:00,0.066,0.068,0.061,0.0622,931555891.0
2025-03-05 16:00:00,0.0623,0.0646,0.0594,0.0619,699153770.0
2025-03-05 20:00:00,0.0619,0.0634,0.0606,0.0615,242133242.0
2025-03-06 00:00:00,0.0616,0.0625,0.0565,0.0572,597702766.0
2025-03-06 04:00:00,0.0573,0.0603,0.0561,0.0574,450426030.0
2025-03-06 08:00:00,0.0574,0.0585,0.0566,0.0577,343757135.0
2025-03-06 12:00:00,0.0577,0.0578,0.0536,0.0543,712685371.0
2025-03-06 16:00:00,0.0543,0.0546,0.0507,0.0519,696060631.0
2025-03-06 20:00:00,0.0519,0.0534,0.0503,0.0503,266138104.0
2025-03-07 00:00:00,0.0503,0.0529,0.0473,0.0528,586201860.0
2025-03-07 04:00:00,0.0527,0.0562,0.0491,0.055,499990670.0
2025-03-07 08:00:00,0.055,0.0684,0.0429,0.0625,3090836411.0
2025-03-07 12:00:00,0.0624,0.063,0.0504,0.0532,1101274572.0
2025-03-07 16:00:00,0.0532,0.0593,0.0521,0.0568,802883852.0
2025-03-07 20:00:00,0.0567,0.0579,0.0526,0.054,369650449.0
2025-03-08 00:00:00,0.054,0.0555,0.0523,0.053,381656594.0
2025-03-08 04:00:00,0.0531,0.0535,0.0501,0.0512,349425030.0
2025-03-08 08:00:00,0.0512,0.0513,0.0481,0.0485,471655924.0
2025-03-08 12:00:00,0.0485,0.0488,0.0464,0.0471,391892334.0
2025-03-08 16:00:00,0.047,0.0479,0.0452,0.0464,441761752.0
2025-03-08 20:00:00,0.0464,0.0467,0.0439,0.0449,313111061.0
2025-03-09 00:00:00,0.045,0.0463,0.0443,0.0453,289977487.0
2025-03-09 04:00:00,0.0453,0.0458,0.0422,0.0455,465230977.0
2025-03-09 08:00:00,0.0455,0.0535,0.0437,0.0464,1189067872.0
2025-03-09 12:00:00,0.0464,0.0474,0.0396,0.0408,724704056.0
2025-03-09 16:00:00,0.0408,0.0411,0.0382,0.0393,485112149.0
2025-03-09 20:00:00,0.0393,0.041,0.039,0.0403,237740002.0
2025-03-10 00:00:00,0.0402,0.0417,0.0385,0.0392,371921469.0
2025-03-10 04:00:00,0.0392,0.0407,0.0389,0.0402,260617895.0
2025-03-10 08:00:00,0.0402,0.0417,0.0392,0.0412,415599925.0
2025-03-10 12:00:00,0.0412,0.0455,0.0387,0.0392,1022984536.0
2025-03-10 16:00:00,0.0391,0.0396,0.0358,0.0378,402904573.0
2025-03-10 20:00:00,0.0378,0.0384,0.0372,0.0375,168683411.0
2025-03-11 00:00:00,0.0375,0.0383,0.0339,0.0372,483360087.0
2025-03-11 04:00:00,0.0372,0.0382,0.036,0.0365,193194753.0
2025-03-11 08:00:00,0.0364,0.0368,0.0354,0.0359,177417273.0
2025-03-11 12:00:00,0.0358,0.0388,0.0349,0.0369,526071588.0
2025-03-11 16:00:00,0.0368,0.0388,0.0365,0.0376,220028052.0
2025-03-11 20:00:00,0.0375,0.0381,0.0365,0.0368,133391018.0
2025-03-12 00:00:00,0.0367,0.0369,0.0349,0.0351,193668906.0
2025-03-12 04:00:00,0.0352,0.0356,0.034,0.0355,241588024.0
2025-03-12 08:00:00,0.0354,0.0359,0.0341,0.0346,268047549.0
2025-03-12 12:00:00,0.0346,0.0358,0.0321,0.0336,438323453.0
2025-03-12 16:00:00,0.0337,0.0354,0.0334,0.0347,260798554.0
2025-03-12 20:00:00,0.0346,0.0354,0.0343,0.0345,114474281.0
2025-03-13 00:00:00,0.0346,0.0348,0.034,0.0343,124553509.0
2025-03-13 04:00:00,0.0344,0.0345,0.0334,0.034,147045323.0
2025-03-13 08:00:00,0.0339,0.0345,0.0334,0.0336,186344251.0
2025-03-13 12:00:00,0.0337,0.0353,0.0327,0.0351,323481151.0
2025-03-13 16:00:00,0.0351,0.0353,0.0335,0.0341,181240111.0
2025-03-13 20:00:00,0.0341,0.0345,0.0326,0.0343,115894684.0
2025-03-14 00:00:00,0.0343,0.0349,0.0338,0.0342,121900616.0
2025-03-14 04:00:00,0.0342,0.0347,0.0336,0.0336,106583626.0
2025-03-14 08:00:00,0.0336,0.0345,0.0333,0.0342,174329279.0
2025-03-14 12:00:00,0.0342,0.0357,0.0338,0.0351,193031652.0
2025-03-14 16:00:00,0.0351,0.0367,0.0343,0.0346,243099771.0
2025-03-14 20:00:00,0.0346,0.04,0.0343,0.038,430695805.0
2025-03-15 00:00:00,0.0379,0.0391,0.036,0.0363,318589768.0
2025-03-15 04:00:00,0.0364,0.0376,0.0352,0.036,206362413.0
2025-03-15 08:00:00,0.0359,0.0411,0.0354,0.0401,452717928.0
2025-03-15 12:00:00,0.0401,0.0446,0.0398,0.0433,1046175800.0
2025-03-15 16:00:00,0.0432,0.0435,0.039,0.0411,610144835.0
2025-03-15 20:00:00,0.0411,0.0424,0.0403,0.0407,224331872.0
2025-03-16 00:00:00,0.0408,0.0418,0.0396,0.0396,253768532.0
2025-03-16 04:00:00,0.0397,0.0428,0.0394,0.0415,343576404.0
2025-03-16 08:00:00,0.0415,0.0415,0.0385,0.0387,342596525.0
2025-03-16 12:00:00,0.0388,0.0395,0.0379,0.0383,307617868.0
2025-03-16 16:00:00,0.0384,0.0392,0.0368,0.0373,320192727.0
2025-03-16 20:00:00,0.0373,0.0376,0.0364,0.0371,148085488.0
2025-03-17 00:00:00,0.037,0.0395,0.0369,0.0387,254041380.0
2025-03-17 04:00:00,0.0386,0.0397,0.0376,0.0384,283962800.0
2025-03-17 08:00:00,0.0384,0.0385,0.0375,0.0379,251416665.0
2025-03-17 12:00:00,0.0379,0.0389,0.0373,0.0385,350119532.0
2025-03-17 16:00:00,0.0384,0.0388,0.0378,0.0385,136767031.0
2025-03-17 20:00:00,0.0385,0.0386,0.0379,0.0381,92503443.0
2025-03-18 00:00:00,0.0381,0.0383,0.0356,0.0358,185298660.0
2025-03-18 04:00:00,0.0358,0.036,0.0344,0.0346,193843825.0
2025-03-18 08:00:00,0.0346,0.0351,0.0343,0.0344,139319352.0
2025-03-18 12:00:00,0.0345,0.0348,0.0336,0.0339,148948095.0
2025-03-18 16:00:00,0.0338,0.0341,0.0327,0.0335,121663159.0
2025-03-18 20:00:00,0.0335,0.0349,0.0333,0.0346,100664849.0
2025-03-19 00:00:00,0.0345,0.0346,0.0335,0.0341,92346051.0
2025-03-19 04:00:00,0.0342,0.0343,0.0332,0.0334,84332851.0
2025-03-19 08:00:00,0.0333,0.0342,0.0328,0.0335,140292761.0
2025-03-19 12:00:00,0.0336,0.034,0.0331,0.0337,133347179.0
2025-03-19 16:00:00,0.0337,0.0339,0.0309,0.0335,223588803.0
2025-03-19 20:00:00,0.0335,0.0338,0.033,0.0338,72883229.0
2025-03-20 00:00:00,0.0338,0.0342,0.0329,0.0341,127466990.0
2025-03-20 04:00:00,0.0342,0.0345,0.0331,0.0335,116638440.0
2025-03-20 08:00:00,0.0335,0.0337,0.0328,0.0333,79905423.0
2025-03-20 12:00:00,0.0332,0.0338,0.0327,0.033,98592203.0
2025-03-20 16:00:00,0.0329,0.0333,0.0324,0.0327,97902297.0
2025-03-20 20:00:00,0.0326,0.0327,0.0321,0.0322,63130355.0
2025-03-21 00:00:00,0.0322,0.0323,0.0312,0.0315,117824858.0
2025-03-21 04:00:00,0.0315,0.0318,0.0288,0.0298,307714327.0
2025-03-21 08:00:00,0.0297,0.0327,0.0293,0.0314,683535469.0
2025-03-21 12:00:00,0.0314,0.0319,0.0299,0.0302,241082922.0
2025-03-21 16:00:00,0.0301,0.0309,0.0299,0.0309,96209713.0
2025-03-21 20:00:00,0.0309,0.0318,0.0303,0.0305,88392761.0
2025-03-22 00:00:00,0.0305,0.0316,0.0303,0.0314,123309818.0
2025-03-22 04:00:00,0.0313,0.034,0.0312,0.0323,243185585.0
2025-03-22 08:00:00,0.0322,0.033,0.0316,0.0322,140317173.0
2025-03-22 12:00:00,0.0322,0.0329,0.0319,0.0322,104952644.0
2025-03-22 16:00:00,0.0321,0.0325,0.0317,0.0319,56794899.0
2025-03-22 20:00:00,0.0318,0.0323,0.031,0.0311,87520942.0
2025-03-23 00:00:00,0.0311,0.0317,0.0309,0.0316,65912282.0
2025-03-23 04:00:00,0.0315,0.0319,0.0312,0.0317,47406082.0
2025-03-23 08:00:00,0.0316,0.0318,0.0311,0.0315,50755571.0
2025-03-23 12:00:00,0.0316,0.0366,0.0315,0.0339,736529438.0
2025-03-23 16:00:00,0.0339,0.0341,0.032,0.0334,192901937.0
2025-03-23 20:00:00,0.0334,0.0342,0.0332,0.0334,91014980.0
2025-03-24 00:00:00,0.0334,0.0337,0.0325,0.0335,99920746.0
2025-03-24 04:00:00,0.0335,0.0343,0.0332,0.0334,99828968.0
2025-03-24 08:00:00,0.0335,0.0339,0.033,0.0332,68306207.0
2025-03-24 12:00:00,0.0332,0.0353,0.0329,0.0337,232647160.0
2025-03-24 16:00:00,0.0336,0.0339,0.0332,0.0335,47016055.0
2025-03-24 20:00:00,0.0335,0.0337,0.0331,0.0337,41105662.0
2025-03-25 00:00:00,0.0336,0.0337,0.0318,0.032,105336845.0
2025-03-25 04:00:00,0.0321,0.0326,0.032,0.0326,46966275.0
2025-03-25 08:00:00,0.0325,0.0331,0.0321,0.033,62079135.0
2025-03-25 12:00:00,0.033,0.0335,0.0321,0.0329,108010916.0
2025-03-25 16:00:00,0.0328,0.0337,0.0326,0.0329,75399748.0
2025-03-25 20:00:00,0.0329,0.033,0.0324,0.0326,55343184.0
2025-03-26 00:00:00,0.0326,0.0327,0.032,0.0322,51742885.0
2025-03-26 04:00:00,0.0322,0.0337,0.0321,0.033,216218208.0
2025-03-26 08:00:00,0.0329,0.0332,0.0328,0.0329,42564032.0
2025-03-26 12:00:00,0.033,0.033,0.0309,0.0314,154388902.0
2025-03-26 16:00:00,0.0313,0.0315,0.0302,0.0305,104081995.0
2025-03-26 20:00:00,0.0305,0.0307,0.0293,0.0299,90541600.0
2025-03-27 00:00:00,0.0299,0.0313,0.0299,0.0313,81482733.0
2025-03-27 04:00:00,0.0312,0.0314,0.0309,0.0314,65366837.0
2025-03-27 08:00:00,0.0314,0.0315,0.0307,0.0308,65176988.0
2025-03-27 12:00:00,0.0308,0.0311,0.03,0.0308,96529431.0
2025-03-27 16:00:00,0.0308,0.0315,0.0306,0.0307,56075805.0
2025-03-27 20:00:00,0.0307,0.0314,0.0305,0.0308,80943116.0
2025-03-28 00:00:00,0.0308,0.0309,0.0297,0.03,100183563.0
2025-03-28 04:00:00,0.0299,0.0301,0.029,0.0293,98613838.0
2025-03-28 08:00:00,0.0294,0.0298,0.0291,0.0297,77178533.0
2025-03-28 12:00:00,0.0297,0.0307,0.0296,0.0305,168276604.0
2025-03-28 16:00:00,0.0304,0.0306,0.0291,0.0292,70445295.0
2025-03-28 20:00:00,0.0292,0.0298,0.029,0.0297,75774751.0
2025-03-29 00:00:00,0.0297,0.0303,0.0289,0.0295,92344464.0
2025-03-29 04:00:00,0.0294,0.0295,0.0245,0.0282,495267591.0
2025-03-29 08:00:00,0.0282,0.0285,0.0258,0.0262,165040041.0
2025-03-29 12:00:00,0.0262,0.0272,0.026,0.0268,103839442.0
2025-03-29 16:00:00,0.0267,0.0268,0.0258,0.0263,135902285.0
2025-03-29 20:00:00,0.0263,0.0263,0.0255,0.0261,86822910.0
2025-03-30 00:00:00,0.0262,0.027,0.0259,0.0268,114937195.0
2025-03-30 04:00:00,0.0268,0.0285,0.0268,0.0275,190635924.0
2025-03-30 08:00:00,0.0275,0.0277,0.0264,0.0266,82259998.0
2025-03-30 12:00:00,0.0267,0.0275,0.0265,0.0271,82563842.0
2025-03-30 16:00:00,0.0271,0.0275,0.0267,0.0271,61179018.0
2025-03-30 20:00:00,0.027,0.0272,0.0263,0.0265,59336714.0
2025-03-31 00:00:00,0.0266,0.0269,0.026,0.0265,95277722.0
2025-03-31 04:00:00,0.0266,0.0272,0.0258,0.0262,100840889.0
2025-03-31 08:00:00,0.0262,0.0263,0.0255,0.026,103691899.0
2025-03-31 12:00:00,0.026,0.0266,0.0254,0.0259,118231706.0
2025-03-31 16:00:00,0.0259,0.0262,0.0254,0.0257,66912348.0
2025-03-31 20:00:00,0.0258,0.026,0.0252,0.0254,48222599.0
2025-04-01 00:00:00,0.0255,0.0269,0.0254,0.0266,60914366.0
2025-04-01 04:00:00,0.0265,0.0274,0.0262,0.0269,88848953.0
2025-04-01 08:00:00,0.0269,0.0274,0.026,0.0261,84023722.0
2025-04-01 12:00:00,0.0262,0.027,0.0257,0.0267,108365518.0
2025-04-01 16:00:00,0.0267,0.0269,0.0251,0.0251,90082381.0
2025-04-01 20:00:00,0.0251,0.0257,0.0246,0.0254,63579506.0
2025-04-02 00:00:00,0.0254,0.0258,0.0237,0.0243,162890129.0
2025-04-02 04:00:00,0.0243,0.0245,0.0232,0.0237,119131068.0
2025-04-02 08:00:00,0.0237,0.0243,0.0236,0.0238,76591985.0
2025-04-02 12:00:00,0.0237,0.0245,0.0231,0.0242,156216889.0
2025-04-02 16:00:00,0.0242,0.0244,0.0234,0.0242,97405021.0
2025-04-02 20:00:00,0.0242,0.0252,0.0233,0.0234,174289757.0
2025-04-03 00:00:00,0.0234,0.024,0.0232,0.0237,38425549.0
2025-04-03 04:00:00,0.0238,0.0242,0.0232,0.0234,43934070.0
2025-04-03 08:00:00,0.0234,0.0235,0.0223,0.0228,64163459.0
2025-04-03 12:00:00,0.0229,0.0234,0.0223,0.0231,83609977.0
2025-04-03 16:00:00,0.0231,0.0238,0.023,0.0236,40319803.0
2025-04-03 20:00:00,0.0236,0.0239,0.0225,0.0229,69603036.0
2025-04-04 00:00:00,0.0229,0.0233,0.0219,0.0228,77081474.0
2025-04-04 04:00:00,0.0228,0.0233,0.0225,0.023,87153618.0
2025-04-04 08:00:00,0.0229,0.0235,0.0217,0.0221,99200766.0
2025-04-04 12:00:00,0.0221,0.0231,0.0218,0.0227,116042598.0
2025-04-04 16:00:00,0.0227,0.0233,0.0224,0.0229,72981528.0
2025-04-04 20:00:00,0.0229,0.0233,0.0228,0.023,38961271.0
2025-04-05 00:00:00,0.023,0.0234,0.0229,0.0232,40744638.0
2025-04-05 04:00:00,0.0232,0.0238,0.0232,0.0234,69343379.0
2025-04-05 08:00:00,0.0234,0.0236,0.0231,0.0232,47067397.0
2025-04-05 12:00:00,0.0232,0.0235,0.0229,0.0231,55599533.0
2025-04-05 16:00:00,0.023,0.0232,0.0225,0.0228,63194832.0
2025-04-05 20:00:00,0.0227,0.0232,0.0226,0.0231,38640623.0
2025-04-06 00:00:00,0.0231,0.0236,0.0227,0.0233,66565658.0
2025-04-06 04:00:00,0.0233,0.0234,0.0224,0.0225,72486187.0
2025-04-06 08:00:00,0.0225,0.023,0.0224,0.0225,79781961.0
2025-04-06 12:00:00,0.0226,0.0226,0.0213,0.022,119736028.0
2025-04-06 16:00:00,0.022,0.0221,0.0202,0.0206,211852041.0
2025-04-06 20:00:00,0.0206,0.021,0.02,0.0208,124728803.0
2025-04-07 00:00:00,0.0207,0.0211,0.0199,0.0202,115813709.0
2025-04-07 04:00:00,0.0203,0.0209,0.0193,0.0204,181867954.0
2025-04-07 08:00:00,0.0204,0.0213,0.0201,0.0209,124719801.0
2025-04-07 12:00:00,0.0208,0.0226,0.0206,0.0214,237357304.0
2025-04-07 16:00:00,0.0214,0.0217,0.0209,0.0212,85004612.0
2025-04-07 20:00:00,0.0212,0.0218,0.0211,0.0215,46442523.0
2025-04-08 00:00:00,0.0215,0.022,0.0212,0.0217,58171648.0
2025-04-08 04:00:00,0.0217,0.0221,0.0213,0.0216,95154902.0
2025-04-08 08:00:00,0.0215,0.0221,0.0211,0.022,64711261.0
2025-04-08 12:00:00,0.0219,0.0225,0.0212,0.0215,97534190.0
2025-04-08 16:00:00,0.0215,0.0215,0.0207,0.0209,66865596.0
2025-04-08 20:00:00,0.0209,0.0213,0.0207,0.0209,38506627.0
2025-04-09 00:00:00,0.0209,0.0217,0.0198,0.0215,84745595.0
2025-04-09 04:00:00,0.0215,0.022,0.0212,0.022,58193930.0
2025-04-09 08:00:00,0.0219,0.0226,0.0217,0.0219,74920612.0
2025-04-09 12:00:00,0.022,0.0231,0.0218,0.0226,64824786.0
2025-04-09 16:00:00,0.0226,0.0236,0.0222,0.0232,94568306.0
2025-04-09 20:00:00,0.0232,0.0236,0.0232,0.0233,23328415.0
2025-04-10 00:00:00,0.0233,0.0234,0.0223,0.0223,70155630.0
2025-04-10 04:00:00,0.0223,0.0224,0.0201,0.0205,340757396.0
2025-04-10 08:00:00,0.0206,0.0209,0.0203,0.0205,78893902.0
2025-04-10 12:00:00,0.0205,0.0211,0.0199,0.0203,129874402.0
2025-04-10 16:00:00,0.0203,0.0207,0.0201,0.0203,56029213.0
2025-04-10 20:00:00,0.0203,0.0207,0.0202,0.0207,30267627.0
2025-04-11 00:00:00,0.0207,0.0216,0.0206,0.021,85112424.0
2025-04-11 04:00:00,0.021,0.0212,0.0206,0.0207,28447029.0
2025-04-11 08:00:00,0.0207,0.0209,0.0204,0.0206,58558395.0
2025-04-11 12:00:00,0.0207,0.0213,0.0206,0.0211,71262614.0
2025-04-11 16:00:00,0.0211,0.0217,0.021,0.0211,66398131.0
2025-04-11 20:00:00,0.0211,0.0214,0.0208,0.0211,38193295.0
2025-04-12 00:00:00,0.021,0.0211,0.0207,0.0209,23145573.0
2025-04-12 04:00:00,0.0208,0.0211,0.0206,0.0207,35293362.0
2025-04-12 08:00:00,0.0207,0.0211,0.0205,0.0208,41149936.0
2025-04-12 12:00:00,0.0208,0.0217,0.0207,0.0215,94274673.0
2025-04-12 16:00:00,0.0214,0.0225,0.0214,0.0215,96051487.0
2025-04-12 20:00:00,0.0215,0.0222,0.0215,0.022,22392122.0
2025-04-13 00:00:00,0.022,0.0223,0.0215,0.0218,28292635.0
2025-04-13 04:00:00,0.0219,0.0219,0.0216,0.0217,21043003.0
2025-04-13 08:00:00,0.0216,0.0218,0.0215,0.0215,23754659.0
2025-04-13 12:00:00,0.0216,0.0217,0.0204,0.0207,51022079.0
2025-04-13 16:00:00,0.0206,0.0216,0.0171,0.018,381324217.0
2025-04-13 20:00:00,0.0181,0.0188,0.0173,0.0176,169788705.0
2025-04-14 00:00:00,0.0175,0.0181,0.0166,0.0173,203757644.0
2025-04-14 04:00:00,0.0173,0.0177,0.0167,0.0172,221164937.0
2025-04-14 08:00:00,0.0173,0.0178,0.0168,0.0177,297303006.0
2025-04-14 12:00:00,0.0176,0.0194,0.0169,0.0172,440112447.0
2025-04-14 16:00:00,0.0172,0.0177,0.0171,0.0175,153843837.0
2025-04-14 20:00:00,0.0175,0.0176,0.0171,0.0175,68500587.0
2025-04-15 00:00:00,0.0175,0.018,0.0173,0.0175,108119808.0
2025-04-15 04:00:00,0.0175,0.0177,0.0173,0.0175,61846835.0
2025-04-15 08:00:00,0.0174,0.0182,0.017,0.0172,198176955.0
2025-04-15 12:00:00,0.0173,0.0178,0.0172,0.0174,117018351.0
2025-04-15 16:00:00,0.0174,0.0179,0.0172,0.0177,75958883.0
2025-04-15 20:00:00,0.0177,0.0177,0.0168,0.0171,77876553.0
2025-04-16 00:00:00,0.017,0.0177,0.017,0.0174,54771770.0
2025-04-16 04:00:00,0.0175,0.0179,0.0172,0.0175,109123683.0
2025-04-16 08:00:00,0.0174,0.0177,0.0171,0.0175,95262753.0
2025-04-16 12:00:00,0.0175,0.0178,0.0173,0.0174,98868698.0
2025-04-16 16:00:00,0.0174,0.018,0.0171,0.0179,118284441.0
2025-04-16 20:00:00,0.0179,0.0181,0.0173,0.0174,65391085.0
2025-04-17 00:00:00,0.0175,0.0176,0.0167,0.0168,108556412.0
2025-04-17 04:00:00,0.0168,0.0173,0.0164,0.01711,101482611.0
2025-04-17 08:00:00,0.01712,0.01717,0.01668,0.01668,56487591.0
2025-04-17 12:00:00,0.01669,0.01671,0.01572,0.01637,231829215.0
2025-04-17 16:00:00,0.01636,0.01676,0.01615,0.01639,85548763.0
2025-04-17 20:00:00,0.01639,0.01655,0.01605,0.01628,54339135.0
2025-04-18 00:00:00,0.01628,0.01637,0.01595,0.01617,50462824.0
2025-04-18 04:00:00,0.01617,0.01686,0.01611,0.0168,75651751.0
2025-04-18 08:00:00,0.01681,0.01697,0.01672,0.01686,68150496.0
2025-04-18 12:00:00,0.01685,0.01719,0.01672,0.01673,69484870.0
2025-04-18 16:00:00,0.01673,0.01682,0.01586,0.01596,98895371.0
2025-04-18 20:00:00,0.01596,0.01597,0.01515,0.01558,166431130.0
2025-04-19 00:00:00,0.01558,0.0168,0.01556,0.01646,203099551.0
2025-04-19 04:00:00,0.01645,0.01688,0.01632,0.01668,157093030.0
2025-04-19 08:00:00,0.01669,0.01699,0.01655,0.01663,80578195.0
2025-04-19 12:00:00,0.01664,0.01696,0.01644,0.01685,113649621.0
2025-04-19 16:00:00,0.01685,0.01695,0.01662,0.01675,107193259.0
2025-04-19 20:00:00,0.01674,0.01687,0.01659,0.01669,51980668.0
2025-04-20 00:00:00,0.01668,0.01768,0.01638,0.01746,166532705.0
2025-04-20 04:00:00,0.01745,0.01933,0.01728,0.01818,334946535.0
2025-04-20 08:00:00,0.01818,0.0183,0.01733,0.01809,166021731.0
2025-04-20 12:00:00,0.01809,0.01909,0.01778,0.01887,323359852.0
2025-04-20 16:00:00,0.01887,0.01908,0.0183,0.01884,147859467.0
2025-04-20 20:00:00,0.01884,0.01979,0.01845,0.01872,200769463.0
2025-04-21 00:00:00,0.01873,0.01917,0.01831,0.01849,155717619.0
2025-04-21 04:00:00,0.01848,0.01947,0.01815,0.01893,181422177.0
2025-04-21 08:00:00,0.01894,0.01956,0.01845,0.01887,174246603.0
2025-04-21 12:00:00,0.01887,0.01909,0.01838,0.01853,121829714.0
2025-04-21 16:00:00,0.01854,0.01858,0.01767,0.01798,154246504.0
2025-04-21 20:00:00,0.01798,0.01799,0.01746,0.01757,94649449.0
2025-04-22 00:00:00,0.01756,0.01779,0.01699,0.01741,299823095.0
2025-04-22 04:00:00,0.01742,0.01744,0.01664,0.0171,166329357.0
2025-04-22 08:00:00,0.01709,0.0171,0.01665,0.01704,196318889.0
2025-04-22 12:00:00,0.01704,0.01738,0.01688,0.01713,247306310.0
2025-04-22 16:00:00,0.01713,0.01795,0.01705,0.01775,229345693.0
2025-04-22 20:00:00,0.01775,0.01877,0.01772,0.01869,141037941.0
2025-04-23 00:00:00,0.01869,0.01934,0.01826,0.01927,217249576.0
2025-04-23 04:00:00,0.01927,0.01935,0.01876,0.01903,189128944.0
2025-04-23 08:00:00,0.01902,0.01914,0.01858,0.01897,127820211.0
2025-04-23 12:00:00,0.01898,0.01947,0.01853,0.01886,287156974.0
2025-04-23 16:00:00,0.01887,0.01959,0.01861,0.01908,199032748.0
2025-04-23 20:00:00,0.01907,0.01996,0.01898,0.01958,148601957.0
2025-04-24 00:00:00,0.01957,0.01986,0.01891,0.01896,324577011.0
2025-04-24 04:00:00,0.01895,0.02297,0.01895,0.02013,1263519677.0
2025-04-24 08:00:00,0.02013,0.02072,0.01931,0.02038,440858249.0
2025-04-24 12:00:00,0.02038,0.02103,0.01968,0.02081,318648752.0
2025-04-24 16:00:00,0.02082,0.02096,0.02022,0.02043,267390241.0
2025-04-24 20:00:00,0.02044,0.02155,0.02041,0.02124,160615935.0
2025-04-25 00:00:00,0.02124,0.02309,0.02067,0.02124,388345478.0
2025-04-25 04:00:00,0.02125,0.02293,0.02112,0.02251,280643992.0
2025-04-25 08:00:00,0.02251,0.02255,0.02177,0.02222,119130055.0
2025-04-25 12:00:00,0.02222,0.02259,0.02121,0.02156,181880693.0
2025-04-25 16:00:00,0.02156,0.02213,0.02132,0.02201,98859090.0
2025-04-25 20:00:00,0.022,0.02262,0.02168,0.02241,58727018.0
2025-04-26 00:00:00,0.02241,0.02367,0.02208,0.02337,88132904.0
2025-04-26 04:00:00,0.02337,0.02391,0.02242,0.02295,125834299.0
2025-04-26 08:00:00,0.02294,0.02331,0.02142,0.02166,124048831.0
2025-04-26 12:00:00,0.02166,0.02254,0.02166,0.02224,99724124.0
2025-04-26 16:00:00,0.02223,0.02279,0.02188,0.02206,61326783.0
2025-04-26 20:00:00,0.02205,0.02239,0.02188,0.02228,32286550.0
2025-04-27 00:00:00,0.02228,0.02232,0.02073,0.02107,100113791.0
2025-04-27 04:00:00,0.02106,0.0212,0.02026,0.02073,77388922.0
2025-04-27 08:00:00,0.02073,0.02172,0.02068,0.02155,87148620.0
2025-04-27 12:00:00,0.02154,0.02157,0.02057,0.02101,66565780.0
2025-04-27 16:00:00,0.02102,0.02135,0.02057,0.02082,46046493.0
2025-04-27 20:00:00,0.02083,0.02103,0.02054,0.02073,34081373.0
2025-04-28 00:00:00,0.02073,0.02124,0.01986,0.02052,108917688.0
2025-04-28 04:00:00,0.02054,0.02145,0.02035,0.02128,59331694.0
2025-04-28 08:00:00,0.02128,0.02156,0.02085,0.02105,58962340.0
2025-04-28 12:00:00,0.02106,0.02114,0.0199,0.02008,60689495.0
2025-04-28 16:00:00,0.02007,0.0211,0.0199,0.02083,43770753.0
2025-04-28 20:00:00,0.02083,0.02109,0.02062,0.02094,37189703.0
2025-04-29 00:00:00,0.02095,0.02125,0.02075,0.02114,42886764.0
2025-04-29 04:00:00,0.02114,0.02189,0.02071,0.02182,54824110.0
2025-04-29 08:00:00,0.02181,0.02192,0.02062,0.02088,65064411.0
2025-04-29 12:00:00,0.02088,0.02193,0.02034,0.02173,77807364.0
2025-04-29 16:00:00,0.02175,0.02212,0.02087,0.02105,66741717.0
2025-04-29 20:00:00,0.02105,0.02114,0.0204,0.0206,43466364.0
2025-04-30 00:00:00,0.0206,0.0214,0.02049,0.02125,69884069.0
2025-04-30 04:00:00,0.02125,0.02199,0.0208,0.02127,130782559.0
2025-04-30 08:00:00,0.02127,0.02412,0.02106,0.02302,351373440.0
2025-04-30 12:00:00,0.02301,0.02352,0.02206,0.02316,188582588.0
2025-04-30 16:00:00,0.02317,0.02376,0.02259,0.02319,135121582.0
2025-04-30 20:00:00,0.0232,0.02348,0.02256,0.02333,57853748.0
2025-05-01 00:00:00,0.02333,0.02423,0.02284,0.0229,113733311.0
2025-05-01 04:00:00,0.02291,0.02359,0.02269,0.02315,83572969.0
2025-05-01 08:00:00,0.02316,0.02355,0.02268,0.02326,57699196.0
2025-05-01 12:00:00,0.02326,0.02342,0.02273,0.02297,60033501.0
2025-05-01 16:00:00,0.02297,0.02304,0.02225,0.02243,55113842.0
2025-05-01 20:00:00,0.02243,0.02257,0.02183,0.02227,40496298.0
2025-05-02 00:00:00,0.02225,0.02271,0.02197,0.02216,42290358.0
2025-05-02 04:00:00,0.02215,0.02219,0.02177,0.02195,28195889.0
2025-05-02 08:00:00,0.02195,0.02216,0.02176,0.02198,29066682.0
2025-05-02 12:00:00,0.02197,0.02279,0.02176,0.02269,38175596.0
2025-05-02 16:00:00,0.02268,0.02286,0.02182,0.02192,33554097.0
2025-05-02 20:00:00,0.02192,0.02263,0.02191,0.02244,22820618.0
2025-05-03 00:00:00,0.02244,0.0225,0.02101,0.02146,61463080.0
2025-05-03 04:00:00,0.02145,0.0221,0.0212,0.02174,39949389.0
2025-05-03 08:00:00,0.02174,0.0218,0.02101,0.02119,29415248.0
2025-05-03 12:00:00,0.02119,0.02139,0.02102,0.02119,25835554.0
2025-05-03 16:00:00,0.0212,0.0212,0.0201,0.02062,52164584.0
2025-05-03 20:00:00,0.02063,0.02082,0.02036,0.02036,21059251.0
2025-05-04 00:00:00,0.02037,0.0204,0.01955,0.02003,59139548.0
2025-05-04 04:00:00,0.02003,0.02012,0.01949,0.01963,36400706.0
2025-05-04 08:00:00,0.01964,0.01974,0.01925,0.01961,31891313.0
2025-05-04 12:00:00,0.0196,0.01971,0.01921,0.01932,22145876.0
2025-05-04 16:00:00,0.01932,0.01939,0.01893,0.01918,27791047.0
2025-05-04 20:00:00,0.01918,0.01966,0.01897,0.01898,41768132.0
2025-05-05 00:00:00,0.019,0.01969,0.01895,0.01942,44672109.0
2025-05-05 04:00:00,0.01941,0.0198,0.01919,0.01955,53825396.0
2025-05-05 08:00:00,0.01955,0.01966,0.01905,0.01929,28078437.0
2025-05-05 12:00:00,0.01929,0.01932,0.01881,0.01908,42702619.0
2025-05-05 16:00:00,0.01909,0.01953,0.01902,0.01911,30233142.0
2025-05-05 20:00:00,0.01911,0.01938,0.01869,0.01909,24963982.0
2025-05-06 00:00:00,0.01909,0.01926,0.0188,0.01911,29086568.0
2025-05-06 04:00:00,0.01912,0.01979,0.01912,0.01946,49248900.0
2025-05-06 08:00:00,0.01947,0.01984,0.01902,0.01963,109744215.0
2025-05-06 12:00:00,0.01963,0.02124,0.0193,0.01965,209514931.0
2025-05-06 16:00:00,0.01966,0.02058,0.01941,0.02017,113169521.0
2025-05-06 20:00:00,0.02016,0.02043,0.01949,0.02016,59912170.0
2025-05-07 00:00:00,0.02017,0.02081,0.02008,0.02042,44628938.0
2025-05-07 04:00:00,0.02042,0.02049,0.01998,0.02025,29041413.0
2025-05-07 08:00:00,0.02025,0.02056,0.01987,0.02046,44040897.0
2025-05-07 12:00:00,0.02046,0.02055,0.01994,0.02006,44225253.0
2025-05-07 16:00:00,0.02004,0.02012,0.01945,0.01981,45287291.0
2025-05-07 20:00:00,0.01981,0.02088,0.01974,0.02066,32206469.0
2025-05-08 00:00:00,0.02066,0.02094,0.02034,0.02083,35011534.0
2025-05-08 04:00:00,0.02084,0.02143,0.02074,0.02115,29348102.0
2025-05-08 08:00:00,0.02115,0.02183,0.02104,0.0216,33601332.0
2025-05-08 12:00:00,0.02159,0.02201,0.0212,0.0218,31373866.0
2025-05-08 16:00:00,0.02181,0.02225,0.02166,0.02185,30577139.0
2025-05-08 20:00:00,0.02185,0.02243,0.02177,0.02218,34279429.0
2025-05-09 00:00:00,0.02218,0.02266,0.02205,0.02214,36239318.0
2025-05-09 04:00:00,0.02213,0.02353,0.02211,0.0229,46598698.0
2025-05-09 08:00:00,0.0229,0.02328,0.02232,0.02264,57393758.0
2025-05-09 12:00:00,0.02266,0.02321,0.02233,0.02295,42950383.0
2025-05-09 16:00:00,0.02295,0.02382,0.02267,0.02372,37955547.0
2025-05-09 20:00:00,0.02372,0.0248,0.02354,0.02429,44694767.0
2025-05-10 00:00:00,0.02429,0.02536,0.02419,0.02513,62454074.0
2025-05-10 04:00:00,0.02513,0.0253,0.02445,0.02512,46661782.0
2025-05-10 08:00:00,0.02513,0.02533,0.02379,0.02419,57224147.0
2025-05-10 12:00:00,0.02421,0.02455,0.02368,0.02408,45230359.0
2025-05-10 16:00:00,0.02408,0.02502,0.02398,0.02457,33735278.0
2025-05-10 20:00:00,0.02457,0.02562,0.02452,0.02559,24080621.0
2025-05-11 00:00:00,0.02558,0.02653,0.0248,0.02512,62080114.0
2025-05-11 04:00:00,0.02512,0.02579,0.02403,0.02438,39317973.0
2025-05-11 08:00:00,0.02438,0.02541,0.02418,0.02517,33291092.0
2025-05-11 12:00:00,0.02517,0.02579,0.02447,0.02529,41905000.0
2025-05-11 16:00:00,0.02529,0.02564,0.02479,0.02505,21916174.0
2025-05-11 20:00:00,0.02504,0.02527,0.02471,0.02502,19352061.0
2025-05-12 00:00:00,0.02502,0.02705,0.02501,0.02676,61463448.0
2025-05-12 04:00:00,0.02676,0.02745,0.02584,0.02673,85864260.0
2025-05-12 08:00:00,0.02673,0.02704,0.02576,0.02591,41766641.0
2025-05-12 12:00:00,0.02591,0.02654,0.02461,0.02527,48815806.0
2025-05-12 16:00:00,0.02527,0.02585,0.02325,0.02454,62674791.0
2025-05-12 20:00:00,0.02454,0.02495,0.0245,0.02483,13660055.0
2025-05-13 00:00:00,0.02484,0.02518,0.02351,0.02356,40805573.0
2025-05-13 04:00:00,0.02355,0.02506,0.02353,0.02501,22847792.0
2025-05-13 08:00:00,0.025,0.02606,0.02497,0.02588,35441758.0
2025-05-13 12:00:00,0.02587,0.02644,0.02536,0.02615,42435495.0
2025-05-13 16:00:00,0.02615,0.02701,0.02611,0.02683,25312566.0
2025-05-13 20:00:00,0.02683,0.02763,0.02645,0.02658,40496085.0
2025-05-14 00:00:00,0.02657,0.02703,0.02633,0.02674,34794449.0
2025-05-14 04:00:00,0.02674,0.02684,0.0262,0.02644,19951693.0
2025-05-14 08:00:00,0.02643,0.0272,0.02552,0.0268,44326595.0
2025-05-14 12:00:00,0.0268,0.02682,0.02556,0.02573,30120433.0
2025-05-14 16:00:00,0.02573,0.02611,0.02536,0.02549,18565113.0
2025-05-14 20:00:00,0.02549,0.02571,0.02506,0.02507,25128774.0
2025-05-15 00:00:00,0.02508,0.02552,0.02441,0.02448,23245041.0
2025-05-15 04:00:00,0.02447,0.02472,0.02326,0.02332,28986489.0
2025-05-15 08:00:00,0.02332,0.02396,0.02324,0.02363,25472892.0
2025-05-15 12:00:00,0.02363,0.02406,0.0227,0.02388,40374268.0
2025-05-15 16:00:00,0.02388,0.02411,0.02311,0.02331,29071570.0
2025-05-15 20:00:00,0.02332,0.02343,0.02244,0.02309,27549510.0
2025-05-16 00:00:00,0.02309,0.02363,0.02294,0.02342,22662391.0
2025-05-16 04:00:00,0.02342,0.02362,0.02316,0.02344,15981426.0
2025-05-16 08:00:00,0.02344,0.02364,0.02293,0.0235,20529435.0
2025-05-16 12:00:00,0.02349,0.02363,0.02308,0.02337,20702787.0
2025-05-16 16:00:00,0.02336,0.02404,0.02317,0.02358,52852757.0
2025-05-16 20:00:00,0.02358,0.0236,0.02296,0.02314,15524165.0
2025-05-17 00:00:00,0.02314,0.02326,0.02222,0.02278,32822198.0
2025-05-17 04:00:00,0.02279,0.02301,0.02227,0.02236,21916924.0
2025-05-17 08:00:00,0.02235,0.02259,0.02205,0.02239,23216803.0
2025-05-17 12:00:00,0.02239,0.02264,0.02194,0.02248,16896001.0
2025-05-17 16:00:00,0.02248,0.02264,0.02204,0.02221,35449394.0
2025-05-17 20:00:00,0.02222,0.02258,0.02211,0.02235,25459370.0
2025-05-18 00:00:00,0.02236,0.02256,0.0221,0.02231,18103653.0
2025-05-18 04:00:00,0.02231,0.02286,0.02222,0.02277,17524455.0
2025-05-18 08:00:00,0.02279,0.02321,0.02255,0.02257,22968573.0
2025-05-18 12:00:00,0.02257,0.02338,0.0224,0.0233,28252067.0
2025-05-18 16:00:00,0.02331,0.02398,0.02211,0.02211,83164854.0
2025-05-18 20:00:00,0.02211,0.02322,0.02155,0.0231,29223560.0
2025-05-19 00:00:00,0.02311,0.02314,0.02193,0.02199,20696916.0
2025-05-19 04:00:00,0.02199,0.02213,0.02139,0.02181,29734055.0
2025-05-19 08:00:00,0.02181,0.02201,0.02162,0.02176,17410549.0
2025-05-19 12:00:00,0.02176,0.02237,0.02144,0.02234,20291718.0
2025-05-19 16:00:00,0.02235,0.02302,0.02211,0.02285,28279993.0
2025-05-19 20:00:00,0.02286,0.02301,0.02271,0.02295,11832544.0
2025-05-20 00:00:00,0.02295,0.02325,0.02271,0.02287,19244777.0
2025-05-20 04:00:00,0.02286,0.02299,0.02251,0.02256,13121699.0
2025-05-20 08:00:00,0.02255,0.02269,0.02224,0.0225,14453104.0
2025-05-20 12:00:00,0.02251,0.02285,0.02217,0.02274,15178199.0
2025-05-20 16:00:00,0.02273,0.02296,0.02229,0.02287,19392751.0
2025-05-20 20:00:00,0.02288,0.02346,0.02284,0.02344,18114853.0
2025-05-21 00:00:00,0.02344,0.02373,0.02314,0.02344,18379682.0
2025-05-21 04:00:00,0.02342,0.02367,0.02309,0.0232,17353867.0
2025-05-21 08:00:00,0.0232,0.02358,0.02293,0.02338,12600460.0
2025-05-21 12:00:00,0.02337,0.02379,0.02331,0.02366,23084552.0
2025-05-21 16:00:00,0.02366,0.02431,0.02311,0.02396,34161782.0
2025-05-21 20:00:00,0.02395,0.02413,0.02359,0.0239,21200525.0
2025-05-22 00:00:00,0.02391,0.02486,0.0239,0.02486,17835234.0
2025-05-22 04:00:00,0.02485,0.02571,0.02472,0.02534,36640110.0
2025-05-22 08:00:00,0.02534,0.02562,0.02523,0.02542,16870808.0
2025-05-22 12:00:00,0.02541,0.02609,0.02512,0.02576,29221333.0
2025-05-22 16:00:00,0.02577,0.02638,0.02563,0.02607,20516627.0
2025-05-22 20:00:00,0.02608,0.02627,0.02557,0.02616,17540203.0
2025-05-23 00:00:00,0.02617,0.02632,0.02587,0.02619,13811593.0
2025-05-23 04:00:00,0.02619,0.02625,0.02564,0.02603,22653040.0
2025-05-23 08:00:00,0.02604,0.02625,0.02456,0.02478,21955752.0
2025-05-23 12:00:00,0.02478,0.0256,0.02433,0.025,32151507.0
2025-05-23 16:00:00,0.025,0.0254,0.02472,0.02473,10956266.0
2025-05-23 20:00:00,0.02474,0.02474,0.02326,0.02349,23943640.0
2025-05-24 00:00:00,0.0235,0.02408,0.02344,0.02407,14444410.0
2025-05-24 04:00:00,0.02406,0.02425,0.02391,0.0241,9519505.0
2025-05-24 08:00:00,0.02411,0.0246,0.02368,0.02456,16265417.0
2025-05-24 12:00:00,0.02455,0.02546,0.02432,0.02512,36903098.0
2025-05-24 16:00:00,0.02513,0.0255,0.02434,0.02444,25369622.0
2025-05-24 20:00:00,0.02445,0.02459,0.0239,0.02402,17663497.0
2025-05-25 00:00:00,0.02402,0.02416,0.02306,0.02373,21698632.0
2025-05-25 04:00:00,0.02373,0.024,0.02329,0.02348,13680272.0
2025-05-25 08:00:00,0.02348,0.02348,0.02293,0.02315,11986760.0
2025-05-25 12:00:00,0.02315,0.02326,0.02235,0.02283,19874120.0
2025-05-25 16:00:00,0.02282,0.02319,0.02249,0.02305,15420503.0
2025-05-25 20:00:00,0.02305,0.02362,0.02286,0.02351,10191811.0
2025-05-26 00:00:00,0.02352,0.02408,0.0233,0.02404,15250535.0
2025-05-26 04:00:00,0.02404,0.02424,0.02391,0.02409,9147848.0
2025-05-26 08:00:00,0.02409,0.02417,0.02378,0.02394,11655985.0
2025-05-26 12:00:00,0.02393,0.02402,0.02329,0.02381,18021647.0
2025-05-26 16:00:00,0.02382,0.02394,0.02303,0.02342,13188040.0
2025-05-26 20:00:00,0.02341,0.0238,0.02331,0.02349,9951491.0
2025-05-27 00:00:00,0.02348,0.02352,0.02264,0.02325,16546467.0
2025-05-27 04:00:00,0.02325,0.02367,0.02297,0.02358,14714928.0
2025-05-27 08:00:00,0.0236,0.02387,0.02353,0.02373,9836100.0
2025-05-27 12:00:00,0.02372,0.02413,0.02335,0.0238,15097009.0
2025-05-27 16:00:00,0.02381,0.0244,0.02377,0.02401,16122211.0
2025-05-27 20:00:00,0.02401,0.02413,0.02365,0.02393,9614854.0
2025-05-28 00:00:00,0.02391,0.02417,0.02367,0.02396,8212452.0
2025-05-28 04:00:00,0.02394,0.02419,0.02367,0.02377,8000116.0
2025-05-28 08:00:00,0.02378,0.02391,0.02331,0.02384,14787106.0
2025-05-28 12:00:00,0.02384,0.02426,0.02325,0.02358,19787770.0
2025-05-28 16:00:00,0.02357,0.02392,0.0233,0.0234,18535442.0
2025-05-28 20:00:00,0.02339,0.02419,0.02331,0.02412,9397464.0
2025-05-29 00:00:00,0.02411,0.0243,0.02374,0.02393,16935228.0
2025-05-29 04:00:00,0.02394,0.02406,0.02352,0.02385,12752765.0
2025-05-29 08:00:00,0.02386,0.02466,0.02372,0.02428,32131866.0
2025-05-29 12:00:00,0.02426,0.02432,0.0236,0.02384,23724715.0
2025-05-29 16:00:00,0.02385,0.02421,0.02345,0.02357,18120159.0
2025-05-29 20:00:00,0.02357,0.02395,0.0235,0.02359,14258712.0
2025-05-30 00:00:00,0.02358,0.02366,0.02187,0.02291,40318069.0
2025-05-30 04:00:00,0.02291,0.02301,0.02209,0.02221,22437584.0
2025-05-30 08:00:00,0.02221,0.0224,0.02131,0.02199,26635519.0
2025-05-30 12:00:00,0.02199,0.0222,0.0216,0.02169,20999764.0
2025-05-30 16:00:00,0.02169,0.02182,0.0209,0.02151,23824695.0
2025-05-30 20:00:00,0.0215,0.02155,0.02013,0.02033,24611656.0
2025-05-31 00:00:00,0.02032,0.02071,0.0201,0.02033,37755086.0
2025-05-31 04:00:00,0.02034,0.02084,0.0202,0.02063,19143240.0
2025-05-31 08:00:00,0.02064,0.02088,0.02029,0.02064,27840285.0
2025-05-31 12:00:00,0.02063,0.02125,0.02054,0.02105,23640255.0
2025-05-31 16:00:00,0.02106,0.02224,0.02093,0.02161,73816803.0
2025-05-31 20:00:00,0.02161,0.0227,0.02155,0.02234,83123783.0
2025-06-01 00:00:00,0.02235,0.0227,0.02197,0.0225,31802232.0
2025-06-01 04:00:00,0.0225,0.02352,0.02246,0.02338,88525547.0
2025-06-01 08:00:00,0.02338,0.02364,0.02285,0.02339,171919077.0
2025-06-01 12:00:00,0.02339,0.0241,0.0231,0.02354,144822887.0
2025-06-01 16:00:00,0.02354,0.02389,0.02306,0.02336,61341704.0
2025-06-01 20:00:00,0.02337,0.02392,0.02331,0.02382,25862255.0
2025-06-02 00:00:00,0.02382,0.02386,0.02322,0.02346,30484874.0
2025-06-02 04:00:00,0.02347,0.02374,0.02324,0.02352,20964588.0
2025-06-02 08:00:00,0.02352,0.02367,0.02299,0.02329,28307897.0
2025-06-02 12:00:00,0.02328,0.02376,0.02326,0.02341,24074942.0
2025-06-02 16:00:00,0.02343,0.02369,0.02316,0.02326,17085297.0
2025-06-02 20:00:00,0.02325,0.02434,0.02322,0.02413,29754241.0
2025-06-03 00:00:00,0.02413,0.02448,0.02376,0.02386,22881894.0
2025-06-03 04:00:00,0.02386,0.02392,0.02352,0.02358,19814449.0
2025-06-03 08:00:00,0.02357,0.0238,0.02334,0.02376,19273476.0
2025-06-03 12:00:00,0.02375,0.02395,0.02342,0.02381,28936172.0
2025-06-03 16:00:00,0.0238,0.0242,0.02372,0.02406,25497773.0
2025-06-03 20:00:00,0.02408,0.02408,0.02327,0.02356,19524336.0
2025-06-04 00:00:00,0.02356,0.02398,0.02334,0.02382,13134533.0
2025-06-04 04:00:00,0.02382,0.02388,0.02334,0.02356,16686576.0
2025-06-04 08:00:00,0.02355,0.02365,0.02303,0.02311,16134725.0
2025-06-04 12:00:00,0.02311,0.02325,0.02276,0.0231,25551348.0
2025-06-04 16:00:00,0.02311,0.02314,0.0226,0.02276,19414595.0
2025-06-04 20:00:00,0.02275,0.02276,0.02217,0.02237,15935050.0
2025-06-05 00:00:00,0.02237,0.02278,0.02228,0.02264,16318192.0
2025-06-05 04:00:00,0.02263,0.02276,0.02231,0.02256,13389694.0
2025-06-05 08:00:00,0.02257,0.02264,0.02218,0.02245,12188759.0
2025-06-05 12:00:00,0.02244,0.02286,0.02204,0.02251,27721394.0
2025-06-05 16:00:00,0.0225,0.02257,0.0213,0.02154,29319690.0
2025-06-05 20:00:00,0.02154,0.02154,0.02067,0.02084,28299375.0
2025-06-06 00:00:00,0.02085,0.02119,0.02068,0.02115,25317340.0
2025-06-06 04:00:00,0.02114,0.02143,0.02109,0.02133,14466374.0
2025-06-06 08:00:00,0.02132,0.02153,0.02124,0.02146,11943167.0
2025-06-06 12:00:00,0.02146,0.0225,0.02144,0.02225,24196165.0
2025-06-06 16:00:00,0.02225,0.02235,0.02142,0.02151,20371455.0
2025-06-06 20:00:00,0.0215,0.02184,0.02147,0.02165,10417031.0
2025-06-07 00:00:00,0.02166,0.02238,0.02156,0.02235,15911515.0
2025-06-07 04:00:00,0.02236,0.024,0.02231,0.02334,116666902.0
2025-06-07 08:00:00,0.02333,0.02355,0.02275,0.02337,73634887.0
2025-06-07 12:00:00,0.02338,0.0236,0.02304,0.02328,42812721.0
2025-06-07 16:00:00,0.02328,0.02347,0.02297,0.0232,32252463.0
2025-06-07 20:00:00,0.02319,0.02328,0.02292,0.02305,15038985.0
2025-06-08 00:00:00,0.02305,0.02328,0.02287,0.02289,15127831.0
2025-06-08 04:00:00,0.02289,0.02388,0.02281,0.02372,53291041.0
2025-06-08 08:00:00,0.02371,0.02768,0.02364,0.02616,3160599769.0
2025-06-08 12:00:00,0.02615,0.02621,0.02447,0.0248,1009102258.0
2025-06-08 16:00:00,0.02478,0.02602,0.02463,0.02548,348978779.0
2025-06-08 20:00:00,0.02548,0.02573,0.02531,0.02558,155970190.0
2025-06-09 00:00:00,0.02559,0.0258,0.02484,0.02525,203844984.0
2025-06-09 04:00:00,0.02524,0.02579,0.02507,0.02559,249688480.0
2025-06-09 08:00:00,0.02559,0.02608,0.02511,0.02529,160634458.0
2025-06-09 12:00:00,0.02529,0.02621,0.02462,0.02576,202859594.0
2025-06-09 16:00:00,0.02575,0.02795,0.02574,0.02778,240086790.0
2025-06-09 20:00:00,0.02779,0.03176,0.02763,0.03055,501279084.0
2025-06-10 00:00:00,0.03056,0.03164,0.02906,0.02914,285000890.0
2025-06-10 04:00:00,0.02914,0.02946,0.02787,0.02804,136629515.0
2025-06-10 08:00:00,0.02805,0.02844,0.02757,0.02839,84202615.0
2025-06-10 12:00:00,0.02838,0.02927,0.0283,0.02904,118689049.0
2025-06-10 16:00:00,0.02904,0.02941,0.0286,0.02912,57120282.0
2025-06-10 20:00:00,0.02912,0.0294,0.02872,0.02903,37001810.0
2025-06-11 00:00:00,0.02903,0.02955,0.02792,0.02858,93660849.0
2025-06-11 04:00:00,0.02857,0.02857,0.02792,0.02808,33453617.0
2025-06-11 08:00:00,0.02809,0.02836,0.02759,0.02808,52086378.0
2025-06-11 12:00:00,0.02808,0.02867,0.02781,0.02804,53856841.0
2025-06-11 16:00:00,0.02804,0.02814,0.02688,0.02697,46415637.0
2025-06-11 20:00:00,0.02696,0.02735,0.02614,0.02675,50805365.0
2025-06-12 00:00:00,0.02676,0.02677,0.02583,0.02601,45198965.0
2025-06-12 04:00:00,0.02601,0.02618,0.02554,0.02561,51539228.0
2025-06-12 08:00:00,0.02563,0.02567,0.02427,0.02447,66565312.0
2025-06-12 12:00:00,0.02448,0.02476,0.0236,0.02368,95682513.0
2025-06-12 16:00:00,0.02368,0.02445,0.02349,0.02361,51894987.0
2025-06-12 20:00:00,0.0236,0.02381,0.02326,0.02362,35898487.0
2025-06-13 00:00:00,0.02363,0.02444,0.02237,0.02272,177777734.0
2025-06-13 04:00:00,0.02274,0.0234,0.02255,0.02284,53299683.0
2025-06-13 08:00:00,0.02284,0.02329,0.02248,0.02286,56974316.0
2025-06-13 12:00:00,0.02285,0.02287,0.02209,0.02245,66574631.0
2025-06-13 16:00:00,0.02246,0.02274,0.02234,0.02264,41498471.0
2025-06-13 20:00:00,0.02262,0.02308,0.02255,0.02305,20809940.0
2025-06-14 00:00:00,0.02304,0.02343,0.02288,0.02294,31769463.0
2025-06-14 04:00:00,0.02293,0.02296,0.0226,0.02272,19615745.0
2025-06-14 08:00:00,0.02271,0.02273,0.02201,0.02218,40270731.0
2025-06-14 12:00:00,0.02218,0.02234,0.02178,0.02189,39417915.0
2025-06-14 16:00:00,0.02188,0.02198,0.02131,0.02142,39882604.0
2025-06-14 20:00:00,0.02143,0.0219,0.02113,0.0217,28782198.0
2025-06-15 00:00:00,0.02169,0.02195,0.02155,0.02181,23030035.0
2025-06-15 04:00:00,0.0218,0.02206,0.02161,0.02202,22838404.0
2025-06-15 08:00:00,0.02202,0.02248,0.02182,0.02236,38729077.0
2025-06-15 12:00:00,0.02236,0.02345,0.02184,0.02195,111558635.0
2025-06-15 16:00:00,0.02194,0.02206,0.02127,0.02136,38588884.0
2025-06-15 20:00:00,0.02137,0.02183,0.02098,0.0218,32149443.0
2025-06-16 00:00:00,0.0218,0.02207,0.02138,0.02178,24361575.0
2025-06-16 04:00:00,0.02177,0.0224,0.02174,0.02239,21151883.0
2025-06-16 08:00:00,0.0224,0.02281,0.02201,0.02218,55696665.0
2025-06-16 12:00:00,0.02219,0.02271,0.02211,0.02262,52850026.0
2025-06-16 16:00:00,0.02262,0.02299,0.02257,0.02265,24616453.0
2025-06-16 20:00:00,0.02265,0.0228,0.02163,0.02172,32607588.0
2025-06-17 00:00:00,0.02174,0.02238,0.0213,0.02232,34236570.0
2025-06-17 04:00:00,0.02233,0.02349,0.02214,0.02323,63613565.0
2025-06-17 08:00:00,0.02324,0.02453,0.02223,0.02241,332889495.0
2025-06-17 12:00:00,0.02241,0.02329,0.02233,0.02324,83624775.0
2025-06-17 16:00:00,0.02324,0.02445,0.02303,0.02421,231444589.0
2025-06-17 20:00:00,0.02421,0.02449,0.02373,0.02403,169061046.0
2025-06-18 00:00:00,0.02403,0.02507,0.02284,0.02324,383682417.0
2025-06-18 04:00:00,0.02325,0.0239,0.02313,0.02356,155714026.0
2025-06-18 08:00:00,0.02356,0.02389,0.02321,0.02363,124197072.0
2025-06-18 12:00:00,0.02363,0.0238,0.02256,0.0228,135954627.0
2025-06-18 16:00:00,0.02281,0.02285,0.02195,0.02233,89690671.0
2025-06-18 20:00:00,0.02233,0.02281,0.02214,0.02226,53106011.0
2025-06-19 00:00:00,0.02226,0.02261,0.02202,0.02239,50195597.0
2025-06-19 04:00:00,0.0224,0.02358,0.0223,0.02262,83646933.0
2025-06-19 08:00:00,0.02262,0.02291,0.02242,0.02251,39588850.0
2025-06-19 12:00:00,0.02251,0.02318,0.02219,0.02294,85713513.0
2025-06-19 16:00:00,0.02295,0.02383,0.02291,0.0237,66043090.0
2025-06-19 20:00:00,0.02371,0.02382,0.02347,0.02361,39636500.0
2025-06-20 00:00:00,0.02361,0.02366,0.02313,0.02351,36980277.0
2025-06-20 04:00:00,0.02351,0.0236,0.02266,0.0233,55764717.0
2025-06-20 08:00:00,0.0233,0.03103,0.0233,0.03065,1958162749.0
2025-06-20 12:00:00,0.03064,0.03134,0.02715,0.02781,3313855307.0
2025-06-20 16:00:00,0.02781,0.02989,0.02742,0.02886,1305788266.0
2025-06-20 20:00:00,0.02886,0.02886,0.02761,0.0282,608869421.0
2025-06-21 00:00:00,0.0282,0.02883,0.02599,0.02766,972973707.0
2025-06-21 04:00:00,0.02765,0.02783,0.02569,0.02593,648424681.0
2025-06-21 08:00:00,0.02592,0.02617,0.02522,0.02537,343851098.0
2025-06-21 12:00:00,0.02537,0.026,0.02516,0.02559,249868105.0
2025-06-21 16:00:00,0.02559,0.02596,0.02521,0.02573,173109616.0
2025-06-21 20:00:00,0.02573,0.02679,0.0245,0.02654,295379537.0
2025-06-22 00:00:00,0.02654,0.0271,0.02618,0.02659,161530311.0
2025-06-22 04:00:00,0.02658,0.02787,0.02644,0.02769,251565799.0
2025-06-22 08:00:00,0.0277,0.02786,0.02687,0.02728,358657517.0
2025-06-22 12:00:00,0.02728,0.02735,0.02622,0.02662,265099261.0
2025-06-22 16:00:00,0.02662,0.02742,0.02632,0.02648,159131360.0
2025-06-22 20:00:00,0.02648,0.02739,0.02546,0.02734,167797800.0
2025-06-23 00:00:00,0.02734,0.02776,0.02637,0.02641,130705958.0
2025-06-23 04:00:00,0.02641,0.02766,0.0257,0.02624,177724815.0
2025-06-23 08:00:00,0.02623,0.02655,0.02531,0.02561,91936399.0
2025-06-23 12:00:00,0.0256,0.02678,0.02549,0.02607,167301984.0
2025-06-23 16:00:00,0.02607,0.02756,0.02518,0.02745,163196458.0
2025-06-23 20:00:00,0.02745,0.0278,0.02705,0.02765,98472322.0
2025-06-24 00:00:00,0.02765,0.02791,0.02703,0.02705,60301049.0
2025-06-24 04:00:00,0.02705,0.0278,0.0265,0.02752,101801627.0
2025-06-24 08:00:00,0.02751,0.02753,0.02636,0.02652,75115484.0
2025-06-24 12:00:00,0.02652,0.02707,0.02638,0.02653,76334070.0
2025-06-24 16:00:00,0.02654,0.02823,0.02629,0.02716,138901978.0
2025-06-24 20:00:00,0.02715,0.02867,0.02689,0.02788,95370646.0
2025-06-25 00:00:00,0.02789,0.0281,0.02691,0.02749,94515795.0
2025-06-25 04:00:00,0.02749,0.0289,0.02646,0.02871,130605673.0
2025-06-25 08:00:00,0.02871,0.03369,0.02822,0.03328,646106367.0
2025-06-25 12:00:00,0.03328,0.03776,0.03226,0.03353,2436384896.0
2025-06-25 16:00:00,0.03352,0.03385,0.0311,0.03224,731176972.0
2025-06-25 20:00:00,0.03224,0.03342,0.03165,0.03196,412647270.0
2025-06-26 00:00:00,0.03196,0.03246,0.03105,0.03166,389470698.0
2025-06-26 04:00:00,0.03166,0.03183,0.02938,0.02953,430473895.0
2025-06-26 08:00:00,0.02953,0.02979,0.02826,0.0283,187029487.0
2025-06-26 12:00:00,0.02829,0.02852,0.02768,0.02824,234819198.0
2025-06-26 16:00:00,0.02823,0.02864,0.0275,0.02779,134789079.0
2025-06-26 20:00:00,0.02778,0.02832,0.02758,0.02799,92279385.0
2025-06-27 00:00:00,0.02798,0.03074,0.02771,0.03034,223141227.0
2025-06-27 04:00:00,0.03034,0.03139,0.02834,0.02916,307038744.0
2025-06-27 08:00:00,0.02916,0.02952,0.02812,0.02865,115195554.0
2025-06-27 12:00:00,0.02865,0.03016,0.0285,0.02987,175353797.0
2025-06-27 16:00:00,0.02988,0.02989,0.0287,0.02874,72136422.0
2025-06-27 20:00:00,0.02874,0.02903,0.0284,0.02865,41647351.0
2025-06-28 00:00:00,0.02864,0.02927,0.02838,0.02859,64669794.0
2025-06-28 04:00:00,0.02859,0.02873,0.02792,0.02801,57545329.0
2025-06-28 08:00:00,0.028,0.02804,0.0272,0.02779,76677683.0
2025-06-28 12:00:00,0.02779,0.02849,0.02757,0.02805,63968808.0
2025-06-28 16:00:00,0.02805,0.02835,0.02778,0.02802,46442325.0
2025-06-28 20:00:00,0.02803,0.02809,0.0278,0.02781,28491204.0
2025-06-29 00:00:00,0.02781,0.02808,0.0273,0.02772,44001796.0
2025-06-29 04:00:00,0.02772,0.02849,0.02764,0.02813,46467586.0
2025-06-29 08:00:00,0.02812,0.02888,0.02802,0.02872,64587100.0
2025-06-29 12:00:00,0.02872,0.02877,0.02773,0.02799,46020266.0
2025-06-29 16:00:00,0.02797,0.02846,0.02783,0.02836,25622916.0
2025-06-29 20:00:00,0.02835,0.02898,0.02822,0.02876,65828919.0
2025-06-30 00:00:00,0.02876,0.02897,0.0283,0.0287,32287749.0
2025-06-30 04:00:00,0.0287,0.02922,0.02843,0.02872,54721689.0
2025-06-30 08:00:00,0.02871,0.02871,0.02763,0.02771,50237897.0
2025-06-30 12:00:00,0.0277,0.02813,0.02746,0.02797,41854086.0
2025-06-30 16:00:00,0.02798,0.02885,0.02785,0.02832,38252831.0
2025-06-30 20:00:00,0.02832,0.02848,0.02799,0.02819,30587507.0
2025-07-01 00:00:00,0.02819,0.02828,0.0276,0.0278,36602861.0
2025-07-01 04:00:00,0.0278,0.02793,0.0271,0.02741,30791620.0
2025-07-01 08:00:00,0.02741,0.02745,0.0265,0.02657,35832192.0
2025-07-01 12:00:00,0.02656,0.02678,0.02621,0.02629,32898688.0
2025-07-01 16:00:00,0.02629,0.02644,0.02555,0.02594,59091521.0
2025-07-01 20:00:00,0.02595,0.02626,0.0255,0.02567,36179670.0
2025-07-02 00:00:00,0.02567,0.02593,0.02533,0.02537,37951558.0
2025-07-02 04:00:00,0.02537,0.02585,0.02535,0.02558,26125021.0
2025-07-02 08:00:00,0.02558,0.02583,0.02546,0.02553,21929921.0
2025-07-02 12:00:00,0.02553,0.02618,0.02538,0.02618,34782860.0
2025-07-02 16:00:00,0.02618,0.02704,0.02618,0.02674,42978771.0
2025-07-02 20:00:00,0.02674,0.02703,0.02649,0.02658,26672742.0
2025-07-03 00:00:00,0.02657,0.02712,0.02614,0.02618,39203705.0
2025-07-03 04:00:00,0.02618,0.02663,0.02607,0.02632,29091570.0
2025-07-03 08:00:00,0.02632,0.02658,0.02579,0.02596,24670685.0
2025-07-03 12:00:00,0.02597,0.02618,0.02544,0.02563,32087853.0
2025-07-03 16:00:00,0.02562,0.02588,0.02556,0.02574,13455818.0
2025-07-03 20:00:00,0.02574,0.02605,0.02563,0.02569,19682948.0
2025-07-04 00:00:00,0.02569,0.02569,0.02449,0.02506,47691800.0
2025-07-04 04:00:00,0.02506,0.02566,0.02474,0.0249,41295122.0
2025-07-04 08:00:00,0.02489,0.02494,0.02404,0.02421,31975996.0
2025-07-04 12:00:00,0.02421,0.02427,0.02378,0.02383,22108382.0
2025-07-04 16:00:00,0.02382,0.02416,0.02363,0.02386,21511282.0
2025-07-04 20:00:00,0.02385,0.02439,0.02372,0.02427,18430400.0
2025-07-05 00:00:00,0.02426,0.02437,0.02392,0.0242,24746364.0
2025-07-05 04:00:00,0.02419,0.02454,0.02388,0.02424,29559566.0
2025-07-05 08:00:00,0.02425,0.02625,0.02418,0.02458,164982430.0
2025-07-05 12:00:00,0.02459,0.02483,0.02419,0.02427,50982940.0
2025-07-05 16:00:00,0.02428,0.02449,0.02355,0.02375,38274634.0
2025-07-05 20:00:00,0.02374,0.02405,0.02371,0.02392,13744412.0
2025-07-06 00:00:00,0.02391,0.02409,0.02374,0.02398,14621169.0
2025-07-06 04:00:00,0.02398,0.02409,0.02381,0.02397,12406280.0
2025-07-06 08:00:00,0.02396,0.02436,0.02377,0.02412,27776583.0
2025-07-06 12:00:00,0.02414,0.02477,0.02401,0.02475,41433316.0
2025-07-06 16:00:00,0.02476,0.0252,0.02437,0.02472,36467333.0
2025-07-06 20:00:00,0.02472,0.02501,0.02458,0.02466,16120934.0
2025-07-07 00:00:00,0.02467,0.02507,0.02455,0.0247,18594932.0
2025-07-07 04:00:00,0.0247,0.0248,0.02416,0.02465,20555975.0
2025-07-07 08:00:00,0.02465,0.02472,0.02384,0.02386,26080238.0
2025-07-07 12:00:00,0.02387,0.02436,0.02383,0.02413,30026539.0
2025-07-07 16:00:00,0.02412,0.0246,0.02377,0.02432,43265130.0
2025-07-07 20:00:00,0.02431,0.02431,0.02375,0.0238,18506890.0
2025-07-08 00:00:00,0.02381,0.02387,0.0231,0.02329,31988444.0
2025-07-08 04:00:00,0.0233,0.02351,0.02316,0.02336,12934675.0
2025-07-08 08:00:00,0.02336,0.02337,0.02301,0.02318,14488735.0
2025-07-08 12:00:00,0.02318,0.02335,0.02246,0.02266,30931989.0
2025-07-08 16:00:00,0.02266,0.02313,0.02257,0.02295,21608682.0
2025-07-08 20:00:00,0.02295,0.02299,0.02272,0.02278,15484078.0
2025-07-09 00:00:00,0.02278,0.023,0.02261,0.02268,15399694.0
2025-07-09 04:00:00,0.02267,0.02284,0.02252,0.02266,18817518.0
2025-07-09 08:00:00,0.02266,0.02287,0.02237,0.0226,21705270.0
2025-07-09 12:00:00,0.0226,0.02275,0.02227,0.02239,33608263.0
2025-07-09 16:00:00,0.0224,0.02292,0.02219,0.0229,26659001.0
2025-07-09 20:00:00,0.0229,0.02327,0.02274,0.02311,28488684.0
2025-07-10 00:00:00,0.02312,0.02317,0.02277,0.02301,21911503.0
2025-07-10 04:00:00,0.02301,0.02326,0.02286,0.02292,21576053.0
2025-07-10 08:00:00,0.02292,0.02298,0.02256,0.02285,22767296.0
2025-07-10 12:00:00,0.02285,0.02349,0.02272,0.02308,44567468.0
2025-07-10 16:00:00,0.0231,0.02377,0.02301,0.02346,27624097.0
2025-07-10 20:00:00,0.02345,0.02463,0.02345,0.02443,38934980.0
2025-07-11 00:00:00,0.02444,0.02535,0.02416,0.02518,36598516.0
2025-07-11 04:00:00,0.02517,0.02608,0.02515,0.02569,52996319.0
2025-07-11 08:00:00,0.02569,0.02645,0.02529,0.02553,54435458.0
2025-07-11 12:00:00,0.02553,0.02594,0.02479,0.02497,41281362.0
2025-07-11 16:00:00,0.02497,0.02515,0.02482,0.02501,22682935.0
2025-07-11 20:00:00,0.02501,0.02506,0.02366,0.02418,24577061.0
2025-07-12 00:00:00,0.02418,0.02467,0.02369,0.02466,16721896.0
2025-07-12 04:00:00,0.02464,0.025,0.02383,0.02459,24527988.0
2025-07-12 08:00:00,0.02459,0.02552,0.02398,0.02478,64248928.0
2025-07-12 12:00:00,0.02479,0.02497,0.02281,0.02304,73481577.0
2025-07-12 16:00:00,0.02305,0.02359,0.02291,0.02349,13729035.0
2025-07-12 20:00:00,0.02348,0.02396,0.02322,0.02391,10269362.0
2025-07-13 00:00:00,0.02391,0.02411,0.02367,0.02388,12133187.0
2025-07-13 04:00:00,0.02387,0.02439,0.02372,0.02425,13120891.0
2025-07-13 08:00:00,0.02425,0.02441,0.02399,0.02438,11858758.0
2025-07-13 12:00:00,0.02437,0.02465,0.02426,0.02441,14615800.0
2025-07-13 16:00:00,0.02441,0.0246,0.02413,0.02438,8668199.0
2025-07-13 20:00:00,0.0244,0.0247,0.02391,0.02412,12053342.0
2025-07-14 00:00:00,0.02413,0.02475,0.02386,0.02463,15252219.0
2025-07-14 04:00:00,0.02464,0.02514,0.024,0.02464,33353975.0
2025-07-14 08:00:00,0.02464,0.02486,0.02417,0.02454,14758142.0
2025-07-14 12:00:00,0.02453,0.02489,0.02371,0.02407,64139938.0
2025-07-14 16:00:00,0.02409,0.02443,0.02354,0.02365,16836530.0
2025-07-14 20:00:00,0.02365,0.02376,0.02329,0.0237,10201311.0
2025-07-15 00:00:00,0.0237,0.02409,0.02314,0.02347,50604180.0
2025-07-15 04:00:00,0.02346,0.02387,0.02315,0.02319,36973693.0
2025-07-15 08:00:00,0.02319,0.02338,0.02274,0.02297,16098989.0
2025-07-15 12:00:00,0.02297,0.02348,0.02272,0.02334,20580121.0
2025-07-15 16:00:00,0.02335,0.02411,0.02331,0.02353,15190947.0
2025-07-15 20:00:00,0.02354,0.02447,0.02354,0.0243,11917012.0
2025-07-16 00:00:00,0.02431,0.02478,0.02424,0.02437,14019589.0
2025-07-16 04:00:00,0.02437,0.02494,0.0241,0.02493,13339624.0
2025-07-16 08:00:00,0.02492,0.02593,0.02388,0.02421,115399132.0
2025-07-16 12:00:00,0.02422,0.02462,0.02405,0.02437,26470274.0
2025-07-16 16:00:00,0.02437,0.02487,0.02437,0.02455,17887342.0
2025-07-16 20:00:00,0.02455,0.025,0.02421,0.02432,23409634.0
2025-07-17 00:00:00,0.02433,0.02454,0.02389,0.02412,24240734.0
2025-07-17 04:00:00,0.02412,0.02495,0.02401,0.02482,19329239.0
2025-07-17 08:00:00,0.02484,0.02531,0.02463,0.02504,41952856.0
2025-07-17 12:00:00,0.02503,0.0257,0.02466,0.0248,81908682.0
2025-07-17 16:00:00,0.0248,0.025,0.02409,0.02471,27303982.0
2025-07-17 20:00:00,0.02472,0.02505,0.02435,0.02477,20958358.0
2025-07-18 00:00:00,0.02478,0.02517,0.02475,0.02501,25269696.0
2025-07-18 04:00:00,0.025,0.02623,0.02434,0.02444,79731485.0
2025-07-18 08:00:00,0.02446,0.0248,0.02383,0.02423,57218547.0
2025-07-18 12:00:00,0.02423,0.02459,0.02342,0.02386,39589531.0
2025-07-18 16:00:00,0.02385,0.02405,0.02356,0.02371,15764495.0
2025-07-18 20:00:00,0.0237,0.02379,0.02307,0.02364,18483616.0
2025-07-19 00:00:00,0.02365,0.02382,0.02308,0.02377,18753792.0
2025-07-19 04:00:00,0.02379,0.02394,0.02355,0.02366,12576600.0
2025-07-19 08:00:00,0.02367,0.02371,0.02332,0.02336,10324288.0
2025-07-19 12:00:00,0.02337,0.02359,0.02322,0.02337,11869553.0
2025-07-19 16:00:00,0.02338,0.02388,0.02324,0.02371,27000972.0
2025-07-19 20:00:00,0.0237,0.02374,0.02348,0.02367,7148568.0
2025-07-20 00:00:00,0.02368,0.02375,0.0231,0.02339,29914877.0
2025-07-20 04:00:00,0.0234,0.02342,0.02312,0.02332,12193232.0
2025-07-20 08:00:00,0.02332,0.02352,0.02325,0.02331,17437472.0
2025-07-20 12:00:00,0.02332,0.02375,0.02327,0.02366,19477011.0
2025-07-20 16:00:00,0.02366,0.02407,0.02349,0.02365,42535939.0
2025-07-20 20:00:00,0.02366,0.02389,0.02281,0.02327,41246020.0
2025-07-21 00:00:00,0.02326,0.02329,0.02225,0.023,54720802.0
2025-07-21 04:00:00,0.02299,0.02323,0.02259,0.0231,40322816.0
2025-07-21 08:00:00,0.0231,0.0234,0.02288,0.02314,22016181.0
2025-07-21 12:00:00,0.02314,0.02332,0.02268,0.02279,35530763.0
2025-07-21 16:00:00,0.0228,0.02294,0.0222,0.02238,40363428.0
2025-07-21 20:00:00,0.02238,0.02321,0.02226,0.02303,19994579.0
2025-07-22 00:00:00,0.02302,0.02306,0.02232,0.02253,31971553.0
2025-07-22 04:00:00,0.02253,0.02258,0.02126,0.02152,76919570.0
2025-07-22 08:00:00,0.02154,0.02242,0.02097,0.02158,88528891.0
2025-07-22 12:00:00,0.02158,0.02163,0.0204,0.02086,90707013.0
2025-07-22 16:00:00,0.02086,0.02117,0.02051,0.02066,46511863.0
2025-07-22 20:00:00,0.02065,0.02138,0.02057,0.02129,27623303.0
2025-07-23 00:00:00,0.02129,0.02164,0.02114,0.02147,28696223.0
2025-07-23 04:00:00,0.02146,0.02186,0.02126,0.02142,21725864.0
2025-07-23 08:00:00,0.02142,0.02173,0.02092,0.02164,39530541.0
2025-07-23 12:00:00,0.02163,0.02388,0.02161,0.02246,296732997.0
2025-07-23 16:00:00,0.02248,0.02248,0.02153,0.02154,74132500.0
2025-07-23 20:00:00,0.02154,0.02171,0.0207,0.02147,45877429.0
2025-07-24 00:00:00,0.02148,0.02201,0.02118,0.02182,45981832.0
2025-07-24 04:00:00,0.02183,0.02221,0.01983,0.0204,108573701.0
2025-07-24 08:00:00,0.02039,0.02162,0.02027,0.0211,101717325.0
2025-07-24 12:00:00,0.02109,0.02174,0.02055,0.02066,197545813.0
2025-07-24 16:00:00,0.02064,0.0211,0.02038,0.02058,43155154.0
2025-07-24 20:00:00,0.02058,0.02104,0.02044,0.02054,28362376.0
2025-07-25 00:00:00,0.02054,0.02054,0.01923,0.01947,68157582.0
2025-07-25 04:00:00,0.01946,0.01999,0.01918,0.01972,45690787.0
2025-07-25 08:00:00,0.01972,0.02039,0.01969,0.02033,31508098.0
2025-07-25 12:00:00,0.02032,0.02048,0.01961,0.01997,47750700.0
2025-07-25 16:00:00,0.01995,0.02015,0.01977,0.02002,19350914.0
2025-07-25 20:00:00,0.02003,0.0206,0.02,0.02049,14089208.0
2025-07-26 00:00:00,0.0205,0.02089,0.02038,0.02056,21956764.0
2025-07-26 04:00:00,0.02056,0.02075,0.02021,0.02072,18901997.0
2025-07-26 08:00:00,0.02073,0.02091,0.02054,0.02062,27947122.0
2025-07-26 12:00:00,0.02062,0.02083,0.02047,0.02076,20369688.0
2025-07-26 16:00:00,0.02076,0.02097,0.02058,0.02088,14883185.0
2025-07-26 20:00:00,0.02087,0.02094,0.02059,0.02063,13670574.0
2025-07-27 00:00:00,0.02063,0.0207,0.02048,0.02062,12218656.0
2025-07-27 04:00:00,0.02061,0.0209,0.02061,0.02079,18494765.0
2025-07-27 08:00:00,0.02079,0.02183,0.02065,0.02121,58375661.0
2025-07-27 12:00:00,0.02122,0.02148,0.02104,0.02145,34760567.0
2025-07-27 16:00:00,0.02144,0.02211,0.0214,0.02163,119826450.0
2025-07-27 20:00:00,0.02162,0.02186,0.0215,0.02168,27304767.0
2025-07-28 00:00:00,0.02167,0.0218,0.02137,0.02174,23912193.0
2025-07-28 04:00:00,0.02174,0.02179,0.02129,0.02152,27344811.0
2025-07-28 08:00:00,0.02152,0.02173,0.0214,0.02153,18740659.0
2025-07-28 12:00:00,0.02154,0.02155,0.02051,0.02075,46406747.0
2025-07-28 16:00:00,0.02075,0.02093,0.02008,0.02025,32372436.0
2025-07-28 20:00:00,0.02025,0.02032,0.0195,0.01966,32441789.0
2025-07-29 00:00:00,0.01966,0.01981,0.01905,0.01942,37450510.0
2025-07-29 04:00:00,0.01942,0.0199,0.01928,0.01981,23875957.0
2025-07-29 08:00:00,0.01982,0.01985,0.01934,0.01952,16607430.0
2025-07-29 12:00:00,0.01951,0.01974,0.01882,0.01909,70206548.0
2025-07-29 16:00:00,0.01908,0.01931,0.01881,0.01886,16638255.0
2025-07-29 20:00:00,0.01886,0.01922,0.01859,0.01904,18578154.0
2025-07-30 00:00:00,0.01904,0.01916,0.0187,0.01892,13456888.0
2025-07-30 04:00:00,0.01891,0.01911,0.01869,0.01884,14217819.0
2025-07-30 08:00:00,0.01884,0.019,0.01863,0.0189,22733946.0
2025-07-30 12:00:00,0.01889,0.01987,0.01865,0.01972,50266376.0
2025-07-30 16:00:00,0.01973,0.02015,0.01889,0.01966,47539705.0
2025-07-30 20:00:00,0.01966,0.0197,0.01911,0.01959,18274069.0
2025-07-31 00:00:00,0.01958,0.01989,0.01945,0.01984,12315776.0
2025-07-31 04:00:00,0.01984,0.01999,0.01967,0.01986,12889920.0
2025-07-31 08:00:00,0.01987,0.02021,0.01976,0.01985,24529195.0
2025-07-31 12:00:00,0.01984,0.0199,0.01906,0.01944,27808302.0
2025-07-31 16:00:00,0.01943,0.0198,0.01911,0.01914,15035272.0
2025-07-31 20:00:00,0.01913,0.01915,0.01843,0.01857,22502007.0
2025-08-01 00:00:00,0.01856,0.01951,0.01819,0.01909,84058013.0
2025-08-01 04:00:00,0.01909,0.0191,0.0187,0.01881,20183208.0
2025-08-01 08:00:00,0.0188,0.01897,0.0185,0.01873,23784553.0
2025-08-01 12:00:00,0.01873,0.0189,0.01802,0.01826,69398989.0
2025-08-01 16:00:00,0.01825,0.01847,0.01805,0.01835,28564079.0
2025-08-01 20:00:00,0.01834,0.01843,0.01667,0.01781,68827341.0
2025-08-02 00:00:00,0.01781,0.01797,0.01766,0.01775,13436707.0
2025-08-02 04:00:00,0.01776,0.01797,0.01728,0.01767,21843910.0
2025-08-02 08:00:00,0.01769,0.01771,0.01727,0.01753,17125008.0
2025-08-02 12:00:00,0.01752,0.01763,0.01733,0.01743,15058162.0
2025-08-02 16:00:00,0.01745,0.01769,0.01687,0.01716,25222017.0
2025-08-02 20:00:00,0.01717,0.01739,0.01709,0.01722,9744576.0
2025-08-03 00:00:00,0.01722,0.01759,0.01701,0.01752,11665874.0
2025-08-03 04:00:00,0.01753,0.01774,0.01749,0.01767,7983538.0
2025-08-03 08:00:00,0.01767,0.0179,0.0176,0.01772,6618251.0
2025-08-03 12:00:00,0.01772,0.01779,0.01761,0.01772,7796543.0
2025-08-03 16:00:00,0.01773,0.01783,0.01764,0.0177,6302954.0
2025-08-03 20:00:00,0.01769,0.01791,0.01766,0.01778,5437553.0
2025-08-04 00:00:00,0.01777,0.01803,0.0177,0.01786,10335425.0
2025-08-04 04:00:00,0.01787,0.01816,0.01783,0.01806,6574126.0
2025-08-04 08:00:00,0.01807,0.01812,0.01786,0.01793,6650771.0
2025-08-04 12:00:00,0.01793,0.01895,0.01791,0.0184,49074173.0
2025-08-04 16:00:00,0.01839,0.01859,0.01817,0.01834,34643025.0
2025-08-04 20:00:00,0.01832,0.01868,0.0183,0.01854,14148781.0
2025-08-05 00:00:00,0.01855,0.01864,0.01833,0.01837,14971394.0
2025-08-05 04:00:00,0.01837,0.01862,0.01769,0.01781,43440608.0
2025-08-05 08:00:00,0.0178,0.01831,0.01767,0.01824,28646009.0
2025-08-05 12:00:00,0.01824,0.01832,0.01731,0.01749,24480896.0
2025-08-05 16:00:00,0.01748,0.01761,0.01727,0.01736,14505944.0
2025-08-05 20:00:00,0.01737,0.01747,0.01708,0.0174,11438086.0
2025-08-06 00:00:00,0.0174,0.01745,0.01717,0.01731,17325146.0
2025-08-06 04:00:00,0.01731,0.01772,0.01715,0.01771,13455124.0
2025-08-06 08:00:00,0.01771,0.01789,0.01753,0.01777,13262741.0
2025-08-06 12:00:00,0.01778,0.01795,0.01744,0.0179,18217487.0
2025-08-06 16:00:00,0.01789,0.01795,0.01746,0.01769,23377789.0
2025-08-06 20:00:00,0.0177,0.01775,0.01759,0.01767,7116900.0
2025-08-07 00:00:00,0.01767,0.01807,0.01764,0.0178,23218457.0
2025-08-07 04:00:00,0.01779,0.01782,0.01723,0.01732,53276969.0
2025-08-07 08:00:00,0.01731,0.01734,0.01639,0.01705,205958935.0
2025-08-07 12:00:00,0.01705,0.01709,0.0165,0.01681,123402104.0
2025-08-07 16:00:00,0.0168,0.01687,0.01617,0.01666,90900082.0
2025-08-07 20:00:00,0.01664,0.01685,0.01653,0.01682,44085968.0
2025-08-08 00:00:00,0.01682,0.01705,0.01669,0.01697,52275221.0
2025-08-08 04:00:00,0.01697,0.01712,0.01673,0.01702,43465281.0
2025-08-08 08:00:00,0.01701,0.01711,0.01693,0.01702,27921754.0
2025-08-08 12:00:00,0.01702,0.01735,0.01666,0.01676,49108336.0
2025-08-08 16:00:00,0.01677,0.01716,0.0167,0.01711,28976234.0
2025-08-08 20:00:00,0.01711,0.01741,0.017,0.0174,27461459.0
2025-08-09 00:00:00,0.0174,0.01803,0.01715,0.01778,75622498.0
2025-08-09 04:00:00,0.01778,0.01817,0.01761,0.01771,62184715.0
2025-08-09 08:00:00,0.01771,0.0179,0.01767,0.01783,28925456.0
2025-08-09 12:00:00,0.01782,0.01788,0.01763,0.01777,28020707.0
2025-08-09 16:00:00,0.01778,0.01895,0.01778,0.01815,129854116.0
2025-08-09 20:00:00,0.01816,0.01825,0.01781,0.01787,29716556.0
2025-08-10 00:00:00,0.01786,0.01861,0.01779,0.01847,55845956.0
2025-08-10 04:00:00,0.01848,0.01854,0.01741,0.01747,56079593.0
2025-08-10 08:00:00,0.01748,0.01763,0.01706,0.01724,53339888.0
2025-08-10 12:00:00,0.01723,0.01744,0.01692,0.01722,33712911.0
2025-08-10 16:00:00,0.01722,0.01771,0.01719,0.01761,24024774.0
2025-08-10 20:00:00,0.01761,0.01774,0.01724,0.01769,35503173.0
2025-08-11 00:00:00,0.01769,0.01811,0.01748,0.01796,31617595.0
2025-08-11 04:00:00,0.01797,0.01801,0.01732,0.01736,27320184.0
2025-08-11 08:00:00,0.01736,0.01754,0.01647,0.01661,58705193.0
2025-08-11 12:00:00,0.01662,0.01688,0.01635,0.01686,54464163.0
2025-08-11 16:00:00,0.01687,0.01711,0.01658,0.01687,32067884.0
2025-08-11 20:00:00,0.01687,0.01693,0.01627,0.01636,30571210.0
2025-08-12 00:00:00,0.01637,0.01686,0.01629,0.0164,43372487.0
2025-08-12 04:00:00,0.0164,0.01655,0.01601,0.01632,58848582.0
2025-08-12 08:00:00,0.01632,0.01632,0.01473,0.01538,206220236.0
2025-08-12 12:00:00,0.01538,0.01608,0.01528,0.01607,62764444.0
2025-08-12 16:00:00,0.01607,0.01618,0.01582,0.01609,45713310.0
2025-08-12 20:00:00,0.01609,0.01636,0.01606,0.01629,29120866.0
2025-08-13 00:00:00,0.01629,0.01651,0.01609,0.01619,56797764.0
2025-08-13 04:00:00,0.01619,0.01629,0.01574,0.01589,105472465.0
2025-08-13 08:00:00,0.0159,0.01613,0.01538,0.01596,108490790.0
2025-08-13 12:00:00,0.01597,0.01616,0.01577,0.016,43230582.0
2025-08-13 16:00:00,0.016,0.01606,0.01556,0.01584,36043795.0
2025-08-13 20:00:00,0.01585,0.01612,0.01573,0.01604,26523381.0
2025-08-14 00:00:00,0.01605,0.01626,0.01575,0.01603,48649510.0
2025-08-14 04:00:00,0.01602,0.01612,0.01516,0.01534,72989183.0
2025-08-14 08:00:00,0.01534,0.01536,0.0143,0.01494,237549897.0
2025-08-14 12:00:00,0.01494,0.01507,0.01318,0.01476,208412312.0
2025-08-14 16:00:00,0.01476,0.01476,0.01418,0.01428,47379443.0
2025-08-14 20:00:00,0.01428,0.01441,0.01413,0.01433,23911762.0
2025-08-15 00:00:00,0.01434,0.01453,0.01423,0.0145,29276161.0
2025-08-15 04:00:00,0.01449,0.01484,0.01442,0.01479,39005400.0
2025-08-15 08:00:00,0.01479,0.0155,0.01469,0.01528,214075231.0
2025-08-15 12:00:00,0.01527,0.01592,0.01394,0.01414,334154900.0
2025-08-15 16:00:00,0.01413,0.01439,0.01396,0.01402,78885104.0
2025-08-15 20:00:00,0.01402,0.01438,0.01397,0.01431,30059387.0
2025-08-16 00:00:00,0.01431,0.01454,0.01425,0.01438,30944670.0
2025-08-16 04:00:00,0.01439,0.01442,0.01415,0.01436,38098829.0
2025-08-16 08:00:00,0.01436,0.0144,0.01401,0.01408,51015738.0
2025-08-16 12:00:00,0.01408,0.01454,0.014,0.01435,62081156.0
2025-08-16 16:00:00,0.01434,0.01444,0.01424,0.01437,31289441.0
2025-08-16 20:00:00,0.01437,0.0147,0.01434,0.01457,27354279.0
2025-08-17 00:00:00,0.01457,0.0149,0.01446,0.01466,42671278.0
2025-08-17 04:00:00,0.01467,0.01479,0.01459,0.01469,28627013.0
2025-08-17 08:00:00,0.0147,0.01489,0.01465,0.01486,30891682.0
2025-08-17 12:00:00,0.01487,0.01493,0.01428,0.01456,111534082.0
2025-08-17 16:00:00,0.01456,0.01479,0.01422,0.01438,48394883.0
2025-08-17 20:00:00,0.01437,0.0146,0.01432,0.01446,14365908.0
2025-08-18 00:00:00,0.01446,0.01448,0.01361,0.0138,70581652.0
2025-08-18 04:00:00,0.0138,0.01404,0.01361,0.01374,33807584.0
2025-08-18 08:00:00,0.01373,0.01382,0.01348,0.0138,40937206.0
2025-08-18 12:00:00,0.0138,0.01399,0.01352,0.01375,43344711.0
2025-08-18 16:00:00,0.01374,0.01379,0.01351,0.01361,23585953.0
2025-08-18 20:00:00,0.01361,0.01388,0.01355,0.01359,17659582.0
2025-08-19 00:00:00,0.01359,0.01381,0.01332,0.01336,44463791.0
2025-08-19 04:00:00,0.01336,0.0135,0.01324,0.01337,35363467.0
2025-08-19 08:00:00,0.01338,0.01372,0.01325,0.01371,23075939.0
2025-08-19 12:00:00,0.01371,0.01381,0.01321,0.01325,47559957.0
2025-08-19 16:00:00,0.01326,0.01331,0.01275,0.0128,58681851.0
2025-08-19 20:00:00,0.01279,0.0131,0.01269,0.01288,26626553.0
2025-08-20 00:00:00,0.01287,0.01322,0.0127,0.01309,26226836.0
2025-08-20 04:00:00,0.01309,0.0133,0.01259,0.01289,70981308.0
2025-08-20 08:00:00,0.01288,0.01303,0.01266,0.01285,80471085.0
2025-08-20 12:00:00,0.01286,0.0131,0.01253,0.01288,68122754.0
2025-08-20 16:00:00,0.01289,0.013,0.01275,0.01295,47230544.0
2025-08-20 20:00:00,0.01296,0.01301,0.01279,0.01286,32766030.0
2025-08-21 00:00:00,0.01286,0.01295,0.01259,0.0128,47369049.0
2025-08-21 04:00:00,0.0128,0.01296,0.01272,0.01286,35082027.0
2025-08-21 08:00:00,0.01285,0.0129,0.01262,0.0127,44984914.0
2025-08-21 12:00:00,0.01269,0.01281,0.01227,0.01235,68968984.0
2025-08-21 16:00:00,0.01236,0.01245,0.01221,0.01226,27984824.0
2025-08-21 20:00:00,0.01227,0.01253,0.01224,0.01239,20683442.0
2025-08-22 00:00:00,0.01238,0.01268,0.01232,0.01259,41438015.0
2025-08-22 04:00:00,0.01259,0.01267,0.01237,0.01244,32006921.0
2025-08-22 08:00:00,0.01243,0.01252,0.01206,0.01208,77512940.0
2025-08-22 12:00:00,0.01208,0.01281,0.01174,0.01269,124390683.0
2025-08-22 16:00:00,0.01268,0.01321,0.01267,0.01313,63600987.0
2025-08-22 20:00:00,0.01313,0.0132,0.01306,0.01311,26624697.0
2025-08-23 00:00:00,0.01312,0.01317,0.01266,0.01273,33131192.0
2025-08-23 04:00:00,0.01273,0.01316,0.01273,0.01296,28149361.0
2025-08-23 08:00:00,0.01295,0.01303,0.0128,0.01294,33004406.0
2025-08-23 12:00:00,0.01294,0.01304,0.01271,0.01292,36471353.0
2025-08-23 16:00:00,0.01291,0.01308,0.01283,0.01286,31924540.0
2025-08-23 20:00:00,0.01287,0.01291,0.01274,0.01287,11817173.0
2025-08-24 00:00:00,0.01287,0.01296,0.01266,0.01278,31798485.0
2025-08-24 04:00:00,0.01278,0.01279,0.01238,0.01244,23735178.0
2025-08-24 08:00:00,0.01242,0.01251,0.01221,0.01228,25571179.0
2025-08-24 12:00:00,0.01228,0.01252,0.01218,0.01244,29376431.0
2025-08-24 16:00:00,0.01245,0.01297,0.01235,0.01266,62240596.0
2025-08-24 20:00:00,0.01264,0.01267,0.01235,0.01252,28113360.0
2025-08-25 00:00:00,0.01252,0.01277,0.01234,0.0126,38747838.0
2025-08-25 04:00:00,0.0126,0.01269,0.01195,0.01202,37103208.0
2025-08-25 08:00:00,0.01202,0.01354,0.01153,0.01341,602919512.0
2025-08-25 12:00:00,0.0134,0.014,0.01178,0.01184,769415631.0
2025-08-25 16:00:00,0.01183,0.01193,0.01131,0.01136,178151953.0
2025-08-25 20:00:00,0.01136,0.0114,0.0109,0.0111,144615296.0
2025-08-26 00:00:00,0.01108,0.01113,0.01072,0.01094,128026933.0
2025-08-26 04:00:00,0.01094,0.01116,0.01081,0.01093,113951432.0
2025-08-26 08:00:00,0.01092,0.01095,0.01041,0.01079,262534097.0
2025-08-26 12:00:00,0.01079,0.01114,0.01072,0.01087,177441821.0
2025-08-26 16:00:00,0.01087,0.01106,0.01082,0.01103,70734631.0
2025-08-26 20:00:00,0.01103,0.01107,0.01077,0.01077,59279079.0
2025-08-27 00:00:00,0.01079,0.01108,0.01071,0.01093,88877254.0
2025-08-27 04:00:00,0.01094,0.01106,0.01065,0.0107,68100150.0
2025-08-27 08:00:00,0.0107,0.01105,0.01066,0.01088,76711259.0
2025-08-27 12:00:00,0.01089,0.01108,0.01075,0.01093,61185818.0
2025-08-27 16:00:00,0.01094,0.01106,0.01076,0.01099,55902908.0
2025-08-27 20:00:00,0.01099,0.01119,0.01084,0.011,68532630.0
2025-08-28 00:00:00,0.01101,0.01147,0.01099,0.01124,108689709.0
2025-08-28 04:00:00,0.01125,0.01179,0.01121,0.01157,172779990.0
2025-08-28 08:00:00,0.01157,0.01177,0.01127,0.01134,113069027.0
2025-08-28 12:00:00,0.01133,0.01152,0.01121,0.01129,79830540.0
2025-08-28 16:00:00,0.01129,0.01197,0.01089,0.0109,365023532.0
2025-08-28 20:00:00,0.0109,0.01125,0.01088,0.01117,45517701.0
2025-08-29 00:00:00,0.01116,0.01134,0.01111,0.01119,45435330.0
2025-08-29 04:00:00,0.0112,0.0129,0.01089,0.01094,124522189.0
2025-08-29 08:00:00,0.01095,0.01113,0.01058,0.01086,94165456.0
2025-08-29 12:00:00,0.01087,0.01116,0.01065,0.011,114302954.0
2025-08-29 16:00:00,0.011,0.01165,0.01067,0.01086,381073698.0
2025-08-29 20:00:00,0.01086,0.01131,0.01065,0.01121,71787377.0
2025-08-30 00:00:00,0.01121,0.01151,0.0109,0.0114,79501519.0
2025-08-30 04:00:00,0.0114,0.0115,0.01118,0.01143,54944243.0
2025-08-30 08:00:00,0.01142,0.01142,0.01118,0.01134,54401007.0
2025-08-30 12:00:00,0.01134,0.01136,0.01105,0.01116,47534653.0
2025-08-30 16:00:00,0.01115,0.01115,0.01091,0.01103,39054980.0
2025-08-30 20:00:00,0.01103,0.01108,0.01091,0.01103,27359283.0
2025-08-31 00:00:00,0.01104,0.01127,0.01096,0.01125,41694518.0
2025-08-31 04:00:00,0.01126,0.01142,0.01094,0.01097,78453064.0
2025-08-31 08:00:00,0.01097,0.01108,0.01087,0.01101,31527359.0
2025-08-31 12:00:00,0.011,0.01101,0.01071,0.01089,54298121.0
2025-08-31 16:00:00,0.01089,0.01133,0.01081,0.01089,162115136.0
2025-08-31 20:00:00,0.01089,0.01103,0.01052,0.01056,77973029.0
2025-09-01 00:00:00,0.01055,0.01059,0.01025,0.01044,106140422.0
2025-09-01 04:00:00,0.01044,0.01044,0.01003,0.01033,133015590.0
2025-09-01 08:00:00,0.01033,0.0107,0.01022,0.0103,151096408.0
2025-09-01 12:00:00,0.01029,0.01037,0.01004,0.01014,96041740.0
2025-09-01 16:00:00,0.01015,0.01018,0.01003,0.01013,61420167.0
2025-09-01 20:00:00,0.01014,0.01016,0.00957,0.00988,137504402.0
2025-09-02 00:00:00,0.00988,0.01019,0.00984,0.01018,49398900.0
2025-09-02 04:00:00,0.01018,0.01035,0.01015,0.01024,65897242.0
2025-09-02 08:00:00,0.01024,0.01039,0.01024,0.01035,37209405.0
2025-09-02 12:00:00,0.01034,0.01055,0.01005,0.01034,100441807.0
2025-09-02 16:00:00,0.01034,0.0104,0.0099,0.00995,76632153.0
2025-09-02 20:00:00,0.00994,0.01004,0.00982,0.00986,79725412.0
2025-09-03 00:00:00,0.00986,0.00995,0.00968,0.00982,123406733.0
2025-09-03 04:00:00,0.00983,0.00983,0.00964,0.0097,78146398.0
2025-09-03 08:00:00,0.00971,0.00976,0.00918,0.00931,205207901.0
2025-09-03 12:00:00,0.00931,0.0096,0.0093,0.00959,131291832.0
2025-09-03 16:00:00,0.00959,0.00968,0.00946,0.00958,89122196.0
2025-09-03 20:00:00,0.00957,0.00964,0.00939,0.00945,54589816.0
2025-09-04 00:00:00,0.00945,0.00957,0.00932,0.00934,84225516.0
2025-09-04 04:00:00,0.00933,0.0094,0.00892,0.00906,161222529.0
2025-09-04 08:00:00,0.00907,0.01091,0.00897,0.01018,1885053417.0
2025-09-04 12:00:00,0.0102,0.01058,0.00952,0.00963,2151015871.0
2025-09-04 16:00:00,0.00964,0.00979,0.00943,0.0097,380136105.0
2025-09-04 20:00:00,0.00971,0.00989,0.00969,0.00977,170607587.0
2025-09-05 00:00:00,0.00976,0.01021,0.00968,0.01008,326876695.0
2025-09-05 04:00:00,0.01007,0.0102,0.00992,0.01002,333736484.0
2025-09-05 08:00:00,0.01001,0.01054,0.00997,0.01008,490113279.0
2025-09-05 12:00:00,0.01009,0.0105,0.00989,0.01037,437918089.0
2025-09-05 16:00:00,0.01037,0.01067,0.01025,0.0104,258227165.0
2025-09-05 20:00:00,0.01039,0.01069,0.01034,0.01064,143482478.0
2025-09-06 00:00:00,0.01065,0.01159,0.01056,0.01116,740918502.0
2025-09-06 04:00:00,0.01116,0.01245,0.0111,0.0117,1390372425.0
2025-09-06 08:00:00,0.0117,0.01258,0.01135,0.01237,1346761749.0
2025-09-06 12:00:00,0.01238,0.01312,0.01204,0.01273,1634126980.0
2025-09-06 16:00:00,0.01274,0.01312,0.01113,0.01137,1652000983.0
2025-09-06 20:00:00,0.01137,0.01232,0.0113,0.01213,506976256.0
2025-09-07 00:00:00,0.01213,0.01214,0.01146,0.0119,489306973.0
2025-09-07 04:00:00,0.01189,0.01196,0.0116,0.01166,266374715.0
2025-09-07 08:00:00,0.01167,0.01186,0.01144,0.01161,246149782.0
2025-09-07 12:00:00,0.01162,0.01229,0.01151,0.0122,356230280.0
2025-09-07 16:00:00,0.0122,0.01672,0.01216,0.01642,2175234017.0
2025-09-07 20:00:00,0.01642,0.02095,0.01561,0.01716,5737999883.0
2025-09-08 00:00:00,0.01717,0.01775,0.01448,0.01542,2628941041.0
2025-09-08 04:00:00,0.01542,0.01595,0.01423,0.01557,2266792662.0
2025-09-08 08:00:00,0.01557,0.01758,0.01552,0.01612,3883916439.0
2025-09-08 12:00:00,0.01612,0.01714,0.015,0.01534,2305173502.0
2025-09-08 16:00:00,0.01535,0.01608,0.01505,0.0151,1221807565.0
2025-09-08 20:00:00,0.0151,0.01552,0.01468,0.01544,518188672.0
2025-09-09 00:00:00,0.01545,0.01557,0.01451,0.01454,542506128.0
2025-09-09 04:00:00,0.01455,0.01512,0.01429,0.01497,503560442.0
2025-09-09 08:00:00,0.01498,0.01502,0.01339,0.01354,668575822.0
2025-09-09 12:00:00,0.01355,0.01434,0.01323,0.01367,698559658.0
2025-09-09 16:00:00,0.01367,0.01368,0.0133,0.01333,248244347.0
2025-09-09 20:00:00,0.01333,0.01369,0.01328,0.01331,163172113.0
2025-09-10 00:00:00,0.01332,0.01401,0.01331,0.01363,267765937.0
2025-09-10 04:00:00,0.01363,0.01411,0.0135,0.01389,421185033.0
2025-09-10 08:00:00,0.01388,0.0144,0.01132,0.01267,917634350.0
2025-09-10 12:00:00,0.01267,0.01341,0.01232,0.01316,459446723.0
2025-09-10 16:00:00,0.01317,0.01368,0.01285,0.01289,371491485.0
2025-09-10 20:00:00,0.01289,0.01308,0.01261,0.01276,181735047.0
2025-09-11 00:00:00,0.01275,0.01296,0.01253,0.01277,177306006.0
2025-09-11 04:00:00,0.01277,0.01302,0.01247,0.01261,240728429.0
2025-09-11 08:00:00,0.01262,0.01277,0.01209,0.01228,184985234.0
2025-09-11 12:00:00,0.01229,0.01311,0.01227,0.01249,327349728.0
2025-09-11 16:00:00,0.01249,0.01299,0.01245,0.01277,170527458.0
2025-09-11 20:00:00,0.01278,0.01309,0.01272,0.01284,100695983.0
2025-09-12 00:00:00,0.01285,0.01366,0.01285,0.01299,279272965.0
2025-09-12 04:00:00,0.01299,0.01476,0.01292,0.01399,705873818.0
2025-09-12 08:00:00,0.014,0.0141,0.01273,0.01297,499961891.0
2025-09-12 12:00:00,0.01299,0.01372,0.01281,0.01328,328176955.0
2025-09-12 16:00:00,0.01329,0.01376,0.01326,0.01369,228924618.0
2025-09-12 20:00:00,0.0137,0.01412,0.01351,0.0137,225466996.0
2025-09-13 00:00:00,0.01371,0.01395,0.01326,0.01365,215015843.0
2025-09-13 04:00:00,0.01366,0.014,0.01344,0.01373,221771935.0
2025-09-13 08:00:00,0.01373,0.01402,0.01361,0.01375,238010955.0
2025-09-13 12:00:00,0.01375,0.01408,0.01348,0.01394,306625151.0
2025-09-13 16:00:00,0.01394,0.0154,0.01379,0.01511,558289325.0
2025-09-13 20:00:00,0.01511,0.0175,0.01496,0.01576,1129996515.0
2025-09-14 00:00:00,0.01577,0.01684,0.01548,0.01636,598235118.0
2025-09-14 04:00:00,0.01636,0.01714,0.01473,0.01488,1121474619.0
2025-09-14 08:00:00,0.01486,0.01558,0.01407,0.01524,642580316.0
2025-09-14 12:00:00,0.01525,0.01655,0.01429,0.01483,1223023693.0
2025-09-14 16:00:00,0.01483,0.0151,0.01444,0.0145,286189567.0
2025-09-14 20:00:00,0.01451,0.0149,0.0144,0.01465,159869425.0
2025-09-15 00:00:00,0.01465,0.01496,0.01449,0.01468,165460987.0
2025-09-15 04:00:00,0.01468,0.01498,0.014,0.01412,297992520.0
2025-09-15 08:00:00,0.01412,0.01413,0.01359,0.01377,297190608.0
2025-09-15 12:00:00,0.01376,0.01392,0.01325,0.01336,190624384.0
2025-09-15 16:00:00,0.01336,0.01338,0.01302,0.01313,162657246.0
2025-09-15 20:00:00,0.01313,0.01345,0.01307,0.01331,98090784.0
2025-09-16 00:00:00,0.01331,0.01352,0.01322,0.01331,120846100.0
2025-09-16 04:00:00,0.0133,0.01346,0.01315,0.01332,67368240.0
2025-09-16 08:00:00,0.01333,0.01345,0.01309,0.01323,101168473.0
2025-09-16 12:00:00,0.01322,0.0136,0.01306,0.01356,151984616.0
2025-09-16 16:00:00,0.01355,0.0136,0.01326,0.01328,93854853.0
2025-09-16 20:00:00,0.01328,0.01391,0.01323,0.01343,136028053.0
2025-09-17 00:00:00,0.01343,0.01379,0.01329,0.01339,95918359.0
2025-09-17 04:00:00,0.0134,0.01342,0.0131,0.01318,122300003.0
2025-09-17 08:00:00,0.01318,0.0132,0.01283,0.01297,132753848.0
2025-09-17 12:00:00,0.01297,0.01315,0.01286,0.01305,76955612.0
2025-09-17 16:00:00,0.01304,0.01351,0.0129,0.0134,149836054.0
2025-09-17 20:00:00,0.0134,0.01371,0.01323,0.01355,85574196.0
2025-09-18 00:00:00,0.01354,0.01374,0.01335,0.01372,63896133.0
2025-09-18 04:00:00,0.01371,0.01388,0.0135,0.01353,111655436.0
2025-09-18 08:00:00,0.01353,0.01379,0.01326,0.01334,112501946.0
2025-09-18 12:00:00,0.01335,0.01359,0.0133,0.01346,80380877.0
2025-09-18 16:00:00,0.01345,0.01366,0.01331,0.01337,62806166.0
2025-09-18 20:00:00,0.01337,0.01364,0.01336,0.01352,61203299.0
2025-09-19 00:00:00,0.01351,0.01377,0.01332,0.01335,62375066.0
2025-09-19 04:00:00,0.01334,0.01348,0.01318,0.01327,78476256.0
2025-09-19 08:00:00,0.01326,0.01335,0.01283,0.01284,72351765.0
2025-09-19 12:00:00,0.01284,0.01308,0.01266,0.0129,83547327.0
2025-09-19 16:00:00,0.01289,0.01299,0.01268,0.01271,76689719.0
2025-09-19 20:00:00,0.01272,0.01281,0.01229,0.01246,129476943.0
2025-09-20 00:00:00,0.01246,0.01277,0.01237,0.01267,83220183.0
2025-09-20 04:00:00,0.01266,0.01274,0.01243,0.01273,61912756.0
2025-09-20 08:00:00,0.01271,0.01279,0.01247,0.01263,60103004.0
2025-09-20 12:00:00,0.01263,0.01322,0.01263,0.01298,164652173.0
2025-09-20 16:00:00,0.01298,0.01298,0.01268,0.01272,53866793.0
2025-09-20 20:00:00,0.01273,0.01285,0.01261,0.01264,39977233.0
2025-09-21 00:00:00,0.01264,0.01276,0.01252,0.01266,63084204.0
2025-09-21 04:00:00,0.01265,0.01281,0.01256,0.01272,70698457.0
2025-09-21 08:00:00,0.01273,0.01292,0.01253,0.01264,106232485.0
2025-09-21 12:00:00,0.01264,0.01319,0.01262,0.01308,75720900.0
2025-09-21 16:00:00,0.01308,0.01308,0.01272,0.01279,81434250.0
2025-09-21 20:00:00,0.01279,0.01293,0.01268,0.01285,49189473.0
2025-09-22 00:00:00,0.01284,0.01284,0.01167,0.01206,260983692.0
2025-09-22 04:00:00,0.01206,0.01213,0.01004,0.01091,416816425.0
2025-09-22 08:00:00,0.01091,0.01109,0.01065,0.01072,128169329.0
2025-09-22 12:00:00,0.01072,0.01121,0.01072,0.01094,143613520.0
2025-09-22 16:00:00,0.01094,0.01102,0.01083,0.01087,70615176.0
2025-09-22 20:00:00,0.01087,0.01107,0.01084,0.01104,27642277.0
2025-09-23 00:00:00,0.01103,0.0111,0.01065,0.01093,75381963.0
2025-09-23 04:00:00,0.01093,0.01129,0.01079,0.01114,55339236.0
2025-09-23 08:00:00,0.01115,0.01146,0.01101,0.01122,131219317.0
2025-09-23 12:00:00,0.01121,0.0113,0.01094,0.0112,89177915.0
2025-09-23 16:00:00,0.01119,0.01136,0.01094,0.01103,70118124.0
2025-09-23 20:00:00,0.01103,0.01129,0.01099,0.01109,44024465.0
2025-09-24 00:00:00,0.01109,0.01134,0.01092,0.01095,81726031.0
2025-09-24 04:00:00,0.01094,0.01134,0.01077,0.01131,115768832.0
2025-09-24 08:00:00,0.01131,0.01137,0.01108,0.01122,88618308.0
2025-09-24 12:00:00,0.01122,0.01158,0.01118,0.01139,133808743.0
2025-09-24 16:00:00,0.01139,0.01143,0.01116,0.01131,63534906.0
2025-09-24 20:00:00,0.01131,0.01139,0.01122,0.01128,33695776.0
2025-09-25 00:00:00,0.01128,0.01132,0.01082,0.01093,137986944.0
2025-09-25 04:00:00,0.01092,0.01096,0.01054,0.01072,102858575.0
2025-09-25 08:00:00,0.01071,0.01092,0.01067,0.01075,90963846.0
2025-09-25 12:00:00,0.01075,0.01081,0.01032,0.01067,134523700.0
2025-09-25 16:00:00,0.01068,0.01071,0.01003,0.01031,158484259.0
2025-09-25 20:00:00,0.0103,0.01034,0.01001,0.0102,47073120.0
2025-09-26 00:00:00,0.0102,0.0105,0.01018,0.01041,69383256.0
2025-09-26 04:00:00,0.0104,0.01047,0.01028,0.0104,38967908.0
2025-09-26 08:00:00,0.01041,0.0105,0.0102,0.01029,45231882.0
2025-09-26 12:00:00,0.01028,0.0104,0.01003,0.01019,115510104.0
2025-09-26 16:00:00,0.01019,0.01045,0.01019,0.0103,60311104.0
2025-09-26 20:00:00,0.01031,0.01037,0.01018,0.01033,38301658.0
2025-09-27 00:00:00,0.01033,0.01039,0.01021,0.01029,32948770.0
2025-09-27 04:00:00,0.01029,0.01042,0.01026,0.01029,31867282.0
2025-09-27 08:00:00,0.0103,0.0103,0.01006,0.01028,56477052.0
2025-09-27 12:00:00,0.01027,0.01055,0.01027,0.01053,46241623.0
2025-09-27 16:00:00,0.01053,0.01055,0.01038,0.01051,38774494.0
2025-09-27 20:00:00,0.01051,0.01152,0.01047,0.01115,375746151.0
2025-09-28 00:00:00,0.01114,0.01142,0.01063,0.01104,248534450.0
2025-09-28 04:00:00,0.01103,0.01111,0.01065,0.01078,107163217.0
2025-09-28 08:00:00,0.01078,0.01083,0.0101,0.01039,178010349.0
2025-09-28 12:00:00,0.01038,0.01062,0.01017,0.01049,87470128.0
2025-09-28 16:00:00,0.01049,0.01061,0.01041,0.01051,33577281.0
2025-09-28 20:00:00,0.01052,0.01074,0.01052,0.01072,44979379.0
2025-09-29 00:00:00,0.01072,0.0108,0.0106,0.01069,47555629.0
2025-09-29 04:00:00,0.01068,0.01111,0.01064,0.01102,100138602.0
2025-09-29 08:00:00,0.01101,0.01103,0.01062,0.01066,75857069.0
2025-09-29 12:00:00,0.01067,0.01085,0.01037,0.01074,82073447.0
2025-09-29 16:00:00,0.01075,0.01087,0.01064,0.01083,63232147.0
2025-09-29 20:00:00,0.01084,0.011,0.01071,0.01079,35073203.0
2025-09-30 00:00:00,0.01081,0.01084,0.01064,0.01066,46698924.0
2025-09-30 04:00:00,0.01067,0.01073,0.01045,0.01056,51301912.0
2025-09-30 08:00:00,0.01055,0.01065,0.01046,0.01061,71709322.0
2025-09-30 12:00:00,0.01061,0.01162,0.01057,0.01096,325566906.0
2025-09-30 16:00:00,0.01095,0.01157,0.01086,0.0115,212864602.0
2025-09-30 20:00:00,0.0115,0.01161,0.01087,0.01104,92310680.0
2025-10-01 00:00:00,0.01105,0.0112,0.01085,0.01089,72976117.0
2025-10-01 04:00:00,0.01088,0.01135,0.01087,0.0111,84850113.0
2025-10-01 08:00:00,0.0111,0.01145,0.01103,0.01132,78738922.0
2025-10-01 12:00:00,0.01131,0.01154,0.01118,0.0115,62508417.0
2025-10-01 16:00:00,0.0115,0.0116,0.01134,0.01152,38329455.0
2025-10-01 20:00:00,0.01151,0.01175,0.01144,0.01151,47058302.0
2025-10-02 00:00:00,0.01152,0.01235,0.0115,0.01213,95709364.0
2025-10-02 04:00:00,0.01213,0.013,0.01206,0.01242,164526903.0
2025-10-02 08:00:00,0.01242,0.01261,0.01184,0.01257,101998897.0
2025-10-02 12:00:00,0.01256,0.01268,0.01217,0.01245,85185251.0
2025-10-02 16:00:00,0.01245,0.01321,0.01241,0.01273,146305131.0
2025-10-02 20:00:00,0.01274,0.01282,0.01258,0.0128,29747565.0
2025-10-03 00:00:00,0.0128,0.01321,0.01248,0.0126,93986403.0
2025-10-03 04:00:00,0.0126,0.01275,0.0124,0.01246,43379388.0
2025-10-03 08:00:00,0.01245,0.01295,0.01233,0.01255,74787194.0
2025-10-03 12:00:00,0.01255,0.01264,0.01228,0.01259,62208498.0
2025-10-03 16:00:00,0.0126,0.01279,0.01235,0.0126,55025110.0
2025-10-03 20:00:00,0.01261,0.01265,0.01243,0.01244,20421450.0
2025-10-04 00:00:00,0.01245,0.0125,0.01228,0.01241,27361394.0
2025-10-04 04:00:00,0.01239,0.01264,0.0123,0.01254,27772393.0
2025-10-04 08:00:00,0.01253,0.01255,0.01146,0.01219,184900398.0
2025-10-04 12:00:00,0.01218,0.01232,0.01167,0.01194,110366990.0
2025-10-04 16:00:00,0.01194,0.01222,0.01189,0.01221,24216723.0
2025-10-04 20:00:00,0.01221,0.01235,0.0121,0.01227,26699825.0
2025-10-05 00:00:00,0.01227,0.01259,0.01213,0.01243,49619504.0
2025-10-05 04:00:00,0.01242,0.01273,0.01236,0.01264,50565558.0
2025-10-05 08:00:00,0.01265,0.01265,0.01221,0.01235,40335152.0
2025-10-05 12:00:00,0.01235,0.01305,0.01226,0.01302,130736406.0
2025-10-05 16:00:00,0.01302,0.01304,0.01208,0.0121,112468830.0
2025-10-05 20:00:00,0.01212,0.01225,0.01208,0.01218,23347530.0
2025-10-06 00:00:00,0.01217,0.01241,0.01192,0.01235,49097070.0
2025-10-06 04:00:00,0.01235,0.01259,0.01216,0.0123,71004874.0
2025-10-06 08:00:00,0.0123,0.01256,0.01229,0.0124,29631795.0
2025-10-06 12:00:00,0.0124,0.01281,0.01234,0.01272,51834408.0
2025-10-06 16:00:00,0.01271,0.0131,0.01263,0.01293,48900420.0
2025-10-06 20:00:00,0.01292,0.01307,0.0128,0.01285,28194172.0
2025-10-07 00:00:00,0.01285,0.01292,0.01259,0.01276,44605019.0
2025-10-07 04:00:00,0.01275,0.01294,0.01264,0.01267,29857885.0
2025-10-07 08:00:00,0.01268,0.01295,0.01247,0.01288,48619850.0
2025-10-07 12:00:00,0.01287,0.01297,0.01216,0.01216,96804430.0
2025-10-07 16:00:00,0.01217,0.01236,0.01206,0.01215,42850132.0
2025-10-07 20:00:00,0.01215,0.01272,0.01213,0.01262,52462218.0
2025-10-08 00:00:00,0.01261,0.01296,0.01235,0.01243,78929690.0
2025-10-08 04:00:00,0.01242,0.01298,0.01242,0.01287,75446137.0
2025-10-08 08:00:00,0.01287,0.01294,0.01257,0.01276,64890461.0
2025-10-08 12:00:00,0.01275,0.01335,0.01269,0.01331,157198414.0
2025-10-08 16:00:00,0.0133,0.01488,0.01317,0.01373,707406064.0
2025-10-08 20:00:00,0.01372,0.0148,0.01358,0.01465,280756601.0
2025-10-09 00:00:00,0.01465,0.01707,0.01367,0.01614,1506624547.0
2025-10-09 04:00:00,0.01615,0.01619,0.01305,0.0134,1052071322.0
2025-10-09 08:00:00,0.0134,0.01398,0.01301,0.01347,519614566.0
2025-10-09 12:00:00,0.01347,0.01367,0.0128,0.01289,253319407.0
2025-10-09 16:00:00,0.01289,0.01342,0.0128,0.01319,183226831.0
2025-10-09 20:00:00,0.0132,0.01326,0.01295,0.01302,52321374.0
2025-10-10 00:00:00,0.01302,0.01336,0.01297,0.01309,91313425.0
2025-10-10 04:00:00,0.01309,0.01338,0.01299,0.01303,114127674.0
2025-10-10 08:00:00,0.01302,0.01324,0.013,0.0132,79050978.0
2025-10-10 12:00:00,0.0132,0.01339,0.01231,0.01265,258770918.0
2025-10-10 16:00:00,0.01265,0.01299,0.01188,0.01214,165425339.0
2025-10-10 20:00:00,0.01212,0.01233,0.0047,0.00805,1049853176.0
2025-10-11 00:00:00,0.00806,0.00894,0.0077,0.00859,252225609.0
2025-10-11 04:00:00,0.00859,0.00894,0.00835,0.00873,160304256.0
2025-10-11 08:00:00,0.00873,0.00913,0.00866,0.00878,132342868.0
2025-10-11 12:00:00,0.00878,0.00912,0.00864,0.00885,146784760.0
2025-10-11 16:00:00,0.00886,0.00915,0.00865,0.00878,128290167.0
2025-10-11 20:00:00,0.00878,0.00894,0.00864,0.00884,68364126.0
2025-10-12 00:00:00,0.00885,0.00893,0.00856,0.00879,109168376.0
2025-10-12 04:00:00,0.00879,0.00894,0.00871,0.00887,74770118.0
2025-10-12 08:00:00,0.00886,0.009,0.00872,0.00895,66272791.0
2025-10-12 12:00:00,0.00894,0.00954,0.00886,0.00947,174132413.0
2025-10-12 16:00:00,0.00947,0.01014,0.00947,0.01008,140037653.0
2025-10-12 20:00:00,0.01009,0.01022,0.00983,0.00993,65848644.0
2025-10-13 00:00:00,0.00993,0.01041,0.00965,0.0099,138346152.0
2025-10-13 04:00:00,0.00991,0.01022,0.00978,0.01005,80719303.0
2025-10-13 08:00:00,0.01005,0.01026,0.00986,0.01,101794963.0
2025-10-13 12:00:00,0.01,0.01048,0.00988,0.01012,180254476.0
2025-10-13 16:00:00,0.01012,0.01044,0.00996,0.01038,59034161.0
2025-10-13 20:00:00,0.01038,0.01048,0.01028,0.01042,31255184.0
2025-10-14 00:00:00,0.01042,0.01069,0.01002,0.0101,59681422.0
2025-10-14 04:00:00,0.01009,0.01013,0.00918,0.00943,138382173.0
2025-10-14 08:00:00,0.00943,0.00963,0.00926,0.00949,67261635.0
2025-10-14 12:00:00,0.00949,0.00978,0.00923,0.00978,66208269.0
2025-10-14 16:00:00,0.00978,0.00994,0.00964,0.00986,86962280.0
2025-10-14 20:00:00,0.00988,0.01014,0.00976,0.00994,36508214.0
2025-10-15 00:00:00,0.00995,0.00996,0.00972,0.00977,51367492.0
2025-10-15 04:00:00,0.00977,0.01004,0.00971,0.00983,56224690.0
2025-10-15 08:00:00,0.00983,0.00998,0.00951,0.00962,62220961.0
2025-10-15 12:00:00,0.00962,0.00968,0.00908,0.00913,124248539.0
2025-10-15 16:00:00,0.00915,0.00924,0.00903,0.00911,70123093.0
2025-10-15 20:00:00,0.00911,0.00919,0.0089,0.00911,74169909.0
2025-10-16 00:00:00,0.0091,0.00919,0.00894,0.00907,37062172.0
2025-10-16 04:00:00,0.00907,0.00927,0.00899,0.00917,39023801.0
2025-10-16 08:00:00,0.00916,0.00926,0.00865,0.00922,98956151.0
2025-10-16 12:00:00,0.00922,0.00954,0.00878,0.00887,133627421.0
2025-10-16 16:00:00,0.00887,0.00918,0.00855,0.00868,101178534.0
2025-10-16 20:00:00,0.00866,0.00877,0.00845,0.00868,38815694.0
2025-10-17 00:00:00,0.00867,0.00883,0.00863,0.00881,34897681.0
2025-10-17 04:00:00,0.0088,0.00882,0.00809,0.00818,106139666.0
2025-10-17 08:00:00,0.00818,0.00872,0.00803,0.00855,126588637.0
2025-10-17 12:00:00,0.00856,0.00859,0.00825,0.00856,46750668.0
2025-10-17 16:00:00,0.00856,0.00868,0.00839,0.00847,32168740.0
2025-10-17 20:00:00,0.00846,0.00861,0.0084,0.00844,34117447.0
2025-10-18 00:00:00,0.00845,0.0087,0.00841,0.00865,28191128.0
2025-10-18 04:00:00,0.00865,0.00884,0.00848,0.00875,37193667.0
2025-10-18 08:00:00,0.00875,0.00881,0.00866,0.00875,36309678.0
2025-10-18 12:00:00,0.00876,0.0088,0.00862,0.00867,31609537.0
2025-10-18 16:00:00,0.00867,0.00879,0.00852,0.00872,33757637.0
2025-10-18 20:00:00,0.00873,0.00886,0.00863,0.0087,42227834.0
2025-10-19 00:00:00,0.00868,0.00882,0.00857,0.00879,24619714.0
2025-10-19 04:00:00,0.00879,0.0088,0.00856,0.00864,22055972.0
2025-10-19 08:00:00,0.00863,0.00889,0.0085,0.0088,62018292.0
2025-10-19 12:00:00,0.00881,0.00913,0.00872,0.00908,51779226.0
2025-10-19 16:00:00,0.00908,0.00918,0.00895,0.00903,28009907.0
2025-10-19 20:00:00,0.00904,0.00907,0.00888,0.00891,19000074.0
2025-10-20 00:00:00,0.00891,0.00917,0.00868,0.00908,43025380.0
2025-10-20 04:00:00,0.00909,0.00917,0.00902,0.00911,26761739.0
2025-10-20 08:00:00,0.0091,0.00917,0.00891,0.00905,37498899.0
2025-10-20 12:00:00,0.00905,0.00917,0.00893,0.00893,27048026.0
2025-10-20 16:00:00,0.00892,0.00897,0.00872,0.00894,33987039.0
2025-10-20 20:00:00,0.00893,0.00907,0.00889,0.00894,17087873.0
2025-10-21 00:00:00,0.00893,0.00899,0.00864,0.00867,34022257.0
2025-10-21 04:00:00,0.00867,0.00872,0.00835,0.00854,48010004.0
2025-10-21 08:00:00,0.00853,0.00866,0.00842,0.00862,32214851.0
2025-10-21 12:00:00,0.00862,0.00928,0.00859,0.00925,56317233.0
2025-10-21 16:00:00,0.00924,0.00928,0.00895,0.00904,43309490.0
2025-10-21 20:00:00,0.00905,0.00906,0.00849,0.00857,40386428.0
2025-10-22 00:00:00,0.00857,0.00863,0.00844,0.00851,42733142.0
2025-10-22 04:00:00,0.0085,0.0086,0.00836,0.0085,37440743.0
2025-10-22 08:00:00,0.00849,0.00849,0.00822,0.00842,45922842.0
2025-10-22 12:00:00,0.00841,0.00863,0.00837,0.00855,39199598.0
2025-10-22 16:00:00,0.00856,0.00857,0.0083,0.00842,38017233.0
2025-10-22 20:00:00,0.00841,0.00844,0.00789,0.00818,79902418.0
2025-10-23 00:00:00,0.00819,0.00831,0.00816,0.00828,29636276.0
2025-10-23 04:00:00,0.00827,0.00849,0.00823,0.00841,25835400.0
2025-10-23 08:00:00,0.00842,0.00851,0.00826,0.0083,44382126.0
2025-10-23 12:00:00,0.00829,0.00854,0.00821,0.00851,55859426.0
2025-10-23 16:00:00,0.00851,0.0086,0.00843,0.00847,34788547.0
2025-10-23 20:00:00,0.00847,0.00851,0.00832,0.0085,23227091.0
2025-10-24 00:00:00,0.00851,0.00856,0.00842,0.00846,16093610.0
2025-10-24 04:00:00,0.00848,0.00866,0.00844,0.00859,21768510.0
2025-10-24 08:00:00,0.00858,0.00867,0.00838,0.00848,17146775.0
2025-10-24 12:00:00,0.00848,0.00875,0.00832,0.00834,40573409.0
2025-10-24 16:00:00,0.00835,0.0085,0.00826,0.00843,15300759.0
2025-10-24 20:00:00,0.00844,0.00861,0.00842,0.00859,12676367.0
2025-10-25 00:00:00,0.0086,0.00862,0.00847,0.00848,21339023.0
2025-10-25 04:00:00,0.00848,0.00853,0.0084,0.00842,20428355.0
2025-10-25 08:00:00,0.00843,0.00851,0.00835,0.00837,18960485.0
2025-10-25 12:00:00,0.00836,0.00847,0.00833,0.00844,33271702.0
2025-10-25 16:00:00,0.00844,0.00856,0.00834,0.00852,23148459.0
2025-10-25 20:00:00,0.00851,0.00858,0.00846,0.0085,12141649.0
2025-10-26 00:00:00,0.0085,0.00855,0.00828,0.00834,33144068.0
2025-10-26 04:00:00,0.00833,0.00846,0.00831,0.00843,18892334.0
2025-10-26 08:00:00,0.00842,0.00873,0.00841,0.00872,49311763.0
2025-10-26 12:00:00,0.00871,0.00874,0.00863,0.00867,33363107.0
2025-10-26 16:00:00,0.00867,0.00922,0.00858,0.00891,194936587.0
2025-10-26 20:00:00,0.00891,0.00892,0.00853,0.0087,92180705.0
2025-10-27 00:00:00,0.0087,0.00888,0.00869,0.00876,34155273.0
2025-10-27 04:00:00,0.00877,0.00886,0.00853,0.00862,67558469.0
2025-10-27 08:00:00,0.00862,0.00864,0.00836,0.00854,51328522.0
2025-10-27 12:00:00,0.00854,0.00857,0.00833,0.0084,74581412.0
2025-10-27 16:00:00,0.00839,0.0086,0.00839,0.00846,32077285.0
2025-10-27 20:00:00,0.00846,0.0088,0.00835,0.0086,76701619.0
2025-10-28 00:00:00,0.0086,0.00864,0.00841,0.00857,40047087.0
2025-10-28 04:00:00,0.00858,0.00918,0.00852,0.00865,172504468.0
2025-10-28 08:00:00,0.00866,0.00915,0.00861,0.0091,232530307.0
2025-10-28 12:00:00,0.00909,0.00918,0.00797,0.00815,449256542.0
2025-10-28 16:00:00,0.00815,0.00833,0.00801,0.00808,91539595.0
2025-10-28 20:00:00,0.00808,0.0081,0.0076,0.00802,154304388.0
2025-10-29 00:00:00,0.00803,0.00807,0.0079,0.00793,44345322.0
2025-10-29 04:00:00,0.00794,0.00822,0.00792,0.00816,36890720.0
2025-10-29 08:00:00,0.00817,0.00838,0.0081,0.00832,58159815.0
2025-10-29 12:00:00,0.00833,0.00845,0.00808,0.00813,65999204.0
2025-10-29 16:00:00,0.00812,0.0084,0.00785,0.00835,100626756.0
2025-10-29 20:00:00,0.00836,0.00873,0.00827,0.00832,145270393.0
2025-10-30 00:00:00,0.00831,0.00852,0.00816,0.00821,57056601.0
2025-10-30 04:00:00,0.0082,0.00822,0.00786,0.00811,73553963.0
2025-10-30 08:00:00,0.00811,0.00812,0.00777,0.00778,46076374.0
2025-10-30 12:00:00,0.00779,0.00781,0.00725,0.00729,119412700.0
2025-10-30 16:00:00,0.00729,0.00739,0.00703,0.00709,110267999.0
2025-10-30 20:00:00,0.0071,0.00738,0.00707,0.00737,44948202.0
2025-10-31 00:00:00,0.00737,0.00745,0.00731,0.00734,30449016.0
2025-10-31 04:00:00,0.00734,0.00743,0.007283,0.007321,26738223.0
2025-10-31 08:00:00,0.007323,0.007348,0.007207,0.007337,31417070.0
2025-10-31 12:00:00,0.007336,0.007462,0.007241,0.007416,56315812.0
2025-10-31 16:00:00,0.007416,0.007431,0.007091,0.007352,52006881.0
2025-10-31 20:00:00,0.007357,0.00737,0.00722,0.007326,17143913.0
2025-11-01 00:00:00,0.007322,0.007426,0.007181,0.00739,33101447.0
2025-11-01 04:00:00,0.007389,0.007499,0.007316,0.007463,34358433.0
2025-11-01 08:00:00,0.007466,0.007553,0.007385,0.007462,40084955.0
2025-11-01 12:00:00,0.007465,0.007492,0.007327,0.007476,33162834.0
2025-11-01 16:00:00,0.007475,0.007538,0.007404,0.007453,38318684.0
2025-11-01 20:00:00,0.007457,0.007496,0.007357,0.007478,17156449.0
2025-11-02 00:00:00,0.007477,0.007687,0.007397,0.007419,79404537.0
2025-11-02 04:00:00,0.007422,0.007527,0.007403,0.007494,30558908.0
2025-11-02 08:00:00,0.007497,0.007513,0.007212,0.007397,74532707.0
2025-11-02 12:00:00,0.007393,0.007424,0.007018,0.007074,102859681.0
2025-11-02 16:00:00,0.007073,0.007129,0.00694,0.007058,61961946.0
2025-11-02 20:00:00,0.00706,0.007309,0.007016,0.007295,35828575.0
2025-11-03 00:00:00,0.007296,0.007449,0.006531,0.006575,149602619.0
2025-11-03 04:00:00,0.00657,0.00668,0.006469,0.006538,99067735.0
2025-11-03 08:00:00,0.006539,0.006584,0.006304,0.006438,119541930.0
2025-11-03 12:00:00,0.006433,0.006546,0.00575,0.006069,286050241.0
2025-11-03 16:00:00,0.006069,0.006244,0.006011,0.00602,87991168.0
2025-11-03 20:00:00,0.006015,0.006049,0.005888,0.006038,59548576.0
2025-11-04 00:00:00,0.006035,0.006175,0.005972,0.006162,58112347.0
2025-11-04 04:00:00,0.006162,0.006201,0.005724,0.005793,125696068.0
2025-11-04 08:00:00,0.005792,0.005982,0.005762,0.005857,88279994.0
2025-11-04 12:00:00,0.005859,0.006021,0.005711,0.005838,118534900.0
2025-11-04 16:00:00,0.005841,0.005893,0.005478,0.005612,127667298.0
2025-11-04 20:00:00,0.005616,0.008343,0.005154,0.005845,2242554255.0
2025-11-05 00:00:00,0.005846,0.006184,0.005541,0.006075,307090248.0
2025-11-05 04:00:00,0.006074,0.006113,0.005915,0.005951,120349534.0
2025-11-05 08:00:00,0.005952,0.006007,0.005837,0.005998,113316944.0
2025-11-05 12:00:00,0.005997,0.006099,0.005902,0.006075,146720050.0
2025-11-05 16:00:00,0.006076,0.006147,0.005962,0.006018,90652580.0
2025-11-05 20:00:00,0.006017,0.00612,0.00597,0.006043,106249481.0
2025-11-06 00:00:00,0.006042,0.006075,0.005906,0.00601,132594861.0
2025-11-06 04:00:00,0.006009,0.006046,0.005866,0.005896,92787294.0
2025-11-06 08:00:00,0.005891,0.006013,0.005868,0.005958,108896199.0
2025-11-06 12:00:00,0.005957,0.006051,0.00575,0.005795,194663724.0
2025-11-06 16:00:00,0.005796,0.006033,0.005756,0.006004,130987815.0
2025-11-06 20:00:00,0.006005,0.006096,0.005906,0.006004,84481435.0
2025-11-07 00:00:00,0.006004,0.006191,0.005954,0.00614,104220536.0
2025-11-07 04:00:00,0.00614,0.006378,0.006103,0.006355,90624902.0
2025-11-07 08:00:00,0.006352,0.006353,0.005956,0.006043,132340618.0
2025-11-07 12:00:00,0.006044,0.006326,0.005908,0.00628,148703368.0
2025-11-07 16:00:00,0.006281,0.006784,0.006271,0.006736,197981103.0
2025-11-07 20:00:00,0.006734,0.006825,0.00657,0.006613,65956459.0
2025-11-08 00:00:00,0.006614,0.006732,0.006486,0.006504,66732042.0
2025-11-08 04:00:00,0.006505,0.006681,0.006457,0.006577,118495749.0
2025-11-08 08:00:00,0.006578,0.006654,0.00649,0.006588,36099490.0
2025-11-08 12:00:00,0.006588,0.006609,0.006338,0.006369,59271157.0
2025-11-08 16:00:00,0.006369,0.006481,0.00631,0.006469,35662315.0
2025-11-08 20:00:00,0.006469,0.006593,0.006416,0.006552,34494203.0
2025-11-09 00:00:00,0.006551,0.006551,0.006121,0.006185,62498306.0
2025-11-09 04:00:00,0.00619,0.006432,0.006179,0.00643,43082591.0
2025-11-09 08:00:00,0.006431,0.00651,0.006247,0.006445,83796612.0
2025-11-09 12:00:00,0.00645,0.006636,0.006408,0.006613,38888292.0
2025-11-09 16:00:00,0.006616,0.007318,0.006571,0.006822,425923438.0
2025-11-09 20:00:00,0.006823,0.006843,0.006629,0.006683,68008181.0
2025-11-10 00:00:00,0.006683,0.006746,0.006543,0.006588,157333042.0
2025-11-10 04:00:00,0.006588,0.006677,0.006469,0.006506,90394511.0
2025-11-10 08:00:00,0.006506,0.006704,0.006422,0.006535,78865423.0
2025-11-10 12:00:00,0.006541,0.006681,0.006424,0.0065,45516746.0
2025-11-10 16:00:00,0.006499,0.006623,0.006385,0.006569,33383914.0
2025-11-10 20:00:00,0.006575,0.00671,0.0065,0.00666,37648009.0
2025-11-11 00:00:00,0.006661,0.006746,0.006525,0.006649,48516857.0
2025-11-11 04:00:00,0.00665,0.006675,0.006299,0.006335,65908477.0
2025-11-11 08:00:00,0.006333,0.006463,0.006322,0.006401,52002384.0
2025-11-11 12:00:00,0.006402,0.00646,0.006288,0.006378,62085411.0
2025-11-11 16:00:00,0.006381,0.006655,0.006376,0.006519,130238490.0
2025-11-11 20:00:00,0.006519,0.00654,0.00637,0.006375,67334127.0
2025-11-12 00:00:00,0.006376,0.006545,0.006255,0.006482,100049207.0
2025-11-12 04:00:00,0.006485,0.006643,0.00648,0.006527,49719529.0
2025-11-12 08:00:00,0.006527,0.006783,0.006484,0.006525,217200085.0
2025-11-12 12:00:00,0.006527,0.006677,0.006274,0.006303,106903173.0
2025-11-12 16:00:00,0.006297,0.006317,0.006001,0.006077,131492783.0
2025-11-12 20:00:00,0.006076,0.006301,0.006064,0.006182,46648787.0
2025-11-13 00:00:00,0.006183,0.006349,0.006138,0.006281,46189207.0
2025-11-13 04:00:00,0.006278,0.006389,0.006237,0.006314,31479921.0
2025-11-13 08:00:00,0.006313,0.006407,0.006247,0.006276,34425530.0
2025-11-13 12:00:00,0.006278,0.006392,0.00618,0.006241,41142159.0
2025-11-13 16:00:00,0.006239,0.006257,0.005801,0.00585,80309565.0
2025-11-13 20:00:00,0.005849,0.006127,0.00575,0.006058,79087797.0
2025-11-14 00:00:00,0.006058,0.006109,0.005947,0.005992,53818123.0
2025-11-14 04:00:00,0.005991,0.006024,0.005655,0.00596,86988492.0
2025-11-14 08:00:00,0.00596,0.00597,0.005772,0.005812,49142977.0
2025-11-14 12:00:00,0.005811,0.005984,0.005625,0.005953,90927415.0
2025-11-14 16:00:00,0.005954,0.006022,0.005857,0.005952,117066620.0
2025-11-14 20:00:00,0.005951,0.005953,0.005617,0.005745,64479518.0
2025-11-15 00:00:00,0.005741,0.005985,0.005733,0.005962,25266832.0
2025-11-15 04:00:00,0.005965,0.00605,0.00593,0.005988,34647136.0
2025-11-15 08:00:00,0.005988,0.005995,0.005859,0.005894,23578623.0
2025-11-15 12:00:00,0.005894,0.006073,0.005881,0.005951,35521345.0
2025-11-15 16:00:00,0.005951,0.006147,0.00587,0.006101,39090981.0
2025-11-15 20:00:00,0.006104,0.006149,0.005961,0.006023,125951392.0
2025-11-16 00:00:00,0.006021,0.006035,0.005835,0.006008,53284475.0
2025-11-16 04:00:00,0.006007,0.006009,0.005918,0.006002,33128159.0
2025-11-16 08:00:00,0.006,0.00602,0.005794,0.005809,50344701.0
2025-11-16 12:00:00,0.005811,0.005858,0.00566,0.005667,45738154.0
2025-11-16 16:00:00,0.005678,0.005736,0.005528,0.005614,123487290.0
2025-11-16 20:00:00,0.005615,0.005733,0.005493,0.005671,56713840.0
2025-11-17 00:00:00,0.005673,0.005779,0.00559,0.005774,36978058.0
2025-11-17 04:00:00,0.00578,0.005833,0.005729,0.005821,22365429.0
2025-11-17 08:00:00,0.005822,0.00587,0.00579,0.005843,16466705.0
2025-11-17 12:00:00,0.005843,0.006189,0.005625,0.005787,942247274.0
2025-11-17 16:00:00,0.005785,0.005903,0.005593,0.005629,73992931.0
2025-11-17 20:00:00,0.005632,0.005843,0.005566,0.005802,56284005.0
2025-11-18 00:00:00,0.005801,0.005915,0.005665,0.005876,73739799.0
2025-11-18 04:00:00,0.005877,0.006013,0.005753,0.005819,72203436.0
2025-11-18 08:00:00,0.005819,0.005878,0.0057,0.005716,51615976.0
2025-11-18 12:00:00,0.005716,0.005893,0.005664,0.005838,54949462.0
2025-11-18 16:00:00,0.005839,0.006015,0.005823,0.005902,119294371.0
2025-11-18 20:00:00,0.005901,0.005912,0.005766,0.005842,33229280.0
2025-11-19 00:00:00,0.005842,0.005884,0.005721,0.005741,31997106.0
2025-11-19 04:00:00,0.00574,0.005798,0.005558,0.005772,66105994.0
2025-11-19 08:00:00,0.005772,0.005778,0.005667,0.005702,38221404.0
2025-11-19 12:00:00,0.005701,0.005788,0.005532,0.005542,67253595.0
2025-11-19 16:00:00,0.005541,0.005588,0.005248,0.005327,124367266.0
2025-11-19 20:00:00,0.005327,0.005627,0.0053,0.005577,95765277.0
2025-11-20 00:00:00,0.005576,0.005697,0.005511,0.005653,137384274.0
2025-11-20 04:00:00,0.005653,0.005721,0.005606,0.005698,44565140.0
2025-11-20 08:00:00,0.005699,0.005702,0.00559,0.005681,41880368.0
2025-11-20 12:00:00,0.005681,0.005934,0.00568,0.005735,86919290.0
2025-11-20 16:00:00,0.005736,0.005759,0.005391,0.005551,104806653.0
2025-11-20 20:00:00,0.00555,0.005757,0.005464,0.005544,119351503.0
2025-11-21 00:00:00,0.00554,0.006019,0.005502,0.005947,163490567.0
2025-11-21 04:00:00,0.005946,0.00662,0.005152,0.005862,801288263.0
2025-11-21 08:00:00,0.005859,0.005864,0.00534,0.005397,304175955.0
2025-11-21 12:00:00,0.005399,0.005683,0.005274,0.005549,167552109.0
2025-11-21 16:00:00,0.005549,0.0085,0.005467,0.008058,3824350890.0
2025-11-21 20:00:00,0.008058,0.008169,0.006655,0.007301,6066961915.0
2025-11-22 00:00:00,0.007305,0.007623,0.006368,0.006535,2081923694.0
2025-11-22 04:00:00,0.006535,0.006636,0.00595,0.005981,945140129.0
2025-11-22 08:00:00,0.005982,0.006173,0.005665,0.005883,667690068.0
2025-11-22 12:00:00,0.005886,0.005971,0.005666,0.005798,446406320.0
2025-11-22 16:00:00,0.005798,0.006121,0.005759,0.005813,402697609.0
2025-11-22 20:00:00,0.005813,0.005915,0.0057,0.005844,245987076.0
2025-11-23 00:00:00,0.005844,0.005955,0.005736,0.005761,242808294.0
2025-11-23 04:00:00,0.005762,0.005948,0.005653,0.005697,277476085.0
2025-11-23 08:00:00,0.005697,0.005762,0.005562,0.005695,243569290.0
2025-11-23 12:00:00,0.005695,0.006859,0.005669,0.006165,1344006860.0
2025-11-23 16:00:00,0.00616,0.006695,0.006052,0.006168,1910265952.0
2025-11-23 20:00:00,0.006169,0.006352,0.006072,0.006231,389865500.0
2025-11-24 00:00:00,0.00623,0.006488,0.006128,0.006384,432688908.0
2025-11-24 04:00:00,0.006383,0.006612,0.006261,0.006307,525407311.0
2025-11-24 08:00:00,0.006307,0.006795,0.006119,0.006498,1203314847.0
2025-11-24 12:00:00,0.006496,0.007693,0.006421,0.006915,4321711068.0
2025-11-24 16:00:00,0.006914,0.007328,0.006832,0.006882,878265780.0
2025-11-24 20:00:00,0.006883,0.007149,0.006832,0.006946,352224991.0
2025-11-25 00:00:00,0.006945,0.007037,0.006755,0.006798,296586113.0
2025-11-25 04:00:00,0.006799,0.00684,0.006626,0.006642,247986957.0
2025-11-25 08:00:00,0.006642,0.006712,0.006513,0.006531,182673645.0
2025-11-25 12:00:00,0.006532,0.006767,0.006446,0.006761,325444772.0
2025-11-25 16:00:00,0.006761,0.006786,0.006615,0.006668,127916914.0
2025-11-25 20:00:00,0.006669,0.006785,0.006601,0.006656,93737166.0
2025-11-26 00:00:00,0.006656,0.006703,0.006568,0.006587,134850383.0
2025-11-26 04:00:00,0.006588,0.006634,0.006505,0.006575,86680309.0
2025-11-26 08:00:00,0.006572,0.006578,0.006305,0.006325,120671481.0
2025-11-26 12:00:00,0.006325,0.006365,0.006208,0.006256,125351063.0
2025-11-26 16:00:00,0.006254,0.006473,0.006232,0.006328,125118893.0
2025-11-26 20:00:00,0.006329,0.006375,0.006281,0.006302,57932160.0
2025-11-27 00:00:00,0.006301,0.00632,0.00622,0.006231,71118044.0
2025-11-27 04:00:00,0.006232,0.006357,0.006224,0.006279,65228908.0
2025-11-27 08:00:00,0.006278,0.006443,0.006223,0.006367,101776357.0
2025-11-27 12:00:00,0.006364,0.006607,0.006341,0.006472,158210089.0
2025-11-27 16:00:00,0.006473,0.006547,0.006395,0.006486,77702180.0
2025-11-27 20:00:00,0.006486,0.006548,0.006353,0.006402,62204753.0
2025-11-28 00:00:00,0.006403,0.006464,0.00626,0.006336,52545638.0
2025-11-28 04:00:00,0.006336,0.006405,0.006289,0.006299,52840363.0
2025-11-28 08:00:00,0.006299,0.006446,0.006256,0.006336,49521794.0
2025-11-28 12:00:00,0.006335,0.006443,0.006272,0.006346,83130058.0
2025-11-28 16:00:00,0.006349,0.00635,0.006138,0.00629,88053269.0
2025-11-28 20:00:00,0.006289,0.006393,0.006235,0.006346,37517875.0
2025-11-29 00:00:00,0.006343,0.006856,0.006298,0.006469,437531023.0
2025-11-29 04:00:00,0.006468,0.006696,0.006432,0.006455,143486019.0
2025-11-29 08:00:00,0.006454,0.007086,0.006274,0.006947,1437438081.0
2025-11-29 12:00:00,0.006947,0.00695,0.006581,0.006644,545361194.0
2025-11-29 16:00:00,0.006645,0.006843,0.006425,0.006795,494180716.0
2025-11-29 20:00:00,0.006796,0.006831,0.006606,0.006736,249038597.0
2025-11-30 00:00:00,0.006735,0.00702,0.006681,0.00702,423301114.0
2025-11-30 04:00:00,0.00702,0.007053,0.006575,0.006642,279507527.0
2025-11-30 08:00:00,0.00664,0.006695,0.0065,0.006512,168298083.0
2025-11-30 12:00:00,0.006512,0.006681,0.006431,0.006531,159952093.0
2025-11-30 16:00:00,0.006531,0.006638,0.006498,0.006551,94449264.0
2025-11-30 20:00:00,0.006552,0.006634,0.006349,0.006369,90343945.0
2025-12-01 00:00:00,0.00637,0.006382,0.00587,0.005909,297626855.0
2025-12-01 04:00:00,0.00591,0.005988,0.005833,0.005891,95237285.0
2025-12-01 08:00:00,0.005891,0.006059,0.005887,0.005949,114819572.0
2025-12-01 12:00:00,0.005949,0.006007,0.005864,0.005973,73187019.0
2025-12-01 16:00:00,0.005974,0.006247,0.005942,0.006122,114225665.0
2025-12-01 20:00:00,0.006122,0.006304,0.006122,0.006135,65930713.0
2025-12-02 00:00:00,0.006134,0.00622,0.006,0.006081,67671779.0
2025-12-02 04:00:00,0.006082,0.006156,0.006035,0.006066,70772159.0
2025-12-02 08:00:00,0.006065,0.006095,0.00599,0.006061,40852046.0
2025-12-02 12:00:00,0.006062,0.006459,0.006062,0.006434,94034789.0
2025-12-02 16:00:00,0.006434,0.006448,0.006248,0.006254,53808413.0
2025-12-02 20:00:00,0.006254,0.006266,0.006154,0.006159,46728000.0
2025-12-03 00:00:00,0.00616,0.006249,0.006148,0.006197,53831721.0
2025-12-03 04:00:00,0.006196,0.006285,0.006166,0.006209,66633380.0
2025-12-03 08:00:00,0.006207,0.00661,0.006207,0.006473,135036900.0
2025-12-03 12:00:00,0.006472,0.006831,0.006463,0.00668,302982553.0
2025-12-03 16:00:00,0.006682,0.0069,0.006565,0.006714,205505182.0
2025-12-03 20:00:00,0.006713,0.006713,0.006532,0.006562,77300562.0
2025-12-04 00:00:00,0.006561,0.006679,0.006528,0.006563,72056481.0
2025-12-04 04:00:00,0.006564,0.006731,0.006495,0.006677,90209287.0
2025-12-04 08:00:00,0.006677,0.006767,0.006572,0.006713,88208819.0
2025-12-04 12:00:00,0.00671,0.006999,0.0066,0.006677,220047895.0
2025-12-04 16:00:00,0.006666,0.00669,0.006369,0.006521,90754074.0
2025-12-04 20:00:00,0.006523,0.006572,0.00644,0.006545,65950482.0
2025-12-05 00:00:00,0.006544,0.0068,0.006517,0.006655,96084131.0
2025-12-05 04:00:00,0.006654,0.006721,0.006536,0.006623,55104174.0
2025-12-05 08:00:00,0.006622,0.006735,0.006393,0.006464,111124656.0
2025-12-05 12:00:00,0.006464,0.006532,0.006337,0.006452,74205939.0
2025-12-05 16:00:00,0.006452,0.006496,0.006216,0.006385,99885912.0
2025-12-05 20:00:00,0.006384,0.006408,0.006249,0.006377,73302302.0
2025-12-06 00:00:00,0.006372,0.006404,0.006284,0.0064,36759566.0
2025-12-06 04:00:00,0.006401,0.006415,0.006291,0.006363,31063810.0
2025-12-06 08:00:00,0.006362,0.006401,0.006301,0.006394,35619478.0
2025-12-06 12:00:00,0.006393,0.006443,0.006325,0.006394,41117790.0
2025-12-06 16:00:00,0.006397,0.006502,0.006272,0.006295,72282525.0
2025-12-06 20:00:00,0.006292,0.006396,0.006217,0.006373,50581493.0
2025-12-07 00:00:00,0.006373,0.006464,0.006358,0.00639,34266312.0
2025-12-07 04:00:00,0.00639,0.006435,0.006287,0.0063,39579386.0
2025-12-07 08:00:00,0.0063,0.006307,0.00615,0.006209,53879813.0
2025-12-07 12:00:00,0.00621,0.006233,0.005908,0.006179,96261616.0
2025-12-07 16:00:00,0.006177,0.006266,0.006137,0.006236,59086188.0
2025-12-07 20:00:00,0.006236,0.006241,0.0059,0.006026,57848494.0
2025-12-08 00:00:00,0.006028,0.006209,0.006001,0.006172,74737505.0
2025-12-08 04:00:00,0.006171,0.006311,0.006114,0.00621,53001676.0
2025-12-08 08:00:00,0.006211,0.006279,0.006171,0.006186,24507782.0
2025-12-08 12:00:00,0.006187,0.006197,0.00601,0.006023,51764879.0
2025-12-08 16:00:00,0.006021,0.00613,0.00591,0.00596,78708760.0
2025-12-08 20:00:00,0.005961,0.006065,0.005961,0.006027,33330498.0
2025-12-09 00:00:00,0.006028,0.006034,0.005925,0.006001,36361303.0
2025-12-09 04:00:00,0.006001,0.006002,0.005826,0.005947,48653959.0
2025-12-09 08:00:00,0.005948,0.005971,0.005874,0.005963,41935904.0
2025-12-09 12:00:00,0.005962,0.006157,0.00595,0.006143,67811501.0
2025-12-09 16:00:00,0.006143,0.006269,0.006117,0.006194,103101620.0
2025-12-09 20:00:00,0.006193,0.0062,0.006009,0.006093,31659977.0
2025-12-10 00:00:00,0.006096,0.006099,0.005967,0.006051,38449517.0
2025-12-10 04:00:00,0.006049,0.006106,0.006007,0.006051,30653322.0
2025-12-10 08:00:00,0.006047,0.006047,0.005863,0.00588,36327825.0
2025-12-10 12:00:00,0.005877,0.005958,0.005847,0.005903,33893064.0
2025-12-10 16:00:00,0.005902,0.005976,0.0058,0.005947,48219047.0
2025-12-10 20:00:00,0.005948,0.006048,0.005688,0.005758,68939624.0
2025-12-11 00:00:00,0.005757,0.005777,0.005445,0.005498,140770402.0
2025-12-11 04:00:00,0.005501,0.005739,0.005488,0.005602,73833384.0
2025-12-11 08:00:00,0.005602,0.005656,0.005547,0.005587,40552879.0
2025-12-11 12:00:00,0.005587,0.005664,0.005544,0.005608,47188712.0
2025-12-11 16:00:00,0.005607,0.005732,0.005574,0.005638,38899941.0
2025-12-11 20:00:00,0.00564,0.005812,0.00563,0.005701,35223354.0
2025-12-12 00:00:00,0.005701,0.005739,0.005598,0.005723,32484825.0
2025-12-12 04:00:00,0.005723,0.005724,0.005641,0.005699,22013705.0
2025-12-12 08:00:00,0.005701,0.00575,0.005627,0.005655,57455000.0
2025-12-12 12:00:00,0.005656,0.005686,0.005487,0.005513,58059857.0
2025-12-12 16:00:00,0.005513,0.005538,0.0054,0.005467,66338822.0
2025-12-12 20:00:00,0.005467,0.005567,0.00546,0.005531,31147623.0
2025-12-13 00:00:00,0.005533,0.005573,0.005507,0.00556,33470486.0
2025-12-13 04:00:00,0.005561,0.005581,0.005505,0.005562,21405389.0
2025-12-13 08:00:00,0.005565,0.005605,0.005554,0.005564,26196853.0
2025-12-13 12:00:00,0.005564,0.005612,0.005542,0.005597,24721280.0
2025-12-13 16:00:00,0.005596,0.005677,0.005578,0.005675,29226059.0
2025-12-13 20:00:00,0.005675,0.0057,0.005652,0.005674,29055048.0
2025-12-14 00:00:00,0.005674,0.005835,0.005663,0.00568,57552356.0
2025-12-14 04:00:00,0.00568,0.005687,0.005562,0.005619,42639091.0
2025-12-14 08:00:00,0.005614,0.005664,0.005485,0.005566,70735959.0
2025-12-14 12:00:00,0.005566,0.005594,0.005466,0.005477,34546039.0
2025-12-14 16:00:00,0.005479,0.005529,0.005403,0.00542,39889362.0
2025-12-14 20:00:00,0.00542,0.005462,0.005301,0.005366,55969674.0
2025-12-15 00:00:00,0.005366,0.005504,0.005345,0.005393,35402711.0
2025-12-15 04:00:00,0.005393,0.005473,0.005376,0.005394,29875291.0
2025-12-15 08:00:00,0.005397,0.005445,0.005386,0.005395,29117176.0
2025-12-15 12:00:00,0.005395,0.005425,0.005075,0.005119,125500890.0
2025-12-15 16:00:00,0.005117,0.00513,0.004921,0.005056,73995004.0
2025-12-15 20:00:00,0.005054,0.005136,0.004987,0.005122,33329545.0
2025-12-16 00:00:00,0.005122,0.005125,0.00499,0.005038,36781228.0
2025-12-16 04:00:00,0.00504,0.005067,0.004961,0.005002,41077229.0
2025-12-16 08:00:00,0.005002,0.00513,0.004996,0.005124,42652437.0
2025-12-16 12:00:00,0.005121,0.005178,0.005049,0.005144,100061766.0
2025-12-16 16:00:00,0.005145,0.005158,0.005052,0.005136,43594563.0
2025-12-16 20:00:00,0.005134,0.005176,0.005102,0.00513,36095489.0
2025-12-17 00:00:00,0.005132,0.005132,0.005035,0.005042,60707524.0
2025-12-17 04:00:00,0.005042,0.005053,0.004965,0.005031,47753707.0
2025-12-17 08:00:00,0.005031,0.005031,0.004961,0.004998,40132377.0
2025-12-17 12:00:00,0.004998,0.00515,0.004886,0.0049,104163278.0
2025-12-17 16:00:00,0.004899,0.004946,0.004743,0.00482,94545231.0
2025-12-17 20:00:00,0.004822,0.00486,0.004758,0.004811,31434232.0
2025-12-18 00:00:00,0.004811,0.004819,0.004713,0.004716,30487757.0
2025-12-18 04:00:00,0.00472,0.004742,0.004584,0.004667,56390485.0
2025-12-18 08:00:00,0.004667,0.004755,0.004654,0.004701,47556572.0
2025-12-18 12:00:00,0.004701,0.004853,0.004675,0.004814,84966808.0
2025-12-18 16:00:00,0.004816,0.004832,0.004369,0.004398,173381063.0
2025-12-18 20:00:00,0.004396,0.004581,0.004395,0.004518,33478673.0
2025-12-19 00:00:00,0.004518,0.004684,0.004433,0.004609,53709110.0
2025-12-19 04:00:00,0.00461,0.00474,0.004598,0.004693,32166406.0
2025-12-19 08:00:00,0.004694,0.004747,0.004681,0.004741,18089973.0
2025-12-19 12:00:00,0.004744,0.004867,0.004721,0.004783,54503293.0
2025-12-19 16:00:00,0.004783,0.004849,0.004713,0.004831,58000059.0
2025-12-19 20:00:00,0.004835,0.0049,0.004815,0.004879,40021811.0
2025-12-20 00:00:00,0.004879,0.004906,0.004834,0.004871,27749198.0
2025-12-20 04:00:00,0.004868,0.005108,0.004837,0.005009,168871874.0
2025-12-20 08:00:00,0.005009,0.005022,0.004916,0.004982,66927191.0
2025-12-20 12:00:00,0.004981,0.005827,0.004938,0.005685,2779118938.0
2025-12-20 16:00:00,0.005685,0.005713,0.005274,0.00535,971283243.0
2025-12-20 20:00:00,0.00535,0.005479,0.005265,0.005402,249702608.0
2025-12-21 00:00:00,0.0054,0.005406,0.00521,0.005247,162361305.0
2025-12-21 04:00:00,0.005247,0.005254,0.005141,0.005203,139393834.0
2025-12-21 08:00:00,0.005202,0.005229,0.005066,0.005081,113530826.0
2025-12-21 12:00:00,0.00508,0.005097,0.004846,0.004884,214729275.0
2025-12-21 16:00:00,0.004884,0.00494,0.004837,0.004886,110953702.0
2025-12-21 20:00:00,0.004885,0.004887,0.004758,0.004816,104125248.0
2025-12-22 00:00:00,0.004816,0.004887,0.004741,0.004824,92085347.0
2025-12-22 04:00:00,0.004824,0.004875,0.004801,0.004864,55190018.0
2025-12-22 08:00:00,0.004863,0.004898,0.004819,0.004851,71446650.0
2025-12-22 12:00:00,0.00485,0.004873,0.004742,0.00481,104544229.0
2025-12-22 16:00:00,0.004811,0.004859,0.004722,0.004735,89840434.0
2025-12-22 20:00:00,0.004734,0.004757,0.004674,0.004745,77327020.0
2025-12-23 00:00:00,0.004745,0.004769,0.004682,0.004702,40112079.0
2025-12-23 04:00:00,0.004702,0.004724,0.004654,0.00468,51480204.0
2025-12-23 08:00:00,0.00468,0.004843,0.004674,0.004826,75871514.0
2025-12-23 12:00:00,0.004826,0.005116,0.004664,0.004741,556712986.0
2025-12-23 16:00:00,0.00474,0.004821,0.004686,0.004772,95984435.0
2025-12-23 20:00:00,0.004771,0.004808,0.004752,0.004797,35136621.0
2025-12-24 00:00:00,0.004796,0.004806,0.004717,0.004787,28262387.0
2025-12-24 04:00:00,0.004787,0.004822,0.004703,0.004725,34148439.0
2025-12-24 08:00:00,0.004726,0.004734,0.004666,0.004676,37609004.0
2025-12-24 12:00:00,0.004677,0.004742,0.004595,0.00466,66241227.0
2025-12-24 16:00:00,0.00466,0.004705,0.00463,0.004701,37226601.0
2025-12-24 20:00:00,0.004702,0.004768,0.004701,0.004742,30557243.0
2025-12-25 00:00:00,0.004743,0.004798,0.004715,0.004794,24657349.0
2025-12-25 04:00:00,0.004794,0.004842,0.004732,0.004841,41012752.0
2025-12-25 08:00:00,0.004841,0.004851,0.004697,0.004712,57952484.0
2025-12-25 12:00:00,0.004712,0.004737,0.004677,0.004716,48049923.0
2025-12-25 16:00:00,0.004717,0.004738,0.004665,0.004717,40144889.0
2025-12-25 20:00:00,0.004716,0.004729,0.004545,0.004561,49162180.0
2025-12-26 00:00:00,0.004561,0.004698,0.004501,0.004669,73312285.0
2025-12-26 04:00:00,0.004669,0.004678,0.004622,0.00463,30985422.0
2025-12-26 08:00:00,0.004627,0.00481,0.004627,0.00478,63866739.0
2025-12-26 12:00:00,0.004779,0.00485,0.0047,0.004791,88225568.0
2025-12-26 16:00:00,0.004791,0.005068,0.004741,0.004926,618652762.0
2025-12-26 20:00:00,0.004927,0.005037,0.004876,0.005008,162033347.0
2025-12-27 00:00:00,0.005008,0.005009,0.004923,0.004997,63574482.0
2025-12-27 04:00:00,0.004996,0.005092,0.004981,0.005016,195087418.0
2025-12-27 08:00:00,0.005019,0.00502,0.004776,0.004865,167907317.0
2025-12-27 12:00:00,0.004868,0.00499,0.00484,0.004976,140471821.0
2025-12-27 16:00:00,0.004977,0.005026,0.004891,0.005004,91288022.0
2025-12-27 20:00:00,0.005004,0.00504,0.004958,0.005007,74965540.0
2025-12-28 00:00:00,0.005008,0.00505,0.004988,0.004996,44778630.0
2025-12-28 04:00:00,0.004995,0.005012,0.004959,0.004972,28807582.0
2025-12-28 08:00:00,0.004972,0.004988,0.004922,0.00494,58617852.0
2025-12-28 12:00:00,0.00494,0.004965,0.004931,0.004942,28211307.0
2025-12-28 16:00:00,0.004941,0.004964,0.004849,0.004861,36284817.0
2025-12-28 20:00:00,0.004861,0.004894,0.004828,0.00489,47024995.0
2025-12-29 00:00:00,0.00489,0.005027,0.00488,0.005006,46158565.0
2025-12-29 04:00:00,0.005007,0.005037,0.004955,0.005017,39013750.0
2025-12-29 08:00:00,0.005016,0.005034,0.004871,0.004899,48656621.0
2025-12-29 12:00:00,0.0049,0.004906,0.004774,0.00482,59899959.0
2025-12-29 16:00:00,0.00482,0.004845,0.00476,0.004806,31738992.0
2025-12-29 20:00:00,0.004804,0.004845,0.004765,0.004823,21644441.0
2025-12-30 00:00:00,0.004821,0.004854,0.004715,0.004773,40371513.0
2025-12-30 04:00:00,0.004772,0.004864,0.004758,0.00483,34704448.0
2025-12-30 08:00:00,0.004826,0.00515,0.004825,0.005061,239276845.0
2025-12-30 12:00:00,0.005061,0.005225,0.004954,0.005053,260865804.0
2025-12-30 16:00:00,0.005054,0.005076,0.004915,0.004947,71807269.0
2025-12-30 20:00:00,0.004949,0.004956,0.004851,0.004935,62346159.0
2025-12-31 00:00:00,0.004938,0.005042,0.004917,0.004955,88185723.0
2025-12-31 04:00:00,0.004956,0.004958,0.004857,0.004889,40591064.0
2025-12-31 08:00:00,0.004891,0.00492,0.004834,0.004907,43425860.0
2025-12-31 12:00:00,0.004907,0.004928,0.004831,0.004848,36888222.0
2025-12-31 16:00:00,0.004846,0.004923,0.004661,0.004904,110109312.0
2025-12-31 20:00:00,0.004908,0.005756,0.004899,0.005074,548122088.0
2026-01-01 00:00:00,0.005072,0.005346,0.005063,0.005312,187720613.0
2026-01-01 04:00:00,0.005312,0.00541,0.005133,0.005279,227167881.0
2026-01-01 08:00:00,0.005281,0.005329,0.005181,0.005219,101883511.0
2026-01-01 12:00:00,0.005218,0.005309,0.005094,0.005244,118511525.0
2026-01-01 16:00:00,0.005244,0.005259,0.005176,0.005212,47296284.0
2026-01-01 20:00:00,0.005211,0.005241,0.005197,0.005214,38386683.0
2026-01-02 00:00:00,0.005216,0.005263,0.005175,0.005243,33165227.0
2026-01-02 04:00:00,0.005252,0.005253,0.005187,0.005229,23899618.0
2026-01-02 08:00:00,0.005228,0.005276,0.005128,0.00516,45226327.0
2026-01-02 12:00:00,0.005158,0.005313,0.005157,0.005252,100288891.0
2026-01-02 16:00:00,0.005254,0.005355,0.005237,0.005333,51672426.0
2026-01-02 20:00:00,0.005337,0.005423,0.005283,0.005397,44510011.0
2026-01-03 00:00:00,0.005392,0.005392,0.005312,0.005351,27328502.0
2026-01-03 04:00:00,0.005351,0.005428,0.005236,0.005299,52511134.0
2026-01-03 08:00:00,0.0053,0.005309,0.005249,0.005265,28730875.0
2026-01-03 12:00:00,0.005265,0.005306,0.005238,0.005244,25340106.0
2026-01-03 16:00:00,0.005246,0.005486,0.005239,0.005463,78937389.0
2026-01-03 20:00:00,0.005462,0.005881,0.005408,0.005618,435206036.0
2026-01-04 00:00:00,0.005621,0.005621,0.005477,0.005575,83377683.0
2026-01-04 04:00:00,0.005572,0.005675,0.005468,0.005507,80040034.0
2026-01-04 08:00:00,0.005507,0.005548,0.005469,0.005516,54604078.0
2026-01-04 12:00:00,0.005516,0.005656,0.005494,0.005656,63859487.0
2026-01-04 16:00:00,0.005659,0.006032,0.005645,0.005832,220710815.0
2026-01-04 20:00:00,0.005835,0.005965,0.005763,0.005792,59467241.0
2026-01-05 00:00:00,0.005792,0.005895,0.005727,0.005784,43062763.0
2026-01-05 04:00:00,0.005783,0.005787,0.005615,0.005687,39111639.0
2026-01-05 08:00:00,0.005686,0.005813,0.005595,0.005672,78967415.0
2026-01-05 12:00:00,0.005676,0.005802,0.005561,0.005802,55204224.0
2026-01-05 16:00:00,0.0058,0.005882,0.005691,0.005823,58323108.0
2026-01-05 20:00:00,0.005821,0.005905,0.00577,0.00587,34721976.0
2026-01-06 00:00:00,0.005869,0.005889,0.005785,0.005858,19984272.0
2026-01-06 04:00:00,0.005858,0.005907,0.005758,0.00578,41139606.0
2026-01-06 08:00:00,0.00578,0.005906,0.005763,0.005873,51575293.0
2026-01-06 12:00:00,0.005872,0.005971,0.005805,0.005866,102673553.0
2026-01-06 16:00:00,0.005865,0.005906,0.005628,0.005811,133989072.0
2026-01-06 20:00:00,0.005811,0.005925,0.00581,0.005906,29005075.0
2026-01-07 00:00:00,0.005905,0.005917,0.005716,0.005825,30997327.0
2026-01-07 04:00:00,0.005827,0.005852,0.005743,0.005852,24245999.0
2026-01-07 08:00:00,0.005855,0.005925,0.005781,0.005886,63642289.0
2026-01-07 12:00:00,0.005883,0.005887,0.005564,0.005691,81573943.0
2026-01-07 16:00:00,0.005692,0.006186,0.005686,0.005937,266614159.0
2026-01-07 20:00:00,0.005938,0.005946,0.005692,0.005766,61453410.0
2026-01-08 00:00:00,0.00577,0.005848,0.005687,0.005701,44843347.0
2026-01-08 04:00:00,0.005702,0.005804,0.005634,0.005769,41836749.0
2026-01-08 08:00:00,0.005766,0.005832,0.005539,0.005796,70225140.0
2026-01-08 12:00:00,0.005794,0.006052,0.005622,0.005916,227626415.0
2026-01-08 16:00:00,0.005915,0.005931,0.005691,0.005703,51216802.0
2026-01-08 20:00:00,0.005705,0.005831,0.005671,0.0058,27828270.0
2026-01-09 00:00:00,0.0058,0.00597,0.005769,0.005908,53491730.0
2026-01-09 04:00:00,0.00591,0.005914,0.005799,0.005814,26621238.0
2026-01-09 08:00:00,0.005815,0.006196,0.005722,0.006072,288403314.0
2026-01-09 12:00:00,0.006071,0.006239,0.005932,0.006141,260737124.0
2026-01-09 16:00:00,0.006142,0.007212,0.006003,0.007165,3746289664.0
2026-01-09 20:00:00,0.007165,0.008036,0.007047,0.00763,18267124077.0
2026-01-10 00:00:00,0.007628,0.007655,0.007034,0.007229,6726063057.0
2026-01-10 04:00:00,0.00723,0.007449,0.006709,0.00677,5314550432.0
2026-01-10 08:00:00,0.00677,0.006782,0.006406,0.006555,2946005412.0
2026-01-10 12:00:00,0.006551,0.006649,0.00636,0.006386,1580379907.0
2026-01-10 16:00:00,0.006388,0.006546,0.006261,0.006507,989327046.0
2026-01-10 20:00:00,0.00651,0.006689,0.006343,0.006407,899247232.0
2026-01-11 00:00:00,0.006406,0.006545,0.006271,0.006432,596053646.0
2026-01-11 04:00:00,0.006433,0.006499,0.006325,0.006415,315469618.0
2026-01-11 08:00:00,0.006414,0.0065,0.006335,0.006442,252408233.0
2026-01-11 12:00:00,0.006441,0.006594,0.006364,0.006411,409677540.0
2026-01-11 16:00:00,0.006411,0.006446,0.006347,0.006362,168921320.0
2026-01-11 20:00:00,0.006361,0.006389,0.006122,0.006168,346133427.0
2026-01-12 00:00:00,0.006167,0.006208,0.006001,0.006118,284986686.0
2026-01-12 04:00:00,0.006118,0.006288,0.006096,0.00621,153777402.0
2026-01-12 08:00:00,0.00621,0.006251,0.006053,0.00607,139783905.0
2026-01-12 12:00:00,0.00607,0.006111,0.005955,0.006034,177734446.0
2026-01-12 16:00:00,0.006033,0.006079,0.005902,0.005943,133222145.0
2026-01-12 20:00:00,0.005943,0.005972,0.005764,0.005795,219815045.0
2026-01-13 00:00:00,0.005796,0.005811,0.005615,0.00565,171565788.0
2026-01-13 04:00:00,0.005649,0.005687,0.005565,0.005589,167283507.0
2026-01-13 08:00:00,0.00559,0.005871,0.00557,0.005765,283885234.0
2026-01-13 12:00:00,0.005766,0.005797,0.005652,0.005717,189602403.0
2026-01-13 16:00:00,0.005718,0.005771,0.005655,0.005692,135919892.0
2026-01-13 20:00:00,0.005692,0.005906,0.005622,0.005789,214961431.0
2026-01-14 00:00:00,0.005789,0.005858,0.0057,0.005843,145938706.0
2026-01-14 04:00:00,0.005843,0.005874,0.005705,0.005734,133021905.0
2026-01-14 08:00:00,0.005733,0.005843,0.00569,0.005723,133852868.0
2026-01-14 12:00:00,0.00572,0.005877,0.005673,0.005842,166601146.0
2026-01-14 16:00:00,0.005843,0.005908,0.005569,0.005805,244874891.0
2026-01-14 20:00:00,0.005804,0.005883,0.005799,0.005837,106019000.0
2026-01-15 00:00:00,0.005837,0.0059,0.005706,0.005728,133832271.0
2026-01-15 04:00:00,0.005728,0.005886,0.005697,0.005852,116178121.0
2026-01-15 08:00:00,0.005852,0.006155,0.005662,0.005694,448779775.0
2026-01-15 12:00:00,0.005693,0.005938,0.005653,0.005794,253389954.0
2026-01-15 16:00:00,0.005794,0.005833,0.00562,0.005698,227607020.0
2026-01-15 20:00:00,0.005698,0.006015,0.005698,0.005972,177033560.0
2026-01-16 00:00:00,0.005972,0.006017,0.005869,0.005889,119816284.0
2026-01-16 04:00:00,0.005888,0.005948,0.005828,0.005845,112034296.0
2026-01-16 08:00:00,0.005844,0.005882,0.005671,0.005791,124294535.0
2026-01-16 12:00:00,0.005791,0.006009,0.005745,0.005973,197513844.0
2026-01-16 16:00:00,0.005974,0.006175,0.005874,0.005897,298361274.0
2026-01-16 20:00:00,0.005896,0.006119,0.005837,0.006004,103509911.0
2026-01-17 00:00:00,0.006004,0.006044,0.005929,0.006036,72872705.0
2026-01-17 04:00:00,0.006036,0.006153,0.005994,0.006126,80515905.0
2026-01-17 08:00:00,0.006127,0.006235,0.006082,0.006138,90537139.0
2026-01-17 12:00:00,0.006137,0.006193,0.006091,0.006161,89905860.0
2026-01-17 16:00:00,0.00616,0.006162,0.00595,0.006016,79995383.0
2026-01-17 20:00:00,0.006019,0.006069,0.005949,0.006008,44231232.0
2026-01-18 00:00:00,0.006007,0.006236,0.005981,0.006112,111731984.0
2026-01-18 04:00:00,0.006111,0.006359,0.006037,0.006278,124489542.0
2026-01-18 08:00:00,0.006279,0.006298,0.006096,0.006121,139735353.0
2026-01-18 12:00:00,0.006121,0.006268,0.006074,0.006172,72130859.0
2026-01-18 16:00:00,0.006172,0.006918,0.006168,0.006377,1836970959.0
2026-01-18 20:00:00,0.006374,0.006407,0.005925,0.005946,349766884.0
2026-01-19 00:00:00,0.005945,0.006132,0.005165,0.006065,570339718.0
2026-01-19 04:00:00,0.006066,0.006139,0.005937,0.00601,206831214.0
2026-01-19 08:00:00,0.006007,0.006124,0.005935,0.006067,109096383.0
2026-01-19 12:00:00,0.006065,0.007,0.00603,0.00663,876712244.0
2026-01-19 16:00:00,0.006631,0.006702,0.006314,0.006365,378607816.0
2026-01-19 20:00:00,0.006365,0.006571,0.00635,0.006523,146538934.0
2026-01-20 00:00:00,0.006524,0.006639,0.00645,0.006459,286826571.0
2026-01-20 04:00:00,0.006458,0.006749,0.006373,0.006541,302413508.0
2026-01-20 08:00:00,0.006541,0.007864,0.006442,0.007511,4170253005.0
2026-01-20 12:00:00,0.007522,0.00763,0.006857,0.007061,3077861346.0
2026-01-20 16:00:00,0.007061,0.007205,0.006628,0.006856,654418907.0
2026-01-20 20:00:00,0.006856,0.006994,0.006719,0.006909,318068447.0
2026-01-21 00:00:00,0.006908,0.007487,0.006629,0.00748,581575716.0
2026-01-21 04:00:00,0.00748,0.0076,0.007111,0.007405,792958799.0
2026-01-21 08:00:00,0.007401,0.007573,0.006912,0.007055,687169586.0
2026-01-21 12:00:00,0.007055,0.007545,0.006954,0.007422,497158320.0
2026-01-21 16:00:00,0.007423,0.008068,0.007227,0.007899,667643675.0
2026-01-21 20:00:00,0.0079,0.007923,0.007308,0.007356,312280863.0
2026-01-22 00:00:00,0.007354,0.007566,0.007313,0.007363,178165427.0
2026-01-22 04:00:00,0.007362,0.007394,0.007057,0.007114,162013314.0
2026-01-22 08:00:00,0.007113,0.007214,0.007038,0.007105,118417114.0
2026-01-22 12:00:00,0.007106,0.007186,0.006975,0.007005,130103917.0
2026-01-22 16:00:00,0.007007,0.007286,0.006999,0.007168,157239339.0
2026-01-22 20:00:00,0.007166,0.007235,0.007024,0.00705,61847251.0
2026-01-23 00:00:00,0.00705,0.0072,0.006997,0.007139,98040904.0
2026-01-23 04:00:00,0.007139,0.007413,0.00709,0.007378,95763949.0
2026-01-23 08:00:00,0.007374,0.007458,0.007247,0.007332,135152576.0
2026-01-23 12:00:00,0.00733,0.007461,0.007208,0.007226,194529723.0
2026-01-23 16:00:00,0.007226,0.007365,0.007081,0.00719,176399074.0
2026-01-23 20:00:00,0.007189,0.007229,0.007029,0.007153,87581291.0
2026-01-24 00:00:00,0.007152,0.007576,0.007147,0.007184,156855916.0
2026-01-24 04:00:00,0.007183,0.007372,0.007026,0.007328,121502962.0
2026-01-24 08:00:00,0.007328,0.007396,0.007101,0.007335,129805075.0
2026-01-24 12:00:00,0.007334,0.007334,0.007035,0.007118,56026239.0
2026-01-24 16:00:00,0.007119,0.007223,0.00701,0.007066,88394218.0
2026-01-24 20:00:00,0.007066,0.00714,0.007059,0.007084,20700007.0
2026-01-25 00:00:00,0.007084,0.007451,0.007055,0.007281,126576547.0
2026-01-25 04:00:00,0.00728,0.007554,0.007251,0.007481,162276632.0
2026-01-25 08:00:00,0.007481,0.0077,0.007344,0.007393,197719918.0
2026-01-25 12:00:00,0.007393,0.007419,0.007232,0.00725,57264109.0
2026-01-25 16:00:00,0.007249,0.008123,0.007193,0.007626,795403091.0
2026-01-25 20:00:00,0.007625,0.008431,0.007557,0.008042,1543346551.0
2026-01-26 00:00:00,0.008042,0.008575,0.007752,0.00818,907595650.0
2026-01-26 04:00:00,0.00818,0.008262,0.007679,0.007901,592662449.0
2026-01-26 08:00:00,0.007902,0.008146,0.007703,0.007911,415477566.0
2026-01-26 12:00:00,0.007907,0.008533,0.007729,0.00782,1494515474.0
2026-01-26 16:00:00,0.007822,0.007837,0.007565,0.007741,357854305.0
2026-01-26 20:00:00,0.007742,0.007898,0.007654,0.007793,156844050.0
2026-01-27 00:00:00,0.007793,0.007911,0.007323,0.007329,252140712.0
2026-01-27 04:00:00,0.007328,0.007533,0.007225,0.0074,276238390.0
2026-01-27 08:00:00,0.0074,0.007641,0.007354,0.007583,139099708.0
2026-01-27 12:00:00,0.007584,0.007658,0.007453,0.00753,111341723.0
2026-01-27 16:00:00,0.007531,0.007567,0.007323,0.007358,94257408.0
2026-01-27 20:00:00,0.007357,0.007554,0.00734,0.007408,98232872.0
2026-01-28 00:00:00,0.007408,0.007586,0.007373,0.00751,68973159.0
2026-01-28 04:00:00,0.00751,0.007612,0.007384,0.007419,82660305.0
2026-01-28 08:00:00,0.007419,0.00752,0.007319,0.007416,96465966.0
2026-01-28 12:00:00,0.007415,0.00743,0.007262,0.007349,63600724.0
2026-01-28 16:00:00,0.007346,0.007467,0.007261,0.007442,63533944.0
2026-01-28 20:00:00,0.007441,0.007717,0.007433,0.007619,74349724.0
2026-01-29 00:00:00,0.007619,0.007801,0.007548,0.007725,96927581.0
2026-01-29 04:00:00,0.007723,0.007857,0.007553,0.007666,154911293.0
2026-01-29 08:00:00,0.007666,0.007666,0.007362,0.007419,103893436.0
2026-01-29 12:00:00,0.007418,0.007453,0.007031,0.007327,161482351.0
2026-01-29 16:00:00,0.007327,0.007785,0.007275,0.007287,442198808.0
2026-01-29 20:00:00,0.007287,0.007405,0.007207,0.007276,113912015.0
2026-01-30 00:00:00,0.007275,0.007305,0.006933,0.007173,155478252.0
2026-01-30 04:00:00,0.007173,0.007329,0.00715,0.00717,81576414.0
2026-01-30 08:00:00,0.007172,0.007351,0.007,0.007264,95890283.0
2026-01-30 12:00:00,0.007263,0.007272,0.007011,0.007035,76155425.0
2026-01-30 16:00:00,0.007034,0.007074,0.006829,0.006968,102522626.0
2026-01-30 20:00:00,0.006969,0.006976,0.006782,0.006964,63089831.0
2026-01-31 00:00:00,0.006963,0.006986,0.00685,0.00688,94517104.0
2026-01-31 04:00:00,0.006879,0.007169,0.006866,0.007087,112333233.0
2026-01-31 08:00:00,0.007087,0.007094,0.006866,0.006893,74996477.0
2026-01-31 12:00:00,0.006892,0.006903,0.006596,0.006708,128814726.0
2026-01-31 16:00:00,0.006709,0.006887,0.00608,0.00651,299198187.0
2026-01-31 20:00:00,0.006508,0.00681,0.006431,0.006694,82769433.0
2026-02-01 00:00:00,0.006695,0.007,0.006675,0.006952,153918279.0
2026-02-01 04:00:00,0.006952,0.007031,0.006855,0.006874,113751985.0
2026-02-01 08:00:00,0.006873,0.006952,0.0068,0.006828,80758813.0
2026-02-01 12:00:00,0.006827,0.006855,0.006546,0.006618,69492002.0
2026-02-01 16:00:00,0.006617,0.006998,0.006556,0.006885,113777252.0
2026-02-01 20:00:00,0.006884,0.00696,0.006704,0.006788,101896749.0
2026-02-02 00:00:00,0.006787,0.006903,0.006549,0.006797,87269389.0
2026-02-02 04:00:00,0.006798,0.006891,0.006583,0.006765,82392787.0
2026-02-02 08:00:00,0.006765,0.007298,0.006745,0.00715,387613573.0
2026-02-02 12:00:00,0.007149,0.008456,0.007084,0.008331,2390571445.0
2026-02-02 16:00:00,0.008332,0.008381,0.007808,0.008197,1810676059.0
2026-02-02 20:00:00,0.008196,0.008291,0.008,0.008178,615834306.0
2026-02-03 00:00:00,0.008178,0.008369,0.007907,0.008317,1189084018.0
2026-02-03 04:00:00,0.008317,0.008554,0.008029,0.008075,1003265425.0
2026-02-03 08:00:00,0.008079,0.008435,0.007989,0.008193,736303775.0
2026-02-03 12:00:00,0.008192,0.008956,0.008172,0.00877,1220221946.0
2026-02-03 16:00:00,0.008771,0.008793,0.007932,0.008253,838783168.0
2026-02-03 20:00:00,0.008252,0.008314,0.008007,0.008148,263917672.0
2026-02-04 00:00:00,0.008147,0.008373,0.008046,0.00829,159883614.0
2026-02-04 04:00:00,0.00829,0.00903,0.008265,0.008778,502841003.0
2026-02-04 08:00:00,0.008779,0.008987,0.008611,0.008711,485432780.0
2026-02-04 12:00:00,0.00871,0.008815,0.008468,0.00856,346328279.0
2026-02-04 16:00:00,0.008559,0.008583,0.008178,0.008522,254312397.0
2026-02-04 20:00:00,0.008523,0.008523,0.008284,0.008422,115232050.0
2026-02-05 00:00:00,0.008421,0.008869,0.00837,0.008838,265451672.0
2026-02-05 04:00:00,0.008838,0.00893,0.008268,0.008368,381855119.0
2026-02-05 08:00:00,0.008371,0.009223,0.008356,0.008899,634635705.0
2026-02-05 12:00:00,0.0089,0.009076,0.008808,0.009027,553520593.0
2026-02-05 16:00:00,0.009027,0.0098,0.008907,0.009271,1466585863.0
2026-02-05 20:00:00,0.009275,0.009379,0.008662,0.009083,797665984.0
2026-02-06 00:00:00,0.00908,0.009287,0.008328,0.008829,632647398.0
2026-02-06 04:00:00,0.008827,0.00947,0.008762,0.009272,467210226.0
2026-02-06 08:00:00,0.009271,0.009447,0.008905,0.009246,433296677.0
2026-02-06 12:00:00,0.009246,0.009964,0.009141,0.009758,654709062.0
2026-02-06 16:00:00,0.009753,0.009884,0.009285,0.009462,282571980.0
2026-02-06 20:00:00,0.009463,0.009463,0.009091,0.009159,161628855.0
2026-02-07 00:00:00,0.009159,0.009635,0.008886,0.009503,357010013.0
2026-02-07 04:00:00,0.009502,0.00964,0.009335,0.009558,393610799.0
2026-02-07 08:00:00,0.009558,0.009663,0.009358,0.009621,302754004.0
2026-02-07 12:00:00,0.009621,0.0099,0.009077,0.00935,435179100.0
2026-02-07 16:00:00,0.009353,0.010777,0.009196,0.010408,778741891.0
2026-02-07 20:00:00,0.010408,0.011531,0.010147,0.010166,1206122733.0
2026-02-08 00:00:00,0.010166,0.010462,0.009841,0.009861,429963563.0
2026-02-08 04:00:00,0.009863,0.009902,0.009253,0.009353,316058046.0
2026-02-08 08:00:00,0.009352,0.00973,0.009331,0.00963,233818552.0
2026-02-08 12:00:00,0.009629,0.010051,0.00959,0.009673,300201722.0
2026-02-08 16:00:00,0.009674,0.010012,0.00948,0.010003,203466070.0
2026-02-08 20:00:00,0.010002,0.010388,0.009874,0.010123,290424750.0
2026-02-09 00:00:00,0.010118,0.011238,0.010028,0.011182,568908601.0
2026-02-09 04:00:00,0.011183,0.012048,0.010711,0.011944,1388015460.0
2026-02-09 08:00:00,0.011949,0.013784,0.011602,0.013251,5376469355.0
2026-02-09 12:00:00,0.013245,0.014412,0.012212,0.013249,9792427133.0
2026-02-09 16:00:00,0.013244,0.015783,0.011817,0.014955,13999057885.0
2026-02-09 20:00:00,0.014955,0.015111,0.014132,0.014598,4157499107.0
2026-02-10 00:00:00,0.014599,0.01677,0.011007,0.011526,13875553511.0
2026-02-10 04:00:00,0.011529,0.012708,0.011071,0.011194,6166801479.0
2026-02-10 08:00:00,0.011194,0.011429,0.01081,0.011243,2289687510.0
2026-02-10 12:00:00,0.011244,0.011481,0.010501,0.011175,2014338873.0
2026-02-10 16:00:00,0.011175,0.012148,0.011037,0.011827,1592238451.0
2026-02-10 20:00:00,0.011826,0.012276,0.011652,0.011978,1122626985.0
2026-02-11 00:00:00,0.011977,0.012481,0.011121,0.011833,2514780459.0
2026-02-11 04:00:00,0.011834,0.012056,0.011632,0.011893,863295602.0
2026-02-11 08:00:00,0.011894,0.012081,0.011807,0.011846,476604961.0
2026-02-11 12:00:00,0.011846,0.012417,0.011825,0.011968,805755223.0
2026-02-11 16:00:00,0.011969,0.01206,0.011248,0.011445,582116812.0
2026-02-11 20:00:00,0.011444,0.011536,0.010565,0.01061,750063018.0
2026-02-12 00:00:00,0.010611,0.010739,0.00995,0.010138,683285949.0
2026-02-12 04:00:00,0.010138,0.010424,0.009806,0.010132,430617715.0
2026-02-12 08:00:00,0.010132,0.010366,0.010054,0.010215,377580500.0
2026-02-12 12:00:00,0.010214,0.010815,0.010163,0.01044,501064113.0
2026-02-12 16:00:00,0.010442,0.010793,0.010004,0.010657,500349757.0
2026-02-12 20:00:00,0.010658,0.011163,0.010656,0.011128,318209639.0
2026-02-13 00:00:00,0.01113,0.011592,0.01062,0.010959,581675937.0
2026-02-13 04:00:00,0.010957,0.011032,0.010252,0.010513,395967504.0
2026-02-13 08:00:00,0.010513,0.011357,0.010443,0.010783,560427397.0
2026-02-13 12:00:00,0.010785,0.011224,0.01074,0.011095,306218289.0
2026-02-13 16:00:00,0.011094,0.011648,0.010936,0.011494,355760906.0
2026-02-13 20:00:00,0.011493,0.011627,0.011254,0.011273,156735351.0
2026-02-14 00:00:00,0.011273,0.011463,0.011067,0.011428,170683452.0
2026-02-14 04:00:00,0.011427,0.011626,0.011262,0.011509,172137518.0
2026-02-14 08:00:00,0.011508,0.011625,0.010911,0.010954,211350024.0
2026-02-14 12:00:00,0.010955,0.01215,0.010915,0.011697,545434165.0
2026-02-14 16:00:00,0.011697,0.01179,0.011475,0.011652,184850730.0
2026-02-14 20:00:00,0.011652,0.011769,0.011528,0.011608,148594733.0
2026-02-15 00:00:00,0.011609,0.011837,0.011573,0.01173,130163732.0
2026-02-15 04:00:00,0.011731,0.013137,0.01168,0.013123,269529064.0
2026-02-15 08:00:00,0.013129,0.013856,0.012414,0.012733,1046359274.0
2026-02-15 12:00:00,0.012733,0.01308,0.012281,0.012344,540122818.0
2026-02-15 16:00:00,0.012345,0.01249,0.011928,0.012119,229867005.0
2026-02-15 20:00:00,0.012118,0.012299,0.011754,0.011812,189580189.0
2026-02-16 00:00:00,0.011811,0.011966,0.011448,0.011586,188821876.0
2026-02-16 04:00:00,0.011587,0.011691,0.011365,0.011434,152375760.0
2026-02-16 08:00:00,0.011434,0.011434,0.011154,0.011278,159757991.0
2026-02-16 12:00:00,0.011278,0.011496,0.011207,0.011355,195721133.0
2026-02-16 16:00:00,0.011355,0.011529,0.011239,0.011393,123234424.0
2026-02-16 20:00:00,0.011393,0.011416,0.011,0.011074,152585673.0
