datetime,open,high,low,close,volume
2023-04-01 00:00:00,0.01134,0.01164,0.01127,0.01156,1194363403.0
2023-04-01 04:00:00,0.01155,0.01191,0.01121,0.01178,1480464095.0
2023-04-01 08:00:00,0.01178,0.0118,0.01137,0.01143,1128463638.0
2023-04-01 12:00:00,0.01144,0.01146,0.01107,0.01112,1112201184.0
2023-04-01 16:00:00,0.01113,0.01124,0.01099,0.01116,649320900.0
2023-04-01 20:00:00,0.01116,0.01136,0.01109,0.01123,507884156.0
2023-04-02 00:00:00,0.01123,0.01126,0.01093,0.01113,568950650.0
2023-04-02 04:00:00,0.01114,0.01119,0.01102,0.01109,371934655.0
2023-04-02 08:00:00,0.01108,0.01115,0.01097,0.01105,399966133.0
2023-04-02 12:00:00,0.01105,0.01109,0.01057,0.01064,1154492964.0
2023-04-02 16:00:00,0.01064,0.01072,0.01045,0.0106,691784991.0
2023-04-02 20:00:00,0.0106,0.0108,0.01049,0.01072,580035181.0
2023-04-03 00:00:00,0.01072,0.01086,0.01028,0.01054,1394728057.0
2023-04-03 04:00:00,0.01055,0.01067,0.01052,0.01063,524851988.0
2023-04-03 08:00:00,0.01063,0.01128,0.01058,0.01115,2313650797.0
2023-04-03 12:00:00,0.01115,0.012,0.01098,0.01182,5977567016.0
2023-04-03 16:00:00,0.01182,0.01257,0.01161,0.01227,6003982375.0
2023-04-03 20:00:00,0.01227,0.01232,0.0117,0.01214,2697424256.0
2023-04-04 00:00:00,0.01213,0.01227,0.01146,0.01148,1976132101.0
2023-04-04 04:00:00,0.01148,0.01241,0.01125,0.01211,3017192681.0
2023-04-04 08:00:00,0.01211,0.01429,0.01199,0.01367,11885579599.0
2023-04-04 12:00:00,0.01368,0.01463,0.01356,0.01415,8003656566.0
2023-04-04 16:00:00,0.01414,0.01672,0.01405,0.01602,17189932149.0
2023-04-04 20:00:00,0.01602,0.01675,0.01544,0.01561,11976483904.0
2023-04-05 00:00:00,0.01561,0.01755,0.01561,0.01595,12858388884.0
2023-04-05 04:00:00,0.01595,0.01619,0.01502,0.01509,6391098844.0
2023-04-05 08:00:00,0.01509,0.01535,0.01464,0.01502,7558730294.0
2023-04-05 12:00:00,0.01501,0.0155,0.01472,0.01506,6361221612.0
2023-04-05 16:00:00,0.01506,0.01525,0.01442,0.01459,4275240966.0
2023-04-05 20:00:00,0.01458,0.01485,0.01448,0.01454,2038391014.0
2023-04-06 00:00:00,0.01454,0.01765,0.01434,0.01736,9796449776.0
2023-04-06 04:00:00,0.01737,0.0194,0.01733,0.01809,20251083236.0
2023-04-06 08:00:00,0.01809,0.01835,0.01688,0.01712,12890136715.0
2023-04-06 12:00:00,0.01711,0.0176,0.01622,0.017,9972761332.0
2023-04-06 16:00:00,0.01699,0.01747,0.01683,0.01711,6018529811.0
2023-04-06 20:00:00,0.0171,0.0172,0.01634,0.01657,4100598780.0
2023-04-07 00:00:00,0.01658,0.01756,0.01626,0.01665,6774701081.0
2023-04-07 04:00:00,0.01664,0.01698,0.01613,0.01694,4116497194.0
2023-04-07 08:00:00,0.01693,0.01749,0.01601,0.01609,5680568629.0
2023-04-07 12:00:00,0.01608,0.01718,0.01608,0.01663,6764359790.0
2023-04-07 16:00:00,0.01662,0.01725,0.01662,0.01696,4155516601.0
2023-04-07 20:00:00,0.01696,0.01708,0.01637,0.01647,1573253884.0
2023-04-08 00:00:00,0.01648,0.01661,0.01565,0.01584,2450706043.0
2023-04-08 04:00:00,0.01584,0.01625,0.01551,0.01571,2378974157.0
2023-04-08 08:00:00,0.0157,0.01571,0.01526,0.01534,1985805418.0
2023-04-08 12:00:00,0.01534,0.01534,0.01488,0.01501,2857760006.0
2023-04-08 16:00:00,0.01501,0.01518,0.01456,0.01466,2598995366.0
2023-04-08 20:00:00,0.01465,0.01493,0.01458,0.01484,2261814219.0
2023-04-09 00:00:00,0.01483,0.01485,0.01381,0.01424,3790165429.0
2023-04-09 04:00:00,0.01425,0.01434,0.01391,0.01394,1870203580.0
2023-04-09 08:00:00,0.01395,0.01455,0.01359,0.01406,3868812440.0
2023-04-09 12:00:00,0.01405,0.01474,0.01373,0.01386,5272601119.0
2023-04-09 16:00:00,0.01385,0.01417,0.01366,0.01404,2587295090.0
2023-04-09 20:00:00,0.01403,0.01445,0.01395,0.01436,1920088154.0
2023-04-10 00:00:00,0.01436,0.01436,0.01371,0.01373,1955695791.0
2023-04-10 04:00:00,0.01374,0.01384,0.01342,0.01352,1607108335.0
2023-04-10 08:00:00,0.01352,0.01406,0.01339,0.01381,2666816592.0
2023-04-10 12:00:00,0.0138,0.01418,0.01369,0.01411,2381100967.0
2023-04-10 16:00:00,0.01411,0.01626,0.01391,0.01493,9132084414.0
2023-04-10 20:00:00,0.01493,0.01539,0.01464,0.01524,3212289080.0
2023-04-11 00:00:00,0.01524,0.01535,0.01465,0.01472,2862790451.0
2023-04-11 04:00:00,0.01471,0.01477,0.01433,0.01434,1803962988.0
2023-04-11 08:00:00,0.01434,0.01437,0.01412,0.01416,1828545280.0
2023-04-11 12:00:00,0.01415,0.01419,0.01386,0.01393,1863721281.0
2023-04-11 16:00:00,0.01392,0.01439,0.01378,0.01409,2836228360.0
2023-04-11 20:00:00,0.01409,0.01413,0.01379,0.01389,1702067861.0
2023-04-12 00:00:00,0.01388,0.01402,0.01333,0.01359,3071191990.0
2023-04-12 04:00:00,0.0136,0.01418,0.01354,0.01406,2525105620.0
2023-04-12 08:00:00,0.01405,0.01458,0.01394,0.0143,3264497357.0
2023-04-12 12:00:00,0.0143,0.01464,0.01362,0.01404,4770991075.0
2023-04-12 16:00:00,0.01404,0.01408,0.01354,0.01369,1995674444.0
2023-04-12 20:00:00,0.01368,0.01394,0.01364,0.01383,1037910271.0
2023-04-13 00:00:00,0.01383,0.01386,0.01355,0.0137,1105740981.0
2023-04-13 04:00:00,0.01371,0.01374,0.01357,0.01364,994733541.0
2023-04-13 08:00:00,0.01364,0.01397,0.01358,0.01368,1844960930.0
2023-04-13 12:00:00,0.01368,0.01387,0.0136,0.01384,1401157573.0
2023-04-13 16:00:00,0.01383,0.01403,0.01372,0.01391,1143019039.0
2023-04-13 20:00:00,0.01391,0.01453,0.01376,0.01437,2698155793.0
2023-04-14 00:00:00,0.01437,0.01606,0.01415,0.0152,6716970305.0
2023-04-14 04:00:00,0.01521,0.01526,0.01459,0.01461,2374136393.0
2023-04-14 08:00:00,0.01461,0.01478,0.0145,0.0146,1246824441.0
2023-04-14 12:00:00,0.01459,0.0146,0.01388,0.014,2025465602.0
2023-04-14 16:00:00,0.01399,0.01453,0.01391,0.01448,1385546647.0
2023-04-14 20:00:00,0.01448,0.01472,0.01438,0.01466,1129229474.0
2023-04-15 00:00:00,0.01466,0.01471,0.01416,0.01468,1375864504.0
2023-04-15 04:00:00,0.01468,0.01492,0.0144,0.01455,1149816397.0
2023-04-15 08:00:00,0.01455,0.01455,0.01436,0.01447,685912631.0
2023-04-15 12:00:00,0.01446,0.01452,0.01429,0.01431,731993367.0
2023-04-15 16:00:00,0.01431,0.01448,0.01425,0.01441,809851927.0
2023-04-15 20:00:00,0.01441,0.01453,0.01426,0.0144,496267824.0
2023-04-16 00:00:00,0.0144,0.01458,0.01402,0.01411,862702746.0
2023-04-16 04:00:00,0.0141,0.01444,0.01409,0.0144,563397759.0
2023-04-16 08:00:00,0.0144,0.01465,0.01421,0.01424,952863110.0
2023-04-16 12:00:00,0.01424,0.01431,0.01404,0.01423,731867632.0
2023-04-16 16:00:00,0.01423,0.0147,0.01414,0.01447,950963940.0
2023-04-16 20:00:00,0.01446,0.01479,0.0143,0.01462,1022642962.0
2023-04-17 00:00:00,0.01461,0.01463,0.01411,0.01434,1055252429.0
2023-04-17 04:00:00,0.01435,0.01439,0.01408,0.01411,641546352.0
2023-04-17 08:00:00,0.01412,0.01427,0.01373,0.01393,1100980524.0
2023-04-17 12:00:00,0.01392,0.01399,0.01364,0.01375,1054282191.0
2023-04-17 16:00:00,0.01374,0.01419,0.01372,0.01414,684021740.0
2023-04-17 20:00:00,0.01415,0.01529,0.0141,0.01502,2532198034.0
2023-04-18 00:00:00,0.01502,0.01515,0.01451,0.01451,1592910502.0
2023-04-18 04:00:00,0.01452,0.0155,0.01441,0.01535,1911104766.0
2023-04-18 08:00:00,0.01534,0.01565,0.015,0.0151,2273106572.0
2023-04-18 12:00:00,0.0151,0.01511,0.01459,0.0147,1172421282.0
2023-04-18 16:00:00,0.0147,0.01483,0.01451,0.01457,908882872.0
2023-04-18 20:00:00,0.01457,0.01478,0.01455,0.01473,349347975.0
2023-04-19 00:00:00,0.01472,0.01475,0.01453,0.01456,285976546.0
2023-04-19 04:00:00,0.01456,0.01468,0.01428,0.01434,485456795.0
2023-04-19 08:00:00,0.01434,0.01435,0.01258,0.01333,2299455186.0
2023-04-19 12:00:00,0.01333,0.01344,0.01315,0.01322,743573213.0
2023-04-19 16:00:00,0.01323,0.01328,0.01292,0.0131,644100169.0
2023-04-19 20:00:00,0.01309,0.01319,0.0126,0.01292,746359246.0
2023-04-20 00:00:00,0.01292,0.01308,0.01266,0.01289,571501578.0
2023-04-20 04:00:00,0.01289,0.01305,0.01279,0.01282,475821261.0
2023-04-20 08:00:00,0.01282,0.01292,0.01254,0.01256,665800465.0
2023-04-20 12:00:00,0.01256,0.01293,0.01227,0.01231,1033285978.0
2023-04-20 16:00:00,0.01231,0.01237,0.01198,0.01221,1311544411.0
2023-04-20 20:00:00,0.01221,0.01245,0.01219,0.01236,387830022.0
2023-04-21 00:00:00,0.01237,0.01262,0.01217,0.01231,588015178.0
2023-04-21 04:00:00,0.01231,0.01236,0.01195,0.01232,654301051.0
2023-04-21 08:00:00,0.01232,0.01237,0.01205,0.0121,439022439.0
2023-04-21 12:00:00,0.0121,0.0123,0.012,0.0121,649507108.0
2023-04-21 16:00:00,0.0121,0.01213,0.01086,0.01125,1851225332.0
2023-04-21 20:00:00,0.01125,0.01152,0.01113,0.01143,857992360.0
2023-04-22 00:00:00,0.01144,0.01157,0.01134,0.0114,428028877.0
2023-04-22 04:00:00,0.0114,0.01146,0.01125,0.01127,418966412.0
2023-04-22 08:00:00,0.01127,0.01139,0.01117,0.01138,416511440.0
2023-04-22 12:00:00,0.01138,0.01187,0.01135,0.01179,856309239.0
2023-04-22 16:00:00,0.01179,0.01202,0.01167,0.01181,906575744.0
2023-04-22 20:00:00,0.01182,0.01194,0.01176,0.01191,452714096.0
2023-04-23 00:00:00,0.01191,0.01192,0.01153,0.01161,692954819.0
2023-04-23 04:00:00,0.01161,0.01174,0.01155,0.01173,426546018.0
2023-04-23 08:00:00,0.01173,0.01176,0.01157,0.01168,441599536.0
2023-04-23 12:00:00,0.01168,0.01172,0.0113,0.01142,802336616.0
2023-04-23 16:00:00,0.01141,0.01157,0.01103,0.01123,958244126.0
2023-04-23 20:00:00,0.01123,0.01169,0.01116,0.01165,720229744.0
2023-04-24 00:00:00,0.01164,0.01192,0.01134,0.01141,960235296.0
2023-04-24 04:00:00,0.01142,0.01144,0.01108,0.01115,737411707.0
2023-04-24 08:00:00,0.01115,0.01155,0.01102,0.01152,869432315.0
2023-04-24 12:00:00,0.01153,0.01189,0.01136,0.01142,1277200125.0
2023-04-24 16:00:00,0.01141,0.01159,0.01124,0.01136,948544377.0
2023-04-24 20:00:00,0.01136,0.01147,0.01127,0.01135,482653571.0
2023-04-25 00:00:00,0.01135,0.01138,0.01098,0.01102,819631514.0
2023-04-25 04:00:00,0.01102,0.01116,0.01096,0.01103,608132842.0
2023-04-25 08:00:00,0.01103,0.01122,0.01099,0.01111,761312057.0
2023-04-25 12:00:00,0.0111,0.01112,0.0108,0.01093,974823402.0
2023-04-25 16:00:00,0.01093,0.01123,0.01088,0.01115,842938545.0
2023-04-25 20:00:00,0.01116,0.01223,0.01115,0.01216,2390555628.0
2023-04-26 00:00:00,0.01216,0.01243,0.01193,0.012,1928699656.0
2023-04-26 04:00:00,0.012,0.01232,0.01196,0.01232,1418121945.0
2023-04-26 08:00:00,0.01231,0.0126,0.01208,0.01235,2464129523.0
2023-04-26 12:00:00,0.01235,0.01262,0.01232,0.01254,1800325037.0
2023-04-26 16:00:00,0.01254,0.01284,0.01138,0.01151,3108600343.0
2023-04-26 20:00:00,0.0115,0.01185,0.01106,0.01185,1942830322.0
2023-04-27 00:00:00,0.01184,0.01238,0.01176,0.01208,1306044536.0
2023-04-27 04:00:00,0.01208,0.01259,0.01207,0.01238,1341830739.0
2023-04-27 08:00:00,0.01239,0.01245,0.01203,0.01212,1154101909.0
2023-04-27 12:00:00,0.01212,0.01252,0.01189,0.01245,1887530541.0
2023-04-27 16:00:00,0.01245,0.01273,0.01227,0.01234,1498135566.0
2023-04-27 20:00:00,0.01233,0.01239,0.01215,0.01232,672757603.0
2023-04-28 00:00:00,0.01232,0.01234,0.01206,0.01212,647720222.0
2023-04-28 04:00:00,0.01211,0.01226,0.01205,0.01224,548289044.0
2023-04-28 08:00:00,0.01223,0.01223,0.01192,0.01194,670074077.0
2023-04-28 12:00:00,0.01193,0.01227,0.01172,0.0119,1441406798.0
2023-04-28 16:00:00,0.01189,0.01285,0.01185,0.01271,2299026748.0
2023-04-28 20:00:00,0.01271,0.01284,0.01249,0.01267,1302794787.0
2023-04-29 00:00:00,0.01266,0.01307,0.01253,0.0128,1692218157.0
2023-04-29 04:00:00,0.01279,0.01324,0.01272,0.01311,2138729927.0
2023-04-29 08:00:00,0.0131,0.01396,0.01296,0.01386,6501430008.0
2023-04-29 12:00:00,0.01385,0.01447,0.01353,0.01421,7238810601.0
2023-04-29 16:00:00,0.0142,0.01484,0.01386,0.01421,6061388584.0
2023-04-29 20:00:00,0.01422,0.01431,0.01357,0.01365,3239301190.0
2023-04-30 00:00:00,0.01364,0.0137,0.01316,0.01328,2487695153.0
2023-04-30 04:00:00,0.01328,0.01334,0.01295,0.01299,1841360791.0
2023-04-30 08:00:00,0.01298,0.01304,0.0127,0.01272,1830875228.0
2023-04-30 12:00:00,0.01271,0.01312,0.01261,0.01296,3522700003.0
2023-04-30 16:00:00,0.01296,0.01305,0.01254,0.01261,2407469506.0
2023-04-30 20:00:00,0.0126,0.01263,0.01223,0.01227,2035122088.0
2023-05-01 00:00:00,0.01226,0.01237,0.01187,0.01197,2368121015.0
2023-05-01 04:00:00,0.01196,0.01199,0.01177,0.01195,1710233060.0
2023-05-01 08:00:00,0.01195,0.01218,0.01183,0.01207,1836413731.0
2023-05-01 12:00:00,0.01207,0.01223,0.0117,0.01178,2618922416.0
2023-05-01 16:00:00,0.01178,0.01188,0.0115,0.01161,2127194574.0
2023-05-01 20:00:00,0.01162,0.01183,0.01153,0.01171,1172914031.0
2023-05-02 00:00:00,0.01172,0.01174,0.01145,0.01156,895085941.0
2023-05-02 04:00:00,0.01157,0.01159,0.01133,0.0114,1130583130.0
2023-05-02 08:00:00,0.0114,0.01162,0.01129,0.01147,1574222866.0
2023-05-02 12:00:00,0.01147,0.01168,0.01131,0.01153,2703704586.0
2023-05-02 16:00:00,0.01153,0.01158,0.01136,0.01146,1272781566.0
2023-05-02 20:00:00,0.01147,0.01155,0.0114,0.01147,862385109.0
2023-05-03 00:00:00,0.01147,0.01148,0.01108,0.01112,1294190977.0
2023-05-03 04:00:00,0.01111,0.01132,0.01102,0.01112,1134422009.0
2023-05-03 08:00:00,0.01112,0.01126,0.01104,0.01104,1520891924.0
2023-05-03 12:00:00,0.01104,0.01125,0.011,0.01118,1844315147.0
2023-05-03 16:00:00,0.01119,0.01216,0.01112,0.01212,5330790504.0
2023-05-03 20:00:00,0.01211,0.01298,0.01199,0.01254,6758999907.0
2023-05-04 00:00:00,0.01254,0.01294,0.01248,0.01262,4035974340.0
2023-05-04 04:00:00,0.01261,0.01305,0.01257,0.01284,4022014204.0
2023-05-04 08:00:00,0.01283,0.01321,0.01271,0.01281,6193219864.0
2023-05-04 12:00:00,0.01281,0.01292,0.01246,0.01255,5697775125.0
2023-05-04 16:00:00,0.01254,0.01258,0.01202,0.01206,5455870288.0
2023-05-04 20:00:00,0.01206,0.01221,0.01195,0.0121,1932008579.0
2023-05-05 00:00:00,0.0121,0.01219,0.01185,0.01187,2455093798.0
2023-05-05 04:00:00,0.01188,0.01196,0.01169,0.01171,1892661672.0
2023-05-05 08:00:00,0.01171,0.01194,0.01158,0.01193,3083233724.0
2023-05-05 12:00:00,0.01193,0.01211,0.01154,0.01196,4595143415.0
2023-05-05 16:00:00,0.01196,0.0124,0.01194,0.0122,3163226334.0
2023-05-05 20:00:00,0.0122,0.0123,0.01206,0.01207,1346525334.0
2023-05-06 00:00:00,0.01208,0.0123,0.01199,0.012,1882146866.0
2023-05-06 04:00:00,0.012,0.01203,0.01166,0.01172,1619425609.0
2023-05-06 08:00:00,0.01172,0.01191,0.01154,0.01184,2071743585.0
2023-05-06 12:00:00,0.01183,0.01191,0.01131,0.01134,3292985131.0
2023-05-06 16:00:00,0.01135,0.01152,0.01126,0.01141,1628255383.0
2023-05-06 20:00:00,0.0114,0.01149,0.0113,0.01131,1034827116.0
2023-05-07 00:00:00,0.01131,0.01144,0.01117,0.01126,1279146444.0
2023-05-07 04:00:00,0.01126,0.01134,0.01116,0.01125,1208991725.0
2023-05-07 08:00:00,0.01124,0.01134,0.01117,0.01131,1129608132.0
2023-05-07 12:00:00,0.0113,0.01179,0.0113,0.01147,2203097670.0
2023-05-07 16:00:00,0.01147,0.01153,0.01125,0.0113,1305881820.0
2023-05-07 20:00:00,0.0113,0.01143,0.01116,0.01121,1280556938.0
2023-05-08 00:00:00,0.01122,0.01139,0.01014,0.01055,2985890236.0
2023-05-08 04:00:00,0.01055,0.01059,0.01019,0.0104,1894136449.0
2023-05-08 08:00:00,0.0104,0.01115,0.01032,0.01088,2168478042.0
2023-05-08 12:00:00,0.01089,0.01096,0.01071,0.0108,1524584155.0
2023-05-08 16:00:00,0.0108,0.01081,0.00965,0.00992,3645439357.0
2023-05-08 20:00:00,0.00993,0.01006,0.00981,0.01,1043579209.0
2023-05-09 00:00:00,0.01,0.01013,0.00978,0.00982,1152816684.0
2023-05-09 04:00:00,0.00982,0.01006,0.00968,0.01003,1466235741.0
2023-05-09 08:00:00,0.01003,0.01011,0.00977,0.01003,1600016807.0
2023-05-09 12:00:00,0.01004,0.01018,0.00992,0.00998,1641133966.0
2023-05-09 16:00:00,0.00999,0.01018,0.0099,0.01001,1279909875.0
2023-05-09 20:00:00,0.01001,0.01006,0.00984,0.00997,960125235.0
2023-05-10 00:00:00,0.00996,0.01003,0.00978,0.00982,943052216.0
2023-05-10 04:00:00,0.00983,0.01029,0.00982,0.01021,1778980563.0
2023-05-10 08:00:00,0.01021,0.01027,0.00994,0.01,1753718625.0
2023-05-10 12:00:00,0.00999,0.01047,0.00992,0.0102,3360676364.0
2023-05-10 16:00:00,0.01021,0.01028,0.00932,0.0099,4520080897.0
2023-05-10 20:00:00,0.0099,0.0105,0.00988,0.01037,2300438164.0
2023-05-11 00:00:00,0.01038,0.01039,0.00983,0.00985,1844513768.0
2023-05-11 04:00:00,0.00984,0.00991,0.00955,0.0096,1441559303.0
2023-05-11 08:00:00,0.0096,0.00978,0.00944,0.0097,1895002439.0
2023-05-11 12:00:00,0.0097,0.00987,0.00935,0.00947,3166309153.0
2023-05-11 16:00:00,0.00946,0.00947,0.00902,0.0091,2631557770.0
2023-05-11 20:00:00,0.00911,0.0095,0.00909,0.0094,1389953208.0
2023-05-12 00:00:00,0.00941,0.00944,0.00898,0.00903,1712282206.0
2023-05-12 04:00:00,0.00904,0.00916,0.00888,0.00912,1636630506.0
2023-05-12 08:00:00,0.00911,0.00927,0.00908,0.00914,1357375592.0
2023-05-12 12:00:00,0.00915,0.00946,0.00914,0.00918,1551051178.0
2023-05-12 16:00:00,0.00919,0.00949,0.00901,0.00944,1894087497.0
2023-05-12 20:00:00,0.00944,0.00978,0.00939,0.00969,1584170921.0
2023-05-13 00:00:00,0.00969,0.00978,0.00941,0.00946,1228655748.0
2023-05-13 04:00:00,0.00945,0.00949,0.00935,0.00946,915481642.0
2023-05-13 08:00:00,0.00946,0.00964,0.00941,0.00954,1141047662.0
2023-05-13 12:00:00,0.00954,0.00962,0.00937,0.00953,1250290819.0
2023-05-13 16:00:00,0.00952,0.00961,0.00945,0.0095,1267055567.0
2023-05-13 20:00:00,0.00951,0.0096,0.00947,0.00953,747720201.0
2023-05-14 00:00:00,0.00952,0.00953,0.00928,0.00938,939777326.0
2023-05-14 04:00:00,0.00938,0.00944,0.00932,0.0094,657920409.0
2023-05-14 08:00:00,0.00941,0.00962,0.00939,0.00959,841536623.0
2023-05-14 12:00:00,0.00958,0.01006,0.00952,0.00992,2031269059.0
2023-05-14 16:00:00,0.00991,0.00992,0.00953,0.00955,1114194132.0
2023-05-14 20:00:00,0.00955,0.00976,0.00954,0.0097,742745482.0
2023-05-15 00:00:00,0.0097,0.00972,0.00932,0.00971,2323838472.0
2023-05-15 04:00:00,0.0097,0.00987,0.00963,0.00985,1112494216.0
2023-05-15 08:00:00,0.00985,0.00997,0.00975,0.00978,1126317745.0
2023-05-15 12:00:00,0.00978,0.00986,0.00966,0.00975,1168698981.0
2023-05-15 16:00:00,0.00976,0.0099,0.00972,0.00979,1150660333.0
2023-05-15 20:00:00,0.00979,0.00984,0.00969,0.00973,607955015.0
2023-05-16 00:00:00,0.00972,0.00982,0.00948,0.00964,1610935554.0
2023-05-16 04:00:00,0.00963,0.00997,0.00952,0.00996,1252062345.0
2023-05-16 08:00:00,0.00996,0.0107,0.00987,0.0105,4490383172.0
2023-05-16 12:00:00,0.01049,0.01064,0.01006,0.0101,6464074806.0
2023-05-16 16:00:00,0.01011,0.01015,0.00992,0.01005,2404061341.0
2023-05-16 20:00:00,0.01005,0.01026,0.00993,0.01024,2634376082.0
2023-05-17 00:00:00,0.01024,0.0108,0.01012,0.0106,2564364748.0
2023-05-17 04:00:00,0.0106,0.01065,0.01022,0.01038,3119828361.0
2023-05-17 08:00:00,0.01038,0.01074,0.01023,0.01023,3773444632.0
2023-05-17 12:00:00,0.01023,0.01035,0.00996,0.01006,2832415652.0
2023-05-17 16:00:00,0.01006,0.01082,0.00995,0.01069,3801533409.0
2023-05-17 20:00:00,0.01069,0.01076,0.01054,0.0106,1418057380.0
2023-05-18 00:00:00,0.0106,0.01118,0.01049,0.011,3486755340.0
2023-05-18 04:00:00,0.011,0.01112,0.01084,0.01093,2903161106.0
2023-05-18 08:00:00,0.01094,0.01105,0.01074,0.0108,1626329242.0
2023-05-18 12:00:00,0.01079,0.01086,0.01058,0.01066,1772320740.0
2023-05-18 16:00:00,0.01065,0.01069,0.01028,0.01034,1827182876.0
2023-05-18 20:00:00,0.01034,0.01061,0.01026,0.01049,1024149341.0
2023-05-19 00:00:00,0.0105,0.01053,0.01018,0.0103,1407844342.0
2023-05-19 04:00:00,0.0103,0.01039,0.01019,0.01023,957237373.0
2023-05-19 08:00:00,0.01024,0.01038,0.01022,0.01038,1199275925.0
2023-05-19 12:00:00,0.01037,0.01067,0.01025,0.01059,2774450217.0
2023-05-19 16:00:00,0.01059,0.01059,0.01026,0.01034,1234647088.0
2023-05-19 20:00:00,0.01034,0.01039,0.01028,0.0103,565964911.0
2023-05-20 00:00:00,0.0103,0.01032,0.01005,0.01012,844385190.0
2023-05-20 04:00:00,0.01012,0.01019,0.01,0.01017,551290909.0
2023-05-20 08:00:00,0.01017,0.0102,0.00998,0.01001,899047929.0
2023-05-20 12:00:00,0.01002,0.01015,0.01002,0.01012,912237829.0
2023-05-20 16:00:00,0.01012,0.01029,0.01002,0.01025,979220233.0
2023-05-20 20:00:00,0.01025,0.0104,0.01021,0.01021,781640320.0
2023-05-21 00:00:00,0.01022,0.01024,0.01006,0.01011,649902409.0
2023-05-21 04:00:00,0.0101,0.01016,0.01003,0.01005,498362156.0
2023-05-21 08:00:00,0.01005,0.01008,0.00986,0.0099,846417335.0
2023-05-21 12:00:00,0.00991,0.01015,0.00982,0.00997,1173051632.0
2023-05-21 16:00:00,0.00996,0.00997,0.0098,0.00994,1048723761.0
2023-05-21 20:00:00,0.00993,0.00995,0.00973,0.00985,703277589.0
2023-05-22 00:00:00,0.00986,0.0099,0.00955,0.00967,1041247322.0
2023-05-22 04:00:00,0.00967,0.00993,0.00966,0.00978,656250617.0
2023-05-22 08:00:00,0.00978,0.0102,0.00978,0.01015,1286289611.0
2023-05-22 12:00:00,0.01016,0.01043,0.01001,0.01039,2673150128.0
2023-05-22 16:00:00,0.01039,0.0106,0.01034,0.01052,2384379402.0
2023-05-22 20:00:00,0.01052,0.01063,0.01036,0.0104,1106524102.0
2023-05-23 00:00:00,0.01039,0.01099,0.01025,0.01097,2197047412.0
2023-05-23 04:00:00,0.01096,0.01099,0.01054,0.01061,1810582078.0
2023-05-23 08:00:00,0.0106,0.01076,0.01046,0.01059,1265088119.0
2023-05-23 12:00:00,0.01059,0.0115,0.01055,0.01134,6055585852.0
2023-05-23 16:00:00,0.01133,0.0119,0.01123,0.01159,4299443532.0
2023-05-23 20:00:00,0.01159,0.01159,0.01131,0.01146,1250044518.0
2023-05-24 00:00:00,0.01145,0.01185,0.01109,0.01129,3575544168.0
2023-05-24 04:00:00,0.01128,0.01171,0.01116,0.01133,3449673217.0
2023-05-24 08:00:00,0.01133,0.01142,0.01089,0.01095,2565756261.0
2023-05-24 12:00:00,0.01094,0.01102,0.01041,0.01056,3030164081.0
2023-05-24 16:00:00,0.01057,0.01057,0.01033,0.01043,1373494184.0
2023-05-24 20:00:00,0.01043,0.01101,0.0104,0.01081,1396592427.0
2023-05-25 00:00:00,0.01081,0.01082,0.01045,0.01059,1556580179.0
2023-05-25 04:00:00,0.01059,0.01081,0.01046,0.01049,920478442.0
2023-05-25 08:00:00,0.01048,0.01073,0.01048,0.01068,982442732.0
2023-05-25 12:00:00,0.01068,0.01087,0.01058,0.01061,1260903378.0
2023-05-25 16:00:00,0.0106,0.01084,0.01058,0.0107,824372272.0
2023-05-25 20:00:00,0.0107,0.01076,0.01053,0.01058,572747825.0
2023-05-26 00:00:00,0.01059,0.0106,0.01036,0.01052,826022373.0
2023-05-26 04:00:00,0.01052,0.01054,0.01026,0.01044,851648540.0
2023-05-26 08:00:00,0.01045,0.01052,0.01035,0.01044,999152964.0
2023-05-26 12:00:00,0.01044,0.01095,0.01037,0.01075,1761355770.0
2023-05-26 16:00:00,0.01076,0.01089,0.01055,0.01062,1023627132.0
2023-05-26 20:00:00,0.01063,0.01071,0.01053,0.01056,469595441.0
2023-05-27 00:00:00,0.01056,0.01059,0.01043,0.01051,432670730.0
2023-05-27 04:00:00,0.01051,0.01085,0.01043,0.01081,882520876.0
2023-05-27 08:00:00,0.0108,0.01195,0.01072,0.01158,8247010250.0
2023-05-27 12:00:00,0.01158,0.01284,0.01154,0.01216,15952829909.0
2023-05-27 16:00:00,0.01216,0.01278,0.01212,0.01259,10318432671.0
2023-05-27 20:00:00,0.01259,0.0127,0.01232,0.01236,6139996704.0
2023-05-28 00:00:00,0.01235,0.01351,0.01225,0.01325,11948658090.0
2023-05-28 04:00:00,0.01326,0.01345,0.01306,0.01332,6514554153.0
2023-05-28 08:00:00,0.01331,0.014,0.01305,0.01319,14953999438.0
2023-05-28 12:00:00,0.01319,0.014,0.01313,0.01374,11479458532.0
2023-05-28 16:00:00,0.01373,0.0145,0.0136,0.01413,14120636865.0
2023-05-28 20:00:00,0.01414,0.0165,0.01402,0.01501,12563823224.0
2023-05-29 00:00:00,0.01501,0.01674,0.01471,0.01607,12164638252.0
2023-05-29 04:00:00,0.01607,0.01846,0.01566,0.01819,28042957753.0
2023-05-29 08:00:00,0.01819,0.01864,0.01673,0.01746,29375012863.0
2023-05-29 12:00:00,0.01746,0.0186,0.01713,0.01822,24032263851.0
2023-05-29 16:00:00,0.01822,0.02,0.01655,0.0171,34607400633.0
2023-05-29 20:00:00,0.0171,0.0185,0.01672,0.01774,14494981829.0
2023-05-30 00:00:00,0.01774,0.0188,0.01639,0.01819,27490124650.0
2023-05-30 04:00:00,0.01819,0.0208,0.0181,0.01934,34494181865.0
2023-05-30 08:00:00,0.01933,0.02055,0.01726,0.01949,40118195124.0
2023-05-30 12:00:00,0.01948,0.02184,0.01948,0.02174,59453699468.0
2023-05-30 16:00:00,0.02175,0.02598,0.02057,0.02348,64789362261.0
2023-05-30 20:00:00,0.02349,0.02446,0.02261,0.02265,22894818498.0
2023-05-31 00:00:00,0.02264,0.02538,0.0223,0.02467,22416463441.0
2023-05-31 04:00:00,0.02468,0.0251,0.02218,0.0224,24958709507.0
2023-05-31 08:00:00,0.0224,0.02277,0.02002,0.02006,33896732424.0
2023-05-31 12:00:00,0.02006,0.02155,0.02005,0.021,21010605293.0
2023-05-31 16:00:00,0.021,0.02428,0.02077,0.02321,39303024632.0
2023-05-31 20:00:00,0.02322,0.02342,0.02166,0.02302,12754386608.0
2023-06-01 00:00:00,0.02302,0.0233,0.02207,0.02222,16317445473.0
2023-06-01 04:00:00,0.02222,0.02291,0.02127,0.02163,15641299177.0
2023-06-01 08:00:00,0.02162,0.02269,0.02123,0.02238,13060030234.0
2023-06-01 12:00:00,0.02238,0.02392,0.02222,0.02334,24600668992.0
2023-06-01 16:00:00,0.02335,0.02428,0.02263,0.02318,16679315666.0
2023-06-01 20:00:00,0.02318,0.02378,0.02262,0.02311,7627297140.0
2023-06-02 00:00:00,0.02311,0.02972,0.02112,0.02374,38309442827.0
2023-06-02 04:00:00,0.02374,0.02596,0.02343,0.02526,20500083596.0
2023-06-02 08:00:00,0.02526,0.02747,0.02417,0.02579,29961699804.0
2023-06-02 12:00:00,0.02579,0.02698,0.02461,0.02542,17428663105.0
2023-06-02 16:00:00,0.02542,0.02543,0.02125,0.02204,22116864143.0
2023-06-02 20:00:00,0.02204,0.02217,0.02106,0.02195,8618732191.0
2023-06-03 00:00:00,0.02195,0.02197,0.01862,0.0193,21927176029.0
2023-06-03 04:00:00,0.01929,0.01966,0.0186,0.01917,9025700960.0
2023-06-03 08:00:00,0.01917,0.01977,0.01881,0.01899,7920374141.0
2023-06-03 12:00:00,0.01898,0.01905,0.018,0.01824,10146763981.0
2023-06-03 16:00:00,0.01824,0.01833,0.01731,0.01739,9588195309.0
2023-06-03 20:00:00,0.01739,0.01797,0.01722,0.01752,4997945827.0
2023-06-04 00:00:00,0.01751,0.01756,0.01673,0.01701,8409478930.0
2023-06-04 04:00:00,0.01701,0.0175,0.01683,0.0169,6383693485.0
2023-06-04 08:00:00,0.0169,0.01705,0.0166,0.01664,5716412742.0
2023-06-04 12:00:00,0.01664,0.01689,0.01593,0.01597,8922901792.0
2023-06-04 16:00:00,0.01598,0.01618,0.01539,0.01572,9339835293.0
2023-06-04 20:00:00,0.01572,0.01713,0.01553,0.01622,8779966069.0
2023-06-05 00:00:00,0.01622,0.01623,0.01506,0.01518,7022555318.0
2023-06-05 04:00:00,0.01518,0.01584,0.01508,0.01517,6190213972.0
2023-06-05 08:00:00,0.01517,0.01576,0.01507,0.01565,8257909430.0
2023-06-05 12:00:00,0.01564,0.01649,0.01412,0.01444,13765297458.0
2023-06-05 16:00:00,0.01444,0.01482,0.01347,0.01416,10734088968.0
2023-06-05 20:00:00,0.01416,0.01468,0.01416,0.01449,2767538262.0
2023-06-06 00:00:00,0.01448,0.01458,0.01404,0.01437,3161243029.0
2023-06-06 04:00:00,0.01437,0.01445,0.014,0.01406,2304747091.0
2023-06-06 08:00:00,0.01405,0.01437,0.01396,0.01408,2681633434.0
2023-06-06 12:00:00,0.01409,0.01448,0.01376,0.01433,6710663800.0
2023-06-06 16:00:00,0.01432,0.01561,0.01415,0.01467,7459848384.0
2023-06-06 20:00:00,0.01466,0.01472,0.01434,0.01458,2563890661.0
2023-06-07 00:00:00,0.01458,0.01459,0.01383,0.01391,3164006868.0
2023-06-07 04:00:00,0.01392,0.01417,0.01374,0.01375,2417189744.0
2023-06-07 08:00:00,0.01376,0.01384,0.01291,0.01299,5188957695.0
2023-06-07 12:00:00,0.01299,0.01305,0.01252,0.01261,5897755994.0
2023-06-07 16:00:00,0.01261,0.01282,0.01231,0.01273,4292240934.0
2023-06-07 20:00:00,0.01273,0.01286,0.01257,0.01274,2365182218.0
2023-06-08 00:00:00,0.01274,0.01285,0.01236,0.01244,2849792343.0
2023-06-08 04:00:00,0.01244,0.01252,0.01196,0.01228,3360083543.0
2023-06-08 08:00:00,0.01227,0.01251,0.01222,0.01235,2675147498.0
2023-06-08 12:00:00,0.01235,0.0127,0.01213,0.01229,4571062764.0
2023-06-08 16:00:00,0.01229,0.01257,0.01183,0.01249,4436903590.0
2023-06-08 20:00:00,0.01249,0.01273,0.01242,0.01242,2215952135.0
2023-06-09 00:00:00,0.01242,0.01268,0.01229,0.01245,3098293723.0
2023-06-09 04:00:00,0.01246,0.01313,0.01241,0.01257,5558962900.0
2023-06-09 08:00:00,0.01257,0.01263,0.01235,0.01239,2435199851.0
2023-06-09 12:00:00,0.01239,0.01256,0.01226,0.0123,2330371769.0
2023-06-09 16:00:00,0.0123,0.01267,0.0122,0.01222,2890943847.0
2023-06-09 20:00:00,0.01222,0.01273,0.01222,0.0127,1939623863.0
2023-06-10 00:00:00,0.0127,0.01282,0.01195,0.01196,4683444355.0
2023-06-10 04:00:00,0.01195,0.01217,0.00979,0.00997,10910702252.0
2023-06-10 08:00:00,0.00997,0.01003,0.00956,0.00995,4527057274.0
2023-06-10 12:00:00,0.00994,0.01007,0.00966,0.00972,3938324686.0
2023-06-10 16:00:00,0.00972,0.01018,0.00935,0.01002,5578319398.0
2023-06-10 20:00:00,0.01003,0.01013,0.00984,0.01,2418477635.0
2023-06-11 00:00:00,0.00999,0.01077,0.00984,0.01048,4613498163.0
2023-06-11 04:00:00,0.01048,0.01071,0.01042,0.01046,3617492699.0
2023-06-11 08:00:00,0.01046,0.01265,0.01046,0.01208,23348495190.0
2023-06-11 12:00:00,0.01208,0.01291,0.01166,0.01183,27056690441.0
2023-06-11 16:00:00,0.01183,0.01256,0.0117,0.01206,13640488171.0
2023-06-11 20:00:00,0.01205,0.01239,0.0118,0.01228,9209756857.0
2023-06-12 00:00:00,0.01229,0.0135,0.01197,0.01335,25366576057.0
2023-06-12 04:00:00,0.01335,0.01371,0.0126,0.01308,16628655008.0
2023-06-12 08:00:00,0.01308,0.01424,0.0129,0.01394,20251655029.0
2023-06-12 12:00:00,0.01394,0.01446,0.0136,0.01414,17053950775.0
2023-06-12 16:00:00,0.01413,0.01485,0.01401,0.0148,17026594342.0
2023-06-12 20:00:00,0.01479,0.01876,0.01473,0.01683,34251250274.0
2023-06-13 00:00:00,0.01683,0.01818,0.01664,0.01756,19624121017.0
2023-06-13 04:00:00,0.01756,0.01765,0.01443,0.01554,35681334515.0
2023-06-13 08:00:00,0.01554,0.0165,0.01497,0.01569,18869137137.0
2023-06-13 12:00:00,0.01569,0.01619,0.01475,0.01513,16990740878.0
2023-06-13 16:00:00,0.01513,0.01514,0.01405,0.01423,13287167812.0
2023-06-13 20:00:00,0.01423,0.01469,0.01404,0.0146,6756909849.0
2023-06-14 00:00:00,0.01461,0.01577,0.0142,0.01487,14527027157.0
2023-06-14 04:00:00,0.01486,0.01508,0.01438,0.01468,8057970823.0
2023-06-14 08:00:00,0.01467,0.01519,0.01434,0.01497,8442641031.0
2023-06-14 12:00:00,0.01497,0.01505,0.0144,0.01456,6811229395.0
2023-06-14 16:00:00,0.01455,0.01659,0.01444,0.01549,19513882539.0
2023-06-14 20:00:00,0.01549,0.01568,0.01412,0.0149,16425551788.0
2023-06-15 00:00:00,0.0149,0.01538,0.01467,0.01516,7294945775.0
2023-06-15 04:00:00,0.01516,0.0154,0.01484,0.01492,7634448992.0
2023-06-15 08:00:00,0.01492,0.015,0.01321,0.01358,13256831672.0
2023-06-15 12:00:00,0.01358,0.01375,0.01311,0.01321,8080262186.0
2023-06-15 16:00:00,0.01321,0.01396,0.01317,0.01365,8296072146.0
2023-06-15 20:00:00,0.01365,0.01413,0.01354,0.01398,5966450984.0
2023-06-16 00:00:00,0.01397,0.01434,0.01375,0.01406,5267241637.0
2023-06-16 04:00:00,0.01406,0.0141,0.0137,0.01379,4147316590.0
2023-06-16 08:00:00,0.01378,0.01387,0.01332,0.01338,4913580469.0
2023-06-16 12:00:00,0.01338,0.01374,0.01323,0.01359,6106507945.0
2023-06-16 16:00:00,0.01359,0.01477,0.01336,0.0141,9163120722.0
2023-06-16 20:00:00,0.0141,0.01417,0.01382,0.01388,2318944584.0
2023-06-17 00:00:00,0.01388,0.01389,0.0135,0.01354,3038908350.0
2023-06-17 04:00:00,0.01353,0.01439,0.01342,0.01399,5063667467.0
2023-06-17 08:00:00,0.01399,0.01472,0.01392,0.01448,5431975226.0
2023-06-17 12:00:00,0.01447,0.01462,0.01413,0.01439,4585260724.0
2023-06-17 16:00:00,0.01439,0.01483,0.01424,0.01429,3626604002.0
2023-06-17 20:00:00,0.01429,0.0144,0.01391,0.014,2033803099.0
2023-06-18 00:00:00,0.01399,0.01415,0.01375,0.01394,3586271227.0
2023-06-18 04:00:00,0.01393,0.01415,0.01365,0.01401,2888285605.0
2023-06-18 08:00:00,0.01401,0.01402,0.01347,0.01362,2788804920.0
2023-06-18 12:00:00,0.01362,0.01371,0.01347,0.01358,2142212485.0
2023-06-18 16:00:00,0.01358,0.01388,0.01352,0.01379,2258655431.0
2023-06-18 20:00:00,0.0138,0.01381,0.01232,0.01291,6871784789.0
2023-06-19 00:00:00,0.01292,0.01309,0.01272,0.01303,2682730078.0
2023-06-19 04:00:00,0.01303,0.01339,0.013,0.0131,2764186636.0
2023-06-19 08:00:00,0.0131,0.01329,0.01296,0.01302,2736472990.0
2023-06-19 12:00:00,0.01303,0.01317,0.01276,0.0129,3184869254.0
2023-06-19 16:00:00,0.0129,0.01363,0.01261,0.01344,8575294741.0
2023-06-19 20:00:00,0.01345,0.01416,0.0133,0.01342,6381769599.0
2023-06-20 00:00:00,0.01341,0.01359,0.01311,0.0133,2987702447.0
2023-06-20 04:00:00,0.01331,0.01331,0.01299,0.01318,2417119859.0
2023-06-20 08:00:00,0.01317,0.01332,0.01303,0.01328,2284077212.0
2023-06-20 12:00:00,0.01328,0.01335,0.0129,0.01315,3683967258.0
2023-06-20 16:00:00,0.01316,0.01389,0.01313,0.01382,5160395384.0
2023-06-20 20:00:00,0.01383,0.01413,0.01369,0.01381,3301767963.0
2023-06-21 00:00:00,0.0138,0.01449,0.01366,0.0142,4031821909.0
2023-06-21 04:00:00,0.01421,0.01608,0.01415,0.01485,12051480670.0
2023-06-21 08:00:00,0.01485,0.0149,0.01411,0.0144,7845427733.0
2023-06-21 12:00:00,0.0144,0.01477,0.0143,0.01447,5297170518.0
2023-06-21 16:00:00,0.01447,0.01493,0.01443,0.01454,5351902732.0
2023-06-21 20:00:00,0.01455,0.01478,0.01424,0.01463,2281012047.0
2023-06-22 00:00:00,0.01462,0.01522,0.01458,0.01495,3680136110.0
2023-06-22 04:00:00,0.01495,0.01518,0.01468,0.0149,2971540373.0
2023-06-22 08:00:00,0.01489,0.01493,0.01385,0.01421,3651750155.0
2023-06-22 12:00:00,0.0142,0.01461,0.0138,0.01413,3629318058.0
2023-06-22 16:00:00,0.01412,0.01438,0.01405,0.01419,1779094447.0
2023-06-22 20:00:00,0.0142,0.01425,0.01385,0.01389,1264877315.0
2023-06-23 00:00:00,0.01389,0.01416,0.01381,0.01409,1569809921.0
2023-06-23 04:00:00,0.0141,0.01418,0.01388,0.01406,1589923658.0
2023-06-23 08:00:00,0.01406,0.01436,0.01392,0.01426,3550950002.0
2023-06-23 12:00:00,0.01426,0.01465,0.01321,0.01454,5079972811.0
2023-06-23 16:00:00,0.01455,0.0149,0.01403,0.01441,4461081374.0
2023-06-23 20:00:00,0.01441,0.01456,0.01424,0.01441,1211807362.0
2023-06-24 00:00:00,0.01441,0.01474,0.01426,0.01454,2147200151.0
2023-06-24 04:00:00,0.01454,0.01461,0.01411,0.01417,1252800677.0
2023-06-24 08:00:00,0.01417,0.0143,0.01402,0.01407,1191486146.0
2023-06-24 12:00:00,0.01407,0.01429,0.01323,0.01335,3142638608.0
2023-06-24 16:00:00,0.01336,0.01353,0.01312,0.01335,1878877462.0
2023-06-24 20:00:00,0.01334,0.01344,0.0132,0.01341,949982464.0
2023-06-25 00:00:00,0.01341,0.01397,0.01337,0.01393,1468388814.0
2023-06-25 04:00:00,0.01393,0.01414,0.01367,0.01396,1744719111.0
2023-06-25 08:00:00,0.01395,0.01424,0.01368,0.01383,2129335911.0
2023-06-25 12:00:00,0.01383,0.0139,0.0133,0.01348,2112224123.0
2023-06-25 16:00:00,0.01348,0.01369,0.01342,0.01353,1271021019.0
2023-06-25 20:00:00,0.01353,0.01383,0.01351,0.01362,1004523022.0
2023-06-26 00:00:00,0.01361,0.01366,0.01321,0.01357,1471626279.0
2023-06-26 04:00:00,0.01358,0.01477,0.0135,0.01436,6441382604.0
2023-06-26 08:00:00,0.01436,0.01622,0.01434,0.01541,17193309304.0
2023-06-26 12:00:00,0.01541,0.01632,0.01531,0.01608,13373567927.0
2023-06-26 16:00:00,0.01607,0.01639,0.01511,0.01511,10353229921.0
2023-06-26 20:00:00,0.01511,0.0153,0.01457,0.01522,4425127126.0
2023-06-27 00:00:00,0.01522,0.01533,0.01466,0.01471,3587131077.0
2023-06-27 04:00:00,0.01471,0.01487,0.01451,0.01483,3350231166.0
2023-06-27 08:00:00,0.01484,0.01502,0.01453,0.0148,3392827755.0
2023-06-27 12:00:00,0.0148,0.01517,0.01464,0.0149,4343621750.0
2023-06-27 16:00:00,0.0149,0.01524,0.01469,0.01503,2554263897.0
2023-06-27 20:00:00,0.01504,0.01507,0.01479,0.015,1334268988.0
2023-06-28 00:00:00,0.015,0.01586,0.01462,0.01565,5568654156.0
2023-06-28 04:00:00,0.01564,0.01597,0.01441,0.01457,7378286032.0
2023-06-28 08:00:00,0.01457,0.01468,0.01422,0.01433,3104044070.0
2023-06-28 12:00:00,0.01434,0.01456,0.0141,0.01449,3243595545.0
2023-06-28 16:00:00,0.0145,0.01459,0.01374,0.01413,2479386871.0
2023-06-28 20:00:00,0.01413,0.01439,0.014,0.01427,1169719181.0
2023-06-29 00:00:00,0.01426,0.0144,0.01402,0.01413,1314891265.0
2023-06-29 04:00:00,0.01413,0.01461,0.01405,0.01446,1705131345.0
2023-06-29 08:00:00,0.01445,0.01473,0.01422,0.01453,2937586568.0
2023-06-29 12:00:00,0.01454,0.01457,0.0141,0.01427,2144482759.0
2023-06-29 16:00:00,0.01427,0.01433,0.01395,0.01411,1488919863.0
2023-06-29 20:00:00,0.0141,0.01416,0.01373,0.01397,1490029719.0
2023-06-30 00:00:00,0.01396,0.01438,0.01364,0.01435,1973037968.0
2023-06-30 04:00:00,0.01435,0.01456,0.01401,0.01414,2144053122.0
2023-06-30 08:00:00,0.01413,0.01426,0.01403,0.01414,1552012393.0
2023-06-30 12:00:00,0.01414,0.01427,0.01252,0.01336,5500932204.0
2023-06-30 16:00:00,0.01335,0.0139,0.01325,0.01369,2645932766.0
2023-06-30 20:00:00,0.01368,0.01384,0.01358,0.01368,1028543353.0
2023-07-01 00:00:00,0.01368,0.01412,0.01361,0.01394,1505225383.0
2023-07-01 04:00:00,0.01393,0.01395,0.01356,0.01371,1214590552.0
2023-07-01 08:00:00,0.01371,0.01376,0.01346,0.01364,1016432000.0
2023-07-01 12:00:00,0.01364,0.01404,0.01358,0.01393,1361638725.0
2023-07-01 16:00:00,0.01392,0.01418,0.01381,0.01404,1195595609.0
2023-07-01 20:00:00,0.01404,0.01449,0.01403,0.01439,1168810947.0
2023-07-02 00:00:00,0.01438,0.01471,0.01398,0.01403,2146980556.0
2023-07-02 04:00:00,0.01403,0.01427,0.01398,0.01412,1119403698.0
2023-07-02 08:00:00,0.01413,0.01417,0.01389,0.01396,1255267629.0
2023-07-02 12:00:00,0.01396,0.01416,0.01367,0.01385,1739200209.0
2023-07-02 16:00:00,0.01386,0.01396,0.01355,0.01377,1240712500.0
2023-07-02 20:00:00,0.01377,0.01411,0.01371,0.01403,1385837200.0
2023-07-03 00:00:00,0.01403,0.01416,0.01385,0.01407,1219004955.0
2023-07-03 04:00:00,0.01408,0.01448,0.01403,0.01429,1331790084.0
2023-07-03 08:00:00,0.01429,0.01441,0.014,0.01405,1422322090.0
2023-07-03 12:00:00,0.01404,0.01415,0.01385,0.01406,1617645253.0
2023-07-03 16:00:00,0.01407,0.01411,0.01389,0.01397,1380130617.0
2023-07-03 20:00:00,0.01396,0.01401,0.01374,0.01393,997394899.0
2023-07-04 00:00:00,0.01393,0.01404,0.01381,0.01395,1126981732.0
2023-07-04 04:00:00,0.01395,0.01402,0.01377,0.0138,1205987011.0
2023-07-04 08:00:00,0.01379,0.01395,0.01328,0.01369,2795564593.0
2023-07-04 12:00:00,0.01368,0.01382,0.0135,0.01358,1296848699.0
2023-07-04 16:00:00,0.01359,0.01366,0.01314,0.01331,1693858627.0
2023-07-04 20:00:00,0.0133,0.01353,0.01327,0.01343,642352678.0
2023-07-05 00:00:00,0.01342,0.01354,0.01335,0.01346,712634810.0
2023-07-05 04:00:00,0.01347,0.01348,0.01329,0.01344,803907879.0
2023-07-05 08:00:00,0.01345,0.01346,0.0127,0.01303,2326610239.0
2023-07-05 12:00:00,0.01303,0.01306,0.01265,0.01275,1678159483.0
2023-07-05 16:00:00,0.01275,0.01317,0.01271,0.01299,1165839942.0
2023-07-05 20:00:00,0.01298,0.01316,0.01295,0.013,747621546.0
2023-07-06 00:00:00,0.013,0.01344,0.01288,0.01335,1590383825.0
2023-07-06 04:00:00,0.01334,0.01349,0.01321,0.01325,1393418321.0
2023-07-06 08:00:00,0.01325,0.01351,0.01311,0.0132,1828268687.0
2023-07-06 12:00:00,0.01319,0.01322,0.01261,0.01296,2994818693.0
2023-07-06 16:00:00,0.01295,0.01338,0.01291,0.01295,2028513878.0
2023-07-06 20:00:00,0.01295,0.01304,0.01268,0.01273,1014079726.0
2023-07-07 00:00:00,0.01272,0.01289,0.01258,0.01281,1227532480.0
2023-07-07 04:00:00,0.0128,0.01284,0.0125,0.01256,1102582489.0
2023-07-07 08:00:00,0.01257,0.01272,0.01248,0.01265,1060115301.0
2023-07-07 12:00:00,0.01266,0.01306,0.01254,0.01288,1996444993.0
2023-07-07 16:00:00,0.01289,0.01298,0.01272,0.01291,1005636388.0
2023-07-07 20:00:00,0.01291,0.01303,0.01286,0.01297,505369029.0
2023-07-08 00:00:00,0.01297,0.01342,0.01297,0.01315,1628225797.0
2023-07-08 04:00:00,0.01315,0.01328,0.013,0.01319,1188529431.0
2023-07-08 08:00:00,0.0132,0.01353,0.01312,0.01329,1748665659.0
2023-07-08 12:00:00,0.01329,0.01339,0.0131,0.01314,965615148.0
2023-07-08 16:00:00,0.01314,0.01328,0.01295,0.01298,958107226.0
2023-07-08 20:00:00,0.01299,0.01335,0.01292,0.0133,918171371.0
2023-07-09 00:00:00,0.01331,0.01355,0.01327,0.01349,1173919749.0
2023-07-09 04:00:00,0.01349,0.01361,0.01333,0.01338,1136399901.0
2023-07-09 08:00:00,0.01339,0.0135,0.01333,0.01341,687267559.0
2023-07-09 12:00:00,0.01342,0.01368,0.01334,0.01352,1679755618.0
2023-07-09 16:00:00,0.01352,0.01399,0.01347,0.0136,1762326313.0
2023-07-09 20:00:00,0.0136,0.01373,0.01346,0.0135,928706370.0
2023-07-10 00:00:00,0.0135,0.01356,0.01315,0.01327,1818691922.0
2023-07-10 04:00:00,0.01326,0.0134,0.01308,0.01312,890662927.0
2023-07-10 08:00:00,0.01313,0.01319,0.01295,0.01318,1330947011.0
2023-07-10 12:00:00,0.01317,0.0133,0.01309,0.01329,1065612579.0
2023-07-10 16:00:00,0.01329,0.0136,0.01326,0.01356,1245040494.0
2023-07-10 20:00:00,0.01357,0.01379,0.01339,0.01349,1391178809.0
2023-07-11 00:00:00,0.01349,0.01368,0.01334,0.01365,912923954.0
2023-07-11 04:00:00,0.01365,0.01437,0.01364,0.01418,3684165365.0
2023-07-11 08:00:00,0.01418,0.01438,0.01385,0.01397,2232095930.0
2023-07-11 12:00:00,0.01397,0.01449,0.01394,0.01425,3891642381.0
2023-07-11 16:00:00,0.01425,0.01428,0.01393,0.01397,1763505750.0
2023-07-11 20:00:00,0.01397,0.01417,0.01385,0.01413,1121338453.0
2023-07-12 00:00:00,0.01413,0.01423,0.01397,0.01404,1060270799.0
2023-07-12 04:00:00,0.01405,0.01426,0.01392,0.01414,1279120294.0
2023-07-12 08:00:00,0.01415,0.01416,0.01372,0.01377,1300489453.0
2023-07-12 12:00:00,0.01377,0.01391,0.01354,0.01363,3288205127.0
2023-07-12 16:00:00,0.01363,0.01365,0.0133,0.01336,1506374265.0
2023-07-12 20:00:00,0.01337,0.01349,0.01333,0.01348,688252869.0
2023-07-13 00:00:00,0.01348,0.01349,0.01325,0.01333,827975859.0
2023-07-13 04:00:00,0.01333,0.01343,0.01321,0.01333,824225017.0
2023-07-13 08:00:00,0.01333,0.01366,0.01328,0.01359,1285915463.0
2023-07-13 12:00:00,0.01359,0.01413,0.01351,0.01396,2486177992.0
2023-07-13 16:00:00,0.01397,0.01454,0.01397,0.01431,3193390840.0
2023-07-13 20:00:00,0.01431,0.01447,0.01414,0.01437,1073368340.0
2023-07-14 00:00:00,0.01437,0.01478,0.01437,0.0145,1932140507.0
2023-07-14 04:00:00,0.01451,0.01469,0.01438,0.01441,1163953181.0
2023-07-14 08:00:00,0.01441,0.01472,0.01438,0.01462,1045006397.0
2023-07-14 12:00:00,0.01462,0.01529,0.01442,0.01484,2356378248.0
2023-07-14 16:00:00,0.01484,0.015,0.01374,0.01405,3334679542.0
2023-07-14 20:00:00,0.01404,0.01426,0.01397,0.01424,854245940.0
2023-07-15 00:00:00,0.01425,0.01437,0.01403,0.01406,771976215.0
2023-07-15 04:00:00,0.01407,0.01436,0.01398,0.01431,679766980.0
2023-07-15 08:00:00,0.01431,0.0145,0.01421,0.01445,789292814.0
2023-07-15 12:00:00,0.01445,0.01459,0.01421,0.01424,904399067.0
2023-07-15 16:00:00,0.01424,0.01443,0.01415,0.01429,662013427.0
2023-07-15 20:00:00,0.0143,0.0143,0.01412,0.01419,439796417.0
2023-07-16 00:00:00,0.01418,0.01425,0.01381,0.01387,816657666.0
2023-07-16 04:00:00,0.01388,0.01397,0.0138,0.01395,598968175.0
2023-07-16 08:00:00,0.01395,0.01402,0.01387,0.01393,596462447.0
2023-07-16 12:00:00,0.01394,0.01405,0.01384,0.01394,762937223.0
2023-07-16 16:00:00,0.01393,0.01394,0.0134,0.01341,1215934113.0
2023-07-16 20:00:00,0.01341,0.01358,0.01329,0.01336,818777077.0
2023-07-17 00:00:00,0.01337,0.01361,0.01325,0.01359,956773696.0
2023-07-17 04:00:00,0.01359,0.01368,0.0135,0.01361,852045175.0
2023-07-17 08:00:00,0.01362,0.01365,0.01308,0.01338,1415761109.0
2023-07-17 12:00:00,0.01337,0.0136,0.01325,0.01345,1019072137.0
2023-07-17 16:00:00,0.01345,0.01355,0.01315,0.01338,1413437590.0
2023-07-17 20:00:00,0.01338,0.0136,0.01329,0.01354,697672347.0
2023-07-18 00:00:00,0.01354,0.01372,0.01348,0.01359,747817755.0
2023-07-18 04:00:00,0.01359,0.01361,0.01325,0.01338,795826866.0
2023-07-18 08:00:00,0.01339,0.01363,0.01328,0.01331,1003125406.0
2023-07-18 12:00:00,0.0133,0.0134,0.0132,0.01334,1105523875.0
2023-07-18 16:00:00,0.01333,0.01339,0.01298,0.01315,996218028.0
2023-07-18 20:00:00,0.01315,0.01335,0.01313,0.01331,496764004.0
2023-07-19 00:00:00,0.01332,0.01366,0.01326,0.01361,889191060.0
2023-07-19 04:00:00,0.0136,0.01365,0.01342,0.01346,665724114.0
2023-07-19 08:00:00,0.01346,0.01352,0.01333,0.01343,621166557.0
2023-07-19 12:00:00,0.01342,0.01346,0.01321,0.0133,878744427.0
2023-07-19 16:00:00,0.01329,0.01339,0.01318,0.01325,663853935.0
2023-07-19 20:00:00,0.01325,0.01326,0.01301,0.01302,575423804.0
2023-07-20 00:00:00,0.01303,0.01324,0.01299,0.01318,771047483.0
2023-07-20 04:00:00,0.01317,0.01336,0.01313,0.01328,881303757.0
2023-07-20 08:00:00,0.01329,0.01345,0.01324,0.01337,891960428.0
2023-07-20 12:00:00,0.01337,0.01339,0.01296,0.01303,1181941929.0
2023-07-20 16:00:00,0.01303,0.01313,0.01284,0.013,908560688.0
2023-07-20 20:00:00,0.013,0.01306,0.01285,0.01301,478813417.0
2023-07-21 00:00:00,0.01301,0.01315,0.01291,0.01307,587853257.0
2023-07-21 04:00:00,0.01308,0.01312,0.01296,0.01304,581262368.0
2023-07-21 08:00:00,0.01304,0.01328,0.01301,0.01319,716765883.0
2023-07-21 12:00:00,0.01319,0.01338,0.01314,0.01324,817894196.0
2023-07-21 16:00:00,0.01325,0.01332,0.01312,0.01323,640926738.0
2023-07-21 20:00:00,0.01323,0.01331,0.01316,0.01324,334194628.0
2023-07-22 00:00:00,0.01325,0.01399,0.01325,0.01392,2838029453.0
2023-07-22 04:00:00,0.01392,0.01423,0.01366,0.01371,3156909246.0
2023-07-22 08:00:00,0.01372,0.01383,0.01357,0.01368,1348628604.0
2023-07-22 12:00:00,0.01367,0.0138,0.01343,0.01353,1058901164.0
2023-07-22 16:00:00,0.01352,0.01354,0.01337,0.01352,631989552.0
2023-07-22 20:00:00,0.01352,0.01375,0.01326,0.01342,1469194230.0
2023-07-23 00:00:00,0.01341,0.01347,0.01322,0.01331,736909845.0
2023-07-23 04:00:00,0.01331,0.01349,0.01327,0.01331,729677611.0
2023-07-23 08:00:00,0.01332,0.01333,0.01319,0.01327,489234599.0
2023-07-23 12:00:00,0.01328,0.01334,0.01316,0.0132,431654787.0
2023-07-23 16:00:00,0.0132,0.01343,0.01319,0.01327,921518197.0
2023-07-23 20:00:00,0.01326,0.01331,0.0131,0.01321,445758568.0
2023-07-24 00:00:00,0.01322,0.01326,0.01295,0.01298,603732364.0
2023-07-24 04:00:00,0.01298,0.01313,0.01282,0.01306,740572032.0
2023-07-24 08:00:00,0.01305,0.01311,0.01199,0.01258,1914270187.0
2023-07-24 12:00:00,0.01258,0.0126,0.01233,0.01253,1125944673.0
2023-07-24 16:00:00,0.01252,0.01255,0.01226,0.01232,1278671348.0
2023-07-24 20:00:00,0.01231,0.01247,0.01223,0.01236,539874468.0
2023-07-25 00:00:00,0.01237,0.01246,0.01227,0.01237,611422790.0
2023-07-25 04:00:00,0.01236,0.01245,0.0122,0.01226,608545152.0
2023-07-25 08:00:00,0.01226,0.01239,0.01219,0.01231,553912415.0
2023-07-25 12:00:00,0.01231,0.01249,0.01224,0.01244,778335848.0
2023-07-25 16:00:00,0.01244,0.01257,0.01226,0.01227,985990652.0
2023-07-25 20:00:00,0.01227,0.01234,0.01218,0.01229,528976945.0
2023-07-26 00:00:00,0.01228,0.01236,0.0121,0.01232,616447880.0
2023-07-26 04:00:00,0.01231,0.01243,0.01226,0.01227,435426798.0
2023-07-26 08:00:00,0.01227,0.01237,0.01213,0.01215,501501114.0
2023-07-26 12:00:00,0.01215,0.01241,0.01214,0.01239,601148075.0
2023-07-26 16:00:00,0.01239,0.01249,0.01217,0.01244,1080161984.0
2023-07-26 20:00:00,0.01245,0.01262,0.01239,0.01241,590375574.0
2023-07-27 00:00:00,0.01241,0.01256,0.01234,0.01249,476093544.0
2023-07-27 04:00:00,0.01248,0.01258,0.0124,0.01248,537228047.0
2023-07-27 08:00:00,0.01247,0.01272,0.01241,0.01258,694922740.0
2023-07-27 12:00:00,0.01257,0.01264,0.01245,0.01253,719502028.0
2023-07-27 16:00:00,0.01253,0.01264,0.01233,0.01242,884846107.0
2023-07-27 20:00:00,0.01243,0.0126,0.01241,0.01258,414908984.0
2023-07-28 00:00:00,0.01258,0.01275,0.01256,0.01273,631060840.0
2023-07-28 04:00:00,0.01272,0.01273,0.01256,0.01259,490406505.0
2023-07-28 08:00:00,0.01259,0.01292,0.01254,0.01282,789870986.0
2023-07-28 12:00:00,0.01282,0.01308,0.01281,0.01299,1292474092.0
2023-07-28 16:00:00,0.01299,0.01309,0.01288,0.01304,593000592.0
2023-07-28 20:00:00,0.01303,0.01331,0.01302,0.01306,852670180.0
2023-07-29 00:00:00,0.01306,0.01311,0.01298,0.01308,401178020.0
2023-07-29 04:00:00,0.01308,0.01317,0.01298,0.013,384351608.0
2023-07-29 08:00:00,0.01301,0.01301,0.01282,0.01285,486414094.0
2023-07-29 12:00:00,0.01286,0.01293,0.01283,0.01288,296833239.0
2023-07-29 16:00:00,0.01288,0.01298,0.01284,0.01295,309905255.0
2023-07-29 20:00:00,0.01295,0.01297,0.01286,0.01295,293561014.0
2023-07-30 00:00:00,0.01295,0.013,0.01288,0.01294,328326148.0
2023-07-30 04:00:00,0.01294,0.01298,0.01282,0.01285,319271433.0
2023-07-30 08:00:00,0.01285,0.01291,0.01275,0.01282,323587176.0
2023-07-30 12:00:00,0.01282,0.01286,0.01271,0.01275,695046164.0
2023-07-30 16:00:00,0.01276,0.01279,0.0125,0.01257,623179129.0
2023-07-30 20:00:00,0.01256,0.01272,0.01233,0.01271,621401993.0
2023-07-31 00:00:00,0.01272,0.01294,0.01267,0.01282,510282709.0
2023-07-31 04:00:00,0.01283,0.01283,0.01269,0.01278,314610250.0
2023-07-31 08:00:00,0.01277,0.01292,0.01275,0.01291,378449778.0
2023-07-31 12:00:00,0.01291,0.01295,0.01272,0.01276,608783485.0
2023-07-31 16:00:00,0.01276,0.01313,0.01275,0.01297,883358332.0
2023-07-31 20:00:00,0.01297,0.01302,0.01271,0.01288,829415100.0
2023-08-01 00:00:00,0.01288,0.01296,0.01247,0.01271,1038387605.0
2023-08-01 04:00:00,0.0127,0.0129,0.0126,0.01282,611601342.0
2023-08-01 08:00:00,0.01281,0.01319,0.01279,0.01313,1336904622.0
2023-08-01 12:00:00,0.01313,0.01326,0.01292,0.01316,1664250390.0
2023-08-01 16:00:00,0.01315,0.01333,0.01311,0.01319,947487551.0
2023-08-01 20:00:00,0.0132,0.01336,0.01316,0.01332,536241974.0
2023-08-02 00:00:00,0.01333,0.01349,0.01326,0.01327,875294393.0
2023-08-02 04:00:00,0.01327,0.01333,0.01312,0.01316,608215748.0
2023-08-02 08:00:00,0.01315,0.01348,0.01314,0.01345,704112347.0
2023-08-02 12:00:00,0.01345,0.01353,0.01315,0.01332,1304684083.0
2023-08-02 16:00:00,0.01332,0.0134,0.01318,0.01336,1016130971.0
2023-08-02 20:00:00,0.01337,0.01351,0.01327,0.01345,620621608.0
2023-08-03 00:00:00,0.01345,0.0138,0.01342,0.01346,1368717225.0
2023-08-03 04:00:00,0.01347,0.0135,0.01331,0.01334,716160253.0
2023-08-03 08:00:00,0.01334,0.0136,0.01316,0.0135,1018418841.0
2023-08-03 12:00:00,0.0135,0.01366,0.01329,0.01354,1878626969.0
2023-08-03 16:00:00,0.01353,0.01356,0.01334,0.01347,957956222.0
2023-08-03 20:00:00,0.01347,0.01365,0.01325,0.01327,956720244.0
2023-08-04 00:00:00,0.01327,0.01352,0.01315,0.01351,786331131.0
2023-08-04 04:00:00,0.01351,0.01374,0.01346,0.01362,1328595799.0
2023-08-04 08:00:00,0.01362,0.01393,0.0136,0.01384,1754024787.0
2023-08-04 12:00:00,0.01385,0.01394,0.01375,0.01384,1363798712.0
2023-08-04 16:00:00,0.01384,0.01404,0.0137,0.01381,1695180204.0
2023-08-04 20:00:00,0.01382,0.01396,0.01368,0.01388,1134280833.0
2023-08-05 00:00:00,0.01389,0.01422,0.01386,0.01404,1921341360.0
2023-08-05 04:00:00,0.01405,0.01422,0.01394,0.01395,1007899944.0
2023-08-05 08:00:00,0.01395,0.01421,0.01393,0.01415,858505434.0
2023-08-05 12:00:00,0.01415,0.01454,0.01396,0.0144,1623620595.0
2023-08-05 16:00:00,0.0144,0.01441,0.01368,0.01374,1485407616.0
2023-08-05 20:00:00,0.01373,0.01387,0.01364,0.01369,632666897.0
2023-08-06 00:00:00,0.01369,0.01389,0.0136,0.01379,841912177.0
2023-08-06 04:00:00,0.01379,0.01391,0.01376,0.01377,605932718.0
2023-08-06 08:00:00,0.01376,0.01386,0.01359,0.01362,931268967.0
2023-08-06 12:00:00,0.01362,0.01363,0.01335,0.0134,886562172.0
2023-08-06 16:00:00,0.01341,0.01344,0.01327,0.0134,614408845.0
2023-08-06 20:00:00,0.0134,0.01366,0.0134,0.01347,654207818.0
2023-08-07 00:00:00,0.01348,0.01367,0.0134,0.01355,1102351435.0
2023-08-07 04:00:00,0.01355,0.01387,0.01351,0.01379,826161709.0
2023-08-07 08:00:00,0.01379,0.01421,0.01373,0.01419,1008548853.0
2023-08-07 12:00:00,0.01418,0.0145,0.01404,0.01411,3346837552.0
2023-08-07 16:00:00,0.01411,0.01466,0.01404,0.01444,3996551465.0
2023-08-07 20:00:00,0.01443,0.01452,0.01429,0.0144,958583558.0
2023-08-08 00:00:00,0.01441,0.01441,0.01406,0.01417,1107238605.0
2023-08-08 04:00:00,0.01416,0.01447,0.01408,0.01431,1233941917.0
2023-08-08 08:00:00,0.01431,0.01442,0.01423,0.01429,832981676.0
2023-08-08 12:00:00,0.01429,0.0144,0.01413,0.0142,1131335352.0
2023-08-08 16:00:00,0.01421,0.01428,0.0139,0.01391,1278798731.0
2023-08-08 20:00:00,0.01391,0.01399,0.01378,0.01378,787399328.0
2023-08-09 00:00:00,0.01378,0.01413,0.0137,0.01407,975992026.0
2023-08-09 04:00:00,0.01408,0.01416,0.01398,0.01416,472458790.0
2023-08-09 08:00:00,0.01415,0.01419,0.0139,0.01391,503739432.0
2023-08-09 12:00:00,0.0139,0.01399,0.01379,0.01386,746177683.0
2023-08-09 16:00:00,0.01386,0.01389,0.01373,0.01373,526859097.0
2023-08-09 20:00:00,0.01374,0.01389,0.01366,0.01383,413127732.0
2023-08-10 00:00:00,0.01383,0.01385,0.01369,0.01375,320863520.0
2023-08-10 04:00:00,0.01376,0.01392,0.0137,0.01387,302664507.0
2023-08-10 08:00:00,0.01386,0.01402,0.01383,0.01389,492063252.0
2023-08-10 12:00:00,0.01389,0.01422,0.01388,0.0141,945758454.0
2023-08-10 16:00:00,0.01409,0.01418,0.01405,0.01412,393583976.0
2023-08-10 20:00:00,0.01413,0.01421,0.01406,0.01415,336541436.0
2023-08-11 00:00:00,0.01414,0.01465,0.01414,0.01455,1956725010.0
2023-08-11 04:00:00,0.01455,0.01488,0.01454,0.01473,2182149648.0
2023-08-11 08:00:00,0.01473,0.01483,0.01452,0.01462,1269413753.0
2023-08-11 12:00:00,0.01462,0.01477,0.01458,0.01466,956324829.0
2023-08-11 16:00:00,0.01466,0.01477,0.01453,0.01462,669904636.0
2023-08-11 20:00:00,0.01463,0.01487,0.01458,0.01483,599530403.0
2023-08-12 00:00:00,0.01482,0.01501,0.01467,0.01473,941377863.0
2023-08-12 04:00:00,0.01473,0.01477,0.01457,0.0146,398643487.0
2023-08-12 08:00:00,0.0146,0.01468,0.01454,0.01454,375926151.0
2023-08-12 12:00:00,0.01455,0.01458,0.01435,0.01442,779683403.0
2023-08-12 16:00:00,0.01443,0.01453,0.01435,0.01439,377209371.0
2023-08-12 20:00:00,0.01438,0.01452,0.01438,0.01445,234498125.0
2023-08-13 00:00:00,0.01446,0.01474,0.01445,0.01466,532657417.0
2023-08-13 04:00:00,0.01467,0.01473,0.01456,0.01466,302898815.0
2023-08-13 08:00:00,0.01467,0.01557,0.01466,0.01533,2891965156.0
2023-08-13 12:00:00,0.01534,0.01548,0.01514,0.01528,1215384690.0
2023-08-13 16:00:00,0.01528,0.01542,0.01513,0.01534,671388070.0
2023-08-13 20:00:00,0.01534,0.01535,0.01513,0.01519,715143762.0
2023-08-14 00:00:00,0.0152,0.01541,0.01499,0.01531,872360864.0
2023-08-14 04:00:00,0.0153,0.01532,0.01504,0.01511,513979299.0
2023-08-14 08:00:00,0.0151,0.01515,0.01498,0.01502,453075441.0
2023-08-14 12:00:00,0.01502,0.01521,0.01499,0.01518,465923174.0
2023-08-14 16:00:00,0.01518,0.01523,0.01487,0.01499,538855416.0
2023-08-14 20:00:00,0.015,0.01511,0.01498,0.01501,184384243.0
2023-08-15 00:00:00,0.015,0.01517,0.01491,0.01495,354722758.0
2023-08-15 04:00:00,0.01494,0.01501,0.01472,0.01477,362054883.0
2023-08-15 08:00:00,0.01477,0.01525,0.01476,0.01513,945731352.0
2023-08-15 12:00:00,0.01512,0.01543,0.01492,0.01497,1535991249.0
2023-08-15 16:00:00,0.01497,0.01516,0.01384,0.01411,1991205923.0
2023-08-15 20:00:00,0.01411,0.01495,0.01404,0.01445,1276176103.0
2023-08-16 00:00:00,0.01446,0.01448,0.01417,0.01432,755759282.0
2023-08-16 04:00:00,0.01432,0.01438,0.01407,0.01413,766374105.0
2023-08-16 08:00:00,0.01413,0.01414,0.01365,0.01372,913198070.0
2023-08-16 12:00:00,0.01372,0.01373,0.01321,0.01327,1530862592.0
2023-08-16 16:00:00,0.01327,0.01348,0.01315,0.01335,909514614.0
2023-08-16 20:00:00,0.01334,0.01335,0.01258,0.0128,1834292855.0
2023-08-17 00:00:00,0.01281,0.01309,0.01255,0.01301,1236290318.0
2023-08-17 04:00:00,0.013,0.01309,0.01286,0.01302,596629698.0
2023-08-17 08:00:00,0.01303,0.01304,0.01274,0.0129,753192129.0
2023-08-17 12:00:00,0.01289,0.013,0.0126,0.0127,1092045778.0
2023-08-17 16:00:00,0.0127,0.013,0.01266,0.0129,726793086.0
2023-08-17 20:00:00,0.0129,0.01295,0.01004,0.01166,2996842944.0
2023-08-18 00:00:00,0.01166,0.01194,0.01161,0.01182,1179522497.0
2023-08-18 04:00:00,0.01182,0.01202,0.01166,0.01177,672947546.0
2023-08-18 08:00:00,0.01177,0.01191,0.01167,0.01189,486305829.0
2023-08-18 12:00:00,0.01189,0.01191,0.01166,0.01179,663171185.0
2023-08-18 16:00:00,0.01179,0.0118,0.01147,0.01149,969176388.0
2023-08-18 20:00:00,0.01149,0.01174,0.01149,0.01168,474490567.0
2023-08-19 00:00:00,0.01167,0.0119,0.01163,0.01189,431487210.0
2023-08-19 04:00:00,0.01188,0.0119,0.01169,0.01175,342886465.0
2023-08-19 08:00:00,0.01174,0.01185,0.0117,0.01172,341750210.0
2023-08-19 12:00:00,0.01172,0.0119,0.01163,0.01188,525479712.0
2023-08-19 16:00:00,0.01189,0.01209,0.01172,0.01176,630952078.0
2023-08-19 20:00:00,0.01176,0.01182,0.01165,0.01181,288253841.0
2023-08-20 00:00:00,0.01181,0.01185,0.01172,0.01173,232314051.0
2023-08-20 04:00:00,0.01173,0.01175,0.0116,0.01171,227486658.0
2023-08-20 08:00:00,0.01171,0.0118,0.01157,0.01179,329567864.0
2023-08-20 12:00:00,0.01179,0.01181,0.01158,0.01171,395607910.0
2023-08-20 16:00:00,0.01171,0.01185,0.01164,0.01168,483473689.0
2023-08-20 20:00:00,0.01167,0.01175,0.01141,0.01147,509787230.0
2023-08-21 00:00:00,0.01147,0.01149,0.01116,0.01119,791659010.0
2023-08-21 04:00:00,0.01118,0.01134,0.01117,0.01125,493538360.0
2023-08-21 08:00:00,0.01125,0.01127,0.01086,0.01117,927383205.0
2023-08-21 12:00:00,0.01117,0.01126,0.01078,0.01099,1394800431.0
2023-08-21 16:00:00,0.01099,0.01128,0.01077,0.011,2768189736.0
2023-08-21 20:00:00,0.01099,0.01101,0.01074,0.01079,622030493.0
2023-08-22 00:00:00,0.0108,0.0108,0.01065,0.01075,599866031.0
2023-08-22 04:00:00,0.01075,0.01082,0.01066,0.01079,411407347.0
2023-08-22 08:00:00,0.0108,0.01083,0.01051,0.01056,636269213.0
2023-08-22 12:00:00,0.01056,0.01069,0.01039,0.01044,1605859979.0
2023-08-22 16:00:00,0.01045,0.01055,0.01017,0.01028,1438242282.0
2023-08-22 20:00:00,0.01028,0.01072,0.01005,0.01071,1032038395.0
2023-08-23 00:00:00,0.01071,0.01079,0.01059,0.01074,623890600.0
2023-08-23 04:00:00,0.01074,0.01086,0.01068,0.01076,534920112.0
2023-08-23 08:00:00,0.01077,0.01085,0.01074,0.01079,392648633.0
2023-08-23 12:00:00,0.01079,0.01094,0.01064,0.01092,695072291.0
2023-08-23 16:00:00,0.01093,0.01125,0.01092,0.01118,1049288372.0
2023-08-23 20:00:00,0.01117,0.01123,0.01097,0.0111,515073160.0
2023-08-24 00:00:00,0.0111,0.01115,0.0109,0.01093,423932147.0
2023-08-24 04:00:00,0.01093,0.01096,0.01082,0.01085,391654429.0
2023-08-24 08:00:00,0.01085,0.01088,0.01071,0.01077,512656703.0
2023-08-24 12:00:00,0.01077,0.01078,0.01052,0.01056,711563246.0
2023-08-24 16:00:00,0.01057,0.01064,0.01049,0.01055,413466464.0
2023-08-24 20:00:00,0.01055,0.01065,0.01037,0.01063,528727428.0
2023-08-25 00:00:00,0.01062,0.01067,0.01013,0.01025,725056639.0
2023-08-25 04:00:00,0.01024,0.01027,0.00988,0.01011,1121241931.0
2023-08-25 08:00:00,0.01011,0.01017,0.01001,0.01016,464058563.0
2023-08-25 12:00:00,0.01016,0.01025,0.00992,0.01007,1395736460.0
2023-08-25 16:00:00,0.01007,0.01015,0.00993,0.01008,542773773.0
2023-08-25 20:00:00,0.01009,0.0102,0.01005,0.01019,317839219.0
2023-08-26 00:00:00,0.01019,0.01034,0.01006,0.01031,511030365.0
2023-08-26 04:00:00,0.01031,0.01044,0.01023,0.01041,433621041.0
2023-08-26 08:00:00,0.01041,0.0106,0.01038,0.01044,1002548629.0
2023-08-26 12:00:00,0.01043,0.01048,0.01035,0.01047,454313753.0
2023-08-26 16:00:00,0.01048,0.01053,0.01007,0.01016,934699705.0
2023-08-26 20:00:00,0.01017,0.01025,0.0101,0.01012,417808848.0
2023-08-27 00:00:00,0.01012,0.01028,0.01011,0.01014,540997707.0
2023-08-27 04:00:00,0.01014,0.01027,0.01013,0.01027,378523334.0
2023-08-27 08:00:00,0.01027,0.01027,0.01013,0.01015,346673329.0
2023-08-27 12:00:00,0.01014,0.01016,0.01007,0.0101,532153407.0
2023-08-27 16:00:00,0.0101,0.01018,0.01001,0.01014,530721374.0
2023-08-27 20:00:00,0.01015,0.01025,0.0101,0.01025,400627796.0
2023-08-28 00:00:00,0.01024,0.01033,0.01007,0.0101,863229078.0
2023-08-28 04:00:00,0.01011,0.01019,0.01,0.01009,546529927.0
2023-08-28 08:00:00,0.01009,0.01022,0.00996,0.01019,677613628.0
2023-08-28 12:00:00,0.01019,0.01048,0.01018,0.01044,943001964.0
2023-08-28 16:00:00,0.01044,0.01095,0.01036,0.01058,2562847542.0
2023-08-28 20:00:00,0.01058,0.01058,0.01031,0.0104,979406610.0
2023-08-29 00:00:00,0.0104,0.01049,0.01021,0.01027,777020294.0
2023-08-29 04:00:00,0.01026,0.01032,0.01008,0.01011,671223040.0
2023-08-29 08:00:00,0.0101,0.01024,0.01006,0.01017,695461015.0
2023-08-29 12:00:00,0.01017,0.011,0.01016,0.01094,2715090336.0
2023-08-29 16:00:00,0.01095,0.01124,0.0108,0.01084,1362971655.0
2023-08-29 20:00:00,0.01084,0.01103,0.01078,0.01092,514688635.0
2023-08-30 00:00:00,0.01092,0.01105,0.01068,0.01078,638368249.0
2023-08-30 04:00:00,0.01077,0.01086,0.01075,0.01084,309636227.0
2023-08-30 08:00:00,0.01084,0.01096,0.01072,0.01073,622117221.0
2023-08-30 12:00:00,0.01074,0.01081,0.01051,0.01062,1023586817.0
2023-08-30 16:00:00,0.01062,0.01071,0.0106,0.01061,316413231.0
2023-08-30 20:00:00,0.01062,0.01071,0.01061,0.01071,235113610.0
2023-08-31 00:00:00,0.0107,0.01072,0.01056,0.01068,296771866.0
2023-08-31 04:00:00,0.01067,0.01083,0.01066,0.01076,345567722.0
2023-08-31 08:00:00,0.01075,0.01075,0.01053,0.01067,674460963.0
2023-08-31 12:00:00,0.01067,0.01068,0.01036,0.01046,930104092.0
2023-08-31 16:00:00,0.01045,0.01057,0.01,0.01019,1478666412.0
2023-08-31 20:00:00,0.01019,0.0103,0.01,0.01018,751427518.0
2023-09-01 00:00:00,0.01018,0.01035,0.00995,0.0101,829829858.0
2023-09-01 04:00:00,0.0101,0.01016,0.01003,0.01014,400842010.0
2023-09-01 08:00:00,0.01014,0.01015,0.01005,0.01013,273501323.0
2023-09-01 12:00:00,0.01012,0.01018,0.00987,0.00999,973759476.0
2023-09-01 16:00:00,0.00998,0.01003,0.00969,0.00997,1146088758.0
2023-09-01 20:00:00,0.00997,0.01004,0.00989,0.00999,395540482.0
2023-09-02 00:00:00,0.00999,0.01005,0.00989,0.01003,286224906.0
2023-09-02 04:00:00,0.01002,0.01009,0.00995,0.00999,299677496.0
2023-09-02 08:00:00,0.01,0.01001,0.00981,0.00995,372162342.0
2023-09-02 12:00:00,0.00995,0.01019,0.0099,0.01011,530937029.0
2023-09-02 16:00:00,0.0101,0.01018,0.00993,0.01008,531765688.0
2023-09-02 20:00:00,0.01008,0.01028,0.01006,0.01019,366497864.0
2023-09-03 00:00:00,0.01019,0.01051,0.01019,0.01034,869798770.0
2023-09-03 04:00:00,0.01034,0.01046,0.01012,0.01034,697084253.0
2023-09-03 08:00:00,0.01034,0.01036,0.01013,0.01015,443400315.0
2023-09-03 12:00:00,0.01015,0.01023,0.01003,0.01008,605582984.0
2023-09-03 16:00:00,0.01008,0.0101,0.00989,0.01009,456936882.0
2023-09-03 20:00:00,0.01008,0.01019,0.01,0.01014,319812044.0
2023-09-04 00:00:00,0.01014,0.01039,0.01005,0.0103,509607689.0
2023-09-04 04:00:00,0.0103,0.01037,0.01015,0.01028,384968402.0
2023-09-04 08:00:00,0.01028,0.0103,0.01014,0.01019,292038434.0
2023-09-04 12:00:00,0.01018,0.01033,0.01007,0.01013,695774368.0
2023-09-04 16:00:00,0.01013,0.01026,0.01009,0.01025,376226681.0
2023-09-04 20:00:00,0.01025,0.01035,0.01007,0.01025,429075464.0
2023-09-05 00:00:00,0.01025,0.01026,0.01007,0.0102,353703549.0
2023-09-05 04:00:00,0.01021,0.01028,0.01015,0.01025,231744436.0
2023-09-05 08:00:00,0.01024,0.01055,0.01021,0.01054,608480542.0
2023-09-05 12:00:00,0.01054,0.01058,0.01028,0.01051,733926721.0
2023-09-05 16:00:00,0.01052,0.01077,0.01039,0.01049,972958208.0
2023-09-05 20:00:00,0.01049,0.01073,0.01046,0.01063,406836302.0
2023-09-06 00:00:00,0.01064,0.01077,0.01035,0.01042,631835140.0
2023-09-06 04:00:00,0.01042,0.01054,0.01027,0.01043,576659747.0
2023-09-06 08:00:00,0.01042,0.01065,0.01037,0.01055,380435157.0
2023-09-06 12:00:00,0.01056,0.01064,0.0103,0.01041,702046500.0
2023-09-06 16:00:00,0.0104,0.0106,0.01021,0.01046,803442696.0
2023-09-06 20:00:00,0.01045,0.01056,0.01039,0.01055,209362488.0
2023-09-07 00:00:00,0.01055,0.01066,0.01049,0.01059,371548385.0
2023-09-07 04:00:00,0.01059,0.01062,0.01044,0.01047,221774892.0
2023-09-07 08:00:00,0.01047,0.0105,0.0103,0.01031,325616763.0
2023-09-07 12:00:00,0.01032,0.01046,0.01025,0.01041,369364907.0
2023-09-07 16:00:00,0.01041,0.01054,0.01041,0.0105,310219255.0
2023-09-07 20:00:00,0.01049,0.01073,0.01049,0.0107,403297197.0
2023-09-08 00:00:00,0.01071,0.01087,0.01058,0.01072,422489626.0
2023-09-08 04:00:00,0.01071,0.01099,0.01068,0.01092,593514314.0
2023-09-08 08:00:00,0.01092,0.01097,0.01059,0.01072,1058894294.0
2023-09-08 12:00:00,0.01072,0.01129,0.01069,0.01108,2013013101.0
2023-09-08 16:00:00,0.01109,0.01109,0.01083,0.01086,769851862.0
2023-09-08 20:00:00,0.01086,0.01088,0.01069,0.01079,384889172.0
2023-09-09 00:00:00,0.01079,0.01093,0.01064,0.01086,426763817.0
2023-09-09 04:00:00,0.01086,0.0109,0.01073,0.0108,308126587.0
2023-09-09 08:00:00,0.01081,0.01084,0.01069,0.0108,322417700.0
2023-09-09 12:00:00,0.01079,0.01084,0.01046,0.01061,592834387.0
2023-09-09 16:00:00,0.0106,0.01065,0.01049,0.01058,222639548.0
2023-09-09 20:00:00,0.01058,0.01063,0.0105,0.01061,140866155.0
2023-09-10 00:00:00,0.01061,0.01062,0.01031,0.01042,461266316.0
2023-09-10 04:00:00,0.01042,0.01043,0.00974,0.01025,1036770451.0
2023-09-10 08:00:00,0.01024,0.0103,0.01017,0.01018,248160637.0
2023-09-10 12:00:00,0.01018,0.01022,0.00989,0.01005,482742019.0
2023-09-10 16:00:00,0.01004,0.01019,0.00986,0.01015,469633406.0
2023-09-10 20:00:00,0.01014,0.01033,0.01013,0.01025,320855375.0
2023-09-11 00:00:00,0.01025,0.01034,0.01005,0.01029,499567042.0
2023-09-11 04:00:00,0.01028,0.01046,0.01023,0.01031,439356641.0
2023-09-11 08:00:00,0.01032,0.01033,0.0097,0.00989,1357492365.0
2023-09-11 12:00:00,0.00988,0.01016,0.00979,0.01012,1051132171.0
2023-09-11 16:00:00,0.01012,0.01022,0.00982,0.00996,731681590.0
2023-09-11 20:00:00,0.00995,0.0101,0.0099,0.01008,336222329.0
2023-09-12 00:00:00,0.01009,0.01045,0.01007,0.01041,652887915.0
2023-09-12 04:00:00,0.01041,0.01043,0.01012,0.01022,415120229.0
2023-09-12 08:00:00,0.01021,0.01043,0.01008,0.01033,696334927.0
2023-09-12 12:00:00,0.01032,0.0104,0.0101,0.01014,487177972.0
2023-09-12 16:00:00,0.01014,0.01028,0.00997,0.01016,544204523.0
2023-09-12 20:00:00,0.01016,0.01025,0.01005,0.01008,218567351.0
2023-09-13 00:00:00,0.01008,0.01022,0.01006,0.0101,284130432.0
2023-09-13 04:00:00,0.0101,0.01043,0.01008,0.01029,644926764.0
2023-09-13 08:00:00,0.01029,0.01042,0.01025,0.01033,491432001.0
2023-09-13 12:00:00,0.01034,0.01049,0.01022,0.0104,522679131.0
2023-09-13 16:00:00,0.01041,0.01051,0.01029,0.01032,349581591.0
2023-09-13 20:00:00,0.01032,0.01042,0.0103,0.01033,153697094.0
2023-09-14 00:00:00,0.01033,0.01056,0.01033,0.01047,371362767.0
2023-09-14 04:00:00,0.01048,0.01072,0.01036,0.01066,447916363.0
2023-09-14 08:00:00,0.01067,0.01091,0.01064,0.01074,1179236291.0
2023-09-14 12:00:00,0.01074,0.01086,0.01062,0.01066,773396399.0
2023-09-14 16:00:00,0.01067,0.0107,0.01055,0.01067,412443715.0
2023-09-14 20:00:00,0.01068,0.01074,0.01058,0.01066,204538902.0
2023-09-15 00:00:00,0.01067,0.01084,0.0106,0.01072,344940650.0
2023-09-15 04:00:00,0.01072,0.01077,0.01042,0.01046,379277872.0
2023-09-15 08:00:00,0.01045,0.01062,0.01043,0.01052,364150830.0
2023-09-15 12:00:00,0.01052,0.01071,0.01051,0.01061,397028032.0
2023-09-15 16:00:00,0.01062,0.01072,0.0106,0.01068,211777014.0
2023-09-15 20:00:00,0.01068,0.01092,0.01067,0.01091,364866036.0
2023-09-16 00:00:00,0.01091,0.01109,0.01083,0.01087,553735428.0
2023-09-16 04:00:00,0.01087,0.01093,0.01074,0.01078,473132404.0
2023-09-16 08:00:00,0.01079,0.01084,0.01071,0.01074,285873517.0
2023-09-16 12:00:00,0.01073,0.01076,0.01055,0.01073,387212082.0
2023-09-16 16:00:00,0.01074,0.01082,0.01062,0.01067,289806930.0
2023-09-16 20:00:00,0.01066,0.01082,0.01066,0.01079,153328679.0
2023-09-17 00:00:00,0.0108,0.01081,0.01047,0.01065,525004193.0
2023-09-17 04:00:00,0.01064,0.01067,0.01052,0.01053,167794382.0
2023-09-17 08:00:00,0.01054,0.01067,0.0105,0.01062,198526835.0
2023-09-17 12:00:00,0.01062,0.01062,0.0105,0.01053,321194305.0
2023-09-17 16:00:00,0.01053,0.01054,0.01026,0.01034,399265590.0
2023-09-17 20:00:00,0.01033,0.01036,0.0101,0.01027,493824808.0
2023-09-18 00:00:00,0.01026,0.01048,0.01011,0.01046,499494567.0
2023-09-18 04:00:00,0.01047,0.01057,0.01039,0.01041,395693333.0
2023-09-18 08:00:00,0.01042,0.0107,0.0104,0.01064,402951478.0
2023-09-18 12:00:00,0.01065,0.01069,0.0105,0.0106,462517634.0
2023-09-18 16:00:00,0.01061,0.01068,0.01045,0.01053,415181220.0
2023-09-18 20:00:00,0.01053,0.0106,0.01045,0.01046,173858861.0
2023-09-19 00:00:00,0.01046,0.01057,0.01037,0.01056,238129345.0
2023-09-19 04:00:00,0.01055,0.01073,0.01055,0.01069,288796893.0
2023-09-19 08:00:00,0.01069,0.0109,0.01068,0.01081,446643772.0
2023-09-19 12:00:00,0.0108,0.01085,0.01068,0.01085,431050795.0
2023-09-19 16:00:00,0.01084,0.0109,0.01074,0.01077,315590282.0
2023-09-19 20:00:00,0.01077,0.01083,0.01068,0.01076,234122514.0
2023-09-20 00:00:00,0.01077,0.01087,0.01068,0.01081,296162250.0
2023-09-20 04:00:00,0.01081,0.01085,0.01073,0.01081,268306815.0
2023-09-20 08:00:00,0.01081,0.01101,0.01064,0.01075,936849536.0
2023-09-20 12:00:00,0.01074,0.0108,0.01045,0.01067,727918523.0
2023-09-20 16:00:00,0.01067,0.01094,0.01063,0.01085,688667532.0
2023-09-20 20:00:00,0.01086,0.01099,0.01085,0.01097,302485812.0
2023-09-21 00:00:00,0.01096,0.01134,0.01079,0.0113,1148198608.0
2023-09-21 04:00:00,0.01131,0.01137,0.01082,0.01094,952895545.0
2023-09-21 08:00:00,0.01094,0.01098,0.01047,0.01061,1260877240.0
2023-09-21 12:00:00,0.01061,0.01123,0.01055,0.01122,2530398789.0
2023-09-21 16:00:00,0.01123,0.01237,0.01097,0.01188,5287578521.0
2023-09-21 20:00:00,0.01188,0.012,0.01061,0.01145,3618489596.0
2023-09-22 00:00:00,0.01145,0.01151,0.01093,0.01117,1702378707.0
2023-09-22 04:00:00,0.01118,0.01134,0.01078,0.01087,1175208574.0
2023-09-22 08:00:00,0.01087,0.01139,0.0108,0.01128,2859429791.0
2023-09-22 12:00:00,0.01129,0.01169,0.01114,0.01154,2903333687.0
2023-09-22 16:00:00,0.01154,0.01157,0.01125,0.0113,900359540.0
2023-09-22 20:00:00,0.0113,0.01138,0.01122,0.01131,427486892.0
2023-09-23 00:00:00,0.01132,0.01146,0.01095,0.01108,1204674073.0
2023-09-23 04:00:00,0.01108,0.0111,0.01085,0.01096,711646380.0
2023-09-23 08:00:00,0.01097,0.01106,0.01091,0.01094,554185076.0
2023-09-23 12:00:00,0.01095,0.01113,0.01069,0.01083,2129827429.0
2023-09-23 16:00:00,0.01082,0.01115,0.01067,0.01093,1859093550.0
2023-09-23 20:00:00,0.01093,0.01101,0.01085,0.01096,404717339.0
2023-09-24 00:00:00,0.01097,0.01098,0.01074,0.01082,566561950.0
2023-09-24 04:00:00,0.01083,0.01091,0.01068,0.01074,456429858.0
2023-09-24 08:00:00,0.01074,0.01083,0.01067,0.01082,427428871.0
2023-09-24 12:00:00,0.01082,0.01082,0.01068,0.01072,369818274.0
2023-09-24 16:00:00,0.01071,0.01079,0.01056,0.01063,601320449.0
2023-09-24 20:00:00,0.01062,0.01068,0.01037,0.01056,500360188.0
2023-09-25 00:00:00,0.01057,0.01082,0.01048,0.01076,573295333.0
2023-09-25 04:00:00,0.01077,0.01084,0.01064,0.01082,362789119.0
2023-09-25 08:00:00,0.01082,0.01089,0.0107,0.01081,399807206.0
2023-09-25 12:00:00,0.0108,0.01092,0.01077,0.01091,499761543.0
2023-09-25 16:00:00,0.01091,0.01097,0.01081,0.01085,412469724.0
2023-09-25 20:00:00,0.01085,0.01091,0.01079,0.01086,170688983.0
2023-09-26 00:00:00,0.01087,0.01096,0.01083,0.0109,265109254.0
2023-09-26 04:00:00,0.0109,0.01102,0.01088,0.01091,271565708.0
2023-09-26 08:00:00,0.0109,0.01094,0.01067,0.01082,411684695.0
2023-09-26 12:00:00,0.01082,0.01086,0.01064,0.01068,319522456.0
2023-09-26 16:00:00,0.01067,0.0108,0.01065,0.01073,229484883.0
2023-09-26 20:00:00,0.01074,0.01074,0.01055,0.01065,215542198.0
2023-09-27 00:00:00,0.01065,0.01079,0.01062,0.01076,414911541.0
2023-09-27 04:00:00,0.01076,0.01076,0.01058,0.01061,247730877.0
2023-09-27 08:00:00,0.01061,0.01088,0.01051,0.01085,508565884.0
2023-09-27 12:00:00,0.01085,0.01088,0.01053,0.01061,504770214.0
2023-09-27 16:00:00,0.01062,0.01066,0.01045,0.01047,298314941.0
2023-09-27 20:00:00,0.01046,0.01055,0.01033,0.01054,318195160.0
2023-09-28 00:00:00,0.01054,0.01065,0.01049,0.01057,193106928.0
2023-09-28 04:00:00,0.01056,0.01072,0.01053,0.01071,136208601.0
2023-09-28 08:00:00,0.01072,0.01074,0.01057,0.01062,255818367.0
2023-09-28 12:00:00,0.01061,0.01079,0.01057,0.01077,268227078.0
2023-09-28 16:00:00,0.01077,0.01082,0.01068,0.01078,186775201.0
2023-09-28 20:00:00,0.01079,0.01085,0.01073,0.01082,82358670.0
2023-09-29 00:00:00,0.01083,0.01087,0.01074,0.01083,147585958.0
2023-09-29 04:00:00,0.01084,0.01101,0.0108,0.01093,265421526.0
2023-09-29 08:00:00,0.01094,0.01095,0.01086,0.0109,147183160.0
2023-09-29 12:00:00,0.01091,0.01103,0.01071,0.01096,449333746.0
2023-09-29 16:00:00,0.01095,0.01099,0.01086,0.01092,181633850.0
2023-09-29 20:00:00,0.01092,0.01099,0.01089,0.01096,126625651.0
2023-09-30 00:00:00,0.01096,0.01101,0.01089,0.01093,156487864.0
2023-09-30 04:00:00,0.01094,0.011,0.01087,0.01098,142507463.0
2023-09-30 08:00:00,0.01098,0.01132,0.01093,0.011,872493881.0
2023-09-30 12:00:00,0.011,0.01105,0.01085,0.01095,448454786.0
2023-09-30 16:00:00,0.01096,0.01098,0.01086,0.01095,256568797.0
2023-09-30 20:00:00,0.01094,0.01097,0.01081,0.01084,199253349.0
2023-10-01 00:00:00,0.01085,0.01098,0.01074,0.01096,204348237.0
2023-10-01 04:00:00,0.01096,0.01116,0.01089,0.01103,247223838.0
2023-10-01 08:00:00,0.01104,0.01126,0.01101,0.01119,323594254.0
2023-10-01 12:00:00,0.01119,0.0112,0.011,0.01107,339304691.0
2023-10-01 16:00:00,0.01107,0.0111,0.01095,0.01101,201855991.0
2023-10-01 20:00:00,0.01102,0.01135,0.01097,0.01126,396642356.0
2023-10-02 00:00:00,0.01127,0.01139,0.01121,0.01133,300760594.0
2023-10-02 04:00:00,0.01133,0.01135,0.01113,0.01127,386840492.0
2023-10-02 08:00:00,0.01127,0.01129,0.01107,0.01109,259629775.0
2023-10-02 12:00:00,0.01109,0.0112,0.01085,0.01092,476728491.0
2023-10-02 16:00:00,0.01093,0.01099,0.01047,0.01079,591725784.0
2023-10-02 20:00:00,0.01079,0.0108,0.01053,0.01074,295828937.0
2023-10-03 00:00:00,0.01075,0.01091,0.0107,0.0108,228691301.0
2023-10-03 04:00:00,0.01079,0.01082,0.01066,0.01071,269335642.0
2023-10-03 08:00:00,0.01072,0.01081,0.01064,0.01072,265018121.0
2023-10-03 12:00:00,0.01072,0.01077,0.01061,0.01063,291595843.0
2023-10-03 16:00:00,0.01064,0.01071,0.01055,0.01058,177975211.0
2023-10-03 20:00:00,0.01058,0.01065,0.01052,0.01056,180670041.0
2023-10-04 00:00:00,0.01056,0.01056,0.0101,0.01043,536912546.0
2023-10-04 04:00:00,0.01042,0.0105,0.01036,0.01047,224760921.0
2023-10-04 08:00:00,0.01048,0.01062,0.01046,0.01058,207844507.0
2023-10-04 12:00:00,0.01059,0.01061,0.01041,0.01047,224757863.0
2023-10-04 16:00:00,0.01046,0.0106,0.01044,0.01054,180847776.0
2023-10-04 20:00:00,0.01054,0.01062,0.0105,0.01055,105690898.0
2023-10-05 00:00:00,0.01055,0.01064,0.01048,0.01053,207764132.0
2023-10-05 04:00:00,0.01053,0.01062,0.01049,0.01059,213432968.0
2023-10-05 08:00:00,0.0106,0.01064,0.01051,0.01051,164286359.0
2023-10-05 12:00:00,0.01051,0.01058,0.01034,0.01038,350053847.0
2023-10-05 16:00:00,0.01038,0.01047,0.01031,0.01036,196567916.0
2023-10-05 20:00:00,0.01036,0.01039,0.01029,0.01031,126578285.0
2023-10-06 00:00:00,0.0103,0.0105,0.01029,0.01042,269408853.0
2023-10-06 04:00:00,0.01042,0.01042,0.00984,0.0101,1828361213.0
2023-10-06 08:00:00,0.0101,0.01012,0.00974,0.00983,1447463932.0
2023-10-06 12:00:00,0.00982,0.01002,0.00972,0.00999,1147055073.0
2023-10-06 16:00:00,0.01,0.01004,0.00993,0.01002,589207142.0
2023-10-06 20:00:00,0.01001,0.0101,0.00995,0.00998,382657609.0
2023-10-07 00:00:00,0.00999,0.01002,0.00989,0.00998,457188752.0
2023-10-07 04:00:00,0.00998,0.01001,0.00993,0.00995,308395977.0
2023-10-07 08:00:00,0.00995,0.00999,0.00992,0.00995,293708504.0
2023-10-07 12:00:00,0.00995,0.00998,0.00991,0.00994,285141126.0
2023-10-07 16:00:00,0.00994,0.00995,0.00982,0.00984,374596937.0
2023-10-07 20:00:00,0.00985,0.01006,0.00983,0.01004,202642412.0
2023-10-08 00:00:00,0.01004,0.01024,0.01001,0.01004,664757791.0
2023-10-08 04:00:00,0.01004,0.01006,0.00991,0.01001,383898310.0
2023-10-08 08:00:00,0.01002,0.01006,0.00992,0.01,320043147.0
2023-10-08 12:00:00,0.01,0.01017,0.00998,0.01008,438203113.0
2023-10-08 16:00:00,0.01009,0.01016,0.01005,0.0101,249289259.0
2023-10-08 20:00:00,0.0101,0.01013,0.00996,0.01,207027578.0
2023-10-09 00:00:00,0.01001,0.01005,0.00993,0.00999,291219086.0
2023-10-09 04:00:00,0.00999,0.01005,0.0099,0.00993,227239190.0
2023-10-09 08:00:00,0.00994,0.00995,0.00903,0.00943,1283073994.0
2023-10-09 12:00:00,0.00943,0.00953,0.00941,0.00946,291147680.0
2023-10-09 16:00:00,0.00946,0.00957,0.0092,0.00952,521022706.0
2023-10-09 20:00:00,0.00952,0.00955,0.00943,0.0095,145518044.0
2023-10-10 00:00:00,0.0095,0.00953,0.0094,0.0095,219564713.0
2023-10-10 04:00:00,0.00951,0.00963,0.00945,0.00958,205759830.0
2023-10-10 08:00:00,0.00958,0.00963,0.00943,0.00945,243441020.0
2023-10-10 12:00:00,0.00946,0.00957,0.0093,0.00933,758954049.0
2023-10-10 16:00:00,0.00932,0.00937,0.00922,0.00929,415358975.0
2023-10-10 20:00:00,0.00928,0.00938,0.00911,0.00934,293983384.0
2023-10-11 00:00:00,0.00935,0.00937,0.00901,0.00911,430778141.0
2023-10-11 04:00:00,0.0091,0.00923,0.00909,0.00919,301712949.0
2023-10-11 08:00:00,0.00919,0.00933,0.00917,0.00928,351344535.0
2023-10-11 12:00:00,0.00929,0.00931,0.0091,0.00918,412333705.0
2023-10-11 16:00:00,0.00918,0.00942,0.00915,0.0094,424481586.0
2023-10-11 20:00:00,0.0094,0.00966,0.00939,0.00966,520317676.0
2023-10-12 00:00:00,0.00966,0.00967,0.00943,0.00952,416704576.0
2023-10-12 04:00:00,0.00953,0.00963,0.00948,0.00956,354876022.0
2023-10-12 08:00:00,0.00956,0.00967,0.00938,0.00962,608606037.0
2023-10-12 12:00:00,0.00963,0.00964,0.00953,0.00959,459272931.0
2023-10-12 16:00:00,0.00959,0.00969,0.00947,0.00966,480017596.0
2023-10-12 20:00:00,0.00967,0.0098,0.00964,0.00971,341652736.0
2023-10-13 00:00:00,0.00971,0.00981,0.00966,0.00979,265928277.0
2023-10-13 04:00:00,0.0098,0.00985,0.00973,0.00983,309215092.0
2023-10-13 08:00:00,0.00982,0.00994,0.00977,0.00989,367546031.0
2023-10-13 12:00:00,0.0099,0.00999,0.00979,0.00985,385457352.0
2023-10-13 16:00:00,0.00986,0.00994,0.00981,0.00984,300107327.0
2023-10-13 20:00:00,0.00984,0.01005,0.00983,0.00993,386399979.0
2023-10-14 00:00:00,0.00992,0.01007,0.0099,0.01003,227305586.0
2023-10-14 04:00:00,0.01003,0.01009,0.00979,0.00982,237498174.0
2023-10-14 08:00:00,0.00982,0.00991,0.00973,0.00988,231576970.0
2023-10-14 12:00:00,0.00988,0.0101,0.00986,0.01,434091393.0
2023-10-14 16:00:00,0.01001,0.01007,0.00998,0.01005,184335057.0
2023-10-14 20:00:00,0.01005,0.01005,0.00993,0.00996,182281815.0
2023-10-15 00:00:00,0.00996,0.01005,0.00989,0.01001,236391871.0
2023-10-15 04:00:00,0.01001,0.01004,0.00995,0.00998,157786704.0
2023-10-15 08:00:00,0.00997,0.00998,0.00983,0.00985,171128127.0
2023-10-15 12:00:00,0.00984,0.00986,0.00964,0.00971,424626335.0
2023-10-15 16:00:00,0.0097,0.00976,0.0097,0.00975,196856582.0
2023-10-15 20:00:00,0.00974,0.00988,0.00972,0.00978,319658845.0
2023-10-16 00:00:00,0.00979,0.00989,0.00977,0.00988,225018093.0
2023-10-16 04:00:00,0.00988,0.01004,0.00983,0.00992,390027002.0
2023-10-16 08:00:00,0.00993,0.01003,0.00989,0.00999,193265340.0
2023-10-16 12:00:00,0.00999,0.01034,0.00981,0.00985,863305845.0
2023-10-16 16:00:00,0.00985,0.00996,0.00984,0.00988,231695428.0
2023-10-16 20:00:00,0.00988,0.00994,0.00982,0.00983,136775343.0
2023-10-17 00:00:00,0.00982,0.00986,0.00969,0.00973,252055121.0
2023-10-17 04:00:00,0.00972,0.00987,0.0097,0.00978,208828722.0
2023-10-17 08:00:00,0.00978,0.0098,0.00969,0.00971,217854955.0
2023-10-17 12:00:00,0.00971,0.00972,0.00931,0.00948,483406496.0
2023-10-17 16:00:00,0.00947,0.0095,0.00938,0.00946,210459064.0
2023-10-17 20:00:00,0.00947,0.00949,0.0094,0.00941,143969607.0
2023-10-18 00:00:00,0.00942,0.00942,0.00923,0.00938,239403131.0
2023-10-18 04:00:00,0.00939,0.00952,0.00922,0.0093,425655289.0
2023-10-18 08:00:00,0.0093,0.00934,0.00914,0.00916,347604575.0
2023-10-18 12:00:00,0.00917,0.00918,0.00905,0.0091,288922906.0
2023-10-18 16:00:00,0.0091,0.00914,0.00902,0.00908,215460710.0
2023-10-18 20:00:00,0.00909,0.00909,0.00891,0.00893,263590487.0
2023-10-19 00:00:00,0.00893,0.00897,0.00849,0.00866,1055705211.0
2023-10-19 04:00:00,0.00866,0.00867,0.00846,0.00851,494787169.0
2023-10-19 08:00:00,0.00851,0.00852,0.00822,0.00835,976658507.0
2023-10-19 12:00:00,0.00836,0.00845,0.00829,0.00835,674149316.0
2023-10-19 16:00:00,0.00835,0.00844,0.00824,0.00841,708872317.0
2023-10-19 20:00:00,0.00842,0.00845,0.00832,0.00834,511288004.0
2023-10-20 00:00:00,0.00834,0.0084,0.00824,0.00831,679264531.0
2023-10-20 04:00:00,0.00832,0.00837,0.00811,0.00819,849034782.0
2023-10-20 08:00:00,0.00818,0.00842,0.00816,0.00828,1151674682.0
2023-10-20 12:00:00,0.00827,0.0083,0.00818,0.00824,815047296.0
2023-10-20 16:00:00,0.00824,0.00834,0.00819,0.00832,500962614.0
2023-10-20 20:00:00,0.00831,0.00841,0.00829,0.00832,441132892.0
2023-10-21 00:00:00,0.00832,0.00835,0.0082,0.00827,494682533.0
2023-10-21 04:00:00,0.00827,0.0085,0.00822,0.00848,527001680.0
2023-10-21 08:00:00,0.00848,0.00877,0.00844,0.0087,1036114953.0
2023-10-21 12:00:00,0.0087,0.00878,0.00862,0.00872,1111279325.0
2023-10-21 16:00:00,0.00871,0.00885,0.00862,0.00865,984128834.0
2023-10-21 20:00:00,0.00865,0.00876,0.00857,0.00875,457331936.0
2023-10-22 00:00:00,0.00875,0.00897,0.00868,0.00897,714027140.0
2023-10-22 04:00:00,0.00897,0.00908,0.00849,0.00879,1258881716.0
2023-10-22 08:00:00,0.00878,0.00883,0.00868,0.00873,827530720.0
2023-10-22 12:00:00,0.00872,0.00875,0.0086,0.00871,704263523.0
2023-10-22 16:00:00,0.00871,0.00878,0.00867,0.0087,387041753.0
2023-10-22 20:00:00,0.00871,0.00885,0.00866,0.00879,515967555.0
2023-10-23 00:00:00,0.00879,0.00893,0.00867,0.00888,956753880.0
2023-10-23 04:00:00,0.00888,0.00912,0.00874,0.00884,1205651611.0
2023-10-23 08:00:00,0.00883,0.00899,0.00878,0.00889,748320398.0
2023-10-23 12:00:00,0.00889,0.00893,0.00868,0.00871,843876683.0
2023-10-23 16:00:00,0.00872,0.00891,0.00867,0.00889,994984688.0
2023-10-23 20:00:00,0.00889,0.00923,0.00878,0.00915,1661712609.0
2023-10-24 00:00:00,0.00914,0.00949,0.0091,0.00921,1622266839.0
2023-10-24 04:00:00,0.00921,0.00943,0.00904,0.00916,947167060.0
2023-10-24 08:00:00,0.00916,0.0097,0.00912,0.00966,892655605.0
2023-10-24 12:00:00,0.00966,0.01009,0.00924,0.00974,4130171369.0
2023-10-24 16:00:00,0.00975,0.01098,0.00946,0.00997,6785874898.0
2023-10-24 20:00:00,0.00996,0.01008,0.0097,0.00986,1661196073.0
2023-10-25 00:00:00,0.00985,0.01009,0.00972,0.0099,1566293253.0
2023-10-25 04:00:00,0.0099,0.0103,0.00971,0.00987,2340589717.0
2023-10-25 08:00:00,0.00987,0.01017,0.00955,0.01003,1757016272.0
2023-10-25 12:00:00,0.01003,0.01055,0.01001,0.01037,2007976180.0
2023-10-25 16:00:00,0.01037,0.01044,0.01002,0.01026,1465245878.0
2023-10-25 20:00:00,0.01025,0.01049,0.01011,0.01044,819993853.0
2023-10-26 00:00:00,0.01044,0.01059,0.01026,0.01034,1205571471.0
2023-10-26 04:00:00,0.01034,0.01081,0.01022,0.01067,1551900649.0
2023-10-26 08:00:00,0.01068,0.0107,0.01003,0.01017,1650681383.0
2023-10-26 12:00:00,0.01017,0.01027,0.0096,0.00984,2152283737.0
2023-10-26 16:00:00,0.00985,0.01001,0.00975,0.00997,719102630.0
2023-10-26 20:00:00,0.00996,0.01017,0.00994,0.01014,372363750.0
2023-10-27 00:00:00,0.01014,0.01018,0.00982,0.01005,546925649.0
2023-10-27 04:00:00,0.01005,0.0103,0.00996,0.01014,480482669.0
2023-10-27 08:00:00,0.01014,0.01047,0.01013,0.01044,1275638570.0
2023-10-27 12:00:00,0.01044,0.01076,0.01035,0.01054,1363897041.0
2023-10-27 16:00:00,0.01054,0.01054,0.01,0.01032,958504714.0
2023-10-27 20:00:00,0.01032,0.01038,0.01021,0.01031,247664587.0
2023-10-28 00:00:00,0.01032,0.01065,0.01029,0.01063,408158922.0
2023-10-28 04:00:00,0.01062,0.01074,0.01047,0.01055,391405817.0
2023-10-28 08:00:00,0.01056,0.01063,0.01046,0.01048,418410828.0
2023-10-28 12:00:00,0.01049,0.01056,0.01031,0.01046,441111627.0
2023-10-28 16:00:00,0.01047,0.01047,0.01035,0.01036,227832892.0
2023-10-28 20:00:00,0.01037,0.01055,0.01036,0.01046,197066404.0
2023-10-29 00:00:00,0.01047,0.01054,0.01022,0.01033,477709074.0
2023-10-29 04:00:00,0.01034,0.01079,0.01031,0.01071,499798264.0
2023-10-29 08:00:00,0.01072,0.01075,0.01055,0.01069,330863767.0
2023-10-29 12:00:00,0.01069,0.0109,0.01064,0.01075,594426094.0
2023-10-29 16:00:00,0.01075,0.01084,0.01061,0.01066,422983300.0
2023-10-29 20:00:00,0.01066,0.01073,0.01055,0.01062,295491385.0
2023-10-30 00:00:00,0.01062,0.01085,0.01058,0.01066,464159368.0
2023-10-30 04:00:00,0.01067,0.01075,0.01046,0.01052,475152561.0
2023-10-30 08:00:00,0.01053,0.01108,0.01048,0.01094,1238193547.0
2023-10-30 12:00:00,0.01094,0.0112,0.01073,0.01082,1189999581.0
2023-10-30 16:00:00,0.01082,0.01158,0.01079,0.01143,2004218092.0
2023-10-30 20:00:00,0.01143,0.01144,0.01119,0.01127,526070856.0
2023-10-31 00:00:00,0.01127,0.01166,0.0109,0.01105,1200976349.0
2023-10-31 04:00:00,0.01105,0.01121,0.01082,0.01086,803650634.0
2023-10-31 08:00:00,0.01086,0.01125,0.01067,0.01095,1011686732.0
2023-10-31 12:00:00,0.01095,0.01096,0.00985,0.01007,2269802234.0
2023-10-31 16:00:00,0.01008,0.0103,0.00996,0.01027,827231548.0
2023-10-31 20:00:00,0.01027,0.01033,0.01012,0.0103,412291980.0
2023-11-01 00:00:00,0.01031,0.01034,0.01003,0.01008,595097776.0
2023-11-01 04:00:00,0.01008,0.01015,0.00981,0.01004,739436956.0
2023-11-01 08:00:00,0.01003,0.01006,0.00974,0.00984,668305456.0
2023-11-01 12:00:00,0.00985,0.01003,0.00964,0.00981,1119194788.0
2023-11-01 16:00:00,0.00981,0.01025,0.00981,0.01012,937971154.0
2023-11-01 20:00:00,0.01011,0.01032,0.01011,0.01026,787238397.0
2023-11-02 00:00:00,0.01026,0.0106,0.01018,0.01058,888340667.0
2023-11-02 04:00:00,0.01057,0.01066,0.01022,0.01033,907156940.0
2023-11-02 08:00:00,0.01033,0.01039,0.01018,0.01032,501749335.0
2023-11-02 12:00:00,0.01032,0.01038,0.00976,0.00986,1166911370.0
2023-11-02 16:00:00,0.00986,0.00998,0.0097,0.00997,778124523.0
2023-11-02 20:00:00,0.00996,0.00999,0.00968,0.00973,384262193.0
2023-11-03 00:00:00,0.00974,0.00974,0.0093,0.00968,740923315.0
2023-11-03 04:00:00,0.00968,0.0098,0.00951,0.00973,344881913.0
2023-11-03 08:00:00,0.00972,0.0098,0.00953,0.00967,398723129.0
2023-11-03 12:00:00,0.00966,0.00994,0.00962,0.0099,373718656.0
2023-11-03 16:00:00,0.00989,0.00991,0.00968,0.00982,259372547.0
2023-11-03 20:00:00,0.00982,0.00999,0.0098,0.00994,195900148.0
2023-11-04 00:00:00,0.00994,0.01008,0.0099,0.01002,280512403.0
2023-11-04 04:00:00,0.01001,0.01021,0.00991,0.01013,272596016.0
2023-11-04 08:00:00,0.01013,0.01023,0.01005,0.01008,250013921.0
2023-11-04 12:00:00,0.01008,0.01029,0.00987,0.01006,610144326.0
2023-11-04 16:00:00,0.01006,0.0101,0.01,0.01003,209170493.0
2023-11-04 20:00:00,0.01002,0.01022,0.01,0.01016,191572928.0
2023-11-05 00:00:00,0.01016,0.01041,0.01009,0.01036,455899690.0
2023-11-05 04:00:00,0.01037,0.01037,0.01012,0.01025,344720594.0
2023-11-05 08:00:00,0.01025,0.01029,0.01012,0.01027,225918175.0
2023-11-05 12:00:00,0.01026,0.0103,0.00976,0.0099,750076137.0
2023-11-05 16:00:00,0.0099,0.0101,0.00989,0.01002,373631031.0
2023-11-05 20:00:00,0.01003,0.0101,0.0098,0.00996,327775196.0
2023-11-06 00:00:00,0.00997,0.01034,0.0099,0.01027,523646111.0
2023-11-06 04:00:00,0.01027,0.01032,0.0099,0.01003,584962652.0
2023-11-06 08:00:00,0.01003,0.01079,0.00993,0.01042,1146044128.0
2023-11-06 12:00:00,0.01043,0.0105,0.01025,0.01038,713537417.0
2023-11-06 16:00:00,0.01038,0.01054,0.01032,0.0105,472316616.0
2023-11-06 20:00:00,0.0105,0.01058,0.0104,0.01053,290679888.0
2023-11-07 00:00:00,0.01054,0.01054,0.01015,0.01032,555723713.0
2023-11-07 04:00:00,0.01032,0.01063,0.0102,0.01056,547090828.0
2023-11-07 08:00:00,0.01055,0.01081,0.01033,0.01043,1019143044.0
2023-11-07 12:00:00,0.01042,0.01043,0.00984,0.00999,948399536.0
2023-11-07 16:00:00,0.01,0.01037,0.00977,0.01036,818262756.0
2023-11-07 20:00:00,0.01036,0.01048,0.0103,0.01043,443119717.0
2023-11-08 00:00:00,0.01043,0.01047,0.01027,0.01035,288744094.0
2023-11-08 04:00:00,0.01034,0.01053,0.01027,0.01048,369098830.0
2023-11-08 08:00:00,0.01048,0.01062,0.01039,0.01054,421254656.0
2023-11-08 12:00:00,0.01055,0.01069,0.01041,0.01062,593623285.0
2023-11-08 16:00:00,0.01063,0.01081,0.0106,0.01075,532925895.0
2023-11-08 20:00:00,0.01075,0.01079,0.01062,0.01071,330993926.0
2023-11-09 00:00:00,0.0107,0.01087,0.01069,0.01085,557394968.0
2023-11-09 04:00:00,0.01086,0.01095,0.01071,0.01078,460093519.0
2023-11-09 08:00:00,0.01077,0.01087,0.01057,0.01065,541892665.0
2023-11-09 12:00:00,0.01065,0.01116,0.0106,0.01083,1414521420.0
2023-11-09 16:00:00,0.01084,0.01093,0.00909,0.00971,2651210112.0
2023-11-09 20:00:00,0.00971,0.01007,0.00947,0.01005,745453980.0
2023-11-10 00:00:00,0.01005,0.01025,0.00993,0.01005,611184321.0
2023-11-10 04:00:00,0.01005,0.01025,0.01,0.0101,499525699.0
2023-11-10 08:00:00,0.0101,0.01022,0.0098,0.01021,713874575.0
2023-11-10 12:00:00,0.01021,0.01022,0.00957,0.00986,1105407956.0
2023-11-10 16:00:00,0.00987,0.01022,0.00986,0.01019,604224218.0
2023-11-10 20:00:00,0.01018,0.01072,0.01011,0.0107,692731633.0
2023-11-11 00:00:00,0.0107,0.01102,0.0105,0.01054,1812640516.0
2023-11-11 04:00:00,0.01055,0.01061,0.01028,0.01048,870143055.0
2023-11-11 08:00:00,0.01048,0.01108,0.01042,0.01096,1135262939.0
2023-11-11 12:00:00,0.01096,0.01222,0.01076,0.01115,4271272100.0
2023-11-11 16:00:00,0.01114,0.01134,0.01102,0.01133,901229908.0
2023-11-11 20:00:00,0.01133,0.01133,0.01081,0.01113,720323522.0
2023-11-12 00:00:00,0.01114,0.01116,0.01055,0.01089,781666115.0
2023-11-12 04:00:00,0.01089,0.01117,0.01073,0.01109,393697068.0
2023-11-12 08:00:00,0.0111,0.01131,0.01093,0.01118,685529104.0
2023-11-12 12:00:00,0.01119,0.01126,0.01079,0.01111,791995730.0
2023-11-12 16:00:00,0.01112,0.01133,0.01096,0.01126,497851186.0
2023-11-12 20:00:00,0.01127,0.01183,0.01122,0.01168,969582415.0
2023-11-13 00:00:00,0.01168,0.01216,0.01128,0.01134,1540104955.0
2023-11-13 04:00:00,0.01135,0.01148,0.01103,0.01138,993018274.0
2023-11-13 08:00:00,0.01138,0.01204,0.01137,0.01172,1577256893.0
2023-11-13 12:00:00,0.01173,0.0126,0.01149,0.01191,3808134423.0
2023-11-13 16:00:00,0.0119,0.01236,0.01175,0.01194,1394632334.0
2023-11-13 20:00:00,0.01193,0.01207,0.01132,0.01159,1301245854.0
2023-11-14 00:00:00,0.01159,0.01201,0.01123,0.01186,1014242658.0
2023-11-14 04:00:00,0.01186,0.01219,0.01177,0.0121,683624450.0
2023-11-14 08:00:00,0.0121,0.01236,0.01135,0.01149,1350647798.0
2023-11-14 12:00:00,0.0115,0.01217,0.01149,0.0119,1306367450.0
2023-11-14 16:00:00,0.0119,0.01209,0.01049,0.01132,1810461495.0
2023-11-14 20:00:00,0.01131,0.01162,0.01129,0.01156,496120766.0
2023-11-15 00:00:00,0.01156,0.01192,0.01154,0.0118,530438156.0
2023-11-15 04:00:00,0.01181,0.01236,0.0118,0.01224,768043154.0
2023-11-15 08:00:00,0.01223,0.01236,0.01182,0.01197,1241464098.0
2023-11-15 12:00:00,0.01196,0.01268,0.01175,0.01239,1570180150.0
2023-11-15 16:00:00,0.01238,0.01278,0.0115,0.01227,2214812881.0
2023-11-15 20:00:00,0.01226,0.01231,0.01208,0.01217,320351794.0
2023-11-16 00:00:00,0.01218,0.01242,0.01212,0.01216,424430629.0
2023-11-16 04:00:00,0.01216,0.01218,0.0118,0.01188,718653461.0
2023-11-16 08:00:00,0.01187,0.01191,0.01147,0.01158,1186036567.0
2023-11-16 12:00:00,0.01157,0.01158,0.01094,0.01118,1504455996.0
2023-11-16 16:00:00,0.01118,0.01133,0.01072,0.01114,1007393880.0
2023-11-16 20:00:00,0.01113,0.01119,0.0108,0.01098,764050914.0
2023-11-17 00:00:00,0.01097,0.0113,0.01092,0.01114,472564951.0
2023-11-17 04:00:00,0.01114,0.01119,0.01083,0.01087,426179357.0
2023-11-17 08:00:00,0.01086,0.01107,0.01058,0.01067,785751958.0
2023-11-17 12:00:00,0.01067,0.01076,0.01016,0.01023,1199956356.0
2023-11-17 16:00:00,0.01023,0.01058,0.01016,0.01047,704685037.0
2023-11-17 20:00:00,0.01048,0.0106,0.01039,0.01054,319669397.0
2023-11-18 00:00:00,0.01054,0.01055,0.01024,0.01025,340645692.0
2023-11-18 04:00:00,0.01025,0.0104,0.00983,0.01019,694212589.0
2023-11-18 08:00:00,0.01019,0.01048,0.01014,0.01032,435439306.0
2023-11-18 12:00:00,0.01033,0.01044,0.0101,0.01043,635681170.0
2023-11-18 16:00:00,0.01043,0.01054,0.0103,0.01042,461426932.0
2023-11-18 20:00:00,0.01042,0.01046,0.01029,0.01036,250969589.0
2023-11-19 00:00:00,0.01036,0.01038,0.0101,0.01038,367137621.0
2023-11-19 04:00:00,0.01039,0.01051,0.01032,0.01046,218209919.0
2023-11-19 08:00:00,0.01046,0.01054,0.01025,0.01036,289952489.0
2023-11-19 12:00:00,0.01036,0.01044,0.01031,0.01041,243489736.0
2023-11-19 16:00:00,0.01042,0.01067,0.01035,0.01066,307685137.0
2023-11-19 20:00:00,0.01067,0.01071,0.01051,0.01066,346903608.0
2023-11-20 00:00:00,0.01066,0.01074,0.01057,0.01058,285504052.0
2023-11-20 04:00:00,0.01059,0.01077,0.01053,0.01076,268457018.0
2023-11-20 08:00:00,0.01076,0.01091,0.01066,0.01075,489863944.0
2023-11-20 12:00:00,0.01075,0.01075,0.01045,0.01068,608929552.0
2023-11-20 16:00:00,0.01068,0.01079,0.01048,0.01055,688783368.0
2023-11-20 20:00:00,0.01056,0.01148,0.01023,0.01081,2159816838.0
2023-11-21 00:00:00,0.01082,0.01089,0.01018,0.01031,1222127671.0
2023-11-21 04:00:00,0.01031,0.01044,0.01022,0.01037,468209229.0
2023-11-21 08:00:00,0.01037,0.01043,0.01026,0.01028,287856280.0
2023-11-21 12:00:00,0.01028,0.01036,0.00993,0.01025,846849461.0
2023-11-21 16:00:00,0.01025,0.01034,0.00959,0.00988,1459976701.0
2023-11-21 20:00:00,0.00989,0.01011,0.00943,0.00962,900919772.0
2023-11-22 00:00:00,0.00962,0.01001,0.00956,0.00997,347100021.0
2023-11-22 04:00:00,0.00997,0.01006,0.00988,0.00995,283310963.0
2023-11-22 08:00:00,0.00995,0.01011,0.00994,0.01003,265872719.0
2023-11-22 12:00:00,0.01002,0.01022,0.01002,0.01015,340749377.0
2023-11-22 16:00:00,0.01015,0.01039,0.01007,0.01035,379060840.0
2023-11-22 20:00:00,0.01034,0.01047,0.01031,0.01038,290950195.0
2023-11-23 00:00:00,0.01037,0.01051,0.01036,0.01047,225883527.0
2023-11-23 04:00:00,0.01047,0.01061,0.01043,0.01053,233105705.0
2023-11-23 08:00:00,0.01052,0.01057,0.01035,0.01041,313744565.0
2023-11-23 12:00:00,0.01041,0.01053,0.01024,0.01028,380557320.0
2023-11-23 16:00:00,0.01028,0.01049,0.01027,0.01038,230853686.0
2023-11-23 20:00:00,0.01038,0.01056,0.01038,0.01054,191276519.0
2023-11-24 00:00:00,0.01053,0.01066,0.01047,0.01061,294867872.0
2023-11-24 04:00:00,0.0106,0.01072,0.01055,0.0107,322578583.0
2023-11-24 08:00:00,0.0107,0.01082,0.0106,0.01065,452943873.0
2023-11-24 12:00:00,0.01066,0.01086,0.01063,0.01081,385738988.0
2023-11-24 16:00:00,0.01081,0.01086,0.01066,0.01071,415129846.0
2023-11-24 20:00:00,0.01072,0.01081,0.0106,0.01071,242717717.0
2023-11-25 00:00:00,0.01071,0.01095,0.0106,0.01091,233689067.0
2023-11-25 04:00:00,0.01092,0.01101,0.01083,0.01099,212241966.0
2023-11-25 08:00:00,0.01099,0.0111,0.01077,0.01087,420503818.0
2023-11-25 12:00:00,0.01087,0.01093,0.01078,0.0109,323350640.0
2023-11-25 16:00:00,0.01089,0.01104,0.01088,0.01097,261188514.0
2023-11-25 20:00:00,0.01097,0.01101,0.01085,0.01096,217736764.0
2023-11-26 00:00:00,0.01096,0.011,0.01082,0.01086,197776018.0
2023-11-26 04:00:00,0.01086,0.01095,0.01082,0.01087,131537068.0
2023-11-26 08:00:00,0.01086,0.01088,0.01075,0.01079,187734819.0
2023-11-26 12:00:00,0.01079,0.0108,0.01049,0.01053,476940625.0
2023-11-26 16:00:00,0.01053,0.01059,0.01025,0.01059,589731608.0
2023-11-26 20:00:00,0.01059,0.01068,0.01051,0.0106,263724684.0
2023-11-27 00:00:00,0.0106,0.01069,0.01039,0.01051,324646528.0
2023-11-27 04:00:00,0.01052,0.01075,0.01037,0.01054,775414342.0
2023-11-27 08:00:00,0.01053,0.01058,0.01024,0.01036,541624883.0
2023-11-27 12:00:00,0.01036,0.01061,0.01031,0.01042,419280605.0
2023-11-27 16:00:00,0.01042,0.01075,0.0104,0.01053,704150044.0
2023-11-27 20:00:00,0.01053,0.01074,0.0104,0.01071,341026328.0
2023-11-28 00:00:00,0.0107,0.01084,0.01063,0.01067,473321367.0
2023-11-28 04:00:00,0.01067,0.01069,0.01024,0.01035,520073570.0
2023-11-28 08:00:00,0.01036,0.01038,0.0102,0.01038,388110373.0
2023-11-28 12:00:00,0.01038,0.01043,0.0103,0.01042,386698520.0
2023-11-28 16:00:00,0.01043,0.01059,0.01037,0.01053,472241014.0
2023-11-28 20:00:00,0.01052,0.0106,0.01048,0.01057,246155635.0
2023-11-29 00:00:00,0.01057,0.01065,0.0105,0.01061,269349275.0
2023-11-29 04:00:00,0.01062,0.01103,0.01061,0.01075,638800635.0
2023-11-29 08:00:00,0.01076,0.0108,0.01046,0.01053,599986113.0
2023-11-29 12:00:00,0.01053,0.0106,0.01026,0.01039,621087119.0
2023-11-29 16:00:00,0.01039,0.01043,0.01027,0.01043,265228828.0
2023-11-29 20:00:00,0.01043,0.01043,0.01031,0.01033,176809364.0
2023-11-30 00:00:00,0.01034,0.01044,0.01025,0.01042,370520200.0
2023-11-30 04:00:00,0.01043,0.01054,0.01033,0.01048,234791419.0
2023-11-30 08:00:00,0.01048,0.01052,0.01035,0.0105,247660053.0
2023-11-30 12:00:00,0.0105,0.01053,0.01039,0.01048,341981978.0
2023-11-30 16:00:00,0.01048,0.01058,0.01046,0.0105,294483338.0
2023-11-30 20:00:00,0.0105,0.01058,0.01044,0.01052,305083894.0
2023-12-01 00:00:00,0.01052,0.01069,0.01046,0.01063,418204597.0
2023-12-01 04:00:00,0.01063,0.01076,0.0106,0.01066,355275777.0
2023-12-01 08:00:00,0.01067,0.01072,0.01055,0.01064,392034410.0
2023-12-01 12:00:00,0.01064,0.01067,0.0103,0.01042,726439193.0
2023-12-01 16:00:00,0.01043,0.0105,0.01038,0.01048,314782114.0
2023-12-01 20:00:00,0.01048,0.01051,0.01042,0.01046,115645304.0
2023-12-02 00:00:00,0.01046,0.01054,0.01043,0.01045,256301495.0
2023-12-02 04:00:00,0.01044,0.01047,0.01044,0.01047,170033385.0
2023-12-02 08:00:00,0.01046,0.0106,0.01045,0.01052,273745763.0
2023-12-02 12:00:00,0.01052,0.01061,0.01039,0.01052,429233536.0
2023-12-02 16:00:00,0.01052,0.01078,0.01047,0.01066,749119707.0
2023-12-02 20:00:00,0.01067,0.01076,0.01062,0.01066,229840280.0
2023-12-03 00:00:00,0.01067,0.01089,0.01066,0.01085,477736577.0
2023-12-03 04:00:00,0.01084,0.01085,0.01057,0.01062,362101451.0
2023-12-03 08:00:00,0.01063,0.01066,0.01051,0.01058,273103107.0
2023-12-03 12:00:00,0.01059,0.0106,0.01032,0.01042,540150377.0
2023-12-03 16:00:00,0.01041,0.01047,0.01036,0.01039,222087235.0
2023-12-03 20:00:00,0.01038,0.01059,0.01037,0.01045,337460359.0
2023-12-04 00:00:00,0.01045,0.01064,0.01039,0.01059,555906790.0
2023-12-04 04:00:00,0.01058,0.01094,0.01058,0.01073,793935209.0
2023-12-04 08:00:00,0.01073,0.01087,0.00993,0.01038,1556801594.0
2023-12-04 12:00:00,0.01038,0.01051,0.01017,0.01026,1106888224.0
2023-12-04 16:00:00,0.01027,0.01042,0.01024,0.01041,346938952.0
2023-12-04 20:00:00,0.01041,0.01054,0.01032,0.01053,294934938.0
2023-12-05 00:00:00,0.01054,0.01082,0.01044,0.01076,979937577.0
2023-12-05 04:00:00,0.01076,0.01093,0.01054,0.01069,833558512.0
2023-12-05 08:00:00,0.01068,0.01072,0.01047,0.0106,576544974.0
2023-12-05 12:00:00,0.0106,0.01081,0.01054,0.01078,815625645.0
2023-12-05 16:00:00,0.01077,0.01129,0.01073,0.01121,1455111613.0
2023-12-05 20:00:00,0.01122,0.01122,0.01097,0.01118,699867632.0
2023-12-06 00:00:00,0.01118,0.01125,0.01086,0.01098,730755938.0
2023-12-06 04:00:00,0.01098,0.01112,0.0107,0.01102,923972534.0
2023-12-06 08:00:00,0.01101,0.01137,0.01077,0.01097,1407724370.0
2023-12-06 12:00:00,0.01097,0.01114,0.01082,0.01108,681297842.0
2023-12-06 16:00:00,0.01108,0.01128,0.01106,0.01126,514316295.0
2023-12-06 20:00:00,0.01127,0.01129,0.01098,0.01104,526011061.0
2023-12-07 00:00:00,0.01104,0.0112,0.01093,0.01098,444840883.0
2023-12-07 04:00:00,0.01098,0.01119,0.01095,0.01112,399166182.0
2023-12-07 08:00:00,0.01112,0.01118,0.01055,0.01072,1141649526.0
2023-12-07 12:00:00,0.01072,0.01108,0.01067,0.01099,702415526.0
2023-12-07 16:00:00,0.011,0.01135,0.01092,0.01103,920951730.0
2023-12-07 20:00:00,0.01103,0.01114,0.01095,0.01109,354514519.0
2023-12-08 00:00:00,0.0111,0.01127,0.01103,0.01124,350021111.0
2023-12-08 04:00:00,0.01123,0.01178,0.01121,0.01126,1959101551.0
2023-12-08 08:00:00,0.01125,0.01146,0.01117,0.01144,436680756.0
2023-12-08 12:00:00,0.01145,0.01158,0.01127,0.01157,693755102.0
2023-12-08 16:00:00,0.01157,0.01164,0.01139,0.01149,670089725.0
2023-12-08 20:00:00,0.01149,0.01172,0.01145,0.01164,423747644.0
2023-12-09 00:00:00,0.01164,0.01184,0.01151,0.0118,445685943.0
2023-12-09 04:00:00,0.0118,0.0119,0.01176,0.01186,335584443.0
2023-12-09 08:00:00,0.01186,0.01232,0.01152,0.01193,1708814444.0
2023-12-09 12:00:00,0.01193,0.01209,0.01167,0.01192,1119775562.0
2023-12-09 16:00:00,0.01191,0.01201,0.01163,0.01193,752663708.0
2023-12-09 20:00:00,0.01192,0.01197,0.01151,0.01164,495033584.0
2023-12-10 00:00:00,0.01164,0.01182,0.01161,0.01179,328882908.0
2023-12-10 04:00:00,0.01178,0.01188,0.01147,0.01157,357806932.0
2023-12-10 08:00:00,0.01156,0.01161,0.0111,0.01121,873912064.0
2023-12-10 12:00:00,0.0112,0.01137,0.01118,0.01134,425799055.0
2023-12-10 16:00:00,0.01133,0.01139,0.01116,0.01133,308445828.0
2023-12-10 20:00:00,0.01132,0.01148,0.0113,0.01143,296334787.0
2023-12-11 00:00:00,0.01142,0.01157,0.00955,0.01047,1850200675.0
2023-12-11 04:00:00,0.01047,0.01053,0.01021,0.01029,943971881.0
2023-12-11 08:00:00,0.01029,0.01049,0.01021,0.01048,586136095.0
2023-12-11 12:00:00,0.01047,0.01053,0.01016,0.01035,833024444.0
2023-12-11 16:00:00,0.01035,0.0104,0.00987,0.01014,1020199294.0
2023-12-11 20:00:00,0.01014,0.01033,0.01008,0.0103,245281516.0
2023-12-12 00:00:00,0.0103,0.01053,0.01027,0.01043,340866816.0
2023-12-12 04:00:00,0.01042,0.01055,0.01029,0.01052,394321170.0
2023-12-12 08:00:00,0.01052,0.01057,0.01038,0.01039,496789256.0
2023-12-12 12:00:00,0.01039,0.01071,0.01024,0.01037,1253460190.0
2023-12-12 16:00:00,0.01037,0.01044,0.01018,0.01038,458667497.0
2023-12-12 20:00:00,0.01038,0.01051,0.01024,0.01047,290010969.0
2023-12-13 00:00:00,0.01048,0.01053,0.00999,0.01015,775359652.0
2023-12-13 04:00:00,0.01014,0.01023,0.00988,0.01009,777768166.0
2023-12-13 08:00:00,0.01009,0.01024,0.01002,0.01005,405981900.0
2023-12-13 12:00:00,0.01004,0.0104,0.01004,0.01034,434540842.0
2023-12-13 16:00:00,0.01034,0.01053,0.01022,0.01051,472418711.0
2023-12-13 20:00:00,0.01051,0.0106,0.01043,0.01053,332885346.0
2023-12-14 00:00:00,0.01053,0.01061,0.01046,0.01052,295894515.0
2023-12-14 04:00:00,0.01052,0.01066,0.01046,0.01052,534722118.0
2023-12-14 08:00:00,0.01052,0.01066,0.01041,0.01064,296382264.0
2023-12-14 12:00:00,0.01063,0.01064,0.01003,0.01038,875896123.0
2023-12-14 16:00:00,0.01038,0.01049,0.01034,0.01039,317537348.0
2023-12-14 20:00:00,0.01038,0.01059,0.01032,0.01056,209091299.0
2023-12-15 00:00:00,0.01057,0.01058,0.01044,0.0105,187218478.0
2023-12-15 04:00:00,0.0105,0.01053,0.01031,0.01035,310612683.0
2023-12-15 08:00:00,0.01035,0.01048,0.0103,0.01043,263194564.0
2023-12-15 12:00:00,0.01043,0.01045,0.01015,0.01025,499769676.0
2023-12-15 16:00:00,0.01025,0.01045,0.01023,0.01036,230404262.0
2023-12-15 20:00:00,0.01036,0.01048,0.01007,0.01014,346398228.0
2023-12-16 00:00:00,0.01015,0.01039,0.01,0.01036,430427859.0
2023-12-16 04:00:00,0.01035,0.01039,0.01031,0.01037,133713188.0
2023-12-16 08:00:00,0.01037,0.0105,0.01035,0.0105,159875013.0
2023-12-16 12:00:00,0.01049,0.01054,0.01041,0.01052,236589643.0
2023-12-16 16:00:00,0.01052,0.01058,0.01036,0.01043,399112682.0
2023-12-16 20:00:00,0.01043,0.01052,0.01034,0.01046,265354431.0
2023-12-17 00:00:00,0.01045,0.0106,0.01039,0.01044,421249561.0
2023-12-17 04:00:00,0.01044,0.01051,0.0102,0.01022,432144893.0
2023-12-17 08:00:00,0.01021,0.01057,0.01019,0.01055,411811858.0
2023-12-17 12:00:00,0.01055,0.01065,0.01017,0.01037,753113770.0
2023-12-17 16:00:00,0.01037,0.01047,0.01025,0.01036,321589951.0
2023-12-17 20:00:00,0.01035,0.01037,0.01012,0.01018,348479882.0
2023-12-18 00:00:00,0.01018,0.01027,0.00983,0.01,651943763.0
2023-12-18 04:00:00,0.00999,0.01002,0.00981,0.00985,402268931.0
2023-12-18 08:00:00,0.00984,0.0099,0.00931,0.00964,1533369526.0
2023-12-18 12:00:00,0.00964,0.0099,0.00954,0.00983,431769825.0
2023-12-18 16:00:00,0.00984,0.00994,0.00974,0.0099,212366901.0
2023-12-18 20:00:00,0.0099,0.01006,0.00979,0.01001,381958226.0
2023-12-19 00:00:00,0.01,0.01014,0.00995,0.01008,274303230.0
2023-12-19 04:00:00,0.01008,0.01015,0.00999,0.01007,198870251.0
2023-12-19 08:00:00,0.01008,0.0101,0.00994,0.00999,256515075.0
2023-12-19 12:00:00,0.00998,0.01004,0.0098,0.00993,402409922.0
2023-12-19 16:00:00,0.00992,0.01,0.00969,0.00984,392035689.0
2023-12-19 20:00:00,0.00984,0.01003,0.00983,0.00992,338519095.0
2023-12-20 00:00:00,0.00991,0.01007,0.00988,0.01001,246340194.0
2023-12-20 04:00:00,0.01,0.0101,0.00996,0.01009,302123745.0
2023-12-20 08:00:00,0.0101,0.01014,0.00995,0.01004,455959789.0
2023-12-20 12:00:00,0.01004,0.01041,0.01,0.01025,525358432.0
2023-12-20 16:00:00,0.01024,0.01032,0.01013,0.01015,358187417.0
2023-12-20 20:00:00,0.01016,0.01018,0.00996,0.01017,348626188.0
2023-12-21 00:00:00,0.01017,0.01032,0.01012,0.01026,380646300.0
2023-12-21 04:00:00,0.01025,0.01027,0.00998,0.01011,500888117.0
2023-12-21 08:00:00,0.01012,0.01045,0.01009,0.01032,485026448.0
2023-12-21 12:00:00,0.01031,0.01037,0.01004,0.01016,481652447.0
2023-12-21 16:00:00,0.01016,0.01038,0.01012,0.01038,353457426.0
2023-12-21 20:00:00,0.01038,0.01043,0.0103,0.01037,296309631.0
2023-12-22 00:00:00,0.01036,0.01051,0.01031,0.01039,381659039.0
2023-12-22 04:00:00,0.01039,0.01052,0.0103,0.01049,609764898.0
2023-12-22 08:00:00,0.01049,0.01055,0.01034,0.0105,517641142.0
2023-12-22 12:00:00,0.01051,0.01058,0.0104,0.01056,382381668.0
2023-12-22 16:00:00,0.01055,0.01063,0.01048,0.01053,298797443.0
2023-12-22 20:00:00,0.01053,0.01087,0.01052,0.01082,274887017.0
2023-12-23 00:00:00,0.01082,0.01088,0.01045,0.01049,621860368.0
2023-12-23 04:00:00,0.01049,0.01062,0.01043,0.01047,266473019.0
2023-12-23 08:00:00,0.01046,0.01068,0.01043,0.01062,273630392.0
2023-12-23 12:00:00,0.01062,0.01086,0.01061,0.01069,374025110.0
2023-12-23 16:00:00,0.01069,0.01081,0.01065,0.01079,221336768.0
2023-12-23 20:00:00,0.0108,0.01112,0.01078,0.01093,477993861.0
2023-12-24 00:00:00,0.01092,0.01097,0.01074,0.0108,425372692.0
2023-12-24 04:00:00,0.01081,0.01088,0.01055,0.0107,563060454.0
2023-12-24 08:00:00,0.01069,0.01101,0.01059,0.01098,607997961.0
2023-12-24 12:00:00,0.01098,0.01116,0.01086,0.01112,570861490.0
2023-12-24 16:00:00,0.01111,0.01124,0.01092,0.011,529538915.0
2023-12-24 20:00:00,0.011,0.01101,0.01042,0.01066,777660397.0
2023-12-25 00:00:00,0.01067,0.01096,0.01056,0.01088,524188087.0
2023-12-25 04:00:00,0.01087,0.01093,0.01081,0.01088,294120219.0
2023-12-25 08:00:00,0.01089,0.01108,0.01075,0.01102,389497672.0
2023-12-25 12:00:00,0.01102,0.01115,0.0109,0.01092,556873696.0
2023-12-25 16:00:00,0.01093,0.01098,0.0108,0.01088,453507819.0
2023-12-25 20:00:00,0.01089,0.01092,0.01073,0.01083,377225183.0
2023-12-26 00:00:00,0.01082,0.01116,0.01082,0.01111,406115003.0
2023-12-26 04:00:00,0.01112,0.01141,0.01096,0.0112,1473987590.0
2023-12-26 08:00:00,0.01121,0.01155,0.01105,0.01142,1124076527.0
2023-12-26 12:00:00,0.01142,0.01181,0.0114,0.01147,1046484001.0
2023-12-26 16:00:00,0.01147,0.01173,0.01065,0.01153,1512766904.0
2023-12-26 20:00:00,0.01154,0.01189,0.01147,0.01186,418891866.0
2023-12-27 00:00:00,0.01186,0.01207,0.01117,0.01122,992642058.0
2023-12-27 04:00:00,0.01121,0.01147,0.0111,0.01125,606696102.0
2023-12-27 08:00:00,0.01125,0.01194,0.0112,0.01185,898081080.0
2023-12-27 12:00:00,0.01185,0.01217,0.01174,0.01187,1162158378.0
2023-12-27 16:00:00,0.01187,0.012,0.01154,0.01184,880013693.0
2023-12-27 20:00:00,0.01185,0.01195,0.01157,0.0117,376535813.0
2023-12-28 00:00:00,0.01169,0.01189,0.01162,0.01176,468420100.0
2023-12-28 04:00:00,0.01177,0.01183,0.01145,0.01165,552101399.0
2023-12-28 08:00:00,0.01165,0.01195,0.01161,0.01172,501368493.0
2023-12-28 12:00:00,0.01173,0.01173,0.01092,0.01116,1336310661.0
2023-12-28 16:00:00,0.01116,0.01129,0.01104,0.01116,379826692.0
2023-12-28 20:00:00,0.01116,0.01119,0.01094,0.01112,314323870.0
2023-12-29 00:00:00,0.01113,0.01121,0.01074,0.01093,600278431.0
2023-12-29 04:00:00,0.01092,0.01101,0.01082,0.01084,302981064.0
2023-12-29 08:00:00,0.01084,0.01123,0.01084,0.0112,313020005.0
2023-12-29 12:00:00,0.0112,0.01144,0.011,0.01121,636034620.0
2023-12-29 16:00:00,0.01121,0.01126,0.01085,0.01105,505974469.0
2023-12-29 20:00:00,0.01106,0.01106,0.01059,0.01092,415055369.0
2023-12-30 00:00:00,0.01092,0.01103,0.01085,0.01092,252642497.0
2023-12-30 04:00:00,0.01093,0.01102,0.01084,0.01087,181653263.0
2023-12-30 08:00:00,0.01087,0.0109,0.01063,0.0108,325093923.0
2023-12-30 12:00:00,0.0108,0.01091,0.01072,0.01091,234043291.0
2023-12-30 16:00:00,0.0109,0.01104,0.01089,0.01096,302548080.0
2023-12-30 20:00:00,0.01096,0.011,0.01086,0.01094,156276008.0
2023-12-31 00:00:00,0.01094,0.01117,0.0109,0.01111,375147120.0
2023-12-31 04:00:00,0.0111,0.01116,0.01093,0.01102,279952915.0
2023-12-31 08:00:00,0.01102,0.01115,0.01095,0.011,340306303.0
2023-12-31 12:00:00,0.01101,0.01104,0.01085,0.01089,247105735.0
2023-12-31 16:00:00,0.01089,0.01114,0.01087,0.0111,242379412.0
2023-12-31 20:00:00,0.0111,0.0112,0.01038,0.01072,654737883.0
2024-01-01 00:00:00,0.01071,0.0109,0.0106,0.01061,400597043.0
2024-01-01 04:00:00,0.01061,0.01069,0.01043,0.01067,337103568.0
2024-01-01 08:00:00,0.01066,0.01073,0.01058,0.01065,158389025.0
2024-01-01 12:00:00,0.01064,0.01096,0.01063,0.01095,196446581.0
2024-01-01 16:00:00,0.01094,0.01133,0.01089,0.01131,278028269.0
2024-01-01 20:00:00,0.01131,0.01135,0.0112,0.01124,211496503.0
2024-01-02 00:00:00,0.01124,0.01143,0.01117,0.01123,331860803.0
2024-01-02 04:00:00,0.01124,0.01133,0.01114,0.01115,181108703.0
2024-01-02 08:00:00,0.01114,0.01138,0.01109,0.01121,352514218.0
2024-01-02 12:00:00,0.01121,0.01123,0.01079,0.0109,452622749.0
2024-01-02 16:00:00,0.01089,0.01104,0.01079,0.01087,392949113.0
2024-01-02 20:00:00,0.01087,0.01095,0.01074,0.01087,257344539.0
2024-01-03 00:00:00,0.01086,0.01106,0.01063,0.01089,296963436.0
2024-01-03 04:00:00,0.01089,0.01106,0.0108,0.01085,254428657.0
2024-01-03 08:00:00,0.01086,0.01136,0.01078,0.01091,725193226.0
2024-01-03 12:00:00,0.01092,0.01092,0.00902,0.00997,2640086604.0
2024-01-03 16:00:00,0.00997,0.01004,0.00941,0.00962,889322948.0
2024-01-03 20:00:00,0.00961,0.00978,0.00955,0.00966,318899760.0
2024-01-04 00:00:00,0.00966,0.00979,0.00938,0.00974,562253423.0
2024-01-04 04:00:00,0.00974,0.00993,0.0097,0.00976,292670720.0
2024-01-04 08:00:00,0.00976,0.00987,0.00959,0.00975,410344630.0
2024-01-04 12:00:00,0.00975,0.00992,0.00969,0.00989,424580251.0
2024-01-04 16:00:00,0.00989,0.00991,0.00969,0.00974,258069486.0
2024-01-04 20:00:00,0.00974,0.00986,0.00968,0.00972,250942221.0
2024-01-05 00:00:00,0.00972,0.00981,0.00921,0.00932,689225044.0
2024-01-05 04:00:00,0.00932,0.00944,0.0091,0.0093,800747994.0
2024-01-05 08:00:00,0.00931,0.00946,0.00918,0.0092,526367512.0
2024-01-05 12:00:00,0.0092,0.00931,0.00901,0.00907,974381208.0
2024-01-05 16:00:00,0.00907,0.00914,0.0087,0.00895,942682726.0
2024-01-05 20:00:00,0.00894,0.00927,0.00893,0.00926,349059976.0
2024-01-06 00:00:00,0.00926,0.00926,0.00901,0.00907,322904717.0
2024-01-06 04:00:00,0.00907,0.00911,0.00827,0.00856,1428420801.0
2024-01-06 08:00:00,0.00856,0.00871,0.00847,0.00864,432549902.0
2024-01-06 12:00:00,0.00863,0.00879,0.00851,0.00874,472084906.0
2024-01-06 16:00:00,0.00874,0.00881,0.00861,0.00872,445530791.0
2024-01-06 20:00:00,0.00872,0.00877,0.00856,0.0087,358639916.0
2024-01-07 00:00:00,0.0087,0.00884,0.00865,0.00876,340105512.0
2024-01-07 04:00:00,0.00877,0.00892,0.00876,0.00881,317284394.0
2024-01-07 08:00:00,0.00881,0.00888,0.00858,0.00866,428698430.0
2024-01-07 12:00:00,0.00865,0.00875,0.00852,0.00858,388850247.0
2024-01-07 16:00:00,0.00858,0.00863,0.00839,0.0086,342099367.0
2024-01-07 20:00:00,0.0086,0.00864,0.00813,0.00825,794989361.0
2024-01-08 00:00:00,0.00825,0.0083,0.00721,0.00745,2299605374.0
2024-01-08 04:00:00,0.00745,0.00782,0.0074,0.00768,794952856.0
2024-01-08 08:00:00,0.00768,0.00779,0.00754,0.00778,600941742.0
2024-01-08 12:00:00,0.00779,0.00802,0.00777,0.00795,947403832.0
2024-01-08 16:00:00,0.00795,0.00836,0.00787,0.00831,711247378.0
2024-01-08 20:00:00,0.0083,0.00844,0.00818,0.00835,428581962.0
2024-01-09 00:00:00,0.00834,0.00836,0.00809,0.00817,518407092.0
2024-01-09 04:00:00,0.00817,0.00833,0.0081,0.0081,347376380.0
2024-01-09 08:00:00,0.00811,0.00812,0.00779,0.00797,558652900.0
2024-01-09 12:00:00,0.00798,0.00801,0.00753,0.00771,1276083470.0
2024-01-09 16:00:00,0.00772,0.00779,0.00756,0.00766,624231508.0
2024-01-09 20:00:00,0.00766,0.00788,0.00743,0.00785,2210883955.0
2024-01-10 00:00:00,0.00785,0.00796,0.0078,0.00792,446649889.0
2024-01-10 04:00:00,0.00791,0.00804,0.00783,0.00785,440796317.0
2024-01-10 08:00:00,0.00785,0.00821,0.00771,0.00816,752108481.0
2024-01-10 12:00:00,0.00816,0.00819,0.00772,0.00794,1138203462.0
2024-01-10 16:00:00,0.00795,0.00817,0.00788,0.00815,585226689.0
2024-01-10 20:00:00,0.00815,0.00878,0.00793,0.00863,1521869884.0
2024-01-11 00:00:00,0.00864,0.00887,0.00856,0.00882,577799378.0
2024-01-11 04:00:00,0.00882,0.00883,0.00853,0.00877,554757752.0
2024-01-11 08:00:00,0.00878,0.00899,0.00871,0.00899,500599019.0
2024-01-11 12:00:00,0.00898,0.00912,0.00868,0.00884,1332479409.0
2024-01-11 16:00:00,0.00883,0.00898,0.00861,0.00898,750775405.0
2024-01-11 20:00:00,0.00897,0.00908,0.00884,0.00903,403771378.0
2024-01-12 00:00:00,0.00904,0.00912,0.00884,0.00893,469652370.0
2024-01-12 04:00:00,0.00893,0.00909,0.0089,0.00901,365656993.0
2024-01-12 08:00:00,0.00901,0.00919,0.00886,0.00913,517144848.0
2024-01-12 12:00:00,0.00914,0.00928,0.00886,0.00892,828494386.0
2024-01-12 16:00:00,0.00892,0.00904,0.00847,0.00877,1069919893.0
2024-01-12 20:00:00,0.00877,0.00892,0.00824,0.00862,897995865.0
2024-01-13 00:00:00,0.00863,0.00868,0.00828,0.00849,410188619.0
2024-01-13 04:00:00,0.00849,0.00874,0.00846,0.00862,271591975.0
2024-01-13 08:00:00,0.00862,0.00869,0.00854,0.00859,318766403.0
2024-01-13 12:00:00,0.0086,0.00872,0.00854,0.0087,285554759.0
2024-01-13 16:00:00,0.00871,0.00883,0.00859,0.00878,284711821.0
2024-01-13 20:00:00,0.00879,0.00884,0.00874,0.00877,178145382.0
2024-01-14 00:00:00,0.00876,0.00882,0.00854,0.00856,345047314.0
2024-01-14 04:00:00,0.00855,0.00878,0.00848,0.00875,282682808.0
2024-01-14 08:00:00,0.00876,0.00888,0.0087,0.00872,230598481.0
2024-01-14 12:00:00,0.00871,0.00883,0.00864,0.0088,300545615.0
2024-01-14 16:00:00,0.00879,0.00888,0.00854,0.00857,446859881.0
2024-01-14 20:00:00,0.00856,0.00874,0.00842,0.00845,490805904.0
2024-01-15 00:00:00,0.00845,0.00883,0.00845,0.00876,280368566.0
2024-01-15 04:00:00,0.00876,0.00887,0.00868,0.00874,270873396.0
2024-01-15 08:00:00,0.00874,0.00882,0.00866,0.00872,275544595.0
2024-01-15 12:00:00,0.00872,0.00877,0.00855,0.00857,506503258.0
2024-01-15 16:00:00,0.00858,0.00885,0.00854,0.00875,313684258.0
2024-01-15 20:00:00,0.00874,0.00881,0.00859,0.00871,249081739.0
2024-01-16 00:00:00,0.00871,0.00884,0.0087,0.00883,216817823.0
2024-01-16 04:00:00,0.00884,0.00892,0.00875,0.00883,202212727.0
2024-01-16 08:00:00,0.00882,0.00891,0.00873,0.00879,212867074.0
2024-01-16 12:00:00,0.00878,0.00883,0.00851,0.00878,504616126.0
2024-01-16 16:00:00,0.00879,0.00896,0.00875,0.00887,373250700.0
2024-01-16 20:00:00,0.00888,0.00903,0.00885,0.00895,236511245.0
2024-01-17 00:00:00,0.00896,0.00907,0.00894,0.00897,236315085.0
2024-01-17 04:00:00,0.00896,0.00899,0.00877,0.0088,278100007.0
2024-01-17 08:00:00,0.00879,0.00905,0.00878,0.00901,224708449.0
2024-01-17 12:00:00,0.00901,0.00909,0.00887,0.00888,468201981.0
2024-01-17 16:00:00,0.00889,0.00899,0.00879,0.0089,390551599.0
2024-01-17 20:00:00,0.0089,0.00895,0.00871,0.00887,370312683.0
2024-01-18 00:00:00,0.00887,0.0089,0.00872,0.00882,255270394.0
2024-01-18 04:00:00,0.00883,0.00896,0.00878,0.00895,163665290.0
2024-01-18 08:00:00,0.00896,0.00897,0.00871,0.00875,232656120.0
2024-01-18 12:00:00,0.00876,0.0088,0.00859,0.00876,426942384.0
2024-01-18 16:00:00,0.00876,0.00877,0.00816,0.00821,1021406954.0
2024-01-18 20:00:00,0.00821,0.00839,0.00819,0.00836,312877257.0
2024-01-19 00:00:00,0.00835,0.00841,0.00804,0.00822,422147111.0
2024-01-19 04:00:00,0.00823,0.00835,0.00821,0.00832,143066231.0
2024-01-19 08:00:00,0.00831,0.00843,0.00825,0.0084,172829237.0
2024-01-19 12:00:00,0.00841,0.00841,0.00815,0.00819,369638035.0
2024-01-19 16:00:00,0.00818,0.00829,0.00784,0.00828,1012307858.0
2024-01-19 20:00:00,0.00828,0.00835,0.00823,0.00829,196188948.0
2024-01-20 00:00:00,0.00829,0.00838,0.0082,0.00832,214253569.0
2024-01-20 04:00:00,0.00832,0.00833,0.00823,0.00826,134573206.0
2024-01-20 08:00:00,0.00827,0.0083,0.00818,0.00823,175463957.0
2024-01-20 12:00:00,0.00824,0.00837,0.00821,0.00831,179544280.0
2024-01-20 16:00:00,0.00832,0.00837,0.00828,0.00835,149768714.0
2024-01-20 20:00:00,0.00836,0.00851,0.00834,0.00851,168100585.0
2024-01-21 00:00:00,0.0085,0.00852,0.00838,0.00847,162768851.0
2024-01-21 04:00:00,0.00847,0.0085,0.00841,0.00848,125926375.0
2024-01-21 08:00:00,0.00849,0.00852,0.00843,0.00844,127386005.0
2024-01-21 12:00:00,0.00845,0.00853,0.0084,0.00848,171869786.0
2024-01-21 16:00:00,0.00848,0.0085,0.00838,0.00847,115708351.0
2024-01-21 20:00:00,0.00847,0.00847,0.00823,0.00827,178539348.0
2024-01-22 00:00:00,0.00827,0.00831,0.00803,0.00809,400172115.0
2024-01-22 04:00:00,0.0081,0.00817,0.00797,0.00811,232553554.0
2024-01-22 08:00:00,0.00812,0.00813,0.00786,0.008,362677649.0
2024-01-22 12:00:00,0.00801,0.00818,0.00787,0.00799,515982083.0
2024-01-22 16:00:00,0.008,0.00806,0.00776,0.00787,558181669.0
2024-01-22 20:00:00,0.00788,0.00802,0.00776,0.0078,344655776.0
2024-01-23 00:00:00,0.00781,0.00802,0.00769,0.00795,353669159.0
2024-01-23 04:00:00,0.00794,0.00799,0.00775,0.00781,221734402.0
2024-01-23 08:00:00,0.0078,0.00785,0.00735,0.00741,1146626481.0
2024-01-23 12:00:00,0.00741,0.00757,0.00721,0.00751,769003826.0
2024-01-23 16:00:00,0.0075,0.00754,0.00733,0.00735,431682486.0
2024-01-23 20:00:00,0.00734,0.00754,0.0073,0.00753,249775737.0
2024-01-24 00:00:00,0.00753,0.00758,0.00738,0.00742,258719024.0
2024-01-24 04:00:00,0.00741,0.00757,0.00739,0.00752,353992830.0
2024-01-24 08:00:00,0.00753,0.00769,0.00751,0.00761,276173048.0
2024-01-24 12:00:00,0.00761,0.00772,0.00752,0.00763,389826386.0
2024-01-24 16:00:00,0.00764,0.0077,0.00751,0.00756,262572711.0
2024-01-24 20:00:00,0.00755,0.00768,0.00751,0.00767,203805032.0
2024-01-25 00:00:00,0.00766,0.00768,0.00751,0.00756,246613858.0
2024-01-25 04:00:00,0.00756,0.00762,0.00749,0.0076,213358068.0
2024-01-25 08:00:00,0.00761,0.00763,0.00749,0.00759,157611916.0
2024-01-25 12:00:00,0.00759,0.00761,0.00743,0.00749,340060500.0
2024-01-25 16:00:00,0.00748,0.00761,0.00737,0.0076,339130225.0
2024-01-25 20:00:00,0.0076,0.00766,0.00756,0.00761,172876756.0
2024-01-26 00:00:00,0.00762,0.0077,0.00753,0.00767,195479451.0
2024-01-26 04:00:00,0.00768,0.00773,0.00762,0.00765,158922441.0
2024-01-26 08:00:00,0.00766,0.008,0.00765,0.00797,323836426.0
2024-01-26 12:00:00,0.00798,0.00833,0.00794,0.00829,638517630.0
2024-01-26 16:00:00,0.0083,0.00905,0.00817,0.00852,2645132105.0
2024-01-26 20:00:00,0.00851,0.00854,0.00824,0.00827,643034634.0
2024-01-27 00:00:00,0.00826,0.00852,0.00822,0.00848,521999157.0
2024-01-27 04:00:00,0.00848,0.00854,0.00824,0.0083,393024994.0
2024-01-27 08:00:00,0.0083,0.00832,0.00818,0.0082,332362794.0
2024-01-27 12:00:00,0.00821,0.00844,0.00819,0.00835,412017453.0
2024-01-27 16:00:00,0.00836,0.00841,0.00825,0.00837,348288278.0
2024-01-27 20:00:00,0.00838,0.00839,0.00826,0.00831,257958346.0
2024-01-28 00:00:00,0.00831,0.00843,0.00827,0.00843,228081434.0
2024-01-28 04:00:00,0.00843,0.00846,0.00823,0.00825,354824269.0
2024-01-28 08:00:00,0.00826,0.00831,0.00813,0.00818,358556627.0
2024-01-28 12:00:00,0.00818,0.0082,0.00806,0.00811,469960575.0
2024-01-28 16:00:00,0.00811,0.00816,0.00786,0.0079,546995188.0
2024-01-28 20:00:00,0.00789,0.00797,0.0078,0.0079,388631878.0
2024-01-29 00:00:00,0.00791,0.00804,0.00785,0.00799,278167902.0
2024-01-29 04:00:00,0.00799,0.00804,0.00794,0.00794,206460460.0
2024-01-29 08:00:00,0.00795,0.00805,0.00792,0.00802,211291607.0
2024-01-29 12:00:00,0.00802,0.00805,0.00783,0.008,432917737.0
2024-01-29 16:00:00,0.00801,0.00818,0.00797,0.00811,497993034.0
2024-01-29 20:00:00,0.00811,0.00817,0.0081,0.00815,205574818.0
2024-01-30 00:00:00,0.00814,0.00818,0.00803,0.00805,351276959.0
2024-01-30 04:00:00,0.00804,0.00808,0.00795,0.00801,220914477.0
2024-01-30 08:00:00,0.00802,0.00819,0.00799,0.00815,298111482.0
2024-01-30 12:00:00,0.00815,0.00818,0.00791,0.00802,623205397.0
2024-01-30 16:00:00,0.00802,0.00818,0.00801,0.00813,417217048.0
2024-01-30 20:00:00,0.00813,0.00814,0.00789,0.00795,355715880.0
2024-01-31 00:00:00,0.00795,0.00798,0.00777,0.00795,489113209.0
2024-01-31 04:00:00,0.00795,0.00799,0.00787,0.00794,202096342.0
2024-01-31 08:00:00,0.00794,0.00795,0.0077,0.0078,467648376.0
2024-01-31 12:00:00,0.0078,0.00784,0.00756,0.00776,542530741.0
2024-01-31 16:00:00,0.00777,0.00787,0.00773,0.00782,399235579.0
2024-01-31 20:00:00,0.00782,0.00783,0.00754,0.00762,515854112.0
2024-02-01 00:00:00,0.00763,0.00773,0.00745,0.00752,628230448.0
2024-02-01 04:00:00,0.00751,0.00756,0.00738,0.00746,389507662.0
2024-02-01 08:00:00,0.00746,0.00749,0.00737,0.00739,251195071.0
2024-02-01 12:00:00,0.00739,0.00759,0.00738,0.00751,378454975.0
2024-02-01 16:00:00,0.00751,0.00754,0.00742,0.00751,298140372.0
2024-02-01 20:00:00,0.00751,0.00757,0.00748,0.00755,172947710.0
2024-02-02 00:00:00,0.00755,0.00764,0.00752,0.00759,171443560.0
2024-02-02 04:00:00,0.00758,0.00767,0.00753,0.00766,356827559.0
2024-02-02 08:00:00,0.00766,0.00772,0.00755,0.00764,374640330.0
2024-02-02 12:00:00,0.00765,0.00773,0.00754,0.00772,493356724.0
2024-02-02 16:00:00,0.00772,0.00773,0.00761,0.00765,423036363.0
2024-02-02 20:00:00,0.00766,0.00777,0.00762,0.00774,212452806.0
2024-02-03 00:00:00,0.00774,0.0078,0.0077,0.00772,248724370.0
2024-02-03 04:00:00,0.00772,0.00774,0.00763,0.00766,148565405.0
2024-02-03 08:00:00,0.00766,0.00772,0.00761,0.00767,174833822.0
2024-02-03 12:00:00,0.00767,0.00775,0.00764,0.00771,239460817.0
2024-02-03 16:00:00,0.00771,0.00785,0.00769,0.00781,282269557.0
2024-02-03 20:00:00,0.0078,0.00783,0.00775,0.00776,230306156.0
2024-02-04 00:00:00,0.00776,0.00776,0.00762,0.00771,413745454.0
2024-02-04 04:00:00,0.00771,0.00771,0.00752,0.00757,392328656.0
2024-02-04 08:00:00,0.00757,0.00762,0.0075,0.00761,228320878.0
2024-02-04 12:00:00,0.00761,0.00765,0.00759,0.00762,206964828.0
2024-02-04 16:00:00,0.00763,0.00764,0.00752,0.00757,311119921.0
2024-02-04 20:00:00,0.00756,0.00762,0.00744,0.00747,396855187.0
2024-02-05 00:00:00,0.00747,0.00751,0.00729,0.00751,492966472.0
2024-02-05 04:00:00,0.0075,0.0076,0.00748,0.00758,251640761.0
2024-02-05 08:00:00,0.00758,0.00763,0.00753,0.00759,203895234.0
2024-02-05 12:00:00,0.0076,0.00766,0.00747,0.00748,383840972.0
2024-02-05 16:00:00,0.00749,0.00757,0.00745,0.00752,338075697.0
2024-02-05 20:00:00,0.00753,0.00755,0.00741,0.00751,348846426.0
2024-02-06 00:00:00,0.00751,0.00761,0.00749,0.00757,225813440.0
2024-02-06 04:00:00,0.00757,0.0076,0.00754,0.00757,176298152.0
2024-02-06 08:00:00,0.00758,0.00765,0.00748,0.00753,372324464.0
2024-02-06 12:00:00,0.00754,0.00758,0.00745,0.00757,368763961.0
2024-02-06 16:00:00,0.00756,0.00765,0.00753,0.00764,309365744.0
2024-02-06 20:00:00,0.00764,0.00766,0.00756,0.00759,266455378.0
2024-02-07 00:00:00,0.00759,0.00761,0.00754,0.00756,213544431.0
2024-02-07 04:00:00,0.00755,0.00766,0.00749,0.0076,319142211.0
2024-02-07 08:00:00,0.00761,0.0077,0.00756,0.00763,274989226.0
2024-02-07 12:00:00,0.00762,0.00775,0.00759,0.0077,390896121.0
2024-02-07 16:00:00,0.00771,0.00781,0.00768,0.00778,462246384.0
2024-02-07 20:00:00,0.00778,0.00785,0.00776,0.0078,306623818.0
2024-02-08 00:00:00,0.0078,0.00787,0.00775,0.00782,291936495.0
2024-02-08 04:00:00,0.00782,0.00787,0.00779,0.00782,184143009.0
2024-02-08 08:00:00,0.00782,0.0079,0.0078,0.00784,205185189.0
2024-02-08 12:00:00,0.00785,0.00825,0.00779,0.00789,2109724509.0
2024-02-08 16:00:00,0.0079,0.0079,0.00773,0.00774,503516525.0
2024-02-08 20:00:00,0.00775,0.00779,0.00773,0.00776,201055322.0
2024-02-09 00:00:00,0.00776,0.00793,0.00775,0.00791,276908262.0
2024-02-09 04:00:00,0.0079,0.00793,0.00786,0.00792,175176989.0
2024-02-09 08:00:00,0.00792,0.00798,0.00791,0.00796,280889250.0
2024-02-09 12:00:00,0.00796,0.00803,0.00786,0.00797,611186612.0
2024-02-09 16:00:00,0.00798,0.0081,0.00796,0.00807,493602709.0
2024-02-09 20:00:00,0.00807,0.00809,0.00803,0.00806,238340104.0
2024-02-10 00:00:00,0.00806,0.00815,0.00805,0.00813,265961436.0
2024-02-10 04:00:00,0.00813,0.00814,0.00801,0.00803,171690209.0
2024-02-10 08:00:00,0.00802,0.00805,0.00784,0.00795,355435702.0
2024-02-10 12:00:00,0.00794,0.00804,0.00791,0.00804,219976684.0
2024-02-10 16:00:00,0.00804,0.00804,0.00798,0.00802,199527116.0
2024-02-10 20:00:00,0.00803,0.00806,0.00797,0.00798,241705674.0
2024-02-11 00:00:00,0.00799,0.00807,0.00794,0.00806,290534002.0
2024-02-11 04:00:00,0.00805,0.00808,0.00802,0.00806,202252500.0
2024-02-11 08:00:00,0.00807,0.0081,0.008,0.00805,235911102.0
2024-02-11 12:00:00,0.00805,0.00806,0.00794,0.00797,340316859.0
2024-02-11 16:00:00,0.00796,0.00799,0.0079,0.00793,284345517.0
2024-02-11 20:00:00,0.00792,0.00795,0.00776,0.00779,476553202.0
2024-02-12 00:00:00,0.00779,0.00791,0.00771,0.00779,541716877.0
2024-02-12 04:00:00,0.00779,0.00782,0.00771,0.0078,333836897.0
2024-02-12 08:00:00,0.00781,0.00784,0.00765,0.0077,475660704.0
2024-02-12 12:00:00,0.0077,0.00793,0.00766,0.0079,683897785.0
2024-02-12 16:00:00,0.0079,0.00811,0.00785,0.00801,670840057.0
2024-02-12 20:00:00,0.00801,0.00815,0.00801,0.00815,375515948.0
2024-02-13 00:00:00,0.00815,0.0082,0.00803,0.00807,353615877.0
2024-02-13 04:00:00,0.00806,0.00828,0.00806,0.00825,400205941.0
2024-02-13 08:00:00,0.00825,0.00831,0.00818,0.00824,459356922.0
2024-02-13 12:00:00,0.00825,0.00829,0.00799,0.00816,1174123623.0
2024-02-13 16:00:00,0.00817,0.00832,0.00808,0.00826,511602154.0
2024-02-13 20:00:00,0.00826,0.00842,0.00824,0.00827,503297403.0
2024-02-14 00:00:00,0.00828,0.00843,0.00819,0.0084,589195539.0
2024-02-14 04:00:00,0.00839,0.00869,0.00838,0.0086,872364848.0
2024-02-14 08:00:00,0.00861,0.0089,0.00854,0.0086,1379492184.0
2024-02-14 12:00:00,0.00861,0.00872,0.00851,0.00862,893148241.0
2024-02-14 16:00:00,0.00863,0.00865,0.00854,0.00865,515610972.0
2024-02-14 20:00:00,0.00865,0.00872,0.00863,0.0087,280022370.0
2024-02-15 00:00:00,0.0087,0.00883,0.00864,0.00882,462803714.0
2024-02-15 04:00:00,0.00882,0.00889,0.00871,0.00887,511531958.0
2024-02-15 08:00:00,0.00887,0.00902,0.00881,0.00896,560820704.0
2024-02-15 12:00:00,0.00896,0.00902,0.00882,0.00889,1047383771.0
2024-02-15 16:00:00,0.00889,0.00899,0.00876,0.00897,698240414.0
2024-02-15 20:00:00,0.00898,0.00904,0.00878,0.009,463526822.0
2024-02-16 00:00:00,0.009,0.00912,0.00889,0.00909,334553759.0
2024-02-16 04:00:00,0.00909,0.00913,0.00893,0.00894,412333829.0
2024-02-16 08:00:00,0.00895,0.00938,0.00894,0.00936,894338438.0
2024-02-16 12:00:00,0.00937,0.00939,0.00897,0.00925,957635796.0
2024-02-16 16:00:00,0.00925,0.00927,0.00903,0.0091,447519440.0
2024-02-16 20:00:00,0.0091,0.00919,0.00906,0.00917,220470693.0
2024-02-17 00:00:00,0.00918,0.00925,0.009,0.00909,274747832.0
2024-02-17 04:00:00,0.00908,0.00925,0.00903,0.00917,263138708.0
2024-02-17 08:00:00,0.00918,0.00918,0.00895,0.00904,395043863.0
2024-02-17 12:00:00,0.00904,0.00921,0.00871,0.00892,886311721.0
2024-02-17 16:00:00,0.00892,0.00904,0.0089,0.00895,229481552.0
2024-02-17 20:00:00,0.00895,0.0092,0.0089,0.00913,393954368.0
2024-02-18 00:00:00,0.00914,0.00935,0.00908,0.00928,397476350.0
2024-02-18 04:00:00,0.00928,0.0094,0.00924,0.00929,379082478.0
2024-02-18 08:00:00,0.00929,0.0096,0.00924,0.00945,670401093.0
2024-02-18 12:00:00,0.00945,0.00956,0.00929,0.00953,394838926.0
2024-02-18 16:00:00,0.00953,0.0097,0.00944,0.00947,471000194.0
2024-02-18 20:00:00,0.00947,0.00954,0.00927,0.00934,569431814.0
2024-02-19 00:00:00,0.00933,0.00948,0.00932,0.00945,224553632.0
2024-02-19 04:00:00,0.00945,0.00957,0.00941,0.00948,233935452.0
2024-02-19 08:00:00,0.00948,0.00955,0.00932,0.00954,378546170.0
2024-02-19 12:00:00,0.00953,0.00955,0.00938,0.00949,369399978.0
2024-02-19 16:00:00,0.00949,0.00954,0.00932,0.00953,368605626.0
2024-02-19 20:00:00,0.00952,0.0097,0.00947,0.00965,309649530.0
2024-02-20 00:00:00,0.00964,0.00968,0.00947,0.00947,408320569.0
2024-02-20 04:00:00,0.00947,0.00993,0.00942,0.00976,589569687.0
2024-02-20 08:00:00,0.00975,0.00989,0.00953,0.00975,1525918094.0
2024-02-20 12:00:00,0.00976,0.0098,0.0085,0.00889,1871444325.0
2024-02-20 16:00:00,0.00889,0.00897,0.00864,0.00893,940902794.0
2024-02-20 20:00:00,0.00892,0.00931,0.00889,0.00906,703589182.0
2024-02-21 00:00:00,0.00906,0.00916,0.00896,0.00902,324398860.0
2024-02-21 04:00:00,0.00901,0.00906,0.00869,0.00876,441827854.0
2024-02-21 08:00:00,0.00877,0.00884,0.00847,0.00859,780275172.0
2024-02-21 12:00:00,0.0086,0.00877,0.00838,0.00852,749519669.0
2024-02-21 16:00:00,0.00852,0.00862,0.00832,0.00849,440489833.0
2024-02-21 20:00:00,0.00848,0.00884,0.00844,0.00883,331179361.0
2024-02-22 00:00:00,0.00883,0.00883,0.0086,0.00878,312450227.0
2024-02-22 04:00:00,0.00878,0.00917,0.00876,0.00916,459038427.0
2024-02-22 08:00:00,0.00916,0.00944,0.00913,0.00937,639011807.0
2024-02-22 12:00:00,0.00937,0.00944,0.00919,0.00935,663297204.0
2024-02-22 16:00:00,0.00935,0.00956,0.00919,0.00951,453537186.0
2024-02-22 20:00:00,0.0095,0.0096,0.00923,0.00927,438110278.0
2024-02-23 00:00:00,0.00927,0.00942,0.00909,0.00915,400443517.0
2024-02-23 04:00:00,0.00915,0.0094,0.00901,0.00924,397557179.0
2024-02-23 08:00:00,0.00924,0.00955,0.0091,0.00954,641265693.0
2024-02-23 12:00:00,0.00955,0.00958,0.00932,0.00938,812494277.0
2024-02-23 16:00:00,0.00938,0.00949,0.00914,0.00944,588770693.0
2024-02-23 20:00:00,0.00944,0.00957,0.00937,0.00953,339130554.0
2024-02-24 00:00:00,0.00953,0.00963,0.0093,0.00946,361905427.0
2024-02-24 04:00:00,0.00946,0.00966,0.00943,0.00963,283797302.0
2024-02-24 08:00:00,0.00963,0.00995,0.00961,0.00982,493704783.0
2024-02-24 12:00:00,0.00983,0.00985,0.00955,0.00965,325769543.0
2024-02-24 16:00:00,0.00965,0.00975,0.00964,0.00969,206445270.0
2024-02-24 20:00:00,0.0097,0.00972,0.0096,0.00964,142665186.0
2024-02-25 00:00:00,0.00965,0.00975,0.00952,0.00961,262713944.0
2024-02-25 04:00:00,0.00961,0.00967,0.00951,0.00956,182323370.0
2024-02-25 08:00:00,0.00956,0.00971,0.00948,0.00969,205540370.0
2024-02-25 12:00:00,0.0097,0.00974,0.00952,0.00957,219263851.0
2024-02-25 16:00:00,0.00957,0.00975,0.00956,0.00975,234076471.0
2024-02-25 20:00:00,0.00975,0.00993,0.00972,0.00991,535188895.0
2024-02-26 00:00:00,0.0099,0.01058,0.00982,0.01051,805400675.0
2024-02-26 04:00:00,0.01051,0.01103,0.0102,0.01021,2012882985.0
2024-02-26 08:00:00,0.01022,0.01039,0.00999,0.01022,1116333091.0
2024-02-26 12:00:00,0.01023,0.01059,0.01003,0.01057,725655444.0
2024-02-26 16:00:00,0.01057,0.0106,0.01019,0.01039,644220505.0
2024-02-26 20:00:00,0.01039,0.01043,0.01028,0.01037,333666533.0
2024-02-27 00:00:00,0.01037,0.01051,0.01,0.01002,663579001.0
2024-02-27 04:00:00,0.01003,0.01032,0.01002,0.01016,588506536.0
2024-02-27 08:00:00,0.01015,0.01044,0.01014,0.01035,532033566.0
2024-02-27 12:00:00,0.01034,0.01038,0.00991,0.00998,766982727.0
2024-02-27 16:00:00,0.00997,0.01042,0.00982,0.01028,926234256.0
2024-02-27 20:00:00,0.01029,0.01053,0.01023,0.01037,427788602.0
2024-02-28 00:00:00,0.01038,0.01063,0.01033,0.01056,531246333.0
2024-02-28 04:00:00,0.01056,0.01143,0.01054,0.01101,1393944231.0
2024-02-28 08:00:00,0.01101,0.01107,0.01034,0.01051,1285300940.0
2024-02-28 12:00:00,0.01052,0.01098,0.01049,0.01097,865957548.0
2024-02-28 16:00:00,0.01097,0.01129,0.00921,0.0109,2354728121.0
2024-02-28 20:00:00,0.01089,0.01148,0.01081,0.011,888704103.0
2024-02-29 00:00:00,0.011,0.01141,0.01083,0.0113,567673438.0
2024-02-29 04:00:00,0.01131,0.012,0.01119,0.01178,1352550956.0
2024-02-29 08:00:00,0.01178,0.01196,0.01157,0.01158,696612880.0
2024-02-29 12:00:00,0.01159,0.01182,0.01146,0.01166,591248101.0
2024-02-29 16:00:00,0.01166,0.012,0.01152,0.0119,887602607.0
2024-02-29 20:00:00,0.0119,0.01214,0.01112,0.01159,893519826.0
2024-03-01 00:00:00,0.01159,0.01223,0.01157,0.01206,653568057.0
2024-03-01 04:00:00,0.01207,0.01208,0.01171,0.0118,382329449.0
2024-03-01 08:00:00,0.01181,0.01211,0.01177,0.01179,331504992.0
2024-03-01 12:00:00,0.01178,0.01199,0.01174,0.01186,407400328.0
2024-03-01 16:00:00,0.01186,0.01217,0.01179,0.01207,306193770.0
2024-03-01 20:00:00,0.01206,0.01232,0.01201,0.01225,294523788.0
2024-03-02 00:00:00,0.01225,0.01248,0.01209,0.01223,415171481.0
2024-03-02 04:00:00,0.01223,0.01247,0.0121,0.01243,307794891.0
2024-03-02 08:00:00,0.01243,0.01305,0.01224,0.01284,936710508.0
2024-03-02 12:00:00,0.01285,0.01367,0.01267,0.01354,1229991887.0
2024-03-02 16:00:00,0.01354,0.01474,0.01341,0.01382,1971850005.0
2024-03-02 20:00:00,0.01382,0.01396,0.01341,0.01358,632624348.0
2024-03-03 00:00:00,0.01359,0.01361,0.01322,0.01325,441266340.0
2024-03-03 04:00:00,0.01326,0.01335,0.01147,0.0124,1177654306.0
2024-03-03 08:00:00,0.01241,0.01325,0.01235,0.01323,869706302.0
2024-03-03 12:00:00,0.01323,0.01358,0.01305,0.01322,574119931.0
2024-03-03 16:00:00,0.01322,0.01348,0.01305,0.01343,423223851.0
2024-03-03 20:00:00,0.01342,0.01345,0.01323,0.0133,215955690.0
2024-03-04 00:00:00,0.0133,0.01354,0.01307,0.01318,466428257.0
2024-03-04 04:00:00,0.01318,0.01351,0.01307,0.01337,346781704.0
2024-03-04 08:00:00,0.01337,0.01365,0.01327,0.01346,515966861.0
2024-03-04 12:00:00,0.01345,0.01381,0.0131,0.01315,559513101.0
2024-03-04 16:00:00,0.01316,0.01323,0.0121,0.01276,1266011582.0
2024-03-04 20:00:00,0.01277,0.01284,0.01246,0.01259,428217366.0
2024-03-05 00:00:00,0.0126,0.0127,0.01228,0.01241,347200751.0
2024-03-05 04:00:00,0.01241,0.01292,0.01231,0.01273,733778030.0
2024-03-05 08:00:00,0.01274,0.01309,0.01263,0.01286,410169561.0
2024-03-05 12:00:00,0.01286,0.0131,0.01235,0.01264,723814804.0
2024-03-05 16:00:00,0.01265,0.01273,0.00935,0.01074,2127220260.0
2024-03-05 20:00:00,0.01073,0.01147,0.01056,0.01144,1219594324.0
2024-03-06 00:00:00,0.01143,0.01171,0.01107,0.01142,498348229.0
2024-03-06 04:00:00,0.01142,0.01233,0.01142,0.01232,414129515.0
2024-03-06 08:00:00,0.01233,0.01261,0.01223,0.01244,445378093.0
2024-03-06 12:00:00,0.01244,0.01246,0.01158,0.01214,990415469.0
2024-03-06 16:00:00,0.01215,0.01245,0.01212,0.0123,401396721.0
2024-03-06 20:00:00,0.0123,0.01274,0.01219,0.01266,390477816.0
2024-03-07 00:00:00,0.01267,0.0131,0.0126,0.01266,503929438.0
2024-03-07 04:00:00,0.01266,0.01305,0.01253,0.01302,642342546.0
2024-03-07 08:00:00,0.01302,0.01332,0.01297,0.01322,542380866.0
2024-03-07 12:00:00,0.01322,0.01339,0.01298,0.01336,551512692.0
2024-03-07 16:00:00,0.01336,0.01401,0.01333,0.01363,640970917.0
2024-03-07 20:00:00,0.01362,0.01414,0.01349,0.01392,471312495.0
2024-03-08 00:00:00,0.01392,0.01432,0.01363,0.01366,514925859.0
2024-03-08 04:00:00,0.01366,0.01376,0.01342,0.01373,331526565.0
2024-03-08 08:00:00,0.01374,0.0138,0.01357,0.01371,261643999.0
2024-03-08 12:00:00,0.01371,0.01389,0.01265,0.01326,826480837.0
2024-03-08 16:00:00,0.01326,0.01367,0.01298,0.0135,715771525.0
2024-03-08 20:00:00,0.0135,0.01373,0.01344,0.01368,241671044.0
2024-03-09 00:00:00,0.01368,0.01394,0.01359,0.01386,178636729.0
2024-03-09 04:00:00,0.01386,0.01436,0.01385,0.01423,270847750.0
2024-03-09 08:00:00,0.01423,0.01454,0.01415,0.01446,397394672.0
2024-03-09 12:00:00,0.01446,0.01451,0.01417,0.01446,238066444.0
2024-03-09 16:00:00,0.01447,0.0145,0.01401,0.01405,263543431.0
2024-03-09 20:00:00,0.01404,0.01415,0.01395,0.014,142399688.0
2024-03-10 00:00:00,0.01401,0.01415,0.01368,0.01397,269842221.0
2024-03-10 04:00:00,0.01397,0.01424,0.01387,0.01421,178490209.0
2024-03-10 08:00:00,0.01421,0.01423,0.0137,0.01402,287147966.0
2024-03-10 12:00:00,0.01402,0.01408,0.01291,0.01302,755111932.0
2024-03-10 16:00:00,0.01302,0.0136,0.01299,0.01337,356453078.0
2024-03-10 20:00:00,0.01337,0.01352,0.01296,0.01335,252459613.0
2024-03-11 00:00:00,0.01335,0.01343,0.01202,0.01303,806560355.0
2024-03-11 04:00:00,0.01303,0.01348,0.01299,0.01343,540118940.0
2024-03-11 08:00:00,0.01344,0.01468,0.01341,0.01448,971135984.0
2024-03-11 12:00:00,0.01449,0.01496,0.014,0.01403,957913654.0
2024-03-11 16:00:00,0.01403,0.01428,0.01373,0.01417,445873192.0
2024-03-11 20:00:00,0.01417,0.01433,0.01409,0.01426,160012775.0
2024-03-12 00:00:00,0.01426,0.01483,0.01419,0.01462,398507891.0
2024-03-12 04:00:00,0.01463,0.01534,0.01383,0.01415,1074882826.0
2024-03-12 08:00:00,0.01415,0.01442,0.01352,0.01405,852021052.0
2024-03-12 12:00:00,0.01405,0.01481,0.01382,0.01464,1147739414.0
2024-03-12 16:00:00,0.01463,0.01504,0.01356,0.01494,1112731075.0
2024-03-12 20:00:00,0.01493,0.01642,0.01469,0.01566,1565694164.0
2024-03-13 00:00:00,0.01566,0.01566,0.01498,0.01507,597276500.0
2024-03-13 04:00:00,0.01507,0.01536,0.01502,0.01518,292676465.0
2024-03-13 08:00:00,0.01518,0.01528,0.01496,0.01511,365540239.0
2024-03-13 12:00:00,0.01512,0.01518,0.01459,0.01474,582956043.0
2024-03-13 16:00:00,0.01475,0.01548,0.01475,0.01525,402131383.0
2024-03-13 20:00:00,0.01525,0.01559,0.01513,0.01548,306254909.0
2024-03-14 00:00:00,0.01548,0.01592,0.01525,0.01549,399328258.0
2024-03-14 04:00:00,0.01549,0.01556,0.01503,0.01518,358830619.0
2024-03-14 08:00:00,0.01517,0.01534,0.01479,0.01507,279730254.0
2024-03-14 12:00:00,0.01507,0.0151,0.01395,0.01409,925680759.0
2024-03-14 16:00:00,0.0141,0.01446,0.01342,0.0138,703575523.0
2024-03-14 20:00:00,0.0138,0.01454,0.01378,0.0145,299424769.0
2024-03-15 00:00:00,0.0145,0.01486,0.01281,0.01357,1037454076.0
2024-03-15 04:00:00,0.01357,0.01388,0.01324,0.01376,522441803.0
2024-03-15 08:00:00,0.01377,0.01377,0.01237,0.01314,1199362856.0
2024-03-15 12:00:00,0.01314,0.01342,0.01297,0.01318,355937996.0
2024-03-15 16:00:00,0.01318,0.01403,0.01302,0.01349,722237143.0
2024-03-15 20:00:00,0.01349,0.0139,0.01305,0.01387,377339798.0
2024-03-16 00:00:00,0.01387,0.01481,0.01386,0.01459,546368069.0
2024-03-16 04:00:00,0.01459,0.01536,0.01414,0.01497,924556915.0
2024-03-16 08:00:00,0.01497,0.01518,0.01469,0.01486,672145694.0
2024-03-16 12:00:00,0.01486,0.01489,0.0137,0.01406,949686618.0
2024-03-16 16:00:00,0.01406,0.01407,0.01225,0.0126,1328975551.0
2024-03-16 20:00:00,0.0126,0.01282,0.0123,0.01268,612986215.0
2024-03-17 00:00:00,0.01268,0.01319,0.01244,0.01317,357239522.0
2024-03-17 04:00:00,0.01317,0.01323,0.01229,0.01275,476710323.0
2024-03-17 08:00:00,0.01274,0.01329,0.01264,0.01318,421129988.0
2024-03-17 12:00:00,0.01317,0.01354,0.01276,0.01345,604976321.0
2024-03-17 16:00:00,0.01345,0.0136,0.01334,0.01343,295536221.0
2024-03-17 20:00:00,0.01343,0.01352,0.01318,0.0133,160405422.0
2024-03-18 00:00:00,0.01329,0.0133,0.01274,0.01317,290779035.0
2024-03-18 04:00:00,0.01318,0.01338,0.01302,0.01316,188275560.0
2024-03-18 08:00:00,0.01317,0.01318,0.0127,0.01292,343930655.0
2024-03-18 12:00:00,0.01293,0.01298,0.012,0.0123,549534687.0
2024-03-18 16:00:00,0.0123,0.01245,0.0118,0.0119,591262731.0
2024-03-18 20:00:00,0.01191,0.01223,0.01189,0.01205,281320324.0
2024-03-19 00:00:00,0.01205,0.01218,0.01106,0.0114,803044813.0
2024-03-19 04:00:00,0.0114,0.01153,0.01052,0.01124,848001173.0
2024-03-19 08:00:00,0.01124,0.01141,0.01055,0.01128,1089363162.0
2024-03-19 12:00:00,0.01128,0.012,0.01122,0.01198,927780262.0
2024-03-19 16:00:00,0.01197,0.01221,0.01184,0.01206,551203952.0
2024-03-19 20:00:00,0.01206,0.01208,0.01106,0.0114,637604474.0
2024-03-20 00:00:00,0.01139,0.01173,0.01123,0.01128,510893751.0
2024-03-20 04:00:00,0.01128,0.01184,0.01081,0.01175,868025965.0
2024-03-20 08:00:00,0.01175,0.01209,0.01153,0.01199,519920223.0
2024-03-20 12:00:00,0.01199,0.01218,0.01155,0.01163,556338031.0
2024-03-20 16:00:00,0.01164,0.01264,0.01118,0.01251,904353558.0
2024-03-20 20:00:00,0.01252,0.01286,0.01246,0.01272,469831148.0
2024-03-21 00:00:00,0.01272,0.01296,0.01259,0.01273,322014738.0
2024-03-21 04:00:00,0.01273,0.01321,0.01255,0.01298,787914094.0
2024-03-21 08:00:00,0.01297,0.01319,0.01289,0.01297,395903562.0
2024-03-21 12:00:00,0.01297,0.01328,0.01278,0.0131,528097870.0
2024-03-21 16:00:00,0.0131,0.01337,0.01274,0.01311,513430129.0
2024-03-21 20:00:00,0.0131,0.01335,0.01294,0.01327,254774762.0
2024-03-22 00:00:00,0.01326,0.01381,0.01309,0.01378,450826217.0
2024-03-22 04:00:00,0.01378,0.0138,0.01315,0.0132,529925128.0
2024-03-22 08:00:00,0.01321,0.01325,0.01264,0.01269,666826514.0
2024-03-22 12:00:00,0.01269,0.01286,0.01213,0.01253,737688274.0
2024-03-22 16:00:00,0.01254,0.01255,0.01222,0.01243,404385623.0
2024-03-22 20:00:00,0.01243,0.01255,0.01211,0.01254,340704198.0
2024-03-23 00:00:00,0.01254,0.01267,0.01229,0.01243,314831808.0
2024-03-23 04:00:00,0.01242,0.01278,0.0124,0.01272,267807400.0
2024-03-23 08:00:00,0.01271,0.01278,0.01247,0.01263,237672612.0
2024-03-23 12:00:00,0.01263,0.01291,0.01251,0.01283,317516841.0
2024-03-23 16:00:00,0.01282,0.01288,0.01266,0.01272,216989165.0
2024-03-23 20:00:00,0.01273,0.01277,0.01247,0.01251,165010711.0
2024-03-24 00:00:00,0.01251,0.01285,0.0125,0.01256,253046590.0
2024-03-24 04:00:00,0.01256,0.0127,0.01238,0.01255,224650883.0
2024-03-24 08:00:00,0.01254,0.01276,0.01251,0.0126,194010588.0
2024-03-24 12:00:00,0.0126,0.01285,0.01258,0.01276,201820974.0
2024-03-24 16:00:00,0.01276,0.013,0.01249,0.01293,337432829.0
2024-03-24 20:00:00,0.01293,0.01314,0.01285,0.01303,221849740.0
2024-03-25 00:00:00,0.01303,0.01319,0.01289,0.01309,222517280.0
2024-03-25 04:00:00,0.01309,0.01311,0.01284,0.01288,234991102.0
2024-03-25 08:00:00,0.01287,0.01354,0.01286,0.01323,711085413.0
2024-03-25 12:00:00,0.01323,0.01357,0.01313,0.0135,666221979.0
2024-03-25 16:00:00,0.01349,0.0139,0.01346,0.01389,437224324.0
2024-03-25 20:00:00,0.01389,0.01411,0.01367,0.01388,352954488.0
2024-03-26 00:00:00,0.01388,0.01431,0.01383,0.01419,323367891.0
2024-03-26 04:00:00,0.01418,0.01432,0.01408,0.01416,218790645.0
2024-03-26 08:00:00,0.01415,0.01442,0.01409,0.01427,291465774.0
2024-03-26 12:00:00,0.01426,0.01546,0.01419,0.01457,1754767799.0
2024-03-26 16:00:00,0.01458,0.01545,0.01419,0.01485,1572064094.0
2024-03-26 20:00:00,0.01485,0.01548,0.01479,0.01518,717388321.0
2024-03-27 00:00:00,0.01519,0.01543,0.01498,0.01499,547764047.0
2024-03-27 04:00:00,0.01499,0.01508,0.01448,0.01461,369261297.0
2024-03-27 08:00:00,0.01462,0.01518,0.01456,0.01503,666731243.0
2024-03-27 12:00:00,0.01502,0.01537,0.01447,0.01463,949565547.0
2024-03-27 16:00:00,0.01464,0.01506,0.01454,0.01496,473960668.0
2024-03-27 20:00:00,0.01496,0.01557,0.01493,0.01518,585938937.0
2024-03-28 00:00:00,0.01517,0.01537,0.01476,0.01512,474833275.0
2024-03-28 04:00:00,0.01513,0.01615,0.01503,0.01547,829922990.0
2024-03-28 08:00:00,0.01548,0.01565,0.01471,0.01487,694860826.0
2024-03-28 12:00:00,0.01486,0.01489,0.01434,0.01458,750042441.0
2024-03-28 16:00:00,0.01459,0.01467,0.01448,0.01464,309372814.0
2024-03-28 20:00:00,0.01465,0.01472,0.01451,0.01467,206065449.0
2024-03-29 00:00:00,0.01467,0.0147,0.01442,0.01462,257637899.0
2024-03-29 04:00:00,0.01462,0.01485,0.01453,0.01464,303144110.0
2024-03-29 08:00:00,0.01464,0.01506,0.01464,0.01474,333649620.0
2024-03-29 12:00:00,0.01473,0.0148,0.01407,0.01422,579744634.0
2024-03-29 16:00:00,0.01422,0.01449,0.01417,0.01428,249946145.0
2024-03-29 20:00:00,0.01428,0.01428,0.01393,0.01412,239920154.0
2024-03-30 00:00:00,0.01411,0.01419,0.01388,0.0139,235219764.0
2024-03-30 04:00:00,0.01391,0.01403,0.01363,0.01364,192463533.0
2024-03-30 08:00:00,0.01364,0.01385,0.01364,0.01384,207125198.0
2024-03-30 12:00:00,0.01384,0.01384,0.01354,0.01366,202451652.0
2024-03-30 16:00:00,0.01366,0.01377,0.01354,0.01368,214109589.0
2024-03-30 20:00:00,0.01367,0.0137,0.01341,0.01354,204000279.0
2024-03-31 00:00:00,0.01355,0.01368,0.01343,0.01353,169941717.0
2024-03-31 04:00:00,0.01353,0.01386,0.01348,0.01378,247486842.0
2024-03-31 08:00:00,0.01379,0.01465,0.01372,0.01403,884015925.0
2024-03-31 12:00:00,0.01403,0.01466,0.01398,0.01458,524145457.0
2024-03-31 16:00:00,0.01458,0.01547,0.01416,0.01424,1366118689.0
2024-03-31 20:00:00,0.01424,0.01462,0.01418,0.0143,408220888.0
2024-04-01 00:00:00,0.0143,0.01484,0.01419,0.01468,487825059.0
2024-04-01 04:00:00,0.01468,0.01482,0.01362,0.01441,1116216639.0
2024-04-01 08:00:00,0.01441,0.01445,0.01376,0.01377,522794658.0
2024-04-01 12:00:00,0.01376,0.01434,0.01341,0.01343,773094707.0
2024-04-01 16:00:00,0.01343,0.01355,0.01315,0.01353,461923976.0
2024-04-01 20:00:00,0.01353,0.01386,0.01351,0.01363,264401404.0
2024-04-02 00:00:00,0.01364,0.01386,0.0124,0.01314,919772413.0
2024-04-02 04:00:00,0.01314,0.0135,0.01307,0.01325,323471290.0
2024-04-02 08:00:00,0.01324,0.0133,0.01278,0.01313,547756079.0
2024-04-02 12:00:00,0.01312,0.01328,0.01273,0.01291,396507730.0
2024-04-02 16:00:00,0.01291,0.01314,0.01274,0.01307,320130394.0
2024-04-02 20:00:00,0.01307,0.01315,0.01293,0.01298,195347396.0
2024-04-03 00:00:00,0.01299,0.01322,0.0124,0.01319,429081674.0
2024-04-03 04:00:00,0.01319,0.01349,0.01314,0.01328,283398117.0
2024-04-03 08:00:00,0.01328,0.01352,0.01321,0.01327,298804571.0
2024-04-03 12:00:00,0.01326,0.01347,0.01295,0.01321,398041389.0
2024-04-03 16:00:00,0.0132,0.01344,0.01285,0.013,316828093.0
2024-04-03 20:00:00,0.01301,0.0131,0.0127,0.01297,194886628.0
2024-04-04 00:00:00,0.01297,0.01318,0.01267,0.01271,216001641.0
2024-04-04 04:00:00,0.01271,0.01315,0.01259,0.01309,193654627.0
2024-04-04 08:00:00,0.0131,0.01329,0.01307,0.01321,143005949.0
2024-04-04 12:00:00,0.01321,0.01367,0.01319,0.01354,261319453.0
2024-04-04 16:00:00,0.01354,0.01391,0.01351,0.01357,386598085.0
2024-04-04 20:00:00,0.01357,0.01358,0.01322,0.01337,247785519.0
2024-04-05 00:00:00,0.01336,0.01366,0.01302,0.01358,455167147.0
2024-04-05 04:00:00,0.01357,0.01361,0.01313,0.0134,596778613.0
2024-04-05 08:00:00,0.01341,0.01368,0.01282,0.01286,559348143.0
2024-04-05 12:00:00,0.01286,0.01396,0.01273,0.01388,768309989.0
2024-04-05 16:00:00,0.01387,0.01425,0.0137,0.01392,555699569.0
2024-04-05 20:00:00,0.01392,0.01409,0.01376,0.01378,241697021.0
2024-04-06 00:00:00,0.01378,0.01434,0.01353,0.01356,595353784.0
2024-04-06 04:00:00,0.01356,0.0137,0.01347,0.01351,202495204.0
2024-04-06 08:00:00,0.01351,0.01369,0.01338,0.0134,287252036.0
2024-04-06 12:00:00,0.0134,0.0135,0.01336,0.01338,215348980.0
2024-04-06 16:00:00,0.01338,0.01342,0.01327,0.01329,243172172.0
2024-04-06 20:00:00,0.01329,0.01348,0.01328,0.01339,171112084.0
2024-04-07 00:00:00,0.01338,0.01367,0.01331,0.01363,235200690.0
2024-04-07 04:00:00,0.01363,0.01398,0.01358,0.01395,241729497.0
2024-04-07 08:00:00,0.01394,0.01453,0.01394,0.01424,635066869.0
2024-04-07 12:00:00,0.01424,0.01454,0.01416,0.01424,348946781.0
2024-04-07 16:00:00,0.01424,0.01444,0.01419,0.01427,252209324.0
2024-04-07 20:00:00,0.01427,0.01432,0.01408,0.01421,197218844.0
2024-04-08 00:00:00,0.01422,0.01433,0.01393,0.01397,259044571.0
2024-04-08 04:00:00,0.01397,0.01438,0.01383,0.0143,221355904.0
2024-04-08 08:00:00,0.01431,0.01472,0.01428,0.01468,346084480.0
2024-04-08 12:00:00,0.01468,0.01478,0.01456,0.0146,254510998.0
2024-04-08 16:00:00,0.0146,0.01466,0.01436,0.01444,146719445.0
2024-04-08 20:00:00,0.01444,0.01449,0.01432,0.01439,129083973.0
2024-04-09 00:00:00,0.01439,0.01444,0.01409,0.01416,198149112.0
2024-04-09 04:00:00,0.01416,0.01437,0.0139,0.01399,288328939.0
2024-04-09 08:00:00,0.01399,0.01401,0.0137,0.01398,308966562.0
2024-04-09 12:00:00,0.01398,0.01399,0.01339,0.01365,431189505.0
2024-04-09 16:00:00,0.01366,0.01369,0.01345,0.01365,217485439.0
2024-04-09 20:00:00,0.01364,0.01371,0.01343,0.01349,179976071.0
2024-04-10 00:00:00,0.01349,0.01362,0.01306,0.01331,336006593.0
2024-04-10 04:00:00,0.01331,0.01344,0.01324,0.01326,158882934.0
2024-04-10 08:00:00,0.01325,0.01327,0.01299,0.01312,264051640.0
2024-04-10 12:00:00,0.01312,0.01315,0.01259,0.01288,475881911.0
2024-04-10 16:00:00,0.01288,0.01315,0.0128,0.01302,255324936.0
2024-04-10 20:00:00,0.01302,0.01316,0.01289,0.01307,149939915.0
2024-04-11 00:00:00,0.01306,0.01311,0.01292,0.01301,152571416.0
2024-04-11 04:00:00,0.013,0.0133,0.01295,0.01322,142644296.0
2024-04-11 08:00:00,0.01322,0.01329,0.01271,0.01276,244798774.0
2024-04-11 12:00:00,0.01276,0.01297,0.01262,0.01283,447910441.0
2024-04-11 16:00:00,0.01282,0.01288,0.0126,0.01271,205557843.0
2024-04-11 20:00:00,0.0127,0.01281,0.01262,0.01271,113686117.0
2024-04-12 00:00:00,0.01271,0.013,0.01267,0.01296,127794093.0
2024-04-12 04:00:00,0.01296,0.013,0.01279,0.01283,108961367.0
2024-04-12 08:00:00,0.01282,0.01291,0.01246,0.01261,339958335.0
2024-04-12 12:00:00,0.01261,0.01262,0.01203,0.01209,504963693.0
2024-04-12 16:00:00,0.01209,0.01214,0.009,0.00976,2734984724.0
2024-04-12 20:00:00,0.00976,0.01032,0.00966,0.00985,779900590.0
2024-04-13 00:00:00,0.00985,0.00985,0.00907,0.00942,679517908.0
2024-04-13 04:00:00,0.00942,0.00963,0.00931,0.0095,653390327.0
2024-04-13 08:00:00,0.0095,0.00965,0.00939,0.00942,566341226.0
2024-04-13 12:00:00,0.00942,0.00966,0.00936,0.00945,635934219.0
2024-04-13 16:00:00,0.00946,0.0095,0.00715,0.00772,3247038096.0
2024-04-13 20:00:00,0.00771,0.00782,0.00633,0.00735,3796737605.0
2024-04-14 00:00:00,0.00734,0.00743,0.00672,0.00726,1983168857.0
2024-04-14 04:00:00,0.00726,0.00791,0.00722,0.00788,1364568384.0
2024-04-14 08:00:00,0.00787,0.00795,0.00748,0.00756,1222878140.0
2024-04-14 12:00:00,0.00756,0.00771,0.00732,0.00751,1387403020.0
2024-04-14 16:00:00,0.0075,0.00774,0.00721,0.00763,1481892847.0
2024-04-14 20:00:00,0.00762,0.00797,0.00745,0.00781,993996024.0
2024-04-15 00:00:00,0.00781,0.00781,0.00739,0.00748,767157770.0
2024-04-15 04:00:00,0.00748,0.00823,0.00735,0.00816,1267928504.0
2024-04-15 08:00:00,0.00816,0.00826,0.00801,0.00802,885843726.0
2024-04-15 12:00:00,0.00803,0.00814,0.00756,0.00777,1367376324.0
2024-04-15 16:00:00,0.00776,0.00782,0.00703,0.00739,1630562015.0
2024-04-15 20:00:00,0.00739,0.00745,0.00715,0.00739,499645254.0
2024-04-16 00:00:00,0.00739,0.00753,0.00718,0.00727,649587478.0
2024-04-16 04:00:00,0.00727,0.00758,0.00705,0.00752,879447778.0
2024-04-16 08:00:00,0.00752,0.00755,0.00711,0.00751,1080576642.0
2024-04-16 12:00:00,0.00751,0.00753,0.00712,0.00717,1311395709.0
2024-04-16 16:00:00,0.00716,0.00761,0.00713,0.00746,1106325492.0
2024-04-16 20:00:00,0.00745,0.00772,0.00745,0.00761,439639924.0
2024-04-17 00:00:00,0.00761,0.00765,0.00741,0.0075,824030926.0
2024-04-17 04:00:00,0.00751,0.00764,0.0074,0.00748,641797261.0
2024-04-17 08:00:00,0.00748,0.00754,0.00721,0.00722,689526770.0
2024-04-17 12:00:00,0.00722,0.00735,0.00703,0.00711,1263860135.0
2024-04-17 16:00:00,0.00711,0.00764,0.00698,0.0075,1342411732.0
2024-04-17 20:00:00,0.0075,0.00758,0.00734,0.0074,637260470.0
2024-04-18 00:00:00,0.00741,0.00764,0.00718,0.00752,954536668.0
2024-04-18 04:00:00,0.00753,0.00761,0.00725,0.00731,727096671.0
2024-04-18 08:00:00,0.0073,0.00765,0.0072,0.00752,849494410.0
2024-04-18 12:00:00,0.00752,0.0078,0.00738,0.00776,1014179506.0
2024-04-18 16:00:00,0.00775,0.00782,0.00752,0.00775,687036340.0
2024-04-18 20:00:00,0.00775,0.00785,0.0077,0.0078,405167708.0
2024-04-19 00:00:00,0.0078,0.00781,0.00716,0.0076,1464749454.0
2024-04-19 04:00:00,0.00761,0.00826,0.00759,0.008,1166471484.0
2024-04-19 08:00:00,0.008,0.00818,0.00796,0.00813,741178624.0
2024-04-19 12:00:00,0.00812,0.00819,0.00795,0.00812,759122859.0
2024-04-19 16:00:00,0.00812,0.00816,0.00792,0.00809,701555066.0
2024-04-19 20:00:00,0.00808,0.00809,0.00773,0.0079,582231223.0
2024-04-20 00:00:00,0.00791,0.00802,0.00778,0.00794,537584986.0
2024-04-20 04:00:00,0.00793,0.00805,0.00791,0.00801,237381330.0
2024-04-20 08:00:00,0.008,0.00801,0.00788,0.00798,310444022.0
2024-04-20 12:00:00,0.00797,0.00834,0.00795,0.00833,353367509.0
2024-04-20 16:00:00,0.00833,0.00899,0.00825,0.00876,1078454387.0
2024-04-20 20:00:00,0.00875,0.00904,0.00874,0.00894,415083405.0
2024-04-21 00:00:00,0.00893,0.00905,0.00874,0.00896,429126736.0
2024-04-21 04:00:00,0.00895,0.009,0.00877,0.00886,319286097.0
2024-04-21 08:00:00,0.00886,0.00895,0.00877,0.00887,293356574.0
2024-04-21 12:00:00,0.00887,0.00889,0.00868,0.00882,479761999.0
2024-04-21 16:00:00,0.00883,0.00884,0.00845,0.00864,743529535.0
2024-04-21 20:00:00,0.00863,0.00885,0.00859,0.00877,319882794.0
2024-04-22 00:00:00,0.00878,0.00897,0.00868,0.00892,456876928.0
2024-04-22 04:00:00,0.00891,0.00905,0.00877,0.00877,411896249.0
2024-04-22 08:00:00,0.00877,0.00891,0.0087,0.00881,397032213.0
2024-04-22 12:00:00,0.00882,0.00892,0.0087,0.00883,420156499.0
2024-04-22 16:00:00,0.00883,0.00889,0.00872,0.00878,345907057.0
2024-04-22 20:00:00,0.00877,0.00892,0.00875,0.00882,290107923.0
2024-04-23 00:00:00,0.00882,0.0089,0.00865,0.00869,341686539.0
2024-04-23 04:00:00,0.00868,0.00879,0.00854,0.00859,406237745.0
2024-04-23 08:00:00,0.00858,0.00871,0.00854,0.0086,316119079.0
2024-04-23 12:00:00,0.0086,0.00878,0.00854,0.00867,465179323.0
2024-04-23 16:00:00,0.00867,0.00878,0.00862,0.00876,249517484.0
2024-04-23 20:00:00,0.00876,0.00881,0.00859,0.00862,261823786.0
2024-04-24 00:00:00,0.00861,0.00865,0.00845,0.0086,352469363.0
2024-04-24 04:00:00,0.0086,0.00887,0.00859,0.00875,437288816.0
2024-04-24 08:00:00,0.00874,0.00883,0.00863,0.00878,281231653.0
2024-04-24 12:00:00,0.00879,0.00885,0.00825,0.00827,864126900.0
2024-04-24 16:00:00,0.00828,0.00842,0.00809,0.00823,611387104.0
2024-04-24 20:00:00,0.00822,0.00827,0.00799,0.00811,415520661.0
2024-04-25 00:00:00,0.00812,0.00823,0.00795,0.00798,367947093.0
2024-04-25 04:00:00,0.00797,0.00812,0.00782,0.00799,369762214.0
2024-04-25 08:00:00,0.00799,0.00812,0.00788,0.00808,417990764.0
2024-04-25 12:00:00,0.00808,0.00855,0.00802,0.00852,597346741.0
2024-04-25 16:00:00,0.00851,0.00859,0.00839,0.00844,367653458.0
2024-04-25 20:00:00,0.00843,0.00866,0.0084,0.00841,282059320.0
2024-04-26 00:00:00,0.00841,0.00844,0.00812,0.00825,462342945.0
2024-04-26 04:00:00,0.00825,0.00839,0.00816,0.0082,324663897.0
2024-04-26 08:00:00,0.0082,0.00836,0.00814,0.0082,354334383.0
2024-04-26 12:00:00,0.00819,0.00845,0.00807,0.00828,615036492.0
2024-04-26 16:00:00,0.00829,0.00834,0.00822,0.00829,239073697.0
2024-04-26 20:00:00,0.00829,0.00835,0.00811,0.00819,175752805.0
2024-04-27 00:00:00,0.00819,0.00824,0.00785,0.00815,623282172.0
2024-04-27 04:00:00,0.00815,0.00833,0.00812,0.00816,276750118.0
2024-04-27 08:00:00,0.00817,0.0083,0.00804,0.00812,266605288.0
2024-04-27 12:00:00,0.00811,0.00823,0.00805,0.00808,252230682.0
2024-04-27 16:00:00,0.00807,0.00844,0.00802,0.00827,393441554.0
2024-04-27 20:00:00,0.00828,0.00834,0.00819,0.0083,154710719.0
2024-04-28 00:00:00,0.00829,0.0085,0.00827,0.00844,151875247.0
2024-04-28 04:00:00,0.00844,0.00846,0.00836,0.00839,115661709.0
2024-04-28 08:00:00,0.0084,0.00842,0.00812,0.00815,206851407.0
2024-04-28 12:00:00,0.00814,0.00829,0.00812,0.00818,242910887.0
2024-04-28 16:00:00,0.00818,0.00835,0.00811,0.00816,356527929.0
2024-04-28 20:00:00,0.00815,0.0082,0.00792,0.00798,313770775.0
2024-04-29 00:00:00,0.00798,0.00809,0.00784,0.00785,374568099.0
2024-04-29 04:00:00,0.00786,0.00798,0.0077,0.00778,383800020.0
2024-04-29 08:00:00,0.00778,0.00781,0.00765,0.00767,342837319.0
2024-04-29 12:00:00,0.00767,0.00792,0.00761,0.00788,499615222.0
2024-04-29 16:00:00,0.00788,0.0079,0.00778,0.00785,227667765.0
2024-04-29 20:00:00,0.00786,0.00807,0.00776,0.00799,270311538.0
2024-04-30 00:00:00,0.00798,0.0081,0.00781,0.00798,377599168.0
2024-04-30 04:00:00,0.00798,0.00801,0.00789,0.00791,238223300.0
2024-04-30 08:00:00,0.0079,0.00793,0.00744,0.00748,630269670.0
2024-04-30 12:00:00,0.00747,0.00753,0.00729,0.00735,621228102.0
2024-04-30 16:00:00,0.00735,0.00742,0.00719,0.00726,573644539.0
2024-04-30 20:00:00,0.00727,0.00757,0.00727,0.00746,352990115.0
2024-05-01 00:00:00,0.00746,0.0075,0.00734,0.00747,261250338.0
2024-05-01 04:00:00,0.00747,0.00751,0.00709,0.00718,534280770.0
2024-05-01 08:00:00,0.00718,0.00729,0.00697,0.00729,477552666.0
2024-05-01 12:00:00,0.00728,0.00743,0.00715,0.00722,370928249.0
2024-05-01 16:00:00,0.00721,0.00765,0.00718,0.00738,656420626.0
2024-05-01 20:00:00,0.00738,0.00762,0.00733,0.00757,289816048.0
2024-05-02 00:00:00,0.00758,0.00763,0.0074,0.00745,430737227.0
2024-05-02 04:00:00,0.00745,0.00748,0.00735,0.00736,210233269.0
2024-05-02 08:00:00,0.00737,0.0077,0.00734,0.00766,233049865.0
2024-05-02 12:00:00,0.00766,0.0078,0.00759,0.00774,350949664.0
2024-05-02 16:00:00,0.00775,0.00796,0.00767,0.00784,587025495.0
2024-05-02 20:00:00,0.00784,0.00795,0.00774,0.00785,290344338.0
2024-05-03 00:00:00,0.00784,0.00803,0.00776,0.00793,262333240.0
2024-05-03 04:00:00,0.00794,0.00799,0.00786,0.00788,186499472.0
2024-05-03 08:00:00,0.00788,0.00795,0.00781,0.00785,238772339.0
2024-05-03 12:00:00,0.00786,0.00819,0.0078,0.00814,448731927.0
2024-05-03 16:00:00,0.00815,0.00837,0.00815,0.00832,247977172.0
2024-05-03 20:00:00,0.00832,0.00836,0.00826,0.00828,177306679.0
2024-05-04 00:00:00,0.00828,0.0084,0.00825,0.00831,196884548.0
2024-05-04 04:00:00,0.00831,0.00838,0.00825,0.00827,115680008.0
2024-05-04 08:00:00,0.00827,0.00852,0.00824,0.00842,262291469.0
2024-05-04 12:00:00,0.00842,0.00857,0.0084,0.0085,200075457.0
2024-05-04 16:00:00,0.0085,0.00858,0.00807,0.00844,572437599.0
2024-05-04 20:00:00,0.00844,0.00852,0.00835,0.00836,172809801.0
2024-05-05 00:00:00,0.00836,0.00839,0.00815,0.00823,305607826.0
2024-05-05 04:00:00,0.00823,0.00829,0.00809,0.00824,266324131.0
2024-05-05 08:00:00,0.00824,0.0083,0.00818,0.00825,197307728.0
2024-05-05 12:00:00,0.00824,0.00851,0.00814,0.0085,264971427.0
2024-05-05 16:00:00,0.00849,0.00861,0.00843,0.00847,223608278.0
2024-05-05 20:00:00,0.00846,0.00848,0.00838,0.00845,147737947.0
2024-05-06 00:00:00,0.00845,0.00852,0.00832,0.00837,167093173.0
2024-05-06 04:00:00,0.00836,0.00851,0.00832,0.0085,157785702.0
2024-05-06 08:00:00,0.0085,0.00867,0.00836,0.00853,363425109.0
2024-05-06 12:00:00,0.00854,0.00855,0.00818,0.00833,558940804.0
2024-05-06 16:00:00,0.00834,0.00835,0.00814,0.00822,292785256.0
2024-05-06 20:00:00,0.00822,0.00828,0.00815,0.00815,117545501.0
2024-05-07 00:00:00,0.00815,0.00828,0.00802,0.0081,275082156.0
2024-05-07 04:00:00,0.0081,0.00815,0.00801,0.00806,196592640.0
2024-05-07 08:00:00,0.00806,0.00831,0.00802,0.00812,238821961.0
2024-05-07 12:00:00,0.00812,0.00834,0.00807,0.00823,330409815.0
2024-05-07 16:00:00,0.00823,0.00831,0.00813,0.00816,267245221.0
2024-05-07 20:00:00,0.00816,0.00822,0.00783,0.0079,427872768.0
2024-05-08 00:00:00,0.00789,0.00793,0.00773,0.00785,271570598.0
2024-05-08 04:00:00,0.00785,0.00788,0.00764,0.00769,287395208.0
2024-05-08 08:00:00,0.0077,0.0078,0.00765,0.00768,195558568.0
2024-05-08 12:00:00,0.00768,0.00791,0.00762,0.00784,317830347.0
2024-05-08 16:00:00,0.00783,0.00829,0.00777,0.00806,868060378.0
2024-05-08 20:00:00,0.00806,0.00813,0.00771,0.00784,571202344.0
2024-05-09 00:00:00,0.00783,0.00791,0.00775,0.00787,206520834.0
2024-05-09 04:00:00,0.00787,0.00795,0.00777,0.00781,204076746.0
2024-05-09 08:00:00,0.0078,0.00784,0.00764,0.00777,250674567.0
2024-05-09 12:00:00,0.00777,0.00808,0.00776,0.00805,313659929.0
2024-05-09 16:00:00,0.00805,0.00812,0.00794,0.0081,242241072.0
2024-05-09 20:00:00,0.0081,0.00829,0.00807,0.00825,195888475.0
2024-05-10 00:00:00,0.00824,0.00838,0.00818,0.00821,202389706.0
2024-05-10 04:00:00,0.00822,0.00839,0.0082,0.00837,179304615.0
2024-05-10 08:00:00,0.00837,0.0084,0.00825,0.00831,128192720.0
2024-05-10 12:00:00,0.00831,0.00833,0.0078,0.00784,413132899.0
2024-05-10 16:00:00,0.00783,0.00788,0.00766,0.00771,344787787.0
2024-05-10 20:00:00,0.0077,0.00783,0.00765,0.00779,166024839.0
2024-05-11 00:00:00,0.00779,0.00794,0.00777,0.00785,183282250.0
2024-05-11 04:00:00,0.00786,0.00791,0.00783,0.00785,86527259.0
2024-05-11 08:00:00,0.00786,0.00787,0.00774,0.0078,128769303.0
2024-05-11 12:00:00,0.0078,0.00795,0.00779,0.00789,130338321.0
2024-05-11 16:00:00,0.00789,0.00794,0.00782,0.00783,89902107.0
2024-05-11 20:00:00,0.00783,0.00784,0.0077,0.00773,89208102.0
2024-05-12 00:00:00,0.00773,0.00778,0.00771,0.00773,73360433.0
2024-05-12 04:00:00,0.00774,0.00779,0.00767,0.0077,97736679.0
2024-05-12 08:00:00,0.0077,0.00784,0.00767,0.00777,123514915.0
2024-05-12 12:00:00,0.00778,0.00787,0.00772,0.00782,107737781.0
2024-05-12 16:00:00,0.00782,0.00789,0.00768,0.00772,160324107.0
2024-05-12 20:00:00,0.00772,0.00773,0.00757,0.00762,158605790.0
2024-05-13 00:00:00,0.00762,0.00769,0.00719,0.00729,440126833.0
2024-05-13 04:00:00,0.00729,0.00758,0.00719,0.00757,310050564.0
2024-05-13 08:00:00,0.00758,0.00786,0.00758,0.00777,290879117.0
2024-05-13 12:00:00,0.00776,0.00784,0.00769,0.00778,183192448.0
2024-05-13 16:00:00,0.00778,0.00788,0.0076,0.00766,319127919.0
2024-05-13 20:00:00,0.00767,0.00767,0.00752,0.00759,119398452.0
2024-05-14 00:00:00,0.00758,0.0077,0.00753,0.00758,145082677.0
2024-05-14 04:00:00,0.00757,0.0077,0.00742,0.00759,218602538.0
2024-05-14 08:00:00,0.00759,0.00759,0.00747,0.00752,103540926.0
2024-05-14 12:00:00,0.00752,0.00763,0.00733,0.00746,355700013.0
2024-05-14 16:00:00,0.00746,0.00748,0.00729,0.00737,186954932.0
2024-05-14 20:00:00,0.00738,0.00739,0.00725,0.0073,136531443.0
2024-05-15 00:00:00,0.0073,0.00743,0.00726,0.00742,110663701.0
2024-05-15 04:00:00,0.00742,0.00742,0.00733,0.0074,85216788.0
2024-05-15 08:00:00,0.0074,0.00752,0.00725,0.00738,184618010.0
2024-05-15 12:00:00,0.00737,0.00782,0.00733,0.00779,376619940.0
2024-05-15 16:00:00,0.00778,0.00799,0.00772,0.00798,193258902.0
2024-05-15 20:00:00,0.00799,0.00799,0.00784,0.00792,177747811.0
2024-05-16 00:00:00,0.00793,0.00803,0.00787,0.00798,162537073.0
2024-05-16 04:00:00,0.00798,0.00802,0.00791,0.00796,105817488.0
2024-05-16 08:00:00,0.00796,0.00802,0.00788,0.00794,144883705.0
2024-05-16 12:00:00,0.00794,0.00795,0.0076,0.00772,330071569.0
2024-05-16 16:00:00,0.00772,0.00783,0.0077,0.00777,174390243.0
2024-05-16 20:00:00,0.00777,0.00795,0.00774,0.00787,124215567.0
2024-05-17 00:00:00,0.00787,0.00795,0.00782,0.00789,98745025.0
2024-05-17 04:00:00,0.0079,0.0081,0.00784,0.00808,311485362.0
2024-05-17 08:00:00,0.00809,0.00811,0.0079,0.00794,142508848.0
2024-05-17 12:00:00,0.00793,0.0081,0.00789,0.00801,351136287.0
2024-05-17 16:00:00,0.00801,0.00807,0.00785,0.00793,339961371.0
2024-05-17 20:00:00,0.00793,0.008,0.00791,0.00794,94791514.0
2024-05-18 00:00:00,0.00794,0.008,0.00788,0.00798,105711702.0
2024-05-18 04:00:00,0.00799,0.00801,0.0079,0.00792,105883385.0
2024-05-18 08:00:00,0.00792,0.00798,0.00791,0.00792,112109602.0
2024-05-18 12:00:00,0.00791,0.00792,0.00765,0.00777,220459371.0
2024-05-18 16:00:00,0.00778,0.00787,0.00777,0.00786,87811958.0
2024-05-18 20:00:00,0.00787,0.0079,0.0078,0.00786,65197057.0
2024-05-19 00:00:00,0.00787,0.00792,0.0078,0.00785,71221640.0
2024-05-19 04:00:00,0.00785,0.00786,0.00771,0.00779,92646633.0
2024-05-19 08:00:00,0.00779,0.00782,0.00766,0.00773,133689990.0
2024-05-19 12:00:00,0.00772,0.00773,0.00747,0.00756,264669335.0
2024-05-19 16:00:00,0.00755,0.00759,0.00744,0.0075,193739148.0
2024-05-19 20:00:00,0.00751,0.00754,0.0074,0.00747,113096251.0
2024-05-20 00:00:00,0.00747,0.00755,0.00732,0.00752,208132707.0
2024-05-20 04:00:00,0.00751,0.00773,0.0075,0.00769,273984234.0
2024-05-20 08:00:00,0.00768,0.00776,0.0076,0.00763,159110863.0
2024-05-20 12:00:00,0.00762,0.00776,0.00754,0.00773,153924456.0
2024-05-20 16:00:00,0.00772,0.0082,0.0077,0.00816,526402643.0
2024-05-20 20:00:00,0.00815,0.00834,0.00813,0.00832,291155097.0
2024-05-21 00:00:00,0.00833,0.00849,0.00817,0.00819,299399112.0
2024-05-21 04:00:00,0.00819,0.00831,0.00809,0.00828,192293475.0
2024-05-21 08:00:00,0.00828,0.00831,0.00819,0.00824,175648210.0
2024-05-21 12:00:00,0.00823,0.00827,0.00803,0.00807,351842552.0
2024-05-21 16:00:00,0.00807,0.00824,0.00803,0.00811,296904933.0
2024-05-21 20:00:00,0.00811,0.00829,0.0081,0.00825,171975856.0
2024-05-22 00:00:00,0.00824,0.00826,0.00811,0.00816,181260994.0
2024-05-22 04:00:00,0.00816,0.00828,0.00801,0.00817,261184099.0
2024-05-22 08:00:00,0.00817,0.00838,0.00811,0.0082,223085976.0
2024-05-22 12:00:00,0.0082,0.00831,0.00799,0.0083,383464723.0
2024-05-22 16:00:00,0.0083,0.00833,0.00806,0.00813,265311172.0
2024-05-22 20:00:00,0.00814,0.00822,0.00803,0.00814,206087316.0
2024-05-23 00:00:00,0.00813,0.00824,0.00803,0.00819,292338795.0
2024-05-23 04:00:00,0.00819,0.00827,0.0081,0.0082,204967728.0
2024-05-23 08:00:00,0.0082,0.00821,0.00798,0.00807,260573443.0
2024-05-23 12:00:00,0.00807,0.00819,0.00757,0.00768,901139208.0
2024-05-23 16:00:00,0.00767,0.00769,0.00742,0.00751,417106330.0
2024-05-23 20:00:00,0.00751,0.00777,0.007,0.00767,840714556.0
2024-05-24 00:00:00,0.00766,0.00773,0.00761,0.00768,169118014.0
2024-05-24 04:00:00,0.00768,0.00773,0.0074,0.00754,305704832.0
2024-05-24 08:00:00,0.00755,0.00771,0.00741,0.0077,238080019.0
2024-05-24 12:00:00,0.0077,0.00788,0.00767,0.00777,374273432.0
2024-05-24 16:00:00,0.00777,0.00791,0.00771,0.00787,242596626.0
2024-05-24 20:00:00,0.00788,0.008,0.00786,0.00799,132167678.0
2024-05-25 00:00:00,0.008,0.00838,0.00798,0.00825,401545181.0
2024-05-25 04:00:00,0.00826,0.00836,0.00816,0.00822,342995682.0
2024-05-25 08:00:00,0.00823,0.00831,0.00811,0.00825,290397092.0
2024-05-25 12:00:00,0.00826,0.00829,0.00807,0.00818,305160409.0
2024-05-25 16:00:00,0.00818,0.00823,0.00813,0.00821,112724588.0
2024-05-25 20:00:00,0.00821,0.00824,0.00815,0.0082,98652691.0
2024-05-26 00:00:00,0.00819,0.00826,0.00805,0.00817,191715327.0
2024-05-26 04:00:00,0.00817,0.00817,0.00805,0.00809,221555850.0
2024-05-26 08:00:00,0.00808,0.0081,0.00795,0.00803,189849666.0
2024-05-26 12:00:00,0.00804,0.00827,0.00799,0.00812,260509008.0
2024-05-26 16:00:00,0.00812,0.00816,0.00803,0.0081,132987630.0
2024-05-26 20:00:00,0.0081,0.00813,0.00787,0.00798,189927893.0
2024-05-27 00:00:00,0.00798,0.00809,0.00796,0.00805,111105996.0
2024-05-27 04:00:00,0.00804,0.00809,0.00788,0.00795,251546373.0
2024-05-27 08:00:00,0.00795,0.00815,0.00794,0.00802,275707197.0
2024-05-27 12:00:00,0.00802,0.00826,0.00796,0.00826,427292450.0
2024-05-27 16:00:00,0.00826,0.00837,0.00814,0.00822,243461915.0
2024-05-27 20:00:00,0.00823,0.00838,0.00822,0.00834,167014824.0
2024-05-28 00:00:00,0.00834,0.00835,0.00806,0.00819,323290058.0
2024-05-28 04:00:00,0.00819,0.0082,0.00793,0.00804,353441420.0
2024-05-28 08:00:00,0.00805,0.0082,0.00804,0.00811,253961944.0
2024-05-28 12:00:00,0.00811,0.00814,0.00796,0.0081,274861508.0
2024-05-28 16:00:00,0.00811,0.00831,0.00797,0.00822,229833816.0
2024-05-28 20:00:00,0.00823,0.00874,0.00822,0.0083,949945331.0
2024-05-29 00:00:00,0.00831,0.00863,0.0083,0.00836,493317917.0
2024-05-29 04:00:00,0.00837,0.00875,0.0083,0.00854,521704564.0
2024-05-29 08:00:00,0.00855,0.00869,0.00833,0.00843,669193256.0
2024-05-29 12:00:00,0.00843,0.00851,0.00827,0.00832,431630870.0
2024-05-29 16:00:00,0.00832,0.00844,0.00817,0.00826,524146833.0
2024-05-29 20:00:00,0.00826,0.0085,0.00818,0.00837,412881147.0
2024-05-30 00:00:00,0.00837,0.00851,0.00835,0.00847,162327706.0
2024-05-30 04:00:00,0.00846,0.00847,0.00798,0.00802,361616143.0
2024-05-30 08:00:00,0.00802,0.00817,0.00794,0.00809,264680645.0
2024-05-30 12:00:00,0.0081,0.00831,0.00808,0.0083,239903042.0
2024-05-30 16:00:00,0.00829,0.00866,0.00829,0.00851,621545550.0
2024-05-30 20:00:00,0.00851,0.00852,0.00835,0.0084,190345714.0
2024-05-31 00:00:00,0.0084,0.00848,0.00825,0.00843,213568831.0
2024-05-31 04:00:00,0.00844,0.00877,0.00834,0.00865,577491104.0
2024-05-31 08:00:00,0.00864,0.00877,0.00844,0.00856,342130943.0
2024-05-31 12:00:00,0.00856,0.00868,0.00849,0.00859,367186145.0
2024-05-31 16:00:00,0.00858,0.0088,0.00853,0.00869,615805459.0
2024-05-31 20:00:00,0.00869,0.00879,0.00864,0.00868,209427632.0
2024-06-01 00:00:00,0.00869,0.00871,0.00843,0.00852,281780746.0
2024-06-01 04:00:00,0.00851,0.00854,0.00836,0.00842,135006636.0
2024-06-01 08:00:00,0.00843,0.00849,0.00828,0.00839,252363873.0
2024-06-01 12:00:00,0.00839,0.00856,0.00836,0.00837,208074925.0
2024-06-01 16:00:00,0.00836,0.00855,0.00833,0.00843,322001058.0
2024-06-01 20:00:00,0.00844,0.00889,0.00842,0.00863,493457221.0
2024-06-02 00:00:00,0.00863,0.01042,0.00852,0.00981,3208731050.0
2024-06-02 04:00:00,0.00982,0.011,0.00904,0.00939,6614041791.0
2024-06-02 08:00:00,0.00939,0.01,0.00923,0.00991,3783920384.0
2024-06-02 12:00:00,0.00991,0.01078,0.0096,0.01031,4828632302.0
2024-06-02 16:00:00,0.0103,0.01055,0.00974,0.01002,2922017882.0
2024-06-02 20:00:00,0.01002,0.01003,0.00963,0.00969,1124216041.0
2024-06-03 00:00:00,0.00969,0.01,0.00952,0.00975,1541877047.0
2024-06-03 04:00:00,0.00975,0.00997,0.00928,0.0093,1317820646.0
2024-06-03 08:00:00,0.0093,0.01005,0.00929,0.00983,1681680505.0
2024-06-03 12:00:00,0.00983,0.01064,0.00971,0.01015,1930708183.0
2024-06-03 16:00:00,0.01016,0.01054,0.0101,0.01047,1010268054.0
2024-06-03 20:00:00,0.01047,0.01049,0.01024,0.01029,659764135.0
2024-06-04 00:00:00,0.0103,0.01045,0.00996,0.01029,927785300.0
2024-06-04 04:00:00,0.01029,0.01363,0.01028,0.01288,15450317479.0
2024-06-04 08:00:00,0.01289,0.01439,0.01264,0.01412,11451858229.0
2024-06-04 12:00:00,0.01412,0.01427,0.01082,0.01112,17698259255.0
2024-06-04 16:00:00,0.01112,0.01122,0.01026,0.01039,3674397977.0
2024-06-04 20:00:00,0.01038,0.01075,0.01037,0.01055,1664041702.0
2024-06-05 00:00:00,0.01054,0.01076,0.01046,0.01058,1626574890.0
2024-06-05 04:00:00,0.01058,0.0111,0.01054,0.01105,2274367218.0
2024-06-05 08:00:00,0.01105,0.01159,0.01094,0.01153,3363667778.0
2024-06-05 12:00:00,0.01154,0.01199,0.01096,0.01101,4330712670.0
2024-06-05 16:00:00,0.01101,0.01117,0.01077,0.01097,1623848619.0
2024-06-05 20:00:00,0.01098,0.01108,0.01085,0.01101,828914580.0
2024-06-06 00:00:00,0.01102,0.01131,0.01094,0.0111,1447106138.0
2024-06-06 04:00:00,0.01111,0.01116,0.01067,0.01076,1415907460.0
2024-06-06 08:00:00,0.01077,0.01095,0.01076,0.01086,804627586.0
2024-06-06 12:00:00,0.01086,0.01111,0.01085,0.01098,983564890.0
2024-06-06 16:00:00,0.01098,0.01111,0.01083,0.01086,755429825.0
2024-06-06 20:00:00,0.01087,0.01088,0.01066,0.0108,657460691.0
2024-06-07 00:00:00,0.0108,0.01101,0.01077,0.01086,716068184.0
2024-06-07 04:00:00,0.01086,0.01095,0.01055,0.01081,1011629907.0
2024-06-07 08:00:00,0.01081,0.01106,0.01068,0.01084,906898055.0
2024-06-07 12:00:00,0.01084,0.01102,0.01057,0.01079,1173546170.0
2024-06-07 16:00:00,0.01079,0.01083,0.0083,0.00956,3966244782.0
2024-06-07 20:00:00,0.00956,0.0098,0.00951,0.00971,736126072.0
2024-06-08 00:00:00,0.00971,0.01008,0.00968,0.00994,565309848.0
2024-06-08 04:00:00,0.00993,0.00999,0.00973,0.00992,554034195.0
2024-06-08 08:00:00,0.00991,0.00997,0.00939,0.00944,620282729.0
2024-06-08 12:00:00,0.00944,0.00966,0.00929,0.00956,938367704.0
2024-06-08 16:00:00,0.00956,0.00965,0.00926,0.00945,861190337.0
2024-06-08 20:00:00,0.00946,0.00951,0.00922,0.00935,533969590.0
2024-06-09 00:00:00,0.00934,0.00947,0.00918,0.00931,408204767.0
2024-06-09 04:00:00,0.0093,0.00964,0.00928,0.00944,707486936.0
2024-06-09 08:00:00,0.00945,0.00956,0.00935,0.00938,296066814.0
2024-06-09 12:00:00,0.00937,0.00953,0.0093,0.00945,462617045.0
2024-06-09 16:00:00,0.00945,0.00954,0.0094,0.00946,279382602.0
2024-06-09 20:00:00,0.00946,0.00957,0.00935,0.00943,380091244.0
2024-06-10 00:00:00,0.00943,0.00944,0.00922,0.00925,298033321.0
2024-06-10 04:00:00,0.00925,0.00934,0.00893,0.009,612115289.0
2024-06-10 08:00:00,0.009,0.00938,0.009,0.00917,385883252.0
2024-06-10 12:00:00,0.00917,0.00938,0.00903,0.00931,442622524.0
2024-06-10 16:00:00,0.00931,0.00939,0.00912,0.00914,409707806.0
2024-06-10 20:00:00,0.00914,0.00915,0.00893,0.00899,363805074.0
2024-06-11 00:00:00,0.00899,0.00908,0.0085,0.00882,1116490198.0
2024-06-11 04:00:00,0.00881,0.00892,0.00868,0.00876,567850750.0
2024-06-11 08:00:00,0.00877,0.00897,0.00872,0.00877,483839794.0
2024-06-11 12:00:00,0.00876,0.00882,0.00829,0.00845,988440108.0
2024-06-11 16:00:00,0.00845,0.00861,0.00831,0.00853,558110925.0
2024-06-11 20:00:00,0.00853,0.00863,0.00846,0.0085,217766226.0
2024-06-12 00:00:00,0.0085,0.00852,0.0082,0.00842,429280925.0
2024-06-12 04:00:00,0.00842,0.00855,0.00832,0.00855,322333572.0
2024-06-12 08:00:00,0.00854,0.00859,0.00838,0.00841,368143365.0
2024-06-12 12:00:00,0.00841,0.00911,0.00839,0.00884,1146157098.0
2024-06-12 16:00:00,0.00884,0.00888,0.00848,0.00854,975139317.0
2024-06-12 20:00:00,0.00853,0.00871,0.00848,0.00865,264224206.0
2024-06-13 00:00:00,0.00865,0.00869,0.00811,0.00835,704880507.0
2024-06-13 04:00:00,0.00835,0.00851,0.00831,0.00842,365812749.0
2024-06-13 08:00:00,0.00842,0.00847,0.00829,0.00831,268082312.0
2024-06-13 12:00:00,0.00832,0.00846,0.00812,0.00816,616479955.0
2024-06-13 16:00:00,0.00815,0.00827,0.00809,0.00816,296871988.0
2024-06-13 20:00:00,0.00816,0.00819,0.00798,0.00807,230369509.0
2024-06-14 00:00:00,0.00807,0.00817,0.00791,0.00809,553311919.0
2024-06-14 04:00:00,0.00809,0.00822,0.00804,0.00814,276329543.0
2024-06-14 08:00:00,0.00813,0.00826,0.00811,0.00821,241095694.0
2024-06-14 12:00:00,0.0082,0.00826,0.00794,0.00801,480441546.0
2024-06-14 16:00:00,0.008,0.00803,0.00756,0.00768,889914791.0
2024-06-14 20:00:00,0.00768,0.00796,0.00767,0.00782,296501545.0
2024-06-15 00:00:00,0.00782,0.00783,0.00771,0.00782,230230886.0
2024-06-15 04:00:00,0.00782,0.00791,0.00774,0.00781,253171575.0
2024-06-15 08:00:00,0.00782,0.00785,0.00773,0.00784,176727235.0
2024-06-15 12:00:00,0.00783,0.00796,0.00778,0.0079,284776290.0
2024-06-15 16:00:00,0.00789,0.00793,0.00774,0.00778,175712083.0
2024-06-15 20:00:00,0.00777,0.00778,0.00766,0.00773,172678021.0
2024-06-16 00:00:00,0.00772,0.00774,0.00757,0.00761,239215566.0
2024-06-16 04:00:00,0.00761,0.0078,0.00757,0.00778,281059341.0
2024-06-16 08:00:00,0.00778,0.00794,0.00774,0.00781,259735832.0
2024-06-16 12:00:00,0.00781,0.00798,0.0078,0.00789,307853855.0
2024-06-16 16:00:00,0.0079,0.00793,0.00783,0.00788,237749926.0
2024-06-16 20:00:00,0.00788,0.00801,0.00784,0.0079,298469632.0
2024-06-17 00:00:00,0.00791,0.00802,0.00766,0.0077,577115393.0
2024-06-17 04:00:00,0.0077,0.00781,0.00741,0.00752,669426537.0
2024-06-17 08:00:00,0.00752,0.00758,0.00722,0.00738,704522654.0
2024-06-17 12:00:00,0.00738,0.00747,0.00722,0.00725,481321780.0
2024-06-17 16:00:00,0.00725,0.0073,0.00686,0.0072,1436044965.0
2024-06-17 20:00:00,0.0072,0.00721,0.00684,0.0069,655293621.0
2024-06-18 00:00:00,0.0069,0.00693,0.00557,0.00614,3075533062.0
2024-06-18 04:00:00,0.00614,0.00625,0.00605,0.00617,737884990.0
2024-06-18 08:00:00,0.00617,0.00627,0.00609,0.0062,605703970.0
2024-06-18 12:00:00,0.0062,0.00624,0.00588,0.00602,1608291314.0
2024-06-18 16:00:00,0.00602,0.00602,0.00578,0.00594,1314385252.0
2024-06-18 20:00:00,0.00593,0.00604,0.0058,0.00588,1118992676.0
2024-06-19 00:00:00,0.00589,0.00617,0.00578,0.00605,1342040876.0
2024-06-19 04:00:00,0.00605,0.00611,0.00592,0.00597,630244828.0
2024-06-19 08:00:00,0.00598,0.00604,0.00582,0.00592,856832184.0
2024-06-19 12:00:00,0.00592,0.00601,0.00576,0.00585,825033555.0
2024-06-19 16:00:00,0.00584,0.00608,0.00583,0.00599,675734315.0
2024-06-19 20:00:00,0.006,0.00602,0.00588,0.00593,419855186.0
2024-06-20 00:00:00,0.00592,0.00612,0.00586,0.00605,1095551297.0
2024-06-20 04:00:00,0.00605,0.00635,0.006,0.00634,992176963.0
2024-06-20 08:00:00,0.00634,0.00635,0.00619,0.00625,751093645.0
2024-06-20 12:00:00,0.00626,0.00631,0.00604,0.00605,1434193674.0
2024-06-20 16:00:00,0.00605,0.00614,0.00594,0.00613,932281820.0
2024-06-20 20:00:00,0.00613,0.00615,0.00605,0.00608,426471449.0
2024-06-21 00:00:00,0.00607,0.00621,0.00599,0.00614,612454558.0
2024-06-21 04:00:00,0.00614,0.0062,0.00599,0.00605,570314675.0
2024-06-21 08:00:00,0.00605,0.00619,0.00596,0.00616,866939091.0
2024-06-21 12:00:00,0.00615,0.00632,0.00605,0.00625,1039039901.0
2024-06-21 16:00:00,0.00624,0.00629,0.00603,0.00616,880023748.0
2024-06-21 20:00:00,0.00615,0.00621,0.00608,0.00612,368939214.0
2024-06-22 00:00:00,0.00611,0.00615,0.006,0.00614,489164450.0
2024-06-22 04:00:00,0.00614,0.00626,0.00611,0.00613,365700955.0
2024-06-22 08:00:00,0.00612,0.00614,0.00605,0.0061,363073988.0
2024-06-22 12:00:00,0.00609,0.00618,0.00607,0.00617,358660319.0
2024-06-22 16:00:00,0.00616,0.00623,0.00613,0.00619,343329932.0
2024-06-22 20:00:00,0.00619,0.00621,0.00611,0.00613,289092932.0
2024-06-23 00:00:00,0.00614,0.00628,0.00611,0.00625,365808380.0
2024-06-23 04:00:00,0.00626,0.00627,0.00618,0.00623,253782435.0
2024-06-23 08:00:00,0.00622,0.00628,0.00614,0.00618,325558169.0
2024-06-23 12:00:00,0.00618,0.00619,0.006,0.00606,404569779.0
2024-06-23 16:00:00,0.00605,0.00607,0.00593,0.00603,492178421.0
2024-06-23 20:00:00,0.00603,0.00613,0.0059,0.00607,639705086.0
2024-06-24 00:00:00,0.00607,0.00614,0.00597,0.00603,673055682.0
2024-06-24 04:00:00,0.00604,0.00606,0.00581,0.00593,867733082.0
2024-06-24 08:00:00,0.00593,0.00608,0.00555,0.00602,1533588462.0
2024-06-24 12:00:00,0.00601,0.00614,0.00597,0.00602,887220630.0
2024-06-24 16:00:00,0.00602,0.00611,0.00594,0.00597,1409316619.0
2024-06-24 20:00:00,0.00598,0.00626,0.00587,0.00625,748562036.0
2024-06-25 00:00:00,0.00625,0.00634,0.00619,0.00627,492424083.0
2024-06-25 04:00:00,0.00627,0.0063,0.00617,0.0062,362126590.0
2024-06-25 08:00:00,0.00621,0.00641,0.00619,0.00639,535763474.0
2024-06-25 12:00:00,0.00639,0.00649,0.00634,0.00644,571513007.0
2024-06-25 16:00:00,0.00644,0.00649,0.00638,0.00646,393428255.0
2024-06-25 20:00:00,0.00646,0.00647,0.00639,0.00641,265166653.0
2024-06-26 00:00:00,0.00642,0.00649,0.00637,0.00641,305873745.0
2024-06-26 04:00:00,0.00642,0.00643,0.00636,0.00643,321427651.0
2024-06-26 08:00:00,0.00642,0.00647,0.00635,0.00636,386758678.0
2024-06-26 12:00:00,0.00637,0.00645,0.00631,0.00633,440332613.0
2024-06-26 16:00:00,0.00634,0.00634,0.00618,0.00633,475539293.0
2024-06-26 20:00:00,0.00634,0.00639,0.00621,0.00622,262809278.0
2024-06-27 00:00:00,0.00623,0.00623,0.00609,0.00613,479280974.0
2024-06-27 04:00:00,0.00613,0.00616,0.00602,0.00603,431189349.0
2024-06-27 08:00:00,0.00603,0.00625,0.006,0.00622,483809263.0
2024-06-27 12:00:00,0.00622,0.00645,0.00621,0.00627,680020009.0
2024-06-27 16:00:00,0.00628,0.0063,0.00617,0.00621,395394193.0
2024-06-27 20:00:00,0.00622,0.00627,0.00619,0.00622,213381310.0
2024-06-28 00:00:00,0.00622,0.00632,0.00614,0.00625,533159644.0
2024-06-28 04:00:00,0.00624,0.00625,0.00614,0.00622,350649180.0
2024-06-28 08:00:00,0.00622,0.00641,0.00621,0.00633,573996538.0
2024-06-28 12:00:00,0.00633,0.00644,0.00627,0.00633,735495748.0
2024-06-28 16:00:00,0.00632,0.00635,0.00614,0.00623,545593285.0
2024-06-28 20:00:00,0.00623,0.00625,0.00607,0.0061,319545857.0
2024-06-29 00:00:00,0.00609,0.00628,0.00609,0.00623,294802018.0
2024-06-29 04:00:00,0.00622,0.00623,0.00614,0.00618,217445207.0
2024-06-29 08:00:00,0.00618,0.00619,0.0061,0.00614,230680602.0
2024-06-29 12:00:00,0.00614,0.00615,0.00606,0.00611,247118231.0
2024-06-29 16:00:00,0.00611,0.00612,0.00598,0.00604,253397097.0
2024-06-29 20:00:00,0.00604,0.00605,0.00597,0.006,272418491.0
2024-06-30 00:00:00,0.006,0.006,0.00586,0.00594,510371568.0
2024-06-30 04:00:00,0.00594,0.00612,0.00589,0.00612,341574174.0
2024-06-30 08:00:00,0.00611,0.00619,0.00608,0.00611,355853327.0
2024-06-30 12:00:00,0.00611,0.00616,0.00606,0.00614,323709624.0
2024-06-30 16:00:00,0.00615,0.00619,0.0061,0.00617,318646396.0
2024-06-30 20:00:00,0.00617,0.00629,0.00613,0.00624,286661987.0
2024-07-01 00:00:00,0.00624,0.00637,0.00623,0.00631,368421086.0
2024-07-01 04:00:00,0.00632,0.00635,0.00622,0.00626,268844320.0
2024-07-01 08:00:00,0.00626,0.00628,0.00616,0.00619,289506101.0
2024-07-01 12:00:00,0.00619,0.00621,0.006,0.00612,567079010.0
2024-07-01 16:00:00,0.00612,0.00624,0.0061,0.00623,390546148.0
2024-07-01 20:00:00,0.00622,0.00626,0.00611,0.00614,247757443.0
2024-07-02 00:00:00,0.00614,0.0062,0.00611,0.00619,252503757.0
2024-07-02 04:00:00,0.00618,0.00623,0.00613,0.00616,240708790.0
2024-07-02 08:00:00,0.00616,0.00618,0.00611,0.00614,181803357.0
2024-07-02 12:00:00,0.00613,0.00623,0.00609,0.0061,409371106.0
2024-07-02 16:00:00,0.0061,0.00616,0.00603,0.00612,234854472.0
2024-07-02 20:00:00,0.00612,0.00616,0.00609,0.00613,179380950.0
2024-07-03 00:00:00,0.00613,0.00617,0.00589,0.00597,407039679.0
2024-07-03 04:00:00,0.00596,0.00608,0.00592,0.00606,250406969.0
2024-07-03 08:00:00,0.00606,0.00608,0.00587,0.00598,503705745.0
2024-07-03 12:00:00,0.00598,0.00601,0.00589,0.00593,429952744.0
2024-07-03 16:00:00,0.00593,0.00596,0.00571,0.00576,417330914.0
2024-07-03 20:00:00,0.00577,0.00585,0.00574,0.0058,282604393.0
2024-07-04 00:00:00,0.0058,0.00584,0.00545,0.00564,1206193767.0
2024-07-04 04:00:00,0.00564,0.00569,0.00552,0.00555,342257432.0
2024-07-04 08:00:00,0.00555,0.00558,0.00543,0.00546,605401860.0
2024-07-04 12:00:00,0.00546,0.00548,0.00522,0.00535,869088138.0
2024-07-04 16:00:00,0.00535,0.00536,0.00523,0.00526,565139580.0
2024-07-04 20:00:00,0.00525,0.00538,0.00498,0.00505,749377145.0
2024-07-05 00:00:00,0.00505,0.00505,0.00418,0.00445,3815751204.0
2024-07-05 04:00:00,0.00445,0.00462,0.00432,0.00457,1004660524.0
2024-07-05 08:00:00,0.00457,0.00466,0.00441,0.00462,839727118.0
2024-07-05 12:00:00,0.00461,0.00484,0.00457,0.00478,955855607.0
2024-07-05 16:00:00,0.00478,0.00484,0.00472,0.00475,708013209.0
2024-07-05 20:00:00,0.00476,0.00479,0.0047,0.00473,472121376.0
2024-07-06 00:00:00,0.00473,0.00488,0.00465,0.00474,944024453.0
2024-07-06 04:00:00,0.00474,0.00486,0.00468,0.00481,497407020.0
2024-07-06 08:00:00,0.00481,0.00485,0.00475,0.00479,489314502.0
2024-07-06 12:00:00,0.00479,0.00492,0.00476,0.0049,501170471.0
2024-07-06 16:00:00,0.00491,0.00516,0.00488,0.00515,489594623.0
2024-07-06 20:00:00,0.00514,0.00517,0.00507,0.00512,319729705.0
2024-07-07 00:00:00,0.00512,0.00514,0.00503,0.00511,410359309.0
2024-07-07 04:00:00,0.00512,0.00513,0.00499,0.00504,401763315.0
2024-07-07 08:00:00,0.00504,0.0052,0.00504,0.00518,523066194.0
2024-07-07 12:00:00,0.00518,0.00525,0.00495,0.00499,1097398318.0
2024-07-07 16:00:00,0.005,0.00511,0.00498,0.00503,619251232.0
2024-07-07 20:00:00,0.00503,0.00506,0.00487,0.00491,585911020.0
2024-07-08 00:00:00,0.00491,0.00496,0.00465,0.00489,1530980643.0
2024-07-08 04:00:00,0.00488,0.00501,0.00486,0.00494,925679533.0
2024-07-08 08:00:00,0.00494,0.00533,0.00492,0.00529,1161382140.0
2024-07-08 12:00:00,0.00529,0.00529,0.00497,0.00509,1509389669.0
2024-07-08 16:00:00,0.00508,0.00513,0.00502,0.0051,596893256.0
2024-07-08 20:00:00,0.0051,0.00514,0.00505,0.00512,363832618.0
2024-07-09 00:00:00,0.00512,0.00524,0.00507,0.00517,524165767.0
2024-07-09 04:00:00,0.00516,0.00519,0.00511,0.00515,325964791.0
2024-07-09 08:00:00,0.00515,0.00521,0.00511,0.00518,351395705.0
2024-07-09 12:00:00,0.00517,0.00523,0.00508,0.00518,547163967.0
2024-07-09 16:00:00,0.00517,0.00521,0.00513,0.00517,306007572.0
2024-07-09 20:00:00,0.00517,0.00521,0.00511,0.00515,333973159.0
2024-07-10 00:00:00,0.00516,0.00516,0.00507,0.00513,412775025.0
2024-07-10 04:00:00,0.00513,0.00528,0.00512,0.00518,372946796.0
2024-07-10 08:00:00,0.00517,0.00518,0.00509,0.00515,289024163.0
2024-07-10 12:00:00,0.00514,0.00519,0.00508,0.00516,401778172.0
2024-07-10 16:00:00,0.00516,0.00519,0.00511,0.00513,199126433.0
2024-07-10 20:00:00,0.00513,0.00516,0.00507,0.00514,178560914.0
2024-07-11 00:00:00,0.00514,0.00522,0.00508,0.00511,372753137.0
2024-07-11 04:00:00,0.00512,0.00518,0.0051,0.00517,197071076.0
2024-07-11 08:00:00,0.00516,0.00523,0.00514,0.00523,166257971.0
2024-07-11 12:00:00,0.00523,0.00534,0.00513,0.00515,686770695.0
2024-07-11 16:00:00,0.00515,0.00521,0.00509,0.00514,178460732.0
2024-07-11 20:00:00,0.00513,0.00515,0.00503,0.00507,271145106.0
2024-07-12 00:00:00,0.00508,0.00522,0.00507,0.00515,339368926.0
2024-07-12 04:00:00,0.00515,0.00521,0.00511,0.00517,241657515.0
2024-07-12 08:00:00,0.00517,0.0052,0.00508,0.00511,192861521.0
2024-07-12 12:00:00,0.00512,0.00531,0.00509,0.0053,393036468.0
2024-07-12 16:00:00,0.00529,0.00542,0.00527,0.00534,350244074.0
2024-07-12 20:00:00,0.00534,0.00539,0.00531,0.00536,218055360.0
2024-07-13 00:00:00,0.00536,0.00538,0.00531,0.00533,134880292.0
2024-07-13 04:00:00,0.00532,0.0054,0.0053,0.00539,160432380.0
2024-07-13 08:00:00,0.00539,0.00544,0.00533,0.00536,438238957.0
2024-07-13 12:00:00,0.00536,0.0054,0.00531,0.00535,135209496.0
2024-07-13 16:00:00,0.00535,0.00538,0.00532,0.00537,112672182.0
2024-07-13 20:00:00,0.00538,0.00548,0.00535,0.00545,299620608.0
2024-07-14 00:00:00,0.00545,0.00551,0.00541,0.00551,199961274.0
2024-07-14 04:00:00,0.00551,0.00558,0.00549,0.00551,210931962.0
2024-07-14 08:00:00,0.00551,0.00554,0.00544,0.00546,206331233.0
2024-07-14 12:00:00,0.00546,0.00553,0.00541,0.00551,291818245.0
2024-07-14 16:00:00,0.0055,0.00552,0.00547,0.0055,77167521.0
2024-07-14 20:00:00,0.0055,0.00568,0.00549,0.00566,256482662.0
2024-07-15 00:00:00,0.00566,0.00576,0.00564,0.00575,306889345.0
2024-07-15 04:00:00,0.00575,0.00576,0.00565,0.00569,155315479.0
2024-07-15 08:00:00,0.00569,0.00574,0.00565,0.0057,170073940.0
2024-07-15 12:00:00,0.0057,0.00576,0.00565,0.00572,228698900.0
2024-07-15 16:00:00,0.00572,0.00584,0.0057,0.0058,304279260.0
2024-07-15 20:00:00,0.0058,0.00594,0.00579,0.00593,302245298.0
2024-07-16 00:00:00,0.00594,0.00609,0.00589,0.00609,329998461.0
2024-07-16 04:00:00,0.00609,0.0061,0.00581,0.00582,562170347.0
2024-07-16 08:00:00,0.00582,0.00591,0.00571,0.00588,363839586.0
2024-07-16 12:00:00,0.00588,0.0061,0.00584,0.00609,361195396.0
2024-07-16 16:00:00,0.00609,0.00627,0.00606,0.00617,536356725.0
2024-07-16 20:00:00,0.00617,0.00646,0.00608,0.00619,919817340.0
2024-07-17 00:00:00,0.0062,0.00636,0.00618,0.00621,524583833.0
2024-07-17 04:00:00,0.00622,0.00632,0.00619,0.0063,221450355.0
2024-07-17 08:00:00,0.0063,0.00637,0.00622,0.00629,304757350.0
2024-07-17 12:00:00,0.0063,0.00647,0.00627,0.00637,432160463.0
2024-07-17 16:00:00,0.00637,0.00638,0.00617,0.00634,382452207.0
2024-07-17 20:00:00,0.00634,0.00635,0.00625,0.00627,201815774.0
2024-07-18 00:00:00,0.00628,0.00644,0.00627,0.00639,214686686.0
2024-07-18 04:00:00,0.00639,0.00642,0.00624,0.00625,241918804.0
2024-07-18 08:00:00,0.00625,0.0063,0.00616,0.00627,279068613.0
2024-07-18 12:00:00,0.00626,0.0063,0.00593,0.00595,441018824.0
2024-07-18 16:00:00,0.00596,0.00604,0.00585,0.0059,346911502.0
2024-07-18 20:00:00,0.00589,0.00608,0.00586,0.00606,166812086.0
2024-07-19 00:00:00,0.00607,0.0061,0.00586,0.00606,233869561.0
2024-07-19 04:00:00,0.00607,0.00616,0.00598,0.00602,235491790.0
2024-07-19 08:00:00,0.00602,0.00605,0.00593,0.00603,274928319.0
2024-07-19 12:00:00,0.00603,0.00618,0.00601,0.00612,255120886.0
2024-07-19 16:00:00,0.00612,0.0063,0.00611,0.00628,269973527.0
2024-07-19 20:00:00,0.00627,0.00631,0.00622,0.0063,151148821.0
2024-07-20 00:00:00,0.0063,0.00632,0.00614,0.00622,217503887.0
2024-07-20 04:00:00,0.00622,0.00628,0.00619,0.00625,147906019.0
2024-07-20 08:00:00,0.00624,0.00626,0.00613,0.00615,150465250.0
2024-07-20 12:00:00,0.00615,0.00627,0.00608,0.00626,202826045.0
2024-07-20 16:00:00,0.00626,0.00629,0.0062,0.00623,239832597.0
2024-07-20 20:00:00,0.00624,0.00626,0.00617,0.0062,122797182.0
2024-07-21 00:00:00,0.00619,0.00624,0.00616,0.00621,123535481.0
2024-07-21 04:00:00,0.0062,0.00622,0.0061,0.00613,188225335.0
2024-07-21 08:00:00,0.00613,0.00618,0.00611,0.00612,123132771.0
2024-07-21 12:00:00,0.00612,0.00619,0.00601,0.00613,260058956.0
2024-07-21 16:00:00,0.00612,0.00616,0.00579,0.00605,660128382.0
2024-07-21 20:00:00,0.00604,0.00621,0.00603,0.00618,275286833.0
2024-07-22 00:00:00,0.00618,0.0062,0.00607,0.00608,161471897.0
2024-07-22 04:00:00,0.00607,0.00609,0.00593,0.00595,205061594.0
2024-07-22 08:00:00,0.00594,0.00604,0.00589,0.00604,190666696.0
2024-07-22 12:00:00,0.00604,0.00606,0.0058,0.00584,450048298.0
2024-07-22 16:00:00,0.00584,0.00601,0.00577,0.00599,347028582.0
2024-07-22 20:00:00,0.00599,0.006,0.00573,0.00578,318127975.0
2024-07-23 00:00:00,0.00577,0.00589,0.00576,0.00582,250536451.0
2024-07-23 04:00:00,0.00582,0.00585,0.00565,0.00572,358333735.0
2024-07-23 08:00:00,0.00572,0.0059,0.00572,0.00584,298089914.0
2024-07-23 12:00:00,0.00583,0.00585,0.00569,0.0057,501334449.0
2024-07-23 16:00:00,0.00569,0.0057,0.00546,0.00561,498876690.0
2024-07-23 20:00:00,0.0056,0.00561,0.00546,0.00551,177723977.0
2024-07-24 00:00:00,0.0055,0.0056,0.00545,0.00559,218828831.0
2024-07-24 04:00:00,0.00558,0.00564,0.00552,0.00564,149231534.0
2024-07-24 08:00:00,0.00563,0.00568,0.00562,0.00563,191443207.0
2024-07-24 12:00:00,0.00563,0.00566,0.00553,0.00555,227173455.0
2024-07-24 16:00:00,0.00555,0.00562,0.00549,0.00553,221468754.0
2024-07-24 20:00:00,0.00553,0.00556,0.00535,0.0054,267379861.0
2024-07-25 00:00:00,0.00541,0.00543,0.00512,0.0052,839582302.0
2024-07-25 04:00:00,0.0052,0.00531,0.00516,0.00521,307320659.0
2024-07-25 08:00:00,0.0052,0.00527,0.00518,0.00523,229275888.0
2024-07-25 12:00:00,0.00523,0.00537,0.00514,0.00527,506977707.0
2024-07-25 16:00:00,0.00526,0.00534,0.0051,0.00518,348430648.0
2024-07-25 20:00:00,0.00518,0.00539,0.00507,0.00538,343175384.0
2024-07-26 00:00:00,0.00538,0.00551,0.00533,0.00546,293745467.0
2024-07-26 04:00:00,0.00546,0.00552,0.00542,0.0055,180223778.0
2024-07-26 08:00:00,0.0055,0.00552,0.00541,0.00547,172882681.0
2024-07-26 12:00:00,0.00547,0.00557,0.0054,0.00546,566184251.0
2024-07-26 16:00:00,0.00547,0.00578,0.00546,0.00557,1002152051.0
2024-07-26 20:00:00,0.00558,0.00565,0.00555,0.00561,160541165.0
2024-07-27 00:00:00,0.00561,0.00564,0.00556,0.00558,220110982.0
2024-07-27 04:00:00,0.00557,0.00578,0.00557,0.00569,261482289.0
2024-07-27 08:00:00,0.0057,0.00572,0.00563,0.00569,200842968.0
2024-07-27 12:00:00,0.00568,0.00579,0.00562,0.00566,410641725.0
2024-07-27 16:00:00,0.00566,0.00578,0.00562,0.00576,511362894.0
2024-07-27 20:00:00,0.00577,0.0059,0.00565,0.00583,669262409.0
2024-07-28 00:00:00,0.00583,0.00632,0.00582,0.006,2701669173.0
2024-07-28 04:00:00,0.006,0.00612,0.00575,0.00583,1561497266.0
2024-07-28 08:00:00,0.00584,0.00616,0.00583,0.00598,1749255612.0
2024-07-28 12:00:00,0.00598,0.00605,0.00584,0.00589,1020276749.0
2024-07-28 16:00:00,0.00589,0.00596,0.00581,0.00583,640282934.0
2024-07-28 20:00:00,0.00584,0.00585,0.0057,0.00577,510113761.0
2024-07-29 00:00:00,0.00577,0.006,0.00575,0.00596,726280301.0
2024-07-29 04:00:00,0.00596,0.006,0.00588,0.0059,299762862.0
2024-07-29 08:00:00,0.00589,0.00597,0.00588,0.0059,266242086.0
2024-07-29 12:00:00,0.0059,0.00602,0.00574,0.00578,840224598.0
2024-07-29 16:00:00,0.00578,0.00584,0.00561,0.00581,731939760.0
2024-07-29 20:00:00,0.00581,0.00582,0.00571,0.00571,349134848.0
2024-07-30 00:00:00,0.00572,0.00583,0.00565,0.00583,434030326.0
2024-07-30 04:00:00,0.00582,0.0059,0.00581,0.00586,260421314.0
2024-07-30 08:00:00,0.00586,0.00598,0.00584,0.00584,356550711.0
2024-07-30 12:00:00,0.00584,0.00591,0.00578,0.00584,359051814.0
2024-07-30 16:00:00,0.00584,0.00585,0.0056,0.00563,302038765.0
2024-07-30 20:00:00,0.00563,0.00566,0.00551,0.00562,340025128.0
2024-07-31 00:00:00,0.00563,0.00573,0.00559,0.00564,364069270.0
2024-07-31 04:00:00,0.00565,0.00578,0.00556,0.00573,315865346.0
2024-07-31 08:00:00,0.00574,0.00576,0.00561,0.00562,245729056.0
2024-07-31 12:00:00,0.00563,0.00575,0.0056,0.00565,354467393.0
2024-07-31 16:00:00,0.00566,0.00573,0.00557,0.0056,613165565.0
2024-07-31 20:00:00,0.0056,0.00561,0.00546,0.0055,447417171.0
2024-08-01 00:00:00,0.00549,0.00556,0.00547,0.0055,371631828.0
2024-08-01 04:00:00,0.00551,0.00553,0.00531,0.00535,504410567.0
2024-08-01 08:00:00,0.00535,0.00548,0.00534,0.00544,238525128.0
2024-08-01 12:00:00,0.00544,0.00551,0.0052,0.0052,594623897.0
2024-08-01 16:00:00,0.00521,0.00521,0.00472,0.00496,1531655710.0
2024-08-01 20:00:00,0.00496,0.00529,0.0049,0.00523,468200457.0
2024-08-02 00:00:00,0.00522,0.00528,0.00509,0.00518,349566981.0
2024-08-02 04:00:00,0.00518,0.0052,0.00503,0.00513,396381697.0
2024-08-02 08:00:00,0.00513,0.00522,0.00508,0.00517,345356046.0
2024-08-02 12:00:00,0.00517,0.0053,0.0049,0.00505,1298345405.0
2024-08-02 16:00:00,0.00505,0.00509,0.00494,0.00499,629947277.0
2024-08-02 20:00:00,0.00499,0.00504,0.00488,0.00499,484387360.0
2024-08-03 00:00:00,0.00498,0.00501,0.00479,0.00497,541052653.0
2024-08-03 04:00:00,0.00497,0.00502,0.00495,0.00498,230676703.0
2024-08-03 08:00:00,0.00498,0.00498,0.00492,0.00494,277343469.0
2024-08-03 12:00:00,0.00494,0.00502,0.00477,0.00479,392118187.0
2024-08-03 16:00:00,0.00478,0.0048,0.00448,0.00452,1156053851.0
2024-08-03 20:00:00,0.00452,0.00464,0.0045,0.00463,393570434.0
2024-08-04 00:00:00,0.00462,0.00473,0.00461,0.00469,301315842.0
2024-08-04 04:00:00,0.00469,0.00472,0.00464,0.00465,271696898.0
2024-08-04 08:00:00,0.00465,0.00468,0.00462,0.00464,301172776.0
2024-08-04 12:00:00,0.00463,0.00469,0.00436,0.00438,788175458.0
2024-08-04 16:00:00,0.00437,0.00451,0.00414,0.00446,1449383622.0
2024-08-04 20:00:00,0.00446,0.00453,0.00435,0.00437,523580206.0
2024-08-05 00:00:00,0.00437,0.0044,0.00343,0.00368,3624941591.0
2024-08-05 04:00:00,0.00367,0.00374,0.00318,0.00348,3656177013.0
2024-08-05 08:00:00,0.00348,0.0035,0.00312,0.00325,2206515777.0
2024-08-05 12:00:00,0.00325,0.00359,0.0031,0.00357,2774053224.0
2024-08-05 16:00:00,0.00356,0.00369,0.00348,0.00354,1393874162.0
2024-08-05 20:00:00,0.00354,0.00364,0.00351,0.00353,835692076.0
2024-08-06 00:00:00,0.00353,0.00381,0.00353,0.00373,1393239696.0
2024-08-06 04:00:00,0.00374,0.00385,0.00372,0.00379,882770906.0
2024-08-06 08:00:00,0.00379,0.0038,0.00368,0.00374,886970329.0
2024-08-06 12:00:00,0.00373,0.0039,0.00365,0.00388,1534728437.0
2024-08-06 16:00:00,0.00387,0.004,0.00384,0.00392,914637532.0
2024-08-06 20:00:00,0.00391,0.00399,0.0039,0.00393,782390873.0
2024-08-07 00:00:00,0.00392,0.00413,0.00388,0.0041,1043777625.0
2024-08-07 04:00:00,0.0041,0.00438,0.00409,0.00432,1855746060.0
2024-08-07 08:00:00,0.00432,0.00433,0.00415,0.00415,1769164509.0
2024-08-07 12:00:00,0.00416,0.00424,0.004,0.00411,2493495070.0
2024-08-07 16:00:00,0.00411,0.00413,0.00393,0.00398,1407765443.0
2024-08-07 20:00:00,0.00398,0.00402,0.00388,0.00396,852387402.0
2024-08-08 00:00:00,0.00396,0.00419,0.00387,0.00409,1507931472.0
2024-08-08 04:00:00,0.00409,0.00415,0.00404,0.00405,583409311.0
2024-08-08 08:00:00,0.00405,0.00412,0.00404,0.00406,621542942.0
2024-08-08 12:00:00,0.00407,0.00424,0.00405,0.00421,1421778678.0
2024-08-08 16:00:00,0.0042,0.00428,0.00415,0.00417,601834337.0
2024-08-08 20:00:00,0.00417,0.00436,0.00415,0.00434,754365182.0
2024-08-09 00:00:00,0.00434,0.00434,0.00422,0.00426,570257180.0
2024-08-09 04:00:00,0.00426,0.00427,0.00415,0.00423,489618098.0
2024-08-09 08:00:00,0.00423,0.00428,0.00418,0.00423,636825620.0
2024-08-09 12:00:00,0.00423,0.00429,0.00411,0.00416,1343093385.0
2024-08-09 16:00:00,0.00416,0.00421,0.00413,0.00419,605214059.0
2024-08-09 20:00:00,0.00419,0.00425,0.00416,0.00425,786031449.0
2024-08-10 00:00:00,0.00425,0.00432,0.00419,0.00421,1039241378.0
2024-08-10 04:00:00,0.00422,0.00425,0.00418,0.00424,592259168.0
2024-08-10 08:00:00,0.00424,0.00435,0.00421,0.00433,403074622.0
2024-08-10 12:00:00,0.00433,0.00441,0.00427,0.0043,541556296.0
2024-08-10 16:00:00,0.00429,0.00445,0.00428,0.00441,566297290.0
2024-08-10 20:00:00,0.00441,0.00442,0.00435,0.00438,305776036.0
2024-08-11 00:00:00,0.00437,0.00442,0.00435,0.00438,408531906.0
2024-08-11 04:00:00,0.00438,0.0044,0.00434,0.00437,290808403.0
2024-08-11 08:00:00,0.00437,0.00449,0.0043,0.00432,564376262.0
2024-08-11 12:00:00,0.00433,0.00435,0.00413,0.00415,772151217.0
2024-08-11 16:00:00,0.00415,0.00417,0.00403,0.00403,612042636.0
2024-08-11 20:00:00,0.00404,0.00406,0.00395,0.00399,1001825010.0
2024-08-12 00:00:00,0.00398,0.00411,0.00397,0.00407,679566852.0
2024-08-12 04:00:00,0.00408,0.00411,0.00397,0.00407,871488413.0
2024-08-12 08:00:00,0.00408,0.00423,0.004,0.00421,1250458502.0
2024-08-12 12:00:00,0.00421,0.00427,0.00401,0.00422,2749966047.0
2024-08-12 16:00:00,0.00422,0.00423,0.0041,0.00414,1168676991.0
2024-08-12 20:00:00,0.00415,0.00425,0.00411,0.00422,992966326.0
2024-08-13 00:00:00,0.00422,0.00425,0.00411,0.00413,851423911.0
2024-08-13 04:00:00,0.00413,0.00419,0.0041,0.00417,518671324.0
2024-08-13 08:00:00,0.00417,0.00418,0.0041,0.00413,409252048.0
2024-08-13 12:00:00,0.00413,0.00425,0.00412,0.00421,823664057.0
2024-08-13 16:00:00,0.00421,0.00447,0.0042,0.00439,1102384015.0
2024-08-13 20:00:00,0.00439,0.00441,0.00431,0.00432,582302901.0
2024-08-14 00:00:00,0.00433,0.00436,0.00427,0.00432,610003070.0
2024-08-14 04:00:00,0.00432,0.00436,0.00426,0.00427,529448072.0
2024-08-14 08:00:00,0.00428,0.00435,0.00425,0.0043,547286096.0
2024-08-14 12:00:00,0.0043,0.00436,0.00413,0.00422,1578129481.0
2024-08-14 16:00:00,0.00422,0.00423,0.00416,0.00419,442037390.0
2024-08-14 20:00:00,0.00419,0.00426,0.00414,0.00423,406124523.0
2024-08-15 00:00:00,0.00422,0.00426,0.00418,0.00421,634184817.0
2024-08-15 04:00:00,0.00422,0.00423,0.00412,0.00417,732621564.0
2024-08-15 08:00:00,0.00417,0.00423,0.00415,0.00419,426005545.0
2024-08-15 12:00:00,0.00418,0.00427,0.00417,0.00418,1093501174.0
2024-08-15 16:00:00,0.00418,0.0042,0.00381,0.00391,1480926933.0
2024-08-15 20:00:00,0.0039,0.00396,0.00387,0.00393,645328962.0
2024-08-16 00:00:00,0.00394,0.004,0.00388,0.00394,523521703.0
2024-08-16 04:00:00,0.00393,0.00402,0.00392,0.00401,550327944.0
2024-08-16 08:00:00,0.00401,0.00403,0.00396,0.00398,523914425.0
2024-08-16 12:00:00,0.00398,0.004,0.00384,0.00392,1550512107.0
2024-08-16 16:00:00,0.00392,0.00401,0.00387,0.004,1125080856.0
2024-08-16 20:00:00,0.00401,0.00406,0.00398,0.00399,517046102.0
2024-08-17 00:00:00,0.00398,0.00401,0.00394,0.00398,427818469.0
2024-08-17 04:00:00,0.00397,0.00402,0.00397,0.00401,227153789.0
2024-08-17 08:00:00,0.00401,0.00402,0.00394,0.00396,261107042.0
2024-08-17 12:00:00,0.00395,0.00402,0.00394,0.00399,446495666.0
2024-08-17 16:00:00,0.00398,0.00402,0.0039,0.00393,806189626.0
2024-08-17 20:00:00,0.00393,0.00398,0.00391,0.00397,247717934.0
2024-08-18 00:00:00,0.00397,0.004,0.00393,0.00393,424803191.0
2024-08-18 04:00:00,0.00394,0.00398,0.00393,0.00396,334843819.0
2024-08-18 08:00:00,0.00395,0.00418,0.00395,0.00418,519865817.0
2024-08-18 12:00:00,0.00417,0.00426,0.00413,0.00418,599152807.0
2024-08-18 16:00:00,0.00419,0.00421,0.00412,0.00417,445920370.0
2024-08-18 20:00:00,0.00418,0.00432,0.00412,0.00431,619531440.0
2024-08-19 00:00:00,0.00431,0.00436,0.00406,0.00409,1322477332.0
2024-08-19 04:00:00,0.00409,0.00417,0.00406,0.00413,367801079.0
2024-08-19 08:00:00,0.00413,0.00427,0.00412,0.00418,692989965.0
2024-08-19 12:00:00,0.00418,0.00421,0.00412,0.00415,447449258.0
2024-08-19 16:00:00,0.00416,0.00422,0.00411,0.00422,407560096.0
2024-08-19 20:00:00,0.00421,0.00426,0.00418,0.00425,213473620.0
2024-08-20 00:00:00,0.00425,0.00434,0.00421,0.0043,445068788.0
2024-08-20 04:00:00,0.0043,0.00435,0.00428,0.00432,256220904.0
2024-08-20 08:00:00,0.00431,0.00436,0.00429,0.00432,205940265.0
2024-08-20 12:00:00,0.00432,0.00434,0.00411,0.00415,818864372.0
2024-08-20 16:00:00,0.00414,0.00424,0.00411,0.00422,446680694.0
2024-08-20 20:00:00,0.00422,0.00425,0.00417,0.00419,208397934.0
2024-08-21 00:00:00,0.00419,0.00422,0.00415,0.00419,258192969.0
2024-08-21 04:00:00,0.0042,0.00426,0.00418,0.00424,250113755.0
2024-08-21 08:00:00,0.00423,0.00425,0.00415,0.00418,322723843.0
2024-08-21 12:00:00,0.00418,0.00423,0.00409,0.00417,841965900.0
2024-08-21 16:00:00,0.00418,0.00439,0.00416,0.00437,507260522.0
2024-08-21 20:00:00,0.00438,0.00442,0.00433,0.00438,358240353.0
2024-08-22 00:00:00,0.00438,0.00438,0.00424,0.00431,338031465.0
2024-08-22 04:00:00,0.00431,0.00434,0.00429,0.00433,177959582.0
2024-08-22 08:00:00,0.00433,0.0044,0.00431,0.00439,221117312.0
2024-08-22 12:00:00,0.00439,0.00441,0.0043,0.00433,416683043.0
2024-08-22 16:00:00,0.00434,0.00439,0.00433,0.00437,291908121.0
2024-08-22 20:00:00,0.00436,0.00445,0.00436,0.00441,303128057.0
2024-08-23 00:00:00,0.00441,0.00448,0.0044,0.00444,328980281.0
2024-08-23 04:00:00,0.00445,0.00461,0.00443,0.00458,419640794.0
2024-08-23 08:00:00,0.00458,0.00466,0.00453,0.00454,284579126.0
2024-08-23 12:00:00,0.00453,0.00468,0.00453,0.00463,818544072.0
2024-08-23 16:00:00,0.00464,0.00486,0.0046,0.00483,562398466.0
2024-08-23 20:00:00,0.00483,0.00495,0.00481,0.00489,384188698.0
2024-08-24 00:00:00,0.00489,0.00493,0.00474,0.00476,421316544.0
2024-08-24 04:00:00,0.00476,0.00482,0.00476,0.00479,165278942.0
2024-08-24 08:00:00,0.00479,0.00488,0.00476,0.0048,312992879.0
2024-08-24 12:00:00,0.00479,0.00499,0.00477,0.00493,497144379.0
2024-08-24 16:00:00,0.00492,0.00507,0.00491,0.00502,430692101.0
2024-08-24 20:00:00,0.00502,0.00504,0.00486,0.00497,371100261.0
2024-08-25 00:00:00,0.00496,0.00497,0.00472,0.00481,518249552.0
2024-08-25 04:00:00,0.00482,0.00489,0.00466,0.0047,658364798.0
2024-08-25 08:00:00,0.0047,0.00484,0.00466,0.0048,424550540.0
2024-08-25 12:00:00,0.0048,0.00492,0.0048,0.00486,302069560.0
2024-08-25 16:00:00,0.00486,0.00491,0.0048,0.00482,323896341.0
2024-08-25 20:00:00,0.00482,0.00492,0.0048,0.00482,335112761.0
2024-08-26 00:00:00,0.00482,0.00485,0.00472,0.00477,407284080.0
2024-08-26 04:00:00,0.00478,0.00481,0.00471,0.00473,256469940.0
2024-08-26 08:00:00,0.00473,0.00481,0.00469,0.00475,361636428.0
2024-08-26 12:00:00,0.00476,0.00476,0.00451,0.00456,1053528998.0
2024-08-26 16:00:00,0.00457,0.00462,0.0044,0.00443,799340501.0
2024-08-26 20:00:00,0.00444,0.0045,0.0044,0.00441,342657656.0
2024-08-27 00:00:00,0.00442,0.00454,0.00442,0.00449,411236262.0
2024-08-27 04:00:00,0.00449,0.00463,0.00448,0.00453,737496532.0
2024-08-27 08:00:00,0.00453,0.00456,0.00433,0.00439,641993348.0
2024-08-27 12:00:00,0.0044,0.0045,0.00429,0.0044,1461172984.0
2024-08-27 16:00:00,0.00439,0.00447,0.00437,0.00443,418591243.0
2024-08-27 20:00:00,0.00442,0.00443,0.00399,0.00413,1369108309.0
2024-08-28 00:00:00,0.00413,0.00419,0.00407,0.00418,575871096.0
2024-08-28 04:00:00,0.00419,0.0042,0.00408,0.00408,369083411.0
2024-08-28 08:00:00,0.00408,0.00447,0.00406,0.00436,1106143980.0
2024-08-28 12:00:00,0.00436,0.00437,0.00412,0.00414,1107891029.0
2024-08-28 16:00:00,0.00414,0.00416,0.00395,0.00406,1256738951.0
2024-08-28 20:00:00,0.00405,0.00416,0.00398,0.00405,590287681.0
2024-08-29 00:00:00,0.00405,0.00412,0.00403,0.00409,422246418.0
2024-08-29 04:00:00,0.00409,0.00418,0.00405,0.00412,378506589.0
2024-08-29 08:00:00,0.00412,0.00427,0.00409,0.00421,1196950793.0
2024-08-29 12:00:00,0.00421,0.00433,0.00419,0.00429,718880781.0
2024-08-29 16:00:00,0.00429,0.00434,0.00397,0.00405,1009149997.0
2024-08-29 20:00:00,0.00404,0.00408,0.004,0.00407,455706406.0
2024-08-30 00:00:00,0.00406,0.00412,0.00404,0.00405,428141848.0
2024-08-30 04:00:00,0.00405,0.00415,0.00405,0.00412,352230092.0
2024-08-30 08:00:00,0.00411,0.00415,0.00405,0.00406,365941065.0
2024-08-30 12:00:00,0.00405,0.00412,0.00381,0.00384,1559162541.0
2024-08-30 16:00:00,0.00384,0.00409,0.0038,0.004,1092764345.0
2024-08-30 20:00:00,0.00401,0.00408,0.00401,0.00405,343558903.0
2024-08-31 00:00:00,0.00405,0.0041,0.00404,0.00405,247657772.0
2024-08-31 04:00:00,0.00406,0.00408,0.00402,0.00402,144229068.0
2024-08-31 08:00:00,0.00403,0.00406,0.00397,0.004,652010687.0
2024-08-31 12:00:00,0.004,0.00406,0.00398,0.004,965129658.0
2024-08-31 16:00:00,0.004,0.00402,0.00394,0.00396,459014164.0
2024-08-31 20:00:00,0.00397,0.00401,0.00394,0.00397,150795394.0
2024-09-01 00:00:00,0.00398,0.00398,0.00387,0.00393,282760191.0
2024-09-01 04:00:00,0.00394,0.00397,0.00383,0.00394,507547986.0
2024-09-01 08:00:00,0.00394,0.00394,0.00384,0.0039,327063495.0
2024-09-01 12:00:00,0.00389,0.0039,0.00371,0.00385,1233818609.0
2024-09-01 16:00:00,0.00386,0.00392,0.00375,0.00386,1097964660.0
2024-09-01 20:00:00,0.00386,0.00392,0.00361,0.00368,1224605009.0
2024-09-02 00:00:00,0.00369,0.00377,0.00366,0.00377,798190870.0
2024-09-02 04:00:00,0.00376,0.00377,0.00366,0.00366,575647118.0
2024-09-02 08:00:00,0.00367,0.00386,0.00366,0.00383,1186250867.0
2024-09-02 12:00:00,0.00382,0.00388,0.00374,0.00383,994666301.0
2024-09-02 16:00:00,0.00383,0.00387,0.00381,0.00384,540311476.0
2024-09-02 20:00:00,0.00384,0.00393,0.00382,0.00384,597553401.0
2024-09-03 00:00:00,0.00385,0.00392,0.00382,0.00384,524733972.0
2024-09-03 04:00:00,0.00385,0.00387,0.00381,0.00384,414838863.0
2024-09-03 08:00:00,0.00385,0.00386,0.00377,0.0038,597367828.0
2024-09-03 12:00:00,0.0038,0.00383,0.00361,0.00362,1524895185.0
2024-09-03 16:00:00,0.00362,0.00369,0.00361,0.00367,993605277.0
2024-09-03 20:00:00,0.00367,0.0037,0.00358,0.0036,437200040.0
2024-09-04 00:00:00,0.00361,0.00366,0.00337,0.0036,1533763729.0
2024-09-04 04:00:00,0.00359,0.00363,0.00354,0.0036,412263468.0
2024-09-04 08:00:00,0.0036,0.00363,0.00351,0.00353,608359426.0
2024-09-04 12:00:00,0.00353,0.00368,0.0035,0.00365,1880413801.0
2024-09-04 16:00:00,0.00365,0.00375,0.00363,0.00366,898849918.0
2024-09-04 20:00:00,0.00366,0.00374,0.00363,0.00368,597869173.0
2024-09-05 00:00:00,0.00368,0.00371,0.00359,0.00361,811930079.0
2024-09-05 04:00:00,0.00361,0.0037,0.0036,0.00368,660893221.0
2024-09-05 08:00:00,0.00369,0.0037,0.00364,0.00368,461739523.0
2024-09-05 12:00:00,0.00368,0.00374,0.0036,0.00364,2525657820.0
2024-09-05 16:00:00,0.00364,0.0037,0.00361,0.00363,1018269248.0
2024-09-05 20:00:00,0.00363,0.00371,0.00362,0.00368,612128630.0
2024-09-06 00:00:00,0.00368,0.0038,0.00366,0.00377,770137776.0
2024-09-06 04:00:00,0.00377,0.00379,0.00365,0.00369,1490905469.0
2024-09-06 08:00:00,0.00369,0.0037,0.0036,0.00361,1724657786.0
2024-09-06 12:00:00,0.00362,0.00379,0.00356,0.00365,3922056578.0
2024-09-06 16:00:00,0.00365,0.00366,0.00343,0.00348,2306271616.0
2024-09-06 20:00:00,0.00347,0.0035,0.00331,0.00348,1129503891.0
2024-09-07 00:00:00,0.00349,0.00351,0.00343,0.0035,464725227.0
2024-09-07 04:00:00,0.0035,0.0036,0.00347,0.00357,489552900.0
2024-09-07 08:00:00,0.00356,0.00364,0.00352,0.00356,1448238665.0
2024-09-07 12:00:00,0.00357,0.0036,0.00352,0.00356,425902800.0
2024-09-07 16:00:00,0.00357,0.0036,0.0035,0.00356,564835317.0
2024-09-07 20:00:00,0.00356,0.00357,0.00349,0.00354,469584323.0
2024-09-08 00:00:00,0.00353,0.00359,0.00351,0.00359,261747681.0
2024-09-08 04:00:00,0.00358,0.00364,0.00357,0.00363,353254800.0
2024-09-08 08:00:00,0.00364,0.00368,0.00361,0.00365,338018954.0
2024-09-08 12:00:00,0.00364,0.00368,0.00358,0.00359,520723737.0
2024-09-08 16:00:00,0.0036,0.00363,0.00356,0.00361,1026179278.0
2024-09-08 20:00:00,0.00361,0.00374,0.00359,0.00368,503948441.0
2024-09-09 00:00:00,0.00367,0.00372,0.00365,0.0037,664271943.0
2024-09-09 04:00:00,0.00369,0.00375,0.00365,0.00373,577045027.0
2024-09-09 08:00:00,0.00374,0.00381,0.00371,0.00377,782013691.0
2024-09-09 12:00:00,0.00377,0.00383,0.00373,0.0038,1337444495.0
2024-09-09 16:00:00,0.00379,0.00392,0.00379,0.00391,1163251078.0
2024-09-09 20:00:00,0.00392,0.00395,0.00383,0.00388,699332516.0
2024-09-10 00:00:00,0.00388,0.00388,0.0038,0.00382,408948766.0
2024-09-10 04:00:00,0.00382,0.0039,0.00381,0.00389,386064088.0
2024-09-10 08:00:00,0.00389,0.00393,0.00384,0.00392,606811072.0
2024-09-10 12:00:00,0.00391,0.00393,0.00384,0.00388,1943790757.0
2024-09-10 16:00:00,0.00387,0.00399,0.00386,0.00397,1219276958.0
2024-09-10 20:00:00,0.00396,0.00398,0.00388,0.0039,461259984.0
2024-09-11 00:00:00,0.0039,0.00391,0.00378,0.0038,1111087651.0
2024-09-11 04:00:00,0.0038,0.00382,0.00373,0.00381,857142659.0
2024-09-11 08:00:00,0.00381,0.00382,0.00375,0.00378,674182959.0
2024-09-11 12:00:00,0.00378,0.00386,0.00369,0.0038,1943496249.0
2024-09-11 16:00:00,0.0038,0.0039,0.00378,0.00387,918969857.0
2024-09-11 20:00:00,0.00388,0.00391,0.00386,0.00389,369062489.0
2024-09-12 00:00:00,0.00389,0.004,0.00387,0.00396,852054973.0
2024-09-12 04:00:00,0.00397,0.00402,0.00393,0.00398,642229688.0
2024-09-12 08:00:00,0.00397,0.00399,0.00394,0.00394,446802840.0
2024-09-12 12:00:00,0.00395,0.004,0.00385,0.00387,1387697137.0
2024-09-12 16:00:00,0.00387,0.00397,0.00386,0.00397,912652168.0
2024-09-12 20:00:00,0.00396,0.004,0.00394,0.00399,436075999.0
2024-09-13 00:00:00,0.00398,0.00401,0.00394,0.00396,339277396.0
2024-09-13 04:00:00,0.00396,0.00397,0.00392,0.00397,250124185.0
2024-09-13 08:00:00,0.00396,0.00399,0.00392,0.00392,444094021.0
2024-09-13 12:00:00,0.00392,0.00404,0.00388,0.00403,1132699769.0
2024-09-13 16:00:00,0.00402,0.00405,0.00398,0.00402,888696029.0
2024-09-13 20:00:00,0.00402,0.0041,0.00401,0.00404,422455263.0
2024-09-14 00:00:00,0.00404,0.00404,0.00399,0.004,211888759.0
2024-09-14 04:00:00,0.00401,0.00401,0.00393,0.00397,182579455.0
2024-09-14 08:00:00,0.00397,0.00399,0.00389,0.00392,333357167.0
2024-09-14 12:00:00,0.00392,0.00396,0.0039,0.00393,347796248.0
2024-09-14 16:00:00,0.00393,0.00395,0.00384,0.00385,465688276.0
2024-09-14 20:00:00,0.00386,0.00392,0.00385,0.00392,259743362.0
2024-09-15 00:00:00,0.00391,0.00395,0.00389,0.00393,145513777.0
2024-09-15 04:00:00,0.00393,0.00399,0.0039,0.00394,217586636.0
2024-09-15 08:00:00,0.00394,0.00396,0.00388,0.0039,382085087.0
2024-09-15 12:00:00,0.0039,0.00394,0.00385,0.00387,515539842.0
2024-09-15 16:00:00,0.00387,0.00388,0.00378,0.0038,597001978.0
2024-09-15 20:00:00,0.0038,0.00381,0.00365,0.00369,719785436.0
2024-09-16 00:00:00,0.0037,0.00371,0.0036,0.00368,680646692.0
2024-09-16 04:00:00,0.00367,0.00374,0.00365,0.00373,424947192.0
2024-09-16 08:00:00,0.00373,0.00376,0.00364,0.00366,361707687.0
2024-09-16 12:00:00,0.00366,0.00367,0.00358,0.00361,790516619.0
2024-09-16 16:00:00,0.00361,0.00362,0.00354,0.00356,578492282.0
2024-09-16 20:00:00,0.00356,0.00359,0.0035,0.00357,315684494.0
2024-09-17 00:00:00,0.00358,0.0036,0.00352,0.00359,266874709.0
2024-09-17 04:00:00,0.00359,0.0037,0.00358,0.00367,275293746.0
2024-09-17 08:00:00,0.00367,0.00372,0.00365,0.00368,368523122.0
2024-09-17 12:00:00,0.00368,0.00382,0.00367,0.00381,848202354.0
2024-09-17 16:00:00,0.0038,0.0039,0.00379,0.00384,712753536.0
2024-09-17 20:00:00,0.00385,0.00387,0.00379,0.00381,329145775.0
2024-09-18 00:00:00,0.00381,0.00388,0.00379,0.00387,339650670.0
2024-09-18 04:00:00,0.00386,0.00388,0.00378,0.00382,249307126.0
2024-09-18 08:00:00,0.00382,0.00383,0.00371,0.00375,261378446.0
2024-09-18 12:00:00,0.00375,0.00377,0.00364,0.00366,663562483.0
2024-09-18 16:00:00,0.00365,0.00394,0.00363,0.00386,1198368180.0
2024-09-18 20:00:00,0.00385,0.00407,0.00384,0.00405,652676543.0
2024-09-19 00:00:00,0.00405,0.00418,0.00405,0.00414,628554570.0
2024-09-19 04:00:00,0.00415,0.00418,0.0041,0.00416,294802701.0
2024-09-19 08:00:00,0.00417,0.00417,0.00409,0.00412,303437249.0
2024-09-19 12:00:00,0.00413,0.00423,0.0041,0.00416,597983057.0
2024-09-19 16:00:00,0.00416,0.00421,0.00413,0.00413,370252574.0
2024-09-19 20:00:00,0.00414,0.00415,0.00408,0.00413,406402631.0
2024-09-20 00:00:00,0.00413,0.00421,0.00404,0.0042,453595944.0
2024-09-20 04:00:00,0.00421,0.00434,0.00419,0.00428,591361823.0
2024-09-20 08:00:00,0.00428,0.00429,0.00417,0.00421,344969021.0
2024-09-20 12:00:00,0.00421,0.00423,0.00411,0.00413,501353261.0
2024-09-20 16:00:00,0.00414,0.00416,0.00403,0.00411,291754503.0
2024-09-20 20:00:00,0.00412,0.00423,0.00411,0.00423,237976313.0
2024-09-21 00:00:00,0.00422,0.00423,0.00412,0.00413,289641631.0
2024-09-21 04:00:00,0.00414,0.00419,0.0041,0.00418,165314941.0
2024-09-21 08:00:00,0.00419,0.00425,0.00416,0.00423,286022898.0
2024-09-21 12:00:00,0.00424,0.00434,0.00421,0.00427,271968143.0
2024-09-21 16:00:00,0.00427,0.00429,0.00423,0.00424,176022410.0
2024-09-21 20:00:00,0.00424,0.00429,0.00418,0.00426,210902225.0
2024-09-22 00:00:00,0.00426,0.00428,0.00415,0.00419,270572084.0
2024-09-22 04:00:00,0.0042,0.00422,0.00415,0.00417,150756331.0
2024-09-22 08:00:00,0.00418,0.0042,0.00409,0.00413,271949837.0
2024-09-22 12:00:00,0.00414,0.00417,0.00407,0.00411,337794539.0
2024-09-22 16:00:00,0.00412,0.00417,0.00406,0.00413,301877681.0
2024-09-22 20:00:00,0.00413,0.00418,0.00399,0.00414,456577068.0
2024-09-23 00:00:00,0.00414,0.0043,0.00403,0.00426,507348602.0
2024-09-23 04:00:00,0.00427,0.00438,0.00423,0.00431,1008842640.0
2024-09-23 08:00:00,0.00431,0.00436,0.00426,0.00433,387500774.0
2024-09-23 12:00:00,0.00434,0.00443,0.0043,0.00435,768635598.0
2024-09-23 16:00:00,0.00436,0.00439,0.0043,0.00435,306285369.0
2024-09-23 20:00:00,0.00435,0.00437,0.00431,0.00437,202310906.0
2024-09-24 00:00:00,0.00436,0.0044,0.00427,0.00435,428841667.0
2024-09-24 04:00:00,0.00436,0.00442,0.00429,0.00436,700428260.0
2024-09-24 08:00:00,0.00437,0.00445,0.00437,0.00442,326057134.0
2024-09-24 12:00:00,0.00443,0.00447,0.00426,0.00432,478229084.0
2024-09-24 16:00:00,0.00432,0.00446,0.00428,0.00444,418627484.0
2024-09-24 20:00:00,0.00444,0.00449,0.00439,0.00447,269270465.0
2024-09-25 00:00:00,0.00446,0.00454,0.00443,0.00451,361514541.0
2024-09-25 04:00:00,0.00451,0.00454,0.00443,0.00444,250595754.0
2024-09-25 08:00:00,0.00444,0.00462,0.00444,0.00455,452534670.0
2024-09-25 12:00:00,0.00456,0.00458,0.00447,0.0045,237947730.0
2024-09-25 16:00:00,0.00451,0.00455,0.00443,0.00446,286639996.0
2024-09-25 20:00:00,0.00446,0.00451,0.00436,0.00439,330077224.0
2024-09-26 00:00:00,0.0044,0.00445,0.0043,0.00445,403173820.0
2024-09-26 04:00:00,0.00445,0.00454,0.00441,0.00453,248544920.0
2024-09-26 08:00:00,0.00454,0.00456,0.00448,0.00452,275114785.0
2024-09-26 12:00:00,0.00451,0.00458,0.00446,0.00456,583140759.0
2024-09-26 16:00:00,0.00455,0.00459,0.00449,0.00451,310615280.0
2024-09-26 20:00:00,0.00452,0.00454,0.00446,0.00451,319822445.0
2024-09-27 00:00:00,0.0045,0.00455,0.00446,0.00454,308533351.0
2024-09-27 04:00:00,0.00455,0.00466,0.00454,0.00459,484165202.0
2024-09-27 08:00:00,0.0046,0.00464,0.00453,0.00455,302192347.0
2024-09-27 12:00:00,0.00456,0.00468,0.00455,0.00463,514879399.0
2024-09-27 16:00:00,0.00463,0.0047,0.00459,0.00462,371354173.0
2024-09-27 20:00:00,0.00461,0.00465,0.00458,0.00461,224165810.0
2024-09-28 00:00:00,0.0046,0.00472,0.00459,0.00469,241702773.0
2024-09-28 04:00:00,0.00469,0.00469,0.00451,0.00454,285791269.0
2024-09-28 08:00:00,0.00454,0.00455,0.00439,0.00448,367098237.0
2024-09-28 12:00:00,0.00449,0.0045,0.0044,0.00444,277711748.0
2024-09-28 16:00:00,0.00445,0.00447,0.00439,0.00446,285285164.0
2024-09-28 20:00:00,0.00445,0.00446,0.00436,0.00443,208817055.0
2024-09-29 00:00:00,0.00444,0.00448,0.00439,0.00444,244765677.0
2024-09-29 04:00:00,0.00443,0.00445,0.00428,0.00431,241371513.0
2024-09-29 08:00:00,0.00431,0.00443,0.00428,0.00442,282028048.0
2024-09-29 12:00:00,0.00442,0.00464,0.00435,0.00464,516751723.0
2024-09-29 16:00:00,0.00463,0.00487,0.00458,0.00478,878367558.0
2024-09-29 20:00:00,0.00478,0.00483,0.00471,0.00475,659073842.0
2024-09-30 00:00:00,0.00475,0.00481,0.00459,0.00468,783142778.0
2024-09-30 04:00:00,0.00467,0.00482,0.0046,0.00473,656758208.0
2024-09-30 08:00:00,0.00472,0.00475,0.00447,0.00457,827985878.0
2024-09-30 12:00:00,0.00458,0.00462,0.00443,0.00444,645357366.0
2024-09-30 16:00:00,0.00444,0.00448,0.00438,0.00444,508201803.0
2024-09-30 20:00:00,0.00445,0.00452,0.00427,0.00432,491229238.0
2024-10-01 00:00:00,0.00431,0.00449,0.00425,0.00447,517192241.0
2024-10-01 04:00:00,0.00448,0.00454,0.00444,0.00449,324289137.0
2024-10-01 08:00:00,0.00449,0.00453,0.00444,0.00445,240390847.0
2024-10-01 12:00:00,0.00446,0.00448,0.00388,0.00407,1628898915.0
2024-10-01 16:00:00,0.00407,0.00411,0.00361,0.00375,1749531370.0
2024-10-01 20:00:00,0.00374,0.00378,0.00365,0.00373,601260027.0
2024-10-02 00:00:00,0.00373,0.00396,0.00371,0.00395,659678590.0
2024-10-02 04:00:00,0.00394,0.00394,0.00384,0.0039,658801769.0
2024-10-02 08:00:00,0.00389,0.0039,0.00367,0.00377,866851864.0
2024-10-02 12:00:00,0.00377,0.00382,0.00368,0.00379,790147344.0
2024-10-02 16:00:00,0.0038,0.00384,0.0035,0.00357,1052852133.0
2024-10-02 20:00:00,0.00357,0.00364,0.00353,0.0036,487903562.0
2024-10-03 00:00:00,0.0036,0.00369,0.00359,0.00368,512698611.0
2024-10-03 04:00:00,0.00367,0.00369,0.00359,0.0036,338202566.0
2024-10-03 08:00:00,0.0036,0.00367,0.00348,0.00358,691410374.0
2024-10-03 12:00:00,0.00357,0.00364,0.00344,0.00355,789755565.0
2024-10-03 16:00:00,0.00354,0.00356,0.00345,0.00355,462158814.0
2024-10-03 20:00:00,0.00354,0.00356,0.00347,0.00352,304670307.0
2024-10-04 00:00:00,0.00351,0.00361,0.0035,0.00356,346396624.0
2024-10-04 04:00:00,0.00356,0.00364,0.00355,0.00361,221748143.0
2024-10-04 08:00:00,0.0036,0.00365,0.00356,0.00362,482849910.0
2024-10-04 12:00:00,0.00362,0.00368,0.00358,0.00368,716913485.0
2024-10-04 16:00:00,0.00368,0.00376,0.00367,0.00374,295680081.0
2024-10-04 20:00:00,0.00373,0.00375,0.00368,0.00373,130741544.0
2024-10-05 00:00:00,0.00372,0.00379,0.00369,0.00371,207115261.0
2024-10-05 04:00:00,0.00371,0.00379,0.0037,0.00377,156496532.0
2024-10-05 08:00:00,0.00376,0.00379,0.00371,0.00374,630945063.0
2024-10-05 12:00:00,0.00374,0.00379,0.0037,0.00371,206340226.0
2024-10-05 16:00:00,0.00372,0.00372,0.00363,0.00367,281106843.0
2024-10-05 20:00:00,0.00368,0.00377,0.00364,0.00376,166656934.0
2024-10-06 00:00:00,0.00375,0.00381,0.00373,0.00375,198362075.0
2024-10-06 04:00:00,0.00374,0.00376,0.00371,0.00375,195277123.0
2024-10-06 08:00:00,0.00375,0.00377,0.00371,0.00375,161319108.0
2024-10-06 12:00:00,0.00375,0.00384,0.00374,0.00382,232158045.0
2024-10-06 16:00:00,0.00382,0.00385,0.00377,0.00379,231709002.0
2024-10-06 20:00:00,0.00379,0.00386,0.00377,0.00386,174731596.0
2024-10-07 00:00:00,0.00385,0.00394,0.00382,0.00391,293375098.0
2024-10-07 04:00:00,0.00391,0.00393,0.00387,0.0039,161489326.0
2024-10-07 08:00:00,0.00389,0.00393,0.00378,0.00385,285746392.0
2024-10-07 12:00:00,0.00385,0.00395,0.00381,0.00388,473711579.0
2024-10-07 16:00:00,0.00389,0.00393,0.00382,0.00388,363361240.0
2024-10-07 20:00:00,0.00389,0.0039,0.0038,0.00381,258300369.0
2024-10-08 00:00:00,0.00382,0.00394,0.0038,0.0039,275277658.0
2024-10-08 04:00:00,0.00391,0.00393,0.00379,0.00383,347791613.0
2024-10-08 08:00:00,0.00383,0.0039,0.00381,0.00389,157034529.0
2024-10-08 12:00:00,0.00389,0.0039,0.00373,0.00379,357308009.0
2024-10-08 16:00:00,0.00378,0.00383,0.00374,0.0038,228944880.0
2024-10-08 20:00:00,0.00381,0.00388,0.00379,0.00386,148899771.0
2024-10-09 00:00:00,0.00385,0.00393,0.00381,0.00384,305173167.0
2024-10-09 04:00:00,0.00384,0.00389,0.00381,0.00383,148590876.0
2024-10-09 08:00:00,0.00383,0.00387,0.00379,0.00383,148662937.0
2024-10-09 12:00:00,0.00384,0.00384,0.0037,0.00377,355382066.0
2024-10-09 16:00:00,0.00378,0.00379,0.00371,0.00373,279794115.0
2024-10-09 20:00:00,0.00374,0.00374,0.00359,0.00367,323321565.0
2024-10-10 00:00:00,0.00366,0.00374,0.00363,0.00372,165596918.0
2024-10-10 04:00:00,0.00371,0.00377,0.00371,0.00372,158575987.0
2024-10-10 08:00:00,0.00371,0.00375,0.00364,0.00374,229372320.0
2024-10-10 12:00:00,0.00375,0.00376,0.00363,0.00368,321405188.0
2024-10-10 16:00:00,0.00367,0.00371,0.00354,0.00363,354881610.0
2024-10-10 20:00:00,0.00363,0.00371,0.00361,0.00371,190530620.0
2024-10-11 00:00:00,0.0037,0.00376,0.00368,0.00375,223041845.0
2024-10-11 04:00:00,0.00375,0.00382,0.00372,0.00379,179369252.0
2024-10-11 08:00:00,0.0038,0.00387,0.00377,0.00379,238325189.0
2024-10-11 12:00:00,0.00379,0.00386,0.00378,0.00384,266850855.0
2024-10-11 16:00:00,0.00384,0.00391,0.00382,0.0039,232205557.0
2024-10-11 20:00:00,0.0039,0.00395,0.00388,0.00389,229303351.0
2024-10-12 00:00:00,0.00389,0.00395,0.00389,0.00392,135845948.0
2024-10-12 04:00:00,0.00392,0.00397,0.00391,0.00396,128162546.0
2024-10-12 08:00:00,0.00396,0.00397,0.00392,0.00394,111981209.0
2024-10-12 12:00:00,0.00393,0.00399,0.00392,0.00393,174061741.0
2024-10-12 16:00:00,0.00393,0.00397,0.00392,0.00393,134964325.0
2024-10-12 20:00:00,0.00394,0.00402,0.00393,0.00399,170994272.0
2024-10-13 00:00:00,0.00399,0.00401,0.00393,0.00394,129851701.0
2024-10-13 04:00:00,0.00394,0.004,0.00393,0.00398,99658749.0
2024-10-13 08:00:00,0.00398,0.00402,0.00393,0.00393,176527322.0
2024-10-13 12:00:00,0.00393,0.00398,0.00381,0.00385,280373247.0
2024-10-13 16:00:00,0.00384,0.00391,0.00381,0.00387,174450456.0
2024-10-13 20:00:00,0.00387,0.00402,0.00386,0.00397,192961025.0
2024-10-14 00:00:00,0.00397,0.00411,0.00393,0.0041,289720925.0
2024-10-14 04:00:00,0.00409,0.00412,0.00403,0.00411,209760535.0
2024-10-14 08:00:00,0.0041,0.00414,0.00404,0.00409,206022085.0
2024-10-14 12:00:00,0.0041,0.00415,0.00405,0.00413,273058393.0
2024-10-14 16:00:00,0.00413,0.00418,0.00409,0.00413,243530767.0
2024-10-14 20:00:00,0.00413,0.0042,0.00412,0.00419,184869096.0
2024-10-15 00:00:00,0.00419,0.0042,0.00411,0.00412,220024526.0
2024-10-15 04:00:00,0.00413,0.00417,0.00406,0.0041,268775776.0
2024-10-15 08:00:00,0.0041,0.00418,0.00399,0.00402,413630981.0
2024-10-15 12:00:00,0.00402,0.00419,0.00389,0.00399,1017436117.0
2024-10-15 16:00:00,0.004,0.0041,0.00399,0.00402,324609848.0
2024-10-15 20:00:00,0.00403,0.00408,0.00395,0.00407,215295589.0
2024-10-16 00:00:00,0.00407,0.00412,0.004,0.00404,215895722.0
2024-10-16 04:00:00,0.00405,0.00407,0.00395,0.00397,199636094.0
2024-10-16 08:00:00,0.00398,0.00406,0.00396,0.00401,241388364.0
2024-10-16 12:00:00,0.00402,0.00405,0.00394,0.00396,350285959.0
2024-10-16 16:00:00,0.00396,0.00399,0.00392,0.00396,193308754.0
2024-10-16 20:00:00,0.00395,0.00401,0.00395,0.00396,104116989.0
2024-10-17 00:00:00,0.00396,0.00401,0.00393,0.00396,171084347.0
2024-10-17 04:00:00,0.00395,0.00397,0.0038,0.00383,329406270.0
2024-10-17 08:00:00,0.00384,0.00386,0.00371,0.00373,354830629.0
2024-10-17 12:00:00,0.00374,0.00383,0.00372,0.00381,341508827.0
2024-10-17 16:00:00,0.0038,0.00382,0.0037,0.00377,265101654.0
2024-10-17 20:00:00,0.00377,0.00381,0.00375,0.0038,94039477.0
2024-10-18 00:00:00,0.0038,0.0039,0.00379,0.00386,173286624.0
2024-10-18 04:00:00,0.00385,0.00392,0.00385,0.00389,180581688.0
2024-10-18 08:00:00,0.00388,0.0039,0.00386,0.00388,103211326.0
2024-10-18 12:00:00,0.00387,0.00392,0.00383,0.00391,223583433.0
2024-10-18 16:00:00,0.0039,0.00395,0.00387,0.00392,164908230.0
2024-10-18 20:00:00,0.00392,0.00396,0.00389,0.00395,80126945.0
2024-10-19 00:00:00,0.00396,0.00403,0.00395,0.004,170580365.0
2024-10-19 04:00:00,0.004,0.00403,0.00396,0.00398,116572073.0
2024-10-19 08:00:00,0.00397,0.00399,0.00388,0.00388,139622517.0
2024-10-19 12:00:00,0.00389,0.00395,0.00388,0.00392,84827831.0
2024-10-19 16:00:00,0.00392,0.00394,0.00388,0.00391,135853171.0
2024-10-19 20:00:00,0.00392,0.00401,0.00391,0.00399,116235496.0
2024-10-20 00:00:00,0.00399,0.00403,0.00393,0.00395,145249891.0
2024-10-20 04:00:00,0.00396,0.00406,0.00393,0.00404,172883882.0
2024-10-20 08:00:00,0.00404,0.0041,0.00403,0.00409,128798237.0
2024-10-20 12:00:00,0.00409,0.00425,0.00408,0.0042,472635404.0
2024-10-20 16:00:00,0.00419,0.00427,0.00418,0.00422,293494599.0
2024-10-20 20:00:00,0.00422,0.00434,0.00421,0.00433,449132084.0
2024-10-21 00:00:00,0.00432,0.00436,0.00425,0.00428,315001931.0
2024-10-21 04:00:00,0.00428,0.00433,0.00423,0.00423,260061565.0
2024-10-21 08:00:00,0.00424,0.00427,0.00414,0.00415,394786142.0
2024-10-21 12:00:00,0.00416,0.00419,0.00407,0.00417,579683161.0
2024-10-21 16:00:00,0.00417,0.00423,0.0041,0.00422,264450482.0
2024-10-21 20:00:00,0.00422,0.00422,0.00416,0.00417,124295611.0
2024-10-22 00:00:00,0.00416,0.00425,0.00411,0.0042,297603848.0
2024-10-22 04:00:00,0.0042,0.00423,0.00416,0.00417,200351368.0
2024-10-22 08:00:00,0.00417,0.00418,0.00406,0.00412,322961241.0
2024-10-22 12:00:00,0.00411,0.00416,0.00403,0.00414,425073899.0
2024-10-22 16:00:00,0.00414,0.00415,0.00403,0.00413,271516713.0
2024-10-22 20:00:00,0.00414,0.00421,0.00412,0.00418,148074562.0
2024-10-23 00:00:00,0.00418,0.00419,0.00407,0.00412,170101314.0
2024-10-23 04:00:00,0.00411,0.00412,0.00402,0.00404,201289707.0
2024-10-23 08:00:00,0.00403,0.00406,0.00398,0.00398,279376391.0
2024-10-23 12:00:00,0.00398,0.00403,0.0039,0.00393,403057522.0
2024-10-23 16:00:00,0.00392,0.00394,0.00375,0.00387,597769893.0
2024-10-23 20:00:00,0.00387,0.00393,0.00386,0.00392,151938511.0
2024-10-24 00:00:00,0.00392,0.00399,0.00388,0.00394,294068734.0
2024-10-24 04:00:00,0.00393,0.00396,0.00389,0.0039,189930803.0
2024-10-24 08:00:00,0.00389,0.00391,0.00381,0.00389,290298754.0
2024-10-24 12:00:00,0.00388,0.00392,0.00385,0.00392,259494658.0
2024-10-24 16:00:00,0.00391,0.00399,0.00389,0.00399,213068223.0
2024-10-24 20:00:00,0.00398,0.00406,0.00396,0.00398,204862905.0
2024-10-25 00:00:00,0.00398,0.00401,0.00395,0.00398,167156476.0
2024-10-25 04:00:00,0.00397,0.00398,0.00385,0.00388,313452940.0
2024-10-25 08:00:00,0.00388,0.00396,0.00383,0.00396,318561642.0
2024-10-25 12:00:00,0.00395,0.004,0.00386,0.00389,397780837.0
2024-10-25 16:00:00,0.00388,0.00392,0.00376,0.00382,839425850.0
2024-10-25 20:00:00,0.00382,0.00383,0.00337,0.00354,1298350600.0
2024-10-26 00:00:00,0.00354,0.00357,0.00345,0.00356,672615440.0
2024-10-26 04:00:00,0.00356,0.00361,0.00354,0.00357,285235271.0
2024-10-26 08:00:00,0.00357,0.0036,0.00355,0.00358,126135053.0
2024-10-26 12:00:00,0.00357,0.00359,0.00342,0.00346,422702810.0
2024-10-26 16:00:00,0.00345,0.00352,0.00342,0.00351,334055068.0
2024-10-26 20:00:00,0.0035,0.00356,0.0035,0.00353,150550171.0
2024-10-27 00:00:00,0.00354,0.00355,0.00349,0.00354,130846571.0
2024-10-27 04:00:00,0.00354,0.00357,0.00352,0.00354,127671446.0
2024-10-27 08:00:00,0.00353,0.00356,0.0035,0.00353,172226768.0
2024-10-27 12:00:00,0.00353,0.00361,0.00352,0.00358,330025451.0
2024-10-27 16:00:00,0.00357,0.00361,0.00354,0.00357,220070504.0
2024-10-27 20:00:00,0.00357,0.00362,0.00355,0.00357,168123448.0
2024-10-28 00:00:00,0.00356,0.00358,0.00346,0.00347,276199747.0
2024-10-28 04:00:00,0.00348,0.00356,0.00343,0.00354,344219327.0
2024-10-28 08:00:00,0.00354,0.00358,0.0035,0.00355,261753687.0
2024-10-28 12:00:00,0.00356,0.00358,0.00347,0.00348,578432988.0
2024-10-28 16:00:00,0.00347,0.00354,0.0034,0.0035,445391446.0
2024-10-28 20:00:00,0.00352,0.00364,0.00351,0.00357,203371085.0
2024-10-29 00:00:00,0.00358,0.0037,0.00357,0.00368,353468203.0
2024-10-29 04:00:00,0.00367,0.00369,0.00364,0.00366,139169346.0
2024-10-29 08:00:00,0.00366,0.00372,0.00365,0.0037,155250097.0
2024-10-29 12:00:00,0.00369,0.00373,0.00367,0.00372,674936432.0
2024-10-29 16:00:00,0.00372,0.00535,0.00372,0.00457,22178012981.0
2024-10-29 20:00:00,0.00457,0.00472,0.00438,0.00458,6272057343.0
2024-10-30 00:00:00,0.00459,0.00488,0.00445,0.00453,6270699862.0
2024-10-30 04:00:00,0.00452,0.00466,0.00434,0.00458,3970834391.0
2024-10-30 08:00:00,0.00457,0.00478,0.00453,0.00461,5280229242.0
2024-10-30 12:00:00,0.00461,0.00473,0.00446,0.0045,5147748677.0
2024-10-30 16:00:00,0.0045,0.00455,0.0043,0.00441,3875121626.0
2024-10-30 20:00:00,0.00441,0.00452,0.00438,0.00448,1413794118.0
2024-10-31 00:00:00,0.00448,0.00455,0.00439,0.00443,1953472598.0
2024-10-31 04:00:00,0.00442,0.00459,0.00441,0.00451,1662383970.0
2024-10-31 08:00:00,0.0045,0.0045,0.00436,0.00438,1695812468.0
2024-10-31 12:00:00,0.00437,0.00441,0.00428,0.00435,1884807777.0
2024-10-31 16:00:00,0.00435,0.00435,0.00423,0.00428,1564283706.0
2024-10-31 20:00:00,0.00428,0.00453,0.00428,0.00443,1580255771.0
2024-11-01 00:00:00,0.00443,0.00449,0.00432,0.00444,1368991358.0
2024-11-01 04:00:00,0.00443,0.00446,0.00428,0.00431,1116748844.0
2024-11-01 08:00:00,0.0043,0.00438,0.00427,0.00436,917656588.0
2024-11-01 12:00:00,0.00436,0.00442,0.00411,0.00413,2101768944.0
2024-11-01 16:00:00,0.00412,0.00421,0.00409,0.00416,1519422192.0
2024-11-01 20:00:00,0.00416,0.00418,0.00405,0.00414,843844806.0
2024-11-02 00:00:00,0.00414,0.00417,0.0041,0.00411,473941980.0
2024-11-02 04:00:00,0.00411,0.00413,0.00406,0.00409,468609123.0
2024-11-02 08:00:00,0.00408,0.0041,0.00404,0.00407,430245765.0
2024-11-02 12:00:00,0.00406,0.00406,0.00393,0.00396,1111519879.0
2024-11-02 16:00:00,0.00395,0.00399,0.0039,0.00396,566193546.0
2024-11-02 20:00:00,0.00396,0.00398,0.00391,0.00394,285718651.0
2024-11-03 00:00:00,0.00394,0.00395,0.00374,0.00379,1288866790.0
2024-11-03 04:00:00,0.00378,0.00385,0.00378,0.00381,422573033.0
2024-11-03 08:00:00,0.0038,0.00382,0.00371,0.00372,402614314.0
2024-11-03 12:00:00,0.00372,0.00376,0.00355,0.00363,1270447248.0
2024-11-03 16:00:00,0.00363,0.00364,0.0035,0.0036,761817635.0
2024-11-03 20:00:00,0.0036,0.00367,0.00359,0.00365,489671542.0
2024-11-04 00:00:00,0.00364,0.00372,0.00357,0.00364,676440865.0
2024-11-04 04:00:00,0.00365,0.00368,0.0036,0.00363,333883107.0
2024-11-04 08:00:00,0.00363,0.00368,0.0036,0.00366,623057874.0
2024-11-04 12:00:00,0.00365,0.00374,0.00364,0.00367,1065257061.0
2024-11-04 16:00:00,0.00367,0.0037,0.00356,0.00362,822725762.0
2024-11-04 20:00:00,0.00363,0.00365,0.00348,0.00357,965310261.0
2024-11-05 00:00:00,0.00358,0.00366,0.00356,0.00364,573570080.0
2024-11-05 04:00:00,0.00363,0.00377,0.00362,0.00368,770729596.0
2024-11-05 08:00:00,0.00368,0.00371,0.00361,0.00369,519899894.0
2024-11-05 12:00:00,0.00369,0.0038,0.00366,0.00374,805803714.0
2024-11-05 16:00:00,0.00373,0.00386,0.00366,0.0038,1323041506.0
2024-11-05 20:00:00,0.0038,0.00381,0.00364,0.00369,909373766.0
2024-11-06 00:00:00,0.0037,0.004,0.00369,0.00398,1385646482.0
2024-11-06 04:00:00,0.00398,0.00406,0.00395,0.00398,916488574.0
2024-11-06 08:00:00,0.00397,0.00404,0.00388,0.00402,701385134.0
2024-11-06 12:00:00,0.00402,0.00405,0.00394,0.00402,510945385.0
2024-11-06 16:00:00,0.00402,0.00409,0.004,0.00408,417926564.0
2024-11-06 20:00:00,0.00407,0.0042,0.00406,0.00418,428781826.0
2024-11-07 00:00:00,0.00417,0.00432,0.00416,0.00425,629354213.0
2024-11-07 04:00:00,0.00426,0.00427,0.00411,0.00417,463518487.0
2024-11-07 08:00:00,0.00417,0.00423,0.00412,0.00415,328426264.0
2024-11-07 12:00:00,0.00415,0.00426,0.00411,0.00426,497340515.0
2024-11-07 16:00:00,0.00426,0.00454,0.00421,0.00438,1544649708.0
2024-11-07 20:00:00,0.00438,0.00444,0.00424,0.00431,711161055.0
2024-11-08 00:00:00,0.00431,0.00436,0.00419,0.00423,617169124.0
2024-11-08 04:00:00,0.00423,0.00428,0.00413,0.00419,435835249.0
2024-11-08 08:00:00,0.00419,0.00425,0.00416,0.00423,335908736.0
2024-11-08 12:00:00,0.00424,0.00428,0.00415,0.00423,570053371.0
2024-11-08 16:00:00,0.00422,0.00424,0.00403,0.00422,728905475.0
2024-11-08 20:00:00,0.00422,0.00425,0.00414,0.00425,296859199.0
2024-11-09 00:00:00,0.00424,0.00426,0.00413,0.0042,341583163.0
2024-11-09 04:00:00,0.0042,0.00434,0.00419,0.00431,324594188.0
2024-11-09 08:00:00,0.00431,0.00438,0.00426,0.00436,301134334.0
2024-11-09 12:00:00,0.00436,0.00439,0.00424,0.00434,373632947.0
2024-11-09 16:00:00,0.00435,0.00442,0.00424,0.00439,444054047.0
2024-11-09 20:00:00,0.0044,0.00451,0.00438,0.00448,393061476.0
2024-11-10 00:00:00,0.00449,0.00451,0.00439,0.00449,463411397.0
2024-11-10 04:00:00,0.0045,0.00463,0.00449,0.00461,673202904.0
2024-11-10 08:00:00,0.0046,0.00552,0.0046,0.00515,4322875204.0
2024-11-10 12:00:00,0.00515,0.00531,0.0047,0.00484,2522798830.0
2024-11-10 16:00:00,0.00485,0.00493,0.00467,0.00476,1006336447.0
2024-11-10 20:00:00,0.00476,0.00478,0.00444,0.0047,1252895564.0
2024-11-11 00:00:00,0.00471,0.0049,0.00469,0.00485,1161024272.0
2024-11-11 04:00:00,0.00485,0.00486,0.00457,0.00467,1138130748.0
2024-11-11 08:00:00,0.00466,0.00476,0.00462,0.00475,801198237.0
2024-11-11 12:00:00,0.00475,0.00478,0.00457,0.00467,1135579660.0
2024-11-11 16:00:00,0.00468,0.00478,0.00466,0.00471,959844492.0
2024-11-11 20:00:00,0.00471,0.00488,0.00461,0.00484,926073179.0
2024-11-12 00:00:00,0.00484,0.00485,0.00464,0.00479,855306984.0
2024-11-12 04:00:00,0.0048,0.00483,0.00465,0.00481,598833770.0
2024-11-12 08:00:00,0.00481,0.00494,0.00424,0.00443,2347956336.0
2024-11-12 12:00:00,0.00444,0.00449,0.00423,0.00433,1541102017.0
2024-11-12 16:00:00,0.00433,0.00449,0.0042,0.00445,899823622.0
2024-11-12 20:00:00,0.00445,0.0046,0.00438,0.00452,487703988.0
2024-11-13 00:00:00,0.00452,0.00457,0.00427,0.00428,808544044.0
2024-11-13 04:00:00,0.00428,0.00437,0.00409,0.00426,1025479862.0
2024-11-13 08:00:00,0.00425,0.0043,0.00417,0.00426,617342560.0
2024-11-13 12:00:00,0.00427,0.00453,0.0042,0.00447,1145293476.0
2024-11-13 16:00:00,0.00447,0.0046,0.0043,0.00433,1151040965.0
2024-11-13 20:00:00,0.00433,0.00444,0.00423,0.00443,767009016.0
2024-11-14 00:00:00,0.00443,0.00448,0.00434,0.00446,574004747.0
2024-11-14 04:00:00,0.00445,0.00457,0.00441,0.00448,579359363.0
2024-11-14 08:00:00,0.00448,0.00452,0.00429,0.00436,569782351.0
2024-11-14 12:00:00,0.00436,0.00442,0.00417,0.00423,1062261347.0
2024-11-14 16:00:00,0.00423,0.00435,0.00419,0.00433,516727546.0
2024-11-14 20:00:00,0.00433,0.00438,0.00412,0.0042,661714383.0
2024-11-15 00:00:00,0.0042,0.00425,0.0041,0.00418,565510381.0
2024-11-15 04:00:00,0.00418,0.00421,0.00404,0.00416,581934943.0
2024-11-15 08:00:00,0.00415,0.00433,0.0041,0.00433,400621149.0
2024-11-15 12:00:00,0.00433,0.00436,0.00412,0.00416,719377329.0
2024-11-15 16:00:00,0.00416,0.00435,0.00413,0.00433,543403161.0
2024-11-15 20:00:00,0.00433,0.00445,0.00432,0.00441,408893996.0
2024-11-16 00:00:00,0.00441,0.00451,0.00438,0.0045,293531418.0
2024-11-16 04:00:00,0.0045,0.00451,0.00442,0.00449,267466302.0
2024-11-16 08:00:00,0.00449,0.00465,0.00444,0.00463,446800576.0
2024-11-16 12:00:00,0.00463,0.00494,0.00456,0.00478,2197871884.0
2024-11-16 16:00:00,0.00477,0.00504,0.00473,0.00495,1419789076.0
2024-11-16 20:00:00,0.00494,0.0052,0.00494,0.00502,1408407714.0
2024-11-17 00:00:00,0.00503,0.00503,0.00464,0.0048,1181677060.0
2024-11-17 04:00:00,0.0048,0.00499,0.00474,0.00493,664663354.0
2024-11-17 08:00:00,0.00494,0.00508,0.00485,0.00485,767899338.0
2024-11-17 12:00:00,0.00486,0.00496,0.00474,0.00482,696872340.0
2024-11-17 16:00:00,0.00483,0.00485,0.00465,0.00474,627698766.0
2024-11-17 20:00:00,0.00474,0.00477,0.00462,0.00472,519224782.0
2024-11-18 00:00:00,0.00471,0.00485,0.00465,0.00484,472395596.0
2024-11-18 04:00:00,0.00485,0.00494,0.00477,0.00489,386815317.0
2024-11-18 08:00:00,0.00488,0.00489,0.00472,0.00474,391216389.0
2024-11-18 12:00:00,0.00474,0.00492,0.00463,0.00488,674758378.0
2024-11-18 16:00:00,0.00489,0.00497,0.00466,0.00476,748092674.0
2024-11-18 20:00:00,0.00477,0.00492,0.00473,0.0049,477718423.0
2024-11-19 00:00:00,0.0049,0.00491,0.00481,0.00487,345713329.0
2024-11-19 04:00:00,0.00486,0.00488,0.00475,0.00487,351764727.0
2024-11-19 08:00:00,0.00486,0.00496,0.0048,0.0049,606582164.0
2024-11-19 12:00:00,0.0049,0.00495,0.00479,0.00486,584801200.0
2024-11-19 16:00:00,0.00486,0.00493,0.00482,0.00489,443418808.0
2024-11-19 20:00:00,0.00489,0.0049,0.00468,0.00485,505056804.0
2024-11-20 00:00:00,0.00484,0.00485,0.00459,0.0047,598170288.0
2024-11-20 04:00:00,0.00469,0.00475,0.00461,0.00465,505308237.0
2024-11-20 08:00:00,0.00465,0.0047,0.00461,0.00465,306497918.0
2024-11-20 12:00:00,0.00465,0.00477,0.00457,0.00468,567238760.0
2024-11-20 16:00:00,0.00468,0.00469,0.00432,0.00439,896657360.0
2024-11-20 20:00:00,0.00439,0.00453,0.00435,0.00443,313495034.0
2024-11-21 00:00:00,0.00443,0.00451,0.00429,0.00437,484406709.0
2024-11-21 04:00:00,0.00437,0.00455,0.00436,0.00454,420374819.0
2024-11-21 08:00:00,0.00453,0.00458,0.00445,0.00451,347086603.0
2024-11-21 12:00:00,0.00452,0.00485,0.00451,0.00472,988609688.0
2024-11-21 16:00:00,0.00471,0.00488,0.00471,0.00481,606655994.0
2024-11-21 20:00:00,0.00482,0.00493,0.00478,0.0049,648256907.0
2024-11-22 00:00:00,0.0049,0.00493,0.00479,0.00487,407601391.0
2024-11-22 04:00:00,0.00488,0.00496,0.00485,0.00487,367885631.0
2024-11-22 08:00:00,0.00487,0.00518,0.00487,0.00515,864818668.0
2024-11-22 12:00:00,0.00516,0.00517,0.00485,0.00501,953791177.0
2024-11-22 16:00:00,0.00502,0.00507,0.00487,0.00494,742320944.0
2024-11-22 20:00:00,0.00495,0.00527,0.00492,0.00525,525048480.0
2024-11-23 00:00:00,0.00526,0.00542,0.00517,0.00538,672017032.0
2024-11-23 04:00:00,0.00539,0.00559,0.00529,0.00556,727547831.0
2024-11-23 08:00:00,0.00557,0.00573,0.00551,0.00571,846692944.0
2024-11-23 12:00:00,0.00571,0.00596,0.00567,0.00583,1116413074.0
2024-11-23 16:00:00,0.00583,0.0059,0.00537,0.00562,1454379795.0
2024-11-23 20:00:00,0.00562,0.00575,0.00548,0.00564,547958123.0
2024-11-24 00:00:00,0.00565,0.00605,0.00559,0.00603,742603326.0
2024-11-24 04:00:00,0.00602,0.00614,0.00585,0.00602,820980349.0
2024-11-24 08:00:00,0.00602,0.00614,0.00572,0.00574,1002733613.0
2024-11-24 12:00:00,0.00573,0.00581,0.00542,0.00544,1250289793.0
2024-11-24 16:00:00,0.00545,0.00573,0.00542,0.00567,640731394.0
2024-11-24 20:00:00,0.00568,0.0061,0.00565,0.00606,642678731.0
2024-11-25 00:00:00,0.00607,0.00609,0.00576,0.00591,1296323955.0
2024-11-25 04:00:00,0.00592,0.00595,0.00569,0.00572,352402184.0
2024-11-25 08:00:00,0.00573,0.00598,0.0057,0.00591,459248476.0
2024-11-25 12:00:00,0.00592,0.00596,0.00554,0.00583,735635568.0
2024-11-25 16:00:00,0.00583,0.00598,0.00562,0.0057,713437279.0
2024-11-25 20:00:00,0.0057,0.00577,0.00537,0.00553,732997474.0
2024-11-26 00:00:00,0.00553,0.0058,0.00547,0.00573,658073300.0
2024-11-26 04:00:00,0.00573,0.00585,0.00559,0.00565,528182586.0
2024-11-26 08:00:00,0.00565,0.00566,0.00512,0.00526,1185181698.0
2024-11-26 12:00:00,0.00526,0.00536,0.00513,0.0052,979980452.0
2024-11-26 16:00:00,0.0052,0.0054,0.00513,0.00521,829718294.0
2024-11-26 20:00:00,0.00522,0.00542,0.0052,0.00539,534748222.0
2024-11-27 00:00:00,0.00539,0.00543,0.00518,0.00537,671045450.0
2024-11-27 04:00:00,0.00537,0.00556,0.00536,0.00553,492429841.0
2024-11-27 08:00:00,0.00554,0.00559,0.00544,0.00553,397770033.0
2024-11-27 12:00:00,0.00553,0.00573,0.00542,0.00571,629499743.0
2024-11-27 16:00:00,0.00571,0.00587,0.0057,0.00582,799805078.0
2024-11-27 20:00:00,0.00583,0.00588,0.00577,0.00584,582125233.0
2024-11-28 00:00:00,0.00585,0.00589,0.00561,0.00567,667826054.0
2024-11-28 04:00:00,0.00568,0.00582,0.00566,0.0057,405416728.0
2024-11-28 08:00:00,0.0057,0.00579,0.00559,0.00569,932641848.0
2024-11-28 12:00:00,0.00569,0.00572,0.00551,0.00552,642471657.0
2024-11-28 16:00:00,0.00553,0.00581,0.00552,0.00581,428553248.0
2024-11-28 20:00:00,0.0058,0.00583,0.00574,0.00579,356947268.0
2024-11-29 00:00:00,0.00578,0.0058,0.00565,0.00573,481857210.0
2024-11-29 04:00:00,0.00572,0.00574,0.00554,0.00555,404331382.0
2024-11-29 08:00:00,0.00554,0.00582,0.00554,0.0058,453325758.0
2024-11-29 12:00:00,0.0058,0.00595,0.00574,0.00584,536715493.0
2024-11-29 16:00:00,0.00584,0.00588,0.00578,0.00584,279819341.0
2024-11-29 20:00:00,0.00585,0.006,0.00584,0.00598,316137248.0
2024-11-30 00:00:00,0.00597,0.00608,0.00588,0.00605,452303903.0
2024-11-30 04:00:00,0.00606,0.00631,0.00601,0.00627,763036485.0
2024-11-30 08:00:00,0.00628,0.00642,0.00614,0.00625,717167028.0
2024-11-30 12:00:00,0.00626,0.00654,0.00625,0.00648,631531857.0
2024-11-30 16:00:00,0.00648,0.00656,0.00637,0.00648,514824822.0
2024-11-30 20:00:00,0.00648,0.00654,0.00638,0.00639,415575205.0
2024-12-01 00:00:00,0.00639,0.00639,0.00611,0.00625,797889836.0
2024-12-01 04:00:00,0.00625,0.00637,0.00619,0.00634,463215246.0
2024-12-01 08:00:00,0.00634,0.00647,0.00625,0.00643,1295389467.0
2024-12-01 12:00:00,0.00642,0.00662,0.00641,0.00657,565012043.0
2024-12-01 16:00:00,0.00657,0.00661,0.0064,0.00644,329732220.0
2024-12-01 20:00:00,0.00643,0.00656,0.00628,0.00649,362740230.0
2024-12-02 00:00:00,0.00649,0.00658,0.00623,0.00628,542662757.0
2024-12-02 04:00:00,0.00627,0.00645,0.00616,0.00634,618826523.0
2024-12-02 08:00:00,0.00634,0.00638,0.00588,0.00593,1036085910.0
2024-12-02 12:00:00,0.00593,0.00629,0.0059,0.00627,569009030.0
2024-12-02 16:00:00,0.00628,0.00634,0.00599,0.00625,432231991.0
2024-12-02 20:00:00,0.00625,0.00661,0.00623,0.00659,422003367.0
2024-12-03 00:00:00,0.00658,0.00679,0.0065,0.00671,597790462.0
2024-12-03 04:00:00,0.00672,0.00701,0.00671,0.0068,566726555.0
2024-12-03 08:00:00,0.0068,0.0071,0.00678,0.007,567286869.0
2024-12-03 12:00:00,0.00701,0.00709,0.0063,0.00668,1099528593.0
2024-12-03 16:00:00,0.00668,0.00704,0.00663,0.00699,622400279.0
2024-12-03 20:00:00,0.00699,0.0073,0.00699,0.00722,453322608.0
2024-12-04 00:00:00,0.00722,0.00737,0.00713,0.00727,613133765.0
2024-12-04 04:00:00,0.00727,0.00745,0.00716,0.00744,291644840.0
2024-12-04 08:00:00,0.00745,0.00776,0.00737,0.00765,597859910.0
2024-12-04 12:00:00,0.00765,0.00787,0.00753,0.00773,852891918.0
2024-12-04 16:00:00,0.00774,0.00774,0.00724,0.0077,723869740.0
2024-12-04 20:00:00,0.0077,0.00784,0.00741,0.00754,592061845.0
2024-12-05 00:00:00,0.00754,0.00764,0.00709,0.00729,945148365.0
2024-12-05 04:00:00,0.0073,0.0077,0.00727,0.00767,320108375.0
2024-12-05 08:00:00,0.00767,0.00769,0.00752,0.00766,549249378.0
2024-12-05 12:00:00,0.00766,0.00773,0.0073,0.00743,535012424.0
2024-12-05 16:00:00,0.00743,0.00772,0.00739,0.00749,373766989.0
2024-12-05 20:00:00,0.00749,0.0077,0.00724,0.00744,504896790.0
2024-12-06 00:00:00,0.00745,0.00776,0.00739,0.00769,354140261.0
2024-12-06 04:00:00,0.00769,0.00807,0.00768,0.00793,391853135.0
2024-12-06 08:00:00,0.00794,0.00806,0.00759,0.00775,491245596.0
2024-12-06 12:00:00,0.00774,0.00803,0.00746,0.00793,577078074.0
2024-12-06 16:00:00,0.00794,0.00863,0.00792,0.0081,1333504526.0
2024-12-06 20:00:00,0.00811,0.0082,0.00793,0.00802,335902964.0
2024-12-07 00:00:00,0.00802,0.00815,0.00788,0.00811,333025695.0
2024-12-07 04:00:00,0.00811,0.00823,0.00799,0.00805,305353231.0
2024-12-07 08:00:00,0.00806,0.00807,0.00781,0.00793,309771312.0
2024-12-07 12:00:00,0.00794,0.00795,0.00779,0.0079,247652376.0
2024-12-07 16:00:00,0.0079,0.00791,0.00768,0.00777,254111007.0
2024-12-07 20:00:00,0.00777,0.00787,0.00775,0.0078,147661715.0
2024-12-08 00:00:00,0.0078,0.00789,0.00774,0.00775,149983027.0
2024-12-08 04:00:00,0.00775,0.00779,0.00757,0.00777,219844551.0
2024-12-08 08:00:00,0.00777,0.00778,0.00758,0.00773,236647305.0
2024-12-08 12:00:00,0.00773,0.00799,0.00764,0.00796,351457044.0
2024-12-08 16:00:00,0.00797,0.00812,0.00781,0.00809,324184519.0
2024-12-08 20:00:00,0.00809,0.00835,0.00808,0.00831,478797839.0
2024-12-09 00:00:00,0.00831,0.00836,0.00783,0.00793,476617872.0
2024-12-09 04:00:00,0.00793,0.00801,0.00762,0.00774,344553977.0
2024-12-09 08:00:00,0.00774,0.00775,0.00725,0.00728,551483925.0
2024-12-09 12:00:00,0.00729,0.00754,0.00716,0.00725,559887740.0
2024-12-09 16:00:00,0.00725,0.00738,0.00715,0.00721,339798450.0
2024-12-09 20:00:00,0.00722,0.00724,0.0053,0.00622,2641058760.0
2024-12-10 00:00:00,0.00621,0.00639,0.0058,0.00609,898491719.0
2024-12-10 04:00:00,0.00609,0.00635,0.00594,0.00626,487696319.0
2024-12-10 08:00:00,0.00626,0.00636,0.00613,0.00617,395295343.0
2024-12-10 12:00:00,0.00618,0.0062,0.00554,0.00556,1029059143.0
2024-12-10 16:00:00,0.00556,0.00582,0.00538,0.0058,1262592819.0
2024-12-10 20:00:00,0.00581,0.00611,0.00576,0.00599,408455802.0
2024-12-11 00:00:00,0.00599,0.00609,0.00575,0.00605,516300181.0
2024-12-11 04:00:00,0.00606,0.00614,0.00598,0.00602,273735296.0
2024-12-11 08:00:00,0.00602,0.00626,0.00602,0.00619,309633262.0
2024-12-11 12:00:00,0.0062,0.00651,0.00618,0.00646,588371201.0
2024-12-11 16:00:00,0.00646,0.00652,0.00633,0.00648,431563759.0
2024-12-11 20:00:00,0.00649,0.00667,0.00646,0.00665,271943660.0
2024-12-12 00:00:00,0.00665,0.00709,0.00659,0.007,542624717.0
2024-12-12 04:00:00,0.007,0.00729,0.007,0.00715,423692523.0
2024-12-12 08:00:00,0.00715,0.00734,0.00694,0.00701,518723341.0
2024-12-12 12:00:00,0.00701,0.00741,0.00701,0.00719,989548965.0
2024-12-12 16:00:00,0.00719,0.00731,0.00693,0.00697,637195357.0
2024-12-12 20:00:00,0.00696,0.00724,0.00696,0.00717,549813194.0
2024-12-13 00:00:00,0.00717,0.00726,0.00691,0.0072,571527480.0
2024-12-13 04:00:00,0.00719,0.00723,0.00689,0.00697,437839985.0
2024-12-13 08:00:00,0.00698,0.00719,0.00692,0.00707,414872311.0
2024-12-13 12:00:00,0.00707,0.00716,0.00687,0.00688,536163425.0
2024-12-13 16:00:00,0.00688,0.00716,0.00687,0.00709,613527108.0
2024-12-13 20:00:00,0.00709,0.0072,0.00695,0.00713,347749610.0
2024-12-14 00:00:00,0.00712,0.00719,0.00698,0.007,297087351.0
2024-12-14 04:00:00,0.00701,0.00705,0.00692,0.00696,223739027.0
2024-12-14 08:00:00,0.00695,0.00702,0.00682,0.00685,246210973.0
2024-12-14 12:00:00,0.00685,0.00687,0.00656,0.00661,511174475.0
2024-12-14 16:00:00,0.00661,0.00666,0.00641,0.00651,429123379.0
2024-12-14 20:00:00,0.00652,0.00659,0.00641,0.00657,257703412.0
2024-12-15 00:00:00,0.00656,0.00661,0.00638,0.00642,361721464.0
2024-12-15 04:00:00,0.00643,0.00657,0.00628,0.00633,356594035.0
2024-12-15 08:00:00,0.00633,0.00654,0.00633,0.00647,323959833.0
2024-12-15 12:00:00,0.00647,0.00681,0.00641,0.0067,599131343.0
2024-12-15 16:00:00,0.0067,0.00675,0.00659,0.00665,321296384.0
2024-12-15 20:00:00,0.00665,0.00678,0.00637,0.00674,489954731.0
2024-12-16 00:00:00,0.00674,0.007,0.00665,0.00668,455089945.0
2024-12-16 04:00:00,0.00669,0.00673,0.00652,0.00661,318016687.0
2024-12-16 08:00:00,0.00661,0.00663,0.00627,0.00629,385975654.0
2024-12-16 12:00:00,0.00629,0.00645,0.00627,0.00643,384791749.0
2024-12-16 16:00:00,0.00643,0.0068,0.00643,0.00671,466087699.0
2024-12-16 20:00:00,0.00671,0.00684,0.00658,0.0066,324215232.0
2024-12-17 00:00:00,0.0066,0.00662,0.00644,0.00654,324633269.0
2024-12-17 04:00:00,0.00655,0.00655,0.00638,0.00642,250384577.0
2024-12-17 08:00:00,0.00642,0.00658,0.00636,0.00648,307691570.0
2024-12-17 12:00:00,0.00648,0.00658,0.00606,0.00612,604354041.0
2024-12-17 16:00:00,0.00613,0.00631,0.00605,0.00624,408589153.0
2024-12-17 20:00:00,0.00625,0.00631,0.00596,0.00606,400273380.0
2024-12-18 00:00:00,0.00605,0.00611,0.00596,0.00598,469165653.0
2024-12-18 04:00:00,0.00598,0.00602,0.00585,0.00593,487449406.0
2024-12-18 08:00:00,0.00593,0.00604,0.00588,0.00599,276567164.0
2024-12-18 12:00:00,0.00599,0.006,0.00571,0.00576,586517142.0
2024-12-18 16:00:00,0.00577,0.00595,0.00569,0.0057,706324509.0
2024-12-18 20:00:00,0.00569,0.00575,0.00515,0.00537,1694404135.0
2024-12-19 00:00:00,0.00537,0.00542,0.00495,0.00535,1184603324.0
2024-12-19 04:00:00,0.00536,0.0054,0.0053,0.00532,374379345.0
2024-12-19 08:00:00,0.00532,0.00544,0.00525,0.00538,370637936.0
2024-12-19 12:00:00,0.00539,0.0054,0.00507,0.00517,706059320.0
2024-12-19 16:00:00,0.00517,0.00526,0.00461,0.00472,1943843001.0
2024-12-19 20:00:00,0.00473,0.00491,0.00457,0.0048,732142663.0
2024-12-20 00:00:00,0.0048,0.00497,0.0047,0.00485,626461736.0
2024-12-20 04:00:00,0.00486,0.00491,0.00462,0.00475,547306398.0
2024-12-20 08:00:00,0.00475,0.00475,0.00402,0.00404,2018076612.0
2024-12-20 12:00:00,0.00405,0.00469,0.00404,0.00465,1126626530.0
2024-12-20 16:00:00,0.00465,0.00492,0.00461,0.00487,509125721.0
2024-12-20 20:00:00,0.00487,0.00497,0.00476,0.00493,419432262.0
2024-12-21 00:00:00,0.00494,0.00504,0.00491,0.00497,298224321.0
2024-12-21 04:00:00,0.00497,0.0053,0.00495,0.00523,327318447.0
2024-12-21 08:00:00,0.00523,0.00526,0.00501,0.00508,365112662.0
2024-12-21 12:00:00,0.00509,0.00509,0.0047,0.0048,814071625.0
2024-12-21 16:00:00,0.0048,0.00482,0.00458,0.00467,693147439.0
2024-12-21 20:00:00,0.00466,0.00475,0.00457,0.00466,497444961.0
2024-12-22 00:00:00,0.00467,0.00476,0.00452,0.00464,574580033.0
2024-12-22 04:00:00,0.00464,0.00466,0.00449,0.00458,373308449.0
2024-12-22 08:00:00,0.00458,0.00471,0.00458,0.00464,366535765.0
2024-12-22 12:00:00,0.00464,0.00476,0.00452,0.00459,547808355.0
2024-12-22 16:00:00,0.00458,0.00468,0.00445,0.00446,420668419.0
2024-12-22 20:00:00,0.00447,0.00467,0.00442,0.00459,572863480.0
2024-12-23 00:00:00,0.00459,0.0048,0.00446,0.00476,787101640.0
2024-12-23 04:00:00,0.00476,0.0048,0.00456,0.00465,613028619.0
2024-12-23 08:00:00,0.00465,0.00478,0.00462,0.00468,519436602.0
2024-12-23 12:00:00,0.00469,0.00475,0.00457,0.00459,782642820.0
2024-12-23 16:00:00,0.00459,0.00478,0.00458,0.00474,628784032.0
2024-12-23 20:00:00,0.00474,0.00503,0.00474,0.00496,616310838.0
2024-12-24 00:00:00,0.00495,0.00497,0.00484,0.00493,367680352.0
2024-12-24 04:00:00,0.00493,0.00501,0.0049,0.00496,277085764.0
2024-12-24 08:00:00,0.00495,0.00503,0.00491,0.00501,365597413.0
2024-12-24 12:00:00,0.00501,0.00533,0.00495,0.00529,522790383.0
2024-12-24 16:00:00,0.00529,0.00533,0.00515,0.00515,375016062.0
2024-12-24 20:00:00,0.00516,0.00526,0.00508,0.00523,281965837.0
2024-12-25 00:00:00,0.00523,0.00527,0.00516,0.00521,232334495.0
2024-12-25 04:00:00,0.00521,0.00526,0.00516,0.00516,231834980.0
2024-12-25 08:00:00,0.00517,0.00531,0.00515,0.00516,294228831.0
2024-12-25 12:00:00,0.00516,0.00522,0.00511,0.00513,355204997.0
2024-12-25 16:00:00,0.00514,0.0052,0.00508,0.00519,255949364.0
2024-12-25 20:00:00,0.00518,0.0052,0.00503,0.00512,268425844.0
2024-12-26 00:00:00,0.00512,0.00518,0.00498,0.005,348230664.0
2024-12-26 04:00:00,0.005,0.005,0.00489,0.00491,399758720.0
2024-12-26 08:00:00,0.00492,0.00493,0.00474,0.00486,536732710.0
2024-12-26 12:00:00,0.00485,0.00487,0.00478,0.00479,397443130.0
2024-12-26 16:00:00,0.00479,0.00484,0.00471,0.00479,382150637.0
2024-12-26 20:00:00,0.00479,0.00482,0.0047,0.00479,291685490.0
2024-12-27 00:00:00,0.00479,0.00488,0.00474,0.00484,322139499.0
2024-12-27 04:00:00,0.00485,0.00495,0.00475,0.00482,421561303.0
2024-12-27 08:00:00,0.00481,0.00518,0.00481,0.00507,725767816.0
2024-12-27 12:00:00,0.00507,0.0051,0.00485,0.0049,546341389.0
2024-12-27 16:00:00,0.00489,0.00504,0.00482,0.005,422345390.0
2024-12-27 20:00:00,0.005,0.00502,0.0049,0.00494,326289249.0
2024-12-28 00:00:00,0.00494,0.00502,0.00489,0.005,285762286.0
2024-12-28 04:00:00,0.005,0.00503,0.00491,0.00491,243485925.0
2024-12-28 08:00:00,0.00492,0.005,0.00491,0.00499,224421896.0
2024-12-28 12:00:00,0.005,0.00542,0.00496,0.00529,934462069.0
2024-12-28 16:00:00,0.00528,0.0054,0.00524,0.00533,385914689.0
2024-12-28 20:00:00,0.00533,0.00535,0.00527,0.0053,280607689.0
2024-12-29 00:00:00,0.0053,0.00532,0.00521,0.00527,257150363.0
2024-12-29 04:00:00,0.00527,0.00529,0.00516,0.00521,234959699.0
2024-12-29 08:00:00,0.00521,0.00526,0.00515,0.00517,251511608.0
2024-12-29 12:00:00,0.00517,0.00527,0.0051,0.0052,354240425.0
2024-12-29 16:00:00,0.0052,0.00523,0.00512,0.00522,269727738.0
2024-12-29 20:00:00,0.00521,0.00522,0.00508,0.00518,301606356.0
2024-12-30 00:00:00,0.00518,0.00541,0.00514,0.00532,520686722.0
2024-12-30 04:00:00,0.00531,0.00543,0.00521,0.00531,481229561.0
2024-12-30 08:00:00,0.00531,0.00537,0.00511,0.00519,431835997.0
2024-12-30 12:00:00,0.00518,0.00526,0.00493,0.00496,808709127.0
2024-12-30 16:00:00,0.00497,0.0053,0.0049,0.00527,579216531.0
2024-12-30 20:00:00,0.00527,0.00535,0.00501,0.00511,571458802.0
2024-12-31 00:00:00,0.00511,0.00511,0.00492,0.00493,369221978.0
2024-12-31 04:00:00,0.00493,0.00499,0.00487,0.00491,465965186.0
2024-12-31 08:00:00,0.00491,0.00509,0.00491,0.00497,384932080.0
2024-12-31 12:00:00,0.00498,0.00514,0.00496,0.00507,459080857.0
2024-12-31 16:00:00,0.00507,0.0051,0.00492,0.00496,550563666.0
2024-12-31 20:00:00,0.00495,0.005,0.00489,0.00493,261701176.0
2025-01-01 00:00:00,0.00494,0.00502,0.0049,0.00492,248130584.0
2025-01-01 04:00:00,0.00491,0.00492,0.00482,0.00484,247262774.0
2025-01-01 08:00:00,0.00484,0.00485,0.0047,0.00479,368823950.0
2025-01-01 12:00:00,0.0048,0.00493,0.00478,0.00492,454884833.0
2025-01-01 16:00:00,0.00492,0.00506,0.00482,0.00504,554275926.0
2025-01-01 20:00:00,0.00503,0.00515,0.00503,0.00505,338893599.0
2025-01-02 00:00:00,0.00506,0.00519,0.00505,0.00511,266094942.0
2025-01-02 04:00:00,0.00512,0.00524,0.00512,0.0052,193480711.0
2025-01-02 08:00:00,0.00521,0.00534,0.0052,0.00532,215903354.0
2025-01-02 12:00:00,0.00532,0.00542,0.00527,0.00532,376534709.0
2025-01-02 16:00:00,0.00532,0.0054,0.00528,0.00532,250417494.0
2025-01-02 20:00:00,0.00532,0.00535,0.0052,0.00531,236318539.0
2025-01-03 00:00:00,0.00532,0.00535,0.00522,0.00529,265122425.0
2025-01-03 04:00:00,0.00529,0.00529,0.00514,0.00516,342777625.0
2025-01-03 08:00:00,0.00517,0.00537,0.00516,0.00536,291064684.0
2025-01-03 12:00:00,0.00536,0.00549,0.00533,0.00548,510537351.0
2025-01-03 16:00:00,0.00549,0.00558,0.00547,0.00557,326066229.0
2025-01-03 20:00:00,0.00557,0.00563,0.0055,0.00562,220669065.0
2025-01-04 00:00:00,0.00563,0.00567,0.00553,0.0056,236383333.0
2025-01-04 04:00:00,0.00561,0.00567,0.00555,0.00564,148833294.0
2025-01-04 08:00:00,0.00564,0.00565,0.00548,0.00551,227482677.0
2025-01-04 12:00:00,0.00551,0.00563,0.00546,0.00549,280348624.0
2025-01-04 16:00:00,0.00549,0.00561,0.00549,0.0056,244433723.0
2025-01-04 20:00:00,0.00559,0.00561,0.00554,0.0056,195516873.0
2025-01-05 00:00:00,0.00559,0.00561,0.0055,0.00557,194796606.0
2025-01-05 04:00:00,0.00557,0.00561,0.00552,0.00559,138987888.0
2025-01-05 08:00:00,0.0056,0.00567,0.0055,0.00561,275133306.0
2025-01-05 12:00:00,0.00561,0.00574,0.00556,0.00565,441910395.0
2025-01-05 16:00:00,0.00565,0.00569,0.00546,0.00556,346558182.0
2025-01-05 20:00:00,0.00556,0.00561,0.00553,0.00556,190666238.0
2025-01-06 00:00:00,0.00557,0.00567,0.00544,0.0056,379362273.0
2025-01-06 04:00:00,0.00561,0.00564,0.0055,0.00554,276536128.0
2025-01-06 08:00:00,0.00554,0.0056,0.00548,0.00559,190471640.0
2025-01-06 12:00:00,0.00559,0.00573,0.00549,0.00573,523520315.0
2025-01-06 16:00:00,0.00573,0.0058,0.00562,0.00565,363597039.0
2025-01-06 20:00:00,0.00564,0.00567,0.00552,0.00557,232547617.0
2025-01-07 00:00:00,0.00557,0.00563,0.0055,0.00555,261969916.0
2025-01-07 04:00:00,0.00556,0.00557,0.00546,0.00549,187612185.0
2025-01-07 08:00:00,0.00549,0.00556,0.00537,0.00542,260963169.0
2025-01-07 12:00:00,0.00542,0.00548,0.00501,0.00508,1123778474.0
2025-01-07 16:00:00,0.00507,0.00509,0.00486,0.00488,645166909.0
2025-01-07 20:00:00,0.00489,0.00492,0.00478,0.00478,493898308.0
2025-01-08 00:00:00,0.00479,0.00486,0.0047,0.00475,413983587.0
2025-01-08 04:00:00,0.00475,0.00478,0.00458,0.00467,432182271.0
2025-01-08 08:00:00,0.00467,0.00472,0.00455,0.0046,280911261.0
2025-01-08 12:00:00,0.0046,0.00469,0.00455,0.00462,480241206.0
2025-01-08 16:00:00,0.00461,0.00464,0.00429,0.00447,1077609521.0
2025-01-08 20:00:00,0.00447,0.00456,0.00443,0.00452,360554104.0
2025-01-09 00:00:00,0.00452,0.00461,0.0045,0.00457,337251554.0
2025-01-09 04:00:00,0.00458,0.0046,0.00443,0.00446,286074426.0
2025-01-09 08:00:00,0.00445,0.00459,0.00442,0.00454,362320208.0
2025-01-09 12:00:00,0.00453,0.00462,0.00435,0.00459,562550575.0
2025-01-09 16:00:00,0.00459,0.00463,0.0044,0.00441,479745166.0
2025-01-09 20:00:00,0.00442,0.00452,0.00436,0.00448,389880693.0
2025-01-10 00:00:00,0.00448,0.00453,0.00445,0.00451,224614980.0
2025-01-10 04:00:00,0.00451,0.00468,0.00449,0.00463,229058499.0
2025-01-10 08:00:00,0.00463,0.00467,0.00459,0.00464,202136320.0
2025-01-10 12:00:00,0.00464,0.00466,0.00442,0.00453,649494418.0
2025-01-10 16:00:00,0.00454,0.00465,0.00446,0.00463,368925170.0
2025-01-10 20:00:00,0.00464,0.00464,0.00457,0.0046,146503501.0
2025-01-11 00:00:00,0.00459,0.00463,0.0045,0.00451,135221304.0
2025-01-11 04:00:00,0.00451,0.00458,0.00448,0.00453,106316522.0
2025-01-11 08:00:00,0.00452,0.00458,0.00449,0.00456,120947256.0
2025-01-11 12:00:00,0.00455,0.00457,0.0045,0.0045,99242863.0
2025-01-11 16:00:00,0.00451,0.00453,0.00442,0.00445,145760575.0
2025-01-11 20:00:00,0.00444,0.00461,0.00443,0.00451,202164233.0
2025-01-12 00:00:00,0.0045,0.00456,0.00448,0.00453,118740308.0
2025-01-12 04:00:00,0.00453,0.00454,0.00444,0.00448,90562856.0
2025-01-12 08:00:00,0.00448,0.00449,0.0044,0.00446,165563170.0
2025-01-12 12:00:00,0.00447,0.00454,0.00443,0.00451,180916281.0
2025-01-12 16:00:00,0.00452,0.00454,0.00445,0.00448,125471523.0
2025-01-12 20:00:00,0.00447,0.00449,0.00434,0.0044,186679038.0
2025-01-13 00:00:00,0.0044,0.00456,0.00426,0.00428,316213543.0
2025-01-13 04:00:00,0.00427,0.00435,0.00417,0.00422,296906990.0
2025-01-13 08:00:00,0.00421,0.00422,0.00394,0.00394,453880027.0
2025-01-13 12:00:00,0.00394,0.00417,0.00389,0.0041,773968472.0
2025-01-13 16:00:00,0.0041,0.00412,0.00393,0.00403,445575741.0
2025-01-13 20:00:00,0.00404,0.00427,0.004,0.00421,387726591.0
2025-01-14 00:00:00,0.00421,0.00431,0.0042,0.00424,254939560.0
2025-01-14 04:00:00,0.00425,0.00436,0.00425,0.00427,185320724.0
2025-01-14 08:00:00,0.00427,0.00444,0.00427,0.00433,295316457.0
2025-01-14 12:00:00,0.00434,0.0044,0.00429,0.00432,386896966.0
2025-01-14 16:00:00,0.00432,0.00438,0.00429,0.00436,240902636.0
2025-01-14 20:00:00,0.00436,0.00443,0.00433,0.00439,129683559.0
2025-01-15 00:00:00,0.00439,0.00444,0.00435,0.00442,207420634.0
2025-01-15 04:00:00,0.00442,0.00447,0.00437,0.00443,148977927.0
2025-01-15 08:00:00,0.00443,0.00446,0.00428,0.00432,261267983.0
2025-01-15 12:00:00,0.00431,0.00461,0.00428,0.00457,560964124.0
2025-01-15 16:00:00,0.00456,0.00468,0.00453,0.00467,314370359.0
2025-01-15 20:00:00,0.00467,0.0047,0.00463,0.00469,195860941.0
2025-01-16 00:00:00,0.0047,0.00471,0.0046,0.00463,254726067.0
2025-01-16 04:00:00,0.00463,0.00465,0.00459,0.00463,141733762.0
2025-01-16 08:00:00,0.00463,0.00465,0.00453,0.00462,280111935.0
2025-01-16 12:00:00,0.00462,0.0047,0.00445,0.00457,962126856.0
2025-01-16 16:00:00,0.00458,0.00467,0.00457,0.00467,270588698.0
2025-01-16 20:00:00,0.00466,0.00468,0.00453,0.00458,175323402.0
2025-01-17 00:00:00,0.00458,0.00474,0.00457,0.00472,253538019.0
2025-01-17 04:00:00,0.00472,0.00479,0.00469,0.00476,126311145.0
2025-01-17 08:00:00,0.00475,0.00484,0.00474,0.00481,176347026.0
2025-01-17 12:00:00,0.00481,0.00487,0.00476,0.00483,295656768.0
2025-01-17 16:00:00,0.00483,0.00488,0.00475,0.00481,218261284.0
2025-01-17 20:00:00,0.00481,0.00494,0.0048,0.0049,205214401.0
2025-01-18 00:00:00,0.0049,0.00495,0.0047,0.00473,206939081.0
2025-01-18 04:00:00,0.00472,0.00475,0.00449,0.0045,420652008.0
2025-01-18 08:00:00,0.00451,0.00458,0.00444,0.00456,362169221.0
2025-01-18 12:00:00,0.00456,0.00461,0.00448,0.00451,325786893.0
2025-01-18 16:00:00,0.00452,0.00454,0.00442,0.00449,435104415.0
2025-01-18 20:00:00,0.00449,0.00453,0.0044,0.00451,146126290.0
2025-01-19 00:00:00,0.00451,0.00465,0.00449,0.00457,213369899.0
2025-01-19 04:00:00,0.00456,0.00458,0.00439,0.00441,280986357.0
2025-01-19 08:00:00,0.00441,0.00441,0.00407,0.0041,719729695.0
2025-01-19 12:00:00,0.00411,0.00448,0.00409,0.00442,575656630.0
2025-01-19 16:00:00,0.00441,0.00457,0.00436,0.00456,229857292.0
2025-01-19 20:00:00,0.00456,0.00459,0.004,0.0041,1351144528.0
2025-01-20 00:00:00,0.00409,0.0041,0.00382,0.00392,1364402213.0
2025-01-20 04:00:00,0.00391,0.00438,0.00387,0.00425,954591909.0
2025-01-20 08:00:00,0.00425,0.00429,0.00411,0.0042,368908738.0
2025-01-20 12:00:00,0.0042,0.0042,0.00399,0.00403,746432335.0
2025-01-20 16:00:00,0.00404,0.00411,0.00378,0.00396,1452195294.0
2025-01-20 20:00:00,0.00396,0.00398,0.00379,0.00386,339718533.0
2025-01-21 00:00:00,0.00386,0.00389,0.00371,0.00378,584635978.0
2025-01-21 04:00:00,0.00377,0.00386,0.00371,0.00381,392982432.0
2025-01-21 08:00:00,0.00381,0.00396,0.00376,0.00395,376347967.0
2025-01-21 12:00:00,0.00395,0.00401,0.00389,0.00396,434022369.0
2025-01-21 16:00:00,0.00396,0.00415,0.00393,0.00409,496024853.0
2025-01-21 20:00:00,0.0041,0.00411,0.00401,0.00406,297924138.0
2025-01-22 00:00:00,0.00405,0.00411,0.00402,0.00408,256958343.0
2025-01-22 04:00:00,0.00408,0.00411,0.00402,0.00406,251581366.0
2025-01-22 08:00:00,0.00405,0.00413,0.00402,0.00412,183234544.0
2025-01-22 12:00:00,0.00412,0.00413,0.00401,0.00405,371066493.0
2025-01-22 16:00:00,0.00405,0.00409,0.00398,0.00403,325353412.0
2025-01-22 20:00:00,0.00403,0.00406,0.00396,0.00398,244256590.0
2025-01-23 00:00:00,0.00398,0.004,0.0039,0.00394,292179246.0
2025-01-23 04:00:00,0.00393,0.00397,0.00388,0.00397,332581659.0
2025-01-23 08:00:00,0.00397,0.00397,0.00387,0.0039,277468577.0
2025-01-23 12:00:00,0.00391,0.00403,0.00384,0.00397,904763846.0
2025-01-23 16:00:00,0.00397,0.00405,0.00382,0.00385,555752640.0
2025-01-23 20:00:00,0.00385,0.00399,0.0038,0.00396,942251498.0
2025-01-24 00:00:00,0.00396,0.00398,0.00379,0.00386,427719992.0
2025-01-24 04:00:00,0.00385,0.00401,0.00384,0.00395,316587491.0
2025-01-24 08:00:00,0.00395,0.00398,0.00391,0.00393,237037861.0
2025-01-24 12:00:00,0.00394,0.00397,0.00385,0.00389,332222347.0
2025-01-24 16:00:00,0.00389,0.00391,0.00381,0.00383,271204490.0
2025-01-24 20:00:00,0.00382,0.00384,0.00369,0.00371,289830048.0
2025-01-25 00:00:00,0.0037,0.00377,0.00361,0.00376,290888504.0
2025-01-25 04:00:00,0.00376,0.00377,0.00372,0.00374,185059055.0
2025-01-25 08:00:00,0.00373,0.00379,0.00369,0.00377,202622966.0
2025-01-25 12:00:00,0.00378,0.00381,0.00373,0.00378,211759891.0
2025-01-25 16:00:00,0.00378,0.00379,0.00374,0.00377,164039571.0
2025-01-25 20:00:00,0.00377,0.00379,0.00371,0.00372,121104994.0
2025-01-26 00:00:00,0.00372,0.00381,0.00371,0.00378,153021812.0
2025-01-26 04:00:00,0.00379,0.00384,0.00377,0.00383,136920332.0
2025-01-26 08:00:00,0.00384,0.00386,0.00375,0.00384,114374882.0
2025-01-26 12:00:00,0.00384,0.00386,0.00381,0.00383,112456848.0
2025-01-26 16:00:00,0.00383,0.00388,0.00381,0.00387,127535795.0
2025-01-26 20:00:00,0.00388,0.00388,0.00364,0.00364,357612965.0
2025-01-27 00:00:00,0.00365,0.00365,0.00342,0.00346,749419209.0
2025-01-27 04:00:00,0.00346,0.00347,0.00321,0.00334,983728267.0
2025-01-27 08:00:00,0.00333,0.00336,0.00324,0.0033,631395345.0
2025-01-27 12:00:00,0.0033,0.00353,0.00327,0.00349,776407554.0
2025-01-27 16:00:00,0.00349,0.0035,0.00336,0.00345,860161398.0
2025-01-27 20:00:00,0.00345,0.00366,0.00344,0.00358,460172668.0
2025-01-28 00:00:00,0.00358,0.00362,0.00351,0.00356,292672390.0
2025-01-28 04:00:00,0.00356,0.0036,0.00351,0.00352,254084070.0
2025-01-28 08:00:00,0.00353,0.00354,0.00347,0.0035,230748580.0
2025-01-28 12:00:00,0.0035,0.00353,0.00343,0.00347,415866482.0
2025-01-28 16:00:00,0.00348,0.00349,0.00335,0.00338,427380245.0
2025-01-28 20:00:00,0.00338,0.0034,0.00318,0.00322,427873508.0
2025-01-29 00:00:00,0.00321,0.00335,0.00319,0.00333,335614948.0
2025-01-29 04:00:00,0.00334,0.0034,0.00331,0.00338,319072625.0
2025-01-29 08:00:00,0.00338,0.0034,0.0033,0.00332,437979218.0
2025-01-29 12:00:00,0.00332,0.00333,0.00319,0.00324,518082401.0
2025-01-29 16:00:00,0.00324,0.00341,0.00319,0.00336,1096249496.0
2025-01-29 20:00:00,0.00337,0.00345,0.00328,0.00329,816371095.0
2025-01-30 00:00:00,0.00329,0.00342,0.00325,0.0034,386312703.0
2025-01-30 04:00:00,0.00341,0.00343,0.00333,0.00336,205298267.0
2025-01-30 08:00:00,0.00336,0.00343,0.00336,0.00341,319608828.0
2025-01-30 12:00:00,0.00341,0.00351,0.00338,0.00346,415778599.0
2025-01-30 16:00:00,0.00345,0.00351,0.00343,0.00349,288918291.0
2025-01-30 20:00:00,0.00349,0.00352,0.00345,0.00348,200991061.0
2025-01-31 00:00:00,0.00347,0.00353,0.00343,0.00346,234674368.0
2025-01-31 04:00:00,0.00347,0.00353,0.00342,0.00348,239517825.0
2025-01-31 08:00:00,0.00348,0.00356,0.00343,0.00355,206324245.0
2025-01-31 12:00:00,0.00356,0.00372,0.00354,0.00372,408796708.0
2025-01-31 16:00:00,0.00371,0.00374,0.00358,0.00359,633769311.0
2025-01-31 20:00:00,0.00359,0.00361,0.00352,0.00356,362296153.0
2025-02-01 00:00:00,0.00356,0.00362,0.00353,0.00359,242386127.0
2025-02-01 04:00:00,0.00359,0.00362,0.00353,0.00355,186566537.0
2025-02-01 08:00:00,0.00355,0.00356,0.00337,0.00343,460457594.0
2025-02-01 12:00:00,0.00342,0.00348,0.00336,0.00341,342412424.0
2025-02-01 16:00:00,0.0034,0.00343,0.00328,0.00329,566423210.0
2025-02-01 20:00:00,0.00329,0.00329,0.00311,0.00314,593384446.0
2025-02-02 00:00:00,0.00313,0.00321,0.00306,0.00308,773018070.0
2025-02-02 04:00:00,0.00308,0.00316,0.00306,0.00311,572710621.0
2025-02-02 08:00:00,0.00312,0.00317,0.00303,0.00304,437218566.0
2025-02-02 12:00:00,0.00304,0.00314,0.00302,0.00308,522538365.0
2025-02-02 16:00:00,0.00309,0.00309,0.00251,0.00262,3922278942.0
2025-02-02 20:00:00,0.00262,0.00269,0.00241,0.00262,2311488891.0
2025-02-03 00:00:00,0.00262,0.00263,0.00182,0.00208,6321830050.0
2025-02-03 04:00:00,0.00208,0.00225,0.00199,0.00223,1943838455.0
2025-02-03 08:00:00,0.00224,0.00233,0.00215,0.00227,1246506204.0
2025-02-03 12:00:00,0.00227,0.00248,0.00218,0.00245,1837293998.0
2025-02-03 16:00:00,0.00245,0.00256,0.00242,0.00255,983267469.0
2025-02-03 20:00:00,0.00255,0.00267,0.00248,0.00264,610410008.0
2025-02-04 00:00:00,0.00264,0.00267,0.00251,0.00254,474225129.0
2025-02-04 04:00:00,0.00254,0.00259,0.00238,0.00239,1159537321.0
2025-02-04 08:00:00,0.00239,0.00252,0.00237,0.00247,952036891.0
2025-02-04 12:00:00,0.00248,0.00261,0.00247,0.00254,1088446509.0
2025-02-04 16:00:00,0.00254,0.00265,0.00253,0.00254,828502913.0
2025-02-04 20:00:00,0.00254,0.00259,0.00244,0.00254,1513240934.0
2025-02-05 00:00:00,0.00254,0.00259,0.00251,0.00256,838921638.0
2025-02-05 04:00:00,0.00255,0.00262,0.00253,0.00256,538182358.0
2025-02-05 08:00:00,0.00256,0.00261,0.00253,0.00258,302210483.0
2025-02-05 12:00:00,0.00258,0.0026,0.00251,0.00256,586615813.0
2025-02-05 16:00:00,0.00256,0.00258,0.00243,0.00252,874606068.0
2025-02-05 20:00:00,0.00251,0.00253,0.00242,0.00247,403749305.0
2025-02-06 00:00:00,0.00246,0.00252,0.00245,0.00249,399739700.0
2025-02-06 04:00:00,0.00249,0.00251,0.00246,0.00248,240443540.0
2025-02-06 08:00:00,0.00247,0.00249,0.0024,0.00243,427921486.0
2025-02-06 12:00:00,0.00243,0.00244,0.00228,0.0023,1044822458.0
2025-02-06 16:00:00,0.0023,0.00235,0.00228,0.0023,933659340.0
2025-02-06 20:00:00,0.0023,0.00235,0.00226,0.00231,522511016.0
2025-02-07 00:00:00,0.00231,0.00238,0.00229,0.00234,394183020.0
2025-02-07 04:00:00,0.00234,0.00235,0.00228,0.00232,229576819.0
2025-02-07 08:00:00,0.00232,0.00241,0.0023,0.00239,313611178.0
2025-02-07 12:00:00,0.0024,0.00249,0.00238,0.00243,960051448.0
2025-02-07 16:00:00,0.00242,0.00244,0.00235,0.00237,578556379.0
2025-02-07 20:00:00,0.00237,0.00237,0.00223,0.00232,644613598.0
2025-02-08 00:00:00,0.00232,0.00235,0.0023,0.00233,256866234.0
2025-02-08 04:00:00,0.00233,0.00236,0.00229,0.00233,244677440.0
2025-02-08 08:00:00,0.00233,0.00235,0.00231,0.00233,207223959.0
2025-02-08 12:00:00,0.00234,0.0024,0.0023,0.00237,353906844.0
2025-02-08 16:00:00,0.00236,0.0025,0.00234,0.00247,463021584.0
2025-02-08 20:00:00,0.00247,0.0025,0.00244,0.00247,177472044.0
2025-02-09 00:00:00,0.00247,0.00254,0.00245,0.00252,308428496.0
2025-02-09 04:00:00,0.00253,0.00256,0.0025,0.00255,229549698.0
2025-02-09 08:00:00,0.00255,0.00259,0.00254,0.00255,313067780.0
2025-02-09 12:00:00,0.00254,0.00257,0.00247,0.00251,511962476.0
2025-02-09 16:00:00,0.0025,0.00253,0.00244,0.00245,400240340.0
2025-02-09 20:00:00,0.00246,0.0025,0.00235,0.00248,804640381.0
2025-02-10 00:00:00,0.00248,0.00251,0.00237,0.00244,916134506.0
2025-02-10 04:00:00,0.00243,0.00251,0.00243,0.00247,452617595.0
2025-02-10 08:00:00,0.00248,0.00251,0.00246,0.00249,430232184.0
2025-02-10 12:00:00,0.00249,0.00255,0.00246,0.00254,536221827.0
2025-02-10 16:00:00,0.00253,0.00261,0.00252,0.00259,406537084.0
2025-02-10 20:00:00,0.00259,0.00263,0.00256,0.00258,259985349.0
2025-02-11 00:00:00,0.00258,0.00264,0.00258,0.00262,218479026.0
2025-02-11 04:00:00,0.00262,0.00278,0.0026,0.00273,446899324.0
2025-02-11 08:00:00,0.00273,0.00278,0.00271,0.00276,333160701.0
2025-02-11 12:00:00,0.00277,0.00277,0.00262,0.00266,552915620.0
2025-02-11 16:00:00,0.00266,0.00267,0.00255,0.00257,432522893.0
2025-02-11 20:00:00,0.00257,0.00263,0.00256,0.00258,256087631.0
2025-02-12 00:00:00,0.00258,0.00264,0.00256,0.00259,478562616.0
2025-02-12 04:00:00,0.00259,0.00262,0.00254,0.00259,315607220.0
2025-02-12 08:00:00,0.00258,0.00261,0.00255,0.00257,175033139.0
2025-02-12 12:00:00,0.00258,0.00267,0.00251,0.00265,831980354.0
2025-02-12 16:00:00,0.00265,0.00282,0.00264,0.0028,691568387.0
2025-02-12 20:00:00,0.0028,0.00286,0.00275,0.00283,280075730.0
2025-02-13 00:00:00,0.00282,0.00289,0.00279,0.00286,325714923.0
2025-02-13 04:00:00,0.00287,0.00287,0.00273,0.00274,391829888.0
2025-02-13 08:00:00,0.00274,0.00276,0.00269,0.00273,246657453.0
2025-02-13 12:00:00,0.00273,0.00276,0.00268,0.00271,440397512.0
2025-02-13 16:00:00,0.00272,0.00275,0.00265,0.00269,266623787.0
2025-02-13 20:00:00,0.00269,0.00273,0.00269,0.00272,131433318.0
2025-02-14 00:00:00,0.00271,0.00275,0.00269,0.00274,211795549.0
2025-02-14 04:00:00,0.00274,0.00275,0.00268,0.00269,116023877.0
2025-02-14 08:00:00,0.00269,0.00274,0.00266,0.00268,138331244.0
2025-02-14 12:00:00,0.00269,0.00278,0.00266,0.00276,222254945.0
2025-02-14 16:00:00,0.00276,0.00282,0.00273,0.00279,195996125.0
2025-02-14 20:00:00,0.00279,0.0028,0.00272,0.00278,205665271.0
2025-02-15 00:00:00,0.00279,0.0028,0.00275,0.00276,113101072.0
2025-02-15 04:00:00,0.00275,0.00278,0.00271,0.00273,108005834.0
2025-02-15 08:00:00,0.00273,0.00275,0.00269,0.00271,150787375.0
2025-02-15 12:00:00,0.00271,0.00273,0.00264,0.00265,175920680.0
2025-02-15 16:00:00,0.00266,0.00271,0.00264,0.00266,187535997.0
2025-02-15 20:00:00,0.00267,0.00269,0.00265,0.00267,105031965.0
2025-02-16 00:00:00,0.00267,0.0027,0.00265,0.00268,147190791.0
2025-02-16 04:00:00,0.00268,0.0027,0.00265,0.00266,126184467.0
2025-02-16 08:00:00,0.00267,0.00276,0.00266,0.00276,169837294.0
2025-02-16 12:00:00,0.00275,0.00276,0.00268,0.00273,190519269.0
2025-02-16 16:00:00,0.00273,0.00276,0.00266,0.00269,152811925.0
2025-02-16 20:00:00,0.00268,0.0027,0.00262,0.00266,161669614.0
2025-02-17 00:00:00,0.00266,0.00271,0.00265,0.00267,218689396.0
2025-02-17 04:00:00,0.00267,0.00268,0.00261,0.00263,310207261.0
2025-02-17 08:00:00,0.00263,0.00271,0.00261,0.0027,235672599.0
2025-02-17 12:00:00,0.0027,0.00279,0.00269,0.00271,315753994.0
2025-02-17 16:00:00,0.00271,0.00274,0.0026,0.00263,406105390.0
2025-02-17 20:00:00,0.00263,0.00268,0.00262,0.00266,214925244.0
2025-02-18 00:00:00,0.00265,0.00266,0.00259,0.00262,258377145.0
2025-02-18 04:00:00,0.00262,0.00262,0.00243,0.00246,401303008.0
2025-02-18 08:00:00,0.00246,0.00248,0.00241,0.00246,266283891.0
2025-02-18 12:00:00,0.00246,0.0025,0.00234,0.00236,425984232.0
2025-02-18 16:00:00,0.00237,0.00243,0.00233,0.0024,447009148.0
2025-02-18 20:00:00,0.0024,0.00243,0.00237,0.00243,173870171.0
2025-02-19 00:00:00,0.00243,0.00246,0.00238,0.00242,251689220.0
2025-02-19 04:00:00,0.00242,0.00247,0.00239,0.00246,223077346.0
2025-02-19 08:00:00,0.00245,0.0025,0.00243,0.00248,268734079.0
2025-02-19 12:00:00,0.00248,0.00251,0.00242,0.00244,399621783.0
2025-02-19 16:00:00,0.00245,0.0025,0.00243,0.00249,255787839.0
2025-02-19 20:00:00,0.00249,0.00251,0.00245,0.00249,196194804.0
2025-02-20 00:00:00,0.00248,0.00258,0.00247,0.00256,341553889.0
2025-02-20 04:00:00,0.00256,0.0026,0.00254,0.00255,177263791.0
2025-02-20 08:00:00,0.00255,0.00261,0.00254,0.00258,218523061.0
2025-02-20 12:00:00,0.00258,0.00263,0.00255,0.00257,470728626.0
2025-02-20 16:00:00,0.00257,0.00274,0.00256,0.0027,492852617.0
2025-02-20 20:00:00,0.0027,0.00275,0.00267,0.00272,268067612.0
2025-02-21 00:00:00,0.00272,0.00275,0.00265,0.00267,259883369.0
2025-02-21 04:00:00,0.00268,0.00275,0.00267,0.00273,140351119.0
2025-02-21 08:00:00,0.00273,0.00282,0.00272,0.0028,346872116.0
2025-02-21 12:00:00,0.00281,0.00283,0.00263,0.00267,761594630.0
2025-02-21 16:00:00,0.00267,0.00273,0.00254,0.00256,662506449.0
2025-02-21 20:00:00,0.00255,0.00258,0.00252,0.00254,233893635.0
2025-02-22 00:00:00,0.00254,0.00258,0.00252,0.00256,159558341.0
2025-02-22 04:00:00,0.00256,0.00258,0.00255,0.00257,140509556.0
2025-02-22 08:00:00,0.00256,0.00263,0.00255,0.00262,186908179.0
2025-02-22 12:00:00,0.00262,0.00265,0.00261,0.00264,187945157.0
2025-02-22 16:00:00,0.00264,0.00271,0.00264,0.0027,190842494.0
2025-02-22 20:00:00,0.0027,0.003,0.00268,0.00291,1405766402.0
2025-02-23 00:00:00,0.00291,0.00293,0.00283,0.00286,629267007.0
2025-02-23 04:00:00,0.00286,0.00287,0.00267,0.00278,868644273.0
2025-02-23 08:00:00,0.00278,0.00282,0.00271,0.00271,346475224.0
2025-02-23 12:00:00,0.00271,0.00272,0.00259,0.00261,434533974.0
2025-02-23 16:00:00,0.00261,0.00266,0.0026,0.00262,261616018.0
2025-02-23 20:00:00,0.00262,0.00268,0.0026,0.00266,270742421.0
2025-02-24 00:00:00,0.00265,0.00272,0.00257,0.00258,701204829.0
2025-02-24 04:00:00,0.00258,0.00258,0.00253,0.00255,405247839.0
2025-02-24 08:00:00,0.00255,0.00256,0.00243,0.00246,658752067.0
2025-02-24 12:00:00,0.00245,0.00249,0.00239,0.00242,627318206.0
2025-02-24 16:00:00,0.00242,0.00244,0.00231,0.00233,377798082.0
2025-02-24 20:00:00,0.00234,0.00239,0.00213,0.00222,1531316517.0
2025-02-25 00:00:00,0.00222,0.00227,0.00214,0.00221,751421221.0
2025-02-25 04:00:00,0.00221,0.00225,0.00207,0.00215,1451469095.0
2025-02-25 08:00:00,0.00214,0.00224,0.00214,0.00222,831120541.0
2025-02-25 12:00:00,0.00223,0.00225,0.00211,0.00218,821162034.0
2025-02-25 16:00:00,0.00217,0.00224,0.00215,0.00224,617701862.0
2025-02-25 20:00:00,0.00223,0.00229,0.00222,0.00226,463908318.0
2025-02-26 00:00:00,0.00226,0.00231,0.00222,0.0023,255211596.0
2025-02-26 04:00:00,0.00229,0.00233,0.00228,0.00231,301478491.0
2025-02-26 08:00:00,0.00231,0.00236,0.00228,0.00228,358842824.0
2025-02-26 12:00:00,0.00228,0.0023,0.0022,0.00228,724375840.0
2025-02-26 16:00:00,0.00227,0.0023,0.00217,0.00221,1046243962.0
2025-02-26 20:00:00,0.0022,0.00234,0.00218,0.00229,734756901.0
2025-02-27 00:00:00,0.0023,0.00232,0.00226,0.0023,327588528.0
2025-02-27 04:00:00,0.00231,0.00235,0.00227,0.00234,278800470.0
2025-02-27 08:00:00,0.00235,0.00237,0.00232,0.00236,258436045.0
2025-02-27 12:00:00,0.00235,0.00238,0.0023,0.00232,627796892.0
2025-02-27 16:00:00,0.00233,0.00236,0.00228,0.00231,469512989.0
2025-02-27 20:00:00,0.00231,0.00233,0.00224,0.00231,529171090.0
2025-02-28 00:00:00,0.00232,0.00232,0.00217,0.00218,1522060712.0
2025-02-28 04:00:00,0.00217,0.00222,0.00215,0.00218,1265849228.0
2025-02-28 08:00:00,0.00218,0.00224,0.00214,0.0022,910133407.0
2025-02-28 12:00:00,0.00221,0.00234,0.0022,0.00233,721612723.0
2025-02-28 16:00:00,0.00232,0.00239,0.00231,0.00237,617438039.0
2025-02-28 20:00:00,0.00238,0.00239,0.00233,0.00234,424139863.0
2025-03-01 00:00:00,0.00234,0.00237,0.00231,0.00234,265351522.0
2025-03-01 04:00:00,0.00234,0.00237,0.00231,0.00232,228886525.0
2025-03-01 08:00:00,0.00232,0.00235,0.00224,0.00226,354597885.0
2025-03-01 12:00:00,0.00225,0.00227,0.00221,0.00224,366673579.0
2025-03-01 16:00:00,0.00224,0.00226,0.00222,0.00223,249044702.0
2025-03-01 20:00:00,0.00224,0.0023,0.00222,0.00227,260762819.0
2025-03-02 00:00:00,0.00227,0.00229,0.00225,0.00227,285291471.0
2025-03-02 04:00:00,0.00227,0.00229,0.00225,0.00226,170474713.0
2025-03-02 08:00:00,0.00225,0.00232,0.00225,0.00231,249356553.0
2025-03-02 12:00:00,0.00231,0.00238,0.00225,0.00232,625002686.0
2025-03-02 16:00:00,0.00231,0.00249,0.00231,0.00248,1303964627.0
2025-03-02 20:00:00,0.00248,0.00252,0.00246,0.00251,234869638.0
2025-03-03 00:00:00,0.0025,0.00253,0.00243,0.00246,388022281.0
2025-03-03 04:00:00,0.00246,0.00248,0.00237,0.00242,342729452.0
2025-03-03 08:00:00,0.00241,0.00242,0.00236,0.00239,391647773.0
2025-03-03 12:00:00,0.00239,0.00242,0.00228,0.0023,740147523.0
2025-03-03 16:00:00,0.0023,0.00235,0.00216,0.00217,1138050232.0
2025-03-03 20:00:00,0.00217,0.00221,0.00211,0.00213,604385520.0
2025-03-04 00:00:00,0.00214,0.00214,0.00185,0.00193,1874233703.0
2025-03-04 04:00:00,0.00194,0.002,0.00191,0.00192,477981788.0
2025-03-04 08:00:00,0.00193,0.00195,0.00188,0.0019,421957040.0
2025-03-04 12:00:00,0.0019,0.002,0.00185,0.00191,1303730172.0
2025-03-04 16:00:00,0.00191,0.002,0.0018,0.00199,1141493097.0
2025-03-04 20:00:00,0.00198,0.00202,0.00194,0.00199,510732734.0
2025-03-05 00:00:00,0.00198,0.00201,0.00196,0.00196,341411511.0
2025-03-05 04:00:00,0.00196,0.00202,0.00196,0.00202,236994108.0
2025-03-05 08:00:00,0.00201,0.00209,0.002,0.00203,490606095.0
2025-03-05 12:00:00,0.00203,0.00207,0.00199,0.00201,567072030.0
2025-03-05 16:00:00,0.002,0.00208,0.00197,0.00207,393924643.0
2025-03-05 20:00:00,0.00206,0.0021,0.00206,0.00208,163901830.0
2025-03-06 00:00:00,0.00208,0.00213,0.00205,0.00213,371766415.0
2025-03-06 04:00:00,0.00212,0.00218,0.0021,0.00214,348547941.0
2025-03-06 08:00:00,0.00214,0.00218,0.00214,0.00217,224143667.0
2025-03-06 12:00:00,0.00216,0.00217,0.00208,0.00213,631033527.0
2025-03-06 16:00:00,0.00214,0.00215,0.00205,0.00207,474165847.0
2025-03-06 20:00:00,0.00207,0.00212,0.00206,0.00208,413699430.0
2025-03-07 00:00:00,0.00208,0.00211,0.00196,0.00206,1121261335.0
2025-03-07 04:00:00,0.00206,0.0021,0.00205,0.00208,325996794.0
2025-03-07 08:00:00,0.00208,0.00212,0.00206,0.00211,285622380.0
2025-03-07 12:00:00,0.00211,0.00217,0.00207,0.00214,725338646.0
2025-03-07 16:00:00,0.00215,0.00218,0.00208,0.00215,712772399.0
2025-03-07 20:00:00,0.00215,0.00217,0.00205,0.00208,686294851.0
2025-03-08 00:00:00,0.00207,0.0021,0.00203,0.00206,494049354.0
2025-03-08 04:00:00,0.00206,0.00208,0.00203,0.00204,271138185.0
2025-03-08 08:00:00,0.00204,0.00206,0.002,0.00202,241572801.0
2025-03-08 12:00:00,0.00203,0.00203,0.002,0.002,313649085.0
2025-03-08 16:00:00,0.00201,0.00204,0.00196,0.00203,425952064.0
2025-03-08 20:00:00,0.00203,0.00204,0.00199,0.00202,215286686.0
2025-03-09 00:00:00,0.00201,0.00203,0.00198,0.00199,188146394.0
2025-03-09 04:00:00,0.00199,0.00202,0.00196,0.002,342195637.0
2025-03-09 08:00:00,0.00199,0.002,0.00192,0.00195,284542070.0
2025-03-09 12:00:00,0.00195,0.00195,0.00184,0.00186,715943650.0
2025-03-09 16:00:00,0.00186,0.00188,0.00175,0.00178,1070548968.0
2025-03-09 20:00:00,0.00178,0.00182,0.00175,0.00178,674911767.0
2025-03-10 00:00:00,0.00179,0.00185,0.00176,0.00182,769134666.0
2025-03-10 04:00:00,0.00182,0.00185,0.00181,0.00184,285884745.0
2025-03-10 08:00:00,0.00183,0.0019,0.0018,0.00187,900959738.0
2025-03-10 12:00:00,0.00188,0.00188,0.00176,0.0018,1488052071.0
2025-03-10 16:00:00,0.00179,0.00181,0.00165,0.00173,1723108001.0
2025-03-10 20:00:00,0.00173,0.00175,0.0017,0.0017,730642706.0
2025-03-11 00:00:00,0.00171,0.00173,0.00156,0.00169,1660923974.0
2025-03-11 04:00:00,0.00169,0.00174,0.00167,0.00171,749802347.0
2025-03-11 08:00:00,0.00171,0.00174,0.00169,0.0017,629367085.0
2025-03-11 12:00:00,0.0017,0.00176,0.00164,0.00172,1762013839.0
2025-03-11 16:00:00,0.00172,0.00181,0.00171,0.0018,992048139.0
2025-03-11 20:00:00,0.0018,0.00181,0.00175,0.00176,445240304.0
2025-03-12 00:00:00,0.00177,0.0018,0.0017,0.00171,477323474.0
2025-03-12 04:00:00,0.0017,0.00176,0.00169,0.00175,394147247.0
2025-03-12 08:00:00,0.00174,0.0018,0.00174,0.00178,646387869.0
2025-03-12 12:00:00,0.00179,0.00184,0.00173,0.00176,961680426.0
2025-03-12 16:00:00,0.00176,0.00181,0.00176,0.00179,603940391.0
2025-03-12 20:00:00,0.00179,0.00182,0.00178,0.00181,382069198.0
2025-03-13 00:00:00,0.00181,0.00184,0.00179,0.0018,536078233.0
2025-03-13 04:00:00,0.0018,0.00181,0.00177,0.00178,352817857.0
2025-03-13 08:00:00,0.00178,0.00185,0.00175,0.00183,1097985332.0
2025-03-13 12:00:00,0.00182,0.00186,0.00178,0.0018,954609336.0
2025-03-13 16:00:00,0.0018,0.00181,0.00176,0.00178,499731786.0
2025-03-13 20:00:00,0.00178,0.00182,0.00175,0.0018,513285774.0
2025-03-14 00:00:00,0.0018,0.00183,0.00179,0.00182,692309150.0
2025-03-14 04:00:00,0.00182,0.00184,0.00181,0.00183,127264230.0
2025-03-14 08:00:00,0.00182,0.00188,0.00182,0.00186,402421136.0
2025-03-14 12:00:00,0.00187,0.00192,0.00186,0.0019,425505583.0
2025-03-14 16:00:00,0.0019,0.00192,0.00187,0.00189,590506830.0
2025-03-14 20:00:00,0.0019,0.00191,0.00187,0.00188,859075356.0
2025-03-15 00:00:00,0.00188,0.0019,0.00182,0.00186,746554038.0
2025-03-15 04:00:00,0.00186,0.00189,0.0018,0.00184,1011906110.0
2025-03-15 08:00:00,0.00185,0.00186,0.0018,0.00184,735365243.0
2025-03-15 12:00:00,0.00184,0.00185,0.00179,0.00182,693040607.0
2025-03-15 16:00:00,0.00182,0.00187,0.00181,0.00184,377775296.0
2025-03-15 20:00:00,0.00183,0.00186,0.00183,0.00183,668734231.0
2025-03-16 00:00:00,0.00183,0.00186,0.0018,0.00183,1195485054.0
2025-03-16 04:00:00,0.00183,0.00187,0.00182,0.00185,544387708.0
2025-03-16 08:00:00,0.00185,0.00186,0.00179,0.0018,1046047565.0
2025-03-16 12:00:00,0.00181,0.00183,0.00176,0.0018,698404281.0
2025-03-16 16:00:00,0.00181,0.00185,0.00178,0.00179,707877525.0
2025-03-16 20:00:00,0.00179,0.00181,0.00177,0.00178,600783564.0
2025-03-17 00:00:00,0.00179,0.00185,0.00177,0.00184,1961241449.0
2025-03-17 04:00:00,0.00183,0.00184,0.00181,0.00183,144996047.0
2025-03-17 08:00:00,0.00183,0.00187,0.00181,0.00185,470409502.0
2025-03-17 12:00:00,0.00185,0.00189,0.00181,0.00182,1299686346.0
2025-03-17 16:00:00,0.00182,0.00184,0.00181,0.00182,1537244945.0
2025-03-17 20:00:00,0.00181,0.00183,0.0018,0.00181,620881528.0
2025-03-18 00:00:00,0.00181,0.00182,0.00169,0.0017,784716432.0
2025-03-18 04:00:00,0.0017,0.00171,0.00165,0.00165,469253251.0
2025-03-18 08:00:00,0.00165,0.00171,0.00164,0.00165,735104628.0
2025-03-18 12:00:00,0.00165,0.00166,0.00148,0.00151,1879142409.0
2025-03-18 16:00:00,0.00151,0.00154,0.00148,0.00153,1229785301.0
2025-03-18 20:00:00,0.00153,0.00165,0.00151,0.00162,1920904064.0
2025-03-19 00:00:00,0.00163,0.00195,0.00161,0.00194,3525855012.0
2025-03-19 04:00:00,0.00194,0.00229,0.00191,0.00221,12540734018.0
2025-03-19 08:00:00,0.0022,0.00221,0.00202,0.00204,8355345396.0
2025-03-19 12:00:00,0.00205,0.00211,0.002,0.00205,6056424511.0
2025-03-19 16:00:00,0.00204,0.00206,0.00195,0.00196,4444234429.0
2025-03-19 20:00:00,0.00196,0.00205,0.00195,0.00201,3217294763.0
2025-03-20 00:00:00,0.00201,0.00201,0.00193,0.00194,2384759247.0
2025-03-20 04:00:00,0.00194,0.00198,0.00191,0.00196,1371896145.0
2025-03-20 08:00:00,0.00195,0.00197,0.00185,0.00186,1194661369.0
2025-03-20 12:00:00,0.00185,0.0019,0.00184,0.00185,2198599717.0
2025-03-20 16:00:00,0.00186,0.00187,0.0018,0.00182,1463636783.0
2025-03-20 20:00:00,0.00182,0.00183,0.00179,0.00181,673102183.0
2025-03-21 00:00:00,0.0018,0.00182,0.00161,0.00161,3100237078.0
2025-03-21 04:00:00,0.00162,0.0019,0.00126,0.00138,19059053290.0
2025-03-21 08:00:00,0.00138,0.00143,0.00123,0.00126,6626549740.0
2025-03-21 12:00:00,0.00126,0.00129,0.0012,0.00126,6727295331.0
2025-03-21 16:00:00,0.00126,0.00127,0.00117,0.0012,5930845781.0
2025-03-21 20:00:00,0.0012,0.00121,0.00087,0.00087,11937936155.0
2025-03-22 00:00:00,0.00087,0.0009,0.0006,0.00072,18849371591.0
2025-03-22 04:00:00,0.00071,0.0009,0.0007,0.00081,12628009442.0
2025-03-22 08:00:00,0.0008,0.00083,0.00077,0.00079,4319286060.0
2025-03-22 12:00:00,0.00079,0.00081,0.00074,0.00077,4067022516.0
2025-03-22 16:00:00,0.00077,0.00089,0.00076,0.00089,6699342642.0
2025-03-22 20:00:00,0.00089,0.00106,0.00084,0.00084,12189030924.0
2025-03-23 00:00:00,0.00084,0.00096,0.0008,0.00082,9467657110.0
2025-03-23 04:00:00,0.00081,0.00082,0.00074,0.00076,3985916579.0
2025-03-23 08:00:00,0.00076,0.00081,0.00074,0.00078,4673644489.0
2025-03-23 12:00:00,0.00078,0.00089,0.00074,0.00075,8601615008.0
2025-03-23 16:00:00,0.00075,0.00079,0.00073,0.00077,3527315449.0
2025-03-23 20:00:00,0.00076,0.00079,0.00075,0.00077,4462581838.0
2025-03-24 00:00:00,0.00077,0.00081,0.00071,0.00073,4897475422.0
2025-03-24 04:00:00,0.00073,0.00075,0.00071,0.00074,3656891663.0
2025-03-24 08:00:00,0.00074,0.00075,0.00072,0.00073,3875597967.0
2025-03-24 12:00:00,0.00073,0.00074,0.00067,0.00069,4138888217.0
2025-03-24 16:00:00,0.00069,0.00075,0.00069,0.00074,4887512275.0
2025-03-24 20:00:00,0.00074,0.00078,0.00072,0.00075,4497717386.0
2025-03-25 00:00:00,0.00075,0.00081,0.00072,0.00077,8003972434.0
2025-03-25 04:00:00,0.00078,0.00078,0.00074,0.00075,2957455504.0
2025-03-25 08:00:00,0.00076,0.00088,0.00075,0.000865,15565124102.7
2025-03-25 12:00:00,0.000866,0.000896,0.000779,0.000806,13258357004.5
2025-03-25 16:00:00,0.000806,0.000819,0.000662,0.000673,9482120471.7
2025-03-25 20:00:00,0.000673,0.000681,0.000654,0.000666,4413113342.7
2025-03-26 00:00:00,0.000666,0.000675,0.000642,0.000651,5396367459.0
2025-03-26 04:00:00,0.000651,0.000665,0.000603,0.000633,7709566099.6
2025-03-26 08:00:00,0.000634,0.000685,0.000633,0.000677,4860575814.9
2025-03-26 12:00:00,0.000677,0.000708,0.000644,0.000676,9314171613.1
2025-03-26 16:00:00,0.000675,0.000693,0.000612,0.000625,5635236688.3
2025-03-26 20:00:00,0.000626,0.000655,0.000616,0.000639,2406116093.9
2025-03-27 00:00:00,0.000639,0.000779,0.000638,0.000764,13630545794.9
2025-03-27 04:00:00,0.000764,0.00098,0.000726,0.000914,58786637672.1
2025-03-27 08:00:00,0.000914,0.000919,0.000742,0.000742,13418367140.7
2025-03-27 12:00:00,0.000742,0.000742,0.000742,0.000742,0.0
2025-03-27 16:00:00,0.000742,0.000742,0.000742,0.000742,0.0
2025-03-27 20:00:00,0.000742,0.000742,0.000742,0.000742,0.0
2025-03-28 00:00:00,0.000742,0.000742,0.000742,0.000742,0.0
2025-03-28 04:00:00,0.000742,0.000742,0.000742,0.000742,0.0
2025-03-28 08:00:00,0.000742,0.000742,0.000742,0.000742,0.0
2025-03-28 12:00:00,0.000742,0.000742,0.000742,0.000742,0.0
2025-03-28 16:00:00,0.000742,0.000742,0.000742,0.000742,0.0
2025-03-28 20:00:00,0.000742,0.000742,0.000742,0.000742,0.0
2025-03-29 00:00:00,0.000742,0.000742,0.000742,0.000742,0.0
2025-03-29 04:00:00,0.000742,0.000742,0.000742,0.000742,0.0
2025-03-29 08:00:00,0.000742,0.000742,0.000742,0.000742,0.0
2025-03-29 12:00:00,0.000742,0.000742,0.000742,0.000742,0.0
2025-03-29 16:00:00,0.000742,0.000742,0.000742,0.000742,0.0
2025-03-29 20:00:00,0.000742,0.000742,0.000742,0.000742,0.0
2025-03-30 00:00:00,0.000742,0.000742,0.000742,0.000742,0.0
2025-03-30 04:00:00,0.000742,0.000742,0.000742,0.000742,0.0
2025-03-30 08:00:00,0.000742,0.000742,0.000742,0.000742,0.0
2025-03-30 12:00:00,0.000742,0.000742,0.000742,0.000742,0.0
2025-03-30 16:00:00,0.000742,0.000742,0.000742,0.000742,0.0
2025-03-30 20:00:00,0.000742,0.000742,0.000742,0.000742,0.0
2025-03-31 00:00:00,0.000742,0.000742,0.000742,0.000742,0.0
2025-03-31 04:00:00,0.000742,0.000742,0.000742,0.000742,0.0
2025-03-31 08:00:00,0.000742,0.000742,0.000742,0.000742,0.0
2025-03-31 12:00:00,0.000742,0.000742,0.000742,0.000742,0.0
2025-03-31 16:00:00,0.000742,0.000742,0.000742,0.000742,0.0
2025-03-31 20:00:00,0.000742,0.000742,0.000742,0.000742,0.0
2025-04-01 00:00:00,0.000742,0.000742,0.000742,0.000742,0.0
2025-04-01 04:00:00,0.000742,0.000742,0.000742,0.000742,0.0
2025-04-01 08:00:00,0.000742,0.000742,0.000742,0.000742,0.0
2025-04-01 12:00:00,0.000742,0.000742,0.000742,0.000742,0.0
2025-04-01 16:00:00,0.000742,0.000742,0.000742,0.000742,0.0
2025-04-01 20:00:00,0.000742,0.000742,0.000742,0.000742,0.0
2025-04-02 00:00:00,0.000742,0.000742,0.000742,0.000742,0.0
2025-04-02 04:00:00,0.000742,0.000742,0.000742,0.000742,0.0
2025-04-02 08:00:00,0.000742,0.000742,0.000742,0.000742,0.0
2025-04-02 12:00:00,0.000742,0.000742,0.000742,0.000742,0.0
2025-04-02 16:00:00,0.000742,0.000742,0.000742,0.000742,0.0
2025-04-02 20:00:00,0.000742,0.000742,0.000742,0.000742,0.0
2025-04-03 00:00:00,0.000742,0.000742,0.000742,0.000742,0.0
2025-04-03 04:00:00,0.000742,0.000742,0.000742,0.000742,0.0
2025-04-03 08:00:00,0.000742,0.000742,0.000742,0.000742,0.0
2025-04-03 12:00:00,0.000742,0.000742,0.000742,0.000742,0.0
2025-04-03 16:00:00,0.000742,0.000742,0.000742,0.000742,0.0
2025-04-03 20:00:00,0.000742,0.000742,0.000742,0.000742,0.0
2025-04-04 00:00:00,0.000742,0.000742,0.000742,0.000742,0.0
2025-04-04 04:00:00,0.000742,0.000742,0.000742,0.000742,0.0
2025-04-04 08:00:00,0.000742,0.000742,0.000742,0.000742,0.0
2025-04-04 12:00:00,0.000742,0.000742,0.000742,0.000742,0.0
2025-04-04 16:00:00,0.000742,0.000742,0.000742,0.000742,0.0
2025-04-04 20:00:00,0.000742,0.000742,0.000742,0.000742,0.0
2025-04-05 00:00:00,0.000742,0.000742,0.000742,0.000742,0.0
2025-04-05 04:00:00,0.000742,0.000742,0.000742,0.000742,0.0
2025-04-05 08:00:00,0.000742,0.000742,0.000742,0.000742,0.0
2025-04-05 12:00:00,0.000742,0.000742,0.000742,0.000742,0.0
2025-04-05 16:00:00,0.000742,0.000742,0.000742,0.000742,0.0
2025-04-05 20:00:00,0.000742,0.000742,0.000742,0.000742,0.0
2025-04-06 00:00:00,0.000742,0.000742,0.000742,0.000742,0.0
2025-04-06 04:00:00,0.000742,0.000742,0.000742,0.000742,0.0
2025-04-06 08:00:00,0.000742,0.000742,0.000742,0.000742,0.0
2025-04-06 12:00:00,0.000742,0.000742,0.000742,0.000742,0.0
2025-04-06 16:00:00,0.000742,0.000742,0.000742,0.000742,0.0
2025-04-06 20:00:00,0.000742,0.000742,0.000742,0.000742,0.0
2025-04-07 00:00:00,0.000742,0.000742,0.000742,0.000742,0.0
2025-04-07 04:00:00,0.000742,0.000742,0.000742,0.000742,0.0
2025-04-07 08:00:00,0.000742,0.000742,0.000742,0.000742,0.0
2025-04-07 12:00:00,0.000742,0.000742,0.000742,0.000742,0.0
2025-04-07 16:00:00,0.000742,0.000742,0.000742,0.000742,0.0
2025-04-07 20:00:00,0.000742,0.000742,0.000742,0.000742,0.0
2025-04-08 00:00:00,0.000742,0.000742,0.000742,0.000742,0.0
2025-04-08 04:00:00,0.000742,0.000742,0.000742,0.000742,0.0
2025-04-08 08:00:00,0.000742,0.000742,0.000742,0.000742,0.0
2025-04-08 12:00:00,0.000742,0.000742,0.000742,0.000742,0.0
2025-04-08 16:00:00,0.000742,0.000742,0.000742,0.000742,0.0
2025-04-08 20:00:00,0.000742,0.000742,0.000742,0.000742,0.0
2025-04-09 00:00:00,0.000742,0.000742,0.000742,0.000742,0.0
2025-04-09 04:00:00,0.000742,0.000742,0.000742,0.000742,0.0
2025-04-09 08:00:00,0.000742,0.000742,0.000742,0.000742,0.0
2025-04-09 12:00:00,0.000742,0.000742,0.000742,0.000742,0.0
2025-04-09 16:00:00,0.000742,0.000742,0.000742,0.000742,0.0
2025-04-09 20:00:00,0.000742,0.000742,0.000742,0.000742,0.0
2025-04-10 00:00:00,0.000742,0.000742,0.000742,0.000742,0.0
2025-04-10 04:00:00,0.000742,0.000742,0.000742,0.000742,0.0
2025-04-10 08:00:00,0.000742,0.000742,0.000742,0.000742,0.0
2025-04-10 12:00:00,0.000742,0.000742,0.000742,0.000742,0.0
2025-04-10 16:00:00,0.000742,0.000742,0.000742,0.000742,0.0
2025-04-10 20:00:00,0.000742,0.000742,0.000742,0.000742,0.0
2025-04-11 00:00:00,0.000742,0.000742,0.000742,0.000742,0.0
2025-04-11 04:00:00,0.000742,0.000742,0.000742,0.000742,0.0
2025-04-11 08:00:00,0.000742,0.000742,0.000742,0.000742,0.0
2025-04-11 12:00:00,0.000742,0.000742,0.000742,0.000742,0.0
2025-04-11 16:00:00,0.000742,0.000742,0.000742,0.000742,0.0
2025-04-11 20:00:00,0.000742,0.000742,0.000742,0.000742,0.0
2025-04-12 00:00:00,0.000742,0.000742,0.000742,0.000742,0.0
2025-04-12 04:00:00,0.000742,0.000742,0.000742,0.000742,0.0
2025-04-12 08:00:00,0.000742,0.000742,0.000742,0.000742,0.0
2025-04-12 12:00:00,0.000742,0.000742,0.000742,0.000742,0.0
2025-04-12 16:00:00,0.000742,0.000742,0.000742,0.000742,0.0
2025-04-12 20:00:00,0.000742,0.000742,0.000742,0.000742,0.0
2025-04-13 00:00:00,0.000742,0.000742,0.000742,0.000742,0.0
2025-04-13 04:00:00,0.000742,0.000742,0.000742,0.000742,0.0
2025-04-13 08:00:00,0.000742,0.000742,0.000742,0.000742,0.0
2025-04-13 12:00:00,0.000742,0.000742,0.000742,0.000742,0.0
2025-04-13 16:00:00,0.000742,0.000742,0.000742,0.000742,0.0
2025-04-13 20:00:00,0.000742,0.000742,0.000742,0.000742,0.0
2025-04-14 00:00:00,0.000742,0.000742,0.000742,0.000742,0.0
2025-04-14 04:00:00,0.000742,0.000742,0.000742,0.000742,0.0
2025-04-14 08:00:00,0.000742,0.000742,0.000742,0.000742,0.0
2025-04-14 12:00:00,0.000742,0.000742,0.000742,0.000742,0.0
2025-04-14 16:00:00,0.000742,0.000742,0.000742,0.000742,0.0
2025-04-14 20:00:00,0.000742,0.000742,0.000742,0.000742,0.0
2025-04-15 00:00:00,0.000742,0.000742,0.000742,0.000742,0.0
2025-04-15 04:00:00,0.000742,0.000742,0.000742,0.000742,0.0
2025-04-15 08:00:00,0.000742,0.000742,0.000742,0.000742,0.0
2025-04-15 12:00:00,0.000742,0.000742,0.000742,0.000742,0.0
2025-04-15 16:00:00,0.000742,0.000742,0.000742,0.000742,0.0
2025-04-15 20:00:00,0.000742,0.000742,0.000742,0.000742,0.0
2025-04-16 00:00:00,0.000742,0.000742,0.000742,0.000742,0.0
2025-04-16 04:00:00,0.000742,0.000742,0.000742,0.000742,0.0
2025-04-16 08:00:00,0.000742,0.000742,0.000742,0.000742,0.0
2025-04-16 12:00:00,0.000742,0.000742,0.000742,0.000742,0.0
2025-04-16 16:00:00,0.000742,0.000742,0.000742,0.000742,0.0
2025-04-16 20:00:00,0.000742,0.000742,0.000742,0.000742,0.0
2025-04-17 00:00:00,0.000742,0.000742,0.000742,0.000742,0.0
2025-04-17 04:00:00,0.000742,0.000742,0.000742,0.000742,0.0
2025-04-17 08:00:00,0.000742,0.000742,0.000742,0.000742,0.0
2025-04-17 12:00:00,0.000742,0.000742,0.000742,0.000742,0.0
2025-04-17 16:00:00,0.000742,0.000742,0.000742,0.000742,0.0
2025-04-17 20:00:00,0.000742,0.000742,0.000742,0.000742,0.0
2025-04-18 00:00:00,0.000742,0.000742,0.000742,0.000742,0.0
2025-04-18 04:00:00,0.000742,0.000742,0.000742,0.000742,0.0
2025-04-18 08:00:00,0.000742,0.000742,0.000742,0.000742,0.0
2025-04-18 12:00:00,0.000742,0.000742,0.000742,0.000742,0.0
2025-04-18 16:00:00,0.000742,0.000742,0.000742,0.000742,0.0
2025-04-18 20:00:00,0.000742,0.000742,0.000742,0.000742,0.0
2025-04-19 00:00:00,0.000742,0.000742,0.000742,0.000742,0.0
2025-04-19 04:00:00,0.000742,0.000742,0.000742,0.000742,0.0
2025-04-19 08:00:00,0.000742,0.000742,0.000742,0.000742,0.0
2025-04-19 12:00:00,0.000742,0.000742,0.000742,0.000742,0.0
2025-04-19 16:00:00,0.000742,0.000742,0.000742,0.000742,0.0
2025-04-19 20:00:00,0.000742,0.000742,0.000742,0.000742,0.0
2025-04-20 00:00:00,0.000742,0.000742,0.000742,0.000742,0.0
2025-04-20 04:00:00,0.000742,0.000742,0.000742,0.000742,0.0
2025-04-20 08:00:00,0.000742,0.000742,0.000742,0.000742,0.0
2025-04-20 12:00:00,0.000742,0.000742,0.000742,0.000742,0.0
2025-04-20 16:00:00,0.000742,0.000742,0.000742,0.000742,0.0
2025-04-20 20:00:00,0.000742,0.000742,0.000742,0.000742,0.0
2025-04-21 00:00:00,0.000742,0.000742,0.000742,0.000742,0.0
2025-04-21 04:00:00,0.000742,0.000742,0.000742,0.000742,0.0
2025-04-21 08:00:00,0.000742,0.000742,0.000742,0.000742,0.0
2025-04-21 12:00:00,0.000742,0.000742,0.000742,0.000742,0.0
2025-04-21 16:00:00,0.000742,0.000742,0.000742,0.000742,0.0
2025-04-21 20:00:00,0.000742,0.000742,0.000742,0.000742,0.0
2025-04-22 00:00:00,0.000742,0.000742,0.000742,0.000742,0.0
2025-04-22 04:00:00,0.000742,0.000742,0.000742,0.000742,0.0
2025-04-22 08:00:00,0.000742,0.000742,0.000742,0.000742,0.0
2025-04-22 12:00:00,0.000742,0.000742,0.000742,0.000742,0.0
2025-04-22 16:00:00,0.000742,0.000742,0.000742,0.000742,0.0
2025-04-22 20:00:00,0.000742,0.000742,0.000742,0.000742,0.0
2025-04-23 00:00:00,0.000742,0.000742,0.000742,0.000742,0.0
2025-04-23 04:00:00,0.000742,0.000742,0.000742,0.000742,0.0
2025-04-23 08:00:00,0.000742,0.000742,0.000742,0.000742,0.0
2025-04-23 12:00:00,0.000742,0.000742,0.000742,0.000742,0.0
2025-04-23 16:00:00,0.000742,0.000742,0.000742,0.000742,0.0
2025-04-23 20:00:00,0.000742,0.000742,0.000742,0.000742,0.0
2025-04-24 00:00:00,0.000742,0.000742,0.000742,0.000742,0.0
2025-04-24 04:00:00,0.000742,0.000742,0.000742,0.000742,0.0
2025-04-24 08:00:00,0.000742,0.000742,0.000742,0.000742,0.0
2025-04-24 12:00:00,0.000742,0.000742,0.000742,0.000742,0.0
2025-04-24 16:00:00,0.000742,0.000742,0.000742,0.000742,0.0
2025-04-24 20:00:00,0.000742,0.000742,0.000742,0.000742,0.0
2025-04-25 00:00:00,0.000742,0.000742,0.000742,0.000742,0.0
2025-04-25 04:00:00,0.000742,0.000742,0.000742,0.000742,0.0
2025-04-25 08:00:00,0.000742,0.000742,0.000742,0.000742,0.0
2025-04-25 12:00:00,0.000742,0.000742,0.000742,0.000742,0.0
2025-04-25 16:00:00,0.000742,0.000742,0.000742,0.000742,0.0
2025-04-25 20:00:00,0.000742,0.000742,0.000742,0.000742,0.0
2025-04-26 00:00:00,0.000742,0.000742,0.000742,0.000742,0.0
2025-04-26 04:00:00,0.000742,0.000742,0.000742,0.000742,0.0
2025-04-26 08:00:00,0.000742,0.000742,0.000742,0.000742,0.0
2025-04-26 12:00:00,0.000742,0.000742,0.000742,0.000742,0.0
2025-04-26 16:00:00,0.000742,0.000742,0.000742,0.000742,0.0
2025-04-26 20:00:00,0.000742,0.000742,0.000742,0.000742,0.0
2025-04-27 00:00:00,0.000742,0.000742,0.000742,0.000742,0.0
2025-04-27 04:00:00,0.000742,0.000742,0.000742,0.000742,0.0
2025-04-27 08:00:00,0.000742,0.000742,0.000742,0.000742,0.0
2025-04-27 12:00:00,0.000742,0.000742,0.000742,0.000742,0.0
2025-04-27 16:00:00,0.000742,0.000742,0.000742,0.000742,0.0
2025-04-27 20:00:00,0.000742,0.000742,0.000742,0.000742,0.0
2025-04-28 00:00:00,0.000742,0.000742,0.000742,0.000742,0.0
2025-04-28 04:00:00,0.000742,0.000742,0.000742,0.000742,0.0
2025-04-28 08:00:00,0.000742,0.000742,0.000742,0.000742,0.0
2025-04-28 12:00:00,0.000742,0.000742,0.000742,0.000742,0.0
2025-04-28 16:00:00,0.000742,0.000742,0.000742,0.000742,0.0
2025-04-28 20:00:00,0.000742,0.000742,0.000742,0.000742,0.0
2025-04-29 00:00:00,0.000742,0.000742,0.000742,0.000742,0.0
2025-04-29 04:00:00,0.000742,0.000742,0.000742,0.000742,0.0
2025-04-29 08:00:00,0.000742,0.000742,0.000742,0.000742,0.0
2025-04-29 12:00:00,0.000742,0.000742,0.000742,0.000742,0.0
2025-04-29 16:00:00,0.000742,0.000742,0.000742,0.000742,0.0
2025-04-29 20:00:00,0.000742,0.000742,0.000742,0.000742,0.0
2025-04-30 00:00:00,0.000742,0.000742,0.000742,0.000742,0.0
2025-04-30 04:00:00,0.000742,0.000742,0.000742,0.000742,0.0
2025-04-30 08:00:00,0.000742,0.000742,0.000742,0.000742,0.0
2025-04-30 12:00:00,0.000742,0.000742,0.000742,0.000742,0.0
2025-04-30 16:00:00,0.000742,0.000742,0.000742,0.000742,0.0
2025-04-30 20:00:00,0.000742,0.000742,0.000742,0.000742,0.0
2025-05-01 00:00:00,0.000742,0.000742,0.000742,0.000742,0.0
2025-05-01 04:00:00,0.000742,0.000742,0.000742,0.000742,0.0
2025-05-01 08:00:00,0.000742,0.000742,0.000742,0.000742,0.0
2025-05-01 12:00:00,0.000742,0.000742,0.000742,0.000742,0.0
2025-05-01 16:00:00,0.000742,0.000742,0.000742,0.000742,0.0
2025-05-01 20:00:00,0.000742,0.000742,0.000742,0.000742,0.0
2025-05-02 00:00:00,0.000742,0.000742,0.000742,0.000742,0.0
2025-05-02 04:00:00,0.000742,0.000742,0.000742,0.000742,0.0
2025-05-02 08:00:00,0.000742,0.000742,0.000742,0.000742,0.0
2025-05-02 12:00:00,0.000742,0.000742,0.000742,0.000742,0.0
2025-05-02 16:00:00,0.000742,0.000742,0.000742,0.000742,0.0
2025-05-02 20:00:00,0.000742,0.000742,0.000742,0.000742,0.0
2025-05-03 00:00:00,0.000742,0.000742,0.000742,0.000742,0.0
2025-05-03 04:00:00,0.000742,0.000742,0.000742,0.000742,0.0
2025-05-03 08:00:00,0.000742,0.000742,0.000742,0.000742,0.0
2025-05-03 12:00:00,0.000742,0.000742,0.000742,0.000742,0.0
2025-05-03 16:00:00,0.000742,0.000742,0.000742,0.000742,0.0
2025-05-03 20:00:00,0.000742,0.000742,0.000742,0.000742,0.0
2025-05-04 00:00:00,0.000742,0.000742,0.000742,0.000742,0.0
2025-05-04 04:00:00,0.000742,0.000742,0.000742,0.000742,0.0
2025-05-04 08:00:00,0.000742,0.000742,0.000742,0.000742,0.0
2025-05-04 12:00:00,0.000742,0.000742,0.000742,0.000742,0.0
2025-05-04 16:00:00,0.000742,0.000742,0.000742,0.000742,0.0
2025-05-04 20:00:00,0.000742,0.000742,0.000742,0.000742,0.0
2025-05-05 00:00:00,0.000742,0.000742,0.000742,0.000742,0.0
2025-05-05 04:00:00,0.000742,0.000742,0.000742,0.000742,0.0
2025-05-05 08:00:00,0.000742,0.000742,0.000742,0.000742,0.0
2025-05-05 12:00:00,0.000742,0.000742,0.000742,0.000742,0.0
2025-05-05 16:00:00,0.000742,0.000742,0.000742,0.000742,0.0
2025-05-05 20:00:00,0.000742,0.000742,0.000742,0.000742,0.0
2025-05-06 00:00:00,0.000742,0.000742,0.000742,0.000742,0.0
2025-05-06 04:00:00,0.000742,0.000742,0.000742,0.000742,0.0
2025-05-06 08:00:00,0.000742,0.000742,0.000742,0.000742,0.0
2025-05-06 12:00:00,0.000742,0.000742,0.000742,0.000742,0.0
2025-05-06 16:00:00,0.000742,0.000742,0.000742,0.000742,0.0
2025-05-06 20:00:00,0.000742,0.000742,0.000742,0.000742,0.0
2025-05-07 00:00:00,0.000742,0.000742,0.000742,0.000742,0.0
2025-05-07 04:00:00,0.000742,0.000742,0.000742,0.000742,0.0
2025-05-07 08:00:00,0.000742,0.000742,0.000742,0.000742,0.0
2025-05-07 12:00:00,0.000742,0.000742,0.000742,0.000742,0.0
2025-05-07 16:00:00,0.000742,0.000742,0.000742,0.000742,0.0
2025-05-07 20:00:00,0.000742,0.000742,0.000742,0.000742,0.0
2025-05-08 00:00:00,0.000742,0.000742,0.000742,0.000742,0.0
2025-05-08 04:00:00,0.000742,0.000742,0.000742,0.000742,0.0
2025-05-08 08:00:00,0.000742,0.000742,0.000742,0.000742,0.0
2025-05-08 12:00:00,0.000742,0.000742,0.000742,0.000742,0.0
2025-05-08 16:00:00,0.000742,0.000742,0.000742,0.000742,0.0
2025-05-08 20:00:00,0.000742,0.000742,0.000742,0.000742,0.0
2025-05-09 00:00:00,0.000742,0.000742,0.000742,0.000742,0.0
2025-05-09 04:00:00,0.000742,0.000742,0.000742,0.000742,0.0
2025-05-09 08:00:00,0.000742,0.000742,0.000742,0.000742,0.0
2025-05-09 12:00:00,0.000742,0.000742,0.000742,0.000742,0.0
2025-05-09 16:00:00,0.000742,0.000742,0.000742,0.000742,0.0
2025-05-09 20:00:00,0.000742,0.000742,0.000742,0.000742,0.0
2025-05-10 00:00:00,0.000742,0.000742,0.000742,0.000742,0.0
2025-05-10 04:00:00,0.000742,0.000742,0.000742,0.000742,0.0
2025-05-10 08:00:00,0.000742,0.000742,0.000742,0.000742,0.0
2025-05-10 12:00:00,0.000742,0.000742,0.000742,0.000742,0.0
2025-05-10 16:00:00,0.000742,0.000742,0.000742,0.000742,0.0
2025-05-10 20:00:00,0.000742,0.000742,0.000742,0.000742,0.0
2025-05-11 00:00:00,0.000742,0.000742,0.000742,0.000742,0.0
2025-05-11 04:00:00,0.000742,0.000742,0.000742,0.000742,0.0
2025-05-11 08:00:00,0.000742,0.000742,0.000742,0.000742,0.0
2025-05-11 12:00:00,0.000742,0.000742,0.000742,0.000742,0.0
2025-05-11 16:00:00,0.000742,0.000742,0.000742,0.000742,0.0
2025-05-11 20:00:00,0.000742,0.000742,0.000742,0.000742,0.0
2025-05-12 00:00:00,0.000742,0.000742,0.000742,0.000742,0.0
2025-05-12 04:00:00,0.000742,0.000742,0.000742,0.000742,0.0
2025-05-12 08:00:00,0.000742,0.000742,0.000742,0.000742,0.0
2025-05-12 12:00:00,0.000742,0.000742,0.000742,0.000742,0.0
2025-05-12 16:00:00,0.000742,0.000742,0.000742,0.000742,0.0
2025-05-12 20:00:00,0.000742,0.000742,0.000742,0.000742,0.0
2025-05-13 00:00:00,0.000742,0.000742,0.000742,0.000742,0.0
2025-05-13 04:00:00,0.000742,0.000742,0.000742,0.000742,0.0
2025-05-13 08:00:00,0.000742,0.000742,0.000742,0.000742,0.0
2025-05-13 12:00:00,0.000742,0.000742,0.000742,0.000742,0.0
2025-05-13 16:00:00,0.000742,0.000742,0.000742,0.000742,0.0
2025-05-13 20:00:00,0.000742,0.000742,0.000742,0.000742,0.0
2025-05-14 00:00:00,0.000742,0.000742,0.000742,0.000742,0.0
2025-05-14 04:00:00,0.000742,0.000742,0.000742,0.000742,0.0
2025-05-14 08:00:00,0.000742,0.000742,0.000742,0.000742,0.0
2025-05-14 12:00:00,0.000742,0.000742,0.000742,0.000742,0.0
2025-05-14 16:00:00,0.000742,0.000742,0.000742,0.000742,0.0
2025-05-14 20:00:00,0.000742,0.000742,0.000742,0.000742,0.0
2025-05-15 00:00:00,0.000742,0.000742,0.000742,0.000742,0.0
2025-05-15 04:00:00,0.000742,0.000742,0.000742,0.000742,0.0
2025-05-15 08:00:00,0.000742,0.000742,0.000742,0.000742,0.0
2025-05-15 12:00:00,0.000742,0.000742,0.000742,0.000742,0.0
2025-05-15 16:00:00,0.000742,0.000742,0.000742,0.000742,0.0
2025-05-15 20:00:00,0.000742,0.000742,0.000742,0.000742,0.0
2025-05-16 00:00:00,0.000742,0.000742,0.000742,0.000742,0.0
2025-05-16 04:00:00,0.000742,0.000742,0.000742,0.000742,0.0
2025-05-16 08:00:00,0.000742,0.000742,0.000742,0.000742,0.0
2025-05-16 12:00:00,0.000742,0.000742,0.000742,0.000742,0.0
2025-05-16 16:00:00,0.000742,0.000742,0.000742,0.000742,0.0
2025-05-16 20:00:00,0.000742,0.000742,0.000742,0.000742,0.0
2025-05-17 00:00:00,0.000742,0.000742,0.000742,0.000742,0.0
2025-05-17 04:00:00,0.000742,0.000742,0.000742,0.000742,0.0
2025-05-17 08:00:00,0.000742,0.000742,0.000742,0.000742,0.0
2025-05-17 12:00:00,0.000742,0.000742,0.000742,0.000742,0.0
2025-05-17 16:00:00,0.000742,0.000742,0.000742,0.000742,0.0
2025-05-17 20:00:00,0.000742,0.000742,0.000742,0.000742,0.0
2025-05-18 00:00:00,0.000742,0.000742,0.000742,0.000742,0.0
2025-05-18 04:00:00,0.000742,0.000742,0.000742,0.000742,0.0
2025-05-18 08:00:00,0.000742,0.000742,0.000742,0.000742,0.0
2025-05-18 12:00:00,0.000742,0.000742,0.000742,0.000742,0.0
2025-05-18 16:00:00,0.000742,0.000742,0.000742,0.000742,0.0
2025-05-18 20:00:00,0.000742,0.000742,0.000742,0.000742,0.0
2025-05-19 00:00:00,0.000742,0.000742,0.000742,0.000742,0.0
2025-05-19 04:00:00,0.000742,0.000742,0.000742,0.000742,0.0
2025-05-19 08:00:00,0.000742,0.000742,0.000742,0.000742,0.0
2025-05-19 12:00:00,0.000742,0.000742,0.000742,0.000742,0.0
2025-05-19 16:00:00,0.000742,0.000742,0.000742,0.000742,0.0
2025-05-19 20:00:00,0.000742,0.000742,0.000742,0.000742,0.0
2025-05-20 00:00:00,0.000742,0.000742,0.000742,0.000742,0.0
2025-05-20 04:00:00,0.000742,0.000742,0.000742,0.000742,0.0
2025-05-20 08:00:00,0.000742,0.000742,0.000742,0.000742,0.0
2025-05-20 12:00:00,0.000742,0.000742,0.000742,0.000742,0.0
2025-05-20 16:00:00,0.000742,0.000742,0.000742,0.000742,0.0
2025-05-20 20:00:00,0.000742,0.000742,0.000742,0.000742,0.0
2025-05-21 00:00:00,0.000742,0.000742,0.000742,0.000742,0.0
2025-05-21 04:00:00,0.000742,0.000742,0.000742,0.000742,0.0
2025-05-21 08:00:00,0.000742,0.000742,0.000742,0.000742,0.0
2025-05-21 12:00:00,0.000742,0.000742,0.000742,0.000742,0.0
2025-05-21 16:00:00,0.000742,0.000742,0.000742,0.000742,0.0
2025-05-21 20:00:00,0.000742,0.000742,0.000742,0.000742,0.0
2025-05-22 00:00:00,0.000742,0.000742,0.000742,0.000742,0.0
2025-05-22 04:00:00,0.000742,0.000742,0.000742,0.000742,0.0
2025-05-22 08:00:00,0.000742,0.000742,0.000742,0.000742,0.0
2025-05-22 12:00:00,0.000742,0.000742,0.000742,0.000742,0.0
2025-05-22 16:00:00,0.000742,0.000742,0.000742,0.000742,0.0
2025-05-22 20:00:00,0.000742,0.000742,0.000742,0.000742,0.0
2025-05-23 00:00:00,0.000742,0.000742,0.000742,0.000742,0.0
2025-05-23 04:00:00,0.000742,0.000742,0.000742,0.000742,0.0
2025-05-23 08:00:00,0.000742,0.000742,0.000742,0.000742,0.0
2025-05-23 12:00:00,0.000742,0.000742,0.000742,0.000742,0.0
2025-05-23 16:00:00,0.000742,0.000742,0.000742,0.000742,0.0
2025-05-23 20:00:00,0.000742,0.000742,0.000742,0.000742,0.0
2025-05-24 00:00:00,0.000742,0.000742,0.000742,0.000742,0.0
2025-05-24 04:00:00,0.000742,0.000742,0.000742,0.000742,0.0
2025-05-24 08:00:00,0.000742,0.000742,0.000742,0.000742,0.0
2025-05-24 12:00:00,0.000742,0.000742,0.000742,0.000742,0.0
2025-05-24 16:00:00,0.000742,0.000742,0.000742,0.000742,0.0
2025-05-24 20:00:00,0.000742,0.000742,0.000742,0.000742,0.0
2025-05-25 00:00:00,0.000742,0.000742,0.000742,0.000742,0.0
2025-05-25 04:00:00,0.000742,0.000742,0.000742,0.000742,0.0
2025-05-25 08:00:00,0.000742,0.000742,0.000742,0.000742,0.0
2025-05-25 12:00:00,0.000742,0.000742,0.000742,0.000742,0.0
2025-05-25 16:00:00,0.000742,0.000742,0.000742,0.000742,0.0
2025-05-25 20:00:00,0.000742,0.000742,0.000742,0.000742,0.0
2025-05-26 00:00:00,0.000742,0.000742,0.000742,0.000742,0.0
2025-05-26 04:00:00,0.000742,0.000742,0.000742,0.000742,0.0
2025-05-26 08:00:00,0.000742,0.000742,0.000742,0.000742,0.0
2025-05-26 12:00:00,0.000742,0.000742,0.000742,0.000742,0.0
2025-05-26 16:00:00,0.000742,0.000742,0.000742,0.000742,0.0
2025-05-26 20:00:00,0.000742,0.000742,0.000742,0.000742,0.0
2025-05-27 00:00:00,0.000742,0.000742,0.000742,0.000742,0.0
2025-05-27 04:00:00,0.000742,0.000742,0.000742,0.000742,0.0
2025-05-27 08:00:00,0.000742,0.000742,0.000742,0.000742,0.0
2025-05-27 12:00:00,0.000742,0.000742,0.000742,0.000742,0.0
2025-05-27 16:00:00,0.000742,0.000742,0.000742,0.000742,0.0
2025-05-27 20:00:00,0.000742,0.000742,0.000742,0.000742,0.0
2025-05-28 00:00:00,0.000742,0.000742,0.000742,0.000742,0.0
2025-05-28 04:00:00,0.000742,0.000742,0.000742,0.000742,0.0
2025-05-28 08:00:00,0.000742,0.000742,0.000742,0.000742,0.0
2025-05-28 12:00:00,0.000742,0.000742,0.000742,0.000742,0.0
2025-05-28 16:00:00,0.000742,0.000742,0.000742,0.000742,0.0
2025-05-28 20:00:00,0.000742,0.000742,0.000742,0.000742,0.0
2025-05-29 00:00:00,0.000742,0.000742,0.000742,0.000742,0.0
2025-05-29 04:00:00,0.000742,0.000742,0.000742,0.000742,0.0
2025-05-29 08:00:00,0.000742,0.000742,0.000742,0.000742,0.0
2025-05-29 12:00:00,0.000742,0.000742,0.000742,0.000742,0.0
2025-05-29 16:00:00,0.000742,0.000742,0.000742,0.000742,0.0
2025-05-29 20:00:00,0.000742,0.000742,0.000742,0.000742,0.0
2025-05-30 00:00:00,0.000742,0.000742,0.000742,0.000742,0.0
2025-05-30 04:00:00,0.000742,0.000742,0.000742,0.000742,0.0
2025-05-30 08:00:00,0.000742,0.000742,0.000742,0.000742,0.0
2025-05-30 12:00:00,0.000742,0.000742,0.000742,0.000742,0.0
2025-05-30 16:00:00,0.000742,0.000742,0.000742,0.000742,0.0
2025-05-30 20:00:00,0.000742,0.000742,0.000742,0.000742,0.0
2025-05-31 00:00:00,0.000742,0.000742,0.000742,0.000742,0.0
2025-05-31 04:00:00,0.000742,0.000742,0.000742,0.000742,0.0
2025-05-31 08:00:00,0.000742,0.000742,0.000742,0.000742,0.0
2025-05-31 12:00:00,0.000742,0.000742,0.000742,0.000742,0.0
2025-05-31 16:00:00,0.000742,0.000742,0.000742,0.000742,0.0
2025-05-31 20:00:00,0.000742,0.000742,0.000742,0.000742,0.0
2025-06-01 00:00:00,0.000742,0.000742,0.000742,0.000742,0.0
2025-06-01 04:00:00,0.000742,0.000742,0.000742,0.000742,0.0
2025-06-01 08:00:00,0.000742,0.000742,0.000742,0.000742,0.0
2025-06-01 12:00:00,0.000742,0.000742,0.000742,0.000742,0.0
2025-06-01 16:00:00,0.000742,0.000742,0.000742,0.000742,0.0
2025-06-01 20:00:00,0.000742,0.000742,0.000742,0.000742,0.0
2025-06-02 00:00:00,0.000742,0.000742,0.000742,0.000742,0.0
2025-06-02 04:00:00,0.000742,0.000742,0.000742,0.000742,0.0
2025-06-02 08:00:00,0.000742,0.000742,0.000742,0.000742,0.0
2025-06-02 12:00:00,0.000742,0.000742,0.000742,0.000742,0.0
2025-06-02 16:00:00,0.000742,0.000742,0.000742,0.000742,0.0
2025-06-02 20:00:00,0.000742,0.000742,0.000742,0.000742,0.0
2025-06-03 00:00:00,0.000742,0.000742,0.000742,0.000742,0.0
2025-06-03 04:00:00,0.000742,0.000742,0.000742,0.000742,0.0
2025-06-03 08:00:00,0.000742,0.000742,0.000742,0.000742,0.0
2025-06-03 12:00:00,0.000742,0.000742,0.000742,0.000742,0.0
2025-06-03 16:00:00,0.000742,0.000742,0.000742,0.000742,0.0
2025-06-03 20:00:00,0.000742,0.000742,0.000742,0.000742,0.0
2025-06-04 00:00:00,0.000742,0.000742,0.000742,0.000742,0.0
2025-06-04 04:00:00,0.000742,0.000742,0.000742,0.000742,0.0
2025-06-04 08:00:00,0.000742,0.000742,0.000742,0.000742,0.0
2025-06-04 12:00:00,0.000742,0.000742,0.000742,0.000742,0.0
2025-06-04 16:00:00,0.000742,0.000742,0.000742,0.000742,0.0
2025-06-04 20:00:00,0.000742,0.000742,0.000742,0.000742,0.0
2025-06-05 00:00:00,0.000742,0.000742,0.000742,0.000742,0.0
2025-06-05 04:00:00,0.000742,0.000742,0.000742,0.000742,0.0
2025-06-05 08:00:00,0.000742,0.000742,0.000742,0.000742,0.0
2025-06-05 12:00:00,0.000742,0.000742,0.000742,0.000742,0.0
2025-06-05 16:00:00,0.000742,0.000742,0.000742,0.000742,0.0
2025-06-05 20:00:00,0.000742,0.000742,0.000742,0.000742,0.0
2025-06-06 00:00:00,0.000742,0.000742,0.000742,0.000742,0.0
2025-06-06 04:00:00,0.000742,0.000742,0.000742,0.000742,0.0
2025-06-06 08:00:00,0.000742,0.000742,0.000742,0.000742,0.0
2025-06-06 12:00:00,0.000742,0.000742,0.000742,0.000742,0.0
2025-06-06 16:00:00,0.000742,0.000742,0.000742,0.000742,0.0
2025-06-06 20:00:00,0.000742,0.000742,0.000742,0.000742,0.0
2025-06-07 00:00:00,0.000742,0.000742,0.000742,0.000742,0.0
2025-06-07 04:00:00,0.000742,0.000742,0.000742,0.000742,0.0
2025-06-07 08:00:00,0.000742,0.000742,0.000742,0.000742,0.0
2025-06-07 12:00:00,0.000742,0.000742,0.000742,0.000742,0.0
2025-06-07 16:00:00,0.000742,0.000742,0.000742,0.000742,0.0
2025-06-07 20:00:00,0.000742,0.000742,0.000742,0.000742,0.0
2025-06-08 00:00:00,0.000742,0.000742,0.000742,0.000742,0.0
2025-06-08 04:00:00,0.000742,0.000742,0.000742,0.000742,0.0
2025-06-08 08:00:00,0.000742,0.000742,0.000742,0.000742,0.0
2025-06-08 12:00:00,0.000742,0.000742,0.000742,0.000742,0.0
2025-06-08 16:00:00,0.000742,0.000742,0.000742,0.000742,0.0
2025-06-08 20:00:00,0.000742,0.000742,0.000742,0.000742,0.0
2025-06-09 00:00:00,0.000742,0.000742,0.000742,0.000742,0.0
2025-06-09 04:00:00,0.000742,0.000742,0.000742,0.000742,0.0
2025-06-09 08:00:00,0.000742,0.000742,0.000742,0.000742,0.0
2025-06-09 12:00:00,0.000742,0.000742,0.000742,0.000742,0.0
2025-06-09 16:00:00,0.000742,0.000742,0.000742,0.000742,0.0
2025-06-09 20:00:00,0.000742,0.000742,0.000742,0.000742,0.0
2025-06-10 00:00:00,0.000742,0.000742,0.000742,0.000742,0.0
2025-06-10 04:00:00,0.000742,0.000742,0.000742,0.000742,0.0
2025-06-10 08:00:00,0.000742,0.000742,0.000742,0.000742,0.0
2025-06-10 12:00:00,0.000742,0.000742,0.000742,0.000742,0.0
2025-06-10 16:00:00,0.000742,0.000742,0.000742,0.000742,0.0
2025-06-10 20:00:00,0.000742,0.000742,0.000742,0.000742,0.0
2025-06-11 00:00:00,0.000742,0.000742,0.000742,0.000742,0.0
2025-06-11 04:00:00,0.000742,0.000742,0.000742,0.000742,0.0
2025-06-11 08:00:00,0.000742,0.000742,0.000742,0.000742,0.0
2025-06-11 12:00:00,0.000742,0.000742,0.000742,0.000742,0.0
2025-06-11 16:00:00,0.000742,0.000742,0.000742,0.000742,0.0
2025-06-11 20:00:00,0.000742,0.000742,0.000742,0.000742,0.0
2025-06-12 00:00:00,0.000742,0.000742,0.000742,0.000742,0.0
2025-06-12 04:00:00,0.000742,0.000742,0.000742,0.000742,0.0
2025-06-12 08:00:00,0.000742,0.000742,0.000742,0.000742,0.0
2025-06-12 12:00:00,0.000742,0.000742,0.000742,0.000742,0.0
2025-06-12 16:00:00,0.000742,0.000742,0.000742,0.000742,0.0
2025-06-12 20:00:00,0.000742,0.000742,0.000742,0.000742,0.0
2025-06-13 00:00:00,0.000742,0.000742,0.000742,0.000742,0.0
2025-06-13 04:00:00,0.000742,0.000742,0.000742,0.000742,0.0
2025-06-13 08:00:00,0.000742,0.000742,0.000742,0.000742,0.0
2025-06-13 12:00:00,0.000742,0.000742,0.000742,0.000742,0.0
2025-06-13 16:00:00,0.000742,0.000742,0.000742,0.000742,0.0
2025-06-13 20:00:00,0.000742,0.000742,0.000742,0.000742,0.0
2025-06-14 00:00:00,0.000742,0.000742,0.000742,0.000742,0.0
2025-06-14 04:00:00,0.000742,0.000742,0.000742,0.000742,0.0
2025-06-14 08:00:00,0.000742,0.000742,0.000742,0.000742,0.0
2025-06-14 12:00:00,0.000742,0.000742,0.000742,0.000742,0.0
2025-06-14 16:00:00,0.000742,0.000742,0.000742,0.000742,0.0
2025-06-14 20:00:00,0.000742,0.000742,0.000742,0.000742,0.0
2025-06-15 00:00:00,0.000742,0.000742,0.000742,0.000742,0.0
2025-06-15 04:00:00,0.000742,0.000742,0.000742,0.000742,0.0
2025-06-15 08:00:00,0.000742,0.000742,0.000742,0.000742,0.0
2025-06-15 12:00:00,0.000742,0.000742,0.000742,0.000742,0.0
2025-06-15 16:00:00,0.000742,0.000742,0.000742,0.000742,0.0
2025-06-15 20:00:00,0.000742,0.000742,0.000742,0.000742,0.0
2025-06-16 00:00:00,0.000742,0.000742,0.000742,0.000742,0.0
2025-06-16 04:00:00,0.000742,0.000742,0.000742,0.000742,0.0
2025-06-16 08:00:00,0.000742,0.000742,0.000742,0.000742,0.0
2025-06-16 12:00:00,0.000742,0.000742,0.000742,0.000742,0.0
2025-06-16 16:00:00,0.000742,0.000742,0.000742,0.000742,0.0
2025-06-16 20:00:00,0.000742,0.000742,0.000742,0.000742,0.0
2025-06-17 00:00:00,0.000742,0.000742,0.000742,0.000742,0.0
2025-06-17 04:00:00,0.000742,0.000742,0.000742,0.000742,0.0
2025-06-17 08:00:00,0.000742,0.000742,0.000742,0.000742,0.0
2025-06-17 12:00:00,0.000742,0.000742,0.000742,0.000742,0.0
2025-06-17 16:00:00,0.000742,0.000742,0.000742,0.000742,0.0
2025-06-17 20:00:00,0.000742,0.000742,0.000742,0.000742,0.0
2025-06-18 00:00:00,0.000742,0.000742,0.000742,0.000742,0.0
2025-06-18 04:00:00,0.000742,0.000742,0.000742,0.000742,0.0
2025-06-18 08:00:00,0.000742,0.000742,0.000742,0.000742,0.0
2025-06-18 12:00:00,0.000742,0.000742,0.000742,0.000742,0.0
2025-06-18 16:00:00,0.000742,0.000742,0.000742,0.000742,0.0
2025-06-18 20:00:00,0.000742,0.000742,0.000742,0.000742,0.0
2025-06-19 00:00:00,0.000742,0.000742,0.000742,0.000742,0.0
2025-06-19 04:00:00,0.000742,0.000742,0.000742,0.000742,0.0
2025-06-19 08:00:00,0.000742,0.000742,0.000742,0.000742,0.0
2025-06-19 12:00:00,0.000742,0.000742,0.000742,0.000742,0.0
2025-06-19 16:00:00,0.000742,0.000742,0.000742,0.000742,0.0
2025-06-19 20:00:00,0.000742,0.000742,0.000742,0.000742,0.0
2025-06-20 00:00:00,0.000742,0.000742,0.000742,0.000742,0.0
2025-06-20 04:00:00,0.000742,0.000742,0.000742,0.000742,0.0
2025-06-20 08:00:00,0.000742,0.000742,0.000742,0.000742,0.0
2025-06-20 12:00:00,0.000742,0.000742,0.000742,0.000742,0.0
2025-06-20 16:00:00,0.000742,0.000742,0.000742,0.000742,0.0
2025-06-20 20:00:00,0.000742,0.000742,0.000742,0.000742,0.0
2025-06-21 00:00:00,0.000742,0.000742,0.000742,0.000742,0.0
2025-06-21 04:00:00,0.000742,0.000742,0.000742,0.000742,0.0
2025-06-21 08:00:00,0.000742,0.000742,0.000742,0.000742,0.0
2025-06-21 12:00:00,0.000742,0.000742,0.000742,0.000742,0.0
2025-06-21 16:00:00,0.000742,0.000742,0.000742,0.000742,0.0
2025-06-21 20:00:00,0.000742,0.000742,0.000742,0.000742,0.0
2025-06-22 00:00:00,0.000742,0.000742,0.000742,0.000742,0.0
2025-06-22 04:00:00,0.000742,0.000742,0.000742,0.000742,0.0
2025-06-22 08:00:00,0.000742,0.000742,0.000742,0.000742,0.0
2025-06-22 12:00:00,0.000742,0.000742,0.000742,0.000742,0.0
2025-06-22 16:00:00,0.000742,0.000742,0.000742,0.000742,0.0
2025-06-22 20:00:00,0.000742,0.000742,0.000742,0.000742,0.0
2025-06-23 00:00:00,0.000742,0.000742,0.000742,0.000742,0.0
2025-06-23 04:00:00,0.000742,0.000742,0.000742,0.000742,0.0
2025-06-23 08:00:00,0.000742,0.000742,0.000742,0.000742,0.0
2025-06-23 12:00:00,0.000742,0.000742,0.000742,0.000742,0.0
2025-06-23 16:00:00,0.000742,0.000742,0.000742,0.000742,0.0
2025-06-23 20:00:00,0.000742,0.000742,0.000742,0.000742,0.0
2025-06-24 00:00:00,0.000742,0.000742,0.000742,0.000742,0.0
2025-06-24 04:00:00,0.000742,0.000742,0.000742,0.000742,0.0
2025-06-24 08:00:00,0.000742,0.000742,0.000742,0.000742,0.0
2025-06-24 12:00:00,0.000742,0.000742,0.000742,0.000742,0.0
2025-06-24 16:00:00,0.000742,0.000742,0.000742,0.000742,0.0
2025-06-24 20:00:00,0.000742,0.000742,0.000742,0.000742,0.0
2025-06-25 00:00:00,0.000742,0.000742,0.000742,0.000742,0.0
2025-06-25 04:00:00,0.000742,0.000742,0.000742,0.000742,0.0
2025-06-25 08:00:00,0.000742,0.000742,0.000742,0.000742,0.0
2025-06-25 12:00:00,0.000742,0.000742,0.000742,0.000742,0.0
2025-06-25 16:00:00,0.000742,0.000742,0.000742,0.000742,0.0
2025-06-25 20:00:00,0.000742,0.000742,0.000742,0.000742,0.0
2025-06-26 00:00:00,0.000742,0.000742,0.000742,0.000742,0.0
2025-06-26 04:00:00,0.000742,0.000742,0.000742,0.000742,0.0
2025-06-26 08:00:00,0.000742,0.000742,0.000742,0.000742,0.0
2025-06-26 12:00:00,0.000742,0.000742,0.000742,0.000742,0.0
2025-06-26 16:00:00,0.000742,0.000742,0.000742,0.000742,0.0
2025-06-26 20:00:00,0.000742,0.000742,0.000742,0.000742,0.0
2025-06-27 00:00:00,0.000742,0.000742,0.000742,0.000742,0.0
2025-06-27 04:00:00,0.000742,0.000742,0.000742,0.000742,0.0
2025-06-27 08:00:00,0.000742,0.000742,0.000742,0.000742,0.0
2025-06-27 12:00:00,0.000742,0.000742,0.000742,0.000742,0.0
2025-06-27 16:00:00,0.000742,0.000742,0.000742,0.000742,0.0
2025-06-27 20:00:00,0.000742,0.000742,0.000742,0.000742,0.0
2025-06-28 00:00:00,0.000742,0.000742,0.000742,0.000742,0.0
2025-06-28 04:00:00,0.000742,0.000742,0.000742,0.000742,0.0
2025-06-28 08:00:00,0.000742,0.000742,0.000742,0.000742,0.0
2025-06-28 12:00:00,0.000742,0.000742,0.000742,0.000742,0.0
2025-06-28 16:00:00,0.000742,0.000742,0.000742,0.000742,0.0
2025-06-28 20:00:00,0.000742,0.000742,0.000742,0.000742,0.0
2025-06-29 00:00:00,0.000742,0.000742,0.000742,0.000742,0.0
2025-06-29 04:00:00,0.000742,0.000742,0.000742,0.000742,0.0
2025-06-29 08:00:00,0.000742,0.000742,0.000742,0.000742,0.0
2025-06-29 12:00:00,0.000742,0.000742,0.000742,0.000742,0.0
2025-06-29 16:00:00,0.000742,0.000742,0.000742,0.000742,0.0
2025-06-29 20:00:00,0.000742,0.000742,0.000742,0.000742,0.0
2025-06-30 00:00:00,0.000742,0.000742,0.000742,0.000742,0.0
2025-06-30 04:00:00,0.000742,0.000742,0.000742,0.000742,0.0
2025-06-30 08:00:00,0.000742,0.000742,0.000742,0.000742,0.0
2025-06-30 12:00:00,0.000742,0.000742,0.000742,0.000742,0.0
2025-06-30 16:00:00,0.000742,0.000742,0.000742,0.000742,0.0
2025-06-30 20:00:00,0.000742,0.000742,0.000742,0.000742,0.0
2025-07-01 00:00:00,0.000742,0.000742,0.000742,0.000742,0.0
2025-07-01 04:00:00,0.000742,0.000742,0.000742,0.000742,0.0
2025-07-01 08:00:00,0.000742,0.000742,0.000742,0.000742,0.0
2025-07-01 12:00:00,0.000742,0.000742,0.000742,0.000742,0.0
2025-07-01 16:00:00,0.000742,0.000742,0.000742,0.000742,0.0
2025-07-01 20:00:00,0.000742,0.000742,0.000742,0.000742,0.0
2025-07-02 00:00:00,0.000742,0.000742,0.000742,0.000742,0.0
2025-07-02 04:00:00,0.000742,0.000742,0.000742,0.000742,0.0
2025-07-02 08:00:00,0.000742,0.000742,0.000742,0.000742,0.0
2025-07-02 12:00:00,0.000742,0.000742,0.000742,0.000742,0.0
2025-07-02 16:00:00,0.000742,0.000742,0.000742,0.000742,0.0
2025-07-02 20:00:00,0.000742,0.000742,0.000742,0.000742,0.0
2025-07-03 00:00:00,0.000742,0.000742,0.000742,0.000742,0.0
2025-07-03 04:00:00,0.000742,0.000742,0.000742,0.000742,0.0
2025-07-03 08:00:00,0.000742,0.000742,0.000742,0.000742,0.0
2025-07-03 12:00:00,0.000742,0.000742,0.000742,0.000742,0.0
2025-07-03 16:00:00,0.000742,0.000742,0.000742,0.000742,0.0
2025-07-03 20:00:00,0.000742,0.000742,0.000742,0.000742,0.0
2025-07-04 00:00:00,0.000742,0.000742,0.000742,0.000742,0.0
2025-07-04 04:00:00,0.000742,0.000742,0.000742,0.000742,0.0
2025-07-04 08:00:00,0.000742,0.000742,0.000742,0.000742,0.0
2025-07-04 12:00:00,0.000742,0.000742,0.000742,0.000742,0.0
2025-07-04 16:00:00,0.000742,0.000742,0.000742,0.000742,0.0
2025-07-04 20:00:00,0.000742,0.000742,0.000742,0.000742,0.0
2025-07-05 00:00:00,0.000742,0.000742,0.000742,0.000742,0.0
2025-07-05 04:00:00,0.000742,0.000742,0.000742,0.000742,0.0
2025-07-05 08:00:00,0.000742,0.000742,0.000742,0.000742,0.0
2025-07-05 12:00:00,0.000742,0.000742,0.000742,0.000742,0.0
2025-07-05 16:00:00,0.000742,0.000742,0.000742,0.000742,0.0
2025-07-05 20:00:00,0.000742,0.000742,0.000742,0.000742,0.0
2025-07-06 00:00:00,0.000742,0.000742,0.000742,0.000742,0.0
2025-07-06 04:00:00,0.000742,0.000742,0.000742,0.000742,0.0
2025-07-06 08:00:00,0.000742,0.000742,0.000742,0.000742,0.0
2025-07-06 12:00:00,0.000742,0.000742,0.000742,0.000742,0.0
2025-07-06 16:00:00,0.000742,0.000742,0.000742,0.000742,0.0
2025-07-06 20:00:00,0.000742,0.000742,0.000742,0.000742,0.0
2025-07-07 00:00:00,0.000742,0.000742,0.000742,0.000742,0.0
2025-07-07 04:00:00,0.000742,0.000742,0.000742,0.000742,0.0
2025-07-07 08:00:00,0.000742,0.000742,0.000742,0.000742,0.0
2025-07-07 12:00:00,0.000742,0.000742,0.000742,0.000742,0.0
2025-07-07 16:00:00,0.000742,0.000742,0.000742,0.000742,0.0
2025-07-07 20:00:00,0.000742,0.000742,0.000742,0.000742,0.0
2025-07-08 00:00:00,0.000742,0.000742,0.000742,0.000742,0.0
2025-07-08 04:00:00,0.000742,0.000742,0.000742,0.000742,0.0
2025-07-08 08:00:00,0.000742,0.000742,0.000742,0.000742,0.0
2025-07-08 12:00:00,0.000742,0.000742,0.000742,0.000742,0.0
2025-07-08 16:00:00,0.000742,0.000742,0.000742,0.000742,0.0
2025-07-08 20:00:00,0.000742,0.000742,0.000742,0.000742,0.0
2025-07-09 00:00:00,0.000742,0.000742,0.000742,0.000742,0.0
2025-07-09 04:00:00,0.000742,0.000742,0.000742,0.000742,0.0
2025-07-09 08:00:00,0.000742,0.000742,0.000742,0.000742,0.0
2025-07-09 12:00:00,0.000742,0.000742,0.000742,0.000742,0.0
2025-07-09 16:00:00,0.000742,0.000742,0.000742,0.000742,0.0
2025-07-09 20:00:00,0.000742,0.000742,0.000742,0.000742,0.0
2025-07-10 00:00:00,0.000742,0.000742,0.000742,0.000742,0.0
2025-07-10 04:00:00,0.000742,0.000742,0.000742,0.000742,0.0
2025-07-10 08:00:00,0.000742,0.000742,0.000742,0.000742,0.0
2025-07-10 12:00:00,0.000742,0.000742,0.000742,0.000742,0.0
2025-07-10 16:00:00,0.000742,0.000742,0.000742,0.000742,0.0
2025-07-10 20:00:00,0.000742,0.000742,0.000742,0.000742,0.0
2025-07-11 00:00:00,0.000742,0.000742,0.000742,0.000742,0.0
2025-07-11 04:00:00,0.000742,0.000742,0.000742,0.000742,0.0
2025-07-11 08:00:00,0.000742,0.000742,0.000742,0.000742,0.0
2025-07-11 12:00:00,0.000742,0.000742,0.000742,0.000742,0.0
2025-07-11 16:00:00,0.000742,0.000742,0.000742,0.000742,0.0
2025-07-11 20:00:00,0.000742,0.000742,0.000742,0.000742,0.0
2025-07-12 00:00:00,0.000742,0.000742,0.000742,0.000742,0.0
2025-07-12 04:00:00,0.000742,0.000742,0.000742,0.000742,0.0
2025-07-12 08:00:00,0.000742,0.000742,0.000742,0.000742,0.0
2025-07-12 12:00:00,0.000742,0.000742,0.000742,0.000742,0.0
2025-07-12 16:00:00,0.000742,0.000742,0.000742,0.000742,0.0
2025-07-12 20:00:00,0.000742,0.000742,0.000742,0.000742,0.0
2025-07-13 00:00:00,0.000742,0.000742,0.000742,0.000742,0.0
2025-07-13 04:00:00,0.000742,0.000742,0.000742,0.000742,0.0
2025-07-13 08:00:00,0.000742,0.000742,0.000742,0.000742,0.0
2025-07-13 12:00:00,0.000742,0.000742,0.000742,0.000742,0.0
2025-07-13 16:00:00,0.000742,0.000742,0.000742,0.000742,0.0
2025-07-13 20:00:00,0.000742,0.000742,0.000742,0.000742,0.0
2025-07-14 00:00:00,0.000742,0.000742,0.000742,0.000742,0.0
2025-07-14 04:00:00,0.000742,0.000742,0.000742,0.000742,0.0
2025-07-14 08:00:00,0.000742,0.000742,0.000742,0.000742,0.0
2025-07-14 12:00:00,0.000742,0.000742,0.000742,0.000742,0.0
2025-07-14 16:00:00,0.000742,0.000742,0.000742,0.000742,0.0
2025-07-14 20:00:00,0.000742,0.000742,0.000742,0.000742,0.0
2025-07-15 00:00:00,0.000742,0.000742,0.000742,0.000742,0.0
2025-07-15 04:00:00,0.000742,0.000742,0.000742,0.000742,0.0
2025-07-15 08:00:00,0.000742,0.000742,0.000742,0.000742,0.0
2025-07-15 12:00:00,0.000742,0.000742,0.000742,0.000742,0.0
2025-07-15 16:00:00,0.000742,0.000742,0.000742,0.000742,0.0
2025-07-15 20:00:00,0.000742,0.000742,0.000742,0.000742,0.0
2025-07-16 00:00:00,0.000742,0.000742,0.000742,0.000742,0.0
2025-07-16 04:00:00,0.000742,0.000742,0.000742,0.000742,0.0
2025-07-16 08:00:00,0.000742,0.000742,0.000742,0.000742,0.0
2025-07-16 12:00:00,0.000742,0.000742,0.000742,0.000742,0.0
2025-07-16 16:00:00,0.000742,0.000742,0.000742,0.000742,0.0
2025-07-16 20:00:00,0.000742,0.000742,0.000742,0.000742,0.0
2025-07-17 00:00:00,0.000742,0.000742,0.000742,0.000742,0.0
2025-07-17 04:00:00,0.000742,0.000742,0.000742,0.000742,0.0
2025-07-17 08:00:00,0.000742,0.000742,0.000742,0.000742,0.0
2025-07-17 12:00:00,0.000742,0.000742,0.000742,0.000742,0.0
2025-07-17 16:00:00,0.000742,0.000742,0.000742,0.000742,0.0
2025-07-17 20:00:00,0.000742,0.000742,0.000742,0.000742,0.0
2025-07-18 00:00:00,0.000742,0.000742,0.000742,0.000742,0.0
2025-07-18 04:00:00,0.000742,0.000742,0.000742,0.000742,0.0
2025-07-18 08:00:00,0.000742,0.000742,0.000742,0.000742,0.0
2025-07-18 12:00:00,0.000742,0.000742,0.000742,0.000742,0.0
2025-07-18 16:00:00,0.000742,0.000742,0.000742,0.000742,0.0
2025-07-18 20:00:00,0.000742,0.000742,0.000742,0.000742,0.0
2025-07-19 00:00:00,0.000742,0.000742,0.000742,0.000742,0.0
2025-07-19 04:00:00,0.000742,0.000742,0.000742,0.000742,0.0
2025-07-19 08:00:00,0.000742,0.000742,0.000742,0.000742,0.0
2025-07-19 12:00:00,0.000742,0.000742,0.000742,0.000742,0.0
2025-07-19 16:00:00,0.000742,0.000742,0.000742,0.000742,0.0
2025-07-19 20:00:00,0.000742,0.000742,0.000742,0.000742,0.0
2025-07-20 00:00:00,0.000742,0.000742,0.000742,0.000742,0.0
2025-07-20 04:00:00,0.000742,0.000742,0.000742,0.000742,0.0
2025-07-20 08:00:00,0.000742,0.000742,0.000742,0.000742,0.0
2025-07-20 12:00:00,0.000742,0.000742,0.000742,0.000742,0.0
2025-07-20 16:00:00,0.000742,0.000742,0.000742,0.000742,0.0
2025-07-20 20:00:00,0.000742,0.000742,0.000742,0.000742,0.0
2025-07-21 00:00:00,0.000742,0.000742,0.000742,0.000742,0.0
2025-07-21 04:00:00,0.000742,0.000742,0.000742,0.000742,0.0
2025-07-21 08:00:00,0.000742,0.000742,0.000742,0.000742,0.0
2025-07-21 12:00:00,0.000742,0.000742,0.000742,0.000742,0.0
2025-07-21 16:00:00,0.000742,0.000742,0.000742,0.000742,0.0
2025-07-21 20:00:00,0.000742,0.000742,0.000742,0.000742,0.0
2025-07-22 00:00:00,0.000742,0.000742,0.000742,0.000742,0.0
2025-07-22 04:00:00,0.000742,0.000742,0.000742,0.000742,0.0
2025-07-22 08:00:00,0.000742,0.000742,0.000742,0.000742,0.0
2025-07-22 12:00:00,0.000742,0.000742,0.000742,0.000742,0.0
2025-07-22 16:00:00,0.000742,0.000742,0.000742,0.000742,0.0
2025-07-22 20:00:00,0.000742,0.000742,0.000742,0.000742,0.0
2025-07-23 00:00:00,0.000742,0.000742,0.000742,0.000742,0.0
2025-07-23 04:00:00,0.000742,0.000742,0.000742,0.000742,0.0
2025-07-23 08:00:00,0.000742,0.000742,0.000742,0.000742,0.0
2025-07-23 12:00:00,0.000742,0.000742,0.000742,0.000742,0.0
2025-07-23 16:00:00,0.000742,0.000742,0.000742,0.000742,0.0
2025-07-23 20:00:00,0.000742,0.000742,0.000742,0.000742,0.0
2025-07-24 00:00:00,0.000742,0.000742,0.000742,0.000742,0.0
2025-07-24 04:00:00,0.000742,0.000742,0.000742,0.000742,0.0
2025-07-24 08:00:00,0.000742,0.000742,0.000742,0.000742,0.0
2025-07-24 12:00:00,0.000742,0.000742,0.000742,0.000742,0.0
2025-07-24 16:00:00,0.000742,0.000742,0.000742,0.000742,0.0
2025-07-24 20:00:00,0.000742,0.000742,0.000742,0.000742,0.0
2025-07-25 00:00:00,0.000742,0.000742,0.000742,0.000742,0.0
2025-07-25 04:00:00,0.000742,0.000742,0.000742,0.000742,0.0
2025-07-25 08:00:00,0.000742,0.000742,0.000742,0.000742,0.0
2025-07-25 12:00:00,0.000742,0.000742,0.000742,0.000742,0.0
2025-07-25 16:00:00,0.000742,0.000742,0.000742,0.000742,0.0
2025-07-25 20:00:00,0.000742,0.000742,0.000742,0.000742,0.0
2025-07-26 00:00:00,0.000742,0.000742,0.000742,0.000742,0.0
2025-07-26 04:00:00,0.000742,0.000742,0.000742,0.000742,0.0
2025-07-26 08:00:00,0.000742,0.000742,0.000742,0.000742,0.0
2025-07-26 12:00:00,0.000742,0.000742,0.000742,0.000742,0.0
2025-07-26 16:00:00,0.000742,0.000742,0.000742,0.000742,0.0
2025-07-26 20:00:00,0.000742,0.000742,0.000742,0.000742,0.0
2025-07-27 00:00:00,0.000742,0.000742,0.000742,0.000742,0.0
2025-07-27 04:00:00,0.000742,0.000742,0.000742,0.000742,0.0
2025-07-27 08:00:00,0.000742,0.000742,0.000742,0.000742,0.0
2025-07-27 12:00:00,0.000742,0.000742,0.000742,0.000742,0.0
2025-07-27 16:00:00,0.000742,0.000742,0.000742,0.000742,0.0
2025-07-27 20:00:00,0.000742,0.000742,0.000742,0.000742,0.0
2025-07-28 00:00:00,0.000742,0.000742,0.000742,0.000742,0.0
2025-07-28 04:00:00,0.000742,0.000742,0.000742,0.000742,0.0
2025-07-28 08:00:00,0.000742,0.000742,0.000742,0.000742,0.0
2025-07-28 12:00:00,0.000742,0.000742,0.000742,0.000742,0.0
2025-07-28 16:00:00,0.000742,0.000742,0.000742,0.000742,0.0
2025-07-28 20:00:00,0.000742,0.000742,0.000742,0.000742,0.0
2025-07-29 00:00:00,0.000742,0.000742,0.000742,0.000742,0.0
2025-07-29 04:00:00,0.000742,0.000742,0.000742,0.000742,0.0
2025-07-29 08:00:00,0.000742,0.000742,0.000742,0.000742,0.0
2025-07-29 12:00:00,0.000742,0.000742,0.000742,0.000742,0.0
2025-07-29 16:00:00,0.000742,0.000742,0.000742,0.000742,0.0
2025-07-29 20:00:00,0.000742,0.000742,0.000742,0.000742,0.0
2025-07-30 00:00:00,0.000742,0.000742,0.000742,0.000742,0.0
2025-07-30 04:00:00,0.000742,0.000742,0.000742,0.000742,0.0
2025-07-30 08:00:00,0.000742,0.000742,0.000742,0.000742,0.0
2025-07-30 12:00:00,0.000742,0.000742,0.000742,0.000742,0.0
2025-07-30 16:00:00,0.000742,0.000742,0.000742,0.000742,0.0
2025-07-30 20:00:00,0.000742,0.000742,0.000742,0.000742,0.0
2025-07-31 00:00:00,0.000742,0.000742,0.000742,0.000742,0.0
2025-07-31 04:00:00,0.000742,0.000742,0.000742,0.000742,0.0
2025-07-31 08:00:00,0.000742,0.000742,0.000742,0.000742,0.0
2025-07-31 12:00:00,0.000742,0.000742,0.000742,0.000742,0.0
2025-07-31 16:00:00,0.000742,0.000742,0.000742,0.000742,0.0
2025-07-31 20:00:00,0.000742,0.000742,0.000742,0.000742,0.0
2025-08-01 00:00:00,0.000742,0.000742,0.000742,0.000742,0.0
2025-08-01 04:00:00,0.000742,0.000742,0.000742,0.000742,0.0
2025-08-01 08:00:00,0.000742,0.000742,0.000742,0.000742,0.0
2025-08-01 12:00:00,0.000742,0.000742,0.000742,0.000742,0.0
2025-08-01 16:00:00,0.000742,0.000742,0.000742,0.000742,0.0
2025-08-01 20:00:00,0.000742,0.000742,0.000742,0.000742,0.0
2025-08-02 00:00:00,0.000742,0.000742,0.000742,0.000742,0.0
2025-08-02 04:00:00,0.000742,0.000742,0.000742,0.000742,0.0
2025-08-02 08:00:00,0.000742,0.000742,0.000742,0.000742,0.0
2025-08-02 12:00:00,0.000742,0.000742,0.000742,0.000742,0.0
2025-08-02 16:00:00,0.000742,0.000742,0.000742,0.000742,0.0
2025-08-02 20:00:00,0.000742,0.000742,0.000742,0.000742,0.0
2025-08-03 00:00:00,0.000742,0.000742,0.000742,0.000742,0.0
2025-08-03 04:00:00,0.000742,0.000742,0.000742,0.000742,0.0
2025-08-03 08:00:00,0.000742,0.000742,0.000742,0.000742,0.0
2025-08-03 12:00:00,0.000742,0.000742,0.000742,0.000742,0.0
2025-08-03 16:00:00,0.000742,0.000742,0.000742,0.000742,0.0
2025-08-03 20:00:00,0.000742,0.000742,0.000742,0.000742,0.0
2025-08-04 00:00:00,0.000742,0.000742,0.000742,0.000742,0.0
2025-08-04 04:00:00,0.000742,0.000742,0.000742,0.000742,0.0
2025-08-04 08:00:00,0.000742,0.000742,0.000742,0.000742,0.0
2025-08-04 12:00:00,0.000742,0.000742,0.000742,0.000742,0.0
2025-08-04 16:00:00,0.000742,0.000742,0.000742,0.000742,0.0
2025-08-04 20:00:00,0.000742,0.000742,0.000742,0.000742,0.0
2025-08-05 00:00:00,0.000742,0.000742,0.000742,0.000742,0.0
2025-08-05 04:00:00,0.000742,0.000742,0.000742,0.000742,0.0
2025-08-05 08:00:00,0.000742,0.000742,0.000742,0.000742,0.0
2025-08-05 12:00:00,0.000742,0.000742,0.000742,0.000742,0.0
2025-08-05 16:00:00,0.000742,0.000742,0.000742,0.000742,0.0
2025-08-05 20:00:00,0.000742,0.000742,0.000742,0.000742,0.0
2025-08-06 00:00:00,0.000742,0.000742,0.000742,0.000742,0.0
2025-08-06 04:00:00,0.000742,0.000742,0.000742,0.000742,0.0
2025-08-06 08:00:00,0.000742,0.000742,0.000742,0.000742,0.0
2025-08-06 12:00:00,0.000742,0.000742,0.000742,0.000742,0.0
2025-08-06 16:00:00,0.000742,0.000742,0.000742,0.000742,0.0
2025-08-06 20:00:00,0.000742,0.000742,0.000742,0.000742,0.0
2025-08-07 00:00:00,0.000742,0.000742,0.000742,0.000742,0.0
2025-08-07 04:00:00,0.000742,0.000742,0.000742,0.000742,0.0
2025-08-07 08:00:00,0.000742,0.000742,0.000742,0.000742,0.0
2025-08-07 12:00:00,0.000742,0.000742,0.000742,0.000742,0.0
2025-08-07 16:00:00,0.000742,0.000742,0.000742,0.000742,0.0
2025-08-07 20:00:00,0.000742,0.000742,0.000742,0.000742,0.0
2025-08-08 00:00:00,0.000742,0.000742,0.000742,0.000742,0.0
2025-08-08 04:00:00,0.000742,0.000742,0.000742,0.000742,0.0
2025-08-08 08:00:00,0.000742,0.000742,0.000742,0.000742,0.0
2025-08-08 12:00:00,0.000742,0.000742,0.000742,0.000742,0.0
2025-08-08 16:00:00,0.000742,0.000742,0.000742,0.000742,0.0
2025-08-08 20:00:00,0.000742,0.000742,0.000742,0.000742,0.0
2025-08-09 00:00:00,0.000742,0.000742,0.000742,0.000742,0.0
2025-08-09 04:00:00,0.000742,0.000742,0.000742,0.000742,0.0
2025-08-09 08:00:00,0.000742,0.000742,0.000742,0.000742,0.0
2025-08-09 12:00:00,0.000742,0.000742,0.000742,0.000742,0.0
2025-08-09 16:00:00,0.000742,0.000742,0.000742,0.000742,0.0
2025-08-09 20:00:00,0.000742,0.000742,0.000742,0.000742,0.0
2025-08-10 00:00:00,0.000742,0.000742,0.000742,0.000742,0.0
2025-08-10 04:00:00,0.000742,0.000742,0.000742,0.000742,0.0
2025-08-10 08:00:00,0.000742,0.000742,0.000742,0.000742,0.0
2025-08-10 12:00:00,0.000742,0.000742,0.000742,0.000742,0.0
2025-08-10 16:00:00,0.000742,0.000742,0.000742,0.000742,0.0
2025-08-10 20:00:00,0.000742,0.000742,0.000742,0.000742,0.0
2025-08-11 00:00:00,0.000742,0.000742,0.000742,0.000742,0.0
2025-08-11 04:00:00,0.000742,0.000742,0.000742,0.000742,0.0
2025-08-11 08:00:00,0.000742,0.000742,0.000742,0.000742,0.0
2025-08-11 12:00:00,0.000742,0.000742,0.000742,0.000742,0.0
2025-08-11 16:00:00,0.000742,0.000742,0.000742,0.000742,0.0
2025-08-11 20:00:00,0.000742,0.000742,0.000742,0.000742,0.0
2025-08-12 00:00:00,0.000742,0.000742,0.000742,0.000742,0.0
2025-08-12 04:00:00,0.000742,0.000742,0.000742,0.000742,0.0
2025-08-12 08:00:00,0.000742,0.000742,0.000742,0.000742,0.0
2025-08-12 12:00:00,0.000742,0.000742,0.000742,0.000742,0.0
2025-08-12 16:00:00,0.000742,0.000742,0.000742,0.000742,0.0
2025-08-12 20:00:00,0.000742,0.000742,0.000742,0.000742,0.0
2025-08-13 00:00:00,0.000742,0.000742,0.000742,0.000742,0.0
2025-08-13 04:00:00,0.000742,0.000742,0.000742,0.000742,0.0
2025-08-13 08:00:00,0.000742,0.000742,0.000742,0.000742,0.0
2025-08-13 12:00:00,0.000742,0.000742,0.000742,0.000742,0.0
2025-08-13 16:00:00,0.000742,0.000742,0.000742,0.000742,0.0
2025-08-13 20:00:00,0.000742,0.000742,0.000742,0.000742,0.0
2025-08-14 00:00:00,0.000742,0.000742,0.000742,0.000742,0.0
2025-08-14 04:00:00,0.000742,0.000742,0.000742,0.000742,0.0
2025-08-14 08:00:00,0.000742,0.000742,0.000742,0.000742,0.0
2025-08-14 12:00:00,0.000742,0.000742,0.000742,0.000742,0.0
2025-08-14 16:00:00,0.000742,0.000742,0.000742,0.000742,0.0
2025-08-14 20:00:00,0.000742,0.000742,0.000742,0.000742,0.0
2025-08-15 00:00:00,0.000742,0.000742,0.000742,0.000742,0.0
2025-08-15 04:00:00,0.000742,0.000742,0.000742,0.000742,0.0
2025-08-15 08:00:00,0.000742,0.000742,0.000742,0.000742,0.0
2025-08-15 12:00:00,0.000742,0.000742,0.000742,0.000742,0.0
2025-08-15 16:00:00,0.000742,0.000742,0.000742,0.000742,0.0
2025-08-15 20:00:00,0.000742,0.000742,0.000742,0.000742,0.0
2025-08-16 00:00:00,0.000742,0.000742,0.000742,0.000742,0.0
2025-08-16 04:00:00,0.000742,0.000742,0.000742,0.000742,0.0
2025-08-16 08:00:00,0.000742,0.000742,0.000742,0.000742,0.0
2025-08-16 12:00:00,0.000742,0.000742,0.000742,0.000742,0.0
2025-08-16 16:00:00,0.000742,0.000742,0.000742,0.000742,0.0
2025-08-16 20:00:00,0.000742,0.000742,0.000742,0.000742,0.0
2025-08-17 00:00:00,0.000742,0.000742,0.000742,0.000742,0.0
2025-08-17 04:00:00,0.000742,0.000742,0.000742,0.000742,0.0
2025-08-17 08:00:00,0.000742,0.000742,0.000742,0.000742,0.0
2025-08-17 12:00:00,0.000742,0.000742,0.000742,0.000742,0.0
2025-08-17 16:00:00,0.000742,0.000742,0.000742,0.000742,0.0
2025-08-17 20:00:00,0.000742,0.000742,0.000742,0.000742,0.0
2025-08-18 00:00:00,0.000742,0.000742,0.000742,0.000742,0.0
2025-08-18 04:00:00,0.000742,0.000742,0.000742,0.000742,0.0
2025-08-18 08:00:00,0.000742,0.000742,0.000742,0.000742,0.0
2025-08-18 12:00:00,0.000742,0.000742,0.000742,0.000742,0.0
2025-08-18 16:00:00,0.000742,0.000742,0.000742,0.000742,0.0
2025-08-18 20:00:00,0.000742,0.000742,0.000742,0.000742,0.0
2025-08-19 00:00:00,0.000742,0.000742,0.000742,0.000742,0.0
2025-08-19 04:00:00,0.000742,0.000742,0.000742,0.000742,0.0
2025-08-19 08:00:00,0.000742,0.000742,0.000742,0.000742,0.0
2025-08-19 12:00:00,0.000742,0.000742,0.000742,0.000742,0.0
2025-08-19 16:00:00,0.000742,0.000742,0.000742,0.000742,0.0
2025-08-19 20:00:00,0.000742,0.000742,0.000742,0.000742,0.0
2025-08-20 00:00:00,0.000742,0.000742,0.000742,0.000742,0.0
2025-08-20 04:00:00,0.000742,0.000742,0.000742,0.000742,0.0
2025-08-20 08:00:00,0.000742,0.000742,0.000742,0.000742,0.0
2025-08-20 12:00:00,0.000742,0.000742,0.000742,0.000742,0.0
2025-08-20 16:00:00,0.000742,0.000742,0.000742,0.000742,0.0
2025-08-20 20:00:00,0.000742,0.000742,0.000742,0.000742,0.0
2025-08-21 00:00:00,0.000742,0.000742,0.000742,0.000742,0.0
2025-08-21 04:00:00,0.000742,0.000742,0.000742,0.000742,0.0
2025-08-21 08:00:00,0.000742,0.000742,0.000742,0.000742,0.0
2025-08-21 12:00:00,0.000742,0.000742,0.000742,0.000742,0.0
2025-08-21 16:00:00,0.000742,0.000742,0.000742,0.000742,0.0
2025-08-21 20:00:00,0.000742,0.000742,0.000742,0.000742,0.0
2025-08-22 00:00:00,0.000742,0.000742,0.000742,0.000742,0.0
2025-08-22 04:00:00,0.000742,0.000742,0.000742,0.000742,0.0
2025-08-22 08:00:00,0.000742,0.000742,0.000742,0.000742,0.0
2025-08-22 12:00:00,0.000742,0.000742,0.000742,0.000742,0.0
2025-08-22 16:00:00,0.000742,0.000742,0.000742,0.000742,0.0
2025-08-22 20:00:00,0.000742,0.000742,0.000742,0.000742,0.0
2025-08-23 00:00:00,0.000742,0.000742,0.000742,0.000742,0.0
2025-08-23 04:00:00,0.000742,0.000742,0.000742,0.000742,0.0
2025-08-23 08:00:00,0.000742,0.000742,0.000742,0.000742,0.0
2025-08-23 12:00:00,0.000742,0.000742,0.000742,0.000742,0.0
2025-08-23 16:00:00,0.000742,0.000742,0.000742,0.000742,0.0
2025-08-23 20:00:00,0.000742,0.000742,0.000742,0.000742,0.0
2025-08-24 00:00:00,0.000742,0.000742,0.000742,0.000742,0.0
2025-08-24 04:00:00,0.000742,0.000742,0.000742,0.000742,0.0
2025-08-24 08:00:00,0.000742,0.000742,0.000742,0.000742,0.0
2025-08-24 12:00:00,0.000742,0.000742,0.000742,0.000742,0.0
2025-08-24 16:00:00,0.000742,0.000742,0.000742,0.000742,0.0
2025-08-24 20:00:00,0.000742,0.000742,0.000742,0.000742,0.0
2025-08-25 00:00:00,0.000742,0.000742,0.000742,0.000742,0.0
2025-08-25 04:00:00,0.000742,0.000742,0.000742,0.000742,0.0
2025-08-25 08:00:00,0.000742,0.000742,0.000742,0.000742,0.0
2025-08-25 12:00:00,0.000742,0.000742,0.000742,0.000742,0.0
2025-08-25 16:00:00,0.000742,0.000742,0.000742,0.000742,0.0
2025-08-25 20:00:00,0.000742,0.000742,0.000742,0.000742,0.0
2025-08-26 00:00:00,0.000742,0.000742,0.000742,0.000742,0.0
2025-08-26 04:00:00,0.000742,0.000742,0.000742,0.000742,0.0
2025-08-26 08:00:00,0.000742,0.000742,0.000742,0.000742,0.0
2025-08-26 12:00:00,0.000742,0.000742,0.000742,0.000742,0.0
2025-08-26 16:00:00,0.000742,0.000742,0.000742,0.000742,0.0
2025-08-26 20:00:00,0.000742,0.000742,0.000742,0.000742,0.0
2025-08-27 00:00:00,0.000742,0.000742,0.000742,0.000742,0.0
2025-08-27 04:00:00,0.000742,0.000742,0.000742,0.000742,0.0
2025-08-27 08:00:00,0.000742,0.000742,0.000742,0.000742,0.0
2025-08-27 12:00:00,0.000742,0.000742,0.000742,0.000742,0.0
2025-08-27 16:00:00,0.000742,0.000742,0.000742,0.000742,0.0
2025-08-27 20:00:00,0.000742,0.000742,0.000742,0.000742,0.0
2025-08-28 00:00:00,0.000742,0.000742,0.000742,0.000742,0.0
2025-08-28 04:00:00,0.000742,0.000742,0.000742,0.000742,0.0
2025-08-28 08:00:00,0.000742,0.000742,0.000742,0.000742,0.0
2025-08-28 12:00:00,0.000742,0.000742,0.000742,0.000742,0.0
2025-08-28 16:00:00,0.000742,0.000742,0.000742,0.000742,0.0
2025-08-28 20:00:00,0.000742,0.000742,0.000742,0.000742,0.0
2025-08-29 00:00:00,0.000742,0.000742,0.000742,0.000742,0.0
2025-08-29 04:00:00,0.000742,0.000742,0.000742,0.000742,0.0
2025-08-29 08:00:00,0.000742,0.000742,0.000742,0.000742,0.0
2025-08-29 12:00:00,0.000742,0.000742,0.000742,0.000742,0.0
2025-08-29 16:00:00,0.000742,0.000742,0.000742,0.000742,0.0
2025-08-29 20:00:00,0.000742,0.000742,0.000742,0.000742,0.0
2025-08-30 00:00:00,0.000742,0.000742,0.000742,0.000742,0.0
2025-08-30 04:00:00,0.000742,0.000742,0.000742,0.000742,0.0
2025-08-30 08:00:00,0.000742,0.000742,0.000742,0.000742,0.0
2025-08-30 12:00:00,0.000742,0.000742,0.000742,0.000742,0.0
2025-08-30 16:00:00,0.000742,0.000742,0.000742,0.000742,0.0
2025-08-30 20:00:00,0.000742,0.000742,0.000742,0.000742,0.0
2025-08-31 00:00:00,0.000742,0.000742,0.000742,0.000742,0.0
2025-08-31 04:00:00,0.000742,0.000742,0.000742,0.000742,0.0
2025-08-31 08:00:00,0.000742,0.000742,0.000742,0.000742,0.0
2025-08-31 12:00:00,0.000742,0.000742,0.000742,0.000742,0.0
2025-08-31 16:00:00,0.000742,0.000742,0.000742,0.000742,0.0
2025-08-31 20:00:00,0.000742,0.000742,0.000742,0.000742,0.0
2025-09-01 00:00:00,0.000742,0.000742,0.000742,0.000742,0.0
2025-09-01 04:00:00,0.000742,0.000742,0.000742,0.000742,0.0
2025-09-01 08:00:00,0.000742,0.000742,0.000742,0.000742,0.0
2025-09-01 12:00:00,0.000742,0.000742,0.000742,0.000742,0.0
2025-09-01 16:00:00,0.000742,0.000742,0.000742,0.000742,0.0
2025-09-01 20:00:00,0.000742,0.000742,0.000742,0.000742,0.0
2025-09-02 00:00:00,0.000742,0.000742,0.000742,0.000742,0.0
2025-09-02 04:00:00,0.000742,0.000742,0.000742,0.000742,0.0
2025-09-02 08:00:00,0.000742,0.000742,0.000742,0.000742,0.0
2025-09-02 12:00:00,0.000742,0.000742,0.000742,0.000742,0.0
2025-09-02 16:00:00,0.000742,0.000742,0.000742,0.000742,0.0
2025-09-02 20:00:00,0.000742,0.000742,0.000742,0.000742,0.0
2025-09-03 00:00:00,0.000742,0.000742,0.000742,0.000742,0.0
2025-09-03 04:00:00,0.000742,0.000742,0.000742,0.000742,0.0
2025-09-03 08:00:00,0.000742,0.000742,0.000742,0.000742,0.0
2025-09-03 12:00:00,0.000742,0.000742,0.000742,0.000742,0.0
2025-09-03 16:00:00,0.000742,0.000742,0.000742,0.000742,0.0
2025-09-03 20:00:00,0.000742,0.000742,0.000742,0.000742,0.0
2025-09-04 00:00:00,0.000742,0.000742,0.000742,0.000742,0.0
2025-09-04 04:00:00,0.000742,0.000742,0.000742,0.000742,0.0
2025-09-04 08:00:00,0.000742,0.000742,0.000742,0.000742,0.0
2025-09-04 12:00:00,0.000742,0.000742,0.000742,0.000742,0.0
2025-09-04 16:00:00,0.000742,0.000742,0.000742,0.000742,0.0
2025-09-04 20:00:00,0.000742,0.000742,0.000742,0.000742,0.0
2025-09-05 00:00:00,0.000742,0.000742,0.000742,0.000742,0.0
2025-09-05 04:00:00,0.000742,0.000742,0.000742,0.000742,0.0
2025-09-05 08:00:00,0.000742,0.000742,0.000742,0.000742,0.0
2025-09-05 12:00:00,0.000742,0.000742,0.000742,0.000742,0.0
2025-09-05 16:00:00,0.000742,0.000742,0.000742,0.000742,0.0
2025-09-05 20:00:00,0.000742,0.000742,0.000742,0.000742,0.0
2025-09-06 00:00:00,0.000742,0.000742,0.000742,0.000742,0.0
2025-09-06 04:00:00,0.000742,0.000742,0.000742,0.000742,0.0
2025-09-06 08:00:00,0.000742,0.000742,0.000742,0.000742,0.0
2025-09-06 12:00:00,0.000742,0.000742,0.000742,0.000742,0.0
2025-09-06 16:00:00,0.000742,0.000742,0.000742,0.000742,0.0
2025-09-06 20:00:00,0.000742,0.000742,0.000742,0.000742,0.0
2025-09-07 00:00:00,0.000742,0.000742,0.000742,0.000742,0.0
2025-09-07 04:00:00,0.000742,0.000742,0.000742,0.000742,0.0
2025-09-07 08:00:00,0.000742,0.000742,0.000742,0.000742,0.0
2025-09-07 12:00:00,0.000742,0.000742,0.000742,0.000742,0.0
2025-09-07 16:00:00,0.000742,0.000742,0.000742,0.000742,0.0
2025-09-07 20:00:00,0.000742,0.000742,0.000742,0.000742,0.0
2025-09-08 00:00:00,0.000742,0.000742,0.000742,0.000742,0.0
2025-09-08 04:00:00,0.000742,0.000742,0.000742,0.000742,0.0
2025-09-08 08:00:00,0.000742,0.000742,0.000742,0.000742,0.0
2025-09-08 12:00:00,0.000742,0.000742,0.000742,0.000742,0.0
2025-09-08 16:00:00,0.000742,0.000742,0.000742,0.000742,0.0
2025-09-08 20:00:00,0.000742,0.000742,0.000742,0.000742,0.0
2025-09-09 00:00:00,0.000742,0.000742,0.000742,0.000742,0.0
2025-09-09 04:00:00,0.000742,0.000742,0.000742,0.000742,0.0
2025-09-09 08:00:00,0.000742,0.000742,0.000742,0.000742,0.0
2025-09-09 12:00:00,0.000742,0.000742,0.000742,0.000742,0.0
2025-09-09 16:00:00,0.000742,0.000742,0.000742,0.000742,0.0
2025-09-09 20:00:00,0.000742,0.000742,0.000742,0.000742,0.0
2025-09-10 00:00:00,0.000742,0.000742,0.000742,0.000742,0.0
2025-09-10 04:00:00,0.000742,0.000742,0.000742,0.000742,0.0
2025-09-10 08:00:00,0.000742,0.000742,0.000742,0.000742,0.0
2025-09-10 12:00:00,0.000742,0.000742,0.000742,0.000742,0.0
2025-09-10 16:00:00,0.000742,0.000742,0.000742,0.000742,0.0
2025-09-10 20:00:00,0.000742,0.000742,0.000742,0.000742,0.0
2025-09-11 00:00:00,0.000742,0.000742,0.000742,0.000742,0.0
2025-09-11 04:00:00,0.000742,0.000742,0.000742,0.000742,0.0
2025-09-11 08:00:00,0.000742,0.000742,0.000742,0.000742,0.0
2025-09-11 12:00:00,0.000742,0.000742,0.000742,0.000742,0.0
2025-09-11 16:00:00,0.000742,0.000742,0.000742,0.000742,0.0
2025-09-11 20:00:00,0.000742,0.000742,0.000742,0.000742,0.0
2025-09-12 00:00:00,0.000742,0.000742,0.000742,0.000742,0.0
2025-09-12 04:00:00,0.000742,0.000742,0.000742,0.000742,0.0
2025-09-12 08:00:00,0.000742,0.000742,0.000742,0.000742,0.0
2025-09-12 12:00:00,0.000742,0.000742,0.000742,0.000742,0.0
2025-09-12 16:00:00,0.000742,0.000742,0.000742,0.000742,0.0
2025-09-12 20:00:00,0.000742,0.000742,0.000742,0.000742,0.0
2025-09-13 00:00:00,0.000742,0.000742,0.000742,0.000742,0.0
2025-09-13 04:00:00,0.000742,0.000742,0.000742,0.000742,0.0
2025-09-13 08:00:00,0.000742,0.000742,0.000742,0.000742,0.0
2025-09-13 12:00:00,0.000742,0.000742,0.000742,0.000742,0.0
2025-09-13 16:00:00,0.000742,0.000742,0.000742,0.000742,0.0
2025-09-13 20:00:00,0.000742,0.000742,0.000742,0.000742,0.0
2025-09-14 00:00:00,0.000742,0.000742,0.000742,0.000742,0.0
2025-09-14 04:00:00,0.000742,0.000742,0.000742,0.000742,0.0
2025-09-14 08:00:00,0.000742,0.000742,0.000742,0.000742,0.0
2025-09-14 12:00:00,0.000742,0.000742,0.000742,0.000742,0.0
2025-09-14 16:00:00,0.000742,0.000742,0.000742,0.000742,0.0
2025-09-14 20:00:00,0.000742,0.000742,0.000742,0.000742,0.0
2025-09-15 00:00:00,0.000742,0.000742,0.000742,0.000742,0.0
2025-09-15 04:00:00,0.000742,0.000742,0.000742,0.000742,0.0
2025-09-15 08:00:00,0.000742,0.000742,0.000742,0.000742,0.0
2025-09-15 12:00:00,0.000742,0.000742,0.000742,0.000742,0.0
2025-09-15 16:00:00,0.000742,0.000742,0.000742,0.000742,0.0
2025-09-15 20:00:00,0.000742,0.000742,0.000742,0.000742,0.0
2025-09-16 00:00:00,0.000742,0.000742,0.000742,0.000742,0.0
2025-09-16 04:00:00,0.000742,0.000742,0.000742,0.000742,0.0
2025-09-16 08:00:00,0.000742,0.000742,0.000742,0.000742,0.0
2025-09-16 12:00:00,0.000742,0.000742,0.000742,0.000742,0.0
2025-09-16 16:00:00,0.000742,0.000742,0.000742,0.000742,0.0
2025-09-16 20:00:00,0.000742,0.000742,0.000742,0.000742,0.0
2025-09-17 00:00:00,0.000742,0.000742,0.000742,0.000742,0.0
2025-09-17 04:00:00,0.000742,0.000742,0.000742,0.000742,0.0
2025-09-17 08:00:00,0.000742,0.000742,0.000742,0.000742,0.0
2025-09-17 12:00:00,0.000742,0.000742,0.000742,0.000742,0.0
2025-09-17 16:00:00,0.000742,0.000742,0.000742,0.000742,0.0
2025-09-17 20:00:00,0.000742,0.000742,0.000742,0.000742,0.0
2025-09-18 00:00:00,0.000742,0.000742,0.000742,0.000742,0.0
2025-09-18 04:00:00,0.000742,0.000742,0.000742,0.000742,0.0
2025-09-18 08:00:00,0.000742,0.000742,0.000742,0.000742,0.0
2025-09-18 12:00:00,0.000742,0.000742,0.000742,0.000742,0.0
2025-09-18 16:00:00,0.000742,0.000742,0.000742,0.000742,0.0
2025-09-18 20:00:00,0.000742,0.000742,0.000742,0.000742,0.0
2025-09-19 00:00:00,0.000742,0.000742,0.000742,0.000742,0.0
2025-09-19 04:00:00,0.000742,0.000742,0.000742,0.000742,0.0
2025-09-19 08:00:00,0.000742,0.000742,0.000742,0.000742,0.0
2025-09-19 12:00:00,0.000742,0.000742,0.000742,0.000742,0.0
2025-09-19 16:00:00,0.000742,0.000742,0.000742,0.000742,0.0
2025-09-19 20:00:00,0.000742,0.000742,0.000742,0.000742,0.0
2025-09-20 00:00:00,0.000742,0.000742,0.000742,0.000742,0.0
2025-09-20 04:00:00,0.000742,0.000742,0.000742,0.000742,0.0
2025-09-20 08:00:00,0.000742,0.000742,0.000742,0.000742,0.0
2025-09-20 12:00:00,0.000742,0.000742,0.000742,0.000742,0.0
2025-09-20 16:00:00,0.000742,0.000742,0.000742,0.000742,0.0
2025-09-20 20:00:00,0.000742,0.000742,0.000742,0.000742,0.0
2025-09-21 00:00:00,0.000742,0.000742,0.000742,0.000742,0.0
2025-09-21 04:00:00,0.000742,0.000742,0.000742,0.000742,0.0
2025-09-21 08:00:00,0.000742,0.000742,0.000742,0.000742,0.0
2025-09-21 12:00:00,0.000742,0.000742,0.000742,0.000742,0.0
2025-09-21 16:00:00,0.000742,0.000742,0.000742,0.000742,0.0
2025-09-21 20:00:00,0.000742,0.000742,0.000742,0.000742,0.0
2025-09-22 00:00:00,0.000742,0.000742,0.000742,0.000742,0.0
2025-09-22 04:00:00,0.000742,0.000742,0.000742,0.000742,0.0
2025-09-22 08:00:00,0.000742,0.000742,0.000742,0.000742,0.0
2025-09-22 12:00:00,0.000742,0.000742,0.000742,0.000742,0.0
2025-09-22 16:00:00,0.000742,0.000742,0.000742,0.000742,0.0
2025-09-22 20:00:00,0.000742,0.000742,0.000742,0.000742,0.0
2025-09-23 00:00:00,0.000742,0.000742,0.000742,0.000742,0.0
2025-09-23 04:00:00,0.000742,0.000742,0.000742,0.000742,0.0
2025-09-23 08:00:00,0.000742,0.000742,0.000742,0.000742,0.0
2025-09-23 12:00:00,0.000742,0.000742,0.000742,0.000742,0.0
2025-09-23 16:00:00,0.000742,0.000742,0.000742,0.000742,0.0
2025-09-23 20:00:00,0.000742,0.000742,0.000742,0.000742,0.0
2025-09-24 00:00:00,0.000742,0.000742,0.000742,0.000742,0.0
2025-09-24 04:00:00,0.000742,0.000742,0.000742,0.000742,0.0
2025-09-24 08:00:00,0.000742,0.000742,0.000742,0.000742,0.0
2025-09-24 12:00:00,0.000742,0.000742,0.000742,0.000742,0.0
2025-09-24 16:00:00,0.000742,0.000742,0.000742,0.000742,0.0
2025-09-24 20:00:00,0.000742,0.000742,0.000742,0.000742,0.0
2025-09-25 00:00:00,0.000742,0.000742,0.000742,0.000742,0.0
2025-09-25 04:00:00,0.000742,0.000742,0.000742,0.000742,0.0
2025-09-25 08:00:00,0.000742,0.000742,0.000742,0.000742,0.0
2025-09-25 12:00:00,0.000742,0.000742,0.000742,0.000742,0.0
2025-09-25 16:00:00,0.000742,0.000742,0.000742,0.000742,0.0
2025-09-25 20:00:00,0.000742,0.000742,0.000742,0.000742,0.0
2025-09-26 00:00:00,0.000742,0.000742,0.000742,0.000742,0.0
2025-09-26 04:00:00,0.000742,0.000742,0.000742,0.000742,0.0
2025-09-26 08:00:00,0.000742,0.000742,0.000742,0.000742,0.0
2025-09-26 12:00:00,0.000742,0.000742,0.000742,0.000742,0.0
2025-09-26 16:00:00,0.000742,0.000742,0.000742,0.000742,0.0
2025-09-26 20:00:00,0.000742,0.000742,0.000742,0.000742,0.0
2025-09-27 00:00:00,0.000742,0.000742,0.000742,0.000742,0.0
2025-09-27 04:00:00,0.000742,0.000742,0.000742,0.000742,0.0
2025-09-27 08:00:00,0.000742,0.000742,0.000742,0.000742,0.0
2025-09-27 12:00:00,0.000742,0.000742,0.000742,0.000742,0.0
2025-09-27 16:00:00,0.000742,0.000742,0.000742,0.000742,0.0
2025-09-27 20:00:00,0.000742,0.000742,0.000742,0.000742,0.0
2025-09-28 00:00:00,0.000742,0.000742,0.000742,0.000742,0.0
2025-09-28 04:00:00,0.000742,0.000742,0.000742,0.000742,0.0
2025-09-28 08:00:00,0.000742,0.000742,0.000742,0.000742,0.0
2025-09-28 12:00:00,0.000742,0.000742,0.000742,0.000742,0.0
2025-09-28 16:00:00,0.000742,0.000742,0.000742,0.000742,0.0
2025-09-28 20:00:00,0.000742,0.000742,0.000742,0.000742,0.0
2025-09-29 00:00:00,0.000742,0.000742,0.000742,0.000742,0.0
2025-09-29 04:00:00,0.000742,0.000742,0.000742,0.000742,0.0
2025-09-29 08:00:00,0.000742,0.000742,0.000742,0.000742,0.0
2025-09-29 12:00:00,0.000742,0.000742,0.000742,0.000742,0.0
2025-09-29 16:00:00,0.000742,0.000742,0.000742,0.000742,0.0
2025-09-29 20:00:00,0.000742,0.000742,0.000742,0.000742,0.0
2025-09-30 00:00:00,0.000742,0.000742,0.000742,0.000742,0.0
2025-09-30 04:00:00,0.000742,0.000742,0.000742,0.000742,0.0
2025-09-30 08:00:00,0.000742,0.000742,0.000742,0.000742,0.0
2025-09-30 12:00:00,0.000742,0.000742,0.000742,0.000742,0.0
2025-09-30 16:00:00,0.000742,0.000742,0.000742,0.000742,0.0
2025-09-30 20:00:00,0.000742,0.000742,0.000742,0.000742,0.0
2025-10-01 00:00:00,0.000742,0.000742,0.000742,0.000742,0.0
2025-10-01 04:00:00,0.000742,0.000742,0.000742,0.000742,0.0
2025-10-01 08:00:00,0.000742,0.000742,0.000742,0.000742,0.0
2025-10-01 12:00:00,0.000742,0.000742,0.000742,0.000742,0.0
2025-10-01 16:00:00,0.000742,0.000742,0.000742,0.000742,0.0
2025-10-01 20:00:00,0.000742,0.000742,0.000742,0.000742,0.0
2025-10-02 00:00:00,0.000742,0.000742,0.000742,0.000742,0.0
2025-10-02 04:00:00,0.000742,0.000742,0.000742,0.000742,0.0
2025-10-02 08:00:00,0.000742,0.000742,0.000742,0.000742,0.0
2025-10-02 12:00:00,0.000742,0.000742,0.000742,0.000742,0.0
2025-10-02 16:00:00,0.000742,0.000742,0.000742,0.000742,0.0
2025-10-02 20:00:00,0.000742,0.000742,0.000742,0.000742,0.0
2025-10-03 00:00:00,0.000742,0.000742,0.000742,0.000742,0.0
2025-10-03 04:00:00,0.000742,0.000742,0.000742,0.000742,0.0
2025-10-03 08:00:00,0.000742,0.000742,0.000742,0.000742,0.0
2025-10-03 12:00:00,0.000742,0.000742,0.000742,0.000742,0.0
2025-10-03 16:00:00,0.000742,0.000742,0.000742,0.000742,0.0
2025-10-03 20:00:00,0.000742,0.000742,0.000742,0.000742,0.0
2025-10-04 00:00:00,0.000742,0.000742,0.000742,0.000742,0.0
2025-10-04 04:00:00,0.000742,0.000742,0.000742,0.000742,0.0
2025-10-04 08:00:00,0.000742,0.000742,0.000742,0.000742,0.0
2025-10-04 12:00:00,0.000742,0.000742,0.000742,0.000742,0.0
2025-10-04 16:00:00,0.000742,0.000742,0.000742,0.000742,0.0
2025-10-04 20:00:00,0.000742,0.000742,0.000742,0.000742,0.0
2025-10-05 00:00:00,0.000742,0.000742,0.000742,0.000742,0.0
2025-10-05 04:00:00,0.000742,0.000742,0.000742,0.000742,0.0
2025-10-05 08:00:00,0.000742,0.000742,0.000742,0.000742,0.0
2025-10-05 12:00:00,0.000742,0.000742,0.000742,0.000742,0.0
2025-10-05 16:00:00,0.000742,0.000742,0.000742,0.000742,0.0
2025-10-05 20:00:00,0.000742,0.000742,0.000742,0.000742,0.0
2025-10-06 00:00:00,0.000742,0.000742,0.000742,0.000742,0.0
2025-10-06 04:00:00,0.000742,0.000742,0.000742,0.000742,0.0
2025-10-06 08:00:00,0.000742,0.000742,0.000742,0.000742,0.0
2025-10-06 12:00:00,0.000742,0.000742,0.000742,0.000742,0.0
2025-10-06 16:00:00,0.000742,0.000742,0.000742,0.000742,0.0
2025-10-06 20:00:00,0.000742,0.000742,0.000742,0.000742,0.0
2025-10-07 00:00:00,0.000742,0.000742,0.000742,0.000742,0.0
2025-10-07 04:00:00,0.000742,0.000742,0.000742,0.000742,0.0
2025-10-07 08:00:00,0.000742,0.000742,0.000742,0.000742,0.0
2025-10-07 12:00:00,0.000742,0.000742,0.000742,0.000742,0.0
2025-10-07 16:00:00,0.000742,0.000742,0.000742,0.000742,0.0
2025-10-07 20:00:00,0.000742,0.000742,0.000742,0.000742,0.0
2025-10-08 00:00:00,0.000742,0.000742,0.000742,0.000742,0.0
2025-10-08 04:00:00,0.000742,0.000742,0.000742,0.000742,0.0
2025-10-08 08:00:00,0.000742,0.000742,0.000742,0.000742,0.0
2025-10-08 12:00:00,0.000742,0.000742,0.000742,0.000742,0.0
2025-10-08 16:00:00,0.000742,0.000742,0.000742,0.000742,0.0
2025-10-08 20:00:00,0.000742,0.000742,0.000742,0.000742,0.0
2025-10-09 00:00:00,0.000742,0.000742,0.000742,0.000742,0.0
2025-10-09 04:00:00,0.000742,0.000742,0.000742,0.000742,0.0
2025-10-09 08:00:00,0.000742,0.000742,0.000742,0.000742,0.0
2025-10-09 12:00:00,0.000742,0.000742,0.000742,0.000742,0.0
2025-10-09 16:00:00,0.000742,0.000742,0.000742,0.000742,0.0
2025-10-09 20:00:00,0.000742,0.000742,0.000742,0.000742,0.0
2025-10-10 00:00:00,0.000742,0.000742,0.000742,0.000742,0.0
2025-10-10 04:00:00,0.000742,0.000742,0.000742,0.000742,0.0
2025-10-10 08:00:00,0.000742,0.000742,0.000742,0.000742,0.0
2025-10-10 12:00:00,0.000742,0.000742,0.000742,0.000742,0.0
2025-10-10 16:00:00,0.000742,0.000742,0.000742,0.000742,0.0
2025-10-10 20:00:00,0.000742,0.000742,0.000742,0.000742,0.0
2025-10-11 00:00:00,0.000742,0.000742,0.000742,0.000742,0.0
2025-10-11 04:00:00,0.000742,0.000742,0.000742,0.000742,0.0
2025-10-11 08:00:00,0.000742,0.000742,0.000742,0.000742,0.0
2025-10-11 12:00:00,0.000742,0.000742,0.000742,0.000742,0.0
2025-10-11 16:00:00,0.000742,0.000742,0.000742,0.000742,0.0
2025-10-11 20:00:00,0.000742,0.000742,0.000742,0.000742,0.0
2025-10-12 00:00:00,0.000742,0.000742,0.000742,0.000742,0.0
2025-10-12 04:00:00,0.000742,0.000742,0.000742,0.000742,0.0
2025-10-12 08:00:00,0.000742,0.000742,0.000742,0.000742,0.0
2025-10-12 12:00:00,0.000742,0.000742,0.000742,0.000742,0.0
2025-10-12 16:00:00,0.000742,0.000742,0.000742,0.000742,0.0
2025-10-12 20:00:00,0.000742,0.000742,0.000742,0.000742,0.0
2025-10-13 00:00:00,0.000742,0.000742,0.000742,0.000742,0.0
2025-10-13 04:00:00,0.000742,0.000742,0.000742,0.000742,0.0
2025-10-13 08:00:00,0.000742,0.000742,0.000742,0.000742,0.0
2025-10-13 12:00:00,0.000742,0.000742,0.000742,0.000742,0.0
2025-10-13 16:00:00,0.000742,0.000742,0.000742,0.000742,0.0
2025-10-13 20:00:00,0.000742,0.000742,0.000742,0.000742,0.0
2025-10-14 00:00:00,0.000742,0.000742,0.000742,0.000742,0.0
2025-10-14 04:00:00,0.000742,0.000742,0.000742,0.000742,0.0
2025-10-14 08:00:00,0.000742,0.000742,0.000742,0.000742,0.0
2025-10-14 12:00:00,0.000742,0.000742,0.000742,0.000742,0.0
2025-10-14 16:00:00,0.000742,0.000742,0.000742,0.000742,0.0
2025-10-14 20:00:00,0.000742,0.000742,0.000742,0.000742,0.0
2025-10-15 00:00:00,0.000742,0.000742,0.000742,0.000742,0.0
2025-10-15 04:00:00,0.000742,0.000742,0.000742,0.000742,0.0
2025-10-15 08:00:00,0.000742,0.000742,0.000742,0.000742,0.0
2025-10-15 12:00:00,0.000742,0.000742,0.000742,0.000742,0.0
2025-10-15 16:00:00,0.000742,0.000742,0.000742,0.000742,0.0
2025-10-15 20:00:00,0.000742,0.000742,0.000742,0.000742,0.0
2025-10-16 00:00:00,0.000742,0.000742,0.000742,0.000742,0.0
2025-10-16 04:00:00,0.000742,0.000742,0.000742,0.000742,0.0
2025-10-16 08:00:00,0.000742,0.000742,0.000742,0.000742,0.0
2025-10-16 12:00:00,0.000742,0.000742,0.000742,0.000742,0.0
2025-10-16 16:00:00,0.000742,0.000742,0.000742,0.000742,0.0
2025-10-16 20:00:00,0.000742,0.000742,0.000742,0.000742,0.0
2025-10-17 00:00:00,0.000742,0.000742,0.000742,0.000742,0.0
2025-10-17 04:00:00,0.000742,0.000742,0.000742,0.000742,0.0
2025-10-17 08:00:00,0.000742,0.000742,0.000742,0.000742,0.0
2025-10-17 12:00:00,0.000742,0.000742,0.000742,0.000742,0.0
2025-10-17 16:00:00,0.000742,0.000742,0.000742,0.000742,0.0
2025-10-17 20:00:00,0.000742,0.000742,0.000742,0.000742,0.0
2025-10-18 00:00:00,0.000742,0.000742,0.000742,0.000742,0.0
2025-10-18 04:00:00,0.000742,0.000742,0.000742,0.000742,0.0
2025-10-18 08:00:00,0.000742,0.000742,0.000742,0.000742,0.0
2025-10-18 12:00:00,0.000742,0.000742,0.000742,0.000742,0.0
2025-10-18 16:00:00,0.000742,0.000742,0.000742,0.000742,0.0
2025-10-18 20:00:00,0.000742,0.000742,0.000742,0.000742,0.0
2025-10-19 00:00:00,0.000742,0.000742,0.000742,0.000742,0.0
2025-10-19 04:00:00,0.000742,0.000742,0.000742,0.000742,0.0
2025-10-19 08:00:00,0.000742,0.000742,0.000742,0.000742,0.0
2025-10-19 12:00:00,0.000742,0.000742,0.000742,0.000742,0.0
2025-10-19 16:00:00,0.000742,0.000742,0.000742,0.000742,0.0
2025-10-19 20:00:00,0.000742,0.000742,0.000742,0.000742,0.0
2025-10-20 00:00:00,0.000742,0.000742,0.000742,0.000742,0.0
2025-10-20 04:00:00,0.000742,0.000742,0.000742,0.000742,0.0
2025-10-20 08:00:00,0.000742,0.000742,0.000742,0.000742,0.0
2025-10-20 12:00:00,0.000742,0.000742,0.000742,0.000742,0.0
2025-10-20 16:00:00,0.000742,0.000742,0.000742,0.000742,0.0
2025-10-20 20:00:00,0.000742,0.000742,0.000742,0.000742,0.0
2025-10-21 00:00:00,0.000742,0.000742,0.000742,0.000742,0.0
2025-10-21 04:00:00,0.000742,0.000742,0.000742,0.000742,0.0
2025-10-21 08:00:00,0.000742,0.000742,0.000742,0.000742,0.0
2025-10-21 12:00:00,0.000742,0.000742,0.000742,0.000742,0.0
2025-10-21 16:00:00,0.000742,0.000742,0.000742,0.000742,0.0
2025-10-21 20:00:00,0.000742,0.000742,0.000742,0.000742,0.0
2025-10-22 00:00:00,0.000742,0.000742,0.000742,0.000742,0.0
2025-10-22 04:00:00,0.000742,0.000742,0.000742,0.000742,0.0
2025-10-22 08:00:00,0.000742,0.000742,0.000742,0.000742,0.0
2025-10-22 12:00:00,0.000742,0.000742,0.000742,0.000742,0.0
2025-10-22 16:00:00,0.000742,0.000742,0.000742,0.000742,0.0
2025-10-22 20:00:00,0.000742,0.000742,0.000742,0.000742,0.0
2025-10-23 00:00:00,0.000742,0.000742,0.000742,0.000742,0.0
2025-10-23 04:00:00,0.000742,0.000742,0.000742,0.000742,0.0
2025-10-23 08:00:00,0.000742,0.000742,0.000742,0.000742,0.0
2025-10-23 12:00:00,0.000742,0.000742,0.000742,0.000742,0.0
2025-10-23 16:00:00,0.000742,0.000742,0.000742,0.000742,0.0
2025-10-23 20:00:00,0.000742,0.000742,0.000742,0.000742,0.0
2025-10-24 00:00:00,0.000742,0.000742,0.000742,0.000742,0.0
2025-10-24 04:00:00,0.000742,0.000742,0.000742,0.000742,0.0
2025-10-24 08:00:00,0.000742,0.000742,0.000742,0.000742,0.0
2025-10-24 12:00:00,0.000742,0.000742,0.000742,0.000742,0.0
2025-10-24 16:00:00,0.000742,0.000742,0.000742,0.000742,0.0
2025-10-24 20:00:00,0.000742,0.000742,0.000742,0.000742,0.0
2025-10-25 00:00:00,0.000742,0.000742,0.000742,0.000742,0.0
2025-10-25 04:00:00,0.000742,0.000742,0.000742,0.000742,0.0
2025-10-25 08:00:00,0.000742,0.000742,0.000742,0.000742,0.0
2025-10-25 12:00:00,0.000742,0.000742,0.000742,0.000742,0.0
2025-10-25 16:00:00,0.000742,0.000742,0.000742,0.000742,0.0
2025-10-25 20:00:00,0.000742,0.000742,0.000742,0.000742,0.0
2025-10-26 00:00:00,0.000742,0.000742,0.000742,0.000742,0.0
2025-10-26 04:00:00,0.000742,0.000742,0.000742,0.000742,0.0
2025-10-26 08:00:00,0.000742,0.000742,0.000742,0.000742,0.0
2025-10-26 12:00:00,0.000742,0.000742,0.000742,0.000742,0.0
2025-10-26 16:00:00,0.000742,0.000742,0.000742,0.000742,0.0
2025-10-26 20:00:00,0.000742,0.000742,0.000742,0.000742,0.0
2025-10-27 00:00:00,0.000742,0.000742,0.000742,0.000742,0.0
2025-10-27 04:00:00,0.000742,0.000742,0.000742,0.000742,0.0
2025-10-27 08:00:00,0.000742,0.000742,0.000742,0.000742,0.0
2025-10-27 12:00:00,0.000742,0.000742,0.000742,0.000742,0.0
2025-10-27 16:00:00,0.000742,0.000742,0.000742,0.000742,0.0
2025-10-27 20:00:00,0.000742,0.000742,0.000742,0.000742,0.0
2025-10-28 00:00:00,0.000742,0.000742,0.000742,0.000742,0.0
2025-10-28 04:00:00,0.000742,0.000742,0.000742,0.000742,0.0
2025-10-28 08:00:00,0.000742,0.000742,0.000742,0.000742,0.0
2025-10-28 12:00:00,0.000742,0.000742,0.000742,0.000742,0.0
2025-10-28 16:00:00,0.000742,0.000742,0.000742,0.000742,0.0
2025-10-28 20:00:00,0.000742,0.000742,0.000742,0.000742,0.0
2025-10-29 00:00:00,0.000742,0.000742,0.000742,0.000742,0.0
2025-10-29 04:00:00,0.000742,0.000742,0.000742,0.000742,0.0
2025-10-29 08:00:00,0.000742,0.000742,0.000742,0.000742,0.0
2025-10-29 12:00:00,0.000742,0.000742,0.000742,0.000742,0.0
2025-10-29 16:00:00,0.000742,0.000742,0.000742,0.000742,0.0
2025-10-29 20:00:00,0.000742,0.000742,0.000742,0.000742,0.0
2025-10-30 00:00:00,0.000742,0.000742,0.000742,0.000742,0.0
2025-10-30 04:00:00,0.000742,0.000742,0.000742,0.000742,0.0
2025-10-30 08:00:00,0.000742,0.000742,0.000742,0.000742,0.0
2025-10-30 12:00:00,0.000742,0.000742,0.000742,0.000742,0.0
2025-10-30 16:00:00,0.000742,0.000742,0.000742,0.000742,0.0
2025-10-30 20:00:00,0.000742,0.000742,0.000742,0.000742,0.0
2025-10-31 00:00:00,0.000742,0.000742,0.000742,0.000742,0.0
2025-10-31 04:00:00,0.000742,0.000742,0.000742,0.000742,0.0
2025-10-31 08:00:00,0.000742,0.000742,0.000742,0.000742,0.0
2025-10-31 12:00:00,0.000742,0.000742,0.000742,0.000742,0.0
2025-10-31 16:00:00,0.000742,0.000742,0.000742,0.000742,0.0
2025-10-31 20:00:00,0.000742,0.000742,0.000742,0.000742,0.0
2025-11-01 00:00:00,0.000742,0.000742,0.000742,0.000742,0.0
2025-11-01 04:00:00,0.000742,0.000742,0.000742,0.000742,0.0
2025-11-01 08:00:00,0.000742,0.000742,0.000742,0.000742,0.0
2025-11-01 12:00:00,0.000742,0.000742,0.000742,0.000742,0.0
2025-11-01 16:00:00,0.000742,0.000742,0.000742,0.000742,0.0
2025-11-01 20:00:00,0.000742,0.000742,0.000742,0.000742,0.0
2025-11-02 00:00:00,0.000742,0.000742,0.000742,0.000742,0.0
2025-11-02 04:00:00,0.000742,0.000742,0.000742,0.000742,0.0
2025-11-02 08:00:00,0.000742,0.000742,0.000742,0.000742,0.0
2025-11-02 12:00:00,0.000742,0.000742,0.000742,0.000742,0.0
2025-11-02 16:00:00,0.000742,0.000742,0.000742,0.000742,0.0
2025-11-02 20:00:00,0.000742,0.000742,0.000742,0.000742,0.0
2025-11-03 00:00:00,0.000742,0.000742,0.000742,0.000742,0.0
2025-11-03 04:00:00,0.000742,0.000742,0.000742,0.000742,0.0
2025-11-03 08:00:00,0.000742,0.000742,0.000742,0.000742,0.0
2025-11-03 12:00:00,0.000742,0.000742,0.000742,0.000742,0.0
2025-11-03 16:00:00,0.000742,0.000742,0.000742,0.000742,0.0
2025-11-03 20:00:00,0.000742,0.000742,0.000742,0.000742,0.0
2025-11-04 00:00:00,0.000742,0.000742,0.000742,0.000742,0.0
2025-11-04 04:00:00,0.000742,0.000742,0.000742,0.000742,0.0
2025-11-04 08:00:00,0.000742,0.000742,0.000742,0.000742,0.0
2025-11-04 12:00:00,0.000742,0.000742,0.000742,0.000742,0.0
2025-11-04 16:00:00,0.000742,0.000742,0.000742,0.000742,0.0
2025-11-04 20:00:00,0.000742,0.000742,0.000742,0.000742,0.0
2025-11-05 00:00:00,0.000742,0.000742,0.000742,0.000742,0.0
2025-11-05 04:00:00,0.000742,0.000742,0.000742,0.000742,0.0
2025-11-05 08:00:00,0.000742,0.000742,0.000742,0.000742,0.0
2025-11-05 12:00:00,0.000742,0.000742,0.000742,0.000742,0.0
2025-11-05 16:00:00,0.000742,0.000742,0.000742,0.000742,0.0
2025-11-05 20:00:00,0.000742,0.000742,0.000742,0.000742,0.0
2025-11-06 00:00:00,0.000742,0.000742,0.000742,0.000742,0.0
2025-11-06 04:00:00,0.000742,0.000742,0.000742,0.000742,0.0
2025-11-06 08:00:00,0.000742,0.000742,0.000742,0.000742,0.0
2025-11-06 12:00:00,0.000742,0.000742,0.000742,0.000742,0.0
2025-11-06 16:00:00,0.000742,0.000742,0.000742,0.000742,0.0
2025-11-06 20:00:00,0.000742,0.000742,0.000742,0.000742,0.0
2025-11-07 00:00:00,0.000742,0.000742,0.000742,0.000742,0.0
2025-11-07 04:00:00,0.000742,0.000742,0.000742,0.000742,0.0
2025-11-07 08:00:00,0.000742,0.000742,0.000742,0.000742,0.0
2025-11-07 12:00:00,0.000742,0.000742,0.000742,0.000742,0.0
2025-11-07 16:00:00,0.000742,0.000742,0.000742,0.000742,0.0
2025-11-07 20:00:00,0.000742,0.000742,0.000742,0.000742,0.0
2025-11-08 00:00:00,0.000742,0.000742,0.000742,0.000742,0.0
2025-11-08 04:00:00,0.000742,0.000742,0.000742,0.000742,0.0
2025-11-08 08:00:00,0.000742,0.000742,0.000742,0.000742,0.0
2025-11-08 12:00:00,0.000742,0.000742,0.000742,0.000742,0.0
2025-11-08 16:00:00,0.000742,0.000742,0.000742,0.000742,0.0
2025-11-08 20:00:00,0.000742,0.000742,0.000742,0.000742,0.0
2025-11-09 00:00:00,0.000742,0.000742,0.000742,0.000742,0.0
2025-11-09 04:00:00,0.000742,0.000742,0.000742,0.000742,0.0
2025-11-09 08:00:00,0.000742,0.000742,0.000742,0.000742,0.0
2025-11-09 12:00:00,0.000742,0.000742,0.000742,0.000742,0.0
2025-11-09 16:00:00,0.000742,0.000742,0.000742,0.000742,0.0
2025-11-09 20:00:00,0.000742,0.000742,0.000742,0.000742,0.0
2025-11-10 00:00:00,0.000742,0.000742,0.000742,0.000742,0.0
2025-11-10 04:00:00,0.000742,0.000742,0.000742,0.000742,0.0
2025-11-10 08:00:00,0.000742,0.000742,0.000742,0.000742,0.0
2025-11-10 12:00:00,0.000742,0.000742,0.000742,0.000742,0.0
2025-11-10 16:00:00,0.000742,0.000742,0.000742,0.000742,0.0
2025-11-10 20:00:00,0.000742,0.000742,0.000742,0.000742,0.0
2025-11-11 00:00:00,0.000742,0.000742,0.000742,0.000742,0.0
2025-11-11 04:00:00,0.000742,0.000742,0.000742,0.000742,0.0
2025-11-11 08:00:00,0.000742,0.000742,0.000742,0.000742,0.0
2025-11-11 12:00:00,0.000742,0.000742,0.000742,0.000742,0.0
2025-11-11 16:00:00,0.000742,0.000742,0.000742,0.000742,0.0
2025-11-11 20:00:00,0.000742,0.000742,0.000742,0.000742,0.0
2025-11-12 00:00:00,0.000742,0.000742,0.000742,0.000742,0.0
2025-11-12 04:00:00,0.000742,0.000742,0.000742,0.000742,0.0
2025-11-12 08:00:00,0.000742,0.000742,0.000742,0.000742,0.0
2025-11-12 12:00:00,0.000742,0.000742,0.000742,0.000742,0.0
2025-11-12 16:00:00,0.000742,0.000742,0.000742,0.000742,0.0
2025-11-12 20:00:00,0.000742,0.000742,0.000742,0.000742,0.0
2025-11-13 00:00:00,0.000742,0.000742,0.000742,0.000742,0.0
2025-11-13 04:00:00,0.000742,0.000742,0.000742,0.000742,0.0
2025-11-13 08:00:00,0.000742,0.000742,0.000742,0.000742,0.0
2025-11-13 12:00:00,0.000742,0.000742,0.000742,0.000742,0.0
2025-11-13 16:00:00,0.000742,0.000742,0.000742,0.000742,0.0
2025-11-13 20:00:00,0.000742,0.000742,0.000742,0.000742,0.0
2025-11-14 00:00:00,0.000742,0.000742,0.000742,0.000742,0.0
2025-11-14 04:00:00,0.000742,0.000742,0.000742,0.000742,0.0
2025-11-14 08:00:00,0.000742,0.000742,0.000742,0.000742,0.0
2025-11-14 12:00:00,0.000742,0.000742,0.000742,0.000742,0.0
2025-11-14 16:00:00,0.000742,0.000742,0.000742,0.000742,0.0
2025-11-14 20:00:00,0.000742,0.000742,0.000742,0.000742,0.0
2025-11-15 00:00:00,0.000742,0.000742,0.000742,0.000742,0.0
2025-11-15 04:00:00,0.000742,0.000742,0.000742,0.000742,0.0
2025-11-15 08:00:00,0.000742,0.000742,0.000742,0.000742,0.0
2025-11-15 12:00:00,0.000742,0.000742,0.000742,0.000742,0.0
2025-11-15 16:00:00,0.000742,0.000742,0.000742,0.000742,0.0
2025-11-15 20:00:00,0.000742,0.000742,0.000742,0.000742,0.0
2025-11-16 00:00:00,0.000742,0.000742,0.000742,0.000742,0.0
2025-11-16 04:00:00,0.000742,0.000742,0.000742,0.000742,0.0
2025-11-16 08:00:00,0.000742,0.000742,0.000742,0.000742,0.0
2025-11-16 12:00:00,0.000742,0.000742,0.000742,0.000742,0.0
2025-11-16 16:00:00,0.000742,0.000742,0.000742,0.000742,0.0
2025-11-16 20:00:00,0.000742,0.000742,0.000742,0.000742,0.0
2025-11-17 00:00:00,0.000742,0.000742,0.000742,0.000742,0.0
2025-11-17 04:00:00,0.000742,0.000742,0.000742,0.000742,0.0
2025-11-17 08:00:00,0.000742,0.000742,0.000742,0.000742,0.0
2025-11-17 12:00:00,0.000742,0.000742,0.000742,0.000742,0.0
2025-11-17 16:00:00,0.000742,0.000742,0.000742,0.000742,0.0
2025-11-17 20:00:00,0.000742,0.000742,0.000742,0.000742,0.0
2025-11-18 00:00:00,0.000742,0.000742,0.000742,0.000742,0.0
2025-11-18 04:00:00,0.000742,0.000742,0.000742,0.000742,0.0
2025-11-18 08:00:00,0.000742,0.000742,0.000742,0.000742,0.0
2025-11-18 12:00:00,0.000742,0.000742,0.000742,0.000742,0.0
2025-11-18 16:00:00,0.000742,0.000742,0.000742,0.000742,0.0
2025-11-18 20:00:00,0.000742,0.000742,0.000742,0.000742,0.0
2025-11-19 00:00:00,0.000742,0.000742,0.000742,0.000742,0.0
2025-11-19 04:00:00,0.000742,0.000742,0.000742,0.000742,0.0
2025-11-19 08:00:00,0.000742,0.000742,0.000742,0.000742,0.0
2025-11-19 12:00:00,0.000742,0.000742,0.000742,0.000742,0.0
2025-11-19 16:00:00,0.000742,0.000742,0.000742,0.000742,0.0
2025-11-19 20:00:00,0.000742,0.000742,0.000742,0.000742,0.0
2025-11-20 00:00:00,0.000742,0.000742,0.000742,0.000742,0.0
2025-11-20 04:00:00,0.000742,0.000742,0.000742,0.000742,0.0
2025-11-20 08:00:00,0.000742,0.000742,0.000742,0.000742,0.0
2025-11-20 12:00:00,0.000742,0.000742,0.000742,0.000742,0.0
2025-11-20 16:00:00,0.000742,0.000742,0.000742,0.000742,0.0
2025-11-20 20:00:00,0.000742,0.000742,0.000742,0.000742,0.0
2025-11-21 00:00:00,0.000742,0.000742,0.000742,0.000742,0.0
2025-11-21 04:00:00,0.000742,0.000742,0.000742,0.000742,0.0
2025-11-21 08:00:00,0.000742,0.000742,0.000742,0.000742,0.0
2025-11-21 12:00:00,0.000742,0.000742,0.000742,0.000742,0.0
2025-11-21 16:00:00,0.000742,0.000742,0.000742,0.000742,0.0
2025-11-21 20:00:00,0.000742,0.000742,0.000742,0.000742,0.0
2025-11-22 00:00:00,0.000742,0.000742,0.000742,0.000742,0.0
2025-11-22 04:00:00,0.000742,0.000742,0.000742,0.000742,0.0
2025-11-22 08:00:00,0.000742,0.000742,0.000742,0.000742,0.0
2025-11-22 12:00:00,0.000742,0.000742,0.000742,0.000742,0.0
2025-11-22 16:00:00,0.000742,0.000742,0.000742,0.000742,0.0
2025-11-22 20:00:00,0.000742,0.000742,0.000742,0.000742,0.0
2025-11-23 00:00:00,0.000742,0.000742,0.000742,0.000742,0.0
2025-11-23 04:00:00,0.000742,0.000742,0.000742,0.000742,0.0
2025-11-23 08:00:00,0.000742,0.000742,0.000742,0.000742,0.0
2025-11-23 12:00:00,0.000742,0.000742,0.000742,0.000742,0.0
2025-11-23 16:00:00,0.000742,0.000742,0.000742,0.000742,0.0
2025-11-23 20:00:00,0.000742,0.000742,0.000742,0.000742,0.0
2025-11-24 00:00:00,0.000742,0.000742,0.000742,0.000742,0.0
2025-11-24 04:00:00,0.000742,0.000742,0.000742,0.000742,0.0
2025-11-24 08:00:00,0.000742,0.000742,0.000742,0.000742,0.0
2025-11-24 12:00:00,0.000742,0.000742,0.000742,0.000742,0.0
2025-11-24 16:00:00,0.000742,0.000742,0.000742,0.000742,0.0
2025-11-24 20:00:00,0.000742,0.000742,0.000742,0.000742,0.0
2025-11-25 00:00:00,0.000742,0.000742,0.000742,0.000742,0.0
2025-11-25 04:00:00,0.000742,0.000742,0.000742,0.000742,0.0
2025-11-25 08:00:00,0.000742,0.000742,0.000742,0.000742,0.0
2025-11-25 12:00:00,0.000742,0.000742,0.000742,0.000742,0.0
2025-11-25 16:00:00,0.000742,0.000742,0.000742,0.000742,0.0
2025-11-25 20:00:00,0.000742,0.000742,0.000742,0.000742,0.0
2025-11-26 00:00:00,0.000742,0.000742,0.000742,0.000742,0.0
2025-11-26 04:00:00,0.000742,0.000742,0.000742,0.000742,0.0
2025-11-26 08:00:00,0.000742,0.000742,0.000742,0.000742,0.0
2025-11-26 12:00:00,0.000742,0.000742,0.000742,0.000742,0.0
2025-11-26 16:00:00,0.000742,0.000742,0.000742,0.000742,0.0
2025-11-26 20:00:00,0.000742,0.000742,0.000742,0.000742,0.0
2025-11-27 00:00:00,0.000742,0.000742,0.000742,0.000742,0.0
2025-11-27 04:00:00,0.000742,0.000742,0.000742,0.000742,0.0
2025-11-27 08:00:00,0.000742,0.000742,0.000742,0.000742,0.0
2025-11-27 12:00:00,0.000742,0.000742,0.000742,0.000742,0.0
2025-11-27 16:00:00,0.000742,0.000742,0.000742,0.000742,0.0
2025-11-27 20:00:00,0.000742,0.000742,0.000742,0.000742,0.0
2025-11-28 00:00:00,0.000742,0.000742,0.000742,0.000742,0.0
2025-11-28 04:00:00,0.000742,0.000742,0.000742,0.000742,0.0
2025-11-28 08:00:00,0.000742,0.000742,0.000742,0.000742,0.0
2025-11-28 12:00:00,0.000742,0.000742,0.000742,0.000742,0.0
2025-11-28 16:00:00,0.000742,0.000742,0.000742,0.000742,0.0
2025-11-28 20:00:00,0.000742,0.000742,0.000742,0.000742,0.0
2025-11-29 00:00:00,0.000742,0.000742,0.000742,0.000742,0.0
2025-11-29 04:00:00,0.000742,0.000742,0.000742,0.000742,0.0
2025-11-29 08:00:00,0.000742,0.000742,0.000742,0.000742,0.0
2025-11-29 12:00:00,0.000742,0.000742,0.000742,0.000742,0.0
2025-11-29 16:00:00,0.000742,0.000742,0.000742,0.000742,0.0
2025-11-29 20:00:00,0.000742,0.000742,0.000742,0.000742,0.0
2025-11-30 00:00:00,0.000742,0.000742,0.000742,0.000742,0.0
2025-11-30 04:00:00,0.000742,0.000742,0.000742,0.000742,0.0
2025-11-30 08:00:00,0.000742,0.000742,0.000742,0.000742,0.0
2025-11-30 12:00:00,0.000742,0.000742,0.000742,0.000742,0.0
2025-11-30 16:00:00,0.000742,0.000742,0.000742,0.000742,0.0
2025-11-30 20:00:00,0.000742,0.000742,0.000742,0.000742,0.0
2025-12-01 00:00:00,0.000742,0.000742,0.000742,0.000742,0.0
2025-12-01 04:00:00,0.000742,0.000742,0.000742,0.000742,0.0
2025-12-01 08:00:00,0.000742,0.000742,0.000742,0.000742,0.0
2025-12-01 12:00:00,0.000742,0.000742,0.000742,0.000742,0.0
2025-12-01 16:00:00,0.000742,0.000742,0.000742,0.000742,0.0
2025-12-01 20:00:00,0.000742,0.000742,0.000742,0.000742,0.0
2025-12-02 00:00:00,0.000742,0.000742,0.000742,0.000742,0.0
2025-12-02 04:00:00,0.000742,0.000742,0.000742,0.000742,0.0
2025-12-02 08:00:00,0.000742,0.000742,0.000742,0.000742,0.0
2025-12-02 12:00:00,0.000742,0.000742,0.000742,0.000742,0.0
2025-12-02 16:00:00,0.000742,0.000742,0.000742,0.000742,0.0
2025-12-02 20:00:00,0.000742,0.000742,0.000742,0.000742,0.0
2025-12-03 00:00:00,0.000742,0.000742,0.000742,0.000742,0.0
2025-12-03 04:00:00,0.000742,0.000742,0.000742,0.000742,0.0
2025-12-03 08:00:00,0.000742,0.000742,0.000742,0.000742,0.0
2025-12-03 12:00:00,0.000742,0.000742,0.000742,0.000742,0.0
2025-12-03 16:00:00,0.000742,0.000742,0.000742,0.000742,0.0
2025-12-03 20:00:00,0.000742,0.000742,0.000742,0.000742,0.0
2025-12-04 00:00:00,0.000742,0.000742,0.000742,0.000742,0.0
2025-12-04 04:00:00,0.000742,0.000742,0.000742,0.000742,0.0
2025-12-04 08:00:00,0.000742,0.000742,0.000742,0.000742,0.0
2025-12-04 12:00:00,0.000742,0.000742,0.000742,0.000742,0.0
2025-12-04 16:00:00,0.000742,0.000742,0.000742,0.000742,0.0
2025-12-04 20:00:00,0.000742,0.000742,0.000742,0.000742,0.0
2025-12-05 00:00:00,0.000742,0.000742,0.000742,0.000742,0.0
2025-12-05 04:00:00,0.000742,0.000742,0.000742,0.000742,0.0
2025-12-05 08:00:00,0.000742,0.000742,0.000742,0.000742,0.0
2025-12-05 12:00:00,0.000742,0.000742,0.000742,0.000742,0.0
2025-12-05 16:00:00,0.000742,0.000742,0.000742,0.000742,0.0
2025-12-05 20:00:00,0.000742,0.000742,0.000742,0.000742,0.0
2025-12-06 00:00:00,0.000742,0.000742,0.000742,0.000742,0.0
2025-12-06 04:00:00,0.000742,0.000742,0.000742,0.000742,0.0
2025-12-06 08:00:00,0.000742,0.000742,0.000742,0.000742,0.0
2025-12-06 12:00:00,0.000742,0.000742,0.000742,0.000742,0.0
2025-12-06 16:00:00,0.000742,0.000742,0.000742,0.000742,0.0
2025-12-06 20:00:00,0.000742,0.000742,0.000742,0.000742,0.0
2025-12-07 00:00:00,0.000742,0.000742,0.000742,0.000742,0.0
2025-12-07 04:00:00,0.000742,0.000742,0.000742,0.000742,0.0
2025-12-07 08:00:00,0.000742,0.000742,0.000742,0.000742,0.0
2025-12-07 12:00:00,0.000742,0.000742,0.000742,0.000742,0.0
2025-12-07 16:00:00,0.000742,0.000742,0.000742,0.000742,0.0
2025-12-07 20:00:00,0.000742,0.000742,0.000742,0.000742,0.0
2025-12-08 00:00:00,0.000742,0.000742,0.000742,0.000742,0.0
2025-12-08 04:00:00,0.000742,0.000742,0.000742,0.000742,0.0
2025-12-08 08:00:00,0.000742,0.000742,0.000742,0.000742,0.0
2025-12-08 12:00:00,0.000742,0.000742,0.000742,0.000742,0.0
2025-12-08 16:00:00,0.000742,0.000742,0.000742,0.000742,0.0
2025-12-08 20:00:00,0.000742,0.000742,0.000742,0.000742,0.0
2025-12-09 00:00:00,0.000742,0.000742,0.000742,0.000742,0.0
2025-12-09 04:00:00,0.000742,0.000742,0.000742,0.000742,0.0
2025-12-09 08:00:00,0.000742,0.000742,0.000742,0.000742,0.0
2025-12-09 12:00:00,0.000742,0.000742,0.000742,0.000742,0.0
2025-12-09 16:00:00,0.000742,0.000742,0.000742,0.000742,0.0
2025-12-09 20:00:00,0.000742,0.000742,0.000742,0.000742,0.0
2025-12-10 00:00:00,0.000742,0.000742,0.000742,0.000742,0.0
2025-12-10 04:00:00,0.000742,0.000742,0.000742,0.000742,0.0
2025-12-10 08:00:00,0.000742,0.000742,0.000742,0.000742,0.0
2025-12-10 12:00:00,0.000742,0.000742,0.000742,0.000742,0.0
2025-12-10 16:00:00,0.000742,0.000742,0.000742,0.000742,0.0
2025-12-10 20:00:00,0.000742,0.000742,0.000742,0.000742,0.0
2025-12-11 00:00:00,0.000742,0.000742,0.000742,0.000742,0.0
2025-12-11 04:00:00,0.000742,0.000742,0.000742,0.000742,0.0
2025-12-11 08:00:00,0.000742,0.000742,0.000742,0.000742,0.0
2025-12-11 12:00:00,0.000742,0.000742,0.000742,0.000742,0.0
2025-12-11 16:00:00,0.000742,0.000742,0.000742,0.000742,0.0
2025-12-11 20:00:00,0.000742,0.000742,0.000742,0.000742,0.0
2025-12-12 00:00:00,0.000742,0.000742,0.000742,0.000742,0.0
2025-12-12 04:00:00,0.000742,0.000742,0.000742,0.000742,0.0
2025-12-12 08:00:00,0.000742,0.000742,0.000742,0.000742,0.0
2025-12-12 12:00:00,0.000742,0.000742,0.000742,0.000742,0.0
2025-12-12 16:00:00,0.000742,0.000742,0.000742,0.000742,0.0
2025-12-12 20:00:00,0.000742,0.000742,0.000742,0.000742,0.0
2025-12-13 00:00:00,0.000742,0.000742,0.000742,0.000742,0.0
2025-12-13 04:00:00,0.000742,0.000742,0.000742,0.000742,0.0
2025-12-13 08:00:00,0.000742,0.000742,0.000742,0.000742,0.0
2025-12-13 12:00:00,0.000742,0.000742,0.000742,0.000742,0.0
2025-12-13 16:00:00,0.000742,0.000742,0.000742,0.000742,0.0
2025-12-13 20:00:00,0.000742,0.000742,0.000742,0.000742,0.0
2025-12-14 00:00:00,0.000742,0.000742,0.000742,0.000742,0.0
2025-12-14 04:00:00,0.000742,0.000742,0.000742,0.000742,0.0
2025-12-14 08:00:00,0.000742,0.000742,0.000742,0.000742,0.0
2025-12-14 12:00:00,0.000742,0.000742,0.000742,0.000742,0.0
2025-12-14 16:00:00,0.000742,0.000742,0.000742,0.000742,0.0
2025-12-14 20:00:00,0.000742,0.000742,0.000742,0.000742,0.0
2025-12-15 00:00:00,0.000742,0.000742,0.000742,0.000742,0.0
2025-12-15 04:00:00,0.000742,0.000742,0.000742,0.000742,0.0
2025-12-15 08:00:00,0.000742,0.000742,0.000742,0.000742,0.0
2025-12-15 12:00:00,0.000742,0.000742,0.000742,0.000742,0.0
2025-12-15 16:00:00,0.000742,0.000742,0.000742,0.000742,0.0
2025-12-15 20:00:00,0.000742,0.000742,0.000742,0.000742,0.0
2025-12-16 00:00:00,0.000742,0.000742,0.000742,0.000742,0.0
2025-12-16 04:00:00,0.000742,0.000742,0.000742,0.000742,0.0
2025-12-16 08:00:00,0.000742,0.000742,0.000742,0.000742,0.0
2025-12-16 12:00:00,0.000742,0.000742,0.000742,0.000742,0.0
2025-12-16 16:00:00,0.000742,0.000742,0.000742,0.000742,0.0
2025-12-16 20:00:00,0.000742,0.000742,0.000742,0.000742,0.0
2025-12-17 00:00:00,0.000742,0.000742,0.000742,0.000742,0.0
2025-12-17 04:00:00,0.000742,0.000742,0.000742,0.000742,0.0
2025-12-17 08:00:00,0.000742,0.000742,0.000742,0.000742,0.0
2025-12-17 12:00:00,0.000742,0.000742,0.000742,0.000742,0.0
2025-12-17 16:00:00,0.000742,0.000742,0.000742,0.000742,0.0
2025-12-17 20:00:00,0.000742,0.000742,0.000742,0.000742,0.0
2025-12-18 00:00:00,0.000742,0.000742,0.000742,0.000742,0.0
2025-12-18 04:00:00,0.000742,0.000742,0.000742,0.000742,0.0
2025-12-18 08:00:00,0.000742,0.000742,0.000742,0.000742,0.0
2025-12-18 12:00:00,0.000742,0.000742,0.000742,0.000742,0.0
2025-12-18 16:00:00,0.000742,0.000742,0.000742,0.000742,0.0
2025-12-18 20:00:00,0.000742,0.000742,0.000742,0.000742,0.0
2025-12-19 00:00:00,0.000742,0.000742,0.000742,0.000742,0.0
2025-12-19 04:00:00,0.000742,0.000742,0.000742,0.000742,0.0
2025-12-19 08:00:00,0.000742,0.000742,0.000742,0.000742,0.0
2025-12-19 12:00:00,0.000742,0.000742,0.000742,0.000742,0.0
2025-12-19 16:00:00,0.000742,0.000742,0.000742,0.000742,0.0
2025-12-19 20:00:00,0.000742,0.000742,0.000742,0.000742,0.0
2025-12-20 00:00:00,0.000742,0.000742,0.000742,0.000742,0.0
2025-12-20 04:00:00,0.000742,0.000742,0.000742,0.000742,0.0
2025-12-20 08:00:00,0.000742,0.000742,0.000742,0.000742,0.0
2025-12-20 12:00:00,0.000742,0.000742,0.000742,0.000742,0.0
2025-12-20 16:00:00,0.000742,0.000742,0.000742,0.000742,0.0
2025-12-20 20:00:00,0.000742,0.000742,0.000742,0.000742,0.0
2025-12-21 00:00:00,0.000742,0.000742,0.000742,0.000742,0.0
2025-12-21 04:00:00,0.000742,0.000742,0.000742,0.000742,0.0
2025-12-21 08:00:00,0.000742,0.000742,0.000742,0.000742,0.0
2025-12-21 12:00:00,0.000742,0.000742,0.000742,0.000742,0.0
2025-12-21 16:00:00,0.000742,0.000742,0.000742,0.000742,0.0
2025-12-21 20:00:00,0.000742,0.000742,0.000742,0.000742,0.0
2025-12-22 00:00:00,0.000742,0.000742,0.000742,0.000742,0.0
2025-12-22 04:00:00,0.000742,0.000742,0.000742,0.000742,0.0
2025-12-22 08:00:00,0.000742,0.000742,0.000742,0.000742,0.0
2025-12-22 12:00:00,0.000742,0.000742,0.000742,0.000742,0.0
2025-12-22 16:00:00,0.000742,0.000742,0.000742,0.000742,0.0
2025-12-22 20:00:00,0.000742,0.000742,0.000742,0.000742,0.0
2025-12-23 00:00:00,0.000742,0.000742,0.000742,0.000742,0.0
2025-12-23 04:00:00,0.000742,0.000742,0.000742,0.000742,0.0
2025-12-23 08:00:00,0.000742,0.000742,0.000742,0.000742,0.0
2025-12-23 12:00:00,0.000742,0.000742,0.000742,0.000742,0.0
2025-12-23 16:00:00,0.000742,0.000742,0.000742,0.000742,0.0
2025-12-23 20:00:00,0.000742,0.000742,0.000742,0.000742,0.0
2025-12-24 00:00:00,0.000742,0.000742,0.000742,0.000742,0.0
2025-12-24 04:00:00,0.000742,0.000742,0.000742,0.000742,0.0
2025-12-24 08:00:00,0.000742,0.000742,0.000742,0.000742,0.0
2025-12-24 12:00:00,0.000742,0.000742,0.000742,0.000742,0.0
2025-12-24 16:00:00,0.000742,0.000742,0.000742,0.000742,0.0
2025-12-24 20:00:00,0.000742,0.000742,0.000742,0.000742,0.0
2025-12-25 00:00:00,0.000742,0.000742,0.000742,0.000742,0.0
2025-12-25 04:00:00,0.000742,0.000742,0.000742,0.000742,0.0
2025-12-25 08:00:00,0.000742,0.000742,0.000742,0.000742,0.0
2025-12-25 12:00:00,0.000742,0.000742,0.000742,0.000742,0.0
2025-12-25 16:00:00,0.000742,0.000742,0.000742,0.000742,0.0
2025-12-25 20:00:00,0.000742,0.000742,0.000742,0.000742,0.0
2025-12-26 00:00:00,0.000742,0.000742,0.000742,0.000742,0.0
2025-12-26 04:00:00,0.000742,0.000742,0.000742,0.000742,0.0
2025-12-26 08:00:00,0.000742,0.000742,0.000742,0.000742,0.0
2025-12-26 12:00:00,0.000742,0.000742,0.000742,0.000742,0.0
2025-12-26 16:00:00,0.000742,0.000742,0.000742,0.000742,0.0
2025-12-26 20:00:00,0.000742,0.000742,0.000742,0.000742,0.0
2025-12-27 00:00:00,0.000742,0.000742,0.000742,0.000742,0.0
2025-12-27 04:00:00,0.000742,0.000742,0.000742,0.000742,0.0
2025-12-27 08:00:00,0.000742,0.000742,0.000742,0.000742,0.0
2025-12-27 12:00:00,0.000742,0.000742,0.000742,0.000742,0.0
2025-12-27 16:00:00,0.000742,0.000742,0.000742,0.000742,0.0
2025-12-27 20:00:00,0.000742,0.000742,0.000742,0.000742,0.0
2025-12-28 00:00:00,0.000742,0.000742,0.000742,0.000742,0.0
2025-12-28 04:00:00,0.000742,0.000742,0.000742,0.000742,0.0
2025-12-28 08:00:00,0.000742,0.000742,0.000742,0.000742,0.0
2025-12-28 12:00:00,0.000742,0.000742,0.000742,0.000742,0.0
2025-12-28 16:00:00,0.000742,0.000742,0.000742,0.000742,0.0
2025-12-28 20:00:00,0.000742,0.000742,0.000742,0.000742,0.0
2025-12-29 00:00:00,0.000742,0.000742,0.000742,0.000742,0.0
2025-12-29 04:00:00,0.000742,0.000742,0.000742,0.000742,0.0
2025-12-29 08:00:00,0.000742,0.000742,0.000742,0.000742,0.0
2025-12-29 12:00:00,0.000742,0.000742,0.000742,0.000742,0.0
2025-12-29 16:00:00,0.000742,0.000742,0.000742,0.000742,0.0
2025-12-29 20:00:00,0.000742,0.000742,0.000742,0.000742,0.0
2025-12-30 00:00:00,0.000742,0.000742,0.000742,0.000742,0.0
2025-12-30 04:00:00,0.000742,0.000742,0.000742,0.000742,0.0
2025-12-30 08:00:00,0.000742,0.000742,0.000742,0.000742,0.0
2025-12-30 12:00:00,0.000742,0.000742,0.000742,0.000742,0.0
2025-12-30 16:00:00,0.000742,0.000742,0.000742,0.000742,0.0
2025-12-30 20:00:00,0.000742,0.000742,0.000742,0.000742,0.0
2025-12-31 00:00:00,0.000742,0.000742,0.000742,0.000742,0.0
2025-12-31 04:00:00,0.000742,0.000742,0.000742,0.000742,0.0
2025-12-31 08:00:00,0.000742,0.000742,0.000742,0.000742,0.0
2025-12-31 12:00:00,0.000742,0.000742,0.000742,0.000742,0.0
2025-12-31 16:00:00,0.000742,0.000742,0.000742,0.000742,0.0
2025-12-31 20:00:00,0.000742,0.000742,0.000742,0.000742,0.0
2026-01-01 00:00:00,0.000742,0.000742,0.000742,0.000742,0.0
2026-01-01 04:00:00,0.000742,0.000742,0.000742,0.000742,0.0
2026-01-01 08:00:00,0.000742,0.000742,0.000742,0.000742,0.0
2026-01-01 12:00:00,0.000742,0.000742,0.000742,0.000742,0.0
2026-01-01 16:00:00,0.000742,0.000742,0.000742,0.000742,0.0
2026-01-01 20:00:00,0.000742,0.000742,0.000742,0.000742,0.0
2026-01-02 00:00:00,0.000742,0.000742,0.000742,0.000742,0.0
2026-01-02 04:00:00,0.000742,0.000742,0.000742,0.000742,0.0
2026-01-02 08:00:00,0.000742,0.000742,0.000742,0.000742,0.0
2026-01-02 12:00:00,0.000742,0.000742,0.000742,0.000742,0.0
2026-01-02 16:00:00,0.000742,0.000742,0.000742,0.000742,0.0
2026-01-02 20:00:00,0.000742,0.000742,0.000742,0.000742,0.0
2026-01-03 00:00:00,0.000742,0.000742,0.000742,0.000742,0.0
2026-01-03 04:00:00,0.000742,0.000742,0.000742,0.000742,0.0
2026-01-03 08:00:00,0.000742,0.000742,0.000742,0.000742,0.0
2026-01-03 12:00:00,0.000742,0.000742,0.000742,0.000742,0.0
2026-01-03 16:00:00,0.000742,0.000742,0.000742,0.000742,0.0
2026-01-03 20:00:00,0.000742,0.000742,0.000742,0.000742,0.0
2026-01-04 00:00:00,0.000742,0.000742,0.000742,0.000742,0.0
2026-01-04 04:00:00,0.000742,0.000742,0.000742,0.000742,0.0
2026-01-04 08:00:00,0.000742,0.000742,0.000742,0.000742,0.0
2026-01-04 12:00:00,0.000742,0.000742,0.000742,0.000742,0.0
2026-01-04 16:00:00,0.000742,0.000742,0.000742,0.000742,0.0
2026-01-04 20:00:00,0.000742,0.000742,0.000742,0.000742,0.0
2026-01-05 00:00:00,0.000742,0.000742,0.000742,0.000742,0.0
2026-01-05 04:00:00,0.000742,0.000742,0.000742,0.000742,0.0
2026-01-05 08:00:00,0.000742,0.000742,0.000742,0.000742,0.0
2026-01-05 12:00:00,0.000742,0.000742,0.000742,0.000742,0.0
2026-01-05 16:00:00,0.000742,0.000742,0.000742,0.000742,0.0
2026-01-05 20:00:00,0.000742,0.000742,0.000742,0.000742,0.0
2026-01-06 00:00:00,0.000742,0.000742,0.000742,0.000742,0.0
2026-01-06 04:00:00,0.000742,0.000742,0.000742,0.000742,0.0
2026-01-06 08:00:00,0.000742,0.000742,0.000742,0.000742,0.0
2026-01-06 12:00:00,0.000742,0.000742,0.000742,0.000742,0.0
2026-01-06 16:00:00,0.000742,0.000742,0.000742,0.000742,0.0
2026-01-06 20:00:00,0.000742,0.000742,0.000742,0.000742,0.0
2026-01-07 00:00:00,0.000742,0.000742,0.000742,0.000742,0.0
2026-01-07 04:00:00,0.000742,0.000742,0.000742,0.000742,0.0
2026-01-07 08:00:00,0.000742,0.000742,0.000742,0.000742,0.0
2026-01-07 12:00:00,0.000742,0.000742,0.000742,0.000742,0.0
2026-01-07 16:00:00,0.000742,0.000742,0.000742,0.000742,0.0
2026-01-07 20:00:00,0.000742,0.000742,0.000742,0.000742,0.0
2026-01-08 00:00:00,0.000742,0.000742,0.000742,0.000742,0.0
2026-01-08 04:00:00,0.000742,0.000742,0.000742,0.000742,0.0
2026-01-08 08:00:00,0.000742,0.000742,0.000742,0.000742,0.0
2026-01-08 12:00:00,0.000742,0.000742,0.000742,0.000742,0.0
2026-01-08 16:00:00,0.000742,0.000742,0.000742,0.000742,0.0
2026-01-08 20:00:00,0.000742,0.000742,0.000742,0.000742,0.0
2026-01-09 00:00:00,0.000742,0.000742,0.000742,0.000742,0.0
2026-01-09 04:00:00,0.000742,0.000742,0.000742,0.000742,0.0
2026-01-09 08:00:00,0.000742,0.000742,0.000742,0.000742,0.0
2026-01-09 12:00:00,0.000742,0.000742,0.000742,0.000742,0.0
2026-01-09 16:00:00,0.000742,0.000742,0.000742,0.000742,0.0
2026-01-09 20:00:00,0.000742,0.000742,0.000742,0.000742,0.0
2026-01-10 00:00:00,0.000742,0.000742,0.000742,0.000742,0.0
2026-01-10 04:00:00,0.000742,0.000742,0.000742,0.000742,0.0
2026-01-10 08:00:00,0.000742,0.000742,0.000742,0.000742,0.0
2026-01-10 12:00:00,0.000742,0.000742,0.000742,0.000742,0.0
2026-01-10 16:00:00,0.000742,0.000742,0.000742,0.000742,0.0
2026-01-10 20:00:00,0.000742,0.000742,0.000742,0.000742,0.0
2026-01-11 00:00:00,0.000742,0.000742,0.000742,0.000742,0.0
2026-01-11 04:00:00,0.000742,0.000742,0.000742,0.000742,0.0
2026-01-11 08:00:00,0.000742,0.000742,0.000742,0.000742,0.0
2026-01-11 12:00:00,0.000742,0.000742,0.000742,0.000742,0.0
2026-01-11 16:00:00,0.000742,0.000742,0.000742,0.000742,0.0
2026-01-11 20:00:00,0.000742,0.000742,0.000742,0.000742,0.0
2026-01-12 00:00:00,0.000742,0.000742,0.000742,0.000742,0.0
2026-01-12 04:00:00,0.000742,0.000742,0.000742,0.000742,0.0
2026-01-12 08:00:00,0.000742,0.000742,0.000742,0.000742,0.0
2026-01-12 12:00:00,0.000742,0.000742,0.000742,0.000742,0.0
2026-01-12 16:00:00,0.000742,0.000742,0.000742,0.000742,0.0
2026-01-12 20:00:00,0.000742,0.000742,0.000742,0.000742,0.0
2026-01-13 00:00:00,0.000742,0.000742,0.000742,0.000742,0.0
2026-01-13 04:00:00,0.000742,0.000742,0.000742,0.000742,0.0
2026-01-13 08:00:00,0.000742,0.000742,0.000742,0.000742,0.0
2026-01-13 12:00:00,0.000742,0.000742,0.000742,0.000742,0.0
2026-01-13 16:00:00,0.000742,0.000742,0.000742,0.000742,0.0
2026-01-13 20:00:00,0.000742,0.000742,0.000742,0.000742,0.0
2026-01-14 00:00:00,0.000742,0.000742,0.000742,0.000742,0.0
2026-01-14 04:00:00,0.000742,0.000742,0.000742,0.000742,0.0
2026-01-14 08:00:00,0.000742,0.000742,0.000742,0.000742,0.0
2026-01-14 12:00:00,0.000742,0.000742,0.000742,0.000742,0.0
2026-01-14 16:00:00,0.000742,0.000742,0.000742,0.000742,0.0
2026-01-14 20:00:00,0.000742,0.000742,0.000742,0.000742,0.0
2026-01-15 00:00:00,0.000742,0.000742,0.000742,0.000742,0.0
2026-01-15 04:00:00,0.000742,0.000742,0.000742,0.000742,0.0
2026-01-15 08:00:00,0.000742,0.000742,0.000742,0.000742,0.0
2026-01-15 12:00:00,0.000742,0.000742,0.000742,0.000742,0.0
2026-01-15 16:00:00,0.000742,0.000742,0.000742,0.000742,0.0
2026-01-15 20:00:00,0.000742,0.000742,0.000742,0.000742,0.0
2026-01-16 00:00:00,0.000742,0.000742,0.000742,0.000742,0.0
2026-01-16 04:00:00,0.000742,0.000742,0.000742,0.000742,0.0
2026-01-16 08:00:00,0.000742,0.000742,0.000742,0.000742,0.0
2026-01-16 12:00:00,0.000742,0.000742,0.000742,0.000742,0.0
2026-01-16 16:00:00,0.000742,0.000742,0.000742,0.000742,0.0
2026-01-16 20:00:00,0.000742,0.000742,0.000742,0.000742,0.0
2026-01-17 00:00:00,0.000742,0.000742,0.000742,0.000742,0.0
2026-01-17 04:00:00,0.000742,0.000742,0.000742,0.000742,0.0
2026-01-17 08:00:00,0.000742,0.000742,0.000742,0.000742,0.0
2026-01-17 12:00:00,0.000742,0.000742,0.000742,0.000742,0.0
2026-01-17 16:00:00,0.000742,0.000742,0.000742,0.000742,0.0
2026-01-17 20:00:00,0.000742,0.000742,0.000742,0.000742,0.0
2026-01-18 00:00:00,0.000742,0.000742,0.000742,0.000742,0.0
2026-01-18 04:00:00,0.000742,0.000742,0.000742,0.000742,0.0
2026-01-18 08:00:00,0.000742,0.000742,0.000742,0.000742,0.0
2026-01-18 12:00:00,0.000742,0.000742,0.000742,0.000742,0.0
2026-01-18 16:00:00,0.000742,0.000742,0.000742,0.000742,0.0
2026-01-18 20:00:00,0.000742,0.000742,0.000742,0.000742,0.0
2026-01-19 00:00:00,0.000742,0.000742,0.000742,0.000742,0.0
2026-01-19 04:00:00,0.000742,0.000742,0.000742,0.000742,0.0
2026-01-19 08:00:00,0.000742,0.000742,0.000742,0.000742,0.0
2026-01-19 12:00:00,0.000742,0.000742,0.000742,0.000742,0.0
2026-01-19 16:00:00,0.000742,0.000742,0.000742,0.000742,0.0
2026-01-19 20:00:00,0.000742,0.000742,0.000742,0.000742,0.0
2026-01-20 00:00:00,0.000742,0.000742,0.000742,0.000742,0.0
2026-01-20 04:00:00,0.000742,0.000742,0.000742,0.000742,0.0
2026-01-20 08:00:00,0.000742,0.000742,0.000742,0.000742,0.0
2026-01-20 12:00:00,0.000742,0.000742,0.000742,0.000742,0.0
2026-01-20 16:00:00,0.000742,0.000742,0.000742,0.000742,0.0
2026-01-20 20:00:00,0.000742,0.000742,0.000742,0.000742,0.0
2026-01-21 00:00:00,0.000742,0.000742,0.000742,0.000742,0.0
2026-01-21 04:00:00,0.000742,0.000742,0.000742,0.000742,0.0
2026-01-21 08:00:00,0.000742,0.000742,0.000742,0.000742,0.0
2026-01-21 12:00:00,0.000742,0.000742,0.000742,0.000742,0.0
2026-01-21 16:00:00,0.000742,0.000742,0.000742,0.000742,0.0
2026-01-21 20:00:00,0.000742,0.000742,0.000742,0.000742,0.0
2026-01-22 00:00:00,0.000742,0.000742,0.000742,0.000742,0.0
2026-01-22 04:00:00,0.000742,0.000742,0.000742,0.000742,0.0
2026-01-22 08:00:00,0.000742,0.000742,0.000742,0.000742,0.0
2026-01-22 12:00:00,0.000742,0.000742,0.000742,0.000742,0.0
2026-01-22 16:00:00,0.000742,0.000742,0.000742,0.000742,0.0
2026-01-22 20:00:00,0.000742,0.000742,0.000742,0.000742,0.0
2026-01-23 00:00:00,0.000742,0.000742,0.000742,0.000742,0.0
2026-01-23 04:00:00,0.000742,0.000742,0.000742,0.000742,0.0
2026-01-23 08:00:00,0.000742,0.000742,0.000742,0.000742,0.0
2026-01-23 12:00:00,0.000742,0.000742,0.000742,0.000742,0.0
2026-01-23 16:00:00,0.000742,0.000742,0.000742,0.000742,0.0
2026-01-23 20:00:00,0.000742,0.000742,0.000742,0.000742,0.0
2026-01-24 00:00:00,0.000742,0.000742,0.000742,0.000742,0.0
2026-01-24 04:00:00,0.000742,0.000742,0.000742,0.000742,0.0
2026-01-24 08:00:00,0.000742,0.000742,0.000742,0.000742,0.0
2026-01-24 12:00:00,0.000742,0.000742,0.000742,0.000742,0.0
2026-01-24 16:00:00,0.000742,0.000742,0.000742,0.000742,0.0
2026-01-24 20:00:00,0.000742,0.000742,0.000742,0.000742,0.0
2026-01-25 00:00:00,0.000742,0.000742,0.000742,0.000742,0.0
2026-01-25 04:00:00,0.000742,0.000742,0.000742,0.000742,0.0
2026-01-25 08:00:00,0.000742,0.000742,0.000742,0.000742,0.0
2026-01-25 12:00:00,0.000742,0.000742,0.000742,0.000742,0.0
2026-01-25 16:00:00,0.000742,0.000742,0.000742,0.000742,0.0
2026-01-25 20:00:00,0.000742,0.000742,0.000742,0.000742,0.0
2026-01-26 00:00:00,0.000742,0.000742,0.000742,0.000742,0.0
2026-01-26 04:00:00,0.000742,0.000742,0.000742,0.000742,0.0
2026-01-26 08:00:00,0.000742,0.000742,0.000742,0.000742,0.0
2026-01-26 12:00:00,0.000742,0.000742,0.000742,0.000742,0.0
2026-01-26 16:00:00,0.000742,0.000742,0.000742,0.000742,0.0
2026-01-26 20:00:00,0.000742,0.000742,0.000742,0.000742,0.0
2026-01-27 00:00:00,0.000742,0.000742,0.000742,0.000742,0.0
2026-01-27 04:00:00,0.000742,0.000742,0.000742,0.000742,0.0
2026-01-27 08:00:00,0.000742,0.000742,0.000742,0.000742,0.0
2026-01-27 12:00:00,0.000742,0.000742,0.000742,0.000742,0.0
2026-01-27 16:00:00,0.000742,0.000742,0.000742,0.000742,0.0
2026-01-27 20:00:00,0.000742,0.000742,0.000742,0.000742,0.0
2026-01-28 00:00:00,0.000742,0.000742,0.000742,0.000742,0.0
2026-01-28 04:00:00,0.000742,0.000742,0.000742,0.000742,0.0
2026-01-28 08:00:00,0.000742,0.000742,0.000742,0.000742,0.0
2026-01-28 12:00:00,0.000742,0.000742,0.000742,0.000742,0.0
2026-01-28 16:00:00,0.000742,0.000742,0.000742,0.000742,0.0
2026-01-28 20:00:00,0.000742,0.000742,0.000742,0.000742,0.0
2026-01-29 00:00:00,0.000742,0.000742,0.000742,0.000742,0.0
2026-01-29 04:00:00,0.000742,0.000742,0.000742,0.000742,0.0
2026-01-29 08:00:00,0.000742,0.000742,0.000742,0.000742,0.0
2026-01-29 12:00:00,0.000742,0.000742,0.000742,0.000742,0.0
2026-01-29 16:00:00,0.000742,0.000742,0.000742,0.000742,0.0
2026-01-29 20:00:00,0.000742,0.000742,0.000742,0.000742,0.0
2026-01-30 00:00:00,0.000742,0.000742,0.000742,0.000742,0.0
2026-01-30 04:00:00,0.000742,0.000742,0.000742,0.000742,0.0
2026-01-30 08:00:00,0.000742,0.000742,0.000742,0.000742,0.0
2026-01-30 12:00:00,0.000742,0.000742,0.000742,0.000742,0.0
2026-01-30 16:00:00,0.000742,0.000742,0.000742,0.000742,0.0
2026-01-30 20:00:00,0.000742,0.000742,0.000742,0.000742,0.0
2026-01-31 00:00:00,0.000742,0.000742,0.000742,0.000742,0.0
2026-01-31 04:00:00,0.000742,0.000742,0.000742,0.000742,0.0
2026-01-31 08:00:00,0.000742,0.000742,0.000742,0.000742,0.0
2026-01-31 12:00:00,0.000742,0.000742,0.000742,0.000742,0.0
2026-01-31 16:00:00,0.000742,0.000742,0.000742,0.000742,0.0
2026-01-31 20:00:00,0.000742,0.000742,0.000742,0.000742,0.0
2026-02-01 00:00:00,0.000742,0.000742,0.000742,0.000742,0.0
2026-02-01 04:00:00,0.000742,0.000742,0.000742,0.000742,0.0
2026-02-01 08:00:00,0.000742,0.000742,0.000742,0.000742,0.0
2026-02-01 12:00:00,0.000742,0.000742,0.000742,0.000742,0.0
2026-02-01 16:00:00,0.000742,0.000742,0.000742,0.000742,0.0
2026-02-01 20:00:00,0.000742,0.000742,0.000742,0.000742,0.0
2026-02-02 00:00:00,0.000742,0.000742,0.000742,0.000742,0.0
2026-02-02 04:00:00,0.000742,0.000742,0.000742,0.000742,0.0
2026-02-02 08:00:00,0.000742,0.000742,0.000742,0.000742,0.0
2026-02-02 12:00:00,0.000742,0.000742,0.000742,0.000742,0.0
2026-02-02 16:00:00,0.000742,0.000742,0.000742,0.000742,0.0
2026-02-02 20:00:00,0.000742,0.000742,0.000742,0.000742,0.0
2026-02-03 00:00:00,0.000742,0.000742,0.000742,0.000742,0.0
2026-02-03 04:00:00,0.000742,0.000742,0.000742,0.000742,0.0
2026-02-03 08:00:00,0.000742,0.000742,0.000742,0.000742,0.0
2026-02-03 12:00:00,0.000742,0.000742,0.000742,0.000742,0.0
2026-02-03 16:00:00,0.000742,0.000742,0.000742,0.000742,0.0
2026-02-03 20:00:00,0.000742,0.000742,0.000742,0.000742,0.0
2026-02-04 00:00:00,0.000742,0.000742,0.000742,0.000742,0.0
2026-02-04 04:00:00,0.000742,0.000742,0.000742,0.000742,0.0
2026-02-04 08:00:00,0.000742,0.000742,0.000742,0.000742,0.0
2026-02-04 12:00:00,0.000742,0.000742,0.000742,0.000742,0.0
2026-02-04 16:00:00,0.000742,0.000742,0.000742,0.000742,0.0
2026-02-04 20:00:00,0.000742,0.000742,0.000742,0.000742,0.0
2026-02-05 00:00:00,0.000742,0.000742,0.000742,0.000742,0.0
2026-02-05 04:00:00,0.000742,0.000742,0.000742,0.000742,0.0
2026-02-05 08:00:00,0.000742,0.000742,0.000742,0.000742,0.0
2026-02-05 12:00:00,0.000742,0.000742,0.000742,0.000742,0.0
2026-02-05 16:00:00,0.000742,0.000742,0.000742,0.000742,0.0
2026-02-05 20:00:00,0.000742,0.000742,0.000742,0.000742,0.0
2026-02-06 00:00:00,0.000742,0.000742,0.000742,0.000742,0.0
2026-02-06 04:00:00,0.000742,0.000742,0.000742,0.000742,0.0
2026-02-06 08:00:00,0.000742,0.000742,0.000742,0.000742,0.0
2026-02-06 12:00:00,0.000742,0.000742,0.000742,0.000742,0.0
2026-02-06 16:00:00,0.000742,0.000742,0.000742,0.000742,0.0
2026-02-06 20:00:00,0.000742,0.000742,0.000742,0.000742,0.0
2026-02-07 00:00:00,0.000742,0.000742,0.000742,0.000742,0.0
2026-02-07 04:00:00,0.000742,0.000742,0.000742,0.000742,0.0
2026-02-07 08:00:00,0.000742,0.000742,0.000742,0.000742,0.0
2026-02-07 12:00:00,0.000742,0.000742,0.000742,0.000742,0.0
2026-02-07 16:00:00,0.000742,0.000742,0.000742,0.000742,0.0
2026-02-07 20:00:00,0.000742,0.000742,0.000742,0.000742,0.0
2026-02-08 00:00:00,0.000742,0.000742,0.000742,0.000742,0.0
2026-02-08 04:00:00,0.000742,0.000742,0.000742,0.000742,0.0
2026-02-08 08:00:00,0.000742,0.000742,0.000742,0.000742,0.0
2026-02-08 12:00:00,0.000742,0.000742,0.000742,0.000742,0.0
2026-02-08 16:00:00,0.000742,0.000742,0.000742,0.000742,0.0
2026-02-08 20:00:00,0.000742,0.000742,0.000742,0.000742,0.0
2026-02-09 00:00:00,0.000742,0.000742,0.000742,0.000742,0.0
2026-02-09 04:00:00,0.000742,0.000742,0.000742,0.000742,0.0
2026-02-09 08:00:00,0.000742,0.000742,0.000742,0.000742,0.0
2026-02-09 12:00:00,0.000742,0.000742,0.000742,0.000742,0.0
2026-02-09 16:00:00,0.000742,0.000742,0.000742,0.000742,0.0
2026-02-09 20:00:00,0.000742,0.000742,0.000742,0.000742,0.0
2026-02-10 00:00:00,0.000742,0.000742,0.000742,0.000742,0.0
2026-02-10 04:00:00,0.000742,0.000742,0.000742,0.000742,0.0
2026-02-10 08:00:00,0.000742,0.000742,0.000742,0.000742,0.0
2026-02-10 12:00:00,0.000742,0.000742,0.000742,0.000742,0.0
2026-02-10 16:00:00,0.000742,0.000742,0.000742,0.000742,0.0
2026-02-10 20:00:00,0.000742,0.000742,0.000742,0.000742,0.0
2026-02-11 00:00:00,0.000742,0.000742,0.000742,0.000742,0.0
2026-02-11 04:00:00,0.000742,0.000742,0.000742,0.000742,0.0
2026-02-11 08:00:00,0.000742,0.000742,0.000742,0.000742,0.0
2026-02-11 12:00:00,0.000742,0.000742,0.000742,0.000742,0.0
2026-02-11 16:00:00,0.000742,0.000742,0.000742,0.000742,0.0
2026-02-11 20:00:00,0.000742,0.000742,0.000742,0.000742,0.0
2026-02-12 00:00:00,0.000742,0.000742,0.000742,0.000742,0.0
2026-02-12 04:00:00,0.000742,0.000742,0.000742,0.000742,0.0
2026-02-12 08:00:00,0.000742,0.000742,0.000742,0.000742,0.0
2026-02-12 12:00:00,0.000742,0.000742,0.000742,0.000742,0.0
2026-02-12 16:00:00,0.000742,0.000742,0.000742,0.000742,0.0
2026-02-12 20:00:00,0.000742,0.000742,0.000742,0.000742,0.0
2026-02-13 00:00:00,0.000742,0.000742,0.000742,0.000742,0.0
2026-02-13 04:00:00,0.000742,0.000742,0.000742,0.000742,0.0
2026-02-13 08:00:00,0.000742,0.000742,0.000742,0.000742,0.0
2026-02-13 12:00:00,0.000742,0.000742,0.000742,0.000742,0.0
2026-02-13 16:00:00,0.000742,0.000742,0.000742,0.000742,0.0
2026-02-13 20:00:00,0.000742,0.000742,0.000742,0.000742,0.0
2026-02-14 00:00:00,0.000742,0.000742,0.000742,0.000742,0.0
2026-02-14 04:00:00,0.000742,0.000742,0.000742,0.000742,0.0
2026-02-14 08:00:00,0.000742,0.000742,0.000742,0.000742,0.0
2026-02-14 12:00:00,0.000742,0.000742,0.000742,0.000742,0.0
2026-02-14 16:00:00,0.000742,0.000742,0.000742,0.000742,0.0
2026-02-14 20:00:00,0.000742,0.000742,0.000742,0.000742,0.0
2026-02-15 00:00:00,0.000742,0.000742,0.000742,0.000742,0.0
2026-02-15 04:00:00,0.000742,0.000742,0.000742,0.000742,0.0
2026-02-15 08:00:00,0.000742,0.000742,0.000742,0.000742,0.0
2026-02-15 12:00:00,0.000742,0.000742,0.000742,0.000742,0.0
2026-02-15 16:00:00,0.000742,0.000742,0.000742,0.000742,0.0
2026-02-15 20:00:00,0.000742,0.000742,0.000742,0.000742,0.0
2026-02-16 00:00:00,0.000742,0.000742,0.000742,0.000742,0.0
2026-02-16 04:00:00,0.000742,0.000742,0.000742,0.000742,0.0
2026-02-16 08:00:00,0.000742,0.000742,0.000742,0.000742,0.0
2026-02-16 12:00:00,0.000742,0.000742,0.000742,0.000742,0.0
2026-02-16 16:00:00,0.000742,0.000742,0.000742,0.000742,0.0
2026-02-16 20:00:00,0.000742,0.000742,0.000742,0.000742,0.0
