datetime,open,high,low,close,volume
2025-04-25 04:00:00,0.001758,0.00196,0.001758,0.001818,2301400165.0
2025-04-25 08:00:00,0.001815,0.002143,0.001752,0.002066,10214878668.0
2025-04-25 12:00:00,0.002067,0.003119,0.002001,0.002501,39999832453.0
2025-04-25 16:00:00,0.0025,0.00264,0.001857,0.002444,42857106438.0
2025-04-25 20:00:00,0.002445,0.00275,0.002266,0.002559,15172399902.0
2025-04-26 00:00:00,0.002558,0.002764,0.002297,0.002412,17745028962.0
2025-04-26 04:00:00,0.002412,0.002789,0.002408,0.002679,16569891998.0
2025-04-26 08:00:00,0.002678,0.002937,0.002518,0.002611,22062809135.0
2025-04-26 12:00:00,0.00261,0.002988,0.002514,0.002779,21263286191.0
2025-04-26 16:00:00,0.002779,0.003149,0.002703,0.002902,25471531151.0
2025-04-26 20:00:00,0.002903,0.003105,0.002851,0.002947,7038357565.0
2025-04-27 00:00:00,0.002946,0.002995,0.002631,0.002934,10774331787.0
2025-04-27 04:00:00,0.002935,0.002984,0.00276,0.002942,7892051286.0
2025-04-27 08:00:00,0.002942,0.00331,0.002921,0.003154,16016460179.0
2025-04-27 12:00:00,0.003155,0.00336,0.003039,0.003247,15071474104.0
2025-04-27 16:00:00,0.003248,0.003712,0.003167,0.00349,13862508602.0
2025-04-27 20:00:00,0.003488,0.00357,0.003226,0.003374,5823419591.0
2025-04-28 00:00:00,0.003373,0.003527,0.003245,0.003465,6975654810.0
2025-04-28 04:00:00,0.003466,0.003467,0.0032,0.003324,5992447469.0
2025-04-28 08:00:00,0.003324,0.003484,0.003147,0.003382,6463985125.0
2025-04-28 12:00:00,0.003382,0.003582,0.003231,0.003521,5836622445.0
2025-04-28 16:00:00,0.00352,0.005369,0.003475,0.004997,37678789885.0
2025-04-28 20:00:00,0.004996,0.005303,0.00416,0.004487,24242452196.0
2025-04-29 00:00:00,0.004487,0.004654,0.004291,0.004487,8767554847.0
2025-04-29 04:00:00,0.004488,0.004571,0.00405,0.0043,10656613452.0
2025-04-29 08:00:00,0.0043,0.004321,0.003722,0.00376,11583038063.0
2025-04-29 12:00:00,0.00376,0.003844,0.003375,0.003394,10258045922.0
2025-04-29 16:00:00,0.003395,0.003527,0.003228,0.003376,10712641320.0
2025-04-29 20:00:00,0.003376,0.003736,0.003297,0.003522,8471922870.0
2025-04-30 00:00:00,0.003523,0.003649,0.003443,0.003588,4713284959.0
2025-04-30 04:00:00,0.003588,0.003689,0.003469,0.003572,4377981740.0
2025-04-30 08:00:00,0.003572,0.003647,0.003385,0.003559,4662568846.0
2025-04-30 12:00:00,0.003559,0.003618,0.003335,0.003581,4458896187.0
2025-04-30 16:00:00,0.003581,0.00397,0.003422,0.003471,8876285042.0
2025-04-30 20:00:00,0.003472,0.003658,0.003446,0.003577,2455356409.0
2025-05-01 00:00:00,0.003578,0.003643,0.00347,0.00357,2551771950.0
2025-05-01 04:00:00,0.00357,0.004031,0.00356,0.003831,5672677969.0
2025-05-01 08:00:00,0.003832,0.004293,0.00372,0.003935,8241607479.0
2025-05-01 12:00:00,0.003935,0.004156,0.003777,0.004107,6033861668.0
2025-05-01 16:00:00,0.004107,0.00445,0.003974,0.004311,13083187603.0
2025-05-01 20:00:00,0.00431,0.004441,0.004157,0.004345,5243436172.0
2025-05-02 00:00:00,0.004343,0.004455,0.00409,0.004151,6707012607.0
2025-05-02 04:00:00,0.004148,0.00434,0.004088,0.004281,4659402378.0
2025-05-02 08:00:00,0.004283,0.004876,0.00428,0.004549,12641845675.0
2025-05-02 12:00:00,0.004548,0.004592,0.00411,0.004299,7794304774.0
2025-05-02 16:00:00,0.004299,0.004534,0.004209,0.004415,4679877414.0
2025-05-02 20:00:00,0.004418,0.004507,0.004303,0.004368,2242565324.0
2025-05-03 00:00:00,0.004367,0.004592,0.0042,0.004513,3158539691.0
2025-05-03 04:00:00,0.004512,0.00455,0.00397,0.004342,5267617808.0
2025-05-03 08:00:00,0.004342,0.004621,0.004204,0.004271,5044956762.0
2025-05-03 12:00:00,0.00427,0.004571,0.004224,0.004462,3839941801.0
2025-05-03 16:00:00,0.004462,0.00454,0.004192,0.0045,5042880235.0
2025-05-03 20:00:00,0.004501,0.004696,0.004354,0.004566,3932830875.0
2025-05-04 00:00:00,0.004566,0.004877,0.004501,0.004672,7187195961.0
2025-05-04 04:00:00,0.00467,0.004794,0.0044,0.004585,8147962668.0
2025-05-04 08:00:00,0.004585,0.00548,0.004585,0.005084,13875291405.0
2025-05-04 12:00:00,0.005084,0.005342,0.004838,0.005137,18757655680.0
2025-05-04 16:00:00,0.005136,0.005451,0.005029,0.005044,12589869147.0
2025-05-04 20:00:00,0.005044,0.005231,0.004782,0.005112,8749178520.0
2025-05-05 00:00:00,0.005112,0.005141,0.004908,0.004959,6793232802.0
2025-05-05 04:00:00,0.00496,0.005173,0.004831,0.004976,6943953433.0
2025-05-05 08:00:00,0.004975,0.005222,0.004915,0.005102,8595130483.0
2025-05-05 12:00:00,0.005102,0.0053,0.004914,0.004958,11195194552.0
2025-05-05 16:00:00,0.004956,0.004965,0.004633,0.004717,7896266194.0
2025-05-05 20:00:00,0.004716,0.005071,0.004651,0.005017,4326993198.0
2025-05-06 00:00:00,0.005017,0.005347,0.00492,0.00531,6669401943.0
2025-05-06 04:00:00,0.00531,0.007189,0.005306,0.005587,20032765818.0
2025-05-06 08:00:00,0.005586,0.005664,0.005025,0.005271,14906106560.0
2025-05-06 12:00:00,0.005272,0.005399,0.00494,0.005073,7509921544.0
2025-05-06 16:00:00,0.005072,0.005566,0.004751,0.005368,13584898411.0
2025-05-06 20:00:00,0.005368,0.005824,0.005256,0.005507,7979854127.0
2025-05-07 00:00:00,0.005508,0.006048,0.005409,0.005803,6705285704.0
2025-05-07 04:00:00,0.005802,0.005835,0.00531,0.005395,6022524912.0
2025-05-07 08:00:00,0.005394,0.005983,0.005263,0.005904,7794722013.0
2025-05-07 12:00:00,0.005905,0.006188,0.005699,0.005903,10097526970.0
2025-05-07 16:00:00,0.005902,0.00626,0.005612,0.005839,11589503944.0
2025-05-07 20:00:00,0.005838,0.006077,0.005651,0.005846,4507024655.0
2025-05-08 00:00:00,0.005846,0.006158,0.005717,0.005961,5919275786.0
2025-05-08 04:00:00,0.005962,0.006365,0.005883,0.005954,5909625882.0
2025-05-08 08:00:00,0.005952,0.006004,0.005669,0.005923,5629903471.0
2025-05-08 12:00:00,0.005923,0.006264,0.005706,0.006194,5836195593.0
2025-05-08 16:00:00,0.006194,0.006232,0.002287,0.00269,95201602261.0
2025-05-08 20:00:00,0.002691,0.002728,0.002184,0.002396,36201868890.0
2025-05-09 00:00:00,0.002395,0.002417,0.002156,0.002235,19244026613.0
2025-05-09 04:00:00,0.002236,0.002629,0.002142,0.002503,21678037270.0
2025-05-09 08:00:00,0.002501,0.002572,0.002313,0.0024,17390549771.0
2025-05-09 12:00:00,0.002401,0.002401,0.00215,0.002267,17129208431.0
2025-05-09 16:00:00,0.002267,0.002295,0.001789,0.002207,39707390363.0
2025-05-09 20:00:00,0.002206,0.002224,0.002041,0.002068,8394494210.0
2025-05-10 00:00:00,0.002069,0.002148,0.001939,0.001981,9053364510.0
2025-05-10 04:00:00,0.001982,0.002047,0.001917,0.001987,9598472704.0
2025-05-10 08:00:00,0.001988,0.002009,0.00181,0.00192,16761681247.0
2025-05-10 12:00:00,0.00192,0.002013,0.001863,0.001911,9222758087.0
2025-05-10 16:00:00,0.001911,0.002329,0.00191,0.002177,21274951516.0
2025-05-10 20:00:00,0.002177,0.002336,0.002177,0.002217,9272176316.0
2025-05-11 00:00:00,0.002216,0.002298,0.002075,0.002131,8342976574.0
2025-05-11 04:00:00,0.002132,0.002158,0.002056,0.002132,5805056860.0
2025-05-11 08:00:00,0.002132,0.002153,0.001956,0.002028,6154954319.0
2025-05-11 12:00:00,0.002028,0.002081,0.001964,0.002027,5192938510.0
2025-05-11 16:00:00,0.002027,0.002092,0.001939,0.001986,5061797848.0
2025-05-11 20:00:00,0.001986,0.002147,0.00194,0.002087,4692006114.0
2025-05-12 00:00:00,0.002088,0.00212,0.001953,0.002041,4416433329.0
2025-05-12 04:00:00,0.00204,0.002116,0.001957,0.002045,6909644211.0
2025-05-12 08:00:00,0.002044,0.002122,0.001902,0.002013,9506567030.0
2025-05-12 12:00:00,0.002013,0.002089,0.001944,0.002063,6259638164.0
2025-05-12 16:00:00,0.002064,0.00209,0.001911,0.002032,7939354733.0
2025-05-12 20:00:00,0.002032,0.00206,0.001912,0.001984,8007182928.0
2025-05-13 00:00:00,0.001983,0.002074,0.001926,0.001949,5514967303.0
2025-05-13 04:00:00,0.001948,0.001996,0.001932,0.001959,2143361958.0
2025-05-13 08:00:00,0.00196,0.002024,0.001932,0.001997,2934922345.0
2025-05-13 12:00:00,0.001996,0.002046,0.001886,0.00204,5353293019.0
2025-05-13 16:00:00,0.002041,0.002272,0.001967,0.002097,10003304362.0
2025-05-13 20:00:00,0.002096,0.002125,0.002017,0.002074,2047655347.0
2025-05-14 00:00:00,0.002074,0.002196,0.002033,0.002168,2535730528.0
2025-05-14 04:00:00,0.002167,0.002221,0.002023,0.00207,4040630804.0
2025-05-14 08:00:00,0.00207,0.002072,0.002005,0.002028,2521426228.0
2025-05-14 12:00:00,0.002028,0.002038,0.001943,0.001993,2755750178.0
2025-05-14 16:00:00,0.001993,0.001996,0.001942,0.001967,1614545363.0
2025-05-14 20:00:00,0.001966,0.00199,0.001945,0.001983,1043878335.0
2025-05-15 00:00:00,0.001982,0.002034,0.001912,0.001927,1819460206.0
2025-05-15 04:00:00,0.001926,0.001962,0.001456,0.001715,7984358290.0
2025-05-15 08:00:00,0.001715,0.001721,0.001637,0.001657,3974823366.0
2025-05-15 12:00:00,0.001658,0.001733,0.001609,0.001722,3485451166.0
2025-05-15 16:00:00,0.001721,0.001792,0.001709,0.001749,2466880712.0
2025-05-15 20:00:00,0.001749,0.001874,0.001731,0.001806,2412723706.0
2025-05-16 00:00:00,0.001806,0.001969,0.001787,0.001898,3901319753.0
2025-05-16 04:00:00,0.001897,0.002024,0.001813,0.001829,3716668768.0
2025-05-16 08:00:00,0.001828,0.001986,0.001824,0.00193,4565221612.0
2025-05-16 12:00:00,0.00193,0.00197,0.001815,0.001822,3646505388.0
2025-05-16 16:00:00,0.001821,0.001833,0.001755,0.00179,1975215699.0
2025-05-16 20:00:00,0.00179,0.001814,0.001729,0.0018,1392250522.0
2025-05-17 00:00:00,0.001801,0.00181,0.00169,0.001723,1408762568.0
2025-05-17 04:00:00,0.001724,0.00175,0.001667,0.001689,1025585160.0
2025-05-17 08:00:00,0.001689,0.001782,0.001677,0.001771,1489747586.0
2025-05-17 12:00:00,0.00177,0.001829,0.001738,0.001806,1656293148.0
2025-05-17 16:00:00,0.001807,0.001844,0.00176,0.001804,1257838101.0
2025-05-17 20:00:00,0.001804,0.001837,0.001788,0.00183,739094089.0
2025-05-18 00:00:00,0.00183,0.001837,0.001782,0.001815,677170922.0
2025-05-18 04:00:00,0.001815,0.001864,0.001784,0.001821,1120031174.0
2025-05-18 08:00:00,0.001821,0.001896,0.001821,0.001829,1394289318.0
2025-05-18 12:00:00,0.001829,0.001861,0.001823,0.001851,892559515.0
2025-05-18 16:00:00,0.00185,0.001856,0.001758,0.001835,1497453162.0
2025-05-18 20:00:00,0.001836,0.001915,0.001787,0.001883,1376357336.0
2025-05-19 00:00:00,0.001883,0.002016,0.001821,0.001888,2818250487.0
2025-05-19 04:00:00,0.001888,0.001939,0.001823,0.001893,2230263977.0
2025-05-19 08:00:00,0.001892,0.001933,0.001864,0.001886,2197994583.0
2025-05-19 12:00:00,0.001886,0.001908,0.001831,0.001897,1632892765.0
2025-05-19 16:00:00,0.001897,0.001898,0.001801,0.001818,1517057506.0
2025-05-19 20:00:00,0.001818,0.001883,0.001788,0.001869,756165398.0
2025-05-20 00:00:00,0.001869,0.001876,0.001805,0.00183,948188137.0
2025-05-20 04:00:00,0.001829,0.001841,0.001791,0.001811,754994743.0
2025-05-20 08:00:00,0.001811,0.001837,0.001797,0.001809,857997883.0
2025-05-20 12:00:00,0.001809,0.001813,0.001745,0.001786,1139627118.0
2025-05-20 16:00:00,0.001785,0.00181,0.001736,0.001788,635086856.0
2025-05-20 20:00:00,0.001787,0.001823,0.001774,0.0018,719157160.0
2025-05-21 00:00:00,0.001801,0.001805,0.001748,0.001769,888898978.0
2025-05-21 04:00:00,0.001769,0.001802,0.001752,0.001762,741252971.0
2025-05-21 08:00:00,0.001762,0.001782,0.001752,0.001774,606367381.0
2025-05-21 12:00:00,0.001775,0.001799,0.001757,0.001797,610623419.0
2025-05-21 16:00:00,0.001796,0.001823,0.001745,0.001793,1483329854.0
2025-05-21 20:00:00,0.001792,0.001794,0.001762,0.001781,362587470.0
2025-05-22 00:00:00,0.00178,0.001806,0.001762,0.001787,608849146.0
2025-05-22 04:00:00,0.001787,0.001793,0.00177,0.001779,466216760.0
2025-05-22 08:00:00,0.001779,0.0018,0.001757,0.001771,849122919.0
2025-05-22 12:00:00,0.001771,0.001777,0.001703,0.001741,1235570109.0
2025-05-22 16:00:00,0.001742,0.001754,0.001723,0.001753,437367657.0
2025-05-22 20:00:00,0.001753,0.001802,0.001749,0.001781,682052196.0
2025-05-23 00:00:00,0.00178,0.001794,0.001753,0.001785,724871321.0
2025-05-23 04:00:00,0.001784,0.001799,0.001744,0.001752,653155715.0
2025-05-23 08:00:00,0.001752,0.001783,0.001659,0.001677,1089430923.0
2025-05-23 12:00:00,0.001677,0.001715,0.001655,0.001695,1444172343.0
2025-05-23 16:00:00,0.001695,0.001704,0.001686,0.001687,481501067.0
2025-05-23 20:00:00,0.001687,0.001693,0.001607,0.001643,908347848.0
2025-05-24 00:00:00,0.001641,0.001685,0.001626,0.001682,470105752.0
2025-05-24 04:00:00,0.001682,0.001782,0.001677,0.001711,1370966896.0
2025-05-24 08:00:00,0.001712,0.001724,0.001694,0.001714,514666059.0
2025-05-24 12:00:00,0.001715,0.001732,0.001701,0.001725,432345083.0
2025-05-24 16:00:00,0.001725,0.001744,0.001715,0.001722,445186982.0
2025-05-24 20:00:00,0.001722,0.001729,0.001702,0.001708,275161463.0
2025-05-25 00:00:00,0.001707,0.001734,0.001675,0.001701,680559975.0
2025-05-25 04:00:00,0.001702,0.001706,0.001652,0.001667,450164894.0
2025-05-25 08:00:00,0.001667,0.001668,0.001621,0.001626,585975087.0
2025-05-25 12:00:00,0.001625,0.001653,0.001603,0.001619,589371659.0
2025-05-25 16:00:00,0.00162,0.001644,0.001603,0.001639,434348064.0
2025-05-25 20:00:00,0.001639,0.001669,0.001613,0.001658,417293844.0
2025-05-26 00:00:00,0.001658,0.001664,0.001641,0.001653,307632686.0
2025-05-26 04:00:00,0.001653,0.001677,0.001648,0.001673,353595198.0
2025-05-26 08:00:00,0.001672,0.001675,0.001642,0.001647,316754531.0
2025-05-26 12:00:00,0.001646,0.00165,0.001579,0.001603,713331466.0
2025-05-26 16:00:00,0.001603,0.001609,0.001565,0.001588,531282864.0
2025-05-26 20:00:00,0.001589,0.001628,0.00158,0.001607,340278352.0
2025-05-27 00:00:00,0.001606,0.001606,0.001558,0.00159,610153356.0
2025-05-27 04:00:00,0.00159,0.001605,0.001577,0.001599,358535280.0
2025-05-27 08:00:00,0.001599,0.001603,0.001571,0.001582,744344856.0
2025-05-27 12:00:00,0.001581,0.001616,0.001577,0.001609,938146581.0
2025-05-27 16:00:00,0.001608,0.001708,0.001602,0.001682,1447519775.0
2025-05-27 20:00:00,0.001681,0.001757,0.001658,0.00167,1350309982.0
2025-05-28 00:00:00,0.00167,0.001795,0.001651,0.001676,2443002918.0
2025-05-28 04:00:00,0.001675,0.001675,0.001607,0.001627,779349746.0
2025-05-28 08:00:00,0.001627,0.001644,0.00161,0.001624,634698625.0
2025-05-28 12:00:00,0.001625,0.001635,0.001586,0.001602,1011404861.0
2025-05-28 16:00:00,0.001602,0.001607,0.001581,0.001587,532612234.0
2025-05-28 20:00:00,0.001586,0.001618,0.001581,0.001611,323701304.0
2025-05-29 00:00:00,0.001612,0.001644,0.001601,0.001637,517357368.0
2025-05-29 04:00:00,0.001638,0.001641,0.001606,0.001625,411020244.0
2025-05-29 08:00:00,0.001625,0.001637,0.00161,0.001619,337180023.0
2025-05-29 12:00:00,0.001619,0.001623,0.001586,0.001594,498190550.0
2025-05-29 16:00:00,0.001593,0.001601,0.001547,0.00155,568568668.0
2025-05-29 20:00:00,0.00155,0.001595,0.001541,0.001562,423016053.0
2025-05-30 00:00:00,0.001561,0.001574,0.001475,0.001549,1611502314.0
2025-05-30 04:00:00,0.00155,0.001559,0.00149,0.001508,750734758.0
2025-05-30 08:00:00,0.001509,0.001525,0.001489,0.001522,445138893.0
2025-05-30 12:00:00,0.001522,0.001532,0.001493,0.001501,446228337.0
2025-05-30 16:00:00,0.001501,0.00151,0.00141,0.001441,1232169676.0
2025-05-30 20:00:00,0.001441,0.001445,0.001313,0.001324,2017716468.0
2025-05-31 00:00:00,0.001325,0.001537,0.001281,0.00151,3601300038.0
2025-05-31 04:00:00,0.00151,0.001528,0.001382,0.001404,2440603462.0
2025-05-31 08:00:00,0.001403,0.001482,0.001361,0.001396,1529968931.0
2025-05-31 12:00:00,0.001396,0.001441,0.001388,0.001399,859131570.0
2025-05-31 16:00:00,0.0014,0.001443,0.00139,0.001424,375132383.0
2025-05-31 20:00:00,0.001425,0.001475,0.001412,0.001427,995323104.0
2025-06-01 00:00:00,0.001428,0.00144,0.001402,0.00143,364653539.0
2025-06-01 04:00:00,0.00143,0.001436,0.00139,0.0014,309771749.0
2025-06-01 08:00:00,0.001401,0.001414,0.001372,0.001397,407628972.0
2025-06-01 12:00:00,0.001396,0.001443,0.00139,0.001409,398400135.0
2025-06-01 16:00:00,0.001409,0.001433,0.001386,0.001405,403552850.0
2025-06-01 20:00:00,0.001405,0.001431,0.001395,0.001412,350094662.0
2025-06-02 00:00:00,0.001412,0.001419,0.001376,0.001388,405319133.0
2025-06-02 04:00:00,0.001387,0.001398,0.001366,0.001374,482350692.0
2025-06-02 08:00:00,0.001373,0.001383,0.001347,0.001367,582410773.0
2025-06-02 12:00:00,0.001367,0.00139,0.001358,0.001383,326182027.0
2025-06-02 16:00:00,0.001384,0.001408,0.001367,0.001377,343237019.0
2025-06-02 20:00:00,0.001376,0.001418,0.001376,0.001398,511580618.0
2025-06-03 00:00:00,0.001399,0.001425,0.001381,0.00139,955841183.0
2025-06-03 04:00:00,0.00139,0.001402,0.00138,0.001385,278270419.0
2025-06-03 08:00:00,0.001386,0.001396,0.001373,0.001378,280277410.0
2025-06-03 12:00:00,0.001379,0.0014,0.001372,0.001391,357137786.0
2025-06-03 16:00:00,0.001392,0.001407,0.001382,0.001401,323366237.0
2025-06-03 20:00:00,0.001401,0.001401,0.001343,0.001371,428622272.0
2025-06-04 00:00:00,0.001372,0.001395,0.001356,0.001373,344872313.0
2025-06-04 04:00:00,0.001373,0.00138,0.001362,0.001371,176859608.0
2025-06-04 08:00:00,0.001371,0.001382,0.001346,0.001351,292870779.0
2025-06-04 12:00:00,0.001352,0.001372,0.00133,0.001368,425235867.0
2025-06-04 16:00:00,0.001368,0.001369,0.001344,0.001346,256715498.0
2025-06-04 20:00:00,0.001345,0.001347,0.001318,0.001336,421939116.0
2025-06-05 00:00:00,0.001335,0.001357,0.001332,0.001345,215680831.0
2025-06-05 04:00:00,0.001345,0.00135,0.001319,0.001327,321290209.0
2025-06-05 08:00:00,0.001327,0.001332,0.001311,0.001319,318444201.0
2025-06-05 12:00:00,0.001319,0.00134,0.001287,0.001305,620305102.0
2025-06-05 16:00:00,0.001304,0.001307,0.001211,0.001233,1190368383.0
2025-06-05 20:00:00,0.001233,0.001237,0.001191,0.00122,1516822262.0
2025-06-06 00:00:00,0.001219,0.00127,0.001217,0.001261,1087603025.0
2025-06-06 04:00:00,0.001262,0.001283,0.001258,0.001279,397339406.0
2025-06-06 08:00:00,0.00128,0.001292,0.001272,0.00128,355632608.0
2025-06-06 12:00:00,0.001281,0.0013,0.001275,0.001286,354041500.0
2025-06-06 16:00:00,0.001286,0.001294,0.00125,0.001252,320895515.0
2025-06-06 20:00:00,0.001251,0.001262,0.001229,0.001247,236195754.0
2025-06-07 00:00:00,0.001247,0.001282,0.001241,0.001278,335110210.0
2025-06-07 04:00:00,0.001277,0.001297,0.00127,0.001292,222514569.0
2025-06-07 08:00:00,0.001292,0.001295,0.001281,0.001286,140300379.0
2025-06-07 12:00:00,0.001287,0.001298,0.001274,0.001283,188967225.0
2025-06-07 16:00:00,0.001284,0.001286,0.001265,0.001279,186837172.0
2025-06-07 20:00:00,0.001278,0.001293,0.001275,0.001289,116480655.0
2025-06-08 00:00:00,0.001288,0.001296,0.001278,0.001287,153083974.0
2025-06-08 04:00:00,0.001287,0.001293,0.001265,0.001267,204391305.0
2025-06-08 08:00:00,0.001268,0.001282,0.001255,0.001279,216002794.0
2025-06-08 12:00:00,0.00128,0.001287,0.001271,0.001278,169382475.0
2025-06-08 16:00:00,0.001278,0.001309,0.001277,0.001301,269642865.0
2025-06-08 20:00:00,0.001301,0.001309,0.001284,0.001289,156329462.0
2025-06-09 00:00:00,0.001288,0.001382,0.001288,0.001349,2706246958.0
2025-06-09 04:00:00,0.00135,0.001371,0.001311,0.001323,991108877.0
2025-06-09 08:00:00,0.001322,0.001352,0.001306,0.001346,761393111.0
2025-06-09 12:00:00,0.001346,0.001352,0.00131,0.001318,451515907.0
2025-06-09 16:00:00,0.001318,0.001335,0.00131,0.001313,296946182.0
2025-06-09 20:00:00,0.001313,0.001355,0.001313,0.001349,357714681.0
2025-06-10 00:00:00,0.00135,0.001355,0.001325,0.001336,446989086.0
2025-06-10 04:00:00,0.001336,0.001339,0.001306,0.001322,418021876.0
2025-06-10 08:00:00,0.001322,0.001357,0.001319,0.00135,424815338.0
2025-06-10 12:00:00,0.001351,0.001363,0.001322,0.001339,498235658.0
2025-06-10 16:00:00,0.001339,0.001359,0.001334,0.00135,281641322.0
2025-06-10 20:00:00,0.00135,0.00136,0.00134,0.001357,182795176.0
2025-06-11 00:00:00,0.001358,0.001358,0.001329,0.00134,220971806.0
2025-06-11 04:00:00,0.001339,0.00134,0.001299,0.00131,296178882.0
2025-06-11 08:00:00,0.001309,0.001326,0.001292,0.001302,306578857.0
2025-06-11 12:00:00,0.001303,0.00134,0.001285,0.001335,608530987.0
2025-06-11 16:00:00,0.001336,0.001343,0.001283,0.001285,530653199.0
2025-06-11 20:00:00,0.001286,0.001302,0.00125,0.001268,489705985.0
2025-06-12 00:00:00,0.001269,0.001378,0.001248,0.001264,2670749511.0
2025-06-12 04:00:00,0.001265,0.001283,0.001257,0.001264,258131955.0
2025-06-12 08:00:00,0.001263,0.001279,0.001225,0.001229,418138169.0
2025-06-12 12:00:00,0.001229,0.001259,0.001218,0.001228,356459776.0
2025-06-12 16:00:00,0.001227,0.001259,0.001212,0.001221,389820184.0
2025-06-12 20:00:00,0.00122,0.001226,0.00119,0.001199,542683069.0
2025-06-13 00:00:00,0.001199,0.001203,0.00112,0.001158,1504866544.0
2025-06-13 04:00:00,0.001158,0.00117,0.001124,0.001127,448141371.0
2025-06-13 08:00:00,0.001127,0.00118,0.001099,0.001147,1582968376.0
2025-06-13 12:00:00,0.001148,0.001155,0.001123,0.001145,441066311.0
2025-06-13 16:00:00,0.001146,0.001166,0.001141,0.001156,375822396.0
2025-06-13 20:00:00,0.001156,0.001171,0.001152,0.001163,167297188.0
2025-06-14 00:00:00,0.001163,0.001179,0.001158,0.001163,217177533.0
2025-06-14 04:00:00,0.001164,0.001178,0.001161,0.001171,125191166.0
2025-06-14 08:00:00,0.00117,0.001171,0.001158,0.001168,140783514.0
2025-06-14 12:00:00,0.001168,0.001186,0.001155,0.001164,165483396.0
2025-06-14 16:00:00,0.001163,0.001165,0.001136,0.001148,229450775.0
2025-06-14 20:00:00,0.001148,0.001166,0.001135,0.001165,131759402.0
2025-06-15 00:00:00,0.001164,0.001168,0.001148,0.001159,152181059.0
2025-06-15 04:00:00,0.001159,0.001179,0.001158,0.001163,118108989.0
2025-06-15 08:00:00,0.001162,0.001449,0.001157,0.001418,19265402638.0
2025-06-15 12:00:00,0.001417,0.001679,0.001391,0.001535,79278706091.0
2025-06-15 16:00:00,0.001536,0.001582,0.001448,0.00147,23120945355.0
2025-06-15 20:00:00,0.001471,0.001534,0.001419,0.00143,8978613645.0
2025-06-16 00:00:00,0.001429,0.001451,0.001382,0.001411,8649437688.0
2025-06-16 04:00:00,0.00141,0.001505,0.001394,0.001397,10264597555.0
2025-06-16 08:00:00,0.001398,0.001398,0.0013,0.001319,8271753914.0
2025-06-16 12:00:00,0.001318,0.001337,0.00128,0.001325,4236747647.0
2025-06-16 16:00:00,0.001325,0.001334,0.001302,0.001327,2343121505.0
2025-06-16 20:00:00,0.001326,0.001338,0.001286,0.001323,2883365576.0
2025-06-17 00:00:00,0.001322,0.001382,0.001291,0.001356,3118172597.0
2025-06-17 04:00:00,0.001356,0.001382,0.001251,0.001351,3904826609.0
2025-06-17 08:00:00,0.001351,0.001352,0.001269,0.0013,2410446543.0
2025-06-17 12:00:00,0.0013,0.001311,0.001277,0.001298,1354705908.0
2025-06-17 16:00:00,0.001299,0.001317,0.001272,0.001305,1054040875.0
2025-06-17 20:00:00,0.001306,0.00133,0.001291,0.001302,926913943.0
2025-06-18 00:00:00,0.001301,0.001306,0.001242,0.001247,1115936091.0
2025-06-18 04:00:00,0.001248,0.001261,0.001224,0.001252,662109905.0
2025-06-18 08:00:00,0.001253,0.001256,0.001196,0.00122,977203647.0
2025-06-18 12:00:00,0.001221,0.001232,0.001188,0.001213,1078197437.0
2025-06-18 16:00:00,0.001213,0.001221,0.001198,0.001207,602365952.0
2025-06-18 20:00:00,0.001207,0.001234,0.001204,0.001212,504942821.0
2025-06-19 00:00:00,0.001212,0.001225,0.001183,0.001209,740190280.0
2025-06-19 04:00:00,0.001209,0.001212,0.001172,0.001181,477807924.0
2025-06-19 08:00:00,0.001182,0.001195,0.001176,0.001181,359979953.0
2025-06-19 12:00:00,0.001181,0.001184,0.001161,0.001171,507829564.0
2025-06-19 16:00:00,0.001172,0.001185,0.001154,0.001169,499521783.0
2025-06-19 20:00:00,0.001168,0.001181,0.001157,0.00117,401761678.0
2025-06-20 00:00:00,0.001169,0.001171,0.001139,0.001167,831521583.0
2025-06-20 04:00:00,0.001168,0.001183,0.001151,0.001179,448261361.0
2025-06-20 08:00:00,0.00118,0.001213,0.001172,0.00121,546369450.0
2025-06-20 12:00:00,0.00121,0.00121,0.001161,0.001168,832081857.0
2025-06-20 16:00:00,0.001168,0.001172,0.001135,0.00116,756730925.0
2025-06-20 20:00:00,0.001159,0.001167,0.001123,0.001131,336127350.0
2025-06-21 00:00:00,0.001131,0.001137,0.001115,0.001131,299739466.0
2025-06-21 04:00:00,0.001132,0.001142,0.001124,0.001127,182864696.0
2025-06-21 08:00:00,0.001126,0.001133,0.001117,0.001124,235725618.0
2025-06-21 12:00:00,0.001124,0.00113,0.001085,0.001108,675968714.0
2025-06-21 16:00:00,0.001108,0.001112,0.00108,0.001082,450059853.0
2025-06-21 20:00:00,0.001082,0.001091,0.00101,0.001065,1095778916.0
2025-06-22 00:00:00,0.001066,0.001092,0.001062,0.001085,737478267.0
2025-06-22 04:00:00,0.001086,0.001099,0.001082,0.001088,283087007.0
2025-06-22 08:00:00,0.001087,0.001092,0.001074,0.001081,381125540.0
2025-06-22 12:00:00,0.001081,0.001123,0.001041,0.001097,1341113532.0
2025-06-22 16:00:00,0.001098,0.001104,0.001084,0.0011,426373615.0
2025-06-22 20:00:00,0.001099,0.001114,0.001083,0.0011,449975029.0
2025-06-23 00:00:00,0.0011,0.00112,0.001082,0.001112,403731116.0
2025-06-23 04:00:00,0.001112,0.001115,0.001097,0.001099,236569273.0
2025-06-23 08:00:00,0.0011,0.00112,0.001099,0.001112,274450855.0
2025-06-23 12:00:00,0.001112,0.001145,0.001086,0.001089,534036229.0
2025-06-23 16:00:00,0.00109,0.00111,0.00104,0.001106,763962092.0
2025-06-23 20:00:00,0.001106,0.001166,0.001103,0.001143,776192168.0
2025-06-24 00:00:00,0.001144,0.001167,0.00114,0.001155,649560644.0
2025-06-24 04:00:00,0.001155,0.001176,0.001139,0.001147,663582076.0
2025-06-24 08:00:00,0.001148,0.001151,0.001131,0.001146,385579054.0
2025-06-24 12:00:00,0.001147,0.001148,0.001126,0.001134,300703469.0
2025-06-24 16:00:00,0.001134,0.001153,0.001117,0.001129,380886965.0
2025-06-24 20:00:00,0.001129,0.001144,0.001125,0.001137,127611920.0
2025-06-25 00:00:00,0.001138,0.001167,0.001119,0.001138,603600792.0
2025-06-25 04:00:00,0.001138,0.001139,0.001118,0.001124,242609211.0
2025-06-25 08:00:00,0.001123,0.001123,0.001086,0.001095,388322016.0
2025-06-25 12:00:00,0.001095,0.001109,0.001082,0.001087,415804238.0
2025-06-25 16:00:00,0.001086,0.00127,0.001086,0.001138,7261772938.0
2025-06-25 20:00:00,0.001139,0.001159,0.001093,0.001117,1151666357.0
2025-06-26 00:00:00,0.001117,0.001207,0.001117,0.001139,1863466063.0
2025-06-26 04:00:00,0.001139,0.001141,0.00109,0.001096,646270874.0
2025-06-26 08:00:00,0.001095,0.001105,0.001081,0.00109,532120019.0
2025-06-26 12:00:00,0.00109,0.001091,0.001022,0.00105,1120242593.0
2025-06-26 16:00:00,0.001051,0.001051,0.00103,0.001044,427404523.0
2025-06-26 20:00:00,0.001043,0.001058,0.001033,0.001037,352782743.0
2025-06-27 00:00:00,0.001036,0.00105,0.001027,0.001048,328949670.0
2025-06-27 04:00:00,0.001049,0.001058,0.001042,0.001048,279557285.0
2025-06-27 08:00:00,0.001048,0.001071,0.001046,0.001067,311479037.0
2025-06-27 12:00:00,0.001066,0.001088,0.001056,0.001082,394062879.0
2025-06-27 16:00:00,0.001082,0.001084,0.001055,0.001057,427556799.0
2025-06-27 20:00:00,0.001057,0.001081,0.001056,0.00108,265139544.0
2025-06-28 00:00:00,0.001079,0.001085,0.001068,0.001074,229401732.0
2025-06-28 04:00:00,0.001074,0.001084,0.001066,0.001082,210650772.0
2025-06-28 08:00:00,0.001082,0.001093,0.001068,0.001069,379545850.0
2025-06-28 12:00:00,0.001069,0.001074,0.001059,0.00107,285720153.0
2025-06-28 16:00:00,0.001069,0.001086,0.001068,0.001085,389790324.0
2025-06-28 20:00:00,0.001086,0.001098,0.001076,0.001096,259879964.0
2025-06-29 00:00:00,0.001096,0.001098,0.001085,0.001087,177518444.0
2025-06-29 04:00:00,0.001086,0.001096,0.001083,0.001089,154643271.0
2025-06-29 08:00:00,0.00109,0.001115,0.001087,0.001104,305134527.0
2025-06-29 12:00:00,0.001104,0.001115,0.001091,0.001103,277632998.0
2025-06-29 16:00:00,0.001104,0.001109,0.001097,0.001107,108732609.0
2025-06-29 20:00:00,0.001108,0.001161,0.001104,0.001157,383881127.0
2025-06-30 00:00:00,0.001158,0.001192,0.00114,0.001146,646690304.0
2025-06-30 04:00:00,0.001147,0.001148,0.001133,0.001145,274876826.0
2025-06-30 08:00:00,0.001145,0.001149,0.001103,0.001126,364207180.0
2025-06-30 12:00:00,0.001126,0.00113,0.0011,0.001113,453382558.0
2025-06-30 16:00:00,0.001114,0.001132,0.001111,0.00113,278210768.0
2025-06-30 20:00:00,0.00113,0.001134,0.001119,0.001125,154572032.0
2025-07-01 00:00:00,0.001125,0.001135,0.001111,0.001114,190840568.0
2025-07-01 04:00:00,0.001114,0.001118,0.0011,0.001113,193316815.0
2025-07-01 08:00:00,0.001114,0.001114,0.001099,0.001106,183409095.0
2025-07-01 12:00:00,0.001107,0.001121,0.001104,0.001112,215102995.0
2025-07-01 16:00:00,0.001112,0.001115,0.001072,0.001076,245669843.0
2025-07-01 20:00:00,0.001078,0.001092,0.001074,0.001082,142114860.0
2025-07-02 00:00:00,0.001082,0.001087,0.001069,0.001078,98291144.0
2025-07-02 04:00:00,0.001079,0.001103,0.001074,0.001093,186467949.0
2025-07-02 08:00:00,0.001093,0.001116,0.001089,0.001105,196518752.0
2025-07-02 12:00:00,0.001105,0.001137,0.001099,0.001132,223453477.0
2025-07-02 16:00:00,0.001132,0.001183,0.001131,0.001179,385115931.0
2025-07-02 20:00:00,0.001179,0.001186,0.001166,0.001169,210146830.0
2025-07-03 00:00:00,0.001168,0.001193,0.001163,0.001167,256081848.0
2025-07-03 04:00:00,0.001166,0.001194,0.001157,0.00119,259403585.0
2025-07-03 08:00:00,0.00119,0.001222,0.001165,0.001169,523168612.0
2025-07-03 12:00:00,0.00117,0.001183,0.001143,0.001145,396233948.0
2025-07-03 16:00:00,0.001145,0.001164,0.001142,0.001162,201104747.0
2025-07-03 20:00:00,0.001161,0.001177,0.00116,0.001171,173865513.0
2025-07-04 00:00:00,0.001171,0.001178,0.001153,0.001164,187030995.0
2025-07-04 04:00:00,0.001164,0.001168,0.001124,0.001127,325831737.0
2025-07-04 08:00:00,0.001127,0.001144,0.001124,0.001136,160174407.0
2025-07-04 12:00:00,0.001136,0.001136,0.001082,0.001086,278603827.0
2025-07-04 16:00:00,0.001085,0.001091,0.001076,0.001081,223715965.0
2025-07-04 20:00:00,0.001082,0.001095,0.001078,0.001081,153115259.0
2025-07-05 00:00:00,0.001082,0.001111,0.001081,0.001107,226077064.0
2025-07-05 04:00:00,0.001106,0.001112,0.001095,0.001104,131689121.0
2025-07-05 08:00:00,0.001104,0.001107,0.001091,0.001093,137743459.0
2025-07-05 12:00:00,0.001093,0.001098,0.001082,0.001093,173866919.0
2025-07-05 16:00:00,0.001092,0.0011,0.001074,0.001088,234882455.0
2025-07-05 20:00:00,0.001087,0.001099,0.001085,0.001096,82664008.0
2025-07-06 00:00:00,0.001095,0.001097,0.001081,0.001087,143919982.0
2025-07-06 04:00:00,0.001087,0.001098,0.001081,0.001089,113012535.0
2025-07-06 08:00:00,0.001089,0.0011,0.001087,0.001098,90865335.0
2025-07-06 12:00:00,0.001098,0.001121,0.001095,0.001114,225723316.0
2025-07-06 16:00:00,0.001114,0.001122,0.001109,0.001114,122156219.0
2025-07-06 20:00:00,0.001115,0.001144,0.001114,0.001119,180906145.0
2025-07-07 00:00:00,0.00112,0.001137,0.001116,0.001127,171394805.0
2025-07-07 04:00:00,0.001126,0.001134,0.001115,0.00113,113520972.0
2025-07-07 08:00:00,0.001129,0.001131,0.001106,0.001114,226954361.0
2025-07-07 12:00:00,0.001114,0.001136,0.001108,0.001117,243415651.0
2025-07-07 16:00:00,0.001117,0.001121,0.001101,0.001111,252832227.0
2025-07-07 20:00:00,0.00111,0.001111,0.001093,0.001107,220677562.0
2025-07-08 00:00:00,0.001106,0.001112,0.001092,0.001097,207592169.0
2025-07-08 04:00:00,0.001097,0.001115,0.001095,0.00111,98399551.0
2025-07-08 08:00:00,0.00111,0.001123,0.001103,0.001119,93885583.0
2025-07-08 12:00:00,0.001119,0.001132,0.001106,0.001112,194884301.0
2025-07-08 16:00:00,0.001112,0.001146,0.001108,0.00113,354080102.0
2025-07-08 20:00:00,0.00113,0.001134,0.001125,0.001127,100138170.0
2025-07-09 00:00:00,0.001128,0.001139,0.001117,0.001125,144010738.0
2025-07-09 04:00:00,0.001126,0.001302,0.001121,0.00127,2008481334.0
2025-07-09 08:00:00,0.001269,0.001271,0.001145,0.001161,2446300609.0
2025-07-09 12:00:00,0.001161,0.001188,0.001157,0.001182,632850655.0
2025-07-09 16:00:00,0.001183,0.001237,0.001178,0.001223,918433583.0
2025-07-09 20:00:00,0.001222,0.001229,0.001211,0.001217,232933253.0
2025-07-10 00:00:00,0.001218,0.001228,0.001205,0.001221,285266783.0
2025-07-10 04:00:00,0.001221,0.001243,0.00122,0.001231,269382470.0
2025-07-10 08:00:00,0.001231,0.001235,0.001211,0.001225,355838486.0
2025-07-10 12:00:00,0.001226,0.001239,0.001215,0.001219,336798165.0
2025-07-10 16:00:00,0.00122,0.001247,0.001219,0.001244,511176663.0
2025-07-10 20:00:00,0.001242,0.001276,0.001241,0.001269,462160575.0
2025-07-11 00:00:00,0.001269,0.001273,0.001242,0.001264,806247954.0
2025-07-11 04:00:00,0.001264,0.001302,0.001245,0.001262,998170259.0
2025-07-11 08:00:00,0.001262,0.001281,0.001247,0.001257,698660757.0
2025-07-11 12:00:00,0.001256,0.001298,0.001231,0.001237,768566673.0
2025-07-11 16:00:00,0.001237,0.001284,0.001233,0.001278,384410559.0
2025-07-11 20:00:00,0.001278,0.001279,0.001165,0.001212,624838759.0
2025-07-12 00:00:00,0.001213,0.001227,0.001181,0.001223,310191923.0
2025-07-12 04:00:00,0.001222,0.001223,0.001183,0.001214,386635428.0
2025-07-12 08:00:00,0.001214,0.001219,0.001182,0.001197,283145893.0
2025-07-12 12:00:00,0.001197,0.001203,0.001147,0.001164,422393460.0
2025-07-12 16:00:00,0.001165,0.001193,0.00116,0.001192,164676356.0
2025-07-12 20:00:00,0.001191,0.001193,0.001169,0.001185,141233634.0
2025-07-13 00:00:00,0.001185,0.001198,0.001179,0.001187,183879496.0
2025-07-13 04:00:00,0.001187,0.001205,0.001176,0.001198,170837415.0
2025-07-13 08:00:00,0.001197,0.0012,0.001178,0.001199,143507151.0
2025-07-13 12:00:00,0.001199,0.001209,0.001188,0.001194,269090218.0
2025-07-13 16:00:00,0.001195,0.001204,0.001178,0.001197,169588754.0
2025-07-13 20:00:00,0.001197,0.001204,0.001162,0.001179,232364909.0
2025-07-14 00:00:00,0.001179,0.001219,0.001174,0.001212,310895189.0
2025-07-14 04:00:00,0.001212,0.001272,0.001197,0.001224,1047976245.0
2025-07-14 08:00:00,0.001226,0.001236,0.001207,0.001219,531638080.0
2025-07-14 12:00:00,0.001219,0.001224,0.001183,0.001197,473585234.0
2025-07-14 16:00:00,0.001197,0.001215,0.001185,0.001191,259294525.0
2025-07-14 20:00:00,0.001192,0.001214,0.001181,0.001205,257343165.0
2025-07-15 00:00:00,0.001204,0.001204,0.001151,0.001166,445902581.0
2025-07-15 04:00:00,0.001166,0.00118,0.001159,0.00117,219101178.0
2025-07-15 08:00:00,0.001169,0.001177,0.001153,0.001161,287793968.0
2025-07-15 12:00:00,0.001161,0.001175,0.001137,0.001168,505866356.0
2025-07-15 16:00:00,0.001168,0.001194,0.001159,0.001162,314411021.0
2025-07-15 20:00:00,0.001162,0.001256,0.001158,0.001242,664793607.0
2025-07-16 00:00:00,0.00124,0.001244,0.00121,0.001228,541271499.0
2025-07-16 04:00:00,0.001229,0.001233,0.001216,0.001225,219253180.0
2025-07-16 08:00:00,0.001224,0.00123,0.001212,0.001225,217929556.0
2025-07-16 12:00:00,0.001225,0.001232,0.001206,0.001218,303143262.0
2025-07-16 16:00:00,0.001218,0.001302,0.001217,0.001296,1181738001.0
2025-07-16 20:00:00,0.001295,0.00135,0.001274,0.001311,1205190568.0
2025-07-17 00:00:00,0.001311,0.001315,0.001233,0.001258,713565476.0
2025-07-17 04:00:00,0.001257,0.001279,0.001247,0.00127,351750062.0
2025-07-17 08:00:00,0.00127,0.001325,0.001263,0.001302,1061354636.0
2025-07-17 12:00:00,0.001302,0.001319,0.001271,0.001306,686293600.0
2025-07-17 16:00:00,0.001306,0.001323,0.001267,0.001288,496474258.0
2025-07-17 20:00:00,0.001289,0.001325,0.001271,0.00129,364372180.0
2025-07-18 00:00:00,0.001292,0.001332,0.00128,0.001316,549075041.0
2025-07-18 04:00:00,0.001316,0.001346,0.001305,0.001307,456191915.0
2025-07-18 08:00:00,0.001306,0.00133,0.001301,0.001314,351636644.0
2025-07-18 12:00:00,0.001314,0.001346,0.001286,0.00132,559794191.0
2025-07-18 16:00:00,0.001319,0.00141,0.001314,0.00138,1768244767.0
2025-07-18 20:00:00,0.001379,0.001425,0.001348,0.001397,759073148.0
2025-07-19 00:00:00,0.001397,0.001398,0.001333,0.001368,355013103.0
2025-07-19 04:00:00,0.001369,0.001491,0.001361,0.001422,2047091893.0
2025-07-19 08:00:00,0.001422,0.001422,0.001353,0.001375,793268389.0
2025-07-19 12:00:00,0.001375,0.001404,0.001324,0.001344,556930796.0
2025-07-19 16:00:00,0.001342,0.001366,0.001333,0.001361,214776159.0
2025-07-19 20:00:00,0.001361,0.001375,0.001352,0.001372,125058369.0
2025-07-20 00:00:00,0.001372,0.001414,0.001363,0.001403,270709107.0
2025-07-20 04:00:00,0.001402,0.001409,0.001387,0.001396,156040796.0
2025-07-20 08:00:00,0.001397,0.001421,0.001395,0.001417,141601191.0
2025-07-20 12:00:00,0.001417,0.001425,0.001404,0.001419,192939818.0
2025-07-20 16:00:00,0.001419,0.001423,0.001393,0.0014,377366777.0
2025-07-20 20:00:00,0.001399,0.0014,0.001356,0.001384,367944299.0
2025-07-21 00:00:00,0.001384,0.001399,0.001306,0.001394,742140069.0
2025-07-21 04:00:00,0.001395,0.001403,0.00138,0.001386,280105161.0
2025-07-21 08:00:00,0.001387,0.001396,0.001364,0.001378,258810175.0
2025-07-21 12:00:00,0.001377,0.001417,0.001371,0.001392,432031999.0
2025-07-21 16:00:00,0.001392,0.001419,0.00137,0.001375,370479970.0
2025-07-21 20:00:00,0.001374,0.001409,0.001368,0.001399,145459722.0
2025-07-22 00:00:00,0.001398,0.001408,0.001335,0.001342,381846673.0
2025-07-22 04:00:00,0.001341,0.001356,0.001295,0.00133,626499893.0
2025-07-22 08:00:00,0.00133,0.001339,0.001298,0.001329,320393937.0
2025-07-22 12:00:00,0.001329,0.001349,0.001304,0.001334,416593945.0
2025-07-22 16:00:00,0.001335,0.00136,0.001324,0.001339,252457196.0
2025-07-22 20:00:00,0.001337,0.001378,0.001335,0.001377,128416552.0
2025-07-23 00:00:00,0.001378,0.001378,0.00135,0.001354,153870014.0
2025-07-23 04:00:00,0.001355,0.00137,0.001349,0.001358,127178760.0
2025-07-23 08:00:00,0.001357,0.00137,0.001323,0.001341,199379424.0
2025-07-23 12:00:00,0.00134,0.001341,0.001271,0.001309,587783803.0
2025-07-23 16:00:00,0.00131,0.00131,0.00123,0.001279,512378915.0
2025-07-23 20:00:00,0.00128,0.001293,0.001213,0.001282,501989447.0
2025-07-24 00:00:00,0.001283,0.001321,0.001274,0.001304,234967124.0
2025-07-24 04:00:00,0.001305,0.001312,0.001173,0.001236,571371857.0
2025-07-24 08:00:00,0.001236,0.001263,0.001226,0.001255,791388927.0
2025-07-24 12:00:00,0.001254,0.001277,0.001232,0.001261,310443823.0
2025-07-24 16:00:00,0.001262,0.001282,0.001232,0.001267,221624705.0
2025-07-24 20:00:00,0.001267,0.001282,0.001243,0.001249,145546387.0
2025-07-25 00:00:00,0.001248,0.001254,0.001213,0.001226,243385674.0
2025-07-25 04:00:00,0.001226,0.001294,0.001212,0.001287,639536960.0
2025-07-25 08:00:00,0.001288,0.001343,0.001283,0.001322,413746123.0
2025-07-25 12:00:00,0.001322,0.001383,0.001274,0.001323,1464467748.0
2025-07-25 16:00:00,0.001323,0.001334,0.001284,0.001328,671376103.0
2025-07-25 20:00:00,0.001328,0.001595,0.001327,0.001524,3294212182.0
2025-07-26 00:00:00,0.001524,0.001779,0.001406,0.001466,13046698933.0
2025-07-26 04:00:00,0.001468,0.001502,0.00143,0.00147,2006651026.0
2025-07-26 08:00:00,0.00147,0.001474,0.001351,0.001404,2117504622.0
2025-07-26 12:00:00,0.001405,0.001437,0.001392,0.001402,641469834.0
2025-07-26 16:00:00,0.001402,0.001429,0.001393,0.001408,320254256.0
2025-07-26 20:00:00,0.001407,0.001433,0.001405,0.00141,295657093.0
2025-07-27 00:00:00,0.00141,0.001414,0.001385,0.001394,510482739.0
2025-07-27 04:00:00,0.001394,0.001445,0.001393,0.00142,401348832.0
2025-07-27 08:00:00,0.001421,0.001433,0.001396,0.001411,411020749.0
2025-07-27 12:00:00,0.001411,0.001452,0.001407,0.001414,418326909.0
2025-07-27 16:00:00,0.001414,0.001435,0.001392,0.001401,505754743.0
2025-07-27 20:00:00,0.0014,0.001415,0.001387,0.001401,352632480.0
2025-07-28 00:00:00,0.001401,0.001467,0.001396,0.001425,707940130.0
2025-07-28 04:00:00,0.001424,0.001437,0.001404,0.001407,287974277.0
2025-07-28 08:00:00,0.001406,0.00142,0.001391,0.00141,362344016.0
2025-07-28 12:00:00,0.00141,0.00141,0.00134,0.001355,595571992.0
2025-07-28 16:00:00,0.001354,0.001354,0.001303,0.001315,417215613.0
2025-07-28 20:00:00,0.001315,0.001331,0.001277,0.001289,591329244.0
2025-07-29 00:00:00,0.00129,0.001305,0.001234,0.001255,559385336.0
2025-07-29 04:00:00,0.001254,0.001281,0.001239,0.001276,375791545.0
2025-07-29 08:00:00,0.001275,0.001279,0.001249,0.001252,309910452.0
2025-07-29 12:00:00,0.001251,0.001265,0.001199,0.001237,694544718.0
2025-07-29 16:00:00,0.001237,0.001251,0.001219,0.001234,360769819.0
2025-07-29 20:00:00,0.001235,0.001267,0.001222,0.00126,225869157.0
2025-07-30 00:00:00,0.001259,0.001273,0.001246,0.001264,205003461.0
2025-07-30 04:00:00,0.001264,0.001278,0.001247,0.001253,248803306.0
2025-07-30 08:00:00,0.001254,0.001255,0.001223,0.001233,230208286.0
2025-07-30 12:00:00,0.001234,0.001248,0.001223,0.001238,296830002.0
2025-07-30 16:00:00,0.001239,0.001251,0.00116,0.001241,476775568.0
2025-07-30 20:00:00,0.001241,0.001251,0.00123,0.001244,189353151.0
2025-07-31 00:00:00,0.001244,0.001307,0.001241,0.001299,319189511.0
2025-07-31 04:00:00,0.0013,0.001444,0.001298,0.001387,2082356425.0
2025-07-31 08:00:00,0.001386,0.001398,0.001332,0.001368,1226776275.0
2025-07-31 12:00:00,0.001368,0.001404,0.001315,0.00139,1043686749.0
2025-07-31 16:00:00,0.001391,0.001459,0.001339,0.001382,2495570783.0
2025-07-31 20:00:00,0.001383,0.001402,0.001345,0.001349,1002559444.0
2025-08-01 00:00:00,0.001349,0.001423,0.001313,0.001394,1529090142.0
2025-08-01 04:00:00,0.001395,0.001401,0.001344,0.001382,934701673.0
2025-08-01 08:00:00,0.001382,0.001402,0.001342,0.001388,801578973.0
2025-08-01 12:00:00,0.001387,0.001404,0.001363,0.001397,933647736.0
2025-08-01 16:00:00,0.001397,0.00141,0.001374,0.001396,441469777.0
2025-08-01 20:00:00,0.001397,0.001404,0.001337,0.001398,623655608.0
2025-08-02 00:00:00,0.001399,0.001402,0.001374,0.001402,269922255.0
2025-08-02 04:00:00,0.001401,0.001405,0.001351,0.001394,340528177.0
2025-08-02 08:00:00,0.001393,0.001406,0.001376,0.001398,314599192.0
2025-08-02 12:00:00,0.001397,0.0014,0.001375,0.001383,325683696.0
2025-08-02 16:00:00,0.001383,0.001395,0.00135,0.001382,518924409.0
2025-08-02 20:00:00,0.001381,0.001394,0.001372,0.001388,215382452.0
2025-08-03 00:00:00,0.001388,0.001419,0.001376,0.001396,372777524.0
2025-08-03 04:00:00,0.001395,0.001397,0.001378,0.001383,143541837.0
2025-08-03 08:00:00,0.001382,0.001414,0.001378,0.001396,264232609.0
2025-08-03 12:00:00,0.001396,0.001403,0.001364,0.001381,326012880.0
2025-08-03 16:00:00,0.001381,0.001392,0.001378,0.001381,121282392.0
2025-08-03 20:00:00,0.001382,0.0014,0.001379,0.001391,116177765.0
2025-08-04 00:00:00,0.001391,0.001401,0.001375,0.001385,308364338.0
2025-08-04 04:00:00,0.001383,0.001405,0.001383,0.001394,203696373.0
2025-08-04 08:00:00,0.001394,0.001404,0.001371,0.001385,265596845.0
2025-08-04 12:00:00,0.001386,0.001408,0.001373,0.001382,326567824.0
2025-08-04 16:00:00,0.001382,0.001403,0.00134,0.001399,753389802.0
2025-08-04 20:00:00,0.001399,0.001411,0.00139,0.001403,166011274.0
2025-08-05 00:00:00,0.001403,0.001407,0.001368,0.001381,228911513.0
2025-08-05 04:00:00,0.001381,0.001386,0.001296,0.001314,739884897.0
2025-08-05 08:00:00,0.001314,0.0014,0.001302,0.00139,740201808.0
2025-08-05 12:00:00,0.001391,0.001424,0.001376,0.001386,543129731.0
2025-08-05 16:00:00,0.001386,0.001403,0.001376,0.00138,198884875.0
2025-08-05 20:00:00,0.00138,0.001392,0.001377,0.001381,120195368.0
2025-08-06 00:00:00,0.001381,0.001422,0.001372,0.001418,360373496.0
2025-08-06 04:00:00,0.001418,0.00261,0.001367,0.002194,18403599380.0
2025-08-06 08:00:00,0.002195,0.002475,0.001552,0.002279,29791726972.0
2025-08-06 12:00:00,0.002281,0.002968,0.002058,0.002672,61704938837.0
2025-08-06 16:00:00,0.00267,0.004252,0.002579,0.003903,48542921790.0
2025-08-06 20:00:00,0.003902,0.004145,0.003304,0.003566,20908834708.0
2025-08-07 00:00:00,0.003568,0.004309,0.003441,0.003927,20350918646.0
2025-08-07 04:00:00,0.003926,0.006187,0.0039,0.006064,43899245317.0
2025-08-07 08:00:00,0.006061,0.00656,0.004362,0.004766,35631809313.0
2025-08-07 12:00:00,0.004767,0.004944,0.00315,0.003515,42325170251.0
2025-08-07 16:00:00,0.003513,0.003783,0.002736,0.00313,18739422433.0
2025-08-07 20:00:00,0.003131,0.003357,0.002943,0.003297,6997571422.0
2025-08-08 00:00:00,0.003295,0.003317,0.002784,0.002874,9397196048.0
2025-08-08 04:00:00,0.002875,0.002899,0.002252,0.002291,16146618190.0
2025-08-08 08:00:00,0.002291,0.002595,0.002065,0.002577,21097597227.0
2025-08-08 12:00:00,0.002577,0.0029,0.00239,0.002679,19372706426.0
2025-08-08 16:00:00,0.00268,0.003682,0.002465,0.003218,25591897229.0
2025-08-08 20:00:00,0.003217,0.003864,0.003117,0.003784,10611966339.0
2025-08-09 00:00:00,0.003783,0.005184,0.003775,0.005036,31017075557.0
2025-08-09 04:00:00,0.005038,0.005124,0.00283,0.003782,37749624235.0
2025-08-09 08:00:00,0.003781,0.003918,0.003207,0.003424,17855073189.0
2025-08-09 12:00:00,0.003423,0.00372,0.00285,0.003144,14939052387.0
2025-08-09 16:00:00,0.003144,0.003616,0.003142,0.003549,8150635413.0
2025-08-09 20:00:00,0.00355,0.003584,0.00325,0.003349,3278325743.0
2025-08-10 00:00:00,0.003348,0.003433,0.002977,0.003366,6422882181.0
2025-08-10 04:00:00,0.003367,0.003465,0.003172,0.003228,5512903977.0
2025-08-10 08:00:00,0.003228,0.003601,0.003119,0.00331,5027486836.0
2025-08-10 12:00:00,0.00331,0.003539,0.003146,0.003405,4367066563.0
2025-08-10 16:00:00,0.003406,0.003407,0.003003,0.003105,3874851191.0
2025-08-10 20:00:00,0.003105,0.003189,0.00273,0.003015,3462694411.0
2025-08-11 00:00:00,0.003016,0.003215,0.002961,0.003167,2823121826.0
2025-08-11 04:00:00,0.003168,0.003233,0.002646,0.002682,7335270480.0
2025-08-11 08:00:00,0.002685,0.002849,0.0021,0.002201,2917383481.0
2025-08-11 12:00:00,0.002201,0.002201,0.002201,0.002201,0.0
2025-08-11 16:00:00,0.002201,0.002201,0.002201,0.002201,0.0
2025-08-11 20:00:00,0.002201,0.002201,0.002201,0.002201,0.0
2025-08-12 00:00:00,0.002201,0.002201,0.002201,0.002201,0.0
2025-08-12 04:00:00,0.002201,0.002201,0.002201,0.002201,0.0
2025-08-12 08:00:00,0.002201,0.002201,0.002201,0.002201,0.0
2025-08-12 12:00:00,0.002201,0.002201,0.002201,0.002201,0.0
2025-08-12 16:00:00,0.002201,0.002201,0.002201,0.002201,0.0
2025-08-12 20:00:00,0.002201,0.002201,0.002201,0.002201,0.0
2025-08-13 00:00:00,0.002201,0.002201,0.002201,0.002201,0.0
2025-08-13 04:00:00,0.002201,0.002201,0.002201,0.002201,0.0
2025-08-13 08:00:00,0.002201,0.002201,0.002201,0.002201,0.0
2025-08-13 12:00:00,0.002201,0.002201,0.002201,0.002201,0.0
2025-08-13 16:00:00,0.002201,0.002201,0.002201,0.002201,0.0
2025-08-13 20:00:00,0.002201,0.002201,0.002201,0.002201,0.0
2025-08-14 00:00:00,0.002201,0.002201,0.002201,0.002201,0.0
2025-08-14 04:00:00,0.002201,0.002201,0.002201,0.002201,0.0
2025-08-14 08:00:00,0.002201,0.002201,0.002201,0.002201,0.0
2025-08-14 12:00:00,0.002201,0.002201,0.002201,0.002201,0.0
2025-08-14 16:00:00,0.002201,0.002201,0.002201,0.002201,0.0
2025-08-14 20:00:00,0.002201,0.002201,0.002201,0.002201,0.0
2025-08-15 00:00:00,0.002201,0.002201,0.002201,0.002201,0.0
2025-08-15 04:00:00,0.002201,0.002201,0.002201,0.002201,0.0
2025-08-15 08:00:00,0.002201,0.002201,0.002201,0.002201,0.0
2025-08-15 12:00:00,0.002201,0.002201,0.002201,0.002201,0.0
2025-08-15 16:00:00,0.002201,0.002201,0.002201,0.002201,0.0
2025-08-15 20:00:00,0.002201,0.002201,0.002201,0.002201,0.0
2025-08-16 00:00:00,0.002201,0.002201,0.002201,0.002201,0.0
2025-08-16 04:00:00,0.002201,0.002201,0.002201,0.002201,0.0
2025-08-16 08:00:00,0.002201,0.002201,0.002201,0.002201,0.0
2025-08-16 12:00:00,0.002201,0.002201,0.002201,0.002201,0.0
2025-08-16 16:00:00,0.002201,0.002201,0.002201,0.002201,0.0
2025-08-16 20:00:00,0.002201,0.002201,0.002201,0.002201,0.0
2025-08-17 00:00:00,0.002201,0.002201,0.002201,0.002201,0.0
2025-08-17 04:00:00,0.002201,0.002201,0.002201,0.002201,0.0
2025-08-17 08:00:00,0.002201,0.002201,0.002201,0.002201,0.0
2025-08-17 12:00:00,0.002201,0.002201,0.002201,0.002201,0.0
2025-08-17 16:00:00,0.002201,0.002201,0.002201,0.002201,0.0
2025-08-17 20:00:00,0.002201,0.002201,0.002201,0.002201,0.0
2025-08-18 00:00:00,0.002201,0.002201,0.002201,0.002201,0.0
2025-08-18 04:00:00,0.002201,0.002201,0.002201,0.002201,0.0
2025-08-18 08:00:00,0.002201,0.002201,0.002201,0.002201,0.0
2025-08-18 12:00:00,0.002201,0.002201,0.002201,0.002201,0.0
2025-08-18 16:00:00,0.002201,0.002201,0.002201,0.002201,0.0
2025-08-18 20:00:00,0.002201,0.002201,0.002201,0.002201,0.0
2025-08-19 00:00:00,0.002201,0.002201,0.002201,0.002201,0.0
2025-08-19 04:00:00,0.002201,0.002201,0.002201,0.002201,0.0
2025-08-19 08:00:00,0.002201,0.002201,0.002201,0.002201,0.0
2025-08-19 12:00:00,0.002201,0.002201,0.002201,0.002201,0.0
2025-08-19 16:00:00,0.002201,0.002201,0.002201,0.002201,0.0
2025-08-19 20:00:00,0.002201,0.002201,0.002201,0.002201,0.0
2025-08-20 00:00:00,0.002201,0.002201,0.002201,0.002201,0.0
2025-08-20 04:00:00,0.002201,0.002201,0.002201,0.002201,0.0
2025-08-20 08:00:00,0.002201,0.002201,0.002201,0.002201,0.0
2025-08-20 12:00:00,0.002201,0.002201,0.002201,0.002201,0.0
2025-08-20 16:00:00,0.002201,0.002201,0.002201,0.002201,0.0
2025-08-20 20:00:00,0.002201,0.002201,0.002201,0.002201,0.0
2025-08-21 00:00:00,0.002201,0.002201,0.002201,0.002201,0.0
2025-08-21 04:00:00,0.002201,0.002201,0.002201,0.002201,0.0
2025-08-21 08:00:00,0.002201,0.002201,0.002201,0.002201,0.0
2025-08-21 12:00:00,0.002201,0.002201,0.002201,0.002201,0.0
2025-08-21 16:00:00,0.002201,0.002201,0.002201,0.002201,0.0
2025-08-21 20:00:00,0.002201,0.002201,0.002201,0.002201,0.0
2025-08-22 00:00:00,0.002201,0.002201,0.002201,0.002201,0.0
2025-08-22 04:00:00,0.002201,0.002201,0.002201,0.002201,0.0
2025-08-22 08:00:00,0.002201,0.002201,0.002201,0.002201,0.0
2025-08-22 12:00:00,0.002201,0.002201,0.002201,0.002201,0.0
2025-08-22 16:00:00,0.002201,0.002201,0.002201,0.002201,0.0
2025-08-22 20:00:00,0.002201,0.002201,0.002201,0.002201,0.0
2025-08-23 00:00:00,0.002201,0.002201,0.002201,0.002201,0.0
2025-08-23 04:00:00,0.002201,0.002201,0.002201,0.002201,0.0
2025-08-23 08:00:00,0.002201,0.002201,0.002201,0.002201,0.0
2025-08-23 12:00:00,0.002201,0.002201,0.002201,0.002201,0.0
2025-08-23 16:00:00,0.002201,0.002201,0.002201,0.002201,0.0
2025-08-23 20:00:00,0.002201,0.002201,0.002201,0.002201,0.0
2025-08-24 00:00:00,0.002201,0.002201,0.002201,0.002201,0.0
2025-08-24 04:00:00,0.002201,0.002201,0.002201,0.002201,0.0
2025-08-24 08:00:00,0.002201,0.002201,0.002201,0.002201,0.0
2025-08-24 12:00:00,0.002201,0.002201,0.002201,0.002201,0.0
2025-08-24 16:00:00,0.002201,0.002201,0.002201,0.002201,0.0
2025-08-24 20:00:00,0.002201,0.002201,0.002201,0.002201,0.0
2025-08-25 00:00:00,0.002201,0.002201,0.002201,0.002201,0.0
2025-08-25 04:00:00,0.002201,0.002201,0.002201,0.002201,0.0
2025-08-25 08:00:00,0.002201,0.002201,0.002201,0.002201,0.0
2025-08-25 12:00:00,0.002201,0.002201,0.002201,0.002201,0.0
2025-08-25 16:00:00,0.002201,0.002201,0.002201,0.002201,0.0
2025-08-25 20:00:00,0.002201,0.002201,0.002201,0.002201,0.0
2025-08-26 00:00:00,0.002201,0.002201,0.002201,0.002201,0.0
2025-08-26 04:00:00,0.002201,0.002201,0.002201,0.002201,0.0
2025-08-26 08:00:00,0.002201,0.002201,0.002201,0.002201,0.0
2025-08-26 12:00:00,0.002201,0.002201,0.002201,0.002201,0.0
2025-08-26 16:00:00,0.002201,0.002201,0.002201,0.002201,0.0
2025-08-26 20:00:00,0.002201,0.002201,0.002201,0.002201,0.0
2025-08-27 00:00:00,0.002201,0.002201,0.002201,0.002201,0.0
2025-08-27 04:00:00,0.002201,0.002201,0.002201,0.002201,0.0
2025-08-27 08:00:00,0.002201,0.002201,0.002201,0.002201,0.0
2025-08-27 12:00:00,0.002201,0.002201,0.002201,0.002201,0.0
2025-08-27 16:00:00,0.002201,0.002201,0.002201,0.002201,0.0
2025-08-27 20:00:00,0.002201,0.002201,0.002201,0.002201,0.0
2025-08-28 00:00:00,0.002201,0.002201,0.002201,0.002201,0.0
2025-08-28 04:00:00,0.002201,0.002201,0.002201,0.002201,0.0
2025-08-28 08:00:00,0.002201,0.002201,0.002201,0.002201,0.0
2025-08-28 12:00:00,0.002201,0.002201,0.002201,0.002201,0.0
2025-08-28 16:00:00,0.002201,0.002201,0.002201,0.002201,0.0
2025-08-28 20:00:00,0.002201,0.002201,0.002201,0.002201,0.0
2025-08-29 00:00:00,0.002201,0.002201,0.002201,0.002201,0.0
2025-08-29 04:00:00,0.002201,0.002201,0.002201,0.002201,0.0
2025-08-29 08:00:00,0.002201,0.002201,0.002201,0.002201,0.0
2025-08-29 12:00:00,0.002201,0.002201,0.002201,0.002201,0.0
2025-08-29 16:00:00,0.002201,0.002201,0.002201,0.002201,0.0
2025-08-29 20:00:00,0.002201,0.002201,0.002201,0.002201,0.0
2025-08-30 00:00:00,0.002201,0.002201,0.002201,0.002201,0.0
2025-08-30 04:00:00,0.002201,0.002201,0.002201,0.002201,0.0
2025-08-30 08:00:00,0.002201,0.002201,0.002201,0.002201,0.0
2025-08-30 12:00:00,0.002201,0.002201,0.002201,0.002201,0.0
2025-08-30 16:00:00,0.002201,0.002201,0.002201,0.002201,0.0
2025-08-30 20:00:00,0.002201,0.002201,0.002201,0.002201,0.0
2025-08-31 00:00:00,0.002201,0.002201,0.002201,0.002201,0.0
2025-08-31 04:00:00,0.002201,0.002201,0.002201,0.002201,0.0
2025-08-31 08:00:00,0.002201,0.002201,0.002201,0.002201,0.0
2025-08-31 12:00:00,0.002201,0.002201,0.002201,0.002201,0.0
2025-08-31 16:00:00,0.002201,0.002201,0.002201,0.002201,0.0
2025-08-31 20:00:00,0.002201,0.002201,0.002201,0.002201,0.0
2025-09-01 00:00:00,0.002201,0.002201,0.002201,0.002201,0.0
2025-09-01 04:00:00,0.002201,0.002201,0.002201,0.002201,0.0
2025-09-01 08:00:00,0.002201,0.002201,0.002201,0.002201,0.0
2025-09-01 12:00:00,0.002201,0.002201,0.002201,0.002201,0.0
2025-09-01 16:00:00,0.002201,0.002201,0.002201,0.002201,0.0
2025-09-01 20:00:00,0.002201,0.002201,0.002201,0.002201,0.0
2025-09-02 00:00:00,0.002201,0.002201,0.002201,0.002201,0.0
2025-09-02 04:00:00,0.002201,0.002201,0.002201,0.002201,0.0
2025-09-02 08:00:00,0.002201,0.002201,0.002201,0.002201,0.0
2025-09-02 12:00:00,0.002201,0.002201,0.002201,0.002201,0.0
2025-09-02 16:00:00,0.002201,0.002201,0.002201,0.002201,0.0
2025-09-02 20:00:00,0.002201,0.002201,0.002201,0.002201,0.0
2025-09-03 00:00:00,0.002201,0.002201,0.002201,0.002201,0.0
2025-09-03 04:00:00,0.002201,0.002201,0.002201,0.002201,0.0
2025-09-03 08:00:00,0.002201,0.002201,0.002201,0.002201,0.0
2025-09-03 12:00:00,0.002201,0.002201,0.002201,0.002201,0.0
2025-09-03 16:00:00,0.002201,0.002201,0.002201,0.002201,0.0
2025-09-03 20:00:00,0.002201,0.002201,0.002201,0.002201,0.0
2025-09-04 00:00:00,0.002201,0.002201,0.002201,0.002201,0.0
2025-09-04 04:00:00,0.002201,0.002201,0.002201,0.002201,0.0
2025-09-04 08:00:00,0.002201,0.002201,0.002201,0.002201,0.0
2025-09-04 12:00:00,0.002201,0.002201,0.002201,0.002201,0.0
2025-09-04 16:00:00,0.002201,0.002201,0.002201,0.002201,0.0
2025-09-04 20:00:00,0.002201,0.002201,0.002201,0.002201,0.0
2025-09-05 00:00:00,0.002201,0.002201,0.002201,0.002201,0.0
2025-09-05 04:00:00,0.002201,0.002201,0.002201,0.002201,0.0
2025-09-05 08:00:00,0.002201,0.002201,0.002201,0.002201,0.0
2025-09-05 12:00:00,0.002201,0.002201,0.002201,0.002201,0.0
2025-09-05 16:00:00,0.002201,0.002201,0.002201,0.002201,0.0
2025-09-05 20:00:00,0.002201,0.002201,0.002201,0.002201,0.0
2025-09-06 00:00:00,0.002201,0.002201,0.002201,0.002201,0.0
2025-09-06 04:00:00,0.002201,0.002201,0.002201,0.002201,0.0
2025-09-06 08:00:00,0.002201,0.002201,0.002201,0.002201,0.0
2025-09-06 12:00:00,0.002201,0.002201,0.002201,0.002201,0.0
2025-09-06 16:00:00,0.002201,0.002201,0.002201,0.002201,0.0
2025-09-06 20:00:00,0.002201,0.002201,0.002201,0.002201,0.0
2025-09-07 00:00:00,0.002201,0.002201,0.002201,0.002201,0.0
2025-09-07 04:00:00,0.002201,0.002201,0.002201,0.002201,0.0
2025-09-07 08:00:00,0.002201,0.002201,0.002201,0.002201,0.0
2025-09-07 12:00:00,0.002201,0.002201,0.002201,0.002201,0.0
2025-09-07 16:00:00,0.002201,0.002201,0.002201,0.002201,0.0
2025-09-07 20:00:00,0.002201,0.002201,0.002201,0.002201,0.0
2025-09-08 00:00:00,0.002201,0.002201,0.002201,0.002201,0.0
2025-09-08 04:00:00,0.002201,0.002201,0.002201,0.002201,0.0
2025-09-08 08:00:00,0.002201,0.002201,0.002201,0.002201,0.0
2025-09-08 12:00:00,0.002201,0.002201,0.002201,0.002201,0.0
2025-09-08 16:00:00,0.002201,0.002201,0.002201,0.002201,0.0
2025-09-08 20:00:00,0.002201,0.002201,0.002201,0.002201,0.0
2025-09-09 00:00:00,0.002201,0.002201,0.002201,0.002201,0.0
2025-09-09 04:00:00,0.002201,0.002201,0.002201,0.002201,0.0
2025-09-09 08:00:00,0.002201,0.002201,0.002201,0.002201,0.0
2025-09-09 12:00:00,0.002201,0.002201,0.002201,0.002201,0.0
2025-09-09 16:00:00,0.002201,0.002201,0.002201,0.002201,0.0
2025-09-09 20:00:00,0.002201,0.002201,0.002201,0.002201,0.0
2025-09-10 00:00:00,0.002201,0.002201,0.002201,0.002201,0.0
2025-09-10 04:00:00,0.002201,0.002201,0.002201,0.002201,0.0
2025-09-10 08:00:00,0.002201,0.002201,0.002201,0.002201,0.0
2025-09-10 12:00:00,0.002201,0.002201,0.002201,0.002201,0.0
2025-09-10 16:00:00,0.002201,0.002201,0.002201,0.002201,0.0
2025-09-10 20:00:00,0.002201,0.002201,0.002201,0.002201,0.0
2025-09-11 00:00:00,0.002201,0.002201,0.002201,0.002201,0.0
2025-09-11 04:00:00,0.002201,0.002201,0.002201,0.002201,0.0
2025-09-11 08:00:00,0.002201,0.002201,0.002201,0.002201,0.0
2025-09-11 12:00:00,0.002201,0.002201,0.002201,0.002201,0.0
2025-09-11 16:00:00,0.002201,0.002201,0.002201,0.002201,0.0
2025-09-11 20:00:00,0.002201,0.002201,0.002201,0.002201,0.0
2025-09-12 00:00:00,0.002201,0.002201,0.002201,0.002201,0.0
2025-09-12 04:00:00,0.002201,0.002201,0.002201,0.002201,0.0
2025-09-12 08:00:00,0.002201,0.002201,0.002201,0.002201,0.0
2025-09-12 12:00:00,0.002201,0.002201,0.002201,0.002201,0.0
2025-09-12 16:00:00,0.002201,0.002201,0.002201,0.002201,0.0
2025-09-12 20:00:00,0.002201,0.002201,0.002201,0.002201,0.0
2025-09-13 00:00:00,0.002201,0.002201,0.002201,0.002201,0.0
2025-09-13 04:00:00,0.002201,0.002201,0.002201,0.002201,0.0
2025-09-13 08:00:00,0.002201,0.002201,0.002201,0.002201,0.0
2025-09-13 12:00:00,0.002201,0.002201,0.002201,0.002201,0.0
2025-09-13 16:00:00,0.002201,0.002201,0.002201,0.002201,0.0
2025-09-13 20:00:00,0.002201,0.002201,0.002201,0.002201,0.0
2025-09-14 00:00:00,0.002201,0.002201,0.002201,0.002201,0.0
2025-09-14 04:00:00,0.002201,0.002201,0.002201,0.002201,0.0
2025-09-14 08:00:00,0.002201,0.002201,0.002201,0.002201,0.0
2025-09-14 12:00:00,0.002201,0.002201,0.002201,0.002201,0.0
2025-09-14 16:00:00,0.002201,0.002201,0.002201,0.002201,0.0
2025-09-14 20:00:00,0.002201,0.002201,0.002201,0.002201,0.0
2025-09-15 00:00:00,0.002201,0.002201,0.002201,0.002201,0.0
2025-09-15 04:00:00,0.002201,0.002201,0.002201,0.002201,0.0
2025-09-15 08:00:00,0.002201,0.002201,0.002201,0.002201,0.0
2025-09-15 12:00:00,0.002201,0.002201,0.002201,0.002201,0.0
2025-09-15 16:00:00,0.002201,0.002201,0.002201,0.002201,0.0
2025-09-15 20:00:00,0.002201,0.002201,0.002201,0.002201,0.0
2025-09-16 00:00:00,0.002201,0.002201,0.002201,0.002201,0.0
2025-09-16 04:00:00,0.002201,0.002201,0.002201,0.002201,0.0
2025-09-16 08:00:00,0.002201,0.002201,0.002201,0.002201,0.0
2025-09-16 12:00:00,0.002201,0.002201,0.002201,0.002201,0.0
2025-09-16 16:00:00,0.002201,0.002201,0.002201,0.002201,0.0
2025-09-16 20:00:00,0.002201,0.002201,0.002201,0.002201,0.0
2025-09-17 00:00:00,0.002201,0.002201,0.002201,0.002201,0.0
2025-09-17 04:00:00,0.002201,0.002201,0.002201,0.002201,0.0
2025-09-17 08:00:00,0.002201,0.002201,0.002201,0.002201,0.0
2025-09-17 12:00:00,0.002201,0.002201,0.002201,0.002201,0.0
2025-09-17 16:00:00,0.002201,0.002201,0.002201,0.002201,0.0
2025-09-17 20:00:00,0.002201,0.002201,0.002201,0.002201,0.0
2025-09-18 00:00:00,0.002201,0.002201,0.002201,0.002201,0.0
2025-09-18 04:00:00,0.002201,0.002201,0.002201,0.002201,0.0
2025-09-18 08:00:00,0.002201,0.002201,0.002201,0.002201,0.0
2025-09-18 12:00:00,0.002201,0.002201,0.002201,0.002201,0.0
2025-09-18 16:00:00,0.002201,0.002201,0.002201,0.002201,0.0
2025-09-18 20:00:00,0.002201,0.002201,0.002201,0.002201,0.0
2025-09-19 00:00:00,0.002201,0.002201,0.002201,0.002201,0.0
2025-09-19 04:00:00,0.002201,0.002201,0.002201,0.002201,0.0
2025-09-19 08:00:00,0.002201,0.002201,0.002201,0.002201,0.0
2025-09-19 12:00:00,0.002201,0.002201,0.002201,0.002201,0.0
2025-09-19 16:00:00,0.002201,0.002201,0.002201,0.002201,0.0
2025-09-19 20:00:00,0.002201,0.002201,0.002201,0.002201,0.0
2025-09-20 00:00:00,0.002201,0.002201,0.002201,0.002201,0.0
2025-09-20 04:00:00,0.002201,0.002201,0.002201,0.002201,0.0
2025-09-20 08:00:00,0.002201,0.002201,0.002201,0.002201,0.0
2025-09-20 12:00:00,0.002201,0.002201,0.002201,0.002201,0.0
2025-09-20 16:00:00,0.002201,0.002201,0.002201,0.002201,0.0
2025-09-20 20:00:00,0.002201,0.002201,0.002201,0.002201,0.0
2025-09-21 00:00:00,0.002201,0.002201,0.002201,0.002201,0.0
2025-09-21 04:00:00,0.002201,0.002201,0.002201,0.002201,0.0
2025-09-21 08:00:00,0.002201,0.002201,0.002201,0.002201,0.0
2025-09-21 12:00:00,0.002201,0.002201,0.002201,0.002201,0.0
2025-09-21 16:00:00,0.002201,0.002201,0.002201,0.002201,0.0
2025-09-21 20:00:00,0.002201,0.002201,0.002201,0.002201,0.0
2025-09-22 00:00:00,0.002201,0.002201,0.002201,0.002201,0.0
2025-09-22 04:00:00,0.002201,0.002201,0.002201,0.002201,0.0
2025-09-22 08:00:00,0.002201,0.002201,0.002201,0.002201,0.0
2025-09-22 12:00:00,0.002201,0.002201,0.002201,0.002201,0.0
2025-09-22 16:00:00,0.002201,0.002201,0.002201,0.002201,0.0
2025-09-22 20:00:00,0.002201,0.002201,0.002201,0.002201,0.0
2025-09-23 00:00:00,0.002201,0.002201,0.002201,0.002201,0.0
2025-09-23 04:00:00,0.002201,0.002201,0.002201,0.002201,0.0
2025-09-23 08:00:00,0.002201,0.002201,0.002201,0.002201,0.0
2025-09-23 12:00:00,0.002201,0.002201,0.002201,0.002201,0.0
2025-09-23 16:00:00,0.002201,0.002201,0.002201,0.002201,0.0
2025-09-23 20:00:00,0.002201,0.002201,0.002201,0.002201,0.0
2025-09-24 00:00:00,0.002201,0.002201,0.002201,0.002201,0.0
2025-09-24 04:00:00,0.002201,0.002201,0.002201,0.002201,0.0
2025-09-24 08:00:00,0.002201,0.002201,0.002201,0.002201,0.0
2025-09-24 12:00:00,0.002201,0.002201,0.002201,0.002201,0.0
2025-09-24 16:00:00,0.002201,0.002201,0.002201,0.002201,0.0
2025-09-24 20:00:00,0.002201,0.002201,0.002201,0.002201,0.0
2025-09-25 00:00:00,0.002201,0.002201,0.002201,0.002201,0.0
2025-09-25 04:00:00,0.002201,0.002201,0.002201,0.002201,0.0
2025-09-25 08:00:00,0.002201,0.002201,0.002201,0.002201,0.0
2025-09-25 12:00:00,0.002201,0.002201,0.002201,0.002201,0.0
2025-09-25 16:00:00,0.002201,0.002201,0.002201,0.002201,0.0
2025-09-25 20:00:00,0.002201,0.002201,0.002201,0.002201,0.0
2025-09-26 00:00:00,0.002201,0.002201,0.002201,0.002201,0.0
2025-09-26 04:00:00,0.002201,0.002201,0.002201,0.002201,0.0
2025-09-26 08:00:00,0.002201,0.002201,0.002201,0.002201,0.0
2025-09-26 12:00:00,0.002201,0.002201,0.002201,0.002201,0.0
2025-09-26 16:00:00,0.002201,0.002201,0.002201,0.002201,0.0
2025-09-26 20:00:00,0.002201,0.002201,0.002201,0.002201,0.0
2025-09-27 00:00:00,0.002201,0.002201,0.002201,0.002201,0.0
2025-09-27 04:00:00,0.002201,0.002201,0.002201,0.002201,0.0
2025-09-27 08:00:00,0.002201,0.002201,0.002201,0.002201,0.0
2025-09-27 12:00:00,0.002201,0.002201,0.002201,0.002201,0.0
2025-09-27 16:00:00,0.002201,0.002201,0.002201,0.002201,0.0
2025-09-27 20:00:00,0.002201,0.002201,0.002201,0.002201,0.0
2025-09-28 00:00:00,0.002201,0.002201,0.002201,0.002201,0.0
2025-09-28 04:00:00,0.002201,0.002201,0.002201,0.002201,0.0
2025-09-28 08:00:00,0.002201,0.002201,0.002201,0.002201,0.0
2025-09-28 12:00:00,0.002201,0.002201,0.002201,0.002201,0.0
2025-09-28 16:00:00,0.002201,0.002201,0.002201,0.002201,0.0
2025-09-28 20:00:00,0.002201,0.002201,0.002201,0.002201,0.0
2025-09-29 00:00:00,0.002201,0.002201,0.002201,0.002201,0.0
2025-09-29 04:00:00,0.002201,0.002201,0.002201,0.002201,0.0
2025-09-29 08:00:00,0.002201,0.002201,0.002201,0.002201,0.0
2025-09-29 12:00:00,0.002201,0.002201,0.002201,0.002201,0.0
2025-09-29 16:00:00,0.002201,0.002201,0.002201,0.002201,0.0
2025-09-29 20:00:00,0.002201,0.002201,0.002201,0.002201,0.0
2025-09-30 00:00:00,0.002201,0.002201,0.002201,0.002201,0.0
2025-09-30 04:00:00,0.002201,0.002201,0.002201,0.002201,0.0
2025-09-30 08:00:00,0.002201,0.002201,0.002201,0.002201,0.0
2025-09-30 12:00:00,0.002201,0.002201,0.002201,0.002201,0.0
2025-09-30 16:00:00,0.002201,0.002201,0.002201,0.002201,0.0
2025-09-30 20:00:00,0.002201,0.002201,0.002201,0.002201,0.0
2025-10-01 00:00:00,0.002201,0.002201,0.002201,0.002201,0.0
2025-10-01 04:00:00,0.002201,0.002201,0.002201,0.002201,0.0
2025-10-01 08:00:00,0.002201,0.002201,0.002201,0.002201,0.0
2025-10-01 12:00:00,0.002201,0.002201,0.002201,0.002201,0.0
2025-10-01 16:00:00,0.002201,0.002201,0.002201,0.002201,0.0
2025-10-01 20:00:00,0.002201,0.002201,0.002201,0.002201,0.0
2025-10-02 00:00:00,0.002201,0.002201,0.002201,0.002201,0.0
2025-10-02 04:00:00,0.002201,0.002201,0.002201,0.002201,0.0
2025-10-02 08:00:00,0.002201,0.002201,0.002201,0.002201,0.0
2025-10-02 12:00:00,0.002201,0.002201,0.002201,0.002201,0.0
2025-10-02 16:00:00,0.002201,0.002201,0.002201,0.002201,0.0
2025-10-02 20:00:00,0.002201,0.002201,0.002201,0.002201,0.0
2025-10-03 00:00:00,0.002201,0.002201,0.002201,0.002201,0.0
2025-10-03 04:00:00,0.002201,0.002201,0.002201,0.002201,0.0
2025-10-03 08:00:00,0.002201,0.002201,0.002201,0.002201,0.0
2025-10-03 12:00:00,0.002201,0.002201,0.002201,0.002201,0.0
2025-10-03 16:00:00,0.002201,0.002201,0.002201,0.002201,0.0
2025-10-03 20:00:00,0.002201,0.002201,0.002201,0.002201,0.0
2025-10-04 00:00:00,0.002201,0.002201,0.002201,0.002201,0.0
2025-10-04 04:00:00,0.002201,0.002201,0.002201,0.002201,0.0
2025-10-04 08:00:00,0.002201,0.002201,0.002201,0.002201,0.0
2025-10-04 12:00:00,0.002201,0.002201,0.002201,0.002201,0.0
2025-10-04 16:00:00,0.002201,0.002201,0.002201,0.002201,0.0
2025-10-04 20:00:00,0.002201,0.002201,0.002201,0.002201,0.0
2025-10-05 00:00:00,0.002201,0.002201,0.002201,0.002201,0.0
2025-10-05 04:00:00,0.002201,0.002201,0.002201,0.002201,0.0
2025-10-05 08:00:00,0.002201,0.002201,0.002201,0.002201,0.0
2025-10-05 12:00:00,0.002201,0.002201,0.002201,0.002201,0.0
2025-10-05 16:00:00,0.002201,0.002201,0.002201,0.002201,0.0
2025-10-05 20:00:00,0.002201,0.002201,0.002201,0.002201,0.0
2025-10-06 00:00:00,0.002201,0.002201,0.002201,0.002201,0.0
2025-10-06 04:00:00,0.002201,0.002201,0.002201,0.002201,0.0
2025-10-06 08:00:00,0.002201,0.002201,0.002201,0.002201,0.0
2025-10-06 12:00:00,0.002201,0.002201,0.002201,0.002201,0.0
2025-10-06 16:00:00,0.002201,0.002201,0.002201,0.002201,0.0
2025-10-06 20:00:00,0.002201,0.002201,0.002201,0.002201,0.0
2025-10-07 00:00:00,0.002201,0.002201,0.002201,0.002201,0.0
2025-10-07 04:00:00,0.002201,0.002201,0.002201,0.002201,0.0
2025-10-07 08:00:00,0.002201,0.002201,0.002201,0.002201,0.0
2025-10-07 12:00:00,0.002201,0.002201,0.002201,0.002201,0.0
2025-10-07 16:00:00,0.002201,0.002201,0.002201,0.002201,0.0
2025-10-07 20:00:00,0.002201,0.002201,0.002201,0.002201,0.0
2025-10-08 00:00:00,0.002201,0.002201,0.002201,0.002201,0.0
2025-10-08 04:00:00,0.002201,0.002201,0.002201,0.002201,0.0
2025-10-08 08:00:00,0.002201,0.002201,0.002201,0.002201,0.0
2025-10-08 12:00:00,0.002201,0.002201,0.002201,0.002201,0.0
2025-10-08 16:00:00,0.002201,0.002201,0.002201,0.002201,0.0
2025-10-08 20:00:00,0.002201,0.002201,0.002201,0.002201,0.0
2025-10-09 00:00:00,0.002201,0.002201,0.002201,0.002201,0.0
2025-10-09 04:00:00,0.002201,0.002201,0.002201,0.002201,0.0
2025-10-09 08:00:00,0.002201,0.002201,0.002201,0.002201,0.0
2025-10-09 12:00:00,0.002201,0.002201,0.002201,0.002201,0.0
2025-10-09 16:00:00,0.002201,0.002201,0.002201,0.002201,0.0
2025-10-09 20:00:00,0.002201,0.002201,0.002201,0.002201,0.0
2025-10-10 00:00:00,0.002201,0.002201,0.002201,0.002201,0.0
2025-10-10 04:00:00,0.002201,0.002201,0.002201,0.002201,0.0
2025-10-10 08:00:00,0.002201,0.002201,0.002201,0.002201,0.0
2025-10-10 12:00:00,0.002201,0.002201,0.002201,0.002201,0.0
2025-10-10 16:00:00,0.002201,0.002201,0.002201,0.002201,0.0
2025-10-10 20:00:00,0.002201,0.002201,0.002201,0.002201,0.0
2025-10-11 00:00:00,0.002201,0.002201,0.002201,0.002201,0.0
2025-10-11 04:00:00,0.002201,0.002201,0.002201,0.002201,0.0
2025-10-11 08:00:00,0.002201,0.002201,0.002201,0.002201,0.0
2025-10-11 12:00:00,0.002201,0.002201,0.002201,0.002201,0.0
2025-10-11 16:00:00,0.002201,0.002201,0.002201,0.002201,0.0
2025-10-11 20:00:00,0.002201,0.002201,0.002201,0.002201,0.0
2025-10-12 00:00:00,0.002201,0.002201,0.002201,0.002201,0.0
2025-10-12 04:00:00,0.002201,0.002201,0.002201,0.002201,0.0
2025-10-12 08:00:00,0.002201,0.002201,0.002201,0.002201,0.0
2025-10-12 12:00:00,0.002201,0.002201,0.002201,0.002201,0.0
2025-10-12 16:00:00,0.002201,0.002201,0.002201,0.002201,0.0
2025-10-12 20:00:00,0.002201,0.002201,0.002201,0.002201,0.0
2025-10-13 00:00:00,0.002201,0.002201,0.002201,0.002201,0.0
2025-10-13 04:00:00,0.002201,0.002201,0.002201,0.002201,0.0
2025-10-13 08:00:00,0.002201,0.002201,0.002201,0.002201,0.0
2025-10-13 12:00:00,0.002201,0.002201,0.002201,0.002201,0.0
2025-10-13 16:00:00,0.002201,0.002201,0.002201,0.002201,0.0
2025-10-13 20:00:00,0.002201,0.002201,0.002201,0.002201,0.0
2025-10-14 00:00:00,0.002201,0.002201,0.002201,0.002201,0.0
2025-10-14 04:00:00,0.002201,0.002201,0.002201,0.002201,0.0
2025-10-14 08:00:00,0.002201,0.002201,0.002201,0.002201,0.0
2025-10-14 12:00:00,0.002201,0.002201,0.002201,0.002201,0.0
2025-10-14 16:00:00,0.002201,0.002201,0.002201,0.002201,0.0
2025-10-14 20:00:00,0.002201,0.002201,0.002201,0.002201,0.0
2025-10-15 00:00:00,0.002201,0.002201,0.002201,0.002201,0.0
2025-10-15 04:00:00,0.002201,0.002201,0.002201,0.002201,0.0
2025-10-15 08:00:00,0.002201,0.002201,0.002201,0.002201,0.0
2025-10-15 12:00:00,0.002201,0.002201,0.002201,0.002201,0.0
2025-10-15 16:00:00,0.002201,0.002201,0.002201,0.002201,0.0
2025-10-15 20:00:00,0.002201,0.002201,0.002201,0.002201,0.0
2025-10-16 00:00:00,0.002201,0.002201,0.002201,0.002201,0.0
2025-10-16 04:00:00,0.002201,0.002201,0.002201,0.002201,0.0
2025-10-16 08:00:00,0.002201,0.002201,0.002201,0.002201,0.0
2025-10-16 12:00:00,0.002201,0.002201,0.002201,0.002201,0.0
2025-10-16 16:00:00,0.002201,0.002201,0.002201,0.002201,0.0
2025-10-16 20:00:00,0.002201,0.002201,0.002201,0.002201,0.0
2025-10-17 00:00:00,0.002201,0.002201,0.002201,0.002201,0.0
2025-10-17 04:00:00,0.002201,0.002201,0.002201,0.002201,0.0
2025-10-17 08:00:00,0.002201,0.002201,0.002201,0.002201,0.0
2025-10-17 12:00:00,0.002201,0.002201,0.002201,0.002201,0.0
2025-10-17 16:00:00,0.002201,0.002201,0.002201,0.002201,0.0
2025-10-17 20:00:00,0.002201,0.002201,0.002201,0.002201,0.0
2025-10-18 00:00:00,0.002201,0.002201,0.002201,0.002201,0.0
2025-10-18 04:00:00,0.002201,0.002201,0.002201,0.002201,0.0
2025-10-18 08:00:00,0.002201,0.002201,0.002201,0.002201,0.0
2025-10-18 12:00:00,0.002201,0.002201,0.002201,0.002201,0.0
2025-10-18 16:00:00,0.002201,0.002201,0.002201,0.002201,0.0
2025-10-18 20:00:00,0.002201,0.002201,0.002201,0.002201,0.0
2025-10-19 00:00:00,0.002201,0.002201,0.002201,0.002201,0.0
2025-10-19 04:00:00,0.002201,0.002201,0.002201,0.002201,0.0
2025-10-19 08:00:00,0.002201,0.002201,0.002201,0.002201,0.0
2025-10-19 12:00:00,0.002201,0.002201,0.002201,0.002201,0.0
2025-10-19 16:00:00,0.002201,0.002201,0.002201,0.002201,0.0
2025-10-19 20:00:00,0.002201,0.002201,0.002201,0.002201,0.0
2025-10-20 00:00:00,0.002201,0.002201,0.002201,0.002201,0.0
2025-10-20 04:00:00,0.002201,0.002201,0.002201,0.002201,0.0
2025-10-20 08:00:00,0.002201,0.002201,0.002201,0.002201,0.0
2025-10-20 12:00:00,0.002201,0.002201,0.002201,0.002201,0.0
2025-10-20 16:00:00,0.002201,0.002201,0.002201,0.002201,0.0
2025-10-20 20:00:00,0.002201,0.002201,0.002201,0.002201,0.0
2025-10-21 00:00:00,0.002201,0.002201,0.002201,0.002201,0.0
2025-10-21 04:00:00,0.002201,0.002201,0.002201,0.002201,0.0
2025-10-21 08:00:00,0.002201,0.002201,0.002201,0.002201,0.0
2025-10-21 12:00:00,0.002201,0.002201,0.002201,0.002201,0.0
2025-10-21 16:00:00,0.002201,0.002201,0.002201,0.002201,0.0
2025-10-21 20:00:00,0.002201,0.002201,0.002201,0.002201,0.0
2025-10-22 00:00:00,0.002201,0.002201,0.002201,0.002201,0.0
2025-10-22 04:00:00,0.002201,0.002201,0.002201,0.002201,0.0
2025-10-22 08:00:00,0.002201,0.002201,0.002201,0.002201,0.0
2025-10-22 12:00:00,0.002201,0.002201,0.002201,0.002201,0.0
2025-10-22 16:00:00,0.002201,0.002201,0.002201,0.002201,0.0
2025-10-22 20:00:00,0.002201,0.002201,0.002201,0.002201,0.0
2025-10-23 00:00:00,0.002201,0.002201,0.002201,0.002201,0.0
2025-10-23 04:00:00,0.002201,0.002201,0.002201,0.002201,0.0
2025-10-23 08:00:00,0.002201,0.002201,0.002201,0.002201,0.0
2025-10-23 12:00:00,0.002201,0.002201,0.002201,0.002201,0.0
2025-10-23 16:00:00,0.002201,0.002201,0.002201,0.002201,0.0
2025-10-23 20:00:00,0.002201,0.002201,0.002201,0.002201,0.0
2025-10-24 00:00:00,0.002201,0.002201,0.002201,0.002201,0.0
2025-10-24 04:00:00,0.002201,0.002201,0.002201,0.002201,0.0
2025-10-24 08:00:00,0.002201,0.002201,0.002201,0.002201,0.0
2025-10-24 12:00:00,0.002201,0.002201,0.002201,0.002201,0.0
2025-10-24 16:00:00,0.002201,0.002201,0.002201,0.002201,0.0
2025-10-24 20:00:00,0.002201,0.002201,0.002201,0.002201,0.0
2025-10-25 00:00:00,0.002201,0.002201,0.002201,0.002201,0.0
2025-10-25 04:00:00,0.002201,0.002201,0.002201,0.002201,0.0
2025-10-25 08:00:00,0.002201,0.002201,0.002201,0.002201,0.0
2025-10-25 12:00:00,0.002201,0.002201,0.002201,0.002201,0.0
2025-10-25 16:00:00,0.002201,0.002201,0.002201,0.002201,0.0
2025-10-25 20:00:00,0.002201,0.002201,0.002201,0.002201,0.0
2025-10-26 00:00:00,0.002201,0.002201,0.002201,0.002201,0.0
2025-10-26 04:00:00,0.002201,0.002201,0.002201,0.002201,0.0
2025-10-26 08:00:00,0.002201,0.002201,0.002201,0.002201,0.0
2025-10-26 12:00:00,0.002201,0.002201,0.002201,0.002201,0.0
2025-10-26 16:00:00,0.002201,0.002201,0.002201,0.002201,0.0
2025-10-26 20:00:00,0.002201,0.002201,0.002201,0.002201,0.0
2025-10-27 00:00:00,0.002201,0.002201,0.002201,0.002201,0.0
2025-10-27 04:00:00,0.002201,0.002201,0.002201,0.002201,0.0
2025-10-27 08:00:00,0.002201,0.002201,0.002201,0.002201,0.0
2025-10-27 12:00:00,0.002201,0.002201,0.002201,0.002201,0.0
2025-10-27 16:00:00,0.002201,0.002201,0.002201,0.002201,0.0
2025-10-27 20:00:00,0.002201,0.002201,0.002201,0.002201,0.0
2025-10-28 00:00:00,0.002201,0.002201,0.002201,0.002201,0.0
2025-10-28 04:00:00,0.002201,0.002201,0.002201,0.002201,0.0
2025-10-28 08:00:00,0.002201,0.002201,0.002201,0.002201,0.0
2025-10-28 12:00:00,0.002201,0.002201,0.002201,0.002201,0.0
2025-10-28 16:00:00,0.002201,0.002201,0.002201,0.002201,0.0
2025-10-28 20:00:00,0.002201,0.002201,0.002201,0.002201,0.0
2025-10-29 00:00:00,0.002201,0.002201,0.002201,0.002201,0.0
2025-10-29 04:00:00,0.002201,0.002201,0.002201,0.002201,0.0
2025-10-29 08:00:00,0.002201,0.002201,0.002201,0.002201,0.0
2025-10-29 12:00:00,0.002201,0.002201,0.002201,0.002201,0.0
2025-10-29 16:00:00,0.002201,0.002201,0.002201,0.002201,0.0
2025-10-29 20:00:00,0.002201,0.002201,0.002201,0.002201,0.0
2025-10-30 00:00:00,0.002201,0.002201,0.002201,0.002201,0.0
2025-10-30 04:00:00,0.002201,0.002201,0.002201,0.002201,0.0
2025-10-30 08:00:00,0.002201,0.002201,0.002201,0.002201,0.0
2025-10-30 12:00:00,0.002201,0.002201,0.002201,0.002201,0.0
2025-10-30 16:00:00,0.002201,0.002201,0.002201,0.002201,0.0
2025-10-30 20:00:00,0.002201,0.002201,0.002201,0.002201,0.0
2025-10-31 00:00:00,0.002201,0.002201,0.002201,0.002201,0.0
2025-10-31 04:00:00,0.002201,0.002201,0.002201,0.002201,0.0
2025-10-31 08:00:00,0.002201,0.002201,0.002201,0.002201,0.0
2025-10-31 12:00:00,0.002201,0.002201,0.002201,0.002201,0.0
2025-10-31 16:00:00,0.002201,0.002201,0.002201,0.002201,0.0
2025-10-31 20:00:00,0.002201,0.002201,0.002201,0.002201,0.0
2025-11-01 00:00:00,0.002201,0.002201,0.002201,0.002201,0.0
2025-11-01 04:00:00,0.002201,0.002201,0.002201,0.002201,0.0
2025-11-01 08:00:00,0.002201,0.002201,0.002201,0.002201,0.0
2025-11-01 12:00:00,0.002201,0.002201,0.002201,0.002201,0.0
2025-11-01 16:00:00,0.002201,0.002201,0.002201,0.002201,0.0
2025-11-01 20:00:00,0.002201,0.002201,0.002201,0.002201,0.0
2025-11-02 00:00:00,0.002201,0.002201,0.002201,0.002201,0.0
2025-11-02 04:00:00,0.002201,0.002201,0.002201,0.002201,0.0
2025-11-02 08:00:00,0.002201,0.002201,0.002201,0.002201,0.0
2025-11-02 12:00:00,0.002201,0.002201,0.002201,0.002201,0.0
2025-11-02 16:00:00,0.002201,0.002201,0.002201,0.002201,0.0
2025-11-02 20:00:00,0.002201,0.002201,0.002201,0.002201,0.0
2025-11-03 00:00:00,0.002201,0.002201,0.002201,0.002201,0.0
2025-11-03 04:00:00,0.002201,0.002201,0.002201,0.002201,0.0
2025-11-03 08:00:00,0.002201,0.002201,0.002201,0.002201,0.0
2025-11-03 12:00:00,0.002201,0.002201,0.002201,0.002201,0.0
2025-11-03 16:00:00,0.002201,0.002201,0.002201,0.002201,0.0
2025-11-03 20:00:00,0.002201,0.002201,0.002201,0.002201,0.0
2025-11-04 00:00:00,0.002201,0.002201,0.002201,0.002201,0.0
2025-11-04 04:00:00,0.002201,0.002201,0.002201,0.002201,0.0
2025-11-04 08:00:00,0.002201,0.002201,0.002201,0.002201,0.0
2025-11-04 12:00:00,0.002201,0.002201,0.002201,0.002201,0.0
2025-11-04 16:00:00,0.002201,0.002201,0.002201,0.002201,0.0
2025-11-04 20:00:00,0.002201,0.002201,0.002201,0.002201,0.0
2025-11-05 00:00:00,0.002201,0.002201,0.002201,0.002201,0.0
2025-11-05 04:00:00,0.002201,0.002201,0.002201,0.002201,0.0
2025-11-05 08:00:00,0.002201,0.002201,0.002201,0.002201,0.0
2025-11-05 12:00:00,0.002201,0.002201,0.002201,0.002201,0.0
2025-11-05 16:00:00,0.002201,0.002201,0.002201,0.002201,0.0
2025-11-05 20:00:00,0.002201,0.002201,0.002201,0.002201,0.0
2025-11-06 00:00:00,0.002201,0.002201,0.002201,0.002201,0.0
2025-11-06 04:00:00,0.002201,0.002201,0.002201,0.002201,0.0
2025-11-06 08:00:00,0.002201,0.002201,0.002201,0.002201,0.0
2025-11-06 12:00:00,0.002201,0.002201,0.002201,0.002201,0.0
2025-11-06 16:00:00,0.002201,0.002201,0.002201,0.002201,0.0
2025-11-06 20:00:00,0.002201,0.002201,0.002201,0.002201,0.0
2025-11-07 00:00:00,0.002201,0.002201,0.002201,0.002201,0.0
2025-11-07 04:00:00,0.002201,0.002201,0.002201,0.002201,0.0
2025-11-07 08:00:00,0.002201,0.002201,0.002201,0.002201,0.0
2025-11-07 12:00:00,0.002201,0.002201,0.002201,0.002201,0.0
2025-11-07 16:00:00,0.002201,0.002201,0.002201,0.002201,0.0
2025-11-07 20:00:00,0.002201,0.002201,0.002201,0.002201,0.0
2025-11-08 00:00:00,0.002201,0.002201,0.002201,0.002201,0.0
2025-11-08 04:00:00,0.002201,0.002201,0.002201,0.002201,0.0
2025-11-08 08:00:00,0.002201,0.002201,0.002201,0.002201,0.0
2025-11-08 12:00:00,0.002201,0.002201,0.002201,0.002201,0.0
2025-11-08 16:00:00,0.002201,0.002201,0.002201,0.002201,0.0
2025-11-08 20:00:00,0.002201,0.002201,0.002201,0.002201,0.0
2025-11-09 00:00:00,0.002201,0.002201,0.002201,0.002201,0.0
2025-11-09 04:00:00,0.002201,0.002201,0.002201,0.002201,0.0
2025-11-09 08:00:00,0.002201,0.002201,0.002201,0.002201,0.0
2025-11-09 12:00:00,0.002201,0.002201,0.002201,0.002201,0.0
2025-11-09 16:00:00,0.002201,0.002201,0.002201,0.002201,0.0
2025-11-09 20:00:00,0.002201,0.002201,0.002201,0.002201,0.0
2025-11-10 00:00:00,0.002201,0.002201,0.002201,0.002201,0.0
2025-11-10 04:00:00,0.002201,0.002201,0.002201,0.002201,0.0
2025-11-10 08:00:00,0.002201,0.002201,0.002201,0.002201,0.0
2025-11-10 12:00:00,0.002201,0.002201,0.002201,0.002201,0.0
2025-11-10 16:00:00,0.002201,0.002201,0.002201,0.002201,0.0
2025-11-10 20:00:00,0.002201,0.002201,0.002201,0.002201,0.0
2025-11-11 00:00:00,0.002201,0.002201,0.002201,0.002201,0.0
2025-11-11 04:00:00,0.002201,0.002201,0.002201,0.002201,0.0
2025-11-11 08:00:00,0.002201,0.002201,0.002201,0.002201,0.0
2025-11-11 12:00:00,0.002201,0.002201,0.002201,0.002201,0.0
2025-11-11 16:00:00,0.002201,0.002201,0.002201,0.002201,0.0
2025-11-11 20:00:00,0.002201,0.002201,0.002201,0.002201,0.0
2025-11-12 00:00:00,0.002201,0.002201,0.002201,0.002201,0.0
2025-11-12 04:00:00,0.002201,0.002201,0.002201,0.002201,0.0
2025-11-12 08:00:00,0.002201,0.002201,0.002201,0.002201,0.0
2025-11-12 12:00:00,0.002201,0.002201,0.002201,0.002201,0.0
2025-11-12 16:00:00,0.002201,0.002201,0.002201,0.002201,0.0
2025-11-12 20:00:00,0.002201,0.002201,0.002201,0.002201,0.0
2025-11-13 00:00:00,0.002201,0.002201,0.002201,0.002201,0.0
2025-11-13 04:00:00,0.002201,0.002201,0.002201,0.002201,0.0
2025-11-13 08:00:00,0.002201,0.002201,0.002201,0.002201,0.0
2025-11-13 12:00:00,0.002201,0.002201,0.002201,0.002201,0.0
2025-11-13 16:00:00,0.002201,0.002201,0.002201,0.002201,0.0
2025-11-13 20:00:00,0.002201,0.002201,0.002201,0.002201,0.0
2025-11-14 00:00:00,0.002201,0.002201,0.002201,0.002201,0.0
2025-11-14 04:00:00,0.002201,0.002201,0.002201,0.002201,0.0
2025-11-14 08:00:00,0.002201,0.002201,0.002201,0.002201,0.0
2025-11-14 12:00:00,0.002201,0.002201,0.002201,0.002201,0.0
2025-11-14 16:00:00,0.002201,0.002201,0.002201,0.002201,0.0
2025-11-14 20:00:00,0.002201,0.002201,0.002201,0.002201,0.0
2025-11-15 00:00:00,0.002201,0.002201,0.002201,0.002201,0.0
2025-11-15 04:00:00,0.002201,0.002201,0.002201,0.002201,0.0
2025-11-15 08:00:00,0.002201,0.002201,0.002201,0.002201,0.0
2025-11-15 12:00:00,0.002201,0.002201,0.002201,0.002201,0.0
2025-11-15 16:00:00,0.002201,0.002201,0.002201,0.002201,0.0
2025-11-15 20:00:00,0.002201,0.002201,0.002201,0.002201,0.0
2025-11-16 00:00:00,0.002201,0.002201,0.002201,0.002201,0.0
2025-11-16 04:00:00,0.002201,0.002201,0.002201,0.002201,0.0
2025-11-16 08:00:00,0.002201,0.002201,0.002201,0.002201,0.0
2025-11-16 12:00:00,0.002201,0.002201,0.002201,0.002201,0.0
2025-11-16 16:00:00,0.002201,0.002201,0.002201,0.002201,0.0
2025-11-16 20:00:00,0.002201,0.002201,0.002201,0.002201,0.0
2025-11-17 00:00:00,0.002201,0.002201,0.002201,0.002201,0.0
2025-11-17 04:00:00,0.002201,0.002201,0.002201,0.002201,0.0
2025-11-17 08:00:00,0.002201,0.002201,0.002201,0.002201,0.0
2025-11-17 12:00:00,0.002201,0.002201,0.002201,0.002201,0.0
2025-11-17 16:00:00,0.002201,0.002201,0.002201,0.002201,0.0
2025-11-17 20:00:00,0.002201,0.002201,0.002201,0.002201,0.0
2025-11-18 00:00:00,0.002201,0.002201,0.002201,0.002201,0.0
2025-11-18 04:00:00,0.002201,0.002201,0.002201,0.002201,0.0
2025-11-18 08:00:00,0.002201,0.002201,0.002201,0.002201,0.0
2025-11-18 12:00:00,0.002201,0.002201,0.002201,0.002201,0.0
2025-11-18 16:00:00,0.002201,0.002201,0.002201,0.002201,0.0
2025-11-18 20:00:00,0.002201,0.002201,0.002201,0.002201,0.0
2025-11-19 00:00:00,0.002201,0.002201,0.002201,0.002201,0.0
2025-11-19 04:00:00,0.002201,0.002201,0.002201,0.002201,0.0
2025-11-19 08:00:00,0.002201,0.002201,0.002201,0.002201,0.0
2025-11-19 12:00:00,0.002201,0.002201,0.002201,0.002201,0.0
2025-11-19 16:00:00,0.002201,0.002201,0.002201,0.002201,0.0
2025-11-19 20:00:00,0.002201,0.002201,0.002201,0.002201,0.0
2025-11-20 00:00:00,0.002201,0.002201,0.002201,0.002201,0.0
2025-11-20 04:00:00,0.002201,0.002201,0.002201,0.002201,0.0
2025-11-20 08:00:00,0.002201,0.002201,0.002201,0.002201,0.0
2025-11-20 12:00:00,0.002201,0.002201,0.002201,0.002201,0.0
2025-11-20 16:00:00,0.002201,0.002201,0.002201,0.002201,0.0
2025-11-20 20:00:00,0.002201,0.002201,0.002201,0.002201,0.0
2025-11-21 00:00:00,0.002201,0.002201,0.002201,0.002201,0.0
2025-11-21 04:00:00,0.002201,0.002201,0.002201,0.002201,0.0
2025-11-21 08:00:00,0.002201,0.002201,0.002201,0.002201,0.0
2025-11-21 12:00:00,0.002201,0.002201,0.002201,0.002201,0.0
2025-11-21 16:00:00,0.002201,0.002201,0.002201,0.002201,0.0
2025-11-21 20:00:00,0.002201,0.002201,0.002201,0.002201,0.0
2025-11-22 00:00:00,0.002201,0.002201,0.002201,0.002201,0.0
2025-11-22 04:00:00,0.002201,0.002201,0.002201,0.002201,0.0
2025-11-22 08:00:00,0.002201,0.002201,0.002201,0.002201,0.0
2025-11-22 12:00:00,0.002201,0.002201,0.002201,0.002201,0.0
2025-11-22 16:00:00,0.002201,0.002201,0.002201,0.002201,0.0
2025-11-22 20:00:00,0.002201,0.002201,0.002201,0.002201,0.0
2025-11-23 00:00:00,0.002201,0.002201,0.002201,0.002201,0.0
2025-11-23 04:00:00,0.002201,0.002201,0.002201,0.002201,0.0
2025-11-23 08:00:00,0.002201,0.002201,0.002201,0.002201,0.0
2025-11-23 12:00:00,0.002201,0.002201,0.002201,0.002201,0.0
2025-11-23 16:00:00,0.002201,0.002201,0.002201,0.002201,0.0
2025-11-23 20:00:00,0.002201,0.002201,0.002201,0.002201,0.0
2025-11-24 00:00:00,0.002201,0.002201,0.002201,0.002201,0.0
2025-11-24 04:00:00,0.002201,0.002201,0.002201,0.002201,0.0
2025-11-24 08:00:00,0.002201,0.002201,0.002201,0.002201,0.0
2025-11-24 12:00:00,0.002201,0.002201,0.002201,0.002201,0.0
2025-11-24 16:00:00,0.002201,0.002201,0.002201,0.002201,0.0
2025-11-24 20:00:00,0.002201,0.002201,0.002201,0.002201,0.0
2025-11-25 00:00:00,0.002201,0.002201,0.002201,0.002201,0.0
2025-11-25 04:00:00,0.002201,0.002201,0.002201,0.002201,0.0
2025-11-25 08:00:00,0.002201,0.002201,0.002201,0.002201,0.0
2025-11-25 12:00:00,0.002201,0.002201,0.002201,0.002201,0.0
2025-11-25 16:00:00,0.002201,0.002201,0.002201,0.002201,0.0
2025-11-25 20:00:00,0.002201,0.002201,0.002201,0.002201,0.0
2025-11-26 00:00:00,0.002201,0.002201,0.002201,0.002201,0.0
2025-11-26 04:00:00,0.002201,0.002201,0.002201,0.002201,0.0
2025-11-26 08:00:00,0.002201,0.002201,0.002201,0.002201,0.0
2025-11-26 12:00:00,0.002201,0.002201,0.002201,0.002201,0.0
2025-11-26 16:00:00,0.002201,0.002201,0.002201,0.002201,0.0
2025-11-26 20:00:00,0.002201,0.002201,0.002201,0.002201,0.0
2025-11-27 00:00:00,0.002201,0.002201,0.002201,0.002201,0.0
2025-11-27 04:00:00,0.002201,0.002201,0.002201,0.002201,0.0
2025-11-27 08:00:00,0.002201,0.002201,0.002201,0.002201,0.0
2025-11-27 12:00:00,0.002201,0.002201,0.002201,0.002201,0.0
2025-11-27 16:00:00,0.002201,0.002201,0.002201,0.002201,0.0
2025-11-27 20:00:00,0.002201,0.002201,0.002201,0.002201,0.0
2025-11-28 00:00:00,0.002201,0.002201,0.002201,0.002201,0.0
2025-11-28 04:00:00,0.002201,0.002201,0.002201,0.002201,0.0
2025-11-28 08:00:00,0.002201,0.002201,0.002201,0.002201,0.0
2025-11-28 12:00:00,0.002201,0.002201,0.002201,0.002201,0.0
2025-11-28 16:00:00,0.002201,0.002201,0.002201,0.002201,0.0
2025-11-28 20:00:00,0.002201,0.002201,0.002201,0.002201,0.0
2025-11-29 00:00:00,0.002201,0.002201,0.002201,0.002201,0.0
2025-11-29 04:00:00,0.002201,0.002201,0.002201,0.002201,0.0
2025-11-29 08:00:00,0.002201,0.002201,0.002201,0.002201,0.0
2025-11-29 12:00:00,0.002201,0.002201,0.002201,0.002201,0.0
2025-11-29 16:00:00,0.002201,0.002201,0.002201,0.002201,0.0
2025-11-29 20:00:00,0.002201,0.002201,0.002201,0.002201,0.0
2025-11-30 00:00:00,0.002201,0.002201,0.002201,0.002201,0.0
2025-11-30 04:00:00,0.002201,0.002201,0.002201,0.002201,0.0
2025-11-30 08:00:00,0.002201,0.002201,0.002201,0.002201,0.0
2025-11-30 12:00:00,0.002201,0.002201,0.002201,0.002201,0.0
2025-11-30 16:00:00,0.002201,0.002201,0.002201,0.002201,0.0
2025-11-30 20:00:00,0.002201,0.002201,0.002201,0.002201,0.0
2025-12-01 00:00:00,0.002201,0.002201,0.002201,0.002201,0.0
2025-12-01 04:00:00,0.002201,0.002201,0.002201,0.002201,0.0
2025-12-01 08:00:00,0.002201,0.002201,0.002201,0.002201,0.0
2025-12-01 12:00:00,0.002201,0.002201,0.002201,0.002201,0.0
2025-12-01 16:00:00,0.002201,0.002201,0.002201,0.002201,0.0
2025-12-01 20:00:00,0.002201,0.002201,0.002201,0.002201,0.0
2025-12-02 00:00:00,0.002201,0.002201,0.002201,0.002201,0.0
2025-12-02 04:00:00,0.002201,0.002201,0.002201,0.002201,0.0
2025-12-02 08:00:00,0.002201,0.002201,0.002201,0.002201,0.0
2025-12-02 12:00:00,0.002201,0.002201,0.002201,0.002201,0.0
2025-12-02 16:00:00,0.002201,0.002201,0.002201,0.002201,0.0
2025-12-02 20:00:00,0.002201,0.002201,0.002201,0.002201,0.0
2025-12-03 00:00:00,0.002201,0.002201,0.002201,0.002201,0.0
2025-12-03 04:00:00,0.002201,0.002201,0.002201,0.002201,0.0
2025-12-03 08:00:00,0.002201,0.002201,0.002201,0.002201,0.0
2025-12-03 12:00:00,0.002201,0.002201,0.002201,0.002201,0.0
2025-12-03 16:00:00,0.002201,0.002201,0.002201,0.002201,0.0
2025-12-03 20:00:00,0.002201,0.002201,0.002201,0.002201,0.0
2025-12-04 00:00:00,0.002201,0.002201,0.002201,0.002201,0.0
2025-12-04 04:00:00,0.002201,0.002201,0.002201,0.002201,0.0
2025-12-04 08:00:00,0.002201,0.002201,0.002201,0.002201,0.0
2025-12-04 12:00:00,0.002201,0.002201,0.002201,0.002201,0.0
2025-12-04 16:00:00,0.002201,0.002201,0.002201,0.002201,0.0
2025-12-04 20:00:00,0.002201,0.002201,0.002201,0.002201,0.0
2025-12-05 00:00:00,0.002201,0.002201,0.002201,0.002201,0.0
2025-12-05 04:00:00,0.002201,0.002201,0.002201,0.002201,0.0
2025-12-05 08:00:00,0.002201,0.002201,0.002201,0.002201,0.0
2025-12-05 12:00:00,0.002201,0.002201,0.002201,0.002201,0.0
2025-12-05 16:00:00,0.002201,0.002201,0.002201,0.002201,0.0
2025-12-05 20:00:00,0.002201,0.002201,0.002201,0.002201,0.0
2025-12-06 00:00:00,0.002201,0.002201,0.002201,0.002201,0.0
2025-12-06 04:00:00,0.002201,0.002201,0.002201,0.002201,0.0
2025-12-06 08:00:00,0.002201,0.002201,0.002201,0.002201,0.0
2025-12-06 12:00:00,0.002201,0.002201,0.002201,0.002201,0.0
2025-12-06 16:00:00,0.002201,0.002201,0.002201,0.002201,0.0
2025-12-06 20:00:00,0.002201,0.002201,0.002201,0.002201,0.0
2025-12-07 00:00:00,0.002201,0.002201,0.002201,0.002201,0.0
2025-12-07 04:00:00,0.002201,0.002201,0.002201,0.002201,0.0
2025-12-07 08:00:00,0.002201,0.002201,0.002201,0.002201,0.0
2025-12-07 12:00:00,0.002201,0.002201,0.002201,0.002201,0.0
2025-12-07 16:00:00,0.002201,0.002201,0.002201,0.002201,0.0
2025-12-07 20:00:00,0.002201,0.002201,0.002201,0.002201,0.0
2025-12-08 00:00:00,0.002201,0.002201,0.002201,0.002201,0.0
2025-12-08 04:00:00,0.002201,0.002201,0.002201,0.002201,0.0
2025-12-08 08:00:00,0.002201,0.002201,0.002201,0.002201,0.0
2025-12-08 12:00:00,0.002201,0.002201,0.002201,0.002201,0.0
2025-12-08 16:00:00,0.002201,0.002201,0.002201,0.002201,0.0
2025-12-08 20:00:00,0.002201,0.002201,0.002201,0.002201,0.0
2025-12-09 00:00:00,0.002201,0.002201,0.002201,0.002201,0.0
2025-12-09 04:00:00,0.002201,0.002201,0.002201,0.002201,0.0
2025-12-09 08:00:00,0.002201,0.002201,0.002201,0.002201,0.0
2025-12-09 12:00:00,0.002201,0.002201,0.002201,0.002201,0.0
2025-12-09 16:00:00,0.002201,0.002201,0.002201,0.002201,0.0
2025-12-09 20:00:00,0.002201,0.002201,0.002201,0.002201,0.0
2025-12-10 00:00:00,0.002201,0.002201,0.002201,0.002201,0.0
2025-12-10 04:00:00,0.002201,0.002201,0.002201,0.002201,0.0
2025-12-10 08:00:00,0.002201,0.002201,0.002201,0.002201,0.0
2025-12-10 12:00:00,0.002201,0.002201,0.002201,0.002201,0.0
2025-12-10 16:00:00,0.002201,0.002201,0.002201,0.002201,0.0
2025-12-10 20:00:00,0.002201,0.002201,0.002201,0.002201,0.0
2025-12-11 00:00:00,0.002201,0.002201,0.002201,0.002201,0.0
2025-12-11 04:00:00,0.002201,0.002201,0.002201,0.002201,0.0
2025-12-11 08:00:00,0.002201,0.002201,0.002201,0.002201,0.0
2025-12-11 12:00:00,0.002201,0.002201,0.002201,0.002201,0.0
2025-12-11 16:00:00,0.002201,0.002201,0.002201,0.002201,0.0
2025-12-11 20:00:00,0.002201,0.002201,0.002201,0.002201,0.0
2025-12-12 00:00:00,0.002201,0.002201,0.002201,0.002201,0.0
2025-12-12 04:00:00,0.002201,0.002201,0.002201,0.002201,0.0
2025-12-12 08:00:00,0.002201,0.002201,0.002201,0.002201,0.0
2025-12-12 12:00:00,0.002201,0.002201,0.002201,0.002201,0.0
2025-12-12 16:00:00,0.002201,0.002201,0.002201,0.002201,0.0
2025-12-12 20:00:00,0.002201,0.002201,0.002201,0.002201,0.0
2025-12-13 00:00:00,0.002201,0.002201,0.002201,0.002201,0.0
2025-12-13 04:00:00,0.002201,0.002201,0.002201,0.002201,0.0
2025-12-13 08:00:00,0.002201,0.002201,0.002201,0.002201,0.0
2025-12-13 12:00:00,0.002201,0.002201,0.002201,0.002201,0.0
2025-12-13 16:00:00,0.002201,0.002201,0.002201,0.002201,0.0
2025-12-13 20:00:00,0.002201,0.002201,0.002201,0.002201,0.0
2025-12-14 00:00:00,0.002201,0.002201,0.002201,0.002201,0.0
2025-12-14 04:00:00,0.002201,0.002201,0.002201,0.002201,0.0
2025-12-14 08:00:00,0.002201,0.002201,0.002201,0.002201,0.0
2025-12-14 12:00:00,0.002201,0.002201,0.002201,0.002201,0.0
2025-12-14 16:00:00,0.002201,0.002201,0.002201,0.002201,0.0
2025-12-14 20:00:00,0.002201,0.002201,0.002201,0.002201,0.0
2025-12-15 00:00:00,0.002201,0.002201,0.002201,0.002201,0.0
2025-12-15 04:00:00,0.002201,0.002201,0.002201,0.002201,0.0
2025-12-15 08:00:00,0.002201,0.002201,0.002201,0.002201,0.0
2025-12-15 12:00:00,0.002201,0.002201,0.002201,0.002201,0.0
2025-12-15 16:00:00,0.002201,0.002201,0.002201,0.002201,0.0
2025-12-15 20:00:00,0.002201,0.002201,0.002201,0.002201,0.0
2025-12-16 00:00:00,0.002201,0.002201,0.002201,0.002201,0.0
2025-12-16 04:00:00,0.002201,0.002201,0.002201,0.002201,0.0
2025-12-16 08:00:00,0.002201,0.002201,0.002201,0.002201,0.0
2025-12-16 12:00:00,0.002201,0.002201,0.002201,0.002201,0.0
2025-12-16 16:00:00,0.002201,0.002201,0.002201,0.002201,0.0
2025-12-16 20:00:00,0.002201,0.002201,0.002201,0.002201,0.0
2025-12-17 00:00:00,0.002201,0.002201,0.002201,0.002201,0.0
2025-12-17 04:00:00,0.002201,0.002201,0.002201,0.002201,0.0
2025-12-17 08:00:00,0.002201,0.002201,0.002201,0.002201,0.0
2025-12-17 12:00:00,0.002201,0.002201,0.002201,0.002201,0.0
2025-12-17 16:00:00,0.002201,0.002201,0.002201,0.002201,0.0
2025-12-17 20:00:00,0.002201,0.002201,0.002201,0.002201,0.0
2025-12-18 00:00:00,0.002201,0.002201,0.002201,0.002201,0.0
2025-12-18 04:00:00,0.002201,0.002201,0.002201,0.002201,0.0
2025-12-18 08:00:00,0.002201,0.002201,0.002201,0.002201,0.0
2025-12-18 12:00:00,0.002201,0.002201,0.002201,0.002201,0.0
2025-12-18 16:00:00,0.002201,0.002201,0.002201,0.002201,0.0
2025-12-18 20:00:00,0.002201,0.002201,0.002201,0.002201,0.0
2025-12-19 00:00:00,0.002201,0.002201,0.002201,0.002201,0.0
2025-12-19 04:00:00,0.002201,0.002201,0.002201,0.002201,0.0
2025-12-19 08:00:00,0.002201,0.002201,0.002201,0.002201,0.0
2025-12-19 12:00:00,0.002201,0.002201,0.002201,0.002201,0.0
2025-12-19 16:00:00,0.002201,0.002201,0.002201,0.002201,0.0
2025-12-19 20:00:00,0.002201,0.002201,0.002201,0.002201,0.0
2025-12-20 00:00:00,0.002201,0.002201,0.002201,0.002201,0.0
2025-12-20 04:00:00,0.002201,0.002201,0.002201,0.002201,0.0
2025-12-20 08:00:00,0.002201,0.002201,0.002201,0.002201,0.0
2025-12-20 12:00:00,0.002201,0.002201,0.002201,0.002201,0.0
2025-12-20 16:00:00,0.002201,0.002201,0.002201,0.002201,0.0
2025-12-20 20:00:00,0.002201,0.002201,0.002201,0.002201,0.0
2025-12-21 00:00:00,0.002201,0.002201,0.002201,0.002201,0.0
2025-12-21 04:00:00,0.002201,0.002201,0.002201,0.002201,0.0
2025-12-21 08:00:00,0.002201,0.002201,0.002201,0.002201,0.0
2025-12-21 12:00:00,0.002201,0.002201,0.002201,0.002201,0.0
2025-12-21 16:00:00,0.002201,0.002201,0.002201,0.002201,0.0
2025-12-21 20:00:00,0.002201,0.002201,0.002201,0.002201,0.0
2025-12-22 00:00:00,0.002201,0.002201,0.002201,0.002201,0.0
2025-12-22 04:00:00,0.002201,0.002201,0.002201,0.002201,0.0
2025-12-22 08:00:00,0.002201,0.002201,0.002201,0.002201,0.0
2025-12-22 12:00:00,0.002201,0.002201,0.002201,0.002201,0.0
2025-12-22 16:00:00,0.002201,0.002201,0.002201,0.002201,0.0
2025-12-22 20:00:00,0.002201,0.002201,0.002201,0.002201,0.0
2025-12-23 00:00:00,0.002201,0.002201,0.002201,0.002201,0.0
2025-12-23 04:00:00,0.002201,0.002201,0.002201,0.002201,0.0
2025-12-23 08:00:00,0.002201,0.002201,0.002201,0.002201,0.0
2025-12-23 12:00:00,0.002201,0.002201,0.002201,0.002201,0.0
2025-12-23 16:00:00,0.002201,0.002201,0.002201,0.002201,0.0
2025-12-23 20:00:00,0.002201,0.002201,0.002201,0.002201,0.0
2025-12-24 00:00:00,0.002201,0.002201,0.002201,0.002201,0.0
2025-12-24 04:00:00,0.002201,0.002201,0.002201,0.002201,0.0
2025-12-24 08:00:00,0.002201,0.002201,0.002201,0.002201,0.0
2025-12-24 12:00:00,0.002201,0.002201,0.002201,0.002201,0.0
2025-12-24 16:00:00,0.002201,0.002201,0.002201,0.002201,0.0
2025-12-24 20:00:00,0.002201,0.002201,0.002201,0.002201,0.0
2025-12-25 00:00:00,0.002201,0.002201,0.002201,0.002201,0.0
2025-12-25 04:00:00,0.002201,0.002201,0.002201,0.002201,0.0
2025-12-25 08:00:00,0.002201,0.002201,0.002201,0.002201,0.0
2025-12-25 12:00:00,0.002201,0.002201,0.002201,0.002201,0.0
2025-12-25 16:00:00,0.002201,0.002201,0.002201,0.002201,0.0
2025-12-25 20:00:00,0.002201,0.002201,0.002201,0.002201,0.0
2025-12-26 00:00:00,0.002201,0.002201,0.002201,0.002201,0.0
2025-12-26 04:00:00,0.002201,0.002201,0.002201,0.002201,0.0
2025-12-26 08:00:00,0.002201,0.002201,0.002201,0.002201,0.0
2025-12-26 12:00:00,0.002201,0.002201,0.002201,0.002201,0.0
2025-12-26 16:00:00,0.002201,0.002201,0.002201,0.002201,0.0
2025-12-26 20:00:00,0.002201,0.002201,0.002201,0.002201,0.0
2025-12-27 00:00:00,0.002201,0.002201,0.002201,0.002201,0.0
2025-12-27 04:00:00,0.002201,0.002201,0.002201,0.002201,0.0
2025-12-27 08:00:00,0.002201,0.002201,0.002201,0.002201,0.0
2025-12-27 12:00:00,0.002201,0.002201,0.002201,0.002201,0.0
2025-12-27 16:00:00,0.002201,0.002201,0.002201,0.002201,0.0
2025-12-27 20:00:00,0.002201,0.002201,0.002201,0.002201,0.0
2025-12-28 00:00:00,0.002201,0.002201,0.002201,0.002201,0.0
2025-12-28 04:00:00,0.002201,0.002201,0.002201,0.002201,0.0
2025-12-28 08:00:00,0.002201,0.002201,0.002201,0.002201,0.0
2025-12-28 12:00:00,0.002201,0.002201,0.002201,0.002201,0.0
2025-12-28 16:00:00,0.002201,0.002201,0.002201,0.002201,0.0
2025-12-28 20:00:00,0.002201,0.002201,0.002201,0.002201,0.0
2025-12-29 00:00:00,0.002201,0.002201,0.002201,0.002201,0.0
2025-12-29 04:00:00,0.002201,0.002201,0.002201,0.002201,0.0
2025-12-29 08:00:00,0.002201,0.002201,0.002201,0.002201,0.0
2025-12-29 12:00:00,0.002201,0.002201,0.002201,0.002201,0.0
2025-12-29 16:00:00,0.002201,0.002201,0.002201,0.002201,0.0
2025-12-29 20:00:00,0.002201,0.002201,0.002201,0.002201,0.0
2025-12-30 00:00:00,0.002201,0.002201,0.002201,0.002201,0.0
2025-12-30 04:00:00,0.002201,0.002201,0.002201,0.002201,0.0
2025-12-30 08:00:00,0.002201,0.002201,0.002201,0.002201,0.0
2025-12-30 12:00:00,0.002201,0.002201,0.002201,0.002201,0.0
2025-12-30 16:00:00,0.002201,0.002201,0.002201,0.002201,0.0
2025-12-30 20:00:00,0.002201,0.002201,0.002201,0.002201,0.0
2025-12-31 00:00:00,0.002201,0.002201,0.002201,0.002201,0.0
2025-12-31 04:00:00,0.002201,0.002201,0.002201,0.002201,0.0
2025-12-31 08:00:00,0.002201,0.002201,0.002201,0.002201,0.0
2025-12-31 12:00:00,0.002201,0.002201,0.002201,0.002201,0.0
2025-12-31 16:00:00,0.002201,0.002201,0.002201,0.002201,0.0
2025-12-31 20:00:00,0.002201,0.002201,0.002201,0.002201,0.0
2026-01-01 00:00:00,0.002201,0.002201,0.002201,0.002201,0.0
2026-01-01 04:00:00,0.002201,0.002201,0.002201,0.002201,0.0
2026-01-01 08:00:00,0.002201,0.002201,0.002201,0.002201,0.0
2026-01-01 12:00:00,0.002201,0.002201,0.002201,0.002201,0.0
2026-01-01 16:00:00,0.002201,0.002201,0.002201,0.002201,0.0
2026-01-01 20:00:00,0.002201,0.002201,0.002201,0.002201,0.0
2026-01-02 00:00:00,0.002201,0.002201,0.002201,0.002201,0.0
2026-01-02 04:00:00,0.002201,0.002201,0.002201,0.002201,0.0
2026-01-02 08:00:00,0.002201,0.002201,0.002201,0.002201,0.0
2026-01-02 12:00:00,0.002201,0.002201,0.002201,0.002201,0.0
2026-01-02 16:00:00,0.002201,0.002201,0.002201,0.002201,0.0
2026-01-02 20:00:00,0.002201,0.002201,0.002201,0.002201,0.0
2026-01-03 00:00:00,0.002201,0.002201,0.002201,0.002201,0.0
2026-01-03 04:00:00,0.002201,0.002201,0.002201,0.002201,0.0
2026-01-03 08:00:00,0.002201,0.002201,0.002201,0.002201,0.0
2026-01-03 12:00:00,0.002201,0.002201,0.002201,0.002201,0.0
2026-01-03 16:00:00,0.002201,0.002201,0.002201,0.002201,0.0
2026-01-03 20:00:00,0.002201,0.002201,0.002201,0.002201,0.0
2026-01-04 00:00:00,0.002201,0.002201,0.002201,0.002201,0.0
2026-01-04 04:00:00,0.002201,0.002201,0.002201,0.002201,0.0
2026-01-04 08:00:00,0.002201,0.002201,0.002201,0.002201,0.0
2026-01-04 12:00:00,0.002201,0.002201,0.002201,0.002201,0.0
2026-01-04 16:00:00,0.002201,0.002201,0.002201,0.002201,0.0
2026-01-04 20:00:00,0.002201,0.002201,0.002201,0.002201,0.0
2026-01-05 00:00:00,0.002201,0.002201,0.002201,0.002201,0.0
2026-01-05 04:00:00,0.002201,0.002201,0.002201,0.002201,0.0
2026-01-05 08:00:00,0.002201,0.002201,0.002201,0.002201,0.0
2026-01-05 12:00:00,0.002201,0.002201,0.002201,0.002201,0.0
2026-01-05 16:00:00,0.002201,0.002201,0.002201,0.002201,0.0
2026-01-05 20:00:00,0.002201,0.002201,0.002201,0.002201,0.0
2026-01-06 00:00:00,0.002201,0.002201,0.002201,0.002201,0.0
2026-01-06 04:00:00,0.002201,0.002201,0.002201,0.002201,0.0
2026-01-06 08:00:00,0.002201,0.002201,0.002201,0.002201,0.0
2026-01-06 12:00:00,0.002201,0.002201,0.002201,0.002201,0.0
2026-01-06 16:00:00,0.002201,0.002201,0.002201,0.002201,0.0
2026-01-06 20:00:00,0.002201,0.002201,0.002201,0.002201,0.0
2026-01-07 00:00:00,0.002201,0.002201,0.002201,0.002201,0.0
2026-01-07 04:00:00,0.002201,0.002201,0.002201,0.002201,0.0
2026-01-07 08:00:00,0.002201,0.002201,0.002201,0.002201,0.0
2026-01-07 12:00:00,0.002201,0.002201,0.002201,0.002201,0.0
2026-01-07 16:00:00,0.002201,0.002201,0.002201,0.002201,0.0
2026-01-07 20:00:00,0.002201,0.002201,0.002201,0.002201,0.0
2026-01-08 00:00:00,0.002201,0.002201,0.002201,0.002201,0.0
2026-01-08 04:00:00,0.002201,0.002201,0.002201,0.002201,0.0
2026-01-08 08:00:00,0.002201,0.002201,0.002201,0.002201,0.0
2026-01-08 12:00:00,0.002201,0.002201,0.002201,0.002201,0.0
2026-01-08 16:00:00,0.002201,0.002201,0.002201,0.002201,0.0
2026-01-08 20:00:00,0.002201,0.002201,0.002201,0.002201,0.0
2026-01-09 00:00:00,0.002201,0.002201,0.002201,0.002201,0.0
2026-01-09 04:00:00,0.002201,0.002201,0.002201,0.002201,0.0
2026-01-09 08:00:00,0.002201,0.002201,0.002201,0.002201,0.0
2026-01-09 12:00:00,0.002201,0.002201,0.002201,0.002201,0.0
2026-01-09 16:00:00,0.002201,0.002201,0.002201,0.002201,0.0
2026-01-09 20:00:00,0.002201,0.002201,0.002201,0.002201,0.0
2026-01-10 00:00:00,0.002201,0.002201,0.002201,0.002201,0.0
2026-01-10 04:00:00,0.002201,0.002201,0.002201,0.002201,0.0
2026-01-10 08:00:00,0.002201,0.002201,0.002201,0.002201,0.0
2026-01-10 12:00:00,0.002201,0.002201,0.002201,0.002201,0.0
2026-01-10 16:00:00,0.002201,0.002201,0.002201,0.002201,0.0
2026-01-10 20:00:00,0.002201,0.002201,0.002201,0.002201,0.0
2026-01-11 00:00:00,0.002201,0.002201,0.002201,0.002201,0.0
2026-01-11 04:00:00,0.002201,0.002201,0.002201,0.002201,0.0
2026-01-11 08:00:00,0.002201,0.002201,0.002201,0.002201,0.0
2026-01-11 12:00:00,0.002201,0.002201,0.002201,0.002201,0.0
2026-01-11 16:00:00,0.002201,0.002201,0.002201,0.002201,0.0
2026-01-11 20:00:00,0.002201,0.002201,0.002201,0.002201,0.0
2026-01-12 00:00:00,0.002201,0.002201,0.002201,0.002201,0.0
2026-01-12 04:00:00,0.002201,0.002201,0.002201,0.002201,0.0
2026-01-12 08:00:00,0.002201,0.002201,0.002201,0.002201,0.0
2026-01-12 12:00:00,0.002201,0.002201,0.002201,0.002201,0.0
2026-01-12 16:00:00,0.002201,0.002201,0.002201,0.002201,0.0
2026-01-12 20:00:00,0.002201,0.002201,0.002201,0.002201,0.0
2026-01-13 00:00:00,0.002201,0.002201,0.002201,0.002201,0.0
2026-01-13 04:00:00,0.002201,0.002201,0.002201,0.002201,0.0
2026-01-13 08:00:00,0.002201,0.002201,0.002201,0.002201,0.0
2026-01-13 12:00:00,0.002201,0.002201,0.002201,0.002201,0.0
2026-01-13 16:00:00,0.002201,0.002201,0.002201,0.002201,0.0
2026-01-13 20:00:00,0.002201,0.002201,0.002201,0.002201,0.0
2026-01-14 00:00:00,0.002201,0.002201,0.002201,0.002201,0.0
2026-01-14 04:00:00,0.002201,0.002201,0.002201,0.002201,0.0
2026-01-14 08:00:00,0.002201,0.002201,0.002201,0.002201,0.0
2026-01-14 12:00:00,0.002201,0.002201,0.002201,0.002201,0.0
2026-01-14 16:00:00,0.002201,0.002201,0.002201,0.002201,0.0
2026-01-14 20:00:00,0.002201,0.002201,0.002201,0.002201,0.0
2026-01-15 00:00:00,0.002201,0.002201,0.002201,0.002201,0.0
2026-01-15 04:00:00,0.002201,0.002201,0.002201,0.002201,0.0
2026-01-15 08:00:00,0.002201,0.002201,0.002201,0.002201,0.0
2026-01-15 12:00:00,0.002201,0.002201,0.002201,0.002201,0.0
2026-01-15 16:00:00,0.002201,0.002201,0.002201,0.002201,0.0
2026-01-15 20:00:00,0.002201,0.002201,0.002201,0.002201,0.0
2026-01-16 00:00:00,0.002201,0.002201,0.002201,0.002201,0.0
2026-01-16 04:00:00,0.002201,0.002201,0.002201,0.002201,0.0
2026-01-16 08:00:00,0.002201,0.002201,0.002201,0.002201,0.0
2026-01-16 12:00:00,0.002201,0.002201,0.002201,0.002201,0.0
2026-01-16 16:00:00,0.002201,0.002201,0.002201,0.002201,0.0
2026-01-16 20:00:00,0.002201,0.002201,0.002201,0.002201,0.0
2026-01-17 00:00:00,0.002201,0.002201,0.002201,0.002201,0.0
2026-01-17 04:00:00,0.002201,0.002201,0.002201,0.002201,0.0
2026-01-17 08:00:00,0.002201,0.002201,0.002201,0.002201,0.0
2026-01-17 12:00:00,0.002201,0.002201,0.002201,0.002201,0.0
2026-01-17 16:00:00,0.002201,0.002201,0.002201,0.002201,0.0
2026-01-17 20:00:00,0.002201,0.002201,0.002201,0.002201,0.0
2026-01-18 00:00:00,0.002201,0.002201,0.002201,0.002201,0.0
2026-01-18 04:00:00,0.002201,0.002201,0.002201,0.002201,0.0
2026-01-18 08:00:00,0.002201,0.002201,0.002201,0.002201,0.0
2026-01-18 12:00:00,0.002201,0.002201,0.002201,0.002201,0.0
2026-01-18 16:00:00,0.002201,0.002201,0.002201,0.002201,0.0
2026-01-18 20:00:00,0.002201,0.002201,0.002201,0.002201,0.0
2026-01-19 00:00:00,0.002201,0.002201,0.002201,0.002201,0.0
2026-01-19 04:00:00,0.002201,0.002201,0.002201,0.002201,0.0
2026-01-19 08:00:00,0.002201,0.002201,0.002201,0.002201,0.0
2026-01-19 12:00:00,0.002201,0.002201,0.002201,0.002201,0.0
2026-01-19 16:00:00,0.002201,0.002201,0.002201,0.002201,0.0
2026-01-19 20:00:00,0.002201,0.002201,0.002201,0.002201,0.0
2026-01-20 00:00:00,0.002201,0.002201,0.002201,0.002201,0.0
2026-01-20 04:00:00,0.002201,0.002201,0.002201,0.002201,0.0
2026-01-20 08:00:00,0.002201,0.002201,0.002201,0.002201,0.0
2026-01-20 12:00:00,0.002201,0.002201,0.002201,0.002201,0.0
2026-01-20 16:00:00,0.002201,0.002201,0.002201,0.002201,0.0
2026-01-20 20:00:00,0.002201,0.002201,0.002201,0.002201,0.0
2026-01-21 00:00:00,0.002201,0.002201,0.002201,0.002201,0.0
2026-01-21 04:00:00,0.002201,0.002201,0.002201,0.002201,0.0
2026-01-21 08:00:00,0.002201,0.002201,0.002201,0.002201,0.0
2026-01-21 12:00:00,0.002201,0.002201,0.002201,0.002201,0.0
2026-01-21 16:00:00,0.002201,0.002201,0.002201,0.002201,0.0
2026-01-21 20:00:00,0.002201,0.002201,0.002201,0.002201,0.0
2026-01-22 00:00:00,0.002201,0.002201,0.002201,0.002201,0.0
2026-01-22 04:00:00,0.002201,0.002201,0.002201,0.002201,0.0
2026-01-22 08:00:00,0.002201,0.002201,0.002201,0.002201,0.0
2026-01-22 12:00:00,0.002201,0.002201,0.002201,0.002201,0.0
2026-01-22 16:00:00,0.002201,0.002201,0.002201,0.002201,0.0
2026-01-22 20:00:00,0.002201,0.002201,0.002201,0.002201,0.0
2026-01-23 00:00:00,0.002201,0.002201,0.002201,0.002201,0.0
2026-01-23 04:00:00,0.002201,0.002201,0.002201,0.002201,0.0
2026-01-23 08:00:00,0.002201,0.002201,0.002201,0.002201,0.0
2026-01-23 12:00:00,0.002201,0.002201,0.002201,0.002201,0.0
2026-01-23 16:00:00,0.002201,0.002201,0.002201,0.002201,0.0
2026-01-23 20:00:00,0.002201,0.002201,0.002201,0.002201,0.0
2026-01-24 00:00:00,0.002201,0.002201,0.002201,0.002201,0.0
2026-01-24 04:00:00,0.002201,0.002201,0.002201,0.002201,0.0
2026-01-24 08:00:00,0.002201,0.002201,0.002201,0.002201,0.0
2026-01-24 12:00:00,0.002201,0.002201,0.002201,0.002201,0.0
2026-01-24 16:00:00,0.002201,0.002201,0.002201,0.002201,0.0
2026-01-24 20:00:00,0.002201,0.002201,0.002201,0.002201,0.0
2026-01-25 00:00:00,0.002201,0.002201,0.002201,0.002201,0.0
2026-01-25 04:00:00,0.002201,0.002201,0.002201,0.002201,0.0
2026-01-25 08:00:00,0.002201,0.002201,0.002201,0.002201,0.0
2026-01-25 12:00:00,0.002201,0.002201,0.002201,0.002201,0.0
2026-01-25 16:00:00,0.002201,0.002201,0.002201,0.002201,0.0
2026-01-25 20:00:00,0.002201,0.002201,0.002201,0.002201,0.0
2026-01-26 00:00:00,0.002201,0.002201,0.002201,0.002201,0.0
2026-01-26 04:00:00,0.002201,0.002201,0.002201,0.002201,0.0
2026-01-26 08:00:00,0.002201,0.002201,0.002201,0.002201,0.0
2026-01-26 12:00:00,0.002201,0.002201,0.002201,0.002201,0.0
2026-01-26 16:00:00,0.002201,0.002201,0.002201,0.002201,0.0
2026-01-26 20:00:00,0.002201,0.002201,0.002201,0.002201,0.0
2026-01-27 00:00:00,0.002201,0.002201,0.002201,0.002201,0.0
2026-01-27 04:00:00,0.002201,0.002201,0.002201,0.002201,0.0
2026-01-27 08:00:00,0.002201,0.002201,0.002201,0.002201,0.0
2026-01-27 12:00:00,0.002201,0.002201,0.002201,0.002201,0.0
2026-01-27 16:00:00,0.002201,0.002201,0.002201,0.002201,0.0
2026-01-27 20:00:00,0.002201,0.002201,0.002201,0.002201,0.0
2026-01-28 00:00:00,0.002201,0.002201,0.002201,0.002201,0.0
2026-01-28 04:00:00,0.002201,0.002201,0.002201,0.002201,0.0
2026-01-28 08:00:00,0.002201,0.002201,0.002201,0.002201,0.0
2026-01-28 12:00:00,0.002201,0.002201,0.002201,0.002201,0.0
2026-01-28 16:00:00,0.002201,0.002201,0.002201,0.002201,0.0
2026-01-28 20:00:00,0.002201,0.002201,0.002201,0.002201,0.0
2026-01-29 00:00:00,0.002201,0.002201,0.002201,0.002201,0.0
2026-01-29 04:00:00,0.002201,0.002201,0.002201,0.002201,0.0
2026-01-29 08:00:00,0.002201,0.002201,0.002201,0.002201,0.0
2026-01-29 12:00:00,0.002201,0.002201,0.002201,0.002201,0.0
2026-01-29 16:00:00,0.002201,0.002201,0.002201,0.002201,0.0
2026-01-29 20:00:00,0.002201,0.002201,0.002201,0.002201,0.0
2026-01-30 00:00:00,0.002201,0.002201,0.002201,0.002201,0.0
2026-01-30 04:00:00,0.002201,0.002201,0.002201,0.002201,0.0
2026-01-30 08:00:00,0.002201,0.002201,0.002201,0.002201,0.0
2026-01-30 12:00:00,0.002201,0.002201,0.002201,0.002201,0.0
2026-01-30 16:00:00,0.002201,0.002201,0.002201,0.002201,0.0
2026-01-30 20:00:00,0.002201,0.002201,0.002201,0.002201,0.0
2026-01-31 00:00:00,0.002201,0.002201,0.002201,0.002201,0.0
2026-01-31 04:00:00,0.002201,0.002201,0.002201,0.002201,0.0
2026-01-31 08:00:00,0.002201,0.002201,0.002201,0.002201,0.0
2026-01-31 12:00:00,0.002201,0.002201,0.002201,0.002201,0.0
2026-01-31 16:00:00,0.002201,0.002201,0.002201,0.002201,0.0
2026-01-31 20:00:00,0.002201,0.002201,0.002201,0.002201,0.0
2026-02-01 00:00:00,0.002201,0.002201,0.002201,0.002201,0.0
2026-02-01 04:00:00,0.002201,0.002201,0.002201,0.002201,0.0
2026-02-01 08:00:00,0.002201,0.002201,0.002201,0.002201,0.0
2026-02-01 12:00:00,0.002201,0.002201,0.002201,0.002201,0.0
2026-02-01 16:00:00,0.002201,0.002201,0.002201,0.002201,0.0
2026-02-01 20:00:00,0.002201,0.002201,0.002201,0.002201,0.0
2026-02-02 00:00:00,0.002201,0.002201,0.002201,0.002201,0.0
2026-02-02 04:00:00,0.002201,0.002201,0.002201,0.002201,0.0
2026-02-02 08:00:00,0.002201,0.002201,0.002201,0.002201,0.0
2026-02-02 12:00:00,0.002201,0.002201,0.002201,0.002201,0.0
2026-02-02 16:00:00,0.002201,0.002201,0.002201,0.002201,0.0
2026-02-02 20:00:00,0.002201,0.002201,0.002201,0.002201,0.0
2026-02-03 00:00:00,0.002201,0.002201,0.002201,0.002201,0.0
2026-02-03 04:00:00,0.002201,0.002201,0.002201,0.002201,0.0
2026-02-03 08:00:00,0.002201,0.002201,0.002201,0.002201,0.0
2026-02-03 12:00:00,0.002201,0.002201,0.002201,0.002201,0.0
2026-02-03 16:00:00,0.002201,0.002201,0.002201,0.002201,0.0
2026-02-03 20:00:00,0.002201,0.002201,0.002201,0.002201,0.0
2026-02-04 00:00:00,0.002201,0.002201,0.002201,0.002201,0.0
2026-02-04 04:00:00,0.002201,0.002201,0.002201,0.002201,0.0
2026-02-04 08:00:00,0.002201,0.002201,0.002201,0.002201,0.0
2026-02-04 12:00:00,0.002201,0.002201,0.002201,0.002201,0.0
2026-02-04 16:00:00,0.002201,0.002201,0.002201,0.002201,0.0
2026-02-04 20:00:00,0.002201,0.002201,0.002201,0.002201,0.0
2026-02-05 00:00:00,0.002201,0.002201,0.002201,0.002201,0.0
2026-02-05 04:00:00,0.002201,0.002201,0.002201,0.002201,0.0
2026-02-05 08:00:00,0.002201,0.002201,0.002201,0.002201,0.0
2026-02-05 12:00:00,0.002201,0.002201,0.002201,0.002201,0.0
2026-02-05 16:00:00,0.002201,0.002201,0.002201,0.002201,0.0
2026-02-05 20:00:00,0.002201,0.002201,0.002201,0.002201,0.0
2026-02-06 00:00:00,0.002201,0.002201,0.002201,0.002201,0.0
2026-02-06 04:00:00,0.002201,0.002201,0.002201,0.002201,0.0
2026-02-06 08:00:00,0.002201,0.002201,0.002201,0.002201,0.0
2026-02-06 12:00:00,0.002201,0.002201,0.002201,0.002201,0.0
2026-02-06 16:00:00,0.002201,0.002201,0.002201,0.002201,0.0
2026-02-06 20:00:00,0.002201,0.002201,0.002201,0.002201,0.0
2026-02-07 00:00:00,0.002201,0.002201,0.002201,0.002201,0.0
2026-02-07 04:00:00,0.002201,0.002201,0.002201,0.002201,0.0
2026-02-07 08:00:00,0.002201,0.002201,0.002201,0.002201,0.0
2026-02-07 12:00:00,0.002201,0.002201,0.002201,0.002201,0.0
2026-02-07 16:00:00,0.002201,0.002201,0.002201,0.002201,0.0
2026-02-07 20:00:00,0.002201,0.002201,0.002201,0.002201,0.0
2026-02-08 00:00:00,0.002201,0.002201,0.002201,0.002201,0.0
2026-02-08 04:00:00,0.002201,0.002201,0.002201,0.002201,0.0
2026-02-08 08:00:00,0.002201,0.002201,0.002201,0.002201,0.0
2026-02-08 12:00:00,0.002201,0.002201,0.002201,0.002201,0.0
2026-02-08 16:00:00,0.002201,0.002201,0.002201,0.002201,0.0
2026-02-08 20:00:00,0.002201,0.002201,0.002201,0.002201,0.0
2026-02-09 00:00:00,0.002201,0.002201,0.002201,0.002201,0.0
2026-02-09 04:00:00,0.002201,0.002201,0.002201,0.002201,0.0
2026-02-09 08:00:00,0.002201,0.002201,0.002201,0.002201,0.0
2026-02-09 12:00:00,0.002201,0.002201,0.002201,0.002201,0.0
2026-02-09 16:00:00,0.002201,0.002201,0.002201,0.002201,0.0
2026-02-09 20:00:00,0.002201,0.002201,0.002201,0.002201,0.0
2026-02-10 00:00:00,0.002201,0.002201,0.002201,0.002201,0.0
2026-02-10 04:00:00,0.002201,0.002201,0.002201,0.002201,0.0
2026-02-10 08:00:00,0.002201,0.002201,0.002201,0.002201,0.0
2026-02-10 12:00:00,0.002201,0.002201,0.002201,0.002201,0.0
2026-02-10 16:00:00,0.002201,0.002201,0.002201,0.002201,0.0
2026-02-10 20:00:00,0.002201,0.002201,0.002201,0.002201,0.0
2026-02-11 00:00:00,0.002201,0.002201,0.002201,0.002201,0.0
2026-02-11 04:00:00,0.002201,0.002201,0.002201,0.002201,0.0
2026-02-11 08:00:00,0.002201,0.002201,0.002201,0.002201,0.0
2026-02-11 12:00:00,0.002201,0.002201,0.002201,0.002201,0.0
2026-02-11 16:00:00,0.002201,0.002201,0.002201,0.002201,0.0
2026-02-11 20:00:00,0.002201,0.002201,0.002201,0.002201,0.0
2026-02-12 00:00:00,0.002201,0.002201,0.002201,0.002201,0.0
2026-02-12 04:00:00,0.002201,0.002201,0.002201,0.002201,0.0
2026-02-12 08:00:00,0.002201,0.002201,0.002201,0.002201,0.0
2026-02-12 12:00:00,0.002201,0.002201,0.002201,0.002201,0.0
2026-02-12 16:00:00,0.002201,0.002201,0.002201,0.002201,0.0
2026-02-12 20:00:00,0.002201,0.002201,0.002201,0.002201,0.0
2026-02-13 00:00:00,0.002201,0.002201,0.002201,0.002201,0.0
2026-02-13 04:00:00,0.002201,0.002201,0.002201,0.002201,0.0
2026-02-13 08:00:00,0.002201,0.002201,0.002201,0.002201,0.0
2026-02-13 12:00:00,0.002201,0.002201,0.002201,0.002201,0.0
2026-02-13 16:00:00,0.002201,0.002201,0.002201,0.002201,0.0
2026-02-13 20:00:00,0.002201,0.002201,0.002201,0.002201,0.0
2026-02-14 00:00:00,0.002201,0.002201,0.002201,0.002201,0.0
2026-02-14 04:00:00,0.002201,0.002201,0.002201,0.002201,0.0
2026-02-14 08:00:00,0.002201,0.002201,0.002201,0.002201,0.0
2026-02-14 12:00:00,0.002201,0.002201,0.002201,0.002201,0.0
2026-02-14 16:00:00,0.002201,0.002201,0.002201,0.002201,0.0
2026-02-14 20:00:00,0.002201,0.002201,0.002201,0.002201,0.0
2026-02-15 00:00:00,0.002201,0.002201,0.002201,0.002201,0.0
2026-02-15 04:00:00,0.002201,0.002201,0.002201,0.002201,0.0
2026-02-15 08:00:00,0.002201,0.002201,0.002201,0.002201,0.0
2026-02-15 12:00:00,0.002201,0.002201,0.002201,0.002201,0.0
2026-02-15 16:00:00,0.002201,0.002201,0.002201,0.002201,0.0
2026-02-15 20:00:00,0.002201,0.002201,0.002201,0.002201,0.0
2026-02-16 00:00:00,0.002201,0.002201,0.002201,0.002201,0.0
2026-02-16 04:00:00,0.002201,0.002201,0.002201,0.002201,0.0
2026-02-16 08:00:00,0.002201,0.002201,0.002201,0.002201,0.0
2026-02-16 12:00:00,0.002201,0.002201,0.002201,0.002201,0.0
2026-02-16 16:00:00,0.002201,0.002201,0.002201,0.002201,0.0
2026-02-16 20:00:00,0.002201,0.002201,0.002201,0.002201,0.0
