datetime,open,high,low,close,volume
2024-09-09 12:00:00,11.93,12.42,11.2,11.54,1477167.4
2024-09-09 16:00:00,11.54,12.21,11.2,11.84,1175263.3
2024-09-09 20:00:00,11.85,12.0,11.46,11.65,725915.7
2024-09-10 00:00:00,11.66,11.71,11.3,11.59,561482.8
2024-09-10 04:00:00,11.59,11.85,11.41,11.74,651986.6
2024-09-10 08:00:00,11.72,12.29,11.46,11.75,1333325.3
2024-09-10 12:00:00,11.75,11.87,11.38,11.43,559235.9
2024-09-10 16:00:00,11.42,11.54,11.05,11.29,520814.9
2024-09-10 20:00:00,11.28,11.42,11.18,11.26,259903.3
2024-09-11 00:00:00,11.25,11.3,10.65,10.73,828256.9
2024-09-11 04:00:00,10.73,10.82,10.37,10.7,635615.0
2024-09-11 08:00:00,10.7,10.7,10.35,10.45,365354.8
2024-09-11 12:00:00,10.45,10.45,9.89,10.2,1173855.4
2024-09-11 16:00:00,10.19,10.37,10.03,10.21,504314.8
2024-09-11 20:00:00,10.19,10.48,10.1,10.14,707712.6
2024-09-12 00:00:00,10.13,10.32,10.1,10.23,271761.0
2024-09-12 04:00:00,10.22,10.3,10.12,10.16,241747.9
2024-09-12 08:00:00,10.15,10.28,10.13,10.21,183972.5
2024-09-12 12:00:00,10.21,10.26,9.94,10.04,401240.0
2024-09-12 16:00:00,10.04,10.22,10.02,10.21,204427.6
2024-09-12 20:00:00,10.21,10.26,10.11,10.23,165450.9
2024-09-13 00:00:00,10.24,10.28,10.12,10.14,137876.0
2024-09-13 04:00:00,10.13,10.19,10.09,10.13,124232.2
2024-09-13 08:00:00,10.13,10.26,10.04,10.09,157250.5
2024-09-13 12:00:00,10.09,10.28,10.06,10.24,215764.9
2024-09-13 16:00:00,10.24,10.46,10.23,10.34,189209.2
2024-09-13 20:00:00,10.34,10.49,10.23,10.28,131469.7
2024-09-14 00:00:00,10.28,10.48,10.24,10.43,101227.4
2024-09-14 04:00:00,10.44,10.45,10.27,10.35,147845.4
2024-09-14 08:00:00,10.35,10.38,10.2,10.25,99421.2
2024-09-14 12:00:00,10.26,10.3,10.18,10.25,69583.2
2024-09-14 16:00:00,10.24,10.27,10.1,10.15,81030.2
2024-09-14 20:00:00,10.15,10.31,10.13,10.25,80619.5
2024-09-15 00:00:00,10.25,10.37,10.25,10.29,60143.6
2024-09-15 04:00:00,10.3,10.31,10.19,10.24,65315.6
2024-09-15 08:00:00,10.23,10.25,10.14,10.2,102852.0
2024-09-15 12:00:00,10.19,10.32,10.17,10.3,80426.9
2024-09-15 16:00:00,10.29,10.3,10.13,10.19,85029.0
2024-09-15 20:00:00,10.18,10.18,9.71,9.86,222588.5
2024-09-16 00:00:00,9.86,9.88,9.51,9.64,214775.7
2024-09-16 04:00:00,9.64,9.8,9.59,9.73,91205.6
2024-09-16 08:00:00,9.73,9.79,9.53,9.59,125266.6
2024-09-16 12:00:00,9.58,9.61,9.28,9.4,231565.1
2024-09-16 16:00:00,9.4,9.44,9.2,9.23,136221.6
2024-09-16 20:00:00,9.23,9.44,9.19,9.37,86381.3
2024-09-17 00:00:00,9.37,9.49,9.3,9.45,63712.5
2024-09-17 04:00:00,9.45,9.62,9.45,9.56,53634.4
2024-09-17 08:00:00,9.57,9.64,9.47,9.53,78223.0
2024-09-17 12:00:00,9.53,9.8,9.5,9.75,150103.5
2024-09-17 16:00:00,9.75,9.8,9.43,9.54,114936.9
2024-09-17 20:00:00,9.54,9.65,9.48,9.65,64190.2
2024-09-18 00:00:00,9.65,9.77,9.46,9.7,97517.1
2024-09-18 04:00:00,9.7,9.75,9.61,9.67,60247.9
2024-09-18 08:00:00,9.67,9.68,9.41,9.5,74381.5
2024-09-18 12:00:00,9.5,9.57,9.29,9.33,86267.2
2024-09-18 16:00:00,9.33,9.76,9.3,9.56,201766.4
2024-09-18 20:00:00,9.56,9.85,9.47,9.85,86546.9
2024-09-19 00:00:00,9.85,10.13,9.81,10.05,177444.9
2024-09-19 04:00:00,10.05,10.09,9.87,10.01,146027.3
2024-09-19 08:00:00,10.0,10.1,9.85,10.03,114345.9
2024-09-19 12:00:00,10.03,10.15,9.99,10.08,136814.3
2024-09-19 16:00:00,10.07,10.38,10.06,10.27,197598.9
2024-09-19 20:00:00,10.26,10.44,10.15,10.31,113253.3
2024-09-20 00:00:00,10.31,10.64,10.13,10.62,193621.0
2024-09-20 04:00:00,10.61,10.678,10.44,10.605,284379.7
2024-09-20 08:00:00,10.606,10.792,10.471,10.531,375142.0
2024-09-20 12:00:00,10.534,10.8,10.326,10.641,298071.3
2024-09-20 16:00:00,10.64,10.873,10.556,10.698,248370.1
2024-09-20 20:00:00,10.7,10.817,10.64,10.788,70843.1
2024-09-21 00:00:00,10.79,10.94,10.401,10.417,125178.5
2024-09-21 04:00:00,10.41,10.552,10.095,10.459,102622.9
2024-09-21 08:00:00,10.459,10.526,10.346,10.396,91809.2
2024-09-21 12:00:00,10.397,10.52,10.31,10.44,104620.1
2024-09-21 16:00:00,10.439,10.58,10.427,10.511,73274.5
2024-09-21 20:00:00,10.51,10.669,10.46,10.629,31728.2
2024-09-22 00:00:00,10.633,10.666,10.301,10.375,75658.9
2024-09-22 04:00:00,10.375,10.588,10.357,10.536,61405.3
2024-09-22 08:00:00,10.536,10.801,10.421,10.736,158284.6
2024-09-22 12:00:00,10.731,10.93,10.532,10.736,268491.3
2024-09-22 16:00:00,10.736,11.422,10.633,11.29,1346797.7
2024-09-22 20:00:00,11.29,11.558,11.062,11.264,935057.3
2024-09-23 00:00:00,11.26,11.696,11.045,11.492,628069.7
2024-09-23 04:00:00,11.493,11.508,11.013,11.088,313341.3
2024-09-23 08:00:00,11.092,11.113,10.835,10.863,197837.0
2024-09-23 12:00:00,10.865,11.149,10.823,11.085,149920.6
2024-09-23 16:00:00,11.089,11.134,10.915,11.074,105294.4
2024-09-23 20:00:00,11.076,11.166,10.971,11.014,91786.4
2024-09-24 00:00:00,11.015,11.079,10.723,10.899,113159.6
2024-09-24 04:00:00,10.898,11.06,10.773,11.035,77853.1
2024-09-24 08:00:00,11.035,11.09,10.932,11.016,86438.5
2024-09-24 12:00:00,11.017,11.053,10.657,10.766,108807.9
2024-09-24 16:00:00,10.766,11.043,10.726,11.031,57680.4
2024-09-24 20:00:00,11.031,11.23,11.015,11.184,115782.4
2024-09-25 00:00:00,11.185,11.287,11.075,11.165,70405.7
2024-09-25 04:00:00,11.166,11.305,10.761,10.856,127919.6
2024-09-25 08:00:00,10.858,11.113,10.828,11.087,80193.7
2024-09-25 12:00:00,11.087,11.238,10.957,10.988,94087.1
2024-09-25 16:00:00,10.99,11.15,10.925,11.053,73786.0
2024-09-25 20:00:00,11.053,11.177,10.909,10.948,105989.2
2024-09-26 00:00:00,10.949,11.325,10.753,11.224,137139.3
2024-09-26 04:00:00,11.225,11.536,11.166,11.344,163601.8
2024-09-26 08:00:00,11.344,11.404,11.229,11.291,104576.4
2024-09-26 12:00:00,11.291,11.398,11.106,11.307,115066.8
2024-09-26 16:00:00,11.306,11.504,11.242,11.388,95943.0
2024-09-26 20:00:00,11.386,11.448,11.201,11.435,84810.5
2024-09-27 00:00:00,11.433,11.589,11.373,11.538,87761.5
2024-09-27 04:00:00,11.536,11.779,11.514,11.675,70100.9
2024-09-27 08:00:00,11.68,11.885,11.484,11.554,91798.3
2024-09-27 12:00:00,11.552,11.987,11.513,11.862,130136.1
2024-09-27 16:00:00,11.864,12.133,11.816,11.951,131373.1
2024-09-27 20:00:00,11.947,12.361,11.927,12.194,144755.4
2024-09-28 00:00:00,12.198,12.321,12.107,12.258,89472.5
2024-09-28 04:00:00,12.259,12.321,11.925,11.929,130428.3
2024-09-28 08:00:00,11.929,11.943,11.496,11.747,174575.2
2024-09-28 12:00:00,11.75,11.793,11.569,11.691,81484.0
2024-09-28 16:00:00,11.689,11.717,11.482,11.529,53785.9
2024-09-28 20:00:00,11.529,11.568,11.334,11.456,70597.9
2024-09-29 00:00:00,11.459,11.581,11.357,11.571,77803.1
2024-09-29 04:00:00,11.575,11.629,11.293,11.325,81713.6
2024-09-29 08:00:00,11.324,11.57,11.289,11.546,60597.0
2024-09-29 12:00:00,11.545,11.621,11.354,11.561,64751.2
2024-09-29 16:00:00,11.555,11.761,11.527,11.752,63219.9
2024-09-29 20:00:00,11.751,11.836,11.5,11.59,59705.6
2024-09-30 00:00:00,11.587,11.645,11.184,11.446,118292.8
2024-09-30 04:00:00,11.447,11.617,11.258,11.507,77491.6
2024-09-30 08:00:00,11.507,11.715,11.095,11.48,143544.6
2024-09-30 12:00:00,11.48,11.811,11.407,11.636,202183.5
2024-09-30 16:00:00,11.639,12.07,11.56,11.613,261459.6
2024-09-30 20:00:00,11.615,11.754,11.078,11.197,141204.3
2024-10-01 00:00:00,11.196,11.7,11.127,11.498,142827.5
2024-10-01 04:00:00,11.498,11.582,11.393,11.507,77040.3
2024-10-01 08:00:00,11.507,11.529,11.413,11.458,51844.5
2024-10-01 12:00:00,11.457,11.547,10.501,10.75,223819.4
2024-10-01 16:00:00,10.748,10.796,9.97,10.301,273946.9
2024-10-01 20:00:00,10.299,10.319,10.039,10.169,128626.9
2024-10-02 00:00:00,10.166,10.386,10.088,10.366,82172.7
2024-10-02 04:00:00,10.365,10.457,10.3,10.395,74922.7
2024-10-02 08:00:00,10.393,10.47,10.1,10.235,84070.6
2024-10-02 12:00:00,10.235,10.32,10.001,10.202,118879.5
2024-10-02 16:00:00,10.197,10.331,9.573,9.772,138151.6
2024-10-02 20:00:00,9.772,9.944,9.718,9.849,79171.7
2024-10-03 00:00:00,9.849,10.032,9.74,10.031,73337.0
2024-10-03 04:00:00,10.028,10.052,9.786,9.805,77759.5
2024-10-03 08:00:00,9.804,9.811,9.376,9.595,146437.7
2024-10-03 12:00:00,9.594,9.732,9.297,9.517,162142.2
2024-10-03 16:00:00,9.525,9.597,9.291,9.588,86311.2
2024-10-03 20:00:00,9.585,9.638,9.464,9.609,67289.8
2024-10-04 00:00:00,9.611,9.811,9.547,9.669,74230.1
2024-10-04 04:00:00,9.669,9.871,9.667,9.836,39898.1
2024-10-04 08:00:00,9.839,9.932,9.737,9.777,76634.0
2024-10-04 12:00:00,9.777,9.93,9.663,9.923,124863.4
2024-10-04 16:00:00,9.927,10.343,9.901,10.254,189364.7
2024-10-04 20:00:00,10.254,10.267,10.093,10.162,48606.7
2024-10-05 00:00:00,10.162,10.282,9.973,10.025,57897.9
2024-10-05 04:00:00,10.026,10.304,10.011,10.228,67719.4
2024-10-05 08:00:00,10.226,10.406,10.213,10.272,45845.0
2024-10-05 12:00:00,10.271,10.334,10.12,10.209,62406.3
2024-10-05 16:00:00,10.208,10.323,9.984,10.092,172085.0
2024-10-05 20:00:00,10.087,10.133,9.92,10.087,79340.2
2024-10-06 00:00:00,10.087,10.175,10.03,10.05,48588.4
2024-10-06 04:00:00,10.053,10.279,10.008,10.176,67880.4
2024-10-06 08:00:00,10.181,10.312,10.13,10.289,46086.2
2024-10-06 12:00:00,10.29,10.469,10.254,10.395,77500.1
2024-10-06 16:00:00,10.396,10.435,10.235,10.273,62396.6
2024-10-06 20:00:00,10.274,10.461,10.24,10.447,34443.3
2024-10-07 00:00:00,10.447,10.755,10.376,10.657,77018.0
2024-10-07 04:00:00,10.66,10.692,10.543,10.603,41910.5
2024-10-07 08:00:00,10.605,10.677,10.309,10.505,76326.0
2024-10-07 12:00:00,10.506,10.778,10.394,10.606,141772.0
2024-10-07 16:00:00,10.608,10.941,10.527,10.749,274543.2
2024-10-07 20:00:00,10.747,10.914,10.515,10.658,173840.6
2024-10-08 00:00:00,10.657,10.836,10.634,10.75,109943.9
2024-10-08 04:00:00,10.75,10.761,10.413,10.562,155513.9
2024-10-08 08:00:00,10.56,10.847,10.51,10.735,162894.8
2024-10-08 12:00:00,10.735,10.793,10.332,10.426,254936.4
2024-10-08 16:00:00,10.426,10.583,10.345,10.553,102052.5
2024-10-08 20:00:00,10.56,10.694,10.432,10.554,63133.6
2024-10-09 00:00:00,10.558,10.786,10.473,10.592,91235.4
2024-10-09 04:00:00,10.588,10.659,10.463,10.51,52338.7
2024-10-09 08:00:00,10.504,10.535,10.299,10.382,60595.1
2024-10-09 12:00:00,10.381,10.385,10.031,10.313,114764.9
2024-10-09 16:00:00,10.313,10.337,10.046,10.089,65408.2
2024-10-09 20:00:00,10.08,10.097,9.768,9.977,84605.5
2024-10-10 00:00:00,9.974,10.126,9.897,10.078,35612.7
2024-10-10 04:00:00,10.076,10.182,10.042,10.048,25191.0
2024-10-10 08:00:00,10.048,10.106,9.855,10.099,45592.9
2024-10-10 12:00:00,10.095,10.115,9.885,10.029,65430.4
2024-10-10 16:00:00,10.029,10.088,9.72,9.963,111417.5
2024-10-10 20:00:00,9.962,10.17,9.942,10.163,31476.4
2024-10-11 00:00:00,10.163,10.258,10.067,10.172,31256.5
2024-10-11 04:00:00,10.174,10.215,10.106,10.172,23622.6
2024-10-11 08:00:00,10.167,10.458,10.166,10.437,84804.2
2024-10-11 12:00:00,10.438,10.535,10.348,10.406,109492.9
2024-10-11 16:00:00,10.413,10.554,10.363,10.502,62974.1
2024-10-11 20:00:00,10.5,10.544,10.452,10.504,27734.4
2024-10-12 00:00:00,10.504,10.611,10.487,10.51,39591.6
2024-10-12 04:00:00,10.51,10.701,10.485,10.691,45618.5
2024-10-12 08:00:00,10.687,10.713,10.615,10.655,24119.0
2024-10-12 12:00:00,10.656,10.812,10.652,10.753,41381.6
2024-10-12 16:00:00,10.754,10.812,10.638,10.679,34201.0
2024-10-12 20:00:00,10.681,10.73,10.64,10.666,27818.1
2024-10-13 00:00:00,10.666,10.702,10.519,10.525,36017.2
2024-10-13 04:00:00,10.526,10.74,10.525,10.737,38901.0
2024-10-13 08:00:00,10.74,10.834,10.591,10.595,51699.4
2024-10-13 12:00:00,10.59,10.725,10.441,10.492,58272.7
2024-10-13 16:00:00,10.488,10.669,10.45,10.623,32284.0
2024-10-13 20:00:00,10.627,10.881,10.579,10.735,53302.0
2024-10-14 00:00:00,10.738,10.928,10.546,10.899,50222.9
2024-10-14 04:00:00,10.897,11.005,10.783,10.98,46201.6
2024-10-14 08:00:00,10.984,11.013,10.868,10.996,39624.8
2024-10-14 12:00:00,10.998,11.305,10.941,11.288,74570.7
2024-10-14 16:00:00,11.288,11.333,11.174,11.272,54431.9
2024-10-14 20:00:00,11.272,11.407,11.254,11.34,38528.2
2024-10-15 00:00:00,11.338,11.394,11.208,11.229,51373.9
2024-10-15 04:00:00,11.23,11.335,11.105,11.213,52445.4
2024-10-15 08:00:00,11.217,11.446,11.065,11.112,126930.0
2024-10-15 12:00:00,11.123,11.522,10.875,11.058,157113.0
2024-10-15 16:00:00,11.065,11.383,11.06,11.269,104746.4
2024-10-15 20:00:00,11.269,11.455,11.064,11.452,55315.3
2024-10-16 00:00:00,11.452,12.189,11.247,11.287,246185.2
2024-10-16 04:00:00,11.291,11.334,11.04,11.071,67033.5
2024-10-16 08:00:00,11.075,11.421,11.055,11.313,60886.3
2024-10-16 12:00:00,11.313,11.377,11.063,11.154,72438.9
2024-10-16 16:00:00,11.155,11.182,11.013,11.094,37594.9
2024-10-16 20:00:00,11.091,11.232,11.054,11.068,24420.8
2024-10-17 00:00:00,11.071,11.235,11.051,11.206,24025.2
2024-10-17 04:00:00,11.203,11.222,10.965,11.009,60814.0
2024-10-17 08:00:00,11.008,11.04,10.827,10.828,36526.7
2024-10-17 12:00:00,10.829,11.138,10.818,11.098,44258.2
2024-10-17 16:00:00,11.095,11.24,10.802,10.959,122885.7
2024-10-17 20:00:00,10.959,11.335,10.956,11.165,74333.6
2024-10-18 00:00:00,11.171,11.385,11.044,11.27,68362.4
2024-10-18 04:00:00,11.27,11.98,11.263,11.57,496728.0
2024-10-18 08:00:00,11.574,11.582,11.071,11.138,233269.5
2024-10-18 12:00:00,11.135,11.464,11.046,11.404,114446.5
2024-10-18 16:00:00,11.404,12.092,11.323,11.825,233205.7
2024-10-18 20:00:00,11.831,11.876,11.577,11.759,111779.8
2024-10-19 00:00:00,11.763,11.981,11.74,11.832,53283.1
2024-10-19 04:00:00,11.831,11.875,11.637,11.654,48269.0
2024-10-19 08:00:00,11.652,11.699,11.366,11.372,67246.4
2024-10-19 12:00:00,11.369,11.524,11.369,11.442,34433.2
2024-10-19 16:00:00,11.443,11.459,11.351,11.402,29479.8
2024-10-19 20:00:00,11.4,11.596,11.387,11.497,34598.3
2024-10-20 00:00:00,11.499,11.588,11.329,11.417,26641.3
2024-10-20 04:00:00,11.415,11.597,11.383,11.525,27604.6
2024-10-20 08:00:00,11.528,11.739,11.522,11.708,31207.2
2024-10-20 12:00:00,11.71,12.119,11.631,12.063,119831.4
2024-10-20 16:00:00,12.062,12.177,11.875,11.926,64291.4
2024-10-20 20:00:00,11.923,12.138,11.892,12.125,49254.2
2024-10-21 00:00:00,12.123,12.323,12.026,12.295,75004.4
2024-10-21 04:00:00,12.292,12.45,12.126,12.139,141623.4
2024-10-21 08:00:00,12.137,12.276,11.866,12.041,112226.0
2024-10-21 12:00:00,12.044,12.147,11.645,11.753,108596.6
2024-10-21 16:00:00,11.749,11.895,11.558,11.878,53146.4
2024-10-21 20:00:00,11.872,11.93,11.789,11.789,28009.9
2024-10-22 00:00:00,11.787,11.868,11.591,11.811,37568.0
2024-10-22 04:00:00,11.809,11.868,11.727,11.778,40405.5
2024-10-22 08:00:00,11.778,11.798,11.401,11.542,42755.7
2024-10-22 12:00:00,11.542,11.594,11.308,11.487,46097.4
2024-10-22 16:00:00,11.484,11.513,11.301,11.43,26327.7
2024-10-22 20:00:00,11.429,11.58,11.4,11.503,22217.1
2024-10-23 00:00:00,11.506,11.577,11.306,11.395,23668.2
2024-10-23 04:00:00,11.398,11.44,11.115,11.155,33581.9
2024-10-23 08:00:00,11.158,11.207,11.008,11.043,37616.0
2024-10-23 12:00:00,11.043,11.172,10.861,10.956,42347.4
2024-10-23 16:00:00,10.957,10.98,10.476,10.716,79738.2
2024-10-23 20:00:00,10.716,10.845,10.682,10.811,28166.6
2024-10-24 00:00:00,10.816,10.985,10.732,10.893,25452.2
2024-10-24 04:00:00,10.892,11.117,10.884,10.935,28156.9
2024-10-24 08:00:00,10.932,11.007,10.782,10.931,28838.0
2024-10-24 12:00:00,10.935,11.074,10.91,11.026,27366.9
2024-10-24 16:00:00,11.02,11.116,10.964,11.116,18702.9
2024-10-24 20:00:00,11.115,11.264,11.091,11.128,21752.9
2024-10-25 00:00:00,11.122,11.176,10.98,11.04,19921.0
2024-10-25 04:00:00,11.037,11.064,10.802,10.901,28103.3
2024-10-25 08:00:00,10.902,11.106,10.797,11.076,16928.6
2024-10-25 12:00:00,11.085,11.199,10.878,10.96,31701.6
2024-10-25 16:00:00,10.956,11.043,10.589,10.689,68553.7
2024-10-25 20:00:00,10.688,10.758,9.866,10.245,157431.3
2024-10-26 00:00:00,10.245,10.454,10.133,10.426,65034.6
2024-10-26 04:00:00,10.426,10.491,10.367,10.368,15260.0
2024-10-26 08:00:00,10.367,10.451,10.354,10.432,12840.9
2024-10-26 12:00:00,10.43,10.444,10.116,10.177,23945.8
2024-10-26 16:00:00,10.181,10.4,10.148,10.383,16335.1
2024-10-26 20:00:00,10.389,10.5,10.365,10.368,10777.5
2024-10-27 00:00:00,10.367,10.422,10.292,10.414,18293.2
2024-10-27 04:00:00,10.413,10.426,10.312,10.338,14139.2
2024-10-27 08:00:00,10.335,10.38,10.214,10.23,21986.9
2024-10-27 12:00:00,10.231,10.44,10.23,10.42,30275.1
2024-10-27 16:00:00,10.42,10.478,10.345,10.401,13194.7
2024-10-27 20:00:00,10.398,10.586,10.391,10.45,18866.9
2024-10-28 00:00:00,10.449,10.501,10.197,10.212,25876.8
2024-10-28 04:00:00,10.211,10.526,10.127,10.438,28048.0
2024-10-28 08:00:00,10.441,10.507,10.354,10.374,49714.6
2024-10-28 12:00:00,10.379,10.428,10.126,10.126,50853.5
2024-10-28 16:00:00,10.125,10.314,10.024,10.236,38363.7
2024-10-28 20:00:00,10.289,10.622,10.266,10.442,48759.9
2024-10-29 00:00:00,10.444,10.852,10.421,10.803,37937.7
2024-10-29 04:00:00,10.806,10.884,10.789,10.82,20495.9
2024-10-29 08:00:00,10.816,11.011,10.813,10.942,32815.1
2024-10-29 12:00:00,10.938,10.983,10.85,10.935,42630.7
2024-10-29 16:00:00,10.933,11.134,10.835,10.875,66378.8
2024-10-29 20:00:00,10.883,11.041,10.771,11.02,25647.2
2024-10-30 00:00:00,11.02,11.09,10.832,11.051,29709.6
2024-10-30 04:00:00,11.05,11.125,11.017,11.064,21031.0
2024-10-30 08:00:00,11.07,11.106,10.839,10.85,25564.8
2024-10-30 12:00:00,10.849,11.175,10.78,10.837,64888.4
2024-10-30 16:00:00,10.84,10.956,10.811,10.828,24555.3
2024-10-30 20:00:00,10.83,11.017,10.791,10.863,36661.0
2024-10-31 00:00:00,10.862,10.913,10.675,10.682,23618.9
2024-10-31 04:00:00,10.681,10.712,10.556,10.612,17433.8
2024-10-31 08:00:00,10.609,10.634,10.484,10.588,36366.4
2024-10-31 12:00:00,10.587,10.604,10.308,10.428,49119.5
2024-10-31 16:00:00,10.423,10.43,10.133,10.164,41283.0
2024-10-31 20:00:00,10.162,10.222,10.08,10.151,31349.4
2024-11-01 00:00:00,10.152,10.199,9.965,10.136,45671.4
2024-11-01 04:00:00,10.136,10.184,9.954,10.031,36705.1
2024-11-01 08:00:00,10.026,10.232,10.01,10.207,18819.4
2024-11-01 12:00:00,10.206,10.497,9.971,10.07,64040.6
2024-11-01 16:00:00,10.072,10.207,9.981,10.032,58068.9
2024-11-01 20:00:00,10.036,10.095,9.869,10.03,26296.8
2024-11-02 00:00:00,10.033,10.118,9.994,10.002,17040.3
2024-11-02 04:00:00,10.006,10.023,9.929,9.973,15214.1
2024-11-02 08:00:00,9.973,9.988,9.888,9.896,27904.2
2024-11-02 12:00:00,9.898,9.903,9.598,9.709,69437.8
2024-11-02 16:00:00,9.712,9.817,9.575,9.683,37883.3
2024-11-02 20:00:00,9.683,9.748,9.625,9.695,14967.3
2024-11-03 00:00:00,9.693,9.743,9.255,9.401,77558.5
2024-11-03 04:00:00,9.403,9.582,9.398,9.52,25633.6
2024-11-03 08:00:00,9.52,9.541,9.368,9.382,44678.7
2024-11-03 12:00:00,9.384,9.429,9.027,9.25,119201.5
2024-11-03 16:00:00,9.25,9.336,9.13,9.31,68055.3
2024-11-03 20:00:00,9.311,9.452,9.281,9.36,44633.5
2024-11-04 00:00:00,9.361,9.508,9.239,9.411,39454.4
2024-11-04 04:00:00,9.41,9.472,9.279,9.304,38109.4
2024-11-04 08:00:00,9.305,9.48,9.231,9.412,53715.5
2024-11-04 12:00:00,9.414,9.491,9.219,9.24,55481.2
2024-11-04 16:00:00,9.242,9.254,9.091,9.175,84779.5
2024-11-04 20:00:00,9.176,9.182,8.628,8.888,167807.9
2024-11-05 00:00:00,8.888,9.022,8.55,8.732,159634.1
2024-11-05 04:00:00,8.734,8.842,8.692,8.793,112653.7
2024-11-05 08:00:00,8.796,8.861,8.664,8.754,100195.7
2024-11-05 12:00:00,8.756,8.883,8.475,8.818,405008.4
2024-11-05 16:00:00,8.821,8.97,8.658,8.715,405463.9
2024-11-05 20:00:00,8.719,8.908,8.681,8.794,142104.5
2024-11-06 00:00:00,8.797,9.565,8.793,9.362,388778.9
2024-11-06 04:00:00,9.359,9.637,9.145,9.466,277808.6
2024-11-06 08:00:00,9.467,9.788,9.264,9.695,170231.7
2024-11-06 12:00:00,9.699,9.765,9.51,9.663,91039.5
2024-11-06 16:00:00,9.661,9.792,9.547,9.785,95722.2
2024-11-06 20:00:00,9.785,10.39,9.741,10.178,138821.5
2024-11-07 00:00:00,10.174,10.678,10.085,10.65,200619.0
2024-11-07 04:00:00,10.656,10.663,10.084,10.3,160464.4
2024-11-07 08:00:00,10.299,10.383,10.078,10.124,84607.9
2024-11-07 12:00:00,10.121,10.315,10.022,10.31,113229.2
2024-11-07 16:00:00,10.309,10.367,10.173,10.355,120924.2
2024-11-07 20:00:00,10.357,10.42,10.142,10.263,58860.1
2024-11-08 00:00:00,10.266,10.587,10.256,10.302,160328.3
2024-11-08 04:00:00,10.3,10.406,10.208,10.319,40956.6
2024-11-08 08:00:00,10.317,10.486,10.221,10.456,41362.1
2024-11-08 12:00:00,10.458,10.668,10.277,10.565,149838.5
2024-11-08 16:00:00,10.566,10.861,10.329,10.656,265031.5
2024-11-08 20:00:00,10.655,10.712,10.511,10.661,60418.5
2024-11-09 00:00:00,10.659,10.74,10.469,10.541,66769.3
2024-11-09 04:00:00,10.537,12.266,10.537,11.228,606500.6
2024-11-09 08:00:00,11.229,11.341,11.092,11.176,132988.3
2024-11-09 12:00:00,11.179,11.238,10.883,11.015,66379.1
2024-11-09 16:00:00,11.01,11.148,10.856,10.992,54929.8
2024-11-09 20:00:00,10.989,11.489,10.955,11.168,158005.5
2024-11-10 00:00:00,11.169,11.296,10.98,11.253,109501.6
2024-11-10 04:00:00,11.252,11.767,11.191,11.725,190359.7
2024-11-10 08:00:00,11.727,11.926,11.716,11.856,117872.7
2024-11-10 12:00:00,11.853,12.354,11.666,12.236,152641.2
2024-11-10 16:00:00,12.236,12.694,12.067,12.185,228503.7
2024-11-10 20:00:00,12.186,12.255,11.483,12.154,201289.5
2024-11-11 00:00:00,12.155,12.507,12.024,12.362,166667.2
2024-11-11 04:00:00,12.363,12.394,11.471,11.694,183028.6
2024-11-11 08:00:00,11.699,11.886,11.562,11.839,78387.6
2024-11-11 12:00:00,11.843,11.904,11.38,11.681,168192.1
2024-11-11 16:00:00,11.68,11.909,11.588,11.742,139693.7
2024-11-11 20:00:00,11.741,12.097,11.559,12.066,133338.7
2024-11-12 00:00:00,12.066,12.082,11.574,11.96,135290.9
2024-11-12 04:00:00,11.958,12.084,11.738,12.052,94653.5
2024-11-12 08:00:00,12.056,12.259,10.698,11.103,381276.2
2024-11-12 12:00:00,11.098,11.228,10.674,10.766,217148.4
2024-11-12 16:00:00,10.769,11.128,10.55,11.032,125602.8
2024-11-12 20:00:00,11.03,11.283,10.854,11.056,82220.2
2024-11-13 00:00:00,11.061,11.212,10.507,10.518,147999.2
2024-11-13 04:00:00,10.509,10.725,10.134,10.434,145658.2
2024-11-13 08:00:00,10.444,10.51,10.211,10.406,69432.5
2024-11-13 12:00:00,10.401,10.897,10.299,10.865,241298.6
2024-11-13 16:00:00,10.857,10.939,10.28,10.314,227079.5
2024-11-13 20:00:00,10.315,10.483,10.05,10.456,138045.9
2024-11-14 00:00:00,10.456,10.596,10.239,10.584,144412.3
2024-11-14 04:00:00,10.586,10.792,10.404,10.598,86106.5
2024-11-14 08:00:00,10.596,10.623,10.043,10.26,90893.1
2024-11-14 12:00:00,10.259,10.358,9.78,9.905,186274.2
2024-11-14 16:00:00,9.902,10.192,9.834,10.087,96480.3
2024-11-14 20:00:00,10.088,10.25,9.591,9.78,151343.1
2024-11-15 00:00:00,9.779,9.887,9.564,9.796,77210.2
2024-11-15 04:00:00,9.791,9.815,9.401,9.43,123903.6
2024-11-15 08:00:00,9.433,9.694,9.327,9.675,113854.4
2024-11-15 12:00:00,9.677,9.786,9.341,9.389,114304.3
2024-11-15 16:00:00,9.384,9.758,9.335,9.716,78779.5
2024-11-15 20:00:00,9.719,10.121,9.716,10.083,52098.4
2024-11-16 00:00:00,10.081,10.102,9.978,10.093,44588.5
2024-11-16 04:00:00,10.091,10.125,9.76,9.821,57735.0
2024-11-16 08:00:00,9.822,10.064,9.658,10.054,99216.1
2024-11-16 12:00:00,10.055,10.145,9.665,9.816,144883.5
2024-11-16 16:00:00,9.822,10.186,9.709,10.128,72806.3
2024-11-16 20:00:00,10.126,10.305,10.002,10.288,76044.3
2024-11-17 00:00:00,10.289,10.323,9.701,9.963,112135.5
2024-11-17 04:00:00,9.96,10.213,9.895,10.073,91130.7
2024-11-17 08:00:00,10.071,10.49,10.063,10.154,179397.2
2024-11-17 12:00:00,10.155,10.414,10.145,10.217,130765.1
2024-11-17 16:00:00,10.219,10.246,9.889,10.061,85924.0
2024-11-17 20:00:00,10.063,10.106,9.818,9.985,76639.3
2024-11-18 00:00:00,9.986,10.24,9.927,10.103,90117.9
2024-11-18 04:00:00,10.102,10.269,9.992,10.257,50261.8
2024-11-18 08:00:00,10.255,10.268,9.903,9.96,74642.3
2024-11-18 12:00:00,9.967,10.367,9.881,10.194,123150.2
2024-11-18 16:00:00,10.19,10.216,9.719,9.875,240658.8
2024-11-18 20:00:00,9.878,10.493,9.837,10.469,184872.7
2024-11-19 00:00:00,10.472,10.511,10.119,10.219,185213.5
2024-11-19 04:00:00,10.218,10.225,9.955,10.096,105168.5
2024-11-19 08:00:00,10.096,10.117,9.892,10.086,52328.8
2024-11-19 12:00:00,10.084,10.174,9.753,9.922,97372.9
2024-11-19 16:00:00,9.923,10.15,9.895,10.009,68537.3
2024-11-19 20:00:00,10.01,10.042,9.628,9.894,98281.7
2024-11-20 00:00:00,9.895,9.895,9.562,9.764,114757.9
2024-11-20 04:00:00,9.764,9.848,9.665,9.752,48346.0
2024-11-20 08:00:00,9.754,10.007,9.735,9.863,145342.6
2024-11-20 12:00:00,9.861,10.072,9.706,9.899,148963.5
2024-11-20 16:00:00,9.899,9.928,9.275,9.386,204827.6
2024-11-20 20:00:00,9.387,9.585,9.312,9.364,61702.8
2024-11-21 00:00:00,9.365,9.458,9.039,9.287,149682.3
2024-11-21 04:00:00,9.291,9.71,9.255,9.695,103409.1
2024-11-21 08:00:00,9.695,9.75,9.468,9.588,66704.7
2024-11-21 12:00:00,9.586,10.395,9.579,9.935,345714.6
2024-11-21 16:00:00,9.937,10.265,9.933,10.111,143285.7
2024-11-21 20:00:00,10.114,10.305,10.102,10.234,57975.3
2024-11-22 00:00:00,10.234,10.303,10.044,10.258,71207.3
2024-11-22 04:00:00,10.256,10.406,10.146,10.183,101265.6
2024-11-22 08:00:00,10.186,10.353,10.054,10.229,304504.2
2024-11-22 12:00:00,10.232,10.328,9.813,10.065,147936.0
2024-11-22 16:00:00,10.066,10.117,9.804,9.915,302489.3
2024-11-22 20:00:00,9.911,10.241,9.872,10.241,48902.2
2024-11-23 00:00:00,10.24,10.513,10.182,10.411,90669.7
2024-11-23 04:00:00,10.414,10.945,10.308,10.882,212973.5
2024-11-23 08:00:00,10.884,11.054,10.83,10.929,78743.5
2024-11-23 12:00:00,10.93,11.599,10.924,11.481,248804.9
2024-11-23 16:00:00,11.483,11.846,10.99,11.71,529175.2
2024-11-23 20:00:00,11.709,11.774,11.432,11.765,166514.1
2024-11-24 00:00:00,11.764,12.372,11.629,12.346,262496.0
2024-11-24 04:00:00,12.349,12.473,12.038,12.138,303500.3
2024-11-24 08:00:00,12.14,12.312,11.351,11.36,176298.8
2024-11-24 12:00:00,11.361,11.561,10.95,11.067,348454.2
2024-11-24 16:00:00,11.065,11.593,11.024,11.459,129432.2
2024-11-24 20:00:00,11.459,11.987,11.42,11.945,327044.7
2024-11-25 00:00:00,11.945,11.96,11.387,11.802,137317.6
2024-11-25 04:00:00,11.8,12.252,11.756,12.13,167936.5
2024-11-25 08:00:00,12.125,12.889,12.104,12.406,376809.2
2024-11-25 12:00:00,12.409,13.109,11.811,12.825,355032.1
2024-11-25 16:00:00,12.827,13.904,12.647,13.054,907701.4
2024-11-25 20:00:00,13.047,13.9,12.8,13.137,947259.1
2024-11-26 00:00:00,13.139,13.618,12.913,13.06,469139.5
2024-11-26 04:00:00,13.059,14.478,12.976,14.231,1650000.5
2024-11-26 08:00:00,14.238,14.399,12.422,12.807,1426598.1
2024-11-26 12:00:00,12.808,13.724,12.562,13.135,1097815.5
2024-11-26 16:00:00,13.133,13.44,12.72,13.131,485913.6
2024-11-26 20:00:00,13.129,13.659,13.113,13.39,336599.8
2024-11-27 00:00:00,13.391,13.644,12.901,13.416,386885.7
2024-11-27 04:00:00,13.41,14.072,13.403,13.915,376478.1
2024-11-27 08:00:00,13.915,14.309,13.639,13.79,403854.0
2024-11-27 12:00:00,13.786,14.603,13.586,14.503,309322.9
2024-11-27 16:00:00,14.505,14.82,14.311,14.335,187423.2
2024-11-27 20:00:00,14.333,14.689,14.003,14.048,293071.5
2024-11-28 00:00:00,14.048,14.069,13.38,13.477,172945.7
2024-11-28 04:00:00,13.48,13.814,13.404,13.6,131455.6
2024-11-28 08:00:00,13.599,13.872,13.45,13.688,133524.1
2024-11-28 12:00:00,13.692,13.779,13.252,13.277,145593.5
2024-11-28 16:00:00,13.277,14.324,13.263,14.216,331491.5
2024-11-28 20:00:00,14.219,14.324,13.908,14.186,127125.4
2024-11-29 00:00:00,14.187,14.2,13.838,13.916,105628.7
2024-11-29 04:00:00,13.915,13.929,13.571,13.588,97131.8
2024-11-29 08:00:00,13.584,14.413,13.584,14.317,92991.6
2024-11-29 12:00:00,14.317,14.34,13.868,13.883,131989.4
2024-11-29 16:00:00,13.883,13.957,13.744,13.904,73908.6
2024-11-29 20:00:00,13.909,14.115,13.871,13.969,51325.6
2024-11-30 00:00:00,13.969,14.854,13.853,14.825,174891.6
2024-11-30 04:00:00,14.819,14.834,14.449,14.742,153897.4
2024-11-30 08:00:00,14.74,14.818,14.368,14.523,106675.0
2024-11-30 12:00:00,14.525,14.736,14.322,14.459,134527.6
2024-11-30 16:00:00,14.459,14.856,14.393,14.776,198383.0
2024-11-30 20:00:00,14.773,14.922,14.622,14.75,87448.1
2024-12-01 00:00:00,14.753,14.976,14.261,14.679,159426.6
2024-12-01 04:00:00,14.681,14.824,14.49,14.652,76711.6
2024-12-01 08:00:00,14.656,14.757,14.378,14.543,74967.5
2024-12-01 12:00:00,14.538,14.759,14.477,14.714,77728.5
2024-12-01 16:00:00,14.717,14.737,14.267,14.337,74135.7
2024-12-01 20:00:00,14.331,14.495,13.946,14.488,134675.4
2024-12-02 00:00:00,14.488,14.939,13.856,14.001,177627.8
2024-12-02 04:00:00,13.993,14.189,13.759,13.974,161192.9
2024-12-02 08:00:00,13.975,14.003,13.121,13.34,434799.3
2024-12-02 12:00:00,13.342,14.146,13.29,14.113,144790.5
2024-12-02 16:00:00,14.113,14.211,13.316,13.662,129966.8
2024-12-02 20:00:00,13.662,14.301,13.64,14.267,95891.2
2024-12-03 00:00:00,14.267,14.48,14.082,14.395,111800.2
2024-12-03 04:00:00,14.394,14.928,14.341,14.605,150868.5
2024-12-03 08:00:00,14.602,15.477,14.591,15.452,193034.9
2024-12-03 12:00:00,15.452,15.456,14.0,14.832,378218.8
2024-12-03 16:00:00,14.834,15.548,14.698,15.268,172895.7
2024-12-03 20:00:00,15.277,16.526,15.246,16.286,240387.8
2024-12-04 00:00:00,16.291,16.878,15.956,16.373,159045.3
2024-12-04 04:00:00,16.375,18.573,16.37,18.553,361582.8
2024-12-04 08:00:00,18.545,19.911,18.0,18.853,1060584.5
2024-12-04 12:00:00,18.85,19.418,17.733,18.148,566032.3
2024-12-04 16:00:00,18.146,18.153,17.15,17.734,255268.0
2024-12-04 20:00:00,17.73,17.896,17.275,17.534,152656.0
2024-12-05 00:00:00,17.535,17.598,16.529,16.865,255869.1
2024-12-05 04:00:00,16.872,17.379,16.764,17.33,117052.4
2024-12-05 08:00:00,17.329,17.465,17.088,17.372,116470.7
2024-12-05 12:00:00,17.365,17.98,17.174,17.304,326000.4
2024-12-05 16:00:00,17.295,17.744,16.926,16.993,131417.0
2024-12-05 20:00:00,16.986,17.43,16.311,16.998,230095.2
2024-12-06 00:00:00,17.007,18.014,16.831,17.931,158247.4
2024-12-06 04:00:00,17.93,18.036,17.631,17.664,74234.2
2024-12-06 08:00:00,17.667,17.763,16.849,16.94,206898.6
2024-12-06 12:00:00,16.939,18.0,16.51,17.879,187818.0
2024-12-06 16:00:00,17.875,18.388,17.733,18.132,109832.1
2024-12-06 20:00:00,18.129,18.14,17.465,17.58,81436.2
2024-12-07 00:00:00,17.585,17.736,17.387,17.595,72877.4
2024-12-07 04:00:00,17.596,17.697,17.32,17.408,54953.2
2024-12-07 08:00:00,17.409,17.467,17.158,17.315,63196.5
2024-12-07 12:00:00,17.31,17.431,17.23,17.368,37822.0
2024-12-07 16:00:00,17.369,17.381,16.641,16.911,125653.9
2024-12-07 20:00:00,16.914,17.042,16.767,16.928,41165.2
2024-12-08 00:00:00,16.924,17.029,16.814,16.862,26941.0
2024-12-08 04:00:00,16.859,16.93,16.561,16.824,42661.6
2024-12-08 08:00:00,16.824,16.865,16.451,16.68,67676.0
2024-12-08 12:00:00,16.672,17.248,16.491,17.199,74723.0
2024-12-08 16:00:00,17.199,17.246,16.733,17.122,49342.3
2024-12-08 20:00:00,17.13,17.21,16.998,17.151,48391.6
2024-12-09 00:00:00,17.151,17.167,16.224,16.4,78498.3
2024-12-09 04:00:00,16.4,16.577,15.89,16.18,83260.5
2024-12-09 08:00:00,16.186,16.212,15.488,15.527,126085.9
2024-12-09 12:00:00,15.521,16.198,15.357,15.703,129627.2
2024-12-09 16:00:00,15.697,15.846,15.391,15.494,89614.7
2024-12-09 20:00:00,15.492,15.535,11.644,13.926,725317.0
2024-12-10 00:00:00,13.925,14.252,12.844,13.415,167547.3
2024-12-10 04:00:00,13.415,14.092,13.094,13.904,114246.7
2024-12-10 08:00:00,13.9,14.135,13.708,13.872,70644.8
2024-12-10 12:00:00,13.867,13.94,12.439,12.483,195997.5
2024-12-10 16:00:00,12.489,12.857,12.083,12.837,212127.4
2024-12-10 20:00:00,12.832,13.464,12.76,13.337,77652.7
2024-12-11 00:00:00,13.344,13.595,12.718,13.464,101590.1
2024-12-11 04:00:00,13.467,13.583,13.269,13.279,66110.8
2024-12-11 08:00:00,13.284,13.711,13.282,13.626,64300.7
2024-12-11 12:00:00,13.623,14.323,13.596,14.273,122347.8
2024-12-11 16:00:00,14.274,14.408,13.828,13.872,143669.5
2024-12-11 20:00:00,13.876,14.306,13.866,14.145,56997.1
2024-12-12 00:00:00,14.146,15.01,14.068,14.834,104705.1
2024-12-12 04:00:00,14.833,15.132,14.738,14.911,123392.4
2024-12-12 08:00:00,14.907,15.201,14.468,14.562,718909.2
2024-12-12 12:00:00,14.567,15.646,14.567,15.609,327419.4
2024-12-12 16:00:00,15.609,16.054,15.356,15.415,343491.7
2024-12-12 20:00:00,15.407,16.05,15.4,15.777,240535.7
2024-12-13 00:00:00,15.779,15.822,15.15,15.645,186621.6
2024-12-13 04:00:00,15.643,15.726,14.906,15.105,129240.4
2024-12-13 08:00:00,15.1,15.69,14.96,15.558,151451.1
2024-12-13 12:00:00,15.557,15.976,15.287,15.305,246153.3
2024-12-13 16:00:00,15.311,15.894,15.272,15.624,116732.2
2024-12-13 20:00:00,15.626,15.979,15.558,15.963,72540.5
2024-12-14 00:00:00,15.965,16.559,15.881,15.922,170779.3
2024-12-14 04:00:00,15.921,15.975,15.647,15.705,53740.6
2024-12-14 08:00:00,15.706,15.873,15.349,15.349,75167.2
2024-12-14 12:00:00,15.347,15.401,14.851,14.946,112372.6
2024-12-14 16:00:00,14.943,14.946,14.479,14.702,79747.4
2024-12-14 20:00:00,14.701,14.858,14.46,14.814,56272.8
2024-12-15 00:00:00,14.816,15.34,14.641,14.646,122567.7
2024-12-15 04:00:00,14.645,14.982,14.307,14.423,113646.6
2024-12-15 08:00:00,14.423,14.691,14.406,14.468,75876.6
2024-12-15 12:00:00,14.469,15.081,14.364,14.969,81673.7
2024-12-15 16:00:00,14.967,15.298,14.811,14.947,76638.7
2024-12-15 20:00:00,14.945,15.367,14.327,15.268,120705.7
2024-12-16 00:00:00,15.27,16.339,15.11,15.121,262279.0
2024-12-16 04:00:00,15.12,15.257,14.851,15.034,84761.1
2024-12-16 08:00:00,15.036,15.085,14.246,14.294,86462.5
2024-12-16 12:00:00,14.289,14.697,14.25,14.524,127685.4
2024-12-16 16:00:00,14.524,15.218,14.503,14.862,156784.9
2024-12-16 20:00:00,14.864,15.484,14.862,14.909,146287.8
2024-12-17 00:00:00,14.907,14.983,14.482,14.748,126326.2
2024-12-17 04:00:00,14.745,14.769,14.406,14.526,57387.1
2024-12-17 08:00:00,14.522,15.342,14.455,15.091,101389.8
2024-12-17 12:00:00,15.093,15.571,14.32,14.439,183243.5
2024-12-17 16:00:00,14.432,14.816,14.232,14.461,102917.3
2024-12-17 20:00:00,14.456,14.577,13.824,14.084,130461.1
2024-12-18 00:00:00,14.089,14.242,13.884,14.005,109485.7
2024-12-18 04:00:00,14.0,14.046,13.67,13.844,88803.6
2024-12-18 08:00:00,13.842,13.991,13.697,13.851,59687.0
2024-12-18 12:00:00,13.85,13.865,13.407,13.589,127863.1
2024-12-18 16:00:00,13.591,13.976,13.339,13.37,115043.8
2024-12-18 20:00:00,13.359,13.464,12.576,12.796,294424.2
2024-12-19 00:00:00,12.793,13.265,12.174,13.234,226322.8
2024-12-19 04:00:00,13.23,13.391,12.975,13.052,78425.7
2024-12-19 08:00:00,13.053,13.484,12.843,13.311,73680.7
2024-12-19 12:00:00,13.311,13.353,12.513,12.743,121438.3
2024-12-19 16:00:00,12.74,12.825,11.636,11.856,338744.6
2024-12-19 20:00:00,11.876,12.181,11.434,11.796,198372.9
2024-12-20 00:00:00,11.795,12.184,11.578,11.961,104259.7
2024-12-20 04:00:00,11.959,12.047,11.278,11.531,105589.7
2024-12-20 08:00:00,11.531,11.558,10.099,10.153,362221.8
2024-12-20 12:00:00,10.158,11.457,10.145,11.367,204267.5
2024-12-20 16:00:00,11.369,11.858,11.293,11.776,98493.3
2024-12-20 20:00:00,11.785,12.001,11.475,11.924,71440.7
2024-12-21 00:00:00,11.919,12.129,11.777,11.815,46848.9
2024-12-21 04:00:00,11.817,12.581,11.796,12.455,53962.5
2024-12-21 08:00:00,12.456,12.498,11.85,11.966,63100.4
2024-12-21 12:00:00,11.966,11.98,11.237,11.492,127886.0
2024-12-21 16:00:00,11.493,11.504,10.992,11.137,109365.6
2024-12-21 20:00:00,11.145,11.273,10.885,11.076,66040.1
2024-12-22 00:00:00,11.077,11.295,10.89,11.147,69909.8
2024-12-22 04:00:00,11.152,11.181,10.752,11.062,54878.8
2024-12-22 08:00:00,11.065,11.455,11.052,11.258,70344.7
2024-12-22 12:00:00,11.262,11.466,10.985,11.128,72684.0
2024-12-22 16:00:00,11.133,11.347,10.878,10.916,60046.5
2024-12-22 20:00:00,10.918,11.286,10.796,11.02,343145.2
2024-12-23 00:00:00,11.019,11.558,10.722,11.513,106657.4
2024-12-23 04:00:00,11.517,11.575,11.11,11.259,57375.8
2024-12-23 08:00:00,11.258,11.504,11.208,11.372,43958.8
2024-12-23 12:00:00,11.369,11.562,11.182,11.202,62530.8
2024-12-23 16:00:00,11.205,11.668,11.175,11.604,61931.8
2024-12-23 20:00:00,11.601,12.289,11.591,12.119,79522.2
2024-12-24 00:00:00,12.116,12.146,11.712,11.953,52167.1
2024-12-24 04:00:00,11.955,12.189,11.88,12.03,29217.3
2024-12-24 08:00:00,12.03,12.194,11.928,12.183,40543.8
2024-12-24 12:00:00,12.182,12.61,12.008,12.553,69253.9
2024-12-24 16:00:00,12.558,12.65,12.338,12.338,59876.1
2024-12-24 20:00:00,12.341,12.626,12.227,12.53,37221.1
2024-12-25 00:00:00,12.532,12.566,12.175,12.293,84737.5
2024-12-25 04:00:00,12.294,12.344,12.138,12.166,50360.5
2024-12-25 08:00:00,12.166,12.504,12.107,12.136,76758.1
2024-12-25 12:00:00,12.142,12.673,12.065,12.101,234705.5
2024-12-25 16:00:00,12.107,12.188,11.955,12.159,57369.9
2024-12-25 20:00:00,12.16,12.21,11.928,12.136,37402.7
2024-12-26 00:00:00,12.143,12.333,11.844,11.87,55214.9
2024-12-26 04:00:00,11.871,11.871,11.623,11.641,48420.8
2024-12-26 08:00:00,11.642,11.675,11.398,11.463,77471.5
2024-12-26 12:00:00,11.459,11.525,11.326,11.376,42115.4
2024-12-26 16:00:00,11.378,11.476,11.164,11.295,35463.4
2024-12-26 20:00:00,11.291,11.357,11.108,11.287,42247.4
2024-12-27 00:00:00,11.285,11.562,11.201,11.434,53751.1
2024-12-27 04:00:00,11.433,11.85,11.392,11.479,88514.1
2024-12-27 08:00:00,11.479,12.194,11.474,12.141,79773.7
2024-12-27 12:00:00,12.146,12.211,11.672,11.748,92244.2
2024-12-27 16:00:00,11.742,12.143,11.636,12.066,88757.5
2024-12-27 20:00:00,12.07,12.095,11.672,11.794,63539.9
2024-12-28 00:00:00,11.799,12.037,11.691,11.894,69537.0
2024-12-28 04:00:00,11.894,11.925,11.603,11.615,48818.5
2024-12-28 08:00:00,11.614,11.848,11.606,11.847,46825.4
2024-12-28 12:00:00,11.841,12.247,11.696,11.999,130980.0
2024-12-28 16:00:00,12.003,12.265,11.942,12.162,34502.3
2024-12-28 20:00:00,12.163,12.34,12.101,12.245,25016.7
2024-12-29 00:00:00,12.245,12.281,12.073,12.266,42545.7
2024-12-29 04:00:00,12.266,12.294,12.031,12.216,20005.2
2024-12-29 08:00:00,12.218,12.387,12.061,12.334,137396.7
2024-12-29 12:00:00,12.337,12.352,11.962,11.998,112259.3
2024-12-29 16:00:00,11.995,12.017,11.8,11.887,70926.6
2024-12-29 20:00:00,11.885,11.891,11.587,11.76,50332.7
2024-12-30 00:00:00,11.762,12.211,11.688,12.01,64760.7
2024-12-30 04:00:00,12.006,12.195,11.83,12.001,42572.3
2024-12-30 08:00:00,11.994,12.117,11.72,11.874,65037.8
2024-12-30 12:00:00,11.872,12.092,11.351,11.421,95508.7
2024-12-30 16:00:00,11.426,12.014,11.302,11.975,65718.2
2024-12-30 20:00:00,11.976,12.091,11.556,11.714,67495.0
2024-12-31 00:00:00,11.72,11.722,11.393,11.411,73679.5
2024-12-31 04:00:00,11.406,11.509,11.272,11.48,45099.5
2024-12-31 08:00:00,11.48,11.925,11.472,11.711,46182.6
2024-12-31 12:00:00,11.714,11.977,11.623,11.796,40130.9
2024-12-31 16:00:00,11.802,11.836,11.421,11.482,61474.3
2024-12-31 20:00:00,11.482,11.544,11.297,11.366,35769.2
2025-01-01 00:00:00,11.363,11.559,11.269,11.282,40831.4
2025-01-01 04:00:00,11.281,11.281,11.1,11.205,83069.5
2025-01-01 08:00:00,11.206,11.227,10.912,11.102,514119.2
2025-01-01 12:00:00,11.102,11.378,11.08,11.372,54456.3
2025-01-01 16:00:00,11.38,11.609,11.221,11.565,64961.4
2025-01-01 20:00:00,11.561,11.693,11.547,11.616,37057.3
2025-01-02 00:00:00,11.62,11.931,11.593,11.872,56418.3
2025-01-02 04:00:00,11.872,12.062,11.837,11.97,48813.2
2025-01-02 08:00:00,11.971,12.083,11.908,12.071,41965.1
2025-01-02 12:00:00,12.074,12.27,11.961,12.01,70132.1
2025-01-02 16:00:00,12.013,12.148,11.893,11.943,27469.6
2025-01-02 20:00:00,11.945,12.016,11.746,11.967,31428.3
2025-01-03 00:00:00,11.97,11.995,11.729,11.851,36392.9
2025-01-03 04:00:00,11.851,11.851,11.601,11.63,50196.5
2025-01-03 08:00:00,11.629,12.043,11.579,12.007,38717.5
2025-01-03 12:00:00,12.013,12.3,11.938,12.29,61058.3
2025-01-03 16:00:00,12.293,12.405,12.232,12.347,65172.5
2025-01-03 20:00:00,12.348,12.376,12.259,12.369,30636.6
2025-01-04 00:00:00,12.372,12.409,12.175,12.359,27919.8
2025-01-04 04:00:00,12.359,12.586,12.243,12.549,41696.2
2025-01-04 08:00:00,12.55,12.55,12.224,12.379,30304.3
2025-01-04 12:00:00,12.379,12.643,12.248,12.317,93667.8
2025-01-04 16:00:00,12.316,12.555,12.316,12.428,72300.6
2025-01-04 20:00:00,12.426,12.551,12.422,12.437,25308.6
2025-01-05 00:00:00,12.436,12.462,12.275,12.384,22494.7
2025-01-05 04:00:00,12.384,12.454,12.311,12.387,19049.0
2025-01-05 08:00:00,12.387,12.4,12.131,12.253,30596.7
2025-01-05 12:00:00,12.252,12.338,12.082,12.252,34226.8
2025-01-05 16:00:00,12.252,12.332,12.074,12.332,24984.6
2025-01-05 20:00:00,12.331,12.456,12.271,12.398,21421.7
2025-01-06 00:00:00,12.399,12.522,12.144,12.458,60178.0
2025-01-06 04:00:00,12.459,12.562,12.331,12.41,38990.2
2025-01-06 08:00:00,12.411,12.476,12.238,12.451,30794.6
2025-01-06 12:00:00,12.453,12.686,12.293,12.675,63067.5
2025-01-06 16:00:00,12.676,12.919,12.42,12.514,106992.3
2025-01-06 20:00:00,12.513,12.554,12.252,12.336,38102.0
2025-01-07 00:00:00,12.336,12.391,12.117,12.178,36222.9
2025-01-07 04:00:00,12.174,12.318,12.122,12.243,32195.9
2025-01-07 08:00:00,12.238,12.404,12.108,12.179,41436.4
2025-01-07 12:00:00,12.182,12.282,11.468,11.583,208486.0
2025-01-07 16:00:00,11.578,11.638,11.181,11.205,91945.7
2025-01-07 20:00:00,11.204,11.28,11.045,11.064,61024.2
2025-01-08 00:00:00,11.06,11.175,10.761,10.834,76752.8
2025-01-08 04:00:00,10.834,10.865,10.431,10.626,101645.2
2025-01-08 08:00:00,10.624,10.759,10.488,10.552,50397.6
2025-01-08 12:00:00,10.553,10.804,10.506,10.657,53530.8
2025-01-08 16:00:00,10.657,10.78,10.117,10.58,141704.6
2025-01-08 20:00:00,10.581,10.829,10.5,10.761,64586.8
2025-01-09 00:00:00,10.762,10.888,10.671,10.787,48821.3
2025-01-09 04:00:00,10.79,10.85,10.478,10.517,46064.4
2025-01-09 08:00:00,10.516,10.796,10.454,10.68,71240.5
2025-01-09 12:00:00,10.679,10.857,10.264,10.783,95968.8
2025-01-09 16:00:00,10.781,10.838,10.166,10.188,101876.2
2025-01-09 20:00:00,10.197,10.444,10.088,10.389,65838.0
2025-01-10 00:00:00,10.389,10.592,10.388,10.582,42034.4
2025-01-10 04:00:00,10.584,10.833,10.494,10.749,37645.3
2025-01-10 08:00:00,10.75,10.824,10.531,10.649,55721.6
2025-01-10 12:00:00,10.644,10.657,10.219,10.452,125611.9
2025-01-10 16:00:00,10.456,10.738,10.306,10.604,55646.2
2025-01-10 20:00:00,10.6,10.651,10.494,10.574,38082.2
2025-01-11 00:00:00,10.574,10.681,10.418,10.449,34488.9
2025-01-11 04:00:00,10.448,10.532,10.38,10.462,23786.3
2025-01-11 08:00:00,10.463,10.603,10.389,10.591,39414.6
2025-01-11 12:00:00,10.59,10.609,10.415,10.451,31366.4
2025-01-11 16:00:00,10.448,10.498,10.335,10.37,30355.9
2025-01-11 20:00:00,10.372,10.664,10.35,10.414,37583.0
2025-01-12 00:00:00,10.416,10.512,10.387,10.479,29126.4
2025-01-12 04:00:00,10.478,10.499,10.315,10.395,35348.7
2025-01-12 08:00:00,10.393,10.417,10.232,10.383,38442.2
2025-01-12 12:00:00,10.38,10.566,10.33,10.51,39214.2
2025-01-12 16:00:00,10.511,10.549,10.383,10.399,29534.7
2025-01-12 20:00:00,10.4,10.451,10.171,10.277,43966.5
2025-01-13 00:00:00,10.278,10.625,9.99,10.053,71180.8
2025-01-13 04:00:00,10.048,10.233,9.82,9.969,63328.2
2025-01-13 08:00:00,9.97,9.984,9.379,9.385,129966.0
2025-01-13 12:00:00,9.388,9.936,9.338,9.763,210497.5
2025-01-13 16:00:00,9.765,9.826,9.442,9.639,92259.0
2025-01-13 20:00:00,9.643,10.072,9.569,10.018,93589.1
2025-01-14 00:00:00,10.019,10.097,9.913,9.967,44507.8
2025-01-14 04:00:00,9.968,10.182,9.933,9.936,53608.6
2025-01-14 08:00:00,9.937,10.274,9.937,10.075,55986.1
2025-01-14 12:00:00,10.073,10.26,9.96,10.014,98214.7
2025-01-14 16:00:00,10.013,10.228,9.921,10.148,59078.7
2025-01-14 20:00:00,10.15,10.312,10.078,10.255,54632.8
2025-01-15 00:00:00,10.255,10.299,10.041,10.19,66488.7
2025-01-15 04:00:00,10.19,10.29,10.078,10.195,38121.3
2025-01-15 08:00:00,10.197,10.245,9.872,9.962,54707.7
2025-01-15 12:00:00,9.964,10.613,9.895,10.478,180881.5
2025-01-15 16:00:00,10.478,10.863,10.39,10.794,108799.4
2025-01-15 20:00:00,10.797,10.863,10.646,10.857,44535.0
2025-01-16 00:00:00,10.86,10.885,10.523,10.58,55395.7
2025-01-16 04:00:00,10.582,10.679,10.524,10.623,29752.9
2025-01-16 08:00:00,10.624,10.657,10.397,10.641,47352.1
2025-01-16 12:00:00,10.642,10.757,10.315,10.589,114141.0
2025-01-16 16:00:00,10.589,10.817,10.583,10.809,51518.2
2025-01-16 20:00:00,10.807,10.83,10.442,10.541,88963.7
2025-01-17 00:00:00,10.542,10.902,10.525,10.768,57289.9
2025-01-17 04:00:00,10.766,10.836,10.71,10.735,35594.9
2025-01-17 08:00:00,10.731,10.902,10.681,10.856,54329.4
2025-01-17 12:00:00,10.85,11.103,10.78,10.958,98506.8
2025-01-17 16:00:00,10.959,11.172,10.87,10.999,69837.2
2025-01-17 20:00:00,11.0,11.261,10.993,11.18,50401.2
2025-01-18 00:00:00,11.179,11.267,10.735,10.756,76193.1
2025-01-18 04:00:00,10.752,10.792,10.252,10.29,114224.8
2025-01-18 08:00:00,10.285,10.504,10.154,10.467,80734.6
2025-01-18 12:00:00,10.463,10.519,10.244,10.325,67290.3
2025-01-18 16:00:00,10.331,10.437,10.06,10.206,115732.2
2025-01-18 20:00:00,10.209,10.374,10.075,10.343,45578.5
2025-01-19 00:00:00,10.343,10.653,10.289,10.432,52510.6
2025-01-19 04:00:00,10.44,10.491,10.053,10.082,73967.6
2025-01-19 08:00:00,10.082,10.09,9.401,9.456,212543.6
2025-01-19 12:00:00,9.466,10.269,9.451,10.145,158229.3
2025-01-19 16:00:00,10.142,10.358,10.089,10.318,60547.1
2025-01-19 20:00:00,10.321,10.366,9.196,9.353,374158.5
2025-01-20 00:00:00,9.35,9.455,8.908,9.288,291675.9
2025-01-20 04:00:00,9.286,10.222,9.222,9.908,252598.3
2025-01-20 08:00:00,9.912,10.079,9.687,9.849,189725.6
2025-01-20 12:00:00,9.854,9.858,9.464,9.584,135889.5
2025-01-20 16:00:00,9.584,9.698,9.034,9.414,300129.9
2025-01-20 20:00:00,9.418,9.57,9.164,9.304,91028.7
2025-01-21 00:00:00,9.3,9.333,8.904,9.006,159410.9
2025-01-21 04:00:00,9.009,9.082,8.827,9.021,82365.7
2025-01-21 08:00:00,9.019,9.362,8.923,9.328,79701.8
2025-01-21 12:00:00,9.329,9.516,9.243,9.435,89022.0
2025-01-21 16:00:00,9.434,9.766,9.392,9.638,93235.2
2025-01-21 20:00:00,9.637,9.688,9.476,9.546,58746.9
2025-01-22 00:00:00,9.545,9.633,9.443,9.566,47594.4
2025-01-22 04:00:00,9.566,9.625,9.435,9.45,55238.6
2025-01-22 08:00:00,9.453,9.571,9.332,9.528,49954.7
2025-01-22 12:00:00,9.531,9.552,9.236,9.3,68872.8
2025-01-22 16:00:00,9.305,9.41,9.152,9.238,77280.9
2025-01-22 20:00:00,9.24,9.321,9.126,9.181,53419.3
2025-01-23 00:00:00,9.184,9.188,8.947,9.019,49805.2
2025-01-23 04:00:00,9.018,9.085,8.911,9.077,43872.8
2025-01-23 08:00:00,9.075,9.075,8.761,8.85,61171.7
2025-01-23 12:00:00,8.855,9.146,8.679,9.056,111624.3
2025-01-23 16:00:00,9.055,9.245,8.787,8.82,69554.9
2025-01-23 20:00:00,8.818,9.204,8.775,9.128,123168.7
2025-01-24 00:00:00,9.128,9.224,8.811,8.952,82233.2
2025-01-24 04:00:00,8.95,9.407,8.892,9.259,100865.0
2025-01-24 08:00:00,9.26,9.527,9.232,9.414,78956.6
2025-01-24 12:00:00,9.417,9.493,9.186,9.263,81797.3
2025-01-24 16:00:00,9.263,9.276,9.073,9.098,45768.2
2025-01-24 20:00:00,9.099,9.152,8.819,8.938,55844.4
2025-01-25 00:00:00,8.939,9.007,8.741,9.0,65161.9
2025-01-25 04:00:00,8.999,8.999,8.815,8.832,44305.7
2025-01-25 08:00:00,8.83,8.979,8.764,8.96,38016.6
2025-01-25 12:00:00,8.959,9.059,8.879,8.997,35909.7
2025-01-25 16:00:00,8.997,9.054,8.923,9.017,41059.2
2025-01-25 20:00:00,9.016,9.071,8.92,8.953,41187.5
2025-01-26 00:00:00,8.956,9.145,8.898,9.09,41421.7
2025-01-26 04:00:00,9.089,9.188,9.041,9.159,48774.9
2025-01-26 08:00:00,9.156,9.19,8.987,9.139,39957.3
2025-01-26 12:00:00,9.138,9.275,9.061,9.124,64997.8
2025-01-26 16:00:00,9.125,9.254,9.076,9.215,61373.0
2025-01-26 20:00:00,9.21,9.253,8.765,8.778,68106.1
2025-01-27 00:00:00,8.776,8.82,8.386,8.461,133227.7
2025-01-27 04:00:00,8.461,8.463,7.921,8.106,141133.5
2025-01-27 08:00:00,8.101,8.196,7.958,8.038,107053.5
2025-01-27 12:00:00,8.041,8.465,8.004,8.411,106683.1
2025-01-27 16:00:00,8.411,8.444,8.156,8.27,60524.8
2025-01-27 20:00:00,8.271,8.748,8.271,8.578,57600.3
2025-01-28 00:00:00,8.578,8.728,8.497,8.682,47509.8
2025-01-28 04:00:00,8.682,8.779,8.585,8.599,34468.6
2025-01-28 08:00:00,8.605,8.618,8.493,8.54,39987.9
2025-01-28 12:00:00,8.541,8.559,8.207,8.242,176178.5
2025-01-28 16:00:00,8.242,8.245,7.974,8.051,109634.0
2025-01-28 20:00:00,8.052,8.087,7.628,7.699,97816.2
2025-01-29 00:00:00,7.699,7.865,7.628,7.838,70661.7
2025-01-29 04:00:00,7.84,8.13,7.816,8.118,59101.5
2025-01-29 08:00:00,8.115,8.144,7.95,8.022,42908.4
2025-01-29 12:00:00,8.023,8.046,7.802,7.869,56618.5
2025-01-29 16:00:00,7.868,8.095,7.678,8.003,155531.9
2025-01-29 20:00:00,8.006,8.244,7.911,7.952,116298.2
2025-01-30 00:00:00,7.953,8.188,7.866,8.178,57900.2
2025-01-30 04:00:00,8.179,8.264,8.129,8.21,57436.5
2025-01-30 08:00:00,8.211,8.36,8.139,8.313,43401.1
2025-01-30 12:00:00,8.314,8.515,8.247,8.433,46121.5
2025-01-30 16:00:00,8.435,8.53,8.417,8.496,41760.9
2025-01-30 20:00:00,8.5,8.514,8.381,8.403,33305.2
2025-01-31 00:00:00,8.402,8.486,8.278,8.317,35140.6
2025-01-31 04:00:00,8.313,8.47,8.235,8.388,34140.0
2025-01-31 08:00:00,8.391,8.662,8.294,8.621,78548.1
2025-01-31 12:00:00,8.622,8.887,8.573,8.874,95247.0
2025-01-31 16:00:00,8.874,8.907,8.465,8.531,94013.0
2025-01-31 20:00:00,8.529,8.537,8.314,8.439,49182.8
2025-02-01 00:00:00,8.443,8.568,8.368,8.463,31316.6
2025-02-01 04:00:00,8.464,8.61,8.42,8.453,39732.9
2025-02-01 08:00:00,8.452,8.486,8.175,8.292,59941.6
2025-02-01 12:00:00,8.29,8.34,8.094,8.188,41885.3
2025-02-01 16:00:00,8.188,8.229,7.866,7.9,50540.5
2025-02-01 20:00:00,7.896,7.901,7.605,7.657,79473.3
2025-02-02 00:00:00,7.658,7.815,7.432,7.445,74472.2
2025-02-02 04:00:00,7.444,7.633,7.419,7.549,52865.3
2025-02-02 08:00:00,7.55,7.676,7.367,7.39,42666.6
2025-02-02 12:00:00,7.39,7.639,7.336,7.51,99542.9
2025-02-02 16:00:00,7.51,7.515,6.634,6.894,398693.1
2025-02-02 20:00:00,6.896,7.019,6.254,6.724,284579.0
2025-02-03 00:00:00,6.723,6.725,5.063,5.556,673970.6
2025-02-03 04:00:00,5.557,5.971,5.318,5.957,221089.6
2025-02-03 08:00:00,5.957,6.019,5.666,5.923,192263.7
2025-02-03 12:00:00,5.923,6.36,5.61,6.252,370822.6
2025-02-03 16:00:00,6.247,6.515,6.199,6.505,171142.6
2025-02-03 20:00:00,6.506,6.73,6.342,6.629,115518.9
2025-02-04 00:00:00,6.628,6.695,6.379,6.424,82130.4
2025-02-04 04:00:00,6.424,6.523,6.04,6.069,226274.3
2025-02-04 08:00:00,6.069,6.355,6.026,6.266,121265.7
2025-02-04 12:00:00,6.266,6.545,6.265,6.416,116817.6
2025-02-04 16:00:00,6.418,6.581,6.283,6.285,92272.4
2025-02-04 20:00:00,6.282,6.342,6.074,6.292,142116.2
2025-02-05 00:00:00,6.294,6.362,6.163,6.254,72136.8
2025-02-05 04:00:00,6.253,6.374,6.198,6.298,45666.7
2025-02-05 08:00:00,6.296,6.438,6.228,6.402,55494.4
2025-02-05 12:00:00,6.402,6.468,6.261,6.35,84599.6
2025-02-05 16:00:00,6.347,6.392,6.08,6.262,136728.0
2025-02-05 20:00:00,6.263,6.296,6.0,6.104,82317.1
2025-02-06 00:00:00,6.101,6.242,6.043,6.18,98982.9
2025-02-06 04:00:00,6.177,6.304,6.16,6.199,55040.3
2025-02-06 08:00:00,6.199,6.277,6.098,6.157,75954.8
2025-02-06 12:00:00,6.159,6.214,5.807,5.83,172445.7
2025-02-06 16:00:00,5.83,5.899,5.713,5.792,147624.1
2025-02-06 20:00:00,5.795,5.932,5.698,5.768,108613.2
2025-02-07 00:00:00,5.768,5.972,5.753,5.877,86339.2
2025-02-07 04:00:00,5.873,5.918,5.723,5.846,64032.7
2025-02-07 08:00:00,5.842,5.984,5.804,5.977,65739.7
2025-02-07 12:00:00,5.975,6.212,5.926,6.052,135851.8
2025-02-07 16:00:00,6.055,6.084,5.887,5.908,73501.2
2025-02-07 20:00:00,5.906,5.912,5.498,5.712,120206.9
2025-02-08 00:00:00,5.713,5.816,5.65,5.693,61367.1
2025-02-08 04:00:00,5.691,5.763,5.597,5.714,44722.2
2025-02-08 08:00:00,5.711,5.722,5.61,5.663,41047.7
2025-02-08 12:00:00,5.662,5.88,5.641,5.794,76345.3
2025-02-08 16:00:00,5.792,6.178,5.75,6.173,92762.4
2025-02-08 20:00:00,6.174,6.194,6.083,6.115,71186.6
2025-02-09 00:00:00,6.118,8.297,6.081,7.759,4703889.1
2025-02-09 04:00:00,7.76,8.498,7.425,7.949,7478951.2
2025-02-09 08:00:00,7.953,8.696,7.609,7.624,3485695.0
2025-02-09 12:00:00,7.625,7.78,7.322,7.516,2092718.3
2025-02-09 16:00:00,7.516,8.134,7.444,7.82,3970728.6
2025-02-09 20:00:00,7.816,8.6,7.72,8.05,5982481.8
2025-02-10 00:00:00,8.048,8.17,7.357,7.505,2875938.8
2025-02-10 04:00:00,7.505,7.882,7.452,7.543,1298746.9
2025-02-10 08:00:00,7.543,7.76,7.483,7.509,861761.7
2025-02-10 12:00:00,7.508,7.829,7.423,7.648,1081351.5
2025-02-10 16:00:00,7.649,7.862,7.619,7.831,679741.6
2025-02-10 20:00:00,7.83,8.416,7.789,8.387,923925.2
2025-02-11 00:00:00,8.387,9.871,8.273,9.54,2304754.3
2025-02-11 04:00:00,9.541,12.1,9.366,11.273,5643574.1
2025-02-11 08:00:00,11.272,11.888,10.883,11.337,4755523.1
2025-02-11 12:00:00,11.337,11.969,10.852,11.502,6289425.0
2025-02-11 16:00:00,11.503,11.666,8.922,9.06,8698774.1
2025-02-11 20:00:00,9.058,9.711,9.055,9.156,3022810.4
2025-02-12 00:00:00,9.154,9.313,8.951,8.955,1676941.7
2025-02-12 04:00:00,8.955,9.028,8.392,8.877,1963190.1
2025-02-12 08:00:00,8.877,9.05,8.714,8.78,1248110.3
2025-02-12 12:00:00,8.779,8.997,8.356,8.819,2603067.4
2025-02-12 16:00:00,8.82,9.712,8.778,9.247,2207945.5
2025-02-12 20:00:00,9.247,9.566,8.928,9.23,1487776.1
2025-02-13 00:00:00,9.229,9.425,9.037,9.11,688047.7
2025-02-13 04:00:00,9.11,9.119,8.509,8.527,666189.5
2025-02-13 08:00:00,8.527,8.56,8.335,8.379,543082.7
2025-02-13 12:00:00,8.38,8.428,8.0,8.004,1053100.8
2025-02-13 16:00:00,8.003,8.236,7.914,8.146,597724.5
2025-02-13 20:00:00,8.146,8.524,8.1,8.302,608154.5
2025-02-14 00:00:00,8.302,8.575,8.178,8.527,544792.3
2025-02-14 04:00:00,8.528,8.569,8.226,8.233,423031.2
2025-02-14 08:00:00,8.233,8.407,8.115,8.188,432786.9
2025-02-14 12:00:00,8.189,8.393,8.087,8.264,456889.6
2025-02-14 16:00:00,8.264,8.373,8.122,8.212,493609.9
2025-02-14 20:00:00,8.211,8.227,7.915,8.115,351367.3
2025-02-15 00:00:00,8.115,8.205,8.052,8.075,271602.8
2025-02-15 04:00:00,8.074,8.11,7.869,7.929,218782.2
2025-02-15 08:00:00,7.93,7.968,7.819,7.868,262418.3
2025-02-15 12:00:00,7.866,7.968,7.701,7.808,351242.3
2025-02-15 16:00:00,7.808,7.867,7.693,7.706,331018.2
2025-02-15 20:00:00,7.705,7.81,7.679,7.741,178369.9
2025-02-16 00:00:00,7.74,7.797,7.654,7.757,219437.3
2025-02-16 04:00:00,7.758,7.973,7.727,7.885,362074.1
2025-02-16 08:00:00,7.885,7.971,7.814,7.931,233745.9
2025-02-16 12:00:00,7.932,7.946,7.677,7.815,248658.5
2025-02-16 16:00:00,7.815,7.879,7.657,7.755,196209.8
2025-02-16 20:00:00,7.753,7.824,7.66,7.778,172647.6
2025-02-17 00:00:00,7.778,7.886,7.684,7.755,155420.7
2025-02-17 04:00:00,7.755,7.8,7.559,7.734,205253.2
2025-02-17 08:00:00,7.733,7.977,7.685,7.954,427744.1
2025-02-17 12:00:00,7.953,8.424,7.896,7.967,582754.5
2025-02-17 16:00:00,7.966,7.997,7.672,7.759,366466.7
2025-02-17 20:00:00,7.759,7.988,7.748,7.825,177572.5
2025-02-18 00:00:00,7.826,7.852,7.692,7.781,153746.5
2025-02-18 04:00:00,7.779,7.791,7.359,7.419,294324.5
2025-02-18 08:00:00,7.419,7.524,7.257,7.378,262458.8
2025-02-18 12:00:00,7.378,7.532,7.118,7.136,295149.0
2025-02-18 16:00:00,7.136,7.196,6.975,7.122,254487.0
2025-02-18 20:00:00,7.123,7.3,7.046,7.3,99584.6
2025-02-19 00:00:00,7.3,7.323,7.126,7.193,234753.1
2025-02-19 04:00:00,7.193,7.491,7.166,7.41,171436.0
2025-02-19 08:00:00,7.409,7.442,7.343,7.413,99438.3
2025-02-19 12:00:00,7.413,7.468,7.267,7.312,113441.2
2025-02-19 16:00:00,7.313,7.416,7.244,7.281,98000.4
2025-02-19 20:00:00,7.281,7.345,7.19,7.298,76741.2
2025-02-20 00:00:00,7.298,7.546,7.279,7.523,164460.1
2025-02-20 04:00:00,7.522,7.58,7.346,7.405,170103.1
2025-02-20 08:00:00,7.404,7.547,7.388,7.487,151512.6
2025-02-20 12:00:00,7.485,7.539,7.326,7.333,111072.2
2025-02-20 16:00:00,7.335,7.542,7.294,7.524,127142.7
2025-02-20 20:00:00,7.524,7.583,7.432,7.51,127032.8
2025-02-21 00:00:00,7.51,7.543,7.285,7.305,114251.1
2025-02-21 04:00:00,7.304,7.403,7.269,7.382,84565.5
2025-02-21 08:00:00,7.38,7.608,7.365,7.474,150663.6
2025-02-21 12:00:00,7.472,7.623,7.012,7.099,246091.1
2025-02-21 16:00:00,7.098,7.238,6.764,6.806,276430.3
2025-02-21 20:00:00,6.806,6.898,6.784,6.871,169805.0
2025-02-22 00:00:00,6.873,6.931,6.744,6.817,155688.3
2025-02-22 04:00:00,6.816,6.88,6.803,6.815,69086.3
2025-02-22 08:00:00,6.813,7.001,6.8,6.984,109208.9
2025-02-22 12:00:00,6.981,7.09,6.942,7.067,95616.1
2025-02-22 16:00:00,7.068,7.2,7.066,7.144,79144.6
2025-02-22 20:00:00,7.147,7.278,7.101,7.238,59807.0
2025-02-23 00:00:00,7.238,7.287,7.044,7.084,80371.4
2025-02-23 04:00:00,7.084,7.266,7.013,7.245,72694.6
2025-02-23 08:00:00,7.246,7.271,7.023,7.056,78998.0
2025-02-23 12:00:00,7.055,7.09,6.891,6.905,93283.6
2025-02-23 16:00:00,6.905,7.077,6.905,6.994,132469.2
2025-02-23 20:00:00,6.995,7.112,6.969,7.076,98070.7
2025-02-24 00:00:00,7.078,7.105,6.749,6.77,103292.5
2025-02-24 04:00:00,6.771,6.842,6.664,6.812,119890.1
2025-02-24 08:00:00,6.814,6.837,6.679,6.785,115785.0
2025-02-24 12:00:00,6.785,6.892,6.595,6.693,174275.5
2025-02-24 16:00:00,6.693,6.797,6.522,6.59,153056.6
2025-02-24 20:00:00,6.593,6.895,6.215,6.352,460995.5
2025-02-25 00:00:00,6.351,6.456,6.215,6.294,180183.8
2025-02-25 04:00:00,6.296,6.379,5.933,6.154,279865.7
2025-02-25 08:00:00,6.156,6.368,6.106,6.353,186831.4
2025-02-25 12:00:00,6.353,6.444,6.14,6.305,187817.0
2025-02-25 16:00:00,6.307,6.454,6.241,6.454,121510.9
2025-02-25 20:00:00,6.452,6.571,6.404,6.429,102578.2
2025-02-26 00:00:00,6.428,6.523,6.369,6.495,66337.0
2025-02-26 04:00:00,6.494,6.548,6.431,6.464,62557.4
2025-02-26 08:00:00,6.462,6.534,6.413,6.418,64992.3
2025-02-26 12:00:00,6.417,6.568,6.235,6.509,153967.3
2025-02-26 16:00:00,6.512,6.568,6.214,6.28,215381.8
2025-02-26 20:00:00,6.279,6.617,6.216,6.542,153869.8
2025-02-27 00:00:00,6.544,6.631,6.444,6.574,105206.0
2025-02-27 04:00:00,6.572,6.684,6.492,6.642,78328.1
2025-02-27 08:00:00,6.639,6.661,6.529,6.54,86635.4
2025-02-27 12:00:00,6.54,6.562,6.377,6.484,122699.7
2025-02-27 16:00:00,6.486,6.554,6.376,6.395,106190.3
2025-02-27 20:00:00,6.396,6.476,6.202,6.469,101726.7
2025-02-28 00:00:00,6.47,6.498,6.096,6.108,238111.6
2025-02-28 04:00:00,6.108,6.239,6.034,6.157,193837.8
2025-02-28 08:00:00,6.157,6.258,6.039,6.139,130940.5
2025-02-28 12:00:00,6.138,6.502,6.115,6.49,158859.1
2025-02-28 16:00:00,6.49,6.601,6.441,6.548,116039.3
2025-02-28 20:00:00,6.547,6.569,6.488,6.555,50976.1
2025-03-01 00:00:00,6.555,6.588,6.45,6.492,62298.5
2025-03-01 04:00:00,6.488,6.528,6.282,6.321,72557.6
2025-03-01 08:00:00,6.32,6.418,6.182,6.208,116481.1
2025-03-01 12:00:00,6.209,6.241,6.113,6.197,100743.3
2025-03-01 16:00:00,6.197,6.24,6.126,6.181,69257.4
2025-03-01 20:00:00,6.181,6.302,6.143,6.289,53551.3
2025-03-02 00:00:00,6.289,6.305,6.201,6.259,70433.7
2025-03-02 04:00:00,6.259,6.343,6.201,6.209,49841.1
2025-03-02 08:00:00,6.212,6.372,6.186,6.331,55735.2
2025-03-02 12:00:00,6.33,6.612,6.198,6.425,219812.0
2025-03-02 16:00:00,6.425,6.831,6.411,6.784,353986.4
2025-03-02 20:00:00,6.783,6.856,6.75,6.763,141944.0
2025-03-03 00:00:00,6.763,6.798,6.337,6.411,248227.7
2025-03-03 04:00:00,6.413,6.462,6.191,6.288,127452.0
2025-03-03 08:00:00,6.287,6.316,6.121,6.166,134340.9
2025-03-03 12:00:00,6.164,6.236,6.026,6.095,203770.6
2025-03-03 16:00:00,6.098,6.135,5.697,5.711,357571.9
2025-03-03 20:00:00,5.712,5.763,5.577,5.666,197966.4
2025-03-04 00:00:00,5.666,5.734,5.234,5.483,366168.5
2025-03-04 04:00:00,5.482,5.628,5.462,5.541,92199.1
2025-03-04 08:00:00,5.542,5.636,5.488,5.555,89588.9
2025-03-04 12:00:00,5.554,5.75,5.392,5.612,312825.5
2025-03-04 16:00:00,5.61,5.92,5.44,5.901,302884.6
2025-03-04 20:00:00,5.899,5.988,5.778,5.909,120682.2
2025-03-05 00:00:00,5.907,5.979,5.782,5.788,111266.5
2025-03-05 04:00:00,5.789,5.97,5.785,5.953,104985.5
2025-03-05 08:00:00,5.954,6.098,5.944,5.969,88245.6
2025-03-05 12:00:00,5.972,6.071,5.921,5.974,152639.4
2025-03-05 16:00:00,5.977,6.092,5.811,6.052,152351.9
2025-03-05 20:00:00,6.051,6.095,6.014,6.067,65982.5
2025-03-06 00:00:00,6.067,6.155,6.008,6.103,95068.8
2025-03-06 04:00:00,6.103,6.175,6.053,6.082,50253.5
2025-03-06 08:00:00,6.08,6.178,6.062,6.172,60333.7
2025-03-06 12:00:00,6.171,6.175,5.92,6.061,108488.0
2025-03-06 16:00:00,6.064,6.095,5.868,5.909,79890.2
2025-03-06 20:00:00,5.912,6.037,5.879,5.942,82420.0
2025-03-07 00:00:00,5.942,5.98,5.592,5.826,242490.7
2025-03-07 04:00:00,5.826,5.884,5.811,5.861,75806.4
2025-03-07 08:00:00,5.86,5.91,5.791,5.837,67385.5
2025-03-07 12:00:00,5.838,5.997,5.764,5.974,153834.1
2025-03-07 16:00:00,5.966,6.031,5.794,5.925,119872.6
2025-03-07 20:00:00,5.925,5.953,5.718,5.759,95685.0
2025-03-08 00:00:00,5.757,5.792,5.665,5.758,63661.6
2025-03-08 04:00:00,5.759,5.813,5.662,5.674,54057.1
2025-03-08 08:00:00,5.673,5.729,5.6,5.612,69764.8
2025-03-08 12:00:00,5.614,5.683,5.564,5.654,87787.7
2025-03-08 16:00:00,5.653,5.704,5.54,5.684,66683.5
2025-03-08 20:00:00,5.684,5.694,5.584,5.656,49758.7
2025-03-09 00:00:00,5.656,5.68,5.591,5.631,54614.3
2025-03-09 04:00:00,5.631,5.666,5.555,5.656,66662.1
2025-03-09 08:00:00,5.655,5.655,5.493,5.521,66438.9
2025-03-09 12:00:00,5.521,5.627,5.382,5.429,137106.4
2025-03-09 16:00:00,5.426,5.455,5.028,5.138,237102.7
2025-03-09 20:00:00,5.139,5.223,5.05,5.091,139411.2
2025-03-10 00:00:00,5.093,5.252,5.071,5.155,102903.8
2025-03-10 04:00:00,5.157,5.237,5.153,5.22,50344.0
2025-03-10 08:00:00,5.221,5.41,5.124,5.338,131328.1
2025-03-10 12:00:00,5.342,5.392,5.052,5.162,156996.8
2025-03-10 16:00:00,5.164,5.191,4.641,4.873,255439.1
2025-03-10 20:00:00,4.87,5.032,4.806,4.892,279418.7
2025-03-11 00:00:00,4.893,4.942,4.512,4.753,387922.1
2025-03-11 04:00:00,4.752,4.961,4.747,4.919,85602.5
2025-03-11 08:00:00,4.92,4.981,4.892,4.947,80125.0
2025-03-11 12:00:00,4.948,5.641,4.776,5.253,1026125.1
2025-03-11 16:00:00,5.255,5.268,4.989,5.123,321005.9
2025-03-11 20:00:00,5.121,5.165,5.031,5.052,125313.2
2025-03-12 00:00:00,5.052,5.179,4.987,4.993,119674.2
2025-03-12 04:00:00,4.995,5.154,4.943,5.106,133828.0
2025-03-12 08:00:00,5.105,5.261,5.076,5.183,154380.1
2025-03-12 12:00:00,5.185,5.405,5.072,5.17,244286.2
2025-03-12 16:00:00,5.168,5.328,5.156,5.276,119622.1
2025-03-12 20:00:00,5.275,5.314,5.215,5.281,82374.3
2025-03-13 00:00:00,5.281,5.344,5.239,5.263,81969.2
2025-03-13 04:00:00,5.264,5.292,5.153,5.192,88294.8
2025-03-13 08:00:00,5.191,5.317,5.142,5.289,96620.2
2025-03-13 12:00:00,5.291,5.341,5.136,5.158,113576.5
2025-03-13 16:00:00,5.159,5.172,5.003,5.034,119499.3
2025-03-13 20:00:00,5.036,5.153,4.982,5.108,74197.4
2025-03-14 00:00:00,5.11,5.135,5.075,5.115,55094.4
2025-03-14 04:00:00,5.114,5.165,5.11,5.136,66699.6
2025-03-14 08:00:00,5.134,5.191,5.128,5.169,70933.7
2025-03-14 12:00:00,5.17,5.342,5.144,5.293,129817.5
2025-03-14 16:00:00,5.295,5.313,5.239,5.253,57516.3
2025-03-14 20:00:00,5.251,5.265,5.185,5.194,45336.7
2025-03-15 00:00:00,5.195,5.244,5.138,5.232,65345.9
2025-03-15 04:00:00,5.232,5.274,5.182,5.182,66525.3
2025-03-15 08:00:00,5.186,5.295,5.174,5.272,160221.5
2025-03-15 12:00:00,5.271,5.293,5.231,5.287,77752.5
2025-03-15 16:00:00,5.288,5.377,5.253,5.292,77198.2
2025-03-15 20:00:00,5.291,5.343,5.286,5.303,48761.4
2025-03-16 00:00:00,5.303,5.307,5.223,5.281,75034.5
2025-03-16 04:00:00,5.282,5.297,5.23,5.274,85515.6
2025-03-16 08:00:00,5.273,5.282,5.089,5.105,110825.0
2025-03-16 12:00:00,5.106,5.144,5.024,5.092,99939.6
2025-03-16 16:00:00,5.089,5.175,4.908,4.928,168136.5
2025-03-16 20:00:00,4.928,5.025,4.923,4.979,73576.3
2025-03-17 00:00:00,4.981,5.118,4.971,5.102,114982.0
2025-03-17 04:00:00,5.103,5.115,4.998,5.054,147821.1
2025-03-17 08:00:00,5.057,5.114,5.001,5.072,93089.3
2025-03-17 12:00:00,5.072,5.202,5.067,5.103,183775.4
2025-03-17 16:00:00,5.103,5.222,5.059,5.183,98169.4
2025-03-17 20:00:00,5.183,5.282,5.162,5.228,84708.4
2025-03-18 00:00:00,5.228,5.256,5.041,5.068,126121.8
2025-03-18 04:00:00,5.068,5.126,5.023,5.072,95670.4
2025-03-18 08:00:00,5.074,5.232,5.043,5.079,236888.7
2025-03-18 12:00:00,5.079,5.114,4.927,4.938,141152.4
2025-03-18 16:00:00,4.939,5.027,4.906,5.014,112388.0
2025-03-18 20:00:00,5.014,5.087,4.971,5.08,64209.0
2025-03-19 00:00:00,5.082,5.137,5.013,5.112,108456.3
2025-03-19 04:00:00,5.113,5.18,5.089,5.1,112647.0
2025-03-19 08:00:00,5.099,5.346,5.099,5.316,170667.2
2025-03-19 12:00:00,5.316,5.356,5.175,5.273,324233.1
2025-03-19 16:00:00,5.272,5.351,5.144,5.308,203606.5
2025-03-19 20:00:00,5.309,5.407,5.292,5.398,77892.7
2025-03-20 00:00:00,5.398,5.434,5.194,5.214,120344.2
2025-03-20 04:00:00,5.215,5.277,5.21,5.245,91458.5
2025-03-20 08:00:00,5.247,5.314,5.141,5.144,129423.7
2025-03-20 12:00:00,5.144,5.246,5.128,5.152,111046.2
2025-03-20 16:00:00,5.15,5.185,5.048,5.118,122732.5
2025-03-20 20:00:00,5.12,5.146,5.074,5.128,119360.0
2025-03-21 00:00:00,5.129,5.183,5.07,5.07,206111.8
2025-03-21 04:00:00,5.07,5.111,5.018,5.033,153637.9
2025-03-21 08:00:00,5.031,5.08,4.95,4.986,151862.3
2025-03-21 12:00:00,4.986,5.037,4.931,5.01,122193.0
2025-03-21 16:00:00,5.012,5.112,4.989,5.093,92325.7
2025-03-21 20:00:00,5.094,5.125,5.022,5.056,59252.1
2025-03-22 00:00:00,5.056,5.151,5.033,5.144,93463.1
2025-03-22 04:00:00,5.143,5.455,5.128,5.31,239126.5
2025-03-22 08:00:00,5.306,5.333,5.25,5.281,125814.8
2025-03-22 12:00:00,5.279,5.287,5.152,5.212,111625.9
2025-03-22 16:00:00,5.211,5.295,5.208,5.24,58763.0
2025-03-22 20:00:00,5.24,5.25,5.139,5.157,48431.2
2025-03-23 00:00:00,5.155,5.228,5.129,5.212,91277.1
2025-03-23 04:00:00,5.213,5.225,5.137,5.184,52513.0
2025-03-23 08:00:00,5.182,5.344,5.159,5.292,88717.3
2025-03-23 12:00:00,5.29,5.311,5.16,5.181,92620.6
2025-03-23 16:00:00,5.182,5.223,5.053,5.153,180403.3
2025-03-23 20:00:00,5.154,5.213,5.133,5.213,47674.4
2025-03-24 00:00:00,5.212,5.261,5.127,5.258,77194.4
2025-03-24 04:00:00,5.257,5.423,5.251,5.407,101470.7
2025-03-24 08:00:00,5.405,5.61,5.399,5.475,222926.7
2025-03-24 12:00:00,5.473,5.546,5.422,5.464,107598.8
2025-03-24 16:00:00,5.464,5.468,5.398,5.444,60801.0
2025-03-24 20:00:00,5.446,5.526,5.438,5.486,68700.6
2025-03-25 00:00:00,5.485,5.526,5.332,5.344,107394.9
2025-03-25 04:00:00,5.344,5.437,5.318,5.389,66163.2
2025-03-25 08:00:00,5.389,5.576,5.387,5.53,176912.4
2025-03-25 12:00:00,5.529,5.549,5.408,5.465,131208.2
2025-03-25 16:00:00,5.467,5.552,5.43,5.533,162107.5
2025-03-25 20:00:00,5.533,5.566,5.495,5.545,65426.3
2025-03-26 00:00:00,5.543,5.574,5.414,5.434,62062.7
2025-03-26 04:00:00,5.434,5.613,5.43,5.588,74984.6
2025-03-26 08:00:00,5.59,5.616,5.529,5.575,112575.8
2025-03-26 12:00:00,5.576,5.596,5.359,5.415,134934.1
2025-03-26 16:00:00,5.415,5.466,5.288,5.358,123487.1
2025-03-26 20:00:00,5.356,5.406,5.294,5.33,72015.5
2025-03-27 00:00:00,5.331,5.488,5.324,5.461,47950.8
2025-03-27 04:00:00,5.463,5.464,5.393,5.421,60033.8
2025-03-27 08:00:00,5.42,5.45,5.329,5.335,68098.5
2025-03-27 12:00:00,5.333,5.456,5.258,5.438,108262.9
2025-03-27 16:00:00,5.436,5.446,5.313,5.373,86839.1
2025-03-27 20:00:00,5.373,5.407,5.331,5.337,38502.3
2025-03-28 00:00:00,5.336,5.347,5.199,5.215,87743.1
2025-03-28 04:00:00,5.217,5.25,4.943,4.954,138456.5
2025-03-28 08:00:00,4.953,5.009,4.892,5.002,127587.5
2025-03-28 12:00:00,5.001,5.039,4.888,4.917,195135.3
2025-03-28 16:00:00,4.917,4.949,4.832,4.845,98831.3
2025-03-28 20:00:00,4.846,4.984,4.835,4.949,93594.2
2025-03-29 00:00:00,4.949,5.015,4.787,4.866,148991.1
2025-03-29 04:00:00,4.864,4.876,4.676,4.701,144706.1
2025-03-29 08:00:00,4.702,4.781,4.638,4.682,155200.5
2025-03-29 12:00:00,4.683,4.751,4.605,4.624,146843.9
2025-03-29 16:00:00,4.625,4.631,4.496,4.606,170902.9
2025-03-29 20:00:00,4.607,4.609,4.534,4.593,100027.6
2025-03-30 00:00:00,4.593,4.661,4.507,4.62,108627.2
2025-03-30 04:00:00,4.619,4.68,4.618,4.659,90331.3
2025-03-30 08:00:00,4.658,4.724,4.623,4.633,112762.9
2025-03-30 12:00:00,4.634,4.663,4.537,4.587,142832.4
2025-03-30 16:00:00,4.585,4.687,4.463,4.643,127646.7
2025-03-30 20:00:00,4.643,4.652,4.517,4.559,97722.2
2025-03-31 00:00:00,4.56,4.652,4.477,4.549,142083.7
2025-03-31 04:00:00,4.549,4.626,4.432,4.471,152588.6
2025-03-31 08:00:00,4.472,4.504,4.346,4.451,194184.8
2025-03-31 12:00:00,4.451,4.553,4.379,4.456,194978.0
2025-03-31 16:00:00,4.456,4.473,4.333,4.383,130889.2
2025-03-31 20:00:00,4.383,4.409,4.348,4.364,89701.9
2025-04-01 00:00:00,4.365,4.483,4.355,4.459,86155.8
2025-04-01 04:00:00,4.46,4.526,4.437,4.494,111224.7
2025-04-01 08:00:00,4.494,4.65,4.412,4.433,206767.3
2025-04-01 12:00:00,4.431,4.62,4.383,4.6,148144.4
2025-04-01 16:00:00,4.601,4.623,4.44,4.451,94452.9
2025-04-01 20:00:00,4.45,4.509,4.398,4.453,80070.4
2025-04-02 00:00:00,4.453,4.457,4.181,4.311,215825.9
2025-04-02 04:00:00,4.311,4.33,4.17,4.23,177911.1
2025-04-02 08:00:00,4.231,4.31,4.201,4.206,218295.3
2025-04-02 12:00:00,4.206,4.353,4.156,4.296,216956.5
2025-04-02 16:00:00,4.297,4.343,4.202,4.268,151578.4
2025-04-02 20:00:00,4.268,4.401,3.94,3.973,414062.6
2025-04-03 00:00:00,3.972,4.127,3.952,4.032,258746.0
2025-04-03 04:00:00,4.031,4.065,3.893,3.912,156941.8
2025-04-03 08:00:00,3.911,3.949,3.782,3.875,274337.0
2025-04-03 12:00:00,3.875,3.9,3.703,3.82,391864.9
2025-04-03 16:00:00,3.821,3.874,3.775,3.838,257088.6
2025-04-03 20:00:00,3.837,3.887,3.803,3.855,171463.4
2025-04-04 00:00:00,3.855,3.893,3.785,3.851,226439.8
2025-04-04 04:00:00,3.85,3.895,3.799,3.864,205021.8
2025-04-04 08:00:00,3.864,3.932,3.696,3.755,272445.7
2025-04-04 12:00:00,3.756,3.953,3.723,3.842,473079.8
2025-04-04 16:00:00,3.842,3.942,3.813,3.879,272874.8
2025-04-04 20:00:00,3.878,4.026,3.878,3.984,221268.7
2025-04-05 00:00:00,3.983,4.056,3.95,4.003,164402.8
2025-04-05 04:00:00,4.003,4.044,3.972,4.043,102553.9
2025-04-05 08:00:00,4.043,4.057,3.97,3.973,123644.5
2025-04-05 12:00:00,3.973,3.988,3.855,3.875,169691.9
2025-04-05 16:00:00,3.873,3.886,3.838,3.85,108340.7
2025-04-05 20:00:00,3.85,3.94,3.834,3.924,120973.4
2025-04-06 00:00:00,3.923,3.932,3.86,3.898,103684.6
2025-04-06 04:00:00,3.898,3.971,3.878,3.923,88077.0
2025-04-06 08:00:00,3.924,3.976,3.888,3.902,97176.6
2025-04-06 12:00:00,3.901,3.905,3.732,3.801,175363.3
2025-04-06 16:00:00,3.8,3.802,3.438,3.507,546643.7
2025-04-06 20:00:00,3.507,3.626,3.383,3.483,730700.5
2025-04-07 00:00:00,3.486,3.571,3.332,3.395,493361.0
2025-04-07 04:00:00,3.396,3.491,3.143,3.305,801746.1
2025-04-07 08:00:00,3.305,3.521,3.288,3.436,706341.8
2025-04-07 12:00:00,3.436,3.817,3.431,3.612,1130227.3
2025-04-07 16:00:00,3.611,3.672,3.525,3.579,453011.5
2025-04-07 20:00:00,3.579,3.663,3.579,3.611,129451.0
2025-04-08 00:00:00,3.611,3.728,3.566,3.636,304209.7
2025-04-08 04:00:00,3.636,3.669,3.558,3.586,204993.1
2025-04-08 08:00:00,3.586,3.688,3.56,3.68,133144.7
2025-04-08 12:00:00,3.681,3.703,3.559,3.602,240782.1
2025-04-08 16:00:00,3.602,3.613,3.42,3.439,234450.1
2025-04-08 20:00:00,3.439,3.47,3.386,3.423,189913.1
2025-04-09 00:00:00,3.423,3.441,3.225,3.417,361269.7
2025-04-09 04:00:00,3.417,3.552,3.412,3.549,243507.8
2025-04-09 08:00:00,3.55,3.613,3.489,3.515,180824.6
2025-04-09 12:00:00,3.515,3.686,3.478,3.607,272487.8
2025-04-09 16:00:00,3.608,3.882,3.602,3.862,461517.2
2025-04-09 20:00:00,3.863,3.918,3.843,3.87,118075.2
2025-04-10 00:00:00,3.869,3.875,3.735,3.751,175938.1
2025-04-10 04:00:00,3.749,3.797,3.714,3.753,190643.8
2025-04-10 08:00:00,3.753,3.761,3.69,3.722,93434.8
2025-04-10 12:00:00,3.721,3.812,3.592,3.612,198178.9
2025-04-10 16:00:00,3.612,3.673,3.574,3.646,215410.3
2025-04-10 20:00:00,3.647,3.703,3.645,3.672,106084.6
2025-04-11 00:00:00,3.671,3.752,3.648,3.741,118711.3
2025-04-11 04:00:00,3.742,3.772,3.712,3.727,120865.9
2025-04-11 08:00:00,3.726,3.772,3.7,3.73,96702.5
2025-04-11 12:00:00,3.731,3.805,3.694,3.796,189641.8
2025-04-11 16:00:00,3.796,3.869,3.79,3.821,125651.6
2025-04-11 20:00:00,3.82,3.856,3.779,3.781,52426.4
2025-04-12 00:00:00,3.781,3.786,3.726,3.748,96351.5
2025-04-12 04:00:00,3.747,3.827,3.719,3.812,142121.5
2025-04-12 08:00:00,3.81,3.855,3.807,3.831,71515.5
2025-04-12 12:00:00,3.831,3.992,3.808,3.961,136799.1
2025-04-12 16:00:00,3.96,3.978,3.901,3.916,74287.1
2025-04-12 20:00:00,3.915,3.952,3.904,3.931,38857.4
2025-04-13 00:00:00,3.932,3.942,3.857,3.863,79720.5
2025-04-13 04:00:00,3.863,3.865,3.759,3.793,76337.6
2025-04-13 08:00:00,3.793,3.87,3.784,3.814,73017.5
2025-04-13 12:00:00,3.815,3.821,3.704,3.734,70391.6
2025-04-13 16:00:00,3.732,3.901,3.581,3.616,212840.1
2025-04-13 20:00:00,3.618,3.648,3.497,3.553,179210.7
2025-04-14 00:00:00,3.554,3.723,3.545,3.603,149925.6
2025-04-14 04:00:00,3.603,3.659,3.526,3.574,105535.8
2025-04-14 08:00:00,3.575,3.714,3.542,3.689,142369.9
2025-04-14 12:00:00,3.689,3.797,3.522,3.538,410711.6
2025-04-14 16:00:00,3.54,3.669,3.501,3.609,185345.7
2025-04-14 20:00:00,3.611,3.647,3.58,3.596,93715.5
2025-04-15 00:00:00,3.597,3.632,3.544,3.618,103661.1
2025-04-15 04:00:00,3.617,3.652,3.579,3.639,80786.3
2025-04-15 08:00:00,3.639,3.694,3.629,3.663,116987.1
2025-04-15 12:00:00,3.663,3.726,3.578,3.63,147876.7
2025-04-15 16:00:00,3.631,3.643,3.527,3.551,107051.6
2025-04-15 20:00:00,3.552,3.579,3.502,3.536,88658.3
2025-04-16 00:00:00,3.535,3.575,3.463,3.53,108559.3
2025-04-16 04:00:00,3.53,3.549,3.439,3.461,123900.8
2025-04-16 08:00:00,3.461,3.516,3.419,3.486,152095.7
2025-04-16 12:00:00,3.486,3.525,3.383,3.456,209668.4
2025-04-16 16:00:00,3.457,3.533,3.362,3.515,295959.2
2025-04-16 20:00:00,3.514,3.543,3.437,3.454,133178.8
2025-04-17 00:00:00,3.454,3.486,3.409,3.423,115756.8
2025-04-17 04:00:00,3.423,3.536,3.419,3.505,94653.1
2025-04-17 08:00:00,3.506,3.52,3.431,3.445,101383.2
2025-04-17 12:00:00,3.445,3.468,3.364,3.461,239081.2
2025-04-17 16:00:00,3.462,3.6,3.447,3.487,233134.5
2025-04-17 20:00:00,3.487,3.545,3.438,3.473,118769.9
2025-04-18 00:00:00,3.474,3.493,3.42,3.486,108339.5
2025-04-18 04:00:00,3.485,3.593,3.463,3.584,102913.4
2025-04-18 08:00:00,3.585,3.633,3.567,3.604,109956.4
2025-04-18 12:00:00,3.603,3.641,3.572,3.595,73387.2
2025-04-18 16:00:00,3.594,3.673,3.59,3.657,79056.1
2025-04-18 20:00:00,3.657,3.673,3.603,3.656,74041.4
2025-04-19 00:00:00,3.655,3.921,3.651,3.858,320042.2
2025-04-19 04:00:00,3.856,4.064,3.823,3.979,375306.3
2025-04-19 08:00:00,3.98,4.07,3.955,4.064,465677.9
2025-04-19 12:00:00,4.068,4.215,3.974,4.102,687482.1
2025-04-19 16:00:00,4.103,4.236,4.044,4.152,368863.9
2025-04-19 20:00:00,4.152,4.462,4.106,4.256,786410.3
2025-04-20 00:00:00,4.255,4.349,4.126,4.314,307928.4
2025-04-20 04:00:00,4.313,4.434,4.263,4.321,360751.4
2025-04-20 08:00:00,4.323,4.332,4.142,4.155,223275.8
2025-04-20 12:00:00,4.154,4.217,4.146,4.202,120949.8
2025-04-20 16:00:00,4.201,4.247,4.156,4.19,119678.2
2025-04-20 20:00:00,4.19,4.234,4.109,4.156,78665.0
2025-04-21 00:00:00,4.154,4.278,4.131,4.175,197424.2
2025-04-21 04:00:00,4.175,4.329,4.152,4.324,132708.4
2025-04-21 08:00:00,4.325,4.391,4.182,4.221,182483.8
2025-04-21 12:00:00,4.221,4.264,4.142,4.171,114821.7
2025-04-21 16:00:00,4.175,4.188,4.004,4.122,115773.9
2025-04-21 20:00:00,4.12,4.151,4.068,4.08,56987.8
2025-04-22 00:00:00,4.083,4.11,3.98,4.009,139811.0
2025-04-22 04:00:00,4.011,4.078,3.924,4.053,131449.8
2025-04-22 08:00:00,4.05,4.126,4.0,4.111,126008.3
2025-04-22 12:00:00,4.111,4.573,4.082,4.465,875924.1
2025-04-22 16:00:00,4.466,4.544,4.297,4.345,434992.2
2025-04-22 20:00:00,4.344,4.55,4.317,4.457,371702.2
2025-04-23 00:00:00,4.455,4.625,4.407,4.601,277871.4
2025-04-23 04:00:00,4.598,4.643,4.482,4.557,186431.9
2025-04-23 08:00:00,4.554,4.556,4.459,4.49,103660.8
2025-04-23 12:00:00,4.492,4.6,4.356,4.462,197908.8
2025-04-23 16:00:00,4.463,4.588,4.395,4.481,106248.2
2025-04-23 20:00:00,4.483,4.493,4.421,4.463,74386.1
2025-04-24 00:00:00,4.463,4.481,4.266,4.268,106772.3
2025-04-24 04:00:00,4.266,4.411,4.265,4.318,76951.5
2025-04-24 08:00:00,4.317,4.449,4.235,4.417,327282.4
2025-04-24 12:00:00,4.415,4.527,4.38,4.488,170624.6
2025-04-24 16:00:00,4.488,4.513,4.381,4.457,144281.5
2025-04-24 20:00:00,4.459,4.587,4.458,4.58,79272.7
2025-04-25 00:00:00,4.58,4.609,4.449,4.549,85987.1
2025-04-25 04:00:00,4.548,4.761,4.526,4.735,203625.4
2025-04-25 08:00:00,4.732,4.772,4.689,4.733,124561.3
2025-04-25 12:00:00,4.733,4.746,4.536,4.544,187735.3
2025-04-25 16:00:00,4.542,4.579,4.471,4.501,94488.8
2025-04-25 20:00:00,4.503,4.534,4.459,4.492,44516.7
2025-04-26 00:00:00,4.491,4.67,4.489,4.618,91195.4
2025-04-26 04:00:00,4.619,4.667,4.559,4.619,82682.4
2025-04-26 08:00:00,4.616,4.683,4.474,4.486,112633.4
2025-04-26 12:00:00,4.487,4.562,4.459,4.553,92578.0
2025-04-26 16:00:00,4.551,4.559,4.476,4.55,49912.0
2025-04-26 20:00:00,4.548,4.589,4.517,4.553,54790.0
2025-04-27 00:00:00,4.555,4.591,4.323,4.387,109935.9
2025-04-27 04:00:00,4.382,4.388,4.277,4.343,77105.4
2025-04-27 08:00:00,4.343,4.412,4.337,4.375,59995.7
2025-04-27 12:00:00,4.374,4.47,4.281,4.353,407968.6
2025-04-27 16:00:00,4.352,4.486,4.283,4.453,238760.3
2025-04-27 20:00:00,4.454,4.459,4.32,4.34,91203.9
2025-04-28 00:00:00,4.34,4.451,4.203,4.371,265889.5
2025-04-28 04:00:00,4.372,4.527,4.372,4.495,106188.1
2025-04-28 08:00:00,4.497,4.553,4.407,4.473,129316.1
2025-04-28 12:00:00,4.473,4.476,4.251,4.279,113453.6
2025-04-28 16:00:00,4.281,4.452,4.247,4.437,72315.8
2025-04-28 20:00:00,4.436,4.444,4.363,4.425,41780.9
2025-04-29 00:00:00,4.426,4.477,4.399,4.465,55772.7
2025-04-29 04:00:00,4.466,4.5,4.388,4.5,57171.6
2025-04-29 08:00:00,4.497,4.517,4.386,4.441,133223.7
2025-04-29 12:00:00,4.44,4.459,4.35,4.413,72744.3
2025-04-29 16:00:00,4.413,4.447,4.372,4.395,41381.2
2025-04-29 20:00:00,4.393,4.401,4.234,4.285,82435.9
2025-04-30 00:00:00,4.279,4.344,4.243,4.33,121212.0
2025-04-30 04:00:00,4.33,4.398,4.277,4.35,112087.4
2025-04-30 08:00:00,4.35,4.757,4.333,4.657,552819.2
2025-04-30 12:00:00,4.658,4.717,4.381,4.566,748800.9
2025-04-30 16:00:00,4.566,4.623,4.388,4.48,365178.1
2025-04-30 20:00:00,4.481,4.55,4.469,4.507,89121.9
2025-05-01 00:00:00,4.508,4.543,4.451,4.457,88869.8
2025-05-01 04:00:00,4.459,4.579,4.436,4.519,111387.1
2025-05-01 08:00:00,4.519,4.61,4.508,4.583,103922.8
2025-05-01 12:00:00,4.583,4.631,4.524,4.542,124860.1
2025-05-01 16:00:00,4.542,4.6,4.505,4.542,59629.7
2025-05-01 20:00:00,4.545,4.558,4.469,4.495,51669.8
2025-05-02 00:00:00,4.495,4.554,4.464,4.483,53553.4
2025-05-02 04:00:00,4.479,4.495,4.401,4.404,51180.7
2025-05-02 08:00:00,4.405,4.466,4.392,4.435,47896.4
2025-05-02 12:00:00,4.435,4.546,4.418,4.488,77049.2
2025-05-02 16:00:00,4.49,4.538,4.453,4.47,59680.4
2025-05-02 20:00:00,4.469,4.544,4.46,4.519,40887.3
2025-05-03 00:00:00,4.519,4.542,4.44,4.473,115105.1
2025-05-03 04:00:00,4.474,4.488,4.411,4.423,36709.5
2025-05-03 08:00:00,4.422,4.438,4.28,4.285,112695.1
2025-05-03 12:00:00,4.286,4.34,4.275,4.279,70863.5
2025-05-03 16:00:00,4.282,4.293,4.078,4.212,152273.6
2025-05-03 20:00:00,4.209,4.214,4.106,4.111,69586.3
2025-05-04 00:00:00,4.11,4.159,4.042,4.073,80022.0
2025-05-04 04:00:00,4.071,4.127,4.021,4.074,121794.7
2025-05-04 08:00:00,4.076,4.08,3.972,4.045,95511.0
2025-05-04 12:00:00,4.045,4.098,3.941,4.023,187108.1
2025-05-04 16:00:00,4.023,4.063,3.968,3.992,276464.4
2025-05-04 20:00:00,3.992,4.032,3.958,4.0,86392.2
2025-05-05 00:00:00,3.999,4.125,3.975,4.083,79862.0
2025-05-05 04:00:00,4.082,4.181,4.063,4.164,106056.5
2025-05-05 08:00:00,4.164,4.362,4.136,4.212,377954.5
2025-05-05 12:00:00,4.213,4.228,4.128,4.18,206262.0
2025-05-05 16:00:00,4.179,4.437,4.166,4.348,322529.9
2025-05-05 20:00:00,4.347,4.383,4.144,4.202,320857.1
2025-05-06 00:00:00,4.201,4.218,4.088,4.172,104202.9
2025-05-06 04:00:00,4.174,4.217,4.136,4.138,133642.8
2025-05-06 08:00:00,4.137,4.139,3.933,3.968,176213.6
2025-05-06 12:00:00,3.968,4.059,3.932,3.975,120550.2
2025-05-06 16:00:00,3.976,4.042,3.931,3.985,78983.4
2025-05-06 20:00:00,3.986,4.055,3.842,4.024,102525.2
2025-05-07 00:00:00,4.025,4.085,3.962,4.005,75092.8
2025-05-07 04:00:00,4.004,4.021,3.962,3.986,112034.8
2025-05-07 08:00:00,3.986,4.049,3.882,4.027,541315.6
2025-05-07 12:00:00,4.028,4.068,3.949,3.968,110048.5
2025-05-07 16:00:00,3.968,4.039,3.9,3.982,119382.2
2025-05-07 20:00:00,3.981,4.086,3.958,4.064,82493.5
2025-05-08 00:00:00,4.064,4.174,4.035,4.171,94017.7
2025-05-08 04:00:00,4.172,4.271,4.148,4.246,116120.1
2025-05-08 08:00:00,4.246,4.296,4.228,4.285,96877.0
2025-05-08 12:00:00,4.285,4.466,4.219,4.432,211479.6
2025-05-08 16:00:00,4.432,4.562,4.395,4.521,276959.8
2025-05-08 20:00:00,4.525,4.735,4.512,4.73,243323.9
2025-05-09 00:00:00,4.729,4.913,4.68,4.809,386595.2
2025-05-09 04:00:00,4.808,5.0,4.804,4.96,188324.2
2025-05-09 08:00:00,4.958,5.106,4.773,4.879,536020.1
2025-05-09 12:00:00,4.875,4.982,4.778,4.902,251018.2
2025-05-09 16:00:00,4.902,4.981,4.817,4.953,128321.3
2025-05-09 20:00:00,4.953,5.061,4.926,5.058,93671.6
2025-05-10 00:00:00,5.058,5.178,4.96,4.993,161694.1
2025-05-10 04:00:00,4.994,5.03,4.82,5.016,236955.5
2025-05-10 08:00:00,5.015,5.131,4.909,4.974,422146.4
2025-05-10 12:00:00,4.977,5.113,4.963,5.007,173534.8
2025-05-10 16:00:00,5.012,5.226,4.985,5.182,152635.7
2025-05-10 20:00:00,5.185,5.832,5.137,5.645,581075.5
2025-05-11 00:00:00,5.644,7.31,5.502,7.165,2294386.0
2025-05-11 04:00:00,7.174,7.215,6.055,6.116,4558985.3
2025-05-11 08:00:00,6.118,6.22,5.804,5.942,1522469.0
2025-05-11 12:00:00,5.941,6.233,5.76,5.873,1297785.5
2025-05-11 16:00:00,5.874,6.894,5.844,6.3,3816201.9
2025-05-11 20:00:00,6.3,6.703,6.234,6.315,2201980.7
2025-05-12 00:00:00,6.315,6.682,6.103,6.229,1076593.8
2025-05-12 04:00:00,6.228,6.545,6.189,6.357,584353.9
2025-05-12 08:00:00,6.356,6.474,6.104,6.176,513487.4
2025-05-12 12:00:00,6.175,6.4,6.048,6.136,595572.9
2025-05-12 16:00:00,6.135,6.29,5.792,6.074,481805.5
2025-05-12 20:00:00,6.074,6.171,6.039,6.11,185517.8
2025-05-13 00:00:00,6.11,6.16,5.637,5.677,398776.5
2025-05-13 04:00:00,5.676,5.869,5.67,5.823,149210.8
2025-05-13 08:00:00,5.823,5.931,5.771,5.889,195412.9
2025-05-13 12:00:00,5.888,5.968,5.728,5.92,291206.5
2025-05-13 16:00:00,5.919,6.394,5.861,6.284,572221.8
2025-05-13 20:00:00,6.284,6.344,6.111,6.207,278478.2
2025-05-14 00:00:00,6.208,6.461,6.141,6.228,334670.1
2025-05-14 04:00:00,6.228,6.296,6.09,6.117,171326.8
2025-05-14 08:00:00,6.115,6.149,5.897,6.011,252088.9
2025-05-14 12:00:00,6.013,6.052,5.815,5.887,192737.7
2025-05-14 16:00:00,5.886,5.914,5.775,5.877,71137.9
2025-05-14 20:00:00,5.878,5.897,5.785,5.825,58922.7
2025-05-15 00:00:00,5.827,5.978,5.702,5.703,200403.5
2025-05-15 04:00:00,5.705,5.794,5.416,5.425,241247.3
2025-05-15 08:00:00,5.425,5.585,5.409,5.479,153925.4
2025-05-15 12:00:00,5.478,5.649,5.341,5.645,238308.0
2025-05-15 16:00:00,5.645,5.782,5.49,5.539,164148.6
2025-05-15 20:00:00,5.54,5.58,5.359,5.516,127224.9
2025-05-16 00:00:00,5.517,5.578,5.409,5.538,112609.9
2025-05-16 04:00:00,5.536,5.649,5.477,5.548,94802.7
2025-05-16 08:00:00,5.55,5.62,5.401,5.549,110672.2
2025-05-16 12:00:00,5.55,5.56,5.378,5.45,104496.6
2025-05-16 16:00:00,5.45,5.484,5.259,5.326,152915.3
2025-05-16 20:00:00,5.323,5.329,5.112,5.164,141526.9
2025-05-17 00:00:00,5.161,5.175,4.92,5.037,175995.8
2025-05-17 04:00:00,5.033,5.108,4.924,4.943,111150.4
2025-05-17 08:00:00,4.952,5.053,4.905,4.999,105728.8
2025-05-17 12:00:00,4.999,5.05,4.903,4.947,111133.8
2025-05-17 16:00:00,4.947,4.997,4.847,4.89,116763.2
2025-05-17 20:00:00,4.889,5.005,4.87,4.912,60257.7
2025-05-18 00:00:00,4.911,4.983,4.886,4.914,50807.1
2025-05-18 04:00:00,4.916,5.11,4.908,5.066,77127.6
2025-05-18 08:00:00,5.065,5.191,5.003,5.009,119208.4
2025-05-18 12:00:00,5.01,5.388,4.966,5.332,226406.5
2025-05-18 16:00:00,5.334,5.444,4.991,5.003,235926.4
2025-05-18 20:00:00,4.998,5.303,4.912,5.277,132003.4
2025-05-19 00:00:00,5.278,5.313,4.929,4.958,143936.8
2025-05-19 04:00:00,4.959,4.983,4.778,4.929,172002.6
2025-05-19 08:00:00,4.927,4.929,4.79,4.838,112161.8
2025-05-19 12:00:00,4.836,4.963,4.744,4.937,120014.6
2025-05-19 16:00:00,4.94,5.049,4.883,4.929,297987.2
2025-05-19 20:00:00,4.927,4.987,4.898,4.973,48848.0
2025-05-20 00:00:00,4.974,5.293,4.97,5.129,267901.6
2025-05-20 04:00:00,5.132,5.178,4.939,4.967,159162.8
2025-05-20 08:00:00,4.966,4.982,4.851,4.885,105706.5
2025-05-20 12:00:00,4.884,5.077,4.789,4.921,251917.8
2025-05-20 16:00:00,4.921,5.049,4.873,5.035,133530.0
2025-05-20 20:00:00,5.035,5.158,5.001,5.113,127658.8
2025-05-21 00:00:00,5.112,5.217,5.022,5.16,118341.4
2025-05-21 04:00:00,5.16,5.209,5.0,5.021,137662.1
2025-05-21 08:00:00,5.023,5.054,4.91,4.988,116184.2
2025-05-21 12:00:00,4.989,5.203,4.951,5.065,161452.8
2025-05-21 16:00:00,5.066,5.269,4.914,5.069,250198.9
2025-05-21 20:00:00,5.066,5.184,4.997,5.087,51952.6
2025-05-22 00:00:00,5.088,5.307,5.069,5.274,110011.6
2025-05-22 04:00:00,5.277,5.366,5.211,5.293,87938.7
2025-05-22 08:00:00,5.295,5.411,5.276,5.352,155370.1
2025-05-22 12:00:00,5.348,5.526,5.33,5.452,214896.9
2025-05-22 16:00:00,5.459,5.592,5.416,5.442,181270.0
2025-05-22 20:00:00,5.442,5.485,5.364,5.433,47241.4
2025-05-23 00:00:00,5.433,5.533,5.329,5.515,158977.7
2025-05-23 04:00:00,5.515,5.523,5.229,5.273,150527.1
2025-05-23 08:00:00,5.277,5.4,4.992,5.037,181258.7
2025-05-23 12:00:00,5.043,5.177,4.887,5.067,221994.0
2025-05-23 16:00:00,5.069,5.147,5.024,5.059,58192.0
2025-05-23 20:00:00,5.057,5.057,4.814,4.85,89893.1
2025-05-24 00:00:00,4.846,4.95,4.816,4.932,82881.3
2025-05-24 04:00:00,4.931,4.949,4.836,4.875,85150.3
2025-05-24 08:00:00,4.875,4.981,4.859,4.941,79375.1
2025-05-24 12:00:00,4.946,5.003,4.908,4.961,64101.6
2025-05-24 16:00:00,4.961,5.003,4.868,4.886,67395.0
2025-05-24 20:00:00,4.885,4.902,4.81,4.85,44689.6
2025-05-25 00:00:00,4.85,4.885,4.681,4.77,140468.2
2025-05-25 04:00:00,4.768,4.806,4.663,4.714,70153.5
2025-05-25 08:00:00,4.713,4.713,4.593,4.626,83392.5
2025-05-25 12:00:00,4.625,4.696,4.51,4.606,84705.4
2025-05-25 16:00:00,4.608,4.655,4.542,4.639,35941.2
2025-05-25 20:00:00,4.638,4.827,4.592,4.805,65663.3
2025-05-26 00:00:00,4.806,4.883,4.802,4.863,58751.7
2025-05-26 04:00:00,4.863,4.906,4.817,4.88,64265.5
2025-05-26 08:00:00,4.881,4.911,4.811,4.83,46665.9
2025-05-26 12:00:00,4.831,4.864,4.708,4.798,91199.9
2025-05-26 16:00:00,4.797,4.823,4.667,4.699,50292.7
2025-05-26 20:00:00,4.695,4.775,4.689,4.733,31226.4
2025-05-27 00:00:00,4.732,4.788,4.592,4.723,83334.9
2025-05-27 04:00:00,4.724,4.811,4.654,4.78,65397.3
2025-05-27 08:00:00,4.782,4.883,4.781,4.876,93774.3
2025-05-27 12:00:00,4.874,4.997,4.822,4.973,377824.4
2025-05-27 16:00:00,4.971,5.075,4.911,5.017,207218.9
2025-05-27 20:00:00,5.017,5.05,4.946,4.961,54633.9
2025-05-28 00:00:00,4.962,4.972,4.855,4.914,68905.0
2025-05-28 04:00:00,4.914,4.973,4.855,4.882,62121.4
2025-05-28 08:00:00,4.884,4.998,4.818,4.992,116830.0
2025-05-28 12:00:00,4.994,5.109,4.79,4.815,182680.6
2025-05-28 16:00:00,4.818,4.902,4.723,4.726,81554.5
2025-05-28 20:00:00,4.727,4.946,4.71,4.936,68137.0
2025-05-29 00:00:00,4.937,5.241,4.914,5.148,278399.3
2025-05-29 04:00:00,5.146,5.15,4.977,4.999,161457.1
2025-05-29 08:00:00,5.0,5.288,4.955,5.172,622484.1
2025-05-29 12:00:00,5.173,5.174,4.997,5.026,349123.3
2025-05-29 16:00:00,5.027,5.033,4.827,4.866,293724.7
2025-05-29 20:00:00,4.866,5.239,4.765,4.82,1561848.8
2025-05-30 00:00:00,4.819,4.885,4.54,4.739,465331.0
2025-05-30 04:00:00,4.737,5.009,4.587,4.899,560118.2
2025-05-30 08:00:00,4.901,6.387,4.749,5.45,6150295.3
2025-05-30 12:00:00,5.45,6.111,5.172,5.192,4341872.0
2025-05-30 16:00:00,5.192,5.265,4.955,5.184,1595738.1
2025-05-30 20:00:00,5.183,5.192,4.712,4.83,840041.1
2025-05-31 00:00:00,4.831,5.098,4.632,4.66,1530142.8
2025-05-31 04:00:00,4.662,5.093,4.648,4.956,1368260.9
2025-05-31 08:00:00,4.953,5.138,4.58,4.668,1490122.4
2025-05-31 12:00:00,4.665,4.78,4.618,4.727,649014.3
2025-05-31 16:00:00,4.725,4.864,4.693,4.81,398679.1
2025-05-31 20:00:00,4.81,4.883,4.736,4.76,159650.2
2025-06-01 00:00:00,4.758,4.764,4.506,4.605,394295.1
2025-06-01 04:00:00,4.604,4.785,4.58,4.697,420338.2
2025-06-01 08:00:00,4.697,4.873,4.558,4.782,525317.4
2025-06-01 12:00:00,4.784,4.931,4.739,4.829,380258.0
2025-06-01 16:00:00,4.829,4.955,4.757,4.851,256332.2
2025-06-01 20:00:00,4.851,4.97,4.835,4.93,160586.0
2025-06-02 00:00:00,4.93,5.018,4.816,4.889,280190.8
2025-06-02 04:00:00,4.889,4.994,4.818,4.87,261301.8
2025-06-02 08:00:00,4.871,4.878,4.697,4.734,175652.0
2025-06-02 12:00:00,4.732,4.866,4.703,4.819,192185.5
2025-06-02 16:00:00,4.823,4.89,4.796,4.865,134775.8
2025-06-02 20:00:00,4.866,5.544,4.865,5.343,683204.6
2025-06-03 00:00:00,5.345,6.368,5.283,6.084,5110303.0
2025-06-03 04:00:00,6.084,6.352,5.962,6.118,4314115.8
2025-06-03 08:00:00,6.118,6.519,6.074,6.373,10705735.4
2025-06-03 12:00:00,6.372,6.653,6.156,6.475,7601429.0
2025-06-03 16:00:00,6.476,6.542,5.921,6.136,6009053.0
2025-06-03 20:00:00,6.135,6.29,6.024,6.052,2522681.9
2025-06-04 00:00:00,6.051,6.22,5.981,6.102,1998904.2
2025-06-04 04:00:00,6.101,6.133,5.906,6.015,1150100.0
2025-06-04 08:00:00,6.019,6.22,5.979,6.031,1098376.7
2025-06-04 12:00:00,6.03,6.716,6.021,6.247,2372058.3
2025-06-04 16:00:00,6.247,6.401,6.082,6.276,1360707.2
2025-06-04 20:00:00,6.275,6.709,6.242,6.632,1442855.4
2025-06-05 00:00:00,6.63,6.879,6.352,6.406,3082327.8
2025-06-05 04:00:00,6.406,6.479,6.039,6.149,1681660.0
2025-06-05 08:00:00,6.149,6.2,5.837,5.859,997194.1
2025-06-05 12:00:00,5.86,6.004,5.803,5.915,872429.5
2025-06-05 16:00:00,5.916,5.969,5.729,5.89,886989.6
2025-06-05 20:00:00,5.891,5.96,5.568,5.57,796835.6
2025-06-06 00:00:00,5.571,5.746,5.552,5.677,475613.4
2025-06-06 04:00:00,5.677,5.726,5.563,5.597,363496.9
2025-06-06 08:00:00,5.596,5.621,5.508,5.534,382709.0
2025-06-06 12:00:00,5.536,5.963,5.524,5.742,913068.7
2025-06-06 16:00:00,5.74,5.753,5.511,5.539,409976.5
2025-06-06 20:00:00,5.539,5.75,5.517,5.541,420842.0
2025-06-07 00:00:00,5.542,5.622,5.474,5.538,262194.4
2025-06-07 04:00:00,5.538,5.582,5.49,5.557,212699.4
2025-06-07 08:00:00,5.558,5.588,5.463,5.488,213201.8
2025-06-07 12:00:00,5.488,5.586,5.393,5.436,409385.8
2025-06-07 16:00:00,5.436,5.472,5.353,5.368,259935.9
2025-06-07 20:00:00,5.368,5.427,5.357,5.402,154550.4
2025-06-08 00:00:00,5.398,5.467,5.357,5.36,250006.3
2025-06-08 04:00:00,5.362,5.396,5.278,5.322,253641.6
2025-06-08 08:00:00,5.324,5.354,5.285,5.303,157146.5
2025-06-08 12:00:00,5.303,5.336,5.244,5.31,202962.3
2025-06-08 16:00:00,5.311,5.368,5.273,5.286,147815.8
2025-06-08 20:00:00,5.288,5.355,5.252,5.27,127537.8
2025-06-09 00:00:00,5.27,5.314,5.221,5.29,156744.2
2025-06-09 04:00:00,5.29,5.319,5.169,5.193,138935.0
2025-06-09 08:00:00,5.194,5.473,5.141,5.468,474521.2
2025-06-09 12:00:00,5.47,5.567,5.346,5.451,844289.7
2025-06-09 16:00:00,5.448,5.877,5.435,5.59,1085651.4
2025-06-09 20:00:00,5.589,5.845,5.529,5.82,348309.9
2025-06-10 00:00:00,5.821,5.942,5.584,5.615,515420.8
2025-06-10 04:00:00,5.615,5.651,5.512,5.627,259910.1
2025-06-10 08:00:00,5.626,5.862,5.51,5.856,350504.0
2025-06-10 12:00:00,5.854,6.194,5.713,5.982,785902.5
2025-06-10 16:00:00,5.983,6.249,5.933,6.223,373905.6
2025-06-10 20:00:00,6.223,7.309,6.156,7.006,2927113.3
2025-06-11 00:00:00,7.011,7.71,6.955,7.154,5666232.1
2025-06-11 04:00:00,7.154,7.49,6.964,7.299,3894381.5
2025-06-11 08:00:00,7.302,7.388,7.052,7.139,3315091.3
2025-06-11 12:00:00,7.139,7.345,6.724,6.942,3606746.2
2025-06-11 16:00:00,6.942,7.196,6.851,6.9,1975606.3
2025-06-11 20:00:00,6.899,7.165,6.813,7.054,1348424.8
2025-06-12 00:00:00,7.054,7.163,6.956,7.01,1009070.1
2025-06-12 04:00:00,7.013,7.013,6.669,6.692,948590.8
2025-06-12 08:00:00,6.692,6.71,6.312,6.323,1013304.6
2025-06-12 12:00:00,6.323,6.6,6.276,6.406,1251304.1
2025-06-12 16:00:00,6.406,6.781,6.392,6.439,801829.2
2025-06-12 20:00:00,6.437,6.492,6.178,6.18,747226.6
2025-06-13 00:00:00,6.179,6.187,5.792,5.872,1231407.8
2025-06-13 04:00:00,5.872,6.038,5.731,5.907,998272.3
2025-06-13 08:00:00,5.909,6.05,5.736,6.029,1113045.1
2025-06-13 12:00:00,6.028,6.111,5.814,6.031,753628.2
2025-06-13 16:00:00,6.031,6.257,5.957,6.055,571019.3
2025-06-13 20:00:00,6.056,6.547,6.023,6.422,715170.9
2025-06-14 00:00:00,6.421,6.442,6.162,6.199,422618.1
2025-06-14 04:00:00,6.2,6.211,5.967,6.028,493644.4
2025-06-14 08:00:00,6.028,6.093,5.951,6.038,578217.6
2025-06-14 12:00:00,6.039,6.14,5.94,5.985,452841.6
2025-06-14 16:00:00,5.985,6.004,5.868,5.911,341502.9
2025-06-14 20:00:00,5.913,6.176,5.858,6.077,353285.4
2025-06-15 00:00:00,6.077,6.801,6.068,6.621,2209355.0
2025-06-15 04:00:00,6.626,6.943,6.352,6.367,3841691.5
2025-06-15 08:00:00,6.365,6.516,6.29,6.453,1329983.5
2025-06-15 12:00:00,6.454,6.589,6.402,6.42,1086661.4
2025-06-15 16:00:00,6.421,6.44,6.267,6.317,601761.5
2025-06-15 20:00:00,6.318,6.396,6.221,6.33,523411.8
2025-06-16 00:00:00,6.33,6.377,6.236,6.277,446907.8
2025-06-16 04:00:00,6.278,6.635,6.274,6.62,888984.8
2025-06-16 08:00:00,6.619,6.639,6.391,6.444,559673.6
2025-06-16 12:00:00,6.444,6.59,6.361,6.524,478651.7
2025-06-16 16:00:00,6.524,6.637,6.513,6.57,338043.0
2025-06-16 20:00:00,6.571,6.661,6.189,6.218,589483.4
2025-06-17 00:00:00,6.215,6.43,6.072,6.361,550094.0
2025-06-17 04:00:00,6.364,6.414,6.225,6.258,409767.4
2025-06-17 08:00:00,6.258,6.266,6.079,6.121,353170.4
2025-06-17 12:00:00,6.121,6.148,5.937,5.99,397288.7
2025-06-17 16:00:00,5.992,6.033,5.858,5.979,320119.3
2025-06-17 20:00:00,5.978,6.001,5.768,5.791,241965.8
2025-06-18 00:00:00,5.791,5.911,5.761,5.882,221451.5
2025-06-18 04:00:00,5.882,5.972,5.809,5.837,202795.3
2025-06-18 08:00:00,5.836,5.857,5.679,5.762,283150.7
2025-06-18 12:00:00,5.762,5.888,5.612,5.816,441042.3
2025-06-18 16:00:00,5.818,5.819,5.496,5.518,614879.0
2025-06-18 20:00:00,5.519,5.738,5.508,5.631,335079.0
2025-06-19 00:00:00,5.632,5.762,5.581,5.641,258062.0
2025-06-19 04:00:00,5.64,5.677,5.55,5.579,226095.8
2025-06-19 08:00:00,5.579,5.666,5.553,5.559,230385.9
2025-06-19 12:00:00,5.56,5.577,5.394,5.412,370845.1
2025-06-19 16:00:00,5.412,5.531,5.367,5.441,264151.5
2025-06-19 20:00:00,5.44,5.497,5.427,5.481,171654.7
2025-06-20 00:00:00,5.482,5.544,5.455,5.462,179650.5
2025-06-20 04:00:00,5.462,5.576,5.386,5.573,220925.6
2025-06-20 08:00:00,5.575,5.63,5.546,5.582,215959.1
2025-06-20 12:00:00,5.581,5.67,5.374,5.406,411256.0
2025-06-20 16:00:00,5.407,5.422,5.19,5.287,568744.3
2025-06-20 20:00:00,5.285,5.353,5.147,5.199,271872.3
2025-06-21 00:00:00,5.2,5.286,5.191,5.242,152672.7
2025-06-21 04:00:00,5.241,5.253,5.215,5.235,99155.0
2025-06-21 08:00:00,5.236,5.254,5.186,5.205,143695.5
2025-06-21 12:00:00,5.204,5.224,5.079,5.128,240577.4
2025-06-21 16:00:00,5.128,5.157,5.0,5.009,220778.9
2025-06-21 20:00:00,5.009,5.084,4.791,4.912,422629.3
2025-06-22 00:00:00,4.913,5.031,4.838,4.867,373366.1
2025-06-22 04:00:00,4.871,4.975,4.853,4.916,228846.1
2025-06-22 08:00:00,4.916,4.945,4.853,4.879,216443.1
2025-06-22 12:00:00,4.878,4.915,4.647,4.73,674309.6
2025-06-22 16:00:00,4.729,4.817,4.682,4.701,242469.2
2025-06-22 20:00:00,4.699,4.802,4.568,4.784,328747.8
2025-06-23 00:00:00,4.785,4.91,4.783,4.871,186153.5
2025-06-23 04:00:00,4.872,4.982,4.857,4.961,155322.3
2025-06-23 08:00:00,4.961,4.969,4.862,4.908,176303.6
2025-06-23 12:00:00,4.909,5.039,4.854,4.883,304134.6
2025-06-23 16:00:00,4.883,5.228,4.76,5.22,491671.9
2025-06-23 20:00:00,5.219,5.529,5.212,5.502,432078.1
2025-06-24 00:00:00,5.503,5.516,5.322,5.334,228335.2
2025-06-24 04:00:00,5.333,5.413,5.278,5.324,219661.9
2025-06-24 08:00:00,5.324,5.383,5.261,5.293,186038.3
2025-06-24 12:00:00,5.293,5.329,5.223,5.254,241194.2
2025-06-24 16:00:00,5.255,5.381,5.179,5.217,205543.7
2025-06-24 20:00:00,5.216,5.275,5.185,5.224,106443.1
2025-06-25 00:00:00,5.225,5.23,5.125,5.142,157884.2
2025-06-25 04:00:00,5.142,5.169,5.082,5.157,113045.9
2025-06-25 08:00:00,5.158,5.17,5.021,5.094,169923.0
2025-06-25 12:00:00,5.095,5.146,4.966,4.974,226378.3
2025-06-25 16:00:00,4.972,5.028,4.938,4.978,158025.5
2025-06-25 20:00:00,4.979,5.045,4.892,4.942,113329.9
2025-06-26 00:00:00,4.942,5.179,4.936,5.074,211330.3
2025-06-26 04:00:00,5.076,5.145,5.016,5.118,123690.5
2025-06-26 08:00:00,5.117,5.142,4.991,4.996,96377.2
2025-06-26 12:00:00,4.997,4.997,4.843,4.892,262761.2
2025-06-26 16:00:00,4.892,4.921,4.818,4.912,105904.3
2025-06-26 20:00:00,4.91,4.983,4.83,4.842,162966.6
2025-06-27 00:00:00,4.84,4.891,4.76,4.84,152548.2
2025-06-27 04:00:00,4.842,4.935,4.812,4.821,120480.3
2025-06-27 08:00:00,4.823,4.907,4.812,4.864,99426.2
2025-06-27 12:00:00,4.861,4.98,4.823,4.965,153936.3
2025-06-27 16:00:00,4.967,4.995,4.748,4.782,195272.1
2025-06-27 20:00:00,4.782,4.897,4.766,4.872,76681.4
2025-06-28 00:00:00,4.872,4.891,4.836,4.854,64069.3
2025-06-28 04:00:00,4.854,4.93,4.829,4.919,77081.0
2025-06-28 08:00:00,4.919,4.951,4.881,4.925,114369.9
2025-06-28 12:00:00,4.924,4.989,4.887,4.972,119980.6
2025-06-28 16:00:00,4.974,5.045,4.946,5.02,132570.3
2025-06-28 20:00:00,5.021,5.055,5.012,5.036,71460.9
2025-06-29 00:00:00,5.036,5.049,4.974,4.987,85766.6
2025-06-29 04:00:00,4.987,5.111,4.974,5.111,82569.1
2025-06-29 08:00:00,5.111,5.145,5.078,5.096,99560.7
2025-06-29 12:00:00,5.096,5.135,4.994,5.001,100115.5
2025-06-29 16:00:00,5.001,5.128,4.981,5.121,80045.7
2025-06-29 20:00:00,5.12,5.327,5.044,5.293,167354.3
2025-06-30 00:00:00,5.295,5.342,5.136,5.156,148761.8
2025-06-30 04:00:00,5.155,5.156,5.034,5.09,117254.2
2025-06-30 08:00:00,5.09,5.124,5.021,5.072,133928.3
2025-06-30 12:00:00,5.07,5.092,4.944,5.023,202250.9
2025-06-30 16:00:00,5.024,5.148,5.007,5.136,220945.3
2025-06-30 20:00:00,5.134,5.148,5.008,5.023,93687.7
2025-07-01 00:00:00,5.022,5.051,4.882,4.914,112477.6
2025-07-01 04:00:00,4.914,4.916,4.803,4.902,121382.3
2025-07-01 08:00:00,4.903,4.914,4.842,4.855,76108.3
2025-07-01 12:00:00,4.857,4.898,4.8,4.855,113862.8
2025-07-01 16:00:00,4.855,4.87,4.769,4.803,95344.8
2025-07-01 20:00:00,4.803,4.877,4.785,4.826,77591.2
2025-07-02 00:00:00,4.826,4.833,4.717,4.792,84452.1
2025-07-02 04:00:00,4.792,5.019,4.787,5.013,276765.4
2025-07-02 08:00:00,5.013,5.059,4.932,4.943,165133.1
2025-07-02 12:00:00,4.946,5.064,4.905,5.058,192107.3
2025-07-02 16:00:00,5.058,5.239,5.053,5.222,222175.3
2025-07-02 20:00:00,5.222,5.275,5.175,5.192,87351.3
2025-07-03 00:00:00,5.193,5.245,5.17,5.172,84750.2
2025-07-03 04:00:00,5.172,5.274,5.161,5.263,85733.0
2025-07-03 08:00:00,5.264,5.3,5.174,5.19,105088.2
2025-07-03 12:00:00,5.191,5.283,5.054,5.086,194930.1
2025-07-03 16:00:00,5.086,5.126,5.071,5.103,79148.6
2025-07-03 20:00:00,5.105,5.133,5.086,5.108,51889.6
2025-07-04 00:00:00,5.106,5.138,4.955,4.976,156388.6
2025-07-04 04:00:00,4.977,5.023,4.82,4.837,113837.4
2025-07-04 08:00:00,4.836,4.882,4.79,4.849,117276.8
2025-07-04 12:00:00,4.848,4.871,4.747,4.754,121045.7
2025-07-04 16:00:00,4.754,4.888,4.671,4.747,322775.4
2025-07-04 20:00:00,4.748,4.848,4.745,4.812,86408.0
2025-07-05 00:00:00,4.813,4.883,4.795,4.846,68008.2
2025-07-05 04:00:00,4.848,4.874,4.811,4.847,62476.6
2025-07-05 08:00:00,4.848,4.883,4.776,4.8,111417.7
2025-07-05 12:00:00,4.799,4.823,4.76,4.775,76021.9
2025-07-05 16:00:00,4.775,4.799,4.633,4.775,191254.0
2025-07-05 20:00:00,4.774,4.853,4.757,4.816,90420.9
2025-07-06 00:00:00,4.818,4.834,4.785,4.793,47289.8
2025-07-06 04:00:00,4.793,4.848,4.781,4.815,50085.0
2025-07-06 08:00:00,4.816,4.831,4.789,4.828,39561.9
2025-07-06 12:00:00,4.829,4.935,4.82,4.907,101150.5
2025-07-06 16:00:00,4.907,4.939,4.885,4.912,63463.4
2025-07-06 20:00:00,4.913,4.982,4.869,4.891,106794.5
2025-07-07 00:00:00,4.892,4.944,4.869,4.904,85285.6
2025-07-07 04:00:00,4.904,4.922,4.844,4.909,68373.5
2025-07-07 08:00:00,4.908,4.912,4.839,4.857,74608.7
2025-07-07 12:00:00,4.857,4.901,4.797,4.829,115820.4
2025-07-07 16:00:00,4.827,4.929,4.782,4.907,142413.8
2025-07-07 20:00:00,4.906,4.906,4.823,4.89,93474.3
2025-07-08 00:00:00,4.89,4.901,4.796,4.808,89660.2
2025-07-08 04:00:00,4.808,4.93,4.784,4.906,104991.2
2025-07-08 08:00:00,4.906,5.114,4.863,4.954,597838.4
2025-07-08 12:00:00,4.955,5.069,4.893,4.94,419905.8
2025-07-08 16:00:00,4.941,5.055,4.915,5.011,234999.8
2025-07-08 20:00:00,5.01,5.044,4.992,5.02,72047.9
2025-07-09 00:00:00,5.018,5.02,4.944,4.96,102300.0
2025-07-09 04:00:00,4.96,5.175,4.951,5.143,286879.8
2025-07-09 08:00:00,5.144,5.28,5.11,5.151,346067.2
2025-07-09 12:00:00,5.151,5.225,5.115,5.156,196769.6
2025-07-09 16:00:00,5.156,5.281,5.103,5.266,191391.9
2025-07-09 20:00:00,5.269,5.337,5.243,5.316,151912.0
2025-07-10 00:00:00,5.316,5.358,5.266,5.323,98337.9
2025-07-10 04:00:00,5.323,5.406,5.295,5.334,134015.6
2025-07-10 08:00:00,5.333,5.381,5.292,5.315,111238.9
2025-07-10 12:00:00,5.315,5.364,5.231,5.253,192490.9
2025-07-10 16:00:00,5.253,5.479,5.247,5.409,259324.2
2025-07-10 20:00:00,5.409,5.824,5.409,5.762,290614.4
2025-07-11 00:00:00,5.762,6.026,5.713,6.026,252414.3
2025-07-11 04:00:00,6.026,6.246,5.931,5.983,509394.5
2025-07-11 08:00:00,5.982,6.186,5.978,6.071,186717.4
2025-07-11 12:00:00,6.072,6.207,6.014,6.046,193043.6
2025-07-11 16:00:00,6.047,6.411,5.991,6.305,452350.6
2025-07-11 20:00:00,6.307,6.446,5.947,6.028,332434.6
2025-07-12 00:00:00,6.028,6.086,5.803,6.076,228328.0
2025-07-12 04:00:00,6.078,6.148,5.87,6.058,203509.4
2025-07-12 08:00:00,6.058,6.101,5.974,6.006,111408.8
2025-07-12 12:00:00,6.004,6.033,5.606,5.649,268286.8
2025-07-12 16:00:00,5.652,5.788,5.613,5.772,107427.8
2025-07-12 20:00:00,5.773,5.774,5.603,5.747,143419.4
2025-07-13 00:00:00,5.749,5.791,5.7,5.744,92143.7
2025-07-13 04:00:00,5.745,5.948,5.716,5.891,94897.4
2025-07-13 08:00:00,5.891,5.91,5.779,5.898,116063.5
2025-07-13 12:00:00,5.896,6.049,5.89,5.977,182128.1
2025-07-13 16:00:00,5.978,6.034,5.91,5.95,99001.2
2025-07-13 20:00:00,5.95,6.006,5.809,5.878,94294.3
2025-07-14 00:00:00,5.878,6.132,5.822,6.115,186828.4
2025-07-14 04:00:00,6.116,6.203,5.994,6.107,188285.3
2025-07-14 08:00:00,6.109,6.158,6.02,6.054,167942.7
2025-07-14 12:00:00,6.054,6.112,5.858,5.907,229189.6
2025-07-14 16:00:00,5.907,5.973,5.729,5.76,153555.3
2025-07-14 20:00:00,5.763,5.789,5.672,5.763,79549.6
2025-07-15 00:00:00,5.763,5.807,5.538,5.595,154313.5
2025-07-15 04:00:00,5.594,5.723,5.529,5.65,83036.5
2025-07-15 08:00:00,5.649,5.751,5.606,5.71,84697.9
2025-07-15 12:00:00,5.71,6.002,5.679,5.961,206890.8
2025-07-15 16:00:00,5.962,6.086,5.856,5.9,132726.5
2025-07-15 20:00:00,5.899,6.223,5.885,6.218,108748.8
2025-07-16 00:00:00,6.217,6.47,6.108,6.152,405023.3
2025-07-16 04:00:00,6.154,6.397,6.067,6.342,153437.5
2025-07-16 08:00:00,6.34,6.391,6.22,6.234,164733.1
2025-07-16 12:00:00,6.236,6.562,6.213,6.415,351791.9
2025-07-16 16:00:00,6.415,6.62,6.355,6.532,175366.0
2025-07-16 20:00:00,6.535,6.847,6.416,6.462,213114.8
2025-07-17 00:00:00,6.46,6.617,6.177,6.208,193226.5
2025-07-17 04:00:00,6.205,6.651,6.195,6.574,182779.7
2025-07-17 08:00:00,6.574,6.854,6.572,6.733,259996.5
2025-07-17 12:00:00,6.73,6.766,6.461,6.564,172185.5
2025-07-17 16:00:00,6.562,7.373,6.377,7.042,1335772.2
2025-07-17 20:00:00,7.044,7.231,6.829,7.103,531673.7
2025-07-18 00:00:00,7.103,8.666,7.056,8.282,3721177.8
2025-07-18 04:00:00,8.281,8.57,7.799,7.803,1950540.4
2025-07-18 08:00:00,7.802,8.257,7.675,7.956,1066238.9
2025-07-18 12:00:00,7.957,7.957,7.254,7.356,969437.1
2025-07-18 16:00:00,7.359,7.666,7.301,7.374,550256.3
2025-07-18 20:00:00,7.373,7.451,7.157,7.278,360259.9
2025-07-19 00:00:00,7.277,7.82,7.064,7.772,446491.9
2025-07-19 04:00:00,7.773,7.897,7.423,7.463,371411.6
2025-07-19 08:00:00,7.463,7.614,7.339,7.494,255245.9
2025-07-19 12:00:00,7.493,7.727,7.414,7.519,330769.0
2025-07-19 16:00:00,7.519,7.765,7.517,7.64,246224.7
2025-07-19 20:00:00,7.638,7.665,7.45,7.507,175358.1
2025-07-20 00:00:00,7.506,7.739,7.455,7.661,149665.5
2025-07-20 04:00:00,7.66,7.857,7.5,7.614,242757.5
2025-07-20 08:00:00,7.616,8.045,7.608,8.009,284251.4
2025-07-20 12:00:00,8.008,8.128,7.804,8.097,283415.7
2025-07-20 16:00:00,8.098,8.401,7.934,8.241,326017.4
2025-07-20 20:00:00,8.241,8.548,8.033,8.048,384419.0
2025-07-21 00:00:00,8.047,8.153,7.816,8.036,401565.3
2025-07-21 04:00:00,8.035,8.122,7.924,7.943,225697.8
2025-07-21 08:00:00,7.942,8.107,7.863,8.027,213163.9
2025-07-21 12:00:00,8.028,8.097,7.83,7.859,284544.2
2025-07-21 16:00:00,7.859,7.919,7.634,7.692,273985.1
2025-07-21 20:00:00,7.694,7.795,7.665,7.697,156860.0
2025-07-22 00:00:00,7.698,7.799,7.426,7.494,286525.1
2025-07-22 04:00:00,7.492,7.525,7.3,7.399,286126.1
2025-07-22 08:00:00,7.399,7.495,7.266,7.458,154616.6
2025-07-22 12:00:00,7.457,7.477,7.195,7.337,292618.3
2025-07-22 16:00:00,7.336,7.453,7.163,7.201,247723.0
2025-07-22 20:00:00,7.201,7.448,7.177,7.388,148177.4
2025-07-23 00:00:00,7.391,7.427,7.266,7.293,183208.5
2025-07-23 04:00:00,7.293,7.371,7.077,7.135,163364.5
2025-07-23 08:00:00,7.136,7.213,7.02,7.176,194404.6
2025-07-23 12:00:00,7.175,7.266,6.9,6.98,556794.6
2025-07-23 16:00:00,6.974,6.976,6.724,6.87,217277.5
2025-07-23 20:00:00,6.869,6.925,6.639,6.813,268806.4
2025-07-24 00:00:00,6.813,7.085,6.742,6.964,194359.3
2025-07-24 04:00:00,6.965,6.992,6.419,6.662,323689.8
2025-07-24 08:00:00,6.657,6.925,6.616,6.884,251206.7
2025-07-24 12:00:00,6.882,7.09,6.671,6.911,274962.5
2025-07-24 16:00:00,6.914,6.97,6.727,6.827,197122.5
2025-07-24 20:00:00,6.824,6.942,6.693,6.715,151670.0
2025-07-25 00:00:00,6.721,6.731,6.44,6.547,244092.5
2025-07-25 04:00:00,6.541,6.656,6.462,6.576,193582.0
2025-07-25 08:00:00,6.575,6.879,6.566,6.846,186450.2
2025-07-25 12:00:00,6.844,6.902,6.546,6.651,231985.5
2025-07-25 16:00:00,6.648,6.723,6.584,6.628,112755.8
2025-07-25 20:00:00,6.626,6.931,6.624,6.907,127555.0
2025-07-26 00:00:00,6.907,6.989,6.845,6.888,92214.1
2025-07-26 04:00:00,6.887,6.902,6.832,6.842,68293.9
2025-07-26 08:00:00,6.842,6.895,6.814,6.824,66229.0
2025-07-26 12:00:00,6.828,6.898,6.772,6.859,109560.3
2025-07-26 16:00:00,6.859,6.917,6.785,6.885,77562.7
2025-07-26 20:00:00,6.886,6.925,6.731,6.74,97284.4
2025-07-27 00:00:00,6.74,6.936,6.717,6.908,123616.3
2025-07-27 04:00:00,6.911,7.02,6.892,6.946,128639.1
2025-07-27 08:00:00,6.945,7.119,6.889,7.055,275343.5
2025-07-27 12:00:00,7.056,7.449,7.024,7.433,416651.6
2025-07-27 16:00:00,7.433,7.667,7.37,7.387,426417.6
2025-07-27 20:00:00,7.385,7.8,7.34,7.783,246579.3
2025-07-28 00:00:00,7.782,7.784,7.471,7.625,257430.5
2025-07-28 04:00:00,7.626,7.867,7.584,7.603,198152.2
2025-07-28 08:00:00,7.602,7.631,7.415,7.46,139610.3
2025-07-28 12:00:00,7.462,7.481,7.072,7.133,252902.3
2025-07-28 16:00:00,7.135,7.348,6.981,7.037,350185.3
2025-07-28 20:00:00,7.039,7.049,6.787,6.894,152143.9
2025-07-29 00:00:00,6.896,6.97,6.641,6.817,189533.3
2025-07-29 04:00:00,6.818,7.169,6.763,7.153,139996.5
2025-07-29 08:00:00,7.152,7.37,7.056,7.152,215390.6
2025-07-29 12:00:00,7.149,7.609,7.04,7.213,512117.6
2025-07-29 16:00:00,7.212,7.594,7.131,7.402,625388.6
2025-07-29 20:00:00,7.402,7.555,7.246,7.303,218091.1
2025-07-30 00:00:00,7.306,7.447,7.068,7.341,235803.7
2025-07-30 04:00:00,7.339,7.456,7.213,7.25,221402.0
2025-07-30 08:00:00,7.25,7.432,7.028,7.063,272199.6
2025-07-30 12:00:00,7.066,7.373,7.016,7.168,247268.7
2025-07-30 16:00:00,7.17,7.627,6.973,7.439,595231.1
2025-07-30 20:00:00,7.436,7.792,7.229,7.743,303257.8
2025-07-31 00:00:00,7.744,8.106,7.632,8.041,861503.4
2025-07-31 04:00:00,8.039,8.256,7.845,7.927,636339.2
2025-07-31 08:00:00,7.927,8.13,7.829,8.069,331804.3
2025-07-31 12:00:00,8.069,8.178,7.744,7.982,835967.4
2025-07-31 16:00:00,7.98,8.123,7.578,7.617,456556.5
2025-07-31 20:00:00,7.618,7.683,7.267,7.276,441276.4
2025-08-01 00:00:00,7.276,7.501,7.177,7.364,373734.3
2025-08-01 04:00:00,7.364,7.365,7.095,7.151,213623.8
2025-08-01 08:00:00,7.149,7.167,6.932,7.113,239454.9
2025-08-01 12:00:00,7.111,7.307,6.993,7.157,388908.9
2025-08-01 16:00:00,7.154,7.226,6.85,7.037,307917.6
2025-08-01 20:00:00,7.033,7.038,6.469,6.604,378868.5
2025-08-02 00:00:00,6.604,6.692,6.503,6.667,208373.7
2025-08-02 04:00:00,6.666,6.717,6.374,6.59,238927.1
2025-08-02 08:00:00,6.592,6.658,6.421,6.542,188430.6
2025-08-02 12:00:00,6.547,6.562,6.312,6.352,218502.3
2025-08-02 16:00:00,6.352,6.402,6.176,6.238,355964.7
2025-08-02 20:00:00,6.24,6.42,6.238,6.281,150464.6
2025-08-03 00:00:00,6.284,6.406,6.204,6.365,142804.4
2025-08-03 04:00:00,6.366,6.506,6.343,6.461,109244.8
2025-08-03 08:00:00,6.461,6.529,6.381,6.487,116305.8
2025-08-03 12:00:00,6.487,6.551,6.386,6.424,102912.9
2025-08-03 16:00:00,6.423,6.56,6.363,6.498,108020.4
2025-08-03 20:00:00,6.497,6.573,6.467,6.476,56820.5
2025-08-04 00:00:00,6.477,6.795,6.457,6.735,205568.6
2025-08-04 04:00:00,6.736,6.792,6.657,6.776,119690.0
2025-08-04 08:00:00,6.772,6.843,6.671,6.686,179406.8
2025-08-04 12:00:00,6.686,7.078,6.635,6.837,344205.4
2025-08-04 16:00:00,6.838,7.115,6.754,6.903,271174.2
2025-08-04 20:00:00,6.904,7.087,6.868,6.891,165860.7
2025-08-05 00:00:00,6.891,6.962,6.766,6.78,117965.5
2025-08-05 04:00:00,6.781,6.831,6.65,6.678,110716.8
2025-08-05 08:00:00,6.678,7.134,6.678,7.089,159488.3
2025-08-05 12:00:00,7.091,7.26,6.628,6.653,364908.2
2025-08-05 16:00:00,6.651,6.856,6.631,6.718,264663.5
2025-08-05 20:00:00,6.718,6.881,6.598,6.864,142153.4
2025-08-06 00:00:00,6.865,6.92,6.595,6.597,161754.1
2025-08-06 04:00:00,6.596,7.643,6.553,7.271,686500.8
2025-08-06 08:00:00,7.269,7.378,6.963,7.338,522456.4
2025-08-06 12:00:00,7.339,7.653,7.148,7.548,687660.1
2025-08-06 16:00:00,7.548,7.743,7.428,7.735,561060.6
2025-08-06 20:00:00,7.74,7.799,7.573,7.714,245207.4
2025-08-07 00:00:00,7.712,8.08,7.686,7.953,667364.1
2025-08-07 04:00:00,7.946,8.021,7.75,7.824,613271.3
2025-08-07 08:00:00,7.824,8.007,7.675,7.908,454847.1
2025-08-07 12:00:00,7.909,8.116,7.884,7.897,351518.8
2025-08-07 16:00:00,7.896,8.081,7.762,8.042,215711.2
2025-08-07 20:00:00,8.043,8.234,7.933,8.004,273111.3
2025-08-08 00:00:00,8.005,8.201,7.953,8.024,308728.2
2025-08-08 04:00:00,8.025,8.096,7.939,8.057,194046.7
2025-08-08 08:00:00,8.057,8.193,7.992,8.128,207961.2
2025-08-08 12:00:00,8.128,8.147,7.809,7.965,380803.3
2025-08-08 16:00:00,7.966,8.505,7.925,8.165,468736.9
2025-08-08 20:00:00,8.166,8.313,8.056,8.083,151551.7
2025-08-09 00:00:00,8.084,8.16,8.023,8.07,129065.7
2025-08-09 04:00:00,8.07,8.511,8.034,8.374,305524.2
2025-08-09 08:00:00,8.374,8.427,8.227,8.262,164619.7
2025-08-09 12:00:00,8.265,8.802,8.185,8.464,350541.1
2025-08-09 16:00:00,8.461,8.72,8.328,8.609,203922.4
2025-08-09 20:00:00,8.611,9.121,8.513,9.09,405473.6
2025-08-10 00:00:00,9.088,9.121,8.316,8.565,473712.0
2025-08-10 04:00:00,8.565,8.756,8.29,8.303,189177.8
2025-08-10 08:00:00,8.299,8.447,8.106,8.169,315278.5
2025-08-10 12:00:00,8.168,8.98,8.049,8.534,736996.8
2025-08-10 16:00:00,8.534,8.944,8.424,8.699,413151.5
2025-08-10 20:00:00,8.701,8.737,8.509,8.643,147682.5
2025-08-11 00:00:00,8.642,9.001,8.516,8.909,273723.2
2025-08-11 04:00:00,8.909,9.421,8.765,8.793,478210.0
2025-08-11 08:00:00,8.793,9.035,8.425,8.446,331711.5
2025-08-11 12:00:00,8.444,8.842,8.422,8.741,350923.7
2025-08-11 16:00:00,8.742,8.923,8.458,8.504,216080.0
2025-08-11 20:00:00,8.503,8.504,8.091,8.194,250783.3
2025-08-12 00:00:00,8.194,8.388,8.16,8.185,184130.7
2025-08-12 04:00:00,8.185,8.253,8.007,8.221,186972.9
2025-08-12 08:00:00,8.222,8.386,8.015,8.189,261335.9
2025-08-12 12:00:00,8.189,8.786,8.1,8.746,485085.2
2025-08-12 16:00:00,8.748,8.768,8.519,8.75,288717.1
2025-08-12 20:00:00,8.749,8.969,8.71,8.79,217829.1
2025-08-13 00:00:00,8.789,8.967,8.62,8.735,245879.6
2025-08-13 04:00:00,8.737,8.851,8.447,8.553,167311.5
2025-08-13 08:00:00,8.553,8.898,8.54,8.824,211208.4
2025-08-13 12:00:00,8.821,8.903,8.56,8.757,389242.8
2025-08-13 16:00:00,8.76,8.885,8.513,8.71,195405.7
2025-08-13 20:00:00,8.712,8.894,8.572,8.812,200666.1
2025-08-14 00:00:00,8.813,8.814,8.52,8.716,186989.9
2025-08-14 04:00:00,8.719,8.729,8.268,8.336,225593.6
2025-08-14 08:00:00,8.337,8.352,8.059,8.155,220214.6
2025-08-14 12:00:00,8.15,8.194,7.421,7.805,537640.7
2025-08-14 16:00:00,7.806,7.82,7.547,7.733,332622.3
2025-08-14 20:00:00,7.731,7.76,7.594,7.708,180409.2
2025-08-15 00:00:00,7.708,7.899,7.654,7.847,123623.3
2025-08-15 04:00:00,7.846,7.97,7.798,7.866,108297.4
2025-08-15 08:00:00,7.867,7.932,7.747,7.794,105084.4
2025-08-15 12:00:00,7.794,7.937,7.451,7.522,265356.0
2025-08-15 16:00:00,7.521,7.718,7.435,7.613,182434.8
2025-08-15 20:00:00,7.614,7.783,7.6,7.705,105111.2
2025-08-16 00:00:00,7.705,7.809,7.686,7.702,59833.7
2025-08-16 04:00:00,7.703,7.791,7.686,7.741,62043.3
2025-08-16 08:00:00,7.743,7.775,7.62,7.625,72474.6
2025-08-16 12:00:00,7.627,7.731,7.564,7.676,110077.8
2025-08-16 16:00:00,7.675,7.741,7.646,7.663,66766.4
2025-08-16 20:00:00,7.663,7.75,7.647,7.694,44414.7
2025-08-17 00:00:00,7.694,7.754,7.623,7.717,52068.5
2025-08-17 04:00:00,7.721,7.926,7.71,7.919,83012.4
2025-08-17 08:00:00,7.918,8.058,7.858,8.015,86544.5
2025-08-17 12:00:00,8.015,8.094,7.876,8.094,74081.8
2025-08-17 16:00:00,8.093,8.182,7.769,7.818,112057.8
2025-08-17 20:00:00,7.819,7.923,7.756,7.772,48324.2
2025-08-18 00:00:00,7.77,7.806,7.354,7.458,152976.6
2025-08-18 04:00:00,7.456,7.552,7.279,7.335,124032.4
2025-08-18 08:00:00,7.336,7.385,7.211,7.297,115589.1
2025-08-18 12:00:00,7.298,7.449,7.259,7.386,97902.7
2025-08-18 16:00:00,7.383,7.463,7.301,7.35,64542.3
2025-08-18 20:00:00,7.347,7.452,7.272,7.302,100694.5
2025-08-19 00:00:00,7.305,7.412,7.067,7.141,139858.2
2025-08-19 04:00:00,7.135,7.274,7.094,7.244,108911.5
2025-08-19 08:00:00,7.246,7.457,7.194,7.454,106899.0
2025-08-19 12:00:00,7.455,7.455,7.117,7.153,155914.8
2025-08-19 16:00:00,7.154,7.193,6.981,7.075,116501.6
2025-08-19 20:00:00,7.074,7.162,6.975,6.998,56498.9
2025-08-20 00:00:00,7.0,7.163,6.993,7.091,82542.4
2025-08-20 04:00:00,7.091,7.212,7.088,7.151,51675.4
2025-08-20 08:00:00,7.152,7.254,7.047,7.155,72426.9
2025-08-20 12:00:00,7.154,7.353,6.975,7.23,138924.4
2025-08-20 16:00:00,7.235,7.411,7.234,7.407,64540.5
2025-08-20 20:00:00,7.408,7.458,7.386,7.416,40502.9
2025-08-21 00:00:00,7.412,7.471,7.3,7.352,53474.8
2025-08-21 04:00:00,7.353,7.418,7.283,7.37,80528.4
2025-08-21 08:00:00,7.371,7.381,7.232,7.257,43581.7
2025-08-21 12:00:00,7.257,7.327,7.112,7.147,87518.3
2025-08-21 16:00:00,7.147,7.211,7.081,7.122,41339.3
2025-08-21 20:00:00,7.123,7.216,7.082,7.123,36116.3
2025-08-22 00:00:00,7.124,7.31,7.109,7.132,64256.8
2025-08-22 04:00:00,7.133,7.214,7.102,7.179,49890.5
2025-08-22 08:00:00,7.18,7.234,7.019,7.024,52303.5
2025-08-22 12:00:00,7.024,8.071,6.824,7.954,528035.7
2025-08-22 16:00:00,7.953,8.49,7.951,8.443,273619.4
2025-08-22 20:00:00,8.446,8.504,8.204,8.296,113495.5
2025-08-23 00:00:00,8.292,8.364,8.037,8.062,104157.8
2025-08-23 04:00:00,8.063,8.245,8.03,8.045,80494.3
2025-08-23 08:00:00,8.047,8.107,7.922,7.949,68231.2
2025-08-23 12:00:00,7.949,8.086,7.892,8.043,101533.4
2025-08-23 16:00:00,8.045,8.071,7.939,8.067,70143.3
2025-08-23 20:00:00,8.067,8.082,6.8,8.0,893456.6
2025-08-24 00:00:00,8.0,8.257,7.938,7.995,178932.3
2025-08-24 04:00:00,7.994,8.059,7.663,7.706,146226.0
2025-08-24 08:00:00,7.708,7.741,7.554,7.619,86065.2
2025-08-24 12:00:00,7.621,7.79,7.597,7.732,74502.4
2025-08-24 16:00:00,7.734,8.164,7.698,7.894,244527.7
2025-08-24 20:00:00,7.894,7.939,7.673,7.772,147932.9
2025-08-25 00:00:00,7.773,7.84,7.567,7.725,72204.6
2025-08-25 04:00:00,7.725,7.746,7.348,7.389,65579.7
2025-08-25 08:00:00,7.388,7.445,7.189,7.316,96222.0
2025-08-25 12:00:00,7.316,7.64,7.275,7.521,153399.7
2025-08-25 16:00:00,7.52,7.629,7.178,7.191,158454.0
2025-08-25 20:00:00,7.193,7.232,6.418,7.024,370629.8
2025-08-26 00:00:00,7.026,7.159,6.939,7.105,86196.1
2025-08-26 04:00:00,7.107,7.238,7.1,7.186,58805.0
2025-08-26 08:00:00,7.184,7.237,7.07,7.139,64033.4
2025-08-26 12:00:00,7.142,7.389,7.098,7.279,153157.6
2025-08-26 16:00:00,7.277,7.498,7.248,7.479,62079.5
2025-08-26 20:00:00,7.477,7.495,7.389,7.423,44573.1
2025-08-27 00:00:00,7.424,7.425,7.253,7.337,90358.0
2025-08-27 04:00:00,7.338,7.401,7.218,7.256,69593.5
2025-08-27 08:00:00,7.256,7.315,7.211,7.3,44726.1
2025-08-27 12:00:00,7.3,7.416,7.233,7.395,72701.9
2025-08-27 16:00:00,7.394,7.444,7.247,7.283,87722.4
2025-08-27 20:00:00,7.281,7.398,7.187,7.253,111283.6
2025-08-28 00:00:00,7.251,7.33,7.191,7.309,54731.4
2025-08-28 04:00:00,7.309,7.553,7.274,7.504,210739.1
2025-08-28 08:00:00,7.504,7.549,7.401,7.476,81079.5
2025-08-28 12:00:00,7.479,7.551,7.341,7.387,134746.3
2025-08-28 16:00:00,7.386,7.447,7.264,7.279,76930.2
2025-08-28 20:00:00,7.281,7.458,7.268,7.452,44729.1
2025-08-29 00:00:00,7.453,7.477,7.284,7.348,60246.1
2025-08-29 04:00:00,7.346,7.378,7.009,7.034,123714.2
2025-08-29 08:00:00,7.032,7.114,6.896,7.044,107125.8
2025-08-29 12:00:00,7.046,7.269,6.868,6.938,176996.7
2025-08-29 16:00:00,6.936,6.978,6.795,6.899,96304.5
2025-08-29 20:00:00,6.898,7.002,6.846,6.982,58518.5
2025-08-30 00:00:00,6.981,7.07,6.841,7.017,52891.6
2025-08-30 04:00:00,7.019,7.186,6.982,7.162,55134.6
2025-08-30 08:00:00,7.161,7.262,7.114,7.193,104290.2
2025-08-30 12:00:00,7.194,7.228,7.071,7.205,66942.8
2025-08-30 16:00:00,7.207,7.23,7.099,7.127,51058.1
2025-08-30 20:00:00,7.128,7.147,7.077,7.14,32070.9
2025-08-31 00:00:00,7.14,7.343,7.122,7.342,102295.3
2025-08-31 04:00:00,7.34,7.35,7.199,7.224,63149.6
2025-08-31 08:00:00,7.227,7.359,7.212,7.272,114475.5
2025-08-31 12:00:00,7.274,7.278,7.065,7.175,102420.0
2025-08-31 16:00:00,7.176,7.242,7.13,7.163,53789.3
2025-08-31 20:00:00,7.163,7.208,6.978,6.996,65360.4
2025-09-01 00:00:00,6.995,7.007,6.794,6.86,82820.5
2025-09-01 04:00:00,6.858,7.061,6.75,7.059,120870.4
2025-09-01 08:00:00,7.061,7.143,6.893,6.946,121342.2
2025-09-01 12:00:00,6.947,7.008,6.799,6.818,89323.1
2025-09-01 16:00:00,6.819,7.016,6.673,6.785,233752.3
2025-09-01 20:00:00,6.786,6.788,6.45,6.586,193020.8
2025-09-02 00:00:00,6.588,6.779,6.535,6.761,75186.7
2025-09-02 04:00:00,6.761,6.843,6.737,6.744,79884.5
2025-09-02 08:00:00,6.744,6.776,6.616,6.632,47040.9
2025-09-02 12:00:00,6.632,6.771,6.449,6.489,250181.0
2025-09-02 16:00:00,6.49,6.615,6.47,6.508,73445.8
2025-09-02 20:00:00,6.508,6.675,6.494,6.643,75019.3
2025-09-03 00:00:00,6.645,6.721,6.576,6.691,62716.2
2025-09-03 04:00:00,6.69,6.702,6.569,6.614,40516.7
2025-09-03 08:00:00,6.613,6.698,6.56,6.641,59248.4
2025-09-03 12:00:00,6.641,6.812,6.583,6.771,99219.6
2025-09-03 16:00:00,6.774,6.821,6.705,6.784,66192.3
2025-09-03 20:00:00,6.786,6.792,6.685,6.699,35025.8
2025-09-04 00:00:00,6.7,6.717,6.569,6.572,63405.6
2025-09-04 04:00:00,6.571,6.616,6.431,6.472,76030.7
2025-09-04 08:00:00,6.472,6.531,6.418,6.484,62125.1
2025-09-04 12:00:00,6.484,6.534,6.359,6.37,67562.8
2025-09-04 16:00:00,6.37,6.42,6.328,6.375,50945.1
2025-09-04 20:00:00,6.372,6.511,6.364,6.422,37281.1
2025-09-05 00:00:00,6.42,6.526,6.413,6.509,46734.4
2025-09-05 04:00:00,6.508,6.61,6.44,6.598,58289.9
2025-09-05 08:00:00,6.599,6.611,6.519,6.546,46823.0
2025-09-05 12:00:00,6.548,6.676,6.34,6.393,140642.0
2025-09-05 16:00:00,6.394,6.47,6.342,6.467,45384.4
2025-09-05 20:00:00,6.469,6.518,6.426,6.464,47666.5
2025-09-06 00:00:00,6.464,6.535,6.437,6.454,38732.5
2025-09-06 04:00:00,6.456,6.458,6.369,6.407,28545.9
2025-09-06 08:00:00,6.407,6.426,6.34,6.387,28984.1
2025-09-06 12:00:00,6.388,6.416,6.32,6.33,58708.0
2025-09-06 16:00:00,6.328,6.385,6.246,6.255,39319.8
2025-09-06 20:00:00,6.257,6.3,6.233,6.256,43965.9
2025-09-07 00:00:00,6.259,6.371,6.256,6.337,80207.0
2025-09-07 04:00:00,6.338,6.346,6.235,6.247,72242.0
2025-09-07 08:00:00,6.245,6.316,6.22,6.3,60107.2
2025-09-07 12:00:00,6.298,6.298,6.237,6.254,61449.9
2025-09-07 16:00:00,6.253,6.266,6.093,6.111,106520.0
2025-09-07 20:00:00,6.111,6.245,6.101,6.173,98061.1
2025-09-08 00:00:00,6.173,6.268,6.028,6.22,169386.4
2025-09-08 04:00:00,6.222,6.222,6.103,6.124,71941.2
2025-09-08 08:00:00,6.124,6.341,6.118,6.274,113389.7
2025-09-08 12:00:00,6.276,6.417,6.24,6.384,128823.4
2025-09-08 16:00:00,6.383,6.439,6.337,6.349,93972.1
2025-09-08 20:00:00,6.352,6.465,6.312,6.378,78331.9
2025-09-09 00:00:00,6.379,6.414,6.221,6.326,91090.6
2025-09-09 04:00:00,6.325,6.553,6.303,6.504,94215.4
2025-09-09 08:00:00,6.506,6.55,6.43,6.449,97604.8
2025-09-09 12:00:00,6.448,6.489,6.073,6.107,218074.6
2025-09-09 16:00:00,6.105,6.191,6.065,6.171,94248.9
2025-09-09 20:00:00,6.172,6.223,6.136,6.178,50231.7
2025-09-10 00:00:00,6.179,6.294,6.112,6.291,67725.0
2025-09-10 04:00:00,6.288,6.314,6.212,6.297,41312.7
2025-09-10 08:00:00,6.296,6.347,6.264,6.297,54808.4
2025-09-10 12:00:00,6.297,6.466,6.274,6.412,90592.1
2025-09-10 16:00:00,6.412,6.419,6.176,6.22,96421.8
2025-09-10 20:00:00,6.218,6.278,6.204,6.264,45071.0
2025-09-11 00:00:00,6.265,6.501,6.251,6.497,96238.4
2025-09-11 04:00:00,6.497,6.529,6.365,6.471,106136.2
2025-09-11 08:00:00,6.47,6.484,6.288,6.306,81540.1
2025-09-11 12:00:00,6.306,6.432,6.232,6.261,117299.0
2025-09-11 16:00:00,6.26,6.342,6.254,6.332,42712.0
2025-09-11 20:00:00,6.332,6.449,6.324,6.437,65131.2
2025-09-12 00:00:00,6.437,6.488,6.391,6.439,74238.0
2025-09-12 04:00:00,6.44,6.563,6.417,6.44,59515.8
2025-09-12 08:00:00,6.442,6.442,6.336,6.343,44667.8
2025-09-12 12:00:00,6.347,6.48,6.298,6.431,61195.1
2025-09-12 16:00:00,6.433,6.622,6.421,6.607,59192.7
2025-09-12 20:00:00,6.606,6.823,6.556,6.811,114424.3
2025-09-13 00:00:00,6.81,6.943,6.752,6.936,131647.8
2025-09-13 04:00:00,6.937,6.963,6.806,6.884,98073.1
2025-09-13 08:00:00,6.886,7.022,6.816,6.892,174396.9
2025-09-13 12:00:00,6.893,7.286,6.816,6.904,349903.8
2025-09-13 16:00:00,6.904,6.937,6.781,6.859,142925.0
2025-09-13 20:00:00,6.86,6.963,6.855,6.923,58201.7
2025-09-14 00:00:00,6.922,6.954,6.73,6.742,93170.1
2025-09-14 04:00:00,6.742,6.834,6.671,6.753,59547.8
2025-09-14 08:00:00,6.75,6.776,6.603,6.625,83208.8
2025-09-14 12:00:00,6.628,6.664,6.422,6.477,131122.7
2025-09-14 16:00:00,6.477,6.573,6.467,6.498,50119.9
2025-09-14 20:00:00,6.499,6.612,6.468,6.514,49107.2
2025-09-15 00:00:00,6.513,6.706,6.438,6.685,96737.5
2025-09-15 04:00:00,6.685,7.197,6.679,6.831,737218.6
2025-09-15 08:00:00,6.831,6.885,6.523,6.665,297122.0
2025-09-15 12:00:00,6.664,6.82,6.396,6.522,305927.8
2025-09-15 16:00:00,6.522,6.671,6.359,6.415,351117.6
2025-09-15 20:00:00,6.417,6.484,6.377,6.392,72690.8
2025-09-16 00:00:00,6.39,6.451,6.285,6.297,145056.2
2025-09-16 04:00:00,6.294,6.432,6.22,6.382,135437.7
2025-09-16 08:00:00,6.381,6.469,6.303,6.358,93157.5
2025-09-16 12:00:00,6.356,6.406,6.253,6.375,133755.2
2025-09-16 16:00:00,6.375,6.481,6.333,6.44,96726.1
2025-09-16 20:00:00,6.439,6.469,6.368,6.384,53190.3
2025-09-17 00:00:00,6.384,6.511,6.345,6.436,95127.7
2025-09-17 04:00:00,6.436,6.465,6.295,6.399,104730.0
2025-09-17 08:00:00,6.4,6.404,6.227,6.279,123139.3
2025-09-17 12:00:00,6.279,6.316,6.196,6.228,56757.8
2025-09-17 16:00:00,6.228,6.495,6.177,6.473,212900.9
2025-09-17 20:00:00,6.474,6.66,6.379,6.625,116385.6
2025-09-18 00:00:00,6.626,6.701,6.584,6.655,111790.6
2025-09-18 04:00:00,6.657,6.708,6.57,6.631,83888.6
2025-09-18 08:00:00,6.633,6.836,6.617,6.678,152874.9
2025-09-18 12:00:00,6.679,6.785,6.635,6.774,93640.7
2025-09-18 16:00:00,6.776,6.92,6.772,6.827,121298.4
2025-09-18 20:00:00,6.828,6.848,6.689,6.736,65334.7
2025-09-19 00:00:00,6.736,6.839,6.598,6.619,91582.5
2025-09-19 04:00:00,6.619,6.637,6.465,6.528,115289.2
2025-09-19 08:00:00,6.526,6.581,6.318,6.347,123430.3
2025-09-19 12:00:00,6.347,6.44,6.249,6.322,132540.5
2025-09-19 16:00:00,6.322,6.375,6.229,6.261,67513.7
2025-09-19 20:00:00,6.26,6.297,6.182,6.242,39462.5
2025-09-20 00:00:00,6.241,6.27,6.126,6.232,78780.2
2025-09-20 04:00:00,6.229,6.332,6.213,6.332,53173.2
2025-09-20 08:00:00,6.33,6.331,6.163,6.21,50602.9
2025-09-20 12:00:00,6.209,6.323,6.183,6.283,53296.0
2025-09-20 16:00:00,6.286,6.302,6.186,6.217,45058.2
2025-09-20 20:00:00,6.213,6.289,6.193,6.203,40089.5
2025-09-21 00:00:00,6.2,6.251,6.163,6.215,58611.3
2025-09-21 04:00:00,6.214,6.245,6.156,6.2,60283.0
2025-09-21 08:00:00,6.204,6.207,5.997,6.048,117114.7
2025-09-21 12:00:00,6.047,6.126,6.042,6.071,64104.0
2025-09-21 16:00:00,6.071,6.091,5.967,6.074,76552.3
2025-09-21 20:00:00,6.075,6.085,5.991,6.003,40878.3
2025-09-22 00:00:00,6.007,6.042,5.64,5.733,215745.4
2025-09-22 04:00:00,5.733,5.744,5.078,5.368,275892.8
2025-09-22 08:00:00,5.37,5.402,5.19,5.306,146196.1
2025-09-22 12:00:00,5.306,5.383,5.233,5.239,89596.2
2025-09-22 16:00:00,5.239,5.289,5.176,5.219,90753.2
2025-09-22 20:00:00,5.218,5.377,5.213,5.349,50005.6
2025-09-23 00:00:00,5.351,5.395,5.204,5.345,84514.5
2025-09-23 04:00:00,5.347,5.416,5.276,5.384,63401.6
2025-09-23 08:00:00,5.384,5.441,5.363,5.394,55129.5
2025-09-23 12:00:00,5.393,5.512,5.384,5.49,84618.0
2025-09-23 16:00:00,5.494,5.559,5.35,5.365,67309.5
2025-09-23 20:00:00,5.367,5.465,5.364,5.406,40401.9
2025-09-24 00:00:00,5.407,5.516,5.377,5.389,78530.7
2025-09-24 04:00:00,5.387,5.514,5.308,5.481,68333.2
2025-09-24 08:00:00,5.481,5.572,5.461,5.551,62626.3
2025-09-24 12:00:00,5.553,5.622,5.494,5.503,55834.1
2025-09-24 16:00:00,5.502,5.582,5.484,5.532,34854.5
2025-09-24 20:00:00,5.532,5.54,5.441,5.484,46856.9
2025-09-25 00:00:00,5.487,5.502,5.334,5.381,65754.6
2025-09-25 04:00:00,5.381,5.408,5.265,5.274,65337.4
2025-09-25 08:00:00,5.275,5.341,5.209,5.23,74776.8
2025-09-25 12:00:00,5.229,5.285,5.116,5.172,111080.6
2025-09-25 16:00:00,5.171,5.18,4.854,4.881,240725.9
2025-09-25 20:00:00,4.88,4.922,4.739,4.778,133925.8
2025-09-26 00:00:00,4.78,4.962,4.77,4.894,172474.2
2025-09-26 04:00:00,4.892,4.928,4.814,4.863,103940.1
2025-09-26 08:00:00,4.863,4.896,4.766,4.821,84856.4
2025-09-26 12:00:00,4.821,4.922,4.763,4.867,110818.2
2025-09-26 16:00:00,4.868,4.997,4.86,4.885,81118.5
2025-09-26 20:00:00,4.886,4.95,4.872,4.922,52593.5
2025-09-27 00:00:00,4.923,4.936,4.831,4.852,39874.9
2025-09-27 04:00:00,4.851,4.874,4.818,4.821,38427.6
2025-09-27 08:00:00,4.82,4.859,4.722,4.853,60476.8
2025-09-27 12:00:00,4.853,4.892,4.809,4.885,49289.5
2025-09-27 16:00:00,4.885,4.89,4.782,4.844,44955.5
2025-09-27 20:00:00,4.842,4.913,4.829,4.852,26440.1
2025-09-28 00:00:00,4.853,4.858,4.775,4.797,31742.2
2025-09-28 04:00:00,4.798,4.813,4.7,4.759,50965.7
2025-09-28 08:00:00,4.757,4.769,4.662,4.681,59703.7
2025-09-28 12:00:00,4.684,4.798,4.651,4.786,88932.4
2025-09-28 16:00:00,4.786,4.845,4.779,4.825,52686.3
2025-09-28 20:00:00,4.825,4.943,4.814,4.916,72097.0
2025-09-29 00:00:00,4.915,4.92,4.844,4.848,62379.1
2025-09-29 04:00:00,4.852,4.859,4.745,4.793,52879.5
2025-09-29 08:00:00,4.791,4.848,4.738,4.769,65493.3
2025-09-29 12:00:00,4.77,4.876,4.68,4.77,115562.0
2025-09-29 16:00:00,4.77,4.795,4.699,4.766,57009.3
2025-09-29 20:00:00,4.766,4.846,4.766,4.772,68180.2
2025-09-30 00:00:00,4.77,4.786,4.702,4.713,83293.6
2025-09-30 04:00:00,4.712,4.754,4.7,4.705,51641.3
2025-09-30 08:00:00,4.707,4.723,4.634,4.695,63144.9
2025-09-30 12:00:00,4.692,4.693,4.529,4.577,108342.2
2025-09-30 16:00:00,4.575,4.677,4.528,4.672,68230.5
2025-09-30 20:00:00,4.672,4.746,4.659,4.701,43563.0
2025-10-01 00:00:00,4.702,4.744,4.642,4.644,47505.9
2025-10-01 04:00:00,4.645,4.701,4.633,4.674,57480.5
2025-10-01 08:00:00,4.673,4.929,4.67,4.891,129783.6
2025-10-01 12:00:00,4.893,4.934,4.852,4.903,61577.0
2025-10-01 16:00:00,4.904,4.973,4.88,4.956,51776.8
2025-10-01 20:00:00,4.955,4.978,4.898,4.971,63371.4
2025-10-02 00:00:00,4.973,5.171,4.962,5.147,93936.0
2025-10-02 04:00:00,5.149,5.231,5.113,5.145,81343.1
2025-10-02 08:00:00,5.141,5.19,5.122,5.145,54307.0
2025-10-02 12:00:00,5.144,5.272,5.022,5.112,147989.9
2025-10-02 16:00:00,5.112,5.453,5.107,5.417,206603.3
2025-10-02 20:00:00,5.416,5.433,5.3,5.391,106673.4
2025-10-03 00:00:00,5.39,5.393,5.211,5.253,132932.7
2025-10-03 04:00:00,5.253,5.295,5.126,5.169,89283.7
2025-10-03 08:00:00,5.167,5.234,5.123,5.204,97941.6
2025-10-03 12:00:00,5.204,5.334,5.161,5.33,104276.1
2025-10-03 16:00:00,5.329,5.413,5.193,5.295,139666.4
2025-10-03 20:00:00,5.299,5.336,5.25,5.26,61249.5
2025-10-04 00:00:00,5.262,5.292,5.172,5.204,64917.8
2025-10-04 04:00:00,5.204,5.229,5.131,5.161,53349.2
2025-10-04 08:00:00,5.163,5.168,5.051,5.064,56779.5
2025-10-04 12:00:00,5.064,5.106,4.93,4.962,127804.8
2025-10-04 16:00:00,4.96,5.013,4.927,5.008,63264.2
2025-10-04 20:00:00,5.008,5.031,4.966,4.975,32775.1
2025-10-05 00:00:00,4.974,5.117,4.928,5.076,105732.7
2025-10-05 04:00:00,5.076,5.232,5.073,5.198,202726.5
2025-10-05 08:00:00,5.197,5.237,5.077,5.126,146609.0
2025-10-05 12:00:00,5.127,5.129,5.042,5.092,65796.5
2025-10-05 16:00:00,5.091,5.096,4.926,4.93,81025.8
2025-10-05 20:00:00,4.932,4.971,4.9,4.948,44561.8
2025-10-06 00:00:00,4.948,5.021,4.916,4.994,81972.3
2025-10-06 04:00:00,4.992,5.071,4.948,5.009,63718.1
2025-10-06 08:00:00,5.01,5.159,5.009,5.101,95397.9
2025-10-06 12:00:00,5.099,5.349,5.091,5.309,191869.2
2025-10-06 16:00:00,5.31,5.352,5.269,5.287,122569.3
2025-10-06 20:00:00,5.287,5.327,5.193,5.205,109338.1
2025-10-07 00:00:00,5.208,5.247,5.159,5.178,62053.5
2025-10-07 04:00:00,5.178,5.254,5.12,5.132,82933.7
2025-10-07 08:00:00,5.135,5.209,5.047,5.196,92359.9
2025-10-07 12:00:00,5.195,5.223,4.851,4.904,259810.8
2025-10-07 16:00:00,4.902,4.951,4.822,4.872,131745.5
2025-10-07 20:00:00,4.873,4.942,4.866,4.879,60009.5
2025-10-08 00:00:00,4.879,4.94,4.815,4.842,67828.5
2025-10-08 04:00:00,4.839,4.912,4.802,4.9,68267.4
2025-10-08 08:00:00,4.902,4.973,4.898,4.915,64342.7
2025-10-08 12:00:00,4.914,5.021,4.902,4.955,87537.4
2025-10-08 16:00:00,4.953,5.13,4.92,5.055,113875.3
2025-10-08 20:00:00,5.055,5.084,5.024,5.057,46491.2
2025-10-09 00:00:00,5.058,5.08,4.872,4.956,98065.9
2025-10-09 04:00:00,4.957,4.989,4.85,4.871,65759.6
2025-10-09 08:00:00,4.871,4.877,4.765,4.841,101824.1
2025-10-09 12:00:00,4.839,4.888,4.753,4.78,89593.8
2025-10-09 16:00:00,4.78,4.858,4.748,4.846,84103.0
2025-10-09 20:00:00,4.848,4.912,4.831,4.878,35961.8
2025-10-10 00:00:00,4.879,5.136,4.874,5.085,98848.2
2025-10-10 04:00:00,5.085,5.139,4.993,5.008,115954.4
2025-10-10 08:00:00,5.01,5.115,4.996,5.086,68966.6
2025-10-10 12:00:00,5.086,5.114,4.704,4.732,191787.3
2025-10-10 16:00:00,4.729,4.751,4.494,4.541,213069.8
2025-10-10 20:00:00,4.539,4.578,1.217,3.419,2589209.3
2025-10-11 00:00:00,3.414,3.647,3.151,3.237,731259.5
2025-10-11 04:00:00,3.236,3.463,3.235,3.43,244165.1
2025-10-11 08:00:00,3.426,3.606,3.402,3.553,202227.5
2025-10-11 12:00:00,3.553,3.637,3.48,3.585,192582.3
2025-10-11 16:00:00,3.585,3.711,3.428,3.462,223334.6
2025-10-11 20:00:00,3.461,3.549,3.338,3.54,248765.3
2025-10-12 00:00:00,3.541,3.557,3.431,3.503,159292.7
2025-10-12 04:00:00,3.499,3.612,3.493,3.586,173931.8
2025-10-12 08:00:00,3.587,3.634,3.535,3.576,124989.8
2025-10-12 12:00:00,3.577,3.798,3.507,3.794,248938.9
2025-10-12 16:00:00,3.789,3.904,3.777,3.888,171441.9
2025-10-12 20:00:00,3.892,3.932,3.78,3.814,126642.2
2025-10-13 00:00:00,3.812,3.887,3.772,3.834,115353.8
2025-10-13 04:00:00,3.832,3.994,3.809,3.904,98487.0
2025-10-13 08:00:00,3.899,3.935,3.737,3.826,177186.7
2025-10-13 12:00:00,3.826,3.997,3.79,3.903,266741.9
2025-10-13 16:00:00,3.901,4.079,3.859,4.071,168859.1
2025-10-13 20:00:00,4.073,4.111,4.012,4.023,93175.1
2025-10-14 00:00:00,4.023,4.062,3.868,3.879,119554.3
2025-10-14 04:00:00,3.881,3.897,3.579,3.672,242692.5
2025-10-14 08:00:00,3.668,3.73,3.608,3.667,215366.1
2025-10-14 12:00:00,3.667,3.801,3.581,3.783,172477.8
2025-10-14 16:00:00,3.785,3.862,3.74,3.8,212303.3
2025-10-14 20:00:00,3.802,3.849,3.78,3.822,74221.5
2025-10-15 00:00:00,3.822,3.868,3.76,3.824,108644.0
2025-10-15 04:00:00,3.827,3.914,3.808,3.901,105832.4
2025-10-15 08:00:00,3.898,3.967,3.789,3.801,107813.2
2025-10-15 12:00:00,3.802,3.819,3.606,3.637,161634.7
2025-10-15 16:00:00,3.637,3.667,3.577,3.59,108258.7
2025-10-15 20:00:00,3.591,3.647,3.531,3.599,114790.7
2025-10-16 00:00:00,3.602,3.657,3.558,3.609,85705.9
2025-10-16 04:00:00,3.609,3.7,3.609,3.665,71815.7
2025-10-16 08:00:00,3.665,3.724,3.518,3.703,130182.7
2025-10-16 12:00:00,3.705,3.721,3.463,3.487,143039.0
2025-10-16 16:00:00,3.487,3.607,3.432,3.477,146188.0
2025-10-16 20:00:00,3.48,3.495,3.4,3.484,74785.0
2025-10-17 00:00:00,3.484,3.541,3.46,3.512,63751.6
2025-10-17 04:00:00,3.514,3.52,3.201,3.222,237475.7
2025-10-17 08:00:00,3.222,3.393,3.183,3.36,243910.9
2025-10-17 12:00:00,3.355,3.376,3.254,3.367,148189.7
2025-10-17 16:00:00,3.368,3.421,3.328,3.367,94560.5
2025-10-17 20:00:00,3.367,3.439,3.358,3.37,50924.3
2025-10-18 00:00:00,3.37,3.422,3.365,3.387,59084.1
2025-10-18 04:00:00,3.389,3.432,3.316,3.385,88503.3
2025-10-18 08:00:00,3.389,3.421,3.371,3.406,73650.3
2025-10-18 12:00:00,3.41,3.421,3.328,3.348,75607.3
2025-10-18 16:00:00,3.346,3.404,3.298,3.383,64548.6
2025-10-18 20:00:00,3.381,3.438,3.369,3.409,49924.3
2025-10-19 00:00:00,3.409,3.452,3.376,3.449,66515.8
2025-10-19 04:00:00,3.449,3.452,3.385,3.412,61644.2
2025-10-19 08:00:00,3.412,3.539,3.36,3.499,148941.8
2025-10-19 12:00:00,3.5,3.676,3.478,3.595,385153.2
2025-10-19 16:00:00,3.597,3.631,3.554,3.572,120062.9
2025-10-19 20:00:00,3.573,3.577,3.486,3.493,109604.3
2025-10-20 00:00:00,3.492,3.587,3.403,3.562,100110.5
2025-10-20 04:00:00,3.565,3.628,3.54,3.592,88944.7
2025-10-20 08:00:00,3.589,3.616,3.557,3.606,143932.0
2025-10-20 12:00:00,3.605,3.607,3.51,3.523,91825.9
2025-10-20 16:00:00,3.523,3.526,3.425,3.511,126434.8
2025-10-20 20:00:00,3.509,3.541,3.472,3.48,81570.4
2025-10-21 00:00:00,3.481,3.49,3.384,3.398,93975.3
2025-10-21 04:00:00,3.397,3.403,3.321,3.383,149765.4
2025-10-21 08:00:00,3.382,3.421,3.324,3.412,92523.7
2025-10-21 12:00:00,3.41,3.62,3.399,3.611,236953.4
2025-10-21 16:00:00,3.613,3.637,3.521,3.542,156881.1
2025-10-21 20:00:00,3.541,3.549,3.333,3.349,121929.4
2025-10-22 00:00:00,3.348,3.396,3.324,3.341,94732.7
2025-10-22 04:00:00,3.339,3.378,3.278,3.339,80660.0
2025-10-22 08:00:00,3.339,3.346,3.244,3.314,98189.9
2025-10-22 12:00:00,3.314,3.389,3.279,3.305,147414.8
2025-10-22 16:00:00,3.304,3.318,3.226,3.266,99965.9
2025-10-22 20:00:00,3.269,3.288,3.115,3.271,146330.3
2025-10-23 00:00:00,3.273,3.287,3.237,3.247,71629.0
2025-10-23 04:00:00,3.247,3.325,3.234,3.303,110353.7
2025-10-23 08:00:00,3.302,3.335,3.254,3.263,90211.3
2025-10-23 12:00:00,3.264,3.322,3.22,3.299,174535.6
2025-10-23 16:00:00,3.301,3.366,3.282,3.303,97457.1
2025-10-23 20:00:00,3.302,3.302,3.242,3.295,59849.4
2025-10-24 00:00:00,3.294,3.317,3.266,3.311,70212.7
2025-10-24 04:00:00,3.31,3.387,3.293,3.36,102856.5
2025-10-24 08:00:00,3.361,3.361,3.274,3.321,62904.7
2025-10-24 12:00:00,3.322,3.403,3.276,3.283,106410.8
2025-10-24 16:00:00,3.284,3.351,3.249,3.329,62283.7
2025-10-24 20:00:00,3.329,3.397,3.325,3.375,49583.7
2025-10-25 00:00:00,3.374,3.382,3.325,3.328,44917.1
2025-10-25 04:00:00,3.327,3.341,3.301,3.306,40816.0
2025-10-25 08:00:00,3.305,3.343,3.305,3.332,39255.9
2025-10-25 12:00:00,3.333,3.356,3.318,3.344,55982.9
2025-10-25 16:00:00,3.343,3.378,3.331,3.373,34368.5
2025-10-25 20:00:00,3.371,3.38,3.348,3.355,32369.0
2025-10-26 00:00:00,3.356,3.398,3.314,3.329,54876.9
2025-10-26 04:00:00,3.327,3.39,3.322,3.384,39057.4
2025-10-26 08:00:00,3.384,3.6,3.382,3.589,139443.9
2025-10-26 12:00:00,3.589,3.606,3.519,3.539,131728.6
2025-10-26 16:00:00,3.537,3.557,3.495,3.548,99444.2
2025-10-26 20:00:00,3.547,3.645,3.521,3.609,80138.3
2025-10-27 00:00:00,3.609,3.636,3.566,3.596,78561.8
2025-10-27 04:00:00,3.596,3.626,3.505,3.544,103255.6
2025-10-27 08:00:00,3.544,3.552,3.468,3.499,87812.8
2025-10-27 12:00:00,3.498,3.521,3.426,3.473,102633.0
2025-10-27 16:00:00,3.473,3.525,3.456,3.477,93698.9
2025-10-27 20:00:00,3.481,3.482,3.403,3.431,83470.0
2025-10-28 00:00:00,3.433,3.464,3.395,3.417,68258.4
2025-10-28 04:00:00,3.419,3.494,3.399,3.44,51419.4
2025-10-28 08:00:00,3.441,3.469,3.421,3.429,57217.6
2025-10-28 12:00:00,3.428,3.509,3.393,3.454,74438.9
2025-10-28 16:00:00,3.451,3.486,3.367,3.389,77151.6
2025-10-28 20:00:00,3.388,3.391,3.271,3.322,135168.9
2025-10-29 00:00:00,3.32,3.345,3.3,3.331,52156.8
2025-10-29 04:00:00,3.331,3.361,3.315,3.342,77461.1
2025-10-29 08:00:00,3.34,3.405,3.319,3.39,50263.7
2025-10-29 12:00:00,3.39,3.408,3.273,3.293,94354.0
2025-10-29 16:00:00,3.292,3.417,3.187,3.377,174571.0
2025-10-29 20:00:00,3.377,3.446,3.327,3.334,93408.3
2025-10-30 00:00:00,3.335,3.382,3.312,3.339,60591.8
2025-10-30 04:00:00,3.337,3.34,3.198,3.317,142784.7
2025-10-30 08:00:00,3.317,3.319,3.23,3.247,186884.0
2025-10-30 12:00:00,3.248,3.259,3.107,3.124,214609.7
2025-10-30 16:00:00,3.123,3.18,3.057,3.072,177974.7
2025-10-30 20:00:00,3.072,3.185,3.061,3.179,84112.6
2025-10-31 00:00:00,3.179,3.239,3.158,3.239,86731.7
2025-10-31 04:00:00,3.239,3.281,3.194,3.201,103639.1
2025-10-31 08:00:00,3.202,3.239,3.191,3.235,153353.2
2025-10-31 12:00:00,3.234,3.306,3.22,3.256,88386.1
2025-10-31 16:00:00,3.256,3.296,3.171,3.267,100933.9
2025-10-31 20:00:00,3.266,3.293,3.237,3.257,44730.6
2025-11-01 00:00:00,3.257,3.274,3.217,3.258,58914.3
2025-11-01 04:00:00,3.258,3.34,3.241,3.31,113603.0
2025-11-01 08:00:00,3.311,3.377,3.304,3.353,92969.2
2025-11-01 12:00:00,3.354,3.39,3.313,3.388,86322.5
2025-11-01 16:00:00,3.389,3.403,3.363,3.385,69456.9
2025-11-01 20:00:00,3.386,3.409,3.339,3.355,45407.2
2025-11-02 00:00:00,3.355,3.367,3.271,3.289,135419.7
2025-11-02 04:00:00,3.288,3.354,3.288,3.343,97550.2
2025-11-02 08:00:00,3.343,3.351,3.254,3.303,92341.8
2025-11-02 12:00:00,3.305,3.312,3.182,3.197,93948.9
2025-11-02 16:00:00,3.197,3.235,3.165,3.222,51913.2
2025-11-02 20:00:00,3.222,3.281,3.215,3.267,55182.4
2025-11-03 00:00:00,3.265,3.274,3.035,3.048,125852.4
2025-11-03 04:00:00,3.047,3.092,2.991,3.008,129128.2
2025-11-03 08:00:00,3.009,3.061,2.829,2.904,232665.0
2025-11-03 12:00:00,2.907,2.951,2.705,2.733,255064.4
2025-11-03 16:00:00,2.732,2.879,2.724,2.775,176261.7
2025-11-03 20:00:00,2.775,2.808,2.715,2.746,104448.7
2025-11-04 00:00:00,2.748,2.814,2.696,2.799,173282.7
2025-11-04 04:00:00,2.802,2.831,2.648,2.689,191685.5
2025-11-04 08:00:00,2.689,2.812,2.685,2.778,166372.5
2025-11-04 12:00:00,2.78,2.909,2.734,2.805,158555.4
2025-11-04 16:00:00,2.806,2.838,2.674,2.711,129623.2
2025-11-04 20:00:00,2.712,2.797,2.587,2.777,202246.4
2025-11-05 00:00:00,2.777,2.783,2.595,2.764,208934.5
2025-11-05 04:00:00,2.763,2.8,2.747,2.793,85072.4
2025-11-05 08:00:00,2.792,2.792,2.704,2.788,101960.3
2025-11-05 12:00:00,2.786,2.858,2.77,2.854,146095.7
2025-11-05 16:00:00,2.856,2.971,2.814,2.95,79235.0
2025-11-05 20:00:00,2.948,3.025,2.938,2.975,156184.2
2025-11-06 00:00:00,2.976,3.093,2.931,3.077,172525.7
2025-11-06 04:00:00,3.076,3.103,2.979,3.041,138074.6
2025-11-06 08:00:00,3.04,3.083,2.997,3.03,179981.8
2025-11-06 12:00:00,3.031,3.09,2.878,2.901,200184.7
2025-11-06 16:00:00,2.902,2.963,2.852,2.952,176149.9
2025-11-06 20:00:00,2.954,2.983,2.909,2.942,71210.1
2025-11-07 00:00:00,2.943,3.078,2.942,3.069,93583.3
2025-11-07 04:00:00,3.069,3.173,3.053,3.171,73053.6
2025-11-07 08:00:00,3.17,3.172,2.994,3.043,130252.4
2025-11-07 12:00:00,3.042,3.176,2.976,3.162,128119.8
2025-11-07 16:00:00,3.162,3.512,3.157,3.434,327027.2
2025-11-07 20:00:00,3.433,3.454,3.301,3.317,111230.5
2025-11-08 00:00:00,3.32,3.367,3.224,3.246,95511.9
2025-11-08 04:00:00,3.247,3.365,3.167,3.232,90052.2
2025-11-08 08:00:00,3.231,3.295,3.207,3.263,85520.0
2025-11-08 12:00:00,3.261,3.422,3.163,3.229,387538.7
2025-11-08 16:00:00,3.231,3.47,3.21,3.457,218283.1
2025-11-08 20:00:00,3.457,3.709,3.395,3.536,346084.7
2025-11-09 00:00:00,3.537,3.542,3.177,3.204,268127.5
2025-11-09 04:00:00,3.205,3.27,3.198,3.266,103552.2
2025-11-09 08:00:00,3.265,3.301,3.177,3.287,113368.3
2025-11-09 12:00:00,3.287,3.408,3.252,3.393,127382.8
2025-11-09 16:00:00,3.395,4.017,3.349,3.424,1039462.5
2025-11-09 20:00:00,3.425,3.429,3.35,3.389,114927.3
2025-11-10 00:00:00,3.388,3.46,3.368,3.397,103990.5
2025-11-10 04:00:00,3.394,3.454,3.378,3.403,97733.6
2025-11-10 08:00:00,3.403,3.442,3.32,3.415,127223.4
2025-11-10 12:00:00,3.416,3.453,3.342,3.381,133725.5
2025-11-10 16:00:00,3.383,3.496,3.322,3.441,132882.7
2025-11-10 20:00:00,3.441,3.639,3.365,3.606,222503.3
2025-11-11 00:00:00,3.607,3.68,3.464,3.55,180106.1
2025-11-11 04:00:00,3.549,3.554,3.32,3.334,182876.1
2025-11-11 08:00:00,3.334,3.405,3.316,3.369,142379.3
2025-11-11 12:00:00,3.37,3.396,3.27,3.329,174840.1
2025-11-11 16:00:00,3.329,3.383,3.218,3.226,102914.3
2025-11-11 20:00:00,3.226,3.281,3.128,3.212,147132.5
2025-11-12 00:00:00,3.212,3.297,3.19,3.288,108937.4
2025-11-12 04:00:00,3.289,3.358,3.278,3.3,48459.9
2025-11-12 08:00:00,3.302,3.443,3.302,3.39,68502.6
2025-11-12 12:00:00,3.389,3.404,3.232,3.247,106703.4
2025-11-12 16:00:00,3.247,3.263,3.11,3.174,120019.3
2025-11-12 20:00:00,3.171,3.333,3.157,3.304,130761.0
2025-11-13 00:00:00,3.306,3.368,3.235,3.319,109177.4
2025-11-13 04:00:00,3.32,3.379,3.284,3.336,63955.4
2025-11-13 08:00:00,3.335,3.346,3.28,3.3,64389.1
2025-11-13 12:00:00,3.301,3.354,3.211,3.243,208039.0
2025-11-13 16:00:00,3.244,3.256,3.017,3.034,123773.9
2025-11-13 20:00:00,3.032,3.154,3.025,3.123,115816.2
2025-11-14 00:00:00,3.123,3.135,3.079,3.104,46448.2
2025-11-14 04:00:00,3.105,3.143,2.963,3.109,96412.2
2025-11-14 08:00:00,3.109,3.113,3.017,3.036,67420.5
2025-11-14 12:00:00,3.039,3.116,2.956,3.078,124334.1
2025-11-14 16:00:00,3.077,3.105,3.016,3.077,77837.3
2025-11-14 20:00:00,3.077,3.077,2.92,2.974,94557.2
2025-11-15 00:00:00,2.973,3.086,2.964,3.073,78949.1
2025-11-15 04:00:00,3.072,3.12,3.062,3.077,32082.5
2025-11-15 08:00:00,3.079,3.083,3.021,3.061,51846.9
2025-11-15 12:00:00,3.06,3.144,3.054,3.098,46696.5
2025-11-15 16:00:00,3.098,3.152,3.063,3.128,38702.3
2025-11-15 20:00:00,3.128,3.137,3.073,3.103,28321.2
2025-11-16 00:00:00,3.104,3.129,3.018,3.112,59399.8
2025-11-16 04:00:00,3.113,3.122,3.072,3.103,33924.4
2025-11-16 08:00:00,3.1,3.123,3.017,3.028,48152.6
2025-11-16 12:00:00,3.03,3.057,2.952,2.956,64197.2
2025-11-16 16:00:00,2.957,2.997,2.867,2.911,93683.7
2025-11-16 20:00:00,2.913,2.977,2.881,2.961,55955.5
2025-11-17 00:00:00,2.961,3.008,2.938,2.987,62414.5
2025-11-17 04:00:00,2.987,2.994,2.942,2.977,46848.8
2025-11-17 08:00:00,2.976,3.002,2.945,2.982,53295.4
2025-11-17 12:00:00,2.98,3.043,2.84,2.907,182362.9
2025-11-17 16:00:00,2.907,2.952,2.798,2.811,89901.3
2025-11-17 20:00:00,2.81,2.84,2.751,2.84,102733.2
2025-11-18 00:00:00,2.84,2.884,2.784,2.872,65423.8
2025-11-18 04:00:00,2.873,2.891,2.798,2.833,126093.1
2025-11-18 08:00:00,2.835,2.86,2.802,2.808,52855.9
2025-11-18 12:00:00,2.812,2.891,2.791,2.871,62398.0
2025-11-18 16:00:00,2.871,2.953,2.862,2.923,98394.4
2025-11-18 20:00:00,2.923,2.932,2.872,2.894,33284.2
2025-11-19 00:00:00,2.892,2.901,2.828,2.839,47876.8
2025-11-19 04:00:00,2.836,2.864,2.768,2.86,47204.9
2025-11-19 08:00:00,2.86,2.862,2.776,2.812,82001.4
2025-11-19 12:00:00,2.81,2.854,2.744,2.747,57991.9
2025-11-19 16:00:00,2.748,2.77,2.65,2.69,102675.7
2025-11-19 20:00:00,2.691,2.828,2.683,2.822,129828.5
2025-11-20 00:00:00,2.822,2.847,2.811,2.823,39695.5
2025-11-20 04:00:00,2.823,2.859,2.815,2.851,33624.3
2025-11-20 08:00:00,2.852,2.893,2.834,2.89,58474.6
2025-11-20 12:00:00,2.889,3.004,2.881,2.884,121400.6
2025-11-20 16:00:00,2.882,2.886,2.675,2.733,186640.8
2025-11-20 20:00:00,2.734,2.811,2.69,2.726,85359.7
2025-11-21 00:00:00,2.726,2.793,2.645,2.691,91048.6
2025-11-21 04:00:00,2.69,2.712,2.427,2.56,168529.7
2025-11-21 08:00:00,2.561,2.601,2.485,2.504,152583.8
2025-11-21 12:00:00,2.504,2.572,2.454,2.498,139026.9
2025-11-21 16:00:00,2.502,2.57,2.442,2.502,138607.4
2025-11-21 20:00:00,2.502,2.52,2.39,2.493,535896.3
2025-11-22 00:00:00,2.493,2.521,2.475,2.49,72642.5
2025-11-22 04:00:00,2.491,2.492,2.382,2.443,99062.1
2025-11-22 08:00:00,2.443,2.474,2.378,2.455,86749.0
2025-11-22 12:00:00,2.456,2.511,2.422,2.474,78200.9
2025-11-22 16:00:00,2.473,2.528,2.47,2.505,99369.3
2025-11-22 20:00:00,2.503,2.554,2.483,2.53,57307.1
2025-11-23 00:00:00,2.53,2.573,2.508,2.548,56491.9
2025-11-23 04:00:00,2.55,2.58,2.526,2.571,55610.1
2025-11-23 08:00:00,2.573,2.587,2.543,2.572,82526.5
2025-11-23 12:00:00,2.571,2.592,2.518,2.558,69899.1
2025-11-23 16:00:00,2.557,2.578,2.529,2.564,41928.2
2025-11-23 20:00:00,2.562,2.572,2.516,2.531,44229.5
2025-11-24 00:00:00,2.531,2.595,2.509,2.573,45825.1
2025-11-24 04:00:00,2.572,2.594,2.529,2.561,36432.2
2025-11-24 08:00:00,2.56,2.56,2.492,2.526,63275.3
2025-11-24 12:00:00,2.523,2.575,2.487,2.561,85490.9
2025-11-24 16:00:00,2.561,2.664,2.561,2.639,65132.9
2025-11-24 20:00:00,2.637,2.665,2.612,2.615,33536.0
2025-11-25 00:00:00,2.615,2.64,2.597,2.613,37969.5
2025-11-25 04:00:00,2.612,2.621,2.585,2.59,40459.8
2025-11-25 08:00:00,2.591,2.612,2.575,2.595,52348.4
2025-11-25 12:00:00,2.597,2.622,2.548,2.589,76774.1
2025-11-25 16:00:00,2.59,2.627,2.544,2.592,45568.1
2025-11-25 20:00:00,2.593,2.646,2.577,2.629,41715.7
2025-11-26 00:00:00,2.629,2.633,2.563,2.565,59270.8
2025-11-26 04:00:00,2.565,2.601,2.562,2.595,33057.3
2025-11-26 08:00:00,2.595,2.602,2.522,2.533,46544.5
2025-11-26 12:00:00,2.533,2.574,2.513,2.528,67911.7
2025-11-26 16:00:00,2.528,2.643,2.527,2.628,78326.3
2025-11-26 20:00:00,2.626,2.646,2.613,2.638,42953.2
2025-11-27 00:00:00,2.638,2.678,2.622,2.642,61131.8
2025-11-27 04:00:00,2.642,2.661,2.622,2.639,47951.4
2025-11-27 08:00:00,2.642,2.667,2.632,2.65,44643.7
2025-11-27 12:00:00,2.651,2.654,2.621,2.649,45879.3
2025-11-27 16:00:00,2.651,2.669,2.64,2.667,32083.5
2025-11-27 20:00:00,2.668,2.673,2.624,2.639,35149.0
2025-11-28 00:00:00,2.64,2.654,2.594,2.612,80763.6
2025-11-28 04:00:00,2.613,2.626,2.581,2.589,38151.9
2025-11-28 08:00:00,2.589,2.674,2.585,2.61,91737.7
2025-11-28 12:00:00,2.61,2.641,2.591,2.619,47844.1
2025-11-28 16:00:00,2.617,2.617,2.546,2.598,67669.3
2025-11-28 20:00:00,2.598,2.618,2.576,2.589,64633.0
2025-11-29 00:00:00,2.588,2.613,2.581,2.593,47479.5
2025-11-29 04:00:00,2.594,2.609,2.566,2.57,50965.8
2025-11-29 08:00:00,2.571,2.588,2.557,2.583,31885.2
2025-11-29 12:00:00,2.583,2.588,2.553,2.565,51200.7
2025-11-29 16:00:00,2.566,2.569,2.514,2.529,29550.5
2025-11-29 20:00:00,2.529,2.532,2.504,2.517,25077.9
2025-11-30 00:00:00,2.517,2.543,2.502,2.522,49471.6
2025-11-30 04:00:00,2.523,2.535,2.507,2.529,32503.0
2025-11-30 08:00:00,2.53,2.547,2.508,2.515,31484.3
2025-11-30 12:00:00,2.513,2.553,2.498,2.54,49541.8
2025-11-30 16:00:00,2.539,2.571,2.539,2.555,39127.1
2025-11-30 20:00:00,2.555,2.564,2.473,2.476,52626.5
2025-12-01 00:00:00,2.477,2.486,2.319,2.33,170256.1
2025-12-01 04:00:00,2.332,2.346,2.315,2.337,71678.8
2025-12-01 08:00:00,2.337,2.359,2.318,2.325,53480.6
2025-12-01 12:00:00,2.327,2.343,2.266,2.299,84263.9
2025-12-01 16:00:00,2.297,2.302,2.271,2.293,80444.9
2025-12-01 20:00:00,2.293,2.348,2.293,2.329,79705.6
2025-12-02 00:00:00,2.328,2.343,2.284,2.299,50229.6
2025-12-02 04:00:00,2.3,2.315,2.292,2.311,26919.6
2025-12-02 08:00:00,2.313,2.331,2.282,2.322,43948.0
2025-12-02 12:00:00,2.324,2.499,2.317,2.491,115657.8
2025-12-02 16:00:00,2.494,2.525,2.47,2.507,113398.5
2025-12-02 20:00:00,2.506,2.529,2.483,2.505,36590.4
2025-12-03 00:00:00,2.506,2.529,2.494,2.516,48313.4
2025-12-03 04:00:00,2.514,2.566,2.508,2.539,48295.9
2025-12-03 08:00:00,2.539,2.562,2.516,2.529,55029.9
2025-12-03 12:00:00,2.53,2.552,2.479,2.525,183347.1
2025-12-03 16:00:00,2.526,2.559,2.51,2.54,47246.6
2025-12-03 20:00:00,2.542,2.602,2.533,2.573,88699.6
2025-12-04 00:00:00,2.574,2.598,2.561,2.565,41261.3
2025-12-04 04:00:00,2.565,2.587,2.555,2.577,24511.9
2025-12-04 08:00:00,2.576,2.581,2.552,2.56,35810.3
2025-12-04 12:00:00,2.561,2.575,2.511,2.559,42996.0
2025-12-04 16:00:00,2.559,2.574,2.465,2.515,97421.1
2025-12-04 20:00:00,2.516,2.527,2.496,2.502,26188.7
2025-12-05 00:00:00,2.501,2.543,2.495,2.518,30974.1
2025-12-05 04:00:00,2.518,2.554,2.492,2.541,54120.7
2025-12-05 08:00:00,2.541,2.542,2.47,2.479,48251.0
2025-12-05 12:00:00,2.48,2.49,2.434,2.448,90246.5
2025-12-05 16:00:00,2.45,2.451,2.331,2.36,90932.2
2025-12-05 20:00:00,2.361,2.368,2.34,2.357,49647.3
2025-12-06 00:00:00,2.356,2.368,2.338,2.36,49281.6
2025-12-06 04:00:00,2.36,2.384,2.348,2.369,39941.2
2025-12-06 08:00:00,2.37,2.413,2.361,2.41,42075.7
2025-12-06 12:00:00,2.409,2.439,2.401,2.426,58205.3
2025-12-06 16:00:00,2.426,2.478,2.419,2.439,55030.3
2025-12-06 20:00:00,2.44,2.472,2.437,2.466,37164.7
2025-12-07 00:00:00,2.467,2.483,2.455,2.472,32880.6
2025-12-07 04:00:00,2.473,2.48,2.439,2.443,31701.8
2025-12-07 08:00:00,2.442,2.442,2.377,2.391,75479.3
2025-12-07 12:00:00,2.39,2.417,2.304,2.384,111380.5
2025-12-07 16:00:00,2.382,2.455,2.362,2.446,69540.9
2025-12-07 20:00:00,2.446,2.45,2.323,2.36,98972.4
2025-12-08 00:00:00,2.358,2.422,2.353,2.409,87462.2
2025-12-08 04:00:00,2.408,2.429,2.401,2.416,70927.9
2025-12-08 08:00:00,2.414,2.48,2.402,2.437,206589.3
2025-12-08 12:00:00,2.436,2.451,2.385,2.4,89845.7
2025-12-08 16:00:00,2.401,2.437,2.384,2.396,66629.3
2025-12-08 20:00:00,2.4,2.441,2.398,2.417,42862.1
2025-12-09 00:00:00,2.419,2.432,2.36,2.391,85291.5
2025-12-09 04:00:00,2.392,2.392,2.326,2.355,94131.0
2025-12-09 08:00:00,2.355,2.359,2.322,2.346,62403.2
2025-12-09 12:00:00,2.345,2.428,2.33,2.418,114288.0
2025-12-09 16:00:00,2.42,2.489,2.42,2.458,94607.4
2025-12-09 20:00:00,2.454,2.459,2.394,2.425,63912.6
2025-12-10 00:00:00,2.426,2.431,2.384,2.408,55194.0
2025-12-10 04:00:00,2.407,2.418,2.381,2.395,52314.5
2025-12-10 08:00:00,2.394,2.405,2.348,2.358,64818.5
2025-12-10 12:00:00,2.357,2.379,2.349,2.369,41865.7
2025-12-10 16:00:00,2.369,2.427,2.362,2.421,70572.4
2025-12-10 20:00:00,2.422,2.473,2.329,2.344,73860.0
2025-12-11 00:00:00,2.344,2.345,2.223,2.231,104239.2
2025-12-11 04:00:00,2.231,2.27,2.219,2.257,50040.8
2025-12-11 08:00:00,2.257,2.261,2.226,2.232,74480.0
2025-12-11 12:00:00,2.23,2.263,2.22,2.235,129536.8
2025-12-11 16:00:00,2.233,2.285,2.217,2.253,53065.1
2025-12-11 20:00:00,2.252,2.322,2.25,2.289,63880.2
2025-12-12 00:00:00,2.289,2.304,2.251,2.287,54215.4
2025-12-12 04:00:00,2.286,2.312,2.274,2.294,27255.8
2025-12-12 08:00:00,2.293,2.322,2.285,2.301,44334.8
2025-12-12 12:00:00,2.301,2.306,2.154,2.165,104971.6
2025-12-12 16:00:00,2.165,2.204,2.142,2.183,130354.1
2025-12-12 20:00:00,2.183,2.227,2.177,2.223,54740.8
2025-12-13 00:00:00,2.223,2.238,2.218,2.233,43009.9
2025-12-13 04:00:00,2.233,2.237,2.203,2.212,32338.5
2025-12-13 08:00:00,2.213,2.234,2.208,2.216,34972.0
2025-12-13 12:00:00,2.217,2.226,2.203,2.219,39945.4
2025-12-13 16:00:00,2.219,2.229,2.199,2.221,129347.3
2025-12-13 20:00:00,2.221,2.23,2.206,2.224,39980.3
2025-12-14 00:00:00,2.225,2.226,2.197,2.198,32529.1
2025-12-14 04:00:00,2.198,2.198,2.144,2.156,68482.5
2025-12-14 08:00:00,2.157,2.182,2.126,2.144,91601.1
2025-12-14 12:00:00,2.144,2.164,2.104,2.117,71537.4
2025-12-14 16:00:00,2.116,2.131,2.063,2.073,124955.4
2025-12-14 20:00:00,2.071,2.086,2.014,2.034,113081.8
2025-12-15 00:00:00,2.036,2.091,2.02,2.067,75547.1
2025-12-15 04:00:00,2.068,2.107,2.063,2.075,70275.6
2025-12-15 08:00:00,2.075,2.092,2.07,2.078,45198.4
2025-12-15 12:00:00,2.078,2.094,1.986,2.004,138913.5
2025-12-15 16:00:00,2.005,2.011,1.939,1.989,103186.9
2025-12-15 20:00:00,1.99,2.037,1.967,2.032,46577.0
2025-12-16 00:00:00,2.033,2.035,1.975,1.998,78183.1
2025-12-16 04:00:00,1.997,1.999,1.915,1.941,124197.9
2025-12-16 08:00:00,1.941,1.974,1.931,1.959,90355.7
2025-12-16 12:00:00,1.96,1.969,1.873,1.942,195669.8
2025-12-16 16:00:00,1.943,2.006,1.933,1.986,143732.6
2025-12-16 20:00:00,1.986,1.99,1.96,1.967,47254.2
2025-12-17 00:00:00,1.967,1.969,1.919,1.935,91361.3
2025-12-17 04:00:00,1.934,1.937,1.895,1.923,80574.2
2025-12-17 08:00:00,1.923,1.925,1.881,1.9,63209.6
2025-12-17 12:00:00,1.902,1.957,1.85,1.862,233935.1
2025-12-17 16:00:00,1.861,1.869,1.767,1.796,218487.9
2025-12-17 20:00:00,1.796,1.813,1.777,1.793,93614.5
2025-12-18 00:00:00,1.794,1.802,1.765,1.778,118131.3
2025-12-18 04:00:00,1.778,1.806,1.756,1.797,96433.9
2025-12-18 08:00:00,1.797,1.839,1.794,1.835,142110.6
2025-12-18 12:00:00,1.836,1.942,1.832,1.94,189817.9
2025-12-18 16:00:00,1.94,1.942,1.742,1.748,344037.7
2025-12-18 20:00:00,1.748,1.826,1.745,1.792,156601.3
2025-12-19 00:00:00,1.792,1.843,1.742,1.825,206586.3
2025-12-19 04:00:00,1.827,1.86,1.819,1.838,85462.2
2025-12-19 08:00:00,1.838,1.848,1.827,1.846,64784.9
2025-12-19 12:00:00,1.847,1.891,1.833,1.86,131885.5
2025-12-19 16:00:00,1.861,2.023,1.853,2.008,291753.1
2025-12-19 20:00:00,2.009,2.156,2.008,2.023,1064814.0
2025-12-20 00:00:00,2.023,2.027,1.954,1.961,174532.5
2025-12-20 04:00:00,1.961,1.965,1.925,1.941,120239.6
2025-12-20 08:00:00,1.941,1.955,1.913,1.939,131099.6
2025-12-20 12:00:00,1.939,1.944,1.906,1.922,133046.5
2025-12-20 16:00:00,1.922,1.932,1.916,1.923,72092.0
2025-12-20 20:00:00,1.923,1.935,1.907,1.913,135629.9
2025-12-21 00:00:00,1.913,1.925,1.863,1.909,170879.7
2025-12-21 04:00:00,1.908,1.909,1.885,1.894,72810.2
2025-12-21 08:00:00,1.893,1.904,1.866,1.871,93230.8
2025-12-21 12:00:00,1.87,1.872,1.793,1.823,178327.5
2025-12-21 16:00:00,1.823,1.836,1.808,1.828,69191.5
2025-12-21 20:00:00,1.828,1.85,1.794,1.85,74693.4
2025-12-22 00:00:00,1.851,1.913,1.835,1.875,132114.6
2025-12-22 04:00:00,1.876,1.888,1.87,1.887,55621.5
2025-12-22 08:00:00,1.886,1.903,1.864,1.895,116359.6
2025-12-22 12:00:00,1.894,1.904,1.852,1.871,107378.5
2025-12-22 16:00:00,1.87,1.881,1.816,1.821,98161.5
2025-12-22 20:00:00,1.82,1.858,1.812,1.85,111897.7
2025-12-23 00:00:00,1.851,1.863,1.821,1.836,76777.9
2025-12-23 04:00:00,1.835,1.843,1.807,1.812,91511.8
2025-12-23 08:00:00,1.814,1.824,1.792,1.8,111167.5
2025-12-23 12:00:00,1.799,1.799,1.74,1.774,158299.8
2025-12-23 16:00:00,1.773,1.802,1.759,1.794,159584.0
2025-12-23 20:00:00,1.793,1.825,1.787,1.802,96456.8
2025-12-24 00:00:00,1.803,1.806,1.754,1.778,75254.3
2025-12-24 04:00:00,1.777,1.785,1.74,1.758,73127.7
2025-12-24 08:00:00,1.758,1.782,1.751,1.773,72398.0
2025-12-24 12:00:00,1.773,1.846,1.773,1.838,109433.4
2025-12-24 16:00:00,1.839,1.849,1.815,1.833,90541.3
2025-12-24 20:00:00,1.833,1.939,1.83,1.905,380813.1
2025-12-25 00:00:00,1.905,2.018,1.886,1.953,818162.0
2025-12-25 04:00:00,1.954,1.963,1.896,1.911,226924.1
2025-12-25 08:00:00,1.91,1.937,1.89,1.903,248526.5
2025-12-25 12:00:00,1.904,1.943,1.902,1.924,224328.5
2025-12-25 16:00:00,1.925,1.934,1.876,1.917,206286.3
2025-12-25 20:00:00,1.918,1.92,1.833,1.842,226768.2
2025-12-26 00:00:00,1.842,1.918,1.83,1.899,135019.0
2025-12-26 04:00:00,1.9,1.988,1.89,1.934,192323.5
2025-12-26 08:00:00,1.933,2.06,1.933,1.99,666934.9
2025-12-26 12:00:00,1.991,2.007,1.937,1.956,258884.0
2025-12-26 16:00:00,1.955,1.967,1.925,1.958,112776.4
2025-12-26 20:00:00,1.958,1.961,1.937,1.96,88116.3
2025-12-27 00:00:00,1.961,2.006,1.955,1.981,130160.2
2025-12-27 04:00:00,1.981,1.99,1.971,1.986,67549.2
2025-12-27 08:00:00,1.986,1.998,1.942,1.989,115717.7
2025-12-27 12:00:00,1.989,2.003,1.979,1.987,62581.2
2025-12-27 16:00:00,1.987,1.995,1.979,1.992,45226.5
2025-12-27 20:00:00,1.993,2.013,1.977,2.012,61720.3
2025-12-28 00:00:00,2.011,2.019,1.996,2.016,40317.8
2025-12-28 04:00:00,2.014,2.015,1.999,2.006,38085.8
2025-12-28 08:00:00,2.006,2.011,1.993,1.998,74486.6
2025-12-28 12:00:00,1.999,2.001,1.978,1.98,52799.0
2025-12-28 16:00:00,1.98,1.992,1.942,1.943,52463.8
2025-12-28 20:00:00,1.943,1.963,1.934,1.962,52930.3
2025-12-29 00:00:00,1.963,2.066,1.96,2.054,93072.7
2025-12-29 04:00:00,2.055,2.119,2.016,2.096,247692.7
2025-12-29 08:00:00,2.097,2.103,2.021,2.033,153129.7
2025-12-29 12:00:00,2.034,2.034,1.957,1.987,189656.6
2025-12-29 16:00:00,1.986,1.991,1.93,1.941,107161.7
2025-12-29 20:00:00,1.941,1.949,1.914,1.917,110578.4
2025-12-30 00:00:00,1.917,1.933,1.905,1.918,80372.2
2025-12-30 04:00:00,1.917,1.928,1.901,1.906,85514.0
2025-12-30 08:00:00,1.904,1.952,1.904,1.951,104289.7
2025-12-30 12:00:00,1.951,1.956,1.872,1.898,158061.1
2025-12-30 16:00:00,1.896,1.903,1.864,1.889,76275.4
2025-12-30 20:00:00,1.889,1.891,1.871,1.88,39423.2
2025-12-31 00:00:00,1.88,1.922,1.858,1.897,124550.5
2025-12-31 04:00:00,1.898,1.928,1.886,1.894,129819.3
2025-12-31 08:00:00,1.894,1.929,1.882,1.92,109663.5
2025-12-31 12:00:00,1.92,1.922,1.862,1.869,107692.6
2025-12-31 16:00:00,1.868,1.874,1.716,1.853,273118.5
2025-12-31 20:00:00,1.853,1.916,1.831,1.906,128857.9
2026-01-01 00:00:00,1.908,2.119,1.904,2.001,706921.1
2026-01-01 04:00:00,2.002,2.022,1.969,1.985,226757.2
2026-01-01 08:00:00,1.984,1.999,1.957,1.976,147837.9
2026-01-01 12:00:00,1.977,2.101,1.95,2.085,262378.0
2026-01-01 16:00:00,2.083,2.18,2.043,2.091,1143303.7
2026-01-01 20:00:00,2.091,2.091,2.021,2.032,218153.6
2026-01-02 00:00:00,2.032,2.033,1.985,2.005,140492.4
2026-01-02 04:00:00,2.005,2.063,1.991,2.037,286633.1
2026-01-02 08:00:00,2.038,2.098,2.023,2.057,176141.2
2026-01-02 12:00:00,2.056,2.095,2.037,2.076,181510.1
2026-01-02 16:00:00,2.078,2.13,2.074,2.126,183026.4
2026-01-02 20:00:00,2.126,2.138,2.11,2.12,112840.3
2026-01-03 00:00:00,2.12,2.136,2.092,2.126,118558.0
2026-01-03 04:00:00,2.126,2.134,2.04,2.047,135357.2
2026-01-03 08:00:00,2.047,2.072,2.043,2.063,83773.9
2026-01-03 12:00:00,2.063,2.086,2.057,2.071,67171.4
2026-01-03 16:00:00,2.071,2.106,2.064,2.103,57843.8
2026-01-03 20:00:00,2.102,2.128,2.089,2.12,46894.3
2026-01-04 00:00:00,2.12,2.169,2.115,2.168,98396.2
2026-01-04 04:00:00,2.167,2.185,2.128,2.14,49563.7
2026-01-04 08:00:00,2.139,2.159,2.109,2.14,97543.1
2026-01-04 12:00:00,2.14,2.169,2.127,2.161,73472.7
2026-01-04 16:00:00,2.161,2.185,2.124,2.142,77057.0
2026-01-04 20:00:00,2.141,2.17,2.135,2.155,36490.2
2026-01-05 00:00:00,2.154,2.193,2.145,2.157,71572.6
2026-01-05 04:00:00,2.157,2.163,2.101,2.146,63394.2
2026-01-05 08:00:00,2.146,2.148,2.097,2.119,71135.6
2026-01-05 12:00:00,2.119,2.14,2.071,2.139,110278.4
2026-01-05 16:00:00,2.139,2.208,2.111,2.176,103286.0
2026-01-05 20:00:00,2.176,2.218,2.169,2.202,72426.8
2026-01-06 00:00:00,2.203,2.221,2.175,2.213,70101.2
2026-01-06 04:00:00,2.213,2.228,2.183,2.198,84282.5
2026-01-06 08:00:00,2.2,2.232,2.198,2.227,95268.7
2026-01-06 12:00:00,2.227,2.485,2.22,2.369,1095495.6
2026-01-06 16:00:00,2.368,2.373,2.119,2.206,1113308.5
2026-01-06 20:00:00,2.205,2.308,2.203,2.278,248142.2
2026-01-07 00:00:00,2.279,2.281,2.2,2.212,153881.5
2026-01-07 04:00:00,2.212,2.257,2.199,2.257,98263.8
2026-01-07 08:00:00,2.259,2.266,2.196,2.241,125097.6
2026-01-07 12:00:00,2.24,2.241,2.129,2.154,230463.7
2026-01-07 16:00:00,2.153,2.182,2.142,2.166,100917.6
2026-01-07 20:00:00,2.166,2.168,2.117,2.146,110619.9
2026-01-08 00:00:00,2.148,2.177,2.123,2.127,88513.5
2026-01-08 04:00:00,2.128,2.164,2.056,2.097,211965.5
2026-01-08 08:00:00,2.098,2.118,2.043,2.091,143961.4
2026-01-08 12:00:00,2.091,2.121,2.023,2.12,186197.3
2026-01-08 16:00:00,2.118,2.129,2.086,2.09,74792.9
2026-01-08 20:00:00,2.092,2.121,2.074,2.117,52258.8
2026-01-09 00:00:00,2.117,2.133,2.088,2.129,74402.1
2026-01-09 04:00:00,2.129,2.137,2.118,2.132,31217.3
2026-01-09 08:00:00,2.129,2.136,2.077,2.104,102212.4
2026-01-09 12:00:00,2.104,2.157,2.079,2.126,191184.7
2026-01-09 16:00:00,2.127,2.155,2.07,2.08,90256.8
2026-01-09 20:00:00,2.078,2.12,2.077,2.105,46058.3
2026-01-10 00:00:00,2.104,2.106,2.054,2.069,54544.3
2026-01-10 04:00:00,2.068,2.082,2.038,2.08,68771.9
2026-01-10 08:00:00,2.081,2.097,2.073,2.088,69914.2
2026-01-10 12:00:00,2.088,2.151,2.066,2.09,203304.0
2026-01-10 16:00:00,2.091,2.114,2.07,2.113,70013.0
2026-01-10 20:00:00,2.113,2.114,2.05,2.061,65107.0
2026-01-11 00:00:00,2.061,2.083,2.051,2.066,53764.0
2026-01-11 04:00:00,2.064,2.073,2.044,2.065,43551.6
2026-01-11 08:00:00,2.065,2.075,2.058,2.066,47814.1
2026-01-11 12:00:00,2.067,2.077,2.041,2.051,47237.7
2026-01-11 16:00:00,2.051,2.078,2.046,2.065,40813.3
2026-01-11 20:00:00,2.064,2.064,1.992,2.031,70381.9
2026-01-12 00:00:00,2.03,2.082,1.996,2.04,79489.3
2026-01-12 04:00:00,2.04,2.062,1.994,1.997,78842.2
2026-01-12 08:00:00,1.996,2.01,1.968,1.996,74823.7
2026-01-12 12:00:00,1.997,2.003,1.946,1.997,153422.4
2026-01-12 16:00:00,1.996,2.011,1.962,1.985,87002.5
2026-01-12 20:00:00,1.986,1.992,1.939,1.952,46003.2
2026-01-13 00:00:00,1.953,1.98,1.949,1.977,57325.0
2026-01-13 04:00:00,1.977,2.018,1.977,2.002,75376.1
2026-01-13 08:00:00,2.002,2.032,1.992,2.025,62433.2
2026-01-13 12:00:00,2.024,2.137,2.014,2.128,204601.7
2026-01-13 16:00:00,2.13,2.204,2.128,2.171,232440.9
2026-01-13 20:00:00,2.171,2.222,2.133,2.19,187142.5
2026-01-14 00:00:00,2.19,2.221,2.171,2.174,363685.6
2026-01-14 04:00:00,2.174,2.253,2.148,2.238,265796.6
2026-01-14 08:00:00,2.238,2.254,2.199,2.228,207614.5
2026-01-14 12:00:00,2.227,2.249,2.188,2.225,236591.5
2026-01-14 16:00:00,2.225,2.24,2.153,2.212,177043.9
2026-01-14 20:00:00,2.212,2.227,2.166,2.179,84924.9
2026-01-15 00:00:00,2.18,2.182,2.09,2.093,120366.6
2026-01-15 04:00:00,2.093,2.162,2.087,2.144,102885.2
2026-01-15 08:00:00,2.143,2.204,2.131,2.183,137570.6
2026-01-15 12:00:00,2.183,2.22,2.12,2.152,127044.0
2026-01-15 16:00:00,2.152,2.174,2.091,2.119,122243.2
2026-01-15 20:00:00,2.118,2.158,2.093,2.153,56057.7
2026-01-16 00:00:00,2.152,2.174,2.115,2.145,293407.8
2026-01-16 04:00:00,2.145,2.207,2.12,2.176,90553.2
2026-01-16 08:00:00,2.176,2.226,2.168,2.203,168969.1
2026-01-16 12:00:00,2.204,2.217,2.133,2.152,105754.1
2026-01-16 16:00:00,2.151,2.227,2.146,2.212,91921.7
2026-01-16 20:00:00,2.212,2.243,2.201,2.241,92530.5
2026-01-17 00:00:00,2.239,2.24,2.192,2.197,84967.2
2026-01-17 04:00:00,2.196,2.222,2.181,2.209,48789.1
2026-01-17 08:00:00,2.209,2.239,2.186,2.189,70994.2
2026-01-17 12:00:00,2.188,2.305,2.184,2.266,171883.7
2026-01-17 16:00:00,2.265,2.273,2.235,2.256,83601.8
2026-01-17 20:00:00,2.256,2.266,2.233,2.254,77745.7
2026-01-18 00:00:00,2.254,2.312,2.243,2.246,116357.6
2026-01-18 04:00:00,2.248,2.292,2.217,2.287,115031.7
2026-01-18 08:00:00,2.287,2.383,2.236,2.257,315342.3
2026-01-18 12:00:00,2.256,2.289,2.215,2.257,169791.9
2026-01-18 16:00:00,2.258,2.285,2.245,2.26,60369.0
2026-01-18 20:00:00,2.259,2.291,2.125,2.133,136806.0
2026-01-19 00:00:00,2.132,2.134,1.886,2.047,309465.2
2026-01-19 04:00:00,2.045,2.061,2.013,2.041,111015.8
2026-01-19 08:00:00,2.041,2.075,2.027,2.045,107897.9
2026-01-19 12:00:00,2.045,2.071,2.035,2.071,83900.5
2026-01-19 16:00:00,2.07,2.197,2.065,2.192,139634.7
2026-01-19 20:00:00,2.193,2.385,2.192,2.232,826261.4
2026-01-20 00:00:00,2.233,2.254,2.136,2.162,550258.5
2026-01-20 04:00:00,2.161,2.191,2.104,2.108,170788.1
2026-01-20 08:00:00,2.107,2.178,2.08,2.112,223264.4
2026-01-20 12:00:00,2.11,2.164,2.062,2.115,255320.9
2026-01-20 16:00:00,2.114,2.134,2.053,2.076,110148.3
2026-01-20 20:00:00,2.076,2.091,2.028,2.04,99288.7
2026-01-21 00:00:00,2.038,2.124,2.036,2.103,80384.9
2026-01-21 04:00:00,2.102,2.112,2.076,2.088,110945.2
2026-01-21 08:00:00,2.087,2.102,2.069,2.073,101769.1
2026-01-21 12:00:00,2.073,2.106,2.02,2.103,131104.8
2026-01-21 16:00:00,2.103,2.104,1.99,2.1,176121.5
2026-01-21 20:00:00,2.102,2.124,2.06,2.08,106708.8
2026-01-22 00:00:00,2.08,2.116,2.079,2.105,57261.6
2026-01-22 04:00:00,2.104,2.114,2.063,2.074,56264.6
2026-01-22 08:00:00,2.074,2.091,2.056,2.06,51537.3
2026-01-22 12:00:00,2.059,2.062,1.974,2.001,125914.4
2026-01-22 16:00:00,2.001,2.032,1.994,2.015,59301.8
2026-01-22 20:00:00,2.015,2.021,1.985,2.007,41452.1
2026-01-23 00:00:00,2.007,2.039,1.991,2.034,67629.9
2026-01-23 04:00:00,2.034,2.048,2.004,2.015,64907.2
2026-01-23 08:00:00,2.014,2.026,1.997,2.022,74712.8
2026-01-23 12:00:00,2.021,2.041,1.991,2.035,126918.8
2026-01-23 16:00:00,2.035,2.097,2.009,2.027,99290.6
2026-01-23 20:00:00,2.027,2.027,1.99,2.022,63176.3
2026-01-24 00:00:00,2.022,2.042,2.006,2.038,57129.0
2026-01-24 04:00:00,2.038,2.046,2.016,2.042,45782.8
2026-01-24 08:00:00,2.042,2.068,2.041,2.054,55976.9
2026-01-24 12:00:00,2.053,2.062,2.035,2.041,62255.2
2026-01-24 16:00:00,2.043,2.046,2.014,2.021,62132.6
2026-01-24 20:00:00,2.021,2.03,2.017,2.029,41472.7
2026-01-25 00:00:00,2.03,2.04,1.99,2.006,125785.9
2026-01-25 04:00:00,2.004,2.015,1.989,1.996,36347.0
2026-01-25 08:00:00,1.995,2.017,1.975,2.003,55196.2
2026-01-25 12:00:00,2.0,2.006,1.959,1.982,66136.1
2026-01-25 16:00:00,1.98,1.993,1.862,1.872,199546.4
2026-01-25 20:00:00,1.873,1.907,1.853,1.903,76297.6
2026-01-26 00:00:00,1.904,1.981,1.901,1.948,94861.7
2026-01-26 04:00:00,1.949,1.964,1.935,1.955,53642.8
2026-01-26 08:00:00,1.954,1.973,1.939,1.964,36893.8
2026-01-26 12:00:00,1.964,2.012,1.952,1.992,66360.9
2026-01-26 16:00:00,1.992,2.02,1.987,2.001,62276.1
2026-01-26 20:00:00,2.001,2.02,1.983,2.011,42850.0
2026-01-27 00:00:00,2.011,2.03,2.006,2.008,61519.6
2026-01-27 04:00:00,2.009,2.012,1.978,1.98,42521.6
2026-01-27 08:00:00,1.98,1.987,1.959,1.971,46922.4
2026-01-27 12:00:00,1.971,1.973,1.935,1.967,40822.0
2026-01-27 16:00:00,1.967,1.998,1.94,1.986,90086.8
2026-01-27 20:00:00,1.985,2.011,1.984,2.0,49318.4
2026-01-28 00:00:00,1.999,2.003,1.972,1.978,39700.5
2026-01-28 04:00:00,1.977,1.999,1.964,1.99,30340.1
2026-01-28 08:00:00,1.99,2.003,1.972,2.001,45091.2
2026-01-28 12:00:00,2.0,2.002,1.954,1.958,54629.6
2026-01-28 16:00:00,1.958,1.976,1.941,1.974,58593.1
2026-01-28 20:00:00,1.97,2.004,1.958,1.993,75986.3
2026-01-29 00:00:00,1.994,1.997,1.91,1.935,97127.9
2026-01-29 04:00:00,1.935,1.955,1.92,1.947,37646.4
2026-01-29 08:00:00,1.948,1.948,1.919,1.922,49046.2
2026-01-29 12:00:00,1.922,1.939,1.838,1.908,122786.4
2026-01-29 16:00:00,1.908,1.951,1.878,1.9,97756.5
2026-01-29 20:00:00,1.901,1.95,1.895,1.937,52444.4
2026-01-30 00:00:00,1.939,1.95,1.863,1.875,115375.0
2026-01-30 04:00:00,1.876,1.902,1.843,1.887,71514.9
2026-01-30 08:00:00,1.887,1.903,1.861,1.897,51210.9
2026-01-30 12:00:00,1.896,1.906,1.863,1.895,95603.0
2026-01-30 16:00:00,1.893,1.924,1.867,1.907,75980.0
2026-01-30 20:00:00,1.905,1.905,1.867,1.882,61734.7
2026-01-31 00:00:00,1.885,1.908,1.856,1.883,53264.8
2026-01-31 04:00:00,1.882,1.901,1.853,1.871,45847.2
2026-01-31 08:00:00,1.871,1.876,1.839,1.865,53305.6
2026-01-31 12:00:00,1.863,1.873,1.715,1.767,227893.1
2026-01-31 16:00:00,1.765,1.791,1.561,1.709,276229.4
2026-01-31 20:00:00,1.708,1.819,1.689,1.8,105188.9
2026-02-01 00:00:00,1.801,1.821,1.771,1.795,70799.2
2026-02-01 04:00:00,1.794,1.824,1.791,1.81,47033.6
2026-02-01 08:00:00,1.81,1.832,1.786,1.81,70847.4
2026-02-01 12:00:00,1.81,1.816,1.733,1.754,82590.2
2026-02-01 16:00:00,1.753,1.782,1.725,1.755,105951.0
2026-02-01 20:00:00,1.754,1.782,1.701,1.734,93129.4
2026-02-02 00:00:00,1.735,1.784,1.696,1.755,105285.1
2026-02-02 04:00:00,1.755,1.776,1.692,1.733,135408.1
2026-02-02 08:00:00,1.733,1.784,1.724,1.761,131802.3
2026-02-02 12:00:00,1.763,1.805,1.761,1.795,111456.4
2026-02-02 16:00:00,1.795,1.806,1.773,1.775,49012.2
2026-02-02 20:00:00,1.774,1.782,1.754,1.774,69825.9
2026-02-03 00:00:00,1.775,1.786,1.746,1.785,51007.9
2026-02-03 04:00:00,1.784,1.819,1.773,1.808,88411.5
2026-02-03 08:00:00,1.808,1.833,1.787,1.801,93763.3
2026-02-03 12:00:00,1.8,1.82,1.764,1.811,95682.0
2026-02-03 16:00:00,1.812,1.812,1.676,1.767,170649.3
2026-02-03 20:00:00,1.767,1.853,1.744,1.775,165046.5
2026-02-04 00:00:00,1.774,1.803,1.771,1.787,61337.4
2026-02-04 04:00:00,1.787,1.792,1.765,1.776,41346.2
2026-02-04 08:00:00,1.776,1.784,1.741,1.757,71109.1
2026-02-04 12:00:00,1.757,1.76,1.664,1.686,174653.4
2026-02-04 16:00:00,1.687,1.742,1.665,1.739,144842.4
2026-02-04 20:00:00,1.74,1.763,1.7,1.746,82475.8
2026-02-05 00:00:00,1.746,1.769,1.698,1.702,79858.6
2026-02-05 04:00:00,1.704,1.717,1.673,1.684,80930.2
2026-02-05 08:00:00,1.684,1.723,1.64,1.665,81529.5
2026-02-05 12:00:00,1.666,1.682,1.545,1.584,208607.6
2026-02-05 16:00:00,1.583,1.62,1.538,1.541,181229.7
2026-02-05 20:00:00,1.543,1.558,1.467,1.479,217966.8
2026-02-06 00:00:00,1.478,1.522,1.345,1.478,256517.3
2026-02-06 04:00:00,1.478,1.522,1.467,1.485,115568.9
2026-02-06 08:00:00,1.486,1.561,1.475,1.553,113934.2
2026-02-06 12:00:00,1.553,1.6,1.539,1.595,111114.4
2026-02-06 16:00:00,1.594,1.66,1.587,1.632,138439.2
2026-02-06 20:00:00,1.631,1.648,1.616,1.633,65397.5
2026-02-07 00:00:00,1.635,1.64,1.61,1.634,76315.0
2026-02-07 04:00:00,1.634,1.655,1.568,1.585,74598.8
2026-02-07 08:00:00,1.584,1.593,1.567,1.586,59253.0
2026-02-07 12:00:00,1.586,1.636,1.584,1.614,72786.8
2026-02-07 16:00:00,1.616,1.646,1.603,1.623,185518.7
2026-02-07 20:00:00,1.623,1.637,1.598,1.606,42578.5
2026-02-08 00:00:00,1.607,1.609,1.576,1.579,42431.9
2026-02-08 04:00:00,1.578,1.581,1.556,1.568,159050.1
2026-02-08 08:00:00,1.568,1.592,1.559,1.585,75962.2
2026-02-08 12:00:00,1.585,1.588,1.562,1.568,60423.7
2026-02-08 16:00:00,1.569,1.571,1.525,1.56,63799.0
2026-02-08 20:00:00,1.56,1.581,1.535,1.551,59980.0
2026-02-09 00:00:00,1.551,1.591,1.545,1.588,64953.5
2026-02-09 04:00:00,1.588,1.59,1.555,1.562,48563.5
2026-02-09 08:00:00,1.562,1.564,1.494,1.514,94019.3
2026-02-09 12:00:00,1.514,1.551,1.507,1.546,57332.3
2026-02-09 16:00:00,1.546,1.584,1.538,1.574,78852.9
2026-02-09 20:00:00,1.575,1.581,1.548,1.556,36961.1
2026-02-10 00:00:00,1.557,1.566,1.524,1.533,61899.2
2026-02-10 04:00:00,1.533,1.547,1.505,1.515,78487.1
2026-02-10 08:00:00,1.516,1.532,1.512,1.521,78258.1
2026-02-10 12:00:00,1.521,1.543,1.512,1.532,105039.9
2026-02-10 16:00:00,1.532,1.539,1.493,1.515,43819.2
2026-02-10 20:00:00,1.513,1.523,1.504,1.515,30245.1
2026-02-11 00:00:00,1.515,1.521,1.481,1.504,71827.5
2026-02-11 04:00:00,1.504,1.508,1.457,1.46,66646.8
2026-02-11 08:00:00,1.46,1.465,1.442,1.457,63622.9
2026-02-11 12:00:00,1.457,1.534,1.454,1.474,138744.1
2026-02-11 16:00:00,1.474,1.496,1.465,1.475,92556.4
2026-02-11 20:00:00,1.473,1.52,1.463,1.501,72111.2
2026-02-12 00:00:00,1.5,1.531,1.499,1.526,51117.6
2026-02-12 04:00:00,1.525,1.572,1.519,1.569,63576.0
2026-02-12 08:00:00,1.569,1.587,1.561,1.574,110743.2
2026-02-12 12:00:00,1.574,1.575,1.54,1.542,81173.0
2026-02-12 16:00:00,1.542,1.573,1.526,1.557,65943.2
2026-02-12 20:00:00,1.557,1.588,1.538,1.583,47514.5
2026-02-13 00:00:00,1.585,1.594,1.552,1.554,59291.2
2026-02-13 04:00:00,1.553,1.557,1.522,1.545,93691.2
2026-02-13 08:00:00,1.544,1.564,1.539,1.546,46433.3
2026-02-13 12:00:00,1.545,1.593,1.534,1.576,73757.3
2026-02-13 16:00:00,1.578,1.622,1.577,1.615,86069.9
2026-02-13 20:00:00,1.614,1.687,1.607,1.674,122355.9
2026-02-14 00:00:00,1.674,1.718,1.671,1.704,134047.0
2026-02-14 04:00:00,1.704,1.704,1.663,1.686,66064.6
2026-02-14 08:00:00,1.685,1.703,1.673,1.701,51491.2
2026-02-14 12:00:00,1.701,1.718,1.678,1.704,64950.7
2026-02-14 16:00:00,1.705,1.76,1.692,1.745,154929.5
2026-02-14 20:00:00,1.746,1.766,1.735,1.743,71143.5
2026-02-15 00:00:00,1.743,1.75,1.71,1.734,44067.8
2026-02-15 04:00:00,1.735,1.78,1.724,1.767,77510.7
2026-02-15 08:00:00,1.767,1.866,1.734,1.786,437541.4
2026-02-15 12:00:00,1.787,1.793,1.681,1.7,203786.3
2026-02-15 16:00:00,1.699,1.765,1.672,1.706,195939.6
2026-02-15 20:00:00,1.706,1.734,1.698,1.714,64152.2
2026-02-16 00:00:00,1.715,1.73,1.707,1.725,62086.7
2026-02-16 04:00:00,1.724,1.731,1.702,1.716,44642.6
2026-02-16 08:00:00,1.717,1.74,1.71,1.73,45946.6
2026-02-16 12:00:00,1.731,1.826,1.724,1.818,205949.1
2026-02-16 16:00:00,1.818,2.594,1.771,2.567,22012684.6
2026-02-16 20:00:00,2.567,2.963,2.489,2.657,45609467.3
