datetime,open,high,low,close,volume
2025-03-22 08:00:00,0.07532,0.09,0.07203,0.07744,256483051.0
2025-03-22 12:00:00,0.07757,0.09647,0.07586,0.07932,409187890.0
2025-03-22 16:00:00,0.07932,0.08179,0.07523,0.08033,119775204.0
2025-03-22 20:00:00,0.08032,0.08398,0.0666,0.07646,201354629.0
2025-03-23 00:00:00,0.07644,0.07752,0.06833,0.07196,72628519.0
2025-03-23 04:00:00,0.07206,0.07297,0.0652,0.06606,67417631.0
2025-03-23 08:00:00,0.06605,0.06606,0.06154,0.06373,109810806.0
2025-03-23 12:00:00,0.06381,0.06965,0.0631,0.06799,102709114.0
2025-03-23 16:00:00,0.06803,0.06999,0.0641,0.06564,70444079.0
2025-03-23 20:00:00,0.06563,0.06659,0.06315,0.06563,50086669.0
2025-03-24 00:00:00,0.06563,0.06837,0.06489,0.06553,71906900.0
2025-03-24 04:00:00,0.06551,0.06815,0.05931,0.06083,137533933.0
2025-03-24 08:00:00,0.06089,0.07896,0.05968,0.07443,388410438.0
2025-03-24 12:00:00,0.07444,0.07554,0.06963,0.0739,124130922.0
2025-03-24 16:00:00,0.0739,0.07887,0.07317,0.07651,132214367.0
2025-03-24 20:00:00,0.07651,0.078,0.0735,0.07457,66946647.0
2025-03-25 00:00:00,0.07457,0.0818,0.07347,0.07826,123602068.0
2025-03-25 04:00:00,0.07823,0.08018,0.07513,0.07588,129569432.0
2025-03-25 08:00:00,0.07588,0.08392,0.07412,0.08216,175719273.0
2025-03-25 12:00:00,0.08215,0.08279,0.06275,0.06481,667564987.0
2025-03-25 16:00:00,0.06477,0.06591,0.06058,0.06193,142734736.0
2025-03-25 20:00:00,0.06192,0.06274,0.05617,0.05871,197852010.0
2025-03-26 00:00:00,0.05871,0.06175,0.05719,0.06095,116082090.0
2025-03-26 04:00:00,0.06094,0.0637,0.05909,0.06037,136308482.0
2025-03-26 08:00:00,0.06038,0.06755,0.05992,0.06419,254795614.0
2025-03-26 12:00:00,0.06418,0.06496,0.05862,0.06,182161344.0
2025-03-26 16:00:00,0.05993,0.0613,0.04805,0.0501,297720709.0
2025-03-26 20:00:00,0.05012,0.05342,0.04579,0.05084,230745781.0
2025-03-27 00:00:00,0.0509,0.05142,0.04557,0.04765,166352274.0
2025-03-27 04:00:00,0.04764,0.0555,0.04687,0.05456,250068304.0
2025-03-27 08:00:00,0.05456,0.0559,0.0495,0.05139,281189274.0
2025-03-27 12:00:00,0.05142,0.05348,0.05025,0.05266,106462844.0
2025-03-27 16:00:00,0.05264,0.0538,0.04091,0.04132,343033502.0
2025-03-27 20:00:00,0.04131,0.04276,0.03777,0.03972,176820349.0
2025-03-28 00:00:00,0.03974,0.04019,0.03806,0.0387,138132053.0
2025-03-28 04:00:00,0.03869,0.03935,0.03281,0.03357,229538860.0
2025-03-28 08:00:00,0.03358,0.03731,0.03259,0.03545,257028401.0
2025-03-28 12:00:00,0.03547,0.03579,0.03347,0.03415,129198170.0
2025-03-28 16:00:00,0.03418,0.03559,0.03329,0.03481,84759121.0
2025-03-28 20:00:00,0.0348,0.03688,0.03354,0.03682,94843738.0
2025-03-29 00:00:00,0.03678,0.04026,0.03571,0.0383,179499047.0
2025-03-29 04:00:00,0.03832,0.04237,0.0381,0.039,538041663.0
2025-03-29 08:00:00,0.039,0.04257,0.03867,0.04153,427753520.0
2025-03-29 12:00:00,0.04153,0.04279,0.03864,0.0397,468854522.0
2025-03-29 16:00:00,0.0397,0.04234,0.039,0.04024,239814634.0
2025-03-29 20:00:00,0.04023,0.04199,0.03907,0.04008,197637892.0
2025-03-30 00:00:00,0.04008,0.04027,0.0369,0.03983,222032092.0
2025-03-30 04:00:00,0.03982,0.04172,0.03942,0.04006,127192491.0
2025-03-30 08:00:00,0.04008,0.04053,0.03864,0.03959,87808030.0
2025-03-30 12:00:00,0.03957,0.03977,0.03792,0.03825,79754647.0
2025-03-30 16:00:00,0.03825,0.03901,0.03745,0.03848,61223407.0
2025-03-30 20:00:00,0.03845,0.03959,0.03779,0.03917,54389104.0
2025-03-31 00:00:00,0.03916,0.04107,0.03791,0.04052,81231393.0
2025-03-31 04:00:00,0.04052,0.04154,0.03851,0.03913,100382910.0
2025-03-31 08:00:00,0.03914,0.03978,0.03684,0.03769,64757994.0
2025-03-31 12:00:00,0.0377,0.0426,0.0369,0.0399,121927004.0
2025-03-31 16:00:00,0.03989,0.04036,0.03905,0.03964,49187523.0
2025-03-31 20:00:00,0.03967,0.03986,0.03798,0.03848,43849510.0
2025-04-01 00:00:00,0.03847,0.04082,0.03831,0.04076,51376987.0
2025-04-01 04:00:00,0.04075,0.04076,0.03957,0.03982,32572324.0
2025-04-01 08:00:00,0.03981,0.04039,0.03547,0.03715,91542370.0
2025-04-01 12:00:00,0.03714,0.04457,0.03713,0.04124,100965204.0
2025-04-01 16:00:00,0.04125,0.04195,0.03955,0.03997,59953875.0
2025-04-01 20:00:00,0.03995,0.04101,0.03908,0.04035,25796554.0
2025-04-02 00:00:00,0.04036,0.0417,0.03707,0.03739,87522122.0
2025-04-02 04:00:00,0.03737,0.03767,0.03379,0.03461,85997818.0
2025-04-02 08:00:00,0.03463,0.03643,0.03439,0.03579,57461743.0
2025-04-02 12:00:00,0.03583,0.03734,0.03473,0.03714,54454983.0
2025-04-02 16:00:00,0.03716,0.03808,0.03601,0.03792,38100232.0
2025-04-02 20:00:00,0.03795,0.03838,0.03629,0.03811,50094333.0
2025-04-03 00:00:00,0.03811,0.03925,0.03665,0.03695,32405804.0
2025-04-03 04:00:00,0.03695,0.03786,0.03535,0.0362,38989249.0
2025-04-03 08:00:00,0.03622,0.03842,0.03601,0.0381,67517942.0
2025-04-03 12:00:00,0.0381,0.03934,0.03752,0.03916,100928107.0
2025-04-03 16:00:00,0.03917,0.04012,0.03705,0.03938,142088413.0
2025-04-03 20:00:00,0.03941,0.03955,0.03857,0.03865,27291155.0
2025-04-04 00:00:00,0.03867,0.03979,0.03828,0.0392,34104034.0
2025-04-04 04:00:00,0.0392,0.03927,0.03817,0.03907,26789950.0
2025-04-04 08:00:00,0.03908,0.03948,0.03641,0.03717,42952862.0
2025-04-04 12:00:00,0.03717,0.0397,0.03678,0.03952,48836767.0
2025-04-04 16:00:00,0.03951,0.03955,0.03781,0.03809,29739365.0
2025-04-04 20:00:00,0.03809,0.03944,0.03791,0.03893,52129202.0
2025-04-05 00:00:00,0.03894,0.04107,0.03664,0.03741,98009552.0
2025-04-05 04:00:00,0.0374,0.0379,0.03683,0.03774,25900583.0
2025-04-05 08:00:00,0.03774,0.03808,0.03636,0.03692,26849793.0
2025-04-05 12:00:00,0.03691,0.03752,0.03635,0.03744,24524404.0
2025-04-05 16:00:00,0.03746,0.03746,0.03657,0.0371,10587823.0
2025-04-05 20:00:00,0.0371,0.03739,0.03645,0.03691,15883920.0
2025-04-06 00:00:00,0.0369,0.03783,0.03606,0.03695,24279244.0
2025-04-06 04:00:00,0.03695,0.03813,0.0367,0.0374,26513901.0
2025-04-06 08:00:00,0.03741,0.03756,0.0368,0.0373,13051629.0
2025-04-06 12:00:00,0.0373,0.03853,0.03641,0.03694,77455516.0
2025-04-06 16:00:00,0.03696,0.03879,0.03607,0.03835,68987347.0
2025-04-06 20:00:00,0.03834,0.03924,0.0372,0.03858,54699356.0
2025-04-07 00:00:00,0.03858,0.0397,0.03742,0.03802,55604379.0
2025-04-07 04:00:00,0.03798,0.03826,0.03637,0.03743,47029368.0
2025-04-07 08:00:00,0.03746,0.03849,0.03723,0.03769,33820777.0
2025-04-07 12:00:00,0.03767,0.04139,0.03754,0.03931,76900886.0
2025-04-07 16:00:00,0.0393,0.04049,0.03779,0.03878,62888197.0
2025-04-07 20:00:00,0.03877,0.03961,0.03835,0.03866,20841177.0
2025-04-08 00:00:00,0.03867,0.0407,0.03867,0.04034,25189519.0
2025-04-08 04:00:00,0.04034,0.04034,0.0381,0.03848,25991145.0
2025-04-08 08:00:00,0.03848,0.04028,0.03722,0.04004,40361634.0
2025-04-08 12:00:00,0.04005,0.0405,0.03821,0.03905,47352814.0
2025-04-08 16:00:00,0.03903,0.03993,0.03835,0.03938,22130465.0
2025-04-08 20:00:00,0.03939,0.04038,0.03787,0.03856,31918812.0
2025-04-09 00:00:00,0.03855,0.04002,0.03809,0.03976,28548424.0
2025-04-09 04:00:00,0.03977,0.04175,0.03934,0.04122,30646611.0
2025-04-09 08:00:00,0.04122,0.0427,0.03998,0.04088,83757263.0
2025-04-09 12:00:00,0.04088,0.04212,0.0403,0.04086,33086174.0
2025-04-09 16:00:00,0.04084,0.04344,0.04073,0.04264,35015614.0
2025-04-09 20:00:00,0.04263,0.04288,0.04192,0.04253,17093103.0
2025-04-10 00:00:00,0.04252,0.04309,0.04036,0.04068,22168565.0
2025-04-10 04:00:00,0.04068,0.04267,0.04051,0.04112,43058273.0
2025-04-10 08:00:00,0.04113,0.04196,0.04064,0.04168,18188538.0
2025-04-10 12:00:00,0.04168,0.04186,0.03878,0.03979,36254163.0
2025-04-10 16:00:00,0.03979,0.04188,0.03955,0.04143,17555443.0
2025-04-10 20:00:00,0.04144,0.04381,0.04057,0.04354,42916214.0
2025-04-11 00:00:00,0.04354,0.04781,0.0428,0.04538,111019640.0
2025-04-11 04:00:00,0.04539,0.04621,0.04438,0.04485,46565771.0
2025-04-11 08:00:00,0.04485,0.04623,0.0446,0.04523,34152713.0
2025-04-11 12:00:00,0.04523,0.04918,0.04474,0.04834,44992093.0
2025-04-11 16:00:00,0.04835,0.05019,0.04767,0.04911,51199593.0
2025-04-11 20:00:00,0.04912,0.05155,0.04836,0.05086,33037781.0
2025-04-12 00:00:00,0.05087,0.05119,0.0476,0.04796,38003445.0
2025-04-12 04:00:00,0.04795,0.04859,0.04662,0.04764,25933075.0
2025-04-12 08:00:00,0.04763,0.0503,0.04746,0.04969,28920885.0
2025-04-12 12:00:00,0.0497,0.0511,0.04917,0.0505,35932621.0
2025-04-12 16:00:00,0.0505,0.05067,0.04921,0.04928,9868509.0
2025-04-12 20:00:00,0.04928,0.04932,0.04826,0.04906,9951344.0
2025-04-13 00:00:00,0.04907,0.05534,0.04748,0.04768,74494643.0
2025-04-13 04:00:00,0.0477,0.04847,0.04535,0.04559,26215323.0
2025-04-13 08:00:00,0.04561,0.046,0.04463,0.04543,26370746.0
2025-04-13 12:00:00,0.04543,0.0506,0.0454,0.04722,67436573.0
2025-04-13 16:00:00,0.04727,0.04881,0.04629,0.04676,14582629.0
2025-04-13 20:00:00,0.04678,0.04889,0.04631,0.0482,16863950.0
2025-04-14 00:00:00,0.04823,0.05058,0.04783,0.04961,19500909.0
2025-04-14 04:00:00,0.04962,0.05175,0.04905,0.05131,26713774.0
2025-04-14 08:00:00,0.05132,0.05169,0.04834,0.05137,38072068.0
2025-04-14 12:00:00,0.05135,0.05147,0.04769,0.04815,33220412.0
2025-04-14 16:00:00,0.04816,0.05,0.04807,0.04934,10379085.0
2025-04-14 20:00:00,0.0493,0.05021,0.04813,0.04896,10360695.0
2025-04-15 00:00:00,0.04899,0.05328,0.04867,0.05261,29544741.0
2025-04-15 04:00:00,0.05258,0.054,0.05109,0.05262,29339748.0
2025-04-15 08:00:00,0.05261,0.05287,0.03833,0.04594,166787420.0
2025-04-15 12:00:00,0.04594,0.04645,0.04389,0.04433,35612696.0
2025-04-15 16:00:00,0.04434,0.04448,0.04317,0.04403,14185138.0
2025-04-15 20:00:00,0.04402,0.04472,0.04318,0.04437,10862216.0
2025-04-16 00:00:00,0.04434,0.04475,0.04308,0.04367,11470367.0
2025-04-16 04:00:00,0.04369,0.0441,0.04268,0.04276,21768111.0
2025-04-16 08:00:00,0.04279,0.04386,0.0423,0.04347,15748543.0
2025-04-16 12:00:00,0.04348,0.04503,0.04276,0.04318,17303263.0
2025-04-16 16:00:00,0.04319,0.04612,0.03871,0.04565,151263380.0
2025-04-16 20:00:00,0.04564,0.04593,0.04361,0.04396,10514159.0
2025-04-17 00:00:00,0.04397,0.04567,0.04369,0.04527,8792307.0
2025-04-17 04:00:00,0.04524,0.04543,0.04416,0.04505,6939976.0
2025-04-17 08:00:00,0.045,0.04755,0.04372,0.04555,26055245.0
2025-04-17 12:00:00,0.04554,0.04579,0.04413,0.04534,9592948.0
2025-04-17 16:00:00,0.04534,0.04626,0.04486,0.04506,6564848.0
2025-04-17 20:00:00,0.04507,0.04573,0.04338,0.04506,34374526.0
2025-04-18 00:00:00,0.04505,0.04514,0.04289,0.04382,17477437.0
2025-04-18 04:00:00,0.04383,0.04432,0.04301,0.04372,10682854.0
2025-04-18 08:00:00,0.04371,0.047,0.04362,0.04623,36074444.0
2025-04-18 12:00:00,0.04625,0.04747,0.04508,0.04678,21225653.0
2025-04-18 16:00:00,0.04684,0.04781,0.0456,0.04614,11786241.0
2025-04-18 20:00:00,0.04613,0.04776,0.04391,0.04502,17604726.0
2025-04-19 00:00:00,0.04502,0.04642,0.0447,0.04572,4761922.0
2025-04-19 04:00:00,0.04573,0.04724,0.04463,0.04558,18667699.0
2025-04-19 08:00:00,0.04564,0.05095,0.04509,0.04922,35246520.0
2025-04-19 12:00:00,0.04918,0.05542,0.04841,0.0544,142945265.0
2025-04-19 16:00:00,0.05442,0.05668,0.05398,0.05515,42605332.0
2025-04-19 20:00:00,0.05513,0.05628,0.0538,0.05575,23122421.0
2025-04-20 00:00:00,0.05576,0.05715,0.05462,0.0567,35379244.0
2025-04-20 04:00:00,0.05673,0.05933,0.05484,0.05721,57516899.0
2025-04-20 08:00:00,0.05726,0.06066,0.05608,0.0598,49864054.0
2025-04-20 12:00:00,0.05984,0.0602,0.0573,0.05912,25529377.0
2025-04-20 16:00:00,0.05908,0.06277,0.05825,0.06214,16462454.0
2025-04-20 20:00:00,0.06211,0.06286,0.06051,0.06219,19500728.0
2025-04-21 00:00:00,0.06221,0.06556,0.05885,0.06053,41559584.0
2025-04-21 04:00:00,0.06053,0.06287,0.06032,0.06223,13728543.0
2025-04-21 08:00:00,0.06226,0.06433,0.0608,0.06094,23853797.0
2025-04-21 12:00:00,0.06096,0.0615,0.05843,0.05914,18950782.0
2025-04-21 16:00:00,0.05916,0.06182,0.05782,0.05987,14150238.0
2025-04-21 20:00:00,0.05986,0.06013,0.05816,0.05867,5177249.0
2025-04-22 00:00:00,0.05867,0.05964,0.05793,0.05886,9838776.0
2025-04-22 04:00:00,0.05887,0.06034,0.05763,0.0598,9037395.0
2025-04-22 08:00:00,0.05981,0.06004,0.0583,0.05877,9298163.0
2025-04-22 12:00:00,0.05878,0.05957,0.05412,0.05506,52410869.0
2025-04-22 16:00:00,0.05503,0.07061,0.05257,0.06961,158421164.0
2025-04-22 20:00:00,0.06962,0.06979,0.0596,0.06554,67972298.0
2025-04-23 00:00:00,0.06556,0.06791,0.06447,0.06577,11812029.0
2025-04-23 04:00:00,0.0658,0.06582,0.06375,0.06466,10257471.0
2025-04-23 08:00:00,0.06462,0.06466,0.06198,0.06332,6976469.0
2025-04-23 12:00:00,0.06331,0.06499,0.06216,0.06272,13792716.0
2025-04-23 16:00:00,0.06271,0.06275,0.05196,0.06139,115795695.0
2025-04-23 20:00:00,0.06139,0.0686,0.06007,0.0643,48274229.0
2025-04-24 00:00:00,0.06428,0.06783,0.06298,0.06312,15248236.0
2025-04-24 04:00:00,0.06312,0.0662,0.06192,0.0652,10581632.0
2025-04-24 08:00:00,0.0652,0.0659,0.06326,0.06398,6287765.0
2025-04-24 12:00:00,0.06396,0.06398,0.0625,0.06342,4531240.0
2025-04-24 16:00:00,0.06342,0.06559,0.06087,0.06235,19149898.0
2025-04-24 20:00:00,0.06235,0.06506,0.06224,0.06458,9592360.0
2025-04-25 00:00:00,0.06456,0.06631,0.06391,0.06607,7015549.0
2025-04-25 04:00:00,0.06607,0.06647,0.06395,0.06482,5853201.0
2025-04-25 08:00:00,0.06482,0.067,0.06394,0.06421,8100005.0
2025-04-25 12:00:00,0.06421,0.06561,0.06298,0.06426,6889552.0
2025-04-25 16:00:00,0.06426,0.067,0.06395,0.06584,5200486.0
2025-04-25 20:00:00,0.06583,0.06583,0.0633,0.06463,4775743.0
2025-04-26 00:00:00,0.06463,0.06958,0.06355,0.06808,9975662.0
2025-04-26 04:00:00,0.06808,0.06891,0.06766,0.06856,2800051.0
2025-04-26 08:00:00,0.06847,0.071,0.06647,0.06945,8775537.0
2025-04-26 12:00:00,0.06942,0.073,0.06595,0.06754,24655832.0
2025-04-26 16:00:00,0.06752,0.06877,0.06651,0.06784,4402788.0
2025-04-26 20:00:00,0.06781,0.07045,0.06685,0.06986,5785955.0
2025-04-27 00:00:00,0.06988,0.06988,0.06713,0.06791,3166877.0
2025-04-27 04:00:00,0.06795,0.07262,0.06772,0.0724,9285147.0
2025-04-27 08:00:00,0.07232,0.08399,0.07162,0.08304,128076938.0
2025-04-27 12:00:00,0.08304,0.08368,0.07765,0.08234,79521896.0
2025-04-27 16:00:00,0.08239,0.08528,0.07938,0.08336,87733552.0
2025-04-27 20:00:00,0.08334,0.08847,0.07591,0.07927,125744708.0
2025-04-28 00:00:00,0.07927,0.08038,0.07544,0.0789,43077863.0
2025-04-28 04:00:00,0.07891,0.08149,0.078,0.07915,17495936.0
2025-04-28 08:00:00,0.07914,0.07949,0.07622,0.07674,15829428.0
2025-04-28 12:00:00,0.07676,0.07737,0.07369,0.07465,15892469.0
2025-04-28 16:00:00,0.07466,0.07746,0.07389,0.07656,10237374.0
2025-04-28 20:00:00,0.07656,0.07732,0.07446,0.07576,13163300.0
2025-04-29 00:00:00,0.07573,0.07616,0.07453,0.07524,4888749.0
2025-04-29 04:00:00,0.07526,0.07611,0.07432,0.07537,4251234.0
2025-04-29 08:00:00,0.07536,0.08099,0.07427,0.08001,20180544.0
2025-04-29 12:00:00,0.07999,0.08147,0.0776,0.08006,15362500.0
2025-04-29 16:00:00,0.0801,0.08164,0.07978,0.0812,5955312.0
2025-04-29 20:00:00,0.08122,0.08285,0.0798,0.08004,11208265.0
2025-04-30 00:00:00,0.08002,0.08258,0.07978,0.0814,7838427.0
2025-04-30 04:00:00,0.0814,0.08594,0.08082,0.0846,18898772.0
2025-04-30 08:00:00,0.08456,0.08494,0.0798,0.08114,17225869.0
2025-04-30 12:00:00,0.08114,0.08637,0.07988,0.08246,16577083.0
2025-04-30 16:00:00,0.08244,0.08405,0.08125,0.08236,5227105.0
2025-04-30 20:00:00,0.08234,0.08696,0.08233,0.08562,9029795.0
2025-05-01 00:00:00,0.08565,0.08598,0.07947,0.08281,15830125.0
2025-05-01 04:00:00,0.08286,0.08419,0.08277,0.08382,2035469.0
2025-05-01 08:00:00,0.08387,0.08415,0.08272,0.08382,2418983.0
2025-05-01 12:00:00,0.08386,0.08558,0.08302,0.08502,5506411.0
2025-05-01 16:00:00,0.085,0.08783,0.08353,0.08423,8623318.0
2025-05-01 20:00:00,0.08423,0.08548,0.08336,0.08504,4068899.0
2025-05-02 00:00:00,0.08504,0.08699,0.08381,0.08427,4717666.0
2025-05-02 04:00:00,0.08425,0.08435,0.08227,0.08316,3467525.0
2025-05-02 08:00:00,0.08317,0.0842,0.08279,0.08345,2356228.0
2025-05-02 12:00:00,0.08346,0.0895,0.08337,0.08725,14631552.0
2025-05-02 16:00:00,0.08729,0.09777,0.08665,0.09406,63902310.0
2025-05-02 20:00:00,0.09407,0.09407,0.09014,0.0924,15460905.0
2025-05-03 00:00:00,0.09246,0.09264,0.08537,0.09009,20729628.0
2025-05-03 04:00:00,0.09007,0.09009,0.08711,0.08748,6695298.0
2025-05-03 08:00:00,0.08745,0.08815,0.08604,0.08703,7049235.0
2025-05-03 12:00:00,0.08692,0.08708,0.08607,0.08641,3342043.0
2025-05-03 16:00:00,0.0864,0.08725,0.08438,0.08503,7277145.0
2025-05-03 20:00:00,0.08506,0.08527,0.0837,0.08379,2732843.0
2025-05-04 00:00:00,0.0838,0.08461,0.0802,0.08118,8623550.0
2025-05-04 04:00:00,0.08118,0.08237,0.0801,0.08043,5059537.0
2025-05-04 08:00:00,0.08043,0.08327,0.07988,0.08253,8761331.0
2025-05-04 12:00:00,0.08254,0.08307,0.0814,0.08199,3785200.0
2025-05-04 16:00:00,0.08196,0.08217,0.08077,0.08093,2478182.0
2025-05-04 20:00:00,0.08093,0.08203,0.0806,0.08093,3498844.0
2025-05-05 00:00:00,0.08093,0.08284,0.08069,0.08205,3137892.0
2025-05-05 04:00:00,0.08203,0.0897,0.08155,0.08519,21595484.0
2025-05-05 08:00:00,0.08515,0.08594,0.08339,0.08352,11210035.0
2025-05-05 12:00:00,0.08355,0.08361,0.0819,0.0823,4693024.0
2025-05-05 16:00:00,0.08233,0.08347,0.08165,0.08179,3045586.0
2025-05-05 20:00:00,0.08179,0.08271,0.08143,0.08201,2064453.0
2025-05-06 00:00:00,0.08201,0.08435,0.08172,0.08362,4430049.0
2025-05-06 04:00:00,0.08372,0.08425,0.08217,0.08223,5963045.0
2025-05-06 08:00:00,0.08221,0.08242,0.08077,0.08178,6738548.0
2025-05-06 12:00:00,0.08179,0.08293,0.08088,0.0819,4193430.0
2025-05-06 16:00:00,0.08192,0.08233,0.08126,0.08174,3508079.0
2025-05-06 20:00:00,0.08175,0.08491,0.08018,0.0822,8824625.0
2025-05-07 00:00:00,0.08224,0.08544,0.08198,0.08402,5951924.0
2025-05-07 04:00:00,0.08398,0.08492,0.08307,0.08449,3353775.0
2025-05-07 08:00:00,0.08452,0.08957,0.08376,0.08637,31029406.0
2025-05-07 12:00:00,0.08637,0.08777,0.08489,0.08551,8034692.0
2025-05-07 16:00:00,0.0855,0.09087,0.08501,0.08918,14360414.0
2025-05-07 20:00:00,0.08905,0.09192,0.0887,0.0904,10897106.0
2025-05-08 00:00:00,0.09037,0.09129,0.0895,0.09069,5792766.0
2025-05-08 04:00:00,0.09066,0.0917,0.09025,0.09046,4600610.0
2025-05-08 08:00:00,0.09049,0.09611,0.09041,0.09255,18289960.0
2025-05-08 12:00:00,0.09259,0.09764,0.09159,0.09642,6856813.0
2025-05-08 16:00:00,0.09643,0.09822,0.09356,0.09649,9602963.0
2025-05-08 20:00:00,0.09651,0.09872,0.09601,0.09829,4727674.0
2025-05-09 00:00:00,0.09826,0.09965,0.09738,0.09758,4029147.0
2025-05-09 04:00:00,0.09753,0.12438,0.09747,0.12099,41643237.0
2025-05-09 08:00:00,0.12092,0.1232,0.11061,0.11424,34275468.0
2025-05-09 12:00:00,0.11433,0.13097,0.1143,0.12041,75088074.0
2025-05-09 16:00:00,0.1203,0.12955,0.11971,0.12807,27475413.0
2025-05-09 20:00:00,0.12812,0.14,0.12674,0.13786,38202138.0
2025-05-10 00:00:00,0.13789,0.1414,0.12842,0.13466,23230316.0
2025-05-10 04:00:00,0.13466,0.13574,0.13002,0.13408,14594180.0
2025-05-10 08:00:00,0.13404,0.13882,0.12118,0.12975,62731285.0
2025-05-10 12:00:00,0.12978,0.1308,0.12573,0.12803,10053974.0
2025-05-10 16:00:00,0.128,0.136,0.12746,0.13235,8506841.0
2025-05-10 20:00:00,0.13234,0.13778,0.13132,0.13692,5873099.0
2025-05-11 00:00:00,0.1368,0.14149,0.13491,0.13961,10178655.0
2025-05-11 04:00:00,0.13956,0.1445,0.1331,0.13535,10367731.0
2025-05-11 08:00:00,0.13531,0.13743,0.13164,0.13663,6538358.0
2025-05-11 12:00:00,0.13671,0.14483,0.1216,0.13917,46515205.0
2025-05-11 16:00:00,0.13916,0.14243,0.13152,0.13993,21072628.0
2025-05-11 20:00:00,0.13992,0.14111,0.13709,0.14003,3510179.0
2025-05-12 00:00:00,0.14003,0.15664,0.13985,0.15504,16254662.0
2025-05-12 04:00:00,0.15501,0.15998,0.1502,0.15688,14466339.0
2025-05-12 08:00:00,0.15676,0.18823,0.14937,0.17816,67119303.0
2025-05-12 12:00:00,0.17816,0.17964,0.16315,0.16938,45020537.0
2025-05-12 16:00:00,0.16927,0.17706,0.15814,0.16361,27511142.0
2025-05-12 20:00:00,0.16362,0.16976,0.16347,0.16724,8294490.0
2025-05-13 00:00:00,0.16724,0.17534,0.16021,0.16977,16210040.0
2025-05-13 04:00:00,0.16976,0.187,0.16688,0.18014,41329171.0
2025-05-13 08:00:00,0.18021,0.18391,0.155,0.18182,60133505.0
2025-05-13 12:00:00,0.1819,0.2049,0.1782,0.18761,60355544.0
2025-05-13 16:00:00,0.18762,0.19657,0.166,0.17332,38206938.0
2025-05-13 20:00:00,0.17333,0.1736,0.16033,0.16279,16718245.0
2025-05-14 00:00:00,0.16281,0.17603,0.16261,0.1744,13873290.0
2025-05-14 04:00:00,0.1744,0.1745,0.16541,0.16587,7746242.0
2025-05-14 08:00:00,0.16583,0.16583,0.13507,0.14688,74729110.0
2025-05-14 12:00:00,0.14696,0.15765,0.13913,0.14818,50304182.0
2025-05-14 16:00:00,0.14818,0.14906,0.1454,0.14804,9919146.0
2025-05-14 20:00:00,0.14801,0.1486,0.14364,0.1481,6028356.0
2025-05-15 00:00:00,0.14805,0.14962,0.14266,0.14388,6473725.0
2025-05-15 04:00:00,0.14397,0.14683,0.13034,0.13049,28337275.0
2025-05-15 08:00:00,0.13054,0.13867,0.1302,0.13443,13276945.0
2025-05-15 12:00:00,0.13442,0.13801,0.12867,0.13492,10725719.0
2025-05-15 16:00:00,0.13488,0.1561,0.13428,0.14807,38647479.0
2025-05-15 20:00:00,0.14793,0.15227,0.14332,0.15088,17044971.0
2025-05-16 00:00:00,0.15095,0.15475,0.15012,0.15344,10348089.0
2025-05-16 04:00:00,0.15342,0.15342,0.14783,0.14941,7392530.0
2025-05-16 08:00:00,0.14942,0.14973,0.14482,0.14535,7792898.0
2025-05-16 12:00:00,0.14533,0.16025,0.14422,0.1552,38761238.0
2025-05-16 16:00:00,0.15514,0.16264,0.1513,0.16194,28476418.0
2025-05-16 20:00:00,0.16198,0.16531,0.15967,0.16341,16895830.0
2025-05-17 00:00:00,0.16344,0.1655,0.158,0.1644,17126365.0
2025-05-17 04:00:00,0.1644,0.16655,0.15605,0.15777,21114433.0
2025-05-17 08:00:00,0.15772,0.1622,0.15462,0.15912,24463857.0
2025-05-17 12:00:00,0.15918,0.16126,0.15699,0.15895,13981047.0
2025-05-17 16:00:00,0.159,0.16926,0.15789,0.16817,24733061.0
2025-05-17 20:00:00,0.16814,0.17473,0.1674,0.17235,17700933.0
2025-05-18 00:00:00,0.17228,0.17688,0.17118,0.17312,13924596.0
2025-05-18 04:00:00,0.17316,0.18247,0.17277,0.18116,18797431.0
2025-05-18 08:00:00,0.18123,0.18777,0.17801,0.17884,24354721.0
2025-05-18 12:00:00,0.17886,0.1918,0.1302,0.14978,290712706.0
2025-05-18 16:00:00,0.14972,0.16203,0.1487,0.15255,67517394.0
2025-05-18 20:00:00,0.15267,0.1721,0.1513,0.16866,38106723.0
2025-05-19 00:00:00,0.16866,0.17462,0.15365,0.15592,32248010.0
2025-05-19 04:00:00,0.15592,0.16027,0.15182,0.15372,27364709.0
2025-05-19 08:00:00,0.15373,0.15452,0.14407,0.14727,50583524.0
2025-05-19 12:00:00,0.14726,0.15262,0.145,0.14849,37466309.0
2025-05-19 16:00:00,0.14847,0.15851,0.14696,0.151,23743630.0
2025-05-19 20:00:00,0.15096,0.15315,0.14861,0.15013,9937622.0
2025-05-20 00:00:00,0.15013,0.1535,0.148,0.15193,13751274.0
2025-05-20 04:00:00,0.15186,0.1528,0.14446,0.15166,19123491.0
2025-05-20 08:00:00,0.15166,0.15176,0.14366,0.14491,9154955.0
2025-05-20 12:00:00,0.14491,0.14666,0.14177,0.14421,9825658.0
2025-05-20 16:00:00,0.14422,0.14863,0.141,0.14625,11031384.0
2025-05-20 20:00:00,0.14624,0.14932,0.14555,0.14832,5507656.0
2025-05-21 00:00:00,0.14836,0.14891,0.14573,0.14761,4352597.0
2025-05-21 04:00:00,0.14763,0.15086,0.14444,0.14453,6499081.0
2025-05-21 08:00:00,0.14452,0.14757,0.14316,0.14682,6230893.0
2025-05-21 12:00:00,0.14684,0.14934,0.14582,0.14819,5923012.0
2025-05-21 16:00:00,0.14823,0.15668,0.1469,0.15561,19935126.0
2025-05-21 20:00:00,0.15572,0.16,0.15483,0.15867,10401053.0
2025-05-22 00:00:00,0.15867,0.16536,0.15663,0.16058,9391283.0
2025-05-22 04:00:00,0.16051,0.16299,0.15895,0.16125,5599810.0
2025-05-22 08:00:00,0.16114,0.16446,0.15908,0.16223,7748307.0
2025-05-22 12:00:00,0.16215,0.16315,0.15961,0.15969,5236031.0
2025-05-22 16:00:00,0.15974,0.15983,0.15533,0.15645,5404509.0
2025-05-22 20:00:00,0.15652,0.15869,0.15531,0.15705,6088081.0
2025-05-23 00:00:00,0.15712,0.15922,0.15562,0.15847,4683099.0
2025-05-23 04:00:00,0.15847,0.16004,0.14765,0.14799,16021277.0
2025-05-23 08:00:00,0.14797,0.15081,0.14338,0.14538,10313058.0
2025-05-23 12:00:00,0.14533,0.14638,0.14229,0.14435,13281831.0
2025-05-23 16:00:00,0.14433,0.14485,0.14245,0.14312,3226195.0
2025-05-23 20:00:00,0.14325,0.14467,0.14032,0.14123,4852486.0
2025-05-24 00:00:00,0.14129,0.14319,0.13986,0.14103,4859418.0
2025-05-24 04:00:00,0.14105,0.14347,0.14036,0.14333,3376114.0
2025-05-24 08:00:00,0.14333,0.144,0.14205,0.14318,3614491.0
2025-05-24 12:00:00,0.14316,0.14428,0.14153,0.14263,2766313.0
2025-05-24 16:00:00,0.1426,0.14353,0.1406,0.14164,2423968.0
2025-05-24 20:00:00,0.14167,0.14309,0.14007,0.14238,2744011.0
2025-05-25 00:00:00,0.1423,0.1425,0.13926,0.14009,3515736.0
2025-05-25 04:00:00,0.14008,0.14156,0.13718,0.14104,7249691.0
2025-05-25 08:00:00,0.14103,0.15054,0.14057,0.14938,31416805.0
2025-05-25 12:00:00,0.14935,0.15028,0.14662,0.14894,15360678.0
2025-05-25 16:00:00,0.14895,0.152,0.14666,0.15112,19142673.0
2025-05-25 20:00:00,0.15114,0.15353,0.14967,0.1516,9922672.0
2025-05-26 00:00:00,0.1516,0.15516,0.15022,0.1547,9899701.0
2025-05-26 04:00:00,0.15466,0.15542,0.1527,0.15356,8190337.0
2025-05-26 08:00:00,0.15357,0.15491,0.15252,0.15285,4272908.0
2025-05-26 12:00:00,0.15289,0.1545,0.14887,0.15245,7240781.0
2025-05-26 16:00:00,0.15246,0.15273,0.15001,0.1512,4255487.0
2025-05-26 20:00:00,0.15121,0.15282,0.15071,0.15073,2597181.0
2025-05-27 00:00:00,0.15072,0.15197,0.14896,0.15116,3795053.0
2025-05-27 04:00:00,0.15116,0.153,0.15046,0.15222,2473636.0
2025-05-27 08:00:00,0.15225,0.15388,0.15185,0.15293,3499737.0
2025-05-27 12:00:00,0.15294,0.15396,0.15242,0.15353,3274695.0
2025-05-27 16:00:00,0.15352,0.15473,0.15287,0.1532,4021722.0
2025-05-27 20:00:00,0.15324,0.15601,0.15214,0.15333,2854303.0
2025-05-28 00:00:00,0.15331,0.15438,0.15259,0.15324,4992252.0
2025-05-28 04:00:00,0.1532,0.15475,0.15264,0.15447,2928320.0
2025-05-28 08:00:00,0.15451,0.15489,0.15264,0.15426,3488311.0
2025-05-28 12:00:00,0.15423,0.15462,0.15283,0.15377,3054413.0
2025-05-28 16:00:00,0.15383,0.15504,0.15216,0.15382,5878332.0
2025-05-28 20:00:00,0.1538,0.1547,0.15343,0.15411,2169474.0
2025-05-29 00:00:00,0.15406,0.15613,0.15253,0.15474,4928521.0
2025-05-29 04:00:00,0.15472,0.15495,0.14927,0.15312,8464800.0
2025-05-29 08:00:00,0.15313,0.15363,0.15223,0.15359,1365757.0
2025-05-29 12:00:00,0.15353,0.15431,0.15215,0.15334,3910382.0
2025-05-29 16:00:00,0.15333,0.15476,0.14831,0.15185,8747801.0
2025-05-29 20:00:00,0.15185,0.15783,0.15147,0.15486,5697131.0
2025-05-30 00:00:00,0.15491,0.15512,0.15192,0.15427,6169424.0
2025-05-30 04:00:00,0.15431,0.15661,0.1527,0.15418,5263232.0
2025-05-30 08:00:00,0.15421,0.16158,0.1537,0.1601,12000419.0
2025-05-30 12:00:00,0.16018,0.16169,0.15601,0.158,12615121.0
2025-05-30 16:00:00,0.15804,0.15987,0.15343,0.15767,9158770.0
2025-05-30 20:00:00,0.1578,0.15854,0.1421,0.14435,21595000.0
2025-05-31 00:00:00,0.14444,0.14622,0.13928,0.14273,10524403.0
2025-05-31 04:00:00,0.14271,0.1476,0.13946,0.14586,11084800.0
2025-05-31 08:00:00,0.1459,0.15568,0.1443,0.15142,16470759.0
2025-05-31 12:00:00,0.15141,0.15347,0.15067,0.15097,4889242.0
2025-05-31 16:00:00,0.15096,0.15266,0.15038,0.15245,2234154.0
2025-05-31 20:00:00,0.15247,0.15323,0.15132,0.15178,1413247.0
2025-06-01 00:00:00,0.15173,0.15341,0.15043,0.15262,2083109.0
2025-06-01 04:00:00,0.15269,0.15339,0.15111,0.15115,1157334.0
2025-06-01 08:00:00,0.15115,0.15161,0.14871,0.15042,3170188.0
2025-06-01 12:00:00,0.15044,0.15245,0.14814,0.15139,3924316.0
2025-06-01 16:00:00,0.1514,0.15362,0.15131,0.15245,2342537.0
2025-06-01 20:00:00,0.15245,0.1544,0.15197,0.154,1826666.0
2025-06-02 00:00:00,0.15399,0.15524,0.15199,0.15236,2217204.0
2025-06-02 04:00:00,0.15234,0.15283,0.15134,0.1528,1317412.0
2025-06-02 08:00:00,0.15279,0.15328,0.15064,0.15161,1894273.0
2025-06-02 12:00:00,0.1516,0.15245,0.15072,0.15182,1885047.0
2025-06-02 16:00:00,0.15181,0.15273,0.15082,0.15124,1045173.0
2025-06-02 20:00:00,0.15124,0.15222,0.14777,0.15141,5343493.0
2025-06-03 00:00:00,0.15143,0.15847,0.15031,0.15791,10580930.0
2025-06-03 04:00:00,0.15787,0.15804,0.15614,0.15742,5108501.0
2025-06-03 08:00:00,0.15742,0.15836,0.15561,0.15678,3105778.0
2025-06-03 12:00:00,0.15677,0.15785,0.15583,0.15681,2674142.0
2025-06-03 16:00:00,0.15677,0.15881,0.15653,0.15825,3094967.0
2025-06-03 20:00:00,0.15835,0.15936,0.15673,0.15723,4114715.0
2025-06-04 00:00:00,0.15722,0.1588,0.15622,0.1586,3740305.0
2025-06-04 04:00:00,0.15859,0.16042,0.15719,0.1586,5519323.0
2025-06-04 08:00:00,0.15854,0.15893,0.15664,0.15675,3325511.0
2025-06-04 12:00:00,0.15676,0.15772,0.15647,0.15696,2197353.0
2025-06-04 16:00:00,0.15698,0.15738,0.15568,0.15597,2486386.0
2025-06-04 20:00:00,0.15599,0.15618,0.1548,0.15524,2100805.0
2025-06-05 00:00:00,0.15524,0.15644,0.15455,0.15584,2360826.0
2025-06-05 04:00:00,0.15581,0.15654,0.15511,0.15613,1999715.0
2025-06-05 08:00:00,0.15613,0.15714,0.15535,0.15637,1840145.0
2025-06-05 12:00:00,0.15631,0.15721,0.15365,0.1554,4696266.0
2025-06-05 16:00:00,0.1554,0.15545,0.14571,0.1485,7771457.0
2025-06-05 20:00:00,0.14854,0.15156,0.14405,0.14993,9416172.0
2025-06-06 00:00:00,0.15004,0.15188,0.14932,0.15175,1717770.0
2025-06-06 04:00:00,0.15175,0.15247,0.1511,0.15182,1268434.0
2025-06-06 08:00:00,0.1519,0.15266,0.15091,0.15198,1992146.0
2025-06-06 12:00:00,0.15197,0.15379,0.15132,0.15214,2697640.0
2025-06-06 16:00:00,0.15215,0.15225,0.15043,0.15108,1288469.0
2025-06-06 20:00:00,0.15113,0.15296,0.15113,0.15249,1305475.0
2025-06-07 00:00:00,0.15244,0.15352,0.15094,0.15305,2226311.0
2025-06-07 04:00:00,0.15303,0.15357,0.15204,0.15276,1235076.0
2025-06-07 08:00:00,0.15275,0.15285,0.14464,0.14511,10165175.0
2025-06-07 12:00:00,0.14511,0.1532,0.1401,0.14784,22373268.0
2025-06-07 16:00:00,0.14791,0.14954,0.14631,0.14784,2438830.0
2025-06-07 20:00:00,0.14782,0.14783,0.14503,0.14574,1721171.0
2025-06-08 00:00:00,0.14578,0.14714,0.14403,0.14436,3420504.0
2025-06-08 04:00:00,0.14433,0.14547,0.143,0.14423,3468192.0
2025-06-08 08:00:00,0.14422,0.14555,0.14264,0.145,4352425.0
2025-06-08 12:00:00,0.14497,0.1464,0.14353,0.1454,3082045.0
2025-06-08 16:00:00,0.14539,0.14667,0.14497,0.14536,1531313.0
2025-06-08 20:00:00,0.14537,0.1462,0.14367,0.14393,1194191.0
2025-06-09 00:00:00,0.14393,0.14582,0.14,0.14318,6479284.0
2025-06-09 04:00:00,0.14313,0.1469,0.14093,0.14424,8843499.0
2025-06-09 08:00:00,0.14422,0.14726,0.14367,0.14588,2659981.0
2025-06-09 12:00:00,0.14589,0.15594,0.14574,0.15304,10251723.0
2025-06-09 16:00:00,0.15297,0.15484,0.15006,0.15224,4272114.0
2025-06-09 20:00:00,0.15224,0.15509,0.1513,0.15469,2098201.0
2025-06-10 00:00:00,0.15465,0.15678,0.15364,0.15504,2359486.0
2025-06-10 04:00:00,0.15496,0.15813,0.1535,0.15717,4895512.0
2025-06-10 08:00:00,0.15718,0.16047,0.15642,0.1587,9067889.0
2025-06-10 12:00:00,0.15862,0.16783,0.15473,0.16191,27750995.0
2025-06-10 16:00:00,0.16195,0.16353,0.15281,0.15485,9681261.0
2025-06-10 20:00:00,0.15487,0.15626,0.15026,0.1503,4539814.0
2025-06-11 00:00:00,0.15036,0.151,0.13464,0.14225,19157228.0
2025-06-11 04:00:00,0.14225,0.14575,0.13683,0.13805,20011037.0
2025-06-11 08:00:00,0.13793,0.14874,0.1377,0.14758,19391307.0
2025-06-11 12:00:00,0.14754,0.15354,0.14735,0.15163,8685475.0
2025-06-11 16:00:00,0.15163,0.15519,0.14908,0.1505,5043841.0
2025-06-11 20:00:00,0.1505,0.15349,0.1496,0.15268,3389507.0
2025-06-12 00:00:00,0.15256,0.15378,0.15041,0.15084,6387561.0
2025-06-12 04:00:00,0.15089,0.15269,0.1502,0.15161,7462874.0
2025-06-12 08:00:00,0.15169,0.153,0.14952,0.1498,5745095.0
2025-06-12 12:00:00,0.14984,0.15107,0.14621,0.14645,5734719.0
2025-06-12 16:00:00,0.14646,0.14728,0.14408,0.14528,4229869.0
2025-06-12 20:00:00,0.14533,0.14568,0.14127,0.14255,4205976.0
2025-06-13 00:00:00,0.1426,0.14702,0.13462,0.13949,23019333.0
2025-06-13 04:00:00,0.13955,0.149,0.13881,0.14727,8168467.0
2025-06-13 08:00:00,0.14729,0.14853,0.14518,0.14648,3400707.0
2025-06-13 12:00:00,0.14647,0.14886,0.14515,0.14702,3320553.0
2025-06-13 16:00:00,0.14702,0.14884,0.14597,0.14642,2690229.0
2025-06-13 20:00:00,0.14644,0.14845,0.14592,0.14766,1884354.0
2025-06-14 00:00:00,0.14769,0.14888,0.14622,0.14711,1592237.0
2025-06-14 04:00:00,0.1471,0.1485,0.14604,0.14623,1083081.0
2025-06-14 08:00:00,0.14618,0.14746,0.14549,0.14731,1620038.0
2025-06-14 12:00:00,0.14732,0.14794,0.14561,0.14643,1581897.0
2025-06-14 16:00:00,0.14643,0.14705,0.14471,0.14572,1191325.0
2025-06-14 20:00:00,0.14574,0.14584,0.14142,0.14482,3883368.0
2025-06-15 00:00:00,0.14481,0.14573,0.14393,0.14453,897677.0
2025-06-15 04:00:00,0.14456,0.14522,0.14316,0.14401,1309058.0
2025-06-15 08:00:00,0.14399,0.14662,0.14372,0.14454,1323252.0
2025-06-15 12:00:00,0.14459,0.14523,0.14273,0.14336,1825775.0
2025-06-15 16:00:00,0.14337,0.145,0.14337,0.14448,1314896.0
2025-06-15 20:00:00,0.14448,0.14566,0.14254,0.14557,3316268.0
2025-06-16 00:00:00,0.14555,0.14868,0.1442,0.14802,2379164.0
2025-06-16 04:00:00,0.148,0.14968,0.14773,0.14963,1695513.0
2025-06-16 08:00:00,0.1496,0.15019,0.14652,0.14781,2663299.0
2025-06-16 12:00:00,0.14777,0.14851,0.14594,0.14601,1932082.0
2025-06-16 16:00:00,0.14601,0.1471,0.14522,0.14601,1489296.0
2025-06-16 20:00:00,0.14603,0.14715,0.14299,0.14313,2595493.0
2025-06-17 00:00:00,0.14318,0.14565,0.14119,0.14466,4722270.0
2025-06-17 04:00:00,0.1447,0.14476,0.14003,0.1406,4385566.0
2025-06-17 08:00:00,0.1406,0.1424,0.1396,0.14045,3742245.0
2025-06-17 12:00:00,0.14039,0.14138,0.13844,0.13915,2517001.0
2025-06-17 16:00:00,0.13915,0.14499,0.1367,0.14344,14851847.0
2025-06-17 20:00:00,0.14347,0.14417,0.14077,0.14141,2921553.0
2025-06-18 00:00:00,0.1413,0.14155,0.13979,0.14044,1305241.0
2025-06-18 04:00:00,0.14046,0.14165,0.13977,0.14056,1293502.0
2025-06-18 08:00:00,0.14063,0.14172,0.13839,0.13899,3163526.0
2025-06-18 12:00:00,0.13899,0.1464,0.12437,0.13093,132658352.0
2025-06-18 16:00:00,0.13088,0.13687,0.12676,0.1348,19296344.0
2025-06-18 20:00:00,0.13474,0.13713,0.13311,0.13605,5339834.0
2025-06-19 00:00:00,0.13596,0.13636,0.13386,0.13582,3278871.0
2025-06-19 04:00:00,0.13585,0.13888,0.13448,0.13619,8431965.0
2025-06-19 08:00:00,0.13621,0.13874,0.1362,0.13775,3240024.0
2025-06-19 12:00:00,0.13774,0.13861,0.13488,0.13645,5826294.0
2025-06-19 16:00:00,0.13646,0.13896,0.13598,0.13795,3144640.0
2025-06-19 20:00:00,0.13788,0.1383,0.13418,0.13483,2987316.0
2025-06-20 00:00:00,0.13484,0.135,0.13107,0.13306,6419280.0
2025-06-20 04:00:00,0.13306,0.13355,0.13008,0.13306,7750912.0
2025-06-20 08:00:00,0.13305,0.13329,0.131,0.13103,5494061.0
2025-06-20 12:00:00,0.13104,0.13183,0.10779,0.11408,118144879.0
2025-06-20 16:00:00,0.11408,0.13367,0.11229,0.12483,196892176.0
2025-06-20 20:00:00,0.12482,0.1249,0.1133,0.11399,88065057.0
2025-06-21 00:00:00,0.114,0.11605,0.06016,0.06293,294153727.0
2025-06-21 04:00:00,0.06293,0.071,0.05189,0.05427,1139429411.0
2025-06-21 08:00:00,0.05424,0.0561,0.04776,0.04869,877736633.0
2025-06-21 12:00:00,0.04869,0.05499,0.047,0.05192,718143202.0
2025-06-21 16:00:00,0.05195,0.0545,0.04926,0.05311,366939513.0
2025-06-21 20:00:00,0.05309,0.05345,0.0491,0.05161,242800693.0
2025-06-22 00:00:00,0.05161,0.05198,0.049,0.04928,211998754.0
2025-06-22 04:00:00,0.04931,0.0501,0.04563,0.04784,379017749.0
2025-06-22 08:00:00,0.04783,0.04969,0.04619,0.04882,186663035.0
2025-06-22 12:00:00,0.04883,0.05058,0.04866,0.04976,170506672.0
2025-06-22 16:00:00,0.04976,0.0501,0.04908,0.04935,57367188.0
2025-06-22 20:00:00,0.04934,0.05387,0.04894,0.05351,114905737.0
2025-06-23 00:00:00,0.05353,0.05579,0.05128,0.05158,112390520.0
2025-06-23 04:00:00,0.05162,0.05243,0.05036,0.05071,59935240.0
2025-06-23 08:00:00,0.05073,0.051,0.04864,0.04935,52803566.0
2025-06-23 12:00:00,0.04935,0.04984,0.04581,0.04628,101319583.0
2025-06-23 16:00:00,0.04628,0.04719,0.04541,0.04575,104944594.0
2025-06-23 20:00:00,0.04575,0.05023,0.04485,0.04795,135322241.0
2025-06-24 00:00:00,0.04795,0.04855,0.04673,0.04794,71896375.0
2025-06-24 04:00:00,0.04797,0.04817,0.0455,0.0468,92722440.0
2025-06-24 08:00:00,0.04682,0.04684,0.04401,0.04567,116509193.0
2025-06-24 12:00:00,0.04568,0.04609,0.04463,0.04504,65994468.0
2025-06-24 16:00:00,0.04504,0.04604,0.04433,0.04582,53478832.0
2025-06-24 20:00:00,0.04582,0.04618,0.04473,0.04479,32139400.0
2025-06-25 00:00:00,0.04482,0.04606,0.04473,0.04523,35735268.0
2025-06-25 04:00:00,0.04524,0.04566,0.04472,0.04518,31003074.0
2025-06-25 08:00:00,0.04516,0.04566,0.04403,0.04544,36184100.0
2025-06-25 12:00:00,0.04543,0.04641,0.04517,0.04596,31905845.0
2025-06-25 16:00:00,0.04594,0.04706,0.04498,0.04644,27085737.0
2025-06-25 20:00:00,0.04644,0.04715,0.04607,0.04682,15601562.0
2025-06-26 00:00:00,0.04684,0.04864,0.04681,0.0481,32303632.0
2025-06-26 04:00:00,0.0481,0.04831,0.0457,0.04584,30440867.0
2025-06-26 08:00:00,0.04584,0.04641,0.04519,0.04527,20734405.0
2025-06-26 12:00:00,0.04525,0.04629,0.04507,0.04602,16707556.0
2025-06-26 16:00:00,0.04602,0.04659,0.0456,0.04649,13460932.0
2025-06-26 20:00:00,0.04649,0.04848,0.04643,0.04743,24755407.0
2025-06-27 00:00:00,0.04745,0.04841,0.04724,0.04785,13918698.0
2025-06-27 04:00:00,0.04786,0.05178,0.04777,0.05108,98346835.0
2025-06-27 08:00:00,0.05106,0.05406,0.05034,0.05252,129000893.0
2025-06-27 12:00:00,0.05251,0.05493,0.0487,0.05116,361324196.0
2025-06-27 16:00:00,0.05118,0.05216,0.0484,0.04937,84846459.0
2025-06-27 20:00:00,0.04937,0.05039,0.04903,0.04944,22447746.0
2025-06-28 00:00:00,0.04944,0.05034,0.04909,0.04987,17008534.0
2025-06-28 04:00:00,0.04987,0.05008,0.04937,0.04962,12424721.0
2025-06-28 08:00:00,0.0496,0.05038,0.0494,0.04975,13609192.0
2025-06-28 12:00:00,0.04975,0.05039,0.04942,0.04951,18664065.0
2025-06-28 16:00:00,0.04953,0.0503,0.04903,0.04989,18166441.0
2025-06-28 20:00:00,0.04988,0.05109,0.04971,0.05081,12065337.0
2025-06-29 00:00:00,0.05082,0.05239,0.0501,0.05186,21563182.0
2025-06-29 04:00:00,0.05187,0.0544,0.0517,0.05436,21171995.0
2025-06-29 08:00:00,0.05436,0.05453,0.0522,0.05358,31868054.0
2025-06-29 12:00:00,0.05359,0.05646,0.05355,0.05539,28686967.0
2025-06-29 16:00:00,0.05537,0.05575,0.05456,0.05496,26652961.0
2025-06-29 20:00:00,0.05495,0.05569,0.05432,0.05551,14031287.0
2025-06-30 00:00:00,0.0555,0.05646,0.05455,0.05506,17874628.0
2025-06-30 04:00:00,0.05507,0.05509,0.05383,0.05432,15356878.0
2025-06-30 08:00:00,0.05432,0.0546,0.05365,0.05427,11059552.0
2025-06-30 12:00:00,0.05428,0.05443,0.05259,0.05349,17376270.0
2025-06-30 16:00:00,0.0535,0.05366,0.0527,0.05299,7858646.0
2025-06-30 20:00:00,0.053,0.053,0.05191,0.05208,7489251.0
2025-07-01 00:00:00,0.05207,0.05224,0.05029,0.05044,11749356.0
2025-07-01 04:00:00,0.05045,0.05052,0.04956,0.05037,9196678.0
2025-07-01 08:00:00,0.05038,0.05062,0.04954,0.05026,10992880.0
2025-07-01 12:00:00,0.05027,0.05036,0.04747,0.04784,21095851.0
2025-07-01 16:00:00,0.04781,0.04806,0.04674,0.0471,12618464.0
2025-07-01 20:00:00,0.0471,0.04729,0.04528,0.04607,12531728.0
2025-07-02 00:00:00,0.04608,0.04639,0.045,0.04514,12003478.0
2025-07-02 04:00:00,0.04514,0.0454,0.04433,0.04474,14833089.0
2025-07-02 08:00:00,0.04471,0.0455,0.0438,0.04445,23503186.0
2025-07-02 12:00:00,0.04443,0.0448,0.04381,0.04454,18696808.0
2025-07-02 16:00:00,0.04451,0.04659,0.04437,0.0452,46283180.0
2025-07-02 20:00:00,0.04522,0.0463,0.0448,0.04523,18085740.0
2025-07-03 00:00:00,0.04523,0.04536,0.04405,0.04439,20295282.0
2025-07-03 04:00:00,0.04437,0.04531,0.0442,0.04499,12840473.0
2025-07-03 08:00:00,0.04497,0.04575,0.04476,0.04515,16326680.0
2025-07-03 12:00:00,0.04515,0.04522,0.04237,0.04263,35183689.0
2025-07-03 16:00:00,0.04263,0.04295,0.0406,0.04201,28718816.0
2025-07-03 20:00:00,0.04201,0.0424,0.04159,0.04205,17706759.0
2025-07-04 00:00:00,0.04205,0.04256,0.04134,0.04221,13385027.0
2025-07-04 04:00:00,0.04224,0.04273,0.04165,0.04206,15500095.0
2025-07-04 08:00:00,0.04207,0.0428,0.04168,0.04209,15249466.0
2025-07-04 12:00:00,0.04206,0.04246,0.04119,0.04179,15958097.0
2025-07-04 16:00:00,0.04182,0.04461,0.04132,0.04405,38558218.0
2025-07-04 20:00:00,0.04404,0.04485,0.04351,0.04396,54359022.0
2025-07-05 00:00:00,0.04394,0.04494,0.04317,0.04482,23930458.0
2025-07-05 04:00:00,0.04482,0.04651,0.04456,0.04582,77638534.0
2025-07-05 08:00:00,0.04582,0.04762,0.0448,0.04658,129224978.0
2025-07-05 12:00:00,0.0466,0.04691,0.04543,0.04567,46449215.0
2025-07-05 16:00:00,0.04571,0.04615,0.04508,0.046,22525389.0
2025-07-05 20:00:00,0.04601,0.0464,0.0457,0.04592,9250710.0
2025-07-06 00:00:00,0.04592,0.04623,0.04561,0.04581,9539741.0
2025-07-06 04:00:00,0.04582,0.04634,0.04542,0.04608,11085170.0
2025-07-06 08:00:00,0.04608,0.04739,0.04561,0.04702,22748986.0
2025-07-06 12:00:00,0.04703,0.04772,0.04608,0.04664,18805529.0
2025-07-06 16:00:00,0.04664,0.04743,0.04642,0.04709,8094515.0
2025-07-06 20:00:00,0.04709,0.0477,0.04675,0.04694,7838243.0
2025-07-07 00:00:00,0.04695,0.04756,0.04656,0.04673,5970694.0
2025-07-07 04:00:00,0.04675,0.04695,0.04611,0.04663,4785225.0
2025-07-07 08:00:00,0.04663,0.04666,0.04537,0.04599,8037087.0
2025-07-07 12:00:00,0.04599,0.04667,0.04577,0.04589,4778567.0
2025-07-07 16:00:00,0.04588,0.04632,0.0457,0.04612,3407786.0
2025-07-07 20:00:00,0.04611,0.04629,0.04553,0.04598,3288379.0
2025-07-08 00:00:00,0.04598,0.04652,0.04594,0.04621,5990987.0
2025-07-08 04:00:00,0.04621,0.04712,0.046,0.04674,4930506.0
2025-07-08 08:00:00,0.04674,0.04739,0.04612,0.04722,6631297.0
2025-07-08 12:00:00,0.04723,0.04726,0.04626,0.04666,4493573.0
2025-07-08 16:00:00,0.04665,0.04725,0.0466,0.04724,3460871.0
2025-07-08 20:00:00,0.04726,0.04743,0.04696,0.0474,2775569.0
2025-07-09 00:00:00,0.04739,0.04787,0.04683,0.04725,7098949.0
2025-07-09 04:00:00,0.04727,0.04778,0.04675,0.04763,4393991.0
2025-07-09 08:00:00,0.04762,0.04886,0.04736,0.04835,22507807.0
2025-07-09 12:00:00,0.04834,0.04876,0.048,0.04811,4817096.0
2025-07-09 16:00:00,0.04811,0.04887,0.04805,0.04851,6531834.0
2025-07-09 20:00:00,0.04853,0.049,0.0483,0.04872,4809098.0
2025-07-10 00:00:00,0.04873,0.04924,0.04778,0.04897,6591089.0
2025-07-10 04:00:00,0.04897,0.04926,0.04837,0.04853,7606409.0
2025-07-10 08:00:00,0.04854,0.0495,0.04821,0.04873,7479436.0
2025-07-10 12:00:00,0.04874,0.0491,0.04834,0.04882,7967566.0
2025-07-10 16:00:00,0.04884,0.0504,0.04876,0.05009,8865150.0
2025-07-10 20:00:00,0.05011,0.05151,0.05008,0.05123,13226816.0
2025-07-11 00:00:00,0.05123,0.05255,0.05042,0.05207,18465059.0
2025-07-11 04:00:00,0.05207,0.05292,0.05118,0.0515,11089154.0
2025-07-11 08:00:00,0.05151,0.05275,0.05151,0.05227,7154988.0
2025-07-11 12:00:00,0.05226,0.05278,0.05108,0.05139,11946504.0
2025-07-11 16:00:00,0.05144,0.05223,0.05124,0.05197,7743393.0
2025-07-11 20:00:00,0.05196,0.05201,0.04918,0.04994,12711748.0
2025-07-12 00:00:00,0.04992,0.05099,0.04963,0.05034,4859788.0
2025-07-12 04:00:00,0.05031,0.05073,0.04977,0.05066,4007958.0
2025-07-12 08:00:00,0.05067,0.05088,0.04965,0.04969,5887643.0
2025-07-12 12:00:00,0.04972,0.04987,0.04727,0.04775,11862023.0
2025-07-12 16:00:00,0.04778,0.04858,0.04764,0.04814,2615458.0
2025-07-12 20:00:00,0.04814,0.04855,0.04777,0.04847,2600722.0
2025-07-13 00:00:00,0.04847,0.0498,0.04842,0.04927,6020860.0
2025-07-13 04:00:00,0.04928,0.05079,0.04913,0.05026,5633205.0
2025-07-13 08:00:00,0.05028,0.05065,0.04954,0.05052,4517268.0
2025-07-13 12:00:00,0.05052,0.05145,0.05018,0.05113,6118053.0
2025-07-13 16:00:00,0.05113,0.05135,0.05024,0.05069,2813170.0
2025-07-13 20:00:00,0.05071,0.05111,0.0496,0.04999,3606913.0
2025-07-14 00:00:00,0.05004,0.05172,0.04997,0.05154,6977378.0
2025-07-14 04:00:00,0.05154,0.05212,0.05087,0.05206,7644509.0
2025-07-14 08:00:00,0.05206,0.05214,0.04981,0.05101,9112057.0
2025-07-14 12:00:00,0.05101,0.0512,0.04987,0.05005,6985308.0
2025-07-14 16:00:00,0.05005,0.05012,0.04951,0.04964,3412609.0
2025-07-14 20:00:00,0.04964,0.05002,0.04922,0.04985,1897017.0
2025-07-15 00:00:00,0.04989,0.05011,0.0486,0.0489,4366360.0
2025-07-15 04:00:00,0.0489,0.04935,0.04864,0.0487,2680344.0
2025-07-15 08:00:00,0.04868,0.04893,0.04702,0.04778,4940426.0
2025-07-15 12:00:00,0.04777,0.04854,0.04744,0.04815,5962320.0
2025-07-15 16:00:00,0.04817,0.04897,0.04814,0.0483,4246004.0
2025-07-15 20:00:00,0.04829,0.04924,0.04818,0.04921,2953257.0
2025-07-16 00:00:00,0.0492,0.04927,0.04828,0.04863,4437773.0
2025-07-16 04:00:00,0.04864,0.04913,0.04846,0.04912,2972206.0
2025-07-16 08:00:00,0.04909,0.0494,0.04892,0.04937,3524125.0
2025-07-16 12:00:00,0.0494,0.05079,0.04929,0.05019,9899104.0
2025-07-16 16:00:00,0.05018,0.05153,0.05014,0.05086,6694816.0
2025-07-16 20:00:00,0.05085,0.05191,0.05084,0.05127,6763985.0
2025-07-17 00:00:00,0.05127,0.0531,0.0511,0.05172,14050055.0
2025-07-17 04:00:00,0.05173,0.05252,0.0515,0.05204,7107229.0
2025-07-17 08:00:00,0.05202,0.05245,0.05114,0.05149,7223349.0
2025-07-17 12:00:00,0.05147,0.05173,0.05034,0.05061,8586660.0
2025-07-17 16:00:00,0.05064,0.0508,0.04987,0.05029,4599303.0
2025-07-17 20:00:00,0.05032,0.0513,0.04996,0.05105,4646401.0
2025-07-18 00:00:00,0.05102,0.05171,0.05071,0.05155,4070420.0
2025-07-18 04:00:00,0.05155,0.05277,0.05145,0.05235,5941473.0
2025-07-18 08:00:00,0.05235,0.05279,0.05166,0.0517,6342624.0
2025-07-18 12:00:00,0.05166,0.05417,0.05165,0.05399,16852052.0
2025-07-18 16:00:00,0.05399,0.0549,0.0534,0.05357,15018182.0
2025-07-18 20:00:00,0.05358,0.05427,0.05257,0.05397,7757884.0
2025-07-19 00:00:00,0.05397,0.05614,0.05304,0.05592,13290276.0
2025-07-19 04:00:00,0.05593,0.05632,0.05368,0.05436,16136232.0
2025-07-19 08:00:00,0.05438,0.05509,0.05365,0.05418,11502468.0
2025-07-19 12:00:00,0.05416,0.055,0.05167,0.05203,17138001.0
2025-07-19 16:00:00,0.05202,0.05287,0.05175,0.05245,4095055.0
2025-07-19 20:00:00,0.05245,0.05296,0.05192,0.05293,3774083.0
2025-07-20 00:00:00,0.05294,0.05345,0.05248,0.05303,2754773.0
2025-07-20 04:00:00,0.05304,0.05372,0.05292,0.05361,3120495.0
2025-07-20 08:00:00,0.05362,0.0544,0.05355,0.05434,3124034.0
2025-07-20 12:00:00,0.05434,0.0545,0.05237,0.05373,8569099.0
2025-07-20 16:00:00,0.05375,0.0542,0.05345,0.0537,3282077.0
2025-07-20 20:00:00,0.05367,0.05451,0.05337,0.05433,3448956.0
2025-07-21 00:00:00,0.05431,0.05551,0.05301,0.05526,8726717.0
2025-07-21 04:00:00,0.05524,0.05557,0.05322,0.05476,8563533.0
2025-07-21 08:00:00,0.05476,0.05698,0.05467,0.05647,7263320.0
2025-07-21 12:00:00,0.05644,0.0568,0.05509,0.05601,7882582.0
2025-07-21 16:00:00,0.05601,0.05617,0.05406,0.05478,7148693.0
2025-07-21 20:00:00,0.0548,0.05616,0.05396,0.05592,5586254.0
2025-07-22 00:00:00,0.05593,0.05616,0.05482,0.05579,4134354.0
2025-07-22 04:00:00,0.0558,0.05677,0.05432,0.05636,9755594.0
2025-07-22 08:00:00,0.05636,0.05642,0.05467,0.05545,11406977.0
2025-07-22 12:00:00,0.05548,0.05593,0.05329,0.05376,12332311.0
2025-07-22 16:00:00,0.05376,0.05455,0.05332,0.05407,4815354.0
2025-07-22 20:00:00,0.05406,0.05511,0.05397,0.05498,3362788.0
2025-07-23 00:00:00,0.05497,0.05533,0.0547,0.05512,2794698.0
2025-07-23 04:00:00,0.05512,0.05626,0.0551,0.05604,6720495.0
2025-07-23 08:00:00,0.05606,0.0564,0.05508,0.05619,5732824.0
2025-07-23 12:00:00,0.05616,0.0565,0.05463,0.05536,8170456.0
2025-07-23 16:00:00,0.05535,0.05544,0.05315,0.05389,8918094.0
2025-07-23 20:00:00,0.05389,0.05433,0.0519,0.05421,8956862.0
2025-07-24 00:00:00,0.05421,0.05496,0.05406,0.05436,3820404.0
2025-07-24 04:00:00,0.05437,0.05508,0.05114,0.05271,10302716.0
2025-07-24 08:00:00,0.05273,0.05547,0.05257,0.05433,9161842.0
2025-07-24 12:00:00,0.05433,0.05522,0.0539,0.0548,6616740.0
2025-07-24 16:00:00,0.05484,0.05511,0.05378,0.05387,4780378.0
2025-07-24 20:00:00,0.05389,0.05435,0.05322,0.05359,2224019.0
2025-07-25 00:00:00,0.05362,0.05363,0.05235,0.05268,4447979.0
2025-07-25 04:00:00,0.05267,0.05268,0.05094,0.05133,8990067.0
2025-07-25 08:00:00,0.05134,0.05157,0.05023,0.05121,5853604.0
2025-07-25 12:00:00,0.05117,0.05143,0.05013,0.0505,4084638.0
2025-07-25 16:00:00,0.05048,0.05135,0.05043,0.0507,2993753.0
2025-07-25 20:00:00,0.05073,0.05182,0.05071,0.05182,2608198.0
2025-07-26 00:00:00,0.05181,0.0524,0.05159,0.05209,4262652.0
2025-07-26 04:00:00,0.0521,0.05254,0.05178,0.05178,3130768.0
2025-07-26 08:00:00,0.05179,0.05224,0.05149,0.05201,2588439.0
2025-07-26 12:00:00,0.05203,0.05204,0.0514,0.05169,1716280.0
2025-07-26 16:00:00,0.05171,0.05217,0.05155,0.05199,1778770.0
2025-07-26 20:00:00,0.05201,0.05213,0.05162,0.05172,1622332.0
2025-07-27 00:00:00,0.05172,0.05249,0.05142,0.05196,2411515.0
2025-07-27 04:00:00,0.05196,0.05223,0.05187,0.05217,1452985.0
2025-07-27 08:00:00,0.0522,0.05249,0.05185,0.05197,2625399.0
2025-07-27 12:00:00,0.05197,0.05217,0.05092,0.05185,6562104.0
2025-07-27 16:00:00,0.05188,0.05254,0.05168,0.05248,3057030.0
2025-07-27 20:00:00,0.05243,0.05397,0.05232,0.05323,3773279.0
2025-07-28 00:00:00,0.05324,0.05346,0.05264,0.05317,2626885.0
2025-07-28 04:00:00,0.05318,0.05363,0.05252,0.05316,3147293.0
2025-07-28 08:00:00,0.0532,0.06033,0.05297,0.05943,44478990.0
2025-07-28 12:00:00,0.0594,0.06855,0.05933,0.06381,484508946.0
2025-07-28 16:00:00,0.06384,0.06888,0.05719,0.05862,188200692.0
2025-07-28 20:00:00,0.05862,0.05868,0.05645,0.05779,36039864.0
2025-07-29 00:00:00,0.05774,0.05898,0.05484,0.05665,46609246.0
2025-07-29 04:00:00,0.05664,0.06021,0.05498,0.05847,76164864.0
2025-07-29 08:00:00,0.05851,0.06166,0.05601,0.05704,71078868.0
2025-07-29 12:00:00,0.05707,0.05917,0.05614,0.05697,24208260.0
2025-07-29 16:00:00,0.05694,0.06078,0.05662,0.06001,24929978.0
2025-07-29 20:00:00,0.06007,0.06188,0.05926,0.06081,25500068.0
2025-07-30 00:00:00,0.06081,0.06175,0.05868,0.06117,18797209.0
2025-07-30 04:00:00,0.06114,0.06318,0.06073,0.06162,35471077.0
2025-07-30 08:00:00,0.06159,0.06249,0.05822,0.05865,39092536.0
2025-07-30 12:00:00,0.05865,0.05875,0.05673,0.05764,16755042.0
2025-07-30 16:00:00,0.05764,0.05935,0.05639,0.05915,9228775.0
2025-07-30 20:00:00,0.05915,0.06024,0.0589,0.05989,5101260.0
2025-07-31 00:00:00,0.05989,0.05989,0.05876,0.05924,4497032.0
2025-07-31 04:00:00,0.05924,0.06059,0.05886,0.06003,4938161.0
2025-07-31 08:00:00,0.05998,0.06056,0.0589,0.05953,6892237.0
2025-07-31 12:00:00,0.05952,0.05953,0.05778,0.05918,5471138.0
2025-07-31 16:00:00,0.05917,0.05963,0.05837,0.05903,4107797.0
2025-07-31 20:00:00,0.059,0.05963,0.05721,0.05816,7446422.0
2025-08-01 00:00:00,0.05817,0.05942,0.05793,0.05905,6007122.0
2025-08-01 04:00:00,0.05906,0.05912,0.05756,0.05858,6318107.0
2025-08-01 08:00:00,0.05856,0.0603,0.05794,0.06004,9758101.0
2025-08-01 12:00:00,0.06,0.06002,0.05735,0.05838,9338664.0
2025-08-01 16:00:00,0.05835,0.05883,0.05486,0.0567,21105271.0
2025-08-01 20:00:00,0.05668,0.05714,0.05343,0.05503,14990228.0
2025-08-02 00:00:00,0.05505,0.05518,0.05432,0.05475,2670117.0
2025-08-02 04:00:00,0.05478,0.05498,0.05346,0.05431,3140053.0
2025-08-02 08:00:00,0.05433,0.05436,0.05273,0.05309,6645012.0
2025-08-02 12:00:00,0.05306,0.05433,0.05179,0.05286,8235498.0
2025-08-02 16:00:00,0.05285,0.05349,0.05224,0.05262,5504350.0
2025-08-02 20:00:00,0.05258,0.05316,0.05187,0.05271,2681888.0
2025-08-03 00:00:00,0.0527,0.05353,0.05245,0.0529,2482561.0
2025-08-03 04:00:00,0.05288,0.05336,0.05247,0.05312,1263243.0
2025-08-03 08:00:00,0.05308,0.05345,0.05261,0.05284,2123508.0
2025-08-03 12:00:00,0.05287,0.05406,0.05287,0.05326,3765911.0
2025-08-03 16:00:00,0.05325,0.05392,0.0531,0.0536,1566328.0
2025-08-03 20:00:00,0.05358,0.05377,0.05256,0.05313,3189127.0
2025-08-04 00:00:00,0.05313,0.05397,0.05268,0.05288,6277151.0
2025-08-04 04:00:00,0.05288,0.05311,0.05262,0.05292,1516654.0
2025-08-04 08:00:00,0.05291,0.05402,0.05252,0.05333,5948214.0
2025-08-04 12:00:00,0.05337,0.05414,0.05326,0.05366,3198873.0
2025-08-04 16:00:00,0.05364,0.05522,0.05361,0.05512,7442868.0
2025-08-04 20:00:00,0.05509,0.05569,0.05484,0.05517,1428001.0
2025-08-05 00:00:00,0.05519,0.05575,0.05451,0.05456,2582776.0
2025-08-05 04:00:00,0.05457,0.05473,0.05372,0.05412,3277923.0
2025-08-05 08:00:00,0.05411,0.05519,0.05403,0.05507,5207315.0
2025-08-05 12:00:00,0.05506,0.05537,0.05434,0.05522,7504941.0
2025-08-05 16:00:00,0.05522,0.05859,0.05488,0.05716,19082276.0
2025-08-05 20:00:00,0.05718,0.05845,0.0569,0.05838,5263910.0
2025-08-06 00:00:00,0.05843,0.05882,0.05521,0.05648,13012144.0
2025-08-06 04:00:00,0.0565,0.05841,0.0563,0.05805,9670723.0
2025-08-06 08:00:00,0.05801,0.05815,0.05651,0.05723,7441952.0
2025-08-06 12:00:00,0.05724,0.05825,0.05653,0.05772,7580326.0
2025-08-06 16:00:00,0.05772,0.0609,0.05752,0.06057,18278593.0
2025-08-06 20:00:00,0.06053,0.06145,0.06003,0.06113,4901013.0
2025-08-07 00:00:00,0.06113,0.06221,0.06049,0.06058,6473177.0
2025-08-07 04:00:00,0.06065,0.06172,0.05975,0.06012,5673566.0
2025-08-07 08:00:00,0.06013,0.07742,0.05983,0.07214,160604707.0
2025-08-07 12:00:00,0.07213,0.07658,0.06741,0.07182,105726888.0
2025-08-07 16:00:00,0.07182,0.07971,0.07053,0.07773,121394368.0
2025-08-07 20:00:00,0.07774,0.07871,0.07382,0.07775,38608207.0
2025-08-08 00:00:00,0.07778,0.09684,0.07532,0.08654,242821287.0
2025-08-08 04:00:00,0.08659,0.089,0.08075,0.08631,142459173.0
2025-08-08 08:00:00,0.08622,0.10514,0.08584,0.09935,457252265.0
2025-08-08 12:00:00,0.09934,0.10972,0.08421,0.10066,639969034.0
2025-08-08 16:00:00,0.10057,0.102,0.07196,0.07423,439480705.0
2025-08-08 20:00:00,0.07421,0.07697,0.07086,0.07419,69427165.0
2025-08-09 00:00:00,0.07417,0.07761,0.07128,0.07588,47052550.0
2025-08-09 04:00:00,0.07587,0.07839,0.07328,0.07789,65843758.0
2025-08-09 08:00:00,0.07789,0.08178,0.0775,0.08027,85619132.0
2025-08-09 12:00:00,0.08024,0.0947,0.07911,0.09343,127458616.0
2025-08-09 16:00:00,0.09344,0.10425,0.09321,0.10328,106442104.0
2025-08-09 20:00:00,0.10334,0.11401,0.10149,0.113,121826977.0
2025-08-10 00:00:00,0.11297,0.13586,0.09801,0.11743,592518788.0
2025-08-10 04:00:00,0.11742,0.128,0.11631,0.12145,189550941.0
2025-08-10 08:00:00,0.12143,0.13343,0.1145,0.1269,242213224.0
2025-08-10 12:00:00,0.12692,0.12911,0.10911,0.11167,283134657.0
2025-08-10 16:00:00,0.11167,0.11728,0.10912,0.11375,84599402.0
2025-08-10 20:00:00,0.11378,0.11749,0.1125,0.11596,33827976.0
2025-08-11 00:00:00,0.11596,0.12119,0.11301,0.12024,43000824.0
2025-08-11 04:00:00,0.12022,0.12162,0.11164,0.11196,29617778.0
2025-08-11 08:00:00,0.11193,0.11245,0.10077,0.10176,63112869.0
2025-08-11 12:00:00,0.10177,0.1049,0.09886,0.10092,47055797.0
2025-08-11 16:00:00,0.10093,0.10393,0.09852,0.09882,26674465.0
2025-08-11 20:00:00,0.09883,0.10122,0.09549,0.09649,25169696.0
2025-08-12 00:00:00,0.09654,0.10239,0.09648,0.09901,21112789.0
2025-08-12 04:00:00,0.09899,0.0997,0.09466,0.0948,25205103.0
2025-08-12 08:00:00,0.09481,0.09618,0.0937,0.09496,18740281.0
2025-08-12 12:00:00,0.0949,0.09679,0.0912,0.09561,29415702.0
2025-08-12 16:00:00,0.0956,0.09581,0.09168,0.09272,14937557.0
2025-08-12 20:00:00,0.09271,0.09299,0.09022,0.09058,13137501.0
2025-08-13 00:00:00,0.09054,0.09303,0.08818,0.09287,19429156.0
2025-08-13 04:00:00,0.09289,0.0929,0.09058,0.0919,10104178.0
2025-08-13 08:00:00,0.0919,0.0965,0.09056,0.09354,20666543.0
2025-08-13 12:00:00,0.09354,0.0947,0.09025,0.09053,17022018.0
2025-08-13 16:00:00,0.09052,0.09258,0.08926,0.09087,9865938.0
2025-08-13 20:00:00,0.09087,0.09138,0.08945,0.09042,6529188.0
2025-08-14 00:00:00,0.09043,0.09082,0.08836,0.09004,7778288.0
2025-08-14 04:00:00,0.09008,0.09106,0.08634,0.08723,13702440.0
2025-08-14 08:00:00,0.08723,0.08971,0.08585,0.08803,9572652.0
2025-08-14 12:00:00,0.08801,0.08872,0.07745,0.08432,30058052.0
2025-08-14 16:00:00,0.08428,0.08513,0.08219,0.08229,7467516.0
2025-08-14 20:00:00,0.08236,0.08331,0.08135,0.0828,4725951.0
2025-08-15 00:00:00,0.0828,0.08331,0.08196,0.08311,3961383.0
2025-08-15 04:00:00,0.0831,0.08498,0.08275,0.0834,6752568.0
2025-08-15 08:00:00,0.08341,0.08388,0.0825,0.0829,5405850.0
2025-08-15 12:00:00,0.08289,0.08381,0.08002,0.08067,9713162.0
2025-08-15 16:00:00,0.08065,0.08158,0.08023,0.08073,5671103.0
2025-08-15 20:00:00,0.08071,0.08209,0.08051,0.08144,3327994.0
2025-08-16 00:00:00,0.08142,0.08257,0.08123,0.08234,2936381.0
2025-08-16 04:00:00,0.08235,0.0882,0.08211,0.08618,19937559.0
2025-08-16 08:00:00,0.08618,0.0925,0.08537,0.09021,30154778.0
2025-08-16 12:00:00,0.09029,0.09376,0.08396,0.08447,50107833.0
2025-08-16 16:00:00,0.08447,0.08549,0.08396,0.08473,8471512.0
2025-08-16 20:00:00,0.08469,0.08491,0.0836,0.08412,4834521.0
2025-08-17 00:00:00,0.08411,0.08482,0.08354,0.08393,7177049.0
2025-08-17 04:00:00,0.08398,0.08484,0.08351,0.0841,4969063.0
2025-08-17 08:00:00,0.08412,0.08446,0.08354,0.08428,5086434.0
2025-08-17 12:00:00,0.08421,0.08428,0.08114,0.08299,12310412.0
2025-08-17 16:00:00,0.08294,0.08323,0.08155,0.08166,6843456.0
2025-08-17 20:00:00,0.08168,0.08226,0.08078,0.08113,5706495.0
2025-08-18 00:00:00,0.08112,0.08145,0.07606,0.07738,16697688.0
2025-08-18 04:00:00,0.0774,0.07852,0.07447,0.07573,13744616.0
2025-08-18 08:00:00,0.07574,0.07647,0.07483,0.07604,8474216.0
2025-08-18 12:00:00,0.07606,0.0778,0.07586,0.07711,10203795.0
2025-08-18 16:00:00,0.07704,0.07963,0.07703,0.07841,13713018.0
2025-08-18 20:00:00,0.07845,0.07955,0.07784,0.07838,5237927.0
2025-08-19 00:00:00,0.07843,0.07911,0.07747,0.07843,7400919.0
2025-08-19 04:00:00,0.0784,0.07887,0.0767,0.07732,6125621.0
2025-08-19 08:00:00,0.07732,0.07939,0.07702,0.07879,7420333.0
2025-08-19 12:00:00,0.07874,0.07875,0.07653,0.07787,8274788.0
2025-08-19 16:00:00,0.07785,0.07785,0.07514,0.07699,10068762.0
2025-08-19 20:00:00,0.07704,0.07828,0.07612,0.07664,5150292.0
2025-08-20 00:00:00,0.07664,0.07913,0.07618,0.07841,5206971.0
2025-08-20 04:00:00,0.07846,0.0798,0.07842,0.07946,5789305.0
2025-08-20 08:00:00,0.07949,0.08276,0.07911,0.08228,8293074.0
2025-08-20 12:00:00,0.0823,0.0926,0.08215,0.09196,95099633.0
2025-08-20 16:00:00,0.09196,0.097,0.08973,0.09474,187763962.0
2025-08-20 20:00:00,0.09474,0.09587,0.09131,0.09165,41895935.0
2025-08-21 00:00:00,0.09158,0.09623,0.09086,0.09177,51294838.0
2025-08-21 04:00:00,0.09176,0.09492,0.09175,0.09419,35604296.0
2025-08-21 08:00:00,0.09419,0.0945,0.09165,0.09302,41600118.0
2025-08-21 12:00:00,0.093,0.09525,0.09245,0.09284,32406428.0
2025-08-21 16:00:00,0.09284,0.09528,0.09225,0.09483,16233960.0
2025-08-21 20:00:00,0.09476,0.09662,0.09428,0.09537,17075934.0
2025-08-22 00:00:00,0.09539,0.09607,0.09341,0.09392,12634459.0
2025-08-22 04:00:00,0.09397,0.09509,0.09194,0.09282,14201731.0
2025-08-22 08:00:00,0.09283,0.09345,0.09185,0.09194,8939272.0
2025-08-22 12:00:00,0.09199,0.09302,0.08824,0.09216,33935635.0
2025-08-22 16:00:00,0.09221,0.09497,0.0921,0.09348,10103308.0
2025-08-22 20:00:00,0.09349,0.0944,0.09191,0.09376,8856486.0
2025-08-23 00:00:00,0.09376,0.09389,0.08894,0.09023,10527581.0
2025-08-23 04:00:00,0.09023,0.09131,0.08914,0.09037,8261400.0
2025-08-23 08:00:00,0.09036,0.09036,0.087,0.08741,10931672.0
2025-08-23 12:00:00,0.08742,0.08787,0.08661,0.08736,7622867.0
2025-08-23 16:00:00,0.08736,0.0882,0.08554,0.08682,6816194.0
2025-08-23 20:00:00,0.08683,0.08718,0.07394,0.08549,57239846.0
2025-08-24 00:00:00,0.08552,0.08668,0.08512,0.08587,6581348.0
2025-08-24 04:00:00,0.08587,0.08603,0.08469,0.08478,6766307.0
2025-08-24 08:00:00,0.08478,0.0863,0.08431,0.08604,7890576.0
2025-08-24 12:00:00,0.08604,0.08978,0.08577,0.08947,10424533.0
2025-08-24 16:00:00,0.08945,0.09338,0.08747,0.09138,22277494.0
2025-08-24 20:00:00,0.09138,0.09275,0.09043,0.09189,11047398.0
2025-08-25 00:00:00,0.09193,0.09198,0.08933,0.08978,9495034.0
2025-08-25 04:00:00,0.08982,0.09118,0.08776,0.08804,8001153.0
2025-08-25 08:00:00,0.08801,0.08823,0.0864,0.0871,8129946.0
2025-08-25 12:00:00,0.08714,0.08774,0.08614,0.08646,6074486.0
2025-08-25 16:00:00,0.08646,0.08711,0.08562,0.08581,5289351.0
2025-08-25 20:00:00,0.08583,0.08602,0.08403,0.08483,7898194.0
2025-08-26 00:00:00,0.08481,0.08715,0.08446,0.08658,3945011.0
2025-08-26 04:00:00,0.08658,0.08857,0.08586,0.08814,4103496.0
2025-08-26 08:00:00,0.08814,0.0891,0.08719,0.08874,6434605.0
2025-08-26 12:00:00,0.08873,0.09283,0.08858,0.09163,13679061.0
2025-08-26 16:00:00,0.09161,0.09264,0.08966,0.09113,10674822.0
2025-08-26 20:00:00,0.0911,0.09162,0.09053,0.09067,4333506.0
2025-08-27 00:00:00,0.09068,0.09126,0.08998,0.09107,4022104.0
2025-08-27 04:00:00,0.09108,0.09127,0.08858,0.08897,4011839.0
2025-08-27 08:00:00,0.08897,0.08918,0.08806,0.08903,3391632.0
2025-08-27 12:00:00,0.08906,0.08925,0.08812,0.08922,3496160.0
2025-08-27 16:00:00,0.08922,0.08966,0.08845,0.08897,4166501.0
2025-08-27 20:00:00,0.08896,0.09064,0.08848,0.08905,5466463.0
2025-08-28 00:00:00,0.08904,0.09098,0.08838,0.09088,3734595.0
2025-08-28 04:00:00,0.09094,0.09571,0.09094,0.09491,10873559.0
2025-08-28 08:00:00,0.09492,0.1026,0.09424,0.1019,33100488.0
2025-08-28 12:00:00,0.10186,0.10428,0.09278,0.09347,59405303.0
2025-08-28 16:00:00,0.09347,0.09381,0.09075,0.09229,18516981.0
2025-08-28 20:00:00,0.09232,0.09341,0.09187,0.09294,8836638.0
2025-08-29 00:00:00,0.09292,0.09335,0.09233,0.09259,5370378.0
2025-08-29 04:00:00,0.09256,0.09289,0.08657,0.08683,15757696.0
2025-08-29 08:00:00,0.08686,0.0874,0.08535,0.08584,14438855.0
2025-08-29 12:00:00,0.08584,0.08729,0.08545,0.08645,8814599.0
2025-08-29 16:00:00,0.08643,0.08654,0.08486,0.08616,5520128.0
2025-08-29 20:00:00,0.08617,0.0908,0.08588,0.09051,5562757.0
2025-08-30 00:00:00,0.09055,0.0921,0.08827,0.09176,6156705.0
2025-08-30 04:00:00,0.09176,0.09209,0.091,0.09157,2521400.0
2025-08-30 08:00:00,0.09157,0.09236,0.0902,0.09053,3316824.0
2025-08-30 12:00:00,0.09053,0.09204,0.08852,0.09113,5174749.0
2025-08-30 16:00:00,0.09114,0.09217,0.08996,0.09138,3668717.0
2025-08-30 20:00:00,0.09139,0.092,0.09065,0.09162,1945408.0
2025-08-31 00:00:00,0.09166,0.09388,0.09164,0.09357,4124988.0
2025-08-31 04:00:00,0.09352,0.09356,0.09119,0.09233,3885984.0
2025-08-31 08:00:00,0.09232,0.09233,0.09055,0.09139,2602671.0
2025-08-31 12:00:00,0.09138,0.09151,0.09058,0.09089,1568569.0
2025-08-31 16:00:00,0.09089,0.09227,0.09083,0.09179,2308673.0
2025-08-31 20:00:00,0.09179,0.09403,0.09161,0.09229,4831488.0
2025-09-01 00:00:00,0.09237,0.09257,0.09069,0.09111,4201986.0
2025-09-01 04:00:00,0.09109,0.0917,0.08963,0.09158,4276940.0
2025-09-01 08:00:00,0.09158,0.09202,0.08967,0.08974,4716918.0
2025-09-01 12:00:00,0.08974,0.09039,0.08911,0.08919,2500818.0
2025-09-01 16:00:00,0.0892,0.09064,0.08872,0.08933,2899100.0
2025-09-01 20:00:00,0.08934,0.09196,0.08823,0.09044,3445752.0
2025-09-02 00:00:00,0.09045,0.09245,0.09028,0.09194,2140154.0
2025-09-02 04:00:00,0.09196,0.09283,0.09173,0.09268,1408265.0
2025-09-02 08:00:00,0.09269,0.0971,0.09256,0.09406,16646558.0
2025-09-02 12:00:00,0.09411,0.09632,0.09199,0.09418,9261485.0
2025-09-02 16:00:00,0.09419,0.09577,0.0938,0.09456,3123921.0
2025-09-02 20:00:00,0.09457,0.09595,0.09438,0.09486,1994356.0
2025-09-03 00:00:00,0.09486,0.09566,0.0935,0.09451,4491325.0
2025-09-03 04:00:00,0.09451,0.09467,0.09248,0.09311,5330750.0
2025-09-03 08:00:00,0.09308,0.0938,0.09281,0.09323,3490710.0
2025-09-03 12:00:00,0.09323,0.09455,0.09312,0.09426,2030780.0
2025-09-03 16:00:00,0.09426,0.09437,0.09257,0.09317,1748888.0
2025-09-03 20:00:00,0.09318,0.09321,0.09065,0.09149,3446210.0
2025-09-04 00:00:00,0.0915,0.09272,0.09015,0.09028,6440931.0
2025-09-04 04:00:00,0.09029,0.09085,0.0891,0.08936,3896021.0
2025-09-04 08:00:00,0.08934,0.0899,0.08918,0.08971,1567763.0
2025-09-04 12:00:00,0.08973,0.09041,0.0888,0.09031,2389657.0
2025-09-04 16:00:00,0.09032,0.09323,0.08954,0.09152,6714274.0
2025-09-04 20:00:00,0.09153,0.09289,0.09153,0.09168,1864905.0
2025-09-05 00:00:00,0.09165,0.093,0.09155,0.09165,3382086.0
2025-09-05 04:00:00,0.09166,0.09256,0.09122,0.09234,3593473.0
2025-09-05 08:00:00,0.09241,0.09313,0.09205,0.09208,1500137.0
2025-09-05 12:00:00,0.09208,0.09269,0.08997,0.091,4859808.0
2025-09-05 16:00:00,0.09098,0.0914,0.09029,0.091,2542124.0
2025-09-05 20:00:00,0.09098,0.09139,0.09017,0.09074,1961305.0
2025-09-06 00:00:00,0.09073,0.09169,0.09065,0.09147,877631.0
2025-09-06 04:00:00,0.09148,0.09168,0.09007,0.0905,1140290.0
2025-09-06 08:00:00,0.09048,0.09065,0.08381,0.08575,14373680.0
2025-09-06 12:00:00,0.08579,0.08708,0.08508,0.08584,5330800.0
2025-09-06 16:00:00,0.08584,0.08668,0.0849,0.0851,3809546.0
2025-09-06 20:00:00,0.0851,0.08644,0.08496,0.08559,4251596.0
2025-09-07 00:00:00,0.08558,0.08763,0.08534,0.08663,4119992.0
2025-09-07 04:00:00,0.08658,0.08701,0.08572,0.08589,2384750.0
2025-09-07 08:00:00,0.08589,0.08617,0.08512,0.08589,2375421.0
2025-09-07 12:00:00,0.0859,0.08661,0.08458,0.08609,3004793.0
2025-09-07 16:00:00,0.08605,0.08623,0.08514,0.08604,1847946.0
2025-09-07 20:00:00,0.08604,0.08865,0.08564,0.0878,3744356.0
2025-09-08 00:00:00,0.0878,0.09369,0.08684,0.09251,9172499.0
2025-09-08 04:00:00,0.09253,0.09457,0.08992,0.09319,9879056.0
2025-09-08 08:00:00,0.09319,0.09449,0.09153,0.09232,5213118.0
2025-09-08 12:00:00,0.09235,0.09293,0.09173,0.09224,3272831.0
2025-09-08 16:00:00,0.0922,0.09228,0.08791,0.08929,7395274.0
2025-09-08 20:00:00,0.0893,0.08986,0.08879,0.0892,4248680.0
2025-09-09 00:00:00,0.08919,0.08994,0.08775,0.08849,3014511.0
2025-09-09 04:00:00,0.08849,0.09015,0.08841,0.0895,2927646.0
2025-09-09 08:00:00,0.08949,0.09062,0.08886,0.08978,4580211.0
2025-09-09 12:00:00,0.08977,0.09,0.08655,0.08702,5553835.0
2025-09-09 16:00:00,0.08702,0.08702,0.08504,0.08551,3519677.0
2025-09-09 20:00:00,0.08552,0.08753,0.08511,0.08729,2407166.0
2025-09-10 00:00:00,0.08729,0.088,0.08626,0.08713,5089539.0
2025-09-10 04:00:00,0.08713,0.09316,0.0866,0.09075,7352173.0
2025-09-10 08:00:00,0.09077,0.0908,0.08843,0.09,4050051.0
2025-09-10 12:00:00,0.08992,0.09524,0.08977,0.09275,10071885.0
2025-09-10 16:00:00,0.09282,0.09514,0.08998,0.09049,7047515.0
2025-09-10 20:00:00,0.09052,0.0929,0.09029,0.09257,1769663.0
2025-09-11 00:00:00,0.09257,0.09991,0.09178,0.09956,9772208.0
2025-09-11 04:00:00,0.09954,0.10266,0.09567,0.0986,32852838.0
2025-09-11 08:00:00,0.09852,0.10083,0.09509,0.09539,11204469.0
2025-09-11 12:00:00,0.09541,0.09575,0.09195,0.09498,7664625.0
2025-09-11 16:00:00,0.095,0.09817,0.09472,0.09632,6967672.0
2025-09-11 20:00:00,0.09632,0.09688,0.09421,0.09629,2695314.0
2025-09-12 00:00:00,0.0963,0.09639,0.0928,0.09379,3723826.0
2025-09-12 04:00:00,0.09375,0.09491,0.09367,0.09416,2047432.0
2025-09-12 08:00:00,0.09416,0.09835,0.09321,0.09486,8251365.0
2025-09-12 12:00:00,0.09481,0.10041,0.09357,0.09899,12234683.0
2025-09-12 16:00:00,0.09895,0.10166,0.09793,0.09999,11310494.0
2025-09-12 20:00:00,0.09993,0.10059,0.09824,0.09908,3625748.0
2025-09-13 00:00:00,0.09907,0.09967,0.09798,0.09885,2381801.0
2025-09-13 04:00:00,0.09888,0.09981,0.09668,0.09696,3054672.0
2025-09-13 08:00:00,0.09699,0.10044,0.09676,0.09909,3785959.0
2025-09-13 12:00:00,0.09909,0.10009,0.09718,0.09763,4311505.0
2025-09-13 16:00:00,0.09762,0.09809,0.09553,0.09666,2408986.0
2025-09-13 20:00:00,0.09665,0.098,0.09665,0.09778,1449600.0
2025-09-14 00:00:00,0.09778,0.10434,0.09737,0.0994,10226640.0
2025-09-14 04:00:00,0.09942,0.10083,0.09749,0.09922,3321140.0
2025-09-14 08:00:00,0.09921,0.10446,0.09802,0.10242,14506149.0
2025-09-14 12:00:00,0.10241,0.10677,0.10146,0.1051,20030873.0
2025-09-14 16:00:00,0.10512,0.10523,0.09299,0.09699,19338134.0
2025-09-14 20:00:00,0.09698,0.09956,0.09623,0.09691,3617120.0
2025-09-15 00:00:00,0.09692,0.09858,0.0962,0.09785,3186640.0
2025-09-15 04:00:00,0.09779,0.09886,0.09517,0.09591,3950734.0
2025-09-15 08:00:00,0.0959,0.09596,0.09187,0.09309,6981797.0
2025-09-15 12:00:00,0.0931,0.09424,0.09209,0.094,3174604.0
2025-09-15 16:00:00,0.09402,0.09832,0.09335,0.09785,5967206.0
2025-09-15 20:00:00,0.09776,0.09912,0.0975,0.09904,2520943.0
2025-09-16 00:00:00,0.09904,0.10575,0.09881,0.10438,15199693.0
2025-09-16 04:00:00,0.10425,0.10875,0.10324,0.10564,37451210.0
2025-09-16 08:00:00,0.10561,0.10838,0.10068,0.10214,36282279.0
2025-09-16 12:00:00,0.10215,0.10293,0.09836,0.10043,14091774.0
2025-09-16 16:00:00,0.10039,0.10305,0.09909,0.10231,8589770.0
2025-09-16 20:00:00,0.10222,0.10445,0.10148,0.10356,3958932.0
2025-09-17 00:00:00,0.10355,0.10369,0.10151,0.10153,3165280.0
2025-09-17 04:00:00,0.10155,0.1031,0.10082,0.10239,1637965.0
2025-09-17 08:00:00,0.10239,0.1098,0.10202,0.10912,9122461.0
2025-09-17 12:00:00,0.10919,0.11398,0.1085,0.11217,26334439.0
2025-09-17 16:00:00,0.11213,0.11353,0.11081,0.11165,11190801.0
2025-09-17 20:00:00,0.11168,0.11542,0.11029,0.11353,6323531.0
2025-09-18 00:00:00,0.11346,0.11575,0.11163,0.114,5899633.0
2025-09-18 04:00:00,0.114,0.11764,0.11358,0.11449,7748026.0
2025-09-18 08:00:00,0.11458,0.11668,0.11031,0.11069,7251450.0
2025-09-18 12:00:00,0.11062,0.11279,0.1092,0.11041,3877886.0
2025-09-18 16:00:00,0.11042,0.11076,0.1074,0.10775,3671403.0
2025-09-18 20:00:00,0.10776,0.10889,0.10668,0.10763,2470360.0
2025-09-19 00:00:00,0.10758,0.1079,0.10514,0.10529,3728699.0
2025-09-19 04:00:00,0.10537,0.10602,0.10359,0.10495,4515091.0
2025-09-19 08:00:00,0.10497,0.10643,0.1019,0.10293,3581572.0
2025-09-19 12:00:00,0.10293,0.10336,0.08799,0.09513,26040772.0
2025-09-19 16:00:00,0.09515,0.09542,0.09288,0.0935,4808908.0
2025-09-19 20:00:00,0.0935,0.09479,0.09318,0.09392,2676995.0
2025-09-20 00:00:00,0.09392,0.09406,0.09163,0.09335,2897881.0
2025-09-20 04:00:00,0.09329,0.09818,0.09321,0.09567,6156432.0
2025-09-20 08:00:00,0.09567,0.09612,0.09307,0.09557,4516554.0
2025-09-20 12:00:00,0.09555,0.09918,0.09501,0.09771,2416575.0
2025-09-20 16:00:00,0.09772,0.09919,0.09671,0.09738,2855120.0
2025-09-20 20:00:00,0.09738,0.09912,0.09718,0.09779,1323025.0
2025-09-21 00:00:00,0.09777,0.10018,0.09764,0.09825,3376843.0
2025-09-21 04:00:00,0.09821,0.0996,0.09745,0.09838,1264403.0
2025-09-21 08:00:00,0.09841,0.09851,0.09299,0.09378,4712753.0
2025-09-21 12:00:00,0.09377,0.09717,0.09369,0.09661,2445118.0
2025-09-21 16:00:00,0.09658,0.09678,0.09554,0.09584,1196911.0
2025-09-21 20:00:00,0.09585,0.09662,0.095,0.09574,737449.0
2025-09-22 00:00:00,0.09574,0.09658,0.09216,0.09501,3483951.0
2025-09-22 04:00:00,0.09499,0.09532,0.08639,0.0944,4303470.0
2025-09-22 08:00:00,0.09443,0.09568,0.09261,0.09262,2652549.0
2025-09-22 12:00:00,0.09265,0.09433,0.09073,0.09195,3282768.0
2025-09-22 16:00:00,0.09195,0.0945,0.0891,0.09321,3915621.0
2025-09-22 20:00:00,0.09327,0.09371,0.0925,0.09321,792458.0
2025-09-23 00:00:00,0.09321,0.09526,0.09124,0.0931,2015332.0
2025-09-23 04:00:00,0.09307,0.09347,0.09198,0.09288,1432056.0
2025-09-23 08:00:00,0.09282,0.09345,0.09254,0.0931,989286.0
2025-09-23 12:00:00,0.0931,0.09536,0.09297,0.09482,1747691.0
2025-09-23 16:00:00,0.09488,0.10025,0.09431,0.09714,5467895.0
2025-09-23 20:00:00,0.09715,0.0995,0.09664,0.09795,2080416.0
2025-09-24 00:00:00,0.09803,0.09983,0.09646,0.0971,1892405.0
2025-09-24 04:00:00,0.0971,0.09829,0.09573,0.0976,1627683.0
2025-09-24 08:00:00,0.09758,0.09865,0.09688,0.09765,1726426.0
2025-09-24 12:00:00,0.09764,0.09871,0.0966,0.09723,2073023.0
2025-09-24 16:00:00,0.09723,0.09895,0.09675,0.09884,2003499.0
2025-09-24 20:00:00,0.0988,0.10095,0.09806,0.10043,3773586.0
2025-09-25 00:00:00,0.10053,0.10122,0.09789,0.0988,4217729.0
2025-09-25 04:00:00,0.0988,0.09897,0.09352,0.09424,3846519.0
2025-09-25 08:00:00,0.09422,0.09682,0.09418,0.0952,2236158.0
2025-09-25 12:00:00,0.09523,0.09797,0.09422,0.09668,3434819.0
2025-09-25 16:00:00,0.09666,0.09685,0.09078,0.09413,4204800.0
2025-09-25 20:00:00,0.09417,0.0944,0.09176,0.09222,1265613.0
2025-09-26 00:00:00,0.0923,0.09519,0.09215,0.09397,2184246.0
2025-09-26 04:00:00,0.09397,0.09417,0.09208,0.09332,1730425.0
2025-09-26 08:00:00,0.09332,0.09421,0.09237,0.09383,1786308.0
2025-09-26 12:00:00,0.09383,0.09604,0.09303,0.09451,2877661.0
2025-09-26 16:00:00,0.09456,0.0964,0.09437,0.09498,1762709.0
2025-09-26 20:00:00,0.09501,0.09634,0.09485,0.09567,951903.0
2025-09-27 00:00:00,0.09576,0.09604,0.09234,0.09285,2142050.0
2025-09-27 04:00:00,0.09285,0.09431,0.09282,0.09395,1067764.0
2025-09-27 08:00:00,0.09399,0.09418,0.09253,0.09386,923300.0
2025-09-27 12:00:00,0.09388,0.09864,0.09373,0.09786,3609831.0
2025-09-27 16:00:00,0.09791,0.09926,0.09646,0.09824,4682374.0
2025-09-27 20:00:00,0.09827,0.10374,0.09819,0.10289,9381357.0
2025-09-28 00:00:00,0.10289,0.10751,0.10218,0.10347,10856923.0
2025-09-28 04:00:00,0.10355,0.10614,0.09905,0.10165,15166414.0
2025-09-28 08:00:00,0.1016,0.10424,0.10021,0.1021,7224545.0
2025-09-28 12:00:00,0.10211,0.1035,0.10149,0.10291,3566622.0
2025-09-28 16:00:00,0.10281,0.105,0.10091,0.10158,5615334.0
2025-09-28 20:00:00,0.10157,0.10374,0.10157,0.10342,1415184.0
2025-09-29 00:00:00,0.10349,0.10361,0.10137,0.10241,1826008.0
2025-09-29 04:00:00,0.10244,0.10245,0.10117,0.10209,1221058.0
2025-09-29 08:00:00,0.10214,0.10308,0.09984,0.10178,1716337.0
2025-09-29 12:00:00,0.10173,0.10279,0.09937,0.10099,2129693.0
2025-09-29 16:00:00,0.10098,0.10131,0.09723,0.09893,2661533.0
2025-09-29 20:00:00,0.09891,0.1003,0.09877,0.09913,693485.0
2025-09-30 00:00:00,0.09906,0.10062,0.09876,0.09909,1283374.0
2025-09-30 04:00:00,0.09917,0.10026,0.09813,0.09839,840251.0
2025-09-30 08:00:00,0.09836,0.09911,0.09766,0.09877,1062741.0
2025-09-30 12:00:00,0.09874,0.10032,0.09636,0.09925,2110157.0
2025-09-30 16:00:00,0.09928,0.10123,0.09728,0.10123,2414071.0
2025-09-30 20:00:00,0.10123,0.10256,0.10014,0.10234,1457156.0
2025-10-01 00:00:00,0.10233,0.10254,0.09956,0.10058,2005955.0
2025-10-01 04:00:00,0.10055,0.10279,0.10036,0.10134,1405028.0
2025-10-01 08:00:00,0.1013,0.10352,0.09997,0.10099,2110797.0
2025-10-01 12:00:00,0.10094,0.10094,0.09798,0.09882,1949978.0
2025-10-01 16:00:00,0.09882,0.09903,0.09518,0.09541,3203587.0
2025-10-01 20:00:00,0.09535,0.09661,0.0949,0.09638,1639268.0
2025-10-02 00:00:00,0.09638,0.09784,0.09563,0.09729,2183727.0
2025-10-02 04:00:00,0.09729,0.09879,0.09695,0.09814,1735667.0
2025-10-02 08:00:00,0.09815,0.09943,0.09744,0.0982,1536870.0
2025-10-02 12:00:00,0.09818,0.09956,0.09707,0.09833,1642447.0
2025-10-02 16:00:00,0.09836,0.0995,0.09785,0.09912,1071946.0
2025-10-02 20:00:00,0.09904,0.10047,0.09849,0.0991,1429996.0
2025-10-03 00:00:00,0.09913,0.0993,0.09739,0.09816,2121588.0
2025-10-03 04:00:00,0.09824,0.09919,0.09651,0.09671,1062405.0
2025-10-03 08:00:00,0.09668,0.098,0.09586,0.09666,1317591.0
2025-10-03 12:00:00,0.09664,0.10019,0.09659,0.10019,1955045.0
2025-10-03 16:00:00,0.10012,0.10307,0.09773,0.10127,2926084.0
2025-10-03 20:00:00,0.10119,0.10392,0.10111,0.10179,1499391.0
2025-10-04 00:00:00,0.10184,0.10279,0.10045,0.10074,1938861.0
2025-10-04 04:00:00,0.10074,0.10355,0.1003,0.10196,2695368.0
2025-10-04 08:00:00,0.1019,0.10254,0.09927,0.10128,2183034.0
2025-10-04 12:00:00,0.10128,0.10202,0.09883,0.09914,1795470.0
2025-10-04 16:00:00,0.09921,0.10118,0.09889,0.09993,1046542.0
2025-10-04 20:00:00,0.09993,0.10127,0.09961,0.1008,593845.0
2025-10-05 00:00:00,0.10079,0.10094,0.09744,0.09933,2007940.0
2025-10-05 04:00:00,0.09941,0.10111,0.09926,0.10039,1664991.0
2025-10-05 08:00:00,0.10031,0.10163,0.09882,0.1,2654392.0
2025-10-05 12:00:00,0.10004,0.10109,0.09954,0.10023,1044367.0
2025-10-05 16:00:00,0.10028,0.10138,0.09949,0.09959,1686061.0
2025-10-05 20:00:00,0.09964,0.10111,0.09909,0.10059,776656.0
2025-10-06 00:00:00,0.10069,0.10204,0.1001,0.10046,1602509.0
2025-10-06 04:00:00,0.10048,0.10988,0.10012,0.10933,5512720.0
2025-10-06 08:00:00,0.10938,0.12178,0.106,0.1072,32584525.0
2025-10-06 12:00:00,0.10729,0.11214,0.10632,0.11036,5985113.0
2025-10-06 16:00:00,0.11049,0.1166,0.10961,0.11454,7412677.0
2025-10-06 20:00:00,0.11455,0.11693,0.11382,0.11503,3870907.0
2025-10-07 00:00:00,0.11496,0.11754,0.1128,0.1149,3210995.0
2025-10-07 04:00:00,0.11484,0.12373,0.11418,0.12119,12372239.0
2025-10-07 08:00:00,0.12119,0.12513,0.11582,0.11998,9089973.0
2025-10-07 12:00:00,0.11999,0.12278,0.11191,0.11638,14383645.0
2025-10-07 16:00:00,0.11633,0.11862,0.11286,0.11773,5444677.0
2025-10-07 20:00:00,0.1176,0.1189,0.11568,0.11586,2979681.0
2025-10-08 00:00:00,0.11598,0.12352,0.1146,0.11502,6650643.0
2025-10-08 04:00:00,0.11493,0.11918,0.11416,0.117,4583519.0
2025-10-08 08:00:00,0.11693,0.11871,0.11338,0.11525,3093021.0
2025-10-08 12:00:00,0.11521,0.11963,0.11428,0.11742,4922102.0
2025-10-08 16:00:00,0.11737,0.12033,0.11564,0.11639,3394667.0
2025-10-08 20:00:00,0.11644,0.11689,0.11211,0.11272,1698079.0
2025-10-09 00:00:00,0.11271,0.11433,0.10691,0.10983,2715541.0
2025-10-09 04:00:00,0.10994,0.10997,0.10605,0.10639,3073758.0
2025-10-09 08:00:00,0.10653,0.10802,0.105,0.10767,3192894.0
2025-10-09 12:00:00,0.10758,0.10803,0.09943,0.09999,4132022.0
2025-10-09 16:00:00,0.09993,0.10126,0.09788,0.09984,2520747.0
2025-10-09 20:00:00,0.09979,0.10168,0.0989,0.09957,1184027.0
2025-10-10 00:00:00,0.09974,0.104,0.09966,0.10187,2302246.0
2025-10-10 04:00:00,0.10196,0.10308,0.09999,0.10045,1765726.0
2025-10-10 08:00:00,0.10048,0.10191,0.10023,0.10152,1147329.0
2025-10-10 12:00:00,0.10142,0.10169,0.09568,0.09624,3637458.0
2025-10-10 16:00:00,0.096,0.09831,0.09562,0.09671,2755789.0
2025-10-10 20:00:00,0.09687,0.1044,0.05356,0.09091,26132095.0
2025-10-11 00:00:00,0.09091,0.09799,0.08766,0.09695,8975422.0
2025-10-11 04:00:00,0.09686,0.09727,0.08712,0.08766,11243260.0
2025-10-11 08:00:00,0.08766,0.09228,0.08765,0.08977,3630365.0
2025-10-11 12:00:00,0.08973,0.09739,0.0886,0.09509,6037838.0
2025-10-11 16:00:00,0.09499,0.09878,0.09242,0.09322,7081693.0
2025-10-11 20:00:00,0.0932,0.09359,0.0913,0.09268,2677913.0
2025-10-12 00:00:00,0.09264,0.09354,0.08963,0.09243,2606992.0
2025-10-12 04:00:00,0.09243,0.09668,0.0922,0.09528,2867052.0
2025-10-12 08:00:00,0.09535,0.09988,0.09466,0.09864,5039369.0
2025-10-12 12:00:00,0.09843,0.10162,0.09673,0.10146,5196130.0
2025-10-12 16:00:00,0.10133,0.1051,0.10133,0.10261,7494639.0
2025-10-12 20:00:00,0.10255,0.10394,0.09998,0.10226,2407433.0
2025-10-13 00:00:00,0.10231,0.10613,0.1011,0.10407,3716652.0
2025-10-13 04:00:00,0.10409,0.10743,0.1034,0.10605,2442625.0
2025-10-13 08:00:00,0.10608,0.10865,0.09962,0.10268,4787660.0
2025-10-13 12:00:00,0.10252,0.10659,0.10246,0.10494,3898776.0
2025-10-13 16:00:00,0.10494,0.11589,0.10442,0.11506,8692755.0
2025-10-13 20:00:00,0.11505,0.11652,0.11347,0.11523,3946545.0
2025-10-14 00:00:00,0.11535,0.1204,0.11339,0.11407,5393011.0
2025-10-14 04:00:00,0.1139,0.11543,0.10538,0.10659,8897057.0
2025-10-14 08:00:00,0.10678,0.10874,0.10302,0.10353,4962471.0
2025-10-14 12:00:00,0.10347,0.10815,0.1009,0.10733,4072713.0
2025-10-14 16:00:00,0.10726,0.11359,0.10524,0.10664,7869759.0
2025-10-14 20:00:00,0.10664,0.10759,0.10532,0.10707,2463081.0
2025-10-15 00:00:00,0.10724,0.1078,0.10418,0.105,2331061.0
2025-10-15 04:00:00,0.10501,0.10702,0.10413,0.10601,2526903.0
2025-10-15 08:00:00,0.10585,0.10639,0.10102,0.10165,2537163.0
2025-10-15 12:00:00,0.10165,0.10368,0.09926,0.10302,3546909.0
2025-10-15 16:00:00,0.10289,0.10465,0.10087,0.10187,1191709.0
2025-10-15 20:00:00,0.1018,0.10252,0.09752,0.09846,2611685.0
2025-10-16 00:00:00,0.09833,0.10009,0.09637,0.09871,2173927.0
2025-10-16 04:00:00,0.09881,0.10109,0.09876,0.10022,1278249.0
2025-10-16 08:00:00,0.10036,0.10321,0.097,0.10129,3144240.0
2025-10-16 12:00:00,0.10129,0.10206,0.09388,0.09503,3207658.0
2025-10-16 16:00:00,0.09476,0.09761,0.09323,0.09465,3671952.0
2025-10-16 20:00:00,0.09467,0.09631,0.09399,0.0955,1063063.0
2025-10-17 00:00:00,0.09559,0.09752,0.09506,0.09601,990053.0
2025-10-17 04:00:00,0.09598,0.09598,0.08786,0.0882,3565595.0
2025-10-17 08:00:00,0.0883,0.09247,0.08555,0.09191,3713215.0
2025-10-17 12:00:00,0.09197,0.09212,0.08929,0.09186,1990523.0
2025-10-17 16:00:00,0.09183,0.09393,0.08954,0.0897,2081941.0
2025-10-17 20:00:00,0.08978,0.09208,0.08975,0.09052,1305098.0
2025-10-18 00:00:00,0.0907,0.09264,0.09022,0.09212,1923416.0
2025-10-18 04:00:00,0.09202,0.09407,0.09014,0.09307,1460291.0
2025-10-18 08:00:00,0.09293,0.09321,0.09129,0.09187,1625503.0
2025-10-18 12:00:00,0.09178,0.09242,0.08935,0.09093,1744454.0
2025-10-18 16:00:00,0.09095,0.09124,0.08956,0.08983,892996.0
2025-10-18 20:00:00,0.08983,0.09102,0.08877,0.08917,557081.0
2025-10-19 00:00:00,0.08915,0.08977,0.08726,0.08816,930296.0
2025-10-19 04:00:00,0.08816,0.08886,0.08747,0.08779,790952.0
2025-10-19 08:00:00,0.08779,0.09107,0.08634,0.08989,2741819.0
2025-10-19 12:00:00,0.08988,0.09176,0.08979,0.09078,990682.0
2025-10-19 16:00:00,0.09078,0.09193,0.09028,0.09044,889070.0
2025-10-19 20:00:00,0.09042,0.0908,0.08828,0.08899,733466.0
2025-10-20 00:00:00,0.0889,0.09067,0.08743,0.09045,1977415.0
2025-10-20 04:00:00,0.09051,0.09258,0.08974,0.09127,2223587.0
2025-10-20 08:00:00,0.09123,0.09195,0.08954,0.09026,1912191.0
2025-10-20 12:00:00,0.09024,0.09067,0.08759,0.0887,2739464.0
2025-10-20 16:00:00,0.08859,0.08859,0.08502,0.08665,3966305.0
2025-10-20 20:00:00,0.08657,0.08832,0.08631,0.088,997256.0
2025-10-21 00:00:00,0.08806,0.08843,0.08628,0.08656,1085634.0
2025-10-21 04:00:00,0.08649,0.08668,0.08441,0.08612,2105915.0
2025-10-21 08:00:00,0.08605,0.08719,0.08569,0.08709,804435.0
2025-10-21 12:00:00,0.08714,0.09322,0.08573,0.08956,16881949.0
2025-10-21 16:00:00,0.08956,0.08983,0.08699,0.08721,1859414.0
2025-10-21 20:00:00,0.08717,0.08731,0.08358,0.08457,2215882.0
2025-10-22 00:00:00,0.08457,0.08586,0.08392,0.08551,1423495.0
2025-10-22 04:00:00,0.08551,0.08652,0.08475,0.08635,979219.0
2025-10-22 08:00:00,0.08624,0.0868,0.08338,0.08559,1892188.0
2025-10-22 12:00:00,0.08565,0.0875,0.08477,0.08583,2262843.0
2025-10-22 16:00:00,0.08583,0.08647,0.08402,0.08517,1276972.0
2025-10-22 20:00:00,0.08515,0.0866,0.08319,0.08624,2201518.0
2025-10-23 00:00:00,0.08628,0.08801,0.08621,0.08764,1059135.0
2025-10-23 04:00:00,0.0876,0.09076,0.08668,0.09034,4042703.0
2025-10-23 08:00:00,0.09036,0.09082,0.08754,0.08777,3790930.0
2025-10-23 12:00:00,0.08768,0.09005,0.08643,0.08947,2156344.0
2025-10-23 16:00:00,0.08948,0.09006,0.08725,0.08776,1076523.0
2025-10-23 20:00:00,0.08775,0.08862,0.08629,0.08842,880924.0
2025-10-24 00:00:00,0.08842,0.09012,0.08819,0.08919,1030037.0
2025-10-24 04:00:00,0.08906,0.09042,0.08744,0.08789,1898633.0
2025-10-24 08:00:00,0.08785,0.08818,0.0856,0.08666,1575689.0
2025-10-24 12:00:00,0.08666,0.08869,0.0858,0.08653,1584522.0
2025-10-24 16:00:00,0.08639,0.08689,0.08547,0.0861,677515.0
2025-10-24 20:00:00,0.08615,0.08729,0.08497,0.08566,1006577.0
2025-10-25 00:00:00,0.08566,0.08576,0.08459,0.08496,1434644.0
2025-10-25 04:00:00,0.08491,0.08548,0.0837,0.08496,1359341.0
2025-10-25 08:00:00,0.08501,0.0857,0.08377,0.08393,1010051.0
2025-10-25 12:00:00,0.08397,0.0851,0.08303,0.08454,1875133.0
2025-10-25 16:00:00,0.08459,0.08676,0.08454,0.08583,2176415.0
2025-10-25 20:00:00,0.0859,0.08624,0.08544,0.08555,617536.0
2025-10-26 00:00:00,0.08557,0.0865,0.08494,0.0854,1548022.0
2025-10-26 04:00:00,0.08535,0.08785,0.08507,0.08688,1786308.0
2025-10-26 08:00:00,0.08695,0.09,0.08615,0.08947,3572633.0
2025-10-26 12:00:00,0.0893,0.0893,0.08704,0.08809,2042888.0
2025-10-26 16:00:00,0.08815,0.08872,0.08715,0.08732,1219725.0
2025-10-26 20:00:00,0.08731,0.08788,0.08545,0.08725,2474251.0
2025-10-27 00:00:00,0.08733,0.08866,0.08721,0.08812,1152040.0
2025-10-27 04:00:00,0.08812,0.08938,0.08756,0.08792,1256756.0
2025-10-27 08:00:00,0.08798,0.08856,0.08638,0.08764,2154615.0
2025-10-27 12:00:00,0.08763,0.08983,0.08426,0.08499,3313464.0
2025-10-27 16:00:00,0.08499,0.08657,0.08485,0.08505,1039850.0
2025-10-27 20:00:00,0.08505,0.08673,0.08478,0.08529,1142515.0
2025-10-28 00:00:00,0.08519,0.08599,0.08436,0.08569,1526181.0
2025-10-28 04:00:00,0.08567,0.08675,0.08512,0.08554,1076293.0
2025-10-28 08:00:00,0.08555,0.08723,0.08541,0.08628,852659.0
2025-10-28 12:00:00,0.08629,0.08774,0.08413,0.08707,1961905.0
2025-10-28 16:00:00,0.08726,0.09037,0.08613,0.08933,5208653.0
2025-10-28 20:00:00,0.08927,0.08968,0.08453,0.08612,6718166.0
2025-10-29 00:00:00,0.08607,0.08607,0.08064,0.0819,5924857.0
2025-10-29 04:00:00,0.0819,0.08243,0.07902,0.08014,2376794.0
2025-10-29 08:00:00,0.08011,0.08305,0.07967,0.08286,2870999.0
2025-10-29 12:00:00,0.08276,0.08328,0.08107,0.08155,1304186.0
2025-10-29 16:00:00,0.08149,0.08401,0.08059,0.08294,1870411.0
2025-10-29 20:00:00,0.08294,0.08432,0.0826,0.08346,832478.0
2025-10-30 00:00:00,0.08346,0.08497,0.08286,0.08409,1601821.0
2025-10-30 04:00:00,0.08402,0.08519,0.08069,0.08452,3063236.0
2025-10-30 08:00:00,0.08458,0.08458,0.08161,0.08171,2842678.0
2025-10-30 12:00:00,0.0817,0.08195,0.07899,0.08111,2485551.0
2025-10-30 16:00:00,0.08111,0.08122,0.07724,0.08087,2095900.0
2025-10-30 20:00:00,0.08082,0.08261,0.07973,0.08245,1507283.0
2025-10-31 00:00:00,0.08245,0.08346,0.08212,0.08332,1222149.0
2025-10-31 04:00:00,0.0834,0.08743,0.08293,0.08399,4663810.0
2025-10-31 08:00:00,0.08394,0.08549,0.08319,0.08463,1766074.0
2025-10-31 12:00:00,0.0846,0.08667,0.08416,0.0862,2092054.0
2025-10-31 16:00:00,0.08609,0.08995,0.08421,0.08872,4512777.0
2025-10-31 20:00:00,0.08865,0.08952,0.08718,0.08816,1294930.0
2025-11-01 00:00:00,0.08816,0.08836,0.08605,0.08782,1878068.0
2025-11-01 04:00:00,0.08785,0.08815,0.08645,0.08788,922685.0
2025-11-01 08:00:00,0.08781,0.08859,0.08598,0.08738,1390017.0
2025-11-01 12:00:00,0.08736,0.08849,0.08569,0.08642,1504204.0
2025-11-01 16:00:00,0.0864,0.08789,0.08598,0.08743,1273568.0
2025-11-01 20:00:00,0.08746,0.0887,0.0867,0.08798,966911.0
2025-11-02 00:00:00,0.08795,0.08885,0.08454,0.08461,2634876.0
2025-11-02 04:00:00,0.08466,0.08724,0.08446,0.08724,1021410.0
2025-11-02 08:00:00,0.08726,0.08738,0.08464,0.08615,1264450.0
2025-11-02 12:00:00,0.08613,0.08673,0.08461,0.08475,1186201.0
2025-11-02 16:00:00,0.08468,0.0872,0.08393,0.08543,971697.0
2025-11-02 20:00:00,0.08539,0.08702,0.08502,0.08684,529969.0
2025-11-03 00:00:00,0.08659,0.0871,0.08119,0.08164,2235340.0
2025-11-03 04:00:00,0.0816,0.0831,0.08139,0.08181,1994107.0
2025-11-03 08:00:00,0.08181,0.08298,0.08081,0.08175,2111409.0
2025-11-03 12:00:00,0.08175,0.08319,0.07716,0.07879,3793338.0
2025-11-03 16:00:00,0.07879,0.08378,0.07858,0.0816,2416030.0
2025-11-03 20:00:00,0.08169,0.08195,0.07917,0.08085,1726954.0
2025-11-04 00:00:00,0.08087,0.08211,0.07914,0.07924,2247305.0
2025-11-04 04:00:00,0.0793,0.07963,0.07514,0.07565,3017065.0
2025-11-04 08:00:00,0.07562,0.07668,0.07322,0.07577,3516118.0
2025-11-04 12:00:00,0.07571,0.07683,0.0737,0.07526,2142285.0
2025-11-04 16:00:00,0.07519,0.07701,0.07263,0.07544,4500924.0
2025-11-04 20:00:00,0.0755,0.08,0.0731,0.07829,5516661.0
2025-11-05 00:00:00,0.07828,0.07844,0.074,0.07699,2812195.0
2025-11-05 04:00:00,0.07693,0.07732,0.07516,0.07659,1160375.0
2025-11-05 08:00:00,0.07652,0.07691,0.07452,0.07573,2082628.0
2025-11-05 12:00:00,0.07562,0.07662,0.07423,0.07633,1531085.0
2025-11-05 16:00:00,0.0764,0.07845,0.07526,0.07716,2128496.0
2025-11-05 20:00:00,0.07704,0.07863,0.07617,0.07823,1302668.0
2025-11-06 00:00:00,0.07829,0.07859,0.07539,0.07817,1394091.0
2025-11-06 04:00:00,0.07822,0.07877,0.07682,0.0779,930920.0
2025-11-06 08:00:00,0.07788,0.07887,0.07667,0.0787,875582.0
2025-11-06 12:00:00,0.07875,0.07875,0.07621,0.07718,2004929.0
2025-11-06 16:00:00,0.0772,0.079,0.07586,0.07804,1552155.0
2025-11-06 20:00:00,0.07811,0.08,0.0777,0.07964,1739296.0
2025-11-07 00:00:00,0.07955,0.08196,0.07843,0.08141,1737894.0
2025-11-07 04:00:00,0.08142,0.08153,0.07992,0.08081,926707.0
2025-11-07 08:00:00,0.08084,0.08195,0.07882,0.07951,1837835.0
2025-11-07 12:00:00,0.07945,0.08205,0.07825,0.08148,1896183.0
2025-11-07 16:00:00,0.08156,0.08722,0.08148,0.08609,3074777.0
2025-11-07 20:00:00,0.08612,0.08767,0.085,0.08542,1717056.0
2025-11-08 00:00:00,0.08546,0.08665,0.08411,0.0849,1821928.0
2025-11-08 04:00:00,0.0848,0.08604,0.08324,0.08452,1144374.0
2025-11-08 08:00:00,0.08457,0.08495,0.08365,0.08459,669415.0
2025-11-08 12:00:00,0.08456,0.08519,0.08247,0.08323,1310325.0
2025-11-08 16:00:00,0.08321,0.08431,0.08264,0.08374,1175457.0
2025-11-08 20:00:00,0.08375,0.08392,0.08136,0.0814,1019556.0
2025-11-09 00:00:00,0.08148,0.08353,0.07985,0.07994,2855868.0
2025-11-09 04:00:00,0.08006,0.08097,0.07956,0.08037,1366104.0
2025-11-09 08:00:00,0.08036,0.08726,0.07954,0.0815,20024356.0
2025-11-09 12:00:00,0.08158,0.08294,0.07986,0.08243,2453135.0
2025-11-09 16:00:00,0.08245,0.08351,0.08153,0.08333,2116931.0
2025-11-09 20:00:00,0.08339,0.08342,0.08115,0.0818,1546345.0
2025-11-10 00:00:00,0.08182,0.08273,0.08069,0.08224,1079716.0
2025-11-10 04:00:00,0.08217,0.08274,0.08153,0.08233,1654516.0
2025-11-10 08:00:00,0.08227,0.08311,0.08087,0.08251,1265890.0
2025-11-10 12:00:00,0.08253,0.09217,0.08168,0.08655,15802270.0
2025-11-10 16:00:00,0.08654,0.0901,0.08511,0.08832,4113613.0
2025-11-10 20:00:00,0.08834,0.09071,0.08652,0.08899,2115562.0
2025-11-11 00:00:00,0.08913,0.09619,0.08819,0.09309,11952784.0
2025-11-11 04:00:00,0.09309,0.09428,0.08955,0.0902,5577606.0
2025-11-11 08:00:00,0.09021,0.096,0.08833,0.09307,10971260.0
2025-11-11 12:00:00,0.09314,0.10199,0.09158,0.10076,46442144.0
2025-11-11 16:00:00,0.10076,0.10181,0.0951,0.09566,19417404.0
2025-11-11 20:00:00,0.0956,0.09695,0.09378,0.09434,8456556.0
2025-11-12 00:00:00,0.09434,0.09642,0.0931,0.09489,4292570.0
2025-11-12 04:00:00,0.09484,0.09612,0.09375,0.09456,3238764.0
2025-11-12 08:00:00,0.09461,0.09636,0.0936,0.09441,3188498.0
2025-11-12 12:00:00,0.09438,0.09467,0.0906,0.09115,3055705.0
2025-11-12 16:00:00,0.09117,0.0922,0.08083,0.08129,15461549.0
2025-11-12 20:00:00,0.08129,0.08333,0.08046,0.08206,5424432.0
2025-11-13 00:00:00,0.08205,0.08346,0.08052,0.08263,3006080.0
2025-11-13 04:00:00,0.08258,0.08352,0.08052,0.0812,3077992.0
2025-11-13 08:00:00,0.08119,0.08343,0.08015,0.08148,5976937.0
2025-11-13 12:00:00,0.08148,0.08199,0.07934,0.07974,2626666.0
2025-11-13 16:00:00,0.07975,0.07993,0.07441,0.07505,5249855.0
2025-11-13 20:00:00,0.07501,0.07856,0.07458,0.07844,2962335.0
2025-11-14 00:00:00,0.07843,0.07883,0.07736,0.07783,1280129.0
2025-11-14 04:00:00,0.07789,0.07911,0.07521,0.07818,2749854.0
2025-11-14 08:00:00,0.07822,0.07849,0.07735,0.07792,1204585.0
2025-11-14 12:00:00,0.07798,0.08053,0.07629,0.07963,4501216.0
2025-11-14 16:00:00,0.07965,0.08002,0.07787,0.07994,1015173.0
2025-11-14 20:00:00,0.08001,0.08046,0.07778,0.07811,1814808.0
2025-11-15 00:00:00,0.07802,0.08016,0.07762,0.08004,2038871.0
2025-11-15 04:00:00,0.08008,0.08035,0.07861,0.07911,1657263.0
2025-11-15 08:00:00,0.07909,0.07923,0.07739,0.07764,5673300.0
2025-11-15 12:00:00,0.07772,0.07828,0.07686,0.07738,6399625.0
2025-11-15 16:00:00,0.07733,0.07842,0.07679,0.07827,1532512.0
2025-11-15 20:00:00,0.07822,0.0785,0.07738,0.07844,929948.0
2025-11-16 00:00:00,0.07845,0.07956,0.07696,0.07956,1322540.0
2025-11-16 04:00:00,0.07954,0.07977,0.07608,0.07722,4653321.0
2025-11-16 08:00:00,0.07715,0.07753,0.07544,0.07598,2164784.0
2025-11-16 12:00:00,0.07588,0.07663,0.07474,0.07496,3234866.0
2025-11-16 16:00:00,0.07489,0.07561,0.07359,0.07449,1736400.0
2025-11-16 20:00:00,0.07456,0.07613,0.07406,0.07537,1262598.0
2025-11-17 00:00:00,0.07541,0.07595,0.07437,0.07547,1756790.0
2025-11-17 04:00:00,0.07552,0.07563,0.07256,0.07344,2073408.0
2025-11-17 08:00:00,0.0735,0.07478,0.07287,0.07398,5370206.0
2025-11-17 12:00:00,0.07401,0.07451,0.07016,0.07105,4149456.0
2025-11-17 16:00:00,0.07111,0.07159,0.06946,0.06978,1091910.0
2025-11-17 20:00:00,0.06975,0.07005,0.06884,0.06988,791258.0
2025-11-18 00:00:00,0.06984,0.07318,0.06937,0.07022,4185257.0
2025-11-18 04:00:00,0.07024,0.07212,0.0695,0.07062,1352146.0
2025-11-18 08:00:00,0.07065,0.07184,0.07036,0.0705,1024537.0
2025-11-18 12:00:00,0.07054,0.07235,0.07002,0.07205,987210.0
2025-11-18 16:00:00,0.07208,0.07281,0.07069,0.07087,2300511.0
2025-11-18 20:00:00,0.07091,0.07132,0.0699,0.07003,2369033.0
2025-11-19 00:00:00,0.07003,0.07162,0.06995,0.0702,971704.0
2025-11-19 04:00:00,0.07026,0.07027,0.06746,0.06785,2596042.0
2025-11-19 08:00:00,0.06794,0.06856,0.06713,0.06755,1000699.0
2025-11-19 12:00:00,0.06754,0.06975,0.06604,0.06683,5516197.0
2025-11-19 16:00:00,0.06692,0.06717,0.06476,0.06544,7821331.0
2025-11-19 20:00:00,0.06543,0.06816,0.06531,0.06798,920714.0
2025-11-20 00:00:00,0.06795,0.07,0.0679,0.06857,1517861.0
2025-11-20 04:00:00,0.06854,0.06884,0.06774,0.06817,605245.0
2025-11-20 08:00:00,0.06816,0.06904,0.06778,0.06887,1049024.0
2025-11-20 12:00:00,0.06884,0.06997,0.06683,0.06855,7961675.0
2025-11-20 16:00:00,0.06849,0.06912,0.06543,0.06623,9524689.0
2025-11-20 20:00:00,0.0662,0.06762,0.06535,0.06638,916362.0
2025-11-21 00:00:00,0.06641,0.06736,0.06508,0.06555,849465.0
2025-11-21 04:00:00,0.06555,0.06604,0.06018,0.06311,2161677.0
2025-11-21 08:00:00,0.06311,0.06441,0.06069,0.06277,5453097.0
2025-11-21 12:00:00,0.0627,0.06508,0.06166,0.06357,5251752.0
2025-11-21 16:00:00,0.06354,0.06548,0.06307,0.06411,1007068.0
2025-11-21 20:00:00,0.06416,0.06735,0.06235,0.06385,7586986.0
2025-11-22 00:00:00,0.06393,0.0646,0.06359,0.06402,1314484.0
2025-11-22 04:00:00,0.06402,0.06414,0.06244,0.06349,920425.0
2025-11-22 08:00:00,0.06346,0.06367,0.06238,0.06342,934521.0
2025-11-22 12:00:00,0.06336,0.06431,0.06255,0.06348,3565943.0
2025-11-22 16:00:00,0.06334,0.06429,0.06332,0.06379,4482305.0
2025-11-22 20:00:00,0.06374,0.06497,0.06339,0.06386,5229168.0
2025-11-23 00:00:00,0.06388,0.0649,0.0635,0.06447,2124516.0
2025-11-23 04:00:00,0.06448,0.06523,0.064,0.0647,1703869.0
2025-11-23 08:00:00,0.0647,0.06475,0.06372,0.06402,1377058.0
2025-11-23 12:00:00,0.06401,0.06448,0.06345,0.06408,625801.0
2025-11-23 16:00:00,0.06408,0.06459,0.06344,0.06417,1909576.0
2025-11-23 20:00:00,0.06412,0.06454,0.06351,0.06377,1207570.0
2025-11-24 00:00:00,0.06375,0.06603,0.06357,0.06544,1110778.0
2025-11-24 04:00:00,0.06549,0.06639,0.06513,0.06627,593252.0
2025-11-24 08:00:00,0.06618,0.06666,0.06504,0.06557,2701185.0
2025-11-24 12:00:00,0.06553,0.06647,0.06524,0.06615,842441.0
2025-11-24 16:00:00,0.06619,0.06797,0.06616,0.06742,645791.0
2025-11-24 20:00:00,0.06744,0.06794,0.06654,0.06695,896819.0
2025-11-25 00:00:00,0.06692,0.06712,0.06641,0.06659,405119.0
2025-11-25 04:00:00,0.06658,0.0668,0.06606,0.06616,366893.0
2025-11-25 08:00:00,0.06619,0.06727,0.06571,0.06661,858836.0
2025-11-25 12:00:00,0.06664,0.06714,0.06541,0.06643,1334962.0
2025-11-25 16:00:00,0.06636,0.06766,0.0663,0.06731,978125.0
2025-11-25 20:00:00,0.06737,0.06797,0.06702,0.06767,614138.0
2025-11-26 00:00:00,0.06767,0.06779,0.06701,0.06716,556512.0
2025-11-26 04:00:00,0.06713,0.06742,0.06692,0.06732,425830.0
2025-11-26 08:00:00,0.06735,0.06736,0.06573,0.06632,756277.0
2025-11-26 12:00:00,0.06625,0.06854,0.0658,0.06736,1690648.0
2025-11-26 16:00:00,0.06731,0.06983,0.06731,0.06935,736148.0
2025-11-26 20:00:00,0.06935,0.07003,0.06879,0.06972,1804311.0
2025-11-27 00:00:00,0.06971,0.07005,0.06908,0.06945,488675.0
2025-11-27 04:00:00,0.06947,0.07019,0.06886,0.06969,544848.0
2025-11-27 08:00:00,0.06971,0.07232,0.06913,0.07156,3346381.0
2025-11-27 12:00:00,0.07152,0.07233,0.07025,0.07168,2528383.0
2025-11-27 16:00:00,0.07168,0.07349,0.0712,0.07265,1463962.0
2025-11-27 20:00:00,0.07271,0.07293,0.07204,0.07231,841267.0
2025-11-28 00:00:00,0.07224,0.07312,0.07154,0.07265,1315398.0
2025-11-28 04:00:00,0.07271,0.07306,0.07084,0.07146,1826430.0
2025-11-28 08:00:00,0.07151,0.0811,0.07144,0.07854,46947103.0
2025-11-28 12:00:00,0.07858,0.08484,0.07773,0.07987,40201268.0
2025-11-28 16:00:00,0.07983,0.08161,0.07826,0.08033,13132916.0
2025-11-28 20:00:00,0.08036,0.08177,0.08016,0.08091,6316842.0
2025-11-29 00:00:00,0.08097,0.08173,0.07979,0.0801,5384629.0
2025-11-29 04:00:00,0.08011,0.08155,0.07934,0.08022,7677337.0
2025-11-29 08:00:00,0.08018,0.08232,0.07974,0.08165,5080903.0
2025-11-29 12:00:00,0.08156,0.08369,0.08132,0.08302,4128969.0
2025-11-29 16:00:00,0.08306,0.085,0.08221,0.08355,3972784.0
2025-11-29 20:00:00,0.08353,0.08444,0.08272,0.08323,1406216.0
2025-11-30 00:00:00,0.08325,0.08557,0.08257,0.08329,2741251.0
2025-11-30 04:00:00,0.08329,0.08543,0.08169,0.08443,3598703.0
2025-11-30 08:00:00,0.08442,0.0859,0.08376,0.08438,3218396.0
2025-11-30 12:00:00,0.08438,0.08663,0.08378,0.08535,5372370.0
2025-11-30 16:00:00,0.08539,0.08843,0.08536,0.08686,2135225.0
2025-11-30 20:00:00,0.08674,0.08869,0.08503,0.08508,1853562.0
2025-12-01 00:00:00,0.08524,0.08676,0.08304,0.08488,4695496.0
2025-12-01 04:00:00,0.08482,0.08556,0.08339,0.08515,2771851.0
2025-12-01 08:00:00,0.0851,0.08549,0.08361,0.08427,1693742.0
2025-12-01 12:00:00,0.08427,0.08734,0.08317,0.08569,7713759.0
2025-12-01 16:00:00,0.08568,0.08747,0.08451,0.08631,1986827.0
2025-12-01 20:00:00,0.08639,0.08867,0.08627,0.08752,3262730.0
2025-12-02 00:00:00,0.08741,0.08755,0.08506,0.08545,2553689.0
2025-12-02 04:00:00,0.08557,0.08593,0.08308,0.08527,3444345.0
2025-12-02 08:00:00,0.08533,0.08545,0.08349,0.0853,2838141.0
2025-12-02 12:00:00,0.08524,0.09139,0.08509,0.09004,2895088.0
2025-12-02 16:00:00,0.09008,0.0904,0.08865,0.08869,4242251.0
2025-12-02 20:00:00,0.08872,0.08883,0.0843,0.08468,2253104.0
2025-12-03 00:00:00,0.08472,0.08647,0.08326,0.0848,2703021.0
2025-12-03 04:00:00,0.08485,0.08631,0.08343,0.08375,3320146.0
2025-12-03 08:00:00,0.08373,0.09147,0.08348,0.0913,5960139.0
2025-12-03 12:00:00,0.0912,0.09663,0.09092,0.09565,6725446.0
2025-12-03 16:00:00,0.09565,0.09663,0.09376,0.09557,2782577.0
2025-12-03 20:00:00,0.09537,0.09643,0.09451,0.09559,1412225.0
2025-12-04 00:00:00,0.09563,0.098,0.09326,0.09384,4360902.0
2025-12-04 04:00:00,0.0939,0.09433,0.0926,0.09274,1716846.0
2025-12-04 08:00:00,0.09271,0.09464,0.09201,0.09372,3081509.0
2025-12-04 12:00:00,0.09373,0.09508,0.09238,0.09311,2746092.0
2025-12-04 16:00:00,0.09307,0.09411,0.09039,0.09159,1644789.0
2025-12-04 20:00:00,0.09153,0.09473,0.09121,0.09365,1201360.0
2025-12-05 00:00:00,0.0937,0.09498,0.09289,0.09343,1285976.0
2025-12-05 04:00:00,0.09345,0.09615,0.09281,0.09587,1327740.0
2025-12-05 08:00:00,0.09579,0.09643,0.09337,0.09388,2150743.0
2025-12-05 12:00:00,0.09386,0.09475,0.09174,0.09185,4023821.0
2025-12-05 16:00:00,0.09198,0.0936,0.08869,0.09242,3563326.0
2025-12-05 20:00:00,0.09257,0.09375,0.09192,0.09339,712831.0
2025-12-06 00:00:00,0.09343,0.09377,0.09176,0.09306,523922.0
2025-12-06 04:00:00,0.09309,0.0939,0.09187,0.093,729093.0
2025-12-06 08:00:00,0.09297,0.09337,0.09091,0.09122,908686.0
2025-12-06 12:00:00,0.09123,0.09242,0.09064,0.0918,935503.0
2025-12-06 16:00:00,0.09187,0.09245,0.08921,0.08945,613859.0
2025-12-06 20:00:00,0.08951,0.09079,0.08898,0.08959,868101.0
2025-12-07 00:00:00,0.08965,0.09112,0.08841,0.08912,2005089.0
2025-12-07 04:00:00,0.08912,0.09175,0.08902,0.08911,863192.0
2025-12-07 08:00:00,0.08908,0.091,0.08834,0.09056,1463028.0
2025-12-07 12:00:00,0.09064,0.09121,0.08707,0.09097,2264841.0
2025-12-07 16:00:00,0.09087,0.09294,0.09038,0.09137,1330732.0
2025-12-07 20:00:00,0.09146,0.0915,0.08851,0.09072,1109659.0
2025-12-08 00:00:00,0.09086,0.09107,0.08986,0.09025,547789.0
2025-12-08 04:00:00,0.09025,0.0906,0.08908,0.08929,625489.0
2025-12-08 08:00:00,0.08929,0.09055,0.08918,0.08966,552710.0
2025-12-08 12:00:00,0.08965,0.09021,0.08829,0.08858,915539.0
2025-12-08 16:00:00,0.08852,0.08936,0.08727,0.08819,783882.0
2025-12-08 20:00:00,0.08825,0.08962,0.08778,0.0888,505674.0
2025-12-09 00:00:00,0.08879,0.08977,0.08793,0.08903,650777.0
2025-12-09 04:00:00,0.08903,0.08963,0.0875,0.08863,745774.0
2025-12-09 08:00:00,0.08857,0.08886,0.0872,0.08818,552640.0
2025-12-09 12:00:00,0.08818,0.08996,0.08774,0.08903,1206379.0
2025-12-09 16:00:00,0.08903,0.08975,0.08666,0.08692,2424759.0
2025-12-09 20:00:00,0.08684,0.08691,0.0828,0.08306,2684399.0
2025-12-10 00:00:00,0.08303,0.08372,0.08101,0.08185,5492002.0
2025-12-10 04:00:00,0.08185,0.08438,0.08185,0.08371,3865313.0
2025-12-10 08:00:00,0.08371,0.08562,0.08094,0.08248,5141758.0
2025-12-10 12:00:00,0.08248,0.0844,0.08198,0.08388,4319640.0
2025-12-10 16:00:00,0.0839,0.0949,0.08353,0.09081,23108323.0
2025-12-10 20:00:00,0.09094,0.0925,0.08757,0.08935,3654104.0
2025-12-11 00:00:00,0.08924,0.0906,0.08555,0.08629,4410096.0
2025-12-11 04:00:00,0.08627,0.08806,0.08598,0.08693,2788578.0
2025-12-11 08:00:00,0.08705,0.0899,0.08608,0.08852,2950442.0
2025-12-11 12:00:00,0.08851,0.0888,0.08653,0.08743,3556148.0
2025-12-11 16:00:00,0.08739,0.08885,0.08657,0.08804,1515898.0
2025-12-11 20:00:00,0.08804,0.08837,0.08574,0.08599,2146477.0
2025-12-12 00:00:00,0.0861,0.08638,0.085,0.08511,809177.0
2025-12-12 04:00:00,0.08512,0.08569,0.08402,0.08428,822101.0
2025-12-12 08:00:00,0.08427,0.08433,0.08291,0.08314,1262710.0
2025-12-12 12:00:00,0.08318,0.08322,0.07928,0.07968,5166895.0
2025-12-12 16:00:00,0.07962,0.08263,0.07938,0.0803,4408658.0
2025-12-12 20:00:00,0.08035,0.08238,0.08017,0.081,1309798.0
2025-12-13 00:00:00,0.08106,0.08171,0.07999,0.08026,1057526.0
2025-12-13 04:00:00,0.08023,0.08063,0.075,0.07605,7664993.0
2025-12-13 08:00:00,0.07605,0.07674,0.07516,0.07525,3028864.0
2025-12-13 12:00:00,0.0753,0.0756,0.07386,0.07457,2736363.0
2025-12-13 16:00:00,0.07457,0.07538,0.072,0.07225,7136702.0
2025-12-13 20:00:00,0.07223,0.07389,0.07201,0.07252,4195930.0
2025-12-14 00:00:00,0.07259,0.07435,0.07233,0.07338,2444850.0
2025-12-14 04:00:00,0.07336,0.07584,0.0728,0.0751,3046418.0
2025-12-14 08:00:00,0.07516,0.07608,0.07341,0.07389,2725660.0
2025-12-14 12:00:00,0.0739,0.0746,0.07342,0.07408,1003264.0
2025-12-14 16:00:00,0.07412,0.07447,0.07262,0.0729,941095.0
2025-12-14 20:00:00,0.07289,0.07317,0.07111,0.07203,1646131.0
2025-12-15 00:00:00,0.07209,0.0734,0.07144,0.07154,1828501.0
2025-12-15 04:00:00,0.07159,0.0731,0.0707,0.07093,1623853.0
2025-12-15 08:00:00,0.07093,0.07269,0.07004,0.07176,1992337.0
2025-12-15 12:00:00,0.07169,0.07201,0.06941,0.07062,2207731.0
2025-12-15 16:00:00,0.07062,0.07129,0.06959,0.0701,1385939.0
2025-12-15 20:00:00,0.0701,0.07055,0.06972,0.07015,713280.0
2025-12-16 00:00:00,0.07023,0.07051,0.06873,0.06915,862792.0
2025-12-16 04:00:00,0.06914,0.06964,0.0685,0.06907,641254.0
2025-12-16 08:00:00,0.06905,0.06961,0.06853,0.06952,735303.0
2025-12-16 12:00:00,0.06956,0.06961,0.06827,0.06928,1674735.0
2025-12-16 16:00:00,0.06938,0.06961,0.06792,0.0686,796597.0
2025-12-16 20:00:00,0.06857,0.06954,0.06829,0.06901,534283.0
2025-12-17 00:00:00,0.06898,0.07018,0.06873,0.0693,781639.0
2025-12-17 04:00:00,0.06934,0.06953,0.06818,0.06893,600507.0
2025-12-17 08:00:00,0.06897,0.0704,0.06856,0.06977,1274714.0
2025-12-17 12:00:00,0.06984,0.07042,0.06838,0.06853,2125629.0
2025-12-17 16:00:00,0.06853,0.069,0.06626,0.0673,1902273.0
2025-12-17 20:00:00,0.06732,0.06822,0.06681,0.06772,600434.0
2025-12-18 00:00:00,0.06774,0.0681,0.06637,0.06721,1068951.0
2025-12-18 04:00:00,0.06721,0.06742,0.066,0.06625,594884.0
2025-12-18 08:00:00,0.06625,0.06771,0.06595,0.06704,1011301.0
2025-12-18 12:00:00,0.06699,0.06793,0.06623,0.06758,1476410.0
2025-12-18 16:00:00,0.06757,0.06757,0.06465,0.06575,2076076.0
2025-12-18 20:00:00,0.06581,0.0703,0.06571,0.06887,6117304.0
2025-12-19 00:00:00,0.06881,0.07048,0.06669,0.0699,2632055.0
2025-12-19 04:00:00,0.06995,0.07514,0.06967,0.0739,10451907.0
2025-12-19 08:00:00,0.07391,0.07578,0.07214,0.07277,8564845.0
2025-12-19 12:00:00,0.07277,0.07356,0.07017,0.07085,8511430.0
2025-12-19 16:00:00,0.07082,0.0724,0.07075,0.07167,2117615.0
2025-12-19 20:00:00,0.07167,0.07202,0.07072,0.07166,1509424.0
2025-12-20 00:00:00,0.07159,0.07252,0.07133,0.07239,1085044.0
2025-12-20 04:00:00,0.07243,0.07272,0.07085,0.07213,2095995.0
2025-12-20 08:00:00,0.07206,0.07241,0.07106,0.07223,1493881.0
2025-12-20 12:00:00,0.07211,0.07247,0.07072,0.07158,1418555.0
2025-12-20 16:00:00,0.07153,0.07161,0.07058,0.07122,630930.0
2025-12-20 20:00:00,0.07115,0.07217,0.07066,0.07169,535110.0
2025-12-21 00:00:00,0.07173,0.07245,0.07053,0.07062,586477.0
2025-12-21 04:00:00,0.0706,0.07209,0.07053,0.07184,438365.0
2025-12-21 08:00:00,0.07181,0.07208,0.07093,0.07107,402408.0
2025-12-21 12:00:00,0.07103,0.07199,0.06943,0.07049,1293094.0
2025-12-21 16:00:00,0.07049,0.07081,0.06978,0.07044,363192.0
2025-12-21 20:00:00,0.07041,0.07132,0.07022,0.07047,374789.0
2025-12-22 00:00:00,0.07054,0.07164,0.06876,0.0705,7972030.0
2025-12-22 04:00:00,0.07051,0.07116,0.07013,0.07075,700268.0
2025-12-22 08:00:00,0.07076,0.07249,0.07063,0.07187,1646096.0
2025-12-22 12:00:00,0.07187,0.07536,0.0713,0.07452,6795341.0
2025-12-22 16:00:00,0.07457,0.07481,0.07296,0.07313,2172743.0
2025-12-22 20:00:00,0.07313,0.07451,0.07303,0.07429,689176.0
2025-12-23 00:00:00,0.07429,0.07464,0.0734,0.07412,584193.0
2025-12-23 04:00:00,0.0741,0.07433,0.07204,0.07245,1353058.0
2025-12-23 08:00:00,0.07245,0.07248,0.07162,0.0719,869586.0
2025-12-23 12:00:00,0.0719,0.07203,0.06974,0.06993,1757134.0
2025-12-23 16:00:00,0.06996,0.07048,0.06919,0.06953,1246463.0
2025-12-23 20:00:00,0.06955,0.07019,0.06917,0.06984,880739.0
2025-12-24 00:00:00,0.06981,0.07063,0.06855,0.06937,873760.0
2025-12-24 04:00:00,0.06939,0.06987,0.06889,0.06927,429470.0
2025-12-24 08:00:00,0.06932,0.06973,0.06818,0.06836,597973.0
2025-12-24 12:00:00,0.06831,0.06903,0.06831,0.06884,441010.0
2025-12-24 16:00:00,0.06882,0.06922,0.06859,0.06903,347996.0
2025-12-24 20:00:00,0.06906,0.07026,0.06877,0.06966,1220959.0
2025-12-25 00:00:00,0.06955,0.07031,0.06927,0.0695,381963.0
2025-12-25 04:00:00,0.06943,0.0703,0.06859,0.06984,986587.0
2025-12-25 08:00:00,0.06987,0.07026,0.06944,0.0696,639736.0
2025-12-25 12:00:00,0.0696,0.07053,0.0693,0.07025,661721.0
2025-12-25 16:00:00,0.07022,0.07037,0.06957,0.06977,466926.0
2025-12-25 20:00:00,0.06977,0.07007,0.06789,0.06818,979599.0
2025-12-26 00:00:00,0.06819,0.06905,0.06764,0.06885,671241.0
2025-12-26 04:00:00,0.06879,0.0696,0.06828,0.06845,309531.0
2025-12-26 08:00:00,0.06845,0.06924,0.06829,0.06911,452726.0
2025-12-26 12:00:00,0.06909,0.06946,0.06787,0.06836,638415.0
2025-12-26 16:00:00,0.06837,0.06842,0.06782,0.0682,370533.0
2025-12-26 20:00:00,0.06823,0.06897,0.06814,0.06822,347186.0
2025-12-27 00:00:00,0.06819,0.06921,0.06806,0.06907,519754.0
2025-12-27 04:00:00,0.06901,0.06908,0.06819,0.06877,356981.0
2025-12-27 08:00:00,0.0688,0.06904,0.06806,0.06879,468231.0
2025-12-27 12:00:00,0.06879,0.07138,0.06879,0.07048,1886569.0
2025-12-27 16:00:00,0.07052,0.07058,0.06949,0.06967,482413.0
2025-12-27 20:00:00,0.06965,0.0703,0.06932,0.06999,342986.0
2025-12-28 00:00:00,0.06999,0.07073,0.06948,0.07044,869819.0
2025-12-28 04:00:00,0.07043,0.07043,0.06933,0.06958,779066.0
2025-12-28 08:00:00,0.0696,0.0704,0.06957,0.07016,506590.0
2025-12-28 12:00:00,0.07015,0.07108,0.06935,0.07025,1365085.0
2025-12-28 16:00:00,0.07027,0.07059,0.06936,0.06938,585527.0
2025-12-28 20:00:00,0.0694,0.07008,0.0693,0.06985,498200.0
2025-12-29 00:00:00,0.06989,0.07074,0.06986,0.07051,533879.0
2025-12-29 04:00:00,0.0705,0.0708,0.07014,0.07026,626509.0
2025-12-29 08:00:00,0.07025,0.07062,0.069,0.06909,1042989.0
2025-12-29 12:00:00,0.06911,0.06966,0.06836,0.0688,480829.0
2025-12-29 16:00:00,0.06884,0.06954,0.06872,0.06924,414821.0
2025-12-29 20:00:00,0.06919,0.06948,0.06879,0.06933,574844.0
2025-12-30 00:00:00,0.06932,0.07,0.06806,0.06856,729920.0
2025-12-30 04:00:00,0.06853,0.06881,0.06823,0.06835,429598.0
2025-12-30 08:00:00,0.06839,0.06918,0.06822,0.06853,458397.0
2025-12-30 12:00:00,0.06847,0.06847,0.06733,0.06783,745390.0
2025-12-30 16:00:00,0.06783,0.06806,0.06724,0.06774,420324.0
2025-12-30 20:00:00,0.06774,0.06798,0.06738,0.06776,232561.0
2025-12-31 00:00:00,0.06774,0.06915,0.06769,0.06813,815295.0
2025-12-31 04:00:00,0.0681,0.06862,0.06784,0.06837,393889.0
2025-12-31 08:00:00,0.06841,0.06875,0.06778,0.06866,416573.0
2025-12-31 12:00:00,0.06872,0.06872,0.06732,0.06795,542954.0
2025-12-31 16:00:00,0.06793,0.06803,0.06663,0.06786,807108.0
2025-12-31 20:00:00,0.06778,0.07004,0.06736,0.0685,2244349.0
2026-01-01 00:00:00,0.0685,0.0701,0.06838,0.06977,938261.0
2026-01-01 04:00:00,0.06978,0.06994,0.06933,0.06986,725411.0
2026-01-01 08:00:00,0.06979,0.07079,0.06873,0.07017,2482631.0
2026-01-01 12:00:00,0.07009,0.07081,0.06936,0.07039,1832444.0
2026-01-01 16:00:00,0.07037,0.07158,0.07011,0.07129,954619.0
2026-01-01 20:00:00,0.07123,0.07147,0.07028,0.07067,554017.0
2026-01-02 00:00:00,0.07067,0.07123,0.07016,0.07095,502142.0
2026-01-02 04:00:00,0.07094,0.07291,0.0708,0.07209,1971524.0
2026-01-02 08:00:00,0.07209,0.0742,0.07119,0.07269,3480561.0
2026-01-02 12:00:00,0.07264,0.07343,0.07126,0.07221,1564648.0
2026-01-02 16:00:00,0.07225,0.07323,0.07115,0.0727,1998131.0
2026-01-02 20:00:00,0.0727,0.07316,0.07225,0.07256,622124.0
2026-01-03 00:00:00,0.07253,0.07364,0.07241,0.07333,939701.0
2026-01-03 04:00:00,0.07328,0.07379,0.07188,0.07226,846853.0
2026-01-03 08:00:00,0.07219,0.07251,0.0716,0.07218,568300.0
2026-01-03 12:00:00,0.0722,0.07435,0.07215,0.07365,1085989.0
2026-01-03 16:00:00,0.07365,0.07561,0.07349,0.07402,2489168.0
2026-01-03 20:00:00,0.07406,0.07534,0.07338,0.07445,1194709.0
2026-01-04 00:00:00,0.07438,0.07531,0.07364,0.07401,994069.0
2026-01-04 04:00:00,0.07401,0.0759,0.0738,0.07427,2205929.0
2026-01-04 08:00:00,0.07427,0.07503,0.07337,0.07403,1219154.0
2026-01-04 12:00:00,0.07408,0.07562,0.07356,0.07513,779088.0
2026-01-04 16:00:00,0.07516,0.07654,0.07448,0.07505,1668112.0
2026-01-04 20:00:00,0.07499,0.07614,0.07472,0.07584,1421845.0
2026-01-05 00:00:00,0.07582,0.07721,0.07526,0.07591,1695049.0
2026-01-05 04:00:00,0.0759,0.07791,0.07517,0.07735,1167849.0
2026-01-05 08:00:00,0.07742,0.0843,0.0763,0.08095,12288455.0
2026-01-05 12:00:00,0.08095,0.08239,0.07917,0.08102,6820327.0
2026-01-05 16:00:00,0.08097,0.08283,0.07963,0.08268,3254268.0
2026-01-05 20:00:00,0.08256,0.08283,0.08092,0.08162,1616881.0
2026-01-06 00:00:00,0.08162,0.08236,0.08121,0.082,613727.0
2026-01-06 04:00:00,0.082,0.08232,0.08112,0.08127,811932.0
2026-01-06 08:00:00,0.08137,0.08387,0.08121,0.08372,1007641.0
2026-01-06 12:00:00,0.08372,0.08477,0.08188,0.08277,2917917.0
2026-01-06 16:00:00,0.08277,0.08306,0.07996,0.08067,3930196.0
2026-01-06 20:00:00,0.08068,0.08349,0.08061,0.08297,1740464.0
2026-01-07 00:00:00,0.08297,0.08519,0.08251,0.08484,1493945.0
2026-01-07 04:00:00,0.08489,0.08656,0.08422,0.08642,2852184.0
2026-01-07 08:00:00,0.08642,0.08836,0.08506,0.08718,4939769.0
2026-01-07 12:00:00,0.08718,0.08773,0.08584,0.0873,3145481.0
2026-01-07 16:00:00,0.08719,0.09017,0.08692,0.08903,8553551.0
2026-01-07 20:00:00,0.08904,0.09031,0.0879,0.08963,5926345.0
2026-01-08 00:00:00,0.08956,0.09042,0.08791,0.08837,3886427.0
2026-01-08 04:00:00,0.0883,0.08976,0.08768,0.08794,2339798.0
2026-01-08 08:00:00,0.08798,0.08881,0.08728,0.08747,1791708.0
2026-01-08 12:00:00,0.08747,0.08834,0.08446,0.08706,7034257.0
2026-01-08 16:00:00,0.08695,0.0871,0.08028,0.08235,6952858.0
2026-01-08 20:00:00,0.08237,0.08266,0.0801,0.08075,1933235.0
2026-01-09 00:00:00,0.08059,0.08138,0.07935,0.0805,2288317.0
2026-01-09 04:00:00,0.0805,0.0822,0.07804,0.07812,4514366.0
2026-01-09 08:00:00,0.07812,0.07986,0.07771,0.07873,4369997.0
2026-01-09 12:00:00,0.07873,0.07989,0.07746,0.07842,3303373.0
2026-01-09 16:00:00,0.0786,0.0804,0.07824,0.07866,1791346.0
2026-01-09 20:00:00,0.07866,0.08008,0.07854,0.07994,1956271.0
2026-01-10 00:00:00,0.07995,0.08075,0.0796,0.08001,972717.0
2026-01-10 04:00:00,0.07995,0.08042,0.07936,0.08012,468169.0
2026-01-10 08:00:00,0.08017,0.08087,0.07966,0.07984,563752.0
2026-01-10 12:00:00,0.07984,0.08127,0.07935,0.08057,2422219.0
2026-01-10 16:00:00,0.08063,0.08075,0.07978,0.08024,717625.0
2026-01-10 20:00:00,0.08025,0.08038,0.07902,0.07939,498630.0
2026-01-11 00:00:00,0.07941,0.07961,0.07875,0.07905,507784.0
2026-01-11 04:00:00,0.07906,0.0794,0.07879,0.07914,205063.0
2026-01-11 08:00:00,0.07911,0.07961,0.07845,0.07874,870683.0
2026-01-11 12:00:00,0.07874,0.07908,0.07801,0.0782,444959.0
2026-01-11 16:00:00,0.07824,0.07878,0.07776,0.07815,558709.0
2026-01-11 20:00:00,0.07814,0.07829,0.07698,0.07763,789085.0
2026-01-12 00:00:00,0.07763,0.07862,0.07737,0.07775,479068.0
2026-01-12 04:00:00,0.07775,0.07873,0.07772,0.07785,432171.0
2026-01-12 08:00:00,0.07784,0.07802,0.07713,0.07724,495219.0
2026-01-12 12:00:00,0.07724,0.0782,0.07683,0.07811,742636.0
2026-01-12 16:00:00,0.0781,0.07981,0.07764,0.07973,1219957.0
2026-01-12 20:00:00,0.07964,0.08049,0.07884,0.07929,1673685.0
2026-01-13 00:00:00,0.07932,0.07992,0.07841,0.07892,1210395.0
2026-01-13 04:00:00,0.07893,0.07974,0.07889,0.07925,798433.0
2026-01-13 08:00:00,0.07926,0.08093,0.07915,0.0804,1853987.0
2026-01-13 12:00:00,0.08043,0.08164,0.08026,0.08136,1723377.0
2026-01-13 16:00:00,0.08142,0.08379,0.08111,0.08329,2031773.0
2026-01-13 20:00:00,0.08336,0.08441,0.08304,0.08373,1034637.0
2026-01-14 00:00:00,0.08373,0.08382,0.08298,0.08373,690236.0
2026-01-14 04:00:00,0.08373,0.08375,0.08102,0.08124,1745484.0
2026-01-14 08:00:00,0.08119,0.0813,0.07976,0.0798,1908077.0
2026-01-14 12:00:00,0.0798,0.08068,0.07977,0.07991,821885.0
2026-01-14 16:00:00,0.07987,0.08035,0.0789,0.07952,1882657.0
2026-01-14 20:00:00,0.07952,0.08233,0.07951,0.08104,2645888.0
2026-01-15 00:00:00,0.08102,0.08147,0.07898,0.07936,1000317.0
2026-01-15 04:00:00,0.07937,0.07969,0.07912,0.07935,292003.0
2026-01-15 08:00:00,0.07938,0.08046,0.07891,0.0793,965762.0
2026-01-15 12:00:00,0.07935,0.0794,0.07408,0.07507,4362099.0
2026-01-15 16:00:00,0.075,0.07518,0.07317,0.0738,2088586.0
2026-01-15 20:00:00,0.0738,0.07717,0.07226,0.07711,3916026.0
2026-01-16 00:00:00,0.07718,0.07751,0.07482,0.07581,2029114.0
2026-01-16 04:00:00,0.07581,0.07654,0.07539,0.07586,489261.0
2026-01-16 08:00:00,0.07582,0.07629,0.07557,0.07598,379619.0
2026-01-16 12:00:00,0.07599,0.07629,0.07455,0.07498,901050.0
2026-01-16 16:00:00,0.07501,0.07605,0.07485,0.07515,337057.0
2026-01-16 20:00:00,0.07515,0.07657,0.07503,0.0764,409136.0
2026-01-17 00:00:00,0.07647,0.07677,0.07615,0.07624,478970.0
2026-01-17 04:00:00,0.07625,0.07712,0.07624,0.07646,341214.0
2026-01-17 08:00:00,0.07646,0.07754,0.07621,0.07718,1604006.0
2026-01-17 12:00:00,0.07715,0.07765,0.07655,0.07742,756623.0
2026-01-17 16:00:00,0.0774,0.07832,0.07714,0.07739,1500598.0
2026-01-17 20:00:00,0.07746,0.07839,0.07723,0.07776,1116429.0
2026-01-18 00:00:00,0.07773,0.07819,0.07652,0.07681,718231.0
2026-01-18 04:00:00,0.07689,0.07704,0.07609,0.07625,547702.0
2026-01-18 08:00:00,0.07629,0.07729,0.07559,0.07681,709865.0
2026-01-18 12:00:00,0.07682,0.0777,0.07641,0.07701,775578.0
2026-01-18 16:00:00,0.07701,0.07746,0.0764,0.07668,398880.0
2026-01-18 20:00:00,0.07671,0.07782,0.07469,0.07519,1195570.0
2026-01-19 00:00:00,0.07514,0.07574,0.0705,0.07505,2625039.0
2026-01-19 04:00:00,0.07506,0.07507,0.07428,0.07465,416045.0
2026-01-19 08:00:00,0.07465,0.07509,0.07409,0.07483,760248.0
2026-01-19 12:00:00,0.07481,0.07494,0.07417,0.07451,460998.0
2026-01-19 16:00:00,0.0745,0.07511,0.07439,0.07458,288321.0
2026-01-19 20:00:00,0.0746,0.07528,0.07363,0.07396,618458.0
2026-01-20 00:00:00,0.07396,0.07471,0.07363,0.07375,678236.0
2026-01-20 04:00:00,0.07374,0.07398,0.07274,0.07293,501274.0
2026-01-20 08:00:00,0.07279,0.07304,0.07212,0.07232,612669.0
2026-01-20 12:00:00,0.07232,0.07244,0.07037,0.07145,892635.0
2026-01-20 16:00:00,0.0715,0.07171,0.07,0.07127,906834.0
2026-01-20 20:00:00,0.07128,0.07179,0.07032,0.07092,575972.0
2026-01-21 00:00:00,0.07084,0.07266,0.07037,0.07252,699949.0
2026-01-21 04:00:00,0.07253,0.07463,0.07241,0.07405,901377.0
2026-01-21 08:00:00,0.07405,0.07433,0.07334,0.07379,1136777.0
2026-01-21 12:00:00,0.07378,0.07533,0.07265,0.07426,1282699.0
2026-01-21 16:00:00,0.07421,0.07581,0.07357,0.07568,1211300.0
2026-01-21 20:00:00,0.07564,0.07581,0.07415,0.07434,386970.0
2026-01-22 00:00:00,0.0744,0.07522,0.07424,0.07473,427239.0
2026-01-22 04:00:00,0.07473,0.07629,0.07469,0.07611,384504.0
2026-01-22 08:00:00,0.07615,0.07989,0.07615,0.0793,4943026.0
2026-01-22 12:00:00,0.07935,0.08,0.07807,0.07831,2201374.0
2026-01-22 16:00:00,0.07842,0.08503,0.07842,0.08435,8722897.0
2026-01-22 20:00:00,0.08439,0.08646,0.08394,0.08457,8671813.0
2026-01-23 00:00:00,0.08459,0.08544,0.08222,0.08361,6330610.0
2026-01-23 04:00:00,0.08368,0.08446,0.0821,0.08345,3182479.0
2026-01-23 08:00:00,0.08335,0.08834,0.08306,0.08797,6370397.0
2026-01-23 12:00:00,0.08799,0.09277,0.08651,0.09166,11164945.0
2026-01-23 16:00:00,0.09166,0.09485,0.09,0.09053,12456471.0
2026-01-23 20:00:00,0.09062,0.091,0.0899,0.09076,1798750.0
2026-01-24 00:00:00,0.09078,0.09333,0.08992,0.09231,3157168.0
2026-01-24 04:00:00,0.09234,0.09313,0.089,0.09098,5910228.0
2026-01-24 08:00:00,0.09114,0.09293,0.09057,0.09275,2644281.0
2026-01-24 12:00:00,0.09278,0.09317,0.09032,0.09144,2145126.0
2026-01-24 16:00:00,0.09144,0.09372,0.08925,0.09111,5758762.0
2026-01-24 20:00:00,0.09107,0.09128,0.09049,0.09053,1141271.0
2026-01-25 00:00:00,0.09053,0.09083,0.08778,0.088,2513584.0
2026-01-25 04:00:00,0.08803,0.09004,0.08621,0.08787,4358619.0
2026-01-25 08:00:00,0.08789,0.08826,0.08658,0.0871,1162697.0
2026-01-25 12:00:00,0.0871,0.08779,0.08503,0.08562,2139922.0
2026-01-25 16:00:00,0.08567,0.086,0.08256,0.08293,5030846.0
2026-01-25 20:00:00,0.0829,0.08416,0.08199,0.08382,1681140.0
2026-01-26 00:00:00,0.08382,0.08522,0.08371,0.08439,764790.0
2026-01-26 04:00:00,0.08442,0.08745,0.08427,0.08591,1433776.0
2026-01-26 08:00:00,0.08589,0.08812,0.08554,0.08644,1746986.0
2026-01-26 12:00:00,0.08648,0.08807,0.08549,0.08712,2270041.0
2026-01-26 16:00:00,0.08713,0.08855,0.08628,0.08712,953239.0
2026-01-26 20:00:00,0.0871,0.08745,0.08563,0.08579,2133266.0
2026-01-27 00:00:00,0.08578,0.08812,0.08544,0.08753,525925.0
2026-01-27 04:00:00,0.08743,0.08972,0.08742,0.08956,1302733.0
2026-01-27 08:00:00,0.08954,0.0913,0.08794,0.08961,3081188.0
2026-01-27 12:00:00,0.08961,0.09184,0.08734,0.08844,6747183.0
2026-01-27 16:00:00,0.08847,0.0914,0.08666,0.08878,7172976.0
2026-01-27 20:00:00,0.08875,0.08965,0.08865,0.08909,722874.0
2026-01-28 00:00:00,0.08917,0.08943,0.08745,0.0881,834410.0
2026-01-28 04:00:00,0.08804,0.08854,0.08671,0.08801,728952.0
2026-01-28 08:00:00,0.08808,0.09048,0.08747,0.09001,3828287.0
2026-01-28 12:00:00,0.08996,0.0902,0.085,0.08738,3929674.0
2026-01-28 16:00:00,0.08737,0.08819,0.08703,0.0881,628678.0
2026-01-28 20:00:00,0.08807,0.08862,0.08703,0.08777,1261538.0
2026-01-29 00:00:00,0.08779,0.08863,0.08692,0.08743,469049.0
2026-01-29 04:00:00,0.08728,0.0903,0.08703,0.08974,1244299.0
2026-01-29 08:00:00,0.08979,0.09045,0.08839,0.09013,2545227.0
2026-01-29 12:00:00,0.09014,0.09193,0.08625,0.08919,5855497.0
2026-01-29 16:00:00,0.0893,0.09377,0.0873,0.0896,8483947.0
2026-01-29 20:00:00,0.08953,0.0903,0.089,0.08998,990179.0
2026-01-30 00:00:00,0.08998,0.09092,0.08653,0.09054,2716745.0
2026-01-30 04:00:00,0.09047,0.09137,0.08871,0.08951,1266191.0
2026-01-30 08:00:00,0.08949,0.09042,0.08871,0.09011,645000.0
2026-01-30 12:00:00,0.09023,0.09475,0.08902,0.09271,2783350.0
2026-01-30 16:00:00,0.09276,0.09816,0.09233,0.09403,11918137.0
2026-01-30 20:00:00,0.0941,0.09657,0.0934,0.09506,1936096.0
2026-01-31 00:00:00,0.09513,0.09619,0.09351,0.09387,1583821.0
2026-01-31 04:00:00,0.09391,0.09421,0.0918,0.09264,1800213.0
2026-01-31 08:00:00,0.09264,0.09264,0.09035,0.09083,1316476.0
2026-01-31 12:00:00,0.09089,0.09106,0.07962,0.0802,10733695.0
2026-01-31 16:00:00,0.0802,0.08201,0.07385,0.07766,6413716.0
2026-01-31 20:00:00,0.07766,0.08008,0.07723,0.07983,1386547.0
2026-02-01 00:00:00,0.0798,0.08058,0.07838,0.07948,878929.0
2026-02-01 04:00:00,0.07948,0.07972,0.07722,0.07731,851051.0
2026-02-01 08:00:00,0.07724,0.0787,0.07581,0.07617,2004631.0
2026-02-01 12:00:00,0.07607,0.07704,0.07381,0.07443,1912997.0
2026-02-01 16:00:00,0.07431,0.07644,0.07392,0.07549,938751.0
2026-02-01 20:00:00,0.07543,0.07825,0.07429,0.07688,2495487.0
2026-02-02 00:00:00,0.07699,0.07891,0.07511,0.07718,1749599.0
2026-02-02 04:00:00,0.07726,0.07754,0.07438,0.07665,1322828.0
2026-02-02 08:00:00,0.07672,0.0784,0.07628,0.07705,1557390.0
2026-02-02 12:00:00,0.0771,0.07922,0.07668,0.07819,3258570.0
2026-02-02 16:00:00,0.07812,0.08047,0.07807,0.07976,3030959.0
2026-02-02 20:00:00,0.0798,0.083,0.07934,0.08287,2644261.0
2026-02-03 00:00:00,0.0829,0.08703,0.08174,0.08571,4007979.0
2026-02-03 04:00:00,0.08571,0.09093,0.08512,0.09,9399394.0
2026-02-03 08:00:00,0.0899,0.0928,0.08898,0.0907,11767802.0
2026-02-03 12:00:00,0.09079,0.09305,0.08949,0.09031,15380922.0
2026-02-03 16:00:00,0.09031,0.09171,0.08729,0.09032,18709611.0
2026-02-03 20:00:00,0.09033,0.09432,0.0892,0.09207,16902106.0
2026-02-04 00:00:00,0.09201,0.09481,0.09131,0.0934,7331854.0
2026-02-04 04:00:00,0.09343,0.09523,0.09229,0.09447,5105430.0
2026-02-04 08:00:00,0.09449,0.09566,0.09243,0.09359,6183503.0
2026-02-04 12:00:00,0.09357,0.09526,0.09233,0.09429,8338292.0
2026-02-04 16:00:00,0.09432,0.09451,0.09115,0.0928,6052245.0
2026-02-04 20:00:00,0.09291,0.093,0.08854,0.08914,4688180.0
2026-02-05 00:00:00,0.08918,0.09079,0.08749,0.08831,3212526.0
2026-02-05 04:00:00,0.08831,0.08901,0.0865,0.08673,2157644.0
2026-02-05 08:00:00,0.08673,0.0905,0.0867,0.08798,3510831.0
2026-02-05 12:00:00,0.08792,0.08812,0.07902,0.08027,9407076.0
2026-02-05 16:00:00,0.08035,0.09142,0.07981,0.08841,15332855.0
2026-02-05 20:00:00,0.08849,0.0893,0.08295,0.08375,6235019.0
2026-02-06 00:00:00,0.08379,0.09187,0.07821,0.08868,11243761.0
2026-02-06 04:00:00,0.08869,0.09183,0.08821,0.08993,4938617.0
2026-02-06 08:00:00,0.08996,0.09532,0.08877,0.09526,5671721.0
2026-02-06 12:00:00,0.09526,0.0982,0.09049,0.09264,24316159.0
2026-02-06 16:00:00,0.09273,0.09616,0.09227,0.09312,12536935.0
2026-02-06 20:00:00,0.09312,0.09369,0.09046,0.09165,3178562.0
2026-02-07 00:00:00,0.09163,0.09218,0.08999,0.09126,2823586.0
2026-02-07 04:00:00,0.09126,0.09421,0.08931,0.09104,5237075.0
2026-02-07 08:00:00,0.09108,0.10711,0.091,0.10693,19892110.0
2026-02-07 12:00:00,0.10693,0.1235,0.05368,0.05611,693816121.0
2026-02-07 16:00:00,0.05606,0.36666,0.05139,0.29387,2116727869.0
2026-02-07 20:00:00,0.29324,0.38888,0.18783,0.26338,1306014779.0
2026-02-08 00:00:00,0.26342,0.305,0.24525,0.27763,469391886.0
2026-02-08 04:00:00,0.27761,0.2857,0.07211,0.08971,2401704660.0
2026-02-08 08:00:00,0.08971,0.09498,0.07777,0.08776,1178040017.0
2026-02-08 12:00:00,0.08773,0.15278,0.08618,0.13881,1228721159.0
2026-02-08 16:00:00,0.13881,0.14766,0.09217,0.10041,1479940258.0
2026-02-08 20:00:00,0.10036,0.10488,0.08656,0.09224,439465041.0
2026-02-09 00:00:00,0.09224,0.09781,0.08887,0.0902,236116816.0
2026-02-09 04:00:00,0.0902,0.10162,0.087,0.09553,320746963.0
2026-02-09 08:00:00,0.09555,0.1032,0.081,0.09701,829594450.0
2026-02-09 12:00:00,0.09702,0.1163,0.0967,0.10822,986307874.0
2026-02-09 16:00:00,0.10822,0.12388,0.10609,0.10884,595342875.0
2026-02-09 20:00:00,0.10885,0.11231,0.10208,0.10312,195250176.0
2026-02-10 00:00:00,0.1031,0.10792,0.09693,0.10088,201330596.0
2026-02-10 04:00:00,0.10089,0.10612,0.09807,0.09959,145911281.0
2026-02-10 08:00:00,0.09959,0.10421,0.09834,0.10115,146268444.0
2026-02-10 12:00:00,0.10114,0.1047,0.09757,0.09973,120299867.0
2026-02-10 16:00:00,0.09978,0.10559,0.09924,0.10234,97485945.0
2026-02-10 20:00:00,0.10234,0.10457,0.09921,0.10076,52686038.0
2026-02-11 00:00:00,0.10077,0.10099,0.09465,0.09968,72705063.0
2026-02-11 04:00:00,0.09969,0.1016,0.09826,0.10034,44687671.0
2026-02-11 08:00:00,0.10034,0.11716,0.09985,0.10961,219542483.0
2026-02-11 12:00:00,0.10959,0.1104,0.10057,0.10313,105210511.0
2026-02-11 16:00:00,0.10314,0.10425,0.09956,0.1014,48462956.0
2026-02-11 20:00:00,0.10139,0.10192,0.09821,0.10048,38599380.0
2026-02-12 00:00:00,0.10047,0.10197,0.0985,0.09881,28543183.0
2026-02-12 04:00:00,0.09881,0.105,0.09509,0.10407,48298196.0
2026-02-12 08:00:00,0.10407,0.10591,0.103,0.10371,35502137.0
2026-02-12 12:00:00,0.10373,0.10818,0.1014,0.10692,59755929.0
2026-02-12 16:00:00,0.10691,0.145,0.10404,0.1422,368347721.0
2026-02-12 20:00:00,0.14225,0.15192,0.12164,0.12693,456171923.0
2026-02-13 00:00:00,0.12693,0.13081,0.11875,0.12447,112469471.0
2026-02-13 04:00:00,0.12446,0.12514,0.11105,0.11785,118695577.0
2026-02-13 08:00:00,0.11786,0.12397,0.11576,0.12232,86491324.0
2026-02-13 12:00:00,0.12232,0.12844,0.11821,0.11877,96504451.0
2026-02-13 16:00:00,0.11875,0.12655,0.11467,0.12333,68142910.0
2026-02-13 20:00:00,0.12334,0.12539,0.12215,0.12411,22238642.0
2026-02-14 00:00:00,0.12416,0.12945,0.12096,0.12731,41427964.0
2026-02-14 04:00:00,0.12731,0.14039,0.12612,0.13239,98426886.0
2026-02-14 08:00:00,0.1324,0.13416,0.12306,0.12846,61264091.0
2026-02-14 12:00:00,0.12846,0.16847,0.12823,0.15568,365381411.0
2026-02-14 16:00:00,0.15559,0.1658,0.14431,0.15129,197003948.0
2026-02-14 20:00:00,0.15125,0.15275,0.14022,0.1444,56458721.0
2026-02-15 00:00:00,0.14442,0.14851,0.13868,0.1409,50728370.0
2026-02-15 04:00:00,0.14091,0.14339,0.13776,0.14213,34026237.0
2026-02-15 08:00:00,0.14214,0.15772,0.13953,0.15594,79923409.0
2026-02-15 12:00:00,0.15593,0.15636,0.1347,0.1398,89743912.0
2026-02-15 16:00:00,0.13981,0.1437,0.13546,0.14193,37636195.0
2026-02-15 20:00:00,0.14193,0.14351,0.13923,0.14069,19722464.0
2026-02-16 00:00:00,0.1407,0.15073,0.13892,0.15003,36442642.0
2026-02-16 04:00:00,0.15004,0.24912,0.14911,0.21649,819251019.0
2026-02-16 08:00:00,0.21649,0.23204,0.20125,0.22624,590411560.0
2026-02-16 12:00:00,0.22624,0.2344,0.19281,0.2227,453966958.0
2026-02-16 16:00:00,0.22277,0.23273,0.21135,0.22199,222594237.0
2026-02-16 20:00:00,0.22199,0.22879,0.20947,0.21696,129187187.0
