datetime,open,high,low,close,volume
2023-04-01 00:00:00,4.945,5.055,4.935,4.995,599979.1
2023-04-01 04:00:00,4.994,5.054,4.917,4.944,426064.3
2023-04-01 08:00:00,4.943,4.981,4.907,4.934,290982.7
2023-04-01 12:00:00,4.934,4.95,4.886,4.942,317399.1
2023-04-01 16:00:00,4.943,4.961,4.876,4.948,335581.2
2023-04-01 20:00:00,4.948,5.011,4.941,5.002,279132.8
2023-04-02 00:00:00,5.003,5.02,4.947,4.991,298054.2
2023-04-02 04:00:00,4.992,5.009,4.959,4.998,177512.6
2023-04-02 08:00:00,4.999,5.051,4.961,4.995,501840.5
2023-04-02 12:00:00,4.995,4.996,4.797,4.86,771529.8
2023-04-02 16:00:00,4.86,4.9,4.763,4.801,386549.4
2023-04-02 20:00:00,4.803,4.859,4.769,4.855,257171.4
2023-04-03 00:00:00,4.855,4.878,4.68,4.797,549261.5
2023-04-03 04:00:00,4.797,4.846,4.762,4.84,188763.4
2023-04-03 08:00:00,4.839,4.918,4.836,4.878,348859.9
2023-04-03 12:00:00,4.876,4.91,4.8,4.847,367991.2
2023-04-03 16:00:00,4.851,4.978,4.826,4.937,698425.0
2023-04-03 20:00:00,4.936,4.946,4.701,4.907,904403.9
2023-04-04 00:00:00,4.907,4.939,4.838,4.844,317637.4
2023-04-04 04:00:00,4.844,4.894,4.811,4.863,206628.0
2023-04-04 08:00:00,4.863,4.964,4.848,4.957,398611.4
2023-04-04 12:00:00,4.957,5.093,4.936,5.029,1129479.9
2023-04-04 16:00:00,5.028,5.058,4.98,5.053,453533.2
2023-04-04 20:00:00,5.053,5.123,5.039,5.089,511632.4
2023-04-05 00:00:00,5.089,5.23,5.023,5.107,1045725.0
2023-04-05 04:00:00,5.108,5.13,5.063,5.093,293279.5
2023-04-05 08:00:00,5.092,5.125,5.076,5.11,229758.1
2023-04-05 12:00:00,5.112,5.148,4.918,5.028,1102094.6
2023-04-05 16:00:00,5.027,5.062,4.977,5.029,467752.5
2023-04-05 20:00:00,5.03,5.061,5.002,5.04,208998.4
2023-04-06 00:00:00,5.04,5.053,4.903,5.016,386351.2
2023-04-06 04:00:00,5.017,5.042,4.935,4.943,246916.7
2023-04-06 08:00:00,4.942,5.012,4.911,4.981,392061.9
2023-04-06 12:00:00,4.982,5.013,4.922,4.999,314123.7
2023-04-06 16:00:00,5.0,5.025,4.959,4.982,192789.8
2023-04-06 20:00:00,4.98,4.993,4.914,4.963,209125.7
2023-04-07 00:00:00,4.962,5.022,4.928,4.949,255355.4
2023-04-07 04:00:00,4.948,5.0,4.852,4.869,297001.4
2023-04-07 08:00:00,4.868,5.121,4.856,4.918,3232533.2
2023-04-07 12:00:00,4.918,4.92,4.84,4.909,887375.2
2023-04-07 16:00:00,4.91,4.918,4.86,4.871,275439.3
2023-04-07 20:00:00,4.871,4.967,4.871,4.966,808576.4
2023-04-08 00:00:00,4.965,5.055,4.892,4.938,1747139.4
2023-04-08 04:00:00,4.939,4.976,4.923,4.959,210713.7
2023-04-08 08:00:00,4.959,4.974,4.931,4.965,215468.2
2023-04-08 12:00:00,4.966,5.029,4.923,5.006,677053.0
2023-04-08 16:00:00,5.005,5.055,4.872,4.898,993087.3
2023-04-08 20:00:00,4.897,5.016,4.892,4.995,926217.9
2023-04-09 00:00:00,4.995,5.177,4.979,5.106,1399986.1
2023-04-09 04:00:00,5.105,5.238,5.024,5.182,3630034.9
2023-04-09 08:00:00,5.183,5.809,5.162,5.61,24985456.0
2023-04-09 12:00:00,5.61,5.616,5.359,5.419,13631662.6
2023-04-09 16:00:00,5.418,5.494,5.323,5.416,5635992.5
2023-04-09 20:00:00,5.416,5.464,5.369,5.398,2431361.4
2023-04-10 00:00:00,5.397,5.639,5.358,5.537,4570036.2
2023-04-10 04:00:00,5.536,5.552,5.12,5.31,3243029.1
2023-04-10 08:00:00,5.311,5.375,5.274,5.316,1511382.2
2023-04-10 12:00:00,5.316,5.325,5.207,5.209,1664910.2
2023-04-10 16:00:00,5.209,5.314,5.164,5.287,1949172.6
2023-04-10 20:00:00,5.286,5.361,5.245,5.343,986429.5
2023-04-11 00:00:00,5.343,5.36,5.236,5.32,1270877.7
2023-04-11 04:00:00,5.321,5.379,5.281,5.339,834153.1
2023-04-11 08:00:00,5.34,5.359,5.252,5.277,839934.1
2023-04-11 12:00:00,5.277,5.36,5.21,5.256,1200434.3
2023-04-11 16:00:00,5.255,5.271,5.175,5.205,860372.6
2023-04-11 20:00:00,5.206,5.237,5.162,5.216,495894.1
2023-04-12 00:00:00,5.214,5.262,4.903,4.931,1817416.3
2023-04-12 04:00:00,4.931,5.022,4.93,4.994,782711.1
2023-04-12 08:00:00,4.994,5.006,4.915,4.945,680744.2
2023-04-12 12:00:00,4.944,5.119,4.927,5.06,1694385.4
2023-04-12 16:00:00,5.06,5.101,5.0,5.037,824389.5
2023-04-12 20:00:00,5.039,5.097,5.036,5.069,455749.2
2023-04-13 00:00:00,5.069,5.099,5.008,5.061,467936.5
2023-04-13 04:00:00,5.061,5.069,4.984,5.031,420956.4
2023-04-13 08:00:00,5.03,5.111,5.025,5.077,879278.1
2023-04-13 12:00:00,5.077,5.178,5.066,5.146,901842.8
2023-04-13 16:00:00,5.147,5.24,5.123,5.186,759882.0
2023-04-13 20:00:00,5.187,5.238,5.161,5.235,529663.1
2023-04-14 00:00:00,5.235,5.495,5.231,5.347,1572752.2
2023-04-14 04:00:00,5.348,5.417,5.308,5.321,770570.2
2023-04-14 08:00:00,5.321,5.37,5.284,5.367,657803.6
2023-04-14 12:00:00,5.366,5.386,5.205,5.215,1192464.3
2023-04-14 16:00:00,5.215,5.501,5.213,5.496,1067267.7
2023-04-14 20:00:00,5.495,5.567,5.448,5.481,885667.9
2023-04-15 00:00:00,5.481,5.494,5.35,5.396,604104.5
2023-04-15 04:00:00,5.396,5.534,5.38,5.519,420706.7
2023-04-15 08:00:00,5.521,5.523,5.428,5.447,533916.4
2023-04-15 12:00:00,5.447,5.497,5.403,5.458,455733.6
2023-04-15 16:00:00,5.46,5.588,5.448,5.509,731286.4
2023-04-15 20:00:00,5.51,5.586,5.487,5.553,428444.3
2023-04-16 00:00:00,5.553,5.573,5.413,5.49,522024.6
2023-04-16 04:00:00,5.491,5.549,5.481,5.532,321502.4
2023-04-16 08:00:00,5.533,5.828,5.509,5.617,2117847.5
2023-04-16 12:00:00,5.618,5.62,5.466,5.542,1065150.8
2023-04-16 16:00:00,5.542,5.628,5.498,5.555,720213.3
2023-04-16 20:00:00,5.556,5.689,5.513,5.664,924777.8
2023-04-17 00:00:00,5.662,5.684,5.468,5.632,1151095.0
2023-04-17 04:00:00,5.633,5.652,5.554,5.563,519268.8
2023-04-17 08:00:00,5.563,5.632,5.471,5.53,677356.5
2023-04-17 12:00:00,5.53,5.618,5.458,5.495,889919.4
2023-04-17 16:00:00,5.495,5.541,5.471,5.518,420005.7
2023-04-17 20:00:00,5.519,5.92,5.51,5.733,3497066.3
2023-04-18 00:00:00,5.734,5.738,5.513,5.627,1304495.3
2023-04-18 04:00:00,5.627,5.734,5.596,5.668,705068.1
2023-04-18 08:00:00,5.669,5.746,5.61,5.73,757606.5
2023-04-18 12:00:00,5.731,6.748,5.685,5.806,21133576.3
2023-04-18 16:00:00,5.805,5.85,5.687,5.788,2874746.9
2023-04-18 20:00:00,5.787,5.875,5.774,5.808,1257340.3
2023-04-19 00:00:00,5.809,5.82,5.625,5.646,1599213.3
2023-04-19 04:00:00,5.646,5.667,5.501,5.514,1310756.0
2023-04-19 08:00:00,5.514,5.524,4.9,5.188,4019529.2
2023-04-19 12:00:00,5.189,5.27,5.158,5.189,1640181.8
2023-04-19 16:00:00,5.19,5.213,5.084,5.148,1210367.8
2023-04-19 20:00:00,5.148,5.187,4.945,5.124,1259660.7
2023-04-20 00:00:00,5.122,5.192,5.059,5.151,785899.6
2023-04-20 04:00:00,5.152,5.19,5.097,5.166,643326.5
2023-04-20 08:00:00,5.167,5.262,5.083,5.1,1000271.2
2023-04-20 12:00:00,5.1,5.199,5.008,5.02,1018346.0
2023-04-20 16:00:00,5.02,5.063,4.85,5.032,1874285.4
2023-04-20 20:00:00,5.032,5.058,4.981,5.018,806105.0
2023-04-21 00:00:00,5.02,5.087,4.981,5.059,782100.8
2023-04-21 04:00:00,5.059,5.119,4.96,5.061,775217.7
2023-04-21 08:00:00,5.062,5.098,4.955,4.995,543829.7
2023-04-21 12:00:00,4.994,5.035,4.927,4.954,771680.4
2023-04-21 16:00:00,4.954,4.994,4.552,4.732,1899735.7
2023-04-21 20:00:00,4.732,4.751,4.662,4.724,912460.3
2023-04-22 00:00:00,4.723,4.76,4.664,4.71,527944.0
2023-04-22 04:00:00,4.71,4.744,4.672,4.688,357638.4
2023-04-22 08:00:00,4.687,4.725,4.648,4.682,442062.8
2023-04-22 12:00:00,4.681,4.811,4.677,4.793,624735.3
2023-04-22 16:00:00,4.793,4.849,4.768,4.793,531951.5
2023-04-22 20:00:00,4.792,4.871,4.776,4.87,367802.9
2023-04-23 00:00:00,4.871,4.876,4.754,4.796,513135.7
2023-04-23 04:00:00,4.796,4.865,4.782,4.85,270420.7
2023-04-23 08:00:00,4.851,4.915,4.812,4.891,1408119.8
2023-04-23 12:00:00,4.891,5.055,4.824,4.879,3859412.7
2023-04-23 16:00:00,4.88,4.949,4.673,4.807,2135545.0
2023-04-23 20:00:00,4.807,4.871,4.754,4.844,867610.5
2023-04-24 00:00:00,4.845,4.927,4.75,4.809,999832.2
2023-04-24 04:00:00,4.809,4.815,4.688,4.734,860585.8
2023-04-24 08:00:00,4.734,4.864,4.692,4.854,832860.1
2023-04-24 12:00:00,4.857,4.96,4.825,4.858,1338004.3
2023-04-24 16:00:00,4.858,4.914,4.75,4.894,1093834.3
2023-04-24 20:00:00,4.894,4.92,4.867,4.892,415078.5
2023-04-25 00:00:00,4.892,4.906,4.805,4.829,684296.9
2023-04-25 04:00:00,4.83,4.957,4.826,4.907,1207133.8
2023-04-25 08:00:00,4.907,4.956,4.845,4.899,1084280.9
2023-04-25 12:00:00,4.899,4.934,4.771,4.808,1178303.3
2023-04-25 16:00:00,4.81,4.944,4.794,4.882,971471.2
2023-04-25 20:00:00,4.882,5.044,4.881,5.028,1002973.0
2023-04-26 00:00:00,5.03,5.051,4.973,4.998,633104.8
2023-04-26 04:00:00,4.996,5.039,4.957,4.976,519385.8
2023-04-26 08:00:00,4.976,5.151,4.97,5.127,1126602.5
2023-04-26 12:00:00,5.127,5.322,5.127,5.293,1470521.6
2023-04-26 16:00:00,5.295,5.33,4.804,4.855,1874535.0
2023-04-26 20:00:00,4.854,5.095,4.708,5.084,1645465.4
2023-04-27 00:00:00,5.085,5.228,5.004,5.06,1607025.9
2023-04-27 04:00:00,5.062,5.101,4.944,4.994,702766.6
2023-04-27 08:00:00,4.995,5.015,4.955,4.988,500851.4
2023-04-27 12:00:00,4.989,5.144,4.944,5.105,1111858.7
2023-04-27 16:00:00,5.106,5.2,5.086,5.168,987596.9
2023-04-27 20:00:00,5.168,5.199,5.1,5.15,523682.6
2023-04-28 00:00:00,5.15,5.218,5.112,5.186,646176.4
2023-04-28 04:00:00,5.186,5.234,5.132,5.207,820066.5
2023-04-28 08:00:00,5.209,5.218,5.116,5.143,644617.1
2023-04-28 12:00:00,5.144,5.19,5.032,5.107,810620.4
2023-04-28 16:00:00,5.108,5.191,5.102,5.159,536671.0
2023-04-28 20:00:00,5.159,5.206,5.151,5.188,317845.9
2023-04-29 00:00:00,5.189,5.218,5.121,5.187,441729.4
2023-04-29 04:00:00,5.187,5.254,5.186,5.21,375051.2
2023-04-29 08:00:00,5.212,5.226,5.157,5.197,766304.1
2023-04-29 12:00:00,5.198,5.259,5.167,5.211,408856.1
2023-04-29 16:00:00,5.21,5.29,5.123,5.271,444510.5
2023-04-29 20:00:00,5.271,5.353,5.244,5.337,549711.6
2023-04-30 00:00:00,5.337,5.338,5.247,5.272,932515.2
2023-04-30 04:00:00,5.272,5.334,5.234,5.31,672959.5
2023-04-30 08:00:00,5.31,5.399,5.259,5.283,1593369.7
2023-04-30 12:00:00,5.282,5.286,5.181,5.225,1204214.9
2023-04-30 16:00:00,5.226,5.299,5.095,5.127,787230.2
2023-04-30 20:00:00,5.126,5.138,5.041,5.049,558736.7
2023-05-01 00:00:00,5.049,5.073,4.853,4.907,1100015.9
2023-05-01 04:00:00,4.908,5.284,4.88,5.171,1650904.5
2023-05-01 08:00:00,5.172,5.294,5.135,5.202,1634260.3
2023-05-01 12:00:00,5.203,5.319,5.181,5.239,1913888.8
2023-05-01 16:00:00,5.24,5.27,5.065,5.117,1677175.8
2023-05-01 20:00:00,5.117,5.183,5.077,5.16,896640.2
2023-05-02 00:00:00,5.161,5.226,5.12,5.176,1534058.5
2023-05-02 04:00:00,5.176,5.187,5.06,5.128,1594398.4
2023-05-02 08:00:00,5.129,5.148,5.077,5.103,743572.9
2023-05-02 12:00:00,5.104,5.288,5.05,5.236,1692286.9
2023-05-02 16:00:00,5.235,5.241,5.153,5.179,912253.0
2023-05-02 20:00:00,5.18,5.227,5.18,5.212,339193.4
2023-05-03 00:00:00,5.213,5.214,5.094,5.107,484156.0
2023-05-03 04:00:00,5.107,5.21,5.101,5.161,540790.5
2023-05-03 08:00:00,5.161,5.18,5.071,5.076,463049.6
2023-05-03 12:00:00,5.076,5.156,5.042,5.098,923437.4
2023-05-03 16:00:00,5.098,5.262,5.031,5.17,1558142.7
2023-05-03 20:00:00,5.169,5.305,5.16,5.281,772610.4
2023-05-04 00:00:00,5.282,5.29,5.206,5.228,351184.2
2023-05-04 04:00:00,5.228,5.251,5.211,5.212,237385.2
2023-05-04 08:00:00,5.213,5.263,5.194,5.212,402596.0
2023-05-04 12:00:00,5.212,5.227,5.15,5.202,411545.1
2023-05-04 16:00:00,5.201,5.225,5.116,5.145,366672.1
2023-05-04 20:00:00,5.145,5.225,5.128,5.22,265156.1
2023-05-05 00:00:00,5.22,5.321,5.203,5.243,582159.3
2023-05-05 04:00:00,5.244,5.264,5.196,5.232,298690.8
2023-05-05 08:00:00,5.232,5.246,5.178,5.213,339699.5
2023-05-05 12:00:00,5.213,5.268,5.095,5.258,695911.2
2023-05-05 16:00:00,5.259,5.481,5.257,5.38,1977078.8
2023-05-05 20:00:00,5.38,5.469,5.366,5.411,551476.3
2023-05-06 00:00:00,5.411,5.434,5.275,5.323,846227.1
2023-05-06 04:00:00,5.322,5.388,5.297,5.355,474255.4
2023-05-06 08:00:00,5.356,5.411,5.281,5.301,1032452.7
2023-05-06 12:00:00,5.301,5.305,5.014,5.132,1236703.9
2023-05-06 16:00:00,5.132,5.147,5.045,5.113,633376.7
2023-05-06 20:00:00,5.112,5.113,5.043,5.103,389033.2
2023-05-07 00:00:00,5.102,5.184,5.058,5.115,578138.5
2023-05-07 04:00:00,5.114,5.115,5.052,5.073,382708.6
2023-05-07 08:00:00,5.073,5.078,4.956,4.977,744920.7
2023-05-07 12:00:00,4.978,5.119,4.977,5.072,651487.9
2023-05-07 16:00:00,5.073,5.086,4.986,5.008,503706.5
2023-05-07 20:00:00,5.008,5.09,5.004,5.031,404873.0
2023-05-08 00:00:00,5.031,5.085,4.575,4.779,1588723.4
2023-05-08 04:00:00,4.779,4.795,4.591,4.652,753290.3
2023-05-08 08:00:00,4.651,4.725,4.632,4.7,509401.6
2023-05-08 12:00:00,4.701,4.716,4.614,4.632,592887.7
2023-05-08 16:00:00,4.632,4.633,4.134,4.238,1915921.3
2023-05-08 20:00:00,4.237,4.286,4.185,4.216,885255.8
2023-05-09 00:00:00,4.217,4.281,4.144,4.163,867664.7
2023-05-09 04:00:00,4.164,4.213,4.105,4.202,909803.9
2023-05-09 08:00:00,4.202,4.232,4.149,4.232,845247.5
2023-05-09 12:00:00,4.233,4.251,4.104,4.115,1081998.8
2023-05-09 16:00:00,4.116,4.157,4.051,4.129,1205866.6
2023-05-09 20:00:00,4.129,4.145,4.044,4.087,549485.2
2023-05-10 00:00:00,4.088,4.115,4.012,4.038,840898.1
2023-05-10 04:00:00,4.037,4.129,4.011,4.096,654742.6
2023-05-10 08:00:00,4.097,4.165,4.041,4.157,851209.6
2023-05-10 12:00:00,4.157,4.281,4.106,4.215,1688651.1
2023-05-10 16:00:00,4.214,4.247,3.876,4.162,2570701.0
2023-05-10 20:00:00,4.162,4.364,4.155,4.239,1460513.2
2023-05-11 00:00:00,4.239,4.258,4.105,4.117,815006.3
2023-05-11 04:00:00,4.115,4.133,4.065,4.081,590858.8
2023-05-11 08:00:00,4.08,4.149,4.029,4.095,893566.2
2023-05-11 12:00:00,4.095,4.157,4.053,4.071,1283085.3
2023-05-11 16:00:00,4.071,4.074,3.9,3.956,1584546.5
2023-05-11 20:00:00,3.959,4.011,3.932,4.001,606537.3
2023-05-12 00:00:00,4.0,4.042,3.883,3.9,993228.3
2023-05-12 04:00:00,3.9,4.044,3.877,4.044,647726.8
2023-05-12 08:00:00,4.043,4.118,4.034,4.058,712261.9
2023-05-12 12:00:00,4.058,4.122,4.016,4.028,670647.2
2023-05-12 16:00:00,4.027,4.09,3.928,4.073,1032618.3
2023-05-12 20:00:00,4.072,4.181,4.067,4.176,800445.4
2023-05-13 00:00:00,4.176,4.177,4.088,4.099,491930.5
2023-05-13 04:00:00,4.1,4.115,4.06,4.098,357142.7
2023-05-13 08:00:00,4.098,4.156,4.086,4.12,707557.4
2023-05-13 12:00:00,4.121,4.133,4.043,4.097,580917.9
2023-05-13 16:00:00,4.095,4.109,4.038,4.065,477024.4
2023-05-13 20:00:00,4.064,4.109,4.061,4.088,326814.4
2023-05-14 00:00:00,4.088,4.091,4.009,4.074,416460.4
2023-05-14 04:00:00,4.073,4.129,4.052,4.114,296640.1
2023-05-14 08:00:00,4.114,4.153,4.107,4.136,409215.9
2023-05-14 12:00:00,4.134,4.22,4.113,4.203,598071.1
2023-05-14 16:00:00,4.203,4.221,4.109,4.123,514802.8
2023-05-14 20:00:00,4.122,4.224,4.107,4.214,514900.8
2023-05-15 00:00:00,4.212,4.244,4.112,4.224,780858.6
2023-05-15 04:00:00,4.225,4.257,4.204,4.257,540628.8
2023-05-15 08:00:00,4.257,4.347,4.226,4.233,777886.5
2023-05-15 12:00:00,4.233,4.285,4.199,4.267,559638.3
2023-05-15 16:00:00,4.268,4.302,4.231,4.257,662986.6
2023-05-15 20:00:00,4.257,4.309,4.25,4.263,458376.5
2023-05-16 00:00:00,4.264,4.285,4.173,4.248,564574.9
2023-05-16 04:00:00,4.249,4.327,4.228,4.313,362432.8
2023-05-16 08:00:00,4.315,4.32,4.23,4.267,463280.4
2023-05-16 12:00:00,4.268,4.318,4.232,4.305,554306.1
2023-05-16 16:00:00,4.304,4.328,4.257,4.268,492134.9
2023-05-16 20:00:00,4.267,4.353,4.263,4.342,570218.5
2023-05-17 00:00:00,4.342,4.418,4.291,4.398,653762.6
2023-05-17 04:00:00,4.399,4.43,4.334,4.354,470518.2
2023-05-17 08:00:00,4.351,4.419,4.291,4.31,707456.1
2023-05-17 12:00:00,4.31,4.368,4.25,4.305,764344.3
2023-05-17 16:00:00,4.305,4.54,4.297,4.512,828900.9
2023-05-17 20:00:00,4.513,4.55,4.484,4.512,489254.5
2023-05-18 00:00:00,4.514,4.514,4.423,4.467,328078.1
2023-05-18 04:00:00,4.467,4.472,4.372,4.443,325570.2
2023-05-18 08:00:00,4.444,4.472,4.371,4.378,460396.1
2023-05-18 12:00:00,4.378,4.402,4.329,4.346,681757.7
2023-05-18 16:00:00,4.343,4.421,4.261,4.368,931719.3
2023-05-18 20:00:00,4.365,4.49,4.33,4.422,465592.4
2023-05-19 00:00:00,4.422,4.451,4.37,4.404,382785.7
2023-05-19 04:00:00,4.403,4.446,4.383,4.39,301455.9
2023-05-19 08:00:00,4.391,4.412,4.372,4.379,220656.0
2023-05-19 12:00:00,4.38,4.431,4.343,4.407,697040.2
2023-05-19 16:00:00,4.407,4.451,4.37,4.403,398481.5
2023-05-19 20:00:00,4.403,4.453,4.397,4.427,369528.2
2023-05-20 00:00:00,4.428,4.431,4.359,4.404,310444.7
2023-05-20 04:00:00,4.404,4.421,4.358,4.372,264477.8
2023-05-20 08:00:00,4.372,4.413,4.368,4.396,231825.2
2023-05-20 12:00:00,4.397,4.436,4.39,4.43,282178.2
2023-05-20 16:00:00,4.431,4.464,4.399,4.436,341417.0
2023-05-20 20:00:00,4.436,4.455,4.409,4.429,332119.3
2023-05-21 00:00:00,4.43,4.44,4.377,4.388,236579.5
2023-05-21 04:00:00,4.389,4.403,4.375,4.381,151536.4
2023-05-21 08:00:00,4.381,4.404,4.324,4.35,298713.3
2023-05-21 12:00:00,4.349,4.412,4.308,4.331,346832.1
2023-05-21 16:00:00,4.33,4.337,4.274,4.331,355699.3
2023-05-21 20:00:00,4.33,4.349,4.266,4.322,323739.6
2023-05-22 00:00:00,4.322,4.346,4.199,4.259,516568.2
2023-05-22 04:00:00,4.26,4.317,4.25,4.285,240209.1
2023-05-22 08:00:00,4.285,4.353,4.285,4.325,391088.1
2023-05-22 12:00:00,4.325,4.366,4.287,4.357,503543.1
2023-05-22 16:00:00,4.357,4.369,4.324,4.348,341132.6
2023-05-22 20:00:00,4.348,4.366,4.327,4.342,245626.9
2023-05-23 00:00:00,4.343,4.461,4.302,4.45,466314.8
2023-05-23 04:00:00,4.451,4.467,4.378,4.411,429492.4
2023-05-23 08:00:00,4.411,4.42,4.381,4.409,293889.6
2023-05-23 12:00:00,4.409,4.443,4.376,4.442,268434.8
2023-05-23 16:00:00,4.441,4.442,4.393,4.415,275752.5
2023-05-23 20:00:00,4.415,4.43,4.397,4.425,151162.6
2023-05-24 00:00:00,4.425,4.447,4.323,4.378,469653.4
2023-05-24 04:00:00,4.378,4.465,4.343,4.38,696333.3
2023-05-24 08:00:00,4.379,4.427,4.361,4.366,377563.3
2023-05-24 12:00:00,4.366,4.405,4.21,4.282,967717.4
2023-05-24 16:00:00,4.283,4.309,4.238,4.283,340337.8
2023-05-24 20:00:00,4.285,4.355,4.278,4.339,301922.9
2023-05-25 00:00:00,4.338,4.345,4.163,4.315,463406.3
2023-05-25 04:00:00,4.316,4.387,4.306,4.334,350011.1
2023-05-25 08:00:00,4.334,4.378,4.287,4.309,373863.9
2023-05-25 12:00:00,4.31,4.386,4.31,4.374,542350.7
2023-05-25 16:00:00,4.374,4.41,4.361,4.393,356181.5
2023-05-25 20:00:00,4.393,4.417,4.363,4.372,208070.1
2023-05-26 00:00:00,4.372,4.409,4.341,4.391,258871.1
2023-05-26 04:00:00,4.391,4.412,4.337,4.391,281297.2
2023-05-26 08:00:00,4.39,4.464,4.379,4.39,481566.9
2023-05-26 12:00:00,4.391,4.443,4.362,4.43,545517.8
2023-05-26 16:00:00,4.429,4.464,4.377,4.461,292243.9
2023-05-26 20:00:00,4.461,4.462,4.423,4.435,165659.1
2023-05-27 00:00:00,4.435,4.446,4.411,4.442,137284.6
2023-05-27 04:00:00,4.442,4.461,4.418,4.435,289314.4
2023-05-27 08:00:00,4.433,4.438,4.403,4.415,256333.8
2023-05-27 12:00:00,4.416,4.495,4.382,4.383,2111672.1
2023-05-27 16:00:00,4.384,4.409,4.363,4.38,344041.3
2023-05-27 20:00:00,4.38,4.409,4.364,4.4,413700.4
2023-05-28 00:00:00,4.4,4.457,4.366,4.433,442252.2
2023-05-28 04:00:00,4.434,4.45,4.393,4.413,252041.9
2023-05-28 08:00:00,4.414,4.478,4.399,4.452,366451.6
2023-05-28 12:00:00,4.451,4.453,4.4,4.434,264599.7
2023-05-28 16:00:00,4.434,4.478,4.409,4.452,311605.2
2023-05-28 20:00:00,4.452,4.63,4.45,4.54,736448.6
2023-05-29 00:00:00,4.541,4.555,4.464,4.472,649410.8
2023-05-29 04:00:00,4.472,4.502,4.435,4.474,564310.3
2023-05-29 08:00:00,4.474,4.481,4.425,4.464,370770.2
2023-05-29 12:00:00,4.465,4.472,4.398,4.41,367802.4
2023-05-29 16:00:00,4.41,4.427,4.365,4.406,381899.2
2023-05-29 20:00:00,4.406,4.422,4.369,4.39,251285.8
2023-05-30 00:00:00,4.39,4.44,4.342,4.425,356204.3
2023-05-30 04:00:00,4.426,4.431,4.371,4.372,258339.2
2023-05-30 08:00:00,4.373,4.477,4.362,4.471,352231.1
2023-05-30 12:00:00,4.471,4.472,4.413,4.446,366074.4
2023-05-30 16:00:00,4.449,4.468,4.377,4.411,478382.9
2023-05-30 20:00:00,4.412,4.437,4.393,4.41,243075.7
2023-05-31 00:00:00,4.411,4.489,4.395,4.486,551915.4
2023-05-31 04:00:00,4.486,4.486,4.338,4.359,749092.1
2023-05-31 08:00:00,4.358,4.364,4.288,4.299,434069.7
2023-05-31 12:00:00,4.299,4.333,4.271,4.291,394773.5
2023-05-31 16:00:00,4.291,4.352,4.269,4.338,337400.6
2023-05-31 20:00:00,4.339,4.361,4.296,4.356,247198.0
2023-06-01 00:00:00,4.356,4.383,4.263,4.322,459229.4
2023-06-01 04:00:00,4.323,4.385,4.289,4.334,403492.5
2023-06-01 08:00:00,4.334,4.419,4.318,4.401,350060.0
2023-06-01 12:00:00,4.4,4.424,4.366,4.386,310867.0
2023-06-01 16:00:00,4.385,4.438,4.356,4.41,403492.6
2023-06-01 20:00:00,4.41,4.432,4.357,4.378,332578.4
2023-06-02 00:00:00,4.378,4.408,4.318,4.405,468360.2
2023-06-02 04:00:00,4.406,4.423,4.376,4.395,304151.2
2023-06-02 08:00:00,4.395,4.436,4.395,4.432,195632.8
2023-06-02 12:00:00,4.431,4.473,4.395,4.455,620056.7
2023-06-02 16:00:00,4.455,4.542,4.43,4.538,562602.0
2023-06-02 20:00:00,4.539,4.566,4.506,4.514,350757.1
2023-06-03 00:00:00,4.513,4.519,4.448,4.496,320475.8
2023-06-03 04:00:00,4.497,4.664,4.486,4.644,804571.5
2023-06-03 08:00:00,4.644,4.761,4.582,4.708,2440644.9
2023-06-03 12:00:00,4.709,4.709,4.61,4.67,1461551.6
2023-06-03 16:00:00,4.67,4.678,4.531,4.559,906288.9
2023-06-03 20:00:00,4.559,4.586,4.541,4.557,462243.4
2023-06-04 00:00:00,4.556,4.57,4.512,4.536,401433.3
2023-06-04 04:00:00,4.537,4.554,4.516,4.545,306603.5
2023-06-04 08:00:00,4.546,4.588,4.525,4.552,527194.7
2023-06-04 12:00:00,4.552,4.577,4.492,4.518,483935.2
2023-06-04 16:00:00,4.519,4.542,4.491,4.532,338699.0
2023-06-04 20:00:00,4.532,4.563,4.462,4.478,469349.0
2023-06-05 00:00:00,4.478,4.493,4.35,4.379,832068.7
2023-06-05 04:00:00,4.378,4.407,4.341,4.403,442978.5
2023-06-05 08:00:00,4.403,4.48,4.39,4.468,480870.9
2023-06-05 12:00:00,4.469,4.615,4.101,4.117,2377582.7
2023-06-05 16:00:00,4.115,4.174,3.978,4.035,2158235.0
2023-06-05 20:00:00,4.037,4.05,3.967,4.039,641246.3
2023-06-06 00:00:00,4.039,4.256,4.035,4.228,924084.6
2023-06-06 04:00:00,4.228,4.282,4.175,4.182,1060337.9
2023-06-06 08:00:00,4.182,4.215,4.13,4.156,560178.3
2023-06-06 12:00:00,4.157,4.219,4.05,4.163,1285184.8
2023-06-06 16:00:00,4.164,4.261,4.164,4.24,647017.0
2023-06-06 20:00:00,4.242,4.285,4.19,4.261,572161.9
2023-06-07 00:00:00,4.263,4.274,4.192,4.221,429956.8
2023-06-07 04:00:00,4.22,4.229,4.15,4.172,364712.3
2023-06-07 08:00:00,4.173,4.227,4.096,4.162,552810.9
2023-06-07 12:00:00,4.163,4.167,4.022,4.044,828010.4
2023-06-07 16:00:00,4.043,4.074,3.972,4.004,523747.3
2023-06-07 20:00:00,4.005,4.012,3.934,3.992,458045.2
2023-06-08 00:00:00,3.991,4.022,3.915,3.973,299696.2
2023-06-08 04:00:00,3.972,4.013,3.938,3.968,318237.3
2023-06-08 08:00:00,3.969,4.043,3.956,4.027,437789.5
2023-06-08 12:00:00,4.027,4.058,4.002,4.019,680765.3
2023-06-08 16:00:00,4.02,4.042,3.944,4.039,906331.0
2023-06-08 20:00:00,4.04,4.057,4.004,4.017,360344.9
2023-06-09 00:00:00,4.018,4.023,3.92,3.998,481556.5
2023-06-09 04:00:00,3.998,4.032,3.978,4.009,308400.1
2023-06-09 08:00:00,4.009,4.047,3.987,4.02,311998.1
2023-06-09 12:00:00,4.019,4.06,3.993,4.003,466937.4
2023-06-09 16:00:00,4.002,4.047,3.971,3.979,477553.5
2023-06-09 20:00:00,3.979,4.066,3.972,4.029,610404.5
2023-06-10 00:00:00,4.028,4.041,3.741,3.772,1219847.7
2023-06-10 04:00:00,3.774,3.799,2.5,3.029,6351157.0
2023-06-10 08:00:00,3.029,3.179,2.996,3.178,2026463.3
2023-06-10 12:00:00,3.177,3.178,3.074,3.102,1468774.1
2023-06-10 16:00:00,3.101,3.237,3.049,3.153,1821922.7
2023-06-10 20:00:00,3.153,3.201,3.115,3.175,697188.5
2023-06-11 00:00:00,3.176,3.227,3.138,3.182,595810.0
2023-06-11 04:00:00,3.181,3.186,3.122,3.152,504967.5
2023-06-11 08:00:00,3.153,3.302,3.151,3.284,680438.2
2023-06-11 12:00:00,3.284,3.288,3.18,3.188,713073.8
2023-06-11 16:00:00,3.19,3.278,3.182,3.267,681240.9
2023-06-11 20:00:00,3.266,3.305,3.153,3.204,563975.7
2023-06-12 00:00:00,3.204,3.205,3.061,3.182,1036918.4
2023-06-12 04:00:00,3.183,3.228,3.142,3.152,592461.8
2023-06-12 08:00:00,3.153,3.235,3.141,3.198,699475.5
2023-06-12 12:00:00,3.198,3.27,3.182,3.246,638083.2
2023-06-12 16:00:00,3.246,3.252,3.177,3.23,633538.3
2023-06-12 20:00:00,3.23,3.353,3.223,3.332,538914.3
2023-06-13 00:00:00,3.333,3.377,3.292,3.37,404332.9
2023-06-13 04:00:00,3.37,3.374,3.292,3.354,463354.4
2023-06-13 08:00:00,3.355,3.406,3.332,3.363,601470.6
2023-06-13 12:00:00,3.364,3.418,3.261,3.278,908827.2
2023-06-13 16:00:00,3.278,3.351,3.275,3.321,379437.1
2023-06-13 20:00:00,3.321,3.367,3.309,3.353,327461.6
2023-06-14 00:00:00,3.354,3.376,3.318,3.334,275752.4
2023-06-14 04:00:00,3.334,3.343,3.284,3.302,289045.3
2023-06-14 08:00:00,3.302,3.344,3.295,3.337,193884.1
2023-06-14 12:00:00,3.337,3.353,3.313,3.326,252088.7
2023-06-14 16:00:00,3.326,3.345,3.261,3.268,744797.9
2023-06-14 20:00:00,3.268,3.275,2.986,3.132,2307259.0
2023-06-15 00:00:00,3.132,3.209,3.126,3.202,502047.4
2023-06-15 04:00:00,3.203,3.216,3.162,3.207,467967.7
2023-06-15 08:00:00,3.207,3.242,3.14,3.211,716311.2
2023-06-15 12:00:00,3.212,3.288,3.185,3.262,658481.2
2023-06-15 16:00:00,3.262,3.284,3.185,3.279,704495.4
2023-06-15 20:00:00,3.279,3.294,3.223,3.236,472485.0
2023-06-16 00:00:00,3.237,3.24,3.188,3.213,427789.0
2023-06-16 04:00:00,3.212,3.218,3.175,3.184,345905.2
2023-06-16 08:00:00,3.184,3.215,3.11,3.133,560990.3
2023-06-16 12:00:00,3.133,3.203,3.129,3.191,744153.4
2023-06-16 16:00:00,3.191,3.274,3.171,3.227,857549.7
2023-06-16 20:00:00,3.228,3.238,3.155,3.169,467941.0
2023-06-17 00:00:00,3.17,3.184,3.142,3.183,394544.2
2023-06-17 04:00:00,3.182,3.313,3.167,3.26,857273.8
2023-06-17 08:00:00,3.259,3.278,3.232,3.246,432708.4
2023-06-17 12:00:00,3.243,3.257,3.179,3.212,510611.9
2023-06-17 16:00:00,3.212,3.241,3.201,3.224,299745.8
2023-06-17 20:00:00,3.223,3.24,3.211,3.226,232969.3
2023-06-18 00:00:00,3.225,3.239,3.166,3.21,468304.7
2023-06-18 04:00:00,3.209,3.233,3.188,3.198,277968.3
2023-06-18 08:00:00,3.199,3.213,3.183,3.191,260285.2
2023-06-18 12:00:00,3.191,3.201,3.172,3.192,284458.2
2023-06-18 16:00:00,3.192,3.207,3.173,3.18,250174.5
2023-06-18 20:00:00,3.179,3.184,3.015,3.094,907002.5
2023-06-19 00:00:00,3.094,3.096,3.038,3.082,325174.9
2023-06-19 04:00:00,3.082,3.133,3.078,3.119,277757.1
2023-06-19 08:00:00,3.119,3.127,3.077,3.103,423477.6
2023-06-19 12:00:00,3.104,3.136,3.082,3.106,404499.9
2023-06-19 16:00:00,3.107,3.179,3.077,3.145,944457.9
2023-06-19 20:00:00,3.146,3.196,3.143,3.183,440459.6
2023-06-20 00:00:00,3.184,3.191,3.136,3.138,453906.0
2023-06-20 04:00:00,3.138,3.154,3.117,3.147,279423.5
2023-06-20 08:00:00,3.148,3.166,3.115,3.163,271848.4
2023-06-20 12:00:00,3.163,3.169,3.057,3.103,806863.3
2023-06-20 16:00:00,3.102,3.27,3.087,3.261,1431541.4
2023-06-20 20:00:00,3.262,3.286,3.225,3.271,661193.2
2023-06-21 00:00:00,3.272,3.371,3.251,3.354,921469.5
2023-06-21 04:00:00,3.354,3.411,3.33,3.368,690741.3
2023-06-21 08:00:00,3.369,3.37,3.304,3.334,639985.0
2023-06-21 12:00:00,3.334,3.361,3.285,3.357,879137.0
2023-06-21 16:00:00,3.357,3.545,3.352,3.462,2446417.2
2023-06-21 20:00:00,3.461,3.481,3.396,3.443,987515.6
2023-06-22 00:00:00,3.443,3.53,3.422,3.493,638391.7
2023-06-22 04:00:00,3.494,3.585,3.468,3.583,1248100.0
2023-06-22 08:00:00,3.583,3.655,3.316,3.461,3116971.7
2023-06-22 12:00:00,3.462,3.62,3.393,3.536,3178422.9
2023-06-22 16:00:00,3.536,3.553,3.451,3.482,976059.1
2023-06-22 20:00:00,3.482,3.489,3.431,3.435,552718.0
2023-06-23 00:00:00,3.435,3.541,3.432,3.507,744547.3
2023-06-23 04:00:00,3.507,3.594,3.499,3.543,1251342.4
2023-06-23 08:00:00,3.544,3.546,3.432,3.464,1073717.2
2023-06-23 12:00:00,3.465,3.55,3.384,3.538,1439375.6
2023-06-23 16:00:00,3.537,3.671,3.5,3.563,1827978.0
2023-06-23 20:00:00,3.563,3.62,3.514,3.562,625507.8
2023-06-24 00:00:00,3.562,3.609,3.523,3.588,598615.7
2023-06-24 04:00:00,3.588,3.627,3.562,3.572,655878.0
2023-06-24 08:00:00,3.573,3.67,3.566,3.658,669421.6
2023-06-24 12:00:00,3.659,3.68,3.368,3.482,1473174.0
2023-06-24 16:00:00,3.483,3.665,3.433,3.6,2448830.4
2023-06-24 20:00:00,3.6,3.602,3.509,3.566,904273.2
2023-06-25 00:00:00,3.565,3.69,3.538,3.683,791110.7
2023-06-25 04:00:00,3.683,3.749,3.65,3.689,1011264.7
2023-06-25 08:00:00,3.69,3.739,3.615,3.663,1034911.0
2023-06-25 12:00:00,3.664,3.679,3.568,3.619,1021054.4
2023-06-25 16:00:00,3.618,3.675,3.577,3.616,779912.2
2023-06-25 20:00:00,3.615,3.64,3.579,3.605,312394.8
2023-06-26 00:00:00,3.606,3.614,3.465,3.551,1027831.5
2023-06-26 04:00:00,3.551,3.557,3.47,3.522,623413.6
2023-06-26 08:00:00,3.521,3.55,3.481,3.515,502023.1
2023-06-26 12:00:00,3.514,3.6,3.489,3.538,813013.1
2023-06-26 16:00:00,3.537,3.544,3.32,3.452,1294505.0
2023-06-26 20:00:00,3.451,3.46,3.336,3.402,619061.8
2023-06-27 00:00:00,3.403,3.471,3.382,3.455,412444.0
2023-06-27 04:00:00,3.454,3.475,3.419,3.469,329334.4
2023-06-27 08:00:00,3.468,3.471,3.42,3.446,400919.2
2023-06-27 12:00:00,3.445,3.486,3.405,3.419,612747.2
2023-06-27 16:00:00,3.42,3.475,3.41,3.461,388042.1
2023-06-27 20:00:00,3.46,3.487,3.445,3.482,362160.3
2023-06-28 00:00:00,3.483,3.486,3.37,3.416,602557.9
2023-06-28 04:00:00,3.416,3.424,3.231,3.286,725164.0
2023-06-28 08:00:00,3.285,3.328,3.272,3.307,430588.0
2023-06-28 12:00:00,3.306,3.337,3.271,3.331,604388.4
2023-06-28 16:00:00,3.331,3.344,3.071,3.177,1431581.3
2023-06-28 20:00:00,3.177,3.248,3.157,3.222,542443.1
2023-06-29 00:00:00,3.222,3.249,3.203,3.233,355629.4
2023-06-29 04:00:00,3.234,3.276,3.225,3.246,370677.9
2023-06-29 08:00:00,3.247,3.316,3.228,3.311,479395.7
2023-06-29 12:00:00,3.311,3.319,3.252,3.269,455529.5
2023-06-29 16:00:00,3.269,3.294,3.24,3.287,344984.8
2023-06-29 20:00:00,3.286,3.291,3.235,3.263,370465.2
2023-06-30 00:00:00,3.264,3.373,3.232,3.365,672440.4
2023-06-30 04:00:00,3.365,3.428,3.334,3.368,719153.2
2023-06-30 08:00:00,3.369,3.447,3.366,3.437,615069.3
2023-06-30 12:00:00,3.437,3.464,3.097,3.224,2218810.5
2023-06-30 16:00:00,3.223,3.395,3.193,3.315,1295993.8
2023-06-30 20:00:00,3.316,3.368,3.29,3.359,424378.6
2023-07-01 00:00:00,3.359,3.448,3.359,3.415,727277.5
2023-07-01 04:00:00,3.415,3.428,3.339,3.421,544232.2
2023-07-01 08:00:00,3.421,3.464,3.388,3.445,809368.3
2023-07-01 12:00:00,3.446,3.473,3.413,3.453,680225.4
2023-07-01 16:00:00,3.452,3.461,3.398,3.422,522452.2
2023-07-01 20:00:00,3.421,3.459,3.41,3.457,305099.7
2023-07-02 00:00:00,3.456,3.461,3.328,3.343,730774.4
2023-07-02 04:00:00,3.343,3.375,3.32,3.369,446529.3
2023-07-02 08:00:00,3.369,3.388,3.347,3.385,331138.4
2023-07-02 12:00:00,3.385,3.39,3.26,3.348,659064.0
2023-07-02 16:00:00,3.348,3.379,3.311,3.361,389880.4
2023-07-02 20:00:00,3.361,3.445,3.354,3.421,625697.2
2023-07-03 00:00:00,3.421,3.49,3.384,3.473,581372.4
2023-07-03 04:00:00,3.474,3.491,3.416,3.48,566798.9
2023-07-03 08:00:00,3.48,3.515,3.46,3.494,585896.5
2023-07-03 12:00:00,3.493,3.554,3.461,3.533,850037.9
2023-07-03 16:00:00,3.533,3.55,3.476,3.524,552056.7
2023-07-03 20:00:00,3.524,3.544,3.481,3.543,399989.3
2023-07-04 00:00:00,3.542,3.554,3.461,3.549,520152.0
2023-07-04 04:00:00,3.549,3.57,3.492,3.516,640740.6
2023-07-04 08:00:00,3.515,3.63,3.472,3.618,1136879.9
2023-07-04 12:00:00,3.617,3.617,3.501,3.537,982173.3
2023-07-04 16:00:00,3.537,3.577,3.451,3.517,870287.5
2023-07-04 20:00:00,3.517,3.57,3.512,3.532,390501.4
2023-07-05 00:00:00,3.532,3.554,3.478,3.546,427419.3
2023-07-05 04:00:00,3.545,3.587,3.515,3.583,314389.5
2023-07-05 08:00:00,3.583,3.583,3.333,3.411,1409073.8
2023-07-05 12:00:00,3.411,3.534,3.387,3.443,1391849.8
2023-07-05 16:00:00,3.443,3.485,3.425,3.428,657056.9
2023-07-05 20:00:00,3.429,3.444,3.398,3.43,361864.8
2023-07-06 00:00:00,3.43,3.441,3.374,3.409,375578.0
2023-07-06 04:00:00,3.41,3.491,3.392,3.477,410360.0
2023-07-06 08:00:00,3.476,3.535,3.464,3.486,806678.6
2023-07-06 12:00:00,3.486,3.492,3.242,3.31,2123775.3
2023-07-06 16:00:00,3.311,3.407,3.28,3.328,1603316.7
2023-07-06 20:00:00,3.328,3.342,3.23,3.244,847579.2
2023-07-07 00:00:00,3.242,3.288,3.185,3.26,706933.9
2023-07-07 04:00:00,3.26,3.279,3.212,3.249,489162.2
2023-07-07 08:00:00,3.246,3.266,3.227,3.254,407978.5
2023-07-07 12:00:00,3.254,3.324,3.228,3.292,920831.7
2023-07-07 16:00:00,3.292,3.316,3.258,3.289,440773.1
2023-07-07 20:00:00,3.29,3.322,3.278,3.314,288175.9
2023-07-08 00:00:00,3.315,3.353,3.303,3.322,325806.3
2023-07-08 04:00:00,3.322,3.324,3.271,3.313,483539.9
2023-07-08 08:00:00,3.313,3.348,3.29,3.306,421632.8
2023-07-08 12:00:00,3.306,3.341,3.295,3.312,327377.8
2023-07-08 16:00:00,3.312,3.343,3.278,3.29,462624.2
2023-07-08 20:00:00,3.289,3.354,3.27,3.342,391676.5
2023-07-09 00:00:00,3.342,3.396,3.338,3.383,462484.1
2023-07-09 04:00:00,3.384,3.416,3.357,3.376,473499.3
2023-07-09 08:00:00,3.375,3.391,3.337,3.368,630290.8
2023-07-09 12:00:00,3.368,3.417,3.355,3.389,1185577.5
2023-07-09 16:00:00,3.39,3.397,3.367,3.378,394584.9
2023-07-09 20:00:00,3.377,3.383,3.316,3.332,563755.0
2023-07-10 00:00:00,3.331,3.338,3.2,3.22,1246624.4
2023-07-10 04:00:00,3.22,3.255,3.206,3.235,447825.1
2023-07-10 08:00:00,3.234,3.268,3.179,3.256,654872.6
2023-07-10 12:00:00,3.257,3.294,3.243,3.29,511871.2
2023-07-10 16:00:00,3.29,3.364,3.251,3.357,655476.7
2023-07-10 20:00:00,3.358,3.384,3.294,3.333,891144.7
2023-07-11 00:00:00,3.333,3.356,3.284,3.353,439691.1
2023-07-11 04:00:00,3.353,3.389,3.344,3.376,342426.0
2023-07-11 08:00:00,3.377,3.386,3.334,3.354,321240.4
2023-07-11 12:00:00,3.354,3.359,3.306,3.35,479615.2
2023-07-11 16:00:00,3.351,3.352,3.291,3.32,433084.0
2023-07-11 20:00:00,3.32,3.353,3.313,3.346,206910.4
2023-07-12 00:00:00,3.347,3.377,3.333,3.362,318669.2
2023-07-12 04:00:00,3.362,3.379,3.347,3.357,235792.7
2023-07-12 08:00:00,3.358,3.359,3.327,3.336,207814.3
2023-07-12 12:00:00,3.335,3.372,3.302,3.335,667585.8
2023-07-12 16:00:00,3.335,3.348,3.279,3.282,462862.1
2023-07-12 20:00:00,3.283,3.342,3.28,3.328,218369.7
2023-07-13 00:00:00,3.329,3.34,3.284,3.292,270388.9
2023-07-13 04:00:00,3.292,3.337,3.26,3.323,315749.2
2023-07-13 08:00:00,3.323,3.371,3.31,3.36,311081.8
2023-07-13 12:00:00,3.361,3.493,3.333,3.466,994969.2
2023-07-13 16:00:00,3.466,3.656,3.463,3.637,1813373.0
2023-07-13 20:00:00,3.638,3.649,3.556,3.633,749353.6
2023-07-14 00:00:00,3.635,3.693,3.61,3.63,909638.7
2023-07-14 04:00:00,3.63,3.659,3.6,3.614,496057.0
2023-07-14 08:00:00,3.616,3.672,3.588,3.65,605449.2
2023-07-14 12:00:00,3.651,3.755,3.604,3.744,1035144.1
2023-07-14 16:00:00,3.743,3.75,3.374,3.433,3319176.4
2023-07-14 20:00:00,3.432,3.547,3.392,3.509,1107308.6
2023-07-15 00:00:00,3.51,3.52,3.458,3.466,419662.2
2023-07-15 04:00:00,3.466,3.595,3.456,3.592,368080.5
2023-07-15 08:00:00,3.592,3.599,3.525,3.54,549572.6
2023-07-15 12:00:00,3.54,3.55,3.487,3.505,485558.9
2023-07-15 16:00:00,3.505,3.552,3.469,3.532,374641.7
2023-07-15 20:00:00,3.532,3.532,3.491,3.527,235854.8
2023-07-16 00:00:00,3.527,3.545,3.427,3.462,544642.8
2023-07-16 04:00:00,3.463,3.48,3.441,3.471,223523.0
2023-07-16 08:00:00,3.472,3.486,3.45,3.461,280820.2
2023-07-16 12:00:00,3.461,3.493,3.426,3.471,450255.4
2023-07-16 16:00:00,3.47,3.471,3.384,3.398,433413.0
2023-07-16 20:00:00,3.398,3.419,3.338,3.361,592851.0
2023-07-17 00:00:00,3.362,3.427,3.337,3.425,472205.1
2023-07-17 04:00:00,3.425,3.478,3.418,3.459,563593.5
2023-07-17 08:00:00,3.46,3.476,3.305,3.398,863699.2
2023-07-17 12:00:00,3.397,3.458,3.355,3.423,519700.0
2023-07-17 16:00:00,3.423,3.447,3.333,3.424,721387.5
2023-07-17 20:00:00,3.423,3.478,3.392,3.469,330872.0
2023-07-18 00:00:00,3.469,3.514,3.46,3.473,423584.3
2023-07-18 04:00:00,3.473,3.493,3.38,3.411,1021538.9
2023-07-18 08:00:00,3.411,3.422,3.34,3.345,573681.4
2023-07-18 12:00:00,3.345,3.386,3.31,3.346,582237.9
2023-07-18 16:00:00,3.347,3.372,3.265,3.299,570607.2
2023-07-18 20:00:00,3.298,3.317,3.287,3.308,283500.7
2023-07-19 00:00:00,3.308,3.36,3.289,3.341,335723.0
2023-07-19 04:00:00,3.34,3.357,3.302,3.306,282513.6
2023-07-19 08:00:00,3.306,3.324,3.271,3.311,373094.6
2023-07-19 12:00:00,3.31,3.329,3.271,3.327,537191.5
2023-07-19 16:00:00,3.327,3.343,3.293,3.326,386184.0
2023-07-19 20:00:00,3.325,3.326,3.286,3.299,326824.1
2023-07-20 00:00:00,3.3,3.345,3.285,3.309,263757.4
2023-07-20 04:00:00,3.31,3.359,3.301,3.346,314172.3
2023-07-20 08:00:00,3.348,3.46,3.338,3.437,1612549.0
2023-07-20 12:00:00,3.437,3.462,3.299,3.347,1244217.5
2023-07-20 16:00:00,3.346,3.37,3.303,3.348,461017.2
2023-07-20 20:00:00,3.348,3.364,3.306,3.358,368351.8
2023-07-21 00:00:00,3.357,3.401,3.322,3.389,429746.2
2023-07-21 04:00:00,3.389,3.396,3.309,3.312,332043.7
2023-07-21 08:00:00,3.313,3.335,3.291,3.311,465863.9
2023-07-21 12:00:00,3.312,3.343,3.297,3.331,592483.6
2023-07-21 16:00:00,3.33,3.371,3.314,3.341,508210.2
2023-07-21 20:00:00,3.341,3.356,3.328,3.34,246667.4
2023-07-22 00:00:00,3.341,3.382,3.332,3.371,280131.5
2023-07-22 04:00:00,3.371,3.383,3.337,3.356,243097.5
2023-07-22 08:00:00,3.355,3.367,3.3,3.322,331470.0
2023-07-22 12:00:00,3.322,3.333,3.305,3.319,253344.7
2023-07-22 16:00:00,3.32,3.323,3.272,3.308,488118.5
2023-07-22 20:00:00,3.309,3.319,3.196,3.239,772471.8
2023-07-23 00:00:00,3.24,3.271,3.209,3.266,363985.6
2023-07-23 04:00:00,3.266,3.3,3.258,3.271,277857.9
2023-07-23 08:00:00,3.271,3.288,3.256,3.278,395560.7
2023-07-23 12:00:00,3.278,3.296,3.27,3.272,296420.5
2023-07-23 16:00:00,3.272,3.333,3.272,3.307,368763.0
2023-07-23 20:00:00,3.307,3.326,3.285,3.291,201203.6
2023-07-24 00:00:00,3.291,3.304,3.226,3.237,372401.9
2023-07-24 04:00:00,3.236,3.27,3.208,3.262,298947.1
2023-07-24 08:00:00,3.262,3.262,3.003,3.146,1243290.3
2023-07-24 12:00:00,3.147,3.164,3.088,3.119,674944.7
2023-07-24 16:00:00,3.118,3.121,3.08,3.09,462252.6
2023-07-24 20:00:00,3.09,3.12,3.078,3.098,269737.2
2023-07-25 00:00:00,3.099,3.106,3.062,3.073,323262.1
2023-07-25 04:00:00,3.073,3.097,3.048,3.062,304156.2
2023-07-25 08:00:00,3.062,3.092,3.052,3.084,309689.6
2023-07-25 12:00:00,3.084,3.104,3.033,3.058,677998.4
2023-07-25 16:00:00,3.057,3.075,3.037,3.044,343306.4
2023-07-25 20:00:00,3.044,3.06,3.024,3.044,259403.5
2023-07-26 00:00:00,3.045,3.08,2.952,3.075,812149.5
2023-07-26 04:00:00,3.075,3.111,3.053,3.056,671337.1
2023-07-26 08:00:00,3.057,3.058,3.01,3.018,567138.3
2023-07-26 12:00:00,3.018,3.07,3.013,3.064,484494.3
2023-07-26 16:00:00,3.065,3.109,3.023,3.096,704368.4
2023-07-26 20:00:00,3.096,3.114,3.06,3.077,376541.1
2023-07-27 00:00:00,3.076,3.13,3.035,3.121,442505.2
2023-07-27 04:00:00,3.121,3.474,3.114,3.409,8139187.2
2023-07-27 08:00:00,3.409,3.618,3.395,3.41,30650227.9
2023-07-27 12:00:00,3.411,3.414,3.198,3.208,14595019.6
2023-07-27 16:00:00,3.208,3.224,3.086,3.145,6506987.1
2023-07-27 20:00:00,3.146,3.175,3.111,3.165,2342023.3
2023-07-28 00:00:00,3.164,3.211,3.146,3.15,2757800.2
2023-07-28 04:00:00,3.15,3.19,3.114,3.154,2201102.5
2023-07-28 08:00:00,3.154,3.168,3.133,3.149,2096626.6
2023-07-28 12:00:00,3.15,3.185,3.122,3.147,2101383.7
2023-07-28 16:00:00,3.148,3.191,3.145,3.181,1485770.2
2023-07-28 20:00:00,3.18,3.267,3.166,3.243,2129575.1
2023-07-29 00:00:00,3.243,3.305,3.222,3.26,2069938.7
2023-07-29 04:00:00,3.261,3.327,3.237,3.244,2337580.3
2023-07-29 08:00:00,3.243,3.275,3.225,3.269,1304407.8
2023-07-29 12:00:00,3.269,3.346,3.247,3.313,3175328.4
2023-07-29 16:00:00,3.313,3.349,3.286,3.295,2250812.7
2023-07-29 20:00:00,3.295,3.305,3.265,3.28,977625.6
2023-07-30 00:00:00,3.279,3.342,3.257,3.33,856563.5
2023-07-30 04:00:00,3.331,3.386,3.301,3.32,1869634.7
2023-07-30 08:00:00,3.32,3.407,3.317,3.349,1759751.8
2023-07-30 12:00:00,3.348,3.37,3.308,3.346,1333614.2
2023-07-30 16:00:00,3.345,3.357,3.225,3.27,1649505.4
2023-07-30 20:00:00,3.27,3.432,3.161,3.423,3604597.8
2023-07-31 00:00:00,3.423,3.55,3.393,3.476,4399115.2
2023-07-31 04:00:00,3.475,3.531,3.416,3.426,3060982.6
2023-07-31 08:00:00,3.427,3.52,3.419,3.456,2051409.2
2023-07-31 12:00:00,3.455,3.555,3.411,3.438,4470667.4
2023-07-31 16:00:00,3.438,3.488,3.418,3.448,1975629.6
2023-07-31 20:00:00,3.449,3.48,3.386,3.452,1921238.9
2023-08-01 00:00:00,3.451,3.538,3.308,3.441,4501529.3
2023-08-01 04:00:00,3.44,3.544,3.384,3.393,3670690.5
2023-08-01 08:00:00,3.392,3.586,3.359,3.516,5357542.8
2023-08-01 12:00:00,3.516,3.63,3.514,3.601,5395977.8
2023-08-01 16:00:00,3.601,3.659,3.539,3.6,3579704.0
2023-08-01 20:00:00,3.6,3.61,3.537,3.597,1561816.1
2023-08-02 00:00:00,3.595,3.615,3.531,3.553,1440434.1
2023-08-02 04:00:00,3.552,3.554,3.456,3.492,2001943.2
2023-08-02 08:00:00,3.492,3.508,3.43,3.468,1802643.1
2023-08-02 12:00:00,3.467,3.471,3.292,3.339,3234334.2
2023-08-02 16:00:00,3.339,3.389,3.27,3.371,2416618.9
2023-08-02 20:00:00,3.37,3.387,3.35,3.366,1008734.1
2023-08-03 00:00:00,3.366,3.446,3.357,3.417,1282062.5
2023-08-03 04:00:00,3.417,3.439,3.379,3.414,976778.4
2023-08-03 08:00:00,3.415,3.48,3.363,3.458,1863821.7
2023-08-03 12:00:00,3.458,3.467,3.381,3.388,1454159.0
2023-08-03 16:00:00,3.388,3.415,3.379,3.395,910528.4
2023-08-03 20:00:00,3.394,3.419,3.362,3.376,841760.5
2023-08-04 00:00:00,3.377,3.437,3.371,3.422,706080.7
2023-08-04 04:00:00,3.421,3.423,3.366,3.381,512103.8
2023-08-04 08:00:00,3.382,3.396,3.328,3.33,713441.0
2023-08-04 12:00:00,3.329,3.473,3.327,3.421,1645634.4
2023-08-04 16:00:00,3.421,3.442,3.394,3.413,1196363.6
2023-08-04 20:00:00,3.413,3.422,3.343,3.394,910934.1
2023-08-05 00:00:00,3.394,3.41,3.364,3.39,583502.4
2023-08-05 04:00:00,3.391,3.392,3.351,3.363,452026.1
2023-08-05 08:00:00,3.363,3.38,3.312,3.326,815087.2
2023-08-05 12:00:00,3.327,3.349,3.302,3.321,822425.8
2023-08-05 16:00:00,3.322,3.335,3.288,3.321,711025.6
2023-08-05 20:00:00,3.322,3.34,3.313,3.338,341963.5
2023-08-06 00:00:00,3.339,3.529,3.326,3.5,2314309.2
2023-08-06 04:00:00,3.5,3.554,3.467,3.495,1754574.5
2023-08-06 08:00:00,3.494,3.525,3.475,3.478,1053805.3
2023-08-06 12:00:00,3.478,3.645,3.478,3.64,3341491.2
2023-08-06 16:00:00,3.638,3.873,3.505,3.545,13215159.7
2023-08-06 20:00:00,3.545,3.678,3.538,3.579,5051177.0
2023-08-07 00:00:00,3.579,3.807,3.577,3.613,4442531.7
2023-08-07 04:00:00,3.614,3.672,3.57,3.611,2129350.0
2023-08-07 08:00:00,3.612,3.793,3.576,3.681,3611633.8
2023-08-07 12:00:00,3.681,3.78,3.481,3.484,5326656.0
2023-08-07 16:00:00,3.485,3.566,3.416,3.549,2685892.8
2023-08-07 20:00:00,3.55,3.577,3.535,3.576,616503.1
2023-08-08 00:00:00,3.576,3.592,3.533,3.557,861149.0
2023-08-08 04:00:00,3.557,3.62,3.522,3.603,972267.7
2023-08-08 08:00:00,3.604,3.616,3.542,3.595,979897.4
2023-08-08 12:00:00,3.595,3.62,3.552,3.586,1178659.9
2023-08-08 16:00:00,3.586,3.611,3.561,3.583,1079399.7
2023-08-08 20:00:00,3.584,3.617,3.574,3.584,628982.4
2023-08-09 00:00:00,3.583,3.611,3.56,3.584,633711.7
2023-08-09 04:00:00,3.585,3.679,3.579,3.638,1649075.8
2023-08-09 08:00:00,3.638,3.726,3.618,3.643,2010467.7
2023-08-09 12:00:00,3.643,3.694,3.61,3.643,1741197.3
2023-08-09 16:00:00,3.642,3.782,3.633,3.686,4435678.4
2023-08-09 20:00:00,3.687,3.828,3.655,3.777,3886262.9
2023-08-10 00:00:00,3.776,3.892,3.77,3.815,5129472.9
2023-08-10 04:00:00,3.815,3.839,3.726,3.748,3146379.4
2023-08-10 08:00:00,3.746,3.75,3.639,3.69,2737920.7
2023-08-10 12:00:00,3.689,3.763,3.667,3.739,3101545.3
2023-08-10 16:00:00,3.74,3.783,3.723,3.737,1572919.3
2023-08-10 20:00:00,3.737,3.753,3.719,3.742,746402.6
2023-08-11 00:00:00,3.743,3.89,3.741,3.767,2118439.7
2023-08-11 04:00:00,3.766,3.84,3.749,3.767,1680772.2
2023-08-11 08:00:00,3.767,3.782,3.71,3.735,1814070.3
2023-08-11 12:00:00,3.735,3.787,3.719,3.751,1065511.1
2023-08-11 16:00:00,3.751,3.777,3.716,3.719,896150.2
2023-08-11 20:00:00,3.72,3.751,3.718,3.75,443704.9
2023-08-12 00:00:00,3.751,3.833,3.737,3.8,1050105.3
2023-08-12 04:00:00,3.8,3.976,3.8,3.903,2278972.3
2023-08-12 08:00:00,3.903,3.92,3.827,3.834,1420862.3
2023-08-12 12:00:00,3.834,3.865,3.813,3.841,909321.3
2023-08-12 16:00:00,3.841,3.869,3.82,3.822,705267.1
2023-08-12 20:00:00,3.823,3.839,3.816,3.83,365316.5
2023-08-13 00:00:00,3.829,3.924,3.806,3.91,759982.1
2023-08-13 04:00:00,3.911,4.366,3.905,4.112,15147429.9
2023-08-13 08:00:00,4.111,4.232,3.98,4.053,5947800.2
2023-08-13 12:00:00,4.052,4.58,4.051,4.517,13144047.0
2023-08-13 16:00:00,4.516,4.524,4.274,4.402,8159986.1
2023-08-13 20:00:00,4.403,4.552,4.206,4.232,6458272.2
2023-08-14 00:00:00,4.232,4.598,4.162,4.306,9510662.2
2023-08-14 04:00:00,4.305,4.359,4.232,4.357,3998718.8
2023-08-14 08:00:00,4.356,4.424,4.255,4.266,4366846.4
2023-08-14 12:00:00,4.267,4.271,4.066,4.106,3665878.9
2023-08-14 16:00:00,4.105,4.269,4.089,4.167,3080719.5
2023-08-14 20:00:00,4.167,4.287,4.14,4.152,3009422.3
2023-08-15 00:00:00,4.152,4.153,4.07,4.105,2046543.5
2023-08-15 04:00:00,4.105,4.2,4.05,4.169,1989577.5
2023-08-15 08:00:00,4.169,4.591,4.168,4.429,12303373.7
2023-08-15 12:00:00,4.429,4.541,4.317,4.398,8657761.3
2023-08-15 16:00:00,4.398,4.497,4.025,4.199,11107668.7
2023-08-15 20:00:00,4.199,4.334,4.134,4.247,6270733.4
2023-08-16 00:00:00,4.247,4.436,4.232,4.384,9544351.3
2023-08-16 04:00:00,4.385,4.479,4.233,4.418,9081931.8
2023-08-16 08:00:00,4.418,4.528,4.367,4.522,7783469.5
2023-08-16 12:00:00,4.521,4.528,3.955,4.018,12582420.1
2023-08-16 16:00:00,4.018,4.725,3.994,4.206,25457164.2
2023-08-16 20:00:00,4.206,4.327,4.055,4.316,9928318.1
2023-08-17 00:00:00,4.315,4.422,4.059,4.084,8111187.9
2023-08-17 04:00:00,4.085,4.127,3.907,3.981,5448384.6
2023-08-17 08:00:00,3.981,4.063,3.968,4.013,4725257.3
2023-08-17 12:00:00,4.012,4.39,4.009,4.144,13297990.1
2023-08-17 16:00:00,4.144,4.166,3.995,4.121,6587170.8
2023-08-17 20:00:00,4.12,4.146,3.055,3.576,12061399.2
2023-08-18 00:00:00,3.576,3.727,3.458,3.69,7158142.7
2023-08-18 04:00:00,3.69,3.865,3.658,3.809,4715227.3
2023-08-18 08:00:00,3.81,4.057,3.757,3.993,4701688.6
2023-08-18 12:00:00,3.993,4.55,3.984,4.227,21874159.2
2023-08-18 16:00:00,4.227,4.366,4.1,4.184,10981846.6
2023-08-18 20:00:00,4.186,4.258,4.085,4.166,4823366.8
2023-08-19 00:00:00,4.165,4.217,3.924,3.942,6054795.4
2023-08-19 04:00:00,3.941,4.025,3.847,3.949,4976038.6
2023-08-19 08:00:00,3.949,4.024,3.879,4.002,4515662.1
2023-08-19 12:00:00,4.003,4.211,3.986,4.137,6889670.4
2023-08-19 16:00:00,4.137,4.162,4.06,4.074,3159281.0
2023-08-19 20:00:00,4.074,4.116,4.033,4.095,1749481.2
2023-08-20 00:00:00,4.094,4.123,3.931,4.07,2324822.9
2023-08-20 04:00:00,4.069,4.118,4.034,4.038,1604412.8
2023-08-20 08:00:00,4.037,4.087,3.995,4.041,1876137.6
2023-08-20 12:00:00,4.041,4.125,3.966,4.083,3036297.3
2023-08-20 16:00:00,4.082,4.114,4.022,4.036,2132192.2
2023-08-20 20:00:00,4.037,4.06,4.001,4.021,1131816.6
2023-08-21 00:00:00,4.021,4.141,4.007,4.126,2137268.1
2023-08-21 04:00:00,4.126,4.18,3.928,3.976,5838155.6
2023-08-21 08:00:00,3.975,4.34,3.912,4.304,7882594.7
2023-08-21 12:00:00,4.304,4.475,4.153,4.193,17299429.7
2023-08-21 16:00:00,4.193,4.31,4.162,4.239,4945717.0
2023-08-21 20:00:00,4.239,4.269,4.192,4.213,2461823.9
2023-08-22 00:00:00,4.214,4.243,4.171,4.192,2352977.5
2023-08-22 04:00:00,4.192,4.648,4.18,4.579,11994325.6
2023-08-22 08:00:00,4.582,4.7,4.48,4.571,15805671.3
2023-08-22 12:00:00,4.57,4.76,4.55,4.735,22784581.9
2023-08-22 16:00:00,4.735,4.973,4.652,4.759,21643419.2
2023-08-22 20:00:00,4.761,4.999,4.625,4.857,12846360.4
2023-08-23 00:00:00,4.858,4.987,4.62,4.686,14652941.8
2023-08-23 04:00:00,4.686,4.874,4.639,4.812,9407656.3
2023-08-23 08:00:00,4.812,5.232,4.804,5.113,21848470.6
2023-08-23 12:00:00,5.114,5.244,4.966,5.186,13804474.9
2023-08-23 16:00:00,5.185,5.44,5.125,5.348,11803763.4
2023-08-23 20:00:00,5.347,5.362,5.049,5.09,5081130.5
2023-08-24 00:00:00,5.09,5.17,5.02,5.054,3978564.6
2023-08-24 04:00:00,5.053,5.238,5.021,5.127,5851181.3
2023-08-24 08:00:00,5.127,5.34,5.084,5.284,8431313.4
2023-08-24 12:00:00,5.283,5.39,5.173,5.213,8379704.4
2023-08-24 16:00:00,5.214,5.282,5.126,5.236,4379594.5
2023-08-24 20:00:00,5.235,5.53,5.135,5.457,9768820.7
2023-08-25 00:00:00,5.457,5.48,4.759,4.937,17354160.3
2023-08-25 04:00:00,4.937,5.199,4.815,5.067,7963889.0
2023-08-25 08:00:00,5.066,5.269,5.047,5.224,5837322.2
2023-08-25 12:00:00,5.224,5.266,5.108,5.187,6686869.3
2023-08-25 16:00:00,5.186,5.237,5.122,5.154,3159009.2
2023-08-25 20:00:00,5.153,5.157,5.05,5.079,2139975.4
2023-08-26 00:00:00,5.08,5.24,5.044,5.207,3739982.2
2023-08-26 04:00:00,5.207,5.229,5.125,5.159,2593785.1
2023-08-26 08:00:00,5.158,5.262,5.141,5.254,3061886.3
2023-08-26 12:00:00,5.254,5.3,5.2,5.216,3241838.3
2023-08-26 16:00:00,5.216,5.239,5.176,5.204,1558579.6
2023-08-26 20:00:00,5.204,5.214,5.138,5.157,1331777.9
2023-08-27 00:00:00,5.156,5.227,5.053,5.086,2205040.2
2023-08-27 04:00:00,5.085,5.139,5.011,5.048,2247876.6
2023-08-27 08:00:00,5.049,5.207,4.879,4.899,5205365.9
2023-08-27 12:00:00,4.899,4.983,4.771,4.98,6663622.2
2023-08-27 16:00:00,4.98,5.026,4.842,4.846,3292381.8
2023-08-27 20:00:00,4.845,4.888,4.789,4.812,1686731.1
2023-08-28 00:00:00,4.811,5.129,4.779,5.001,6096013.5
2023-08-28 04:00:00,5.001,5.567,4.95,5.53,15913454.4
2023-08-28 08:00:00,5.53,5.718,5.44,5.663,16755783.3
2023-08-28 12:00:00,5.663,5.759,5.498,5.656,12545947.1
2023-08-28 16:00:00,5.657,5.893,5.564,5.785,10735373.7
2023-08-28 20:00:00,5.785,5.786,5.527,5.656,10322239.7
2023-08-29 00:00:00,5.655,5.663,5.46,5.496,8260830.5
2023-08-29 04:00:00,5.496,5.67,5.473,5.641,8061643.5
2023-08-29 08:00:00,5.642,5.839,5.567,5.6,12327568.0
2023-08-29 12:00:00,5.601,6.5,5.592,5.977,21181647.5
2023-08-29 16:00:00,5.978,5.998,5.813,5.871,6241010.2
2023-08-29 20:00:00,5.871,5.953,5.828,5.9,2777907.4
2023-08-30 00:00:00,5.9,6.492,5.893,6.438,14082152.7
2023-08-30 04:00:00,6.439,6.88,6.272,6.567,12510870.6
2023-08-30 08:00:00,6.566,6.9,6.51,6.641,13372483.8
2023-08-30 12:00:00,6.641,6.84,6.543,6.666,12603595.9
2023-08-30 16:00:00,6.665,7.176,6.619,6.739,18412246.8
2023-08-30 20:00:00,6.739,6.749,6.558,6.601,4599037.4
2023-08-31 00:00:00,6.6,6.973,6.409,6.973,9738266.0
2023-08-31 04:00:00,6.973,7.195,6.877,7.08,13294663.8
2023-08-31 08:00:00,7.081,7.188,6.98,7.051,11099371.8
2023-08-31 12:00:00,7.051,8.04,7.051,7.923,38294140.2
2023-08-31 16:00:00,7.923,8.069,7.5,7.631,20674138.5
2023-08-31 20:00:00,7.63,7.885,7.428,7.567,11528019.7
2023-09-01 00:00:00,7.567,7.779,7.215,7.428,10420421.7
2023-09-01 04:00:00,7.429,8.029,7.282,7.96,13224276.5
2023-09-01 08:00:00,7.96,8.0,7.615,7.824,9203563.9
2023-09-01 12:00:00,7.824,7.949,7.521,7.679,7966030.3
2023-09-01 16:00:00,7.68,8.22,7.616,8.038,11532647.1
2023-09-01 20:00:00,8.038,8.494,7.71,7.928,10672801.5
2023-09-02 00:00:00,7.927,8.048,7.672,8.044,4210094.4
2023-09-02 04:00:00,8.043,8.086,7.308,7.455,5961965.2
2023-09-02 08:00:00,7.455,7.967,7.22,7.581,7538618.3
2023-09-02 12:00:00,7.583,7.68,7.33,7.648,4219210.2
2023-09-02 16:00:00,7.647,7.674,7.455,7.57,3232622.1
2023-09-02 20:00:00,7.569,7.577,7.377,7.489,1788476.7
2023-09-03 00:00:00,7.488,7.79,7.458,7.567,3055616.5
2023-09-03 04:00:00,7.568,9.5,7.518,9.249,24148697.1
2023-09-03 08:00:00,9.25,9.8,8.739,9.267,30297782.5
2023-09-03 12:00:00,9.269,9.572,8.88,9.0,14434198.4
2023-09-03 16:00:00,9.001,9.162,8.57,8.603,11648612.6
2023-09-03 20:00:00,8.603,9.378,8.175,9.245,15264309.0
2023-09-04 00:00:00,9.244,9.7,8.938,9.05,12728687.2
2023-09-04 04:00:00,9.05,9.555,9.045,9.322,8530172.5
2023-09-04 08:00:00,9.322,9.403,8.972,9.224,8080996.5
2023-09-04 12:00:00,9.224,10.335,8.565,8.754,32828668.8
2023-09-04 16:00:00,8.756,9.053,8.2,8.798,17671736.9
2023-09-04 20:00:00,8.798,8.931,8.58,8.843,4294552.0
2023-09-05 00:00:00,8.843,9.052,8.54,8.787,6113883.1
2023-09-05 04:00:00,8.788,8.95,8.016,8.036,10104882.0
2023-09-05 08:00:00,8.037,8.189,7.791,8.065,10771243.6
2023-09-05 12:00:00,8.066,8.783,7.71,8.492,11697241.1
2023-09-05 16:00:00,8.491,8.935,8.147,8.511,9302168.8
2023-09-05 20:00:00,8.512,8.658,8.333,8.572,3205167.0
2023-09-06 00:00:00,8.572,9.688,8.571,8.985,11512458.0
2023-09-06 04:00:00,8.985,9.243,8.729,9.033,5193299.3
2023-09-06 08:00:00,9.033,9.66,8.972,9.508,11582214.1
2023-09-06 12:00:00,9.507,9.99,9.224,9.878,17043340.3
2023-09-06 16:00:00,9.879,10.49,9.776,9.947,31965931.6
2023-09-06 20:00:00,9.948,10.359,9.641,10.359,9481822.3
2023-09-07 00:00:00,10.359,10.364,9.614,9.903,12388739.0
2023-09-07 04:00:00,9.904,10.28,9.628,10.251,9569450.4
2023-09-07 08:00:00,10.252,10.594,10.033,10.439,18101451.8
2023-09-07 12:00:00,10.438,10.888,10.332,10.878,14561617.6
2023-09-07 16:00:00,10.876,10.876,10.41,10.461,9082034.5
2023-09-07 20:00:00,10.46,11.272,10.404,10.943,10557119.1
2023-09-08 00:00:00,10.942,11.215,10.44,10.683,10982540.7
2023-09-08 04:00:00,10.683,10.922,9.115,9.389,15701028.4
2023-09-08 08:00:00,9.39,9.396,8.322,8.642,18178620.8
2023-09-08 12:00:00,8.641,8.896,8.256,8.346,12062315.1
2023-09-08 16:00:00,8.346,8.668,8.13,8.387,6522287.4
2023-09-08 20:00:00,8.386,8.879,8.28,8.724,4556173.1
2023-09-09 00:00:00,8.727,9.115,8.684,9.006,5343715.1
2023-09-09 04:00:00,9.006,9.498,8.556,8.755,8335720.0
2023-09-09 08:00:00,8.754,8.824,8.423,8.562,4018036.7
2023-09-09 12:00:00,8.562,8.68,8.217,8.322,3991642.4
2023-09-09 16:00:00,8.324,8.549,8.303,8.41,3030788.5
2023-09-09 20:00:00,8.41,8.48,8.354,8.431,1409012.3
2023-09-10 00:00:00,8.431,8.467,7.93,7.938,4060500.3
2023-09-10 04:00:00,7.937,7.993,7.55,7.972,4042308.8
2023-09-10 08:00:00,7.971,8.05,7.821,7.849,2731119.6
2023-09-10 12:00:00,7.849,8.039,7.791,7.873,2551330.6
2023-09-10 16:00:00,7.873,7.959,7.746,7.924,2455570.8
2023-09-10 20:00:00,7.924,7.987,7.86,7.862,1152481.7
2023-09-11 00:00:00,7.864,8.44,7.788,8.355,6277693.5
2023-09-11 04:00:00,8.354,8.49,7.976,8.002,5257199.2
2023-09-11 08:00:00,8.001,8.176,7.566,7.7,5571365.6
2023-09-11 12:00:00,7.7,7.869,7.577,7.827,3957538.4
2023-09-11 16:00:00,7.826,7.839,7.525,7.654,2230757.8
2023-09-11 20:00:00,7.654,7.706,7.583,7.655,1118736.2
2023-09-12 00:00:00,7.656,8.042,7.652,7.953,3138228.1
2023-09-12 04:00:00,7.953,8.017,7.772,7.836,2015403.2
2023-09-12 08:00:00,7.838,8.187,7.779,7.964,2463339.4
2023-09-12 12:00:00,7.965,8.0,7.752,7.779,1519765.2
2023-09-12 16:00:00,7.779,7.874,7.66,7.779,1348943.8
2023-09-12 20:00:00,7.778,7.821,7.735,7.786,700913.9
2023-09-13 00:00:00,7.787,7.943,7.777,7.85,1389057.2
2023-09-13 04:00:00,7.85,7.887,7.645,7.693,1754988.1
2023-09-13 08:00:00,7.692,7.792,7.658,7.756,1342411.5
2023-09-13 12:00:00,7.756,8.42,7.688,8.287,5217601.2
2023-09-13 16:00:00,8.286,8.929,8.24,8.839,10432359.6
2023-09-13 20:00:00,8.84,9.0,8.535,8.773,5475361.0
2023-09-14 00:00:00,8.773,9.165,8.68,8.912,5155149.8
2023-09-14 04:00:00,8.911,9.221,8.843,8.988,4824696.6
2023-09-14 08:00:00,8.987,9.013,8.729,8.928,4441620.2
2023-09-14 12:00:00,8.929,9.044,8.705,8.8,4142399.9
2023-09-14 16:00:00,8.799,8.96,8.711,8.872,1922528.6
2023-09-14 20:00:00,8.873,9.046,8.751,8.925,1746030.9
2023-09-15 00:00:00,8.924,9.18,8.857,9.142,2609714.9
2023-09-15 04:00:00,9.142,9.388,8.572,8.718,4618547.2
2023-09-15 08:00:00,8.719,8.741,8.377,8.483,3141891.8
2023-09-15 12:00:00,8.483,8.55,8.42,8.51,1584989.6
2023-09-15 16:00:00,8.51,8.529,8.397,8.507,1161562.7
2023-09-15 20:00:00,8.506,8.613,8.453,8.529,1379790.5
2023-09-16 00:00:00,8.529,8.554,8.165,8.284,2060901.1
2023-09-16 04:00:00,8.285,8.451,8.15,8.319,2199141.2
2023-09-16 08:00:00,8.318,8.418,8.251,8.364,1198749.1
2023-09-16 12:00:00,8.364,8.434,8.263,8.303,1111645.3
2023-09-16 16:00:00,8.303,8.368,8.286,8.344,618120.6
2023-09-16 20:00:00,8.344,8.475,8.343,8.464,768800.1
2023-09-17 00:00:00,8.464,8.476,8.039,8.075,2210715.2
2023-09-17 04:00:00,8.075,8.083,7.843,7.85,1315906.1
2023-09-17 08:00:00,7.851,7.855,7.411,7.601,3916746.6
2023-09-17 12:00:00,7.6,7.83,7.53,7.595,2822079.3
2023-09-17 16:00:00,7.596,7.685,7.461,7.64,1959423.9
2023-09-17 20:00:00,7.638,7.775,7.536,7.615,2019497.4
2023-09-18 00:00:00,7.615,7.858,7.48,7.624,2684473.8
2023-09-18 04:00:00,7.623,7.75,7.582,7.636,1018198.4
2023-09-18 08:00:00,7.635,7.761,7.583,7.666,1612319.4
2023-09-18 12:00:00,7.665,7.668,7.515,7.613,1317596.5
2023-09-18 16:00:00,7.613,7.7,7.534,7.637,1272749.6
2023-09-18 20:00:00,7.638,7.639,7.518,7.549,840949.1
2023-09-19 00:00:00,7.549,7.797,7.476,7.756,1464467.5
2023-09-19 04:00:00,7.755,8.07,7.685,7.849,2211651.8
2023-09-19 08:00:00,7.85,7.927,7.66,7.712,1677635.5
2023-09-19 12:00:00,7.711,7.771,7.634,7.749,946202.6
2023-09-19 16:00:00,7.749,7.768,7.655,7.693,545055.6
2023-09-19 20:00:00,7.693,7.811,7.644,7.779,667145.4
2023-09-20 00:00:00,7.779,7.844,7.65,7.687,799205.7
2023-09-20 04:00:00,7.686,7.822,7.652,7.794,813542.9
2023-09-20 08:00:00,7.794,7.946,7.723,7.796,1367468.2
2023-09-20 12:00:00,7.797,7.841,7.673,7.751,862167.1
2023-09-20 16:00:00,7.75,7.82,7.606,7.72,1092775.6
2023-09-20 20:00:00,7.719,7.913,7.708,7.863,737309.7
2023-09-21 00:00:00,7.863,7.948,7.713,7.81,745075.4
2023-09-21 04:00:00,7.811,7.828,7.615,7.686,585637.6
2023-09-21 08:00:00,7.686,7.69,7.455,7.585,1224724.7
2023-09-21 12:00:00,7.585,7.955,7.525,7.833,1539873.3
2023-09-21 16:00:00,7.834,7.885,7.686,7.788,849781.5
2023-09-21 20:00:00,7.789,7.826,7.714,7.765,425403.6
2023-09-22 00:00:00,7.765,7.891,7.681,7.849,687677.9
2023-09-22 04:00:00,7.85,7.944,7.759,7.794,767572.4
2023-09-22 08:00:00,7.794,7.899,7.794,7.837,410997.2
2023-09-22 12:00:00,7.836,7.894,7.712,7.754,649333.5
2023-09-22 16:00:00,7.755,7.843,7.686,7.806,691374.3
2023-09-22 20:00:00,7.806,7.955,7.805,7.934,559663.0
2023-09-23 00:00:00,7.934,8.1,7.855,7.912,1223609.4
2023-09-23 04:00:00,7.911,8.003,7.865,7.931,577164.7
2023-09-23 08:00:00,7.931,7.96,7.769,7.818,691122.0
2023-09-23 12:00:00,7.818,7.861,7.79,7.822,437626.1
2023-09-23 16:00:00,7.822,7.889,7.782,7.881,376023.2
2023-09-23 20:00:00,7.88,7.898,7.834,7.878,254055.8
2023-09-24 00:00:00,7.877,7.894,7.657,7.711,657613.9
2023-09-24 04:00:00,7.712,7.731,7.6,7.629,662577.2
2023-09-24 08:00:00,7.628,7.698,7.626,7.685,317897.5
2023-09-24 12:00:00,7.685,7.778,7.678,7.762,472107.2
2023-09-24 16:00:00,7.762,8.018,7.74,7.977,1068391.7
2023-09-24 20:00:00,7.977,8.085,7.477,7.529,2260270.0
2023-09-25 00:00:00,7.528,7.618,7.366,7.48,1648810.4
2023-09-25 04:00:00,7.481,7.733,7.456,7.717,1012351.6
2023-09-25 08:00:00,7.718,7.768,7.506,7.533,973328.7
2023-09-25 12:00:00,7.534,7.583,7.511,7.565,664023.3
2023-09-25 16:00:00,7.565,7.61,7.51,7.546,484006.6
2023-09-25 20:00:00,7.546,7.549,7.502,7.545,407201.8
2023-09-26 00:00:00,7.544,7.637,7.526,7.623,375067.7
2023-09-26 04:00:00,7.624,7.638,7.553,7.567,404828.5
2023-09-26 08:00:00,7.567,7.577,7.452,7.458,622334.5
2023-09-26 12:00:00,7.458,7.488,7.413,7.449,555799.8
2023-09-26 16:00:00,7.449,7.541,7.443,7.504,447188.0
2023-09-26 20:00:00,7.504,7.505,7.3,7.474,531311.1
2023-09-27 00:00:00,7.473,7.541,7.452,7.526,434309.0
2023-09-27 04:00:00,7.526,7.564,7.48,7.549,451171.2
2023-09-27 08:00:00,7.548,7.665,7.513,7.646,598463.4
2023-09-27 12:00:00,7.645,7.731,7.438,7.497,758800.1
2023-09-27 16:00:00,7.497,7.514,7.373,7.402,456348.9
2023-09-27 20:00:00,7.403,7.464,6.998,7.153,1589724.5
2023-09-28 00:00:00,7.152,7.161,7.027,7.036,653676.2
2023-09-28 04:00:00,7.037,7.037,6.778,6.866,1728122.6
2023-09-28 08:00:00,6.865,6.942,6.753,6.821,1102311.8
2023-09-28 12:00:00,6.82,6.972,6.817,6.964,1084293.9
2023-09-28 16:00:00,6.965,7.027,6.885,6.982,1038283.7
2023-09-28 20:00:00,6.982,6.983,6.912,6.947,351224.3
2023-09-29 00:00:00,6.947,6.973,6.86,6.9,428040.7
2023-09-29 04:00:00,6.899,7.005,6.877,6.99,586132.3
2023-09-29 08:00:00,6.99,6.994,6.862,6.869,436871.1
2023-09-29 12:00:00,6.868,6.911,6.8,6.862,603195.0
2023-09-29 16:00:00,6.861,6.865,6.785,6.834,394582.3
2023-09-29 20:00:00,6.833,6.868,6.831,6.854,216925.1
2023-09-30 00:00:00,6.854,6.881,6.818,6.854,249438.6
2023-09-30 04:00:00,6.854,6.9,6.808,6.828,298905.4
2023-09-30 08:00:00,6.829,6.869,6.805,6.825,299663.8
2023-09-30 12:00:00,6.825,6.855,6.814,6.825,330027.4
2023-09-30 16:00:00,6.825,6.848,6.77,6.786,365487.0
2023-09-30 20:00:00,6.785,6.8,6.631,6.741,517763.2
2023-10-01 00:00:00,6.741,6.834,6.71,6.822,309610.1
2023-10-01 04:00:00,6.824,6.905,6.813,6.842,347578.4
2023-10-01 08:00:00,6.842,6.942,6.822,6.899,386628.1
2023-10-01 12:00:00,6.899,6.967,6.864,6.922,338366.3
2023-10-01 16:00:00,6.923,6.924,6.815,6.872,263186.9
2023-10-01 20:00:00,6.871,7.743,6.842,7.418,3212667.2
2023-10-02 00:00:00,7.417,7.455,7.302,7.361,1087450.6
2023-10-02 04:00:00,7.361,7.363,7.198,7.247,755471.0
2023-10-02 08:00:00,7.246,7.268,7.123,7.146,763351.6
2023-10-02 12:00:00,7.146,7.171,7.007,7.036,789069.7
2023-10-02 16:00:00,7.035,7.108,6.771,6.981,1678766.7
2023-10-02 20:00:00,6.982,7.032,6.89,7.012,438388.6
2023-10-03 00:00:00,7.01,7.129,6.984,7.061,318673.0
2023-10-03 04:00:00,7.062,7.077,6.993,7.018,290952.8
2023-10-03 08:00:00,7.017,7.074,6.95,6.971,293374.4
2023-10-03 12:00:00,6.972,6.995,6.841,6.88,418589.7
2023-10-03 16:00:00,6.879,6.94,6.823,6.83,284357.4
2023-10-03 20:00:00,6.832,6.886,6.783,6.8,319574.1
2023-10-04 00:00:00,6.8,6.807,6.412,6.61,1012216.8
2023-10-04 04:00:00,6.61,6.661,6.553,6.659,375910.0
2023-10-04 08:00:00,6.66,6.772,6.657,6.72,505991.2
2023-10-04 12:00:00,6.722,6.759,6.662,6.689,449125.3
2023-10-04 16:00:00,6.689,6.787,6.688,6.76,269607.7
2023-10-04 20:00:00,6.76,6.817,6.736,6.761,301874.2
2023-10-05 00:00:00,6.761,6.807,6.703,6.71,283408.6
2023-10-05 04:00:00,6.709,6.806,6.698,6.795,189580.8
2023-10-05 08:00:00,6.796,7.003,6.786,6.855,691973.4
2023-10-05 12:00:00,6.854,6.898,6.716,6.796,529932.8
2023-10-05 16:00:00,6.795,6.827,6.721,6.758,349165.0
2023-10-05 20:00:00,6.759,6.839,6.749,6.809,200651.2
2023-10-06 00:00:00,6.808,6.948,6.794,6.907,311097.3
2023-10-06 04:00:00,6.907,7.036,6.875,7.003,421469.7
2023-10-06 08:00:00,7.001,7.076,6.988,7.027,1231687.1
2023-10-06 12:00:00,7.027,7.152,6.928,7.036,1478689.3
2023-10-06 16:00:00,7.036,7.137,7.014,7.1,460486.0
2023-10-06 20:00:00,7.1,7.279,7.096,7.267,532388.5
2023-10-07 00:00:00,7.266,7.439,7.067,7.135,1248784.9
2023-10-07 04:00:00,7.137,7.222,7.073,7.11,412923.3
2023-10-07 08:00:00,7.109,7.18,7.1,7.177,366382.9
2023-10-07 12:00:00,7.177,7.185,6.812,6.895,1242407.6
2023-10-07 16:00:00,6.895,6.898,6.772,6.796,566323.8
2023-10-07 20:00:00,6.796,6.857,6.767,6.791,266826.3
2023-10-08 00:00:00,6.792,6.823,6.662,6.734,545652.9
2023-10-08 04:00:00,6.734,6.754,6.676,6.749,398961.8
2023-10-08 08:00:00,6.748,6.831,6.698,6.738,502953.7
2023-10-08 12:00:00,6.737,6.81,6.684,6.78,406900.6
2023-10-08 16:00:00,6.78,6.849,6.75,6.81,252173.7
2023-10-08 20:00:00,6.811,6.85,6.79,6.834,297655.1
2023-10-09 00:00:00,6.834,7.047,6.759,6.997,803169.7
2023-10-09 04:00:00,6.998,7.164,6.925,6.961,945177.1
2023-10-09 08:00:00,6.959,6.972,6.605,6.766,1168932.0
2023-10-09 12:00:00,6.767,6.833,6.676,6.683,569332.2
2023-10-09 16:00:00,6.684,6.736,6.509,6.695,786427.8
2023-10-09 20:00:00,6.696,6.712,6.592,6.64,280763.3
2023-10-10 00:00:00,6.641,6.677,6.527,6.592,353293.2
2023-10-10 04:00:00,6.593,6.91,6.562,6.817,794292.2
2023-10-10 08:00:00,6.818,6.955,6.812,6.849,951428.3
2023-10-10 12:00:00,6.849,7.291,6.812,7.08,4531605.2
2023-10-10 16:00:00,7.079,7.23,7.029,7.123,3316604.7
2023-10-10 20:00:00,7.123,7.28,7.05,7.151,2423872.3
2023-10-11 00:00:00,7.15,7.285,7.062,7.067,3059765.4
2023-10-11 04:00:00,7.066,7.204,6.98,7.116,2640557.3
2023-10-11 08:00:00,7.116,7.383,7.104,7.294,3039901.4
2023-10-11 12:00:00,7.295,7.346,7.187,7.261,2335355.7
2023-10-11 16:00:00,7.262,7.396,7.216,7.3,1711605.6
2023-10-11 20:00:00,7.299,7.607,7.178,7.426,1730338.0
2023-10-12 00:00:00,7.426,7.43,6.99,7.126,1958949.9
2023-10-12 04:00:00,7.125,7.3,7.03,7.056,1355663.3
2023-10-12 08:00:00,7.057,7.062,6.929,6.989,1329894.6
2023-10-12 12:00:00,6.99,7.004,6.534,6.593,2493009.2
2023-10-12 16:00:00,6.593,6.66,6.501,6.634,1130865.3
2023-10-12 20:00:00,6.634,6.749,6.62,6.712,593746.1
2023-10-13 00:00:00,6.711,6.88,6.691,6.785,995705.8
2023-10-13 04:00:00,6.784,6.852,6.733,6.754,619610.5
2023-10-13 08:00:00,6.754,6.9,6.754,6.871,703814.4
2023-10-13 12:00:00,6.87,6.893,6.811,6.83,468723.1
2023-10-13 16:00:00,6.83,6.876,6.771,6.786,459730.4
2023-10-13 20:00:00,6.785,7.0,6.781,6.944,967406.2
2023-10-14 00:00:00,6.945,7.058,6.783,6.811,1167867.4
2023-10-14 04:00:00,6.81,6.846,6.732,6.756,437524.1
2023-10-14 08:00:00,6.755,6.83,6.711,6.818,419484.7
2023-10-14 12:00:00,6.817,6.825,6.376,6.536,2666756.1
2023-10-14 16:00:00,6.536,6.54,6.422,6.492,1180916.6
2023-10-14 20:00:00,6.491,6.493,6.001,6.291,2973030.2
2023-10-15 00:00:00,6.291,6.571,6.265,6.477,2262302.0
2023-10-15 04:00:00,6.477,6.575,6.467,6.505,986484.8
2023-10-15 08:00:00,6.504,6.627,6.499,6.537,986422.0
2023-10-15 12:00:00,6.538,6.635,6.48,6.527,1600370.2
2023-10-15 16:00:00,6.527,6.588,6.501,6.506,440778.5
2023-10-15 20:00:00,6.505,6.568,6.456,6.463,661232.7
2023-10-16 00:00:00,6.463,7.173,6.424,6.903,3891161.1
2023-10-16 04:00:00,6.903,7.213,6.826,7.114,2545478.0
2023-10-16 08:00:00,7.115,7.184,6.762,6.859,2688327.3
2023-10-16 12:00:00,6.859,7.038,6.68,6.76,2711806.9
2023-10-16 16:00:00,6.759,6.885,6.745,6.809,541373.8
2023-10-16 20:00:00,6.81,6.86,6.762,6.767,459565.0
2023-10-17 00:00:00,6.767,6.786,6.385,6.419,2354814.9
2023-10-17 04:00:00,6.419,6.468,6.234,6.274,1960694.4
2023-10-17 08:00:00,6.275,6.317,6.21,6.243,1153023.6
2023-10-17 12:00:00,6.244,6.247,5.942,6.158,1684798.8
2023-10-17 16:00:00,6.158,6.175,6.059,6.13,592573.6
2023-10-17 20:00:00,6.129,6.175,6.064,6.107,588704.6
2023-10-18 00:00:00,6.107,6.107,5.908,6.004,1291661.7
2023-10-18 04:00:00,6.004,6.073,5.972,6.012,721065.8
2023-10-18 08:00:00,6.012,6.04,5.95,5.964,520721.8
2023-10-18 12:00:00,5.964,5.978,5.895,5.97,701254.8
2023-10-18 16:00:00,5.97,6.005,5.86,5.895,476642.5
2023-10-18 20:00:00,5.895,5.946,5.82,5.918,554179.5
2023-10-19 00:00:00,5.917,5.95,5.687,5.898,853951.4
2023-10-19 04:00:00,5.898,5.95,5.876,5.9,329160.2
2023-10-19 08:00:00,5.901,5.901,5.818,5.884,527038.1
2023-10-19 12:00:00,5.884,5.962,5.861,5.898,569314.1
2023-10-19 16:00:00,5.899,5.947,5.83,5.887,390968.2
2023-10-19 20:00:00,5.886,5.905,5.767,5.795,407379.8
2023-10-20 00:00:00,5.794,5.886,5.688,5.798,989336.2
2023-10-20 04:00:00,5.799,5.863,5.74,5.755,653930.5
2023-10-20 08:00:00,5.754,6.35,5.735,5.911,5025150.1
2023-10-20 12:00:00,5.911,5.963,5.854,5.923,928362.1
2023-10-20 16:00:00,5.924,5.979,5.904,5.97,468844.6
2023-10-20 20:00:00,5.97,6.042,5.961,5.998,509408.5
2023-10-21 00:00:00,5.999,6.016,5.945,5.996,377812.1
2023-10-21 04:00:00,5.996,6.095,5.977,6.065,462494.0
2023-10-21 08:00:00,6.066,6.102,6.002,6.088,764516.4
2023-10-21 12:00:00,6.087,6.338,6.067,6.185,1723860.4
2023-10-21 16:00:00,6.185,6.348,6.17,6.299,1782937.9
2023-10-21 20:00:00,6.301,6.36,6.253,6.298,553930.6
2023-10-22 00:00:00,6.297,6.35,6.162,6.238,876780.9
2023-10-22 04:00:00,6.237,6.369,6.171,6.277,900256.3
2023-10-22 08:00:00,6.276,6.33,6.192,6.269,580726.1
2023-10-22 12:00:00,6.269,6.367,6.266,6.338,641719.0
2023-10-22 16:00:00,6.338,6.449,6.301,6.367,814562.9
2023-10-22 20:00:00,6.368,6.587,6.345,6.535,826915.2
2023-10-23 00:00:00,6.534,6.64,6.376,6.476,2037614.3
2023-10-23 04:00:00,6.476,6.575,6.35,6.404,872730.0
2023-10-23 08:00:00,6.406,6.519,6.351,6.38,680519.4
2023-10-23 12:00:00,6.381,6.477,6.28,6.334,1020551.7
2023-10-23 16:00:00,6.336,6.569,6.335,6.539,986038.4
2023-10-23 20:00:00,6.538,6.71,6.408,6.631,1296722.0
2023-10-24 00:00:00,6.631,7.77,6.577,7.361,5499157.4
2023-10-24 04:00:00,7.36,7.87,7.32,7.664,5075922.9
2023-10-24 08:00:00,7.664,9.29,7.63,9.077,11575570.3
2023-10-24 12:00:00,9.078,9.45,8.1,8.133,10247904.6
2023-10-24 16:00:00,8.133,8.643,8.055,8.409,4869462.5
2023-10-24 20:00:00,8.409,8.475,8.005,8.338,2694061.2
2023-10-25 00:00:00,8.338,8.554,8.194,8.27,2430733.8
2023-10-25 04:00:00,8.271,8.733,8.126,8.229,3511424.9
2023-10-25 08:00:00,8.228,8.72,8.22,8.608,2209365.7
2023-10-25 12:00:00,8.607,8.885,8.53,8.739,2217053.3
2023-10-25 16:00:00,8.736,9.382,8.73,9.058,3865330.9
2023-10-25 20:00:00,9.057,9.073,8.65,8.998,1313188.3
2023-10-26 00:00:00,8.997,9.027,8.4,8.941,2182862.9
2023-10-26 04:00:00,8.94,8.987,8.174,8.373,2181203.6
2023-10-26 08:00:00,8.374,8.422,8.21,8.296,1500621.5
2023-10-26 12:00:00,8.297,8.407,7.664,7.804,2513898.6
2023-10-26 16:00:00,7.805,7.891,7.705,7.777,1158358.8
2023-10-26 20:00:00,7.78,7.943,7.742,7.782,978756.2
2023-10-27 00:00:00,7.781,7.889,7.571,7.808,1290366.1
2023-10-27 04:00:00,7.808,7.971,7.712,7.807,1078608.7
2023-10-27 08:00:00,7.806,7.894,7.725,7.786,589031.4
2023-10-27 12:00:00,7.785,8.6,7.753,8.116,4457271.8
2023-10-27 16:00:00,8.116,8.138,7.747,7.972,1188561.4
2023-10-27 20:00:00,7.973,8.081,7.927,8.024,574983.7
2023-10-28 00:00:00,8.024,8.925,7.987,8.844,3002101.1
2023-10-28 04:00:00,8.845,8.991,8.611,8.886,2666469.5
2023-10-28 08:00:00,8.885,9.257,8.559,8.702,4585869.0
2023-10-28 12:00:00,8.703,8.775,8.501,8.699,1474583.6
2023-10-28 16:00:00,8.699,8.793,8.652,8.673,699120.2
2023-10-28 20:00:00,8.673,8.769,8.639,8.708,478778.8
2023-10-29 00:00:00,8.709,9.109,8.673,9.084,1646317.1
2023-10-29 04:00:00,9.084,9.585,9.005,9.343,3012654.3
2023-10-29 08:00:00,9.343,9.98,9.216,9.938,4345496.9
2023-10-29 12:00:00,9.937,10.491,9.846,10.023,8559553.0
2023-10-29 16:00:00,10.022,10.273,9.917,10.16,2990190.6
2023-10-29 20:00:00,10.159,10.247,9.7,10.021,2258915.2
2023-10-30 00:00:00,10.02,10.199,9.851,10.042,1853103.2
2023-10-30 04:00:00,10.042,10.656,9.947,10.588,4023644.5
2023-10-30 08:00:00,10.587,11.234,9.457,9.632,8426173.6
2023-10-30 12:00:00,9.632,9.92,9.214,9.371,4171761.7
2023-10-30 16:00:00,9.371,9.697,9.317,9.583,2031367.0
2023-10-30 20:00:00,9.584,9.682,9.52,9.545,837613.8
2023-10-31 00:00:00,9.545,9.687,9.314,9.467,1537392.4
2023-10-31 04:00:00,9.467,9.52,9.0,9.131,1990953.1
2023-10-31 08:00:00,9.132,9.328,8.883,8.98,2537404.8
2023-10-31 12:00:00,8.981,9.13,8.58,8.882,2628068.2
2023-10-31 16:00:00,8.881,9.067,8.85,8.95,1069069.9
2023-10-31 20:00:00,8.95,9.018,8.827,8.851,622374.0
2023-11-01 00:00:00,8.852,8.913,8.714,8.745,900522.4
2023-11-01 04:00:00,8.746,8.798,8.262,8.291,1872415.4
2023-11-01 08:00:00,8.29,8.705,8.287,8.535,1480779.6
2023-11-01 12:00:00,8.535,8.685,8.305,8.407,2201908.9
2023-11-01 16:00:00,8.409,8.67,8.353,8.567,1218339.9
2023-11-01 20:00:00,8.567,8.804,8.533,8.607,1245715.1
2023-11-02 00:00:00,8.606,8.791,8.5,8.712,982561.0
2023-11-02 04:00:00,8.713,8.938,8.387,8.878,2592879.9
2023-11-02 08:00:00,8.878,9.129,8.693,9.117,1442761.3
2023-11-02 12:00:00,9.118,9.72,8.851,9.439,6295518.3
2023-11-02 16:00:00,9.436,9.511,8.905,9.119,3002628.7
2023-11-02 20:00:00,9.118,9.284,9.0,9.121,1190056.5
2023-11-03 00:00:00,9.119,9.132,8.506,8.988,2542967.5
2023-11-03 04:00:00,8.988,9.103,8.759,9.057,1556554.8
2023-11-03 08:00:00,9.056,9.059,8.555,8.65,1383887.4
2023-11-03 12:00:00,8.65,9.036,8.6,9.015,1108391.6
2023-11-03 16:00:00,9.017,9.071,8.91,9.021,690882.9
2023-11-03 20:00:00,9.02,9.279,9.014,9.162,670469.0
2023-11-04 00:00:00,9.162,9.3,9.045,9.266,812717.2
2023-11-04 04:00:00,9.265,9.275,9.088,9.235,630111.8
2023-11-04 08:00:00,9.235,9.372,9.151,9.291,601473.4
2023-11-04 12:00:00,9.291,10.448,9.244,10.168,6722003.0
2023-11-04 16:00:00,10.172,10.482,10.051,10.375,2555734.3
2023-11-04 20:00:00,10.374,10.5,10.111,10.287,1516246.0
2023-11-05 00:00:00,10.288,11.2,10.164,11.031,4922470.8
2023-11-05 04:00:00,11.039,11.057,9.9,10.085,3232162.5
2023-11-05 08:00:00,10.085,10.105,9.801,9.906,1224731.6
2023-11-05 12:00:00,9.906,9.974,9.51,9.55,1777340.0
2023-11-05 16:00:00,9.55,9.796,9.536,9.731,808643.4
2023-11-05 20:00:00,9.732,9.823,9.606,9.749,464841.7
2023-11-06 00:00:00,9.749,9.875,9.687,9.798,595448.7
2023-11-06 04:00:00,9.798,9.837,9.608,9.754,528740.2
2023-11-06 08:00:00,9.754,9.907,9.678,9.795,498101.9
2023-11-06 12:00:00,9.795,10.275,9.686,10.069,1791728.4
2023-11-06 16:00:00,10.071,10.208,9.921,10.159,1115283.0
2023-11-06 20:00:00,10.159,10.391,9.968,10.328,814400.2
2023-11-07 00:00:00,10.329,12.0,10.202,11.617,7013131.4
2023-11-07 04:00:00,11.616,12.026,11.174,11.364,6227615.2
2023-11-07 08:00:00,11.356,12.689,11.212,11.334,11825328.7
2023-11-07 12:00:00,11.33,11.366,10.566,10.704,7146950.1
2023-11-07 16:00:00,10.707,10.77,10.337,10.507,2866590.0
2023-11-07 20:00:00,10.508,10.772,10.45,10.525,1428178.0
2023-11-08 00:00:00,10.523,10.613,9.965,10.02,2305015.4
2023-11-08 04:00:00,10.02,10.319,9.916,10.198,2628269.8
2023-11-08 08:00:00,10.199,10.22,9.95,9.963,1624430.6
2023-11-08 12:00:00,9.964,10.151,9.93,10.085,1476250.3
2023-11-08 16:00:00,10.086,10.195,10.076,10.124,1095680.2
2023-11-08 20:00:00,10.123,10.139,10.0,10.041,822787.0
2023-11-09 00:00:00,10.04,10.209,9.95,10.157,1302105.7
2023-11-09 04:00:00,10.155,10.522,10.018,10.132,1670214.3
2023-11-09 08:00:00,10.135,10.225,9.7,9.902,2001121.3
2023-11-09 12:00:00,9.902,10.004,9.612,9.667,2870075.8
2023-11-09 16:00:00,9.67,9.741,7.76,8.978,4912661.7
2023-11-09 20:00:00,8.978,9.227,8.822,9.184,975235.8
2023-11-10 00:00:00,9.185,9.43,9.1,9.155,968166.5
2023-11-10 04:00:00,9.157,9.267,8.923,8.993,905739.1
2023-11-10 08:00:00,8.99,9.651,8.83,9.631,1965503.6
2023-11-10 12:00:00,9.632,10.0,9.192,9.394,3371614.2
2023-11-10 16:00:00,9.394,9.615,9.329,9.467,992341.7
2023-11-10 20:00:00,9.466,9.659,9.41,9.603,733850.9
2023-11-11 00:00:00,9.601,9.707,9.17,9.209,1633436.7
2023-11-11 04:00:00,9.208,9.272,9.001,9.18,953253.7
2023-11-11 08:00:00,9.18,9.378,9.125,9.236,640209.1
2023-11-11 12:00:00,9.235,9.459,9.141,9.402,828773.9
2023-11-11 16:00:00,9.402,9.488,9.146,9.387,1028799.1
2023-11-11 20:00:00,9.387,9.392,9.012,9.125,810374.8
2023-11-12 00:00:00,9.125,9.15,8.714,9.11,1223550.1
2023-11-12 04:00:00,9.11,9.353,8.988,9.335,610810.1
2023-11-12 08:00:00,9.335,9.344,9.152,9.272,555677.7
2023-11-12 12:00:00,9.273,9.289,9.0,9.111,748144.0
2023-11-12 16:00:00,9.112,9.157,9.019,9.1,431571.7
2023-11-12 20:00:00,9.1,9.208,9.006,9.109,333328.1
2023-11-13 00:00:00,9.109,9.292,8.83,8.898,730243.8
2023-11-13 04:00:00,8.896,9.049,8.791,8.962,739935.3
2023-11-13 08:00:00,8.962,9.055,8.854,8.938,432340.0
2023-11-13 12:00:00,8.936,9.115,8.71,8.982,842039.4
2023-11-13 16:00:00,8.982,9.063,8.758,9.002,538686.8
2023-11-13 20:00:00,9.002,9.021,8.525,8.604,969149.0
2023-11-14 00:00:00,8.605,8.629,8.32,8.578,739933.3
2023-11-14 04:00:00,8.578,8.759,8.553,8.744,400787.0
2023-11-14 08:00:00,8.743,8.807,8.402,8.643,742123.1
2023-11-14 12:00:00,8.643,8.848,8.542,8.726,798736.4
2023-11-14 16:00:00,8.726,8.813,8.2,8.535,1028127.0
2023-11-14 20:00:00,8.535,8.765,8.518,8.709,380310.2
2023-11-15 00:00:00,8.71,8.853,8.641,8.749,419978.2
2023-11-15 04:00:00,8.748,9.013,8.736,8.995,554219.6
2023-11-15 08:00:00,8.995,8.996,8.745,8.945,620292.0
2023-11-15 12:00:00,8.946,9.029,8.84,8.981,564107.8
2023-11-15 16:00:00,8.982,9.057,8.747,9.032,913976.4
2023-11-15 20:00:00,9.031,9.043,8.831,8.921,408933.8
2023-11-16 00:00:00,8.921,9.096,8.896,9.04,425370.2
2023-11-16 04:00:00,9.039,9.193,8.97,9.111,618364.0
2023-11-16 08:00:00,9.111,9.14,8.8,8.858,821132.4
2023-11-16 12:00:00,8.857,8.86,8.4,8.602,1175573.9
2023-11-16 16:00:00,8.603,8.705,8.255,8.488,865223.1
2023-11-16 20:00:00,8.488,8.543,8.366,8.487,542266.8
2023-11-17 00:00:00,8.487,9.023,8.468,8.736,1204965.6
2023-11-17 04:00:00,8.736,8.811,8.592,8.602,371391.4
2023-11-17 08:00:00,8.603,8.745,8.438,8.666,742765.7
2023-11-17 12:00:00,8.667,8.968,8.411,8.475,1920733.3
2023-11-17 16:00:00,8.476,8.89,8.437,8.754,912737.7
2023-11-17 20:00:00,8.755,8.847,8.641,8.843,415611.9
2023-11-18 00:00:00,8.843,9.465,8.72,8.775,2961979.5
2023-11-18 04:00:00,8.776,8.937,8.326,8.542,1388322.5
2023-11-18 08:00:00,8.542,8.567,8.433,8.509,547098.1
2023-11-18 12:00:00,8.509,8.855,8.5,8.846,1167502.3
2023-11-18 16:00:00,8.849,8.88,8.651,8.73,770317.3
2023-11-18 20:00:00,8.731,8.795,8.69,8.784,233621.0
2023-11-19 00:00:00,8.784,8.785,8.521,8.586,818231.9
2023-11-19 04:00:00,8.586,8.88,8.514,8.789,736564.2
2023-11-19 08:00:00,8.789,9.35,8.771,9.053,1364309.9
2023-11-19 12:00:00,9.052,9.284,9.027,9.232,551684.3
2023-11-19 16:00:00,9.233,9.384,9.165,9.333,552144.3
2023-11-19 20:00:00,9.334,9.491,9.25,9.463,563486.5
2023-11-20 00:00:00,9.463,9.643,9.35,9.405,596567.8
2023-11-20 04:00:00,9.404,9.425,9.244,9.315,387301.8
2023-11-20 08:00:00,9.316,9.467,9.198,9.239,565425.0
2023-11-20 12:00:00,9.238,9.763,9.19,9.334,1534611.4
2023-11-20 16:00:00,9.334,9.421,9.194,9.213,737309.3
2023-11-20 20:00:00,9.213,9.5,9.014,9.488,532465.0
2023-11-21 00:00:00,9.488,9.82,9.431,9.622,752327.2
2023-11-21 04:00:00,9.622,9.666,9.466,9.561,411793.5
2023-11-21 08:00:00,9.562,9.623,9.438,9.572,381004.5
2023-11-21 12:00:00,9.571,9.615,9.02,9.203,1000578.3
2023-11-21 16:00:00,9.202,9.334,8.5,8.839,1353458.4
2023-11-21 20:00:00,8.837,9.146,8.5,8.662,692650.5
2023-11-22 00:00:00,8.662,9.586,8.627,9.438,1689971.5
2023-11-22 04:00:00,9.439,10.15,9.383,9.858,2055385.3
2023-11-22 08:00:00,9.859,10.32,9.853,10.015,1746777.6
2023-11-22 12:00:00,10.014,10.793,9.92,10.584,3024612.0
2023-11-22 16:00:00,10.584,10.723,10.218,10.663,2386555.2
2023-11-22 20:00:00,10.662,10.678,10.421,10.624,1471716.3
2023-11-23 00:00:00,10.62,11.111,10.315,10.554,2420906.3
2023-11-23 04:00:00,10.552,11.2,10.529,10.944,2221561.2
2023-11-23 08:00:00,10.945,11.468,10.931,11.169,1985069.6
2023-11-23 12:00:00,11.17,12.514,11.168,12.097,5718846.3
2023-11-23 16:00:00,12.099,12.431,11.997,12.169,3942033.9
2023-11-23 20:00:00,12.17,12.32,11.84,12.065,2707421.4
2023-11-24 00:00:00,12.065,12.501,12.012,12.117,1878487.3
2023-11-24 04:00:00,12.119,12.747,11.742,12.067,3571126.7
2023-11-24 08:00:00,12.067,12.35,11.926,12.257,2178062.5
2023-11-24 12:00:00,12.257,12.733,12.238,12.385,2186229.4
2023-11-24 16:00:00,12.385,12.786,12.343,12.546,1300232.4
2023-11-24 20:00:00,12.546,12.72,12.276,12.393,769152.2
2023-11-25 00:00:00,12.392,12.58,12.228,12.394,669707.6
2023-11-25 04:00:00,12.397,12.509,12.05,12.153,752508.5
2023-11-25 08:00:00,12.153,12.936,12.015,12.809,2481174.5
2023-11-25 12:00:00,12.808,13.17,12.552,13.048,2747777.1
2023-11-25 16:00:00,13.046,13.216,12.91,13.002,992522.2
2023-11-25 20:00:00,13.002,13.161,12.867,13.038,596053.1
2023-11-26 00:00:00,13.037,14.3,12.989,14.069,3814720.8
2023-11-26 04:00:00,14.071,14.228,13.893,14.154,2671286.3
2023-11-26 08:00:00,14.152,14.387,13.268,14.299,8456109.7
2023-11-26 12:00:00,14.3,14.354,13.62,13.699,3963972.6
2023-11-26 16:00:00,13.697,13.702,13.202,13.421,1731034.1
2023-11-26 20:00:00,13.421,14.888,13.03,14.477,3134275.4
2023-11-27 00:00:00,14.474,14.95,13.2,14.069,7169724.9
2023-11-27 04:00:00,14.071,14.507,13.435,14.205,5034638.2
2023-11-27 08:00:00,14.205,14.205,12.022,12.166,5890740.4
2023-11-27 12:00:00,12.166,12.9,12.041,12.805,2199498.7
2023-11-27 16:00:00,12.808,12.81,12.259,12.387,1413506.9
2023-11-27 20:00:00,12.387,12.461,12.267,12.358,802047.4
2023-11-28 00:00:00,12.357,12.405,11.51,11.619,2581776.0
2023-11-28 04:00:00,11.619,11.932,11.416,11.668,1917218.4
2023-11-28 08:00:00,11.669,12.245,11.618,11.977,1638444.3
2023-11-28 12:00:00,11.976,12.693,11.858,12.394,2022391.0
2023-11-28 16:00:00,12.394,12.833,12.225,12.616,1189699.9
2023-11-28 20:00:00,12.617,13.357,12.582,12.862,1361104.8
2023-11-29 00:00:00,12.861,12.977,12.5,12.65,872324.1
2023-11-29 04:00:00,12.649,12.733,12.406,12.534,607631.7
2023-11-29 08:00:00,12.535,12.579,11.978,12.004,1177507.3
2023-11-29 12:00:00,12.003,12.059,11.708,11.779,1123382.2
2023-11-29 16:00:00,11.779,11.887,11.671,11.746,591605.8
2023-11-29 20:00:00,11.746,11.838,11.607,11.75,561662.8
2023-11-30 00:00:00,11.749,11.95,11.665,11.732,630127.6
2023-11-30 04:00:00,11.731,11.827,11.55,11.691,668608.7
2023-11-30 08:00:00,11.691,11.796,11.552,11.725,464004.6
2023-11-30 12:00:00,11.724,11.737,11.35,11.451,647932.2
2023-11-30 16:00:00,11.451,11.504,11.396,11.431,324534.1
2023-11-30 20:00:00,11.432,11.631,11.422,11.561,313572.3
2023-12-01 00:00:00,11.56,11.828,11.51,11.737,525055.6
2023-12-01 04:00:00,11.736,11.857,11.657,11.747,428426.4
2023-12-01 08:00:00,11.747,11.91,11.586,11.614,593165.1
2023-12-01 12:00:00,11.614,11.75,11.451,11.579,695621.0
2023-12-01 16:00:00,11.579,11.81,11.564,11.8,471178.1
2023-12-01 20:00:00,11.8,11.804,11.613,11.679,188607.9
2023-12-02 00:00:00,11.678,11.778,11.461,11.509,306879.0
2023-12-02 04:00:00,11.51,11.708,11.455,11.512,436420.4
2023-12-02 08:00:00,11.512,11.614,11.465,11.535,302994.8
2023-12-02 12:00:00,11.536,11.602,11.357,11.522,440961.8
2023-12-02 16:00:00,11.521,11.688,11.455,11.573,595709.4
2023-12-02 20:00:00,11.574,11.645,11.426,11.482,390240.0
2023-12-03 00:00:00,11.481,11.518,10.814,11.203,1181050.8
2023-12-03 04:00:00,11.202,11.225,10.99,11.114,531577.6
2023-12-03 08:00:00,11.114,11.168,10.997,11.064,593062.6
2023-12-03 12:00:00,11.063,11.117,10.886,11.018,716147.0
2023-12-03 16:00:00,11.017,11.07,10.902,10.944,331974.0
2023-12-03 20:00:00,10.944,11.097,10.82,10.951,484494.8
2023-12-04 00:00:00,10.952,11.236,10.936,11.154,505854.1
2023-12-04 04:00:00,11.154,11.333,11.051,11.26,596451.7
2023-12-04 08:00:00,11.26,11.302,10.0,10.598,1630293.3
2023-12-04 12:00:00,10.599,10.647,10.247,10.286,857454.5
2023-12-04 16:00:00,10.283,10.386,10.196,10.22,506172.6
2023-12-04 20:00:00,10.22,10.334,10.129,10.271,607900.1
2023-12-05 00:00:00,10.272,10.396,10.0,10.101,940467.0
2023-12-05 04:00:00,10.101,10.135,9.82,10.018,983160.0
2023-12-05 08:00:00,10.016,10.173,9.9,9.995,807571.3
2023-12-05 12:00:00,9.996,10.047,9.859,10.013,700228.4
2023-12-05 16:00:00,10.011,10.164,9.906,10.024,1035640.6
2023-12-05 20:00:00,10.023,10.176,9.934,10.084,1011079.0
2023-12-06 00:00:00,10.085,10.271,9.954,10.01,704663.3
2023-12-06 04:00:00,10.012,10.043,9.3,9.658,1691622.8
2023-12-06 08:00:00,9.657,9.875,9.36,9.558,1432543.1
2023-12-06 12:00:00,9.558,9.618,9.048,9.184,1921207.9
2023-12-06 16:00:00,9.184,9.439,9.155,9.345,1045509.9
2023-12-06 20:00:00,9.346,9.486,9.07,9.124,1055076.1
2023-12-07 00:00:00,9.124,9.345,9.124,9.254,495104.7
2023-12-07 04:00:00,9.253,9.451,9.24,9.363,559230.9
2023-12-07 08:00:00,9.364,9.46,8.85,8.968,1891323.6
2023-12-07 12:00:00,8.966,9.075,8.881,8.943,1057203.8
2023-12-07 16:00:00,8.945,9.076,8.688,8.857,1466371.5
2023-12-07 20:00:00,8.856,9.035,8.83,8.969,816631.5
2023-12-08 00:00:00,8.968,9.174,8.941,9.166,712651.4
2023-12-08 04:00:00,9.167,9.302,9.021,9.126,1122964.7
2023-12-08 08:00:00,9.125,9.25,9.053,9.195,921876.8
2023-12-08 12:00:00,9.194,9.29,9.115,9.219,1031271.8
2023-12-08 16:00:00,9.22,9.347,9.178,9.317,833085.2
2023-12-08 20:00:00,9.317,9.428,9.26,9.303,721300.4
2023-12-09 00:00:00,9.304,9.321,9.052,9.199,1527208.2
2023-12-09 04:00:00,9.199,9.367,9.152,9.327,1138031.8
2023-12-09 08:00:00,9.327,9.348,8.8,9.109,2257706.2
2023-12-09 12:00:00,9.108,9.27,8.715,8.936,2256444.2
2023-12-09 16:00:00,8.938,8.984,8.764,8.922,1275451.4
2023-12-09 20:00:00,8.923,8.952,8.2,8.528,2598412.5
2023-12-10 00:00:00,8.529,8.683,8.401,8.469,1649544.5
2023-12-10 04:00:00,8.471,8.536,8.271,8.361,2059038.6
2023-12-10 08:00:00,8.362,8.369,7.9,7.995,4037216.9
2023-12-10 12:00:00,7.996,8.278,7.9,8.225,3163609.7
2023-12-10 16:00:00,8.226,8.412,8.136,8.354,2098785.6
2023-12-10 20:00:00,8.353,8.504,8.224,8.309,1573313.5
2023-12-11 00:00:00,8.309,8.364,5.805,7.409,10234347.2
2023-12-11 04:00:00,7.411,7.493,7.22,7.332,2822432.4
2023-12-11 08:00:00,7.332,7.371,7.25,7.273,1631054.1
2023-12-11 12:00:00,7.273,7.34,7.055,7.241,2798160.0
2023-12-11 16:00:00,7.24,7.354,6.899,7.199,3047859.6
2023-12-11 20:00:00,7.202,7.284,7.155,7.222,987505.2
2023-12-12 00:00:00,7.222,7.29,7.072,7.099,1514743.9
2023-12-12 04:00:00,7.1,7.244,7.02,7.232,1339102.9
2023-12-12 08:00:00,7.234,7.275,6.87,6.893,1690873.7
2023-12-12 12:00:00,6.893,7.155,6.707,6.897,4983451.2
2023-12-12 16:00:00,6.897,7.19,6.825,7.072,2005729.2
2023-12-12 20:00:00,7.072,7.141,6.976,7.067,1019922.2
2023-12-13 00:00:00,7.067,7.072,6.659,6.843,2698776.4
2023-12-13 04:00:00,6.843,7.2,6.826,7.02,2218149.5
2023-12-13 08:00:00,7.021,7.079,6.857,6.935,1068304.4
2023-12-13 12:00:00,6.935,7.45,6.92,7.34,2954485.3
2023-12-13 16:00:00,7.341,7.55,7.168,7.537,2425357.6
2023-12-13 20:00:00,7.538,7.711,7.502,7.587,2058461.8
2023-12-14 00:00:00,7.586,7.776,7.5,7.63,1624862.9
2023-12-14 04:00:00,7.629,7.899,7.621,7.751,1483339.9
2023-12-14 08:00:00,7.751,7.763,7.614,7.727,1151714.5
2023-12-14 12:00:00,7.727,7.727,7.055,7.497,3261526.3
2023-12-14 16:00:00,7.497,7.72,7.486,7.659,1247274.0
2023-12-14 20:00:00,7.66,7.764,7.628,7.696,742016.3
2023-12-15 00:00:00,7.696,7.848,7.578,7.629,1165960.2
2023-12-15 04:00:00,7.629,7.689,7.383,7.437,1128303.8
2023-12-15 08:00:00,7.437,7.562,7.362,7.483,878806.8
2023-12-15 12:00:00,7.482,7.62,7.29,7.408,1753872.9
2023-12-15 16:00:00,7.408,7.577,7.376,7.473,846050.3
2023-12-15 20:00:00,7.473,7.573,7.253,7.323,835644.5
2023-12-16 00:00:00,7.324,7.569,7.264,7.532,785958.4
2023-12-16 04:00:00,7.532,7.6,7.453,7.518,626212.0
2023-12-16 08:00:00,7.519,7.83,7.511,7.811,1529084.0
2023-12-16 12:00:00,7.811,7.821,7.58,7.665,943679.0
2023-12-16 16:00:00,7.666,7.727,7.424,7.5,968180.5
2023-12-16 20:00:00,7.499,7.578,7.405,7.441,618431.1
2023-12-17 00:00:00,7.442,7.53,7.218,7.229,815035.4
2023-12-17 04:00:00,7.229,7.288,7.015,7.069,1061020.2
2023-12-17 08:00:00,7.069,7.236,7.056,7.21,684001.6
2023-12-17 12:00:00,7.21,7.216,6.947,7.117,1074176.8
2023-12-17 16:00:00,7.117,7.188,7.056,7.125,738443.2
2023-12-17 20:00:00,7.125,7.138,6.886,6.925,744286.7
2023-12-18 00:00:00,6.924,7.06,6.855,7.005,1128199.2
2023-12-18 04:00:00,7.005,7.167,6.857,6.898,877164.9
2023-12-18 08:00:00,6.898,6.999,6.481,6.897,2834092.9
2023-12-18 12:00:00,6.898,7.312,6.821,7.226,1963051.5
2023-12-18 16:00:00,7.228,7.408,7.134,7.192,1702276.7
2023-12-18 20:00:00,7.191,7.369,7.138,7.359,955773.8
2023-12-19 00:00:00,7.358,7.475,7.317,7.4,873335.5
2023-12-19 04:00:00,7.401,7.568,7.307,7.477,751860.4
2023-12-19 08:00:00,7.478,7.568,7.353,7.374,843017.3
2023-12-19 12:00:00,7.375,7.457,7.088,7.313,1442541.3
2023-12-19 16:00:00,7.314,7.426,7.177,7.317,934293.1
2023-12-19 20:00:00,7.317,7.382,7.25,7.331,444099.6
2023-12-20 00:00:00,7.332,7.487,7.265,7.416,936299.1
2023-12-20 04:00:00,7.416,7.491,7.357,7.451,624984.5
2023-12-20 08:00:00,7.452,7.537,7.392,7.446,616406.3
2023-12-20 12:00:00,7.446,7.695,7.407,7.59,1059307.7
2023-12-20 16:00:00,7.591,7.641,7.479,7.513,726570.5
2023-12-20 20:00:00,7.514,7.569,7.334,7.508,665049.3
2023-12-21 00:00:00,7.507,7.621,7.45,7.616,451201.1
2023-12-21 04:00:00,7.616,7.622,7.385,7.484,474079.6
2023-12-21 08:00:00,7.485,7.543,7.383,7.499,760849.2
2023-12-21 12:00:00,7.498,7.517,7.219,7.313,1046782.2
2023-12-21 16:00:00,7.313,7.374,7.245,7.366,556670.0
2023-12-21 20:00:00,7.367,7.526,7.338,7.516,512439.6
2023-12-22 00:00:00,7.517,7.824,7.489,7.637,1138409.4
2023-12-22 04:00:00,7.638,7.642,7.303,7.397,873688.4
2023-12-22 08:00:00,7.395,7.587,7.373,7.54,668452.0
2023-12-22 12:00:00,7.54,7.635,7.43,7.621,553169.8
2023-12-22 16:00:00,7.621,7.703,7.56,7.623,539677.3
2023-12-22 20:00:00,7.624,7.807,7.613,7.756,439602.3
2023-12-23 00:00:00,7.755,7.876,7.522,7.562,958122.2
2023-12-23 04:00:00,7.561,7.623,7.425,7.444,619920.9
2023-12-23 08:00:00,7.445,7.632,7.402,7.556,518018.7
2023-12-23 12:00:00,7.557,7.705,7.528,7.678,540086.7
2023-12-23 16:00:00,7.678,7.913,7.647,7.859,684537.5
2023-12-23 20:00:00,7.86,8.005,7.767,7.802,1075995.7
2023-12-24 00:00:00,7.802,7.902,7.691,7.862,742366.8
2023-12-24 04:00:00,7.863,7.889,7.552,7.768,890452.1
2023-12-24 08:00:00,7.768,7.87,7.667,7.813,772961.0
2023-12-24 12:00:00,7.813,8.112,7.789,7.986,1322306.1
2023-12-24 16:00:00,7.987,8.063,7.902,7.94,692515.8
2023-12-24 20:00:00,7.942,7.963,7.518,7.855,1315173.8
2023-12-25 00:00:00,7.854,8.05,7.722,7.915,1140104.4
2023-12-25 04:00:00,7.916,8.24,7.883,7.986,1081365.8
2023-12-25 08:00:00,7.986,8.041,7.827,8.031,881653.7
2023-12-25 12:00:00,8.031,8.189,7.974,8.05,850760.3
2023-12-25 16:00:00,8.05,8.105,7.933,8.005,697673.7
2023-12-25 20:00:00,8.005,8.071,7.89,7.996,526074.5
2023-12-26 00:00:00,7.997,8.156,7.908,8.095,723745.5
2023-12-26 04:00:00,8.1,8.162,7.8,7.947,1369516.4
2023-12-26 08:00:00,7.944,8.183,7.851,8.116,1128083.5
2023-12-26 12:00:00,8.116,8.483,8.096,8.182,2029539.5
2023-12-26 16:00:00,8.185,8.291,6.897,7.587,3370518.3
2023-12-26 20:00:00,7.586,7.866,7.562,7.83,707619.2
2023-12-27 00:00:00,7.831,7.877,7.264,7.354,1339630.5
2023-12-27 04:00:00,7.354,7.438,7.276,7.355,769682.0
2023-12-27 08:00:00,7.354,7.577,7.31,7.523,1004884.7
2023-12-27 12:00:00,7.528,7.621,7.451,7.558,1136125.2
2023-12-27 16:00:00,7.559,7.62,7.462,7.553,755338.5
2023-12-27 20:00:00,7.554,7.685,7.519,7.602,448956.6
2023-12-28 00:00:00,7.601,7.739,7.569,7.676,588331.9
2023-12-28 04:00:00,7.677,7.734,7.42,7.567,882071.8
2023-12-28 08:00:00,7.567,7.767,7.52,7.734,549871.7
2023-12-28 12:00:00,7.733,7.777,7.338,7.524,1834735.1
2023-12-28 16:00:00,7.523,7.708,7.454,7.688,704915.7
2023-12-28 20:00:00,7.688,7.772,7.572,7.696,696739.1
2023-12-29 00:00:00,7.697,7.77,7.378,7.623,982776.1
2023-12-29 04:00:00,7.624,7.668,7.481,7.505,546425.0
2023-12-29 08:00:00,7.506,7.738,7.502,7.678,566092.5
2023-12-29 12:00:00,7.678,7.755,7.467,7.533,796424.5
2023-12-29 16:00:00,7.536,7.575,7.308,7.391,893464.4
2023-12-29 20:00:00,7.39,7.407,7.112,7.302,590731.0
2023-12-30 00:00:00,7.303,7.398,7.243,7.285,329975.2
2023-12-30 04:00:00,7.284,7.374,7.28,7.318,234338.0
2023-12-30 08:00:00,7.318,7.325,7.174,7.285,443622.1
2023-12-30 12:00:00,7.285,7.377,7.208,7.369,397925.2
2023-12-30 16:00:00,7.368,7.448,7.336,7.418,432531.8
2023-12-30 20:00:00,7.418,7.459,7.353,7.404,291129.2
2023-12-31 00:00:00,7.403,7.71,7.376,7.551,1010261.3
2023-12-31 04:00:00,7.55,7.629,7.461,7.62,537991.1
2023-12-31 08:00:00,7.619,7.725,7.541,7.564,722979.0
2023-12-31 12:00:00,7.564,7.629,7.476,7.536,434202.0
2023-12-31 16:00:00,7.535,7.588,7.387,7.548,560032.4
2023-12-31 20:00:00,7.548,7.85,7.137,7.317,1712139.1
2024-01-01 00:00:00,7.318,7.383,7.143,7.166,668502.6
2024-01-01 04:00:00,7.165,7.213,7.011,7.174,728347.6
2024-01-01 08:00:00,7.177,7.355,7.153,7.324,505213.4
2024-01-01 12:00:00,7.324,7.582,7.324,7.548,728442.6
2024-01-01 16:00:00,7.55,7.655,7.416,7.604,671326.7
2024-01-01 20:00:00,7.604,7.729,7.518,7.701,433166.7
2024-01-02 00:00:00,7.701,7.76,7.643,7.702,355847.2
2024-01-02 04:00:00,7.706,7.761,7.666,7.76,375472.6
2024-01-02 08:00:00,7.759,7.878,7.71,7.765,705793.0
2024-01-02 12:00:00,7.765,7.788,7.453,7.565,842676.7
2024-01-02 16:00:00,7.566,7.632,7.523,7.561,428567.0
2024-01-02 20:00:00,7.56,7.6,7.39,7.583,385629.8
2024-01-03 00:00:00,7.583,7.812,7.583,7.718,618064.8
2024-01-03 04:00:00,7.719,7.76,7.623,7.656,364662.6
2024-01-03 08:00:00,7.657,7.756,7.458,7.571,743416.8
2024-01-03 12:00:00,7.572,7.576,4.939,6.374,6123915.5
2024-01-03 16:00:00,6.375,6.435,6.059,6.193,1152914.9
2024-01-03 20:00:00,6.192,6.286,6.127,6.22,598801.4
2024-01-04 00:00:00,6.219,6.269,6.057,6.261,779002.2
2024-01-04 04:00:00,6.261,6.342,6.222,6.235,751291.4
2024-01-04 08:00:00,6.236,6.265,6.06,6.229,758244.6
2024-01-04 12:00:00,6.229,6.341,6.182,6.322,860147.7
2024-01-04 16:00:00,6.323,6.331,6.235,6.265,635358.6
2024-01-04 20:00:00,6.266,6.32,6.2,6.252,636981.4
2024-01-05 00:00:00,6.253,6.326,5.808,6.073,1228397.7
2024-01-05 04:00:00,6.074,6.185,6.007,6.137,541720.0
2024-01-05 08:00:00,6.137,6.215,6.002,6.077,580237.6
2024-01-05 12:00:00,6.077,6.198,5.916,6.01,1041334.0
2024-01-05 16:00:00,6.01,6.095,5.859,6.026,800837.2
2024-01-05 20:00:00,6.026,6.16,6.014,6.16,386541.5
2024-01-06 00:00:00,6.16,6.191,6.042,6.055,328864.2
2024-01-06 04:00:00,6.055,6.097,5.707,5.868,1103250.5
2024-01-06 08:00:00,5.868,6.032,5.818,6.006,491652.0
2024-01-06 12:00:00,6.006,6.172,5.958,6.153,543527.3
2024-01-06 16:00:00,6.153,6.155,5.988,6.056,564003.2
2024-01-06 20:00:00,6.058,6.082,5.956,6.028,347211.3
2024-01-07 00:00:00,6.03,6.11,6.003,6.075,277589.2
2024-01-07 04:00:00,6.076,6.171,6.044,6.122,401633.4
2024-01-07 08:00:00,6.122,6.155,5.957,5.987,517214.0
2024-01-07 12:00:00,5.987,6.045,5.896,5.931,457627.6
2024-01-07 16:00:00,5.931,6.012,5.814,5.995,568832.6
2024-01-07 20:00:00,5.995,6.016,5.649,5.719,747682.4
2024-01-08 00:00:00,5.72,5.749,5.185,5.35,1831550.1
2024-01-08 04:00:00,5.351,5.591,5.319,5.484,595353.9
2024-01-08 08:00:00,5.483,5.768,5.462,5.757,1306232.9
2024-01-08 12:00:00,5.758,6.134,5.756,6.095,1614780.3
2024-01-08 16:00:00,6.096,6.342,5.933,6.152,4027915.1
2024-01-08 20:00:00,6.152,6.174,6.075,6.122,565324.6
2024-01-09 00:00:00,6.123,6.16,5.973,6.041,615973.8
2024-01-09 04:00:00,6.043,6.154,6.008,6.024,372621.9
2024-01-09 08:00:00,6.025,6.078,5.828,5.936,836379.3
2024-01-09 12:00:00,5.935,5.968,5.448,5.728,1336065.7
2024-01-09 16:00:00,5.729,5.739,5.546,5.616,741425.1
2024-01-09 20:00:00,5.616,5.773,5.487,5.751,1490352.8
2024-01-10 00:00:00,5.751,5.888,5.724,5.837,527761.1
2024-01-10 04:00:00,5.836,5.898,5.791,5.825,326885.5
2024-01-10 08:00:00,5.824,6.037,5.737,5.95,825563.7
2024-01-10 12:00:00,5.949,5.979,5.684,5.954,1138173.6
2024-01-10 16:00:00,5.95,6.004,5.853,5.98,761764.3
2024-01-10 20:00:00,5.978,6.541,5.752,6.362,2531904.4
2024-01-11 00:00:00,6.363,6.501,6.283,6.452,690742.3
2024-01-11 04:00:00,6.453,6.473,6.235,6.438,635680.1
2024-01-11 08:00:00,6.437,6.569,6.396,6.524,940210.5
2024-01-11 12:00:00,6.523,6.633,6.331,6.422,1761771.2
2024-01-11 16:00:00,6.423,6.544,6.261,6.543,915087.0
2024-01-11 20:00:00,6.543,6.568,6.365,6.479,517072.9
2024-01-12 00:00:00,6.478,6.63,6.432,6.534,950820.7
2024-01-12 04:00:00,6.533,6.762,6.506,6.688,793085.8
2024-01-12 08:00:00,6.687,6.773,6.606,6.68,1066144.5
2024-01-12 12:00:00,6.681,6.917,6.532,6.603,1995158.4
2024-01-12 16:00:00,6.602,6.728,6.298,6.537,1675592.5
2024-01-12 20:00:00,6.537,6.577,6.041,6.348,1279255.6
2024-01-13 00:00:00,6.349,6.367,6.054,6.23,738544.6
2024-01-13 04:00:00,6.231,6.451,6.212,6.402,355715.2
2024-01-13 08:00:00,6.403,6.495,6.367,6.402,458699.9
2024-01-13 12:00:00,6.402,6.521,6.378,6.448,421738.5
2024-01-13 16:00:00,6.448,6.519,6.368,6.462,407031.3
2024-01-13 20:00:00,6.462,6.471,6.369,6.398,248951.3
2024-01-14 00:00:00,6.398,6.438,6.264,6.313,540147.5
2024-01-14 04:00:00,6.311,6.474,6.228,6.456,387800.4
2024-01-14 08:00:00,6.455,6.492,6.395,6.406,300554.0
2024-01-14 12:00:00,6.407,6.444,6.366,6.433,247227.3
2024-01-14 16:00:00,6.434,6.477,6.251,6.261,436273.8
2024-01-14 20:00:00,6.26,6.397,6.171,6.225,531604.5
2024-01-15 00:00:00,6.225,6.479,6.212,6.424,365482.3
2024-01-15 04:00:00,6.425,6.452,6.32,6.361,240098.2
2024-01-15 08:00:00,6.359,6.371,6.306,6.335,201318.8
2024-01-15 12:00:00,6.335,6.369,6.237,6.301,464764.0
2024-01-15 16:00:00,6.302,6.443,6.282,6.387,296196.9
2024-01-15 20:00:00,6.385,6.575,6.327,6.38,988937.1
2024-01-16 00:00:00,6.379,6.497,6.379,6.494,289214.9
2024-01-16 04:00:00,6.494,6.637,6.475,6.566,511134.2
2024-01-16 08:00:00,6.566,6.583,6.404,6.439,385646.1
2024-01-16 12:00:00,6.439,6.464,6.211,6.452,589070.7
2024-01-16 16:00:00,6.452,6.539,6.4,6.434,388184.0
2024-01-16 20:00:00,6.435,6.537,6.414,6.444,303243.2
2024-01-17 00:00:00,6.444,6.496,6.414,6.435,224972.3
2024-01-17 04:00:00,6.436,6.485,6.302,6.34,339859.7
2024-01-17 08:00:00,6.34,6.57,6.305,6.48,479638.2
2024-01-17 12:00:00,6.48,6.516,6.38,6.405,477305.0
2024-01-17 16:00:00,6.405,6.454,6.308,6.38,400968.6
2024-01-17 20:00:00,6.38,6.427,6.286,6.37,272049.2
2024-01-18 00:00:00,6.371,6.422,6.267,6.309,314477.3
2024-01-18 04:00:00,6.31,6.491,6.292,6.452,291851.8
2024-01-18 08:00:00,6.452,6.455,6.287,6.325,349890.4
2024-01-18 12:00:00,6.325,6.35,6.223,6.32,452252.6
2024-01-18 16:00:00,6.319,6.327,5.926,5.984,1143303.9
2024-01-18 20:00:00,5.982,6.145,5.976,6.143,422110.2
2024-01-19 00:00:00,6.144,6.219,5.99,6.174,813367.9
2024-01-19 04:00:00,6.174,6.695,6.174,6.621,1702772.9
2024-01-19 08:00:00,6.622,6.798,6.476,6.629,3349272.7
2024-01-19 12:00:00,6.629,6.653,6.404,6.532,2346978.5
2024-01-19 16:00:00,6.532,6.797,6.193,6.622,3089394.1
2024-01-19 20:00:00,6.623,6.908,6.621,6.701,1734479.3
2024-01-20 00:00:00,6.7,6.742,6.468,6.528,1175581.9
2024-01-20 04:00:00,6.527,6.68,6.489,6.613,987767.2
2024-01-20 08:00:00,6.614,6.691,6.491,6.644,836932.1
2024-01-20 12:00:00,6.645,6.68,6.513,6.53,569073.2
2024-01-20 16:00:00,6.53,6.61,6.489,6.521,477395.8
2024-01-20 20:00:00,6.522,6.58,6.434,6.479,494959.8
2024-01-21 00:00:00,6.48,6.504,6.308,6.389,560924.4
2024-01-21 04:00:00,6.388,6.454,6.349,6.398,392177.8
2024-01-21 08:00:00,6.399,6.43,6.343,6.409,345066.8
2024-01-21 12:00:00,6.408,6.432,6.336,6.375,365453.3
2024-01-21 16:00:00,6.375,6.444,6.297,6.43,338340.8
2024-01-21 20:00:00,6.43,6.44,6.313,6.336,269013.6
2024-01-22 00:00:00,6.336,6.386,6.126,6.203,703420.1
2024-01-22 04:00:00,6.203,6.293,6.133,6.255,423496.7
2024-01-22 08:00:00,6.254,6.26,6.05,6.155,657723.3
2024-01-22 12:00:00,6.155,6.188,5.965,6.056,570097.9
2024-01-22 16:00:00,6.057,6.142,5.858,5.976,803669.6
2024-01-22 20:00:00,5.977,6.061,5.881,5.902,456655.0
2024-01-23 00:00:00,5.904,6.028,5.843,6.006,325063.9
2024-01-23 04:00:00,6.006,6.077,5.912,5.96,349221.1
2024-01-23 08:00:00,5.96,5.997,5.6,5.748,1116574.6
2024-01-23 12:00:00,5.746,5.795,5.352,5.548,1395394.9
2024-01-23 16:00:00,5.548,5.599,5.473,5.488,465356.4
2024-01-23 20:00:00,5.489,5.658,5.462,5.653,303303.3
2024-01-24 00:00:00,5.655,5.707,5.597,5.624,319656.9
2024-01-24 04:00:00,5.625,5.74,5.611,5.707,327769.3
2024-01-24 08:00:00,5.708,5.8,5.682,5.731,415722.2
2024-01-24 12:00:00,5.73,5.79,5.649,5.716,414032.0
2024-01-24 16:00:00,5.715,5.738,5.613,5.688,393249.0
2024-01-24 20:00:00,5.687,5.739,5.635,5.733,229104.5
2024-01-25 00:00:00,5.734,5.768,5.634,5.657,239825.7
2024-01-25 04:00:00,5.657,5.696,5.583,5.688,276828.2
2024-01-25 08:00:00,5.689,5.71,5.584,5.659,300149.9
2024-01-25 12:00:00,5.659,5.686,5.555,5.6,474384.5
2024-01-25 16:00:00,5.6,5.693,5.523,5.673,311496.5
2024-01-25 20:00:00,5.674,5.702,5.645,5.66,181010.3
2024-01-26 00:00:00,5.66,5.723,5.578,5.717,259303.4
2024-01-26 04:00:00,5.718,5.734,5.651,5.671,280128.7
2024-01-26 08:00:00,5.671,5.91,5.669,5.889,420702.8
2024-01-26 12:00:00,5.889,5.903,5.807,5.894,347891.3
2024-01-26 16:00:00,5.893,5.92,5.845,5.886,396966.3
2024-01-26 20:00:00,5.886,5.905,5.826,5.89,180230.0
2024-01-27 00:00:00,5.891,5.959,5.884,5.935,267585.2
2024-01-27 04:00:00,5.935,5.958,5.823,5.861,263675.5
2024-01-27 08:00:00,5.861,5.884,5.808,5.876,169644.2
2024-01-27 12:00:00,5.877,5.977,5.866,5.954,284204.1
2024-01-27 16:00:00,5.955,6.05,5.931,6.014,356645.8
2024-01-27 20:00:00,6.014,6.047,5.987,6.01,213649.8
2024-01-28 00:00:00,6.01,6.06,5.973,6.044,220239.2
2024-01-28 04:00:00,6.044,6.066,5.922,5.934,251094.4
2024-01-28 08:00:00,5.935,5.986,5.874,5.914,291535.5
2024-01-28 12:00:00,5.913,5.915,5.817,5.882,421439.8
2024-01-28 16:00:00,5.882,5.913,5.763,5.798,361490.6
2024-01-28 20:00:00,5.798,5.839,5.749,5.819,274114.3
2024-01-29 00:00:00,5.82,5.907,5.795,5.884,185806.3
2024-01-29 04:00:00,5.884,5.9,5.815,5.826,173704.2
2024-01-29 08:00:00,5.826,5.866,5.783,5.824,306193.1
2024-01-29 12:00:00,5.824,5.881,5.774,5.879,320716.9
2024-01-29 16:00:00,5.879,5.989,5.861,5.923,417064.1
2024-01-29 20:00:00,5.923,5.973,5.917,5.955,177422.0
2024-01-30 00:00:00,5.955,6.005,5.901,5.94,216804.4
2024-01-30 04:00:00,5.94,5.962,5.856,5.909,231394.1
2024-01-30 08:00:00,5.909,5.988,5.887,5.977,215037.8
2024-01-30 12:00:00,5.978,6.0,5.828,5.926,531232.2
2024-01-30 16:00:00,5.928,6.01,5.922,6.002,312013.1
2024-01-30 20:00:00,6.003,6.099,5.892,5.944,653809.9
2024-01-31 00:00:00,5.944,6.061,5.833,6.032,592908.6
2024-01-31 04:00:00,6.032,6.202,5.93,6.019,1499893.0
2024-01-31 08:00:00,6.018,6.043,5.751,5.817,903067.5
2024-01-31 12:00:00,5.816,5.837,5.686,5.834,684140.7
2024-01-31 16:00:00,5.834,5.875,5.767,5.837,342168.8
2024-01-31 20:00:00,5.838,5.841,5.68,5.749,454652.9
2024-02-01 00:00:00,5.75,5.813,5.64,5.704,375883.3
2024-02-01 04:00:00,5.702,5.733,5.592,5.647,375473.3
2024-02-01 08:00:00,5.648,5.731,5.619,5.689,276798.1
2024-02-01 12:00:00,5.688,5.818,5.682,5.771,418043.9
2024-02-01 16:00:00,5.772,5.813,5.718,5.793,247764.4
2024-02-01 20:00:00,5.794,5.812,5.766,5.791,155325.3
2024-02-02 00:00:00,5.791,5.827,5.775,5.784,165818.3
2024-02-02 04:00:00,5.784,5.798,5.749,5.786,153050.0
2024-02-02 08:00:00,5.785,5.805,5.721,5.794,241944.5
2024-02-02 12:00:00,5.795,5.849,5.72,5.844,315345.4
2024-02-02 16:00:00,5.845,5.875,5.793,5.82,340442.0
2024-02-02 20:00:00,5.821,5.857,5.792,5.842,159556.8
2024-02-03 00:00:00,5.841,5.882,5.781,5.797,245898.5
2024-02-03 04:00:00,5.797,5.84,5.784,5.805,205970.9
2024-02-03 08:00:00,5.805,5.822,5.775,5.793,137434.1
2024-02-03 12:00:00,5.793,5.828,5.738,5.794,189970.9
2024-02-03 16:00:00,5.794,5.829,5.78,5.821,135342.5
2024-02-03 20:00:00,5.822,5.826,5.771,5.788,142685.7
2024-02-04 00:00:00,5.789,5.79,5.674,5.729,302471.2
2024-02-04 04:00:00,5.73,5.73,5.594,5.623,304975.3
2024-02-04 08:00:00,5.622,5.702,5.59,5.687,267183.7
2024-02-04 12:00:00,5.687,5.715,5.67,5.709,170490.7
2024-02-04 16:00:00,5.708,5.715,5.611,5.657,256826.9
2024-02-04 20:00:00,5.656,5.681,5.533,5.579,356078.2
2024-02-05 00:00:00,5.579,5.587,5.477,5.575,627643.8
2024-02-05 04:00:00,5.574,5.659,5.565,5.644,177477.2
2024-02-05 08:00:00,5.645,5.668,5.615,5.664,168931.7
2024-02-05 12:00:00,5.664,5.687,5.591,5.604,207781.7
2024-02-05 16:00:00,5.602,5.662,5.577,5.642,218801.9
2024-02-05 20:00:00,5.642,5.721,5.571,5.669,422882.8
2024-02-06 00:00:00,5.668,5.717,5.658,5.692,255589.7
2024-02-06 04:00:00,5.693,5.697,5.639,5.681,185133.0
2024-02-06 08:00:00,5.681,5.77,5.67,5.683,623529.8
2024-02-06 12:00:00,5.683,5.706,5.602,5.705,401690.4
2024-02-06 16:00:00,5.704,5.721,5.664,5.711,187912.1
2024-02-06 20:00:00,5.711,5.765,5.698,5.726,230000.0
2024-02-07 00:00:00,5.727,5.778,5.721,5.727,172827.3
2024-02-07 04:00:00,5.727,5.751,5.648,5.734,248514.0
2024-02-07 08:00:00,5.735,5.801,5.731,5.744,232127.3
2024-02-07 12:00:00,5.743,5.798,5.731,5.785,247914.0
2024-02-07 16:00:00,5.785,5.866,5.777,5.833,338953.6
2024-02-07 20:00:00,5.832,5.925,5.832,5.898,319785.4
2024-02-08 00:00:00,5.899,5.946,5.882,5.913,238723.7
2024-02-08 04:00:00,5.912,5.92,5.847,5.883,224810.7
2024-02-08 08:00:00,5.884,5.944,5.876,5.898,253325.0
2024-02-08 12:00:00,5.898,5.953,5.86,5.922,273587.7
2024-02-08 16:00:00,5.922,5.937,5.822,5.864,335269.7
2024-02-08 20:00:00,5.865,5.898,5.854,5.875,154500.9
2024-02-09 00:00:00,5.875,5.976,5.87,5.938,227542.7
2024-02-09 04:00:00,5.938,5.964,5.921,5.956,239739.7
2024-02-09 08:00:00,5.956,6.06,5.955,6.042,347999.0
2024-02-09 12:00:00,6.043,6.07,5.905,5.992,524788.3
2024-02-09 16:00:00,5.993,6.043,5.947,5.992,468092.2
2024-02-09 20:00:00,5.992,6.026,5.972,6.001,249428.7
2024-02-10 00:00:00,6.002,6.079,5.994,6.072,261313.3
2024-02-10 04:00:00,6.073,6.116,6.003,6.005,202698.6
2024-02-10 08:00:00,6.005,6.028,5.909,5.965,370334.0
2024-02-10 12:00:00,5.965,5.982,5.941,5.963,182054.1
2024-02-10 16:00:00,5.963,6.029,5.957,6.008,235796.8
2024-02-10 20:00:00,6.008,6.034,5.98,5.985,235637.9
2024-02-11 00:00:00,5.986,6.05,5.966,6.039,211173.4
2024-02-11 04:00:00,6.039,6.065,6.024,6.049,230421.8
2024-02-11 08:00:00,6.048,6.07,6.004,6.052,235248.9
2024-02-11 12:00:00,6.052,6.243,6.049,6.129,1000824.4
2024-02-11 16:00:00,6.129,6.143,6.016,6.045,318799.3
2024-02-11 20:00:00,6.046,6.054,5.935,5.978,417286.5
2024-02-12 00:00:00,5.979,6.078,5.888,5.952,427524.8
2024-02-12 04:00:00,5.953,5.983,5.869,5.98,234084.2
2024-02-12 08:00:00,5.98,6.019,5.879,5.934,272241.4
2024-02-12 12:00:00,5.934,6.06,5.916,6.05,328180.2
2024-02-12 16:00:00,6.051,6.294,6.012,6.182,830521.7
2024-02-12 20:00:00,6.182,6.234,6.156,6.191,354969.6
2024-02-13 00:00:00,6.191,6.265,6.137,6.151,332954.2
2024-02-13 04:00:00,6.152,6.238,6.152,6.237,224275.8
2024-02-13 08:00:00,6.236,6.29,6.204,6.276,590389.3
2024-02-13 12:00:00,6.276,6.281,5.99,6.18,1145549.4
2024-02-13 16:00:00,6.18,6.245,6.133,6.223,443018.9
2024-02-13 20:00:00,6.222,6.26,6.18,6.211,371051.1
2024-02-14 00:00:00,6.211,6.27,6.169,6.256,245055.8
2024-02-14 04:00:00,6.255,6.4,6.222,6.388,403002.6
2024-02-14 08:00:00,6.387,6.475,6.353,6.407,763526.9
2024-02-14 12:00:00,6.406,6.436,6.321,6.39,485996.9
2024-02-14 16:00:00,6.389,6.408,6.325,6.401,344590.9
2024-02-14 20:00:00,6.4,6.444,6.392,6.436,335043.0
2024-02-15 00:00:00,6.436,6.629,6.419,6.577,597142.0
2024-02-15 04:00:00,6.576,6.6,6.454,6.518,445455.5
2024-02-15 08:00:00,6.518,6.553,6.473,6.526,360683.8
2024-02-15 12:00:00,6.527,6.743,6.471,6.597,1694729.8
2024-02-15 16:00:00,6.596,6.673,6.513,6.612,713133.6
2024-02-15 20:00:00,6.61,6.657,6.485,6.631,509781.2
2024-02-16 00:00:00,6.629,6.7,6.593,6.693,386823.6
2024-02-16 04:00:00,6.692,6.707,6.538,6.542,613227.2
2024-02-16 08:00:00,6.543,6.916,6.533,6.891,1059078.5
2024-02-16 12:00:00,6.891,7.089,6.511,6.66,2452717.2
2024-02-16 16:00:00,6.659,6.702,6.529,6.612,690199.6
2024-02-16 20:00:00,6.611,6.696,6.599,6.679,319541.7
2024-02-17 00:00:00,6.679,6.708,6.561,6.654,287140.0
2024-02-17 04:00:00,6.653,6.662,6.59,6.645,193388.0
2024-02-17 08:00:00,6.645,6.646,6.461,6.548,570750.1
2024-02-17 12:00:00,6.548,6.686,6.353,6.454,1281327.2
2024-02-17 16:00:00,6.453,6.545,6.41,6.517,396119.8
2024-02-17 20:00:00,6.516,6.668,6.514,6.655,272741.6
2024-02-18 00:00:00,6.655,6.724,6.598,6.721,372143.1
2024-02-18 04:00:00,6.721,6.862,6.668,6.678,531835.5
2024-02-18 08:00:00,6.678,6.845,6.656,6.778,520165.7
2024-02-18 12:00:00,6.775,6.808,6.71,6.804,272017.3
2024-02-18 16:00:00,6.805,6.885,6.776,6.791,444696.5
2024-02-18 20:00:00,6.792,6.809,6.732,6.763,286582.3
2024-02-19 00:00:00,6.763,6.885,6.749,6.864,356908.1
2024-02-19 04:00:00,6.863,6.893,6.78,6.867,387814.4
2024-02-19 08:00:00,6.867,7.161,6.768,7.07,1120947.8
2024-02-19 12:00:00,7.073,7.2,6.983,7.017,1127558.2
2024-02-19 16:00:00,7.018,7.056,6.873,7.022,646449.5
2024-02-19 20:00:00,7.021,7.115,6.972,7.071,404500.4
2024-02-20 00:00:00,7.071,7.089,6.896,6.927,614817.2
2024-02-20 04:00:00,6.928,7.13,6.836,7.071,587326.3
2024-02-20 08:00:00,7.072,7.082,6.808,7.007,668269.3
2024-02-20 12:00:00,7.008,7.02,6.1,6.549,1858775.2
2024-02-20 16:00:00,6.549,6.643,6.396,6.639,760483.5
2024-02-20 20:00:00,6.642,6.875,6.611,6.803,394178.2
2024-02-21 00:00:00,6.804,6.851,6.719,6.736,273586.5
2024-02-21 04:00:00,6.736,6.815,6.514,6.577,459592.4
2024-02-21 08:00:00,6.578,6.594,6.334,6.441,803920.5
2024-02-21 12:00:00,6.442,6.539,6.267,6.381,796797.3
2024-02-21 16:00:00,6.382,6.463,6.278,6.406,384146.3
2024-02-21 20:00:00,6.406,6.683,6.381,6.675,366063.5
2024-02-22 00:00:00,6.675,6.677,6.497,6.607,434534.6
2024-02-22 04:00:00,6.608,6.758,6.564,6.711,353330.0
2024-02-22 08:00:00,6.712,6.857,6.699,6.773,497351.2
2024-02-22 12:00:00,6.773,6.946,6.728,6.88,770531.1
2024-02-22 16:00:00,6.88,6.907,6.808,6.842,286199.2
2024-02-22 20:00:00,6.841,6.926,6.691,6.725,386819.4
2024-02-23 00:00:00,6.725,6.839,6.646,6.698,390553.9
2024-02-23 04:00:00,6.698,6.846,6.6,6.755,494150.8
2024-02-23 08:00:00,6.755,6.946,6.702,6.918,517101.0
2024-02-23 12:00:00,6.918,7.668,6.779,7.185,3439102.4
2024-02-23 16:00:00,7.184,7.244,6.811,6.967,1810901.2
2024-02-23 20:00:00,6.968,7.038,6.89,6.984,753129.6
2024-02-24 00:00:00,6.984,7.039,6.85,6.947,839066.8
2024-02-24 04:00:00,6.948,7.317,6.932,7.272,1380244.0
2024-02-24 08:00:00,7.273,7.309,7.062,7.125,999964.0
2024-02-24 12:00:00,7.124,7.149,6.948,7.046,699077.9
2024-02-24 16:00:00,7.047,7.09,6.997,7.03,411826.6
2024-02-24 20:00:00,7.032,7.08,6.978,7.042,258353.6
2024-02-25 00:00:00,7.042,7.136,6.89,6.978,521459.1
2024-02-25 04:00:00,6.979,7.041,6.924,6.983,380825.2
2024-02-25 08:00:00,6.983,7.015,6.938,7.004,230622.2
2024-02-25 12:00:00,7.005,7.08,6.962,6.977,383735.1
2024-02-25 16:00:00,6.976,7.072,6.946,7.068,384407.9
2024-02-25 20:00:00,7.067,7.133,7.023,7.119,457670.2
2024-02-26 00:00:00,7.118,7.368,7.068,7.301,643014.2
2024-02-26 04:00:00,7.3,7.455,7.219,7.272,898308.4
2024-02-26 08:00:00,7.272,7.332,7.066,7.207,868868.2
2024-02-26 12:00:00,7.207,7.289,7.128,7.249,629621.5
2024-02-26 16:00:00,7.248,7.305,7.107,7.213,750343.9
2024-02-26 20:00:00,7.213,7.227,7.159,7.179,309429.7
2024-02-27 00:00:00,7.179,7.3,7.112,7.153,589712.1
2024-02-27 04:00:00,7.154,7.301,7.145,7.233,363879.3
2024-02-27 08:00:00,7.233,7.382,7.222,7.365,505602.7
2024-02-27 12:00:00,7.363,7.374,7.015,7.054,776061.0
2024-02-27 16:00:00,7.055,7.222,6.953,7.182,595995.4
2024-02-27 20:00:00,7.182,7.265,7.144,7.2,320856.0
2024-02-28 00:00:00,7.2,7.319,7.171,7.249,316954.1
2024-02-28 04:00:00,7.25,7.365,7.24,7.351,343277.1
2024-02-28 08:00:00,7.35,7.548,7.15,7.378,1089244.8
2024-02-28 12:00:00,7.378,7.695,7.378,7.566,1181261.0
2024-02-28 16:00:00,7.564,7.797,6.4,6.944,2964737.1
2024-02-28 20:00:00,6.944,7.241,6.912,7.214,709234.7
2024-02-29 00:00:00,7.214,7.446,7.129,7.399,682543.4
2024-02-29 04:00:00,7.399,7.484,7.304,7.459,556540.0
2024-02-29 08:00:00,7.458,7.588,7.375,7.395,627835.9
2024-02-29 12:00:00,7.394,7.503,7.332,7.454,585508.1
2024-02-29 16:00:00,7.454,7.463,7.206,7.407,1043185.7
2024-02-29 20:00:00,7.406,7.418,6.976,7.186,733215.5
2024-03-01 00:00:00,7.187,7.393,7.187,7.377,485689.8
2024-03-01 04:00:00,7.376,7.587,7.371,7.421,581882.4
2024-03-01 08:00:00,7.422,7.729,7.381,7.589,836060.9
2024-03-01 12:00:00,7.589,7.666,7.469,7.524,891352.4
2024-03-01 16:00:00,7.525,7.678,7.493,7.673,417786.5
2024-03-01 20:00:00,7.672,7.773,7.642,7.688,383501.6
2024-03-02 00:00:00,7.691,7.792,7.556,7.764,483258.7
2024-03-02 04:00:00,7.762,7.997,7.671,7.929,751634.4
2024-03-02 08:00:00,7.929,7.96,7.74,7.915,612570.9
2024-03-02 12:00:00,7.912,8.095,7.848,7.898,746699.1
2024-03-02 16:00:00,7.899,8.024,7.863,8.0,373134.6
2024-03-02 20:00:00,8.0,8.173,7.916,8.125,524646.8
2024-03-03 00:00:00,8.124,8.13,7.971,8.036,392547.4
2024-03-03 04:00:00,8.036,8.064,7.126,7.517,1333016.4
2024-03-03 08:00:00,7.516,7.759,7.435,7.723,708758.8
2024-03-03 12:00:00,7.724,7.848,7.711,7.823,496164.9
2024-03-03 16:00:00,7.823,8.194,7.712,8.112,1303357.5
2024-03-03 20:00:00,8.112,8.156,8.028,8.111,654569.6
2024-03-04 00:00:00,8.112,8.222,7.879,8.001,827272.7
2024-03-04 04:00:00,8.001,8.169,7.945,8.106,383601.5
2024-03-04 08:00:00,8.105,8.928,8.103,8.721,3040503.2
2024-03-04 12:00:00,8.721,8.95,8.2,8.318,2078486.5
2024-03-04 16:00:00,8.318,8.349,7.706,8.048,1774966.3
2024-03-04 20:00:00,8.047,8.178,7.945,8.064,619485.9
2024-03-05 00:00:00,8.064,8.205,7.887,8.012,773948.8
2024-03-05 04:00:00,8.012,8.27,7.746,8.09,1088080.2
2024-03-05 08:00:00,8.089,8.229,8.005,8.1,650761.1
2024-03-05 12:00:00,8.1,8.194,7.741,7.868,1164379.1
2024-03-05 16:00:00,7.87,7.933,5.816,6.642,2944973.7
2024-03-05 20:00:00,6.637,7.074,6.513,7.034,1759085.3
2024-03-06 00:00:00,7.033,7.117,6.785,6.9,689089.6
2024-03-06 04:00:00,6.901,7.395,6.901,7.381,776608.5
2024-03-06 08:00:00,7.38,7.461,7.184,7.252,728504.0
2024-03-06 12:00:00,7.254,7.275,6.855,7.145,1287650.6
2024-03-06 16:00:00,7.146,7.247,7.105,7.212,600465.5
2024-03-06 20:00:00,7.211,7.417,7.187,7.393,446387.7
2024-03-07 00:00:00,7.392,7.508,7.308,7.358,637678.6
2024-03-07 04:00:00,7.359,7.524,7.178,7.463,890319.5
2024-03-07 08:00:00,7.464,7.756,7.432,7.685,1452293.4
2024-03-07 12:00:00,7.685,7.918,7.53,7.872,1236463.9
2024-03-07 16:00:00,7.872,8.237,7.85,8.099,1664201.4
2024-03-07 20:00:00,8.099,8.294,8.055,8.214,786528.7
2024-03-08 00:00:00,8.214,8.345,7.949,8.001,1183686.2
2024-03-08 04:00:00,8.0,8.054,7.88,7.98,688742.4
2024-03-08 08:00:00,7.978,8.094,7.936,8.008,524194.8
2024-03-08 12:00:00,8.008,8.117,7.335,7.749,1853998.4
2024-03-08 16:00:00,7.748,7.968,7.583,7.92,1197531.0
2024-03-08 20:00:00,7.92,8.069,7.919,8.053,431071.8
2024-03-09 00:00:00,8.054,8.25,7.995,8.14,463499.2
2024-03-09 04:00:00,8.141,8.313,8.088,8.219,546085.0
2024-03-09 08:00:00,8.219,8.37,8.128,8.337,680084.7
2024-03-09 12:00:00,8.335,8.339,8.192,8.275,437171.3
2024-03-09 16:00:00,8.275,8.307,8.106,8.177,477054.9
2024-03-09 20:00:00,8.177,8.297,8.168,8.217,282076.9
2024-03-10 00:00:00,8.218,8.301,8.046,8.147,454583.5
2024-03-10 04:00:00,8.147,8.245,8.086,8.245,288561.0
2024-03-10 08:00:00,8.243,8.273,7.956,8.028,563217.8
2024-03-10 12:00:00,8.028,8.05,7.75,7.927,702391.8
2024-03-10 16:00:00,7.926,8.09,7.92,8.061,349582.6
2024-03-10 20:00:00,8.06,8.249,7.86,8.172,675971.6
2024-03-11 00:00:00,8.175,8.246,7.501,8.158,953579.1
2024-03-11 04:00:00,8.159,8.285,8.043,8.175,694895.2
2024-03-11 08:00:00,8.176,8.7,8.162,8.345,1445331.2
2024-03-11 12:00:00,8.345,8.497,8.31,8.401,722466.4
2024-03-11 16:00:00,8.402,8.585,8.334,8.451,692600.5
2024-03-11 20:00:00,8.452,8.513,8.374,8.42,282362.6
2024-03-12 00:00:00,8.421,8.646,8.393,8.518,651584.8
2024-03-12 04:00:00,8.518,8.654,8.265,8.49,722453.8
2024-03-12 08:00:00,8.49,8.64,8.138,8.482,1079645.8
2024-03-12 12:00:00,8.483,8.674,8.355,8.583,1187021.1
2024-03-12 16:00:00,8.581,9.006,7.939,8.864,2710263.2
2024-03-12 20:00:00,8.863,9.24,8.766,9.01,1740305.6
2024-03-13 00:00:00,9.011,9.327,8.86,9.147,1130432.2
2024-03-13 04:00:00,9.148,9.155,8.988,9.014,531070.1
2024-03-13 08:00:00,9.013,9.091,8.833,8.895,544593.6
2024-03-13 12:00:00,8.896,8.993,8.537,8.688,1130541.1
2024-03-13 16:00:00,8.688,8.852,8.673,8.803,417839.2
2024-03-13 20:00:00,8.805,8.909,8.672,8.888,335739.2
2024-03-14 00:00:00,8.889,9.009,8.821,8.899,425925.4
2024-03-14 04:00:00,8.898,8.907,8.686,8.772,376288.7
2024-03-14 08:00:00,8.772,8.956,8.647,8.876,514235.4
2024-03-14 12:00:00,8.876,9.013,8.327,8.478,1338588.0
2024-03-14 16:00:00,8.479,8.995,8.3,8.587,1836067.3
2024-03-14 20:00:00,8.586,9.187,8.58,9.015,1017568.4
2024-03-15 00:00:00,9.016,9.191,8.154,8.391,1938618.9
2024-03-15 04:00:00,8.389,8.733,8.176,8.632,1055165.2
2024-03-15 08:00:00,8.633,8.669,7.75,8.074,1798158.7
2024-03-15 12:00:00,8.078,8.285,7.965,8.17,788938.8
2024-03-15 16:00:00,8.169,8.519,8.086,8.316,784372.3
2024-03-15 20:00:00,8.316,8.552,8.063,8.533,563745.2
2024-03-16 00:00:00,8.533,8.732,8.46,8.698,485887.8
2024-03-16 04:00:00,8.699,8.815,8.497,8.674,597488.1
2024-03-16 08:00:00,8.674,8.723,8.417,8.555,484473.0
2024-03-16 12:00:00,8.552,8.572,7.985,8.208,926346.3
2024-03-16 16:00:00,8.207,8.219,7.44,7.57,1273203.8
2024-03-16 20:00:00,7.57,7.74,7.436,7.661,821114.9
2024-03-17 00:00:00,7.66,7.887,7.528,7.833,613862.7
2024-03-17 04:00:00,7.832,7.849,7.136,7.332,995048.3
2024-03-17 08:00:00,7.332,7.707,7.258,7.589,618604.4
2024-03-17 12:00:00,7.588,7.766,7.387,7.734,482953.8
2024-03-17 16:00:00,7.733,7.777,7.627,7.774,370588.7
2024-03-17 20:00:00,7.774,7.833,7.641,7.716,324573.8
2024-03-18 00:00:00,7.715,7.715,7.422,7.64,442395.5
2024-03-18 04:00:00,7.641,7.791,7.557,7.628,319945.3
2024-03-18 08:00:00,7.629,7.629,7.368,7.491,504153.7
2024-03-18 12:00:00,7.493,7.517,7.03,7.213,698759.5
2024-03-18 16:00:00,7.213,7.311,6.485,6.58,4355287.9
2024-03-18 20:00:00,6.582,6.749,6.543,6.624,919573.9
2024-03-19 00:00:00,6.622,6.694,6.0,6.179,1746396.0
2024-03-19 04:00:00,6.177,6.197,5.54,5.955,2902163.4
2024-03-19 08:00:00,5.956,6.003,5.634,5.996,2462190.7
2024-03-19 12:00:00,5.997,6.175,5.831,6.15,1837242.5
2024-03-19 16:00:00,6.153,6.197,6.051,6.066,1222856.2
2024-03-19 20:00:00,6.065,6.084,5.653,5.841,1526171.2
2024-03-20 00:00:00,5.841,6.034,5.779,5.849,948933.2
2024-03-20 04:00:00,5.849,6.049,5.601,6.005,1235506.9
2024-03-20 08:00:00,6.004,6.033,5.885,5.974,716234.8
2024-03-20 12:00:00,5.975,6.078,5.834,5.86,914364.0
2024-03-20 16:00:00,5.861,6.206,5.633,6.18,1639249.1
2024-03-20 20:00:00,6.182,6.353,6.155,6.263,910789.3
2024-03-21 00:00:00,6.263,6.397,6.21,6.324,1029348.9
2024-03-21 04:00:00,6.323,6.35,6.113,6.235,840588.4
2024-03-21 08:00:00,6.235,6.366,6.194,6.272,739170.8
2024-03-21 12:00:00,6.272,6.335,6.186,6.292,662705.4
2024-03-21 16:00:00,6.293,6.406,6.054,6.206,978469.1
2024-03-21 20:00:00,6.205,6.326,6.124,6.305,558801.8
2024-03-22 00:00:00,6.305,6.375,6.17,6.364,602217.9
2024-03-22 04:00:00,6.363,6.458,6.318,6.407,543613.4
2024-03-22 08:00:00,6.408,6.425,6.137,6.165,746587.6
2024-03-22 12:00:00,6.164,6.243,5.936,6.128,1134045.7
2024-03-22 16:00:00,6.129,6.187,6.032,6.133,491894.8
2024-03-22 20:00:00,6.133,6.142,5.981,6.132,497165.2
2024-03-23 00:00:00,6.132,6.258,6.063,6.133,599933.0
2024-03-23 04:00:00,6.134,6.249,6.125,6.21,295900.4
2024-03-23 08:00:00,6.21,6.282,6.16,6.236,345264.3
2024-03-23 12:00:00,6.235,6.332,6.202,6.314,399512.1
2024-03-23 16:00:00,6.314,6.344,6.24,6.258,320471.2
2024-03-23 20:00:00,6.259,6.276,6.147,6.169,265929.8
2024-03-24 00:00:00,6.169,6.274,6.127,6.134,567205.4
2024-03-24 04:00:00,6.134,6.213,6.093,6.149,293904.2
2024-03-24 08:00:00,6.149,6.238,6.133,6.214,249920.6
2024-03-24 12:00:00,6.213,6.84,6.204,6.633,3181424.6
2024-03-24 16:00:00,6.631,7.428,6.616,7.157,7549203.5
2024-03-24 20:00:00,7.158,7.177,6.85,7.108,3307284.9
2024-03-25 00:00:00,7.108,7.264,6.928,6.955,2213000.0
2024-03-25 04:00:00,6.954,7.026,6.888,6.921,1151449.1
2024-03-25 08:00:00,6.92,6.983,6.718,6.747,1669990.4
2024-03-25 12:00:00,6.747,6.948,6.699,6.894,1750521.1
2024-03-25 16:00:00,6.895,7.098,6.8,7.006,2494442.7
2024-03-25 20:00:00,7.005,7.275,6.989,7.086,2016764.4
2024-03-26 00:00:00,7.086,7.29,7.057,7.286,824454.6
2024-03-26 04:00:00,7.285,7.371,7.184,7.235,946434.2
2024-03-26 08:00:00,7.235,7.544,7.212,7.416,2188563.4
2024-03-26 12:00:00,7.415,7.539,7.2,7.505,2118328.8
2024-03-26 16:00:00,7.507,7.57,7.287,7.441,1208435.2
2024-03-26 20:00:00,7.441,7.702,7.438,7.628,1125071.5
2024-03-27 00:00:00,7.629,7.763,7.518,7.617,1064686.6
2024-03-27 04:00:00,7.617,7.729,7.505,7.616,1283624.6
2024-03-27 08:00:00,7.618,7.8,7.403,7.506,1717598.9
2024-03-27 12:00:00,7.505,7.592,7.208,7.325,1626363.4
2024-03-27 16:00:00,7.325,7.47,7.283,7.399,710358.1
2024-03-27 20:00:00,7.398,7.45,7.322,7.431,699706.1
2024-03-28 00:00:00,7.43,7.51,7.333,7.46,807808.5
2024-03-28 04:00:00,7.46,7.758,7.442,7.631,1227721.0
2024-03-28 08:00:00,7.631,7.684,7.448,7.491,743553.3
2024-03-28 12:00:00,7.491,7.561,7.344,7.447,729717.4
2024-03-28 16:00:00,7.448,7.586,7.4,7.552,480736.6
2024-03-28 20:00:00,7.552,7.613,7.445,7.521,449523.9
2024-03-29 00:00:00,7.52,7.718,7.498,7.576,823654.5
2024-03-29 04:00:00,7.577,7.632,7.4,7.441,601089.9
2024-03-29 08:00:00,7.441,7.652,7.434,7.593,599742.7
2024-03-29 12:00:00,7.592,7.745,7.472,7.569,1039248.7
2024-03-29 16:00:00,7.568,7.762,7.567,7.659,602765.6
2024-03-29 20:00:00,7.659,7.714,7.538,7.691,367927.1
2024-03-30 00:00:00,7.69,7.85,7.629,7.736,847776.7
2024-03-30 04:00:00,7.736,8.281,7.7,8.227,2288733.5
2024-03-30 08:00:00,8.227,8.67,7.741,7.961,10169810.3
2024-03-30 12:00:00,7.961,7.98,7.215,7.342,6134899.0
2024-03-30 16:00:00,7.342,7.383,7.12,7.218,1514412.4
2024-03-30 20:00:00,7.22,7.232,7.065,7.128,1204246.2
2024-03-31 00:00:00,7.128,7.239,7.091,7.179,961811.5
2024-03-31 04:00:00,7.18,7.313,7.155,7.251,927024.4
2024-03-31 08:00:00,7.252,7.303,7.201,7.275,1049607.5
2024-03-31 12:00:00,7.274,7.29,7.187,7.26,742868.2
2024-03-31 16:00:00,7.261,7.286,7.232,7.266,513376.3
2024-03-31 20:00:00,7.265,7.29,7.219,7.243,465032.9
2024-04-01 00:00:00,7.243,7.45,7.232,7.422,861180.4
2024-04-01 04:00:00,7.422,7.462,6.688,7.183,2607780.1
2024-04-01 08:00:00,7.185,7.248,7.028,7.067,1656363.9
2024-04-01 12:00:00,7.067,7.269,6.901,6.963,1161151.4
2024-04-01 16:00:00,6.965,6.999,6.84,6.988,853600.6
2024-04-01 20:00:00,6.988,7.048,6.95,7.027,371187.0
2024-04-02 00:00:00,7.028,7.031,6.5,6.722,1576250.7
2024-04-02 04:00:00,6.72,6.839,6.599,6.715,690527.7
2024-04-02 08:00:00,6.715,6.731,6.458,6.657,949331.6
2024-04-02 12:00:00,6.655,6.724,6.526,6.558,584364.7
2024-04-02 16:00:00,6.56,6.7,6.5,6.642,539265.7
2024-04-02 20:00:00,6.642,6.678,6.58,6.608,352410.5
2024-04-03 00:00:00,6.608,6.716,6.4,6.696,1061623.7
2024-04-03 04:00:00,6.696,6.791,6.62,6.625,1048897.2
2024-04-03 08:00:00,6.625,6.735,6.569,6.58,703607.3
2024-04-03 12:00:00,6.581,6.59,6.33,6.347,1330250.2
2024-04-03 16:00:00,6.346,6.403,6.131,6.156,970713.8
2024-04-03 20:00:00,6.156,6.217,5.959,6.143,1328908.2
2024-04-04 00:00:00,6.142,6.646,6.093,6.467,3361896.4
2024-04-04 04:00:00,6.465,6.684,6.35,6.584,3094244.5
2024-04-04 08:00:00,6.584,6.638,6.468,6.527,2230103.3
2024-04-04 12:00:00,6.528,6.579,6.502,6.551,1136385.2
2024-04-04 16:00:00,6.551,6.568,5.631,5.67,8029439.5
2024-04-04 20:00:00,5.669,5.748,5.524,5.746,2481275.1
2024-04-05 00:00:00,5.746,6.038,5.574,6.024,4845512.1
2024-04-05 04:00:00,6.024,6.111,5.833,5.871,4191431.4
2024-04-05 08:00:00,5.871,5.914,5.717,5.74,2881418.9
2024-04-05 12:00:00,5.74,5.838,5.281,5.36,7200707.7
2024-04-05 16:00:00,5.36,5.395,5.301,5.315,1427551.5
2024-04-05 20:00:00,5.315,5.345,5.23,5.295,1675843.7
2024-04-06 00:00:00,5.295,5.394,5.24,5.38,1266396.1
2024-04-06 04:00:00,5.38,5.394,5.305,5.334,1101477.9
2024-04-06 08:00:00,5.334,5.39,5.32,5.381,1216805.3
2024-04-06 12:00:00,5.38,5.38,5.267,5.307,1453269.7
2024-04-06 16:00:00,5.308,5.425,5.292,5.364,1267472.6
2024-04-06 20:00:00,5.363,5.421,5.355,5.39,735575.2
2024-04-07 00:00:00,5.389,5.465,5.37,5.415,981943.7
2024-04-07 04:00:00,5.416,5.438,5.354,5.391,720402.4
2024-04-07 08:00:00,5.391,5.443,5.377,5.43,685256.6
2024-04-07 12:00:00,5.431,5.458,5.401,5.419,703557.9
2024-04-07 16:00:00,5.42,5.467,5.312,5.346,936933.3
2024-04-07 20:00:00,5.345,5.468,5.337,5.459,782211.8
2024-04-08 00:00:00,5.458,5.479,5.343,5.408,870251.8
2024-04-08 04:00:00,5.407,5.467,5.336,5.459,685173.0
2024-04-08 08:00:00,5.459,5.59,5.451,5.574,1261971.5
2024-04-08 12:00:00,5.575,5.634,5.518,5.602,880847.1
2024-04-08 16:00:00,5.601,5.773,5.595,5.723,820497.5
2024-04-08 20:00:00,5.724,5.8,5.708,5.719,620047.2
2024-04-09 00:00:00,5.72,5.755,5.625,5.652,685739.2
2024-04-09 04:00:00,5.651,5.729,5.502,5.541,1005024.1
2024-04-09 08:00:00,5.54,5.635,5.414,5.632,1103300.0
2024-04-09 12:00:00,5.631,5.666,5.452,5.581,1194653.5
2024-04-09 16:00:00,5.581,5.648,5.514,5.643,683114.9
2024-04-09 20:00:00,5.642,5.666,5.504,5.53,443944.7
2024-04-10 00:00:00,5.53,5.609,5.35,5.488,1086724.4
2024-04-10 04:00:00,5.488,5.554,5.462,5.466,537294.0
2024-04-10 08:00:00,5.466,5.559,5.42,5.464,727578.4
2024-04-10 12:00:00,5.463,5.474,5.076,5.391,1763695.6
2024-04-10 16:00:00,5.39,5.47,5.342,5.408,647802.5
2024-04-10 20:00:00,5.41,5.485,5.363,5.419,408217.9
2024-04-11 00:00:00,5.418,5.467,5.381,5.446,492127.9
2024-04-11 04:00:00,5.445,5.499,5.402,5.474,364009.3
2024-04-11 08:00:00,5.475,5.486,5.252,5.264,898791.5
2024-04-11 12:00:00,5.265,5.329,5.164,5.254,1000432.4
2024-04-11 16:00:00,5.255,5.283,5.179,5.236,416915.2
2024-04-11 20:00:00,5.236,5.258,5.191,5.221,312498.2
2024-04-12 00:00:00,5.221,5.307,5.212,5.286,336124.8
2024-04-12 04:00:00,5.286,5.286,5.212,5.226,299857.1
2024-04-12 08:00:00,5.225,5.245,5.041,5.063,1053157.5
2024-04-12 12:00:00,5.063,5.063,4.737,4.783,2378447.5
2024-04-12 16:00:00,4.783,4.789,3.2,3.885,9525199.5
2024-04-12 20:00:00,3.884,3.97,3.724,3.81,2740847.2
2024-04-13 00:00:00,3.811,3.838,3.628,3.831,2644939.4
2024-04-13 04:00:00,3.831,3.987,3.803,3.916,1514951.3
2024-04-13 08:00:00,3.915,3.951,3.854,3.886,1190376.9
2024-04-13 12:00:00,3.886,3.945,3.799,3.825,1369943.9
2024-04-13 16:00:00,3.826,3.843,2.998,3.186,6273174.5
2024-04-13 20:00:00,3.185,3.25,2.509,3.167,9674710.3
2024-04-14 00:00:00,3.168,3.218,2.993,3.117,3012290.4
2024-04-14 04:00:00,3.118,3.393,3.095,3.388,1834314.7
2024-04-14 08:00:00,3.388,3.415,3.184,3.219,1601834.0
2024-04-14 12:00:00,3.219,3.327,3.19,3.287,2955880.5
2024-04-14 16:00:00,3.288,3.385,3.174,3.272,2767018.4
2024-04-14 20:00:00,3.273,3.485,3.181,3.42,1718581.1
2024-04-15 00:00:00,3.42,3.423,3.298,3.35,1159650.2
2024-04-15 04:00:00,3.35,3.59,3.293,3.539,1328409.6
2024-04-15 08:00:00,3.539,3.657,3.509,3.569,1281363.5
2024-04-15 12:00:00,3.568,3.618,3.404,3.506,1731302.5
2024-04-15 16:00:00,3.506,3.529,3.21,3.381,2302867.0
2024-04-15 20:00:00,3.381,3.401,3.266,3.361,957784.5
2024-04-16 00:00:00,3.361,3.395,3.253,3.288,1176150.6
2024-04-16 04:00:00,3.288,3.456,3.181,3.438,1247128.8
2024-04-16 08:00:00,3.438,3.472,3.316,3.44,2768148.2
2024-04-16 12:00:00,3.439,3.44,3.233,3.256,2059331.9
2024-04-16 16:00:00,3.255,3.428,3.22,3.363,1386179.9
2024-04-16 20:00:00,3.361,3.466,3.359,3.435,618712.5
2024-04-17 00:00:00,3.435,3.446,3.343,3.393,791430.4
2024-04-17 04:00:00,3.392,3.475,3.372,3.458,954570.9
2024-04-17 08:00:00,3.457,3.484,3.336,3.34,961604.1
2024-04-17 12:00:00,3.339,3.424,3.283,3.309,1655343.3
2024-04-17 16:00:00,3.309,3.571,3.26,3.526,1920165.6
2024-04-17 20:00:00,3.526,3.562,3.447,3.5,1035966.7
2024-04-18 00:00:00,3.499,3.584,3.416,3.542,1337261.3
2024-04-18 04:00:00,3.541,3.577,3.414,3.442,1311399.1
2024-04-18 08:00:00,3.442,3.582,3.408,3.543,1076874.9
2024-04-18 12:00:00,3.542,3.692,3.482,3.688,1739084.9
2024-04-18 16:00:00,3.688,3.74,3.59,3.722,1708253.8
2024-04-18 20:00:00,3.723,3.743,3.675,3.694,793698.9
2024-04-19 00:00:00,3.694,3.695,3.431,3.618,1766704.0
2024-04-19 04:00:00,3.617,3.851,3.61,3.781,1413354.5
2024-04-19 08:00:00,3.78,3.871,3.77,3.807,1080707.0
2024-04-19 12:00:00,3.807,3.833,3.723,3.812,1302827.1
2024-04-19 16:00:00,3.811,3.846,3.753,3.808,822069.4
2024-04-19 20:00:00,3.807,3.808,3.661,3.749,950913.5
2024-04-20 00:00:00,3.749,3.831,3.709,3.793,736230.4
2024-04-20 04:00:00,3.793,3.817,3.754,3.763,436635.6
2024-04-20 08:00:00,3.762,3.763,3.691,3.753,587109.0
2024-04-20 12:00:00,3.752,3.91,3.749,3.91,718963.5
2024-04-20 16:00:00,3.909,4.079,3.882,4.033,1036439.4
2024-04-20 20:00:00,4.033,4.132,4.026,4.069,789202.5
2024-04-21 00:00:00,4.068,4.079,3.979,4.045,612831.8
2024-04-21 04:00:00,4.045,4.058,3.998,4.046,458576.3
2024-04-21 08:00:00,4.046,4.068,3.989,4.028,447528.8
2024-04-21 12:00:00,4.03,4.037,3.945,3.99,674616.0
2024-04-21 16:00:00,3.99,3.996,3.884,3.931,653665.6
2024-04-21 20:00:00,3.93,4.034,3.915,4.009,501980.4
2024-04-22 00:00:00,4.008,4.103,3.963,4.086,658363.8
2024-04-22 04:00:00,4.087,4.128,4.014,4.015,620123.6
2024-04-22 08:00:00,4.016,4.096,4.001,4.042,461876.1
2024-04-22 12:00:00,4.041,4.102,3.971,4.032,643967.1
2024-04-22 16:00:00,4.031,4.053,3.976,4.022,391537.2
2024-04-22 20:00:00,4.021,4.074,4.015,4.024,313224.4
2024-04-23 00:00:00,4.024,4.061,3.957,3.974,512351.9
2024-04-23 04:00:00,3.973,4.018,3.907,3.936,675892.5
2024-04-23 08:00:00,3.937,3.973,3.901,3.922,533834.9
2024-04-23 12:00:00,3.922,4.011,3.898,3.928,903994.6
2024-04-23 16:00:00,3.929,3.974,3.912,3.97,488053.7
2024-04-23 20:00:00,3.971,3.978,3.884,3.919,515366.5
2024-04-24 00:00:00,3.919,3.999,3.887,3.953,662700.4
2024-04-24 04:00:00,3.954,4.025,3.945,3.999,562621.9
2024-04-24 08:00:00,3.997,4.063,3.962,4.054,536034.8
2024-04-24 12:00:00,4.053,4.07,3.744,3.752,1990912.2
2024-04-24 16:00:00,3.753,3.797,3.673,3.751,1304891.4
2024-04-24 20:00:00,3.751,3.768,3.645,3.703,826388.6
2024-04-25 00:00:00,3.704,3.726,3.595,3.609,774180.9
2024-04-25 04:00:00,3.61,3.666,3.548,3.613,685034.6
2024-04-25 08:00:00,3.614,3.647,3.552,3.608,822427.1
2024-04-25 12:00:00,3.609,3.761,3.561,3.757,978183.3
2024-04-25 16:00:00,3.757,3.823,3.737,3.793,891005.0
2024-04-25 20:00:00,3.793,3.831,3.734,3.747,464158.7
2024-04-26 00:00:00,3.747,3.763,3.622,3.652,829382.1
2024-04-26 04:00:00,3.652,3.715,3.622,3.658,568356.2
2024-04-26 08:00:00,3.658,3.686,3.628,3.648,494954.6
2024-04-26 12:00:00,3.647,3.739,3.58,3.659,1098195.0
2024-04-26 16:00:00,3.658,3.671,3.628,3.642,496718.0
2024-04-26 20:00:00,3.643,3.686,3.613,3.638,398821.2
2024-04-27 00:00:00,3.639,3.663,3.463,3.603,1207619.1
2024-04-27 04:00:00,3.602,3.649,3.586,3.593,430067.4
2024-04-27 08:00:00,3.594,3.653,3.56,3.602,613189.0
2024-04-27 12:00:00,3.601,3.656,3.591,3.603,530956.2
2024-04-27 16:00:00,3.603,3.739,3.581,3.681,751837.3
2024-04-27 20:00:00,3.681,3.697,3.654,3.687,311689.3
2024-04-28 00:00:00,3.687,3.84,3.675,3.808,783529.8
2024-04-28 04:00:00,3.807,3.812,3.755,3.784,395407.7
2024-04-28 08:00:00,3.784,3.792,3.687,3.693,466232.1
2024-04-28 12:00:00,3.692,3.751,3.687,3.723,402736.0
2024-04-28 16:00:00,3.722,3.824,3.714,3.778,975967.9
2024-04-28 20:00:00,3.779,3.783,3.65,3.67,635142.6
2024-04-29 00:00:00,3.67,3.715,3.596,3.606,715060.7
2024-04-29 04:00:00,3.606,3.686,3.564,3.597,742396.0
2024-04-29 08:00:00,3.596,3.616,3.544,3.587,642234.0
2024-04-29 12:00:00,3.586,3.632,3.546,3.618,724623.9
2024-04-29 16:00:00,3.618,3.622,3.572,3.616,450506.6
2024-04-29 20:00:00,3.615,3.695,3.568,3.661,533884.5
2024-04-30 00:00:00,3.662,3.728,3.603,3.663,647130.0
2024-04-30 04:00:00,3.663,3.668,3.611,3.617,379651.1
2024-04-30 08:00:00,3.616,3.626,3.372,3.382,1174610.9
2024-04-30 12:00:00,3.382,3.4,3.291,3.355,1279848.6
2024-04-30 16:00:00,3.355,3.399,3.269,3.346,1184029.1
2024-04-30 20:00:00,3.349,3.528,3.348,3.487,890889.7
2024-05-01 00:00:00,3.486,3.553,3.453,3.54,745785.7
2024-05-01 04:00:00,3.541,3.554,3.323,3.346,1404837.7
2024-05-01 08:00:00,3.346,3.408,3.247,3.407,1194734.4
2024-05-01 12:00:00,3.407,3.443,3.369,3.409,845948.1
2024-05-01 16:00:00,3.409,3.567,3.357,3.479,1805255.4
2024-05-01 20:00:00,3.479,3.646,3.466,3.616,702583.0
2024-05-02 00:00:00,3.616,3.638,3.495,3.534,818689.3
2024-05-02 04:00:00,3.534,3.565,3.497,3.519,460824.8
2024-05-02 08:00:00,3.52,3.623,3.511,3.601,639467.3
2024-05-02 12:00:00,3.601,3.674,3.536,3.65,787550.3
2024-05-02 16:00:00,3.649,4.024,3.616,3.819,4563504.8
2024-05-02 20:00:00,3.821,3.854,3.653,3.663,1985669.9
2024-05-03 00:00:00,3.662,3.801,3.652,3.778,980037.1
2024-05-03 04:00:00,3.778,3.818,3.7,3.705,1028299.8
2024-05-03 08:00:00,3.704,3.796,3.683,3.717,1206875.9
2024-05-03 12:00:00,3.717,3.834,3.704,3.828,1135946.4
2024-05-03 16:00:00,3.83,3.915,3.82,3.89,946901.3
2024-05-03 20:00:00,3.89,3.94,3.874,3.902,648549.2
2024-05-04 00:00:00,3.901,3.915,3.813,3.847,696016.3
2024-05-04 04:00:00,3.847,3.88,3.824,3.847,382987.1
2024-05-04 08:00:00,3.846,3.918,3.846,3.878,560034.0
2024-05-04 12:00:00,3.877,3.904,3.836,3.872,531190.7
2024-05-04 16:00:00,3.873,3.912,3.853,3.901,355884.7
2024-05-04 20:00:00,3.901,3.911,3.821,3.838,412530.7
2024-05-05 00:00:00,3.839,3.849,3.719,3.762,778289.7
2024-05-05 04:00:00,3.761,3.789,3.73,3.78,355009.8
2024-05-05 08:00:00,3.78,3.808,3.763,3.786,296911.6
2024-05-05 12:00:00,3.786,3.942,3.743,3.928,684099.3
2024-05-05 16:00:00,3.927,3.996,3.868,3.88,949187.7
2024-05-05 20:00:00,3.881,3.911,3.843,3.909,391358.2
2024-05-06 00:00:00,3.908,3.955,3.852,3.877,441069.3
2024-05-06 04:00:00,3.876,3.937,3.853,3.931,440713.3
2024-05-06 08:00:00,3.93,4.018,3.893,3.952,939730.9
2024-05-06 12:00:00,3.952,3.96,3.788,3.87,1004992.2
2024-05-06 16:00:00,3.869,3.894,3.769,3.812,802774.0
2024-05-06 20:00:00,3.812,3.832,3.769,3.776,344162.7
2024-05-07 00:00:00,3.776,3.84,3.735,3.797,1288026.8
2024-05-07 04:00:00,3.796,3.81,3.77,3.799,1021090.6
2024-05-07 08:00:00,3.799,3.864,3.765,3.771,858023.9
2024-05-07 12:00:00,3.77,3.864,3.743,3.844,628551.1
2024-05-07 16:00:00,3.844,3.874,3.759,3.772,587025.4
2024-05-07 20:00:00,3.771,3.79,3.643,3.647,736013.4
2024-05-08 00:00:00,3.647,3.67,3.549,3.617,837097.4
2024-05-08 04:00:00,3.617,3.625,3.558,3.587,611876.2
2024-05-08 08:00:00,3.587,3.673,3.572,3.62,633164.8
2024-05-08 12:00:00,3.621,3.783,3.604,3.717,947795.6
2024-05-08 16:00:00,3.717,3.899,3.679,3.83,1647245.5
2024-05-08 20:00:00,3.828,3.896,3.694,3.835,2584123.8
2024-05-09 00:00:00,3.835,4.316,3.577,3.881,13505394.9
2024-05-09 04:00:00,3.881,3.939,3.702,3.792,3637324.3
2024-05-09 08:00:00,3.792,3.83,3.636,3.706,1872238.7
2024-05-09 12:00:00,3.705,3.848,3.683,3.814,2087724.4
2024-05-09 16:00:00,3.814,3.836,3.734,3.763,1244444.9
2024-05-09 20:00:00,3.762,3.806,3.732,3.762,802797.3
2024-05-10 00:00:00,3.761,3.768,3.709,3.726,1047830.8
2024-05-10 04:00:00,3.727,3.786,3.726,3.761,918705.8
2024-05-10 08:00:00,3.761,3.803,3.752,3.782,744967.5
2024-05-10 12:00:00,3.78,3.794,3.609,3.645,1897149.3
2024-05-10 16:00:00,3.645,3.651,3.552,3.567,1400678.9
2024-05-10 20:00:00,3.567,3.604,3.516,3.594,746567.7
2024-05-11 00:00:00,3.594,3.705,3.582,3.686,770472.2
2024-05-11 04:00:00,3.687,3.694,3.637,3.662,416619.4
2024-05-11 08:00:00,3.662,3.671,3.579,3.615,406722.2
2024-05-11 12:00:00,3.616,3.682,3.604,3.655,426859.5
2024-05-11 16:00:00,3.654,3.666,3.621,3.635,336228.7
2024-05-11 20:00:00,3.636,3.636,3.559,3.58,393441.5
2024-05-12 00:00:00,3.58,3.595,3.55,3.579,394030.4
2024-05-12 04:00:00,3.578,3.603,3.548,3.558,282884.9
2024-05-12 08:00:00,3.558,3.615,3.543,3.59,364267.4
2024-05-12 12:00:00,3.591,3.677,3.584,3.649,567018.3
2024-05-12 16:00:00,3.649,3.678,3.585,3.604,437157.0
2024-05-12 20:00:00,3.604,3.607,3.512,3.554,733651.3
2024-05-13 00:00:00,3.554,3.585,3.304,3.372,2041599.2
2024-05-13 04:00:00,3.372,3.497,3.333,3.486,761175.1
2024-05-13 08:00:00,3.486,3.627,3.486,3.564,1061282.4
2024-05-13 12:00:00,3.563,3.578,3.501,3.532,869917.7
2024-05-13 16:00:00,3.532,3.584,3.454,3.484,772785.5
2024-05-13 20:00:00,3.485,3.511,3.461,3.49,304190.8
2024-05-14 00:00:00,3.49,3.513,3.421,3.442,585844.9
2024-05-14 04:00:00,3.442,3.505,3.369,3.46,734870.5
2024-05-14 08:00:00,3.46,3.469,3.426,3.461,339634.2
2024-05-14 12:00:00,3.461,3.495,3.387,3.434,706675.1
2024-05-14 16:00:00,3.433,3.439,3.352,3.409,400846.1
2024-05-14 20:00:00,3.41,3.413,3.36,3.378,222186.8
2024-05-15 00:00:00,3.378,3.456,3.348,3.444,402363.8
2024-05-15 04:00:00,3.444,3.446,3.411,3.433,360426.1
2024-05-15 08:00:00,3.433,3.48,3.376,3.417,632700.0
2024-05-15 12:00:00,3.416,3.623,3.391,3.589,1190370.0
2024-05-15 16:00:00,3.59,3.643,3.566,3.639,447289.7
2024-05-15 20:00:00,3.639,3.65,3.592,3.61,300327.6
2024-05-16 00:00:00,3.61,3.659,3.6,3.644,556973.4
2024-05-16 04:00:00,3.645,3.676,3.621,3.673,253270.1
2024-05-16 08:00:00,3.673,3.692,3.622,3.645,423980.9
2024-05-16 12:00:00,3.645,3.645,3.485,3.575,1147092.0
2024-05-16 16:00:00,3.573,3.632,3.548,3.61,445279.5
2024-05-16 20:00:00,3.609,3.642,3.584,3.634,224704.9
2024-05-17 00:00:00,3.634,3.66,3.595,3.635,314575.8
2024-05-17 04:00:00,3.635,3.727,3.602,3.711,314240.4
2024-05-17 08:00:00,3.712,3.748,3.668,3.685,484232.2
2024-05-17 12:00:00,3.686,3.785,3.674,3.776,534050.5
2024-05-17 16:00:00,3.775,3.823,3.728,3.775,614880.8
2024-05-17 20:00:00,3.774,3.789,3.757,3.762,203846.3
2024-05-18 00:00:00,3.762,3.799,3.745,3.794,209374.6
2024-05-18 04:00:00,3.793,3.798,3.764,3.772,188535.8
2024-05-18 08:00:00,3.772,3.799,3.759,3.764,219957.2
2024-05-18 12:00:00,3.764,3.77,3.672,3.73,437480.6
2024-05-18 16:00:00,3.73,4.071,3.721,3.828,9343327.9
2024-05-18 20:00:00,3.827,3.999,3.815,3.956,1842774.7
2024-05-19 00:00:00,3.956,4.242,3.886,4.092,4625133.3
2024-05-19 04:00:00,4.092,4.158,3.956,4.146,4663123.7
2024-05-19 08:00:00,4.147,4.213,4.017,4.042,4555147.6
2024-05-19 12:00:00,4.042,4.042,3.866,3.953,4062663.2
2024-05-19 16:00:00,3.952,4.088,3.913,4.042,3601648.8
2024-05-19 20:00:00,4.042,4.366,4.025,4.338,7553847.4
2024-05-20 00:00:00,4.338,4.849,4.278,4.294,26859744.4
2024-05-20 04:00:00,4.293,4.828,4.221,4.778,19253743.1
2024-05-20 08:00:00,4.778,5.188,4.485,5.096,36279070.5
2024-05-20 12:00:00,5.096,5.268,4.861,5.201,39670075.3
2024-05-20 16:00:00,5.202,5.386,5.031,5.282,25347709.4
2024-05-20 20:00:00,5.282,5.412,4.965,5.104,17991828.2
2024-05-21 00:00:00,5.104,5.267,4.98,5.008,6657746.9
2024-05-21 04:00:00,5.009,5.209,4.97,5.185,5730455.8
2024-05-21 08:00:00,5.184,5.27,4.851,4.977,8063675.2
2024-05-21 12:00:00,4.977,5.039,4.865,4.959,5142534.9
2024-05-21 16:00:00,4.96,5.193,4.862,4.88,6006964.3
2024-05-21 20:00:00,4.88,4.993,4.872,4.909,2678618.2
2024-05-22 00:00:00,4.91,4.925,4.778,4.817,2905246.5
2024-05-22 04:00:00,4.817,4.912,4.783,4.869,2779382.5
2024-05-22 08:00:00,4.868,4.945,4.788,4.883,2439121.1
2024-05-22 12:00:00,4.883,4.968,4.72,4.94,5113701.0
2024-05-22 16:00:00,4.94,4.961,4.826,4.936,2192135.6
2024-05-22 20:00:00,4.936,5.19,4.916,5.096,4082647.1
2024-05-23 00:00:00,5.095,5.644,5.03,5.337,9670268.1
2024-05-23 04:00:00,5.337,5.689,5.242,5.549,6967787.8
2024-05-23 08:00:00,5.548,5.75,5.528,5.618,7622438.3
2024-05-23 12:00:00,5.617,5.887,5.16,5.773,11471931.7
2024-05-23 16:00:00,5.772,5.859,5.462,5.498,5465887.1
2024-05-23 20:00:00,5.499,5.7,5.243,5.447,5018834.8
2024-05-24 00:00:00,5.447,5.541,5.181,5.186,4298888.8
2024-05-24 04:00:00,5.187,5.305,5.11,5.213,3543311.4
2024-05-24 08:00:00,5.212,5.39,5.2,5.319,2964312.8
2024-05-24 12:00:00,5.319,5.45,5.288,5.309,2626840.5
2024-05-24 16:00:00,5.309,5.496,5.165,5.337,3238769.8
2024-05-24 20:00:00,5.336,5.376,5.275,5.345,1263465.0
2024-05-25 00:00:00,5.344,5.415,5.179,5.233,2231440.9
2024-05-25 04:00:00,5.232,5.326,5.171,5.262,2126385.5
2024-05-25 08:00:00,5.262,5.304,5.169,5.234,1546427.2
2024-05-25 12:00:00,5.234,5.279,5.123,5.249,1900630.4
2024-05-25 16:00:00,5.25,5.272,5.203,5.235,994598.4
2024-05-25 20:00:00,5.236,5.251,5.176,5.193,651467.7
2024-05-26 00:00:00,5.192,5.242,5.074,5.196,1814464.6
2024-05-26 04:00:00,5.196,5.299,5.102,5.118,1634279.4
2024-05-26 08:00:00,5.118,5.172,5.044,5.141,1350096.3
2024-05-26 12:00:00,5.141,5.145,5.03,5.063,1332151.8
2024-05-26 16:00:00,5.063,5.077,5.008,5.054,777022.0
2024-05-26 20:00:00,5.054,5.161,5.042,5.114,770608.6
2024-05-27 00:00:00,5.115,5.241,5.092,5.228,1123528.7
2024-05-27 04:00:00,5.228,5.321,5.132,5.153,1665255.6
2024-05-27 08:00:00,5.153,5.247,5.135,5.219,975904.4
2024-05-27 12:00:00,5.218,5.269,5.143,5.229,1108213.4
2024-05-27 16:00:00,5.228,5.234,4.924,4.968,2689536.3
2024-05-27 20:00:00,4.966,5.045,4.95,4.995,756823.6
2024-05-28 00:00:00,4.994,5.037,4.818,4.937,2184149.0
2024-05-28 04:00:00,4.938,4.94,4.788,4.84,1250283.8
2024-05-28 08:00:00,4.839,4.932,4.809,4.918,1620530.7
2024-05-28 12:00:00,4.917,4.949,4.843,4.904,1315530.1
2024-05-28 16:00:00,4.904,4.916,4.812,4.898,710275.4
2024-05-28 20:00:00,4.898,4.911,4.819,4.84,497886.0
2024-05-29 00:00:00,4.84,4.861,4.708,4.849,1062900.1
2024-05-29 04:00:00,4.849,4.909,4.808,4.848,734025.9
2024-05-29 08:00:00,4.849,4.916,4.766,4.838,1207640.0
2024-05-29 12:00:00,4.839,4.905,4.795,4.848,1028595.3
2024-05-29 16:00:00,4.848,4.903,4.792,4.834,672787.5
2024-05-29 20:00:00,4.833,5.002,4.763,4.893,1909233.7
2024-05-30 00:00:00,4.892,5.122,4.869,5.045,1560262.0
2024-05-30 04:00:00,5.044,5.055,4.592,4.611,2246831.2
2024-05-30 08:00:00,4.611,4.756,4.554,4.724,1852757.1
2024-05-30 12:00:00,4.724,4.798,4.651,4.699,1242910.6
2024-05-30 16:00:00,4.7,4.731,4.613,4.646,914073.9
2024-05-30 20:00:00,4.646,4.646,4.576,4.625,632487.0
2024-05-31 00:00:00,4.624,4.638,4.564,4.601,848577.2
2024-05-31 04:00:00,4.601,4.626,4.52,4.598,671100.5
2024-05-31 08:00:00,4.598,4.662,4.557,4.625,674920.3
2024-05-31 12:00:00,4.625,4.864,4.62,4.758,2167420.9
2024-05-31 16:00:00,4.759,4.835,4.682,4.824,1310469.6
2024-05-31 20:00:00,4.824,4.896,4.77,4.773,669531.8
2024-06-01 00:00:00,4.774,4.791,4.709,4.77,509456.9
2024-06-01 04:00:00,4.769,4.804,4.718,4.751,416312.7
2024-06-01 08:00:00,4.752,4.798,4.731,4.782,555602.9
2024-06-01 12:00:00,4.782,4.86,4.767,4.795,509493.7
2024-06-01 16:00:00,4.796,4.808,4.724,4.738,475712.4
2024-06-01 20:00:00,4.737,4.752,4.594,4.622,1466104.3
2024-06-02 00:00:00,4.621,4.688,4.609,4.678,645854.8
2024-06-02 04:00:00,4.678,4.697,4.564,4.581,607164.7
2024-06-02 08:00:00,4.583,4.641,4.552,4.629,637666.4
2024-06-02 12:00:00,4.629,4.642,4.586,4.605,535489.8
2024-06-02 16:00:00,4.605,4.621,4.202,4.321,3679160.5
2024-06-02 20:00:00,4.321,4.341,4.261,4.298,1060506.4
2024-06-03 00:00:00,4.298,4.482,4.283,4.451,1574906.5
2024-06-03 04:00:00,4.451,4.507,4.414,4.453,1004005.8
2024-06-03 08:00:00,4.453,4.478,4.389,4.405,508364.5
2024-06-03 12:00:00,4.406,4.447,4.303,4.357,890838.9
2024-06-03 16:00:00,4.358,4.379,4.324,4.359,564287.6
2024-06-03 20:00:00,4.36,4.369,4.311,4.343,421107.9
2024-06-04 00:00:00,4.343,4.417,4.321,4.385,733349.3
2024-06-04 04:00:00,4.384,4.439,4.36,4.428,558604.9
2024-06-04 08:00:00,4.428,4.504,4.379,4.42,2036257.3
2024-06-04 12:00:00,4.419,4.454,4.367,4.434,999399.4
2024-06-04 16:00:00,4.433,4.495,4.411,4.476,434379.2
2024-06-04 20:00:00,4.477,4.484,4.43,4.467,310296.6
2024-06-05 00:00:00,4.467,4.639,4.452,4.616,1620848.3
2024-06-05 04:00:00,4.615,4.693,4.554,4.577,2020828.0
2024-06-05 08:00:00,4.577,4.646,4.539,4.624,955780.6
2024-06-05 12:00:00,4.625,4.656,4.575,4.625,783697.4
2024-06-05 16:00:00,4.626,4.65,4.603,4.638,570575.0
2024-06-05 20:00:00,4.638,4.642,4.572,4.604,355765.7
2024-06-06 00:00:00,4.605,4.634,4.56,4.564,416877.7
2024-06-06 04:00:00,4.565,4.579,4.516,4.569,429884.9
2024-06-06 08:00:00,4.569,4.588,4.535,4.573,264010.8
2024-06-06 12:00:00,4.574,4.595,4.554,4.557,353020.8
2024-06-06 16:00:00,4.557,4.597,4.531,4.539,443469.8
2024-06-06 20:00:00,4.539,4.579,4.484,4.563,402318.4
2024-06-07 00:00:00,4.563,4.566,4.46,4.476,339693.7
2024-06-07 04:00:00,4.476,4.512,4.464,4.474,232998.2
2024-06-07 08:00:00,4.474,4.505,4.419,4.477,355408.3
2024-06-07 12:00:00,4.477,4.543,4.333,4.51,1018806.9
2024-06-07 16:00:00,4.51,4.512,3.573,3.91,4246295.7
2024-06-07 20:00:00,3.91,4.015,3.889,3.995,905723.1
2024-06-08 00:00:00,3.995,4.123,3.963,4.058,745949.6
2024-06-08 04:00:00,4.058,4.066,3.993,4.042,510545.9
2024-06-08 08:00:00,4.042,4.05,3.89,3.916,506739.0
2024-06-08 12:00:00,3.916,3.966,3.854,3.928,790700.3
2024-06-08 16:00:00,3.927,3.951,3.865,3.888,500558.0
2024-06-08 20:00:00,3.889,3.911,3.85,3.899,300798.7
2024-06-09 00:00:00,3.9,3.956,3.864,3.905,383742.0
2024-06-09 04:00:00,3.905,3.935,3.856,3.917,271628.2
2024-06-09 08:00:00,3.916,3.951,3.903,3.944,217692.7
2024-06-09 12:00:00,3.944,3.997,3.919,3.965,420115.1
2024-06-09 16:00:00,3.964,4.014,3.954,3.981,254123.0
2024-06-09 20:00:00,3.981,3.984,3.944,3.978,213519.5
2024-06-10 00:00:00,3.977,3.983,3.906,3.925,240613.8
2024-06-10 04:00:00,3.925,3.934,3.845,3.862,474583.5
2024-06-10 08:00:00,3.862,4.043,3.862,3.997,823195.5
2024-06-10 12:00:00,3.996,4.055,3.951,4.036,579437.1
2024-06-10 16:00:00,4.036,4.053,3.974,3.981,476758.5
2024-06-10 20:00:00,3.98,3.98,3.855,3.894,577076.8
2024-06-11 00:00:00,3.892,3.941,3.669,3.881,1183974.7
2024-06-11 04:00:00,3.88,3.918,3.778,3.837,657808.7
2024-06-11 08:00:00,3.837,3.905,3.815,3.843,450733.5
2024-06-11 12:00:00,3.843,3.857,3.654,3.739,1125874.4
2024-06-11 16:00:00,3.737,3.789,3.677,3.727,730068.1
2024-06-11 20:00:00,3.726,3.751,3.681,3.693,208314.9
2024-06-12 00:00:00,3.692,3.738,3.604,3.734,549741.9
2024-06-12 04:00:00,3.735,3.742,3.701,3.722,163616.1
2024-06-12 08:00:00,3.723,3.799,3.716,3.76,356366.3
2024-06-12 12:00:00,3.761,3.992,3.759,3.909,910687.5
2024-06-12 16:00:00,3.909,3.95,3.81,3.839,1302995.3
2024-06-12 20:00:00,3.839,3.94,3.819,3.87,493453.0
2024-06-13 00:00:00,3.87,3.906,3.702,3.751,922911.6
2024-06-13 04:00:00,3.75,3.787,3.701,3.727,353708.9
2024-06-13 08:00:00,3.728,3.761,3.681,3.693,445828.4
2024-06-13 12:00:00,3.694,3.8,3.648,3.665,1297769.5
2024-06-13 16:00:00,3.664,3.725,3.64,3.688,326403.0
2024-06-13 20:00:00,3.687,3.703,3.634,3.651,246688.3
2024-06-14 00:00:00,3.651,3.719,3.612,3.703,465965.8
2024-06-14 04:00:00,3.703,3.786,3.691,3.772,306305.5
2024-06-14 08:00:00,3.771,3.829,3.735,3.79,1004484.1
2024-06-14 12:00:00,3.791,3.848,3.69,3.727,959669.3
2024-06-14 16:00:00,3.726,3.732,3.5,3.526,1547943.2
2024-06-14 20:00:00,3.528,3.642,3.525,3.577,642272.6
2024-06-15 00:00:00,3.577,3.616,3.561,3.615,255736.8
2024-06-15 04:00:00,3.616,3.667,3.593,3.645,397649.0
2024-06-15 08:00:00,3.645,3.652,3.608,3.63,327178.1
2024-06-15 12:00:00,3.63,3.699,3.607,3.664,557122.1
2024-06-15 16:00:00,3.665,3.677,3.59,3.607,360101.0
2024-06-15 20:00:00,3.607,3.611,3.561,3.605,274061.0
2024-06-16 00:00:00,3.604,3.607,3.515,3.535,339594.0
2024-06-16 04:00:00,3.534,3.596,3.504,3.587,337907.2
2024-06-16 08:00:00,3.588,3.628,3.555,3.589,341848.9
2024-06-16 12:00:00,3.589,3.632,3.587,3.625,235590.3
2024-06-16 16:00:00,3.625,3.639,3.588,3.606,171866.1
2024-06-16 20:00:00,3.606,3.742,3.592,3.693,1010167.5
2024-06-17 00:00:00,3.694,4.165,3.685,3.979,9770638.7
2024-06-17 04:00:00,3.98,4.089,3.75,4.052,8771296.0
2024-06-17 08:00:00,4.052,4.159,3.85,4.119,13104287.3
2024-06-17 12:00:00,4.118,4.3,4.034,4.131,12996652.4
2024-06-17 16:00:00,4.131,4.394,4.0,4.317,11650831.4
2024-06-17 20:00:00,4.317,4.367,4.209,4.248,6358625.1
2024-06-18 00:00:00,4.248,4.334,3.9,4.047,13815547.4
2024-06-18 04:00:00,4.047,4.3,4.0,4.244,10012305.8
2024-06-18 08:00:00,4.245,4.36,4.165,4.333,11986443.5
2024-06-18 12:00:00,4.333,4.579,4.237,4.538,21237733.5
2024-06-18 16:00:00,4.539,4.548,4.057,4.176,13640786.7
2024-06-18 20:00:00,4.177,4.478,4.153,4.202,6421941.7
2024-06-19 00:00:00,4.202,4.309,4.005,4.274,7149089.7
2024-06-19 04:00:00,4.274,4.455,4.253,4.419,4755224.7
2024-06-19 08:00:00,4.42,4.426,4.162,4.19,4387258.6
2024-06-19 12:00:00,4.189,4.439,4.16,4.405,4024004.1
2024-06-19 16:00:00,4.404,4.54,4.365,4.467,4057837.5
2024-06-19 20:00:00,4.468,4.579,4.41,4.455,2680680.2
2024-06-20 00:00:00,4.455,4.75,4.344,4.741,5582014.6
2024-06-20 04:00:00,4.741,4.83,4.646,4.75,6090479.6
2024-06-20 08:00:00,4.751,4.796,4.42,4.471,7375607.3
2024-06-20 12:00:00,4.472,4.528,4.352,4.485,3264361.2
2024-06-20 16:00:00,4.485,4.629,4.438,4.61,2053530.1
2024-06-20 20:00:00,4.611,4.708,4.563,4.668,1503179.2
2024-06-21 00:00:00,4.669,4.75,4.453,4.526,3953165.0
2024-06-21 04:00:00,4.527,4.685,4.522,4.653,2334475.9
2024-06-21 08:00:00,4.654,4.662,4.164,4.224,5152000.2
2024-06-21 12:00:00,4.224,4.251,4.039,4.185,3663805.2
2024-06-21 16:00:00,4.185,4.32,4.165,4.309,2672433.5
2024-06-21 20:00:00,4.308,4.661,4.305,4.411,4229991.5
2024-06-22 00:00:00,4.411,4.561,4.337,4.524,4135002.7
2024-06-22 04:00:00,4.523,4.607,4.308,4.32,3227849.6
2024-06-22 08:00:00,4.321,4.321,4.077,4.224,4516522.3
2024-06-22 12:00:00,4.224,4.251,4.082,4.129,1822402.0
2024-06-22 16:00:00,4.129,4.15,4.019,4.112,2341855.5
2024-06-22 20:00:00,4.112,4.237,4.1,4.176,1783888.0
2024-06-23 00:00:00,4.176,4.917,4.174,4.663,12151197.8
2024-06-23 04:00:00,4.662,4.863,4.656,4.829,3461286.8
2024-06-23 08:00:00,4.828,4.884,4.636,4.841,6586318.6
2024-06-23 12:00:00,4.841,4.859,4.674,4.701,6304814.7
2024-06-23 16:00:00,4.7,4.743,4.611,4.707,6489370.5
2024-06-23 20:00:00,4.707,4.709,4.593,4.672,3838349.4
2024-06-24 00:00:00,4.673,4.773,4.573,4.653,5045363.8
2024-06-24 04:00:00,4.653,4.723,4.549,4.674,4180216.3
2024-06-24 08:00:00,4.673,4.797,4.5,4.713,6754838.6
2024-06-24 12:00:00,4.713,4.985,4.206,4.362,14849481.5
2024-06-24 16:00:00,4.362,4.713,4.319,4.632,6457696.2
2024-06-24 20:00:00,4.633,5.176,4.579,5.065,4755023.4
2024-06-25 00:00:00,5.066,5.188,4.962,5.137,3409343.4
2024-06-25 04:00:00,5.137,5.237,4.985,5.013,4352782.4
2024-06-25 08:00:00,5.012,5.052,4.742,4.833,4094079.9
2024-06-25 12:00:00,4.833,4.88,4.738,4.76,2423053.5
2024-06-25 16:00:00,4.761,4.828,4.747,4.764,1589385.0
2024-06-25 20:00:00,4.764,5.083,4.736,4.922,3832556.5
2024-06-26 00:00:00,4.922,5.08,4.824,5.038,3180726.8
2024-06-26 04:00:00,5.039,5.054,4.851,5.017,2772552.3
2024-06-26 08:00:00,5.017,5.029,4.921,4.955,1917711.2
2024-06-26 12:00:00,4.955,5.046,4.929,4.96,1931880.8
2024-06-26 16:00:00,4.959,4.984,4.871,4.923,1421335.1
2024-06-26 20:00:00,4.922,5.006,4.883,4.929,1300893.2
2024-06-27 00:00:00,4.928,4.959,4.875,4.945,1353821.6
2024-06-27 04:00:00,4.946,4.961,4.883,4.935,1134256.9
2024-06-27 08:00:00,4.934,4.964,4.795,4.943,1995629.7
2024-06-27 12:00:00,4.943,5.595,4.909,5.187,10288869.2
2024-06-27 16:00:00,5.187,5.282,5.125,5.207,1814582.9
2024-06-27 20:00:00,5.208,5.282,4.968,4.997,1806921.4
2024-06-28 00:00:00,4.997,5.023,4.752,4.759,2688696.0
2024-06-28 04:00:00,4.758,4.806,4.643,4.691,2187048.9
2024-06-28 08:00:00,4.69,4.786,4.623,4.652,2392578.6
2024-06-28 12:00:00,4.652,4.653,4.501,4.524,3053898.5
2024-06-28 16:00:00,4.525,4.633,4.518,4.574,2439781.0
2024-06-28 20:00:00,4.574,4.612,4.513,4.531,1645362.9
2024-06-29 00:00:00,4.531,4.648,4.53,4.568,1465140.9
2024-06-29 04:00:00,4.567,4.66,4.541,4.643,1166075.8
2024-06-29 08:00:00,4.642,4.689,4.606,4.682,1021801.8
2024-06-29 12:00:00,4.682,4.747,4.653,4.675,1441064.2
2024-06-29 16:00:00,4.675,4.708,4.565,4.589,1009336.2
2024-06-29 20:00:00,4.589,4.603,4.375,4.378,1312380.6
2024-06-30 00:00:00,4.379,4.41,4.237,4.26,1709080.9
2024-06-30 04:00:00,4.26,4.342,4.228,4.289,1769914.7
2024-06-30 08:00:00,4.289,4.713,4.274,4.704,4186130.5
2024-06-30 12:00:00,4.705,5.078,4.674,5.014,9192100.3
2024-06-30 16:00:00,5.013,5.098,4.982,5.029,3058189.8
2024-06-30 20:00:00,5.029,5.194,5.009,5.136,2279401.6
2024-07-01 00:00:00,5.135,5.153,4.935,5.041,2968687.4
2024-07-01 04:00:00,5.04,5.093,4.855,4.93,2880224.2
2024-07-01 08:00:00,4.931,5.036,4.813,4.949,3063690.7
2024-07-01 12:00:00,4.95,5.008,4.882,4.999,1485455.3
2024-07-01 16:00:00,4.998,5.04,4.952,5.012,1028201.0
2024-07-01 20:00:00,5.012,5.03,4.959,4.991,715189.2
2024-07-02 00:00:00,4.99,5.022,4.92,4.98,1195720.9
2024-07-02 04:00:00,4.98,5.049,4.931,4.942,990170.3
2024-07-02 08:00:00,4.943,5.021,4.936,4.942,1038555.6
2024-07-02 12:00:00,4.942,4.956,4.765,4.805,1950689.9
2024-07-02 16:00:00,4.804,4.86,4.784,4.852,729333.8
2024-07-02 20:00:00,4.852,4.853,4.809,4.83,333434.7
2024-07-03 00:00:00,4.832,4.887,4.746,4.799,1053508.9
2024-07-03 04:00:00,4.799,4.88,4.775,4.874,662790.3
2024-07-03 08:00:00,4.873,4.939,4.752,4.83,1200430.4
2024-07-03 12:00:00,4.829,4.895,4.755,4.841,904442.6
2024-07-03 16:00:00,4.841,4.891,4.695,4.775,963367.9
2024-07-03 20:00:00,4.775,4.815,4.726,4.747,632233.3
2024-07-04 00:00:00,4.746,4.769,4.501,4.661,1881792.5
2024-07-04 04:00:00,4.66,4.718,4.562,4.601,645596.2
2024-07-04 08:00:00,4.6,4.677,4.535,4.618,812961.5
2024-07-04 12:00:00,4.619,4.633,4.436,4.546,1437960.7
2024-07-04 16:00:00,4.546,4.634,4.402,4.409,1225678.3
2024-07-04 20:00:00,4.409,4.449,4.031,4.052,2607777.9
2024-07-05 00:00:00,4.052,4.067,3.498,3.697,5385476.6
2024-07-05 04:00:00,3.696,3.834,3.559,3.792,1688880.2
2024-07-05 08:00:00,3.791,4.186,3.639,4.047,5677450.9
2024-07-05 12:00:00,4.046,4.339,4.023,4.27,2995078.6
2024-07-05 16:00:00,4.27,4.35,4.144,4.173,1233985.0
2024-07-05 20:00:00,4.173,4.23,4.12,4.159,794696.1
2024-07-06 00:00:00,4.159,4.415,4.108,4.409,2852236.2
2024-07-06 04:00:00,4.408,4.809,4.319,4.688,7768328.5
2024-07-06 08:00:00,4.687,4.792,4.566,4.735,5336844.3
2024-07-06 12:00:00,4.737,4.785,4.576,4.755,2587132.7
2024-07-06 16:00:00,4.756,4.858,4.692,4.771,1735869.5
2024-07-06 20:00:00,4.771,4.911,4.69,4.705,1615546.8
2024-07-07 00:00:00,4.704,4.791,4.646,4.688,1897536.8
2024-07-07 04:00:00,4.687,4.706,4.57,4.582,2738546.1
2024-07-07 08:00:00,4.583,4.617,4.474,4.505,1239573.2
2024-07-07 12:00:00,4.505,4.52,4.255,4.274,2141454.5
2024-07-07 16:00:00,4.274,4.327,4.235,4.239,1228640.0
2024-07-07 20:00:00,4.238,4.274,4.084,4.121,1741782.1
2024-07-08 00:00:00,4.123,4.173,3.952,4.042,2765152.8
2024-07-08 04:00:00,4.041,4.121,4.003,4.047,2196508.1
2024-07-08 08:00:00,4.047,4.264,4.023,4.164,3403795.6
2024-07-08 12:00:00,4.164,4.233,4.006,4.085,3204115.3
2024-07-08 16:00:00,4.086,4.108,4.011,4.081,1138872.2
2024-07-08 20:00:00,4.082,4.129,3.822,3.833,3101565.7
2024-07-09 00:00:00,3.833,3.93,3.747,3.849,3059757.8
2024-07-09 04:00:00,3.849,3.952,3.83,3.909,1926873.0
2024-07-09 08:00:00,3.909,3.937,3.824,3.866,1395250.5
2024-07-09 12:00:00,3.867,3.929,3.823,3.915,1724138.9
2024-07-09 16:00:00,3.917,3.941,3.809,3.866,2058778.2
2024-07-09 20:00:00,3.868,3.917,3.842,3.905,943307.5
2024-07-10 00:00:00,3.905,3.992,3.874,3.93,1225957.7
2024-07-10 04:00:00,3.931,4.014,3.883,3.915,1344060.2
2024-07-10 08:00:00,3.916,3.92,3.614,3.754,4169782.8
2024-07-10 12:00:00,3.753,3.782,3.696,3.74,2060270.5
2024-07-10 16:00:00,3.74,3.767,3.673,3.702,1978510.2
2024-07-10 20:00:00,3.702,3.749,3.681,3.735,894967.7
2024-07-11 00:00:00,3.736,3.787,3.683,3.714,1415529.4
2024-07-11 04:00:00,3.715,3.744,3.699,3.728,845529.5
2024-07-11 08:00:00,3.729,3.741,3.659,3.709,1142192.0
2024-07-11 12:00:00,3.709,3.776,3.624,3.645,2184632.8
2024-07-11 16:00:00,3.644,3.693,3.6,3.644,926118.6
2024-07-11 20:00:00,3.644,3.648,3.502,3.536,1637375.1
2024-07-12 00:00:00,3.538,3.704,3.535,3.68,1377807.4
2024-07-12 04:00:00,3.679,3.701,3.62,3.64,926295.3
2024-07-12 08:00:00,3.64,3.661,3.588,3.625,723668.1
2024-07-12 12:00:00,3.625,3.721,3.623,3.636,1180035.2
2024-07-12 16:00:00,3.636,3.667,3.61,3.61,670843.3
2024-07-12 20:00:00,3.612,3.663,3.594,3.658,527800.0
2024-07-13 00:00:00,3.658,3.74,3.656,3.72,714016.1
2024-07-13 04:00:00,3.721,3.729,3.671,3.712,455661.0
2024-07-13 08:00:00,3.713,3.753,3.676,3.734,643997.9
2024-07-13 12:00:00,3.733,3.739,3.639,3.697,750036.9
2024-07-13 16:00:00,3.696,3.727,3.65,3.68,521532.2
2024-07-13 20:00:00,3.679,3.77,3.634,3.71,928204.0
2024-07-14 00:00:00,3.71,3.764,3.672,3.705,588795.6
2024-07-14 04:00:00,3.704,3.753,3.691,3.708,511562.8
2024-07-14 08:00:00,3.706,3.748,3.676,3.686,540636.1
2024-07-14 12:00:00,3.686,4.034,3.644,4.007,8404538.7
2024-07-14 16:00:00,4.007,4.036,3.817,3.977,4827667.1
2024-07-14 20:00:00,3.977,4.044,3.952,3.982,1564358.8
2024-07-15 00:00:00,3.982,4.015,3.928,3.974,1321715.4
2024-07-15 04:00:00,3.975,4.05,3.955,4.01,919364.3
2024-07-15 08:00:00,4.011,4.094,3.978,4.073,1538044.6
2024-07-15 12:00:00,4.073,4.097,4.017,4.08,1210441.8
2024-07-15 16:00:00,4.079,4.18,4.057,4.172,1106363.2
2024-07-15 20:00:00,4.173,4.279,3.952,4.113,3628782.4
2024-07-16 00:00:00,4.114,4.141,4.013,4.057,1418459.0
2024-07-16 04:00:00,4.056,4.078,3.84,3.864,2363649.6
2024-07-16 08:00:00,3.866,3.95,3.804,3.935,1568337.0
2024-07-16 12:00:00,3.935,4.077,3.871,4.063,1341611.5
2024-07-16 16:00:00,4.062,4.101,4.021,4.064,1206869.8
2024-07-16 20:00:00,4.063,4.073,4.003,4.017,677484.1
2024-07-17 00:00:00,4.017,4.12,4.005,4.059,580649.6
2024-07-17 04:00:00,4.059,4.103,3.988,4.085,569650.9
2024-07-17 08:00:00,4.086,4.135,4.006,4.062,1040351.1
2024-07-17 12:00:00,4.062,4.13,4.001,4.069,1023883.0
2024-07-17 16:00:00,4.069,4.083,3.951,4.057,921109.9
2024-07-17 20:00:00,4.059,4.071,3.975,3.977,505072.5
2024-07-18 00:00:00,3.979,4.098,3.979,4.094,541901.3
2024-07-18 04:00:00,4.093,4.13,4.042,4.053,624196.7
2024-07-18 08:00:00,4.054,4.079,3.983,4.031,557894.7
2024-07-18 12:00:00,4.031,4.067,3.84,3.858,1131237.2
2024-07-18 16:00:00,3.858,3.9,3.8,3.845,1226763.8
2024-07-18 20:00:00,3.846,3.95,3.821,3.939,466567.7
2024-07-19 00:00:00,3.941,3.984,3.853,3.974,549047.4
2024-07-19 04:00:00,3.975,3.999,3.905,3.928,524815.9
2024-07-19 08:00:00,3.928,3.941,3.875,3.906,441324.4
2024-07-19 12:00:00,3.907,4.02,3.883,3.995,692125.1
2024-07-19 16:00:00,3.995,4.086,3.995,4.071,591146.2
2024-07-19 20:00:00,4.072,4.094,4.061,4.076,307806.2
2024-07-20 00:00:00,4.076,4.081,4.025,4.071,379245.7
2024-07-20 04:00:00,4.071,4.087,4.047,4.073,284463.7
2024-07-20 08:00:00,4.073,4.086,4.0,4.014,492885.3
2024-07-20 12:00:00,4.014,4.083,3.976,4.065,524609.0
2024-07-20 16:00:00,4.065,4.114,4.043,4.093,587069.6
2024-07-20 20:00:00,4.093,4.13,4.074,4.104,346123.2
2024-07-21 00:00:00,4.104,4.117,4.062,4.08,229579.5
2024-07-21 04:00:00,4.079,4.092,3.984,4.028,442382.4
2024-07-21 08:00:00,4.029,4.079,4.024,4.057,268199.6
2024-07-21 12:00:00,4.057,4.071,3.989,4.032,776493.6
2024-07-21 16:00:00,4.033,4.078,3.816,3.972,1428055.2
2024-07-21 20:00:00,3.97,4.11,3.953,4.097,692881.9
2024-07-22 00:00:00,4.097,4.127,4.033,4.043,446867.8
2024-07-22 04:00:00,4.042,4.056,3.92,3.936,580234.1
2024-07-22 08:00:00,3.935,4.008,3.904,4.004,452094.8
2024-07-22 12:00:00,4.003,4.052,3.923,3.955,697567.8
2024-07-22 16:00:00,3.954,4.004,3.939,3.99,394895.4
2024-07-22 20:00:00,3.99,3.999,3.849,3.889,590050.1
2024-07-23 00:00:00,3.889,3.994,3.88,3.929,375743.5
2024-07-23 04:00:00,3.929,3.94,3.809,3.852,558833.5
2024-07-23 08:00:00,3.852,3.979,3.846,3.929,607532.2
2024-07-23 12:00:00,3.93,3.945,3.845,3.886,860787.3
2024-07-23 16:00:00,3.885,3.885,3.735,3.844,1246903.4
2024-07-23 20:00:00,3.844,3.865,3.809,3.851,311374.8
2024-07-24 00:00:00,3.85,3.875,3.803,3.867,307358.9
2024-07-24 04:00:00,3.866,3.898,3.829,3.896,236816.0
2024-07-24 08:00:00,3.895,3.923,3.882,3.89,267439.3
2024-07-24 12:00:00,3.891,3.951,3.866,3.875,393495.6
2024-07-24 16:00:00,3.876,3.933,3.847,3.871,303441.1
2024-07-24 20:00:00,3.872,3.894,3.77,3.817,510410.8
2024-07-25 00:00:00,3.817,3.836,3.602,3.685,1312401.5
2024-07-25 04:00:00,3.685,3.753,3.658,3.735,434100.7
2024-07-25 08:00:00,3.736,3.756,3.695,3.722,306129.1
2024-07-25 12:00:00,3.722,3.778,3.667,3.74,545879.5
2024-07-25 16:00:00,3.74,3.776,3.584,3.635,768446.9
2024-07-25 20:00:00,3.635,3.725,3.54,3.707,770623.2
2024-07-26 00:00:00,3.707,3.806,3.691,3.777,353977.4
2024-07-26 04:00:00,3.778,3.843,3.778,3.795,882958.7
2024-07-26 08:00:00,3.796,3.825,3.768,3.802,437576.8
2024-07-26 12:00:00,3.803,3.866,3.79,3.838,559331.9
2024-07-26 16:00:00,3.837,3.909,3.829,3.891,314093.6
2024-07-26 20:00:00,3.891,3.903,3.869,3.89,260464.2
2024-07-27 00:00:00,3.889,3.922,3.866,3.893,289653.6
2024-07-27 04:00:00,3.893,3.919,3.886,3.908,198406.3
2024-07-27 08:00:00,3.909,3.924,3.882,3.907,200705.8
2024-07-27 12:00:00,3.907,3.969,3.852,3.886,594671.6
2024-07-27 16:00:00,3.887,3.908,3.831,3.895,428494.7
2024-07-27 20:00:00,3.896,3.955,3.815,3.897,568608.3
2024-07-28 00:00:00,3.896,3.92,3.859,3.89,260149.3
2024-07-28 04:00:00,3.891,3.898,3.833,3.882,239802.5
2024-07-28 08:00:00,3.881,3.975,3.871,3.959,506493.8
2024-07-28 12:00:00,3.959,3.961,3.865,3.894,669612.1
2024-07-28 16:00:00,3.895,3.929,3.883,3.891,336917.1
2024-07-28 20:00:00,3.893,3.898,3.826,3.863,290563.5
2024-07-29 00:00:00,3.863,3.97,3.859,3.915,502611.2
2024-07-29 04:00:00,3.915,3.94,3.899,3.923,284670.6
2024-07-29 08:00:00,3.923,3.932,3.894,3.907,213662.0
2024-07-29 12:00:00,3.905,3.949,3.831,3.863,616236.5
2024-07-29 16:00:00,3.861,3.907,3.804,3.901,568944.1
2024-07-29 20:00:00,3.9,3.904,3.854,3.869,209913.2
2024-07-30 00:00:00,3.869,3.917,3.842,3.905,282755.3
2024-07-30 04:00:00,3.904,4.094,3.902,3.973,1803021.7
2024-07-30 08:00:00,3.974,4.009,3.906,3.93,775413.3
2024-07-30 12:00:00,3.929,3.94,3.868,3.921,639251.1
2024-07-30 16:00:00,3.921,3.945,3.811,3.84,697124.1
2024-07-30 20:00:00,3.84,3.895,3.768,3.888,526032.8
2024-07-31 00:00:00,3.887,4.301,3.786,3.793,7322036.0
2024-07-31 04:00:00,3.793,3.854,3.661,3.84,1805166.9
2024-07-31 08:00:00,3.839,3.899,3.795,3.813,823066.0
2024-07-31 12:00:00,3.813,3.98,3.8,3.931,1059462.9
2024-07-31 16:00:00,3.93,3.937,3.83,3.858,1076316.2
2024-07-31 20:00:00,3.859,3.86,3.751,3.766,573901.6
2024-08-01 00:00:00,3.767,3.832,3.746,3.779,693873.8
2024-08-01 04:00:00,3.778,3.782,3.607,3.691,1052730.4
2024-08-01 08:00:00,3.69,3.727,3.67,3.707,471319.4
2024-08-01 12:00:00,3.706,3.748,3.51,3.533,1324187.0
2024-08-01 16:00:00,3.534,3.534,3.137,3.309,5045995.9
2024-08-01 20:00:00,3.308,3.584,3.301,3.554,1836654.7
2024-08-02 00:00:00,3.553,3.604,3.393,3.438,1298993.4
2024-08-02 04:00:00,3.44,3.457,3.334,3.394,1023605.7
2024-08-02 08:00:00,3.393,3.45,3.364,3.427,844170.5
2024-08-02 12:00:00,3.426,3.5,3.248,3.364,2216384.3
2024-08-02 16:00:00,3.364,3.442,3.277,3.334,1681160.0
2024-08-02 20:00:00,3.334,3.362,3.255,3.32,823886.6
2024-08-03 00:00:00,3.321,3.359,3.197,3.351,919995.6
2024-08-03 04:00:00,3.351,3.463,3.317,3.441,951290.7
2024-08-03 08:00:00,3.442,3.486,3.366,3.419,1534801.5
2024-08-03 12:00:00,3.418,3.487,3.322,3.341,1398779.8
2024-08-03 16:00:00,3.34,3.349,3.131,3.149,2166695.4
2024-08-03 20:00:00,3.15,3.29,3.137,3.248,811067.0
2024-08-04 00:00:00,3.248,3.285,3.205,3.242,406227.6
2024-08-04 04:00:00,3.243,3.284,3.222,3.236,365413.0
2024-08-04 08:00:00,3.237,3.279,3.217,3.253,379860.5
2024-08-04 12:00:00,3.253,3.262,3.048,3.067,989917.9
2024-08-04 16:00:00,3.068,3.095,2.721,2.957,3540127.9
2024-08-04 20:00:00,2.956,2.981,2.73,2.755,1526396.5
2024-08-05 00:00:00,2.756,2.806,2.222,2.341,6473467.6
2024-08-05 04:00:00,2.34,2.381,2.032,2.293,9651227.0
2024-08-05 08:00:00,2.294,2.295,2.054,2.132,5527426.7
2024-08-05 12:00:00,2.131,2.497,2.085,2.477,7705584.9
2024-08-05 16:00:00,2.476,2.528,2.291,2.339,3331706.5
2024-08-05 20:00:00,2.339,2.421,2.338,2.352,1572398.3
2024-08-06 00:00:00,2.353,2.633,2.352,2.6,2606595.4
2024-08-06 04:00:00,2.599,2.64,2.557,2.623,1494374.7
2024-08-06 08:00:00,2.623,2.623,2.51,2.559,1824723.6
2024-08-06 12:00:00,2.559,2.719,2.533,2.666,2280248.1
2024-08-06 16:00:00,2.665,2.758,2.651,2.664,1976231.8
2024-08-06 20:00:00,2.664,2.688,2.625,2.643,1137122.8
2024-08-07 00:00:00,2.642,2.759,2.622,2.716,1007234.7
2024-08-07 04:00:00,2.717,2.748,2.699,2.727,549233.5
2024-08-07 08:00:00,2.727,2.769,2.685,2.69,812771.4
2024-08-07 12:00:00,2.691,2.731,2.581,2.635,1284281.2
2024-08-07 16:00:00,2.634,2.649,2.542,2.567,1023491.9
2024-08-07 20:00:00,2.568,2.603,2.5,2.537,902896.8
2024-08-08 00:00:00,2.538,2.735,2.496,2.666,1101378.8
2024-08-08 04:00:00,2.666,2.702,2.655,2.656,403465.4
2024-08-08 08:00:00,2.657,2.694,2.651,2.664,327698.0
2024-08-08 12:00:00,2.664,2.762,2.633,2.755,1150099.7
2024-08-08 16:00:00,2.757,2.8,2.72,2.73,622936.0
2024-08-08 20:00:00,2.73,2.875,2.728,2.857,675620.4
2024-08-09 00:00:00,2.857,2.858,2.786,2.795,494092.1
2024-08-09 04:00:00,2.794,2.796,2.732,2.77,398291.5
2024-08-09 08:00:00,2.771,2.797,2.742,2.759,701223.2
2024-08-09 12:00:00,2.759,2.79,2.692,2.712,931823.2
2024-08-09 16:00:00,2.712,2.764,2.704,2.755,392302.9
2024-08-09 20:00:00,2.755,2.804,2.735,2.802,401667.7
2024-08-10 00:00:00,2.802,2.85,2.761,2.774,425314.0
2024-08-10 04:00:00,2.773,2.791,2.747,2.784,241745.5
2024-08-10 08:00:00,2.785,2.816,2.76,2.812,328443.2
2024-08-10 12:00:00,2.811,2.816,2.765,2.785,376865.4
2024-08-10 16:00:00,2.786,2.829,2.776,2.809,295121.8
2024-08-10 20:00:00,2.81,2.834,2.789,2.795,201055.7
2024-08-11 00:00:00,2.796,2.837,2.786,2.824,265708.7
2024-08-11 04:00:00,2.824,2.889,2.788,2.872,739757.7
2024-08-11 08:00:00,2.874,3.288,2.846,3.207,12437010.8
2024-08-11 12:00:00,3.203,3.235,2.975,2.999,6074372.0
2024-08-11 16:00:00,2.999,3.019,2.869,2.871,2733447.6
2024-08-11 20:00:00,2.871,2.912,2.8,2.827,3321337.9
2024-08-12 00:00:00,2.827,2.905,2.812,2.865,2066964.9
2024-08-12 04:00:00,2.865,2.992,2.844,2.95,3832728.9
2024-08-12 08:00:00,2.95,2.998,2.862,2.979,3310812.5
2024-08-12 12:00:00,2.979,3.031,2.9,3.015,2841611.4
2024-08-12 16:00:00,3.015,3.038,2.93,2.96,1280521.8
2024-08-12 20:00:00,2.96,3.024,2.916,3.015,993903.5
2024-08-13 00:00:00,3.015,3.078,2.937,2.949,1558799.9
2024-08-13 04:00:00,2.95,2.981,2.931,2.953,557692.6
2024-08-13 08:00:00,2.954,2.975,2.922,2.952,460952.0
2024-08-13 12:00:00,2.952,3.013,2.945,2.972,767397.8
2024-08-13 16:00:00,2.971,3.047,2.958,3.044,811653.0
2024-08-13 20:00:00,3.044,3.061,3.018,3.04,411169.8
2024-08-14 00:00:00,3.04,3.055,2.995,3.006,500144.7
2024-08-14 04:00:00,3.006,3.039,2.971,3.035,576406.3
2024-08-14 08:00:00,3.035,3.059,2.942,3.014,1956180.8
2024-08-14 12:00:00,3.016,3.054,2.912,2.983,1141232.1
2024-08-14 16:00:00,2.983,3.004,2.951,2.962,387926.1
2024-08-14 20:00:00,2.96,3.005,2.937,2.991,362390.9
2024-08-15 00:00:00,2.991,3.002,2.946,2.983,300565.8
2024-08-15 04:00:00,2.983,2.99,2.91,2.938,435276.8
2024-08-15 08:00:00,2.939,2.98,2.919,2.97,431879.3
2024-08-15 12:00:00,2.969,3.028,2.962,2.998,670571.5
2024-08-15 16:00:00,2.998,3.023,2.829,2.88,1327588.1
2024-08-15 20:00:00,2.879,2.929,2.861,2.927,617324.7
2024-08-16 00:00:00,2.928,2.968,2.887,2.908,586152.9
2024-08-16 04:00:00,2.908,2.966,2.902,2.961,327375.0
2024-08-16 08:00:00,2.96,2.969,2.911,2.92,283676.6
2024-08-16 12:00:00,2.921,2.937,2.812,2.84,1278862.3
2024-08-16 16:00:00,2.839,2.955,2.838,2.948,805377.2
2024-08-16 20:00:00,2.948,2.963,2.932,2.954,288628.5
2024-08-17 00:00:00,2.953,2.971,2.923,2.946,283098.9
2024-08-17 04:00:00,2.946,2.97,2.94,2.966,173764.5
2024-08-17 08:00:00,2.965,3.049,2.948,3.032,911999.0
2024-08-17 12:00:00,3.032,3.079,2.992,3.04,1006883.2
2024-08-17 16:00:00,3.04,3.093,3.031,3.065,503033.2
2024-08-17 20:00:00,3.066,3.101,3.06,3.081,317519.8
2024-08-18 00:00:00,3.081,3.09,3.052,3.071,338112.9
2024-08-18 04:00:00,3.07,3.087,3.042,3.073,267051.0
2024-08-18 08:00:00,3.072,3.199,3.059,3.154,1234133.6
2024-08-18 12:00:00,3.155,3.47,3.127,3.2,4951138.8
2024-08-18 16:00:00,3.199,3.239,3.156,3.162,1056261.7
2024-08-18 20:00:00,3.162,3.176,3.101,3.108,589938.4
2024-08-19 00:00:00,3.109,3.135,3.08,3.114,619539.6
2024-08-19 04:00:00,3.113,3.138,3.086,3.117,324878.4
2024-08-19 08:00:00,3.117,3.237,3.111,3.221,1509788.1
2024-08-19 12:00:00,3.221,3.223,3.094,3.113,1115003.3
2024-08-19 16:00:00,3.113,3.218,3.101,3.211,618787.0
2024-08-19 20:00:00,3.212,3.224,3.17,3.209,355624.5
2024-08-20 00:00:00,3.208,3.257,2.878,3.0,3083516.5
2024-08-20 04:00:00,3.001,3.096,3.0,3.048,1093677.3
2024-08-20 08:00:00,3.048,3.074,2.986,3.004,799325.8
2024-08-20 12:00:00,3.003,3.017,2.882,2.928,1396567.5
2024-08-20 16:00:00,2.928,2.992,2.917,2.987,757377.7
2024-08-20 20:00:00,2.987,3.013,2.977,2.998,540726.3
2024-08-21 00:00:00,3.002,3.065,2.979,3.053,542469.1
2024-08-21 04:00:00,3.053,3.059,3.029,3.041,310055.5
2024-08-21 08:00:00,3.041,3.052,3.014,3.047,404272.1
2024-08-21 12:00:00,3.046,3.067,2.972,3.064,756682.6
2024-08-21 16:00:00,3.063,3.15,3.052,3.149,578391.1
2024-08-21 20:00:00,3.15,3.252,3.148,3.214,685118.9
2024-08-22 00:00:00,3.215,3.275,3.169,3.191,598366.1
2024-08-22 04:00:00,3.191,3.216,3.177,3.205,224541.6
2024-08-22 08:00:00,3.204,3.236,3.183,3.216,244981.1
2024-08-22 12:00:00,3.216,3.236,3.13,3.177,650840.8
2024-08-22 16:00:00,3.177,3.186,3.147,3.154,239127.1
2024-08-22 20:00:00,3.155,3.184,3.144,3.179,222080.6
2024-08-23 00:00:00,3.181,3.22,3.156,3.17,280973.5
2024-08-23 04:00:00,3.171,3.226,3.138,3.206,838354.8
2024-08-23 08:00:00,3.206,3.344,3.135,3.195,2321186.5
2024-08-23 12:00:00,3.195,3.284,3.191,3.281,894923.8
2024-08-23 16:00:00,3.282,3.407,3.271,3.377,815410.3
2024-08-23 20:00:00,3.378,3.462,3.378,3.425,513441.0
2024-08-24 00:00:00,3.426,3.445,3.376,3.382,337312.0
2024-08-24 04:00:00,3.382,3.394,3.342,3.369,318403.9
2024-08-24 08:00:00,3.368,3.444,3.356,3.381,420225.0
2024-08-24 12:00:00,3.381,3.42,3.37,3.377,278940.6
2024-08-24 16:00:00,3.377,3.517,3.374,3.454,749581.4
2024-08-24 20:00:00,3.455,3.457,3.32,3.4,415954.6
2024-08-25 00:00:00,3.398,3.408,3.241,3.332,489496.6
2024-08-25 04:00:00,3.332,3.358,3.21,3.246,493224.8
2024-08-25 08:00:00,3.245,3.304,3.217,3.284,310123.5
2024-08-25 12:00:00,3.285,3.357,3.279,3.316,332459.8
2024-08-25 16:00:00,3.317,3.336,3.253,3.261,247265.7
2024-08-25 20:00:00,3.26,3.332,3.255,3.268,222942.4
2024-08-26 00:00:00,3.267,3.301,3.2,3.272,260147.3
2024-08-26 04:00:00,3.27,3.274,3.215,3.231,185402.7
2024-08-26 08:00:00,3.231,3.29,3.215,3.25,309346.2
2024-08-26 12:00:00,3.249,3.263,3.18,3.215,464670.0
2024-08-26 16:00:00,3.212,3.227,3.06,3.086,667824.3
2024-08-26 20:00:00,3.086,3.116,3.042,3.06,289631.5
2024-08-27 00:00:00,3.06,3.108,3.059,3.082,181856.7
2024-08-27 04:00:00,3.082,3.14,3.075,3.091,251668.9
2024-08-27 08:00:00,3.091,3.097,2.97,3.002,484777.5
2024-08-27 12:00:00,3.002,3.052,2.975,3.002,621934.4
2024-08-27 16:00:00,3.002,3.027,2.98,2.987,249506.9
2024-08-27 20:00:00,2.987,2.988,2.711,2.749,1818217.2
2024-08-28 00:00:00,2.749,2.767,2.684,2.757,888285.7
2024-08-28 04:00:00,2.756,2.768,2.71,2.715,408795.4
2024-08-28 08:00:00,2.714,2.826,2.684,2.798,709660.3
2024-08-28 12:00:00,2.798,2.824,2.618,2.649,1300265.2
2024-08-28 16:00:00,2.649,2.711,2.556,2.65,1363160.7
2024-08-28 20:00:00,2.65,2.717,2.619,2.653,612806.0
2024-08-29 00:00:00,2.652,2.689,2.649,2.678,308245.2
2024-08-29 04:00:00,2.678,2.728,2.66,2.69,603966.1
2024-08-29 08:00:00,2.689,2.745,2.67,2.715,449397.1
2024-08-29 12:00:00,2.714,2.781,2.705,2.764,682571.6
2024-08-29 16:00:00,2.763,2.78,2.589,2.642,930995.1
2024-08-29 20:00:00,2.642,2.672,2.624,2.665,369345.7
2024-08-30 00:00:00,2.666,2.685,2.617,2.632,307307.3
2024-08-30 04:00:00,2.63,2.684,2.622,2.667,275415.3
2024-08-30 08:00:00,2.667,2.689,2.653,2.657,259574.1
2024-08-30 12:00:00,2.657,2.7,2.533,2.54,1046711.3
2024-08-30 16:00:00,2.54,2.687,2.525,2.65,592742.7
2024-08-30 20:00:00,2.651,2.7,2.65,2.692,246653.3
2024-08-31 00:00:00,2.692,2.715,2.688,2.691,198594.3
2024-08-31 04:00:00,2.691,2.703,2.682,2.687,159709.1
2024-08-31 08:00:00,2.686,2.708,2.663,2.695,312831.6
2024-08-31 12:00:00,2.694,2.708,2.673,2.687,322842.5
2024-08-31 16:00:00,2.686,2.686,2.618,2.645,344206.2
2024-08-31 20:00:00,2.646,2.678,2.636,2.66,149716.7
2024-09-01 00:00:00,2.659,2.676,2.602,2.645,307466.0
2024-09-01 04:00:00,2.646,2.646,2.44,2.491,2659541.0
2024-09-01 08:00:00,2.491,2.505,2.441,2.49,1399018.5
2024-09-01 12:00:00,2.491,2.521,2.424,2.503,1757119.1
2024-09-01 16:00:00,2.503,2.523,2.442,2.502,1201527.3
2024-09-01 20:00:00,2.502,2.521,2.361,2.403,1159479.4
2024-09-02 00:00:00,2.401,2.45,2.389,2.448,732115.2
2024-09-02 04:00:00,2.448,2.462,2.406,2.415,548427.6
2024-09-02 08:00:00,2.415,2.518,2.412,2.49,1240932.8
2024-09-02 12:00:00,2.492,2.506,2.44,2.491,839780.7
2024-09-02 16:00:00,2.49,2.525,2.475,2.519,494249.4
2024-09-02 20:00:00,2.518,2.601,2.516,2.572,710191.2
2024-09-03 00:00:00,2.573,2.616,2.557,2.568,614270.2
2024-09-03 04:00:00,2.569,2.622,2.565,2.616,470936.3
2024-09-03 08:00:00,2.616,2.62,2.575,2.612,444549.0
2024-09-03 12:00:00,2.611,2.63,2.493,2.505,1015381.5
2024-09-03 16:00:00,2.505,2.542,2.492,2.519,441377.2
2024-09-03 20:00:00,2.52,2.553,2.437,2.452,915540.6
2024-09-04 00:00:00,2.452,2.49,2.275,2.439,1757680.0
2024-09-04 04:00:00,2.439,2.475,2.404,2.457,509331.5
2024-09-04 08:00:00,2.458,2.473,2.394,2.4,544277.6
2024-09-04 12:00:00,2.399,2.482,2.379,2.478,837827.4
2024-09-04 16:00:00,2.477,2.529,2.445,2.47,623048.2
2024-09-04 20:00:00,2.47,2.51,2.463,2.489,340229.9
2024-09-05 00:00:00,2.487,2.504,2.423,2.431,304140.0
2024-09-05 04:00:00,2.432,2.488,2.423,2.472,228555.9
2024-09-05 08:00:00,2.472,2.481,2.443,2.453,199049.1
2024-09-05 12:00:00,2.453,2.472,2.385,2.391,672293.3
2024-09-05 16:00:00,2.391,2.423,2.361,2.376,420877.9
2024-09-05 20:00:00,2.375,2.415,2.373,2.402,279725.6
2024-09-06 00:00:00,2.401,2.444,2.387,2.421,245666.9
2024-09-06 04:00:00,2.421,2.43,2.363,2.39,322548.8
2024-09-06 08:00:00,2.39,2.424,2.384,2.416,239195.1
2024-09-06 12:00:00,2.417,2.466,2.322,2.382,1296054.9
2024-09-06 16:00:00,2.381,2.387,2.308,2.324,1026423.7
2024-09-06 20:00:00,2.324,2.327,2.22,2.309,1189129.1
2024-09-07 00:00:00,2.309,2.323,2.288,2.314,326164.4
2024-09-07 04:00:00,2.314,2.388,2.313,2.38,386898.9
2024-09-07 08:00:00,2.38,2.416,2.38,2.402,362460.5
2024-09-07 12:00:00,2.404,2.415,2.391,2.399,356890.2
2024-09-07 16:00:00,2.399,2.413,2.352,2.392,416836.5
2024-09-07 20:00:00,2.393,2.399,2.34,2.363,334661.2
2024-09-08 00:00:00,2.364,2.408,2.354,2.407,221882.4
2024-09-08 04:00:00,2.406,2.449,2.393,2.448,359505.5
2024-09-08 08:00:00,2.448,2.48,2.433,2.442,534768.5
2024-09-08 12:00:00,2.442,2.45,2.361,2.379,553607.1
2024-09-08 16:00:00,2.38,2.412,2.354,2.389,379142.3
2024-09-08 20:00:00,2.389,2.461,2.377,2.432,441034.9
2024-09-09 00:00:00,2.432,2.464,2.423,2.446,317495.5
2024-09-09 04:00:00,2.446,2.492,2.434,2.481,403219.2
2024-09-09 08:00:00,2.48,2.513,2.478,2.486,366905.6
2024-09-09 12:00:00,2.487,2.52,2.466,2.492,453986.9
2024-09-09 16:00:00,2.492,2.56,2.492,2.555,603270.8
2024-09-09 20:00:00,2.556,2.572,2.529,2.543,345653.7
2024-09-10 00:00:00,2.542,2.544,2.501,2.513,258418.1
2024-09-10 04:00:00,2.514,2.567,2.503,2.561,242548.3
2024-09-10 08:00:00,2.56,2.579,2.534,2.566,409206.5
2024-09-10 12:00:00,2.565,2.587,2.51,2.535,672023.9
2024-09-10 16:00:00,2.534,2.599,2.533,2.574,378674.5
2024-09-10 20:00:00,2.573,2.581,2.553,2.562,174052.0
2024-09-11 00:00:00,2.562,2.566,2.482,2.503,475989.6
2024-09-11 04:00:00,2.503,2.508,2.458,2.506,321326.2
2024-09-11 08:00:00,2.506,2.506,2.472,2.494,290939.9
2024-09-11 12:00:00,2.494,2.531,2.43,2.494,834154.6
2024-09-11 16:00:00,2.494,2.533,2.49,2.505,326726.8
2024-09-11 20:00:00,2.505,2.525,2.505,2.509,146628.5
2024-09-12 00:00:00,2.509,2.57,2.508,2.557,315779.0
2024-09-12 04:00:00,2.556,2.577,2.542,2.55,236699.4
2024-09-12 08:00:00,2.55,2.562,2.533,2.545,230314.1
2024-09-12 12:00:00,2.545,2.577,2.512,2.527,721644.9
2024-09-12 16:00:00,2.526,2.575,2.521,2.573,382097.9
2024-09-12 20:00:00,2.572,2.602,2.557,2.588,288790.0
2024-09-13 00:00:00,2.589,2.602,2.566,2.569,377199.4
2024-09-13 04:00:00,2.569,2.594,2.555,2.59,408394.0
2024-09-13 08:00:00,2.589,2.626,2.58,2.586,436021.7
2024-09-13 12:00:00,2.586,2.629,2.546,2.62,690147.9
2024-09-13 16:00:00,2.62,2.763,2.616,2.684,1862312.8
2024-09-13 20:00:00,2.685,2.712,2.662,2.691,769616.0
2024-09-14 00:00:00,2.691,2.728,2.676,2.714,495050.9
2024-09-14 04:00:00,2.713,2.718,2.664,2.675,331319.6
2024-09-14 08:00:00,2.675,2.688,2.644,2.655,426433.2
2024-09-14 12:00:00,2.654,2.738,2.651,2.73,694955.8
2024-09-14 16:00:00,2.731,2.744,2.641,2.654,769500.1
2024-09-14 20:00:00,2.653,2.686,2.652,2.683,212234.0
2024-09-15 00:00:00,2.684,2.688,2.665,2.669,146493.5
2024-09-15 04:00:00,2.668,2.672,2.645,2.658,234696.4
2024-09-15 08:00:00,2.658,2.658,2.616,2.634,462117.8
2024-09-15 12:00:00,2.633,2.652,2.613,2.646,338315.8
2024-09-15 16:00:00,2.646,2.649,2.554,2.578,695953.3
2024-09-15 20:00:00,2.578,2.587,2.502,2.532,654674.4
2024-09-16 00:00:00,2.531,2.54,2.468,2.511,626222.1
2024-09-16 04:00:00,2.511,2.549,2.505,2.545,320819.8
2024-09-16 08:00:00,2.545,2.567,2.463,2.511,544688.4
2024-09-16 12:00:00,2.51,2.514,2.451,2.475,544083.8
2024-09-16 16:00:00,2.476,2.481,2.412,2.428,604373.0
2024-09-16 20:00:00,2.429,2.458,2.403,2.446,226614.2
2024-09-17 00:00:00,2.446,2.475,2.423,2.469,239080.2
2024-09-17 04:00:00,2.47,2.535,2.465,2.51,341741.6
2024-09-17 08:00:00,2.51,2.534,2.49,2.518,302777.1
2024-09-17 12:00:00,2.517,2.582,2.491,2.576,937502.4
2024-09-17 16:00:00,2.575,2.603,2.502,2.52,620599.1
2024-09-17 20:00:00,2.518,2.53,2.49,2.506,324765.1
2024-09-18 00:00:00,2.505,2.559,2.476,2.549,274524.8
2024-09-18 04:00:00,2.55,2.563,2.47,2.511,436493.2
2024-09-18 08:00:00,2.511,2.514,2.419,2.455,424031.5
2024-09-18 12:00:00,2.453,2.475,2.409,2.417,420637.6
2024-09-18 16:00:00,2.417,2.548,2.395,2.494,819164.2
2024-09-18 20:00:00,2.494,2.598,2.473,2.597,297170.9
2024-09-19 00:00:00,2.597,2.656,2.587,2.618,566491.6
2024-09-19 04:00:00,2.618,2.653,2.603,2.651,346585.7
2024-09-19 08:00:00,2.651,2.657,2.604,2.647,334059.5
2024-09-19 12:00:00,2.646,2.657,2.573,2.622,824600.2
2024-09-19 16:00:00,2.622,2.7,2.62,2.631,706496.9
2024-09-19 20:00:00,2.632,2.656,2.611,2.627,532702.1
2024-09-20 00:00:00,2.628,2.72,2.586,2.719,562709.2
2024-09-20 04:00:00,2.718,2.76,2.7,2.727,929172.7
2024-09-20 08:00:00,2.726,2.734,2.62,2.647,630269.8
2024-09-20 12:00:00,2.647,2.681,2.601,2.638,746693.9
2024-09-20 16:00:00,2.639,2.647,2.575,2.621,434421.1
2024-09-20 20:00:00,2.621,2.659,2.614,2.656,226393.1
2024-09-21 00:00:00,2.656,2.684,2.625,2.645,520273.2
2024-09-21 04:00:00,2.645,2.706,2.621,2.702,433870.7
2024-09-21 08:00:00,2.701,2.797,2.684,2.774,949607.8
2024-09-21 12:00:00,2.774,2.881,2.735,2.847,2111460.4
2024-09-21 16:00:00,2.847,2.866,2.78,2.798,1054181.3
2024-09-21 20:00:00,2.798,2.85,2.794,2.839,549311.1
2024-09-22 00:00:00,2.84,2.844,2.706,2.737,978780.1
2024-09-22 04:00:00,2.738,2.757,2.684,2.71,706204.6
2024-09-22 08:00:00,2.711,2.731,2.633,2.655,712837.9
2024-09-22 12:00:00,2.654,2.676,2.573,2.599,669853.6
2024-09-22 16:00:00,2.598,2.651,2.554,2.64,894915.2
2024-09-22 20:00:00,2.642,2.68,2.57,2.662,746587.7
2024-09-23 00:00:00,2.661,2.762,2.608,2.725,690946.8
2024-09-23 04:00:00,2.724,2.759,2.689,2.708,675107.6
2024-09-23 08:00:00,2.709,2.756,2.666,2.705,790344.0
2024-09-23 12:00:00,2.705,2.747,2.685,2.73,605334.2
2024-09-23 16:00:00,2.729,2.749,2.685,2.705,606342.6
2024-09-23 20:00:00,2.705,2.731,2.68,2.72,385525.9
2024-09-24 00:00:00,2.721,2.734,2.666,2.713,549406.6
2024-09-24 04:00:00,2.713,2.751,2.678,2.745,380528.8
2024-09-24 08:00:00,2.746,2.764,2.722,2.75,373615.5
2024-09-24 12:00:00,2.75,2.769,2.689,2.713,863012.7
2024-09-24 16:00:00,2.714,2.754,2.706,2.736,522706.1
2024-09-24 20:00:00,2.736,2.768,2.719,2.75,346477.8
2024-09-25 00:00:00,2.75,2.793,2.731,2.786,387923.5
2024-09-25 04:00:00,2.787,2.793,2.686,2.719,656294.2
2024-09-25 08:00:00,2.717,2.746,2.705,2.735,345571.0
2024-09-25 12:00:00,2.736,2.772,2.694,2.718,480441.5
2024-09-25 16:00:00,2.719,2.743,2.618,2.717,1106836.8
2024-09-25 20:00:00,2.717,2.756,2.642,2.667,521323.8
2024-09-26 00:00:00,2.666,2.704,2.626,2.702,410403.6
2024-09-26 04:00:00,2.702,2.77,2.677,2.767,366170.2
2024-09-26 08:00:00,2.767,2.799,2.759,2.78,731633.2
2024-09-26 12:00:00,2.782,2.795,2.733,2.779,645140.7
2024-09-26 16:00:00,2.777,2.816,2.755,2.758,690018.5
2024-09-26 20:00:00,2.756,2.773,2.717,2.769,377129.1
2024-09-27 00:00:00,2.769,2.802,2.745,2.798,305062.6
2024-09-27 04:00:00,2.799,2.859,2.797,2.822,535995.0
2024-09-27 08:00:00,2.824,2.866,2.781,2.814,574134.0
2024-09-27 12:00:00,2.815,2.867,2.794,2.835,577425.1
2024-09-27 16:00:00,2.835,2.882,2.792,2.839,604476.6
2024-09-27 20:00:00,2.839,2.878,2.821,2.873,352354.7
2024-09-28 00:00:00,2.873,2.934,2.843,2.893,578542.2
2024-09-28 04:00:00,2.894,2.93,2.81,2.827,636030.9
2024-09-28 08:00:00,2.828,2.833,2.73,2.805,686139.3
2024-09-28 12:00:00,2.806,2.807,2.74,2.781,386130.0
2024-09-28 16:00:00,2.78,2.788,2.749,2.776,194647.5
2024-09-28 20:00:00,2.775,2.799,2.732,2.792,291560.6
2024-09-29 00:00:00,2.793,2.804,2.747,2.793,278307.3
2024-09-29 04:00:00,2.795,2.798,2.684,2.692,655079.9
2024-09-29 08:00:00,2.693,2.75,2.681,2.739,407060.3
2024-09-29 12:00:00,2.74,2.8,2.699,2.782,610868.3
2024-09-29 16:00:00,2.783,2.876,2.76,2.858,867423.2
2024-09-29 20:00:00,2.858,2.969,2.852,2.893,1181650.3
2024-09-30 00:00:00,2.893,2.947,2.788,2.837,1023002.3
2024-09-30 04:00:00,2.838,2.948,2.815,2.934,1075618.6
2024-09-30 08:00:00,2.934,3.312,2.91,3.146,22520104.4
2024-09-30 12:00:00,3.148,3.269,3.116,3.136,17154890.8
2024-09-30 16:00:00,3.136,3.235,3.119,3.213,8845901.6
2024-09-30 20:00:00,3.214,3.282,3.123,3.176,7632175.3
2024-10-01 00:00:00,3.177,3.268,3.153,3.243,4774892.0
2024-10-01 04:00:00,3.243,3.275,3.17,3.194,5391119.5
2024-10-01 08:00:00,3.194,3.239,3.131,3.149,3888084.7
2024-10-01 12:00:00,3.149,3.207,2.806,2.896,8523156.8
2024-10-01 16:00:00,2.897,2.91,2.591,2.694,6155315.9
2024-10-01 20:00:00,2.696,2.721,2.601,2.688,2686556.4
2024-10-02 00:00:00,2.688,2.738,2.626,2.698,2285037.0
2024-10-02 04:00:00,2.698,2.772,2.652,2.72,1639342.1
2024-10-02 08:00:00,2.719,2.745,2.585,2.654,2316331.3
2024-10-02 12:00:00,2.655,2.721,2.607,2.693,1779551.3
2024-10-02 16:00:00,2.691,2.731,2.433,2.491,2667742.8
2024-10-02 20:00:00,2.492,2.576,2.485,2.563,955643.7
2024-10-03 00:00:00,2.562,2.591,2.537,2.583,732714.7
2024-10-03 04:00:00,2.582,2.584,2.532,2.535,688704.9
2024-10-03 08:00:00,2.535,2.543,2.449,2.498,1219880.3
2024-10-03 12:00:00,2.499,2.513,2.315,2.388,3098302.8
2024-10-03 16:00:00,2.389,2.427,2.317,2.424,1249678.0
2024-10-03 20:00:00,2.423,2.437,2.385,2.429,688486.1
2024-10-04 00:00:00,2.429,2.463,2.408,2.432,956216.3
2024-10-04 04:00:00,2.432,2.466,2.424,2.459,535168.9
2024-10-04 08:00:00,2.458,2.491,2.45,2.477,692099.3
2024-10-04 12:00:00,2.477,2.523,2.441,2.523,1165584.3
2024-10-04 16:00:00,2.522,2.606,2.504,2.58,924942.9
2024-10-04 20:00:00,2.579,2.593,2.517,2.542,530208.4
2024-10-05 00:00:00,2.542,2.555,2.505,2.523,473695.7
2024-10-05 04:00:00,2.522,2.591,2.513,2.577,331430.3
2024-10-05 08:00:00,2.577,2.601,2.571,2.583,325374.2
2024-10-05 12:00:00,2.584,2.597,2.557,2.568,349325.6
2024-10-05 16:00:00,2.567,2.57,2.513,2.52,470632.6
2024-10-05 20:00:00,2.52,2.566,2.505,2.563,291863.1
2024-10-06 00:00:00,2.563,2.601,2.554,2.57,359032.5
2024-10-06 04:00:00,2.571,2.638,2.558,2.601,676385.0
2024-10-06 08:00:00,2.601,2.613,2.559,2.578,516642.2
2024-10-06 12:00:00,2.579,2.618,2.566,2.616,652281.0
2024-10-06 16:00:00,2.615,2.625,2.558,2.567,483344.1
2024-10-06 20:00:00,2.567,2.604,2.532,2.604,417395.4
2024-10-07 00:00:00,2.604,2.681,2.588,2.657,651115.1
2024-10-07 04:00:00,2.657,2.671,2.631,2.653,454617.0
2024-10-07 08:00:00,2.654,2.666,2.565,2.609,748106.9
2024-10-07 12:00:00,2.608,2.667,2.574,2.618,788623.5
2024-10-07 16:00:00,2.618,2.656,2.583,2.625,577764.8
2024-10-07 20:00:00,2.625,2.63,2.554,2.562,459500.2
2024-10-08 00:00:00,2.563,2.623,2.557,2.604,303086.4
2024-10-08 04:00:00,2.605,2.644,2.569,2.623,927188.8
2024-10-08 08:00:00,2.623,2.754,2.597,2.731,2515777.8
2024-10-08 12:00:00,2.73,2.848,2.636,2.767,5749516.7
2024-10-08 16:00:00,2.768,2.865,2.69,2.74,3599419.8
2024-10-08 20:00:00,2.741,2.802,2.724,2.773,1105845.0
2024-10-09 00:00:00,2.773,2.847,2.735,2.781,1712089.3
2024-10-09 04:00:00,2.781,3.04,2.769,3.029,6137605.3
2024-10-09 08:00:00,3.028,3.055,2.944,2.98,5378836.2
2024-10-09 12:00:00,2.981,3.004,2.865,2.943,4514290.1
2024-10-09 16:00:00,2.943,2.975,2.864,2.882,1944730.8
2024-10-09 20:00:00,2.883,2.889,2.805,2.859,1363316.7
2024-10-10 00:00:00,2.859,2.959,2.844,2.922,1639976.2
2024-10-10 04:00:00,2.922,2.937,2.813,2.815,1245557.6
2024-10-10 08:00:00,2.814,2.821,2.678,2.725,2386711.3
2024-10-10 12:00:00,2.725,2.797,2.689,2.735,2096377.2
2024-10-10 16:00:00,2.736,2.75,2.593,2.642,1841239.9
2024-10-10 20:00:00,2.642,2.687,2.63,2.687,626860.6
2024-10-11 00:00:00,2.686,2.707,2.651,2.68,785153.0
2024-10-11 04:00:00,2.68,2.694,2.639,2.658,634077.0
2024-10-11 08:00:00,2.658,2.699,2.658,2.673,745179.2
2024-10-11 12:00:00,2.672,2.723,2.669,2.711,1344662.0
2024-10-11 16:00:00,2.711,2.741,2.699,2.716,808088.5
2024-10-11 20:00:00,2.716,2.734,2.7,2.71,482759.4
2024-10-12 00:00:00,2.71,2.812,2.697,2.793,1174445.5
2024-10-12 04:00:00,2.793,2.817,2.768,2.787,670095.8
2024-10-12 08:00:00,2.787,2.793,2.741,2.775,679303.1
2024-10-12 12:00:00,2.773,2.783,2.703,2.709,969440.8
2024-10-12 16:00:00,2.71,2.743,2.688,2.707,577119.4
2024-10-12 20:00:00,2.708,2.727,2.699,2.709,390680.0
2024-10-13 00:00:00,2.708,2.74,2.661,2.684,841778.2
2024-10-13 04:00:00,2.683,2.73,2.676,2.693,530882.2
2024-10-13 08:00:00,2.693,2.705,2.637,2.641,830979.7
2024-10-13 12:00:00,2.641,2.67,2.56,2.582,1196170.8
2024-10-13 16:00:00,2.583,2.613,2.542,2.589,884629.7
2024-10-13 20:00:00,2.589,2.646,2.579,2.629,572329.4
2024-10-14 00:00:00,2.629,2.689,2.581,2.686,796290.0
2024-10-14 04:00:00,2.687,2.708,2.638,2.703,1109756.1
2024-10-14 08:00:00,2.704,2.713,2.667,2.702,589699.2
2024-10-14 12:00:00,2.701,2.772,2.697,2.762,1084558.0
2024-10-14 16:00:00,2.761,2.809,2.736,2.79,1058739.7
2024-10-14 20:00:00,2.79,2.824,2.781,2.809,483945.6
2024-10-15 00:00:00,2.81,2.821,2.733,2.746,684913.1
2024-10-15 04:00:00,2.745,2.782,2.713,2.739,631713.4
2024-10-15 08:00:00,2.739,2.778,2.646,2.673,1085326.5
2024-10-15 12:00:00,2.672,2.818,2.612,2.687,1845706.2
2024-10-15 16:00:00,2.688,2.74,2.685,2.711,461981.6
2024-10-15 20:00:00,2.71,2.741,2.655,2.74,401298.6
2024-10-16 00:00:00,2.74,2.743,2.667,2.699,496130.2
2024-10-16 04:00:00,2.7,2.716,2.651,2.671,415915.2
2024-10-16 08:00:00,2.671,2.718,2.656,2.695,400789.1
2024-10-16 12:00:00,2.695,2.716,2.662,2.691,543955.2
2024-10-16 16:00:00,2.691,2.702,2.651,2.689,425812.9
2024-10-16 20:00:00,2.691,2.749,2.689,2.708,380398.3
2024-10-17 00:00:00,2.711,2.766,2.71,2.754,453607.2
2024-10-17 04:00:00,2.755,2.845,2.722,2.839,2975302.2
2024-10-17 08:00:00,2.838,2.901,2.75,2.775,3682744.9
2024-10-17 12:00:00,2.774,2.926,2.768,2.889,3492923.0
2024-10-17 16:00:00,2.89,3.028,2.832,2.998,8405061.3
2024-10-17 20:00:00,2.999,3.004,2.835,2.846,2682402.2
2024-10-18 00:00:00,2.846,3.028,2.81,2.859,3113402.5
2024-10-18 04:00:00,2.859,2.9,2.829,2.856,1014145.1
2024-10-18 08:00:00,2.856,2.88,2.81,2.837,1055082.6
2024-10-18 12:00:00,2.838,2.853,2.81,2.833,1110619.1
2024-10-18 16:00:00,2.834,2.922,2.818,2.887,958678.7
2024-10-18 20:00:00,2.887,2.895,2.856,2.884,470878.0
2024-10-19 00:00:00,2.884,2.925,2.884,2.906,593216.1
2024-10-19 04:00:00,2.907,2.939,2.885,2.889,533568.2
2024-10-19 08:00:00,2.888,2.896,2.813,2.819,707111.9
2024-10-19 12:00:00,2.82,2.868,2.815,2.863,473045.9
2024-10-19 16:00:00,2.863,2.863,2.793,2.834,739089.3
2024-10-19 20:00:00,2.834,2.89,2.834,2.874,434883.9
2024-10-20 00:00:00,2.875,2.924,2.86,2.905,1206047.4
2024-10-20 04:00:00,2.905,2.944,2.883,2.925,696478.9
2024-10-20 08:00:00,2.925,2.977,2.917,2.947,693870.5
2024-10-20 12:00:00,2.946,2.998,2.932,2.96,1182250.2
2024-10-20 16:00:00,2.96,2.991,2.937,2.945,492326.5
2024-10-20 20:00:00,2.946,2.998,2.946,2.99,630398.8
2024-10-21 00:00:00,2.991,3.013,2.932,2.947,629349.6
2024-10-21 04:00:00,2.947,2.972,2.894,2.908,523448.1
2024-10-21 08:00:00,2.907,2.931,2.849,2.874,471096.4
2024-10-21 12:00:00,2.873,2.887,2.8,2.849,917864.9
2024-10-21 16:00:00,2.849,2.849,2.791,2.838,656820.0
2024-10-21 20:00:00,2.838,2.849,2.815,2.827,219250.3
2024-10-22 00:00:00,2.827,2.858,2.788,2.829,442024.3
2024-10-22 04:00:00,2.83,2.831,2.798,2.801,300330.3
2024-10-22 08:00:00,2.802,2.804,2.716,2.767,776408.7
2024-10-22 12:00:00,2.768,2.787,2.711,2.768,574614.2
2024-10-22 16:00:00,2.768,2.768,2.706,2.751,433926.5
2024-10-22 20:00:00,2.751,2.779,2.742,2.762,132352.7
2024-10-23 00:00:00,2.763,2.769,2.65,2.683,657714.2
2024-10-23 04:00:00,2.682,2.685,1.856,1.938,33897057.4
2024-10-23 08:00:00,1.938,1.939,1.511,1.603,69827744.4
2024-10-23 12:00:00,1.602,1.857,1.58,1.809,41055124.6
2024-10-23 16:00:00,1.809,2.554,1.805,2.527,61453228.0
2024-10-23 20:00:00,2.527,8.82,2.456,2.891,104526556.2
2024-10-24 00:00:00,2.891,3.057,2.101,2.103,45131313.6
2024-10-24 04:00:00,2.105,2.821,1.929,2.77,48954266.8
2024-10-24 08:00:00,2.772,3.269,2.126,2.711,130038751.8
2024-10-24 12:00:00,2.711,2.842,2.456,2.619,40097867.8
2024-10-24 16:00:00,2.62,2.621,2.406,2.489,25360813.6
2024-10-24 20:00:00,2.491,2.57,2.365,2.449,15282779.0
2024-10-25 00:00:00,2.449,2.659,2.406,2.559,17000209.2
2024-10-25 04:00:00,2.559,2.585,2.315,2.353,19129011.9
2024-10-25 08:00:00,2.354,2.362,2.269,2.326,12314670.7
2024-10-25 12:00:00,2.326,2.465,2.29,2.291,15197009.5
2024-10-25 16:00:00,2.291,2.32,2.214,2.302,10276733.5
2024-10-25 20:00:00,2.301,2.314,2.056,2.204,10719096.0
2024-10-26 00:00:00,2.204,2.248,2.129,2.173,8663043.2
2024-10-26 04:00:00,2.173,2.199,2.114,2.185,5483558.8
2024-10-26 08:00:00,2.185,2.256,2.126,2.159,6443024.7
2024-10-26 12:00:00,2.159,2.191,2.015,2.028,6608270.9
2024-10-26 16:00:00,2.028,2.084,2.015,2.061,4787810.4
2024-10-26 20:00:00,2.061,2.072,2.02,2.066,3119832.8
2024-10-27 00:00:00,2.066,2.173,2.058,2.089,6929236.3
2024-10-27 04:00:00,2.09,2.282,2.085,2.123,11394894.3
2024-10-27 08:00:00,2.122,2.139,2.048,2.054,3889306.0
2024-10-27 12:00:00,2.053,2.108,2.036,2.049,3551930.2
2024-10-27 16:00:00,2.049,2.064,1.993,2.014,3904469.7
2024-10-27 20:00:00,2.015,2.062,1.997,2.019,2895477.9
2024-10-28 00:00:00,2.018,2.023,1.937,1.941,3450923.2
2024-10-28 04:00:00,1.941,1.959,1.9,1.942,5170936.0
2024-10-28 08:00:00,1.942,1.949,1.886,1.899,4807605.9
2024-10-28 12:00:00,1.899,1.902,1.8,1.804,7084149.5
2024-10-28 16:00:00,1.805,1.926,1.725,1.872,17913123.3
2024-10-28 20:00:00,1.843,1.863,1.817,1.842,3176965.9
2024-10-29 00:00:00,1.843,1.851,1.79,1.83,4931178.7
2024-10-29 04:00:00,1.829,1.839,1.776,1.804,3987821.8
2024-10-29 08:00:00,1.804,1.878,1.779,1.798,3985605.1
2024-10-29 12:00:00,1.797,1.832,1.774,1.785,4148643.8
2024-10-29 16:00:00,1.785,1.818,1.752,1.764,4591696.9
2024-10-29 20:00:00,1.764,1.945,1.744,1.775,8231584.0
2024-10-30 00:00:00,1.775,1.803,1.733,1.75,3135296.0
2024-10-30 04:00:00,1.749,1.82,1.588,1.69,5255006.9
2024-10-30 08:00:00,1.69,1.73,1.621,1.73,1109165.6
2024-10-30 12:00:00,1.73,1.73,1.73,1.73,0.0
2024-10-30 16:00:00,1.73,1.73,1.73,1.73,0.0
2024-10-30 20:00:00,1.73,1.73,1.73,1.73,0.0
2024-10-31 00:00:00,1.73,1.73,1.73,1.73,0.0
2024-10-31 04:00:00,1.73,1.73,1.73,1.73,0.0
2024-10-31 08:00:00,1.73,1.73,1.73,1.73,0.0
2024-10-31 12:00:00,1.73,1.73,1.73,1.73,0.0
2024-10-31 16:00:00,1.73,1.73,1.73,1.73,0.0
2024-10-31 20:00:00,1.73,1.73,1.73,1.73,0.0
2024-11-01 00:00:00,1.73,1.73,1.73,1.73,0.0
2024-11-01 04:00:00,1.73,1.73,1.73,1.73,0.0
2024-11-01 08:00:00,1.73,1.73,1.73,1.73,0.0
2024-11-01 12:00:00,1.73,1.73,1.73,1.73,0.0
2024-11-01 16:00:00,1.73,1.73,1.73,1.73,0.0
2024-11-01 20:00:00,1.73,1.73,1.73,1.73,0.0
2024-11-02 00:00:00,1.73,1.73,1.73,1.73,0.0
2024-11-02 04:00:00,1.73,1.73,1.73,1.73,0.0
2024-11-02 08:00:00,1.73,1.73,1.73,1.73,0.0
2024-11-02 12:00:00,1.73,1.73,1.73,1.73,0.0
2024-11-02 16:00:00,1.73,1.73,1.73,1.73,0.0
2024-11-02 20:00:00,1.73,1.73,1.73,1.73,0.0
2024-11-03 00:00:00,1.73,1.73,1.73,1.73,0.0
2024-11-03 04:00:00,1.73,1.73,1.73,1.73,0.0
2024-11-03 08:00:00,1.73,1.73,1.73,1.73,0.0
2024-11-03 12:00:00,1.73,1.73,1.73,1.73,0.0
2024-11-03 16:00:00,1.73,1.73,1.73,1.73,0.0
2024-11-03 20:00:00,1.73,1.73,1.73,1.73,0.0
2024-11-04 00:00:00,1.73,1.73,1.73,1.73,0.0
2024-11-04 04:00:00,1.73,1.73,1.73,1.73,0.0
2024-11-04 08:00:00,1.73,1.73,1.73,1.73,0.0
2024-11-04 12:00:00,1.73,1.73,1.73,1.73,0.0
2024-11-04 16:00:00,1.73,1.73,1.73,1.73,0.0
2024-11-04 20:00:00,1.73,1.73,1.73,1.73,0.0
2024-11-05 00:00:00,1.73,1.73,1.73,1.73,0.0
2024-11-05 04:00:00,1.73,1.73,1.73,1.73,0.0
2024-11-05 08:00:00,1.73,1.73,1.73,1.73,0.0
2024-11-05 12:00:00,1.73,1.73,1.73,1.73,0.0
2024-11-05 16:00:00,1.73,1.73,1.73,1.73,0.0
2024-11-05 20:00:00,1.73,1.73,1.73,1.73,0.0
2024-11-06 00:00:00,1.73,1.73,1.73,1.73,0.0
2024-11-06 04:00:00,1.73,1.73,1.73,1.73,0.0
2024-11-06 08:00:00,1.73,1.73,1.73,1.73,0.0
2024-11-06 12:00:00,1.73,1.73,1.73,1.73,0.0
2024-11-06 16:00:00,1.73,1.73,1.73,1.73,0.0
2024-11-06 20:00:00,1.73,1.73,1.73,1.73,0.0
2024-11-07 00:00:00,1.73,1.73,1.73,1.73,0.0
2024-11-07 04:00:00,1.73,1.73,1.73,1.73,0.0
2024-11-07 08:00:00,1.73,1.73,1.73,1.73,0.0
2024-11-07 12:00:00,1.73,1.73,1.73,1.73,0.0
2024-11-07 16:00:00,1.73,1.73,1.73,1.73,0.0
2024-11-07 20:00:00,1.73,1.73,1.73,1.73,0.0
2024-11-08 00:00:00,1.73,1.73,1.73,1.73,0.0
2024-11-08 04:00:00,1.73,1.73,1.73,1.73,0.0
2024-11-08 08:00:00,1.73,1.73,1.73,1.73,0.0
2024-11-08 12:00:00,1.73,1.73,1.73,1.73,0.0
2024-11-08 16:00:00,1.73,1.73,1.73,1.73,0.0
2024-11-08 20:00:00,1.73,1.73,1.73,1.73,0.0
2024-11-09 00:00:00,1.73,1.73,1.73,1.73,0.0
2024-11-09 04:00:00,1.73,1.73,1.73,1.73,0.0
2024-11-09 08:00:00,1.73,1.73,1.73,1.73,0.0
2024-11-09 12:00:00,1.73,1.73,1.73,1.73,0.0
2024-11-09 16:00:00,1.73,1.73,1.73,1.73,0.0
2024-11-09 20:00:00,1.73,1.73,1.73,1.73,0.0
2024-11-10 00:00:00,1.73,1.73,1.73,1.73,0.0
2024-11-10 04:00:00,1.73,1.73,1.73,1.73,0.0
2024-11-10 08:00:00,1.73,1.73,1.73,1.73,0.0
2024-11-10 12:00:00,1.73,1.73,1.73,1.73,0.0
2024-11-10 16:00:00,1.73,1.73,1.73,1.73,0.0
2024-11-10 20:00:00,1.73,1.73,1.73,1.73,0.0
2024-11-11 00:00:00,1.73,1.73,1.73,1.73,0.0
2024-11-11 04:00:00,1.73,1.73,1.73,1.73,0.0
2024-11-11 08:00:00,1.73,1.73,1.73,1.73,0.0
2024-11-11 12:00:00,1.73,1.73,1.73,1.73,0.0
2024-11-11 16:00:00,1.73,1.73,1.73,1.73,0.0
2024-11-11 20:00:00,1.73,1.73,1.73,1.73,0.0
2024-11-12 00:00:00,1.73,1.73,1.73,1.73,0.0
2024-11-12 04:00:00,1.73,1.73,1.73,1.73,0.0
2024-11-12 08:00:00,1.73,1.73,1.73,1.73,0.0
2024-11-12 12:00:00,1.73,1.73,1.73,1.73,0.0
2024-11-12 16:00:00,1.73,1.73,1.73,1.73,0.0
2024-11-12 20:00:00,1.73,1.73,1.73,1.73,0.0
2024-11-13 00:00:00,1.73,1.73,1.73,1.73,0.0
2024-11-13 04:00:00,1.73,1.73,1.73,1.73,0.0
2024-11-13 08:00:00,1.73,1.73,1.73,1.73,0.0
2024-11-13 12:00:00,1.73,1.73,1.73,1.73,0.0
2024-11-13 16:00:00,1.73,1.73,1.73,1.73,0.0
2024-11-13 20:00:00,1.73,1.73,1.73,1.73,0.0
2024-11-14 00:00:00,1.73,1.73,1.73,1.73,0.0
2024-11-14 04:00:00,1.73,1.73,1.73,1.73,0.0
2024-11-14 08:00:00,1.73,1.73,1.73,1.73,0.0
2024-11-14 12:00:00,1.73,1.73,1.73,1.73,0.0
2024-11-14 16:00:00,1.73,1.73,1.73,1.73,0.0
2024-11-14 20:00:00,1.73,1.73,1.73,1.73,0.0
2024-11-15 00:00:00,1.73,1.73,1.73,1.73,0.0
2024-11-15 04:00:00,1.73,1.73,1.73,1.73,0.0
2024-11-15 08:00:00,1.73,1.73,1.73,1.73,0.0
2024-11-15 12:00:00,1.73,1.73,1.73,1.73,0.0
2024-11-15 16:00:00,1.73,1.73,1.73,1.73,0.0
2024-11-15 20:00:00,1.73,1.73,1.73,1.73,0.0
2024-11-16 00:00:00,1.73,1.73,1.73,1.73,0.0
2024-11-16 04:00:00,1.73,1.73,1.73,1.73,0.0
2024-11-16 08:00:00,1.73,1.73,1.73,1.73,0.0
2024-11-16 12:00:00,1.73,1.73,1.73,1.73,0.0
2024-11-16 16:00:00,1.73,1.73,1.73,1.73,0.0
2024-11-16 20:00:00,1.73,1.73,1.73,1.73,0.0
2024-11-17 00:00:00,1.73,1.73,1.73,1.73,0.0
2024-11-17 04:00:00,1.73,1.73,1.73,1.73,0.0
2024-11-17 08:00:00,1.73,1.73,1.73,1.73,0.0
2024-11-17 12:00:00,1.73,1.73,1.73,1.73,0.0
2024-11-17 16:00:00,1.73,1.73,1.73,1.73,0.0
2024-11-17 20:00:00,1.73,1.73,1.73,1.73,0.0
2024-11-18 00:00:00,1.73,1.73,1.73,1.73,0.0
2024-11-18 04:00:00,1.73,1.73,1.73,1.73,0.0
2024-11-18 08:00:00,1.73,1.73,1.73,1.73,0.0
2024-11-18 12:00:00,1.73,1.73,1.73,1.73,0.0
2024-11-18 16:00:00,1.73,1.73,1.73,1.73,0.0
2024-11-18 20:00:00,1.73,1.73,1.73,1.73,0.0
2024-11-19 00:00:00,1.73,1.73,1.73,1.73,0.0
2024-11-19 04:00:00,1.73,1.73,1.73,1.73,0.0
2024-11-19 08:00:00,1.73,1.73,1.73,1.73,0.0
2024-11-19 12:00:00,1.73,1.73,1.73,1.73,0.0
2024-11-19 16:00:00,1.73,1.73,1.73,1.73,0.0
2024-11-19 20:00:00,1.73,1.73,1.73,1.73,0.0
2024-11-20 00:00:00,1.73,1.73,1.73,1.73,0.0
2024-11-20 04:00:00,1.73,1.73,1.73,1.73,0.0
2024-11-20 08:00:00,1.73,1.73,1.73,1.73,0.0
2024-11-20 12:00:00,1.73,1.73,1.73,1.73,0.0
2024-11-20 16:00:00,1.73,1.73,1.73,1.73,0.0
2024-11-20 20:00:00,1.73,1.73,1.73,1.73,0.0
2024-11-21 00:00:00,1.73,1.73,1.73,1.73,0.0
2024-11-21 04:00:00,1.73,1.73,1.73,1.73,0.0
2024-11-21 08:00:00,1.73,1.73,1.73,1.73,0.0
2024-11-21 12:00:00,1.73,1.73,1.73,1.73,0.0
2024-11-21 16:00:00,1.73,1.73,1.73,1.73,0.0
2024-11-21 20:00:00,1.73,1.73,1.73,1.73,0.0
2024-11-22 00:00:00,1.73,1.73,1.73,1.73,0.0
2024-11-22 04:00:00,1.73,1.73,1.73,1.73,0.0
2024-11-22 08:00:00,1.73,1.73,1.73,1.73,0.0
2024-11-22 12:00:00,1.73,1.73,1.73,1.73,0.0
2024-11-22 16:00:00,1.73,1.73,1.73,1.73,0.0
2024-11-22 20:00:00,1.73,1.73,1.73,1.73,0.0
2024-11-23 00:00:00,1.73,1.73,1.73,1.73,0.0
2024-11-23 04:00:00,1.73,1.73,1.73,1.73,0.0
2024-11-23 08:00:00,1.73,1.73,1.73,1.73,0.0
2024-11-23 12:00:00,1.73,1.73,1.73,1.73,0.0
2024-11-23 16:00:00,1.73,1.73,1.73,1.73,0.0
2024-11-23 20:00:00,1.73,1.73,1.73,1.73,0.0
2024-11-24 00:00:00,1.73,1.73,1.73,1.73,0.0
2024-11-24 04:00:00,1.73,1.73,1.73,1.73,0.0
2024-11-24 08:00:00,1.73,1.73,1.73,1.73,0.0
2024-11-24 12:00:00,1.73,1.73,1.73,1.73,0.0
2024-11-24 16:00:00,1.73,1.73,1.73,1.73,0.0
2024-11-24 20:00:00,1.73,1.73,1.73,1.73,0.0
2024-11-25 00:00:00,1.73,1.73,1.73,1.73,0.0
2024-11-25 04:00:00,1.73,1.73,1.73,1.73,0.0
2024-11-25 08:00:00,1.73,1.73,1.73,1.73,0.0
2024-11-25 12:00:00,1.73,1.73,1.73,1.73,0.0
2024-11-25 16:00:00,1.73,1.73,1.73,1.73,0.0
2024-11-25 20:00:00,1.73,1.73,1.73,1.73,0.0
2024-11-26 00:00:00,1.73,1.73,1.73,1.73,0.0
2024-11-26 04:00:00,1.73,1.73,1.73,1.73,0.0
2024-11-26 08:00:00,1.73,1.73,1.73,1.73,0.0
2024-11-26 12:00:00,1.73,1.73,1.73,1.73,0.0
2024-11-26 16:00:00,1.73,1.73,1.73,1.73,0.0
2024-11-26 20:00:00,1.73,1.73,1.73,1.73,0.0
2024-11-27 00:00:00,1.73,1.73,1.73,1.73,0.0
2024-11-27 04:00:00,1.73,1.73,1.73,1.73,0.0
2024-11-27 08:00:00,1.73,1.73,1.73,1.73,0.0
2024-11-27 12:00:00,1.73,1.73,1.73,1.73,0.0
2024-11-27 16:00:00,1.73,1.73,1.73,1.73,0.0
2024-11-27 20:00:00,1.73,1.73,1.73,1.73,0.0
2024-11-28 00:00:00,1.73,1.73,1.73,1.73,0.0
2024-11-28 04:00:00,1.73,1.73,1.73,1.73,0.0
2024-11-28 08:00:00,1.73,1.73,1.73,1.73,0.0
2024-11-28 12:00:00,1.73,1.73,1.73,1.73,0.0
2024-11-28 16:00:00,1.73,1.73,1.73,1.73,0.0
2024-11-28 20:00:00,1.73,1.73,1.73,1.73,0.0
2024-11-29 00:00:00,1.73,1.73,1.73,1.73,0.0
2024-11-29 04:00:00,1.73,1.73,1.73,1.73,0.0
2024-11-29 08:00:00,1.73,1.73,1.73,1.73,0.0
2024-11-29 12:00:00,1.73,1.73,1.73,1.73,0.0
2024-11-29 16:00:00,1.73,1.73,1.73,1.73,0.0
2024-11-29 20:00:00,1.73,1.73,1.73,1.73,0.0
2024-11-30 00:00:00,1.73,1.73,1.73,1.73,0.0
2024-11-30 04:00:00,1.73,1.73,1.73,1.73,0.0
2024-11-30 08:00:00,1.73,1.73,1.73,1.73,0.0
2024-11-30 12:00:00,1.73,1.73,1.73,1.73,0.0
2024-11-30 16:00:00,1.73,1.73,1.73,1.73,0.0
2024-11-30 20:00:00,1.73,1.73,1.73,1.73,0.0
2024-12-01 00:00:00,1.73,1.73,1.73,1.73,0.0
2024-12-01 04:00:00,1.73,1.73,1.73,1.73,0.0
2024-12-01 08:00:00,1.73,1.73,1.73,1.73,0.0
2024-12-01 12:00:00,1.73,1.73,1.73,1.73,0.0
2024-12-01 16:00:00,1.73,1.73,1.73,1.73,0.0
2024-12-01 20:00:00,1.73,1.73,1.73,1.73,0.0
2024-12-02 00:00:00,1.73,1.73,1.73,1.73,0.0
2024-12-02 04:00:00,1.73,1.73,1.73,1.73,0.0
2024-12-02 08:00:00,1.73,1.73,1.73,1.73,0.0
2024-12-02 12:00:00,1.73,1.73,1.73,1.73,0.0
2024-12-02 16:00:00,1.73,1.73,1.73,1.73,0.0
2024-12-02 20:00:00,1.73,1.73,1.73,1.73,0.0
2024-12-03 00:00:00,1.73,1.73,1.73,1.73,0.0
2024-12-03 04:00:00,1.73,1.73,1.73,1.73,0.0
2024-12-03 08:00:00,1.73,1.73,1.73,1.73,0.0
2024-12-03 12:00:00,1.73,1.73,1.73,1.73,0.0
2024-12-03 16:00:00,1.73,1.73,1.73,1.73,0.0
2024-12-03 20:00:00,1.73,1.73,1.73,1.73,0.0
2024-12-04 00:00:00,1.73,1.73,1.73,1.73,0.0
2024-12-04 04:00:00,1.73,1.73,1.73,1.73,0.0
2024-12-04 08:00:00,1.73,1.73,1.73,1.73,0.0
2024-12-04 12:00:00,1.73,1.73,1.73,1.73,0.0
2024-12-04 16:00:00,1.73,1.73,1.73,1.73,0.0
2024-12-04 20:00:00,1.73,1.73,1.73,1.73,0.0
2024-12-05 00:00:00,1.73,1.73,1.73,1.73,0.0
2024-12-05 04:00:00,1.73,1.73,1.73,1.73,0.0
2024-12-05 08:00:00,1.73,1.73,1.73,1.73,0.0
2024-12-05 12:00:00,1.73,1.73,1.73,1.73,0.0
2024-12-05 16:00:00,1.73,1.73,1.73,1.73,0.0
2024-12-05 20:00:00,1.73,1.73,1.73,1.73,0.0
2024-12-06 00:00:00,1.73,1.73,1.73,1.73,0.0
2024-12-06 04:00:00,1.73,1.73,1.73,1.73,0.0
2024-12-06 08:00:00,1.73,1.73,1.73,1.73,0.0
2024-12-06 12:00:00,1.73,1.73,1.73,1.73,0.0
2024-12-06 16:00:00,1.73,1.73,1.73,1.73,0.0
2024-12-06 20:00:00,1.73,1.73,1.73,1.73,0.0
2024-12-07 00:00:00,1.73,1.73,1.73,1.73,0.0
2024-12-07 04:00:00,1.73,1.73,1.73,1.73,0.0
2024-12-07 08:00:00,1.73,1.73,1.73,1.73,0.0
2024-12-07 12:00:00,1.73,1.73,1.73,1.73,0.0
2024-12-07 16:00:00,1.73,1.73,1.73,1.73,0.0
2024-12-07 20:00:00,1.73,1.73,1.73,1.73,0.0
2024-12-08 00:00:00,1.73,1.73,1.73,1.73,0.0
2024-12-08 04:00:00,1.73,1.73,1.73,1.73,0.0
2024-12-08 08:00:00,1.73,1.73,1.73,1.73,0.0
2024-12-08 12:00:00,1.73,1.73,1.73,1.73,0.0
2024-12-08 16:00:00,1.73,1.73,1.73,1.73,0.0
2024-12-08 20:00:00,1.73,1.73,1.73,1.73,0.0
2024-12-09 00:00:00,1.73,1.73,1.73,1.73,0.0
2024-12-09 04:00:00,1.73,1.73,1.73,1.73,0.0
2024-12-09 08:00:00,1.73,1.73,1.73,1.73,0.0
2024-12-09 12:00:00,1.73,1.73,1.73,1.73,0.0
2024-12-09 16:00:00,1.73,1.73,1.73,1.73,0.0
2024-12-09 20:00:00,1.73,1.73,1.73,1.73,0.0
2024-12-10 00:00:00,1.73,1.73,1.73,1.73,0.0
2024-12-10 04:00:00,1.73,1.73,1.73,1.73,0.0
2024-12-10 08:00:00,1.73,1.73,1.73,1.73,0.0
2024-12-10 12:00:00,1.73,1.73,1.73,1.73,0.0
2024-12-10 16:00:00,1.73,1.73,1.73,1.73,0.0
2024-12-10 20:00:00,1.73,1.73,1.73,1.73,0.0
2024-12-11 00:00:00,1.73,1.73,1.73,1.73,0.0
2024-12-11 04:00:00,1.73,1.73,1.73,1.73,0.0
2024-12-11 08:00:00,1.73,1.73,1.73,1.73,0.0
2024-12-11 12:00:00,1.73,1.73,1.73,1.73,0.0
2024-12-11 16:00:00,1.73,1.73,1.73,1.73,0.0
2024-12-11 20:00:00,1.73,1.73,1.73,1.73,0.0
2024-12-12 00:00:00,1.73,1.73,1.73,1.73,0.0
2024-12-12 04:00:00,1.73,1.73,1.73,1.73,0.0
2024-12-12 08:00:00,1.73,1.73,1.73,1.73,0.0
2024-12-12 12:00:00,1.73,1.73,1.73,1.73,0.0
2024-12-12 16:00:00,1.73,1.73,1.73,1.73,0.0
2024-12-12 20:00:00,1.73,1.73,1.73,1.73,0.0
2024-12-13 00:00:00,1.73,1.73,1.73,1.73,0.0
2024-12-13 04:00:00,1.73,1.73,1.73,1.73,0.0
2024-12-13 08:00:00,1.73,1.73,1.73,1.73,0.0
2024-12-13 12:00:00,1.73,1.73,1.73,1.73,0.0
2024-12-13 16:00:00,1.73,1.73,1.73,1.73,0.0
2024-12-13 20:00:00,1.73,1.73,1.73,1.73,0.0
2024-12-14 00:00:00,1.73,1.73,1.73,1.73,0.0
2024-12-14 04:00:00,1.73,1.73,1.73,1.73,0.0
2024-12-14 08:00:00,1.73,1.73,1.73,1.73,0.0
2024-12-14 12:00:00,1.73,1.73,1.73,1.73,0.0
2024-12-14 16:00:00,1.73,1.73,1.73,1.73,0.0
2024-12-14 20:00:00,1.73,1.73,1.73,1.73,0.0
2024-12-15 00:00:00,1.73,1.73,1.73,1.73,0.0
2024-12-15 04:00:00,1.73,1.73,1.73,1.73,0.0
2024-12-15 08:00:00,1.73,1.73,1.73,1.73,0.0
2024-12-15 12:00:00,1.73,1.73,1.73,1.73,0.0
2024-12-15 16:00:00,1.73,1.73,1.73,1.73,0.0
2024-12-15 20:00:00,1.73,1.73,1.73,1.73,0.0
2024-12-16 00:00:00,1.73,1.73,1.73,1.73,0.0
2024-12-16 04:00:00,1.73,1.73,1.73,1.73,0.0
2024-12-16 08:00:00,1.73,1.73,1.73,1.73,0.0
2024-12-16 12:00:00,1.73,1.73,1.73,1.73,0.0
2024-12-16 16:00:00,1.73,1.73,1.73,1.73,0.0
2024-12-16 20:00:00,1.73,1.73,1.73,1.73,0.0
2024-12-17 00:00:00,1.73,1.73,1.73,1.73,0.0
2024-12-17 04:00:00,1.73,1.73,1.73,1.73,0.0
2024-12-17 08:00:00,1.73,1.73,1.73,1.73,0.0
2024-12-17 12:00:00,1.73,1.73,1.73,1.73,0.0
2024-12-17 16:00:00,1.73,1.73,1.73,1.73,0.0
2024-12-17 20:00:00,1.73,1.73,1.73,1.73,0.0
2024-12-18 00:00:00,1.73,1.73,1.73,1.73,0.0
2024-12-18 04:00:00,1.73,1.73,1.73,1.73,0.0
2024-12-18 08:00:00,1.73,1.73,1.73,1.73,0.0
2024-12-18 12:00:00,1.73,1.73,1.73,1.73,0.0
2024-12-18 16:00:00,1.73,1.73,1.73,1.73,0.0
2024-12-18 20:00:00,1.73,1.73,1.73,1.73,0.0
2024-12-19 00:00:00,1.73,1.73,1.73,1.73,0.0
2024-12-19 04:00:00,1.73,1.73,1.73,1.73,0.0
2024-12-19 08:00:00,1.73,1.73,1.73,1.73,0.0
2024-12-19 12:00:00,1.73,1.73,1.73,1.73,0.0
2024-12-19 16:00:00,1.73,1.73,1.73,1.73,0.0
2024-12-19 20:00:00,1.73,1.73,1.73,1.73,0.0
2024-12-20 00:00:00,1.73,1.73,1.73,1.73,0.0
2024-12-20 04:00:00,1.73,1.73,1.73,1.73,0.0
2024-12-20 08:00:00,1.73,1.73,1.73,1.73,0.0
2024-12-20 12:00:00,1.73,1.73,1.73,1.73,0.0
2024-12-20 16:00:00,1.73,1.73,1.73,1.73,0.0
2024-12-20 20:00:00,1.73,1.73,1.73,1.73,0.0
2024-12-21 00:00:00,1.73,1.73,1.73,1.73,0.0
2024-12-21 04:00:00,1.73,1.73,1.73,1.73,0.0
2024-12-21 08:00:00,1.73,1.73,1.73,1.73,0.0
2024-12-21 12:00:00,1.73,1.73,1.73,1.73,0.0
2024-12-21 16:00:00,1.73,1.73,1.73,1.73,0.0
2024-12-21 20:00:00,1.73,1.73,1.73,1.73,0.0
2024-12-22 00:00:00,1.73,1.73,1.73,1.73,0.0
2024-12-22 04:00:00,1.73,1.73,1.73,1.73,0.0
2024-12-22 08:00:00,1.73,1.73,1.73,1.73,0.0
2024-12-22 12:00:00,1.73,1.73,1.73,1.73,0.0
2024-12-22 16:00:00,1.73,1.73,1.73,1.73,0.0
2024-12-22 20:00:00,1.73,1.73,1.73,1.73,0.0
2024-12-23 00:00:00,1.73,1.73,1.73,1.73,0.0
2024-12-23 04:00:00,1.73,1.73,1.73,1.73,0.0
2024-12-23 08:00:00,1.73,1.73,1.73,1.73,0.0
2024-12-23 12:00:00,1.73,1.73,1.73,1.73,0.0
2024-12-23 16:00:00,1.73,1.73,1.73,1.73,0.0
2024-12-23 20:00:00,1.73,1.73,1.73,1.73,0.0
2024-12-24 00:00:00,1.73,1.73,1.73,1.73,0.0
2024-12-24 04:00:00,1.73,1.73,1.73,1.73,0.0
2024-12-24 08:00:00,1.73,1.73,1.73,1.73,0.0
2024-12-24 12:00:00,1.73,1.73,1.73,1.73,0.0
2024-12-24 16:00:00,1.73,1.73,1.73,1.73,0.0
2024-12-24 20:00:00,1.73,1.73,1.73,1.73,0.0
2024-12-25 00:00:00,1.73,1.73,1.73,1.73,0.0
2024-12-25 04:00:00,1.73,1.73,1.73,1.73,0.0
2024-12-25 08:00:00,1.73,1.73,1.73,1.73,0.0
2024-12-25 12:00:00,1.73,1.73,1.73,1.73,0.0
2024-12-25 16:00:00,1.73,1.73,1.73,1.73,0.0
2024-12-25 20:00:00,1.73,1.73,1.73,1.73,0.0
2024-12-26 00:00:00,1.73,1.73,1.73,1.73,0.0
2024-12-26 04:00:00,1.73,1.73,1.73,1.73,0.0
2024-12-26 08:00:00,1.73,1.73,1.73,1.73,0.0
2024-12-26 12:00:00,1.73,1.73,1.73,1.73,0.0
2024-12-26 16:00:00,1.73,1.73,1.73,1.73,0.0
2024-12-26 20:00:00,1.73,1.73,1.73,1.73,0.0
2024-12-27 00:00:00,1.73,1.73,1.73,1.73,0.0
2024-12-27 04:00:00,1.73,1.73,1.73,1.73,0.0
2024-12-27 08:00:00,1.73,1.73,1.73,1.73,0.0
2024-12-27 12:00:00,1.73,1.73,1.73,1.73,0.0
2024-12-27 16:00:00,1.73,1.73,1.73,1.73,0.0
2024-12-27 20:00:00,1.73,1.73,1.73,1.73,0.0
2024-12-28 00:00:00,1.73,1.73,1.73,1.73,0.0
2024-12-28 04:00:00,1.73,1.73,1.73,1.73,0.0
2024-12-28 08:00:00,1.73,1.73,1.73,1.73,0.0
2024-12-28 12:00:00,1.73,1.73,1.73,1.73,0.0
2024-12-28 16:00:00,1.73,1.73,1.73,1.73,0.0
2024-12-28 20:00:00,1.73,1.73,1.73,1.73,0.0
2024-12-29 00:00:00,1.73,1.73,1.73,1.73,0.0
2024-12-29 04:00:00,1.73,1.73,1.73,1.73,0.0
2024-12-29 08:00:00,1.73,1.73,1.73,1.73,0.0
2024-12-29 12:00:00,1.73,1.73,1.73,1.73,0.0
2024-12-29 16:00:00,1.73,1.73,1.73,1.73,0.0
2024-12-29 20:00:00,1.73,1.73,1.73,1.73,0.0
2024-12-30 00:00:00,1.73,1.73,1.73,1.73,0.0
2024-12-30 04:00:00,1.73,1.73,1.73,1.73,0.0
2024-12-30 08:00:00,1.73,1.73,1.73,1.73,0.0
2024-12-30 12:00:00,1.73,1.73,1.73,1.73,0.0
2024-12-30 16:00:00,1.73,1.73,1.73,1.73,0.0
2024-12-30 20:00:00,1.73,1.73,1.73,1.73,0.0
2024-12-31 00:00:00,1.73,1.73,1.73,1.73,0.0
2024-12-31 04:00:00,1.73,1.73,1.73,1.73,0.0
2024-12-31 08:00:00,1.73,1.73,1.73,1.73,0.0
2024-12-31 12:00:00,1.73,1.73,1.73,1.73,0.0
2024-12-31 16:00:00,1.73,1.73,1.73,1.73,0.0
2024-12-31 20:00:00,1.73,1.73,1.73,1.73,0.0
2025-01-01 00:00:00,1.73,1.73,1.73,1.73,0.0
2025-01-01 04:00:00,1.73,1.73,1.73,1.73,0.0
2025-01-01 08:00:00,1.73,1.73,1.73,1.73,0.0
2025-01-01 12:00:00,1.73,1.73,1.73,1.73,0.0
2025-01-01 16:00:00,1.73,1.73,1.73,1.73,0.0
2025-01-01 20:00:00,1.73,1.73,1.73,1.73,0.0
2025-01-02 00:00:00,1.73,1.73,1.73,1.73,0.0
2025-01-02 04:00:00,1.73,1.73,1.73,1.73,0.0
2025-01-02 08:00:00,1.73,1.73,1.73,1.73,0.0
2025-01-02 12:00:00,1.73,1.73,1.73,1.73,0.0
2025-01-02 16:00:00,1.73,1.73,1.73,1.73,0.0
2025-01-02 20:00:00,1.73,1.73,1.73,1.73,0.0
2025-01-03 00:00:00,1.73,1.73,1.73,1.73,0.0
2025-01-03 04:00:00,1.73,1.73,1.73,1.73,0.0
2025-01-03 08:00:00,1.73,1.73,1.73,1.73,0.0
2025-01-03 12:00:00,1.73,1.73,1.73,1.73,0.0
2025-01-03 16:00:00,1.73,1.73,1.73,1.73,0.0
2025-01-03 20:00:00,1.73,1.73,1.73,1.73,0.0
2025-01-04 00:00:00,1.73,1.73,1.73,1.73,0.0
2025-01-04 04:00:00,1.73,1.73,1.73,1.73,0.0
2025-01-04 08:00:00,1.73,1.73,1.73,1.73,0.0
2025-01-04 12:00:00,1.73,1.73,1.73,1.73,0.0
2025-01-04 16:00:00,1.73,1.73,1.73,1.73,0.0
2025-01-04 20:00:00,1.73,1.73,1.73,1.73,0.0
2025-01-05 00:00:00,1.73,1.73,1.73,1.73,0.0
2025-01-05 04:00:00,1.73,1.73,1.73,1.73,0.0
2025-01-05 08:00:00,1.73,1.73,1.73,1.73,0.0
2025-01-05 12:00:00,1.73,1.73,1.73,1.73,0.0
2025-01-05 16:00:00,1.73,1.73,1.73,1.73,0.0
2025-01-05 20:00:00,1.73,1.73,1.73,1.73,0.0
2025-01-06 00:00:00,1.73,1.73,1.73,1.73,0.0
2025-01-06 04:00:00,1.73,1.73,1.73,1.73,0.0
2025-01-06 08:00:00,1.73,1.73,1.73,1.73,0.0
2025-01-06 12:00:00,1.73,1.73,1.73,1.73,0.0
2025-01-06 16:00:00,1.73,1.73,1.73,1.73,0.0
2025-01-06 20:00:00,1.73,1.73,1.73,1.73,0.0
2025-01-07 00:00:00,1.73,1.73,1.73,1.73,0.0
2025-01-07 04:00:00,1.73,1.73,1.73,1.73,0.0
2025-01-07 08:00:00,1.73,1.73,1.73,1.73,0.0
2025-01-07 12:00:00,1.73,1.73,1.73,1.73,0.0
2025-01-07 16:00:00,1.73,1.73,1.73,1.73,0.0
2025-01-07 20:00:00,1.73,1.73,1.73,1.73,0.0
2025-01-08 00:00:00,1.73,1.73,1.73,1.73,0.0
2025-01-08 04:00:00,1.73,1.73,1.73,1.73,0.0
2025-01-08 08:00:00,1.73,1.73,1.73,1.73,0.0
2025-01-08 12:00:00,1.73,1.73,1.73,1.73,0.0
2025-01-08 16:00:00,1.73,1.73,1.73,1.73,0.0
2025-01-08 20:00:00,1.73,1.73,1.73,1.73,0.0
2025-01-09 00:00:00,1.73,1.73,1.73,1.73,0.0
2025-01-09 04:00:00,1.73,1.73,1.73,1.73,0.0
2025-01-09 08:00:00,1.73,1.73,1.73,1.73,0.0
2025-01-09 12:00:00,1.73,1.73,1.73,1.73,0.0
2025-01-09 16:00:00,1.73,1.73,1.73,1.73,0.0
2025-01-09 20:00:00,1.73,1.73,1.73,1.73,0.0
2025-01-10 00:00:00,1.73,1.73,1.73,1.73,0.0
2025-01-10 04:00:00,1.73,1.73,1.73,1.73,0.0
2025-01-10 08:00:00,1.73,1.73,1.73,1.73,0.0
2025-01-10 12:00:00,1.73,1.73,1.73,1.73,0.0
2025-01-10 16:00:00,1.73,1.73,1.73,1.73,0.0
2025-01-10 20:00:00,1.73,1.73,1.73,1.73,0.0
2025-01-11 00:00:00,1.73,1.73,1.73,1.73,0.0
2025-01-11 04:00:00,1.73,1.73,1.73,1.73,0.0
2025-01-11 08:00:00,1.73,1.73,1.73,1.73,0.0
2025-01-11 12:00:00,1.73,1.73,1.73,1.73,0.0
2025-01-11 16:00:00,1.73,1.73,1.73,1.73,0.0
2025-01-11 20:00:00,1.73,1.73,1.73,1.73,0.0
2025-01-12 00:00:00,1.73,1.73,1.73,1.73,0.0
2025-01-12 04:00:00,1.73,1.73,1.73,1.73,0.0
2025-01-12 08:00:00,1.73,1.73,1.73,1.73,0.0
2025-01-12 12:00:00,1.73,1.73,1.73,1.73,0.0
2025-01-12 16:00:00,1.73,1.73,1.73,1.73,0.0
2025-01-12 20:00:00,1.73,1.73,1.73,1.73,0.0
2025-01-13 00:00:00,1.73,1.73,1.73,1.73,0.0
2025-01-13 04:00:00,1.73,1.73,1.73,1.73,0.0
2025-01-13 08:00:00,1.73,1.73,1.73,1.73,0.0
2025-01-13 12:00:00,1.73,1.73,1.73,1.73,0.0
2025-01-13 16:00:00,1.73,1.73,1.73,1.73,0.0
2025-01-13 20:00:00,1.73,1.73,1.73,1.73,0.0
2025-01-14 00:00:00,1.73,1.73,1.73,1.73,0.0
2025-01-14 04:00:00,1.73,1.73,1.73,1.73,0.0
2025-01-14 08:00:00,1.73,1.73,1.73,1.73,0.0
2025-01-14 12:00:00,1.73,1.73,1.73,1.73,0.0
2025-01-14 16:00:00,1.73,1.73,1.73,1.73,0.0
2025-01-14 20:00:00,1.73,1.73,1.73,1.73,0.0
2025-01-15 00:00:00,1.73,1.73,1.73,1.73,0.0
2025-01-15 04:00:00,1.73,1.73,1.73,1.73,0.0
2025-01-15 08:00:00,1.73,1.73,1.73,1.73,0.0
2025-01-15 12:00:00,1.73,1.73,1.73,1.73,0.0
2025-01-15 16:00:00,1.73,1.73,1.73,1.73,0.0
2025-01-15 20:00:00,1.73,1.73,1.73,1.73,0.0
2025-01-16 00:00:00,1.73,1.73,1.73,1.73,0.0
2025-01-16 04:00:00,1.73,1.73,1.73,1.73,0.0
2025-01-16 08:00:00,1.73,1.73,1.73,1.73,0.0
2025-01-16 12:00:00,1.73,1.73,1.73,1.73,0.0
2025-01-16 16:00:00,1.73,1.73,1.73,1.73,0.0
2025-01-16 20:00:00,1.73,1.73,1.73,1.73,0.0
2025-01-17 00:00:00,1.73,1.73,1.73,1.73,0.0
2025-01-17 04:00:00,1.73,1.73,1.73,1.73,0.0
2025-01-17 08:00:00,1.73,1.73,1.73,1.73,0.0
2025-01-17 12:00:00,1.73,1.73,1.73,1.73,0.0
2025-01-17 16:00:00,1.73,1.73,1.73,1.73,0.0
2025-01-17 20:00:00,1.73,1.73,1.73,1.73,0.0
2025-01-18 00:00:00,1.73,1.73,1.73,1.73,0.0
2025-01-18 04:00:00,1.73,1.73,1.73,1.73,0.0
2025-01-18 08:00:00,1.73,1.73,1.73,1.73,0.0
2025-01-18 12:00:00,1.73,1.73,1.73,1.73,0.0
2025-01-18 16:00:00,1.73,1.73,1.73,1.73,0.0
2025-01-18 20:00:00,1.73,1.73,1.73,1.73,0.0
2025-01-19 00:00:00,1.73,1.73,1.73,1.73,0.0
2025-01-19 04:00:00,1.73,1.73,1.73,1.73,0.0
2025-01-19 08:00:00,1.73,1.73,1.73,1.73,0.0
2025-01-19 12:00:00,1.73,1.73,1.73,1.73,0.0
2025-01-19 16:00:00,1.73,1.73,1.73,1.73,0.0
2025-01-19 20:00:00,1.73,1.73,1.73,1.73,0.0
2025-01-20 00:00:00,1.73,1.73,1.73,1.73,0.0
2025-01-20 04:00:00,1.73,1.73,1.73,1.73,0.0
2025-01-20 08:00:00,1.73,1.73,1.73,1.73,0.0
2025-01-20 12:00:00,1.73,1.73,1.73,1.73,0.0
2025-01-20 16:00:00,1.73,1.73,1.73,1.73,0.0
2025-01-20 20:00:00,1.73,1.73,1.73,1.73,0.0
2025-01-21 00:00:00,1.73,1.73,1.73,1.73,0.0
2025-01-21 04:00:00,1.73,1.73,1.73,1.73,0.0
2025-01-21 08:00:00,1.73,1.73,1.73,1.73,0.0
2025-01-21 12:00:00,1.73,1.73,1.73,1.73,0.0
2025-01-21 16:00:00,1.73,1.73,1.73,1.73,0.0
2025-01-21 20:00:00,1.73,1.73,1.73,1.73,0.0
2025-01-22 00:00:00,1.73,1.73,1.73,1.73,0.0
2025-01-22 04:00:00,1.73,1.73,1.73,1.73,0.0
2025-01-22 08:00:00,1.73,1.73,1.73,1.73,0.0
2025-01-22 12:00:00,1.73,1.73,1.73,1.73,0.0
2025-01-22 16:00:00,1.73,1.73,1.73,1.73,0.0
2025-01-22 20:00:00,1.73,1.73,1.73,1.73,0.0
2025-01-23 00:00:00,1.73,1.73,1.73,1.73,0.0
2025-01-23 04:00:00,1.73,1.73,1.73,1.73,0.0
2025-01-23 08:00:00,1.73,1.73,1.73,1.73,0.0
2025-01-23 12:00:00,1.73,1.73,1.73,1.73,0.0
2025-01-23 16:00:00,1.73,1.73,1.73,1.73,0.0
2025-01-23 20:00:00,1.73,1.73,1.73,1.73,0.0
2025-01-24 00:00:00,1.73,1.73,1.73,1.73,0.0
2025-01-24 04:00:00,1.73,1.73,1.73,1.73,0.0
2025-01-24 08:00:00,1.73,1.73,1.73,1.73,0.0
2025-01-24 12:00:00,1.73,1.73,1.73,1.73,0.0
2025-01-24 16:00:00,1.73,1.73,1.73,1.73,0.0
2025-01-24 20:00:00,1.73,1.73,1.73,1.73,0.0
2025-01-25 00:00:00,1.73,1.73,1.73,1.73,0.0
2025-01-25 04:00:00,1.73,1.73,1.73,1.73,0.0
2025-01-25 08:00:00,1.73,1.73,1.73,1.73,0.0
2025-01-25 12:00:00,1.73,1.73,1.73,1.73,0.0
2025-01-25 16:00:00,1.73,1.73,1.73,1.73,0.0
2025-01-25 20:00:00,1.73,1.73,1.73,1.73,0.0
2025-01-26 00:00:00,1.73,1.73,1.73,1.73,0.0
2025-01-26 04:00:00,1.73,1.73,1.73,1.73,0.0
2025-01-26 08:00:00,1.73,1.73,1.73,1.73,0.0
2025-01-26 12:00:00,1.73,1.73,1.73,1.73,0.0
2025-01-26 16:00:00,1.73,1.73,1.73,1.73,0.0
2025-01-26 20:00:00,1.73,1.73,1.73,1.73,0.0
2025-01-27 00:00:00,1.73,1.73,1.73,1.73,0.0
2025-01-27 04:00:00,1.73,1.73,1.73,1.73,0.0
2025-01-27 08:00:00,1.73,1.73,1.73,1.73,0.0
2025-01-27 12:00:00,1.73,1.73,1.73,1.73,0.0
2025-01-27 16:00:00,1.73,1.73,1.73,1.73,0.0
2025-01-27 20:00:00,1.73,1.73,1.73,1.73,0.0
2025-01-28 00:00:00,1.73,1.73,1.73,1.73,0.0
2025-01-28 04:00:00,1.73,1.73,1.73,1.73,0.0
2025-01-28 08:00:00,1.73,1.73,1.73,1.73,0.0
2025-01-28 12:00:00,1.73,1.73,1.73,1.73,0.0
2025-01-28 16:00:00,1.73,1.73,1.73,1.73,0.0
2025-01-28 20:00:00,1.73,1.73,1.73,1.73,0.0
2025-01-29 00:00:00,1.73,1.73,1.73,1.73,0.0
2025-01-29 04:00:00,1.73,1.73,1.73,1.73,0.0
2025-01-29 08:00:00,1.73,1.73,1.73,1.73,0.0
2025-01-29 12:00:00,1.73,1.73,1.73,1.73,0.0
2025-01-29 16:00:00,1.73,1.73,1.73,1.73,0.0
2025-01-29 20:00:00,1.73,1.73,1.73,1.73,0.0
2025-01-30 00:00:00,1.73,1.73,1.73,1.73,0.0
2025-01-30 04:00:00,1.73,1.73,1.73,1.73,0.0
2025-01-30 08:00:00,1.73,1.73,1.73,1.73,0.0
2025-01-30 12:00:00,1.73,1.73,1.73,1.73,0.0
2025-01-30 16:00:00,1.73,1.73,1.73,1.73,0.0
2025-01-30 20:00:00,1.73,1.73,1.73,1.73,0.0
2025-01-31 00:00:00,1.73,1.73,1.73,1.73,0.0
2025-01-31 04:00:00,1.73,1.73,1.73,1.73,0.0
2025-01-31 08:00:00,1.73,1.73,1.73,1.73,0.0
2025-01-31 12:00:00,1.73,1.73,1.73,1.73,0.0
2025-01-31 16:00:00,1.73,1.73,1.73,1.73,0.0
2025-01-31 20:00:00,1.73,1.73,1.73,1.73,0.0
2025-02-01 00:00:00,1.73,1.73,1.73,1.73,0.0
2025-02-01 04:00:00,1.73,1.73,1.73,1.73,0.0
2025-02-01 08:00:00,1.73,1.73,1.73,1.73,0.0
2025-02-01 12:00:00,1.73,1.73,1.73,1.73,0.0
2025-02-01 16:00:00,1.73,1.73,1.73,1.73,0.0
2025-02-01 20:00:00,1.73,1.73,1.73,1.73,0.0
2025-02-02 00:00:00,1.73,1.73,1.73,1.73,0.0
2025-02-02 04:00:00,1.73,1.73,1.73,1.73,0.0
2025-02-02 08:00:00,1.73,1.73,1.73,1.73,0.0
2025-02-02 12:00:00,1.73,1.73,1.73,1.73,0.0
2025-02-02 16:00:00,1.73,1.73,1.73,1.73,0.0
2025-02-02 20:00:00,1.73,1.73,1.73,1.73,0.0
2025-02-03 00:00:00,1.73,1.73,1.73,1.73,0.0
2025-02-03 04:00:00,1.73,1.73,1.73,1.73,0.0
2025-02-03 08:00:00,1.73,1.73,1.73,1.73,0.0
2025-02-03 12:00:00,1.73,1.73,1.73,1.73,0.0
2025-02-03 16:00:00,1.73,1.73,1.73,1.73,0.0
2025-02-03 20:00:00,1.73,1.73,1.73,1.73,0.0
2025-02-04 00:00:00,1.73,1.73,1.73,1.73,0.0
2025-02-04 04:00:00,1.73,1.73,1.73,1.73,0.0
2025-02-04 08:00:00,1.73,1.73,1.73,1.73,0.0
2025-02-04 12:00:00,1.73,1.73,1.73,1.73,0.0
2025-02-04 16:00:00,1.73,1.73,1.73,1.73,0.0
2025-02-04 20:00:00,1.73,1.73,1.73,1.73,0.0
2025-02-05 00:00:00,1.73,1.73,1.73,1.73,0.0
2025-02-05 04:00:00,1.73,1.73,1.73,1.73,0.0
2025-02-05 08:00:00,1.73,1.73,1.73,1.73,0.0
2025-02-05 12:00:00,1.73,1.73,1.73,1.73,0.0
2025-02-05 16:00:00,1.73,1.73,1.73,1.73,0.0
2025-02-05 20:00:00,1.73,1.73,1.73,1.73,0.0
2025-02-06 00:00:00,1.73,1.73,1.73,1.73,0.0
2025-02-06 04:00:00,1.73,1.73,1.73,1.73,0.0
2025-02-06 08:00:00,1.73,1.73,1.73,1.73,0.0
2025-02-06 12:00:00,1.73,1.73,1.73,1.73,0.0
2025-02-06 16:00:00,1.73,1.73,1.73,1.73,0.0
2025-02-06 20:00:00,1.73,1.73,1.73,1.73,0.0
2025-02-07 00:00:00,1.73,1.73,1.73,1.73,0.0
2025-02-07 04:00:00,1.73,1.73,1.73,1.73,0.0
2025-02-07 08:00:00,1.73,1.73,1.73,1.73,0.0
2025-02-07 12:00:00,1.73,1.73,1.73,1.73,0.0
2025-02-07 16:00:00,1.73,1.73,1.73,1.73,0.0
2025-02-07 20:00:00,1.73,1.73,1.73,1.73,0.0
2025-02-08 00:00:00,1.73,1.73,1.73,1.73,0.0
2025-02-08 04:00:00,1.73,1.73,1.73,1.73,0.0
2025-02-08 08:00:00,1.73,1.73,1.73,1.73,0.0
2025-02-08 12:00:00,1.73,1.73,1.73,1.73,0.0
2025-02-08 16:00:00,1.73,1.73,1.73,1.73,0.0
2025-02-08 20:00:00,1.73,1.73,1.73,1.73,0.0
2025-02-09 00:00:00,1.73,1.73,1.73,1.73,0.0
2025-02-09 04:00:00,1.73,1.73,1.73,1.73,0.0
2025-02-09 08:00:00,1.73,1.73,1.73,1.73,0.0
2025-02-09 12:00:00,1.73,1.73,1.73,1.73,0.0
2025-02-09 16:00:00,1.73,1.73,1.73,1.73,0.0
2025-02-09 20:00:00,1.73,1.73,1.73,1.73,0.0
2025-02-10 00:00:00,1.73,1.73,1.73,1.73,0.0
2025-02-10 04:00:00,1.73,1.73,1.73,1.73,0.0
2025-02-10 08:00:00,1.73,1.73,1.73,1.73,0.0
2025-02-10 12:00:00,1.73,1.73,1.73,1.73,0.0
2025-02-10 16:00:00,1.73,1.73,1.73,1.73,0.0
2025-02-10 20:00:00,1.73,1.73,1.73,1.73,0.0
2025-02-11 00:00:00,1.73,1.73,1.73,1.73,0.0
2025-02-11 04:00:00,1.73,1.73,1.73,1.73,0.0
2025-02-11 08:00:00,1.73,1.73,1.73,1.73,0.0
2025-02-11 12:00:00,1.73,1.73,1.73,1.73,0.0
2025-02-11 16:00:00,1.73,1.73,1.73,1.73,0.0
2025-02-11 20:00:00,1.73,1.73,1.73,1.73,0.0
2025-02-12 00:00:00,1.73,1.73,1.73,1.73,0.0
2025-02-12 04:00:00,1.73,1.73,1.73,1.73,0.0
2025-02-12 08:00:00,1.73,1.73,1.73,1.73,0.0
2025-02-12 12:00:00,1.73,1.73,1.73,1.73,0.0
2025-02-12 16:00:00,1.73,1.73,1.73,1.73,0.0
2025-02-12 20:00:00,1.73,1.73,1.73,1.73,0.0
2025-02-13 00:00:00,1.73,1.73,1.73,1.73,0.0
2025-02-13 04:00:00,1.73,1.73,1.73,1.73,0.0
2025-02-13 08:00:00,1.73,1.73,1.73,1.73,0.0
2025-02-13 12:00:00,1.73,1.73,1.73,1.73,0.0
2025-02-13 16:00:00,1.73,1.73,1.73,1.73,0.0
2025-02-13 20:00:00,1.73,1.73,1.73,1.73,0.0
2025-02-14 00:00:00,1.73,1.73,1.73,1.73,0.0
2025-02-14 04:00:00,1.73,1.73,1.73,1.73,0.0
2025-02-14 08:00:00,1.73,1.73,1.73,1.73,0.0
2025-02-14 12:00:00,1.73,1.73,1.73,1.73,0.0
2025-02-14 16:00:00,1.73,1.73,1.73,1.73,0.0
2025-02-14 20:00:00,1.73,1.73,1.73,1.73,0.0
2025-02-15 00:00:00,1.73,1.73,1.73,1.73,0.0
2025-02-15 04:00:00,1.73,1.73,1.73,1.73,0.0
2025-02-15 08:00:00,1.73,1.73,1.73,1.73,0.0
2025-02-15 12:00:00,1.73,1.73,1.73,1.73,0.0
2025-02-15 16:00:00,1.73,1.73,1.73,1.73,0.0
2025-02-15 20:00:00,1.73,1.73,1.73,1.73,0.0
2025-02-16 00:00:00,1.73,1.73,1.73,1.73,0.0
2025-02-16 04:00:00,1.73,1.73,1.73,1.73,0.0
2025-02-16 08:00:00,1.73,1.73,1.73,1.73,0.0
2025-02-16 12:00:00,1.73,1.73,1.73,1.73,0.0
2025-02-16 16:00:00,1.73,1.73,1.73,1.73,0.0
2025-02-16 20:00:00,1.73,1.73,1.73,1.73,0.0
2025-02-17 00:00:00,1.73,1.73,1.73,1.73,0.0
2025-02-17 04:00:00,1.73,1.73,1.73,1.73,0.0
2025-02-17 08:00:00,1.73,1.73,1.73,1.73,0.0
2025-02-17 12:00:00,1.73,1.73,1.73,1.73,0.0
2025-02-17 16:00:00,1.73,1.73,1.73,1.73,0.0
2025-02-17 20:00:00,1.73,1.73,1.73,1.73,0.0
2025-02-18 00:00:00,1.73,1.73,1.73,1.73,0.0
2025-02-18 04:00:00,1.73,1.73,1.73,1.73,0.0
2025-02-18 08:00:00,1.73,1.73,1.73,1.73,0.0
2025-02-18 12:00:00,1.73,1.73,1.73,1.73,0.0
2025-02-18 16:00:00,1.73,1.73,1.73,1.73,0.0
2025-02-18 20:00:00,1.73,1.73,1.73,1.73,0.0
2025-02-19 00:00:00,1.73,1.73,1.73,1.73,0.0
2025-02-19 04:00:00,1.73,1.73,1.73,1.73,0.0
2025-02-19 08:00:00,1.73,1.73,1.73,1.73,0.0
2025-02-19 12:00:00,1.73,1.73,1.73,1.73,0.0
2025-02-19 16:00:00,1.73,1.73,1.73,1.73,0.0
2025-02-19 20:00:00,1.73,1.73,1.73,1.73,0.0
2025-02-20 00:00:00,1.73,1.73,1.73,1.73,0.0
2025-02-20 04:00:00,1.73,1.73,1.73,1.73,0.0
2025-02-20 08:00:00,1.73,1.73,1.73,1.73,0.0
2025-02-20 12:00:00,1.73,1.73,1.73,1.73,0.0
2025-02-20 16:00:00,1.73,1.73,1.73,1.73,0.0
2025-02-20 20:00:00,1.73,1.73,1.73,1.73,0.0
2025-02-21 00:00:00,1.73,1.73,1.73,1.73,0.0
2025-02-21 04:00:00,1.73,1.73,1.73,1.73,0.0
2025-02-21 08:00:00,1.73,1.73,1.73,1.73,0.0
2025-02-21 12:00:00,1.73,1.73,1.73,1.73,0.0
2025-02-21 16:00:00,1.73,1.73,1.73,1.73,0.0
2025-02-21 20:00:00,1.73,1.73,1.73,1.73,0.0
2025-02-22 00:00:00,1.73,1.73,1.73,1.73,0.0
2025-02-22 04:00:00,1.73,1.73,1.73,1.73,0.0
2025-02-22 08:00:00,1.73,1.73,1.73,1.73,0.0
2025-02-22 12:00:00,1.73,1.73,1.73,1.73,0.0
2025-02-22 16:00:00,1.73,1.73,1.73,1.73,0.0
2025-02-22 20:00:00,1.73,1.73,1.73,1.73,0.0
2025-02-23 00:00:00,1.73,1.73,1.73,1.73,0.0
2025-02-23 04:00:00,1.73,1.73,1.73,1.73,0.0
2025-02-23 08:00:00,1.73,1.73,1.73,1.73,0.0
2025-02-23 12:00:00,1.73,1.73,1.73,1.73,0.0
2025-02-23 16:00:00,1.73,1.73,1.73,1.73,0.0
2025-02-23 20:00:00,1.73,1.73,1.73,1.73,0.0
2025-02-24 00:00:00,1.73,1.73,1.73,1.73,0.0
2025-02-24 04:00:00,1.73,1.73,1.73,1.73,0.0
2025-02-24 08:00:00,1.73,1.73,1.73,1.73,0.0
2025-02-24 12:00:00,1.73,1.73,1.73,1.73,0.0
2025-02-24 16:00:00,1.73,1.73,1.73,1.73,0.0
2025-02-24 20:00:00,1.73,1.73,1.73,1.73,0.0
2025-02-25 00:00:00,1.73,1.73,1.73,1.73,0.0
2025-02-25 04:00:00,1.73,1.73,1.73,1.73,0.0
2025-02-25 08:00:00,1.73,1.73,1.73,1.73,0.0
2025-02-25 12:00:00,1.73,1.73,1.73,1.73,0.0
2025-02-25 16:00:00,1.73,1.73,1.73,1.73,0.0
2025-02-25 20:00:00,1.73,1.73,1.73,1.73,0.0
2025-02-26 00:00:00,1.73,1.73,1.73,1.73,0.0
2025-02-26 04:00:00,1.73,1.73,1.73,1.73,0.0
2025-02-26 08:00:00,1.73,1.73,1.73,1.73,0.0
2025-02-26 12:00:00,1.73,1.73,1.73,1.73,0.0
2025-02-26 16:00:00,1.73,1.73,1.73,1.73,0.0
2025-02-26 20:00:00,1.73,1.73,1.73,1.73,0.0
2025-02-27 00:00:00,1.73,1.73,1.73,1.73,0.0
2025-02-27 04:00:00,1.73,1.73,1.73,1.73,0.0
2025-02-27 08:00:00,1.73,1.73,1.73,1.73,0.0
2025-02-27 12:00:00,1.73,1.73,1.73,1.73,0.0
2025-02-27 16:00:00,1.73,1.73,1.73,1.73,0.0
2025-02-27 20:00:00,1.73,1.73,1.73,1.73,0.0
2025-02-28 00:00:00,1.73,1.73,1.73,1.73,0.0
2025-02-28 04:00:00,1.73,1.73,1.73,1.73,0.0
2025-02-28 08:00:00,1.73,1.73,1.73,1.73,0.0
2025-02-28 12:00:00,1.73,1.73,1.73,1.73,0.0
2025-02-28 16:00:00,1.73,1.73,1.73,1.73,0.0
2025-02-28 20:00:00,1.73,1.73,1.73,1.73,0.0
2025-03-01 00:00:00,1.73,1.73,1.73,1.73,0.0
2025-03-01 04:00:00,1.73,1.73,1.73,1.73,0.0
2025-03-01 08:00:00,1.73,1.73,1.73,1.73,0.0
2025-03-01 12:00:00,1.73,1.73,1.73,1.73,0.0
2025-03-01 16:00:00,1.73,1.73,1.73,1.73,0.0
2025-03-01 20:00:00,1.73,1.73,1.73,1.73,0.0
2025-03-02 00:00:00,1.73,1.73,1.73,1.73,0.0
2025-03-02 04:00:00,1.73,1.73,1.73,1.73,0.0
2025-03-02 08:00:00,1.73,1.73,1.73,1.73,0.0
2025-03-02 12:00:00,1.73,1.73,1.73,1.73,0.0
2025-03-02 16:00:00,1.73,1.73,1.73,1.73,0.0
2025-03-02 20:00:00,1.73,1.73,1.73,1.73,0.0
2025-03-03 00:00:00,1.73,1.73,1.73,1.73,0.0
2025-03-03 04:00:00,1.73,1.73,1.73,1.73,0.0
2025-03-03 08:00:00,1.73,1.73,1.73,1.73,0.0
2025-03-03 12:00:00,1.73,1.73,1.73,1.73,0.0
2025-03-03 16:00:00,1.73,1.73,1.73,1.73,0.0
2025-03-03 20:00:00,1.73,1.73,1.73,1.73,0.0
2025-03-04 00:00:00,1.73,1.73,1.73,1.73,0.0
2025-03-04 04:00:00,1.73,1.73,1.73,1.73,0.0
2025-03-04 08:00:00,1.73,1.73,1.73,1.73,0.0
2025-03-04 12:00:00,1.73,1.73,1.73,1.73,0.0
2025-03-04 16:00:00,1.73,1.73,1.73,1.73,0.0
2025-03-04 20:00:00,1.73,1.73,1.73,1.73,0.0
2025-03-05 00:00:00,1.73,1.73,1.73,1.73,0.0
2025-03-05 04:00:00,1.73,1.73,1.73,1.73,0.0
2025-03-05 08:00:00,1.73,1.73,1.73,1.73,0.0
2025-03-05 12:00:00,1.73,1.73,1.73,1.73,0.0
2025-03-05 16:00:00,1.73,1.73,1.73,1.73,0.0
2025-03-05 20:00:00,1.73,1.73,1.73,1.73,0.0
2025-03-06 00:00:00,1.73,1.73,1.73,1.73,0.0
2025-03-06 04:00:00,1.73,1.73,1.73,1.73,0.0
2025-03-06 08:00:00,1.73,1.73,1.73,1.73,0.0
2025-03-06 12:00:00,1.73,1.73,1.73,1.73,0.0
2025-03-06 16:00:00,1.73,1.73,1.73,1.73,0.0
2025-03-06 20:00:00,1.73,1.73,1.73,1.73,0.0
2025-03-07 00:00:00,1.73,1.73,1.73,1.73,0.0
2025-03-07 04:00:00,1.73,1.73,1.73,1.73,0.0
2025-03-07 08:00:00,1.73,1.73,1.73,1.73,0.0
2025-03-07 12:00:00,1.73,1.73,1.73,1.73,0.0
2025-03-07 16:00:00,1.73,1.73,1.73,1.73,0.0
2025-03-07 20:00:00,1.73,1.73,1.73,1.73,0.0
2025-03-08 00:00:00,1.73,1.73,1.73,1.73,0.0
2025-03-08 04:00:00,1.73,1.73,1.73,1.73,0.0
2025-03-08 08:00:00,1.73,1.73,1.73,1.73,0.0
2025-03-08 12:00:00,1.73,1.73,1.73,1.73,0.0
2025-03-08 16:00:00,1.73,1.73,1.73,1.73,0.0
2025-03-08 20:00:00,1.73,1.73,1.73,1.73,0.0
2025-03-09 00:00:00,1.73,1.73,1.73,1.73,0.0
2025-03-09 04:00:00,1.73,1.73,1.73,1.73,0.0
2025-03-09 08:00:00,1.73,1.73,1.73,1.73,0.0
2025-03-09 12:00:00,1.73,1.73,1.73,1.73,0.0
2025-03-09 16:00:00,1.73,1.73,1.73,1.73,0.0
2025-03-09 20:00:00,1.73,1.73,1.73,1.73,0.0
2025-03-10 00:00:00,1.73,1.73,1.73,1.73,0.0
2025-03-10 04:00:00,1.73,1.73,1.73,1.73,0.0
2025-03-10 08:00:00,1.73,1.73,1.73,1.73,0.0
2025-03-10 12:00:00,1.73,1.73,1.73,1.73,0.0
2025-03-10 16:00:00,1.73,1.73,1.73,1.73,0.0
2025-03-10 20:00:00,1.73,1.73,1.73,1.73,0.0
2025-03-11 00:00:00,1.73,1.73,1.73,1.73,0.0
2025-03-11 04:00:00,1.73,1.73,1.73,1.73,0.0
2025-03-11 08:00:00,1.73,1.73,1.73,1.73,0.0
2025-03-11 12:00:00,1.73,1.73,1.73,1.73,0.0
2025-03-11 16:00:00,1.73,1.73,1.73,1.73,0.0
2025-03-11 20:00:00,1.73,1.73,1.73,1.73,0.0
2025-03-12 00:00:00,1.73,1.73,1.73,1.73,0.0
2025-03-12 04:00:00,1.73,1.73,1.73,1.73,0.0
2025-03-12 08:00:00,1.73,1.73,1.73,1.73,0.0
2025-03-12 12:00:00,1.73,1.73,1.73,1.73,0.0
2025-03-12 16:00:00,1.73,1.73,1.73,1.73,0.0
2025-03-12 20:00:00,1.73,1.73,1.73,1.73,0.0
2025-03-13 00:00:00,1.73,1.73,1.73,1.73,0.0
2025-03-13 04:00:00,1.73,1.73,1.73,1.73,0.0
2025-03-13 08:00:00,1.73,1.73,1.73,1.73,0.0
2025-03-13 12:00:00,1.73,1.73,1.73,1.73,0.0
2025-03-13 16:00:00,1.73,1.73,1.73,1.73,0.0
2025-03-13 20:00:00,1.73,1.73,1.73,1.73,0.0
2025-03-14 00:00:00,1.73,1.73,1.73,1.73,0.0
2025-03-14 04:00:00,1.73,1.73,1.73,1.73,0.0
2025-03-14 08:00:00,1.73,1.73,1.73,1.73,0.0
2025-03-14 12:00:00,1.73,1.73,1.73,1.73,0.0
2025-03-14 16:00:00,1.73,1.73,1.73,1.73,0.0
2025-03-14 20:00:00,1.73,1.73,1.73,1.73,0.0
2025-03-15 00:00:00,1.73,1.73,1.73,1.73,0.0
2025-03-15 04:00:00,1.73,1.73,1.73,1.73,0.0
2025-03-15 08:00:00,1.73,1.73,1.73,1.73,0.0
2025-03-15 12:00:00,1.73,1.73,1.73,1.73,0.0
2025-03-15 16:00:00,1.73,1.73,1.73,1.73,0.0
2025-03-15 20:00:00,1.73,1.73,1.73,1.73,0.0
2025-03-16 00:00:00,1.73,1.73,1.73,1.73,0.0
2025-03-16 04:00:00,1.73,1.73,1.73,1.73,0.0
2025-03-16 08:00:00,1.73,1.73,1.73,1.73,0.0
2025-03-16 12:00:00,1.73,1.73,1.73,1.73,0.0
2025-03-16 16:00:00,1.73,1.73,1.73,1.73,0.0
2025-03-16 20:00:00,1.73,1.73,1.73,1.73,0.0
2025-03-17 00:00:00,1.73,1.73,1.73,1.73,0.0
2025-03-17 04:00:00,1.73,1.73,1.73,1.73,0.0
2025-03-17 08:00:00,1.73,1.73,1.73,1.73,0.0
2025-03-17 12:00:00,1.73,1.73,1.73,1.73,0.0
2025-03-17 16:00:00,1.73,1.73,1.73,1.73,0.0
2025-03-17 20:00:00,1.73,1.73,1.73,1.73,0.0
2025-03-18 00:00:00,1.73,1.73,1.73,1.73,0.0
2025-03-18 04:00:00,1.73,1.73,1.73,1.73,0.0
2025-03-18 08:00:00,1.73,1.73,1.73,1.73,0.0
2025-03-18 12:00:00,1.73,1.73,1.73,1.73,0.0
2025-03-18 16:00:00,1.73,1.73,1.73,1.73,0.0
2025-03-18 20:00:00,1.73,1.73,1.73,1.73,0.0
2025-03-19 00:00:00,1.73,1.73,1.73,1.73,0.0
2025-03-19 04:00:00,1.73,1.73,1.73,1.73,0.0
2025-03-19 08:00:00,1.73,1.73,1.73,1.73,0.0
2025-03-19 12:00:00,1.73,1.73,1.73,1.73,0.0
2025-03-19 16:00:00,1.73,1.73,1.73,1.73,0.0
2025-03-19 20:00:00,1.73,1.73,1.73,1.73,0.0
2025-03-20 00:00:00,1.73,1.73,1.73,1.73,0.0
2025-03-20 04:00:00,1.73,1.73,1.73,1.73,0.0
2025-03-20 08:00:00,1.73,1.73,1.73,1.73,0.0
2025-03-20 12:00:00,1.73,1.73,1.73,1.73,0.0
2025-03-20 16:00:00,1.73,1.73,1.73,1.73,0.0
2025-03-20 20:00:00,1.73,1.73,1.73,1.73,0.0
2025-03-21 00:00:00,1.73,1.73,1.73,1.73,0.0
2025-03-21 04:00:00,1.73,1.73,1.73,1.73,0.0
2025-03-21 08:00:00,1.73,1.73,1.73,1.73,0.0
2025-03-21 12:00:00,1.73,1.73,1.73,1.73,0.0
2025-03-21 16:00:00,1.73,1.73,1.73,1.73,0.0
2025-03-21 20:00:00,1.73,1.73,1.73,1.73,0.0
2025-03-22 00:00:00,1.73,1.73,1.73,1.73,0.0
2025-03-22 04:00:00,1.73,1.73,1.73,1.73,0.0
2025-03-22 08:00:00,1.73,1.73,1.73,1.73,0.0
2025-03-22 12:00:00,1.73,1.73,1.73,1.73,0.0
2025-03-22 16:00:00,1.73,1.73,1.73,1.73,0.0
2025-03-22 20:00:00,1.73,1.73,1.73,1.73,0.0
2025-03-23 00:00:00,1.73,1.73,1.73,1.73,0.0
2025-03-23 04:00:00,1.73,1.73,1.73,1.73,0.0
2025-03-23 08:00:00,1.73,1.73,1.73,1.73,0.0
2025-03-23 12:00:00,1.73,1.73,1.73,1.73,0.0
2025-03-23 16:00:00,1.73,1.73,1.73,1.73,0.0
2025-03-23 20:00:00,1.73,1.73,1.73,1.73,0.0
2025-03-24 00:00:00,1.73,1.73,1.73,1.73,0.0
2025-03-24 04:00:00,1.73,1.73,1.73,1.73,0.0
2025-03-24 08:00:00,1.73,1.73,1.73,1.73,0.0
2025-03-24 12:00:00,1.73,1.73,1.73,1.73,0.0
2025-03-24 16:00:00,1.73,1.73,1.73,1.73,0.0
2025-03-24 20:00:00,1.73,1.73,1.73,1.73,0.0
2025-03-25 00:00:00,1.73,1.73,1.73,1.73,0.0
2025-03-25 04:00:00,1.73,1.73,1.73,1.73,0.0
2025-03-25 08:00:00,1.73,1.73,1.73,1.73,0.0
2025-03-25 12:00:00,1.73,1.73,1.73,1.73,0.0
2025-03-25 16:00:00,1.73,1.73,1.73,1.73,0.0
2025-03-25 20:00:00,1.73,1.73,1.73,1.73,0.0
2025-03-26 00:00:00,1.73,1.73,1.73,1.73,0.0
2025-03-26 04:00:00,1.73,1.73,1.73,1.73,0.0
2025-03-26 08:00:00,1.73,1.73,1.73,1.73,0.0
2025-03-26 12:00:00,1.73,1.73,1.73,1.73,0.0
2025-03-26 16:00:00,1.73,1.73,1.73,1.73,0.0
2025-03-26 20:00:00,1.73,1.73,1.73,1.73,0.0
2025-03-27 00:00:00,1.73,1.73,1.73,1.73,0.0
2025-03-27 04:00:00,1.73,1.73,1.73,1.73,0.0
2025-03-27 08:00:00,1.73,1.73,1.73,1.73,0.0
2025-03-27 12:00:00,1.73,1.73,1.73,1.73,0.0
2025-03-27 16:00:00,1.73,1.73,1.73,1.73,0.0
2025-03-27 20:00:00,1.73,1.73,1.73,1.73,0.0
2025-03-28 00:00:00,1.73,1.73,1.73,1.73,0.0
2025-03-28 04:00:00,1.73,1.73,1.73,1.73,0.0
2025-03-28 08:00:00,1.73,1.73,1.73,1.73,0.0
2025-03-28 12:00:00,1.73,1.73,1.73,1.73,0.0
2025-03-28 16:00:00,1.73,1.73,1.73,1.73,0.0
2025-03-28 20:00:00,1.73,1.73,1.73,1.73,0.0
2025-03-29 00:00:00,1.73,1.73,1.73,1.73,0.0
2025-03-29 04:00:00,1.73,1.73,1.73,1.73,0.0
2025-03-29 08:00:00,1.73,1.73,1.73,1.73,0.0
2025-03-29 12:00:00,1.73,1.73,1.73,1.73,0.0
2025-03-29 16:00:00,1.73,1.73,1.73,1.73,0.0
2025-03-29 20:00:00,1.73,1.73,1.73,1.73,0.0
2025-03-30 00:00:00,1.73,1.73,1.73,1.73,0.0
2025-03-30 04:00:00,1.73,1.73,1.73,1.73,0.0
2025-03-30 08:00:00,1.73,1.73,1.73,1.73,0.0
2025-03-30 12:00:00,1.73,1.73,1.73,1.73,0.0
2025-03-30 16:00:00,1.73,1.73,1.73,1.73,0.0
2025-03-30 20:00:00,1.73,1.73,1.73,1.73,0.0
2025-03-31 00:00:00,1.73,1.73,1.73,1.73,0.0
2025-03-31 04:00:00,1.73,1.73,1.73,1.73,0.0
2025-03-31 08:00:00,1.73,1.73,1.73,1.73,0.0
2025-03-31 12:00:00,1.73,1.73,1.73,1.73,0.0
2025-03-31 16:00:00,1.73,1.73,1.73,1.73,0.0
2025-03-31 20:00:00,1.73,1.73,1.73,1.73,0.0
2025-04-01 00:00:00,1.73,1.73,1.73,1.73,0.0
2025-04-01 04:00:00,1.73,1.73,1.73,1.73,0.0
2025-04-01 08:00:00,1.73,1.73,1.73,1.73,0.0
2025-04-01 12:00:00,1.73,1.73,1.73,1.73,0.0
2025-04-01 16:00:00,1.73,1.73,1.73,1.73,0.0
2025-04-01 20:00:00,1.73,1.73,1.73,1.73,0.0
2025-04-02 00:00:00,1.73,1.73,1.73,1.73,0.0
2025-04-02 04:00:00,1.73,1.73,1.73,1.73,0.0
2025-04-02 08:00:00,1.73,1.73,1.73,1.73,0.0
2025-04-02 12:00:00,1.73,1.73,1.73,1.73,0.0
2025-04-02 16:00:00,1.73,1.73,1.73,1.73,0.0
2025-04-02 20:00:00,1.73,1.73,1.73,1.73,0.0
2025-04-03 00:00:00,1.73,1.73,1.73,1.73,0.0
2025-04-03 04:00:00,1.73,1.73,1.73,1.73,0.0
2025-04-03 08:00:00,1.73,1.73,1.73,1.73,0.0
2025-04-03 12:00:00,1.73,1.73,1.73,1.73,0.0
2025-04-03 16:00:00,1.73,1.73,1.73,1.73,0.0
2025-04-03 20:00:00,1.73,1.73,1.73,1.73,0.0
2025-04-04 00:00:00,1.73,1.73,1.73,1.73,0.0
2025-04-04 04:00:00,1.73,1.73,1.73,1.73,0.0
2025-04-04 08:00:00,1.73,1.73,1.73,1.73,0.0
2025-04-04 12:00:00,1.73,1.73,1.73,1.73,0.0
2025-04-04 16:00:00,1.73,1.73,1.73,1.73,0.0
2025-04-04 20:00:00,1.73,1.73,1.73,1.73,0.0
2025-04-05 00:00:00,1.73,1.73,1.73,1.73,0.0
2025-04-05 04:00:00,1.73,1.73,1.73,1.73,0.0
2025-04-05 08:00:00,1.73,1.73,1.73,1.73,0.0
2025-04-05 12:00:00,1.73,1.73,1.73,1.73,0.0
2025-04-05 16:00:00,1.73,1.73,1.73,1.73,0.0
2025-04-05 20:00:00,1.73,1.73,1.73,1.73,0.0
2025-04-06 00:00:00,1.73,1.73,1.73,1.73,0.0
2025-04-06 04:00:00,1.73,1.73,1.73,1.73,0.0
2025-04-06 08:00:00,1.73,1.73,1.73,1.73,0.0
2025-04-06 12:00:00,1.73,1.73,1.73,1.73,0.0
2025-04-06 16:00:00,1.73,1.73,1.73,1.73,0.0
2025-04-06 20:00:00,1.73,1.73,1.73,1.73,0.0
2025-04-07 00:00:00,1.73,1.73,1.73,1.73,0.0
2025-04-07 04:00:00,1.73,1.73,1.73,1.73,0.0
2025-04-07 08:00:00,1.73,1.73,1.73,1.73,0.0
2025-04-07 12:00:00,1.73,1.73,1.73,1.73,0.0
2025-04-07 16:00:00,1.73,1.73,1.73,1.73,0.0
2025-04-07 20:00:00,1.73,1.73,1.73,1.73,0.0
2025-04-08 00:00:00,1.73,1.73,1.73,1.73,0.0
2025-04-08 04:00:00,1.73,1.73,1.73,1.73,0.0
2025-04-08 08:00:00,1.73,1.73,1.73,1.73,0.0
2025-04-08 12:00:00,1.73,1.73,1.73,1.73,0.0
2025-04-08 16:00:00,1.73,1.73,1.73,1.73,0.0
2025-04-08 20:00:00,1.73,1.73,1.73,1.73,0.0
2025-04-09 00:00:00,1.73,1.73,1.73,1.73,0.0
2025-04-09 04:00:00,1.73,1.73,1.73,1.73,0.0
2025-04-09 08:00:00,1.73,1.73,1.73,1.73,0.0
2025-04-09 12:00:00,1.73,1.73,1.73,1.73,0.0
2025-04-09 16:00:00,1.73,1.73,1.73,1.73,0.0
2025-04-09 20:00:00,1.73,1.73,1.73,1.73,0.0
2025-04-10 00:00:00,1.73,1.73,1.73,1.73,0.0
2025-04-10 04:00:00,1.73,1.73,1.73,1.73,0.0
2025-04-10 08:00:00,1.73,1.73,1.73,1.73,0.0
2025-04-10 12:00:00,1.73,1.73,1.73,1.73,0.0
2025-04-10 16:00:00,1.73,1.73,1.73,1.73,0.0
2025-04-10 20:00:00,1.73,1.73,1.73,1.73,0.0
2025-04-11 00:00:00,1.73,1.73,1.73,1.73,0.0
2025-04-11 04:00:00,1.73,1.73,1.73,1.73,0.0
2025-04-11 08:00:00,1.73,1.73,1.73,1.73,0.0
2025-04-11 12:00:00,1.73,1.73,1.73,1.73,0.0
2025-04-11 16:00:00,1.73,1.73,1.73,1.73,0.0
2025-04-11 20:00:00,1.73,1.73,1.73,1.73,0.0
2025-04-12 00:00:00,1.73,1.73,1.73,1.73,0.0
2025-04-12 04:00:00,1.73,1.73,1.73,1.73,0.0
2025-04-12 08:00:00,1.73,1.73,1.73,1.73,0.0
2025-04-12 12:00:00,1.73,1.73,1.73,1.73,0.0
2025-04-12 16:00:00,1.73,1.73,1.73,1.73,0.0
2025-04-12 20:00:00,1.73,1.73,1.73,1.73,0.0
2025-04-13 00:00:00,1.73,1.73,1.73,1.73,0.0
2025-04-13 04:00:00,1.73,1.73,1.73,1.73,0.0
2025-04-13 08:00:00,1.73,1.73,1.73,1.73,0.0
2025-04-13 12:00:00,1.73,1.73,1.73,1.73,0.0
2025-04-13 16:00:00,1.73,1.73,1.73,1.73,0.0
2025-04-13 20:00:00,1.73,1.73,1.73,1.73,0.0
2025-04-14 00:00:00,1.73,1.73,1.73,1.73,0.0
2025-04-14 04:00:00,1.73,1.73,1.73,1.73,0.0
2025-04-14 08:00:00,1.73,1.73,1.73,1.73,0.0
2025-04-14 12:00:00,1.73,1.73,1.73,1.73,0.0
2025-04-14 16:00:00,1.73,1.73,1.73,1.73,0.0
2025-04-14 20:00:00,1.73,1.73,1.73,1.73,0.0
2025-04-15 00:00:00,1.73,1.73,1.73,1.73,0.0
2025-04-15 04:00:00,1.73,1.73,1.73,1.73,0.0
2025-04-15 08:00:00,1.73,1.73,1.73,1.73,0.0
2025-04-15 12:00:00,1.73,1.73,1.73,1.73,0.0
2025-04-15 16:00:00,1.73,1.73,1.73,1.73,0.0
2025-04-15 20:00:00,1.73,1.73,1.73,1.73,0.0
2025-04-16 00:00:00,1.73,1.73,1.73,1.73,0.0
2025-04-16 04:00:00,1.73,1.73,1.73,1.73,0.0
2025-04-16 08:00:00,1.73,1.73,1.73,1.73,0.0
2025-04-16 12:00:00,1.73,1.73,1.73,1.73,0.0
2025-04-16 16:00:00,1.73,1.73,1.73,1.73,0.0
2025-04-16 20:00:00,1.73,1.73,1.73,1.73,0.0
2025-04-17 00:00:00,1.73,1.73,1.73,1.73,0.0
2025-04-17 04:00:00,1.73,1.73,1.73,1.73,0.0
2025-04-17 08:00:00,1.73,1.73,1.73,1.73,0.0
2025-04-17 12:00:00,1.73,1.73,1.73,1.73,0.0
2025-04-17 16:00:00,1.73,1.73,1.73,1.73,0.0
2025-04-17 20:00:00,1.73,1.73,1.73,1.73,0.0
2025-04-18 00:00:00,1.73,1.73,1.73,1.73,0.0
2025-04-18 04:00:00,1.73,1.73,1.73,1.73,0.0
2025-04-18 08:00:00,1.73,1.73,1.73,1.73,0.0
2025-04-18 12:00:00,1.73,1.73,1.73,1.73,0.0
2025-04-18 16:00:00,1.73,1.73,1.73,1.73,0.0
2025-04-18 20:00:00,1.73,1.73,1.73,1.73,0.0
2025-04-19 00:00:00,1.73,1.73,1.73,1.73,0.0
2025-04-19 04:00:00,1.73,1.73,1.73,1.73,0.0
2025-04-19 08:00:00,1.73,1.73,1.73,1.73,0.0
2025-04-19 12:00:00,1.73,1.73,1.73,1.73,0.0
2025-04-19 16:00:00,1.73,1.73,1.73,1.73,0.0
2025-04-19 20:00:00,1.73,1.73,1.73,1.73,0.0
2025-04-20 00:00:00,1.73,1.73,1.73,1.73,0.0
2025-04-20 04:00:00,1.73,1.73,1.73,1.73,0.0
2025-04-20 08:00:00,1.73,1.73,1.73,1.73,0.0
2025-04-20 12:00:00,1.73,1.73,1.73,1.73,0.0
2025-04-20 16:00:00,1.73,1.73,1.73,1.73,0.0
2025-04-20 20:00:00,1.73,1.73,1.73,1.73,0.0
2025-04-21 00:00:00,1.73,1.73,1.73,1.73,0.0
2025-04-21 04:00:00,1.73,1.73,1.73,1.73,0.0
2025-04-21 08:00:00,1.73,1.73,1.73,1.73,0.0
2025-04-21 12:00:00,1.73,1.73,1.73,1.73,0.0
2025-04-21 16:00:00,1.73,1.73,1.73,1.73,0.0
2025-04-21 20:00:00,1.73,1.73,1.73,1.73,0.0
2025-04-22 00:00:00,1.73,1.73,1.73,1.73,0.0
2025-04-22 04:00:00,1.73,1.73,1.73,1.73,0.0
2025-04-22 08:00:00,1.73,1.73,1.73,1.73,0.0
2025-04-22 12:00:00,1.73,1.73,1.73,1.73,0.0
2025-04-22 16:00:00,1.73,1.73,1.73,1.73,0.0
2025-04-22 20:00:00,1.73,1.73,1.73,1.73,0.0
2025-04-23 00:00:00,1.73,1.73,1.73,1.73,0.0
2025-04-23 04:00:00,1.73,1.73,1.73,1.73,0.0
2025-04-23 08:00:00,1.73,1.73,1.73,1.73,0.0
2025-04-23 12:00:00,1.73,1.73,1.73,1.73,0.0
2025-04-23 16:00:00,1.73,1.73,1.73,1.73,0.0
2025-04-23 20:00:00,1.73,1.73,1.73,1.73,0.0
2025-04-24 00:00:00,1.73,1.73,1.73,1.73,0.0
2025-04-24 04:00:00,1.73,1.73,1.73,1.73,0.0
2025-04-24 08:00:00,1.73,1.73,1.73,1.73,0.0
2025-04-24 12:00:00,1.73,1.73,1.73,1.73,0.0
2025-04-24 16:00:00,1.73,1.73,1.73,1.73,0.0
2025-04-24 20:00:00,1.73,1.73,1.73,1.73,0.0
2025-04-25 00:00:00,1.73,1.73,1.73,1.73,0.0
2025-04-25 04:00:00,1.73,1.73,1.73,1.73,0.0
2025-04-25 08:00:00,1.73,1.73,1.73,1.73,0.0
2025-04-25 12:00:00,1.73,1.73,1.73,1.73,0.0
2025-04-25 16:00:00,1.73,1.73,1.73,1.73,0.0
2025-04-25 20:00:00,1.73,1.73,1.73,1.73,0.0
2025-04-26 00:00:00,1.73,1.73,1.73,1.73,0.0
2025-04-26 04:00:00,1.73,1.73,1.73,1.73,0.0
2025-04-26 08:00:00,1.73,1.73,1.73,1.73,0.0
2025-04-26 12:00:00,1.73,1.73,1.73,1.73,0.0
2025-04-26 16:00:00,1.73,1.73,1.73,1.73,0.0
2025-04-26 20:00:00,1.73,1.73,1.73,1.73,0.0
2025-04-27 00:00:00,1.73,1.73,1.73,1.73,0.0
2025-04-27 04:00:00,1.73,1.73,1.73,1.73,0.0
2025-04-27 08:00:00,1.73,1.73,1.73,1.73,0.0
2025-04-27 12:00:00,1.73,1.73,1.73,1.73,0.0
2025-04-27 16:00:00,1.73,1.73,1.73,1.73,0.0
2025-04-27 20:00:00,1.73,1.73,1.73,1.73,0.0
2025-04-28 00:00:00,1.73,1.73,1.73,1.73,0.0
2025-04-28 04:00:00,1.73,1.73,1.73,1.73,0.0
2025-04-28 08:00:00,1.73,1.73,1.73,1.73,0.0
2025-04-28 12:00:00,1.73,1.73,1.73,1.73,0.0
2025-04-28 16:00:00,1.73,1.73,1.73,1.73,0.0
2025-04-28 20:00:00,1.73,1.73,1.73,1.73,0.0
2025-04-29 00:00:00,1.73,1.73,1.73,1.73,0.0
2025-04-29 04:00:00,1.73,1.73,1.73,1.73,0.0
2025-04-29 08:00:00,1.73,1.73,1.73,1.73,0.0
2025-04-29 12:00:00,1.73,1.73,1.73,1.73,0.0
2025-04-29 16:00:00,1.73,1.73,1.73,1.73,0.0
2025-04-29 20:00:00,1.73,1.73,1.73,1.73,0.0
2025-04-30 00:00:00,1.73,1.73,1.73,1.73,0.0
2025-04-30 04:00:00,1.73,1.73,1.73,1.73,0.0
2025-04-30 08:00:00,1.73,1.73,1.73,1.73,0.0
2025-04-30 12:00:00,1.73,1.73,1.73,1.73,0.0
2025-04-30 16:00:00,1.73,1.73,1.73,1.73,0.0
2025-04-30 20:00:00,1.73,1.73,1.73,1.73,0.0
2025-05-01 00:00:00,1.73,1.73,1.73,1.73,0.0
2025-05-01 04:00:00,1.73,1.73,1.73,1.73,0.0
2025-05-01 08:00:00,1.73,1.73,1.73,1.73,0.0
2025-05-01 12:00:00,1.73,1.73,1.73,1.73,0.0
2025-05-01 16:00:00,1.73,1.73,1.73,1.73,0.0
2025-05-01 20:00:00,1.73,1.73,1.73,1.73,0.0
2025-05-02 00:00:00,1.73,1.73,1.73,1.73,0.0
2025-05-02 04:00:00,1.73,1.73,1.73,1.73,0.0
2025-05-02 08:00:00,1.73,1.73,1.73,1.73,0.0
2025-05-02 12:00:00,1.73,1.73,1.73,1.73,0.0
2025-05-02 16:00:00,1.73,1.73,1.73,1.73,0.0
2025-05-02 20:00:00,1.73,1.73,1.73,1.73,0.0
2025-05-03 00:00:00,1.73,1.73,1.73,1.73,0.0
2025-05-03 04:00:00,1.73,1.73,1.73,1.73,0.0
2025-05-03 08:00:00,1.73,1.73,1.73,1.73,0.0
2025-05-03 12:00:00,1.73,1.73,1.73,1.73,0.0
2025-05-03 16:00:00,1.73,1.73,1.73,1.73,0.0
2025-05-03 20:00:00,1.73,1.73,1.73,1.73,0.0
2025-05-04 00:00:00,1.73,1.73,1.73,1.73,0.0
2025-05-04 04:00:00,1.73,1.73,1.73,1.73,0.0
2025-05-04 08:00:00,1.73,1.73,1.73,1.73,0.0
2025-05-04 12:00:00,1.73,1.73,1.73,1.73,0.0
2025-05-04 16:00:00,1.73,1.73,1.73,1.73,0.0
2025-05-04 20:00:00,1.73,1.73,1.73,1.73,0.0
2025-05-05 00:00:00,1.73,1.73,1.73,1.73,0.0
2025-05-05 04:00:00,1.73,1.73,1.73,1.73,0.0
2025-05-05 08:00:00,1.73,1.73,1.73,1.73,0.0
2025-05-05 12:00:00,1.73,1.73,1.73,1.73,0.0
2025-05-05 16:00:00,1.73,1.73,1.73,1.73,0.0
2025-05-05 20:00:00,1.73,1.73,1.73,1.73,0.0
2025-05-06 00:00:00,1.73,1.73,1.73,1.73,0.0
2025-05-06 04:00:00,1.73,1.73,1.73,1.73,0.0
2025-05-06 08:00:00,1.73,1.73,1.73,1.73,0.0
2025-05-06 12:00:00,1.73,1.73,1.73,1.73,0.0
2025-05-06 16:00:00,1.73,1.73,1.73,1.73,0.0
2025-05-06 20:00:00,1.73,1.73,1.73,1.73,0.0
2025-05-07 00:00:00,1.73,1.73,1.73,1.73,0.0
2025-05-07 04:00:00,1.73,1.73,1.73,1.73,0.0
2025-05-07 08:00:00,1.73,1.73,1.73,1.73,0.0
2025-05-07 12:00:00,1.73,1.73,1.73,1.73,0.0
2025-05-07 16:00:00,1.73,1.73,1.73,1.73,0.0
2025-05-07 20:00:00,1.73,1.73,1.73,1.73,0.0
2025-05-08 00:00:00,1.73,1.73,1.73,1.73,0.0
2025-05-08 04:00:00,1.73,1.73,1.73,1.73,0.0
2025-05-08 08:00:00,1.73,1.73,1.73,1.73,0.0
2025-05-08 12:00:00,1.73,1.73,1.73,1.73,0.0
2025-05-08 16:00:00,1.73,1.73,1.73,1.73,0.0
2025-05-08 20:00:00,1.73,1.73,1.73,1.73,0.0
2025-05-09 00:00:00,1.73,1.73,1.73,1.73,0.0
2025-05-09 04:00:00,1.73,1.73,1.73,1.73,0.0
2025-05-09 08:00:00,1.73,1.73,1.73,1.73,0.0
2025-05-09 12:00:00,1.73,1.73,1.73,1.73,0.0
2025-05-09 16:00:00,1.73,1.73,1.73,1.73,0.0
2025-05-09 20:00:00,1.73,1.73,1.73,1.73,0.0
2025-05-10 00:00:00,1.73,1.73,1.73,1.73,0.0
2025-05-10 04:00:00,1.73,1.73,1.73,1.73,0.0
2025-05-10 08:00:00,1.73,1.73,1.73,1.73,0.0
2025-05-10 12:00:00,1.73,1.73,1.73,1.73,0.0
2025-05-10 16:00:00,1.73,1.73,1.73,1.73,0.0
2025-05-10 20:00:00,1.73,1.73,1.73,1.73,0.0
2025-05-11 00:00:00,1.73,1.73,1.73,1.73,0.0
2025-05-11 04:00:00,1.73,1.73,1.73,1.73,0.0
2025-05-11 08:00:00,1.73,1.73,1.73,1.73,0.0
2025-05-11 12:00:00,1.73,1.73,1.73,1.73,0.0
2025-05-11 16:00:00,1.73,1.73,1.73,1.73,0.0
2025-05-11 20:00:00,1.73,1.73,1.73,1.73,0.0
2025-05-12 00:00:00,1.73,1.73,1.73,1.73,0.0
2025-05-12 04:00:00,1.73,1.73,1.73,1.73,0.0
2025-05-12 08:00:00,1.73,1.73,1.73,1.73,0.0
2025-05-12 12:00:00,1.73,1.73,1.73,1.73,0.0
2025-05-12 16:00:00,1.73,1.73,1.73,1.73,0.0
2025-05-12 20:00:00,1.73,1.73,1.73,1.73,0.0
2025-05-13 00:00:00,1.73,1.73,1.73,1.73,0.0
2025-05-13 04:00:00,1.73,1.73,1.73,1.73,0.0
2025-05-13 08:00:00,1.73,1.73,1.73,1.73,0.0
2025-05-13 12:00:00,1.73,1.73,1.73,1.73,0.0
2025-05-13 16:00:00,1.73,1.73,1.73,1.73,0.0
2025-05-13 20:00:00,1.73,1.73,1.73,1.73,0.0
2025-05-14 00:00:00,1.73,1.73,1.73,1.73,0.0
2025-05-14 04:00:00,1.73,1.73,1.73,1.73,0.0
2025-05-14 08:00:00,1.73,1.73,1.73,1.73,0.0
2025-05-14 12:00:00,1.73,1.73,1.73,1.73,0.0
2025-05-14 16:00:00,1.73,1.73,1.73,1.73,0.0
2025-05-14 20:00:00,1.73,1.73,1.73,1.73,0.0
2025-05-15 00:00:00,1.73,1.73,1.73,1.73,0.0
2025-05-15 04:00:00,1.73,1.73,1.73,1.73,0.0
2025-05-15 08:00:00,1.73,1.73,1.73,1.73,0.0
2025-05-15 12:00:00,1.73,1.73,1.73,1.73,0.0
2025-05-15 16:00:00,1.73,1.73,1.73,1.73,0.0
2025-05-15 20:00:00,1.73,1.73,1.73,1.73,0.0
2025-05-16 00:00:00,1.73,1.73,1.73,1.73,0.0
2025-05-16 04:00:00,1.73,1.73,1.73,1.73,0.0
2025-05-16 08:00:00,1.73,1.73,1.73,1.73,0.0
2025-05-16 12:00:00,1.73,1.73,1.73,1.73,0.0
2025-05-16 16:00:00,1.73,1.73,1.73,1.73,0.0
2025-05-16 20:00:00,1.73,1.73,1.73,1.73,0.0
2025-05-17 00:00:00,1.73,1.73,1.73,1.73,0.0
2025-05-17 04:00:00,1.73,1.73,1.73,1.73,0.0
2025-05-17 08:00:00,1.73,1.73,1.73,1.73,0.0
2025-05-17 12:00:00,1.73,1.73,1.73,1.73,0.0
2025-05-17 16:00:00,1.73,1.73,1.73,1.73,0.0
2025-05-17 20:00:00,1.73,1.73,1.73,1.73,0.0
2025-05-18 00:00:00,1.73,1.73,1.73,1.73,0.0
2025-05-18 04:00:00,1.73,1.73,1.73,1.73,0.0
2025-05-18 08:00:00,1.73,1.73,1.73,1.73,0.0
2025-05-18 12:00:00,1.73,1.73,1.73,1.73,0.0
2025-05-18 16:00:00,1.73,1.73,1.73,1.73,0.0
2025-05-18 20:00:00,1.73,1.73,1.73,1.73,0.0
2025-05-19 00:00:00,1.73,1.73,1.73,1.73,0.0
2025-05-19 04:00:00,1.73,1.73,1.73,1.73,0.0
2025-05-19 08:00:00,1.73,1.73,1.73,1.73,0.0
2025-05-19 12:00:00,1.73,1.73,1.73,1.73,0.0
2025-05-19 16:00:00,1.73,1.73,1.73,1.73,0.0
2025-05-19 20:00:00,1.73,1.73,1.73,1.73,0.0
2025-05-20 00:00:00,1.73,1.73,1.73,1.73,0.0
2025-05-20 04:00:00,1.73,1.73,1.73,1.73,0.0
2025-05-20 08:00:00,1.73,1.73,1.73,1.73,0.0
2025-05-20 12:00:00,1.73,1.73,1.73,1.73,0.0
2025-05-20 16:00:00,1.73,1.73,1.73,1.73,0.0
2025-05-20 20:00:00,1.73,1.73,1.73,1.73,0.0
2025-05-21 00:00:00,1.73,1.73,1.73,1.73,0.0
2025-05-21 04:00:00,1.73,1.73,1.73,1.73,0.0
2025-05-21 08:00:00,1.73,1.73,1.73,1.73,0.0
2025-05-21 12:00:00,1.73,1.73,1.73,1.73,0.0
2025-05-21 16:00:00,1.73,1.73,1.73,1.73,0.0
2025-05-21 20:00:00,1.73,1.73,1.73,1.73,0.0
2025-05-22 00:00:00,1.73,1.73,1.73,1.73,0.0
2025-05-22 04:00:00,1.73,1.73,1.73,1.73,0.0
2025-05-22 08:00:00,1.73,1.73,1.73,1.73,0.0
2025-05-22 12:00:00,1.73,1.73,1.73,1.73,0.0
2025-05-22 16:00:00,1.73,1.73,1.73,1.73,0.0
2025-05-22 20:00:00,1.73,1.73,1.73,1.73,0.0
2025-05-23 00:00:00,1.73,1.73,1.73,1.73,0.0
2025-05-23 04:00:00,1.73,1.73,1.73,1.73,0.0
2025-05-23 08:00:00,1.73,1.73,1.73,1.73,0.0
2025-05-23 12:00:00,1.73,1.73,1.73,1.73,0.0
2025-05-23 16:00:00,1.73,1.73,1.73,1.73,0.0
2025-05-23 20:00:00,1.73,1.73,1.73,1.73,0.0
2025-05-24 00:00:00,1.73,1.73,1.73,1.73,0.0
2025-05-24 04:00:00,1.73,1.73,1.73,1.73,0.0
2025-05-24 08:00:00,1.73,1.73,1.73,1.73,0.0
2025-05-24 12:00:00,1.73,1.73,1.73,1.73,0.0
2025-05-24 16:00:00,1.73,1.73,1.73,1.73,0.0
2025-05-24 20:00:00,1.73,1.73,1.73,1.73,0.0
2025-05-25 00:00:00,1.73,1.73,1.73,1.73,0.0
2025-05-25 04:00:00,1.73,1.73,1.73,1.73,0.0
2025-05-25 08:00:00,1.73,1.73,1.73,1.73,0.0
2025-05-25 12:00:00,1.73,1.73,1.73,1.73,0.0
2025-05-25 16:00:00,1.73,1.73,1.73,1.73,0.0
2025-05-25 20:00:00,1.73,1.73,1.73,1.73,0.0
2025-05-26 00:00:00,1.73,1.73,1.73,1.73,0.0
2025-05-26 04:00:00,1.73,1.73,1.73,1.73,0.0
2025-05-26 08:00:00,1.73,1.73,1.73,1.73,0.0
2025-05-26 12:00:00,1.73,1.73,1.73,1.73,0.0
2025-05-26 16:00:00,1.73,1.73,1.73,1.73,0.0
2025-05-26 20:00:00,1.73,1.73,1.73,1.73,0.0
2025-05-27 00:00:00,1.73,1.73,1.73,1.73,0.0
2025-05-27 04:00:00,1.73,1.73,1.73,1.73,0.0
2025-05-27 08:00:00,1.73,1.73,1.73,1.73,0.0
2025-05-27 12:00:00,1.73,1.73,1.73,1.73,0.0
2025-05-27 16:00:00,1.73,1.73,1.73,1.73,0.0
2025-05-27 20:00:00,1.73,1.73,1.73,1.73,0.0
2025-05-28 00:00:00,1.73,1.73,1.73,1.73,0.0
2025-05-28 04:00:00,1.73,1.73,1.73,1.73,0.0
2025-05-28 08:00:00,1.73,1.73,1.73,1.73,0.0
2025-05-28 12:00:00,1.73,1.73,1.73,1.73,0.0
2025-05-28 16:00:00,1.73,1.73,1.73,1.73,0.0
2025-05-28 20:00:00,1.73,1.73,1.73,1.73,0.0
2025-05-29 00:00:00,1.73,1.73,1.73,1.73,0.0
2025-05-29 04:00:00,1.73,1.73,1.73,1.73,0.0
2025-05-29 08:00:00,1.73,1.73,1.73,1.73,0.0
2025-05-29 12:00:00,1.73,1.73,1.73,1.73,0.0
2025-05-29 16:00:00,1.73,1.73,1.73,1.73,0.0
2025-05-29 20:00:00,1.73,1.73,1.73,1.73,0.0
2025-05-30 00:00:00,1.73,1.73,1.73,1.73,0.0
2025-05-30 04:00:00,1.73,1.73,1.73,1.73,0.0
2025-05-30 08:00:00,1.73,1.73,1.73,1.73,0.0
2025-05-30 12:00:00,1.73,1.73,1.73,1.73,0.0
2025-05-30 16:00:00,1.73,1.73,1.73,1.73,0.0
2025-05-30 20:00:00,1.73,1.73,1.73,1.73,0.0
2025-05-31 00:00:00,1.73,1.73,1.73,1.73,0.0
2025-05-31 04:00:00,1.73,1.73,1.73,1.73,0.0
2025-05-31 08:00:00,1.73,1.73,1.73,1.73,0.0
2025-05-31 12:00:00,1.73,1.73,1.73,1.73,0.0
2025-05-31 16:00:00,1.73,1.73,1.73,1.73,0.0
2025-05-31 20:00:00,1.73,1.73,1.73,1.73,0.0
2025-06-01 00:00:00,1.73,1.73,1.73,1.73,0.0
2025-06-01 04:00:00,1.73,1.73,1.73,1.73,0.0
2025-06-01 08:00:00,1.73,1.73,1.73,1.73,0.0
2025-06-01 12:00:00,1.73,1.73,1.73,1.73,0.0
2025-06-01 16:00:00,1.73,1.73,1.73,1.73,0.0
2025-06-01 20:00:00,1.73,1.73,1.73,1.73,0.0
2025-06-02 00:00:00,1.73,1.73,1.73,1.73,0.0
2025-06-02 04:00:00,1.73,1.73,1.73,1.73,0.0
2025-06-02 08:00:00,1.73,1.73,1.73,1.73,0.0
2025-06-02 12:00:00,1.73,1.73,1.73,1.73,0.0
2025-06-02 16:00:00,1.73,1.73,1.73,1.73,0.0
2025-06-02 20:00:00,1.73,1.73,1.73,1.73,0.0
2025-06-03 00:00:00,1.73,1.73,1.73,1.73,0.0
2025-06-03 04:00:00,1.73,1.73,1.73,1.73,0.0
2025-06-03 08:00:00,1.73,1.73,1.73,1.73,0.0
2025-06-03 12:00:00,1.73,1.73,1.73,1.73,0.0
2025-06-03 16:00:00,1.73,1.73,1.73,1.73,0.0
2025-06-03 20:00:00,1.73,1.73,1.73,1.73,0.0
2025-06-04 00:00:00,1.73,1.73,1.73,1.73,0.0
2025-06-04 04:00:00,1.73,1.73,1.73,1.73,0.0
2025-06-04 08:00:00,1.73,1.73,1.73,1.73,0.0
2025-06-04 12:00:00,1.73,1.73,1.73,1.73,0.0
2025-06-04 16:00:00,1.73,1.73,1.73,1.73,0.0
2025-06-04 20:00:00,1.73,1.73,1.73,1.73,0.0
2025-06-05 00:00:00,1.73,1.73,1.73,1.73,0.0
2025-06-05 04:00:00,1.73,1.73,1.73,1.73,0.0
2025-06-05 08:00:00,1.73,1.73,1.73,1.73,0.0
2025-06-05 12:00:00,1.73,1.73,1.73,1.73,0.0
2025-06-05 16:00:00,1.73,1.73,1.73,1.73,0.0
2025-06-05 20:00:00,1.73,1.73,1.73,1.73,0.0
2025-06-06 00:00:00,1.73,1.73,1.73,1.73,0.0
2025-06-06 04:00:00,1.73,1.73,1.73,1.73,0.0
2025-06-06 08:00:00,1.73,1.73,1.73,1.73,0.0
2025-06-06 12:00:00,1.73,1.73,1.73,1.73,0.0
2025-06-06 16:00:00,1.73,1.73,1.73,1.73,0.0
2025-06-06 20:00:00,1.73,1.73,1.73,1.73,0.0
2025-06-07 00:00:00,1.73,1.73,1.73,1.73,0.0
2025-06-07 04:00:00,1.73,1.73,1.73,1.73,0.0
2025-06-07 08:00:00,1.73,1.73,1.73,1.73,0.0
2025-06-07 12:00:00,1.73,1.73,1.73,1.73,0.0
2025-06-07 16:00:00,1.73,1.73,1.73,1.73,0.0
2025-06-07 20:00:00,1.73,1.73,1.73,1.73,0.0
2025-06-08 00:00:00,1.73,1.73,1.73,1.73,0.0
2025-06-08 04:00:00,1.73,1.73,1.73,1.73,0.0
2025-06-08 08:00:00,1.73,1.73,1.73,1.73,0.0
2025-06-08 12:00:00,1.73,1.73,1.73,1.73,0.0
2025-06-08 16:00:00,1.73,1.73,1.73,1.73,0.0
2025-06-08 20:00:00,1.73,1.73,1.73,1.73,0.0
2025-06-09 00:00:00,1.73,1.73,1.73,1.73,0.0
2025-06-09 04:00:00,1.73,1.73,1.73,1.73,0.0
2025-06-09 08:00:00,1.73,1.73,1.73,1.73,0.0
2025-06-09 12:00:00,1.73,1.73,1.73,1.73,0.0
2025-06-09 16:00:00,1.73,1.73,1.73,1.73,0.0
2025-06-09 20:00:00,1.73,1.73,1.73,1.73,0.0
2025-06-10 00:00:00,1.73,1.73,1.73,1.73,0.0
2025-06-10 04:00:00,1.73,1.73,1.73,1.73,0.0
2025-06-10 08:00:00,1.73,1.73,1.73,1.73,0.0
2025-06-10 12:00:00,1.73,1.73,1.73,1.73,0.0
2025-06-10 16:00:00,1.73,1.73,1.73,1.73,0.0
2025-06-10 20:00:00,1.73,1.73,1.73,1.73,0.0
2025-06-11 00:00:00,1.73,1.73,1.73,1.73,0.0
2025-06-11 04:00:00,1.73,1.73,1.73,1.73,0.0
2025-06-11 08:00:00,1.73,1.73,1.73,1.73,0.0
2025-06-11 12:00:00,1.73,1.73,1.73,1.73,0.0
2025-06-11 16:00:00,1.73,1.73,1.73,1.73,0.0
2025-06-11 20:00:00,1.73,1.73,1.73,1.73,0.0
2025-06-12 00:00:00,1.73,1.73,1.73,1.73,0.0
2025-06-12 04:00:00,1.73,1.73,1.73,1.73,0.0
2025-06-12 08:00:00,1.73,1.73,1.73,1.73,0.0
2025-06-12 12:00:00,1.73,1.73,1.73,1.73,0.0
2025-06-12 16:00:00,1.73,1.73,1.73,1.73,0.0
2025-06-12 20:00:00,1.73,1.73,1.73,1.73,0.0
2025-06-13 00:00:00,1.73,1.73,1.73,1.73,0.0
2025-06-13 04:00:00,1.73,1.73,1.73,1.73,0.0
2025-06-13 08:00:00,1.73,1.73,1.73,1.73,0.0
2025-06-13 12:00:00,1.73,1.73,1.73,1.73,0.0
2025-06-13 16:00:00,1.73,1.73,1.73,1.73,0.0
2025-06-13 20:00:00,1.73,1.73,1.73,1.73,0.0
2025-06-14 00:00:00,1.73,1.73,1.73,1.73,0.0
2025-06-14 04:00:00,1.73,1.73,1.73,1.73,0.0
2025-06-14 08:00:00,1.73,1.73,1.73,1.73,0.0
2025-06-14 12:00:00,1.73,1.73,1.73,1.73,0.0
2025-06-14 16:00:00,1.73,1.73,1.73,1.73,0.0
2025-06-14 20:00:00,1.73,1.73,1.73,1.73,0.0
2025-06-15 00:00:00,1.73,1.73,1.73,1.73,0.0
2025-06-15 04:00:00,1.73,1.73,1.73,1.73,0.0
2025-06-15 08:00:00,1.73,1.73,1.73,1.73,0.0
2025-06-15 12:00:00,1.73,1.73,1.73,1.73,0.0
2025-06-15 16:00:00,1.73,1.73,1.73,1.73,0.0
2025-06-15 20:00:00,1.73,1.73,1.73,1.73,0.0
2025-06-16 00:00:00,1.73,1.73,1.73,1.73,0.0
2025-06-16 04:00:00,1.73,1.73,1.73,1.73,0.0
2025-06-16 08:00:00,1.73,1.73,1.73,1.73,0.0
2025-06-16 12:00:00,1.73,1.73,1.73,1.73,0.0
2025-06-16 16:00:00,1.73,1.73,1.73,1.73,0.0
2025-06-16 20:00:00,1.73,1.73,1.73,1.73,0.0
2025-06-17 00:00:00,1.73,1.73,1.73,1.73,0.0
2025-06-17 04:00:00,1.73,1.73,1.73,1.73,0.0
2025-06-17 08:00:00,1.73,1.73,1.73,1.73,0.0
2025-06-17 12:00:00,1.73,1.73,1.73,1.73,0.0
2025-06-17 16:00:00,1.73,1.73,1.73,1.73,0.0
2025-06-17 20:00:00,1.73,1.73,1.73,1.73,0.0
2025-06-18 00:00:00,1.73,1.73,1.73,1.73,0.0
2025-06-18 04:00:00,1.73,1.73,1.73,1.73,0.0
2025-06-18 08:00:00,1.73,1.73,1.73,1.73,0.0
2025-06-18 12:00:00,1.73,1.73,1.73,1.73,0.0
2025-06-18 16:00:00,1.73,1.73,1.73,1.73,0.0
2025-06-18 20:00:00,1.73,1.73,1.73,1.73,0.0
2025-06-19 00:00:00,1.73,1.73,1.73,1.73,0.0
2025-06-19 04:00:00,1.73,1.73,1.73,1.73,0.0
2025-06-19 08:00:00,1.73,1.73,1.73,1.73,0.0
2025-06-19 12:00:00,1.73,1.73,1.73,1.73,0.0
2025-06-19 16:00:00,1.73,1.73,1.73,1.73,0.0
2025-06-19 20:00:00,1.73,1.73,1.73,1.73,0.0
2025-06-20 00:00:00,1.73,1.73,1.73,1.73,0.0
2025-06-20 04:00:00,1.73,1.73,1.73,1.73,0.0
2025-06-20 08:00:00,1.73,1.73,1.73,1.73,0.0
2025-06-20 12:00:00,1.73,1.73,1.73,1.73,0.0
2025-06-20 16:00:00,1.73,1.73,1.73,1.73,0.0
2025-06-20 20:00:00,1.73,1.73,1.73,1.73,0.0
2025-06-21 00:00:00,1.73,1.73,1.73,1.73,0.0
2025-06-21 04:00:00,1.73,1.73,1.73,1.73,0.0
2025-06-21 08:00:00,1.73,1.73,1.73,1.73,0.0
2025-06-21 12:00:00,1.73,1.73,1.73,1.73,0.0
2025-06-21 16:00:00,1.73,1.73,1.73,1.73,0.0
2025-06-21 20:00:00,1.73,1.73,1.73,1.73,0.0
2025-06-22 00:00:00,1.73,1.73,1.73,1.73,0.0
2025-06-22 04:00:00,1.73,1.73,1.73,1.73,0.0
2025-06-22 08:00:00,1.73,1.73,1.73,1.73,0.0
2025-06-22 12:00:00,1.73,1.73,1.73,1.73,0.0
2025-06-22 16:00:00,1.73,1.73,1.73,1.73,0.0
2025-06-22 20:00:00,1.73,1.73,1.73,1.73,0.0
2025-06-23 00:00:00,1.73,1.73,1.73,1.73,0.0
2025-06-23 04:00:00,1.73,1.73,1.73,1.73,0.0
2025-06-23 08:00:00,1.73,1.73,1.73,1.73,0.0
2025-06-23 12:00:00,1.73,1.73,1.73,1.73,0.0
2025-06-23 16:00:00,1.73,1.73,1.73,1.73,0.0
2025-06-23 20:00:00,1.73,1.73,1.73,1.73,0.0
2025-06-24 00:00:00,1.73,1.73,1.73,1.73,0.0
2025-06-24 04:00:00,1.73,1.73,1.73,1.73,0.0
2025-06-24 08:00:00,1.73,1.73,1.73,1.73,0.0
2025-06-24 12:00:00,1.73,1.73,1.73,1.73,0.0
2025-06-24 16:00:00,1.73,1.73,1.73,1.73,0.0
2025-06-24 20:00:00,1.73,1.73,1.73,1.73,0.0
2025-06-25 00:00:00,1.73,1.73,1.73,1.73,0.0
2025-06-25 04:00:00,1.73,1.73,1.73,1.73,0.0
2025-06-25 08:00:00,1.73,1.73,1.73,1.73,0.0
2025-06-25 12:00:00,1.73,1.73,1.73,1.73,0.0
2025-06-25 16:00:00,1.73,1.73,1.73,1.73,0.0
2025-06-25 20:00:00,1.73,1.73,1.73,1.73,0.0
2025-06-26 00:00:00,1.73,1.73,1.73,1.73,0.0
2025-06-26 04:00:00,1.73,1.73,1.73,1.73,0.0
2025-06-26 08:00:00,1.73,1.73,1.73,1.73,0.0
2025-06-26 12:00:00,1.73,1.73,1.73,1.73,0.0
2025-06-26 16:00:00,1.73,1.73,1.73,1.73,0.0
2025-06-26 20:00:00,1.73,1.73,1.73,1.73,0.0
2025-06-27 00:00:00,1.73,1.73,1.73,1.73,0.0
2025-06-27 04:00:00,1.73,1.73,1.73,1.73,0.0
2025-06-27 08:00:00,1.73,1.73,1.73,1.73,0.0
2025-06-27 12:00:00,1.73,1.73,1.73,1.73,0.0
2025-06-27 16:00:00,1.73,1.73,1.73,1.73,0.0
2025-06-27 20:00:00,1.73,1.73,1.73,1.73,0.0
2025-06-28 00:00:00,1.73,1.73,1.73,1.73,0.0
2025-06-28 04:00:00,1.73,1.73,1.73,1.73,0.0
2025-06-28 08:00:00,1.73,1.73,1.73,1.73,0.0
2025-06-28 12:00:00,1.73,1.73,1.73,1.73,0.0
2025-06-28 16:00:00,1.73,1.73,1.73,1.73,0.0
2025-06-28 20:00:00,1.73,1.73,1.73,1.73,0.0
2025-06-29 00:00:00,1.73,1.73,1.73,1.73,0.0
2025-06-29 04:00:00,1.73,1.73,1.73,1.73,0.0
2025-06-29 08:00:00,1.73,1.73,1.73,1.73,0.0
2025-06-29 12:00:00,1.73,1.73,1.73,1.73,0.0
2025-06-29 16:00:00,1.73,1.73,1.73,1.73,0.0
2025-06-29 20:00:00,1.73,1.73,1.73,1.73,0.0
2025-06-30 00:00:00,1.73,1.73,1.73,1.73,0.0
2025-06-30 04:00:00,1.73,1.73,1.73,1.73,0.0
2025-06-30 08:00:00,1.73,1.73,1.73,1.73,0.0
2025-06-30 12:00:00,1.73,1.73,1.73,1.73,0.0
2025-06-30 16:00:00,1.73,1.73,1.73,1.73,0.0
2025-06-30 20:00:00,1.73,1.73,1.73,1.73,0.0
2025-07-01 00:00:00,1.73,1.73,1.73,1.73,0.0
2025-07-01 04:00:00,1.73,1.73,1.73,1.73,0.0
2025-07-01 08:00:00,1.73,1.73,1.73,1.73,0.0
2025-07-01 12:00:00,1.73,1.73,1.73,1.73,0.0
2025-07-01 16:00:00,1.73,1.73,1.73,1.73,0.0
2025-07-01 20:00:00,1.73,1.73,1.73,1.73,0.0
2025-07-02 00:00:00,1.73,1.73,1.73,1.73,0.0
2025-07-02 04:00:00,1.73,1.73,1.73,1.73,0.0
2025-07-02 08:00:00,1.73,1.73,1.73,1.73,0.0
2025-07-02 12:00:00,1.73,1.73,1.73,1.73,0.0
2025-07-02 16:00:00,1.73,1.73,1.73,1.73,0.0
2025-07-02 20:00:00,1.73,1.73,1.73,1.73,0.0
2025-07-03 00:00:00,1.73,1.73,1.73,1.73,0.0
2025-07-03 04:00:00,1.73,1.73,1.73,1.73,0.0
2025-07-03 08:00:00,1.73,1.73,1.73,1.73,0.0
2025-07-03 12:00:00,1.73,1.73,1.73,1.73,0.0
2025-07-03 16:00:00,1.73,1.73,1.73,1.73,0.0
2025-07-03 20:00:00,1.73,1.73,1.73,1.73,0.0
2025-07-04 00:00:00,1.73,1.73,1.73,1.73,0.0
2025-07-04 04:00:00,1.73,1.73,1.73,1.73,0.0
2025-07-04 08:00:00,1.73,1.73,1.73,1.73,0.0
2025-07-04 12:00:00,1.73,1.73,1.73,1.73,0.0
2025-07-04 16:00:00,1.73,1.73,1.73,1.73,0.0
2025-07-04 20:00:00,1.73,1.73,1.73,1.73,0.0
2025-07-05 00:00:00,1.73,1.73,1.73,1.73,0.0
2025-07-05 04:00:00,1.73,1.73,1.73,1.73,0.0
2025-07-05 08:00:00,1.73,1.73,1.73,1.73,0.0
2025-07-05 12:00:00,1.73,1.73,1.73,1.73,0.0
2025-07-05 16:00:00,1.73,1.73,1.73,1.73,0.0
2025-07-05 20:00:00,1.73,1.73,1.73,1.73,0.0
2025-07-06 00:00:00,1.73,1.73,1.73,1.73,0.0
2025-07-06 04:00:00,1.73,1.73,1.73,1.73,0.0
2025-07-06 08:00:00,1.73,1.73,1.73,1.73,0.0
2025-07-06 12:00:00,1.73,1.73,1.73,1.73,0.0
2025-07-06 16:00:00,1.73,1.73,1.73,1.73,0.0
2025-07-06 20:00:00,1.73,1.73,1.73,1.73,0.0
2025-07-07 00:00:00,1.73,1.73,1.73,1.73,0.0
2025-07-07 04:00:00,1.73,1.73,1.73,1.73,0.0
2025-07-07 08:00:00,1.73,1.73,1.73,1.73,0.0
2025-07-07 12:00:00,1.73,1.73,1.73,1.73,0.0
2025-07-07 16:00:00,1.73,1.73,1.73,1.73,0.0
2025-07-07 20:00:00,1.73,1.73,1.73,1.73,0.0
2025-07-08 00:00:00,1.73,1.73,1.73,1.73,0.0
2025-07-08 04:00:00,1.73,1.73,1.73,1.73,0.0
2025-07-08 08:00:00,1.73,1.73,1.73,1.73,0.0
2025-07-08 12:00:00,1.73,1.73,1.73,1.73,0.0
2025-07-08 16:00:00,1.73,1.73,1.73,1.73,0.0
2025-07-08 20:00:00,1.73,1.73,1.73,1.73,0.0
2025-07-09 00:00:00,1.73,1.73,1.73,1.73,0.0
2025-07-09 04:00:00,1.73,1.73,1.73,1.73,0.0
2025-07-09 08:00:00,1.73,1.73,1.73,1.73,0.0
2025-07-09 12:00:00,1.73,1.73,1.73,1.73,0.0
2025-07-09 16:00:00,1.73,1.73,1.73,1.73,0.0
2025-07-09 20:00:00,1.73,1.73,1.73,1.73,0.0
2025-07-10 00:00:00,1.73,1.73,1.73,1.73,0.0
2025-07-10 04:00:00,1.73,1.73,1.73,1.73,0.0
2025-07-10 08:00:00,1.73,1.73,1.73,1.73,0.0
2025-07-10 12:00:00,1.73,1.73,1.73,1.73,0.0
2025-07-10 16:00:00,1.73,1.73,1.73,1.73,0.0
2025-07-10 20:00:00,1.73,1.73,1.73,1.73,0.0
2025-07-11 00:00:00,1.73,1.73,1.73,1.73,0.0
2025-07-11 04:00:00,1.73,1.73,1.73,1.73,0.0
2025-07-11 08:00:00,1.73,1.73,1.73,1.73,0.0
2025-07-11 12:00:00,1.73,1.73,1.73,1.73,0.0
2025-07-11 16:00:00,1.73,1.73,1.73,1.73,0.0
2025-07-11 20:00:00,1.73,1.73,1.73,1.73,0.0
2025-07-12 00:00:00,1.73,1.73,1.73,1.73,0.0
2025-07-12 04:00:00,1.73,1.73,1.73,1.73,0.0
2025-07-12 08:00:00,1.73,1.73,1.73,1.73,0.0
2025-07-12 12:00:00,1.73,1.73,1.73,1.73,0.0
2025-07-12 16:00:00,1.73,1.73,1.73,1.73,0.0
2025-07-12 20:00:00,1.73,1.73,1.73,1.73,0.0
2025-07-13 00:00:00,1.73,1.73,1.73,1.73,0.0
2025-07-13 04:00:00,1.73,1.73,1.73,1.73,0.0
2025-07-13 08:00:00,1.73,1.73,1.73,1.73,0.0
2025-07-13 12:00:00,1.73,1.73,1.73,1.73,0.0
2025-07-13 16:00:00,1.73,1.73,1.73,1.73,0.0
2025-07-13 20:00:00,1.73,1.73,1.73,1.73,0.0
2025-07-14 00:00:00,1.73,1.73,1.73,1.73,0.0
2025-07-14 04:00:00,1.73,1.73,1.73,1.73,0.0
2025-07-14 08:00:00,1.73,1.73,1.73,1.73,0.0
2025-07-14 12:00:00,1.73,1.73,1.73,1.73,0.0
2025-07-14 16:00:00,1.73,1.73,1.73,1.73,0.0
2025-07-14 20:00:00,1.73,1.73,1.73,1.73,0.0
2025-07-15 00:00:00,1.73,1.73,1.73,1.73,0.0
2025-07-15 04:00:00,1.73,1.73,1.73,1.73,0.0
2025-07-15 08:00:00,1.73,1.73,1.73,1.73,0.0
2025-07-15 12:00:00,1.73,1.73,1.73,1.73,0.0
2025-07-15 16:00:00,1.73,1.73,1.73,1.73,0.0
2025-07-15 20:00:00,1.73,1.73,1.73,1.73,0.0
2025-07-16 00:00:00,1.73,1.73,1.73,1.73,0.0
2025-07-16 04:00:00,1.73,1.73,1.73,1.73,0.0
2025-07-16 08:00:00,1.73,1.73,1.73,1.73,0.0
2025-07-16 12:00:00,1.73,1.73,1.73,1.73,0.0
2025-07-16 16:00:00,1.73,1.73,1.73,1.73,0.0
2025-07-16 20:00:00,1.73,1.73,1.73,1.73,0.0
2025-07-17 00:00:00,1.73,1.73,1.73,1.73,0.0
2025-07-17 04:00:00,1.73,1.73,1.73,1.73,0.0
2025-07-17 08:00:00,1.73,1.73,1.73,1.73,0.0
2025-07-17 12:00:00,1.73,1.73,1.73,1.73,0.0
2025-07-17 16:00:00,1.73,1.73,1.73,1.73,0.0
2025-07-17 20:00:00,1.73,1.73,1.73,1.73,0.0
2025-07-18 00:00:00,1.73,1.73,1.73,1.73,0.0
2025-07-18 04:00:00,1.73,1.73,1.73,1.73,0.0
2025-07-18 08:00:00,1.73,1.73,1.73,1.73,0.0
2025-07-18 12:00:00,1.73,1.73,1.73,1.73,0.0
2025-07-18 16:00:00,1.73,1.73,1.73,1.73,0.0
2025-07-18 20:00:00,1.73,1.73,1.73,1.73,0.0
2025-07-19 00:00:00,1.73,1.73,1.73,1.73,0.0
2025-07-19 04:00:00,1.73,1.73,1.73,1.73,0.0
2025-07-19 08:00:00,1.73,1.73,1.73,1.73,0.0
2025-07-19 12:00:00,1.73,1.73,1.73,1.73,0.0
2025-07-19 16:00:00,1.73,1.73,1.73,1.73,0.0
2025-07-19 20:00:00,1.73,1.73,1.73,1.73,0.0
2025-07-20 00:00:00,1.73,1.73,1.73,1.73,0.0
2025-07-20 04:00:00,1.73,1.73,1.73,1.73,0.0
2025-07-20 08:00:00,1.73,1.73,1.73,1.73,0.0
2025-07-20 12:00:00,1.73,1.73,1.73,1.73,0.0
2025-07-20 16:00:00,1.73,1.73,1.73,1.73,0.0
2025-07-20 20:00:00,1.73,1.73,1.73,1.73,0.0
2025-07-21 00:00:00,1.73,1.73,1.73,1.73,0.0
2025-07-21 04:00:00,1.73,1.73,1.73,1.73,0.0
2025-07-21 08:00:00,1.73,1.73,1.73,1.73,0.0
2025-07-21 12:00:00,1.73,1.73,1.73,1.73,0.0
2025-07-21 16:00:00,1.73,1.73,1.73,1.73,0.0
2025-07-21 20:00:00,1.73,1.73,1.73,1.73,0.0
2025-07-22 00:00:00,1.73,1.73,1.73,1.73,0.0
2025-07-22 04:00:00,1.73,1.73,1.73,1.73,0.0
2025-07-22 08:00:00,1.73,1.73,1.73,1.73,0.0
2025-07-22 12:00:00,1.73,1.73,1.73,1.73,0.0
2025-07-22 16:00:00,1.73,1.73,1.73,1.73,0.0
2025-07-22 20:00:00,1.73,1.73,1.73,1.73,0.0
2025-07-23 00:00:00,1.73,1.73,1.73,1.73,0.0
2025-07-23 04:00:00,1.73,1.73,1.73,1.73,0.0
2025-07-23 08:00:00,1.73,1.73,1.73,1.73,0.0
2025-07-23 12:00:00,1.73,1.73,1.73,1.73,0.0
2025-07-23 16:00:00,1.73,1.73,1.73,1.73,0.0
2025-07-23 20:00:00,1.73,1.73,1.73,1.73,0.0
2025-07-24 00:00:00,1.73,1.73,1.73,1.73,0.0
2025-07-24 04:00:00,1.73,1.73,1.73,1.73,0.0
2025-07-24 08:00:00,1.73,1.73,1.73,1.73,0.0
2025-07-24 12:00:00,1.73,1.73,1.73,1.73,0.0
2025-07-24 16:00:00,1.73,1.73,1.73,1.73,0.0
2025-07-24 20:00:00,1.73,1.73,1.73,1.73,0.0
2025-07-25 00:00:00,1.73,1.73,1.73,1.73,0.0
2025-07-25 04:00:00,1.73,1.73,1.73,1.73,0.0
2025-07-25 08:00:00,1.73,1.73,1.73,1.73,0.0
2025-07-25 12:00:00,1.73,1.73,1.73,1.73,0.0
2025-07-25 16:00:00,1.73,1.73,1.73,1.73,0.0
2025-07-25 20:00:00,1.73,1.73,1.73,1.73,0.0
2025-07-26 00:00:00,1.73,1.73,1.73,1.73,0.0
2025-07-26 04:00:00,1.73,1.73,1.73,1.73,0.0
2025-07-26 08:00:00,1.73,1.73,1.73,1.73,0.0
2025-07-26 12:00:00,1.73,1.73,1.73,1.73,0.0
2025-07-26 16:00:00,1.73,1.73,1.73,1.73,0.0
2025-07-26 20:00:00,1.73,1.73,1.73,1.73,0.0
2025-07-27 00:00:00,1.73,1.73,1.73,1.73,0.0
2025-07-27 04:00:00,1.73,1.73,1.73,1.73,0.0
2025-07-27 08:00:00,1.73,1.73,1.73,1.73,0.0
2025-07-27 12:00:00,1.73,1.73,1.73,1.73,0.0
2025-07-27 16:00:00,1.73,1.73,1.73,1.73,0.0
2025-07-27 20:00:00,1.73,1.73,1.73,1.73,0.0
2025-07-28 00:00:00,1.73,1.73,1.73,1.73,0.0
2025-07-28 04:00:00,1.73,1.73,1.73,1.73,0.0
2025-07-28 08:00:00,1.73,1.73,1.73,1.73,0.0
2025-07-28 12:00:00,1.73,1.73,1.73,1.73,0.0
2025-07-28 16:00:00,1.73,1.73,1.73,1.73,0.0
2025-07-28 20:00:00,1.73,1.73,1.73,1.73,0.0
2025-07-29 00:00:00,1.73,1.73,1.73,1.73,0.0
2025-07-29 04:00:00,1.73,1.73,1.73,1.73,0.0
2025-07-29 08:00:00,1.73,1.73,1.73,1.73,0.0
2025-07-29 12:00:00,1.73,1.73,1.73,1.73,0.0
2025-07-29 16:00:00,1.73,1.73,1.73,1.73,0.0
2025-07-29 20:00:00,1.73,1.73,1.73,1.73,0.0
2025-07-30 00:00:00,1.73,1.73,1.73,1.73,0.0
2025-07-30 04:00:00,1.73,1.73,1.73,1.73,0.0
2025-07-30 08:00:00,1.73,1.73,1.73,1.73,0.0
2025-07-30 12:00:00,1.73,1.73,1.73,1.73,0.0
2025-07-30 16:00:00,1.73,1.73,1.73,1.73,0.0
2025-07-30 20:00:00,1.73,1.73,1.73,1.73,0.0
2025-07-31 00:00:00,1.73,1.73,1.73,1.73,0.0
2025-07-31 04:00:00,1.73,1.73,1.73,1.73,0.0
2025-07-31 08:00:00,1.73,1.73,1.73,1.73,0.0
2025-07-31 12:00:00,1.73,1.73,1.73,1.73,0.0
2025-07-31 16:00:00,1.73,1.73,1.73,1.73,0.0
2025-07-31 20:00:00,1.73,1.73,1.73,1.73,0.0
2025-08-01 00:00:00,1.73,1.73,1.73,1.73,0.0
2025-08-01 04:00:00,1.73,1.73,1.73,1.73,0.0
2025-08-01 08:00:00,1.73,1.73,1.73,1.73,0.0
2025-08-01 12:00:00,1.73,1.73,1.73,1.73,0.0
2025-08-01 16:00:00,1.73,1.73,1.73,1.73,0.0
2025-08-01 20:00:00,1.73,1.73,1.73,1.73,0.0
2025-08-02 00:00:00,1.73,1.73,1.73,1.73,0.0
2025-08-02 04:00:00,1.73,1.73,1.73,1.73,0.0
2025-08-02 08:00:00,1.73,1.73,1.73,1.73,0.0
2025-08-02 12:00:00,1.73,1.73,1.73,1.73,0.0
2025-08-02 16:00:00,1.73,1.73,1.73,1.73,0.0
2025-08-02 20:00:00,1.73,1.73,1.73,1.73,0.0
2025-08-03 00:00:00,1.73,1.73,1.73,1.73,0.0
2025-08-03 04:00:00,1.73,1.73,1.73,1.73,0.0
2025-08-03 08:00:00,1.73,1.73,1.73,1.73,0.0
2025-08-03 12:00:00,1.73,1.73,1.73,1.73,0.0
2025-08-03 16:00:00,1.73,1.73,1.73,1.73,0.0
2025-08-03 20:00:00,1.73,1.73,1.73,1.73,0.0
2025-08-04 00:00:00,1.73,1.73,1.73,1.73,0.0
2025-08-04 04:00:00,1.73,1.73,1.73,1.73,0.0
2025-08-04 08:00:00,1.73,1.73,1.73,1.73,0.0
2025-08-04 12:00:00,1.73,1.73,1.73,1.73,0.0
2025-08-04 16:00:00,1.73,1.73,1.73,1.73,0.0
2025-08-04 20:00:00,1.73,1.73,1.73,1.73,0.0
2025-08-05 00:00:00,1.73,1.73,1.73,1.73,0.0
2025-08-05 04:00:00,1.73,1.73,1.73,1.73,0.0
2025-08-05 08:00:00,1.73,1.73,1.73,1.73,0.0
2025-08-05 12:00:00,1.73,1.73,1.73,1.73,0.0
2025-08-05 16:00:00,1.73,1.73,1.73,1.73,0.0
2025-08-05 20:00:00,1.73,1.73,1.73,1.73,0.0
2025-08-06 00:00:00,1.73,1.73,1.73,1.73,0.0
2025-08-06 04:00:00,1.73,1.73,1.73,1.73,0.0
2025-08-06 08:00:00,1.73,1.73,1.73,1.73,0.0
2025-08-06 12:00:00,1.73,1.73,1.73,1.73,0.0
2025-08-06 16:00:00,1.73,1.73,1.73,1.73,0.0
2025-08-06 20:00:00,1.73,1.73,1.73,1.73,0.0
2025-08-07 00:00:00,1.73,1.73,1.73,1.73,0.0
2025-08-07 04:00:00,1.73,1.73,1.73,1.73,0.0
2025-08-07 08:00:00,1.73,1.73,1.73,1.73,0.0
2025-08-07 12:00:00,1.73,1.73,1.73,1.73,0.0
2025-08-07 16:00:00,1.73,1.73,1.73,1.73,0.0
2025-08-07 20:00:00,1.73,1.73,1.73,1.73,0.0
2025-08-08 00:00:00,1.73,1.73,1.73,1.73,0.0
2025-08-08 04:00:00,1.73,1.73,1.73,1.73,0.0
2025-08-08 08:00:00,1.73,1.73,1.73,1.73,0.0
2025-08-08 12:00:00,1.73,1.73,1.73,1.73,0.0
2025-08-08 16:00:00,1.73,1.73,1.73,1.73,0.0
2025-08-08 20:00:00,1.73,1.73,1.73,1.73,0.0
2025-08-09 00:00:00,1.73,1.73,1.73,1.73,0.0
2025-08-09 04:00:00,1.73,1.73,1.73,1.73,0.0
2025-08-09 08:00:00,1.73,1.73,1.73,1.73,0.0
2025-08-09 12:00:00,1.73,1.73,1.73,1.73,0.0
2025-08-09 16:00:00,1.73,1.73,1.73,1.73,0.0
2025-08-09 20:00:00,1.73,1.73,1.73,1.73,0.0
2025-08-10 00:00:00,1.73,1.73,1.73,1.73,0.0
2025-08-10 04:00:00,1.73,1.73,1.73,1.73,0.0
2025-08-10 08:00:00,1.73,1.73,1.73,1.73,0.0
2025-08-10 12:00:00,1.73,1.73,1.73,1.73,0.0
2025-08-10 16:00:00,1.73,1.73,1.73,1.73,0.0
2025-08-10 20:00:00,1.73,1.73,1.73,1.73,0.0
2025-08-11 00:00:00,1.73,1.73,1.73,1.73,0.0
2025-08-11 04:00:00,1.73,1.73,1.73,1.73,0.0
2025-08-11 08:00:00,1.73,1.73,1.73,1.73,0.0
2025-08-11 12:00:00,1.73,1.73,1.73,1.73,0.0
2025-08-11 16:00:00,1.73,1.73,1.73,1.73,0.0
2025-08-11 20:00:00,1.73,1.73,1.73,1.73,0.0
2025-08-12 00:00:00,1.73,1.73,1.73,1.73,0.0
2025-08-12 04:00:00,1.73,1.73,1.73,1.73,0.0
2025-08-12 08:00:00,1.73,1.73,1.73,1.73,0.0
2025-08-12 12:00:00,1.73,1.73,1.73,1.73,0.0
2025-08-12 16:00:00,1.73,1.73,1.73,1.73,0.0
2025-08-12 20:00:00,1.73,1.73,1.73,1.73,0.0
2025-08-13 00:00:00,1.73,1.73,1.73,1.73,0.0
2025-08-13 04:00:00,1.73,1.73,1.73,1.73,0.0
2025-08-13 08:00:00,1.73,1.73,1.73,1.73,0.0
2025-08-13 12:00:00,1.73,1.73,1.73,1.73,0.0
2025-08-13 16:00:00,1.73,1.73,1.73,1.73,0.0
2025-08-13 20:00:00,1.73,1.73,1.73,1.73,0.0
2025-08-14 00:00:00,1.73,1.73,1.73,1.73,0.0
2025-08-14 04:00:00,1.73,1.73,1.73,1.73,0.0
2025-08-14 08:00:00,1.73,1.73,1.73,1.73,0.0
2025-08-14 12:00:00,1.73,1.73,1.73,1.73,0.0
2025-08-14 16:00:00,1.73,1.73,1.73,1.73,0.0
2025-08-14 20:00:00,1.73,1.73,1.73,1.73,0.0
2025-08-15 00:00:00,1.73,1.73,1.73,1.73,0.0
2025-08-15 04:00:00,1.73,1.73,1.73,1.73,0.0
2025-08-15 08:00:00,1.73,1.73,1.73,1.73,0.0
2025-08-15 12:00:00,1.73,1.73,1.73,1.73,0.0
2025-08-15 16:00:00,1.73,1.73,1.73,1.73,0.0
2025-08-15 20:00:00,1.73,1.73,1.73,1.73,0.0
2025-08-16 00:00:00,1.73,1.73,1.73,1.73,0.0
2025-08-16 04:00:00,1.73,1.73,1.73,1.73,0.0
2025-08-16 08:00:00,1.73,1.73,1.73,1.73,0.0
2025-08-16 12:00:00,1.73,1.73,1.73,1.73,0.0
2025-08-16 16:00:00,1.73,1.73,1.73,1.73,0.0
2025-08-16 20:00:00,1.73,1.73,1.73,1.73,0.0
2025-08-17 00:00:00,1.73,1.73,1.73,1.73,0.0
2025-08-17 04:00:00,1.73,1.73,1.73,1.73,0.0
2025-08-17 08:00:00,1.73,1.73,1.73,1.73,0.0
2025-08-17 12:00:00,1.73,1.73,1.73,1.73,0.0
2025-08-17 16:00:00,1.73,1.73,1.73,1.73,0.0
2025-08-17 20:00:00,1.73,1.73,1.73,1.73,0.0
2025-08-18 00:00:00,1.73,1.73,1.73,1.73,0.0
2025-08-18 04:00:00,1.73,1.73,1.73,1.73,0.0
2025-08-18 08:00:00,1.73,1.73,1.73,1.73,0.0
2025-08-18 12:00:00,1.73,1.73,1.73,1.73,0.0
2025-08-18 16:00:00,1.73,1.73,1.73,1.73,0.0
2025-08-18 20:00:00,1.73,1.73,1.73,1.73,0.0
2025-08-19 00:00:00,1.73,1.73,1.73,1.73,0.0
2025-08-19 04:00:00,1.73,1.73,1.73,1.73,0.0
2025-08-19 08:00:00,1.73,1.73,1.73,1.73,0.0
2025-08-19 12:00:00,1.73,1.73,1.73,1.73,0.0
2025-08-19 16:00:00,1.73,1.73,1.73,1.73,0.0
2025-08-19 20:00:00,1.73,1.73,1.73,1.73,0.0
2025-08-20 00:00:00,1.73,1.73,1.73,1.73,0.0
2025-08-20 04:00:00,1.73,1.73,1.73,1.73,0.0
2025-08-20 08:00:00,1.73,1.73,1.73,1.73,0.0
2025-08-20 12:00:00,1.73,1.73,1.73,1.73,0.0
2025-08-20 16:00:00,1.73,1.73,1.73,1.73,0.0
2025-08-20 20:00:00,1.73,1.73,1.73,1.73,0.0
2025-08-21 00:00:00,1.73,1.73,1.73,1.73,0.0
2025-08-21 04:00:00,1.73,1.73,1.73,1.73,0.0
2025-08-21 08:00:00,1.73,1.73,1.73,1.73,0.0
2025-08-21 12:00:00,1.73,1.73,1.73,1.73,0.0
2025-08-21 16:00:00,1.73,1.73,1.73,1.73,0.0
2025-08-21 20:00:00,1.73,1.73,1.73,1.73,0.0
2025-08-22 00:00:00,1.73,1.73,1.73,1.73,0.0
2025-08-22 04:00:00,1.73,1.73,1.73,1.73,0.0
2025-08-22 08:00:00,1.73,1.73,1.73,1.73,0.0
2025-08-22 12:00:00,1.73,1.73,1.73,1.73,0.0
2025-08-22 16:00:00,1.73,1.73,1.73,1.73,0.0
2025-08-22 20:00:00,1.73,1.73,1.73,1.73,0.0
2025-08-23 00:00:00,1.73,1.73,1.73,1.73,0.0
2025-08-23 04:00:00,1.73,1.73,1.73,1.73,0.0
2025-08-23 08:00:00,1.73,1.73,1.73,1.73,0.0
2025-08-23 12:00:00,1.73,1.73,1.73,1.73,0.0
2025-08-23 16:00:00,1.73,1.73,1.73,1.73,0.0
2025-08-23 20:00:00,1.73,1.73,1.73,1.73,0.0
2025-08-24 00:00:00,1.73,1.73,1.73,1.73,0.0
2025-08-24 04:00:00,1.73,1.73,1.73,1.73,0.0
2025-08-24 08:00:00,1.73,1.73,1.73,1.73,0.0
2025-08-24 12:00:00,1.73,1.73,1.73,1.73,0.0
2025-08-24 16:00:00,1.73,1.73,1.73,1.73,0.0
2025-08-24 20:00:00,1.73,1.73,1.73,1.73,0.0
2025-08-25 00:00:00,1.73,1.73,1.73,1.73,0.0
2025-08-25 04:00:00,1.73,1.73,1.73,1.73,0.0
2025-08-25 08:00:00,1.73,1.73,1.73,1.73,0.0
2025-08-25 12:00:00,1.73,1.73,1.73,1.73,0.0
2025-08-25 16:00:00,1.73,1.73,1.73,1.73,0.0
2025-08-25 20:00:00,1.73,1.73,1.73,1.73,0.0
2025-08-26 00:00:00,1.73,1.73,1.73,1.73,0.0
2025-08-26 04:00:00,1.73,1.73,1.73,1.73,0.0
2025-08-26 08:00:00,1.73,1.73,1.73,1.73,0.0
2025-08-26 12:00:00,1.73,1.73,1.73,1.73,0.0
2025-08-26 16:00:00,1.73,1.73,1.73,1.73,0.0
2025-08-26 20:00:00,1.73,1.73,1.73,1.73,0.0
2025-08-27 00:00:00,1.73,1.73,1.73,1.73,0.0
2025-08-27 04:00:00,1.73,1.73,1.73,1.73,0.0
2025-08-27 08:00:00,1.73,1.73,1.73,1.73,0.0
2025-08-27 12:00:00,1.73,1.73,1.73,1.73,0.0
2025-08-27 16:00:00,1.73,1.73,1.73,1.73,0.0
2025-08-27 20:00:00,1.73,1.73,1.73,1.73,0.0
2025-08-28 00:00:00,1.73,1.73,1.73,1.73,0.0
2025-08-28 04:00:00,1.73,1.73,1.73,1.73,0.0
2025-08-28 08:00:00,1.73,1.73,1.73,1.73,0.0
2025-08-28 12:00:00,1.73,1.73,1.73,1.73,0.0
2025-08-28 16:00:00,1.73,1.73,1.73,1.73,0.0
2025-08-28 20:00:00,1.73,1.73,1.73,1.73,0.0
2025-08-29 00:00:00,1.73,1.73,1.73,1.73,0.0
2025-08-29 04:00:00,1.73,1.73,1.73,1.73,0.0
2025-08-29 08:00:00,1.73,1.73,1.73,1.73,0.0
2025-08-29 12:00:00,1.73,1.73,1.73,1.73,0.0
2025-08-29 16:00:00,1.73,1.73,1.73,1.73,0.0
2025-08-29 20:00:00,1.73,1.73,1.73,1.73,0.0
2025-08-30 00:00:00,1.73,1.73,1.73,1.73,0.0
2025-08-30 04:00:00,1.73,1.73,1.73,1.73,0.0
2025-08-30 08:00:00,1.73,1.73,1.73,1.73,0.0
2025-08-30 12:00:00,1.73,1.73,1.73,1.73,0.0
2025-08-30 16:00:00,1.73,1.73,1.73,1.73,0.0
2025-08-30 20:00:00,1.73,1.73,1.73,1.73,0.0
2025-08-31 00:00:00,1.73,1.73,1.73,1.73,0.0
2025-08-31 04:00:00,1.73,1.73,1.73,1.73,0.0
2025-08-31 08:00:00,1.73,1.73,1.73,1.73,0.0
2025-08-31 12:00:00,1.73,1.73,1.73,1.73,0.0
2025-08-31 16:00:00,1.73,1.73,1.73,1.73,0.0
2025-08-31 20:00:00,1.73,1.73,1.73,1.73,0.0
2025-09-01 00:00:00,1.73,1.73,1.73,1.73,0.0
2025-09-01 04:00:00,1.73,1.73,1.73,1.73,0.0
2025-09-01 08:00:00,1.73,1.73,1.73,1.73,0.0
2025-09-01 12:00:00,1.73,1.73,1.73,1.73,0.0
2025-09-01 16:00:00,1.73,1.73,1.73,1.73,0.0
2025-09-01 20:00:00,1.73,1.73,1.73,1.73,0.0
2025-09-02 00:00:00,1.73,1.73,1.73,1.73,0.0
2025-09-02 04:00:00,1.73,1.73,1.73,1.73,0.0
2025-09-02 08:00:00,1.73,1.73,1.73,1.73,0.0
2025-09-02 12:00:00,1.73,1.73,1.73,1.73,0.0
2025-09-02 16:00:00,1.73,1.73,1.73,1.73,0.0
2025-09-02 20:00:00,1.73,1.73,1.73,1.73,0.0
2025-09-03 00:00:00,1.73,1.73,1.73,1.73,0.0
2025-09-03 04:00:00,1.73,1.73,1.73,1.73,0.0
2025-09-03 08:00:00,1.73,1.73,1.73,1.73,0.0
2025-09-03 12:00:00,1.73,1.73,1.73,1.73,0.0
2025-09-03 16:00:00,1.73,1.73,1.73,1.73,0.0
2025-09-03 20:00:00,1.73,1.73,1.73,1.73,0.0
2025-09-04 00:00:00,1.73,1.73,1.73,1.73,0.0
2025-09-04 04:00:00,1.73,1.73,1.73,1.73,0.0
2025-09-04 08:00:00,1.73,1.73,1.73,1.73,0.0
2025-09-04 12:00:00,1.73,1.73,1.73,1.73,0.0
2025-09-04 16:00:00,1.73,1.73,1.73,1.73,0.0
2025-09-04 20:00:00,1.73,1.73,1.73,1.73,0.0
2025-09-05 00:00:00,1.73,1.73,1.73,1.73,0.0
2025-09-05 04:00:00,1.73,1.73,1.73,1.73,0.0
2025-09-05 08:00:00,1.73,1.73,1.73,1.73,0.0
2025-09-05 12:00:00,1.73,1.73,1.73,1.73,0.0
2025-09-05 16:00:00,1.73,1.73,1.73,1.73,0.0
2025-09-05 20:00:00,1.73,1.73,1.73,1.73,0.0
2025-09-06 00:00:00,1.73,1.73,1.73,1.73,0.0
2025-09-06 04:00:00,1.73,1.73,1.73,1.73,0.0
2025-09-06 08:00:00,1.73,1.73,1.73,1.73,0.0
2025-09-06 12:00:00,1.73,1.73,1.73,1.73,0.0
2025-09-06 16:00:00,1.73,1.73,1.73,1.73,0.0
2025-09-06 20:00:00,1.73,1.73,1.73,1.73,0.0
2025-09-07 00:00:00,1.73,1.73,1.73,1.73,0.0
2025-09-07 04:00:00,1.73,1.73,1.73,1.73,0.0
2025-09-07 08:00:00,1.73,1.73,1.73,1.73,0.0
2025-09-07 12:00:00,1.73,1.73,1.73,1.73,0.0
2025-09-07 16:00:00,1.73,1.73,1.73,1.73,0.0
2025-09-07 20:00:00,1.73,1.73,1.73,1.73,0.0
2025-09-08 00:00:00,1.73,1.73,1.73,1.73,0.0
2025-09-08 04:00:00,1.73,1.73,1.73,1.73,0.0
2025-09-08 08:00:00,1.73,1.73,1.73,1.73,0.0
2025-09-08 12:00:00,1.73,1.73,1.73,1.73,0.0
2025-09-08 16:00:00,1.73,1.73,1.73,1.73,0.0
2025-09-08 20:00:00,1.73,1.73,1.73,1.73,0.0
2025-09-09 00:00:00,1.73,1.73,1.73,1.73,0.0
2025-09-09 04:00:00,1.73,1.73,1.73,1.73,0.0
2025-09-09 08:00:00,1.73,1.73,1.73,1.73,0.0
2025-09-09 12:00:00,1.73,1.73,1.73,1.73,0.0
2025-09-09 16:00:00,1.73,1.73,1.73,1.73,0.0
2025-09-09 20:00:00,1.73,1.73,1.73,1.73,0.0
2025-09-10 00:00:00,1.73,1.73,1.73,1.73,0.0
2025-09-10 04:00:00,1.73,1.73,1.73,1.73,0.0
2025-09-10 08:00:00,1.73,1.73,1.73,1.73,0.0
2025-09-10 12:00:00,1.73,1.73,1.73,1.73,0.0
2025-09-10 16:00:00,1.73,1.73,1.73,1.73,0.0
2025-09-10 20:00:00,1.73,1.73,1.73,1.73,0.0
2025-09-11 00:00:00,1.73,1.73,1.73,1.73,0.0
2025-09-11 04:00:00,1.73,1.73,1.73,1.73,0.0
2025-09-11 08:00:00,1.73,1.73,1.73,1.73,0.0
2025-09-11 12:00:00,1.73,1.73,1.73,1.73,0.0
2025-09-11 16:00:00,1.73,1.73,1.73,1.73,0.0
2025-09-11 20:00:00,1.73,1.73,1.73,1.73,0.0
2025-09-12 00:00:00,1.73,1.73,1.73,1.73,0.0
2025-09-12 04:00:00,1.73,1.73,1.73,1.73,0.0
2025-09-12 08:00:00,1.73,1.73,1.73,1.73,0.0
2025-09-12 12:00:00,1.73,1.73,1.73,1.73,0.0
2025-09-12 16:00:00,1.73,1.73,1.73,1.73,0.0
2025-09-12 20:00:00,1.73,1.73,1.73,1.73,0.0
2025-09-13 00:00:00,1.73,1.73,1.73,1.73,0.0
2025-09-13 04:00:00,1.73,1.73,1.73,1.73,0.0
2025-09-13 08:00:00,1.73,1.73,1.73,1.73,0.0
2025-09-13 12:00:00,1.73,1.73,1.73,1.73,0.0
2025-09-13 16:00:00,1.73,1.73,1.73,1.73,0.0
2025-09-13 20:00:00,1.73,1.73,1.73,1.73,0.0
2025-09-14 00:00:00,1.73,1.73,1.73,1.73,0.0
2025-09-14 04:00:00,1.73,1.73,1.73,1.73,0.0
2025-09-14 08:00:00,1.73,1.73,1.73,1.73,0.0
2025-09-14 12:00:00,1.73,1.73,1.73,1.73,0.0
2025-09-14 16:00:00,1.73,1.73,1.73,1.73,0.0
2025-09-14 20:00:00,1.73,1.73,1.73,1.73,0.0
2025-09-15 00:00:00,1.73,1.73,1.73,1.73,0.0
2025-09-15 04:00:00,1.73,1.73,1.73,1.73,0.0
2025-09-15 08:00:00,1.73,1.73,1.73,1.73,0.0
2025-09-15 12:00:00,1.73,1.73,1.73,1.73,0.0
2025-09-15 16:00:00,1.73,1.73,1.73,1.73,0.0
2025-09-15 20:00:00,1.73,1.73,1.73,1.73,0.0
2025-09-16 00:00:00,1.73,1.73,1.73,1.73,0.0
2025-09-16 04:00:00,1.73,1.73,1.73,1.73,0.0
2025-09-16 08:00:00,1.73,1.73,1.73,1.73,0.0
2025-09-16 12:00:00,1.73,1.73,1.73,1.73,0.0
2025-09-16 16:00:00,1.73,1.73,1.73,1.73,0.0
2025-09-16 20:00:00,1.73,1.73,1.73,1.73,0.0
2025-09-17 00:00:00,1.73,1.73,1.73,1.73,0.0
2025-09-17 04:00:00,1.73,1.73,1.73,1.73,0.0
2025-09-17 08:00:00,1.73,1.73,1.73,1.73,0.0
2025-09-17 12:00:00,1.73,1.73,1.73,1.73,0.0
2025-09-17 16:00:00,1.73,1.73,1.73,1.73,0.0
2025-09-17 20:00:00,1.73,1.73,1.73,1.73,0.0
2025-09-18 00:00:00,1.73,1.73,1.73,1.73,0.0
2025-09-18 04:00:00,1.73,1.73,1.73,1.73,0.0
2025-09-18 08:00:00,1.73,1.73,1.73,1.73,0.0
2025-09-18 12:00:00,1.73,1.73,1.73,1.73,0.0
2025-09-18 16:00:00,1.73,1.73,1.73,1.73,0.0
2025-09-18 20:00:00,1.73,1.73,1.73,1.73,0.0
2025-09-19 00:00:00,1.73,1.73,1.73,1.73,0.0
2025-09-19 04:00:00,1.73,1.73,1.73,1.73,0.0
2025-09-19 08:00:00,1.73,1.73,1.73,1.73,0.0
2025-09-19 12:00:00,1.73,1.73,1.73,1.73,0.0
2025-09-19 16:00:00,1.73,1.73,1.73,1.73,0.0
2025-09-19 20:00:00,1.73,1.73,1.73,1.73,0.0
2025-09-20 00:00:00,1.73,1.73,1.73,1.73,0.0
2025-09-20 04:00:00,1.73,1.73,1.73,1.73,0.0
2025-09-20 08:00:00,1.73,1.73,1.73,1.73,0.0
2025-09-20 12:00:00,1.73,1.73,1.73,1.73,0.0
2025-09-20 16:00:00,1.73,1.73,1.73,1.73,0.0
2025-09-20 20:00:00,1.73,1.73,1.73,1.73,0.0
2025-09-21 00:00:00,1.73,1.73,1.73,1.73,0.0
2025-09-21 04:00:00,1.73,1.73,1.73,1.73,0.0
2025-09-21 08:00:00,1.73,1.73,1.73,1.73,0.0
2025-09-21 12:00:00,1.73,1.73,1.73,1.73,0.0
2025-09-21 16:00:00,1.73,1.73,1.73,1.73,0.0
2025-09-21 20:00:00,1.73,1.73,1.73,1.73,0.0
2025-09-22 00:00:00,1.73,1.73,1.73,1.73,0.0
2025-09-22 04:00:00,1.73,1.73,1.73,1.73,0.0
2025-09-22 08:00:00,1.73,1.73,1.73,1.73,0.0
2025-09-22 12:00:00,1.73,1.73,1.73,1.73,0.0
2025-09-22 16:00:00,1.73,1.73,1.73,1.73,0.0
2025-09-22 20:00:00,1.73,1.73,1.73,1.73,0.0
2025-09-23 00:00:00,1.73,1.73,1.73,1.73,0.0
2025-09-23 04:00:00,1.73,1.73,1.73,1.73,0.0
2025-09-23 08:00:00,1.73,1.73,1.73,1.73,0.0
2025-09-23 12:00:00,1.73,1.73,1.73,1.73,0.0
2025-09-23 16:00:00,1.73,1.73,1.73,1.73,0.0
2025-09-23 20:00:00,1.73,1.73,1.73,1.73,0.0
2025-09-24 00:00:00,1.73,1.73,1.73,1.73,0.0
2025-09-24 04:00:00,1.73,1.73,1.73,1.73,0.0
2025-09-24 08:00:00,1.73,1.73,1.73,1.73,0.0
2025-09-24 12:00:00,1.73,1.73,1.73,1.73,0.0
2025-09-24 16:00:00,1.73,1.73,1.73,1.73,0.0
2025-09-24 20:00:00,1.73,1.73,1.73,1.73,0.0
2025-09-25 00:00:00,1.73,1.73,1.73,1.73,0.0
2025-09-25 04:00:00,1.73,1.73,1.73,1.73,0.0
2025-09-25 08:00:00,1.73,1.73,1.73,1.73,0.0
2025-09-25 12:00:00,1.73,1.73,1.73,1.73,0.0
2025-09-25 16:00:00,1.73,1.73,1.73,1.73,0.0
2025-09-25 20:00:00,1.73,1.73,1.73,1.73,0.0
2025-09-26 00:00:00,1.73,1.73,1.73,1.73,0.0
2025-09-26 04:00:00,1.73,1.73,1.73,1.73,0.0
2025-09-26 08:00:00,1.73,1.73,1.73,1.73,0.0
2025-09-26 12:00:00,1.73,1.73,1.73,1.73,0.0
2025-09-26 16:00:00,1.73,1.73,1.73,1.73,0.0
2025-09-26 20:00:00,1.73,1.73,1.73,1.73,0.0
2025-09-27 00:00:00,1.73,1.73,1.73,1.73,0.0
2025-09-27 04:00:00,1.73,1.73,1.73,1.73,0.0
2025-09-27 08:00:00,1.73,1.73,1.73,1.73,0.0
2025-09-27 12:00:00,1.73,1.73,1.73,1.73,0.0
2025-09-27 16:00:00,1.73,1.73,1.73,1.73,0.0
2025-09-27 20:00:00,1.73,1.73,1.73,1.73,0.0
2025-09-28 00:00:00,1.73,1.73,1.73,1.73,0.0
2025-09-28 04:00:00,1.73,1.73,1.73,1.73,0.0
2025-09-28 08:00:00,1.73,1.73,1.73,1.73,0.0
2025-09-28 12:00:00,1.73,1.73,1.73,1.73,0.0
2025-09-28 16:00:00,1.73,1.73,1.73,1.73,0.0
2025-09-28 20:00:00,1.73,1.73,1.73,1.73,0.0
2025-09-29 00:00:00,1.73,1.73,1.73,1.73,0.0
2025-09-29 04:00:00,1.73,1.73,1.73,1.73,0.0
2025-09-29 08:00:00,1.73,1.73,1.73,1.73,0.0
2025-09-29 12:00:00,1.73,1.73,1.73,1.73,0.0
2025-09-29 16:00:00,1.73,1.73,1.73,1.73,0.0
2025-09-29 20:00:00,1.73,1.73,1.73,1.73,0.0
2025-09-30 00:00:00,1.73,1.73,1.73,1.73,0.0
2025-09-30 04:00:00,1.73,1.73,1.73,1.73,0.0
2025-09-30 08:00:00,1.73,1.73,1.73,1.73,0.0
2025-09-30 12:00:00,1.73,1.73,1.73,1.73,0.0
2025-09-30 16:00:00,1.73,1.73,1.73,1.73,0.0
2025-09-30 20:00:00,1.73,1.73,1.73,1.73,0.0
2025-10-01 00:00:00,1.73,1.73,1.73,1.73,0.0
2025-10-01 04:00:00,1.73,1.73,1.73,1.73,0.0
2025-10-01 08:00:00,1.73,1.73,1.73,1.73,0.0
2025-10-01 12:00:00,1.73,1.73,1.73,1.73,0.0
2025-10-01 16:00:00,1.73,1.73,1.73,1.73,0.0
2025-10-01 20:00:00,1.73,1.73,1.73,1.73,0.0
2025-10-02 00:00:00,1.73,1.73,1.73,1.73,0.0
2025-10-02 04:00:00,1.73,1.73,1.73,1.73,0.0
2025-10-02 08:00:00,1.73,1.73,1.73,1.73,0.0
2025-10-02 12:00:00,1.73,1.73,1.73,1.73,0.0
2025-10-02 16:00:00,1.73,1.73,1.73,1.73,0.0
2025-10-02 20:00:00,1.73,1.73,1.73,1.73,0.0
2025-10-03 00:00:00,1.73,1.73,1.73,1.73,0.0
2025-10-03 04:00:00,1.73,1.73,1.73,1.73,0.0
2025-10-03 08:00:00,1.73,1.73,1.73,1.73,0.0
2025-10-03 12:00:00,1.73,1.73,1.73,1.73,0.0
2025-10-03 16:00:00,1.73,1.73,1.73,1.73,0.0
2025-10-03 20:00:00,1.73,1.73,1.73,1.73,0.0
2025-10-04 00:00:00,1.73,1.73,1.73,1.73,0.0
2025-10-04 04:00:00,1.73,1.73,1.73,1.73,0.0
2025-10-04 08:00:00,1.73,1.73,1.73,1.73,0.0
2025-10-04 12:00:00,1.73,1.73,1.73,1.73,0.0
2025-10-04 16:00:00,1.73,1.73,1.73,1.73,0.0
2025-10-04 20:00:00,1.73,1.73,1.73,1.73,0.0
2025-10-05 00:00:00,1.73,1.73,1.73,1.73,0.0
2025-10-05 04:00:00,1.73,1.73,1.73,1.73,0.0
2025-10-05 08:00:00,1.73,1.73,1.73,1.73,0.0
2025-10-05 12:00:00,1.73,1.73,1.73,1.73,0.0
2025-10-05 16:00:00,1.73,1.73,1.73,1.73,0.0
2025-10-05 20:00:00,1.73,1.73,1.73,1.73,0.0
2025-10-06 00:00:00,1.73,1.73,1.73,1.73,0.0
2025-10-06 04:00:00,1.73,1.73,1.73,1.73,0.0
2025-10-06 08:00:00,1.73,1.73,1.73,1.73,0.0
2025-10-06 12:00:00,1.73,1.73,1.73,1.73,0.0
2025-10-06 16:00:00,1.73,1.73,1.73,1.73,0.0
2025-10-06 20:00:00,1.73,1.73,1.73,1.73,0.0
2025-10-07 00:00:00,1.73,1.73,1.73,1.73,0.0
2025-10-07 04:00:00,1.73,1.73,1.73,1.73,0.0
2025-10-07 08:00:00,1.73,1.73,1.73,1.73,0.0
2025-10-07 12:00:00,1.73,1.73,1.73,1.73,0.0
2025-10-07 16:00:00,1.73,1.73,1.73,1.73,0.0
2025-10-07 20:00:00,1.73,1.73,1.73,1.73,0.0
2025-10-08 00:00:00,1.73,1.73,1.73,1.73,0.0
2025-10-08 04:00:00,1.73,1.73,1.73,1.73,0.0
2025-10-08 08:00:00,1.73,1.73,1.73,1.73,0.0
2025-10-08 12:00:00,1.73,1.73,1.73,1.73,0.0
2025-10-08 16:00:00,1.73,1.73,1.73,1.73,0.0
2025-10-08 20:00:00,1.73,1.73,1.73,1.73,0.0
2025-10-09 00:00:00,1.73,1.73,1.73,1.73,0.0
2025-10-09 04:00:00,1.73,1.73,1.73,1.73,0.0
2025-10-09 08:00:00,1.73,1.73,1.73,1.73,0.0
2025-10-09 12:00:00,1.73,1.73,1.73,1.73,0.0
2025-10-09 16:00:00,1.73,1.73,1.73,1.73,0.0
2025-10-09 20:00:00,1.73,1.73,1.73,1.73,0.0
2025-10-10 00:00:00,1.73,1.73,1.73,1.73,0.0
2025-10-10 04:00:00,1.73,1.73,1.73,1.73,0.0
2025-10-10 08:00:00,1.73,1.73,1.73,1.73,0.0
2025-10-10 12:00:00,1.73,1.73,1.73,1.73,0.0
2025-10-10 16:00:00,1.73,1.73,1.73,1.73,0.0
2025-10-10 20:00:00,1.73,1.73,1.73,1.73,0.0
2025-10-11 00:00:00,1.73,1.73,1.73,1.73,0.0
2025-10-11 04:00:00,1.73,1.73,1.73,1.73,0.0
2025-10-11 08:00:00,1.73,1.73,1.73,1.73,0.0
2025-10-11 12:00:00,1.73,1.73,1.73,1.73,0.0
2025-10-11 16:00:00,1.73,1.73,1.73,1.73,0.0
2025-10-11 20:00:00,1.73,1.73,1.73,1.73,0.0
2025-10-12 00:00:00,1.73,1.73,1.73,1.73,0.0
2025-10-12 04:00:00,1.73,1.73,1.73,1.73,0.0
2025-10-12 08:00:00,1.73,1.73,1.73,1.73,0.0
2025-10-12 12:00:00,1.73,1.73,1.73,1.73,0.0
2025-10-12 16:00:00,1.73,1.73,1.73,1.73,0.0
2025-10-12 20:00:00,1.73,1.73,1.73,1.73,0.0
2025-10-13 00:00:00,1.73,1.73,1.73,1.73,0.0
2025-10-13 04:00:00,1.73,1.73,1.73,1.73,0.0
2025-10-13 08:00:00,1.73,1.73,1.73,1.73,0.0
2025-10-13 12:00:00,1.73,1.73,1.73,1.73,0.0
2025-10-13 16:00:00,1.73,1.73,1.73,1.73,0.0
2025-10-13 20:00:00,1.73,1.73,1.73,1.73,0.0
2025-10-14 00:00:00,1.73,1.73,1.73,1.73,0.0
2025-10-14 04:00:00,1.73,1.73,1.73,1.73,0.0
2025-10-14 08:00:00,1.73,1.73,1.73,1.73,0.0
2025-10-14 12:00:00,1.73,1.73,1.73,1.73,0.0
2025-10-14 16:00:00,1.73,1.73,1.73,1.73,0.0
2025-10-14 20:00:00,1.73,1.73,1.73,1.73,0.0
2025-10-15 00:00:00,1.73,1.73,1.73,1.73,0.0
2025-10-15 04:00:00,1.73,1.73,1.73,1.73,0.0
2025-10-15 08:00:00,1.73,1.73,1.73,1.73,0.0
2025-10-15 12:00:00,1.73,1.73,1.73,1.73,0.0
2025-10-15 16:00:00,1.73,1.73,1.73,1.73,0.0
2025-10-15 20:00:00,1.73,1.73,1.73,1.73,0.0
2025-10-16 00:00:00,1.73,1.73,1.73,1.73,0.0
2025-10-16 04:00:00,1.73,1.73,1.73,1.73,0.0
2025-10-16 08:00:00,1.73,1.73,1.73,1.73,0.0
2025-10-16 12:00:00,1.73,1.73,1.73,1.73,0.0
2025-10-16 16:00:00,1.73,1.73,1.73,1.73,0.0
2025-10-16 20:00:00,1.73,1.73,1.73,1.73,0.0
2025-10-17 00:00:00,1.73,1.73,1.73,1.73,0.0
2025-10-17 04:00:00,1.73,1.73,1.73,1.73,0.0
2025-10-17 08:00:00,1.73,1.73,1.73,1.73,0.0
2025-10-17 12:00:00,1.73,1.73,1.73,1.73,0.0
2025-10-17 16:00:00,1.73,1.73,1.73,1.73,0.0
2025-10-17 20:00:00,1.73,1.73,1.73,1.73,0.0
2025-10-18 00:00:00,1.73,1.73,1.73,1.73,0.0
2025-10-18 04:00:00,1.73,1.73,1.73,1.73,0.0
2025-10-18 08:00:00,1.73,1.73,1.73,1.73,0.0
2025-10-18 12:00:00,1.73,1.73,1.73,1.73,0.0
2025-10-18 16:00:00,1.73,1.73,1.73,1.73,0.0
2025-10-18 20:00:00,1.73,1.73,1.73,1.73,0.0
2025-10-19 00:00:00,1.73,1.73,1.73,1.73,0.0
2025-10-19 04:00:00,1.73,1.73,1.73,1.73,0.0
2025-10-19 08:00:00,1.73,1.73,1.73,1.73,0.0
2025-10-19 12:00:00,1.73,1.73,1.73,1.73,0.0
2025-10-19 16:00:00,1.73,1.73,1.73,1.73,0.0
2025-10-19 20:00:00,1.73,1.73,1.73,1.73,0.0
2025-10-20 00:00:00,1.73,1.73,1.73,1.73,0.0
2025-10-20 04:00:00,1.73,1.73,1.73,1.73,0.0
2025-10-20 08:00:00,1.73,1.73,1.73,1.73,0.0
2025-10-20 12:00:00,1.73,1.73,1.73,1.73,0.0
2025-10-20 16:00:00,1.73,1.73,1.73,1.73,0.0
2025-10-20 20:00:00,1.73,1.73,1.73,1.73,0.0
2025-10-21 00:00:00,1.73,1.73,1.73,1.73,0.0
2025-10-21 04:00:00,1.73,1.73,1.73,1.73,0.0
2025-10-21 08:00:00,1.73,1.73,1.73,1.73,0.0
2025-10-21 12:00:00,1.73,1.73,1.73,1.73,0.0
2025-10-21 16:00:00,1.73,1.73,1.73,1.73,0.0
2025-10-21 20:00:00,1.73,1.73,1.73,1.73,0.0
2025-10-22 00:00:00,1.73,1.73,1.73,1.73,0.0
2025-10-22 04:00:00,1.73,1.73,1.73,1.73,0.0
2025-10-22 08:00:00,1.73,1.73,1.73,1.73,0.0
2025-10-22 12:00:00,1.73,1.73,1.73,1.73,0.0
2025-10-22 16:00:00,1.73,1.73,1.73,1.73,0.0
2025-10-22 20:00:00,1.73,1.73,1.73,1.73,0.0
2025-10-23 00:00:00,1.73,1.73,1.73,1.73,0.0
2025-10-23 04:00:00,1.73,1.73,1.73,1.73,0.0
2025-10-23 08:00:00,1.73,1.73,1.73,1.73,0.0
2025-10-23 12:00:00,1.73,1.73,1.73,1.73,0.0
2025-10-23 16:00:00,1.73,1.73,1.73,1.73,0.0
2025-10-23 20:00:00,1.73,1.73,1.73,1.73,0.0
2025-10-24 00:00:00,1.73,1.73,1.73,1.73,0.0
2025-10-24 04:00:00,1.73,1.73,1.73,1.73,0.0
2025-10-24 08:00:00,1.73,1.73,1.73,1.73,0.0
2025-10-24 12:00:00,1.73,1.73,1.73,1.73,0.0
2025-10-24 16:00:00,1.73,1.73,1.73,1.73,0.0
2025-10-24 20:00:00,1.73,1.73,1.73,1.73,0.0
2025-10-25 00:00:00,1.73,1.73,1.73,1.73,0.0
2025-10-25 04:00:00,1.73,1.73,1.73,1.73,0.0
2025-10-25 08:00:00,1.73,1.73,1.73,1.73,0.0
2025-10-25 12:00:00,1.73,1.73,1.73,1.73,0.0
2025-10-25 16:00:00,1.73,1.73,1.73,1.73,0.0
2025-10-25 20:00:00,1.73,1.73,1.73,1.73,0.0
2025-10-26 00:00:00,1.73,1.73,1.73,1.73,0.0
2025-10-26 04:00:00,1.73,1.73,1.73,1.73,0.0
2025-10-26 08:00:00,1.73,1.73,1.73,1.73,0.0
2025-10-26 12:00:00,1.73,1.73,1.73,1.73,0.0
2025-10-26 16:00:00,1.73,1.73,1.73,1.73,0.0
2025-10-26 20:00:00,1.73,1.73,1.73,1.73,0.0
2025-10-27 00:00:00,1.73,1.73,1.73,1.73,0.0
2025-10-27 04:00:00,1.73,1.73,1.73,1.73,0.0
2025-10-27 08:00:00,1.73,1.73,1.73,1.73,0.0
2025-10-27 12:00:00,1.73,1.73,1.73,1.73,0.0
2025-10-27 16:00:00,1.73,1.73,1.73,1.73,0.0
2025-10-27 20:00:00,1.73,1.73,1.73,1.73,0.0
2025-10-28 00:00:00,1.73,1.73,1.73,1.73,0.0
2025-10-28 04:00:00,1.73,1.73,1.73,1.73,0.0
2025-10-28 08:00:00,1.73,1.73,1.73,1.73,0.0
2025-10-28 12:00:00,1.73,1.73,1.73,1.73,0.0
2025-10-28 16:00:00,1.73,1.73,1.73,1.73,0.0
2025-10-28 20:00:00,1.73,1.73,1.73,1.73,0.0
2025-10-29 00:00:00,1.73,1.73,1.73,1.73,0.0
2025-10-29 04:00:00,1.73,1.73,1.73,1.73,0.0
2025-10-29 08:00:00,1.73,1.73,1.73,1.73,0.0
2025-10-29 12:00:00,1.73,1.73,1.73,1.73,0.0
2025-10-29 16:00:00,1.73,1.73,1.73,1.73,0.0
2025-10-29 20:00:00,1.73,1.73,1.73,1.73,0.0
2025-10-30 00:00:00,1.73,1.73,1.73,1.73,0.0
2025-10-30 04:00:00,1.73,1.73,1.73,1.73,0.0
2025-10-30 08:00:00,1.73,1.73,1.73,1.73,0.0
2025-10-30 12:00:00,1.73,1.73,1.73,1.73,0.0
2025-10-30 16:00:00,1.73,1.73,1.73,1.73,0.0
2025-10-30 20:00:00,1.73,1.73,1.73,1.73,0.0
2025-10-31 00:00:00,1.73,1.73,1.73,1.73,0.0
2025-10-31 04:00:00,1.73,1.73,1.73,1.73,0.0
2025-10-31 08:00:00,1.73,1.73,1.73,1.73,0.0
2025-10-31 12:00:00,1.73,1.73,1.73,1.73,0.0
2025-10-31 16:00:00,1.73,1.73,1.73,1.73,0.0
2025-10-31 20:00:00,1.73,1.73,1.73,1.73,0.0
2025-11-01 00:00:00,1.73,1.73,1.73,1.73,0.0
2025-11-01 04:00:00,1.73,1.73,1.73,1.73,0.0
2025-11-01 08:00:00,1.73,1.73,1.73,1.73,0.0
2025-11-01 12:00:00,1.73,1.73,1.73,1.73,0.0
2025-11-01 16:00:00,1.73,1.73,1.73,1.73,0.0
2025-11-01 20:00:00,1.73,1.73,1.73,1.73,0.0
2025-11-02 00:00:00,1.73,1.73,1.73,1.73,0.0
2025-11-02 04:00:00,1.73,1.73,1.73,1.73,0.0
2025-11-02 08:00:00,1.73,1.73,1.73,1.73,0.0
2025-11-02 12:00:00,1.73,1.73,1.73,1.73,0.0
2025-11-02 16:00:00,1.73,1.73,1.73,1.73,0.0
2025-11-02 20:00:00,1.73,1.73,1.73,1.73,0.0
2025-11-03 00:00:00,1.73,1.73,1.73,1.73,0.0
2025-11-03 04:00:00,1.73,1.73,1.73,1.73,0.0
2025-11-03 08:00:00,1.73,1.73,1.73,1.73,0.0
2025-11-03 12:00:00,1.73,1.73,1.73,1.73,0.0
2025-11-03 16:00:00,1.73,1.73,1.73,1.73,0.0
2025-11-03 20:00:00,1.73,1.73,1.73,1.73,0.0
2025-11-04 00:00:00,1.73,1.73,1.73,1.73,0.0
2025-11-04 04:00:00,1.73,1.73,1.73,1.73,0.0
2025-11-04 08:00:00,1.73,1.73,1.73,1.73,0.0
2025-11-04 12:00:00,1.73,1.73,1.73,1.73,0.0
2025-11-04 16:00:00,1.73,1.73,1.73,1.73,0.0
2025-11-04 20:00:00,1.73,1.73,1.73,1.73,0.0
2025-11-05 00:00:00,1.73,1.73,1.73,1.73,0.0
2025-11-05 04:00:00,1.73,1.73,1.73,1.73,0.0
2025-11-05 08:00:00,1.73,1.73,1.73,1.73,0.0
2025-11-05 12:00:00,1.73,1.73,1.73,1.73,0.0
2025-11-05 16:00:00,1.73,1.73,1.73,1.73,0.0
2025-11-05 20:00:00,1.73,1.73,1.73,1.73,0.0
2025-11-06 00:00:00,1.73,1.73,1.73,1.73,0.0
2025-11-06 04:00:00,1.73,1.73,1.73,1.73,0.0
2025-11-06 08:00:00,1.73,1.73,1.73,1.73,0.0
2025-11-06 12:00:00,1.73,1.73,1.73,1.73,0.0
2025-11-06 16:00:00,1.73,1.73,1.73,1.73,0.0
2025-11-06 20:00:00,1.73,1.73,1.73,1.73,0.0
2025-11-07 00:00:00,1.73,1.73,1.73,1.73,0.0
2025-11-07 04:00:00,1.73,1.73,1.73,1.73,0.0
2025-11-07 08:00:00,1.73,1.73,1.73,1.73,0.0
2025-11-07 12:00:00,1.73,1.73,1.73,1.73,0.0
2025-11-07 16:00:00,1.73,1.73,1.73,1.73,0.0
2025-11-07 20:00:00,1.73,1.73,1.73,1.73,0.0
2025-11-08 00:00:00,1.73,1.73,1.73,1.73,0.0
2025-11-08 04:00:00,1.73,1.73,1.73,1.73,0.0
2025-11-08 08:00:00,1.73,1.73,1.73,1.73,0.0
2025-11-08 12:00:00,1.73,1.73,1.73,1.73,0.0
2025-11-08 16:00:00,1.73,1.73,1.73,1.73,0.0
2025-11-08 20:00:00,1.73,1.73,1.73,1.73,0.0
2025-11-09 00:00:00,1.73,1.73,1.73,1.73,0.0
2025-11-09 04:00:00,1.73,1.73,1.73,1.73,0.0
2025-11-09 08:00:00,1.73,1.73,1.73,1.73,0.0
2025-11-09 12:00:00,1.73,1.73,1.73,1.73,0.0
2025-11-09 16:00:00,1.73,1.73,1.73,1.73,0.0
2025-11-09 20:00:00,1.73,1.73,1.73,1.73,0.0
2025-11-10 00:00:00,1.73,1.73,1.73,1.73,0.0
2025-11-10 04:00:00,1.73,1.73,1.73,1.73,0.0
2025-11-10 08:00:00,1.73,1.73,1.73,1.73,0.0
2025-11-10 12:00:00,1.73,1.73,1.73,1.73,0.0
2025-11-10 16:00:00,1.73,1.73,1.73,1.73,0.0
2025-11-10 20:00:00,1.73,1.73,1.73,1.73,0.0
2025-11-11 00:00:00,1.73,1.73,1.73,1.73,0.0
2025-11-11 04:00:00,1.73,1.73,1.73,1.73,0.0
2025-11-11 08:00:00,1.73,1.73,1.73,1.73,0.0
2025-11-11 12:00:00,1.73,1.73,1.73,1.73,0.0
2025-11-11 16:00:00,1.73,1.73,1.73,1.73,0.0
2025-11-11 20:00:00,1.73,1.73,1.73,1.73,0.0
2025-11-12 00:00:00,1.73,1.73,1.73,1.73,0.0
2025-11-12 04:00:00,1.73,1.73,1.73,1.73,0.0
2025-11-12 08:00:00,1.73,1.73,1.73,1.73,0.0
2025-11-12 12:00:00,1.73,1.73,1.73,1.73,0.0
2025-11-12 16:00:00,1.73,1.73,1.73,1.73,0.0
2025-11-12 20:00:00,1.73,1.73,1.73,1.73,0.0
2025-11-13 00:00:00,1.73,1.73,1.73,1.73,0.0
2025-11-13 04:00:00,1.73,1.73,1.73,1.73,0.0
2025-11-13 08:00:00,1.73,1.73,1.73,1.73,0.0
2025-11-13 12:00:00,1.73,1.73,1.73,1.73,0.0
2025-11-13 16:00:00,1.73,1.73,1.73,1.73,0.0
2025-11-13 20:00:00,1.73,1.73,1.73,1.73,0.0
2025-11-14 00:00:00,1.73,1.73,1.73,1.73,0.0
2025-11-14 04:00:00,1.73,1.73,1.73,1.73,0.0
2025-11-14 08:00:00,1.73,1.73,1.73,1.73,0.0
2025-11-14 12:00:00,1.73,1.73,1.73,1.73,0.0
2025-11-14 16:00:00,1.73,1.73,1.73,1.73,0.0
2025-11-14 20:00:00,1.73,1.73,1.73,1.73,0.0
2025-11-15 00:00:00,1.73,1.73,1.73,1.73,0.0
2025-11-15 04:00:00,1.73,1.73,1.73,1.73,0.0
2025-11-15 08:00:00,1.73,1.73,1.73,1.73,0.0
2025-11-15 12:00:00,1.73,1.73,1.73,1.73,0.0
2025-11-15 16:00:00,1.73,1.73,1.73,1.73,0.0
2025-11-15 20:00:00,1.73,1.73,1.73,1.73,0.0
2025-11-16 00:00:00,1.73,1.73,1.73,1.73,0.0
2025-11-16 04:00:00,1.73,1.73,1.73,1.73,0.0
2025-11-16 08:00:00,1.73,1.73,1.73,1.73,0.0
2025-11-16 12:00:00,1.73,1.73,1.73,1.73,0.0
2025-11-16 16:00:00,1.73,1.73,1.73,1.73,0.0
2025-11-16 20:00:00,1.73,1.73,1.73,1.73,0.0
2025-11-17 00:00:00,1.73,1.73,1.73,1.73,0.0
2025-11-17 04:00:00,1.73,1.73,1.73,1.73,0.0
2025-11-17 08:00:00,1.73,1.73,1.73,1.73,0.0
2025-11-17 12:00:00,1.73,1.73,1.73,1.73,0.0
2025-11-17 16:00:00,1.73,1.73,1.73,1.73,0.0
2025-11-17 20:00:00,1.73,1.73,1.73,1.73,0.0
2025-11-18 00:00:00,1.73,1.73,1.73,1.73,0.0
2025-11-18 04:00:00,1.73,1.73,1.73,1.73,0.0
2025-11-18 08:00:00,1.73,1.73,1.73,1.73,0.0
2025-11-18 12:00:00,1.73,1.73,1.73,1.73,0.0
2025-11-18 16:00:00,1.73,1.73,1.73,1.73,0.0
2025-11-18 20:00:00,1.73,1.73,1.73,1.73,0.0
2025-11-19 00:00:00,1.73,1.73,1.73,1.73,0.0
2025-11-19 04:00:00,1.73,1.73,1.73,1.73,0.0
2025-11-19 08:00:00,1.73,1.73,1.73,1.73,0.0
2025-11-19 12:00:00,1.73,1.73,1.73,1.73,0.0
2025-11-19 16:00:00,1.73,1.73,1.73,1.73,0.0
2025-11-19 20:00:00,1.73,1.73,1.73,1.73,0.0
2025-11-20 00:00:00,1.73,1.73,1.73,1.73,0.0
2025-11-20 04:00:00,1.73,1.73,1.73,1.73,0.0
2025-11-20 08:00:00,1.73,1.73,1.73,1.73,0.0
2025-11-20 12:00:00,1.73,1.73,1.73,1.73,0.0
2025-11-20 16:00:00,1.73,1.73,1.73,1.73,0.0
2025-11-20 20:00:00,1.73,1.73,1.73,1.73,0.0
2025-11-21 00:00:00,1.73,1.73,1.73,1.73,0.0
2025-11-21 04:00:00,1.73,1.73,1.73,1.73,0.0
2025-11-21 08:00:00,1.73,1.73,1.73,1.73,0.0
2025-11-21 12:00:00,1.73,1.73,1.73,1.73,0.0
2025-11-21 16:00:00,1.73,1.73,1.73,1.73,0.0
2025-11-21 20:00:00,1.73,1.73,1.73,1.73,0.0
2025-11-22 00:00:00,1.73,1.73,1.73,1.73,0.0
2025-11-22 04:00:00,1.73,1.73,1.73,1.73,0.0
2025-11-22 08:00:00,1.73,1.73,1.73,1.73,0.0
2025-11-22 12:00:00,1.73,1.73,1.73,1.73,0.0
2025-11-22 16:00:00,1.73,1.73,1.73,1.73,0.0
2025-11-22 20:00:00,1.73,1.73,1.73,1.73,0.0
2025-11-23 00:00:00,1.73,1.73,1.73,1.73,0.0
2025-11-23 04:00:00,1.73,1.73,1.73,1.73,0.0
2025-11-23 08:00:00,1.73,1.73,1.73,1.73,0.0
2025-11-23 12:00:00,1.73,1.73,1.73,1.73,0.0
2025-11-23 16:00:00,1.73,1.73,1.73,1.73,0.0
2025-11-23 20:00:00,1.73,1.73,1.73,1.73,0.0
2025-11-24 00:00:00,1.73,1.73,1.73,1.73,0.0
2025-11-24 04:00:00,1.73,1.73,1.73,1.73,0.0
2025-11-24 08:00:00,1.73,1.73,1.73,1.73,0.0
2025-11-24 12:00:00,1.73,1.73,1.73,1.73,0.0
2025-11-24 16:00:00,1.73,1.73,1.73,1.73,0.0
2025-11-24 20:00:00,1.73,1.73,1.73,1.73,0.0
2025-11-25 00:00:00,1.73,1.73,1.73,1.73,0.0
2025-11-25 04:00:00,1.73,1.73,1.73,1.73,0.0
2025-11-25 08:00:00,1.73,1.73,1.73,1.73,0.0
2025-11-25 12:00:00,1.73,1.73,1.73,1.73,0.0
2025-11-25 16:00:00,1.73,1.73,1.73,1.73,0.0
2025-11-25 20:00:00,1.73,1.73,1.73,1.73,0.0
2025-11-26 00:00:00,1.73,1.73,1.73,1.73,0.0
2025-11-26 04:00:00,1.73,1.73,1.73,1.73,0.0
2025-11-26 08:00:00,1.73,1.73,1.73,1.73,0.0
2025-11-26 12:00:00,1.73,1.73,1.73,1.73,0.0
2025-11-26 16:00:00,1.73,1.73,1.73,1.73,0.0
2025-11-26 20:00:00,1.73,1.73,1.73,1.73,0.0
2025-11-27 00:00:00,1.73,1.73,1.73,1.73,0.0
2025-11-27 04:00:00,1.73,1.73,1.73,1.73,0.0
2025-11-27 08:00:00,1.73,1.73,1.73,1.73,0.0
2025-11-27 12:00:00,1.73,1.73,1.73,1.73,0.0
2025-11-27 16:00:00,1.73,1.73,1.73,1.73,0.0
2025-11-27 20:00:00,1.73,1.73,1.73,1.73,0.0
2025-11-28 00:00:00,1.73,1.73,1.73,1.73,0.0
2025-11-28 04:00:00,1.73,1.73,1.73,1.73,0.0
2025-11-28 08:00:00,1.73,1.73,1.73,1.73,0.0
2025-11-28 12:00:00,1.73,1.73,1.73,1.73,0.0
2025-11-28 16:00:00,1.73,1.73,1.73,1.73,0.0
2025-11-28 20:00:00,1.73,1.73,1.73,1.73,0.0
2025-11-29 00:00:00,1.73,1.73,1.73,1.73,0.0
2025-11-29 04:00:00,1.73,1.73,1.73,1.73,0.0
2025-11-29 08:00:00,1.73,1.73,1.73,1.73,0.0
2025-11-29 12:00:00,1.73,1.73,1.73,1.73,0.0
2025-11-29 16:00:00,1.73,1.73,1.73,1.73,0.0
2025-11-29 20:00:00,1.73,1.73,1.73,1.73,0.0
2025-11-30 00:00:00,1.73,1.73,1.73,1.73,0.0
2025-11-30 04:00:00,1.73,1.73,1.73,1.73,0.0
2025-11-30 08:00:00,1.73,1.73,1.73,1.73,0.0
2025-11-30 12:00:00,1.73,1.73,1.73,1.73,0.0
2025-11-30 16:00:00,1.73,1.73,1.73,1.73,0.0
2025-11-30 20:00:00,1.73,1.73,1.73,1.73,0.0
2025-12-01 00:00:00,1.73,1.73,1.73,1.73,0.0
2025-12-01 04:00:00,1.73,1.73,1.73,1.73,0.0
2025-12-01 08:00:00,1.73,1.73,1.73,1.73,0.0
2025-12-01 12:00:00,1.73,1.73,1.73,1.73,0.0
2025-12-01 16:00:00,1.73,1.73,1.73,1.73,0.0
2025-12-01 20:00:00,1.73,1.73,1.73,1.73,0.0
2025-12-02 00:00:00,1.73,1.73,1.73,1.73,0.0
2025-12-02 04:00:00,1.73,1.73,1.73,1.73,0.0
2025-12-02 08:00:00,1.73,1.73,1.73,1.73,0.0
2025-12-02 12:00:00,1.73,1.73,1.73,1.73,0.0
2025-12-02 16:00:00,1.73,1.73,1.73,1.73,0.0
2025-12-02 20:00:00,1.73,1.73,1.73,1.73,0.0
2025-12-03 00:00:00,1.73,1.73,1.73,1.73,0.0
2025-12-03 04:00:00,1.73,1.73,1.73,1.73,0.0
2025-12-03 08:00:00,1.73,1.73,1.73,1.73,0.0
2025-12-03 12:00:00,1.73,1.73,1.73,1.73,0.0
2025-12-03 16:00:00,1.73,1.73,1.73,1.73,0.0
2025-12-03 20:00:00,1.73,1.73,1.73,1.73,0.0
2025-12-04 00:00:00,1.73,1.73,1.73,1.73,0.0
2025-12-04 04:00:00,1.73,1.73,1.73,1.73,0.0
2025-12-04 08:00:00,1.73,1.73,1.73,1.73,0.0
2025-12-04 12:00:00,1.73,1.73,1.73,1.73,0.0
2025-12-04 16:00:00,1.73,1.73,1.73,1.73,0.0
2025-12-04 20:00:00,1.73,1.73,1.73,1.73,0.0
2025-12-05 00:00:00,1.73,1.73,1.73,1.73,0.0
2025-12-05 04:00:00,1.73,1.73,1.73,1.73,0.0
2025-12-05 08:00:00,1.73,1.73,1.73,1.73,0.0
2025-12-05 12:00:00,1.73,1.73,1.73,1.73,0.0
2025-12-05 16:00:00,1.73,1.73,1.73,1.73,0.0
2025-12-05 20:00:00,1.73,1.73,1.73,1.73,0.0
2025-12-06 00:00:00,1.73,1.73,1.73,1.73,0.0
2025-12-06 04:00:00,1.73,1.73,1.73,1.73,0.0
2025-12-06 08:00:00,1.73,1.73,1.73,1.73,0.0
2025-12-06 12:00:00,1.73,1.73,1.73,1.73,0.0
2025-12-06 16:00:00,1.73,1.73,1.73,1.73,0.0
2025-12-06 20:00:00,1.73,1.73,1.73,1.73,0.0
2025-12-07 00:00:00,1.73,1.73,1.73,1.73,0.0
2025-12-07 04:00:00,1.73,1.73,1.73,1.73,0.0
2025-12-07 08:00:00,1.73,1.73,1.73,1.73,0.0
2025-12-07 12:00:00,1.73,1.73,1.73,1.73,0.0
2025-12-07 16:00:00,1.73,1.73,1.73,1.73,0.0
2025-12-07 20:00:00,1.73,1.73,1.73,1.73,0.0
2025-12-08 00:00:00,1.73,1.73,1.73,1.73,0.0
2025-12-08 04:00:00,1.73,1.73,1.73,1.73,0.0
2025-12-08 08:00:00,1.73,1.73,1.73,1.73,0.0
2025-12-08 12:00:00,1.73,1.73,1.73,1.73,0.0
2025-12-08 16:00:00,1.73,1.73,1.73,1.73,0.0
2025-12-08 20:00:00,1.73,1.73,1.73,1.73,0.0
2025-12-09 00:00:00,1.73,1.73,1.73,1.73,0.0
2025-12-09 04:00:00,1.73,1.73,1.73,1.73,0.0
2025-12-09 08:00:00,1.73,1.73,1.73,1.73,0.0
2025-12-09 12:00:00,1.73,1.73,1.73,1.73,0.0
2025-12-09 16:00:00,1.73,1.73,1.73,1.73,0.0
2025-12-09 20:00:00,1.73,1.73,1.73,1.73,0.0
2025-12-10 00:00:00,1.73,1.73,1.73,1.73,0.0
2025-12-10 04:00:00,1.73,1.73,1.73,1.73,0.0
2025-12-10 08:00:00,1.73,1.73,1.73,1.73,0.0
2025-12-10 12:00:00,1.73,1.73,1.73,1.73,0.0
2025-12-10 16:00:00,1.73,1.73,1.73,1.73,0.0
2025-12-10 20:00:00,1.73,1.73,1.73,1.73,0.0
2025-12-11 00:00:00,1.73,1.73,1.73,1.73,0.0
2025-12-11 04:00:00,1.73,1.73,1.73,1.73,0.0
2025-12-11 08:00:00,1.73,1.73,1.73,1.73,0.0
2025-12-11 12:00:00,1.73,1.73,1.73,1.73,0.0
2025-12-11 16:00:00,1.73,1.73,1.73,1.73,0.0
2025-12-11 20:00:00,1.73,1.73,1.73,1.73,0.0
2025-12-12 00:00:00,1.73,1.73,1.73,1.73,0.0
2025-12-12 04:00:00,1.73,1.73,1.73,1.73,0.0
2025-12-12 08:00:00,1.73,1.73,1.73,1.73,0.0
2025-12-12 12:00:00,1.73,1.73,1.73,1.73,0.0
2025-12-12 16:00:00,1.73,1.73,1.73,1.73,0.0
2025-12-12 20:00:00,1.73,1.73,1.73,1.73,0.0
2025-12-13 00:00:00,1.73,1.73,1.73,1.73,0.0
2025-12-13 04:00:00,1.73,1.73,1.73,1.73,0.0
2025-12-13 08:00:00,1.73,1.73,1.73,1.73,0.0
2025-12-13 12:00:00,1.73,1.73,1.73,1.73,0.0
2025-12-13 16:00:00,1.73,1.73,1.73,1.73,0.0
2025-12-13 20:00:00,1.73,1.73,1.73,1.73,0.0
2025-12-14 00:00:00,1.73,1.73,1.73,1.73,0.0
2025-12-14 04:00:00,1.73,1.73,1.73,1.73,0.0
2025-12-14 08:00:00,1.73,1.73,1.73,1.73,0.0
2025-12-14 12:00:00,1.73,1.73,1.73,1.73,0.0
2025-12-14 16:00:00,1.73,1.73,1.73,1.73,0.0
2025-12-14 20:00:00,1.73,1.73,1.73,1.73,0.0
2025-12-15 00:00:00,1.73,1.73,1.73,1.73,0.0
2025-12-15 04:00:00,1.73,1.73,1.73,1.73,0.0
2025-12-15 08:00:00,1.73,1.73,1.73,1.73,0.0
2025-12-15 12:00:00,1.73,1.73,1.73,1.73,0.0
2025-12-15 16:00:00,1.73,1.73,1.73,1.73,0.0
2025-12-15 20:00:00,1.73,1.73,1.73,1.73,0.0
2025-12-16 00:00:00,1.73,1.73,1.73,1.73,0.0
2025-12-16 04:00:00,1.73,1.73,1.73,1.73,0.0
2025-12-16 08:00:00,1.73,1.73,1.73,1.73,0.0
2025-12-16 12:00:00,1.73,1.73,1.73,1.73,0.0
2025-12-16 16:00:00,1.73,1.73,1.73,1.73,0.0
2025-12-16 20:00:00,1.73,1.73,1.73,1.73,0.0
2025-12-17 00:00:00,1.73,1.73,1.73,1.73,0.0
2025-12-17 04:00:00,1.73,1.73,1.73,1.73,0.0
2025-12-17 08:00:00,1.73,1.73,1.73,1.73,0.0
2025-12-17 12:00:00,1.73,1.73,1.73,1.73,0.0
2025-12-17 16:00:00,1.73,1.73,1.73,1.73,0.0
2025-12-17 20:00:00,1.73,1.73,1.73,1.73,0.0
2025-12-18 00:00:00,1.73,1.73,1.73,1.73,0.0
2025-12-18 04:00:00,1.73,1.73,1.73,1.73,0.0
2025-12-18 08:00:00,1.73,1.73,1.73,1.73,0.0
2025-12-18 12:00:00,1.73,1.73,1.73,1.73,0.0
2025-12-18 16:00:00,1.73,1.73,1.73,1.73,0.0
2025-12-18 20:00:00,1.73,1.73,1.73,1.73,0.0
2025-12-19 00:00:00,1.73,1.73,1.73,1.73,0.0
2025-12-19 04:00:00,1.73,1.73,1.73,1.73,0.0
2025-12-19 08:00:00,1.73,1.73,1.73,1.73,0.0
2025-12-19 12:00:00,1.73,1.73,1.73,1.73,0.0
2025-12-19 16:00:00,1.73,1.73,1.73,1.73,0.0
2025-12-19 20:00:00,1.73,1.73,1.73,1.73,0.0
2025-12-20 00:00:00,1.73,1.73,1.73,1.73,0.0
2025-12-20 04:00:00,1.73,1.73,1.73,1.73,0.0
2025-12-20 08:00:00,1.73,1.73,1.73,1.73,0.0
2025-12-20 12:00:00,1.73,1.73,1.73,1.73,0.0
2025-12-20 16:00:00,1.73,1.73,1.73,1.73,0.0
2025-12-20 20:00:00,1.73,1.73,1.73,1.73,0.0
2025-12-21 00:00:00,1.73,1.73,1.73,1.73,0.0
2025-12-21 04:00:00,1.73,1.73,1.73,1.73,0.0
2025-12-21 08:00:00,1.73,1.73,1.73,1.73,0.0
2025-12-21 12:00:00,1.73,1.73,1.73,1.73,0.0
2025-12-21 16:00:00,1.73,1.73,1.73,1.73,0.0
2025-12-21 20:00:00,1.73,1.73,1.73,1.73,0.0
2025-12-22 00:00:00,1.73,1.73,1.73,1.73,0.0
2025-12-22 04:00:00,1.73,1.73,1.73,1.73,0.0
2025-12-22 08:00:00,1.73,1.73,1.73,1.73,0.0
2025-12-22 12:00:00,1.73,1.73,1.73,1.73,0.0
2025-12-22 16:00:00,1.73,1.73,1.73,1.73,0.0
2025-12-22 20:00:00,1.73,1.73,1.73,1.73,0.0
2025-12-23 00:00:00,1.73,1.73,1.73,1.73,0.0
2025-12-23 04:00:00,1.73,1.73,1.73,1.73,0.0
2025-12-23 08:00:00,1.73,1.73,1.73,1.73,0.0
2025-12-23 12:00:00,1.73,1.73,1.73,1.73,0.0
2025-12-23 16:00:00,1.73,1.73,1.73,1.73,0.0
2025-12-23 20:00:00,1.73,1.73,1.73,1.73,0.0
2025-12-24 00:00:00,1.73,1.73,1.73,1.73,0.0
2025-12-24 04:00:00,1.73,1.73,1.73,1.73,0.0
2025-12-24 08:00:00,1.73,1.73,1.73,1.73,0.0
2025-12-24 12:00:00,1.73,1.73,1.73,1.73,0.0
2025-12-24 16:00:00,1.73,1.73,1.73,1.73,0.0
2025-12-24 20:00:00,1.73,1.73,1.73,1.73,0.0
2025-12-25 00:00:00,1.73,1.73,1.73,1.73,0.0
2025-12-25 04:00:00,1.73,1.73,1.73,1.73,0.0
2025-12-25 08:00:00,1.73,1.73,1.73,1.73,0.0
2025-12-25 12:00:00,1.73,1.73,1.73,1.73,0.0
2025-12-25 16:00:00,1.73,1.73,1.73,1.73,0.0
2025-12-25 20:00:00,1.73,1.73,1.73,1.73,0.0
2025-12-26 00:00:00,1.73,1.73,1.73,1.73,0.0
2025-12-26 04:00:00,1.73,1.73,1.73,1.73,0.0
2025-12-26 08:00:00,1.73,1.73,1.73,1.73,0.0
2025-12-26 12:00:00,1.73,1.73,1.73,1.73,0.0
2025-12-26 16:00:00,1.73,1.73,1.73,1.73,0.0
2025-12-26 20:00:00,1.73,1.73,1.73,1.73,0.0
2025-12-27 00:00:00,1.73,1.73,1.73,1.73,0.0
2025-12-27 04:00:00,1.73,1.73,1.73,1.73,0.0
2025-12-27 08:00:00,1.73,1.73,1.73,1.73,0.0
2025-12-27 12:00:00,1.73,1.73,1.73,1.73,0.0
2025-12-27 16:00:00,1.73,1.73,1.73,1.73,0.0
2025-12-27 20:00:00,1.73,1.73,1.73,1.73,0.0
2025-12-28 00:00:00,1.73,1.73,1.73,1.73,0.0
2025-12-28 04:00:00,1.73,1.73,1.73,1.73,0.0
2025-12-28 08:00:00,1.73,1.73,1.73,1.73,0.0
2025-12-28 12:00:00,1.73,1.73,1.73,1.73,0.0
2025-12-28 16:00:00,1.73,1.73,1.73,1.73,0.0
2025-12-28 20:00:00,1.73,1.73,1.73,1.73,0.0
2025-12-29 00:00:00,1.73,1.73,1.73,1.73,0.0
2025-12-29 04:00:00,1.73,1.73,1.73,1.73,0.0
2025-12-29 08:00:00,1.73,1.73,1.73,1.73,0.0
2025-12-29 12:00:00,1.73,1.73,1.73,1.73,0.0
2025-12-29 16:00:00,1.73,1.73,1.73,1.73,0.0
2025-12-29 20:00:00,1.73,1.73,1.73,1.73,0.0
2025-12-30 00:00:00,1.73,1.73,1.73,1.73,0.0
2025-12-30 04:00:00,1.73,1.73,1.73,1.73,0.0
2025-12-30 08:00:00,1.73,1.73,1.73,1.73,0.0
2025-12-30 12:00:00,1.73,1.73,1.73,1.73,0.0
2025-12-30 16:00:00,1.73,1.73,1.73,1.73,0.0
2025-12-30 20:00:00,1.73,1.73,1.73,1.73,0.0
2025-12-31 00:00:00,1.73,1.73,1.73,1.73,0.0
2025-12-31 04:00:00,1.73,1.73,1.73,1.73,0.0
2025-12-31 08:00:00,1.73,1.73,1.73,1.73,0.0
2025-12-31 12:00:00,1.73,1.73,1.73,1.73,0.0
2025-12-31 16:00:00,1.73,1.73,1.73,1.73,0.0
2025-12-31 20:00:00,1.73,1.73,1.73,1.73,0.0
2026-01-01 00:00:00,1.73,1.73,1.73,1.73,0.0
2026-01-01 04:00:00,1.73,1.73,1.73,1.73,0.0
2026-01-01 08:00:00,1.73,1.73,1.73,1.73,0.0
2026-01-01 12:00:00,1.73,1.73,1.73,1.73,0.0
2026-01-01 16:00:00,1.73,1.73,1.73,1.73,0.0
2026-01-01 20:00:00,1.73,1.73,1.73,1.73,0.0
2026-01-02 00:00:00,1.73,1.73,1.73,1.73,0.0
2026-01-02 04:00:00,1.73,1.73,1.73,1.73,0.0
2026-01-02 08:00:00,1.73,1.73,1.73,1.73,0.0
2026-01-02 12:00:00,1.73,1.73,1.73,1.73,0.0
2026-01-02 16:00:00,1.73,1.73,1.73,1.73,0.0
2026-01-02 20:00:00,1.73,1.73,1.73,1.73,0.0
2026-01-03 00:00:00,1.73,1.73,1.73,1.73,0.0
2026-01-03 04:00:00,1.73,1.73,1.73,1.73,0.0
2026-01-03 08:00:00,1.73,1.73,1.73,1.73,0.0
2026-01-03 12:00:00,1.73,1.73,1.73,1.73,0.0
2026-01-03 16:00:00,1.73,1.73,1.73,1.73,0.0
2026-01-03 20:00:00,1.73,1.73,1.73,1.73,0.0
2026-01-04 00:00:00,1.73,1.73,1.73,1.73,0.0
2026-01-04 04:00:00,1.73,1.73,1.73,1.73,0.0
2026-01-04 08:00:00,1.73,1.73,1.73,1.73,0.0
2026-01-04 12:00:00,1.73,1.73,1.73,1.73,0.0
2026-01-04 16:00:00,1.73,1.73,1.73,1.73,0.0
2026-01-04 20:00:00,1.73,1.73,1.73,1.73,0.0
2026-01-05 00:00:00,1.73,1.73,1.73,1.73,0.0
2026-01-05 04:00:00,1.73,1.73,1.73,1.73,0.0
2026-01-05 08:00:00,1.73,1.73,1.73,1.73,0.0
2026-01-05 12:00:00,1.73,1.73,1.73,1.73,0.0
2026-01-05 16:00:00,1.73,1.73,1.73,1.73,0.0
2026-01-05 20:00:00,1.73,1.73,1.73,1.73,0.0
2026-01-06 00:00:00,1.73,1.73,1.73,1.73,0.0
2026-01-06 04:00:00,1.73,1.73,1.73,1.73,0.0
2026-01-06 08:00:00,1.73,1.73,1.73,1.73,0.0
2026-01-06 12:00:00,1.73,1.73,1.73,1.73,0.0
2026-01-06 16:00:00,1.73,1.73,1.73,1.73,0.0
2026-01-06 20:00:00,1.73,1.73,1.73,1.73,0.0
2026-01-07 00:00:00,1.73,1.73,1.73,1.73,0.0
2026-01-07 04:00:00,1.73,1.73,1.73,1.73,0.0
2026-01-07 08:00:00,1.73,1.73,1.73,1.73,0.0
2026-01-07 12:00:00,1.73,1.73,1.73,1.73,0.0
2026-01-07 16:00:00,1.73,1.73,1.73,1.73,0.0
2026-01-07 20:00:00,1.73,1.73,1.73,1.73,0.0
2026-01-08 00:00:00,1.73,1.73,1.73,1.73,0.0
2026-01-08 04:00:00,1.73,1.73,1.73,1.73,0.0
2026-01-08 08:00:00,1.73,1.73,1.73,1.73,0.0
2026-01-08 12:00:00,1.73,1.73,1.73,1.73,0.0
2026-01-08 16:00:00,1.73,1.73,1.73,1.73,0.0
2026-01-08 20:00:00,1.73,1.73,1.73,1.73,0.0
2026-01-09 00:00:00,1.73,1.73,1.73,1.73,0.0
2026-01-09 04:00:00,1.73,1.73,1.73,1.73,0.0
2026-01-09 08:00:00,1.73,1.73,1.73,1.73,0.0
2026-01-09 12:00:00,1.73,1.73,1.73,1.73,0.0
2026-01-09 16:00:00,1.73,1.73,1.73,1.73,0.0
2026-01-09 20:00:00,1.73,1.73,1.73,1.73,0.0
2026-01-10 00:00:00,1.73,1.73,1.73,1.73,0.0
2026-01-10 04:00:00,1.73,1.73,1.73,1.73,0.0
2026-01-10 08:00:00,1.73,1.73,1.73,1.73,0.0
2026-01-10 12:00:00,1.73,1.73,1.73,1.73,0.0
2026-01-10 16:00:00,1.73,1.73,1.73,1.73,0.0
2026-01-10 20:00:00,1.73,1.73,1.73,1.73,0.0
2026-01-11 00:00:00,1.73,1.73,1.73,1.73,0.0
2026-01-11 04:00:00,1.73,1.73,1.73,1.73,0.0
2026-01-11 08:00:00,1.73,1.73,1.73,1.73,0.0
2026-01-11 12:00:00,1.73,1.73,1.73,1.73,0.0
2026-01-11 16:00:00,1.73,1.73,1.73,1.73,0.0
2026-01-11 20:00:00,1.73,1.73,1.73,1.73,0.0
2026-01-12 00:00:00,1.73,1.73,1.73,1.73,0.0
2026-01-12 04:00:00,1.73,1.73,1.73,1.73,0.0
2026-01-12 08:00:00,1.73,1.73,1.73,1.73,0.0
2026-01-12 12:00:00,1.73,1.73,1.73,1.73,0.0
2026-01-12 16:00:00,1.73,1.73,1.73,1.73,0.0
2026-01-12 20:00:00,1.73,1.73,1.73,1.73,0.0
2026-01-13 00:00:00,1.73,1.73,1.73,1.73,0.0
2026-01-13 04:00:00,1.73,1.73,1.73,1.73,0.0
2026-01-13 08:00:00,1.73,1.73,1.73,1.73,0.0
2026-01-13 12:00:00,1.73,1.73,1.73,1.73,0.0
2026-01-13 16:00:00,1.73,1.73,1.73,1.73,0.0
2026-01-13 20:00:00,1.73,1.73,1.73,1.73,0.0
2026-01-14 00:00:00,1.73,1.73,1.73,1.73,0.0
2026-01-14 04:00:00,1.73,1.73,1.73,1.73,0.0
2026-01-14 08:00:00,1.73,1.73,1.73,1.73,0.0
2026-01-14 12:00:00,1.73,1.73,1.73,1.73,0.0
2026-01-14 16:00:00,1.73,1.73,1.73,1.73,0.0
2026-01-14 20:00:00,1.73,1.73,1.73,1.73,0.0
2026-01-15 00:00:00,1.73,1.73,1.73,1.73,0.0
2026-01-15 04:00:00,1.73,1.73,1.73,1.73,0.0
2026-01-15 08:00:00,1.73,1.73,1.73,1.73,0.0
2026-01-15 12:00:00,1.73,1.73,1.73,1.73,0.0
2026-01-15 16:00:00,1.73,1.73,1.73,1.73,0.0
2026-01-15 20:00:00,1.73,1.73,1.73,1.73,0.0
2026-01-16 00:00:00,1.73,1.73,1.73,1.73,0.0
2026-01-16 04:00:00,1.73,1.73,1.73,1.73,0.0
2026-01-16 08:00:00,1.73,1.73,1.73,1.73,0.0
2026-01-16 12:00:00,1.73,1.73,1.73,1.73,0.0
2026-01-16 16:00:00,1.73,1.73,1.73,1.73,0.0
2026-01-16 20:00:00,1.73,1.73,1.73,1.73,0.0
2026-01-17 00:00:00,1.73,1.73,1.73,1.73,0.0
2026-01-17 04:00:00,1.73,1.73,1.73,1.73,0.0
2026-01-17 08:00:00,1.73,1.73,1.73,1.73,0.0
2026-01-17 12:00:00,1.73,1.73,1.73,1.73,0.0
2026-01-17 16:00:00,1.73,1.73,1.73,1.73,0.0
2026-01-17 20:00:00,1.73,1.73,1.73,1.73,0.0
2026-01-18 00:00:00,1.73,1.73,1.73,1.73,0.0
2026-01-18 04:00:00,1.73,1.73,1.73,1.73,0.0
2026-01-18 08:00:00,1.73,1.73,1.73,1.73,0.0
2026-01-18 12:00:00,1.73,1.73,1.73,1.73,0.0
2026-01-18 16:00:00,1.73,1.73,1.73,1.73,0.0
2026-01-18 20:00:00,1.73,1.73,1.73,1.73,0.0
2026-01-19 00:00:00,1.73,1.73,1.73,1.73,0.0
2026-01-19 04:00:00,1.73,1.73,1.73,1.73,0.0
2026-01-19 08:00:00,1.73,1.73,1.73,1.73,0.0
2026-01-19 12:00:00,1.73,1.73,1.73,1.73,0.0
2026-01-19 16:00:00,1.73,1.73,1.73,1.73,0.0
2026-01-19 20:00:00,1.73,1.73,1.73,1.73,0.0
2026-01-20 00:00:00,1.73,1.73,1.73,1.73,0.0
2026-01-20 04:00:00,1.73,1.73,1.73,1.73,0.0
2026-01-20 08:00:00,1.73,1.73,1.73,1.73,0.0
2026-01-20 12:00:00,1.73,1.73,1.73,1.73,0.0
2026-01-20 16:00:00,1.73,1.73,1.73,1.73,0.0
2026-01-20 20:00:00,1.73,1.73,1.73,1.73,0.0
2026-01-21 00:00:00,1.73,1.73,1.73,1.73,0.0
2026-01-21 04:00:00,1.73,1.73,1.73,1.73,0.0
2026-01-21 08:00:00,1.73,1.73,1.73,1.73,0.0
2026-01-21 12:00:00,1.73,1.73,1.73,1.73,0.0
2026-01-21 16:00:00,1.73,1.73,1.73,1.73,0.0
2026-01-21 20:00:00,1.73,1.73,1.73,1.73,0.0
2026-01-22 00:00:00,1.73,1.73,1.73,1.73,0.0
2026-01-22 04:00:00,1.73,1.73,1.73,1.73,0.0
2026-01-22 08:00:00,1.73,1.73,1.73,1.73,0.0
2026-01-22 12:00:00,1.73,1.73,1.73,1.73,0.0
2026-01-22 16:00:00,1.73,1.73,1.73,1.73,0.0
2026-01-22 20:00:00,1.73,1.73,1.73,1.73,0.0
2026-01-23 00:00:00,1.73,1.73,1.73,1.73,0.0
2026-01-23 04:00:00,1.73,1.73,1.73,1.73,0.0
2026-01-23 08:00:00,1.73,1.73,1.73,1.73,0.0
2026-01-23 12:00:00,1.73,1.73,1.73,1.73,0.0
2026-01-23 16:00:00,1.73,1.73,1.73,1.73,0.0
2026-01-23 20:00:00,1.73,1.73,1.73,1.73,0.0
2026-01-24 00:00:00,1.73,1.73,1.73,1.73,0.0
2026-01-24 04:00:00,1.73,1.73,1.73,1.73,0.0
2026-01-24 08:00:00,1.73,1.73,1.73,1.73,0.0
2026-01-24 12:00:00,1.73,1.73,1.73,1.73,0.0
2026-01-24 16:00:00,1.73,1.73,1.73,1.73,0.0
2026-01-24 20:00:00,1.73,1.73,1.73,1.73,0.0
2026-01-25 00:00:00,1.73,1.73,1.73,1.73,0.0
2026-01-25 04:00:00,1.73,1.73,1.73,1.73,0.0
2026-01-25 08:00:00,1.73,1.73,1.73,1.73,0.0
2026-01-25 12:00:00,1.73,1.73,1.73,1.73,0.0
2026-01-25 16:00:00,1.73,1.73,1.73,1.73,0.0
2026-01-25 20:00:00,1.73,1.73,1.73,1.73,0.0
2026-01-26 00:00:00,1.73,1.73,1.73,1.73,0.0
2026-01-26 04:00:00,1.73,1.73,1.73,1.73,0.0
2026-01-26 08:00:00,1.73,1.73,1.73,1.73,0.0
2026-01-26 12:00:00,1.73,1.73,1.73,1.73,0.0
2026-01-26 16:00:00,1.73,1.73,1.73,1.73,0.0
2026-01-26 20:00:00,1.73,1.73,1.73,1.73,0.0
2026-01-27 00:00:00,1.73,1.73,1.73,1.73,0.0
2026-01-27 04:00:00,1.73,1.73,1.73,1.73,0.0
2026-01-27 08:00:00,1.73,1.73,1.73,1.73,0.0
2026-01-27 12:00:00,1.73,1.73,1.73,1.73,0.0
2026-01-27 16:00:00,1.73,1.73,1.73,1.73,0.0
2026-01-27 20:00:00,1.73,1.73,1.73,1.73,0.0
2026-01-28 00:00:00,1.73,1.73,1.73,1.73,0.0
2026-01-28 04:00:00,1.73,1.73,1.73,1.73,0.0
2026-01-28 08:00:00,1.73,1.73,1.73,1.73,0.0
2026-01-28 12:00:00,1.73,1.73,1.73,1.73,0.0
2026-01-28 16:00:00,1.73,1.73,1.73,1.73,0.0
2026-01-28 20:00:00,1.73,1.73,1.73,1.73,0.0
2026-01-29 00:00:00,1.73,1.73,1.73,1.73,0.0
2026-01-29 04:00:00,1.73,1.73,1.73,1.73,0.0
2026-01-29 08:00:00,1.73,1.73,1.73,1.73,0.0
2026-01-29 12:00:00,1.73,1.73,1.73,1.73,0.0
2026-01-29 16:00:00,1.73,1.73,1.73,1.73,0.0
2026-01-29 20:00:00,1.73,1.73,1.73,1.73,0.0
2026-01-30 00:00:00,1.73,1.73,1.73,1.73,0.0
2026-01-30 04:00:00,1.73,1.73,1.73,1.73,0.0
2026-01-30 08:00:00,1.73,1.73,1.73,1.73,0.0
2026-01-30 12:00:00,1.73,1.73,1.73,1.73,0.0
2026-01-30 16:00:00,1.73,1.73,1.73,1.73,0.0
2026-01-30 20:00:00,1.73,1.73,1.73,1.73,0.0
2026-01-31 00:00:00,1.73,1.73,1.73,1.73,0.0
2026-01-31 04:00:00,1.73,1.73,1.73,1.73,0.0
2026-01-31 08:00:00,1.73,1.73,1.73,1.73,0.0
2026-01-31 12:00:00,1.73,1.73,1.73,1.73,0.0
2026-01-31 16:00:00,1.73,1.73,1.73,1.73,0.0
2026-01-31 20:00:00,1.73,1.73,1.73,1.73,0.0
2026-02-01 00:00:00,1.73,1.73,1.73,1.73,0.0
2026-02-01 04:00:00,1.73,1.73,1.73,1.73,0.0
2026-02-01 08:00:00,1.73,1.73,1.73,1.73,0.0
2026-02-01 12:00:00,1.73,1.73,1.73,1.73,0.0
2026-02-01 16:00:00,1.73,1.73,1.73,1.73,0.0
2026-02-01 20:00:00,1.73,1.73,1.73,1.73,0.0
2026-02-02 00:00:00,1.73,1.73,1.73,1.73,0.0
2026-02-02 04:00:00,1.73,1.73,1.73,1.73,0.0
2026-02-02 08:00:00,1.73,1.73,1.73,1.73,0.0
2026-02-02 12:00:00,1.73,1.73,1.73,1.73,0.0
2026-02-02 16:00:00,1.73,1.73,1.73,1.73,0.0
2026-02-02 20:00:00,1.73,1.73,1.73,1.73,0.0
2026-02-03 00:00:00,1.73,1.73,1.73,1.73,0.0
2026-02-03 04:00:00,1.73,1.73,1.73,1.73,0.0
2026-02-03 08:00:00,1.73,1.73,1.73,1.73,0.0
2026-02-03 12:00:00,1.73,1.73,1.73,1.73,0.0
2026-02-03 16:00:00,1.73,1.73,1.73,1.73,0.0
2026-02-03 20:00:00,1.73,1.73,1.73,1.73,0.0
2026-02-04 00:00:00,1.73,1.73,1.73,1.73,0.0
2026-02-04 04:00:00,1.73,1.73,1.73,1.73,0.0
2026-02-04 08:00:00,1.73,1.73,1.73,1.73,0.0
2026-02-04 12:00:00,1.73,1.73,1.73,1.73,0.0
2026-02-04 16:00:00,1.73,1.73,1.73,1.73,0.0
2026-02-04 20:00:00,1.73,1.73,1.73,1.73,0.0
2026-02-05 00:00:00,1.73,1.73,1.73,1.73,0.0
2026-02-05 04:00:00,1.73,1.73,1.73,1.73,0.0
2026-02-05 08:00:00,1.73,1.73,1.73,1.73,0.0
2026-02-05 12:00:00,1.73,1.73,1.73,1.73,0.0
2026-02-05 16:00:00,1.73,1.73,1.73,1.73,0.0
2026-02-05 20:00:00,1.73,1.73,1.73,1.73,0.0
2026-02-06 00:00:00,1.73,1.73,1.73,1.73,0.0
2026-02-06 04:00:00,1.73,1.73,1.73,1.73,0.0
2026-02-06 08:00:00,1.73,1.73,1.73,1.73,0.0
2026-02-06 12:00:00,1.73,1.73,1.73,1.73,0.0
2026-02-06 16:00:00,1.73,1.73,1.73,1.73,0.0
2026-02-06 20:00:00,1.73,1.73,1.73,1.73,0.0
2026-02-07 00:00:00,1.73,1.73,1.73,1.73,0.0
2026-02-07 04:00:00,1.73,1.73,1.73,1.73,0.0
2026-02-07 08:00:00,1.73,1.73,1.73,1.73,0.0
2026-02-07 12:00:00,1.73,1.73,1.73,1.73,0.0
2026-02-07 16:00:00,1.73,1.73,1.73,1.73,0.0
2026-02-07 20:00:00,1.73,1.73,1.73,1.73,0.0
2026-02-08 00:00:00,1.73,1.73,1.73,1.73,0.0
2026-02-08 04:00:00,1.73,1.73,1.73,1.73,0.0
2026-02-08 08:00:00,1.73,1.73,1.73,1.73,0.0
2026-02-08 12:00:00,1.73,1.73,1.73,1.73,0.0
2026-02-08 16:00:00,1.73,1.73,1.73,1.73,0.0
2026-02-08 20:00:00,1.73,1.73,1.73,1.73,0.0
2026-02-09 00:00:00,1.73,1.73,1.73,1.73,0.0
2026-02-09 04:00:00,1.73,1.73,1.73,1.73,0.0
2026-02-09 08:00:00,1.73,1.73,1.73,1.73,0.0
2026-02-09 12:00:00,1.73,1.73,1.73,1.73,0.0
2026-02-09 16:00:00,1.73,1.73,1.73,1.73,0.0
2026-02-09 20:00:00,1.73,1.73,1.73,1.73,0.0
2026-02-10 00:00:00,1.73,1.73,1.73,1.73,0.0
2026-02-10 04:00:00,1.73,1.73,1.73,1.73,0.0
2026-02-10 08:00:00,1.73,1.73,1.73,1.73,0.0
2026-02-10 12:00:00,1.73,1.73,1.73,1.73,0.0
2026-02-10 16:00:00,1.73,1.73,1.73,1.73,0.0
2026-02-10 20:00:00,1.73,1.73,1.73,1.73,0.0
2026-02-11 00:00:00,1.73,1.73,1.73,1.73,0.0
2026-02-11 04:00:00,1.73,1.73,1.73,1.73,0.0
2026-02-11 08:00:00,1.73,1.73,1.73,1.73,0.0
2026-02-11 12:00:00,1.73,1.73,1.73,1.73,0.0
2026-02-11 16:00:00,1.73,1.73,1.73,1.73,0.0
2026-02-11 20:00:00,1.73,1.73,1.73,1.73,0.0
2026-02-12 00:00:00,1.73,1.73,1.73,1.73,0.0
2026-02-12 04:00:00,1.73,1.73,1.73,1.73,0.0
2026-02-12 08:00:00,1.73,1.73,1.73,1.73,0.0
2026-02-12 12:00:00,1.73,1.73,1.73,1.73,0.0
2026-02-12 16:00:00,1.73,1.73,1.73,1.73,0.0
2026-02-12 20:00:00,1.73,1.73,1.73,1.73,0.0
2026-02-13 00:00:00,1.73,1.73,1.73,1.73,0.0
2026-02-13 04:00:00,1.73,1.73,1.73,1.73,0.0
2026-02-13 08:00:00,1.73,1.73,1.73,1.73,0.0
2026-02-13 12:00:00,1.73,1.73,1.73,1.73,0.0
2026-02-13 16:00:00,1.73,1.73,1.73,1.73,0.0
2026-02-13 20:00:00,1.73,1.73,1.73,1.73,0.0
2026-02-14 00:00:00,1.73,1.73,1.73,1.73,0.0
2026-02-14 04:00:00,1.73,1.73,1.73,1.73,0.0
2026-02-14 08:00:00,1.73,1.73,1.73,1.73,0.0
2026-02-14 12:00:00,1.73,1.73,1.73,1.73,0.0
2026-02-14 16:00:00,1.73,1.73,1.73,1.73,0.0
2026-02-14 20:00:00,1.73,1.73,1.73,1.73,0.0
2026-02-15 00:00:00,1.73,1.73,1.73,1.73,0.0
2026-02-15 04:00:00,1.73,1.73,1.73,1.73,0.0
2026-02-15 08:00:00,1.73,1.73,1.73,1.73,0.0
2026-02-15 12:00:00,1.73,1.73,1.73,1.73,0.0
2026-02-15 16:00:00,1.73,1.73,1.73,1.73,0.0
2026-02-15 20:00:00,1.73,1.73,1.73,1.73,0.0
2026-02-16 00:00:00,1.73,1.73,1.73,1.73,0.0
2026-02-16 04:00:00,1.73,1.73,1.73,1.73,0.0
2026-02-16 08:00:00,1.73,1.73,1.73,1.73,0.0
2026-02-16 12:00:00,1.73,1.73,1.73,1.73,0.0
2026-02-16 16:00:00,1.73,1.73,1.73,1.73,0.0
2026-02-16 20:00:00,1.73,1.73,1.73,1.73,0.0
