timestamp,dev_activity_1d,dev_activity_contributors_count_7d,exchange_open_interest,sentiment_balance_total,sentiment_balance_total_v2,sentiment_negative_total,sentiment_positive_total,sentiment_volume_consumed_total,sentiment_weighted_total,sentiment_weighted_total_1d,sentiment_weighted_total_1d_v2,sentiment_weighted_total_1h,sentiment_weighted_total_1h_v2,sentiment_weighted_total_v2,social_dominance_ai_total,social_dominance_total,social_volume_ai_total,social_volume_total,total_funding_rates_aggregated_per_asset,total_open_interest,twitter_followers,unique_social_volume_total_1d,unique_social_volume_total_1h,unique_social_volume_total_5m
2025-02-08 00:00:00,,,,,,,,,,,,,,,,,,,,,997168.0,,,
2025-02-09 00:00:00,,,,,,,,,,,,,,,,,,,,,998216.0,,,
2025-02-10 00:00:00,,,,,,,,,,,,,,,,,,,,,998433.0,,,
2025-02-10 08:00:00,,,16817520.304640003,,,,,,,,,,,,,,,,-0.000309793992,87356474.3145342,,,,
2025-02-10 12:00:00,,,18186291.36648,,,,,,,,,,,,,,,,-0.000558973339,91345625.99082062,,,,
2025-02-10 16:00:00,,,19479288.09922,,,,,,,,,,,,,,,,-0.000529609143,97465618.56439234,,,,
2025-02-10 20:00:00,,,17859023.81162,,,,,,,,,,,,,,,,-0.000106757289,89403842.98392598,,,,
2025-02-11 00:00:00,,,20488893.78082,,,,,,,,,,,,,,,,-0.000147890479,97749260.86100648,1000269.0,,,
2025-02-11 04:00:00,,,21059607.78586,,,,,,,,,,,,,,,,-0.000278820036,100643213.40431592,,,,
2025-02-11 08:00:00,,,20105884.250020005,,,,,,,,,,,,,,,,-0.000454009133,94392142.7190449,,,,
2025-02-11 12:00:00,,,17884049.150420003,,,,,,,,,,,,,,,,-0.000691099167,89265685.02699044,,,,
2025-02-11 16:00:00,,,17079542.86666,,,,,,,,,,,,,,,,-0.000196362457,85885037.94929203,,,,
2025-02-11 20:00:00,,,17057649.22324,,,,,,,,,,,,,,,,-5.1578163e-05,91863158.723974,,,,
2025-02-12 00:00:00,,,17102519.63104,,,,,,,,,,,,,,,,-0.000385000425,88880715.39525448,1001127.0,,,
2025-02-12 04:00:00,,,15295562.37518,,,,,,,,,,,,,,,,-0.000278414359,80796777.15819386,,,,
2025-02-12 08:00:00,,,15892171.03344,,,,,,,,,,,,,,,,-0.000201315184,82362342.92785683,,,,
2025-02-12 12:00:00,,,15447016.29512,,,,,,,,,,,,,,,,-9.8966954e-05,83486488.28545462,,,,
2025-02-12 16:00:00,,,15680575.92796,,,,,,,,,,,,,,,,-0.000102922074,87413213.2250573,,,,
2025-02-12 20:00:00,,,15186441.9894,,,,,,,,,,,,,,,,-6.4145632e-05,84850557.80129698,,,,
2025-02-13 00:00:00,,,18402043.72886,,,,,,,,,,,,,,,,-0.000450605308,93774162.97820361,1004673.0,,,
2025-02-13 04:00:00,,,16476850.174199998,,,,,,,,,,,,,,,,-0.0002562668,86325092.52507347,,,,
2025-02-13 08:00:00,,,14128816.706460003,,,,,,,,,,,,,,,,-0.000231941139,81597526.91647314,,,,
2025-02-13 12:00:00,,,13304054.957460001,,,,,,,,,,,,,,,,-0.000280094925,80823884.31532457,,,,
2025-02-13 16:00:00,,,11990150.81418,,,,,,,,,,,,,,,,-6.7788705e-05,76622840.2794445,,,,
2025-02-13 20:00:00,,,11944340.25942,,,,,,,,,,,,,,,,-3.845635e-06,75105270.71351282,,,,
2025-02-14 00:00:00,0.0,0.0,11519148.35978,2.301764667034,2.301764667034,0.0,2.301764667034,0.116566889133,0.116566889133,0.0,0.0,0.303350754373,0.303350754373,0.116566889133,0.0,0.151729300174,0.0,4.0,-0.000147416748,73511748.62529936,1001277.0,23.0,4.0,4.0
2025-02-14 04:00:00,,,14148.5843740323,6.463368713856,6.463368713856,0.0,6.463368713856,-0.082445736135,-0.082445736135,,,0.216993646743,0.216993646743,-0.082445736135,0.0,0.369451175942,0.0,12.0,-0.000194260293,73150900.24273314,,,4.0,4.0
2025-02-14 08:00:00,,,14211.806484581899,1.614044368267,1.614044368267,0.0,1.614044368267,-0.055354617105,-0.055354617105,,,-0.353162780818,-0.353162780818,-0.055354617105,0.0,0.1064796313,0.0,5.0,3.5502022e-05,73676065.8296738,,,3.0,3.0
2025-02-14 12:00:00,,,15246.9480988274,4.956383645535,4.956383645535,0.0,4.956383645535,0.083834833788,0.083834833788,,,-0.031592283077,-0.031592283077,0.083834833788,0.0,0.238975447708,0.0,11.0,4.5491224e-05,75462878.03256097,,,6.0,6.0
2025-02-14 16:00:00,,,17013.9822422755,2.988146841526,2.988146841526,0.944159924984,3.93230676651,-0.118227378335,-0.118227378335,,,-0.141245153609,-0.141245153609,-0.118227378335,0.0,0.37276004498,0.0,17.0,-2.866526e-06,73466265.5940024,,,7.0,7.0
2025-02-14 20:00:00,,,17058.4316360343,4.719192385674,4.719192385674,0.742341995239,5.461534380913,0.031794313434,0.031794313434,,,-0.272008642968,-0.272008642968,0.031794313434,0.0,0.442190053931,0.0,13.0,2.6545581e-05,73450450.94717368,,,3.0,3.0
2025-02-15 00:00:00,0.0,0.0,15203.5916014692,0.795079350471,0.795079350471,0.809040367603,1.604119718075,-0.11713120091,-0.11713120091,-0.707106781187,-0.707106781187,-0.25901262467,-0.25901262467,-0.11713120091,0.0,0.20934656552,0.0,4.0,-1.4509217e-05,75379464.48058401,1002374.0,11.0,2.0,2.0
2025-02-15 04:00:00,,,18252.6694287261,3.028330028057,3.028330028057,0.0,3.028330028057,0.110604476971,0.110604476971,,,-0.347861739674,-0.347861739674,0.110604476971,0.0,0.501269616851,0.0,20.0,-5.8847134e-05,77271985.87686886,,,3.0,3.0
2025-02-15 08:00:00,,,18100.3610119906,0.76328510046,0.76328510046,0.0,0.76328510046,-0.128036879933,-0.128036879933,,,-0.475262508616,-0.475262508616,-0.128036879933,0.0,0.084550865801,0.0,2.0,-0.00020704671,74077177.75600849,,,1.0,1.0
2025-02-15 12:00:00,,,20621.0497031026,0.720016002655,0.720016002655,0.0,0.720016002655,-0.026674349986,-0.026674349986,,,-0.372153860644,-0.372153860644,-0.026674349986,0.008012820513,0.094225512945,1.0,4.0,-0.000416087188,71884424.33431178,,,2.0,2.0
2025-02-15 16:00:00,,,30713.726449862756,2.407803416252,2.407803416252,0.0,2.407803416252,0.093360224951,0.093360224951,,,-0.271906227438,-0.271906227438,0.093360224951,0.0,0.291431030408,0.0,8.0,-0.000454387262,71714346.2009955,,,2.0,2.0
2025-02-15 20:00:00,,,29974.6301622068,0.0,0.0,0.0,0.0,-0.093360224951,-0.093360224951,,,-0.422152253902,-0.422152253902,-0.093360224951,0.0,0.056852869353,0.0,2.0,-0.000355208814,70294561.74340379,,,2.0,2.0
2025-02-16 00:00:00,0.0,0.0,32818.4770966625,3.738329172134,3.738329172134,0.0,3.738329172134,0.058683569969,0.058683569969,-0.194699883791,-0.194699883791,-0.17240946695,-0.17240946695,0.058683569969,0.0,0.237615599075,0.0,5.0,-0.000422056611,69471996.47466075,,21.0,1.0,1.0
2025-02-16 04:00:00,,,32670.3901372029,2.19289880991,2.19289880991,0.858166456223,3.051065266132,-0.025345673569,-0.025345673569,,,0.27084820725,0.27084820725,-0.025345673569,0.0,0.581795423664,0.0,15.0,-0.000339645254,68979973.20385833,,,6.0,6.0
2025-02-16 08:00:00,,,38783.9900097996,3.954966843128,3.954966843128,0.0,3.954966843128,0.064018439966,0.064018439966,,,0.377097326678,0.377097326678,0.064018439966,0.0,0.607100519905,0.0,13.0,-0.000417080387,68198085.76923177,,,6.0,6.0
2025-02-16 12:00:00,,,43644.5405675842,0.729149997234,0.729149997234,0.0,0.729149997234,-0.053073307629,-0.053073307629,,,-0.286414888338,-0.286414888338,-0.053073307629,0.0,0.136422344216,0.0,5.0,-0.000340757011,66984358.865742266,,,3.0,3.0
2025-02-16 16:00:00,,,43788.2753891294,0.883672237396,0.883672237396,0.710232555866,1.593904793262,0.017234872258,0.017234872258,,,-0.267157921854,-0.267157921854,0.017234872258,0.0,0.176512654397,0.0,7.0,-0.000255465442,67505561.26256773,,,5.0,5.0
2025-02-16 20:00:00,,,43788.2753891294,0.0,0.0,0.0,0.0,-0.076210560102,-0.076210560102,,,-0.600045238251,-0.600045238251,-0.076210560102,0.0,0.142961876833,0.0,3.0,-0.00029412411,65234862.65541764,,,2.0,2.0
2025-02-17 00:00:00,0.0,0.0,43788.2753891294,1.493755877018,1.493755877018,0.0,1.493755877018,0.098695094948,0.098695094948,-0.430014642512,-0.430014642512,-0.2408188521,-0.2408188521,0.098695094948,0.0,0.177632582467,0.0,5.0,-0.00015604392,66449752.15396768,,21.0,3.0,3.0
2025-02-17 04:00:00,,,45598.4046382267,1.474616646767,1.474616646767,0.0,1.474616646767,-0.087700897291,-0.087700897291,,,0.113635939223,0.113635939223,-0.087700897291,0.0,0.300037466736,0.0,11.0,-0.000243000005,70810276.31316476,,,4.0,4.0
2025-02-17 08:00:00,,,47474.8515198948,3.074928402901,3.074928402901,0.0,3.074928402901,0.148759624335,0.148759624335,,,0.195385071468,0.195385071468,0.148759624335,0.0,0.305486979696,0.0,10.0,-0.000355553168,76761054.9739521,,,4.0,4.0
2025-02-17 12:00:00,,,49109.788834219,0.0,0.0,0.0,0.0,-0.167675050797,-0.167675050797,,,-0.47395770071,-0.47395770071,-0.167675050797,0.0,0.101988673484,0.0,5.0,-0.000349681993,78881511.34234796,,,2.0,2.0
2025-02-17 16:00:00,,,53769.81232141942,0.706971347332,0.706971347332,1.5414275527,2.248398900032,0.06266918239,0.06266918239,,,-0.318149906225,-0.318149906225,0.06266918239,0.0,0.268736723135,0.0,11.0,-0.000753441408,79325110.14818743,,,7.0,7.0
2025-02-17 20:00:00,,,56815.1267374772,1.588124394417,1.588124394417,0.0,1.588124394417,0.084308421276,0.084308421276,,,-0.199927225179,-0.199927225179,0.084308421276,0.0,0.142772890472,0.0,5.0,-0.000954474235,80115022.21007462,,,3.0,3.0
2025-02-18 00:00:00,0.0,0.0,58843.43708217379,1.48748344183,1.48748344183,0.0,1.48748344183,-0.052814106409,-0.052814106409,-0.135616981744,-0.135616981744,0.180993812533,0.180993812533,-0.052814106409,0.0,0.291856681561,0.0,8.0,-0.001197614076,79023514.22808558,1002378.0,30.0,6.0,6.0
2025-02-18 04:00:00,,,56251.7912520632,0.803926825523,0.803926825523,0.0,0.803926825523,-0.066685874965,-0.066685874965,,,-0.225103516504,-0.225103516504,-0.066685874965,0.0,0.304638385019,0.0,10.0,-0.000831080614,72877746.90240546,,,6.0,6.0
2025-02-18 08:00:00,,,58709.6025249999,2.272631168365,2.272631168365,0.0,2.272631168365,0.107991985681,0.107991985681,,,0.700136304228,0.700136304228,0.107991985681,0.0,0.229364452909,0.0,9.0,-0.000405577242,69803669.58597405,,,6.0,6.0
2025-02-18 12:00:00,,,68804.7326659772,-0.954604566097,-0.954604566097,0.954604566097,0.0,-0.04862891404,-0.04862891404,,,-0.649655698481,-0.649655698481,-0.04862891404,0.0,0.244259794261,0.0,12.0,-0.00067337394,71224261.93739909,,,6.0,6.0
2025-02-18 16:00:00,,,76741.5719571679,2.323152840137,2.323152840137,0.772050917149,3.095203757286,0.089786747064,0.089786747064,,,0.016191316011,0.016191316011,0.089786747064,0.0,0.166402971779,0.0,9.0,-0.001244917788,72659618.35241212,,,6.0,6.0
2025-02-18 20:00:00,,,79547.4597943066,1.718227982521,1.718227982521,0.919502556324,2.637730538845,-0.057999247816,-0.057999247816,,,-0.305296636359,-0.305296636359,-0.057999247816,0.0,0.111271351466,0.0,5.0,-0.000939023064,78860904.38203663,,,1.0,1.0
2025-02-19 00:00:00,0.0,0.0,83310.844503312,0.0,0.0,0.0,0.0,0.01660316751,0.01660316751,0.148703688772,0.148703688772,-0.261908046538,-0.261908046538,0.01660316751,0.0,0.074228052887,0.0,3.0,-0.000768740601,86186512.25043136,1003079.0,22.0,2.0,2.0
2025-02-19 04:00:00,,,83994.7888796798,5.483136296272,5.483136296272,0.0,5.483136296272,0.198320704306,0.198320704306,,,1.334446634141,1.334446634141,0.198320704306,0.0,0.459161715354,0.0,14.0,-0.000655995521,89632374.81263421,,,7.0,7.0
2025-02-19 08:00:00,,,99193.5063151243,0.0,0.0,0.0,0.0,-0.149763020019,-0.149763020019,,,-0.245938234238,-0.245938234238,-0.149763020019,0.0,0.102495230864,0.0,4.0,-0.000548673265,88074792.33999658,,,2.0,2.0
2025-02-19 12:00:00,,,102304.304228119,4.67036408186,4.67036408186,0.0,4.67036408186,0.251922454048,0.251922454048,,,0.589832500009,0.589832500009,0.251922454048,0.0,0.220183162076,0.0,12.0,-0.00046595997,87644209.99962379,,,6.0,6.0
2025-02-19 16:00:00,,,99489.9002737861,0.821317017078,0.821317017078,0.0,0.821317017078,-0.034468409572,-0.034468409572,,,-0.181242791951,-0.181242791951,-0.034468409572,0.0,0.124035963695,0.0,7.0,-0.000301007083,86963799.94326247,,,3.0,3.0
2025-02-19 20:00:00,,,101526.515494078,1.70420897007,1.70420897007,0.770670592785,2.474879562855,-0.022860419086,-0.022860419086,,,-0.179570734122,-0.179570734122,-0.022860419086,0.0,0.145386676028,0.0,5.0,-0.000290479024,88764469.56152092,,,2.0,2.0
2025-02-20 00:00:00,0.0,0.0,115882.19407637902,1.784397423267,1.784397423267,2.361686229706,4.146083652973,0.029099477764,0.029099477764,2.201628519359,2.201628519359,0.680087748286,0.680087748286,0.029099477764,0.072710243518,0.542753048754,2.0,14.0,-0.000497219673,107521869.63269381,1003335.0,78.0,11.0,11.0
2025-02-20 04:00:00,,,118449.963047322,4.321809351444,4.321809351444,0.798334777355,5.120144128799,-0.019086186172,-0.019086186172,,,1.39211026619,1.39211026619,-0.019086186172,0.0,0.430326121127,0.0,14.0,-0.000464491602,104187135.59402709,,,10.0,10.0
2025-02-20 08:00:00,,,119187.86652956081,1.37990629673,1.37990629673,2.586663961411,3.966570258141,-0.070917390566,-0.070917390566,,,0.18586626431,0.18586626431,-0.070917390566,0.07467730682,0.649713993754,2.0,21.0,-0.0008454568,121352471.24619183,,,14.0,14.0
2025-02-20 12:00:00,,,113499.06577526001,2.956116855145,2.956116855145,0.810767292976,3.766884148121,0.107556587388,0.107556587388,,,0.19511367653,0.19511367653,0.107556587388,0.0,0.247161427095,0.0,12.0,-0.00135191906,113313716.29614688,,,8.0,8.0
2025-02-20 16:00:00,,,127225.534402883,6.484633862972,6.484633862972,0.705866098404,7.190499961376,0.147454116997,0.147454116997,,,1.45490564287,1.45490564287,0.147454116997,0.0,0.554691583746,0.0,23.0,-0.000405251989,117089296.98538053,,,19.0,19.0
2025-02-20 20:00:00,,,173289.53082078003,5.155233621597,5.155233621597,0.805273532867,5.960507154465,-0.054144514568,-0.054144514568,,,0.674800460662,0.674800460662,-0.054144514568,0.0,0.581976307522,0.0,20.0,-0.001224411105,134901452.91499078,,,16.0,16.0
2025-02-21 00:00:00,0.0,0.0,140443.3572,1.653573930264,1.653573930264,0.892053604126,2.545627534389,-0.179972784196,-0.179972784196,-0.053293359871,-0.053293359871,-0.207021828142,-0.207021828142,-0.179972784196,0.0,0.554362313056,0.0,10.0,-0.003507769588,111347443.83843936,1003808.0,32.0,6.0,6.0
2025-02-21 04:00:00,,,146670.51455,2.18487238884,2.18487238884,0.0,2.18487238884,0.025441338536,0.025441338536,,,-0.236873417455,-0.236873417455,0.025441338536,0.0,0.306536057156,0.0,8.0,-5.8757785e-05,110642623.76971443,,,6.0,6.0
2025-02-21 08:00:00,,,132686.7252656866,6.035931527615,6.035931527615,0.0,6.035931527615,0.012429658435,0.012429658435,,,0.036640511675,0.036640511675,0.012429658435,0.0,0.520441809543,0.0,22.0,-0.000297926794,109757294.07459372,,,9.0,9.0
2025-02-21 12:00:00,,,130985.5327146312,2.192375659943,2.192375659943,0.0,2.192375659943,-0.044358396146,-0.044358396146,,,-0.279476053022,-0.279476053022,-0.044358396146,0.0,0.212223661243,0.0,9.0,-0.000246107091,87310483.85360575,,,7.0,7.0
2025-02-21 16:00:00,,,125444.0322258838,1.491277635098,1.491277635098,0.0,1.491277635098,-0.021933668307,-0.021933668307,,,-0.35638968302,-0.35638968302,-0.021933668307,0.0,0.178276073093,0.0,9.0,3.2232618e-05,84188953.12600057,,,6.0,6.0
2025-02-21 20:00:00,,,112373.226927516,0.0,0.0,0.0,0.0,-0.156386431309,-0.156386431309,,,-0.427274978592,-0.427274978592,-0.156386431309,0.0,0.021043771044,0.0,1.0,-0.000277936142,78992550.70200042,,,1.0,1.0
2025-02-22 00:00:00,0.0,0.0,98270.53116508527,0.72575122118,0.72575122118,0.0,0.72575122118,-0.032009219983,-0.032009219983,-0.626703308374,-0.626703308374,-0.419578666695,-0.419578666695,-0.032009219983,0.0,0.034153005464,0.0,1.0,-0.00013224227,73860682.61382115,1003355.0,13.0,0.0,0.0
2025-02-22 04:00:00,,,100707.774575844,0.704956710339,0.704956710339,0.0,0.704956710339,0.077355614959,0.077355614959,,,-0.379743139602,-0.379743139602,0.077355614959,0.0,0.165674603175,0.0,4.0,-0.000385977834,72334241.64996186,,,2.0,2.0
2025-02-22 08:00:00,,,92679.5889762521,2.219747662544,2.219747662544,0.801159441471,3.020907104015,-0.080996496748,-0.080996496748,,,-0.382215347901,-0.382215347901,-0.080996496748,0.0,0.394514028971,0.0,15.0,-0.000590081371,71415661.91597845,,,3.0,3.0
2025-02-22 12:00:00,,,91538.4942128515,3.371332526207,3.371332526207,0.0,3.371332526207,0.344656261681,0.344656261681,,,0.013885232154,0.013885232154,0.344656261681,0.0,0.279423584506,0.0,10.0,-0.000667236425,68690279.32534795,,,10.0,10.0
2025-02-22 16:00:00,,,96480.7290323492,0.0,0.0,0.0,0.0,-0.241354221171,-0.241354221171,,,-0.40488284441,-0.40488284441,-0.241354221171,0.0,0.09072265132,0.0,3.0,-0.000295689075,73962192.7504412,,,0.0,0.0
2025-02-22 20:00:00,,,96273.4915867593,0.937160968781,0.937160968781,0.0,0.937160968781,-0.0300601495,-0.0300601495,,,-0.397025680832,-0.397025680832,-0.0300601495,0.0,0.065104166667,0.0,1.0,-0.000613782621,71131486.57044013,,,0.0,0.0
2025-02-23 00:00:00,0.0,0.0,95654.0256362994,1.507287979126,1.507287979126,0.0,1.507287979126,0.0,0.0,-0.510829028672,-0.510829028672,-0.335905734543,-0.335905734543,0.0,0.0,0.232804027985,0.0,5.0,-0.000696501053,65710501.828127354,1002421.0,16.0,1.0,1.0
2025-02-23 04:00:00,,,101568.68318462861,1.457666993141,1.457666993141,0.0,1.457666993141,0.233724739767,0.233724739767,,,-0.256752503753,-0.256752503753,0.233724739767,0.0,0.148571047009,0.0,3.0,-0.001082897519,66190570.89236703,,,2.0,2.0
2025-02-23 08:00:00,,,96386.4744910116,0.771225452423,0.771225452423,0.0,0.771225452423,-0.177959871371,-0.177959871371,,,-0.441348836352,-0.441348836352,-0.177959871371,0.0,0.27672172152,0.0,9.0,-0.001207464455,62833837.02630491,,,2.0,2.0
2025-02-23 12:00:00,,,90491.6639866574,3.806416988373,3.806416988373,0.0,3.806416988373,0.125443780403,0.125443780403,,,1.226340196141,1.226340196141,0.125443780403,0.044326241135,0.331538291494,1.0,10.0,-0.000808957606,61536341.67365812,,,9.0,9.0
2025-02-23 16:00:00,,,88753.1333710318,0.0,0.0,0.0,0.0,-0.218586106384,-0.218586106384,,,-0.48356504579,-0.48356504579,-0.218586106384,0.023946360153,0.150886427868,1.0,6.0,-0.000287401864,62017012.53304323,,,1.0,1.0
2025-02-23 20:00:00,,,91896.32762107793,1.554004669189,1.554004669189,0.0,1.554004669189,-0.01867204499,-0.01867204499,,,-0.299548912969,-0.299548912969,-0.01867204499,0.0,0.149979478736,0.0,4.0,-0.000520011179,62671550.263201244,,,2.0,2.0
2025-02-24 00:00:00,0.0,0.0,90065.6837532699,-0.182832360268,-0.182832360268,0.999964773655,0.817132413387,-0.048793223229,-0.048793223229,0.193003709099,0.193003709099,-0.621133855869,-0.621133855869,-0.048793223229,0.0,0.281567744749,0.0,7.0,-0.000968503308,60542987.13938514,1003605.0,44.0,6.0,6.0
2025-02-24 04:00:00,,,85899.5784524216,1.408327579498,1.408327579498,0.0,1.408327579498,0.148681479043,0.148681479043,,,0.055065013704,0.055065013704,0.148681479043,0.0,0.430048694684,0.0,17.0,-0.000751429922,60028160.50706005,,,4.0,4.0
2025-02-24 08:00:00,,,85145.2951734118,0.664134740829,0.664134740829,1.704518735409,2.368653476238,-0.150997550653,-0.150997550653,,,-0.240053796116,-0.240053796116,-0.150997550653,0.0,0.434360831694,0.0,18.0,-1.3965648e-05,61997724.9255193,,,10.0,10.0
2025-02-24 12:00:00,,,104680.693321845,4.693306207657,4.693306207657,0.753115177155,5.446421384811,0.169645945213,0.169645945213,,,1.866386446236,1.866386446236,0.169645945213,0.0,0.438362077932,0.0,20.0,-0.000209752752,60484267.1063004,,,10.0,10.0
2025-02-24 16:00:00,,,99905.5635877045,3.162754356861,3.162754356861,0.718877613544,3.881631970406,0.022744103076,0.022744103076,,,0.869068792553,0.869068792553,0.022744103076,0.018115942029,0.385760994791,1.0,20.0,-0.000454125733,62099699.584096566,,,13.0,13.0
2025-02-24 20:00:00,,,102480.728461364,1.456188738346,1.456188738346,0.0,1.456188738346,-0.09223710505,-0.09223710505,,,-0.330177044606,-0.330177044606,-0.09223710505,0.0,0.114055648319,0.0,5.0,-0.000559595753,60603909.909179285,,,2.0,2.0
2025-02-25 00:00:00,0.0,0.0,93495.9166904329,0.809882700443,0.809882700443,0.0,0.809882700443,-0.140540504551,-0.140540504551,-0.566059634191,-0.566059634191,-0.319062127665,-0.319062127665,-0.140540504551,0.0,0.099727232745,0.0,4.0,-0.00021599119,57125762.106015004,1003643.0,23.0,1.0,1.0
2025-02-25 04:00:00,,,85288.2195148753,0.59833163023,0.59833163023,0.837062597275,1.435394227505,0.09462654354,0.09462654354,,,-0.126535619238,-0.126535619238,0.09462654354,0.0,0.209704255808,0.0,8.0,-7.3670652e-05,54070929.515492305,,,6.0,6.0
2025-02-25 08:00:00,,,78287.5859648418,0.059214472771,0.059214472771,0.803448140621,0.862662613392,-0.062139579611,-0.062139579611,,,-0.350261360444,-0.350261360444,-0.062139579611,0.055512016719,0.24824253645,3.0,12.0,2.1827787e-05,53402284.6599273,,,6.0,6.0
2025-02-25 12:00:00,,,78017.6441075834,2.412292540073,2.412292540073,0.855198979378,3.267491519451,0.235504418501,0.235504418501,,,0.322825526334,0.322825526334,0.235504418501,0.017655367232,0.225153750039,1.0,10.0,3.3047975e-05,54173981.28359232,,,7.0,7.0
2025-02-25 16:00:00,,,79029.7324809696,1.608143746853,1.608143746853,0.790262639523,2.398406386375,-0.007755283413,-0.007755283413,,,0.137155743198,0.137155743198,-0.007755283413,0.0,0.185019488967,0.0,8.0,-2.0811945e-05,52892911.83489827,,,5.0,5.0
2025-02-25 20:00:00,,,82494.6747604534,0.0,0.0,0.0,0.0,-0.216165425399,-0.216165425399,,,-0.42898081156,-0.42898081156,-0.216165425399,0.0,0.017806267806,0.0,1.0,-8.6288513e-05,54228403.354752935,,,1.0,1.0
2025-02-26 00:00:00,0.0,0.0,87397.4232091652,0.0,0.0,0.0,0.0,-0.016004609992,-0.016004609992,-0.131441264719,-0.131441264719,-0.40293245867,-0.40293245867,-0.016004609992,0.0,0.040849673203,0.0,1.0,-4.9766e-08,56131267.691981524,1003155.0,35.0,1.0,1.0
2025-02-26 04:00:00,,,86193.7875731507,3.733960866928,3.733960866928,0.0,3.733960866928,0.282538686476,0.282538686476,,,0.558103379125,0.558103379125,0.282538686476,0.0,0.489257057043,0.0,12.0,-0.000193285037,55681727.98874707,,,6.0,6.0
2025-02-26 08:00:00,,,94073.20696540165,0.0,0.0,0.0,0.0,-0.182716233155,-0.182716233155,,,-0.415034307006,-0.415034307006,-0.182716233155,0.0,0.345666200188,0.0,8.0,-0.00035358399,66952362.77303564,,,6.0,6.0
2025-02-26 12:00:00,,,94532.214546456,2.153436839581,2.153436839581,0.90685069561,3.060287535191,0.026857488894,0.026857488894,,,0.68492412047,0.68492412047,0.026857488894,0.0,0.306962037039,0.0,19.0,-0.000469061077,69884043.89165941,,,13.0,13.0
2025-02-26 16:00:00,,,86043.05246805,2.371981084347,2.371981084347,0.0,2.371981084347,0.023447050599,0.023447050599,,,-0.110165649752,-0.110165649752,0.023447050599,0.0,0.161892801523,0.0,8.0,-0.000111445016,64446071.21264742,,,5.0,5.0
2025-02-26 20:00:00,,,83959.8879084776,0.857793688774,0.857793688774,0.920430660248,1.778224349022,-0.090897937983,-0.090897937983,,,0.098445644089,0.098445644089,-0.090897937983,0.0,0.265716690101,0.0,11.0,-5.7440672e-05,63105640.85021867,,,6.0,6.0
2025-02-27 00:00:00,0.0,0.0,83164.8711784172,1.851085782051,1.851085782051,0.0,1.851085782051,0.080562806642,0.080562806642,-0.448824036262,-0.448824036262,-0.366227140919,-0.366227140919,0.080562806642,0.0,0.142865179932,0.0,4.0,-0.000228604374,63962253.47950671,1000644.0,20.0,2.0,2.0
2025-02-27 04:00:00,,,91625.8307958526,1.378527402878,1.378527402878,0.8199172616,2.198444664478,-0.149710333185,-0.149710333185,,,0.15346398876,0.15346398876,-0.149710333185,0.133400878082,0.258641196404,7.0,10.0,-0.000288004904,66891354.86485278,,,3.0,3.0
2025-02-27 08:00:00,,,88125.121531159,2.231906294823,2.231906294823,0.0,2.231906294823,0.201336922677,0.201336922677,,,0.2032402652,0.2032402652,0.201336922677,0.0,0.262384309655,0.0,8.0,-0.000293361657,66650384.781936094,,,6.0,6.0
2025-02-27 12:00:00,,,82840.9938307489,3.247862994671,3.247862994671,0.797920465469,4.04578346014,-0.027870282609,-0.027870282609,,,0.354620562551,0.354620562551,-0.027870282609,0.008012820513,0.180606949781,1.0,9.0,-0.000471944155,63455216.72349499,,,5.0,5.0
2025-02-27 16:00:00,,,80816.7756857516,0.0,0.0,0.0,0.0,-0.113337678983,-0.113337678983,,,-0.511291666291,-0.511291666291,-0.113337678983,0.0,0.090299082911,0.0,3.0,-0.000335877065,64907934.54067764,,,2.0,2.0
2025-02-27 20:00:00,,,88925.4170240615,0.0,0.0,0.0,0.0,-0.002667434999,-0.002667434999,,,-0.495531913108,-0.495531913108,-0.002667434999,0.0,0.10749276654,0.0,3.0,-6.947654e-05,72601668.89383048,,,2.0,2.0
2025-02-28 00:00:00,0.0,0.0,81595.8707294192,2.378565073013,2.378565073013,0.0,2.378565073013,0.166345209753,0.166345209753,-0.202912636045,-0.202912636045,-0.258904359822,-0.258904359822,0.166345209753,0.0,0.108476673147,0.0,4.0,-0.000238396598,67798683.1247748,999197.0,28.0,3.0,3.0
2025-02-28 04:00:00,,,77499.6748306715,1.593753874302,1.593753874302,0.0,1.593753874302,-0.025462205076,-0.025462205076,,,0.226213259832,0.226213259832,-0.025462205076,0.0,0.179952864099,0.0,8.0,-9.7913696e-05,64196809.56781706,,,5.0,5.0
2025-02-28 08:00:00,,,85343.52888302489,0.0,0.0,0.0,0.0,-0.127364664934,-0.127364664934,,,-0.478119630123,-0.478119630123,-0.127364664934,0.0,0.232901001114,0.0,14.0,-0.000126853345,66511699.11943778,,,2.0,2.0
2025-02-28 12:00:00,,,91462.4787369887,1.804296195507,1.804296195507,0.727058649063,2.53135484457,0.141560928575,0.141560928575,,,0.188184718289,0.188184718289,0.141560928575,0.0,0.205086092817,0.0,9.0,-0.000248304359,72604823.50469302,,,7.0,7.0
2025-02-28 16:00:00,,,93023.7085153554,3.295299589634,3.295299589634,0.0,3.295299589634,-0.060269325631,-0.060269325631,,,0.442225864305,0.442225864305,-0.060269325631,0.0,0.314514543091,0.0,12.0,-0.000167722544,79359685.48173848,,,7.0,7.0
2025-02-28 20:00:00,,,127107.18121523698,0.706624865532,0.706624865532,0.0,0.706624865532,0.046304873978,0.046304873978,,,-0.40638090099,-0.40638090099,0.046304873978,0.0,0.19629924911,0.0,6.0,-5.8232799e-05,83187597.54733934,,,4.0,4.0
2025-03-01 00:00:00,0.0,0.0,141552.25050881258,0.0,0.0,0.0,0.0,-0.128036879933,-0.128036879933,-0.706654221877,-0.706654221877,-0.51337650187,-0.51337650187,-0.128036879933,0.0,0.187702922078,0.0,3.0,-8.1886633e-05,81684200.04223719,999915.0,12.0,2.0,2.0
2025-03-01 04:00:00,,,134702.880059351,0.0,0.0,0.0,0.0,-0.002667434999,-0.002667434999,,,-0.468284235406,-0.468284235406,-0.002667434999,0.0,0.034722222222,0.0,1.0,-0.000306524411,77507698.95582561,,,1.0,1.0
2025-03-01 08:00:00,,,116601.427566528,0.805408298969,0.805408298969,0.0,0.805408298969,0.0,0.0,,,-0.474311276921,-0.474311276921,0.0,0.0,0.116741570903,0.0,3.0,-0.000567946631,79169998.11625138,,,1.0,1.0
2025-03-01 12:00:00,,,116032.405653422,4.886257529259,4.886257529259,0.0,4.886257529259,0.208124512553,0.208124512553,,,1.635942155544,1.635942155544,0.208124512553,0.0,0.578589987681,0.0,22.0,-0.000276371993,79766829.05283117,,,7.0,7.0
2025-03-01 16:00:00,,,119997.78931855802,0.0,0.0,0.0,0.0,-0.139935012542,-0.139935012542,,,-0.482407436424,-0.482407436424,-0.139935012542,0.0,0.0,0.0,0.0,-0.000183409653,78127590.26351218,,,0.0,0.0
2025-03-01 20:00:00,,,122840.96254963099,-0.929344058037,-0.929344058037,0.929344058037,0.0,-0.122702009936,-0.122702009936,,,-0.60050450713,-0.60050450713,-0.122702009936,0.0,0.112391101076,0.0,3.0,-0.000345580216,79780478.87806058,,,2.0,2.0
2025-03-02 00:00:00,0.0,0.0,123084.798259865,0.0,0.0,0.0,0.0,0.122702009936,0.122702009936,-0.788605629821,-0.788605629821,-0.391637138708,-0.391637138708,0.122702009936,0.0,0.14460291873,0.0,3.0,-0.000175032135,78949165.11701788,998285.0,11.0,3.0,3.0
2025-03-02 04:00:00,,,130673.772610567,0.042312026024,0.042312026024,0.752379596233,0.794691622257,0.003759816216,0.003759816216,,,-0.339447740439,-0.339447740439,0.003759816216,0.0,0.10333994709,0.0,3.0,-0.000147654229,82472157.2524119,,,2.0,2.0
2025-03-02 08:00:00,,,140324.050304045,0.766901612282,0.766901612282,0.0,0.766901612282,0.190214172646,0.190214172646,,,0.065516301739,0.065516301739,0.190214172646,0.0,0.23494331254,0.0,5.0,-0.000291236102,87585152.78225212,,,4.0,4.0
2025-03-02 12:00:00,,,128512.96502592,0.0,0.0,0.0,0.0,-0.128036879933,-0.128036879933,,,-0.360904861131,-0.360904861131,-0.128036879933,0.0,0.07845464135,0.0,2.0,-0.000193915309,89895269.91147295,,,1.0,1.0
2025-03-02 16:00:00,,,136795.729283264,0.0,0.0,0.0,0.0,-0.01867204499,-0.01867204499,,,-0.334476732104,-0.334476732104,-0.01867204499,0.0,0.018553010078,0.0,3.0,-0.000261859496,90816169.27263753,,,2.0,2.0
2025-03-02 20:00:00,,,126813.52231961,0.0,0.0,0.0,0.0,0.0,0.0,,,-0.319676257849,-0.319676257849,0.0,0.0,0.033155806182,0.0,2.0,-0.000339800101,87043650.62019584,,,1.0,1.0
2025-03-03 00:00:00,0.0,0.0,123141.745539693,0.0,0.0,0.0,0.0,0.0,0.0,-0.395861529785,-0.395861529785,-0.303442893562,-0.303442893562,0.0,0.0,0.025406504065,0.0,1.0,-0.000329624016,82950412.15836981,999204.0,22.0,1.0,1.0
2025-03-03 04:00:00,,,119800.28896552902,0.788348376751,0.788348376751,0.870271623135,1.658619999886,0.122593455868,0.122593455868,,,0.093120889283,0.093120889283,0.122593455868,0.0,0.412514413899,0.0,15.0,-0.000520405421,81036064.83624847,,,7.0,7.0
2025-03-03 08:00:00,,,126727.11674955298,0.76597058773,0.76597058773,0.0,0.76597058773,0.000722411715,0.000722411715,,,-0.05389513254,-0.05389513254,0.000722411715,0.0,0.134001042182,0.0,5.0,-0.00030882282,77841693.3821472,,,3.0,3.0
2025-03-03 12:00:00,,,127853.942056525,3.298902451992,3.298902451992,0.0,3.298902451992,0.066072752729,0.066072752729,,,0.73096703453,0.73096703453,0.066072752729,0.0,0.149413979622,0.0,9.0,-0.000283805231,73763398.97238392,,,3.0,3.0
2025-03-03 16:00:00,,,127871.40480296701,0.79741704464,0.79741704464,0.0,0.79741704464,-0.172449200776,-0.172449200776,,,-0.25771266193,-0.25771266193,-0.172449200776,0.0,0.093777813803,0.0,5.0,-0.00046598293,70619639.05484417,,,3.0,3.0
2025-03-03 20:00:00,,,117551.11208653802,1.512579858303,1.512579858303,0.0,1.512579858303,0.133483068616,0.133483068616,,,0.561050363143,0.561050363143,0.133483068616,0.018939393939,0.14202521859,1.0,7.0,-0.000361287402,65837862.37120773,,,6.0,6.0
2025-03-04 00:00:00,0.0,0.0,110330.466116786,0.745635807514,0.745635807514,0.0,0.745635807514,0.009782639424,0.009782639424,-0.270229979268,-0.270229979268,-0.055391324562,-0.055391324562,0.009782639424,0.0,0.020627062706,0.0,1.0,-0.000180295588,63297548.31634934,999594.0,23.0,1.0,1.0
2025-03-04 04:00:00,,,108320.33639090942,-0.186910629272,-0.186910629272,0.933010280132,0.74609965086,-0.022647811318,-0.022647811318,,,0.140008827343,0.140008827343,-0.022647811318,0.0,0.111623481189,0.0,3.0,-0.000326231165,62034027.363455206,,,2.0,2.0
2025-03-04 08:00:00,,,113268.129585162,1.651843070984,1.651843070984,0.0,1.651843070984,0.100427433707,0.100427433707,,,0.17230773609,0.17230773609,0.100427433707,0.0,0.107454059722,0.0,4.0,-0.000300571478,63477502.10648888,,,3.0,3.0
2025-03-04 12:00:00,,,110387.904868778,4.96323633194,4.96323633194,1.810613274574,6.773849606514,0.050233960903,0.050233960903,,,2.021539162365,2.021539162365,0.050233960903,0.0,0.409525477444,0.0,18.0,-0.000299458524,60371133.722181596,,,13.0,13.0
2025-03-04 16:00:00,,,113897.30757072501,1.636212825775,1.636212825775,0.0,1.636212825775,-0.149663399349,-0.149663399349,,,0.092484262868,0.092484262868,-0.149663399349,0.0,0.147370365335,0.0,7.0,-0.000114887641,61923694.63385592,,,6.0,6.0
2025-03-04 20:00:00,,,113659.149696301,0.0,0.0,0.0,0.0,-0.118658256348,-0.118658256348,,,-0.299559961461,-0.299559961461,-0.118658256348,0.0,0.075621510413,0.0,3.0,-0.000155758811,60995515.389617205,,,1.0,1.0
2025-03-05 00:00:00,0.0,0.0,117625.842938166,0.0,0.0,0.0,0.0,0.0,0.0,-0.661641695116,-0.661641695116,-0.283060679901,-0.283060679901,0.0,0.0,0.07286505392,0.0,2.0,-0.000273771707,63111397.09892195,1000061.0,12.0,2.0,2.0
2025-03-05 04:00:00,,,121697.40890168698,1.616420149803,1.616420149803,0.0,1.616420149803,0.069353309964,0.069353309964,,,0.007083071965,0.007083071965,0.069353309964,0.0,0.292177187312,0.0,10.0,-0.000458334561,65325924.66557441,,,3.0,3.0
2025-03-05 08:00:00,,,134488.141535964,0.0,0.0,0.0,0.0,-0.069353309964,-0.069353309964,,,-0.30115825783,-0.30115825783,-0.069353309964,0.0,0.079220653398,0.0,3.0,-0.000761709781,62663800.337926514,,,0.0,0.0
2025-03-05 12:00:00,,,137075.110095183,0.857056856155,0.857056856155,0.0,0.857056856155,0.0,0.0,,,-0.102844364439,-0.102844364439,0.0,0.0,0.112605931152,0.0,5.0,-0.001137622913,61376620.199691534,,,3.0,3.0
2025-03-05 16:00:00,,,140911.313234419,1.53114515543,1.53114515543,0.0,1.53114515543,0.113807867526,0.113807867526,,,-0.062280557662,-0.062280557662,0.113807867526,0.0,0.158278521202,0.0,8.0,-0.000449154609,62497221.840388,,,5.0,5.0
2025-03-05 20:00:00,,,173461.033569974,0.0,0.0,0.0,0.0,-0.146165414923,-0.146165414923,,,-0.321119565444,-0.321119565444,-0.146165414923,0.0,0.333603185863,0.0,16.0,-0.000570639096,63500334.83821997,,,1.0,1.0
2025-03-06 00:00:00,0.0,0.0,171248.725144725,2.632345676422,2.632345676422,0.0,2.632345676422,0.050681264973,0.050681264973,0.100369921083,0.100369921083,0.255182075412,0.255182075412,0.050681264973,0.0,0.80776879592,0.0,22.0,-0.001021331694,64674919.727576286,1000166.0,28.0,3.0,3.0
2025-03-06 04:00:00,,,167347.949632634,4.364407420158,4.364407420158,0.0,4.364407420158,0.213211150365,0.213211150365,,,1.442900927687,1.442900927687,0.213211150365,0.238751730542,0.677492062292,14.0,28.0,-0.001362962538,62711447.05418508,,,9.0,9.0
2025-03-06 08:00:00,,,169084.215551738,2.40713351965,2.40713351965,0.0,2.40713351965,-0.079451805935,-0.079451805935,,,-0.062416835755,-0.062416835755,-0.079451805935,0.0,0.242631553555,0.0,9.0,-0.000591949916,63851076.85765733,,,6.0,6.0
2025-03-06 12:00:00,,,167783.156331202,2.27200114727,2.27200114727,0.0,2.27200114727,0.053816409735,0.053816409735,,,0.005371738355,0.005371738355,0.053816409735,0.0,0.161934641913,0.0,8.0,-0.000175403393,61390906.24605144,,,7.0,7.0
2025-03-06 16:00:00,,,167783.156331202,0.03483492136,0.03483492136,0.720067679882,0.754902601242,-0.152709116967,-0.152709116967,,,-0.311369856089,-0.311369856089,-0.152709116967,0.0,0.297566990335,0.0,14.0,-0.000158008695,64595405.13327312,,,4.0,4.0
2025-03-06 20:00:00,,,167850.323140932,0.0,0.0,0.0,0.0,0.03806814968,0.03806814968,,,-0.309361204395,-0.309361204395,0.03806814968,0.0,0.378499117537,0.0,13.0,-0.000402868963,63838002.919724666,,,0.0,0.0
2025-03-07 00:00:00,0.0,0.0,165744.780936179,0.0,0.0,0.0,0.0,0.0,0.0,-0.701884502909,-0.701884502909,-0.261846921923,-0.261846921923,0.0,0.0,0.38106129475,0.0,13.0,-0.000333051345,62421559.26341752,1000694.0,10.0,1.0,1.0
2025-03-07 04:00:00,,,174861.513824471,1.490786790848,1.490786790848,0.0,1.490786790848,0.259250137303,0.259250137303,,,0.130907007563,0.130907007563,0.259250137303,0.0,0.536292861878,0.0,15.0,-0.000171528435,63436133.127805,,,6.0,6.0
2025-03-07 08:00:00,,,169436.64167557,0.717156946659,0.717156946659,0.0,0.717156946659,-0.166089430187,-0.166089430187,,,-0.265043838216,-0.265043838216,-0.166089430187,0.0,0.316046017321,0.0,11.0,-0.000617968531,63499782.013628505,,,1.0,1.0
2025-03-07 12:00:00,,,167667.274899915,0.334349215031,0.334349215031,1.481426119804,1.815775334835,-0.146708924923,-0.146708924923,,,-0.256412982922,-0.256412982922,-0.146708924923,0.0,0.154491581909,0.0,8.0,-0.000146378922,62575030.507462636,,,2.0,2.0
2025-03-07 16:00:00,,,162588.365886712,-0.206404745579,-0.206404745579,1.742207944393,1.535803198814,0.017066779004,0.017066779004,,,-0.379511314235,-0.379511314235,0.017066779004,0.0,0.106091444565,0.0,5.0,-0.000158762462,65188944.24056948,,,2.0,2.0
2025-03-07 20:00:00,,,156763.736096109,0.938390135765,0.938390135765,0.0,0.938390135765,0.162713534915,0.162713534915,,,-0.165307903057,-0.165307903057,0.162713534915,0.0,0.052115905774,0.0,2.0,-1.21206e-07,63404067.21154863,,,2.0,2.0
2025-03-08 00:00:00,0.0,0.0,158659.5554509458,-1.481426119804,-1.481426119804,1.481426119804,0.0,-0.114015323161,-0.114015323161,-0.765277115196,-0.765277115196,-0.308220311422,-0.308220311422,-0.114015323161,0.0,0.049768518519,0.0,2.0,-0.00048262063,62875176.19045096,1001244.0,6.0,1.0,1.0
2025-03-08 04:00:00,,,156921.671600984,0.0,0.0,0.0,0.0,0.045346394976,0.045346394976,,,-0.226173395435,-0.226173395435,0.045346394976,0.0,0.0,0.0,0.0,-0.000348338833,62048417.91795252,,,0.0,0.0
2025-03-08 08:00:00,,,158947.904541554,0.0,0.0,0.0,0.0,0.0,0.0,,,-0.220779739702,-0.220779739702,0.0,0.0,0.028538812785,0.0,1.0,-0.000277564255,63191161.28141321,,,1.0,1.0
2025-03-08 12:00:00,,,161553.850608352,0.0,0.0,0.0,0.0,0.0,0.0,,,-0.201863536404,-0.201863536404,0.0,0.0,0.028935185185,0.0,1.0,-0.000135171149,65838459.12426631,,,1.0,1.0
2025-03-08 16:00:00,,,163664.428213971,0.0,0.0,0.0,0.0,0.0,0.0,,,-0.212016702424,-0.212016702424,0.0,0.0,0.052156678663,0.0,2.0,-0.00024563868,66535382.97487384,,,1.0,1.0
2025-03-08 20:00:00,,,162581.178691535,1.595789968967,1.595789968967,0.0,1.595789968967,0.138706619927,0.138706619927,,,0.368417315108,0.368417315108,0.138706619927,0.0,0.127296033356,0.0,4.0,-0.000357538796,66240236.48690281,,,3.0,3.0
2025-03-09 00:00:00,0.0,0.0,160158.021263992,0.0,0.0,0.0,0.0,-0.128036879933,-0.128036879933,-0.712655831045,-0.712655831045,-0.182807629397,-0.182807629397,-0.128036879933,0.0,0.0,0.0,0.0,-0.000850522452,65019648.57502842,1000839.0,7.0,0.0,0.0
2025-03-09 04:00:00,,,161191.177896584,0.784890651703,0.784890651703,0.0,0.784890651703,-0.010669739994,-0.010669739994,,,0.188127416895,0.188127416895,-0.010669739994,0.037605294826,0.141673218029,5.0,6.0,-0.000978079523,64496021.179716974,,,1.0,1.0
2025-03-09 08:00:00,,,156134.030335088,0.0,0.0,0.0,0.0,0.0,0.0,,,-0.154449388072,-0.154449388072,0.0,0.0,0.110766815631,0.0,3.0,-0.001011104213,63421211.18520057,,,2.0,2.0
2025-03-09 12:00:00,,,161636.959969121,0.78368884325,0.78368884325,0.0,0.78368884325,0.0,0.0,,,-0.154449388072,-0.154449388072,0.0,0.0,0.07576970779,0.0,3.0,-0.000660808841,61700755.7568374,,,1.0,1.0
2025-03-09 16:00:00,,,166242.106322162,0.0,0.0,0.0,0.0,0.0,0.0,,,-0.149834699864,-0.149834699864,0.0,0.0,0.074595219218,0.0,3.0,-0.000539705667,59521087.56223208,,,1.0,1.0
2025-03-09 20:00:00,,,160749.970008516,0.0,0.0,0.0,0.0,0.0,0.0,,,-0.053310771493,-0.053310771493,0.0,0.0,0.086225304516,0.0,4.0,-0.00073042401,57973840.16794265,,,4.0,4.0
2025-03-10 00:00:00,0.0,0.0,168798.595803675,0.0,0.0,0.0,0.0,0.0,0.0,-0.539762079848,-0.539762079848,-0.052054715165,-0.052054715165,0.0,0.0,0.0,0.0,0.0,-0.001109107737,59154122.33758848,1000567.0,14.0,0.0,0.0
2025-03-10 04:00:00,,,168969.56832197,0.0,0.0,0.0,0.0,0.0,0.0,,,-0.126072198117,-0.126072198117,0.0,0.173320694398,0.391171359145,11.0,18.0,-0.000504558707,58265372.638772845,,,5.0,5.0
2025-03-10 08:00:00,,,177859.965254101,0.725111186504,0.725111186504,0.789038062096,1.5141492486,0.0,0.0,,,-0.14051381,-0.14051381,0.0,0.0,0.113640242364,0.0,4.0,-0.000447658456,59544023.359520525,,,0.0,0.0
2025-03-10 12:00:00,,,173873.842764128,3.149224340916,3.149224340916,0.0,3.149224340916,0.034676654982,0.034676654982,,,2.200461270911,2.200461270911,0.034676654982,0.0,0.154578054778,0.0,9.0,-0.000178701125,59618193.51877164,,,4.0,4.0
2025-03-10 16:00:00,,,166560.075994074,0.830547988415,0.830547988415,0.0,0.830547988415,0.034676654982,0.034676654982,,,0.223650740099,0.223650740099,0.034676654982,0.0,0.081125859581,0.0,5.0,-0.000555935122,57875003.53522434,,,5.0,5.0
2025-03-10 20:00:00,,,167922.74519786402,0.0,0.0,0.0,0.0,-0.069353309964,-0.069353309964,,,-0.273197155575,-0.273197155575,-0.069353309964,0.0,0.037163179286,0.0,2.0,-0.000130910709,56651937.52542414,,,2.0,2.0
2025-03-11 00:00:00,0.0,0.0,164708.964254401,0.870962679386,0.870962679386,0.0,0.870962679386,0.0,0.0,-0.428793265535,-0.428793265535,-0.273197155575,-0.273197155575,0.0,0.0,0.014988009592,0.0,1.0,-0.000164374797,55738561.03909736,,11.0,0.0,0.0
2025-03-11 04:00:00,,,169934.929180415,1.690765678883,1.690765678883,0.0,1.690765678883,0.042678959978,0.042678959978,,,0.183312328071,0.183312328071,0.042678959978,0.008644536653,0.193054434991,1.0,7.0,-7.4242912e-05,56449863.44333855,,,2.0,2.0
2025-03-11 08:00:00,,,172468.261875567,1.548259496689,1.548259496689,0.0,1.548259496689,0.216595981869,0.216595981869,,,1.274965443915,1.274965443915,0.216595981869,0.0,0.111732375521,0.0,4.0,-0.000670805258,57518478.46974526,,,4.0,4.0
2025-03-11 12:00:00,,,179052.07285477585,0.0,0.0,0.0,0.0,-0.168308888459,-0.168308888459,,,-0.329860669068,-0.329860669068,-0.168308888459,0.0,0.061310575983,0.0,3.0,-0.000473947103,59111122.5942541,,,1.0,1.0
2025-03-11 16:00:00,,,183882.320591515,5.010640144348,5.010640144348,0.0,5.010640144348,0.018550556722,0.018550556722,,,2.120240975339,2.120240975339,0.018550556722,0.0,0.223924126972,0.0,9.0,-0.000198159058,60043221.7083023,,,6.0,6.0
2025-03-11 20:00:00,,,176386.957040243,0.0,0.0,0.0,0.0,-0.044839186791,-0.044839186791,,,-0.293498619694,-0.293498619694,-0.044839186791,0.0,0.030193236715,0.0,1.0,-6.0542576e-05,57528979.526089296,,,1.0,1.0
2025-03-12 00:00:00,0.0,0.0,172371.583512742,0.0,0.0,0.0,0.0,0.0,0.0,-0.457108585873,-0.457108585873,-0.293498619694,-0.293498619694,0.0,0.0,0.109310699588,0.0,3.0,-0.000141734319,55555566.75284534,1002194.0,14.0,3.0,3.0
2025-03-12 04:00:00,,,174301.871825763,2.918138623238,2.918138623238,0.0,2.918138623238,0.236983977979,0.236983977979,,,0.86414885993,0.86414885993,0.236983977979,0.0,0.262985429722,0.0,14.0,-0.000199358585,56571566.00006096,,,3.0,3.0
2025-03-12 08:00:00,,,174886.882823988,1.635185003281,1.635185003281,0.0,1.635185003281,0.029092224442,0.029092224442,,,0.001211975653,0.001211975653,0.029092224442,0.0,0.139887510055,0.0,6.0,-0.000158170814,56197892.59829182,,,3.0,3.0
2025-03-12 12:00:00,,,175960.891541156,0.800888717175,0.800888717175,0.0,0.800888717175,-0.128036879933,-0.128036879933,,,-0.190009317154,-0.190009317154,-0.128036879933,0.0,0.109086219677,0.0,5.0,-0.000249046048,57399060.77716161,,,3.0,3.0
2025-03-12 16:00:00,,,189061.9393011,0.0,0.0,0.0,0.0,-0.029341784985,-0.029341784985,,,-0.350629948224,-0.350629948224,-0.029341784985,0.0,0.065176177309,0.0,3.0,-0.000297449227,59535503.79780968,,,3.0,3.0
2025-03-12 20:00:00,,,199375.103784484,0.887344241142,0.887344241142,0.0,0.887344241142,0.090692789952,0.090692789952,,,-0.181423118598,-0.181423118598,0.090692789952,0.0,0.072072901325,0.0,3.0,-0.000650955056,60946124.32945502,,,3.0,3.0
2025-03-13 00:00:00,0.0,0.0,211732.23456628397,0.0,0.0,0.0,0.0,-0.090692789952,-0.090692789952,-0.683171673716,-0.683171673716,-0.334810182286,-0.334810182286,-0.090692789952,0.0,0.0,0.0,0.0,-0.000524214844,59629242.455388665,1000923.0,9.0,0.0,0.0
2025-03-13 04:00:00,,,213173.511364253,0.0,0.0,0.0,0.0,0.0,0.0,,,-0.313962622434,-0.313962622434,0.0,0.0,0.059523809524,0.0,1.0,-0.000408589644,58275339.55527595,,,1.0,1.0
2025-03-13 08:00:00,,,216275.2586410194,0.0,0.0,0.0,0.0,0.0,0.0,,,-0.308413120239,-0.308413120239,0.0,0.146284501062,0.297872461904,10.0,15.0,-0.000427295017,59868270.29314017,,,6.0,6.0
2025-03-13 12:00:00,,,207182.371223321,0.747605025768,0.747605025768,0.0,0.747605025768,0.088025354954,0.088025354954,,,-0.016436006676,-0.016436006676,0.088025354954,0.0,0.035557395938,0.0,2.0,-0.000715285234,57639296.71902245,,,2.0,2.0
2025-03-13 16:00:00,,,202390.682346063,0.0,0.0,0.0,0.0,-0.088025354954,-0.088025354954,,,-0.318256396778,-0.318256396778,-0.088025354954,0.0,0.058984976888,0.0,2.0,-0.001258792011,56029280.51309732,,,2.0,2.0
2025-03-13 20:00:00,,,201815.093051433,0.0,0.0,0.0,0.0,0.0,0.0,,,-0.310798369078,-0.310798369078,0.0,0.0,0.040064102564,0.0,1.0,-0.001014016827,55801408.72476348,,,1.0,1.0
2025-03-14 00:00:00,0.0,0.0,202968.670407899,0.0,0.0,0.0,0.0,0.0,0.0,-0.573700550742,-0.573700550742,-0.277962055583,-0.277962055583,0.0,0.0,0.0,0.0,0.0,-0.000659126779,57703315.529580325,1000140.0,8.0,0.0,0.0
2025-03-14 04:00:00,,,205283.427548287,0.0,0.0,0.0,0.0,0.0,0.0,,,-0.251552137319,-0.251552137319,0.0,0.0,0.109058094641,0.0,3.0,-0.000744671533,58256038.315960206,,,3.0,3.0
2025-03-14 08:00:00,,,208264.637787344,0.801352500916,0.801352500916,0.0,0.801352500916,0.0,0.0,,,-0.221822517011,-0.221822517011,0.0,0.0,0.066358024691,0.0,2.0,-0.000585166584,58569349.24752865,,,0.0,0.0
2025-03-14 12:00:00,,,216489.362699393,0.734998345375,0.734998345375,0.0,0.734998345375,0.034676654982,0.034676654982,,,-0.003758085011,-0.003758085011,0.034676654982,0.0,0.016149870801,0.0,1.0,-0.000386390115,58256945.31455864,,,1.0,1.0
2025-03-14 16:00:00,,,218306.01832305203,2.522258043289,2.522258043289,0.0,2.522258043289,0.100754150236,0.100754150236,,,0.474672490729,0.474672490729,0.100754150236,0.0,0.162673750334,0.0,7.0,-0.000309387354,57636829.141750515,,,4.0,5.0
2025-03-14 20:00:00,,,221198.856583471,0.707431435585,0.707431435585,0.0,0.707431435585,-0.123673526735,-0.123673526735,,,0.082591357963,0.082591357963,-0.123673526735,0.0,0.104436823187,0.0,3.0,-0.000338049863,56249599.41378449,,,1.0,1.0
2025-03-15 00:00:00,0.0,0.0,224747.792869372,-0.050215959549,-0.050215959549,0.765288293362,0.715072333813,0.045049387534,0.045049387534,-0.672454838124,-0.672454838124,-0.324293187789,-0.324293187789,0.045049387534,0.0,0.234547047047,0.0,5.0,-0.000613573592,57166455.94581452,1000508.0,12.0,3.0,3.0
2025-03-15 04:00:00,,,227442.523573833,0.0,0.0,0.0,0.0,0.007360471995,0.007360471995,,,-0.253444318567,-0.253444318567,0.007360471995,0.0,0.069388485988,0.0,2.0,-0.000788899392,56615077.87122859,,,2.0,2.0
2025-03-15 08:00:00,,,226441.500489728,0.0,0.0,0.0,0.0,0.0,0.0,,,-0.239047897397,-0.239047897397,0.0,0.028153153153,0.10167518762,1.0,3.0,-0.000416125233,56994595.98975526,,,2.0,2.0
2025-03-15 12:00:00,,,228568.087554096,0.0,0.0,0.0,0.0,0.0,0.0,,,-0.224651476227,-0.224651476227,0.0,0.0,0.026709401709,0.0,1.0,-0.000241736296,57919241.4998903,,,1.0,1.0
2025-03-15 16:00:00,,,233714.526742309,-0.802082479,-0.802082479,0.802082479,0.0,-0.106697399944,-0.106697399944,,,-0.69643228867,-0.69643228867,-0.106697399944,0.0,0.139531695895,0.0,5.0,-0.000359730852,59724075.08029738,,,2.0,2.0
2025-03-15 20:00:00,,,240084.752044376,0.924650251865,0.924650251865,0.0,0.924650251865,0.136893295297,0.136893295297,,,0.776923727727,0.776923727727,0.136893295297,0.0,0.131283596196,0.0,3.0,-0.000367634595,60385436.7940312,,,3.0,3.0
2025-03-16 00:00:00,0.0,0.0,238928.8676235,0.0,0.0,0.0,0.0,-0.077355614959,-0.077355614959,-0.606888043295,-0.606888043295,-0.206331590425,-0.206331590425,-0.077355614959,0.0,0.0,0.0,0.0,-0.000452312118,59687940.24774298,999523.0,9.0,0.0,0.0
2025-03-16 04:00:00,,,237936.38555680396,1.941601455212,1.941601455212,0.867966175079,2.809567630291,0.100390693713,0.100390693713,,,1.615922755811,1.615922755811,0.100390693713,0.0,0.289482780292,0.0,8.0,-0.000225807778,58685752.937424056,,,6.0,6.0
2025-03-16 08:00:00,,,238734.82592244903,0.0,0.0,0.0,0.0,-0.088836445794,-0.088836445794,,,-0.160761871281,-0.160761871281,-0.088836445794,0.0,0.149779598932,0.0,3.0,-0.000170053535,57705137.17400431,,,2.0,2.0
2025-03-16 12:00:00,,,238734.82592244903,0.0,0.0,0.0,0.0,0.013337174993,0.013337174993,,,-0.160761871281,-0.160761871281,0.013337174993,0.0,0.019470404984,0.0,1.0,-3.3757605e-05,59134235.60523113,,,0.0,0.0
2025-03-16 16:00:00,,,240615.421083146,0.0,0.0,0.0,0.0,0.0,0.0,,,-0.160761871281,-0.160761871281,0.0,0.0,0.102855813541,0.0,3.0,-8.7119272e-05,59569061.578958,,,3.0,3.0
2025-03-16 20:00:00,,,239916.94814225804,0.0,0.0,0.0,0.0,0.0,0.0,,,-0.160761871281,-0.160761871281,0.0,0.0,0.0,0.0,0.0,-0.000336342004,58904000.757105984,,,0.0,0.0
2025-03-17 00:00:00,0.0,0.0,262631.1926311518,0.0,0.0,0.0,0.0,0.0,0.0,-0.648264888808,-0.648264888808,-0.155895457152,-0.155895457152,0.0,0.0,0.089865491651,0.0,2.0,-0.001018016307,68948601.51352406,998830.0,15.0,1.0,1.0
2025-03-17 04:00:00,,,252508.757178829,0.738580286503,0.738580286503,0.0,0.738580286503,0.088025354954,0.088025354954,,,0.409111572872,0.409111572872,0.088025354954,0.162085976039,0.615684451199,4.0,21.0,-0.002319685412,66809759.352678,,,10.0,10.0
2025-03-17 08:00:00,,,250765.287292998,-0.756242990494,-0.756242990494,0.756242990494,0.0,-0.096254082962,-0.096254082962,,,-0.25773121254,-0.25773121254,-0.096254082962,0.0,0.077190752844,0.0,3.0,-0.001773438331,64723968.08326545,,,2.0,2.0
2025-03-17 12:00:00,,,249674.314105727,0.0,0.0,0.0,0.0,0.112032269941,0.112032269941,,,-0.153613138832,-0.153613138832,0.112032269941,0.0,0.024224806202,0.0,1.0,-0.000250401037,63106008.029198945,,,1.0,1.0
2025-03-17 16:00:00,,,254591.8423157026,0.0,0.0,0.0,0.0,0.0,0.0,,,-0.154280518141,-0.154280518141,0.0,0.0,0.059964364035,0.0,2.0,-0.000557105993,63785255.802702315,,,1.0,1.0
2025-03-17 20:00:00,,,254748.03271180237,0.0,0.0,0.0,0.0,0.0,0.0,,,-0.154280518141,-0.154280518141,0.0,0.0,0.011384335155,0.0,1.0,-0.00033364658,63151047.85813429,,,1.0,1.0
2025-03-18 00:00:00,0.0,0.0,247466.37321013998,0.76204419136,0.76204419136,0.0,0.76204419136,0.034676654982,0.034676654982,-0.592584305192,-0.592584305192,-0.060680288413,-0.060680288413,0.034676654982,0.0,0.065653432589,0.0,2.0,-0.000536990768,59182603.23281331,1000067.0,9.0,2.0,2.0
2025-03-18 04:00:00,,,240378.124249695,0.0,0.0,0.0,0.0,-0.034676654982,-0.034676654982,,,-0.162640345004,-0.162640345004,-0.034676654982,0.0,0.031094527363,0.0,1.0,-0.000327195165,58568311.49661164,,,1.0,1.0
2025-03-18 08:00:00,,,228404.1606335348,0.0,0.0,0.0,0.0,0.0,0.0,,,-0.160575864992,-0.160575864992,0.0,0.0,0.092450595447,0.0,3.0,-6.9475386e-05,56023388.00133281,,,2.0,2.0
2025-03-18 12:00:00,,,226310.00534538,0.0,0.0,0.0,0.0,0.0,0.0,,,-0.152995943553,-0.152995943553,0.0,0.0,0.05787037037,0.0,2.0,-7.6439071e-05,53000747.719725356,,,2.0,2.0
2025-03-18 16:00:00,,,222841.943530561,0.718590557575,0.718590557575,0.0,0.718590557575,0.104029964945,0.104029964945,,,-0.050331919836,-0.050331919836,0.104029964945,0.0,0.05827790819,0.0,2.0,-0.000229050337,52839406.73453058,,,2.0,2.0
2025-03-18 20:00:00,,,223467.78717957303,0.0,0.0,0.0,0.0,-0.104029964945,-0.104029964945,,,-0.143309182744,-0.143309182744,-0.104029964945,0.0,0.140527364792,0.0,3.0,-0.000192988669,54029716.19782012,,,2.0,2.0
2025-03-19 00:00:00,0.0,0.0,222364.455613,0.0,0.0,0.0,0.0,0.0,0.0,-0.613072293754,-0.613072293754,-0.143309182744,-0.143309182744,0.0,0.0,0.024509803922,0.0,1.0,-0.000225456315,53897034.06265572,1000851.0,4.0,0.0,0.0
2025-03-19 04:00:00,,,227492.13609863998,0.0,0.0,0.0,0.0,0.0,0.0,,,-0.143309182744,-0.143309182744,0.0,0.0,0.043402777778,0.0,1.0,-0.000552575657,53719157.01064294,,,1.0,1.0
2025-03-19 08:00:00,,,233439.707588703,0.0,0.0,0.0,0.0,0.0,0.0,,,-0.143309182744,-0.143309182744,0.0,0.0,0.043402777778,0.0,1.0,-0.000417716463,55493944.60571633,,,1.0,1.0
2025-03-19 12:00:00,,,231920.6026770738,0.0,0.0,0.0,0.0,0.0,0.0,,,-0.143309182744,-0.143309182744,0.0,0.0,0.025100401606,0.0,1.0,-0.000329879281,55532332.75331453,,,1.0,1.0
2025-03-19 16:00:00,,,237920.21391950696,0.0,0.0,0.0,0.0,0.0,0.0,,,-0.107347744428,-0.107347744428,0.0,0.0,0.0,0.0,0.0,-0.000282843153,55248167.420084566,,,0.0,0.0
2025-03-19 20:00:00,,,237066.951772882,0.763364315033,0.763364315033,0.0,0.763364315033,0.154711229919,0.154711229919,,,1.059754244544,1.059754244544,0.154711229919,0.0,0.083718587008,0.0,2.0,-0.000230968638,55723210.89873904,,,2.0,2.0
2025-03-20 00:00:00,0.0,0.0,239947.90835481003,0.725096642971,0.725096642971,0.0,0.725096642971,-0.128036879933,-0.128036879933,-0.561937854215,-0.561937854215,-0.225465851506,-0.225465851506,-0.128036879933,0.0,0.084984459984,0.0,2.0,-0.000334465612,55107455.33685197,998208.0,5.0,1.0,1.0
2025-03-20 04:00:00,,,238156.320914672,0.0,0.0,0.0,0.0,-0.026674349986,-0.026674349986,,,-0.225465851506,-0.225465851506,-0.026674349986,0.0,0.061824246607,0.0,2.0,-0.00032663166,55302391.794936076,,,2.0,2.0
2025-03-20 08:00:00,,,238156.320914672,1.627983570099,1.627983570099,0.770106613636,2.398090183735,0.098695094948,0.098695094948,,,-0.162250759294,-0.162250759294,0.098695094948,0.0,0.13293604522,0.0,4.0,-0.000173892768,53614438.938297756,,,1.0,1.0
2025-03-20 12:00:00,,,237602.834485562,0.0,0.0,0.0,0.0,-0.098695094948,-0.098695094948,,,-0.198307579002,-0.198307579002,-0.098695094948,0.0,0.056276088253,0.0,2.0,-0.000153741682,53688477.73382383,,,1.0,1.0
2025-03-20 16:00:00,,,232512.00867082196,0.0,0.0,0.0,0.0,0.0,0.0,,,-0.187793409911,-0.187793409911,0.0,0.0,0.038080203833,0.0,2.0,-0.000103050551,52808507.57449107,,,1.0,1.0
2025-03-20 20:00:00,,,233679.741532502,0.743244051933,0.743244051933,0.0,0.743244051933,0.0,0.0,,,-0.187793409911,-0.187793409911,0.0,0.0,0.052083333333,0.0,1.0,-0.000162550734,53109980.633986615,,,0.0,0.0
2025-03-21 00:00:00,0.0,0.0,238383.53991214157,0.78125411272,0.78125411272,0.0,0.78125411272,0.0,0.0,0.042667455239,0.042667455239,0.957375043998,0.957375043998,0.0,0.0,0.094420077973,0.0,2.0,-0.000232360605,54147191.55077198,998687.0,21.0,1.0,1.0
2025-03-21 04:00:00,,,245856.221705927,0.701487898827,0.701487898827,0.0,0.701487898827,0.069353309964,0.069353309964,,,1.583869492296,1.583869492296,0.069353309964,0.0,0.41858026233,0.0,8.0,-0.000232807151,59471928.42462832,,,6.0,6.0
2025-03-21 08:00:00,,,247390.41795169958,5.548038840294,5.548038840294,0.0,5.548038840294,0.034720944183,0.034720944183,,,1.790456116563,1.790456116563,0.034720944183,0.0,0.389214328848,0.0,14.0,-0.000205132087,61079934.1052987,,,6.0,6.0
2025-03-21 12:00:00,,,256306.80165721098,2.475389361382,2.475389361382,0.0,2.475389361382,0.03902663677,0.03902663677,,,0.376528525796,0.376528525796,0.03902663677,0.0,0.222463821002,0.0,7.0,-0.000307030986,64023253.46113512,,,5.0,5.0
2025-03-21 16:00:00,,,260050.197991335,0.0,0.0,0.0,0.0,-0.187651069605,-0.187651069605,,,-0.184831938473,-0.184831938473,-0.187651069605,0.0,0.139752655461,0.0,5.0,-0.000186770842,64784327.27034916,,,3.0,3.0
2025-03-21 20:00:00,,,264079.968660003,0.0,0.0,0.0,0.0,0.0,0.0,,,-0.184831938473,-0.184831938473,0.0,0.0,0.15174965606,0.0,3.0,-0.000338592045,64895222.49242675,,,1.0,1.0
2025-03-22 00:00:00,0.0,0.0,266536.83392183,0.778625130653,0.778625130653,0.0,0.778625130653,0.0,0.0,-0.594695880268,-0.594695880268,-0.184831938473,-0.184831938473,0.0,0.0,0.104166666667,0.0,1.0,-0.000461783047,65665235.21658643,997815.0,3.0,0.0,0.0
2025-03-22 04:00:00,,,264079.692302551,0.0,0.0,0.0,0.0,0.0,0.0,,,-0.184831938473,-0.184831938473,0.0,0.0,0.0,0.0,0.0,-0.000323139375,65621280.09235251,,,0.0,0.0
2025-03-22 08:00:00,,,269854.474011089,0.78365278244,0.78365278244,0.0,0.78365278244,0.112032269941,0.112032269941,,,-0.12161912339,-0.12161912339,0.112032269941,0.0,0.045289855072,0.0,1.0,-0.000134035558,65670235.22935735,,,1.0,1.0
2025-03-22 12:00:00,,,268570.799805611,0.865163564682,0.865163564682,0.0,0.865163564682,-0.112032269941,-0.112032269941,,,-0.184941377106,-0.184941377106,-0.112032269941,0.0,0.102926587302,0.0,2.0,-0.00017763739,63851431.29351927,,,0.0,0.0
2025-03-22 16:00:00,,,274765.109634575,-0.704506635666,-0.704506635666,0.704506635666,0.0,-0.074688179961,-0.074688179961,,,-0.240583915148,-0.240583915148,-0.074688179961,0.0,0.037202380952,0.0,1.0,-0.000195669893,65410584.05240677,,,1.0,1.0
2025-03-22 20:00:00,,,274503.085740945,0.0,0.0,0.0,0.0,0.074688179961,0.074688179961,,,-0.180815233008,-0.180815233008,0.074688179961,0.0,0.039308176101,0.0,1.0,-0.000220467176,63658058.18963215,,,1.0,1.0
2025-03-23 00:00:00,0.0,0.0,269810.701273258,0.0,0.0,0.0,0.0,0.0,0.0,-0.503855733145,-0.503855733145,-0.180634834501,-0.180634834501,0.0,0.0,0.0,0.0,0.0,-0.000186346813,61276904.390751235,996871.0,6.0,0.0,0.0
2025-03-23 04:00:00,,,267711.711911332,0.0,0.0,0.0,0.0,0.0,0.0,,,-0.180634834501,-0.180634834501,0.0,0.0,0.0,0.0,0.0,-0.000312281308,61575837.19031617,,,0.0,0.0
2025-03-23 08:00:00,,,273623.779255748,4.387552201748,4.387552201748,0.0,4.387552201748,0.056016134971,0.056016134971,,,0.474227170922,0.474227170922,0.056016134971,0.0,0.407973200581,0.0,16.0,-0.000212609539,61899323.43914496,,,3.0,3.0
2025-03-23 12:00:00,,,274795.311123565,1.484466910362,1.484466910362,0.0,1.484466910362,-0.056016134971,-0.056016134971,,,-0.212652218347,-0.212652218347,-0.056016134971,0.0,0.067839635854,0.0,2.0,-9.5376716e-05,62023279.20626199,,,0.0,0.0
2025-03-23 16:00:00,,,272009.014933332,0.0,0.0,0.0,0.0,0.0,0.0,,,-0.204739526141,-0.204739526141,0.0,0.0,0.0,0.0,0.0,-9.285278e-05,62057331.5824747,,,0.0,0.0
2025-03-23 20:00:00,,,273762.871793458,-0.926018297672,-0.926018297672,0.926018297672,0.0,-0.15204379492,-0.15204379492,,,-0.371035424699,-0.371035424699,-0.15204379492,0.0,0.207092523005,0.0,4.0,-0.000249392309,61531489.64141973,,,3.0,3.0
2025-03-24 00:00:00,0.0,0.0,270855.058936897,0.724305868149,0.724305868149,0.0,0.724305868149,0.174360652265,0.174360652265,2.269938955255,2.269938955255,0.110750115304,0.110750115304,0.174360652265,0.0,0.134683110116,0.0,3.0,-0.000312926293,59873610.352112345,997308.0,33.0,2.0,2.0
2025-03-24 04:00:00,,,270855.058936897,4.154266357422,4.154266357422,0.0,4.154266357422,0.11088086814,0.11088086814,,,1.450387256023,1.450387256023,0.11088086814,0.0,0.20736882716,0.0,5.0,-0.000190856537,61157277.40347783,,,3.0,3.0
2025-03-24 08:00:00,,,288400.167029856,13.250173985958,13.250173985958,0.0,13.250173985958,0.041966209594,0.041966209594,,,1.972264959157,1.972264959157,0.041966209594,0.0,0.368804853397,0.0,24.0,-0.000212710216,63815594.42532724,,,11.0,11.0
2025-03-24 12:00:00,,,318885.0373847498,1.579966962337,1.579966962337,0.87526935339,2.455236315727,-0.143918209511,-0.143918209511,,,-0.095975382373,-0.095975382373,-0.143918209511,0.0,0.279466762495,0.0,12.0,-0.000142218162,75040821.19505641,,,7.0,7.0
2025-03-24 16:00:00,,,329273.694190922,3.763827204704,3.763827204704,0.0,3.763827204704,-0.014773756443,-0.014773756443,,,-0.013556514772,-0.013556514772,-0.014773756443,0.0,0.340024727466,0.0,12.0,-0.001021929768,79176135.80514242,,,5.0,5.0
2025-03-24 20:00:00,,,335541.15683972,4.00867754221,4.00867754221,0.0,4.00867754221,0.06366502617,0.06366502617,,,-0.04864960553,-0.04864960553,0.06366502617,0.0,0.203323619774,0.0,8.0,-0.000605491407,79113675.00818777,,,5.0,5.0
2025-03-25 00:00:00,0.0,0.0,323868.512623543,0.740398466587,0.740398466587,0.0,0.740398466587,-0.109154928978,-0.109154928978,0.327663704961,0.327663704961,-0.166405054996,-0.166405054996,-0.109154928978,0.0,0.190217391304,0.0,3.0,-0.000933175548,73287199.08472808,998478.0,18.0,2.0,2.0
2025-03-25 04:00:00,,,327405.898468248,7.719454884529,7.719454884529,0.0,7.719454884529,0.025958738388,0.025958738388,,,0.476375941299,0.476375941299,0.025958738388,0.0,0.359372500537,0.0,16.0,-0.000774244159,72945239.13839927,,,6.0,6.0
2025-03-25 08:00:00,,,341049.92971496284,4.077409207821,4.077409207821,0.0,4.077409207821,-0.110341369493,-0.110341369493,,,-0.165917065252,-0.165917065252,-0.110341369493,0.0,0.224588046865,0.0,7.0,-0.000356535262,78364597.04756778,,,3.0,3.0
2025-03-25 12:00:00,,,362815.2451132044,2.462975502014,2.462975502014,2.361005246639,4.823980748653,-0.155607705824,-0.155607705824,,,-0.167722985678,-0.167722985678,-0.155607705824,0.0,0.365998050044,0.0,14.0,-0.000422436461,85462139.69375978,,,4.0,4.0
2025-03-25 16:00:00,,,354286.226727266,1.697218179703,1.697218179703,0.713787376881,2.411005556583,0.103867587398,0.103867587398,,,-0.172543026405,-0.172543026405,0.103867587398,0.0,0.236923746832,0.0,7.0,-0.001001370728,85108093.27135289,,,3.0,3.0
2025-03-25 20:00:00,,,352173.905976489,0.0,0.0,0.0,0.0,-0.10392933557,-0.10392933557,,,-0.250781720378,-0.250781720378,-0.10392933557,0.0,0.0,0.0,0.0,-0.0005104008,82365870.23826665,,,0.0,0.0
2025-03-26 00:00:00,0.0,0.0,342738.900785105,1.666717171669,1.666717171669,0.0,1.666717171669,0.173313148202,0.173313148202,-0.294469211426,-0.294469211426,-0.205317253462,-0.205317253462,0.173313148202,0.0,0.112087517934,0.0,2.0,-0.000705690107,79460623.05644636,996894.0,18.0,2.0,2.0
2025-03-26 04:00:00,,,348702.128052462,1.639826178551,1.639826178551,0.0,1.639826178551,0.047954151016,0.047954151016,,,-0.166115305904,-0.166115305904,0.047954151016,0.0,0.148612685815,0.0,3.0,-0.000835167622,79511786.95730373,,,3.0,3.0
2025-03-26 08:00:00,,,349919.926721439,-1.515517711639,-1.515517711639,1.515517711639,0.0,-0.176818039816,-0.176818039816,,,-0.32912329221,-0.32912329221,-0.176818039816,0.0,0.289755130581,0.0,13.0,-0.000402849054,78825051.32688731,,,3.0,3.0
2025-03-26 12:00:00,,,336501.468769478,1.712004542351,1.712004542351,0.0,1.712004542351,0.041662580093,0.041662580093,,,-0.168045928281,-0.168045928281,0.041662580093,0.0,0.190829572515,0.0,10.0,-0.000435132035,73580300.48919177,,,7.0,7.0
2025-03-26 16:00:00,,,334258.7615735,1.599304676056,1.599304676056,0.0,1.599304676056,-0.078580898078,-0.078580898078,,,-0.234556528876,-0.234556528876,-0.078580898078,0.0,0.112734487734,0.0,4.0,-0.000431965638,73000059.47847378,,,1.0,1.0
2025-03-26 20:00:00,,,342626.005825006,0.837746739388,0.837746739388,0.0,0.837746739388,-0.034676654982,-0.034676654982,,,-0.281905316277,-0.281905316277,-0.034676654982,0.0,0.138630496334,0.0,4.0,-0.000432826575,73835707.13105007,,,2.0,2.0
2025-03-27 00:00:00,0.0,0.0,363596.855158816,1.465060114861,1.465060114861,0.0,1.465060114861,0.149376359922,0.149376359922,0.38821621598,0.38821621598,-0.168111001208,-0.168111001208,0.149376359922,0.0,0.135634639945,0.0,3.0,-0.000346132931,79121711.99104682,994850.0,20.0,2.0,2.0
2025-03-27 04:00:00,,,357313.65338936,0.0,0.0,0.0,0.0,-0.128036879933,-0.128036879933,,,-0.248179325646,-0.248179325646,-0.128036879933,0.0,0.034153005464,0.0,1.0,-0.000416038304,82001747.49168259,,,0.0,0.0
2025-03-27 08:00:00,,,363060.798893351,7.562033176422,7.562033176422,0.0,7.562033176422,-0.021339479989,-0.021339479989,,,0.257463882937,0.257463882937,-0.021339479989,0.0,0.251596850862,0.0,13.0,-0.000786448606,83957661.32561512,,,1.0,1.0
2025-03-27 12:00:00,,,383465.0138097446,4.557603120804,4.557603120804,0.984067618847,5.541670739651,0.265952243728,0.265952243728,,,0.435680788606,0.435680788606,0.265952243728,0.052083333333,0.244516123681,1.0,11.0,-0.000523628377,93173023.48661393,,,7.0,7.0
2025-03-27 16:00:00,,,382456.016303839,0.807261288166,0.807261288166,0.0,0.807261288166,-0.066564765654,-0.066564765654,,,-0.189671950476,-0.189671950476,-0.066564765654,0.0,0.136340835203,0.0,5.0,-0.000686329574,94519754.98812848,,,3.0,3.0
2025-03-27 20:00:00,,,386479.93516085,1.472229599953,1.472229599953,0.757111370564,2.229340970516,-0.082653955356,-0.082653955356,,,0.585842120667,0.585842120667,-0.082653955356,0.0,0.322454411173,0.0,11.0,-0.00019312585,95201406.25850725,,,7.0,7.0
2025-03-28 00:00:00,0.0,0.0,378384.838297895,0.0,0.0,0.0,0.0,-0.02676895245,-0.02676895245,0.874370933663,0.874370933663,-0.330640942242,-0.330640942242,-0.02676895245,0.0,0.166168827345,0.0,4.0,-0.000123093269,93873640.00698446,996642.0,25.0,4.0,4.0
2025-03-28 04:00:00,,,368374.587738909,9.437112390995,9.437112390995,0.0,9.437112390995,0.0,0.0,,,0.730225057783,0.730225057783,0.0,0.089725089725,0.257877219712,4.0,15.0,-0.000169794593,92267368.60755709,,,2.0,2.0
2025-03-28 08:00:00,,,371406.1784794428,4.537616550922,4.537616550922,0.0,4.537616550922,0.154711229919,0.154711229919,,,0.333937258839,0.333937258839,0.154711229919,0.036549707602,0.39452603112,1.0,14.0,-2.8496902e-05,92505933.85920279,,,6.0,6.0
2025-03-28 12:00:00,,,384339.3278076736,3.082937777042,3.082937777042,0.0,3.082937777042,0.141662270221,0.141662270221,,,0.217877721296,0.217877721296,0.141662270221,0.0,0.266177830008,0.0,14.0,-0.000185542448,93842730.50977592,,,12.0,12.0
2025-03-28 16:00:00,,,382240.75805719,0.843992650509,0.843992650509,0.0,0.843992650509,-0.214287196523,-0.214287196523,,,-0.384986967352,-0.384986967352,-0.214287196523,0.0,0.038415332607,0.0,2.0,-0.000212038402,94666724.67293198,,,0.0,0.0
2025-03-28 20:00:00,,,390041.58871821663,0.896900892258,0.896900892258,0.0,0.896900892258,-0.013337174993,-0.013337174993,,,-0.388007956228,-0.388007956228,-0.013337174993,0.0,0.120502746553,0.0,3.0,-0.000310937714,94923816.90180588,,,1.0,1.0
2025-03-29 00:00:00,0.0,0.0,390597.8074062386,2.499533653259,2.499533653259,0.0,2.499533653259,0.098695094948,0.098695094948,-0.51442494475,-0.51442494475,-0.298535254258,-0.298535254258,0.098695094948,0.0,0.182498346561,0.0,3.0,-0.00027397827,97215166.8769858,995086.0,18.0,1.0,1.0
2025-03-29 04:00:00,,,355484.512163167,0.719538509846,0.719538509846,0.0,0.719538509846,-0.02425042904,-0.02425042904,,,0.099359580977,0.099359580977,-0.02425042904,0.086805555556,0.267077066104,1.0,8.0,-0.00092908682,92881838.89116819,,,7.0,7.0
2025-03-29 08:00:00,,,351598.25975714,0.190670728683,0.190670728683,1.508619129658,1.699289858341,-0.003028920452,-0.003028920452,,,-0.099684797587,-0.099684797587,-0.003028920452,0.015096618357,0.337893611758,1.0,10.0,-0.000868692832,92227447.87692009,,,4.0,4.0
2025-03-29 12:00:00,,,353425.162319507,0.889175057411,0.889175057411,0.0,0.889175057411,-0.0165382415,-0.0165382415,,,-0.312563647568,-0.312563647568,-0.0165382415,0.0,0.069674774277,0.0,2.0,-0.000531021132,89224265.55418101,,,1.0,1.0
2025-03-29 16:00:00,,,346688.601607074,0.0,0.0,0.0,0.0,-0.129172873123,-0.129172873123,,,-0.408087586113,-0.408087586113,-0.129172873123,0.0,0.046296296296,0.0,1.0,-0.000287982548,86458244.700781,,,0.0,0.0
2025-03-29 20:00:00,,,338962.125684404,-1.598062038422,-1.598062038422,1.598062038422,0.0,-0.196811396202,-0.196811396202,,,-0.747725052447,-0.747725052447,-0.196811396202,0.0,0.209805157722,0.0,5.0,-0.00034588636,83138041.56863189,,,5.0,5.0
2025-03-30 00:00:00,0.0,0.0,337256.616702387,0.757303416729,0.757303416729,0.0,0.757303416729,0.149589061929,0.149589061929,-0.646336963969,-0.646336963969,-0.337892783223,-0.337892783223,0.149589061929,0.0,0.065104166667,0.0,1.0,-0.000353214333,82705445.03634407,995155.0,8.0,0.0,0.0
2025-03-30 04:00:00,,,334083.269664376,0.0,0.0,0.0,0.0,0.0,0.0,,,-0.314460697481,-0.314460697481,0.0,0.0,0.045289855072,0.0,1.0,-0.000356015693,81064779.88167715,,,1.0,1.0
2025-03-30 08:00:00,,,337053.986253957,0.0,0.0,0.0,0.0,0.0,0.0,,,-0.285375860079,-0.285375860079,0.0,0.0,0.095427515268,0.0,2.0,-0.000425762877,82331728.2924096,,,2.0,2.0
2025-03-30 12:00:00,,,333467.376275117,0.0,0.0,0.0,0.0,0.0,0.0,,,-0.277577913195,-0.277577913195,0.0,0.0,0.0,0.0,0.0,-0.000336626605,80324187.48942274,,,0.0,0.0
2025-03-30 16:00:00,,,331286.335212545,0.0,0.0,0.0,0.0,0.0,0.0,,,-0.275733897863,-0.275733897863,0.0,0.0,0.104102091288,0.0,3.0,-0.000302320395,79824652.10651754,,,2.0,2.0
2025-03-30 20:00:00,,,342956.929977272,0.0,0.0,0.0,0.0,0.0,0.0,,,-0.245235038282,-0.245235038282,0.0,0.0,0.175387833008,0.0,3.0,-5.0241747e-05,78655106.57383147,,,3.0,3.0
2025-03-31 00:00:00,0.0,0.0,321070.64454230375,0.897705614567,0.897705614567,0.0,0.897705614567,0.0,0.0,-0.284369491064,-0.284369491064,-0.16513358829,-0.16513358829,0.0,0.0,0.077160493827,0.0,1.0,-0.000152093277,75969087.60353746,994136.0,13.0,0.0,0.0
2025-03-31 04:00:00,,,320489.5818884602,0.707560896873,0.707560896873,0.0,0.707560896873,0.0,0.0,,,-0.113901747048,-0.113901747048,0.0,0.0,0.476599880383,0.0,14.0,-0.000417364639,74088422.38879694,,,3.0,3.0
2025-03-31 08:00:00,,,315735.488815841,1.583511829376,1.583511829376,0.0,1.583511829376,0.145098808114,0.145098808114,,,0.360806345896,0.360806345896,0.145098808114,0.0,0.150713824581,0.0,4.0,-0.000382083748,71831119.69915184,,,4.0,4.0
2025-03-31 12:00:00,,,330101.312901953,2.463021457195,2.463021457195,0.725252449512,3.188273906708,0.034245921657,0.034245921657,,,0.599821694929,0.599821694929,0.034245921657,0.0,0.123768765636,0.0,5.0,-0.000362685759,71578378.75942567,,,2.0,2.0
2025-03-31 16:00:00,,,331550.968614146,1.482670843601,1.482670843601,0.0,1.482670843601,-0.162731428923,-0.162731428923,,,-0.162001036828,-0.162001036828,-0.162731428923,0.0,0.106730916291,0.0,4.0,-0.000235548539,71397258.39806995,,,1.0,1.0
2025-03-31 20:00:00,,,325701.56637942,1.530796051025,1.530796051025,0.0,1.530796051025,0.15204379492,0.15204379492,,,0.771786782584,0.771786782584,0.15204379492,0.0,0.320847494458,0.0,8.0,-0.000461544828,70286419.16583195,,,3.0,3.0
2025-04-01 00:00:00,0.0,0.0,327028.091576659,0.0,0.0,0.0,0.0,-0.128036879933,-0.128036879933,0.018133689863,0.018133689863,-0.142475402431,-0.142475402431,-0.128036879933,0.0,0.03591954023,0.0,1.0,-0.000450203245,70478935.09663315,995011.0,23.0,1.0,1.0
2025-04-01 04:00:00,,,348334.601134301,0.0,0.0,0.0,0.0,-0.032009219983,-0.032009219983,,,-0.114349273895,-0.114349273895,-0.032009219983,0.0,0.123425551057,0.0,3.0,-0.000563704694,70825932.76404934,,,3.0,3.0
2025-04-01 08:00:00,,,364976.400987785,3.196366369724,3.196366369724,0.0,3.196366369724,0.17991189786,0.17991189786,,,2.305549246518,2.305549246518,0.17991189786,0.0,0.364105217556,0.0,16.0,-0.000559832782,73818311.90741958,,,8.0,8.0
2025-04-01 12:00:00,,,364976.400987785,2.289659798145,2.289659798145,0.0,2.289659798145,-0.033623111821,-0.033623111821,,,0.965893566936,0.965893566936,-0.033623111821,0.0,0.238747627542,0.0,12.0,-0.000267739693,75694516.9506144,,,7.0,7.0
2025-04-01 16:00:00,,,364976.400987785,2.390040934086,2.390040934086,0.0,2.390040934086,-0.037554859087,-0.037554859087,,,0.285446610218,0.285446610218,-0.037554859087,0.0,0.115852826231,0.0,4.0,-0.000238536802,71454130.79134332,,,3.0,3.0
2025-04-01 20:00:00,,,364976.400987785,0.893060922623,0.893060922623,0.0,0.893060922623,-0.159456806734,-0.159456806734,,,-0.479845063005,-0.479845063005,-0.159456806734,0.0,0.081209395302,0.0,2.0,-0.000262063665,69668446.31884554,,,1.0,1.0
2025-04-02 00:00:00,0.0,0.0,345660.909441287,0.845258057117,0.845258057117,0.0,0.845258057117,-0.01867204499,-0.01867204499,-0.387746682333,-0.387746682333,-0.479845063005,-0.479845063005,-0.01867204499,0.0,0.158745795538,0.0,3.0,-0.000266082457,66809083.73387749,996711.0,12.0,1.0,1.0
2025-04-02 04:00:00,,,341912.676255439,0.834770858288,0.834770858288,0.0,0.834770858288,0.080023049958,0.080023049958,,,-0.12810566213,-0.12810566213,0.080023049958,0.0,0.22970308471,0.0,6.0,-0.00044193115,66243688.4417149,,,4.0,4.0
2025-04-02 08:00:00,,,348051.410076936,3.024463176727,3.024463176727,0.0,3.024463176727,0.050681264973,0.050681264973,,,0.708526461358,0.708526461358,0.050681264973,0.0,0.117671984448,0.0,6.0,-0.000363214227,65200174.60550767,,,2.0,2.0
2025-04-02 12:00:00,,,364765.557740127,1.336859822273,1.336859822273,0.950735270977,2.28759509325,0.007521477969,0.007521477969,,,1.012632673467,1.012632673467,0.007521477969,0.0,0.208150240636,0.0,10.0,-0.000333420026,68670369.89210907,,,5.0,5.0
2025-04-02 16:00:00,,,354941.575014519,0.81239771843,0.81239771843,0.0,0.81239771843,0.018565634778,0.018565634778,,,-0.409872481008,-0.409872481008,0.018565634778,0.0,0.03591954023,0.0,1.0,-0.000378411703,66383165.776148595,,,0.0,0.0
2025-04-02 20:00:00,,,328117.877749713,0.0,0.0,0.0,0.0,0.0,0.0,,,-0.394513852045,-0.394513852045,0.0,0.0,0.0,0.0,0.0,-0.000327091634,59345081.845587604,,,0.0,0.0
2025-04-03 00:00:00,0.0,0.0,329976.390253067,0.0,0.0,0.0,0.0,0.0,0.0,-0.514133301243,-0.514133301243,-0.377704181182,-0.377704181182,0.0,0.0,0.091028528529,0.0,2.0,-0.000471919745,59997340.921398036,996522.0,9.0,1.0,1.0
2025-04-03 04:00:00,,,321345.317630839,-0.612596809864,-0.612596809864,1.468033432961,0.855436623096,0.085357919955,0.085357919955,,,-0.154743369704,-0.154743369704,0.085357919955,0.0,0.160472972973,0.0,3.0,-8.5010944e-05,59292815.68317036,,,1.0,1.0
2025-04-03 08:00:00,,,307826.248834355,3.613314628601,3.613314628601,0.0,3.613314628601,-0.085357919955,-0.085357919955,,,0.444228685924,0.444228685924,-0.085357919955,0.0,0.153564053902,0.0,8.0,-0.000111318153,57273284.06534062,,,2.0,2.0
2025-04-03 12:00:00,,,298716.03105288,0.833027720451,0.833027720451,0.0,0.833027720451,0.157378664918,0.157378664918,,,0.00640809222,0.00640809222,0.157378664918,0.0,0.098858376242,0.0,4.0,-0.000140266862,55942692.89504333,,,2.0,2.0
2025-04-03 16:00:00,,,295653.779550687,1.041863918304,1.041863918304,0.720515847206,1.762379765511,-0.044688235055,-0.044688235055,,,-0.30172839679,-0.30172839679,-0.044688235055,0.0,0.19756014483,0.0,7.0,-9.7046705e-05,56393319.50904,,,3.0,4.0
2025-04-03 20:00:00,,,305032.5067458842,0.0,0.0,0.0,0.0,-0.084467720088,-0.084467720088,,,-0.344833143122,-0.344833143122,-0.084467720088,0.0,0.030193236715,0.0,1.0,-0.000205277712,57584306.17988546,,,0.0,0.0
2025-04-04 00:00:00,0.0,0.0,290222.332370221,0.963895320892,0.963895320892,0.0,0.963895320892,0.042678959978,0.042678959978,-0.48319496052,-0.48319496052,-0.08602937118,-0.08602937118,0.042678959978,0.0,0.059523809524,0.0,1.0,-0.000451031381,55168394.5769073,995187.0,9.0,1.0,1.0
2025-04-04 04:00:00,,,287670.17889168195,1.085902392864,1.085902392864,0.740187168121,1.826089560986,-0.042678959978,-0.042678959978,,,-0.275170676813,-0.275170676813,-0.042678959978,0.0,0.175264550265,0.0,3.0,-0.000298809388,56564168.15007752,,,0.0,0.0
2025-04-04 08:00:00,,,283696.7952083632,0.903494775295,0.903494775295,0.0,0.903494775295,0.077355614959,0.077355614959,,,-0.061263111623,-0.061263111623,0.077355614959,0.074404761905,0.371077100988,1.0,12.0,-0.000246064578,55446894.10165091,,,3.0,3.0
2025-04-04 12:00:00,,,292994.084862484,-0.714375853539,-0.714375853539,1.500709235668,0.78633338213,-0.24049476602,-0.24049476602,,,-0.429678425472,-0.429678425472,-0.24049476602,0.0,0.185699050515,0.0,8.0,-0.000138595347,55096662.24448498,,,3.0,3.0
2025-04-04 16:00:00,,,295661.66834656,1.627319633961,1.627319633961,0.0,1.627319633961,0.153750682195,0.153750682195,,,0.412859575724,0.412859575724,0.153750682195,0.0,0.09380107602,0.0,3.0,-0.00027124815,54932722.609738015,,,2.0,2.0
2025-04-04 20:00:00,,,298314.77062987,1.802288115025,1.802288115025,0.0,1.802288115025,-0.063761599959,-0.063761599959,,,-0.265727792424,-0.265727792424,-0.063761599959,0.0,0.177015250545,0.0,2.0,-0.000228076109,55129524.67269674,,,0.0,0.0
2025-04-05 00:00:00,0.0,0.0,297133.272682803,0.0,0.0,0.0,0.0,0.0,0.0,-0.473642842964,-0.473642842964,-0.2347146985,-0.2347146985,0.0,0.0,0.0,0.0,0.0,-0.000365306513,54955987.21995403,994213.0,15.0,0.0,0.0
2025-04-05 04:00:00,,,290692.1852462826,0.0,0.0,0.0,0.0,0.0,0.0,,,-0.240966861441,-0.240966861441,0.0,0.0,0.138888888889,0.0,1.0,-0.00018820173,55276063.437081575,,,1.0,1.0
2025-04-05 08:00:00,,,294799.359015581,0.752576649189,0.752576649189,0.0,0.752576649189,0.0,0.0,,,-0.003082664027,-0.003082664027,0.0,0.0,0.172137707507,0.0,10.0,-0.000258902449,55523480.9836494,,,2.0,2.0
2025-04-05 12:00:00,,,283640.73001089,0.587203145027,0.587203145027,0.997646450996,1.584849596024,0.044088072256,0.044088072256,,,-0.342327376794,-0.342327376794,0.044088072256,0.0,0.208181139423,0.0,5.0,-0.000218142743,53118273.61303196,,,3.0,3.0
2025-04-05 16:00:00,,,284996.478969401,0.663449525833,0.663449525833,1.784438312054,2.447887837887,0.176930849545,0.176930849545,,,0.686746304901,0.686746304901,0.176930849545,0.0,0.331133131914,0.0,7.0,-0.00015266122,53524347.96642539,,,6.0,6.0
2025-04-05 20:00:00,,,292863.89886906,1.470488131046,1.470488131046,0.0,1.470488131046,-0.012099314498,-0.012099314498,,,0.462599142241,0.462599142241,-0.012099314498,0.0,0.155436668595,0.0,3.0,-0.000111590124,56025836.30401509,,,3.0,3.0
2025-04-06 00:00:00,0.0,0.0,291091.665787086,0.0,0.0,0.0,0.0,-0.04407565215,-0.04407565215,-0.638426244872,-0.638426244872,-0.247841996543,-0.247841996543,-0.04407565215,0.0,0.104166666667,0.0,1.0,-0.000284404155,56710934.68196417,993906.0,2.0,1.0,1.0
2025-04-06 04:00:00,,,288817.038623449,0.0,0.0,0.0,0.0,0.0,0.0,,,-0.234336921973,-0.234336921973,0.0,0.0,0.0,0.0,0.0,-0.000480028173,55545999.22461632,,,0.0,0.0
2025-04-06 08:00:00,,,284689.981767339,1.616066396236,1.616066396236,0.0,1.616066396236,0.0,0.0,,,-0.229179963501,-0.229179963501,0.0,0.0,0.145568663037,0.0,2.0,-0.000275906924,54695046.72855013,,,0.0,0.0
2025-04-06 12:00:00,,,278023.933355173,0.0,0.0,0.0,0.0,0.0,0.0,,,-0.215823639052,-0.215823639052,0.0,0.0,0.0,0.0,0.0,-0.000220753707,52804364.108373426,,,0.0,0.0
2025-04-06 16:00:00,,,251911.384468415,0.0,0.0,0.0,0.0,0.0,0.0,,,-0.211371530903,-0.211371530903,0.0,0.0,0.0,0.0,0.0,-0.000252587031,48384985.995863214,,,0.0,0.0
2025-04-06 20:00:00,,,240530.811129899,0.0,0.0,0.0,0.0,0.0,0.0,,,-0.202876341792,-0.202876341792,0.0,0.0,0.038743004735,0.0,2.0,-0.000154816597,46443646.28767177,,,1.0,1.0
2025-04-07 00:00:00,0.0,0.0,228133.58569117397,0.71845471859,0.71845471859,0.0,0.71845471859,0.0,0.0,-0.586243126978,-0.586243126978,-0.193231945807,-0.193231945807,0.0,0.0,0.042517006803,0.0,1.0,-7.751607e-06,47829981.285872705,993975.0,7.0,0.0,0.0
2025-04-07 04:00:00,,,220107.7935495324,0.0,0.0,0.0,0.0,0.0,0.0,,,-0.178105721879,-0.178105721879,0.0,0.0,0.032051282051,0.0,1.0,-1.0580634e-05,46763926.220681824,,,1.0,1.0
2025-04-07 08:00:00,,,214624.2965656068,0.0,0.0,0.0,0.0,0.0,0.0,,,-0.167050298765,-0.167050298765,0.0,0.0,0.021258503401,0.0,1.0,3.9716841e-05,46987973.152901895,,,1.0,1.0
2025-04-07 12:00:00,,,219721.41888088398,1.53052097559,1.53052097559,0.0,1.53052097559,0.0,0.0,,,0.32935683474,0.32935683474,0.0,0.0,0.155404534486,0.0,5.0,3.149618e-05,47239639.04487146,,,2.0,2.0
2025-04-07 16:00:00,,,230560.410742853,0.0,0.0,0.0,0.0,0.0,0.0,,,-0.195355841713,-0.195355841713,0.0,0.0,0.101497230827,0.0,3.0,2.840189e-05,46260415.5657504,,,2.0,2.0
2025-04-07 20:00:00,,,236471.19396689598,0.0,0.0,0.0,0.0,0.0,0.0,,,-0.183099132724,-0.183099132724,0.0,0.0,0.040849673203,0.0,1.0,-2.7541993e-05,45497657.734001175,,,1.0,1.0
2025-04-08 00:00:00,0.0,0.0,199251.0650602652,0.711577355862,0.711577355862,0.0,0.711577355862,0.058683569969,0.058683569969,0.00570541741,0.00570541741,0.051958731522,0.051958731522,0.058683569969,0.0,0.094696969697,0.0,1.0,2.197091e-05,45161156.46437337,994582.0,21.0,1.0,1.0
2025-04-08 04:00:00,,,188539.32033718,4.75086992979,4.75086992979,0.0,4.75086992979,0.09602765995,0.09602765995,,,1.563332800396,1.563332800396,0.09602765995,0.0,0.256255927108,0.0,8.0,-1.7943e-07,46012388.50972862,,,3.0,3.0
2025-04-08 08:00:00,,,202090.80597833524,1.542665958405,1.542665958405,0.0,1.542665958405,-0.003148137783,-0.003148137783,,,0.487534394051,0.487534394051,-0.003148137783,0.0,0.230767076157,0.0,7.0,-3.9682446e-05,47497246.947608456,,,4.0,4.0
2025-04-08 12:00:00,,,184131.986030859,0.67990988493,0.67990988493,0.787313044071,1.467222929001,-0.09944627914,-0.09944627914,,,0.080609647857,0.080609647857,-0.09944627914,0.0,0.1989166007,0.0,7.0,-0.000248986784,46242442.05871727,,,5.0,5.0
2025-04-08 16:00:00,,,172038.940449146,1.629750728607,1.629750728607,0.0,1.629750728607,0.03398324741,0.03398324741,,,0.697170925677,0.697170925677,0.03398324741,0.0,0.288120020726,0.0,11.0,-0.00027901423,44574823.61111793,,,6.0,6.0
2025-04-08 20:00:00,,,168676.050429893,-0.721249759197,-0.721249759197,0.721249759197,0.0,-0.157378664918,-0.157378664918,,,-0.391223088362,-0.391223088362,-0.157378664918,0.0,0.131540270429,0.0,3.0,4.5104191e-05,44543975.2923008,,,2.0,2.0
2025-04-09 00:00:00,0.0,0.0,154554.751409095,0.0,0.0,0.0,0.0,0.098695094948,0.098695094948,-0.248273753812,-0.248273753812,-0.246016874118,-0.246016874118,0.098695094948,0.0,0.040064102564,0.0,1.0,-8.6087589e-05,48521241.132505514,990067.0,17.0,0.0,0.0
2025-04-09 04:00:00,,,159964.37848739,6.539331316948,6.539331316948,0.0,6.539331316948,0.093360224951,0.093360224951,,,1.52706529606,1.52706529606,0.093360224951,0.040064102564,0.144788726083,1.0,10.0,4.6055962e-05,47298964.978249885,,,3.0,3.0
2025-04-09 08:00:00,,,163033.658068753,0.160397171974,0.160397171974,0.770370483398,0.930767655373,-0.108974146466,-0.108974146466,,,-0.054868781289,-0.054868781289,-0.108974146466,0.0,0.27115760077,0.0,7.0,1.8648465e-05,46383355.98743093,,,5.0,5.0
2025-04-09 12:00:00,,,162635.686462388,-0.986236035824,-0.986236035824,2.485916733742,1.499680697918,-0.154869260533,-0.154869260533,,,-0.447486659944,-0.447486659944,-0.154869260533,0.0,0.258879203924,0.0,11.0,-7.735021e-06,46188574.79191601,,,4.0,4.0
2025-04-09 16:00:00,,,187915.99704018,0.745712339878,0.745712339878,0.0,0.745712339878,0.104340415547,0.104340415547,,,-0.22065438328,-0.22065438328,0.104340415547,0.0,0.138293441669,0.0,6.0,-0.001004920068,53140258.049839795,,,3.0,3.0
2025-04-09 20:00:00,,,190169.692289774,0.0,0.0,0.0,0.0,0.0,0.0,,,-0.22065438328,-0.22065438328,0.0,0.0,0.132761437908,0.0,3.0,-0.000482524678,53743755.98210541,,,2.0,2.0
2025-04-10 00:00:00,0.0,0.0,181149.225776964,0.90820389986,0.90820389986,0.0,0.90820389986,0.0,0.0,0.087039253299,0.087039253299,-0.22065438328,-0.22065438328,0.0,0.0,0.146604938272,0.0,2.0,-0.000106528094,51820457.08843969,992574.0,13.0,1.0,1.0
2025-04-10 04:00:00,,,181390.3431597412,0.0,0.0,0.0,0.0,0.0,0.0,,,-0.212524747847,-0.212524747847,0.0,0.0,0.054824561404,0.0,1.0,-0.000243589957,52635846.27930645,,,0.0,0.0
2025-04-10 08:00:00,,,175834.023138735,13.144471287727,13.144471287727,0.0,13.144471287727,0.061351004968,0.061351004968,,,1.68154391187,1.68154391187,0.061351004968,0.0,0.588800002559,0.0,29.0,-0.000370786477,51887000.168069705,,,7.0,7.0
2025-04-10 12:00:00,,,172762.05363483663,0.0,0.0,0.0,0.0,-0.061351004968,-0.061351004968,,,-0.194762411447,-0.194762411447,-0.061351004968,0.0,0.076533172739,0.0,3.0,-0.000353426073,49629383.69376208,,,2.0,2.0
2025-04-10 16:00:00,,,180564.862596974,1.457148432732,1.457148432732,0.0,1.457148432732,0.13337174993,0.13337174993,,,-0.100697367105,-0.100697367105,0.13337174993,0.0,0.133928571429,0.0,3.0,-0.000270636222,50537055.77927094,,,2.0,2.0
2025-04-10 20:00:00,,,177502.299331404,0.0,0.0,0.0,0.0,-0.128036879933,-0.128036879933,,,-0.180449859533,-0.180449859533,-0.128036879933,0.0,0.034153005464,0.0,1.0,-0.00028040054,49098755.50297057,,,1.0,1.0
2025-04-11 00:00:00,0.0,0.0,184466.38568464,-0.80321264267,-0.80321264267,0.80321264267,0.0,-0.125369444934,-0.125369444934,-0.419078855606,-0.419078855606,-0.197695525258,-0.197695525258,-0.125369444934,0.0,0.07183908046,0.0,1.0,-5.5135894e-05,50088918.590612546,995166.0,11.0,1.0,1.0
2025-04-11 04:00:00,,,186900.228371897,0.874887883663,0.874887883663,0.0,0.874887883663,0.167659540898,0.167659540898,,,-0.091297972101,-0.091297972101,0.167659540898,0.0,0.552764121843,0.0,11.0,-0.000295391559,50645442.0143807,,,3.0,3.0
2025-04-11 08:00:00,,,189322.36546044,3.1342638731,3.1342638731,0.0,3.1342638731,0.011091950203,0.011091950203,,,-0.053796353002,-0.053796353002,0.011091950203,0.061274509804,0.183827016802,1.0,5.0,-0.000456390233,50910000.64686914,,,3.0,3.0
2025-04-11 12:00:00,,,185565.59000777503,2.560865819454,2.560865819454,0.0,2.560865819454,0.028845828257,0.028845828257,,,-0.050452112056,-0.050452112056,0.028845828257,0.0,0.081278610071,0.0,3.0,-0.000273347387,66697475.10155295,,,3.0,3.0
2025-04-11 16:00:00,,,190672.435177002,0.0,0.0,0.0,0.0,-0.211045383266,-0.211045383266,,,-0.171250812651,-0.171250812651,-0.211045383266,0.0,0.052083333333,0.0,1.0,-6.4025189e-05,69379196.51810294,,,1.0,1.0
2025-04-11 20:00:00,,,188612.349206854,0.0,0.0,0.0,0.0,-0.029341784985,-0.029341784985,,,-0.153575240755,-0.153575240755,-0.029341784985,0.0,0.0,0.0,0.0,-0.00039101008,67987836.2199616,,,0.0,0.0
2025-04-12 00:00:00,0.0,0.0,191151.837675443,0.0,0.0,0.0,0.0,0.0,0.0,-0.595161414631,-0.595161414631,-0.155818739899,-0.155818739899,0.0,0.0,0.067204301075,0.0,1.0,-0.000308999001,69667935.96537536,995427.0,4.0,1.0,1.0
2025-04-12 04:00:00,,,187855.5303709524,3.558044314384,3.558044314384,0.0,3.558044314384,0.098695094948,0.098695094948,,,-0.049488365806,-0.049488365806,0.098695094948,0.0,0.267218402983,0.0,10.0,-0.000256353092,69999815.58176693,,,2.0,2.0
2025-04-12 08:00:00,,,183165.184856142,0.0,0.0,0.0,0.0,-0.098695094948,-0.098695094948,,,-0.164021851846,-0.164021851846,-0.098695094948,0.0,0.123456790123,0.0,2.0,-0.00038466145,68179429.35849728,,,1.0,1.0
2025-04-12 12:00:00,,,187559.641523217,0.0,0.0,0.0,0.0,0.0,0.0,,,-0.164021851846,-0.164021851846,0.0,0.0,0.0,0.0,0.0,-0.000446416661,67884105.83535911,,,0.0,0.0
2025-04-12 16:00:00,,,192811.684119357,0.0,0.0,0.0,0.0,0.0,0.0,,,-0.164021851846,-0.164021851846,0.0,0.0,0.0,0.0,0.0,-0.000115849365,67418996.66677135,,,0.0,0.0
2025-04-12 20:00:00,,,187645.703803991,0.0,0.0,0.0,0.0,0.0,0.0,,,-0.282830246918,-0.282830246918,0.0,0.0,0.0,0.0,0.0,-0.000118339772,65204032.10976544,,,0.0,0.0
2025-04-13 00:00:00,0.0,0.0,183899.130664937,-0.909737408161,-0.909737408161,0.909737408161,0.0,-0.074688179961,-0.074688179961,-0.463577592823,-0.463577592823,-0.5619444793,-0.5619444793,-0.074688179961,0.0,0.052083333333,0.0,1.0,-0.000183532401,64504611.01249571,993457.0,5.0,1.0,1.0
2025-04-13 04:00:00,,,181090.01391565,8.049424052238,8.049424052238,0.0,8.049424052238,0.074688179961,0.074688179961,,,-0.295967605907,-0.295967605907,0.074688179961,0.0,0.321239743249,0.0,16.0,-0.000326403736,63539182.38715973,,,0.0,0.0
2025-04-13 08:00:00,,,181411.341143764,0.0,0.0,0.0,0.0,0.0,0.0,,,-0.262567023233,-0.262567023233,0.0,0.0,0.061274509804,0.0,1.0,-0.00040017829,63789274.57522119,,,1.0,1.0
2025-04-13 12:00:00,,,179324.716359166,1.70775949955,1.70775949955,0.0,1.70775949955,0.09602765995,0.09602765995,,,0.016534282594,0.016534282594,0.09602765995,0.0,0.075129954516,0.0,2.0,-0.000339496861,62995441.33437427,,,1.0,1.0
2025-04-13 16:00:00,,,173074.985559658,0.774826109409,0.774826109409,0.0,0.774826109409,-0.065157582016,-0.065157582016,,,-0.057209310112,-0.057209310112,-0.065157582016,0.0,0.096804052258,0.0,3.0,-0.000300594201,61582572.49049908,,,2.0,2.0
2025-04-13 20:00:00,,,174115.73519854,0.0,0.0,0.0,0.0,-0.034676654982,-0.034676654982,,,-0.2657373429,-0.2657373429,-0.034676654982,0.0,0.0,0.0,0.0,-0.000241538363,61220530.37541423,,,0.0,0.0
2025-04-14 00:00:00,0.0,0.0,180119.8136967532,0.0,0.0,0.0,0.0,0.0,0.0,-0.438218163749,-0.438218163749,-0.221059834485,-0.221059834485,0.0,0.0,0.05081300813,0.0,1.0,-0.000122239927,62241297.65342727,993160.0,7.0,1.0,1.0
2025-04-14 04:00:00,,,178565.528603679,4.448605418205,4.448605418205,0.0,4.448605418205,0.090692789952,0.090692789952,,,1.766899027105,1.766899027105,0.090692789952,0.0,0.269178277259,0.0,18.0,-0.000129305651,61445643.827781886,,,4.0,4.0
2025-04-14 08:00:00,,,181495.389079531,0.0,0.0,0.0,0.0,-0.090692789952,-0.090692789952,,,-0.157552563282,-0.157552563282,-0.090692789952,0.0,0.0,0.0,0.0,-0.000121442693,62737437.99463523,,,0.0,0.0
2025-04-14 12:00:00,,,175486.841150412,1.64312851429,1.64312851429,0.0,1.64312851429,0.064018439966,0.064018439966,,,-0.086485008433,-0.086485008433,0.064018439966,0.0,0.099272263271,0.0,3.0,-9.114123e-05,59973434.20152362,,,1.0,1.0
2025-04-14 16:00:00,,,178188.854862577,0.714026749134,0.714026749134,0.0,0.714026749134,-0.015580733888,-0.015580733888,,,-0.078322909442,-0.078322909442,-0.015580733888,0.0,0.058204507357,0.0,2.0,-0.000184279544,61840882.98139553,,,1.0,1.0
2025-04-14 20:00:00,,,179742.2819651,0.863155901432,0.863155901432,0.0,0.863155901432,-0.088025354954,-0.088025354954,,,-0.14371512907,-0.14371512907,-0.088025354954,0.0,0.015903307888,0.0,1.0,-7.4892615e-05,61391375.39542982,,,0.0,0.0
2025-04-15 00:00:00,0.0,0.0,183561.913412502,2.361424386501,2.361424386501,0.0,2.361424386501,0.053348699972,0.053348699972,-0.493046453375,-0.493046453375,-0.057944294684,-0.057944294684,0.053348699972,0.0,0.165974258716,0.0,3.0,-9.0245886e-05,63750482.05403331,995044.0,6.0,1.0,1.0
2025-04-15 04:00:00,,,187961.726116964,0.0,0.0,0.0,0.0,-0.053348699972,-0.053348699972,,,-0.149699491555,-0.149699491555,-0.053348699972,0.0,0.0,0.0,0.0,-1.3157476e-05,65159230.56548591,,,0.0,0.0
2025-04-15 08:00:00,,,181747.126166975,2.297480881214,2.297480881214,0.0,2.297480881214,0.201771509469,0.201771509469,,,0.175458716715,0.175458716715,0.201771509469,0.0,0.177388927389,0.0,4.0,-3.5694212e-05,63299385.889857434,,,3.0,3.0
2025-04-15 12:00:00,,,178775.666253456,0.0,0.0,0.0,0.0,-0.168850094543,-0.168850094543,,,-0.174740189849,-0.174740189849,-0.168850094543,0.0,0.035310734463,0.0,1.0,-0.000171064224,63185674.18488274,,,1.0,1.0
2025-04-15 16:00:00,,,176147.637733426,0.909142374992,0.909142374992,0.0,0.909142374992,0.0,0.0,,,-0.178208607643,-0.178208607643,0.0,0.0,0.126563645585,0.0,3.0,-0.000286743942,62566641.15056875,,,0.0,0.0
2025-04-15 20:00:00,,,177148.442977756,0.748676478863,0.748676478863,0.0,0.748676478863,0.0,0.0,,,-0.178208607643,-0.178208607643,0.0,0.0,0.099153297683,0.0,2.0,-0.000146262278,63156693.36318334,,,1.0,1.0
2025-04-16 00:00:00,0.0,0.0,175164.175628324,0.0,0.0,0.0,0.0,0.0,0.0,-0.600514350311,-0.600514350311,-0.174790643851,-0.174790643851,0.0,0.0,0.0,0.0,0.0,-8.1910989e-05,63001165.18390213,993501.0,2.0,0.0,0.0
2025-04-16 04:00:00,,,169964.73658517,0.85654270649,0.85654270649,0.0,0.85654270649,0.104029964945,0.104029964945,,,-0.076731855476,-0.076731855476,0.104029964945,0.0,0.032051282051,0.0,1.0,-0.000113517396,64043637.306266636,,,1.0,1.0
2025-04-16 08:00:00,,,169648.921750272,0.0,0.0,0.0,0.0,-0.104029964945,-0.104029964945,,,-0.171939012848,-0.171939012848,-0.104029964945,0.0,0.0,0.0,0.0,-0.00021073151,64311420.54209301,,,0.0,0.0
2025-04-16 12:00:00,,,170040.631594905,0.0,0.0,0.0,0.0,0.0,0.0,,,-0.171939012848,-0.171939012848,0.0,0.0,0.0,0.0,0.0,-9.2332836e-05,65370979.31249134,,,0.0,0.0
2025-04-16 16:00:00,,,175935.6165760132,0.755409538746,0.755409538746,0.0,0.755409538746,0.0,0.0,,,-0.239201837765,-0.239201837765,0.0,0.0,0.060496067756,0.0,2.0,-0.00021215715,65984943.85391065,,,0.0,0.0
2025-04-16 20:00:00,,,170978.2771316166,0.0,0.0,0.0,0.0,0.0,0.0,,,-0.306464662683,-0.306464662683,0.0,0.0,0.039308176101,0.0,1.0,-7.5558966e-05,63998413.56522522,,,1.0,1.0
2025-04-17 00:00:00,0.0,0.0,174935.331480475,0.0,0.0,0.0,0.0,0.0,0.0,-0.54527361996,-0.54527361996,-0.286238650073,-0.286238650073,0.0,0.0,0.080128205128,0.0,1.0,-0.000108589919,65960119.245310955,993235.0,5.0,0.0,0.0
2025-04-17 04:00:00,,,175164.419327225,0.0,0.0,0.0,0.0,0.0,0.0,,,-0.265357189642,-0.265357189642,0.0,0.0,0.038580246914,0.0,1.0,-0.00026158727,66053677.21240817,,,1.0,1.0
2025-04-17 08:00:00,,,173901.569910085,1.567935824394,1.567935824394,0.0,1.567935824394,0.088025354954,0.088025354954,,,0.903202586814,0.903202586814,0.088025354954,0.0,0.091517208453,0.0,3.0,-0.000252401974,66036512.04716574,,,2.0,2.0
2025-04-17 12:00:00,,,169722.114015213,0.0,0.0,0.0,0.0,-0.088025354954,-0.088025354954,,,-0.287286038498,-0.287286038498,-0.088025354954,0.0,0.029342723005,0.0,1.0,-0.000232889402,65335269.648256674,,,1.0,1.0
2025-04-17 16:00:00,,,175291.018005275,0.917329311371,0.917329311371,0.0,0.917329311371,0.125369444934,0.125369444934,,,0.378483307516,0.378483307516,0.125369444934,0.0,0.027056277056,0.0,1.0,-0.000162761291,64025282.37241336,,,1.0,1.0
2025-04-17 20:00:00,,,161877.840260629,0.737082481384,0.737082481384,0.0,0.737082481384,-0.125369444934,-0.125369444934,,,-0.291012673854,-0.291012673854,-0.125369444934,0.0,0.063131313131,0.0,1.0,-0.000149237304,62636683.98458371,,,0.0,0.0
2025-04-18 00:00:00,0.0,0.0,159557.724506483,0.749113023281,0.749113023281,0.0,0.749113023281,0.088025354954,0.088025354954,-0.22706561776,-0.22706561776,0.537783155746,0.537783155746,0.088025354954,0.0,0.116792929293,0.0,2.0,-0.000168698959,61702313.30368165,,15.0,2.0,2.0
2025-04-18 04:00:00,,,166533.713969464,1.603800594807,1.603800594807,0.0,1.603800594807,0.03734408998,0.03734408998,,,1.03232859977,1.03232859977,0.03734408998,0.0,0.139508928571,0.0,2.0,-0.000145650178,62152541.20414786,,,1.0,1.0
2025-04-18 08:00:00,,,160680.5142429152,0.0,0.0,0.0,0.0,-0.125369444934,-0.125369444934,,,-0.310950441826,-0.310950441826,-0.125369444934,0.270798173885,0.385228192441,13.0,14.0,-0.000148672271,62776116.56664571,,,8.0,8.0
2025-04-18 12:00:00,,,158166.91783394,1.624367833138,1.624367833138,0.0,1.624367833138,0.0,0.0,,,-0.310950441826,-0.310950441826,0.0,0.0,0.10142731102,0.0,3.0,-0.000123055367,62064133.10141477,,,1.0,1.0
2025-04-18 16:00:00,,,161657.073710119,1.523626387119,1.523626387119,0.0,1.523626387119,0.082690484957,0.082690484957,,,0.248371253268,0.248371253268,0.082690484957,0.0,0.134461998029,0.0,3.0,-0.000133246985,61938998.14957866,,,2.0,2.0
2025-04-18 20:00:00,,,159812.362839528,0.907896637917,0.907896637917,0.0,0.907896637917,-0.082690484957,-0.082690484957,,,-0.308793285394,-0.308793285394,-0.082690484957,0.0,0.099257172131,0.0,2.0,-0.000139902078,62570393.00917293,,,1.0,1.0
2025-04-19 00:00:00,0.0,0.0,160932.372512883,0.774521291256,0.774521291256,0.0,0.774521291256,0.0,0.0,-0.532060332584,-0.532060332584,-0.308793285394,-0.308793285394,0.0,0.0,0.07183908046,0.0,1.0,-0.000192271487,62822811.55181375,,6.0,0.0,0.0
2025-04-19 04:00:00,,,162724.639368232,0.0,0.0,0.0,0.0,0.0,0.0,,,-0.308793285394,-0.308793285394,0.0,0.0,0.016937669377,0.0,1.0,-0.000101200516,62807752.60841244,,,1.0,1.0
2025-04-19 08:00:00,,,164210.825743916,0.705888390541,0.705888390541,0.0,0.705888390541,0.11469970494,0.11469970494,,,0.717528682069,0.717528682069,0.11469970494,0.0,0.057077625571,0.0,2.0,-0.000184107517,62417516.00005671,,,2.0,2.0
2025-04-19 12:00:00,,,162033.984060591,0.0,0.0,0.0,0.0,-0.11469970494,-0.11469970494,,,-0.336236276221,-0.336236276221,-0.11469970494,0.0,0.056306306306,0.0,1.0,-0.00012932435,60815140.06282018,,,1.0,1.0
2025-04-19 16:00:00,,,161303.933039598,0.0,0.0,0.0,0.0,0.0,0.0,,,-0.336236276221,-0.336236276221,0.0,0.0,0.074074074074,0.0,2.0,1.7006971e-05,59870506.67427346,,,2.0,2.0
2025-04-19 20:00:00,,,160592.762605216,0.894883394241,0.894883394241,0.0,0.894883394241,0.130704314931,0.130704314931,,,0.319817831126,0.319817831126,0.130704314931,0.0,0.028538812785,0.0,1.0,-3.3211527e-05,60328260.02286522,,,1.0,1.0
2025-04-20 00:00:00,0.0,0.0,165702.007335555,-0.896203935146,-0.896203935146,0.896203935146,0.0,-0.220868299706,-0.220868299706,-0.492236490485,-0.492236490485,-0.92423319804,-0.92423319804,-0.220868299706,0.0,0.045289855072,0.0,1.0,-8.3907538e-05,61423051.6238505,,6.0,1.0,1.0
2025-04-20 04:00:00,,,162319.0737834286,3.578471839428,3.578471839428,0.0,3.578471839428,0.125372203317,0.125372203317,,,1.62318636055,1.62318636055,0.125372203317,0.0,0.467737101458,0.0,12.0,-2.3311799e-05,59584811.27612525,,,3.0,3.0
2025-04-20 08:00:00,,,160931.614244131,0.816986083984,0.816986083984,0.0,0.816986083984,0.013337174993,0.013337174993,,,-0.196938490743,-0.196938490743,0.013337174993,0.0,0.077160493827,0.0,1.0,-1.1510156e-05,57964249.496669054,,,0.0,0.0
2025-04-20 12:00:00,,,164315.80094587075,0.0,0.0,0.0,0.0,0.0,0.0,,,-0.190830327447,-0.190830327447,0.0,0.0,0.113186023746,0.0,3.0,-8.689536e-05,57998817.301872864,,,2.0,3.0
2025-04-20 16:00:00,,,165194.076140623,0.0,0.0,0.0,0.0,0.0,0.0,,,-0.17865454832,-0.17865454832,0.0,0.0,0.029342723005,0.0,1.0,-0.000147868032,59031134.64008138,,,1.0,1.0
2025-04-20 20:00:00,,,163346.84057063522,0.0,0.0,0.0,0.0,0.0,0.0,,,-0.160451700821,-0.160451700821,0.0,0.0,0.0,0.0,0.0,-1.8299739e-05,58045744.950958654,,,0.0,0.0
2025-04-21 00:00:00,0.0,0.0,163496.06626902,0.0,0.0,0.0,0.0,0.0,0.0,-0.568778295808,-0.568778295808,-0.160451700821,-0.160451700821,0.0,0.0,0.0,0.0,0.0,-4.912813e-06,58709831.1746197,,4.0,0.0,0.0
2025-04-21 04:00:00,,,163072.9909036078,0.0,0.0,0.0,0.0,0.0,0.0,,,-0.154513901615,-0.154513901615,0.0,0.0,0.079719387755,0.0,2.0,-2.2581698e-05,59149316.67181522,,,1.0,1.0
2025-04-21 08:00:00,,,163870.747551778,0.0,0.0,0.0,0.0,0.0,0.0,,,-0.148576102409,-0.148576102409,0.0,0.255148517135,0.361082263461,17.0,20.0,-1.9883297e-05,59696113.49873181,,,3.0,3.0
2025-04-21 12:00:00,,,166037.575086263,-0.90144109726,-0.90144109726,0.90144109726,0.0,-0.146708924923,-0.146708924923,,,-0.380440853829,-0.380440853829,-0.146708924923,0.0,0.117071984655,0.0,4.0,2.736701e-06,59538484.63401905,,,3.0,4.0
2025-04-21 16:00:00,,,159440.275971224,0.0,0.0,0.0,0.0,0.128036879933,0.128036879933,,,-0.131657332394,-0.131657332394,0.128036879933,0.0,0.041666666667,0.0,1.0,-5.2480548e-05,57184822.594938755,,,0.0,0.0
2025-04-21 20:00:00,,,158609.356861371,0.0,0.0,0.0,0.0,0.01867204499,0.01867204499,,,-0.126015804541,-0.126015804541,0.01867204499,0.0,0.0,0.0,0.0,-0.000140600211,57780278.80534112,,,0.0,0.0
2025-04-22 00:00:00,0.0,0.0,160488.464858797,0.0,0.0,0.0,0.0,0.0,0.0,0.366583398998,0.366583398998,-0.109091220981,-0.109091220981,0.0,0.0,0.07995248538,0.0,2.0,-4.0661121e-05,59432533.65229597,,15.0,2.0,2.0
2025-04-22 04:00:00,,,159822.7788264202,0.0,0.0,0.0,0.0,0.0,0.0,,,-0.109091220981,-0.109091220981,0.0,0.0,0.061274509804,0.0,1.0,-0.000155953542,58854348.40744364,,,0.0,0.0
2025-04-22 08:00:00,,,158646.811609249,5.78253108263,5.78253108263,0.0,5.78253108263,0.058683569969,0.058683569969,,,1.420607457361,1.420607457361,0.058683569969,0.30863629255,0.462109523346,17.0,21.0,-0.000187954688,60056863.09457845,,,2.0,2.0
2025-04-22 12:00:00,,,165146.04328438482,3.36443567276,3.36443567276,0.880306720734,4.244742393494,-0.099793763857,-0.099793763857,,,1.616032395761,1.616032395761,-0.099793763857,0.092592592593,0.194940465326,6.0,10.0,-0.000107386084,62938115.65315901,,,10.0,10.0
2025-04-22 16:00:00,,,163793.967042128,1.801826834679,1.801826834679,0.0,1.801826834679,0.043712430136,0.043712430136,,,-0.115810304467,-0.115810304467,0.043712430136,0.0,0.074030398323,0.0,2.0,1.477008e-05,63375206.84646934,,,1.0,1.0
2025-04-22 20:00:00,,,168233.438561485,0.869442343712,0.869442343712,0.0,0.869442343712,-0.053849477167,-0.053849477167,,,-0.10908611422,-0.10908611422,-0.053849477167,0.0,0.033068783069,0.0,1.0,1.7148767e-05,65589432.98044042,,,1.0,1.0
2025-04-23 00:00:00,0.0,0.0,173881.666947355,-1.534584820271,-1.534584820271,1.534584820271,0.0,-0.208756181291,-0.208756181291,-0.424016876423,-0.424016876423,-0.272049023397,-0.272049023397,-0.208756181291,0.0,0.161103047896,0.0,3.0,2.4612067e-05,70945064.1353536,,10.0,1.0,1.0
2025-04-23 04:00:00,,,169516.142266065,1.595113158226,1.595113158226,0.0,1.595113158226,0.296416949345,0.296416949345,,,-0.00064971727,-0.00064971727,0.296416949345,0.0,0.110364396655,0.0,3.0,2.1959678e-05,67048384.386103526,,,3.0,3.0
2025-04-23 08:00:00,,,170938.396339106,0.892567694187,0.892567694187,0.0,0.892567694187,-0.180269222943,-0.180269222943,,,-0.172899615223,-0.172899615223,-0.180269222943,0.030637254902,0.078961518099,1.0,3.0,-2.0248412e-05,65227065.726987064,,,1.0,1.0
2025-04-23 12:00:00,,,167225.449592779,1.466802418232,1.466802418232,0.0,1.466802418232,-0.01867204499,-0.01867204499,,,-0.172899615223,-0.172899615223,-0.01867204499,0.0,0.073119266283,0.0,4.0,-1.0729102e-05,65053064.44498625,,,1.0,1.0
2025-04-23 16:00:00,,,168457.151365348,2.29519701004,2.29519701004,0.0,2.29519701004,0.271790606906,0.271790606906,,,0.187462170584,0.187462170584,0.271790606906,0.0,0.139960577099,0.0,5.0,-0.00012690066,64932219.028121315,,,5.0,5.0
2025-04-23 20:00:00,,,165979.005619453,0.0,0.0,0.0,0.0,-0.195866129814,-0.195866129814,,,-0.195384727763,-0.195384727763,-0.195866129814,0.0,0.0,0.0,0.0,-3.4498774e-05,65794365.58204567,,,0.0,0.0
2025-04-24 00:00:00,0.0,0.0,157521.565673155,0.0,0.0,0.0,0.0,-0.022372494443,-0.022372494443,-0.263116343796,-0.263116343796,-0.195384727763,-0.195384727763,-0.022372494443,0.0,0.025100401606,0.0,1.0,-7.2811488e-05,63601988.34836522,989645.0,9.0,1.0,1.0
2025-04-24 04:00:00,,,154295.788035758,0.751836955547,0.751836955547,0.0,0.751836955547,0.058683569969,0.058683569969,,,-0.152258124406,-0.152258124406,0.058683569969,0.0,0.084913909066,0.0,2.0,-0.000242602842,63275381.696075186,,,2.0,2.0
2025-04-24 08:00:00,,,153160.159161807,2.413661181927,2.413661181927,0.0,2.413661181927,0.161088652354,0.161088652354,,,0.012360311678,0.012360311678,0.161088652354,0.0,0.090355267627,0.0,4.0,-0.000300592315,65767276.28956929,,,3.0,3.0
2025-04-24 12:00:00,,,156558.940240605,2.352083206177,2.352083206177,0.0,2.352083206177,-0.068909643279,-0.068909643279,,,-0.068273103083,-0.068273103083,-0.068909643279,0.0,0.072794834308,0.0,4.0,-0.000296598059,67338106.94760655,,,2.0,2.0
2025-04-24 16:00:00,,,158050.585744566,1.536275744438,1.536275744438,0.0,1.536275744438,-0.078616571242,-0.078616571242,,,-0.182210582721,-0.182210582721,-0.078616571242,0.0,0.106326008845,0.0,3.0,2.8402342e-05,66362595.09117644,,,1.0,1.0
2025-04-24 20:00:00,,,160081.832344974,0.880806624889,0.880806624889,0.0,0.880806624889,-0.025118563391,-0.025118563391,,,-0.150311444885,-0.150311444885,-0.025118563391,0.0,0.078501595492,0.0,3.0,2.8320211e-05,66298693.031600825,,,1.0,1.0
2025-04-25 00:00:00,0.0,0.0,155461.4540005222,0.0,0.0,0.0,0.0,-0.042678959978,-0.042678959978,-0.656069640029,-0.656069640029,-0.235734203698,-0.235734203698,-0.042678959978,0.0,0.0,0.0,0.0,2.8103458e-05,64515971.96827337,992087.0,6.0,0.0,0.0
2025-04-25 04:00:00,,,163033.829677502,-0.156169295311,-0.156169295311,0.889976501465,0.733807206154,-0.00489768655,-0.00489768655,,,-0.374172944148,-0.374172944148,-0.00489768655,0.0,0.078232801104,0.0,2.0,-7.8562911e-05,67723212.91919099,,,2.0,2.0
2025-04-25 08:00:00,,,162885.177789413,0.0,0.0,0.0,0.0,-0.019113207766,-0.019113207766,,,-0.303893397943,-0.303893397943,-0.019113207766,0.0,0.11655011655,0.0,2.0,2.8580832e-05,66349731.276034,,,2.0,2.0
2025-04-25 12:00:00,,,165423.028488525,0.0,0.0,0.0,0.0,-0.021339479989,-0.021339479989,,,-0.295536366177,-0.295536366177,-0.021339479989,0.0,0.027412280702,0.0,1.0,2.770446e-05,65894100.11440661,,,0.0,0.0
2025-04-25 16:00:00,,,163119.23063879,1.524023234844,1.524023234844,0.0,1.524023234844,0.0,0.0,,,-0.338298193342,-0.338298193342,0.0,0.0,0.091505663433,0.0,3.0,-2.1015242e-05,66424361.67840597,,,1.0,1.0
2025-04-25 20:00:00,,,165882.934806133,0.0,0.0,0.0,0.0,0.0,0.0,,,-0.299170907324,-0.299170907324,0.0,0.0,0.075861893105,0.0,2.0,-4.9723974e-05,66452343.03022271,,,1.0,1.0
2025-04-26 00:00:00,0.0,0.0,167841.703852836,0.0,0.0,0.0,0.0,0.0,0.0,-0.67381725916,-0.67381725916,-0.299170907324,-0.299170907324,0.0,0.0,0.0,0.0,0.0,2.8696184e-05,66749067.645676404,989910.0,3.0,0.0,0.0
2025-04-26 04:00:00,,,167205.191261037,0.0,0.0,0.0,0.0,0.0,0.0,,,-0.287799796519,-0.287799796519,0.0,0.0,0.124007936508,0.0,2.0,2.8425774e-05,66349933.881617226,,,2.0,2.0
2025-04-26 08:00:00,,,160065.299063359,0.894863665104,0.894863665104,0.0,0.894863665104,0.0,0.0,,,-0.304694663981,-0.304694663981,0.0,0.0,0.048449612403,0.0,1.0,2.8576862e-05,63958582.78702753,,,0.0,0.0
2025-04-26 12:00:00,,,162212.699562584,-0.027143359184,-0.027143359184,0.740972042084,0.713828682899,0.09602765995,0.09602765995,,,0.096323183778,0.096323183778,0.09602765995,0.0,0.119206773619,0.0,2.0,-0.000140669468,64997119.565584324,,,1.0,1.0
2025-04-26 16:00:00,,,162191.428400054,0.0,0.0,0.0,0.0,-0.09602765995,-0.09602765995,,,-0.309816128816,-0.309816128816,-0.09602765995,0.0,0.0,0.0,0.0,-1.5830011e-05,64966273.794346854,,,0.0,0.0
2025-04-26 20:00:00,,,164088.535703908,0.0,0.0,0.0,0.0,0.0,0.0,,,-0.295906533631,-0.295906533631,0.0,0.0,0.0,0.0,0.0,-1.0304051e-05,66590536.154118925,,,0.0,0.0
2025-04-27 00:00:00,0.0,0.0,159635.186720868,0.713828682899,0.713828682899,0.0,0.713828682899,0.146708924923,0.146708924923,-0.637207065977,-0.637207065977,0.542786166785,0.542786166785,0.146708924923,0.0,0.314382760503,0.0,4.0,-0.000197099765,64796583.938543476,988615.0,4.0,3.0,3.0
2025-04-27 04:00:00,,,157222.87759878,0.0,0.0,0.0,0.0,-0.128036879933,-0.128036879933,,,-0.175518005071,-0.175518005071,-0.128036879933,0.0,0.0,0.0,0.0,-0.000201269117,64454554.09157402,,,0.0,0.0
2025-04-27 08:00:00,,,158081.172835035,0.0,0.0,0.0,0.0,-0.01867204499,-0.01867204499,,,-0.11857452465,-0.11857452465,-0.01867204499,0.0,0.0,0.0,0.0,-0.00023394341,65017675.5082786,,,0.0,0.0
2025-04-27 12:00:00,,,159835.940901829,0.713828682899,0.713828682899,0.0,0.713828682899,0.149376359922,0.149376359922,,,1.217233679874,1.217233679874,0.149376359922,0.0,0.138565891473,0.0,3.0,-1.7585064e-05,64867837.089247465,,,2.0,2.0
2025-04-27 16:00:00,,,158111.51176764,0.0,0.0,0.0,0.0,-0.128036879933,-0.128036879933,,,-0.206814033554,-0.206814033554,-0.128036879933,0.0,0.0,0.0,0.0,-0.00016212727,66217593.60158359,,,0.0,0.0
2025-04-27 20:00:00,,,161490.876106397,0.0,0.0,0.0,0.0,-0.021339479989,-0.021339479989,,,-0.212049218802,-0.212049218802,-0.021339479989,0.0,0.032552083333,0.0,1.0,-0.000133490333,65776775.825521454,,,0.0,0.0
2025-04-28 00:00:00,0.0,0.0,158208.763497908,0.0,0.0,0.0,0.0,0.0,0.0,-0.598925642124,-0.598925642124,-0.212049218802,-0.212049218802,0.0,0.0,0.0,0.0,0.0,-0.000328842742,65110836.681924835,988951.0,8.0,0.0,0.0
2025-04-28 04:00:00,,,162323.145686916,0.0,0.0,0.0,0.0,0.0,0.0,,,-0.212049218802,-0.212049218802,0.0,0.0,0.092592592593,0.0,2.0,-0.00038640851,66078050.65001581,,,2.0,2.0
2025-04-28 08:00:00,,,168100.08730709058,0.0,0.0,0.0,0.0,0.0,0.0,,,-0.212049218802,-0.212049218802,0.0,0.0,0.228579114282,0.0,19.0,-4.8411591e-05,68363364.90408294,,,4.0,4.0
2025-04-28 12:00:00,,,158438.873690481,-0.725765824318,-0.725765824318,0.725765824318,0.0,0.0,0.0,,,-0.894543989727,-0.894543989727,0.0,0.0,0.038409798924,0.0,2.0,-0.00059250821,65463240.98311616,,,1.0,1.0
2025-04-28 16:00:00,,,158438.873690481,1.683232724667,1.683232724667,0.0,1.683232724667,0.045346394976,0.045346394976,,,0.513135171678,0.513135171678,0.045346394976,0.0,0.032081655216,0.0,2.0,2.4466613e-05,67336096.03820455,,,1.0,1.0
2025-04-28 20:00:00,,,158438.873690481,0.0,0.0,0.0,0.0,-0.045346394976,-0.045346394976,,,-0.181415637631,-0.181415637631,-0.045346394976,0.0,0.033602150538,0.0,1.0,2.4015804e-05,67961719.2473344,,,0.0,0.0
2025-04-29 00:00:00,0.0,0.0,165667.7749664466,0.0,0.0,0.0,0.0,0.0,0.0,-0.540859465879,-0.540859465879,-0.162879760117,-0.162879760117,0.0,0.0,0.0,0.0,0.0,2.9210211e-05,68584129.17705405,989504.0,6.0,0.0,0.0
2025-04-29 04:00:00,,,168662.434304535,0.0,0.0,0.0,0.0,0.0,0.0,,,-0.144343882602,-0.144343882602,0.0,0.0,0.0,0.0,0.0,2.6428694e-05,69754141.69109017,,,0.0,0.0
2025-04-29 08:00:00,,,170505.26092790137,0.833840787411,0.833840787411,0.0,0.833840787411,0.0,0.0,,,-0.144343882602,-0.144343882602,0.0,0.0,0.044326241135,0.0,1.0,-4.2637532e-05,69868619.8792545,,,0.0,0.0
2025-04-29 12:00:00,,,165106.048827828,1.427657365799,1.427657365799,0.0,1.427657365799,0.167541291588,0.167541291588,,,1.163945677095,1.163945677095,0.167541291588,0.0,0.098602259862,0.0,4.0,1.8828322e-05,67635490.95774335,,,3.0,3.0
2025-04-29 16:00:00,,,167563.459442601,-0.017799079418,-0.017799079418,0.731627762318,0.713828682899,-0.054685466484,-0.054685466484,,,0.386687366354,0.386687366354,-0.054685466484,0.0,0.11872414384,0.0,4.0,-9.5396412e-05,68365202.09069353,,,3.0,3.0
2025-04-29 20:00:00,,,162210.376672575,0.0,0.0,0.0,0.0,-0.049884638214,-0.049884638214,,,-0.176808231264,-0.176808231264,-0.049884638214,0.0,0.068551047336,0.0,2.0,-0.000213297585,66396603.37753634,,,2.0,2.0
2025-04-30 00:00:00,0.0,0.0,163285.544202983,0.0,0.0,0.0,0.0,0.0,0.0,-0.589478145234,-0.589478145234,-0.176808231264,-0.176808231264,0.0,0.0,0.0,0.0,0.0,-0.000167297068,66030112.683121055,990378.0,4.0,0.0,0.0
2025-04-30 04:00:00,,,158883.68916491,0.0,0.0,0.0,0.0,0.0,0.0,,,-0.125634070186,-0.125634070186,0.0,0.0,0.077756327756,0.0,2.0,-0.000175669691,63941009.10485174,,,2.0,2.0
2025-04-30 08:00:00,,,155962.289681469,0.0,0.0,0.0,0.0,0.0,0.0,,,-0.125634070186,-0.125634070186,0.0,0.0,0.0,0.0,0.0,-6.9409186e-05,64894119.704042196,,,0.0,0.0
2025-04-30 12:00:00,,,151420.770003999,0.0,0.0,0.0,0.0,0.0,0.0,,,-0.125634070186,-0.125634070186,0.0,0.0,0.015903307888,0.0,1.0,-1.9099798e-05,61119817.72178646,,,0.0,0.0
2025-04-30 16:00:00,,,191881.52653553797,0.713828682899,0.713828682899,0.0,0.713828682899,0.125369444934,0.125369444934,,,0.474741166032,0.474741166032,0.125369444934,0.0,0.041666666667,0.0,2.0,-0.000143394278,60195905.216525465,,,1.0,1.0
2025-04-30 20:00:00,,,201486.304585667,0.0,0.0,0.0,0.0,-0.125369444934,-0.125369444934,,,-0.160339613916,-0.160339613916,-0.125369444934,0.0,0.032552083333,0.0,1.0,-1.9857242e-05,62022858.89818916,,,1.0,1.0
2025-05-01 00:00:00,0.0,0.0,199345.344780139,0.0,0.0,0.0,0.0,0.0,0.0,-0.655414799285,-0.655414799285,-0.201234812046,-0.201234812046,0.0,0.0,0.076878324468,0.0,2.0,4.072716e-06,60267075.51876494,989419.0,8.0,2.0,2.0
2025-05-01 04:00:00,,,202518.130459539,0.0,0.0,0.0,0.0,0.0,0.0,,,-0.189342343428,-0.189342343428,0.0,0.0,0.0,0.0,0.0,-0.000193460062,60389359.43242261,,,0.0,0.0
2025-05-01 08:00:00,,,208307.371321358,0.799420773983,0.799420773983,0.0,0.799420773983,0.13337174993,0.13337174993,,,0.537893788378,0.537893788378,0.13337174993,0.0,0.024224806202,0.0,1.0,-0.000252744431,60783839.966978766,,,1.0,1.0
2025-05-01 12:00:00,,,209755.936855419,-1.798901557922,-1.798901557922,1.798901557922,0.0,-0.141517626107,-0.141517626107,,,-1.657889358114,-1.657889358114,-0.141517626107,0.0,0.126257485572,0.0,5.0,-7.1232961e-05,60070440.8772157,,,4.0,4.0
2025-05-01 16:00:00,,,210645.365636423,0.0,0.0,0.0,0.0,0.059197998614,0.059197998614,,,-0.001181640166,-0.001181640166,0.059197998614,0.0,0.034153005464,0.0,1.0,-0.000100483014,59216269.94521818,,,0.0,0.0
2025-05-01 20:00:00,,,209569.834739671,0.0,0.0,0.0,0.0,0.0,0.0,,,-0.001181640166,-0.001181640166,0.0,0.0,0.129229323308,0.0,2.0,-0.000216554003,59785274.29143429,,,1.0,1.0
2025-05-02 00:00:00,0.0,0.0,212043.20592577098,0.724502086639,0.724502086639,0.0,0.724502086639,0.09602765995,0.09602765995,-0.536552438897,-0.536552438897,0.33204955257,0.33204955257,0.09602765995,0.0,0.063131313131,0.0,1.0,-0.000123012368,59921084.56853034,987626.0,3.0,1.0,1.0
2025-05-02 04:00:00,,,211531.71319746,0.0,0.0,0.0,0.0,-0.09602765995,-0.09602765995,,,0.050587015706,0.050587015706,-0.09602765995,0.0,0.0,0.0,0.0,-8.9487296e-05,58197388.78841922,,,0.0,0.0
2025-05-02 08:00:00,,,211523.753518314,0.0,0.0,0.0,0.0,0.0,0.0,,,0.045218103326,0.045218103326,0.0,0.0,0.0,0.0,0.0,-0.000152679903,59351899.044612736,,,0.0,0.0
2025-05-02 12:00:00,,,207441.641937558,0.707016587257,0.707016587257,0.0,0.707016587257,0.0,0.0,,,0.045218103326,0.045218103326,0.0,0.0,0.056357419511,0.0,2.0,-0.000103539644,59771625.78242043,,,0.0,0.0
2025-05-02 16:00:00,,,207504.082067488,0.755881488323,0.755881488323,0.0,0.755881488323,0.034676654982,0.034676654982,,,0.395344153483,0.395344153483,0.034676654982,0.0,0.041666666667,0.0,2.0,-8.9565433e-05,59228280.19981195,,,1.0,1.0
2025-05-02 20:00:00,,,203564.465823725,0.86083573103,0.86083573103,0.0,0.86083573103,0.109364834943,0.109364834943,,,0.430402908883,0.430402908883,0.109364834943,0.0,0.05081300813,0.0,1.0,-0.000354607724,60836759.433802,,,1.0,1.0
2025-05-03 00:00:00,0.0,0.0,203265.690252969,0.0,0.0,0.0,0.0,-0.128036879933,-0.128036879933,-0.560811925082,-0.560811925082,-0.008166178396,-0.008166178396,-0.128036879933,0.0,0.0,0.0,0.0,-0.000427622306,60816728.44241491,987271.0,4.0,0.0,0.0
2025-05-03 04:00:00,,,200424.43046203,0.745640039444,0.745640039444,0.0,0.745640039444,-0.016004609992,-0.016004609992,,,0.335783817643,0.335783817643,-0.016004609992,0.049603174603,0.222605519481,1.0,8.0,-0.000220422954,60605721.8909287,,,1.0,1.0
2025-05-03 08:00:00,,,199505.135474815,0.0,0.0,0.0,0.0,0.0,0.0,,,-0.009165036337,-0.009165036337,0.0,0.0,0.120563271605,0.0,2.0,-0.000356395803,60145312.43391061,,,2.0,2.0
2025-05-03 12:00:00,,,199503.739288664,0.020658910275,0.020658910275,0.773222208023,0.793881118298,0.034676654982,0.034676654982,,,0.000187840283,0.000187840283,0.034676654982,0.0,0.090744101633,0.0,3.0,-0.000322671744,60815856.08144177,,,1.0,1.0
2025-05-03 16:00:00,,,195050.66589744,0.0,0.0,0.0,0.0,-0.034676654982,-0.034676654982,,,-0.009821309671,-0.009821309671,-0.034676654982,0.0,0.0,0.0,0.0,-0.000338541729,60400830.82338453,,,0.0,0.0
2025-05-03 20:00:00,,,191306.562380753,0.0,0.0,0.0,0.0,0.0,0.0,,,-0.009821309671,-0.009821309671,0.0,0.0,0.0,0.0,0.0,-0.000364761023,59619486.605746575,,,0.0,0.0
2025-05-04 00:00:00,0.0,0.0,187568.658265468,0.0,0.0,0.0,0.0,0.0,0.0,-0.436368822423,-0.436368822423,-0.193969713816,-0.193969713816,0.0,0.0,0.0,0.0,0.0,-0.000408056752,57883339.07364807,986840.0,11.0,0.0,0.0
2025-05-04 04:00:00,,,180069.971541226,0.75072491169,0.75072491169,0.0,0.75072491169,0.082690484957,0.082690484957,,,1.124508267964,1.124508267964,0.082690484957,0.0,0.263441250484,0.0,7.0,-0.00021822946,57672773.645260565,,,2.0,2.0
2025-05-04 08:00:00,,,176557.040752087,0.0,0.0,0.0,0.0,-0.082690484957,-0.082690484957,,,-0.282243875361,-0.282243875361,-0.082690484957,0.0,0.319784406915,0.0,7.0,-9.3538736e-05,56956062.244650625,,,7.0,7.0
2025-05-04 12:00:00,,,172730.33668662762,0.0,0.0,0.0,0.0,0.0,0.0,,,-0.266397675935,-0.266397675935,0.0,0.0,0.03591954023,0.0,1.0,-0.00014691381,56371107.86561408,,,0.0,0.0
2025-05-04 16:00:00,,,171755.257446099,0.0,0.0,0.0,0.0,0.0,0.0,,,-0.250551476509,-0.250551476509,0.0,0.0,0.027777777778,0.0,1.0,-0.000301643375,56347852.62191314,,,1.0,1.0
2025-05-04 20:00:00,,,153091.721222798,0.908723890781,0.908723890781,0.0,0.908723890781,0.0,0.0,,,-0.250551476509,-0.250551476509,0.0,0.0,0.153118274146,0.0,3.0,-0.000219005572,56624472.58521539,,,1.0,1.0
2025-05-05 00:00:00,0.0,0.0,151944.500787231,0.0,0.0,0.0,0.0,0.0,0.0,-0.256207768381,-0.256207768381,-0.250551476509,-0.250551476509,0.0,0.0,0.0,0.0,0.0,-0.000215728584,56067098.70647758,987047.0,13.0,0.0,0.0
2025-05-05 04:00:00,,,155245.68593165,1.782998204231,1.782998204231,0.0,1.782998204231,0.040011524979,0.040011524979,,,1.342887132307,1.342887132307,0.040011524979,0.0,0.194681429979,0.0,5.0,-0.000144132893,55934451.712105945,,,4.0,4.0
2025-05-05 08:00:00,,,156216.475177526,0.789061009884,0.789061009884,0.0,0.789061009884,-0.020361127069,-0.020361127069,,,0.350947021248,0.350947021248,-0.020361127069,0.0,0.094479909608,0.0,4.0,-0.000195551199,54227308.065021776,,,2.0,2.0
2025-05-05 12:00:00,,,156115.752154879,0.817510247231,0.817510247231,0.0,0.817510247231,-0.056016134971,-0.056016134971,,,0.402770443991,0.402770443991,-0.056016134971,0.0,0.129303238293,0.0,5.0,-0.000125887075,53715572.00543291,,,2.0,2.0
2025-05-05 16:00:00,,,163506.68477789,0.0,0.0,0.0,0.0,0.0,0.0,,,-0.300694433579,-0.300694433579,0.0,0.0,0.102880658436,0.0,4.0,-0.000119081077,56266598.20146944,,,3.0,3.0
2025-05-05 20:00:00,,,162013.55949828977,0.0,0.0,0.0,0.0,0.0,0.0,,,-0.285913857709,-0.285913857709,0.0,0.0,0.104892855472,0.0,3.0,-8.09222e-06,55729688.75237873,,,2.0,2.0
2025-05-06 00:00:00,0.0,0.0,164867.173824493,0.906881213188,0.906881213188,0.0,0.906881213188,0.0,0.0,-0.645912534107,-0.645912534107,-0.284947044009,-0.284947044009,0.0,0.0,0.093330014933,0.0,2.0,-8.5323826e-05,57945772.83238227,987807.0,16.0,1.0,1.0
2025-05-06 04:00:00,,,163894.955857798,0.837549567223,0.837549567223,0.0,0.837549567223,0.0,0.0,,,0.395617156903,0.395617156903,0.0,0.0,0.228665606573,0.0,9.0,-0.000318059456,56941383.835090555,,,1.0,1.0
2025-05-06 08:00:00,,,160010.561160742,-1.728434860706,-1.728434860706,1.728434860706,0.0,0.0,0.0,,,-0.977631975349,-0.977631975349,0.0,0.0,0.082760316178,0.0,3.0,-0.000147058632,55415510.823440254,,,1.0,1.0
2025-05-06 12:00:00,,,160907.53654657438,0.835458397865,0.835458397865,1.695652425289,2.531110823154,0.017976861197,0.017976861197,,,0.682741504745,0.682741504745,0.017976861197,0.0,0.25912896851,0.0,9.0,-0.000284216445,54375959.23623691,,,6.0,6.0
2025-05-06 16:00:00,,,165153.36781635758,-1.821435570717,-1.821435570717,1.821435570717,0.0,-0.212459946157,-0.212459946157,,,-1.786600407245,-1.786600407245,-0.212459946157,0.0,0.143681675465,0.0,5.0,3.0523823e-05,55462394.79801403,,,5.0,5.0
2025-05-06 20:00:00,,,166555.231709361,0.0,0.0,0.0,0.0,0.180641255034,0.180641255034,,,0.022334869326,0.022334869326,0.180641255034,0.0,0.074169777012,0.0,2.0,2.0684401e-05,55663409.9009346,,,2.0,2.0
2025-05-07 00:00:00,0.0,0.0,167115.189568845,0.83563297987,0.83563297987,0.0,0.83563297987,0.144041489925,0.144041489925,-0.531092654831,-0.531092654831,0.395745449839,0.395745449839,0.144041489925,0.0,0.124853403784,0.0,4.0,-2.3519112e-05,54912284.58110808,988421.0,11.0,4.0,4.0
2025-05-07 04:00:00,,,167825.646693939,-0.976330518723,-0.976330518723,0.976330518723,0.0,-0.188550138478,-0.188550138478,,,-0.216183621134,-0.216183621134,-0.188550138478,0.0,0.041666666667,0.0,1.0,-2.6475093e-05,55681717.096526675,,,1.0,1.0
2025-05-07 08:00:00,,,167178.234606537,-0.857672810555,-0.857672810555,1.650610983372,0.792938172817,-0.031691437403,-0.031691437403,,,-0.174803283767,-0.174803283767,-0.031691437403,0.0,0.149733733902,0.0,7.0,-2.749543e-06,58155083.100919925,,,2.0,2.0
2025-05-07 12:00:00,,,163115.339799743,0.172454953194,0.172454953194,0.761756539345,0.934211492538,0.14770980997,0.14770980997,,,0.024058518091,0.024058518091,0.14770980997,0.0,0.107189533022,0.0,6.0,-0.000146972894,56056546.559561774,,,1.0,1.0
2025-05-07 16:00:00,,,161175.492272789,1.621311187744,1.621311187744,0.0,1.621311187744,0.053348699972,0.053348699972,,,0.200650072673,0.200650072673,0.053348699972,0.0,0.124406591857,0.0,5.0,-3.5270865e-05,55501582.67309323,,,1.0,1.0
2025-05-07 20:00:00,,,163446.611655305,-0.799384713173,-0.799384713173,0.799384713173,0.0,-0.21072736489,-0.21072736489,,,-0.1304780603,-0.1304780603,-0.21072736489,0.0,0.137706398349,0.0,3.0,2.532752e-06,57594677.802661665,,,2.0,2.0
2025-05-08 00:00:00,0.0,0.0,170472.43767889962,1.552447319031,1.552447319031,0.0,1.552447319031,0.122199360089,0.122199360089,-0.038756024488,-0.038756024488,0.384395800162,0.384395800162,0.122199360089,0.0,0.113944321261,0.0,2.0,-0.000121229237,65728026.83910214,988586.0,9.0,1.0,1.0
2025-05-08 04:00:00,,,165499.166915947,2.259193301201,2.259193301201,0.0,2.259193301201,0.114766717901,0.114766717901,,,0.214001847616,0.214001847616,0.114766717901,0.0,0.095197694462,0.0,3.0,-0.000137321905,65823449.74929185,,,1.0,1.0
2025-05-08 08:00:00,,,164510.75355365238,0.781948447227,0.781948447227,0.0,0.781948447227,-0.037444590981,-0.037444590981,,,0.20728461857,0.20728461857,-0.037444590981,0.0,0.050551470588,0.0,2.0,2.929194e-06,65694854.801642,,,1.0,1.0
2025-05-08 12:00:00,,,165690.385563146,0.805729389191,0.805729389191,0.0,0.805729389191,-0.098695094948,-0.098695094948,,,0.028027082679,0.028027082679,-0.098695094948,0.0,0.02147766323,0.0,1.0,3.206501e-05,66059475.87616772,,,0.0,0.0
2025-05-08 16:00:00,,,177226.085458829,0.868109107018,0.868109107018,0.0,0.868109107018,0.0,0.0,,,0.034221301881,0.034221301881,0.0,0.0,0.034722222222,0.0,1.0,-4.03148e-06,71820005.54387423,,,0.0,0.0
2025-05-08 20:00:00,,,171568.582939545,1.555486857891,1.555486857891,0.0,1.555486857891,0.156382490572,0.156382490572,,,0.837132587619,0.837132587619,0.156382490572,0.0,0.163579805467,0.0,7.0,2.6860552e-05,71345693.89522538,,,6.0,6.0
2025-05-09 00:00:00,0.0,0.0,184656.708099601,3.256098389626,3.256098389626,0.0,3.256098389626,0.076964011267,0.076964011267,0.242525634168,0.242525634168,0.786566322327,0.786566322327,0.076964011267,0.0,0.151513784423,0.0,5.0,3.3551396e-05,76190192.93987598,990479.0,14.0,4.0,4.0
2025-05-09 04:00:00,,,204076.2005657488,0.772431313992,0.772431313992,0.0,0.772431313992,-0.155700583209,-0.155700583209,,,0.050288260863,0.050288260863,-0.155700583209,0.0,0.054071709873,0.0,3.0,3.3562283e-05,88481266.55283771,,,1.0,1.0
2025-05-09 08:00:00,,,190704.41039077542,1.676395475864,1.676395475864,0.734674096107,2.411069571972,0.040092851626,0.040092851626,,,0.972228222351,0.972228222351,0.040092851626,0.015432098765,0.136333067885,1.0,7.0,3.31987e-05,80218372.20403166,,,5.0,5.0
2025-05-09 12:00:00,,,178727.009147778,0.0,0.0,0.0,0.0,-0.112482703039,-0.112482703039,,,-0.312821274363,-0.312821274363,-0.112482703039,0.0,0.007575757576,0.0,1.0,3.3710513e-05,75849336.11345454,,,1.0,1.0
2025-05-09 16:00:00,,,181049.329741243,2.259819924831,2.259819924831,0.0,2.259819924831,0.03734408998,0.03734408998,,,0.151353237329,0.151353237329,0.03734408998,0.0,0.065651260504,0.0,3.0,3.3337356e-05,75938217.6383541,,,1.0,1.0
2025-05-09 20:00:00,,,180156.855729686,0.0,0.0,0.0,0.0,-0.056016134971,-0.056016134971,,,-0.343157509069,-0.343157509069,-0.056016134971,0.0,0.088183421517,0.0,2.0,3.3047301e-05,76313163.54243381,,,2.0,2.0
2025-05-10 00:00:00,0.0,0.0,196930.485529063,0.862535774708,0.862535774708,0.0,0.862535774708,0.085357919955,0.085357919955,-0.281194248667,-0.281194248667,-0.103801678838,-0.103801678838,0.085357919955,0.0,0.022401433692,0.0,1.0,3.4270046e-05,91179284.64604576,990257.0,9.0,1.0,1.0
2025-05-10 04:00:00,,,188543.872110975,0.0,0.0,0.0,0.0,-0.085357919955,-0.085357919955,,,-0.364538549275,-0.364538549275,-0.085357919955,0.0,0.437049478118,0.0,20.0,3.3930083e-05,84265597.17207435,,,0.0,0.0
2025-05-10 08:00:00,,,182791.317683944,0.798099339008,0.798099339008,0.0,0.798099339008,0.0,0.0,,,-0.36064170482,-0.36064170482,0.0,0.0,0.197016206322,0.0,8.0,3.2872323e-05,79482784.90089683,,,2.0,2.0
2025-05-10 12:00:00,,,178797.124381743,0.0,0.0,0.0,0.0,0.0,0.0,,,-0.363845135627,-0.363845135627,0.0,0.0,0.045752215891,0.0,2.0,3.3067562e-05,81570191.2058275,,,1.0,1.0
2025-05-10 16:00:00,,,190232.90613787618,2.514413654804,2.514413654804,0.0,2.514413654804,0.173011023721,0.173011023721,,,0.365762771448,0.365762771448,0.173011023721,0.0,0.151172968262,0.0,7.0,-2.6333084e-05,87508016.91077577,,,4.0,4.0
2025-05-10 20:00:00,,,178988.762001211,0.0,0.0,0.0,0.0,-0.154061422958,-0.154061422958,,,-0.379749685607,-0.379749685607,-0.154061422958,0.0,0.030637254902,0.0,1.0,3.3128153e-05,91654304.7184757,,,1.0,1.0
2025-05-11 00:00:00,0.0,0.0,176636.281564544,0.0,0.0,0.0,0.0,-0.010669739994,-0.010669739994,-0.536073903166,-0.536073903166,-0.368128782097,-0.368128782097,-0.010669739994,0.0,0.0,0.0,0.0,3.3035132e-05,93905069.0850172,988438.0,2.0,0.0,0.0
2025-05-11 04:00:00,,,141805.224088219,0.0,0.0,0.0,0.0,0.0,0.0,,,-0.368128782097,-0.368128782097,0.0,0.0,0.0,0.0,0.0,3.2811954e-05,86399087.15579183,,,0.0,0.0
2025-05-11 08:00:00,,,152738.569646925,0.0,0.0,0.0,0.0,0.0,0.0,,,-0.351604617041,-0.351604617041,0.0,0.0,0.0,0.0,0.0,3.1759114e-05,88125186.29119332,,,0.0,0.0
2025-05-11 12:00:00,,,149061.719480056,0.0,0.0,0.0,0.0,0.0,0.0,,,-0.320965063832,-0.320965063832,0.0,0.0,0.040374677003,0.0,2.0,3.253702e-05,84359832.25919533,,,2.0,2.0
2025-05-11 16:00:00,,,144006.25936812838,0.0,0.0,0.0,0.0,0.0,0.0,,,-0.275544724721,-0.275544724721,0.0,0.0,0.034722222222,0.0,1.0,3.2592349e-05,84439199.47926547,,,1.0,1.0
2025-05-11 20:00:00,,,138284.4553422722,0.0,0.0,0.0,0.0,0.0,0.0,,,-0.246734371029,-0.246734371029,0.0,0.0,0.033602150538,0.0,1.0,3.2266183e-05,86482945.3074305,,,1.0,1.0
2025-05-12 00:00:00,0.0,0.0,138336.60503588163,0.0,0.0,0.0,0.0,0.0,0.0,-0.01599407816,-0.01599407816,-0.251873119974,-0.251873119974,0.0,0.0,0.026371308017,0.0,1.0,-4.8044395e-05,85949084.39588945,986904.0,10.0,1.0,1.0
2025-05-12 04:00:00,,,140131.079384152,0.0,0.0,0.0,0.0,0.0,0.0,,,-0.22498391758,-0.22498391758,0.0,0.0,0.085973069844,0.0,2.0,1.2499114e-05,87148655.54789361,,,2.0,2.0
2025-05-12 08:00:00,,,127953.44236965998,1.427657365799,1.427657365799,0.0,1.427657365799,0.165571339243,0.165571339243,,,2.1161246591,2.1161246591,0.165571339243,0.0,0.128981446591,0.0,6.0,3.3639664e-05,82867374.68639429,,,6.0,6.0
2025-05-12 12:00:00,,,124344.696291715,2.261039018631,2.261039018631,0.0,2.261039018631,0.076334886816,0.076334886816,,,1.559985280967,1.559985280967,0.076334886816,0.0,0.078607775946,0.0,5.0,3.3498608e-05,80754621.43284863,,,5.0,5.0
2025-05-12 16:00:00,,,128815.21287378398,2.137338519096,2.137338519096,0.0,2.137338519096,-0.130243807205,-0.130243807205,,,0.643069677631,0.643069677631,-0.130243807205,0.0,0.088977620034,0.0,4.0,-4.038219e-06,78755030.19516562,,,3.0,3.0
2025-05-12 20:00:00,,,131510.170060916,1.464087247849,1.464087247849,0.0,1.464087247849,-0.02781259997,-0.02781259997,,,0.274884429253,0.274884429253,-0.02781259997,0.0,0.073611534166,0.0,2.0,-3.840378e-05,78541815.43473835,,,2.0,2.0
2025-05-13 00:00:00,0.0,0.0,129278.3377021174,0.0,0.0,0.0,0.0,-0.110392804391,-0.110392804391,-0.359797000485,-0.359797000485,-0.3911829902,-0.3911829902,-0.110392804391,0.0,0.0,0.0,0.0,-8.7189852e-05,75326475.06949839,988225.0,7.0,0.0,0.0
2025-05-13 04:00:00,,,129945.967660128,0.713828682899,0.713828682899,0.0,0.713828682899,0.138706619927,0.138706619927,,,-0.040324659844,-0.040324659844,0.138706619927,0.0,0.031565656566,0.0,1.0,-6.438044e-06,77889249.42508894,,,1.0,1.0
2025-05-13 08:00:00,,,130435.595954121,1.427657365799,1.427657365799,0.0,1.427657365799,0.051952135109,0.051952135109,,,0.886580840259,0.886580840259,0.051952135109,0.0,0.162124388865,0.0,7.0,3.3542469e-05,77599260.95355512,,,7.0,7.0
2025-05-13 12:00:00,,,130868.863472505,0.0,0.0,0.0,0.0,-0.170265269069,-0.170265269069,,,-0.415515339007,-0.415515339007,-0.170265269069,0.0,0.0,0.0,0.0,3.3431807e-05,78066734.91728023,,,0.0,0.0
2025-05-13 16:00:00,,,135592.684673499,1.415559947491,1.415559947491,0.0,1.415559947491,-0.017693694722,-0.017693694722,,,0.643812611052,0.643812611052,-0.017693694722,0.0,0.095706876752,0.0,5.0,2.0035226e-05,80711764.06261367,,,4.0,4.0
2025-05-13 20:00:00,,,133172.874413138,0.0,0.0,0.0,0.0,-0.053348699972,-0.053348699972,,,-0.430029218633,-0.430029218633,-0.053348699972,0.0,0.022163120567,0.0,1.0,3.3019778e-05,80191477.9312934,,,1.0,1.0
2025-05-14 00:00:00,0.0,0.0,130630.55436140098,0.0,0.0,0.0,0.0,0.0,0.0,-0.236774996621,-0.236774996621,-0.430029218633,-0.430029218633,0.0,0.0,0.029342723005,0.0,1.0,3.2909169e-05,78477757.8725749,989955.0,8.0,1.0,1.0
2025-05-14 04:00:00,,,130917.66573711802,0.0,0.0,0.0,0.0,0.0,0.0,,,-0.430029218633,-0.430029218633,0.0,0.0,0.0,0.0,0.0,3.3218428e-05,76781751.66004601,,,0.0,0.0
2025-05-14 08:00:00,,,129163.69064116599,0.862347602844,0.862347602844,0.0,0.862347602844,0.0,0.0,,,-0.109293497656,-0.109293497656,0.0,0.0,0.112965280044,0.0,3.0,2.8436074e-05,75908146.68915175,,,2.0,2.0
2025-05-14 12:00:00,,,127085.81220916801,0.713828682899,0.713828682899,0.0,0.713828682899,0.077355614959,0.077355614959,,,-0.193024900793,-0.193024900793,0.077355614959,0.0,0.121265006806,0.0,6.0,-9.4777611e-05,74624772.58837798,,,4.0,4.0
2025-05-14 16:00:00,,,125354.846622412,2.127884507179,2.127884507179,0.0,2.127884507179,0.117306659596,0.117306659596,,,0.543507132316,0.543507132316,0.117306659596,0.0,0.163323596783,0.0,6.0,-0.000147240309,73388642.54288521,,,6.0,6.0
2025-05-14 20:00:00,,,125637.54471296901,1.577784717083,1.577784717083,0.0,1.577784717083,-0.138982830556,-0.138982830556,,,0.035276274342,0.035276274342,-0.138982830556,0.0,0.060481063771,0.0,2.0,-7.1246581e-05,73218916.06755221,,,1.0,1.0
2025-05-15 00:00:00,0.0,0.0,119336.537091755,0.0,0.0,0.0,0.0,-0.043013347906,-0.043013347906,-0.33939824736,-0.33939824736,-0.493806833377,-0.493806833377,-0.043013347906,0.0,0.041666666667,0.0,1.0,-0.000165476503,70390262.5502517,989985.0,5.0,1.0,1.0
2025-05-15 04:00:00,,,116235.54403679699,0.0,0.0,0.0,0.0,0.0,0.0,,,-0.452610497653,-0.452610497653,0.0,0.0,0.0,0.0,0.0,-0.000106626821,68991714.38123594,,,0.0,0.0
2025-05-15 08:00:00,,,102346.555418007,0.0,0.0,0.0,0.0,0.0,0.0,,,-0.398506318403,-0.398506318403,0.0,0.0,0.0,0.0,0.0,-0.000176131389,68540745.31191151,,,0.0,0.0
2025-05-15 12:00:00,,,107380.0184579716,0.713828682899,0.713828682899,0.0,0.713828682899,0.064018439966,0.064018439966,,,0.236751391955,0.236751391955,0.064018439966,0.0,0.086523087888,0.0,3.0,-7.0319903e-05,69122417.71205248,,,2.0,2.0
2025-05-15 16:00:00,,,102903.243067032,4.096441268921,4.096441268921,0.0,4.096441268921,0.189947827101,0.189947827101,,,1.21288951258,1.21288951258,0.189947827101,0.0,0.33037617749,0.0,10.0,-8.6245546e-05,69096004.97314331,,,5.0,5.0
2025-05-15 20:00:00,,,101618.607234865,0.86114180088,0.86114180088,0.0,0.86114180088,-0.121454198685,-0.121454198685,,,-0.089790994192,-0.089790994192,-0.121454198685,0.0,0.021701388889,0.0,1.0,-0.000177495299,69245281.90349539,,,1.0,1.0
2025-05-16 00:00:00,0.0,0.0,105759.46097233,0.0,0.0,0.0,0.0,-0.141677268237,-0.141677268237,-0.381549696683,-0.381549696683,-0.43479343683,-0.43479343683,-0.141677268237,0.0,0.109649122807,0.0,1.0,-0.000292536618,68875623.26761937,983298.0,6.0,1.0,1.0
2025-05-16 04:00:00,,,105245.62705344,0.736831486225,0.736831486225,0.0,0.736831486225,0.056016134971,0.056016134971,,,-0.134583475677,-0.134583475677,0.056016134971,0.0,0.087871962872,0.0,2.0,-2.1323197e-05,68753415.8034645,,,2.0,2.0
2025-05-16 08:00:00,,,104937.75627110901,0.0,0.0,0.0,0.0,-0.058683569969,-0.058683569969,,,-0.460163494703,-0.460163494703,-0.058683569969,0.0,0.073302469136,0.0,2.0,1.6204844e-05,69107038.07775712,,,2.0,2.0
2025-05-16 12:00:00,,,104458.980717707,2.212829649448,2.212829649448,0.0,2.212829649448,0.106697399944,0.106697399944,,,1.197270444568,1.197270444568,0.106697399944,0.0,0.25540087038,0.0,8.0,2.7220002e-05,68096808.4186202,,,4.0,4.0
2025-05-16 16:00:00,,,102959.794296128,0.807026863098,0.807026863098,0.0,0.807026863098,-0.106697399944,-0.106697399944,,,-0.138603900364,-0.138603900364,-0.106697399944,0.0,0.090329190241,0.0,3.0,2.9151284e-05,68156476.65971975,,,2.0,2.0
2025-05-16 20:00:00,,,101328.040824739,0.0,0.0,0.0,0.0,0.0,0.0,,,-0.491993776534,-0.491993776534,0.0,0.0,0.0,0.0,0.0,3.860486e-06,66978129.17484079,,,0.0,0.0
2025-05-17 00:00:00,0.0,0.0,99220.69797840391,0.0,0.0,0.0,0.0,0.0,0.0,-0.530128566879,-0.530128566879,-0.461269599417,-0.461269599417,0.0,0.0,0.0,0.0,0.0,-0.000178692307,66077089.738638386,981985.0,2.0,0.0,0.0
2025-05-17 04:00:00,,,98587.1093063679,0.0,0.0,0.0,0.0,0.0,0.0,,,-0.4245414203,-0.4245414203,0.0,0.0,0.0,0.0,0.0,-0.000181423736,64085915.94375915,,,0.0,0.0
2025-05-17 08:00:00,,,98129.19440087858,0.0,0.0,0.0,0.0,0.0,0.0,,,-0.366417583837,-0.366417583837,0.0,0.0,0.0,0.0,0.0,-0.000196962408,65056501.17285143,,,0.0,0.0
2025-05-17 12:00:00,,,99303.7370475878,0.0,0.0,0.0,0.0,0.0,0.0,,,-0.359382087163,-0.359382087163,0.0,0.0,0.137998575499,0.0,2.0,-6.5549293e-05,65524188.45853453,,,2.0,2.0
2025-05-17 16:00:00,,,96620.2988957585,0.0,0.0,0.0,0.0,0.0,0.0,,,-0.359382087163,-0.359382087163,0.0,0.0,0.0,0.0,0.0,-0.000103860035,63927695.34865975,,,0.0,0.0
2025-05-17 20:00:00,,,98197.1336633576,0.872793376446,0.872793376446,0.0,0.872793376446,0.082690484957,0.082690484957,,,0.037793253432,0.037793253432,0.082690484957,0.0,0.056306306306,0.0,1.0,-8.960275e-05,64748712.982938625,,,1.0,1.0
2025-05-18 00:00:00,0.0,0.0,98197.1336633576,0.0,0.0,0.0,0.0,-0.082690484957,-0.082690484957,-0.420681715139,-0.420681715139,-0.360834784796,-0.360834784796,-0.082690484957,0.0,0.136434511435,0.0,2.0,-0.000203470262,65258430.774527706,979906.0,7.0,2.0,2.0
2025-05-18 04:00:00,,,100528.791038988,0.0,0.0,0.0,0.0,0.0,0.0,,,-0.331254468971,-0.331254468971,0.0,0.0,0.0,0.0,0.0,-0.000234146398,65795889.88270585,,,0.0,0.0
2025-05-18 08:00:00,,,99954.3217264824,0.717035710812,0.717035710812,0.0,0.717035710812,0.064018439966,0.064018439966,,,0.123999956754,0.123999956754,0.064018439966,0.0,0.080500894454,0.0,2.0,-0.000231710945,64541112.80426658,,,2.0,2.0
2025-05-18 12:00:00,,,103970.80721866,1.735445141792,1.735445141792,0.700139403343,2.435584545135,-0.103490456689,-0.103490456689,,,0.654074397311,0.654074397311,-0.103490456689,0.0,0.337850943431,0.0,9.0,-0.0002050634,65953714.632867135,,,5.0,5.0
2025-05-18 16:00:00,,,97331.5022818492,0.0,0.0,0.0,0.0,-0.015860716673,-0.015860716673,,,-0.280669456293,-0.280669456293,-0.015860716673,0.0,0.0,0.0,0.0,-2.4673725e-05,61304253.945739515,,,0.0,0.0
2025-05-18 20:00:00,,,98904.5238380043,0.0,0.0,0.0,0.0,0.0,0.0,,,-0.275168977594,-0.275168977594,0.0,0.0,0.033602150538,0.0,1.0,-0.00011530936,63904349.75101275,,,1.0,1.0
2025-05-19 00:00:00,0.0,0.0,95076.3603051388,0.0,0.0,0.0,0.0,0.0,0.0,-0.422418964987,-0.422418964987,-0.261203723116,-0.261203723116,0.0,0.0,0.032552083333,0.0,1.0,1.3664081e-05,61091225.52675806,980897.0,5.0,1.0,1.0
2025-05-19 04:00:00,,,92802.0652682226,-0.934433996677,-0.934433996677,0.934433996677,0.0,-0.056016134971,-0.056016134971,,,-0.907862222705,-0.907862222705,-0.056016134971,0.0,0.030637254902,0.0,1.0,-0.000150809763,61166436.630874746,,,1.0,1.0
2025-05-19 08:00:00,,,92226.955171857,2.17338180542,2.17338180542,0.0,2.17338180542,0.056016134971,0.056016134971,,,1.167331574101,1.167331574101,0.056016134971,0.0,0.180804471359,0.0,14.0,-4.9043215e-05,59910471.58058214,,,1.0,1.0
2025-05-19 12:00:00,,,95350.2453272018,0.0,0.0,0.0,0.0,0.0,0.0,,,-0.187866592302,-0.187866592302,0.0,0.0,0.017507002801,0.0,1.0,-3.251106e-06,61278666.6049153,,,1.0,1.0
2025-05-19 16:00:00,,,94739.4175440128,0.723257601261,0.723257601261,0.0,0.723257601261,0.0,0.0,,,-0.187866592302,-0.187866592302,0.0,0.0,0.020032051282,0.0,1.0,1.953382e-05,61108115.445611745,,,0.0,0.0
2025-05-19 20:00:00,,,94786.1230792038,1.47834956646,1.47834956646,0.0,1.47834956646,0.082690484957,0.082690484957,,,0.264355797255,0.264355797255,0.082690484957,0.0,0.051186017478,0.0,2.0,-0.000112165195,61572027.801473014,,,1.0,1.0
2025-05-20 00:00:00,0.0,0.0,97331.7606710806,0.0,0.0,0.0,0.0,-0.082690484957,-0.082690484957,0.071887279314,0.071887279314,-0.214363943885,-0.214363943885,-0.082690484957,0.0,0.047348484848,0.0,1.0,-0.000115471732,62252361.100234896,982522.0,12.0,1.0,1.0
2025-05-20 04:00:00,,,96397.3907894369,0.0,0.0,0.0,0.0,0.0,0.0,,,-0.214363943885,-0.214363943885,0.0,0.0,0.06252618898,0.0,2.0,-0.000151798502,61160703.153469004,,,2.0,2.0
2025-05-20 08:00:00,,,96397.3907894369,2.1907132864,2.1907132864,0.0,2.1907132864,0.064018439966,0.064018439966,,,1.570243499475,1.570243499475,0.064018439966,0.390019561604,0.538822107462,15.0,21.0,-4.0937698e-05,60737971.35041483,,,6.0,6.0
2025-05-20 12:00:00,,,93463.8530255625,2.665107369423,2.665107369423,0.0,2.665107369423,0.077355614959,0.077355614959,,,0.031211410774,0.031211410774,0.077355614959,0.0,0.127052808151,0.0,5.0,3.1677874e-05,60418723.47960793,,,1.0,1.0
2025-05-20 16:00:00,,,93410.9877741714,2.445394873619,2.445394873619,0.0,2.445394873619,-0.028507688356,-0.028507688356,,,0.411643030338,0.411643030338,-0.028507688356,0.0,0.217815996216,0.0,8.0,-2.6984857e-05,60964542.2316382,,,4.0,4.0
2025-05-20 20:00:00,,,96487.7722955372,0.0,0.0,0.0,0.0,-0.133701826652,-0.133701826652,,,-0.23430963525,-0.23430963525,-0.133701826652,0.0,0.067878028404,0.0,3.0,-0.000108888599,61287709.17801227,,,2.0,2.0
2025-05-21 00:00:00,0.0,0.0,98077.2860470243,0.785298407078,0.785298407078,0.0,0.785298407078,0.09602765995,0.09602765995,-0.444904882453,-0.444904882453,0.667828868625,0.667828868625,0.09602765995,0.0,0.129449514658,0.0,5.0,-2.0805254e-05,63135205.196097836,982155.0,16.0,5.0,5.0
2025-05-21 04:00:00,,,97134.1553240691,0.0,0.0,0.0,0.0,-0.104029964945,-0.104029964945,,,-0.244592529743,-0.244592529743,-0.104029964945,0.0,0.0,0.0,0.0,-0.00031062233,63995018.72738087,,,0.0,0.0
2025-05-21 08:00:00,,,97663.7785369388,0.0,0.0,0.0,0.0,0.0,0.0,,,-0.244592529743,-0.244592529743,0.0,0.036549707602,0.372897429827,2.0,21.0,-0.00014966675,64723182.241340466,,,4.0,4.0
2025-05-21 12:00:00,,,99061.138611987,0.0,0.0,0.0,0.0,0.0,0.0,,,-0.244592529743,-0.244592529743,0.0,0.0,0.102360467024,0.0,6.0,-0.000115645077,63483097.84954146,,,4.0,5.0
2025-05-21 16:00:00,,,97302.250322663,0.0,0.0,0.0,0.0,0.0,0.0,,,-0.257438053619,-0.257438053619,0.0,0.0,0.043281953466,0.0,3.0,2.2435584e-05,60438883.613527544,,,2.0,2.0
2025-05-21 20:00:00,,,96961.5254307123,0.0,0.0,0.0,0.0,0.0,0.0,,,-0.241116373265,-0.241116373265,0.0,0.0,0.079790111436,0.0,3.0,1.6018177e-05,60340150.23964777,,,3.0,3.0
2025-05-22 00:00:00,0.0,0.0,98167.1335494316,0.0,0.0,0.0,0.0,0.0,0.0,-0.480453827252,-0.480453827252,-0.234248532716,-0.234248532716,0.0,0.0,0.0,0.0,0.0,-6.3049497e-05,62318724.72375961,982048.0,6.0,0.0,0.0
2025-05-22 04:00:00,,,96750.7475704625,0.74171847105,0.74171847105,0.0,0.74171847105,0.160046099916,0.160046099916,,,-0.055642730788,-0.055642730788,0.160046099916,0.0,0.022401433692,0.0,1.0,-0.000190607657,63508433.08182897,,,1.0,1.0
2025-05-22 08:00:00,,,99791.9849144867,0.536162674427,0.536162674427,0.891093313694,1.427255988121,-0.029727929349,-0.029727929349,,,-0.149443125803,-0.149443125803,-0.029727929349,0.0,0.055949474486,0.0,3.0,3.2663838e-05,62483629.63704042,,,3.0,3.0
2025-05-22 12:00:00,,,98329.24436125168,0.0,0.0,0.0,0.0,-0.111770533939,-0.111770533939,,,-0.238859817553,-0.238859817553,-0.111770533939,0.0,0.074677221629,0.0,4.0,9.111042e-06,62724535.19484395,,,4.0,4.0
2025-05-22 16:00:00,,,97450.5719693323,0.0,0.0,0.0,0.0,0.0,0.0,,,-0.238859817553,-0.238859817553,0.0,0.0,0.020627062706,0.0,1.0,3.2551451e-05,61655204.26426897,,,1.0,1.0
2025-05-22 20:00:00,,,96512.2821512141,0.0,0.0,0.0,0.0,0.0,0.0,,,-0.228456038501,-0.228456038501,0.0,0.0,0.0,0.0,0.0,-1.6598461e-05,62811224.94094988,,,0.0,0.0
2025-05-23 00:00:00,0.0,0.0,101672.715801046,1.529658377171,1.529658377171,0.0,1.529658377171,0.132458315507,0.132458315507,-0.418174633161,-0.418174633161,0.368114284339,0.368114284339,0.132458315507,0.0,0.077004928315,0.0,2.0,3.2526266e-05,66591498.194909014,984107.0,4.0,2.0,2.0
2025-05-23 04:00:00,,,96151.2620321306,0.0,0.0,0.0,0.0,-0.122780869966,-0.122780869966,,,-0.241763235895,-0.241763235895,-0.122780869966,0.0,0.0,0.0,0.0,3.2379201e-05,62711876.33769491,,,0.0,0.0
2025-05-23 08:00:00,,,94283.63138449794,0.848217368126,0.848217368126,0.0,0.848217368126,0.120034574937,0.120034574937,,,0.17858772779,0.17858772779,0.120034574937,0.0,0.052742616034,0.0,2.0,-4.961916e-05,60440003.39577544,,,1.0,1.0
2025-05-23 12:00:00,,,93620.15689375182,0.905036628246,0.905036628246,0.0,0.905036628246,-0.120034574937,-0.120034574937,,,0.163097760915,0.163097760915,-0.120034574937,0.0,0.039181165424,0.0,2.0,2.7579681e-05,59052434.26299322,,,1.0,1.0
2025-05-23 16:00:00,,,93814.0246532019,0.0,0.0,0.0,0.0,0.0,0.0,,,-0.295728232085,-0.295728232085,0.0,0.0,0.025100401606,0.0,1.0,3.1612341e-05,58129510.33599376,,,1.0,1.0
2025-05-23 20:00:00,,,88321.9264823191,0.736322760582,0.736322760582,0.0,0.736322760582,0.0,0.0,,,-0.295728232085,-0.295728232085,0.0,0.0,0.084550865801,0.0,3.0,-6.2441227e-05,55057818.363931045,,,1.0,1.0
2025-05-24 00:00:00,0.0,0.0,88256.4197676136,0.0,0.0,0.0,0.0,0.0,0.0,-0.699283564098,-0.699283564098,-0.295728232085,-0.295728232085,0.0,0.0,0.036549707602,0.0,1.0,-0.000199300626,56355531.77042072,979561.0,2.0,1.0,1.0
2025-05-24 04:00:00,,,89302.4994871644,0.0,0.0,0.0,0.0,0.0,0.0,,,-0.295728232085,-0.295728232085,0.0,0.0,0.0,0.0,0.0,-3.0006823e-05,56103517.560683765,,,0.0,0.0
2025-05-24 08:00:00,,,90173.8102162889,-0.99785810709,-0.99785810709,0.99785810709,0.0,0.0,0.0,,,-0.295728232085,-0.295728232085,0.0,0.0,0.040064102564,0.0,1.0,-8.8597243e-05,55744115.81286226,,,0.0,0.0
2025-05-24 12:00:00,,,89743.4042973459,0.0,0.0,0.0,0.0,0.0,0.0,,,-0.295728232085,-0.295728232085,0.0,0.0,0.116988535682,0.0,4.0,-3.7729414e-05,55343392.9759838,,,4.0,4.0
2025-05-24 16:00:00,,,83638.8172267129,0.0,0.0,0.0,0.0,0.0,0.0,,,-0.295728232085,-0.295728232085,0.0,0.0,0.031094527363,0.0,1.0,-7.0054623e-05,54871524.196960114,,,1.0,1.0
2025-05-24 20:00:00,,,83355.9604977215,0.0,0.0,0.0,0.0,0.0,0.0,,,-0.27860111703,-0.27860111703,0.0,0.0,0.0,0.0,0.0,-2.6263366e-05,54674741.176697664,,,0.0,0.0
2025-05-25 00:00:00,0.0,0.0,81292.7070928917,0.0,0.0,0.0,0.0,0.0,0.0,-0.711499599447,-0.711499599447,-0.261701651509,-0.261701651509,0.0,0.0,0.0,0.0,0.0,-0.000216686163,54138852.29160576,979505.0,5.0,0.0,0.0
2025-05-25 04:00:00,,,81143.7730804352,0.0,0.0,0.0,0.0,0.0,0.0,,,-0.261701651509,-0.261701651509,0.0,0.0,0.0,0.0,0.0,-0.00010699283,53311772.90133937,,,0.0,0.0
2025-05-25 08:00:00,,,78633.8296973784,-0.837623536587,-0.837623536587,0.837623536587,0.0,-0.11469970494,-0.11469970494,,,-1.106609591649,-1.106609591649,-0.11469970494,0.0,0.207590313426,0.0,4.0,-0.000120419466,52168658.909833945,,,3.0,3.0
2025-05-25 12:00:00,,,77919.7272180441,0.0,0.0,0.0,0.0,0.11469970494,0.11469970494,,,-0.124941099088,-0.124941099088,0.11469970494,0.0,0.050057208238,0.0,2.0,-3.1870506e-05,52367856.37004947,,,2.0,2.0
2025-05-25 16:00:00,,,78966.7757324153,0.0,0.0,0.0,0.0,0.0,0.0,,,-0.077922195447,-0.077922195447,0.0,0.0,0.030637254902,0.0,1.0,-0.000218226128,53153337.03803496,,,1.0,1.0
2025-05-25 20:00:00,,,81506.7910833989,0.0,0.0,0.0,0.0,0.0,0.0,,,-0.060177121212,-0.060177121212,0.0,0.0,0.0,0.0,0.0,-9.4636858e-05,54153605.84524824,,,0.0,0.0
2025-05-26 00:00:00,0.0,0.0,81943.6609781466,0.0,0.0,0.0,0.0,0.0,0.0,-0.639358797173,-0.639358797173,0.026802796103,0.026802796103,0.0,0.0,0.0,0.0,0.0,-0.000107521693,54062937.91181477,980784.0,2.0,0.0,0.0
2025-05-26 04:00:00,,,82816.5571421807,0.0,0.0,0.0,0.0,0.0,0.0,,,0.128036879933,0.128036879933,0.0,0.0,0.031094527363,0.0,1.0,-0.000126917305,54994964.5719976,,,0.0,0.0
2025-05-26 08:00:00,,,82798.5471587424,0.0,0.0,0.0,0.0,0.0,0.0,,,0.128036879933,0.128036879933,0.0,0.0,0.055384389671,0.0,2.0,-5.8638877e-05,53890478.68747122,,,2.0,2.0
2025-05-26 12:00:00,,,81910.8232498145,0.0,0.0,0.0,0.0,0.0,0.0,,,0.128036879933,0.128036879933,0.0,0.0,0.025100401606,0.0,1.0,1.034735e-05,53449099.15975078,,,1.0,1.0
2025-05-26 16:00:00,,,81910.8232498145,0.0,0.0,0.0,0.0,0.0,0.0,,,0.128036879933,0.128036879933,0.0,0.0,0.017806267806,0.0,1.0,-0.000123630001,52307554.89165063,,,1.0,1.0
2025-05-26 20:00:00,,,73354.1158430202,0.0,0.0,0.0,0.0,0.0,0.0,,,0.128036879933,0.128036879933,0.0,0.0,0.0,0.0,0.0,-0.00023557912,52779419.9243549,,,0.0,0.0
2025-05-27 00:00:00,0.0,0.0,69072.6037936876,0.809713840485,0.809713840485,0.0,0.809713840485,0.0,0.0,-0.586768070426,-0.586768070426,0.128036879933,0.128036879933,0.0,0.0,0.033602150538,0.0,1.0,-0.00026651257,52859798.71459134,981798.0,2.0,0.0,0.0
2025-05-27 04:00:00,,,70086.8087698513,0.78428208828,0.78428208828,0.0,0.78428208828,0.0,0.0,,,0.128036879933,0.128036879933,0.0,0.0,0.069493383447,0.0,2.0,-0.000364056517,53764066.38753303,,,1.0,1.0
2025-05-27 08:00:00,,,70801.8190869562,0.0,0.0,0.0,0.0,0.0,0.0,,,0.128036879933,0.128036879933,0.0,0.0,0.045289855072,0.0,1.0,-0.000100129567,55701889.49690207,,,1.0,1.0
2025-05-27 12:00:00,,,70897.3152165285,0.0,0.0,0.0,0.0,0.0,0.0,,,0.128036879933,0.128036879933,0.0,0.0,0.0,0.0,0.0,-0.000131738313,55330292.707759276,,,0.0,0.0
2025-05-27 16:00:00,,,72282.9137773759,-0.733844041824,-0.733844041824,0.733844041824,0.0,0.0,0.0,,,0.128036879933,0.128036879933,0.0,0.0,0.020627062706,0.0,1.0,-1.3137095e-05,55778652.89828423,,,0.0,0.0
2025-05-27 20:00:00,,,72574.5661239967,0.883923470974,0.883923470974,0.0,0.883923470974,0.0,0.0,,,0.09602765995,0.09602765995,0.0,0.0,0.041666666667,0.0,1.0,-6.3322608e-05,55842549.84552622,,,0.0,0.0
2025-05-28 00:00:00,0.0,0.0,72794.7175864924,0.830001413822,0.830001413822,0.0,0.830001413822,0.15204379492,0.15204379492,-0.529880549684,-0.529880549684,1.920553198993,1.920553198993,0.15204379492,0.0,0.120701058201,0.0,2.0,-0.000103937973,56366822.24337346,981593.0,5.0,2.0,2.0
2025-05-28 04:00:00,,,72728.1859467355,0.840262234211,0.840262234211,0.0,0.840262234211,-0.019256117435,-0.019256117435,,,1.259170929674,1.259170929674,-0.019256117435,0.0,0.044326241135,0.0,1.0,5.454843e-06,54829618.6306831,,,1.0,1.0
2025-05-28 08:00:00,,,71083.1477427938,0.0,0.0,0.0,0.0,-0.138266712388,-0.138266712388,,,-0.182595986358,-0.182595986358,-0.138266712388,0.0,0.01965408805,0.0,1.0,1.1252205e-05,56022318.03406503,,,1.0,1.0
2025-05-28 12:00:00,,,68313.1589982887,0.911018610001,0.911018610001,0.0,0.911018610001,-0.016004609992,-0.016004609992,,,-0.182595986358,-0.182595986358,-0.016004609992,0.0,0.016025641026,0.0,1.0,-2.6049308e-05,53542635.36770086,,,0.0,0.0
2025-05-28 16:00:00,,,92011.97277565589,0.0,0.0,0.0,0.0,0.0,0.0,,,-0.182595986358,-0.182595986358,0.0,0.0,0.033068783069,0.0,1.0,-7.8605045e-05,53664366.587740354,,,1.0,1.0
2025-05-28 20:00:00,,,94360.1406603379,0.0,0.0,0.0,0.0,0.0,0.0,,,-0.182595986358,-0.182595986358,0.0,0.0,0.035310734463,0.0,1.0,-0.000239269759,56783965.0165738,,,1.0,1.0
2025-05-29 00:00:00,0.0,0.0,98670.3456634076,0.717449843884,0.717449843884,0.0,0.717449843884,0.15204379492,0.15204379492,-0.219678931775,-0.219678931775,0.837724497702,0.837724497702,0.15204379492,0.0,0.034722222222,0.0,1.0,-3.9568617e-05,56837779.33355265,982310.0,7.0,1.0,1.0
2025-05-29 04:00:00,,,94968.1888349044,0.0,0.0,0.0,0.0,-0.128036879933,-0.128036879933,,,-0.224980217663,-0.224980217663,-0.128036879933,0.0,0.05553727168,0.0,2.0,-7.0884179e-05,56262525.536969796,,,1.0,1.0
2025-05-29 08:00:00,,,96046.7641726646,0.870857596397,0.870857596397,0.0,0.870857596397,-0.024006914987,-0.024006914987,,,-0.224980217663,-0.224980217663,-0.024006914987,0.0,0.088183421517,0.0,2.0,-3.137268e-06,55909944.478504315,,,1.0,1.0
2025-05-29 12:00:00,,,94401.6023683515,1.770778179169,1.770778179169,0.0,1.770778179169,0.0,0.0,,,-0.224980217663,-0.224980217663,0.0,0.0,0.116361233953,0.0,4.0,-5.4172818e-05,54657497.56243669,,,2.0,2.0
2025-05-29 16:00:00,,,91595.4314471072,0.705247223377,0.705247223377,0.0,0.705247223377,0.0,0.0,,,-0.224980217663,-0.224980217663,0.0,0.0,0.111731421666,0.0,4.0,-0.000108817574,53827543.99508794,,,3.0,3.0
2025-05-29 20:00:00,,,122478.30146461402,0.0,0.0,0.0,0.0,0.0,0.0,,,-0.224980217663,-0.224980217663,0.0,0.0,0.092893217893,0.0,2.0,-0.000144162958,54229391.543945946,,,1.0,1.0
2025-05-30 00:00:00,0.0,0.0,118145.25698305402,0.751512944698,0.751512944698,0.0,0.751512944698,0.0,0.0,0.823388474501,0.823388474501,-0.224980217663,-0.224980217663,0.0,0.0,0.047348484848,0.0,1.0,-0.000180379749,52538676.4833404,981742.0,7.0,0.0,0.0
2025-05-30 04:00:00,,,113987.158241557,0.741871714592,0.741871714592,0.0,0.741871714592,0.069353309964,0.069353309964,,,0.694592667026,0.694592667026,0.069353309964,0.0,0.041666666667,0.0,1.0,-0.000292536372,51755711.19449461,,,1.0,1.0
2025-05-30 08:00:00,,,114142.96593745002,1.75960457325,1.75960457325,0.0,1.75960457325,-0.069353309964,-0.069353309964,,,-0.262069781194,-0.262069781194,-0.069353309964,0.0,0.105742687264,0.0,4.0,-0.0003003807,50981857.15108187,,,1.0,1.0
2025-05-30 12:00:00,,,112541.671208422,1.75960457325,1.75960457325,0.0,1.75960457325,0.0,0.0,,,-0.262069781194,-0.262069781194,0.0,0.0,0.111584278192,0.0,6.0,-9.4246126e-05,51819820.2299672,,,0.0,0.0
2025-05-30 16:00:00,,,120650.686789841,2.856749534607,2.856749534607,0.0,2.856749534607,0.377479261181,0.377479261181,,,2.872356939557,2.872356939557,0.377479261181,0.0,0.175333295047,0.0,6.0,-0.000347176317,50799461.99315035,,,4.0,6.0
2025-05-30 20:00:00,,,116277.01465361,4.016086876392,4.016086876392,0.0,4.016086876392,-0.174161572908,-0.174161572908,,,1.040303301043,1.040303301043,-0.174161572908,0.0,0.541147085862,0.0,13.0,-0.000127122174,47708595.06577694,,,3.0,5.0
2025-05-31 00:00:00,0.0,0.0,113445.956878514,0.0,0.0,0.0,0.0,-0.068196385645,-0.068196385645,-0.57202264817,-0.57202264817,-0.255914421132,-0.255914421132,-0.068196385645,0.0,0.037878787879,0.0,2.0,-0.000408106344,47144522.71015418,981761.0,2.0,0.0,0.0
2025-05-31 04:00:00,,,114762.249271982,4.294742703438,4.294742703438,0.0,4.294742703438,0.0,0.0,,,-0.255914421132,-0.255914421132,0.0,0.0,0.38121802356,0.0,13.0,-0.000144518998,47992035.205525905,,,0.0,0.0
2025-05-31 08:00:00,,,111808.313741143,0.879802286625,0.879802286625,0.0,0.879802286625,0.0,0.0,,,0.115492943062,0.115492943062,0.0,0.0,0.255622503631,0.0,4.0,-0.000198164122,46810084.616521664,,,1.0,1.0
2025-05-31 12:00:00,,,101960.561526601,0.0,0.0,0.0,0.0,0.0,0.0,,,-0.278199158868,-0.278199158868,0.0,0.0,0.0,0.0,0.0,-0.000220791738,48020279.57799764,,,0.0,0.0
2025-05-31 16:00:00,,,95557.9709188853,0.0,0.0,0.0,0.0,0.0,0.0,,,-0.259232916356,-0.259232916356,0.0,0.0,0.033068783069,0.0,1.0,-0.000113906677,48998074.46014646,,,1.0,1.0
2025-05-31 20:00:00,,,96170.4093565475,0.0,0.0,0.0,0.0,0.0,0.0,,,-0.259232916356,-0.259232916356,0.0,0.0,0.0,0.0,0.0,-4.1521947e-05,49715994.7321586,,,0.0,0.0
2025-06-01 00:00:00,0.0,0.0,94536.4990552329,-0.804002642632,-0.804002642632,0.804002642632,0.0,0.0,0.0,-0.846565999383,-0.846565999383,-0.259232916356,-0.259232916356,0.0,0.0,0.187133029145,0.0,3.0,-5.797626e-05,47964702.04356025,980430.0,4.0,1.0,1.0
2025-06-01 04:00:00,,,94099.0925138575,0.0,0.0,0.0,0.0,0.0,0.0,,,-0.259232916356,-0.259232916356,0.0,0.0,0.224925161409,0.0,6.0,-1.4972719e-05,48202104.99640644,,,1.0,1.0
2025-06-01 08:00:00,,,91939.4175725489,0.0,0.0,0.0,0.0,0.0,0.0,,,-0.259232916356,-0.259232916356,0.0,0.0,0.037878787879,0.0,1.0,-7.5677729e-05,48309847.76299718,,,1.0,1.0
2025-06-01 12:00:00,,,96778.314629393,0.0,0.0,0.0,0.0,0.0,0.0,,,-0.259232916356,-0.259232916356,0.0,0.0,0.112525720165,0.0,3.0,-0.000105176239,49403174.10242486,,,1.0,1.0
2025-06-01 16:00:00,,,102757.603557315,0.0,0.0,0.0,0.0,0.0,0.0,,,-0.249390874985,-0.249390874985,0.0,0.0,0.021043771044,0.0,1.0,-0.000130007934,53552476.29447399,,,1.0,1.0
2025-06-01 20:00:00,,,113560.317641161,0.0,0.0,0.0,0.0,0.0,0.0,,,-0.239548833615,-0.239548833615,0.0,0.0,0.097178546471,0.0,4.0,-0.000282172628,53102879.46823602,,,1.0,1.0
2025-06-02 00:00:00,0.0,0.0,113598.364794056,0.0,0.0,0.0,0.0,0.0,0.0,-0.498500272661,-0.498500272661,-0.239548833615,-0.239548833615,0.0,0.0,0.0,0.0,0.0,-0.000202554758,51968339.27241213,980214.0,4.0,0.0,0.0
2025-06-02 04:00:00,,,117872.13499558301,0.712643861771,0.712643861771,0.0,0.712643861771,0.0,0.0,,,-0.231373013799,-0.231373013799,0.0,0.0,0.088276836158,0.0,5.0,-0.000389051805,53537468.12948519,,,0.0,0.0
2025-06-02 08:00:00,,,112197.74224201702,0.0,0.0,0.0,0.0,0.0,0.0,,,-0.136229209777,-0.136229209777,0.0,0.0,0.0,0.0,0.0,-0.000363462246,51495192.55115926,,,0.0,0.0
2025-06-02 12:00:00,,,113178.34400363402,1.528487324715,1.528487324715,0.0,1.528487324715,0.14417811808,0.14417811808,,,2.310202338116,2.310202338116,0.14417811808,0.0,0.099407714719,0.0,4.0,-0.000100206635,51243162.612723246,,,3.0,3.0
2025-06-02 16:00:00,,,116159.025983997,0.726704597473,0.726704597473,0.0,0.726704597473,-0.136680063565,-0.136680063565,,,-0.215390442101,-0.215390442101,-0.136680063565,0.0,0.087978903871,0.0,3.0,-0.000145750344,51478480.63743511,,,1.0,1.0
2025-06-02 20:00:00,,,118333.101594231,0.0,0.0,0.0,0.0,0.0,0.0,,,-0.184199274937,-0.184199274937,0.0,0.0,0.0,0.0,0.0,-0.000123450389,52617440.669726595,,,0.0,0.0
2025-06-03 00:00:00,0.0,0.0,115020.906299567,0.0,0.0,0.0,0.0,0.0,0.0,-0.673008846124,-0.673008846124,-0.173802219216,-0.173802219216,0.0,0.0,0.041666666667,0.0,1.0,-5.6556304e-05,51496953.9608984,981078.0,4.0,1.0,1.0
2025-06-03 04:00:00,,,112889.603727601,0.0,0.0,0.0,0.0,0.0,0.0,,,-0.173802219216,-0.173802219216,0.0,0.0,0.0,0.0,0.0,-4.2227732e-05,52535657.08636978,,,0.0,0.0
2025-06-03 08:00:00,,,111600.30134862,0.0,0.0,0.0,0.0,0.0,0.0,,,-0.173802219216,-0.173802219216,0.0,0.0,0.0,0.0,0.0,-0.000142046108,52476228.54623132,,,0.0,0.0
2025-06-03 12:00:00,,,113327.539422176,0.858255267143,0.858255267143,0.0,0.858255267143,0.0,0.0,,,-0.173802219216,-0.173802219216,0.0,0.0,0.046052631579,0.0,2.0,-0.000237254887,53356959.23936116,,,1.0,1.0
2025-06-03 16:00:00,,,98641.1282595308,-0.830271184444,-0.830271184444,0.830271184444,0.0,-0.077355614959,-0.077355614959,,,-0.97503850365,-0.97503850365,-0.077355614959,0.0,0.09325731982,0.0,2.0,-0.000247100428,52819221.33432811,,,2.0,2.0
2025-06-03 20:00:00,,,96413.6654079299,0.741330265999,0.741330265999,0.0,0.741330265999,0.21072736489,0.21072736489,,,1.099987211884,1.099987211884,0.21072736489,0.0,0.102780456445,0.0,3.0,-0.000306476185,51870554.268640414,,,3.0,3.0
2025-06-04 00:00:00,0.0,0.0,92997.0026273999,0.783139407635,0.783139407635,0.0,0.783139407635,-0.052013601294,-0.052013601294,-0.319882206186,-0.319882206186,0.421980775725,0.421980775725,-0.052013601294,0.0,0.077160493827,0.0,1.0,-0.000218625687,51297324.45048189,980450.0,5.0,1.0,1.0
2025-06-04 04:00:00,,,90101.4117959603,0.0,0.0,0.0,0.0,-0.063621492929,-0.063621492929,,,-0.190468627647,-0.190468627647,-0.063621492929,0.0,0.015903307888,0.0,1.0,-0.000144412368,50424078.50569596,,,1.0,1.0
2025-06-04 08:00:00,,,99933.8061363423,0.0,0.0,0.0,0.0,0.0,0.0,,,-0.190468627647,-0.190468627647,0.0,0.0,0.050033921303,0.0,2.0,-0.000144621358,49357460.16862459,,,0.0,0.0
2025-06-04 12:00:00,,,101968.62223801,0.758943498135,0.758943498135,0.0,0.758943498135,0.0,0.0,,,0.35846063158,0.35846063158,0.0,0.0,0.448763930838,0.0,18.0,-6.8685246e-05,50313798.06296576,980799.0,,4.0,5.0
2025-06-04 16:00:00,,,99647.9432317313,0.758900105953,0.758900105953,0.0,0.758900105953,0.0,0.0,,,-0.22100281509,-0.22100281509,0.0,0.0,0.038580246914,0.0,1.0,-0.000200778762,49304446.42891017,,,0.0,0.0
2025-06-04 20:00:00,,,86889.6726545228,1.465425550938,1.465425550938,0.0,1.465425550938,0.138706619927,0.138706619927,,,0.302701438247,0.302701438247,0.138706619927,0.0,0.050678806413,0.0,2.0,-0.000165499191,48713103.44656819,,,1.0,1.0
2025-06-05 00:00:00,0.0,0.0,87467.4534680812,0.0,0.0,0.0,0.0,-0.128036879933,-0.128036879933,-0.467479161464,-0.467479161464,-0.211363941402,-0.211363941402,-0.128036879933,0.0,0.045289855072,0.0,1.0,-0.000217907523,48678166.61663663,,7.0,1.0,1.0
2025-06-05 04:00:00,,,88395.9446820339,0.0,0.0,0.0,0.0,-0.010669739994,-0.010669739994,,,-0.175522785242,-0.175522785242,-0.010669739994,0.0,0.018768768769,0.0,1.0,-0.000134043985,48210468.49239929,,,1.0,1.0
2025-06-05 08:00:00,,,87004.8123769604,0.0,0.0,0.0,0.0,0.0,0.0,,,-0.175522785242,-0.175522785242,0.0,0.0,0.065247532828,0.0,2.0,-9.6594101e-05,47574487.1400162,,,2.0,2.0
2025-06-05 12:00:00,,,86067.7812552196,1.621643424034,1.621643424034,0.0,1.621643424034,0.066685874965,0.066685874965,,,1.630400371535,1.630400371535,0.066685874965,0.0,0.114099323983,0.0,5.0,-0.000129714212,47287032.835886486,979935.0,,4.0,4.0
2025-06-05 16:00:00,,,95462.9526948803,0.0,0.0,0.0,0.0,-0.066685874965,-0.066685874965,,,-0.247232756426,-0.247232756426,-0.066685874965,0.0,0.022401433692,0.0,1.0,-0.000322752693,44759150.6027688,,,1.0,1.0
2025-06-05 20:00:00,,,103215.395923435,0.0,0.0,0.0,0.0,0.0,0.0,,,-0.247232756426,-0.247232756426,0.0,0.0,0.064760260057,0.0,2.0,-0.000110012435,43612006.422234535,,,1.0,1.0
2025-06-06 00:00:00,0.0,0.0,100470.005572694,0.0,0.0,0.0,0.0,0.0,0.0,-0.646309412372,-0.646309412372,-0.247232756426,-0.247232756426,0.0,0.0,0.0,0.0,0.0,-0.000215509807,43977124.361120075,979232.0,4.0,0.0,0.0
2025-06-06 04:00:00,,,104667.559049482,0.0,0.0,0.0,0.0,0.0,0.0,,,-0.274698658124,-0.274698658124,0.0,0.0,0.040064102564,0.0,1.0,-0.000270267481,44420019.0526295,,,1.0,1.0
2025-06-06 08:00:00,,,107245.223195165,0.0,0.0,0.0,0.0,0.0,0.0,,,-0.302164559823,-0.302164559823,0.0,0.0,0.084586466165,0.0,2.0,-0.000117345746,45371244.23442035,,,1.0,1.0
2025-06-06 12:00:00,,,109467.35562417199,0.0,0.0,0.0,0.0,0.0,0.0,,,-0.247432415124,-0.247432415124,0.0,0.0,0.045882936508,0.0,2.0,-0.000175565969,45834790.04843897,,,2.0,2.0
2025-06-06 16:00:00,,,104755.428811146,0.775773108006,0.775773108006,0.0,0.775773108006,0.042678959978,0.042678959978,,,0.403698685281,0.403698685281,0.042678959978,0.0,0.050383644134,0.0,2.0,-0.000343317428,44428390.2043009,,,2.0,2.0
2025-06-06 20:00:00,,,102390.120179739,0.0,0.0,0.0,0.0,-0.042678959978,-0.042678959978,,,-0.271474110231,-0.271474110231,-0.042678959978,0.0,0.0,0.0,0.0,-0.000342024781,44242872.29118846,,,0.0,0.0
2025-06-07 00:00:00,0.0,0.0,111003.73743228898,0.0,0.0,0.0,0.0,0.0,0.0,-0.553573183425,-0.553573183425,-0.255612328385,-0.255612328385,0.0,0.0,0.047348484848,0.0,1.0,-2.9522282e-05,46839929.947581604,978721.0,4.0,1.0,1.0
2025-06-07 04:00:00,,,109739.62433931298,0.0,0.0,0.0,0.0,0.0,0.0,,,-0.239750546539,-0.239750546539,0.0,0.0,0.086805555556,0.0,1.0,-0.000109027257,46021240.05040724,,,1.0,1.0
2025-06-07 08:00:00,,,109711.45662230901,0.0,0.0,0.0,0.0,0.0,0.0,,,-0.239750546539,-0.239750546539,0.0,0.0,0.0,0.0,0.0,-0.000136071032,45655618.558046274,,,0.0,0.0
2025-06-07 12:00:00,,,109661.10598982798,0.0,0.0,0.0,0.0,0.0,0.0,,,-0.206624509115,-0.206624509115,0.0,0.0,0.028935185185,0.0,1.0,-0.000103065951,45433614.851595916,,,1.0,1.0
2025-06-07 16:00:00,,,110790.319869103,1.780814349651,1.780814349651,0.0,1.780814349651,0.069353309964,0.069353309964,,,1.0721961466,1.0721961466,0.069353309964,0.0,0.115438939591,0.0,3.0,-2.3625834e-05,45817921.42206319,,,2.0,2.0
2025-06-07 20:00:00,,,110814.287853593,0.019827365875,0.019827365875,0.798666775227,0.818494141102,-0.069353309964,-0.069353309964,,,-0.243000173705,-0.243000173705,-0.069353309964,0.0,0.089616096207,0.0,2.0,2.333413e-05,45308390.829409845,,,0.0,0.0
2025-06-08 00:00:00,0.0,0.0,112524.65146035799,0.026836395264,0.026836395264,0.711801826954,0.738638222218,0.036912827345,0.036912827345,-0.87781118907,-0.87781118907,-0.145626957629,-0.145626957629,0.036912827345,0.0,0.173611111111,0.0,2.0,-7.5364241e-05,44864831.808851376,976961.0,5.0,2.0,2.0
2025-06-08 04:00:00,,,112524.65146035799,0.0,0.0,0.0,0.0,-0.003322104561,-0.003322104561,,,-0.173154423699,-0.173154423699,-0.003322104561,0.0,0.169101731602,0.0,2.0,-0.000146467508,45002464.96654557,,,1.0,1.0
2025-06-08 08:00:00,,,112813.68832716202,0.0,0.0,0.0,0.0,0.013267964481,0.013267964481,,,-0.173154423699,-0.173154423699,0.013267964481,0.0,0.077160493827,0.0,1.0,-4.4513599e-05,44793276.321016416,,,1.0,1.0
2025-06-08 12:00:00,,,114753.399393647,-1.509063780308,-1.509063780308,1.509063780308,0.0,-0.082690484957,-0.082690484957,,,-1.22633611883,-1.22633611883,-0.082690484957,0.0,0.079861111111,0.0,3.0,-7.5230826e-05,44562695.89489889,,,2.0,2.0
2025-06-08 16:00:00,,,115879.280128287,0.0,0.0,0.0,0.0,0.082690484957,0.082690484957,,,-0.064235743249,-0.064235743249,0.082690484957,0.0,0.134437321937,0.0,3.0,-7.3241533e-05,44715569.538931124,,,1.0,1.0
2025-06-08 20:00:00,,,113567.99549965901,0.0,0.0,0.0,0.0,0.0,0.0,,,-0.064235743249,-0.064235743249,0.0,0.0,0.0,0.0,0.0,-0.000100205923,44194401.49819245,,,0.0,0.0
2025-06-09 00:00:00,0.0,0.0,112991.652912392,-0.863088488579,-0.863088488579,0.863088488579,0.0,-0.106697399944,-0.106697399944,-0.565921011066,-0.565921011066,-0.697239930034,-0.697239930034,-0.106697399944,0.0,0.044326241135,0.0,1.0,-0.000142736066,43956669.64152935,,3.0,1.0,1.0
2025-06-09 04:00:00,,,113275.314332771,0.73618209362,0.73618209362,0.0,0.73618209362,0.107092567216,0.107092567216,,,0.514079832728,0.514079832728,0.107092567216,0.0,0.040064102564,0.0,1.0,-9.9956833e-05,46049130.46945304,,,1.0,1.0
2025-06-09 08:00:00,,,121393.92369834,0.0,0.0,0.0,0.0,-0.048013829975,-0.048013829975,,,-0.015363367774,-0.015363367774,-0.048013829975,0.0,0.0,0.0,0.0,-0.000100497204,47554879.589153685,,,0.0,0.0
2025-06-09 12:00:00,,,118324.413403002,0.80313628912,0.80313628912,0.0,0.80313628912,0.0,0.0,,,-0.015363367774,-0.015363367774,0.0,0.0,0.044345898004,0.0,2.0,-9.19804e-07,46620428.11693928,976676.0,,1.0,1.0
2025-06-09 16:00:00,,,118324.413403002,0.89804315567,0.89804315567,0.0,0.89804315567,0.0,0.0,,,-0.015363367774,-0.015363367774,0.0,0.0,0.022401433692,0.0,1.0,-0.000139930482,47085076.659654416,,,0.0,0.0
2025-06-09 20:00:00,,,110454.57507099239,0.0,0.0,0.0,0.0,0.0,0.0,,,-0.015363367774,-0.015363367774,0.0,0.0,0.0,0.0,0.0,6.629114e-06,49483718.24659903,,,0.0,0.0
2025-06-10 00:00:00,0.0,0.0,106706.455618374,0.0,0.0,0.0,0.0,0.0,0.0,-0.501716895115,-0.501716895115,-0.015363367774,-0.015363367774,0.0,0.0,0.045289855072,0.0,1.0,2.8731063e-05,48053194.88167872,,3.0,0.0,0.0
2025-06-10 04:00:00,,,106156.35583101402,0.0,0.0,0.0,0.0,0.0,0.0,,,0.044504758844,0.044504758844,0.0,0.0,0.0,0.0,0.0,2.9318427e-05,47060348.89932406,,,0.0,0.0
2025-06-10 08:00:00,,,105875.442143729,0.0,0.0,0.0,0.0,0.0,0.0,,,0.104372885462,0.104372885462,0.0,0.0,0.050551470588,0.0,2.0,2.9436788e-05,48342022.401413605,,,1.0,1.0
2025-06-10 12:00:00,,,113444.85417625001,0.816219389439,0.816219389439,0.0,0.816219389439,0.034676654982,0.034676654982,,,0.841426618582,0.841426618582,0.034676654982,0.0,0.022401433692,0.0,1.0,2.2881318e-05,47284948.07059369,977152.0,,1.0,1.0
2025-06-10 16:00:00,,,116013.390065129,0.863914430141,0.863914430141,0.0,0.863914430141,-0.034676654982,-0.034676654982,,,0.045715898068,0.045715898068,-0.034676654982,0.0,0.040885040885,0.0,2.0,2.8032671e-05,47371447.5189821,,,1.0,1.0
2025-06-10 20:00:00,,,116694.61061039199,0.834484219551,0.834484219551,0.0,0.834484219551,0.0,0.0,,,0.045715898068,0.045715898068,0.0,0.03591954023,0.030637254902,1.0,1.0,2.9610313e-05,48190029.55814106,,,0.0,0.0
2025-06-11 00:00:00,0.0,0.0,113933.559907012,0.0,0.0,0.0,0.0,0.0,0.0,-0.6692214857,-0.6692214857,-0.008520956532,-0.008520956532,0.0,0.0,0.0,0.0,0.0,2.9928562e-05,46827093.625596695,,1.0,0.0,0.0
2025-06-11 04:00:00,,,113933.559907012,0.0,0.0,0.0,0.0,0.0,0.0,,,-0.062757811132,-0.062757811132,0.0,0.0,0.0,0.0,0.0,2.8805635e-05,46589792.015294164,,,0.0,0.0
2025-06-11 08:00:00,,,115682.1361468622,0.0,0.0,0.0,0.0,0.0,0.0,,,-0.062757811132,-0.062757811132,0.0,0.0,0.044326241135,0.0,1.0,-5.9529595e-05,45466203.62995651,,,1.0,1.0
2025-06-11 12:00:00,,,122755.689909482,0.0,0.0,0.0,0.0,0.0,0.0,,,-0.092655646103,-0.092655646103,0.0,0.0,0.041146721728,0.0,2.0,2.7781873e-05,46809266.93859574,976551.0,,1.0,1.0
2025-06-11 16:00:00,,,118062.592075111,0.926005840302,0.926005840302,0.0,0.926005840302,0.0,0.0,,,-0.141614947704,-0.141614947704,0.0,0.0,0.060582443965,0.0,3.0,-4.6842772e-05,44196674.64984522,,,2.0,2.0
2025-06-11 20:00:00,,,114162.60310264901,0.0,0.0,0.0,0.0,0.0,0.0,,,-0.128036879933,-0.128036879933,0.0,0.0,0.0,0.0,0.0,-7.6384914e-05,43442538.09806604,,,0.0,0.0
2025-06-12 00:00:00,0.0,0.0,111535.707091915,0.0,0.0,0.0,0.0,0.0,0.0,-0.610693404878,-0.610693404878,-0.128036879933,-0.128036879933,0.0,0.0,0.0,0.0,0.0,-0.000101441074,41850110.445837304,,3.0,0.0,0.0
2025-06-12 04:00:00,,,110826.57371036298,0.0,0.0,0.0,0.0,0.0,0.0,,,-0.128036879933,-0.128036879933,0.0,0.0,0.110909161976,0.0,3.0,-0.000150345251,41846546.05140242,,,2.0,2.0
2025-06-12 08:00:00,,,110256.261616564,0.0,0.0,0.0,0.0,0.0,0.0,,,-0.128036879933,-0.128036879933,0.0,0.0,0.050940246477,0.0,2.0,-0.000235339989,41659110.12231448,,,2.0,2.0
2025-06-12 12:00:00,,,110814.642058067,0.0,0.0,0.0,0.0,0.0,0.0,,,-0.128036879933,-0.128036879933,0.0,0.0,0.021701388889,0.0,1.0,-0.000339666557,41523483.622011036,976519.0,,1.0,1.0
2025-06-12 16:00:00,,,105232.459628426,0.893607914448,0.893607914448,0.0,0.893607914448,0.0,0.0,,,-0.128036879933,-0.128036879933,0.0,0.0,0.068540038736,0.0,3.0,-0.000301024342,41386787.016474485,,,2.0,2.0
2025-06-12 20:00:00,,,104606.254798556,0.0,0.0,0.0,0.0,0.0,0.0,,,-0.128036879933,-0.128036879933,0.0,0.0,0.0,0.0,0.0,-0.000296993302,41012749.93067278,,,0.0,0.0
2025-06-13 00:00:00,0.0,0.0,90604.3818445288,0.0,0.0,0.0,0.0,0.0,0.0,0.287493243592,0.287493243592,-0.032009219983,-0.032009219983,0.0,0.0,0.0234082397,0.0,1.0,-0.000295352047,40786967.84882069,,13.0,1.0,1.0
2025-06-13 04:00:00,,,89020.1345927924,1.751644849777,1.751644849777,0.0,1.751644849777,0.123929339938,0.123929339938,,,3.121702840996,3.121702840996,0.123929339938,0.0,0.243132357161,0.0,6.0,-0.000287072972,40751382.38749871,,,5.0,5.0
2025-06-13 08:00:00,,,87815.9221356157,0.7116715312,0.7116715312,0.0,0.7116715312,-0.065503404884,-0.065503404884,,,1.08149704073,1.08149704073,-0.065503404884,0.0,0.195516342819,0.0,7.0,-0.000338755649,39455588.139976606,,,6.0,6.0
2025-06-13 12:00:00,,,86499.4549678833,0.799634218216,0.799634218216,0.0,0.799634218216,-0.03485343775,-0.03485343775,,,0.223793157072,0.223793157072,-0.03485343775,0.0,0.145045888589,0.0,6.0,-0.00010044689,39671553.01599294,975426.0,,6.0,6.0
2025-06-13 16:00:00,,,85899.4061730914,-0.715651094913,-0.715651094913,0.715651094913,0.0,-0.022705115412,-0.022705115412,,,-0.627773017387,-0.627773017387,-0.022705115412,0.0,0.103850290387,0.0,4.0,-0.000159496614,39773138.46059986,,,4.0,4.0
2025-06-13 20:00:00,,,88991.6494647764,0.0,0.0,0.0,0.0,0.034676654982,0.034676654982,,,-0.215935612349,-0.215935612349,0.034676654982,0.0,0.022644927536,0.0,1.0,-0.000171896418,40302027.1046776,,,0.0,0.0
2025-06-14 00:00:00,0.0,0.0,88820.7750528327,-0.715651094913,-0.715651094913,0.715651094913,0.0,-0.104029964945,-0.104029964945,-1.314260814242,-1.314260814242,-0.600582083444,-0.600582083444,-0.104029964945,0.0,0.028935185185,0.0,1.0,-6.1446521e-05,40171313.73213899,,9.0,1.0,1.0
2025-06-14 04:00:00,,,89767.72259497111,0.97303801775,0.97303801775,0.715651094913,1.688689112663,0.054470092301,0.054470092301,,,0.109223869352,0.109223869352,0.054470092301,0.0,0.250761035008,0.0,5.0,-0.000147286171,39833795.37007063,,,5.0,5.0
2025-06-14 08:00:00,,,89181.825937521,-1.431302189827,-1.431302189827,1.431302189827,0.0,-0.132144500612,-0.132144500612,,,-0.882603124485,-0.882603124485,-0.132144500612,0.0,0.109613732388,0.0,3.0,-0.000176408296,39623766.14254628,,,3.0,3.0
2025-06-14 12:00:00,,,95265.5833092594,0.040558040142,0.040558040142,0.715651094913,0.756209135056,0.125537584846,0.125537584846,,,-0.051929684651,-0.051929684651,0.125537584846,0.0,0.079615329615,0.0,3.0,-0.000132120847,38891875.23570814,974449.0,,3.0,3.0
2025-06-14 16:00:00,,,97842.3441539856,-1.431302189827,-1.431302189827,1.431302189827,0.0,-0.120857925577,-0.120857925577,,,-1.21941427884,-1.21941427884,-0.120857925577,0.0,0.252144267361,0.0,5.0,-0.000195235743,38932321.639887586,,,5.0,5.0
2025-06-14 20:00:00,,,97842.3441539856,0.0,0.0,0.0,0.0,0.150767632258,0.150767632258,,,-0.013116757426,-0.013116757426,0.150767632258,0.0,0.032552083333,0.0,1.0,-0.00018881572,39302557.47144576,,,1.0,1.0
2025-06-15 00:00:00,0.0,0.0,98865.15942465849,0.0,0.0,0.0,0.0,0.032009219983,0.032009219983,-0.805614834857,-0.805614834857,-0.013116757426,-0.013116757426,0.032009219983,0.0,0.0,0.0,0.0,-2.9683441e-05,39097575.605908796,,3.0,0.0,0.0
2025-06-15 04:00:00,,,88836.6095289563,-0.715651094913,-0.715651094913,0.715651094913,0.0,-0.104029964945,-0.104029964945,,,-0.230132863574,-0.230132863574,-0.104029964945,0.0,0.098104056437,0.0,2.0,-6.7371586e-05,38977195.655283205,,,2.0,2.0
2025-06-15 08:00:00,,,87559.8012036112,0.0,0.0,0.0,0.0,0.104029964945,0.104029964945,,,0.001688732024,0.001688732024,0.104029964945,0.0,0.104677287582,0.0,2.0,-0.000181836889,39896925.4495778,,,1.0,1.0
2025-06-15 12:00:00,,,88186.0069805704,-0.715651094913,-0.715651094913,0.715651094913,0.0,-0.125369444934,-0.125369444934,,,-0.421440471643,-0.421440471643,-0.125369444934,0.0,0.111871339762,0.0,3.0,-9.266458e-05,40260137.41770575,973711.0,,2.0,2.0
2025-06-15 16:00:00,,,83284.4245492753,-0.715651094913,-0.715651094913,0.715651094913,0.0,0.063162585316,0.063162585316,,,-0.513801669196,-0.513801669196,0.063162585316,0.0,0.101410573863,0.0,4.0,-0.000123488073,40302303.01412426,,,4.0,4.0
2025-06-15 20:00:00,,,95910.5916565026,0.0,0.0,0.0,0.0,0.040011524979,0.040011524979,,,0.177274984654,0.177274984654,0.040011524979,0.0,0.0,0.0,0.0,-5.3210165e-05,40278144.731599905,,,0.0,0.0
2025-06-16 00:00:00,0.0,0.0,94609.8357157701,-0.715651094913,-0.715651094913,0.715651094913,0.0,-0.072020744962,-0.072020744962,-1.118369553994,-1.118369553994,-0.01123812775,-0.01123812775,-0.072020744962,0.0,0.067204301075,0.0,1.0,-0.000189356869,39982326.470860444,,6.0,1.0,1.0
2025-06-16 04:00:00,,,91912.0084357939,-0.715651094913,-0.715651094913,0.715651094913,0.0,0.03360780643,0.03360780643,,,-0.221182681048,-0.221182681048,0.03360780643,0.0,0.141630116959,0.0,2.0,-3.4802593e-05,41160199.16640225,,,2.0,2.0
2025-06-16 08:00:00,,,90376.5972513221,0.0,0.0,0.0,0.0,0.056016134971,0.056016134971,,,0.253658748026,0.253658748026,0.056016134971,0.0,0.022163120567,0.0,1.0,1.739524e-06,41103452.81130015,,,1.0,1.0
2025-06-16 12:00:00,,,91290.9172737281,-0.775496244431,-0.775496244431,0.775496244431,0.0,-0.122702009936,-0.122702009936,,,-0.001140225552,-0.001140225552,-0.122702009936,0.0,0.052681992337,0.0,2.0,-6.8189796e-05,40910911.88643521,973818.0,,1.0,1.0
2025-06-16 16:00:00,,,91290.9172737281,-0.775496244431,-0.775496244431,0.775496244431,0.0,0.037017973224,0.037017973224,,,0.007666794714,0.007666794714,0.037017973224,0.0,0.076659451659,0.0,3.0,-8.7702632e-05,40722498.39235127,,,3.0,3.0
2025-06-16 20:00:00,,,91290.9172737281,0.0,0.0,0.0,0.0,0.098695094948,0.098695094948,,,0.402322684595,0.402322684595,0.098695094948,0.0,0.0,0.0,0.0,-4.4835513e-05,38592705.875517905,,,0.0,0.0
2025-06-17 00:00:00,0.0,0.0,86041.2702014978,0.0,0.0,0.0,0.0,0.0,0.0,-0.844207959748,-0.844207959748,0.369756370223,0.369756370223,0.0,0.0,0.038580246914,0.0,1.0,-8.5707697e-05,39519575.336232744,,6.0,1.0,1.0
2025-06-17 04:00:00,,,86041.2702014978,-0.715651094913,-0.715651094913,0.715651094913,0.0,-0.154711229919,-0.154711229919,,,-0.846823328812,-0.846823328812,-0.154711229919,0.0,0.111636049136,0.0,4.0,-4.0406189e-05,38759694.191124156,,,4.0,4.0
2025-06-17 08:00:00,,,91024.9479274295,0.0,0.0,0.0,0.0,0.128036879933,0.128036879933,,,0.332376278697,0.332376278697,0.128036879933,0.0,0.031094527363,0.0,1.0,-0.000118429799,38490634.50365644,,,1.0,1.0
2025-06-17 12:00:00,,,88439.2242916758,-0.775496244431,-0.775496244431,0.775496244431,0.0,-0.072020744962,-0.072020744962,,,-0.016220301776,-0.016220301776,-0.072020744962,0.0,0.061416348947,0.0,3.0,-0.000235018919,38174762.58925726,974169.0,,3.0,3.0
2025-06-17 16:00:00,,,92687.6762563013,0.0,0.0,0.0,0.0,0.098695094948,0.098695094948,,,0.348062693304,0.348062693304,0.098695094948,0.0,0.053873317762,0.0,2.0,-0.000136737692,38315481.24496838,,,2.0,2.0
2025-06-17 20:00:00,,,93318.2558146546,0.0,0.0,0.0,0.0,0.0,0.0,,,0.333551139481,0.333551139481,0.0,0.0,0.0,0.0,0.0,-0.000102809603,37415787.28976296,,,0.0,0.0
2025-06-18 00:00:00,0.0,0.0,91505.6004219718,0.709106266499,0.709106266499,0.0,0.709106266499,0.157378664918,0.157378664918,-0.267349777215,-0.267349777215,0.657903799623,0.657903799623,0.157378664918,0.0,0.090663580247,0.0,2.0,-0.00018838664,37807123.91795508,,6.0,2.0,2.0
2025-06-18 04:00:00,,,90080.011398634,-0.715651094913,-0.715651094913,0.715651094913,0.0,-0.146022399191,-0.146022399191,,,-0.123966911849,-0.123966911849,-0.146022399191,0.0,0.045289855072,0.0,1.0,-0.000159655661,37664808.69841296,,,1.0,1.0
2025-06-18 08:00:00,,,85219.9795515492,0.0,0.0,0.0,0.0,0.037533134965,0.037533134965,,,0.261730052992,0.261730052992,0.037533134965,0.0,0.048774644031,0.0,2.0,-0.00024122932,36182193.89530348,,,2.0,2.0
2025-06-18 12:00:00,,,94292.9851912644,0.814680159092,0.814680159092,0.0,0.814680159092,0.0,0.0,,,0.25062996985,0.25062996985,0.0,0.0,0.049562247891,0.0,2.0,-0.000363966757,36171064.60071775,973209.0,,1.0,1.0
2025-06-18 16:00:00,,,95435.4012030922,0.890235722065,0.890235722065,0.0,0.890235722065,0.0,0.0,,,0.212072087627,0.212072087627,0.0,0.0,0.036652703732,0.0,2.0,-0.000104499775,36655828.726735935,,,1.0,1.0
2025-06-18 20:00:00,,,96975.5147481077,0.0,0.0,0.0,0.0,0.0,0.0,,,0.202919487933,0.202919487933,0.0,0.0,0.063131313131,0.0,1.0,-6.5845297e-05,37870298.03935796,,,1.0,1.0
2025-06-19 00:00:00,0.0,0.0,97406.5885330593,0.0,0.0,0.0,0.0,0.0,0.0,-0.728371885033,-0.728371885033,0.196360241817,0.196360241817,0.0,0.0,0.0,0.0,0.0,1.539645e-05,38008735.41549455,,4.0,0.0,0.0
2025-06-19 04:00:00,,,97406.5885330593,0.0,0.0,0.0,0.0,0.0,0.0,,,0.169867934759,0.169867934759,0.0,0.0,0.0,0.0,0.0,-0.000122061003,37698247.60029455,,,0.0,0.0
2025-06-19 08:00:00,,,95439.7713411145,0.0,0.0,0.0,0.0,0.0,0.0,,,0.149424228629,0.149424228629,0.0,0.0,0.07822039072,0.0,2.0,-1.0971986e-05,37925019.640582666,,,2.0,2.0
2025-06-19 12:00:00,,,93536.773004739,-0.715651094913,-0.715651094913,0.715651094913,0.0,-0.09602765995,-0.09602765995,,,-0.639274498973,-0.639274498973,-0.09602765995,0.0,0.142547876101,0.0,5.0,-2.1194695e-05,37407877.50845809,974030.0,,3.0,3.0
2025-06-19 16:00:00,,,92696.7447624095,0.0,0.0,0.0,0.0,0.09602765995,0.09602765995,,,0.190591869299,0.190591869299,0.09602765995,0.0,0.082150602984,0.0,3.0,-4.5062456e-05,37661112.25001756,,,1.0,1.0
2025-06-19 20:00:00,,,93454.1843475456,-0.715651094913,-0.715651094913,0.715651094913,0.0,-0.077355614959,-0.077355614959,,,-0.513830249152,-0.513830249152,-0.077355614959,0.0,0.092703349282,0.0,2.0,-6.2218335e-05,37446515.61160658,,,2.0,2.0
2025-06-20 00:00:00,0.0,0.0,96384.6312551952,-0.846441507339,-0.846441507339,0.846441507339,0.0,0.034192945406,0.034192945406,-0.541267574823,-0.541267574823,-1.047990335032,-1.047990335032,0.034192945406,0.0,0.105909480909,0.0,2.0,-0.000176138302,37454833.04741513,,6.0,2.0,2.0
2025-06-20 04:00:00,,,97474.54630835021,1.000813961029,1.000813961029,0.715651094913,1.716465055943,-0.069353309964,-0.069353309964,,,-0.76158380407,-0.76158380407,-0.069353309964,0.0,0.131629288656,0.0,4.0,-4.614707e-06,38467502.809785694,,,2.0,2.0
2025-06-20 08:00:00,,,97531.9243978824,0.0,0.0,0.0,0.0,0.106697399944,0.106697399944,,,0.236446708036,0.236446708036,0.106697399944,0.0,0.025100401606,0.0,1.0,-3.3803765e-05,38243711.39570354,,,1.0,1.0
2025-06-20 12:00:00,,,94769.0453842788,0.0,0.0,0.0,0.0,0.0,0.0,,,0.236446708036,0.236446708036,0.0,0.0,0.05757858699,0.0,2.0,-6.622361e-06,36839161.43284609,971524.0,,2.0,2.0
2025-06-20 16:00:00,,,93200.4603477373,-0.90543282032,-0.90543282032,0.90543282032,0.0,0.0,0.0,,,0.266048902789,0.266048902789,0.0,0.0,0.038794798337,0.0,2.0,-0.000231055549,36980907.0770645,,,1.0,1.0
2025-06-20 20:00:00,,,95776.5242489874,0.7843131423,0.7843131423,0.0,0.7843131423,0.0,0.0,,,0.252632221181,0.252632221181,0.0,0.0,0.037878787879,0.0,1.0,-3.5021616e-05,36174704.9252523,,,0.0,0.0
2025-06-21 00:00:00,0.0,0.0,101301.090486225,0.0,0.0,0.0,0.0,0.0,0.0,-0.434230845947,-0.434230845947,0.252632221181,0.252632221181,0.0,0.0,0.0,0.0,0.0,-0.000219368038,36544118.49173973,,5.0,0.0,0.0
2025-06-21 04:00:00,,,101301.090486225,0.890185713768,0.890185713768,0.0,0.890185713768,0.050681264973,0.050681264973,,,1.445014081776,1.445014081776,0.050681264973,0.0,0.22472206586,0.0,3.0,-0.000324687614,36436386.751616254,,,3.0,3.0
2025-06-21 08:00:00,,,107406.72251654901,0.0,0.0,0.0,0.0,-0.050681264973,-0.050681264973,,,0.086733752433,0.086733752433,-0.050681264973,0.0,0.037202380952,0.0,1.0,-0.000268609236,36410784.55536495,,,1.0,1.0
2025-06-21 12:00:00,,,105398.17739138802,0.0,0.0,0.0,0.0,0.0,0.0,,,0.086733752433,0.086733752433,0.0,0.0,0.200228832952,0.0,3.0,-0.000180209742,35387425.61879679,970653.0,,3.0,3.0
2025-06-21 16:00:00,,,103776.893381284,0.771397173405,0.771397173405,0.0,0.771397173405,0.072020744962,0.072020744962,,,0.450262224016,0.450262224016,0.072020744962,0.0,0.028538812785,0.0,1.0,-0.00033854492,34525726.2220798,,,1.0,1.0
2025-06-21 20:00:00,,,102105.883969716,-0.867081940174,-0.867081940174,0.867081940174,0.0,-0.072020744962,-0.072020744962,,,0.05968085672,0.05968085672,-0.072020744962,0.0,0.115366246528,0.0,4.0,-0.000197081042,33871689.33687689,,,1.0,1.0
2025-06-22 00:00:00,0.0,0.0,101086.362946093,0.0,0.0,0.0,0.0,0.0,0.0,-0.626216487811,-0.626216487811,0.036806552198,0.036806552198,0.0,0.0,0.0,0.0,0.0,-0.000236685114,32989472.698034175,,5.0,0.0,0.0
2025-06-22 04:00:00,,,101086.362946093,0.731518447399,0.731518447399,0.0,0.731518447399,0.0,0.0,,,0.013932247675,0.013932247675,0.0,0.0,0.144682831368,0.0,3.0,-0.000188997865,33146909.840584636,,,2.0,2.0
2025-06-22 08:00:00,,,97895.0013279689,-0.944469153881,-0.944469153881,0.944469153881,0.0,0.0,0.0,,,0.001291224182,0.001291224182,0.0,0.0,0.045289855072,0.0,1.0,-0.000348249011,33094421.97622636,,,0.0,0.0
2025-06-22 12:00:00,,,98003.2083105789,0.0,0.0,0.0,0.0,0.0,0.0,,,-0.064291492611,-0.064291492611,0.0,0.0,0.047638817919,0.0,2.0,-0.000143242892,32497282.601972613,970653.0,,2.0,2.0
2025-06-22 16:00:00,,,96216.0426157997,0.0,0.0,0.0,0.0,0.0,0.0,,,-0.101266146697,-0.101266146697,0.0,0.0,0.076226803486,0.0,3.0,-0.000162745114,32751491.276106548,,,3.0,3.0
2025-06-22 20:00:00,,,98049.1795758097,0.0,0.0,0.0,0.0,0.0,0.0,,,-0.159248415655,-0.159248415655,0.0,0.0,0.0,0.0,0.0,-4.744334e-06,33068388.915431663,,,0.0,0.0
2025-06-23 00:00:00,0.0,0.0,101037.096896288,0.0,0.0,0.0,0.0,0.0,0.0,-0.386636174594,-0.386636174594,-0.159248415655,-0.159248415655,0.0,0.0,0.049603174603,0.0,1.0,-4.1745317e-05,33245969.605471168,,5.0,1.0,1.0
2025-06-23 04:00:00,,,106395.37875481302,-1.693102061749,-1.693102061749,1.693102061749,0.0,0.0,0.0,,,-0.159248415655,-0.159248415655,0.0,0.0,0.138157894737,0.0,2.0,-4.7834291e-05,34137637.41373465,,,0.0,0.0
2025-06-23 08:00:00,,,108145.42162971498,0.898187994957,0.898187994957,0.0,0.898187994957,0.0,0.0,,,-0.159248415655,-0.159248415655,0.0,0.0,0.047715527367,0.0,2.0,-4.7597753e-05,33516323.06527525,,,0.0,0.0
2025-06-23 12:00:00,,,109288.931464123,1.747556388378,1.747556388378,0.0,1.747556388378,0.072020744962,0.072020744962,,,0.382319769166,0.382319769166,0.072020744962,0.0,0.116540373425,0.0,4.0,-0.000188085944,33687546.98672642,970121.0,,3.0,3.0
2025-06-23 16:00:00,,,114895.40990189901,0.0,0.0,0.0,0.0,-0.072020744962,-0.072020744962,,,-0.184461318013,-0.184461318013,-0.072020744962,0.0,0.019470404984,0.0,1.0,-1.7895067e-05,34578705.05439438,,,1.0,1.0
2025-06-23 20:00:00,,,123391.276338477,0.0,0.0,0.0,0.0,0.0,0.0,,,-0.182467928389,-0.182467928389,0.0,0.0,0.042517006803,0.0,1.0,2.1314762e-05,35587035.95016619,,,1.0,1.0
2025-06-24 00:00:00,0.0,0.0,124745.536134286,-0.985505759716,-0.985505759716,0.985505759716,0.0,-0.093360224951,-0.093360224951,-0.577908002979,-0.577908002979,-1.356778562177,-1.356778562177,-0.093360224951,0.0,0.047348484848,0.0,1.0,-2.9337e-08,35741869.8372067,,4.0,1.0,1.0
2025-06-24 04:00:00,,,125464.58163460801,0.0,0.0,0.0,0.0,0.093360224951,0.093360224951,,,-0.018521048309,-0.018521048309,0.093360224951,0.0,0.0,0.0,0.0,2.6980223e-05,35902026.41366911,,,0.0,0.0
2025-06-24 08:00:00,,,122701.91954703498,0.0,0.0,0.0,0.0,0.0,0.0,,,0.015192190792,0.015192190792,0.0,0.0,0.027777777778,0.0,1.0,2.800398e-06,36092202.23043452,,,1.0,1.0
2025-06-24 12:00:00,,,122839.793061359,0.752579808235,0.752579808235,0.0,0.752579808235,0.098695094948,0.098695094948,,,1.440493102508,1.440493102508,0.098695094948,0.0,0.061538878059,0.0,3.0,-9.8821989e-05,35646941.45700424,969769.0,,3.0,3.0
2025-06-24 16:00:00,,,121718.45212860401,0.0,0.0,0.0,0.0,-0.098695094948,-0.098695094948,,,-0.086889445542,-0.086889445542,-0.098695094948,0.0,0.09496469843,0.0,3.0,-3.8127223e-05,34749064.58020526,,,3.0,3.0
2025-06-24 20:00:00,,,121718.45212860401,0.0,0.0,0.0,0.0,0.0,0.0,,,-0.086889445542,-0.086889445542,0.0,0.0,0.0,0.0,0.0,3.0374552e-05,34440367.337717585,,,0.0,0.0
2025-06-25 00:00:00,0.0,0.0,121434.50233197799,0.0,0.0,0.0,0.0,0.0,0.0,-0.527951794332,-0.527951794332,-0.086889445542,-0.086889445542,0.0,0.0,0.0,0.0,0.0,1.193871e-06,34022920.468948625,,5.0,0.0,0.0
2025-06-25 04:00:00,,,117358.145519524,0.0,0.0,0.0,0.0,0.0,0.0,,,-0.086889445542,-0.086889445542,0.0,0.0,0.0,0.0,0.0,-7.7733904e-05,34270726.29910712,,,0.0,0.0
2025-06-25 08:00:00,,,119408.362985749,0.752759099007,0.752759099007,0.0,0.752759099007,0.064018439966,0.064018439966,,,1.318638346071,1.318638346071,0.064018439966,0.0,0.127476689977,0.0,3.0,-0.000224298294,34546139.62939743,,,3.0,3.0
2025-06-25 12:00:00,,,122115.108739808,0.0,0.0,0.0,0.0,-0.064018439966,-0.064018439966,,,-0.154372739863,-0.154372739863,-0.064018439966,0.0,0.028153153153,0.0,1.0,-0.000222283454,35882414.000048555,968487.0,,1.0,1.0
2025-06-25 16:00:00,,,120560.65637971698,0.0,0.0,0.0,0.0,0.0,0.0,,,-0.154372739863,-0.154372739863,0.0,0.0,0.025720164609,0.0,1.0,-0.000144335052,35465177.75691998,,,1.0,1.0
2025-06-25 20:00:00,,,120020.917874552,-0.715651094913,-0.715651094913,0.715651094913,0.0,-0.042678959978,-0.042678959978,,,-0.919151109889,-0.919151109889,-0.042678959978,0.0,0.063131313131,0.0,2.0,-0.000247207133,34883934.33146693,,,2.0,2.0
2025-06-26 00:00:00,0.0,0.0,120600.589824736,0.0,0.0,0.0,0.0,0.042678959978,0.042678959978,-0.504355196065,-0.504355196065,-0.068264761922,-0.068264761922,0.042678959978,0.0,0.054824561404,0.0,1.0,-0.000291229407,35394337.01679954,,4.0,0.0,0.0
2025-06-26 04:00:00,,,133728.32998331983,0.903494775295,0.903494775295,0.0,0.903494775295,0.138706619927,0.138706619927,,,0.885699627124,0.885699627124,0.138706619927,0.0,0.145568663037,0.0,2.0,-0.000196138737,36603946.63402065,,,2.0,2.0
2025-06-26 08:00:00,,,131880.55215924,-0.715651094913,-0.715651094913,0.715651094913,0.0,-0.25762078655,-0.25762078655,,,-0.796225286946,-0.796225286946,-0.25762078655,0.0,0.094696969697,0.0,2.0,-0.000152108973,35894866.2603075,,,2.0,2.0
2025-06-26 12:00:00,,,127956.50758384001,0.0,0.0,0.0,0.0,0.120669538913,0.120669538913,,,-0.072624624754,-0.072624624754,0.120669538913,0.0,0.082221972077,0.0,3.0,-0.000340547939,34951309.95068518,967424.0,,3.0,3.0
2025-06-26 16:00:00,,,127400.167507382,0.0,0.0,0.0,0.0,0.029341784985,0.029341784985,,,-0.089965651625,-0.089965651625,0.029341784985,0.0,0.0,0.0,0.0,-0.00024792689,34348045.12167566,,,0.0,0.0
2025-06-26 20:00:00,,,128516.738805404,0.0,0.0,0.0,0.0,0.0,0.0,,,-0.089965651625,-0.089965651625,0.0,0.0,0.11801016703,0.0,2.0,-0.000136110992,33917496.41047575,,,1.0,1.0
2025-06-27 00:00:00,0.0,0.0,127084.64806568502,0.0,0.0,0.0,0.0,0.0,0.0,-0.681459343925,-0.681459343925,-0.078299648952,-0.078299648952,0.0,0.0,0.080500894454,0.0,2.0,-0.000212747632,33747488.43607338,,5.0,2.0,2.0
2025-06-27 04:00:00,,,127598.61199537202,-1.633781790733,-1.633781790733,1.633781790733,0.0,-0.10868997686,-0.10868997686,,,-1.49819877251,-1.49819877251,-0.10868997686,0.0,0.215674848028,0.0,3.0,-0.000144066431,33208739.047284983,,,3.0,3.0
2025-06-27 08:00:00,,,127598.61199537202,0.0,0.0,0.0,0.0,0.063533951214,0.063533951214,,,0.077995905987,0.077995905987,0.063533951214,0.0,0.0,0.0,0.0,-2.4380198e-05,33282190.103256453,,,0.0,0.0
2025-06-27 12:00:00,,,126693.451331027,0.0,0.0,0.0,0.0,0.0,0.0,,,0.077995905987,0.077995905987,0.0,0.0,0.069388485988,0.0,2.0,-0.000109295595,33739723.136531614,966997.0,,2.0,2.0
2025-06-27 16:00:00,,,123981.322368234,0.834883630276,0.834883630276,0.0,0.834883630276,0.0,0.0,,,0.077995905987,0.077995905987,0.0,0.0,0.068973315242,0.0,2.0,-0.000215034189,32746048.879861034,,,0.0,0.0
2025-06-27 20:00:00,,,123981.322368234,0.0,0.0,0.0,0.0,0.0,0.0,,,0.121717297596,0.121717297596,0.0,0.0,0.046296296296,0.0,1.0,-6.50613e-05,33268143.972705647,,,1.0,1.0
2025-06-28 00:00:00,0.0,0.0,123981.322368234,0.903494775295,0.903494775295,0.0,0.903494775295,0.077355614959,0.077355614959,-0.416669265277,-0.416669265277,0.429783968744,0.429783968744,0.077355614959,0.0,0.157288698955,0.0,2.0,-0.000269743664,33291157.986404568,,3.0,1.0,1.0
2025-06-28 04:00:00,,,124265.52599793501,0.0,0.0,0.0,0.0,-0.077355614959,-0.077355614959,,,0.113824450779,0.113824450779,-0.077355614959,0.0,0.0,0.0,0.0,-0.000312525101,33986590.39552425,,,0.0,0.0
2025-06-28 08:00:00,,,125553.65630310398,0.0,0.0,0.0,0.0,0.0,0.0,,,0.091502748065,0.091502748065,0.0,0.0,0.05787037037,0.0,1.0,-0.000106457195,33820937.70992386,,,1.0,1.0
2025-06-28 12:00:00,,,125736.99999102301,0.0,0.0,0.0,0.0,0.0,0.0,,,0.084062180493,0.084062180493,0.0,0.0,0.096951659452,0.0,2.0,-0.00015105761,34567292.28926118,967269.0,,2.0,2.0
2025-06-28 16:00:00,,,140311.606496941,0.0,0.0,0.0,0.0,0.0,0.0,,,0.084062180493,0.084062180493,0.0,0.0,0.023148148148,0.0,1.0,-8.1114547e-05,35082699.470520265,,,1.0,1.0
2025-06-28 20:00:00,,,141462.38029878898,0.0,0.0,0.0,0.0,0.0,0.0,,,0.134163856222,0.134163856222,0.0,0.0,0.0,0.0,0.0,-1.5462944e-05,35291027.644454144,,,0.0,0.0
2025-06-29 00:00:00,0.0,0.0,138527.041283227,0.0,0.0,0.0,0.0,0.0,0.0,-0.593958015344,-0.593958015344,0.102400884986,0.102400884986,0.0,0.0,0.0,0.0,0.0,9.37742e-07,34318112.86340125,,3.0,0.0,0.0
2025-06-29 04:00:00,,,138677.803817369,0.0,0.0,0.0,0.0,0.0,0.0,,,0.102400884986,0.102400884986,0.0,0.0,0.130208333333,0.0,1.0,3.0507439e-05,35265298.81326586,,,1.0,1.0
2025-06-29 08:00:00,,,140664.694175149,0.0,0.0,0.0,0.0,0.0,0.0,,,0.102400884986,0.102400884986,0.0,0.0,0.091575091575,0.0,2.0,-6.1231735e-05,34729153.48249231,,,2.0,2.0
2025-06-29 12:00:00,,,125512.695361375,-0.715651094913,-0.715651094913,0.715651094913,0.0,-0.160046099916,-0.160046099916,,,-0.429050555191,-0.429050555191,-0.160046099916,0.0,0.128968253968,0.0,3.0,-0.000128755938,33853007.08087461,966992.0,,3.0,3.0
2025-06-29 16:00:00,,,124719.426366595,0.0,0.0,0.0,0.0,0.128036879933,0.128036879933,,,0.06326255483,0.06326255483,0.128036879933,0.0,0.097109304426,0.0,2.0,-6.2848556e-05,34867939.182994194,,,1.0,1.0
2025-06-29 20:00:00,,,132833.654161762,0.0,0.0,0.0,0.0,0.032009219983,0.032009219983,,,0.039628787699,0.039628787699,0.032009219983,0.0,0.0,0.0,0.0,-3.9001976e-05,36287118.2435546,,,0.0,0.0
2025-06-30 00:00:00,0.0,0.0,136658.499695528,0.0,0.0,0.0,0.0,0.0,0.0,-0.450646352825,-0.450646352825,0.039628787699,0.039628787699,0.0,0.0,0.0,0.0,0.0,-8.7402202e-05,35978724.03095043,,2.0,0.0,0.0
2025-06-30 04:00:00,,,137639.7961888436,0.0,0.0,0.0,0.0,0.0,0.0,,,0.039628787699,0.039628787699,0.0,0.0,0.0,0.0,0.0,2.154811e-06,36639160.045714796,,,0.0,0.0
2025-06-30 08:00:00,,,136966.732960741,0.760294139385,0.760294139385,0.0,0.760294139385,0.0,0.0,,,0.039628787699,0.039628787699,0.0,0.0,0.084241678387,0.0,2.0,-9.6468733e-05,38971128.85358764,,,1.0,1.0
2025-06-30 12:00:00,,,131137.660897078,0.0,0.0,0.0,0.0,0.0,0.0,,,0.083832833816,0.083832833816,0.0,0.0,0.051471709623,0.0,2.0,-0.000115254587,36731070.04625311,967303.0,,2.0,2.0
2025-06-30 16:00:00,,,131471.590520599,0.0,0.0,0.0,0.0,0.0,0.0,,,0.128036879933,0.128036879933,0.0,0.0,0.030637254902,0.0,1.0,-5.7738703e-05,37465129.333371654,,,0.0,0.0
2025-06-30 20:00:00,,,130075.66169557002,0.0,0.0,0.0,0.0,0.0,0.0,,,0.128036879933,0.128036879933,0.0,0.0,0.025720164609,0.0,1.0,1.8852075e-05,36165914.84515938,,,1.0,1.0
2025-07-01 00:00:00,0.0,0.0,128022.62925405898,0.0,0.0,0.0,0.0,0.0,0.0,-0.374774705786,-0.374774705786,0.128036879933,0.128036879933,0.0,0.0,0.0,0.0,0.0,9.836405e-06,35613365.02685318,,4.0,0.0,0.0
2025-07-01 04:00:00,,,127229.431918746,0.0,0.0,0.0,0.0,0.0,0.0,,,0.128036879933,0.128036879933,0.0,0.0,0.030637254902,0.0,1.0,-8.3691449e-05,35306627.54919395,,,1.0,1.0
2025-07-01 08:00:00,,,130239.81117209079,0.0,0.0,0.0,0.0,0.0,0.0,,,0.128036879933,0.128036879933,0.0,0.0,0.0,0.0,0.0,-0.000221553211,34018002.9692589,,,0.0,0.0
2025-07-01 12:00:00,,,131539.449032127,1.643766582012,1.643766582012,0.0,1.643766582012,0.066685874965,0.066685874965,,,0.943460624592,0.943460624592,0.066685874965,0.0,0.133771021139,0.0,5.0,-0.000205444777,34126709.55706802,966974.0,,3.0,3.0
2025-07-01 16:00:00,,,133350.917970218,-0.715651094913,-0.715651094913,0.715651094913,0.0,-0.09002536803,-0.09002536803,,,-1.191263031526,-1.191263031526,-0.09002536803,0.0,0.150937174718,0.0,5.0,-0.00030719964,32803799.609758362,,,3.0,3.0
2025-07-01 20:00:00,,,133860.702419232,0.0,0.0,0.0,0.0,0.072020744962,0.072020744962,,,0.127915389686,0.127915389686,0.072020744962,0.0,0.0,0.0,0.0,-0.000407763073,32787889.784228746,,,0.0,0.0
2025-07-02 00:00:00,0.0,0.0,136518.875386496,0.0,0.0,0.0,0.0,0.0,0.0,-0.567004046241,-0.567004046241,0.127915389686,0.127915389686,0.0,0.0,0.0,0.0,0.0,-0.000241651127,32607037.378299445,,2.0,0.0,0.0
2025-07-02 04:00:00,,,137957.883500822,0.0,0.0,0.0,0.0,0.0,0.0,,,0.056738104448,0.056738104448,0.0,0.0,0.0,0.0,0.0,-0.000146309138,33481802.893761575,,,0.0,0.0
2025-07-02 08:00:00,,,144356.48891678298,-0.715651094913,-0.715651094913,0.715651094913,0.0,-0.106697399944,-0.106697399944,,,-0.714213026402,-0.714213026402,-0.106697399944,0.0,0.041666666667,0.0,1.0,-8.887554e-05,33709509.51624554,,,1.0,1.0
2025-07-02 12:00:00,,,147087.321962018,0.0,0.0,0.0,0.0,0.106697399944,0.106697399944,,,0.104104941756,0.104104941756,0.106697399944,0.0,0.076984027877,0.0,3.0,-7.87329e-07,34348170.15365485,966507.0,,2.0,2.0
2025-07-02 16:00:00,,,156053.470306375,0.0,0.0,0.0,0.0,0.0,0.0,,,0.104104941756,0.104104941756,0.0,0.0,0.0,0.0,0.0,2.4524265e-05,35352110.39569166,,,0.0,0.0
2025-07-02 20:00:00,,,154704.675368263,0.0,0.0,0.0,0.0,0.0,0.0,,,0.104104941756,0.104104941756,0.0,0.0,0.0,0.0,0.0,3.0424426e-05,34555183.330041215,,,0.0,0.0
2025-07-03 00:00:00,0.0,0.0,155485.768294618,0.0,0.0,0.0,0.0,0.0,0.0,-0.682344389311,-0.682344389311,0.104104941756,0.104104941756,0.0,0.0,0.0,0.0,0.0,3.0355075e-05,34553783.77824253,,7.0,0.0,0.0
2025-07-03 04:00:00,,,162544.249289105,0.0,0.0,0.0,0.0,0.0,0.0,,,0.104104941756,0.104104941756,0.0,0.0,0.11113086771,0.0,2.0,3.0334953e-05,35656371.56558154,,,1.0,1.0
2025-07-03 08:00:00,,,157539.759161279,0.0,0.0,0.0,0.0,0.0,0.0,,,0.104104941756,0.104104941756,0.0,0.0,0.071355386417,0.0,2.0,3.0617376e-05,34182686.12974158,,,2.0,2.0
2025-07-03 12:00:00,,,154532.171865226,0.0,0.0,0.0,0.0,0.0,0.0,,,0.104104941756,0.104104941756,0.0,0.0,0.054487179487,0.0,2.0,4.289369e-06,33629686.129250266,966227.0,,1.0,1.0
2025-07-03 16:00:00,,,156513.218550719,-0.715651094913,-0.715651094913,0.715651094913,0.0,-0.138706619927,-0.138706619927,,,-1.122103976312,-1.122103976312,-0.138706619927,0.0,0.090287656077,0.0,3.0,1.1393537e-05,10898384.37481642,,,3.0,3.0
2025-07-03 20:00:00,,,156390.770243285,0.062653243542,0.062653243542,0.742773711681,0.805426955223,0.124498749357,0.124498749357,,,0.762412410726,0.762412410726,0.124498749357,0.0,0.162037037037,0.0,2.0,1.1134637e-05,10808407.984256942,,,1.0,1.0
2025-07-04 00:00:00,0.0,0.0,155984.127266489,0.0,0.0,0.0,0.0,-0.038225863832,-0.038225863832,-0.420059087236,-0.420059087236,0.13236554437,0.13236554437,-0.038225863832,0.0,0.0,0.0,0.0,-4.3947474e-05,10760929.86092489,,2.0,0.0,0.0
2025-07-04 04:00:00,,,150729.865037701,0.0,0.0,0.0,0.0,0.0,0.0,,,0.125476870617,0.125476870617,0.0,0.0,0.069444444444,0.0,1.0,-0.000181453281,33389940.82836341,,,1.0,1.0
2025-07-04 08:00:00,,,151423.793187801,0.0,0.0,0.0,0.0,0.0,0.0,,,0.095528286183,0.095528286183,0.0,0.0,0.091346691259,0.0,3.0,-0.00011238425,33645741.723124295,,,2.0,2.0
2025-07-04 12:00:00,,,161757.777434405,0.957753419876,0.957753419876,0.0,0.957753419876,0.0,0.0,,,0.095528286183,0.095528286183,0.0,0.0,0.033412191225,0.0,2.0,-0.000376936366,33816260.934570834,965757.0,,1.0,1.0
2025-07-04 16:00:00,,,160708.536750239,0.0,0.0,0.0,0.0,0.0,0.0,,,0.095528286183,0.095528286183,0.0,0.0,0.032552083333,0.0,1.0,-0.000185802883,33082944.95302435,,,1.0,1.0
2025-07-04 20:00:00,,,161807.157416537,0.0,0.0,0.0,0.0,0.0,0.0,,,0.083758425495,0.083758425495,0.0,0.0,0.0,0.0,0.0,-9.4081442e-05,33289142.697574675,,,0.0,0.0
2025-07-05 00:00:00,0.0,0.0,161184.790361865,0.0,0.0,0.0,0.0,0.0,0.0,-0.4712744454,-0.4712744454,0.048448843432,0.048448843432,0.0,0.0,0.0,0.0,0.0,-0.000153197579,33566519.26500812,,1.0,0.0,0.0
2025-07-05 04:00:00,,,166418.161208491,0.0,0.0,0.0,0.0,0.0,0.0,,,0.048448843432,0.048448843432,0.0,0.0,0.05787037037,0.0,1.0,-0.000126086724,34118667.52750507,,,1.0,1.0
2025-07-05 08:00:00,,,164783.989500535,0.0,0.0,0.0,0.0,0.0,0.0,,,0.048448843432,0.048448843432,0.0,0.0,0.099206349206,0.0,1.0,2.9882081e-05,33694930.49053985,,,0.0,0.0
2025-07-05 12:00:00,,,164368.265822301,0.0,0.0,0.0,0.0,0.0,0.0,,,0.048448843432,0.048448843432,0.0,0.0,0.038580246914,0.0,1.0,-0.000222645768,33171843.06737513,965686.0,,1.0,1.0
2025-07-05 16:00:00,,,164287.898683339,0.0,0.0,0.0,0.0,0.0,0.0,,,0.048448843432,0.048448843432,0.0,0.0,0.023946360153,0.0,1.0,-0.000325291641,32963303.695758246,,,1.0,1.0
2025-07-05 20:00:00,,,149299.501373398,0.0,0.0,0.0,0.0,0.0,0.0,,,0.048448843432,0.048448843432,0.0,0.0,0.041666666667,0.0,1.0,-0.000163262125,33205443.651129983,,,1.0,1.0
2025-07-06 00:00:00,0.0,0.0,149299.501373398,0.0,0.0,0.0,0.0,0.0,0.0,-0.686360080931,-0.686360080931,0.048448843432,0.048448843432,0.0,0.0,0.0,0.0,0.0,-0.000212699462,33326085.548228964,,4.0,0.0,0.0
2025-07-06 04:00:00,,,149299.501373398,0.0,0.0,0.0,0.0,0.0,0.0,,,0.048448843432,0.048448843432,0.0,0.0,0.173611111111,0.0,1.0,-0.000182217744,33517979.229941133,,,1.0,1.0
2025-07-06 08:00:00,,,149299.501373398,-1.446220576763,-1.446220576763,1.446220576763,0.0,-0.260396026156,-0.260396026156,,,-1.952562418977,-1.952562418977,-0.260396026156,0.0,1.047804905389,0.0,21.0,-0.000184090477,33496591.971806407,,,3.0,3.0
2025-07-06 12:00:00,,,153261.933068168,0.87339836359,0.87339836359,0.0,0.87339836359,0.182589505115,0.182589505115,,,0.128036879933,0.128036879933,0.182589505115,0.0,0.136700046407,0.0,4.0,-6.1438046e-05,34352654.28627573,961523.0,,0.0,0.0
2025-07-06 16:00:00,,,153261.933068168,0.0,0.0,0.0,0.0,0.039964811156,0.039964811156,,,0.128036879933,0.128036879933,0.039964811156,0.0,1.936266175897,0.0,47.0,-4.063507e-05,34352764.15188344,,,0.0,0.0
2025-07-06 20:00:00,,,153261.933068168,-0.733045518398,-0.733045518398,0.733045518398,0.0,-0.053348699972,-0.053348699972,,,-0.325408829639,-0.325408829639,-0.053348699972,0.0,0.088015389082,0.0,2.0,-2.6280954e-05,34101984.410343416,,,1.0,1.0
2025-07-07 00:00:00,0.0,0.0,154571.385915549,0.0,0.0,0.0,0.0,0.053348699972,0.053348699972,0.681856117874,0.681856117874,0.156188788689,0.156188788689,0.053348699972,0.0,0.065104166667,0.0,1.0,3.0672343e-05,34596369.53710486,,2.0,0.0,0.0
2025-07-07 04:00:00,,,152678.868466312,1.681256115437,1.681256115437,0.0,1.681256115437,0.112032269941,0.112032269941,,,0.640103708195,0.640103708195,0.112032269941,0.0,0.108243364822,0.0,2.0,3.067976e-05,34943230.22942137,,,1.0,1.0
2025-07-07 08:00:00,,,154104.509319399,0.0,0.0,0.0,0.0,-0.112032269941,-0.112032269941,,,0.11707609569,0.11707609569,-0.112032269941,0.0,0.029761904762,0.0,1.0,-1.8571491e-05,34824452.778081946,,,1.0,1.0
2025-07-07 12:00:00,,,152341.322048755,-0.871947109699,-0.871947109699,0.871947109699,0.0,0.0,0.0,,,0.11707609569,0.11707609569,0.0,0.0,0.243140150117,0.0,7.0,-4.4559159e-05,34316484.43256601,962487.0,,2.0,2.0
2025-07-07 16:00:00,,,152341.322048755,14.22080630064,14.22080630064,0.0,14.22080630064,0.141374054926,0.141374054926,,,1.854244285835,1.854244285835,0.141374054926,0.0,0.838366697777,0.0,22.0,-1.468261e-06,33832828.16829671,,,2.0,2.0
2025-07-07 20:00:00,,,149632.22121713,0.0,0.0,0.0,0.0,-0.128036879933,-0.128036879933,,,-0.07103947661,-0.07103947661,-0.128036879933,0.0,0.0,0.0,0.0,1.413839e-06,33898971.35965356,,,0.0,0.0
2025-07-08 00:00:00,0.0,0.0,149632.22121713,0.843120455742,0.843120455742,0.0,0.843120455742,0.034676654982,0.034676654982,-0.130822134021,-0.130822134021,0.123619506132,0.123619506132,0.034676654982,0.0,0.121410472973,0.0,2.0,-0.000131792405,33475404.348203227,,5.0,1.0,1.0
2025-07-08 04:00:00,,,148608.146496442,0.0,0.0,0.0,0.0,-0.048013829975,-0.048013829975,,,-0.084342237021,-0.084342237021,-0.048013829975,0.0,0.088063607085,0.0,2.0,-0.000323438593,33639449.90183961,,,2.0,2.0
2025-07-08 08:00:00,,,152240.976071573,-0.715651094913,-0.715651094913,0.715651094913,0.0,-0.154711229919,-0.154711229919,,,-0.425023813307,-0.425023813307,-0.154711229919,0.0,0.117633203717,0.0,4.0,-7.9717981e-05,34133737.18440815,,,4.0,4.0
2025-07-08 12:00:00,,,151781.848781631,0.772641003132,0.772641003132,0.0,0.772641003132,0.128036879933,0.128036879933,,,0.114364200193,0.114364200193,0.128036879933,0.0,0.094213087397,0.0,4.0,-0.000288308062,35784955.13721247,962253.0,,3.0,3.0
2025-07-08 16:00:00,,,155021.963947431,0.801594376564,0.801594376564,0.0,0.801594376564,0.026674349986,0.026674349986,,,0.111324104575,0.111324104575,0.026674349986,0.0,0.044825343738,0.0,2.0,2.95859e-05,36708024.59346073,,,1.0,1.0
2025-07-08 20:00:00,,,154791.5937728514,0.0,0.0,0.0,0.0,0.0,0.0,,,-0.084447375603,-0.084447375603,0.0,0.0,0.0,0.0,0.0,2.9664048e-05,36560374.348449305,,,0.0,0.0
2025-07-09 00:00:00,0.0,0.0,154638.013656465,0.0,0.0,0.0,0.0,0.0,0.0,-0.344539812404,-0.344539812404,-0.140131049378,-0.140131049378,0.0,0.0,0.0,0.0,0.0,-2.4226744e-05,36063274.73080855,,3.0,0.0,0.0
2025-07-09 04:00:00,,,154638.013656465,0.0,0.0,0.0,0.0,0.0,0.0,,,-0.140131049378,-0.140131049378,0.0,0.0,0.0,0.0,0.0,2.9964567e-05,37093342.98523879,,,0.0,0.0
2025-07-09 08:00:00,,,155876.497357205,0.012449622154,0.012449622154,0.715651094913,0.728100717068,-0.074688179961,-0.074688179961,,,-0.325806185086,-0.325806185086,-0.074688179961,0.0,0.082581109367,0.0,2.0,3.0296855e-05,36434521.16339216,,,1.0,1.0
2025-07-09 12:00:00,,,155019.156369639,0.92665553093,0.92665553093,0.715651094913,1.642306625843,-0.03734408998,-0.03734408998,,,-0.116289450577,-0.116289450577,-0.03734408998,0.0,0.086543875606,0.0,4.0,-4.2050188e-05,35946686.56468776,961784.0,,2.0,2.0
2025-07-09 16:00:00,,,159391.955231169,0.0,0.0,0.0,0.0,0.112032269941,0.112032269941,,,-0.137736287718,-0.137736287718,0.112032269941,0.0,0.104242086698,0.0,4.0,-2.7302722e-05,37105432.309976295,,,4.0,4.0
2025-07-09 20:00:00,,,163385.962276019,0.0,0.0,0.0,0.0,0.0,0.0,,,-0.128039673369,-0.128039673369,0.0,0.0,0.120106900393,0.0,4.0,-4.9381293e-05,38003106.624400854,,,4.0,4.0
2025-07-10 00:00:00,0.0,0.0,161985.744550763,0.0,0.0,0.0,0.0,0.0,0.0,0.03495524045,0.03495524045,-0.128039673369,-0.128039673369,0.0,0.0,0.148485866732,0.0,3.0,3.0493858e-05,38051039.25914773,,6.0,2.0,2.0
2025-07-10 04:00:00,,,161292.44122830662,0.0,0.0,0.0,0.0,0.0,0.0,,,-0.128039673369,-0.128039673369,0.0,0.0,0.067204301075,0.0,1.0,2.3549285e-05,39043277.5910373,,,1.0,1.0
2025-07-10 08:00:00,,,163766.783591843,0.0,0.0,0.0,0.0,0.0,0.0,,,-0.020545250161,-0.020545250161,0.0,0.0,0.084056058321,0.0,2.0,-0.000123354565,40133018.208722256,,,1.0,1.0
2025-07-10 12:00:00,,,157656.617776619,0.759437978268,0.759437978268,0.0,0.759437978268,0.0,0.0,,,0.60522618841,0.60522618841,0.0,0.0,0.189491492487,0.0,6.0,3.0312152e-05,39095461.41963166,961381.0,,3.0,3.0
2025-07-10 16:00:00,,,162526.332497811,0.935184955597,0.935184955597,0.0,0.935184955597,0.109364834943,0.109364834943,,,1.153031540919,1.153031540919,0.109364834943,0.0,0.118770709379,0.0,6.0,3.0104101e-05,40067092.881099515,,,4.0,5.0
2025-07-10 20:00:00,,,165782.14667657,0.0,0.0,0.0,0.0,-0.109364834943,-0.109364834943,,,-0.09198399671,-0.09198399671,-0.109364834943,0.0,0.0,0.0,0.0,3.0163163e-05,40791382.82543264,,,0.0,0.0
2025-07-11 00:00:00,0.0,0.0,171856.02607589,0.0,0.0,0.0,0.0,0.0,0.0,-0.466788060046,-0.466788060046,-0.151261991072,-0.151261991072,0.0,0.0,0.056902638424,0.0,2.0,-0.000100843827,44117320.38805169,,3.0,1.0,1.0
2025-07-11 04:00:00,,,167374.4925691396,0.0,0.0,0.0,0.0,0.0,0.0,,,-0.125509167045,-0.125509167045,0.0,0.0,0.0,0.0,0.0,1.0674658e-05,44464985.85464738,,,0.0,0.0
2025-07-11 08:00:00,,,154521.688153867,0.0,0.0,0.0,0.0,0.0,0.0,,,-0.107769683538,-0.107769683538,0.0,0.0,0.0,0.0,0.0,2.788562e-05,45205628.44524596,,,0.0,0.0
2025-07-11 12:00:00,,,146415.394532669,0.0,0.0,0.0,0.0,0.0,0.0,,,-0.107769683538,-0.107769683538,0.0,0.0,0.022163120567,0.0,1.0,2.0211973e-05,43702012.572788686,961626.0,,1.0,1.0
2025-07-11 16:00:00,,,140075.9986183742,0.0,0.0,0.0,0.0,0.0,0.0,,,-0.107769683538,-0.107769683538,0.0,0.0,0.144437139704,0.0,7.0,3.04283e-05,45368569.30788039,,,5.0,6.0
2025-07-11 20:00:00,,,136772.476974386,0.0,0.0,0.0,0.0,0.0,0.0,,,-0.130672465616,-0.130672465616,0.0,0.0,0.05557362828,0.0,2.0,-6.1837246e-05,43826130.203788616,,,2.0,2.0
2025-07-12 00:00:00,0.0,0.0,133961.465922445,0.0,0.0,0.0,0.0,0.0,0.0,-0.310852363757,-0.310852363757,-0.137457194902,-0.137457194902,0.0,0.0,0.0,0.0,0.0,3.0097973e-05,42283536.07867864,,3.0,0.0,0.0
2025-07-12 04:00:00,,,133315.298914963,0.0,0.0,0.0,0.0,0.0,0.0,,,-0.167776650662,-0.167776650662,0.0,0.0,0.0,0.0,0.0,3.0128278e-05,41926590.52290879,,,0.0,0.0
2025-07-12 08:00:00,,,131000.482655219,0.0,0.0,0.0,0.0,0.0,0.0,,,-0.167776650662,-0.167776650662,0.0,0.0,0.125112460639,0.0,3.0,5.67307e-07,40657788.88254857,,,2.0,3.0
2025-07-12 12:00:00,,,125019.620124811,0.0,0.0,0.0,0.0,0.0,0.0,,,-0.167776650662,-0.167776650662,0.0,0.0,0.141988460003,0.0,4.0,-0.000112296795,39990467.853058234,961775.0,,3.0,4.0
2025-07-12 16:00:00,,,129873.53287445121,0.849592506886,0.849592506886,0.0,0.849592506886,0.053348699972,0.053348699972,,,0.561189135723,0.561189135723,0.053348699972,0.0,0.083756180068,0.0,2.0,3.648064e-06,42152929.98151233,,,2.0,2.0
2025-07-12 20:00:00,,,131806.942061588,0.0,0.0,0.0,0.0,-0.053348699972,-0.053348699972,,,-0.206038337757,-0.206038337757,-0.053348699972,0.0,0.109211775878,0.0,2.0,2.5497379e-05,43139930.17013372,,,2.0,2.0
2025-07-13 00:00:00,0.0,0.0,131073.081683524,0.0,0.0,0.0,0.0,0.0,0.0,-0.428689964837,-0.428689964837,-0.188319329711,-0.188319329711,0.0,0.0,0.0,0.0,0.0,2.302892e-05,43408098.88613142,,4.0,0.0,0.0
2025-07-13 04:00:00,,,129415.47756936001,0.0,0.0,0.0,0.0,0.0,0.0,,,-0.159959461232,-0.159959461232,0.0,0.0,0.059523809524,0.0,1.0,2.867358e-05,42555021.92025229,,,1.0,1.0
2025-07-13 08:00:00,,,127856.47987941702,0.0,0.0,0.0,0.0,0.0,0.0,,,-0.128036879933,-0.128036879933,0.0,0.0,0.048449612403,0.0,1.0,2.8501459e-05,42498016.07241745,,,1.0,1.0
2025-07-13 12:00:00,,,126001.109245876,0.0,0.0,0.0,0.0,0.0,0.0,,,-0.128036879933,-0.128036879933,0.0,0.0,0.127753299356,0.0,4.0,2.8431012e-05,41973745.14138927,961446.0,,3.0,3.0
2025-07-13 16:00:00,,,124914.04867648,0.0,0.0,0.0,0.0,0.0,0.0,,,-0.128036879933,-0.128036879933,0.0,0.0,0.052429566318,0.0,2.0,2.8419882e-05,41682810.706716895,,,2.0,2.0
2025-07-13 20:00:00,,,116295.03490603101,0.0,0.0,0.0,0.0,0.0,0.0,,,-0.128036879933,-0.128036879933,0.0,0.0,0.0,0.0,0.0,2.8561008e-05,41779566.79625383,,,0.0,0.0
2025-07-14 00:00:00,0.0,0.0,115610.13345836502,0.0,0.0,0.0,0.0,0.0,0.0,0.290101377598,0.290101377598,-0.128036879933,-0.128036879933,0.0,0.0,0.0,0.0,0.0,2.9021635e-05,42778505.82539526,,5.0,0.0,0.0
2025-07-14 04:00:00,,,117115.268775073,0.850071668625,0.850071668625,0.0,0.850071668625,0.042678959978,0.042678959978,,,1.210114477135,1.210114477135,0.042678959978,0.0,0.03591954023,0.0,1.0,2.84688e-05,44936005.366354525,,,1.0,1.0
2025-07-14 08:00:00,,,119499.22100780699,0.0,0.0,0.0,0.0,-0.042678959978,-0.042678959978,,,-0.182599541143,-0.182599541143,-0.042678959978,0.0,0.023674242424,0.0,1.0,-4.5404336e-05,44381184.81618363,,,1.0,1.0
2025-07-14 12:00:00,,,121453.23184241662,0.918419957161,0.918419957161,0.0,0.918419957161,0.0,0.0,,,0.98039496833,0.98039496833,0.0,0.0,0.08114041071,0.0,4.0,-0.000291498512,46209394.489801496,960902.0,,3.0,3.0
2025-07-14 16:00:00,,,113271.37018855501,0.751545071602,0.751545071602,0.0,0.751545071602,0.0,0.0,,,-0.22539489227,-0.22539489227,0.0,0.0,0.085846549914,0.0,3.0,-0.000287534994,48356199.33367864,,,2.0,2.0
2025-07-14 20:00:00,,,114176.97966698298,0.0,0.0,0.0,0.0,0.0,0.0,,,-0.22539489227,-0.22539489227,0.0,0.0,0.014467592593,0.0,1.0,-0.000268328628,50344412.053267375,,,1.0,1.0
2025-07-15 00:00:00,0.0,0.0,114099.174309706,0.0,0.0,0.0,0.0,0.0,0.0,-0.225879856453,-0.225879856453,-0.22539489227,-0.22539489227,0.0,0.0,0.0,0.0,0.0,-0.000329681603,46275210.11942601,,4.0,0.0,0.0
2025-07-15 04:00:00,,,115720.568884083,0.0,0.0,0.0,0.0,0.0,0.0,,,-0.193192762301,-0.193192762301,0.0,0.0,0.0,0.0,0.0,-0.000264302549,45899516.91972667,,,0.0,0.0
2025-07-15 08:00:00,,,115803.688621246,0.0,0.0,0.0,0.0,0.0,0.0,,,-0.182458718978,-0.182458718978,0.0,0.0,0.066311612364,0.0,2.0,-0.000403079866,47285818.85539794,,,1.0,1.0
2025-07-15 12:00:00,,,108780.06427599098,0.750426828861,0.750426828861,0.0,0.750426828861,0.149376359922,0.149376359922,,,1.539993184942,1.539993184942,0.149376359922,0.022163120567,0.111476608187,1.0,4.0,-0.000182970866,49975494.79600712,960075.0,,4.0,4.0
2025-07-15 16:00:00,,,107031.9108364424,0.0,0.0,0.0,0.0,-0.128036879933,-0.128036879933,,,-0.202253021338,-0.202253021338,-0.128036879933,0.0,0.045946701826,0.0,2.0,1.284211e-06,58336407.558957174,,,2.0,2.0
2025-07-15 20:00:00,,,92424.4752350969,0.0,0.0,0.0,0.0,-0.021339479989,-0.021339479989,,,-0.202253021338,-0.202253021338,-0.021339479989,0.0,0.027412280702,0.0,1.0,3.0142105e-05,55703864.001238525,,,1.0,1.0
2025-07-16 00:00:00,0.0,0.0,97604.9286278599,0.822086632252,0.822086632252,0.0,0.822086632252,0.0,0.0,-0.376753227354,-0.376753227354,-0.202253021338,-0.202253021338,0.0,0.0,0.054824561404,0.0,1.0,-0.00022351812,60341811.48152284,,0.0,0.0,0.0
2025-07-16 04:00:00,,,101822.790628494,0.0,0.0,0.0,0.0,0.0,0.0,,,-0.202253021338,-0.202253021338,0.0,0.0,0.201994488666,0.0,4.0,-6.8002927e-05,66190402.29688078,,,2.0,2.0
2025-07-16 08:00:00,,,92835.5579412898,3.104756772518,3.104756772518,0.0,3.104756772518,0.340138068314,0.340138068314,,,2.006384599013,2.006384599013,0.340138068314,0.0,0.25384226781,0.0,8.0,-0.000421558816,65661536.021136485,,,8.0,8.0
2025-07-16 12:00:00,,,91665.36503832259,2.399543762207,2.399543762207,0.0,2.399543762207,-0.249555303477,-0.249555303477,,,0.238325058029,0.238325058029,-0.249555303477,0.0,0.223121875476,0.0,9.0,-0.000228648444,69409740.34241423,960683.0,,3.0,3.0
2025-07-16 16:00:00,,,86792.722027943,0.0,0.0,0.0,0.0,-0.005334869997,-0.005334869997,,,-0.215655493669,-0.215655493669,-0.005334869997,0.0,0.0,0.0,0.0,-0.000126156143,63183840.39521159,,,0.0,0.0
2025-07-16 20:00:00,,,86564.18639960253,0.0,0.0,0.0,0.0,0.0,0.0,,,-0.212957060449,-0.212957060449,0.0,0.0,0.0,0.0,0.0,-0.000292124818,60475845.01570934,,,0.0,0.0
2025-07-17 00:00:00,0.0,0.0,82876.5251046796,0.0,0.0,0.0,0.0,0.0,0.0,-0.374923940254,-0.374923940254,-0.204258106382,-0.204258106382,0.0,0.0,0.0,0.0,0.0,-7.5756806e-05,58449010.08146009,,0.0,0.0,0.0
2025-07-17 04:00:00,,,85880.9615536407,0.0,0.0,0.0,0.0,0.0,0.0,,,-0.201358455026,-0.201358455026,0.0,0.0,0.0,0.0,0.0,-0.000272241072,61027687.22692248,,,0.0,0.0
2025-07-17 08:00:00,,,90544.4891192237,0.0,0.0,0.0,0.0,0.0,0.0,,,-0.201358455026,-0.201358455026,0.0,0.0,0.069444444444,0.0,2.0,-0.000119749956,63207719.71974055,,,0.0,0.0
2025-07-17 12:00:00,,,86214.6004207923,0.720508813858,0.720508813858,0.0,0.720508813858,0.0,0.0,,,-0.201358455026,-0.201358455026,0.0,0.0,0.146129130957,0.0,5.0,-0.000155379333,60742970.14357552,960736.0,,0.0,0.0
2025-07-17 16:00:00,,,84818.04896910687,2.659796416759,2.659796416759,0.0,2.659796416759,0.0,0.0,,,-0.201358455026,-0.201358455026,0.0,0.021258503401,0.170458251269,1.0,6.0,2.818884e-06,57926126.92077306,,,0.0,0.0
2025-07-17 20:00:00,,,90221.06607187857,0.0,0.0,0.0,0.0,0.0,0.0,,,-0.201358455026,-0.201358455026,0.0,0.0,0.0,0.0,0.0,-0.00020996955,58497037.59294297,,,0.0,0.0
2025-07-18 00:00:00,0.0,0.0,90761.94725510909,0.0,0.0,0.0,0.0,0.0,0.0,-0.359638980203,-0.359638980203,-0.201358455026,-0.201358455026,0.0,0.0,0.0,0.0,0.0,-8.9937681e-05,62778317.83361107,,0.0,0.0,0.0
2025-07-18 04:00:00,,,86708.703115201,1.538946509361,1.538946509361,0.0,1.538946509361,0.0,0.0,,,-0.175696990336,-0.175696990336,0.0,0.0,0.068912885001,0.0,2.0,-7.9379258e-05,60643347.763376325,,,0.0,0.0
2025-07-18 08:00:00,,,81060.5185986523,0.0,0.0,0.0,0.0,0.0,0.0,,,-0.175696990336,-0.175696990336,0.0,0.0,0.0,0.0,0.0,-4.3634892e-05,58174065.19868649,,,0.0,0.0
2025-07-18 12:00:00,,,74281.2566729672,0.763424515724,0.763424515724,0.0,0.763424515724,0.0,0.0,,,-0.175696990336,-0.175696990336,0.0,0.0,0.022163120567,0.0,1.0,-0.000103750449,55982299.534467936,961405.0,,0.0,0.0
2025-07-18 16:00:00,,,75583.0718964243,0.0,0.0,0.0,0.0,0.0,0.0,,,-0.175696990336,-0.175696990336,0.0,0.0,0.05788153579,0.0,2.0,-0.000268871036,57667133.58492747,,,0.0,0.0
2025-07-18 20:00:00,,,74918.4312029724,0.0,0.0,0.0,0.0,0.0,0.0,,,-0.186589509472,-0.186589509472,0.0,0.0,0.0,0.0,0.0,-1.4886443e-05,56154242.87977736,,,0.0,0.0
2025-07-19 00:00:00,0.0,0.0,80997.9068272754,0.0,0.0,0.0,0.0,0.0,0.0,-0.34435952801,-0.34435952801,-0.152515460035,-0.152515460035,0.0,0.0,0.0,0.0,0.0,-7.143743e-06,55967989.35236262,,0.0,0.0,0.0
2025-07-19 04:00:00,,,77711.4333265049,0.0,0.0,0.0,0.0,0.0,0.0,,,0.0,0.0,0.0,0.0,0.0,0.0,0.0,-0.000137850482,54792129.35731067,,,0.0,0.0
2025-07-19 08:00:00,,,71137.8359671775,0.0,0.0,0.0,0.0,0.0,0.0,,,0.0,0.0,0.0,0.0,0.0,0.0,0.0,-9.8749267e-05,54709117.7342927,,,0.0,0.0
2025-07-19 12:00:00,,,70619.8291781025,0.830342948437,0.830342948437,0.0,0.830342948437,0.0,0.0,,,0.0,0.0,0.0,0.0,0.057473855031,0.0,2.0,-0.000376293648,55494243.132898346,961231.0,,0.0,0.0
2025-07-19 16:00:00,,,73663.0446927041,0.0,0.0,0.0,0.0,0.0,0.0,,,0.0,0.0,0.0,0.0,0.107684244477,0.0,3.0,-0.000117362263,55473978.342018366,,,0.0,0.0
2025-07-19 20:00:00,,,73581.831248754,0.0,0.0,0.0,0.0,0.0,0.0,,,0.0,0.0,0.0,0.0,0.0,0.0,0.0,-0.000113064466,55561121.076418966,,,0.0,0.0
2025-07-20 00:00:00,0.0,0.0,74942.1326264327,0.0,0.0,0.0,0.0,0.0,0.0,-0.329560447729,-0.329560447729,0.0,0.0,0.0,0.0,0.0,0.0,0.0,2.5370491e-05,55621661.37544224,,0.0,0.0,0.0
2025-07-20 04:00:00,,,71958.92355943483,1.550446391106,1.550446391106,0.0,1.550446391106,0.0,0.0,,,0.0,0.0,0.0,0.0,0.216074434824,0.0,3.0,3.0146287e-05,55185395.81741889,,,0.0,0.0
2025-07-20 08:00:00,,,76978.63202186783,0.0,0.0,0.0,0.0,0.0,0.0,,,0.0,0.0,0.0,0.0,0.172321883836,0.0,4.0,-2.7766711e-05,55598855.65968075,,,0.0,0.0
2025-07-20 12:00:00,,,81588.5250633182,0.0,0.0,0.0,0.0,0.0,0.0,,,0.0,0.0,0.0,0.0,0.064163310432,0.0,2.0,3.0607338e-05,58463836.782202065,961262.0,,0.0,0.0
2025-07-20 16:00:00,,,83988.22719976144,0.0,0.0,0.0,0.0,0.0,0.0,,,0.0,0.0,0.0,0.0,0.055737656508,0.0,2.0,3.045921e-05,58015699.78434887,,,0.0,0.0
2025-07-20 20:00:00,,,96263.577117189,0.0,0.0,0.0,0.0,0.0,0.0,,,0.0,0.0,0.0,0.0,0.0,0.0,0.0,3.0493036e-05,56289067.471486814,,,0.0,0.0
2025-07-21 00:00:00,0.0,0.0,99995.7280986688,0.0,0.0,0.0,0.0,0.0,0.0,-0.315404464211,-0.315404464211,0.0,0.0,0.0,0.0,0.0,0.0,0.0,3.0186245e-05,58200416.639427684,,0.0,0.0,0.0
2025-07-21 04:00:00,,,120828.8589167478,0.0,0.0,0.0,0.0,0.0,0.0,,,0.0,0.0,0.0,0.0,0.0,0.0,0.0,3.0171166e-05,58239544.15537723,,,0.0,0.0
2025-07-21 08:00:00,,,154848.30777131798,0.0,0.0,0.0,0.0,0.0,0.0,,,0.0,0.0,0.0,0.0,0.054363075196,0.0,2.0,-8.313215e-05,62257383.95544168,,,0.0,0.0
2025-07-21 12:00:00,,,153767.148242487,0.0,0.0,0.0,0.0,0.0,0.0,,,0.0,0.0,0.0,0.0,0.070679230825,0.0,3.0,-0.000149116437,60080992.90535535,961317.0,,0.0,0.0
2025-07-21 16:00:00,,,147130.348777826,0.0,0.0,0.0,0.0,0.0,0.0,,,0.0,0.0,0.0,0.0,0.021258503401,0.0,1.0,-0.000148082532,58264738.17486194,,,0.0,0.0
2025-07-21 20:00:00,,,148272.4499362984,0.0,0.0,0.0,0.0,0.0,0.0,,,0.0,0.0,0.0,0.0,0.0,0.0,0.0,-0.000254036123,59848979.345980726,,,0.0,0.0
2025-07-22 00:00:00,0.0,0.0,141657.47368404918,0.0,0.0,0.0,0.0,0.0,0.0,-0.490261486452,-0.490261486452,0.0,0.0,0.0,0.0,0.0,0.0,0.0,-0.00023214753,61206098.66403011,,3.0,0.0,0.0
2025-07-22 04:00:00,,,116566.0744381716,0.0,0.0,0.0,0.0,0.0,0.0,,,0.0,0.0,0.0,0.0,0.0,0.0,0.0,-0.000337850287,62015602.291221745,,,0.0,0.0
2025-07-22 08:00:00,,,97619.18965774748,0.0,0.0,0.0,0.0,0.0,0.0,,,0.0,0.0,0.0,0.0,0.047348484848,0.0,1.0,-0.000274197437,61210758.14246274,,,0.0,0.0
2025-07-22 12:00:00,,,90885.27678780703,-0.871429145336,-0.871429145336,0.871429145336,0.0,0.0,0.0,,,0.0,0.0,0.0,0.0,0.115643126579,0.0,4.0,-0.00017430831,60575902.19246484,961124.0,,0.0,0.0
2025-07-22 16:00:00,,,90977.1528999645,0.0,0.0,0.0,0.0,0.0,0.0,,,0.0,0.0,0.0,0.0,0.033602150538,0.0,1.0,-0.000108160793,58611783.5500149,,,0.0,0.0
2025-07-22 20:00:00,,,91947.0895688759,0.0,0.0,0.0,0.0,0.0,0.0,,,0.0,0.0,0.0,0.0,0.0,0.0,0.0,-8.926508e-05,60769466.18272475,,,0.0,0.0
2025-07-23 00:00:00,0.0,0.0,88119.0816612276,0.0,0.0,0.0,0.0,0.0,0.0,-0.602973092474,-0.602973092474,0.0,0.0,0.0,0.0,0.0,0.0,0.0,-0.000227608051,60130492.37159569,,6.0,0.0,0.0
2025-07-23 04:00:00,,,87769.81436816436,0.0,0.0,0.0,0.0,0.0,0.0,,,0.0,0.0,0.0,0.0,0.253870274088,0.0,5.0,-7.5712333e-05,63905865.280858964,,,2.0,2.0
2025-07-23 08:00:00,,,84965.66635156913,-0.749646365643,-0.749646365643,0.749646365643,0.0,-0.042678959978,-0.042678959978,,,-1.824525539044,-1.824525539044,-0.042678959978,0.0,0.222603720281,0.0,6.0,-0.000212137881,62903036.62153761,,,3.0,3.0
2025-07-23 12:00:00,,,85788.5673615276,0.0,0.0,0.0,0.0,0.042678959978,0.042678959978,,,0.128036879933,0.128036879933,0.042678959978,0.0,0.058872305141,0.0,2.0,-6.3633657e-05,68683142.0911501,960982.0,,1.0,1.0
2025-07-23 16:00:00,,,78909.26427385636,0.0,0.0,0.0,0.0,0.0,0.0,,,0.128036879933,0.128036879933,0.0,0.0,0.11971817976,0.0,4.0,-0.000287889603,60660249.64949292,,,2.0,2.0
2025-07-23 20:00:00,,,77095.07918646898,0.0,0.0,0.0,0.0,0.0,0.0,,,0.128036879933,0.128036879933,0.0,0.0,0.034153005464,0.0,1.0,-0.000154068165,60526899.24326329,,,1.0,1.0
2025-07-24 00:00:00,0.0,0.0,79712.0826821697,0.0,0.0,0.0,0.0,0.0,0.0,0.371879656168,0.371879656168,0.128036879933,0.128036879933,0.0,0.0,0.0,0.0,0.0,-0.000386570741,59994869.810717985,,6.0,0.0,0.0
2025-07-24 04:00:00,,,71865.48902182722,0.0,0.0,0.0,0.0,0.0,0.0,,,0.128036879933,0.128036879933,0.0,0.0,0.126471475764,0.0,4.0,-0.000424327562,58643845.06868967,,,3.0,3.0
2025-07-24 08:00:00,,,66263.62325125902,0.81498670578,0.81498670578,0.0,0.81498670578,0.0,0.0,,,0.128036879933,0.128036879933,0.0,0.0,0.219978899975,0.0,7.0,-0.000133931532,58686056.55272818,,,3.0,3.0
2025-07-24 12:00:00,,,67203.1747697134,0.724963724613,0.724963724613,0.0,0.724963724613,0.0,0.0,,,0.128036879933,0.128036879933,0.0,0.0,0.061471296668,0.0,2.0,-2.6247046e-05,56242587.64074363,960870.0,,0.0,0.0
2025-07-24 16:00:00,,,63087.642513636616,0.0,0.0,0.0,0.0,0.0,0.0,,,0.128036879933,0.128036879933,0.0,0.0,0.0,0.0,0.0,-0.000379293583,56739192.35447812,,,0.0,0.0
2025-07-24 20:00:00,,,73997.66463276425,0.0,0.0,0.0,0.0,0.0,0.0,,,0.128036879933,0.128036879933,0.0,0.0,0.068342151675,0.0,2.0,-0.000491561774,56672182.46352631,,,1.0,1.0
2025-07-25 00:00:00,0.0,0.0,99845.5388204224,0.0,0.0,0.0,0.0,0.0,0.0,-0.298453452666,-0.298453452666,0.128036879933,0.128036879933,0.0,0.0,0.0,0.0,0.0,-0.00050165623,54168204.68456066,,0.0,0.0,0.0
2025-07-25 04:00:00,,,113756.843056521,0.0,0.0,0.0,0.0,0.0,0.0,,,0.128036879933,0.128036879933,0.0,0.0,0.028153153153,0.0,1.0,-0.000287147252,54524911.2195268,,,0.0,0.0
2025-07-25 08:00:00,,,130482.02122444802,0.0,0.0,0.0,0.0,0.0,0.0,,,0.128036879933,0.128036879933,0.0,0.0,0.061274509804,0.0,1.0,-0.00012709729,57220258.394846134,,,0.0,0.0
2025-07-25 12:00:00,,,123873.56285262402,0.885073363781,0.885073363781,0.0,0.885073363781,0.0,0.0,,,0.128036879933,0.128036879933,0.0,0.0,0.048449612403,0.0,1.0,-0.000390182802,53106092.5196223,960689.0,,0.0,0.0
2025-07-25 16:00:00,,,124650.054858633,0.0,0.0,0.0,0.0,0.0,0.0,,,0.128036879933,0.128036879933,0.0,0.0,0.0,0.0,0.0,-0.000243448227,54527589.719868146,,,0.0,0.0
2025-07-25 20:00:00,,,126134.09389001699,0.0,0.0,0.0,0.0,0.0,0.0,,,0.032009219983,0.032009219983,0.0,0.0,0.0,0.0,0.0,-0.000182263323,54673825.00240582,,,0.0,0.0
2025-07-26 00:00:00,0.0,0.0,119295.132901938,0.0,0.0,0.0,0.0,0.0,0.0,-0.298453452666,-0.298453452666,0.0,0.0,0.0,0.0,0.0,0.0,0.0,-0.000210329406,55453798.3727201,,1.0,0.0,0.0
2025-07-26 04:00:00,,,100215.6436914412,0.0,0.0,0.0,0.0,0.0,0.0,,,0.0,0.0,0.0,0.0,0.0,0.0,0.0,-3.8705274e-05,54351000.09594676,,,0.0,0.0
2025-07-26 08:00:00,,,89438.63395908136,0.0,0.0,0.0,0.0,0.0,0.0,,,0.0,0.0,0.0,0.0,0.0,0.0,0.0,-0.000195967365,53873779.24608651,,,0.0,0.0
2025-07-26 12:00:00,,,78165.1161931897,0.0,0.0,0.0,0.0,0.0,0.0,,,0.0,0.0,0.0,0.0,0.031094527363,0.0,1.0,-0.000108448477,54318318.37450592,959281.0,,0.0,0.0
2025-07-26 16:00:00,,,74186.7455375185,0.0,0.0,0.0,0.0,0.0,0.0,,,0.0,0.0,0.0,0.0,0.0,0.0,0.0,-3.5352131e-05,54593194.8188475,,,0.0,0.0
2025-07-26 20:00:00,,,72305.4188678162,0.0,0.0,0.0,0.0,0.0,0.0,,,0.0,0.0,0.0,0.0,0.026709401709,0.0,1.0,-0.000309013147,53984438.0364218,,,1.0,1.0
2025-07-27 00:00:00,0.0,0.0,72486.533555296,0.0,0.0,0.0,0.0,0.0,0.0,-0.294120048666,-0.294120048666,0.0,0.0,0.0,0.0,0.0,0.0,0.0,-0.000188241981,53937976.032354616,,0.0,0.0,0.0
2025-07-27 04:00:00,,,71470.721219656,0.0,0.0,0.0,0.0,0.0,0.0,,,0.0,0.0,0.0,0.0,0.0,0.0,0.0,-0.000197801021,53920568.8956891,,,0.0,0.0
2025-07-27 08:00:00,,,85521.1162523787,0.0,0.0,0.0,0.0,0.0,0.0,,,0.0,0.0,0.0,0.0,0.0,0.0,0.0,-0.00029146522,54941521.40056064,,,0.0,0.0
2025-07-27 12:00:00,,,85721.5203537653,0.0,0.0,0.0,0.0,0.0,0.0,,,0.0,0.0,0.0,0.0,0.0,0.0,0.0,-0.000201043926,54416603.63692766,959041.0,,0.0,0.0
2025-07-27 16:00:00,,,88197.5860232429,0.0,0.0,0.0,0.0,0.0,0.0,,,0.0,0.0,0.0,0.0,0.0,0.0,0.0,-0.000185562281,56010766.12708866,,,0.0,0.0
2025-07-27 20:00:00,,,89172.6174301539,0.0,0.0,0.0,0.0,0.0,0.0,,,0.0,0.0,0.0,0.0,0.0,0.0,0.0,-0.000229924341,56468489.505795576,,,0.0,0.0
2025-07-28 00:00:00,0.0,0.0,89267.9498629521,0.0,0.0,0.0,0.0,0.0,0.0,0.112456068028,0.112456068028,0.0,0.0,0.0,0.0,0.133928571429,0.0,2.0,-0.000200450705,57035764.44016029,,3.0,3.0,2.0
2025-07-28 04:00:00,,,89289.5847572724,0.0,0.0,0.0,0.0,0.0,0.0,,,0.0,0.0,0.0,0.0,0.0,0.0,0.0,-0.000135521178,57369994.840536386,,,0.0,0.0
2025-07-28 08:00:00,,,90369.3832026471,0.0,0.0,0.0,0.0,0.0,0.0,,,0.0,0.0,0.0,0.0,0.031565656566,0.0,1.0,-0.000173279043,56317871.453120746,,,0.0,0.0
2025-07-28 12:00:00,,,88858.9546203261,1.838817715645,1.838817715645,0.0,1.838817715645,0.0,0.0,,,0.0,0.0,0.0,0.0,0.041254125413,0.0,2.0,-0.00029275286,53142560.43787131,959037.0,,0.0,0.0
2025-07-28 16:00:00,,,87426.09708912652,0.0,0.0,0.0,0.0,0.0,0.0,,,0.0,0.0,0.0,0.0,0.0,0.0,0.0,-0.000518886533,51756520.649461,,,0.0,0.0
2025-07-28 20:00:00,,,90740.3994158546,0.0,0.0,0.0,0.0,0.0,0.0,,,0.0,0.0,0.0,0.0,0.0,0.0,0.0,-0.000666833075,51741192.91408514,,,0.0,0.0
2025-07-29 00:00:00,0.0,0.0,99431.204121598,0.0,0.0,0.0,0.0,0.0,0.0,-0.259465687592,-0.259465687592,0.0,0.0,0.0,0.0,0.0,0.0,0.0,-0.000425683495,51387364.96350972,,1.0,0.0,0.0
2025-07-29 04:00:00,,,105210.47307150098,0.0,0.0,0.0,0.0,0.0,0.0,,,0.0,0.0,0.0,0.0,0.0,0.0,0.0,-0.000254911201,52639309.70191198,,,0.0,0.0
2025-07-29 08:00:00,,,106406.85830998099,0.0,0.0,0.0,0.0,0.0,0.0,,,0.0,0.0,0.0,0.0,0.028538812785,0.0,1.0,-0.000377869713,51990236.867985025,,,1.0,1.0
2025-07-29 12:00:00,,,101256.233583947,0.0,0.0,0.0,0.0,0.0,0.0,,,0.0,0.0,0.0,0.0,0.020226537217,0.0,1.0,-0.000126742506,49955037.61268201,958829.0,,1.0,1.0
2025-07-29 16:00:00,,,100827.761263504,0.0,0.0,0.0,0.0,0.0,0.0,,,0.0,0.0,0.0,0.0,0.0234082397,0.0,1.0,-6.9624481e-05,49666003.704322755,,,1.0,1.0
2025-07-29 20:00:00,,,100429.791885756,0.0,0.0,0.0,0.0,0.0,0.0,,,0.0,0.0,0.0,0.0,0.026709401709,0.0,1.0,-6.7575411e-05,49676252.17953601,,,0.0,0.0
2025-07-30 00:00:00,0.0,0.0,106920.67326593402,0.0,0.0,0.0,0.0,0.0,0.0,-0.282369258867,-0.282369258867,0.0,0.0,0.0,0.0,0.0,0.0,0.0,-0.000447791274,49712864.21212552,,3.0,0.0,0.0
2025-07-30 04:00:00,,,105287.137528011,0.0,0.0,0.0,0.0,0.0,0.0,,,0.0,0.0,0.0,0.0,0.0,0.0,0.0,-0.000133787721,48318125.48836656,,,0.0,0.0
2025-07-30 08:00:00,,,102049.497274918,0.0,0.0,0.0,0.0,0.0,0.0,,,0.0,0.0,0.0,0.0,0.044326241135,0.0,1.0,-0.000402704366,47989184.90594846,,,1.0,1.0
2025-07-30 12:00:00,,,103051.8744612768,-0.100277662277,-0.100277662277,0.886088430882,0.785810768604,0.157378664918,0.157378664918,,,1.920553198993,1.920553198993,0.157378664918,0.0,0.08104298802,0.0,3.0,-0.000670359877,49348824.13326185,958675.0,,2.0,2.0
2025-07-30 16:00:00,,,107888.694574044,0.0,0.0,0.0,0.0,-0.128036879933,-0.128036879933,,,-0.128036879933,-0.128036879933,-0.128036879933,0.0,0.034153005464,0.0,1.0,-0.000337496295,51080712.501932904,,,1.0,1.0
2025-07-30 20:00:00,,,108797.249036331,0.0,0.0,0.0,0.0,-0.029341784985,-0.029341784985,,,-0.128036879933,-0.128036879933,-0.029341784985,0.0,0.0,0.0,0.0,-3.8987266e-05,50850302.14267901,,,0.0,0.0
2025-07-31 00:00:00,0.0,0.0,113946.289968656,0.0,0.0,0.0,0.0,0.0,0.0,0.044959540854,0.044959540854,-0.128036879933,-0.128036879933,0.0,0.0,0.0,0.0,0.0,-0.000167016505,51340997.380013414,,3.0,0.0,0.0
2025-07-31 04:00:00,,,114992.251033267,0.0,0.0,0.0,0.0,0.0,0.0,,,-0.128036879933,-0.128036879933,0.0,0.0,0.0,0.0,0.0,-0.000405118921,52532036.50507622,,,0.0,0.0
2025-07-31 08:00:00,,,115821.574180977,0.0,0.0,0.0,0.0,0.0,0.0,,,-0.128036879933,-0.128036879933,0.0,0.0,0.065104166667,0.0,1.0,-0.000577000041,53195868.29984867,,,1.0,1.0
2025-07-31 12:00:00,,,110322.24816273499,0.792778074741,0.792778074741,0.0,0.792778074741,0.088025354954,0.088025354954,,,1.229495164741,1.229495164741,0.088025354954,0.0,0.091391509434,0.0,2.0,-0.000162892523,51116709.934591055,958127.0,,2.0,2.0
2025-07-31 16:00:00,,,109376.61662596001,0.0,0.0,0.0,0.0,-0.088025354954,-0.088025354954,,,-0.182597709853,-0.182597709853,-0.088025354954,0.0,0.0,0.0,0.0,-0.0002599461,50253366.71614798,,,0.0,0.0
2025-07-31 20:00:00,,,99284.4782378611,0.0,0.0,0.0,0.0,0.0,0.0,,,-0.182597709853,-0.182597709853,0.0,0.0,0.0,0.0,0.0,-0.000266176561,47961598.09109073,,,0.0,0.0
2025-08-01 00:00:00,0.0,0.0,100201.47144796,0.0,0.0,0.0,0.0,0.0,0.0,-0.240802517026,-0.240802517026,-0.182597709853,-0.182597709853,0.0,0.0,0.0,0.0,0.0,-0.000398254502,48031327.62275128,,0.0,0.0,0.0
2025-08-01 04:00:00,,,98769.8160772765,0.0,0.0,0.0,0.0,0.0,0.0,,,-0.182597709853,-0.182597709853,0.0,0.0,0.0,0.0,0.0,-0.000555578186,47422925.92905934,,,0.0,0.0
2025-08-01 08:00:00,,,98100.3446651061,0.0,0.0,0.0,0.0,0.0,0.0,,,-0.182597709853,-0.182597709853,0.0,0.0,0.0,0.0,0.0,-0.000403850527,47653067.77012018,,,0.0,0.0
2025-08-01 12:00:00,,,99365.0983586146,0.0,0.0,0.0,0.0,0.0,0.0,,,-0.182597709853,-0.182597709853,0.0,0.0,0.0,0.0,0.0,-0.00024385089,47374213.6016901,957805.0,,0.0,0.0
2025-08-01 16:00:00,,,99365.0983586146,0.0,0.0,0.0,0.0,0.0,0.0,,,-0.182597709853,-0.182597709853,0.0,0.0,0.0,0.0,0.0,-0.000175190315,46898082.80137443,,,0.0,0.0
2025-08-01 20:00:00,,,105407.649083912,0.0,0.0,0.0,0.0,0.0,0.0,,,-0.182597709853,-0.182597709853,0.0,0.0,0.0,0.0,0.0,-0.000177144663,44781380.543828435,,,0.0,0.0
2025-08-02 00:00:00,0.0,0.0,105407.649083912,0.0,0.0,0.0,0.0,0.0,0.0,-0.222153657057,-0.222153657057,-0.182597709853,-0.182597709853,0.0,0.0,0.0,0.0,0.0,-0.000260145907,44830620.33296303,,2.0,0.0,0.0
2025-08-02 04:00:00,,,108001.504972057,0.0,0.0,0.0,0.0,0.0,0.0,,,-0.128036879933,-0.128036879933,0.0,0.0,0.0,0.0,0.0,-0.000321783723,44772511.84667228,,,0.0,0.0
2025-08-02 08:00:00,,,107034.190553407,-0.007791817188,-0.007791817188,0.962179541588,0.9543877244,0.008571240793,0.008571240793,,,0.000296997266,0.000296997266,0.008571240793,0.0,0.167740203972,0.0,2.0,-0.000373111169,44239402.9715098,,,2.0,2.0
2025-08-02 12:00:00,,,105854.817741698,0.0,0.0,0.0,0.0,0.040270095904,0.040270095904,,,-0.096506844121,-0.096506844121,0.040270095904,0.0,0.0,0.0,0.0,-0.000358509907,43245400.6368261,957321.0,,0.0,0.0
2025-08-02 16:00:00,,,112543.07572268201,0.0,0.0,0.0,0.0,0.0,0.0,,,-0.096506844121,-0.096506844121,0.0,0.0,0.0,0.0,0.0,-0.000310924453,42910012.04160769,,,0.0,0.0
2025-08-02 20:00:00,,,112955.173276587,0.0,0.0,0.0,0.0,0.0,0.0,,,-0.096506844121,-0.096506844121,0.0,0.0,0.0,0.0,0.0,-0.000350519368,43255068.68853529,,,0.0,0.0
2025-08-03 00:00:00,0.0,0.0,117284.503663184,0.0,0.0,0.0,0.0,0.0,0.0,-0.214257809767,-0.214257809767,-0.047888380755,-0.047888380755,0.0,0.0,0.0,0.0,0.0,-0.000310503774,44098795.151009776,,2.0,1.0,0.0
2025-08-03 04:00:00,,,127553.36024130222,0.0,0.0,0.0,0.0,0.0,0.0,,,0.000730082611,0.000730082611,0.0,0.0,0.0,0.0,0.0,-0.000533680631,44300099.8252881,,,0.0,0.0
2025-08-03 08:00:00,,,135448.186044733,0.0,0.0,0.0,0.0,0.0,0.0,,,0.000730082611,0.000730082611,0.0,0.0,0.094696969697,0.0,1.0,-0.000444521982,44443226.30396784,,,1.0,1.0
2025-08-03 12:00:00,,,138307.07886248158,0.0,0.0,0.0,0.0,0.0,0.0,,,0.000730082611,0.000730082611,0.0,0.0,0.123596502907,0.0,3.0,-0.000354969962,45153322.50610633,957425.0,,3.0,3.0
2025-08-03 16:00:00,,,142021.111415566,0.0,0.0,0.0,0.0,0.0,0.0,,,0.000730082611,0.000730082611,0.0,0.0,0.065104166667,0.0,1.0,-0.000413353696,45122589.1558483,,,1.0,1.0
2025-08-03 20:00:00,,,142002.127248454,0.0,0.0,0.0,0.0,0.0,0.0,,,0.000730082611,0.000730082611,0.0,0.0,0.0,0.0,0.0,-0.000306584849,45296765.48535175,,,0.0,0.0
2025-08-04 00:00:00,0.0,0.0,142956.042892081,0.0,0.0,0.0,0.0,0.0,0.0,1.223359828524,1.223359828524,0.000730082611,0.000730082611,0.0,0.0,0.0,0.0,0.0,-0.000268862222,45829982.476653785,,5.0,0.0,0.0
2025-08-04 04:00:00,,,143755.911882573,0.0,0.0,0.0,0.0,0.0,0.0,,,0.000730082611,0.000730082611,0.0,0.0,0.07183908046,0.0,1.0,-0.000397449792,46103805.32827089,,,1.0,1.0
2025-08-04 08:00:00,,,142534.825283274,0.708101511002,0.708101511002,0.0,0.708101511002,0.122702009936,0.122702009936,,,0.869557805519,0.869557805519,0.122702009936,0.0,0.163738401963,0.0,4.0,-0.000355265364,45565878.41897629,,,3.0,3.0
2025-08-04 12:00:00,,,145011.501283095,1.640291273594,1.640291273594,0.0,1.640291273594,-0.021615885331,-0.021615885331,,,0.91267112766,0.91267112766,-0.021615885331,0.0,0.149359892178,0.0,4.0,-0.000295435412,46195236.76005792,957892.0,,3.0,3.0
2025-08-04 16:00:00,,,146666.455566015,0.0,0.0,0.0,0.0,-0.101362529947,-0.101362529947,,,-0.115824528711,-0.115824528711,-0.101362529947,0.0,0.0,0.0,0.0,-0.000240790882,45820423.603854276,,,0.0,0.0
2025-08-04 20:00:00,,,144927.039716518,0.0,0.0,0.0,0.0,0.0,0.0,,,-0.133447469303,-0.133447469303,0.0,0.0,0.10459799862,0.0,2.0,-0.000223354254,46283454.53434644,,,1.0,1.0
2025-08-05 00:00:00,0.0,0.0,141402.716251608,0.0,0.0,0.0,0.0,0.0,0.0,-0.421700137965,-0.421700137965,-0.181106822123,-0.181106822123,0.0,0.0,0.0,0.0,0.0,-0.000155428041,44860423.00235778,,2.0,0.0,0.0
2025-08-05 04:00:00,,,135889.677188767,0.0,0.0,0.0,0.0,0.0,0.0,,,-0.181106822123,-0.181106822123,0.0,0.0,0.148944646227,0.0,3.0,-0.000163961374,44071931.50289941,,,3.0,3.0
2025-08-05 08:00:00,,,139552.555486512,-0.981366336346,-0.981366336346,0.981366336346,0.0,0.0,0.0,,,-0.181106822123,-0.181106822123,0.0,0.0,0.090121184231,0.0,2.0,-0.000245259386,45102215.06720753,,,1.0,1.0
2025-08-05 12:00:00,,,136356.992328047,0.0,0.0,0.0,0.0,0.0,0.0,,,-0.181106822123,-0.181106822123,0.0,0.0,0.0,0.0,0.0,-0.000425890225,43475035.35342525,957828.0,,0.0,0.0
2025-08-05 16:00:00,,,133552.108391824,0.0,0.0,0.0,0.0,0.0,0.0,,,-0.181106822123,-0.181106822123,0.0,0.0,0.0234082397,0.0,1.0,-0.000488082208,43066760.61291235,,,1.0,1.0
2025-08-05 20:00:00,,,134783.47388468383,0.0,0.0,0.0,0.0,0.0,0.0,,,-0.181106822123,-0.181106822123,0.0,0.0,0.065104166667,0.0,1.0,-0.000422288354,43285067.49302036,,,0.0,0.0
2025-08-06 00:00:00,0.0,0.0,132011.065010308,0.0,0.0,0.0,0.0,0.0,0.0,0.658317969506,0.658317969506,-0.181106822123,-0.181106822123,0.0,0.0,0.0,0.0,0.0,-0.000483033236,42321945.19657311,,3.0,0.0,0.0
2025-08-06 04:00:00,,,139078.375594162,1.542992651463,1.542992651463,0.0,1.542992651463,0.056016134971,0.056016134971,,,1.372190752233,1.372190752233,0.056016134971,0.0,0.231135589613,0.0,4.0,-0.00015815785,43453221.420356266,,,3.0,3.0
2025-08-06 08:00:00,,,137444.292934574,0.758241593838,0.758241593838,0.0,0.758241593838,-0.056016134971,-0.056016134971,,,0.49143040615,0.49143040615,-0.056016134971,0.0,0.07472826087,0.0,2.0,-0.000252673123,42732477.857032314,,,1.0,1.0
2025-08-06 12:00:00,,,140316.2598931374,0.0,0.0,0.0,0.0,0.0,0.0,,,-0.247847215084,-0.247847215084,0.0,0.0,0.034153005464,0.0,1.0,-0.000208598216,43633368.45576659,957965.0,,1.0,1.0
2025-08-06 16:00:00,,,142760.852592113,0.0,0.0,0.0,0.0,0.0,0.0,,,-0.247847215084,-0.247847215084,0.0,0.0,0.028935185185,0.0,1.0,-0.000183529252,43471729.5716276,,,1.0,1.0
2025-08-06 20:00:00,,,141705.304394249,0.0,0.0,0.0,0.0,0.0,0.0,,,-0.239516846566,-0.239516846566,0.0,0.0,0.0,0.0,0.0,-0.000169142842,43445162.4825663,,,0.0,0.0
2025-08-07 00:00:00,0.0,0.0,141395.599894488,0.0,0.0,0.0,0.0,0.0,0.0,0.740478787482,0.740478787482,-0.204024928205,-0.204024928205,0.0,0.0,0.0,0.0,0.0,-0.00020918166,43402029.69151365,,3.0,0.0,0.0
2025-08-07 04:00:00,,,141347.890832712,0.0,0.0,0.0,0.0,0.0,0.0,,,-0.17252248978,-0.17252248978,0.0,0.0,0.080128205128,0.0,1.0,-0.000168520768,43061723.80513207,,,1.0,1.0
2025-08-07 08:00:00,,,147551.488611381,0.0,0.0,0.0,0.0,0.0,0.0,,,-0.17252248978,-0.17252248978,0.0,0.0,0.031565656566,0.0,1.0,-0.000127743799,44636943.77381176,,,1.0,1.0
2025-08-07 12:00:00,,,147551.488611381,0.845077037811,0.845077037811,0.0,0.845077037811,0.0,0.0,,,-0.17252248978,-0.17252248978,0.0,0.0,0.103450842087,0.0,3.0,-0.000346770315,44418919.959181435,958037.0,,1.0,1.0
2025-08-07 16:00:00,,,145714.8071071508,0.798991560936,0.798991560936,0.0,0.798991560936,0.0,0.0,,,0.652148885022,0.652148885022,0.0,0.0,0.058760683761,0.0,2.0,-0.000125240805,44900111.705130555,,,1.0,1.0
2025-08-07 20:00:00,,,150230.233218034,0.883921027184,0.883921027184,0.0,0.883921027184,0.157378664918,0.157378664918,,,1.139894325904,1.139894325904,0.157378664918,0.0,0.095085470085,0.0,2.0,-0.00022367765,45498128.9345553,,,2.0,2.0
2025-08-08 00:00:00,0.0,0.0,133221.418829843,0.0,0.0,0.0,0.0,-0.128036879933,-0.128036879933,-0.205028153895,-0.205028153895,-0.24567961419,-0.24567961419,-0.128036879933,0.0,0.0,0.0,0.0,-0.000364960924,45781083.862515934,,2.0,0.0,0.0
2025-08-08 04:00:00,,,128310.78668992702,0.0,0.0,0.0,0.0,-0.029341784985,-0.029341784985,,,-0.24567961419,-0.24567961419,-0.029341784985,0.0,0.0,0.0,0.0,-0.000103646739,45824188.347055934,,,0.0,0.0
2025-08-08 08:00:00,,,128024.00598548302,0.0,0.0,0.0,0.0,0.0,0.0,,,-0.24567961419,-0.24567961419,0.0,0.0,0.0,0.0,0.0,-0.000207286937,45594693.95504439,,,0.0,0.0
2025-08-08 12:00:00,,,112514.451547051,0.0,0.0,0.0,0.0,0.0,0.0,,,-0.24567961419,-0.24567961419,0.0,0.0,0.0,0.0,0.0,-0.000296261991,49012890.72289822,957829.0,,0.0,0.0
2025-08-08 16:00:00,,,114233.18661037102,0.0,0.0,0.0,0.0,0.0,0.0,,,-0.216730466753,-0.216730466753,0.0,0.0,0.053418803419,0.0,1.0,-0.000217574665,49751067.34223243,,,1.0,1.0
2025-08-08 20:00:00,,,114763.10044452499,0.0,0.0,0.0,0.0,0.0,0.0,,,-0.188778060402,-0.188778060402,0.0,0.0,0.0234082397,0.0,1.0,-0.000200039366,49845067.95990901,,,1.0,1.0
2025-08-09 00:00:00,0.0,0.0,113982.455891226,0.0,0.0,0.0,0.0,0.0,0.0,0.037156122866,0.037156122866,-0.170475369865,-0.170475369865,0.0,0.0,0.0,0.0,0.0,-0.000198031636,49625370.5278771,,2.0,0.0,0.0
2025-08-09 04:00:00,,,116014.338301839,0.0,0.0,0.0,0.0,0.0,0.0,,,-0.170475369865,-0.170475369865,0.0,0.0,0.0,0.0,0.0,-0.000187300327,51795955.35263875,,,0.0,0.0
2025-08-09 08:00:00,,,112779.226193473,0.0,0.0,0.0,0.0,0.0,0.0,,,-0.170475369865,-0.170475369865,0.0,0.0,0.05787037037,0.0,1.0,-0.000194144719,51913773.45703538,,,1.0,1.0
2025-08-09 12:00:00,,,111737.342355146,0.0,0.0,0.0,0.0,0.0,0.0,,,-0.170475369865,-0.170475369865,0.0,0.0,0.0,0.0,0.0,-0.000162933289,51778458.95758924,957622.0,,0.0,0.0
2025-08-09 16:00:00,,,108820.935794919,0.0,0.0,0.0,0.0,0.0,0.0,,,-0.170475369865,-0.170475369865,0.0,0.0,0.0,0.0,0.0,-0.00018096852,51971798.70678595,,,0.0,0.0
2025-08-09 20:00:00,,,103254.798085732,0.955982983112,0.955982983112,0.0,0.955982983112,0.0,0.0,,,0.673976733089,0.673976733089,0.0,0.0,0.06432748538,0.0,2.0,-0.000120165912,51344890.05399854,,,1.0,1.0
2025-08-10 00:00:00,0.0,0.0,102892.726371873,0.0,0.0,0.0,0.0,0.0,0.0,0.274136041613,0.274136041613,-0.211486424699,-0.211486424699,0.0,0.0,0.0,0.0,0.0,2.476903e-06,50873124.078542314,,5.0,0.0,0.0
2025-08-10 04:00:00,,,96295.6726358374,0.0,0.0,0.0,0.0,0.0,0.0,,,-0.211486424699,-0.211486424699,0.0,0.0,0.077160493827,0.0,1.0,-2.3543717e-05,48471153.092147455,,,1.0,1.0
2025-08-10 08:00:00,,,94257.1102978145,0.751026034355,0.751026034355,0.0,0.751026034355,0.085357919955,0.085357919955,,,0.491561849009,0.491561849009,0.085357919955,0.0,0.065916917779,0.0,2.0,-8.0419914e-05,47967003.679907605,,,2.0,2.0
2025-08-10 12:00:00,,,93867.3726234643,0.0,0.0,0.0,0.0,-0.085357919955,-0.085357919955,,,-0.181253752805,-0.181253752805,-0.085357919955,0.0,0.038580246914,0.0,1.0,-0.000130110772,48547579.34724486,957602.0,,1.0,1.0
2025-08-10 16:00:00,,,93867.3726234643,0.0,0.0,0.0,0.0,0.0,0.0,,,-0.181253752805,-0.181253752805,0.0,0.0,0.093330014933,0.0,2.0,-0.000130970799,49619271.235612795,,,2.0,2.0
2025-08-10 20:00:00,,,95837.0348073848,0.0,0.0,0.0,0.0,0.0,0.0,,,-0.181253752805,-0.181253752805,0.0,0.0,0.0,0.0,0.0,-0.000167369881,49267923.6241023,,,0.0,0.0
2025-08-11 00:00:00,0.0,0.0,96933.2295589013,0.0,0.0,0.0,0.0,0.0,0.0,-0.190704573363,-0.190704573363,-0.181253752805,-0.181253752805,0.0,0.0,0.0,0.0,0.0,-6.138282e-06,49982146.645755365,,1.0,0.0,0.0
2025-08-11 04:00:00,,,89321.8510648808,0.0,0.0,0.0,0.0,0.0,0.0,,,-0.181253752805,-0.181253752805,0.0,0.0,0.044326241135,0.0,1.0,-4.4833037e-05,48673891.53614714,,,1.0,1.0
2025-08-11 08:00:00,,,86945.12408014,0.0,0.0,0.0,0.0,0.0,0.0,,,-0.181253752805,-0.181253752805,0.0,0.0,0.0,0.0,0.0,-0.000177535633,48168918.49992871,,,0.0,0.0
2025-08-11 12:00:00,,,87229.6609860674,0.0,0.0,0.0,0.0,0.0,0.0,,,-0.181253752805,-0.181253752805,0.0,0.0,0.0,0.0,0.0,-0.000222576711,48711732.87369096,957191.0,,0.0,0.0
2025-08-11 16:00:00,,,87343.079073878,0.0,0.0,0.0,0.0,0.0,0.0,,,-0.181253752805,-0.181253752805,0.0,0.0,0.027777777778,0.0,1.0,-0.000229743033,48553869.11667682,,,0.0,0.0
2025-08-11 20:00:00,,,83858.7054440065,0.0,0.0,0.0,0.0,0.0,0.0,,,-0.181253752805,-0.181253752805,0.0,0.0,0.0,0.0,0.0,-0.000305380442,47760940.89875839,,,0.0,0.0
2025-08-12 00:00:00,0.0,0.0,84398.30972880583,0.0,0.0,0.0,0.0,0.0,0.0,0.916245206614,0.916245206614,-0.181253752805,-0.181253752805,0.0,0.0,0.0,0.0,0.0,-7.7121759e-05,48149144.176273964,,4.0,0.0,0.0
2025-08-12 04:00:00,,,81950.0580708069,0.721197664738,0.721197664738,0.0,0.721197664738,0.0,0.0,,,-0.181253752805,-0.181253752805,0.0,0.0,0.093768568033,0.0,2.0,-7.3596687e-05,47646456.94921839,,,1.0,1.0
2025-08-12 08:00:00,,,78133.75818905856,0.0,0.0,0.0,0.0,0.0,0.0,,,-0.154645316369,-0.154645316369,0.0,0.0,0.0,0.0,0.0,-1.7715452e-05,46893640.50516504,,,0.0,0.0
2025-08-12 12:00:00,,,74326.9680407793,0.0,0.0,0.0,0.0,0.0,0.0,,,-0.128036879933,-0.128036879933,0.0,0.0,0.04893543956,0.0,2.0,-6.732924e-06,49673066.57293144,957470.0,,2.0,2.0
2025-08-12 16:00:00,,,77323.4931747116,1.544767975807,1.544767975807,0.0,1.544767975807,0.040011524979,0.040011524979,,,1.17787799173,1.17787799173,0.040011524979,0.0,0.0950786904,0.0,3.0,2.855148e-05,49672716.72032611,,,2.0,2.0
2025-08-12 20:00:00,,,76617.8422582493,0.0,0.0,0.0,0.0,-0.040011524979,-0.040011524979,,,-0.155294017246,-0.155294017246,-0.040011524979,0.0,0.052008177008,0.0,2.0,3.1165321e-05,49465881.59455616,,,1.0,1.0
2025-08-13 00:00:00,0.0,0.0,74526.0975757034,0.0,0.0,0.0,0.0,0.0,0.0,-0.156785808562,-0.156785808562,-0.128036879933,-0.128036879933,0.0,0.0,0.0,0.0,0.0,-0.000124668592,50372336.979830004,,3.0,0.0,0.0
2025-08-13 04:00:00,,,70238.47236536819,0.0,0.0,0.0,0.0,0.0,0.0,,,-0.128036879933,-0.128036879933,0.0,0.0,0.031094527363,0.0,1.0,3.1115947e-05,49478714.4853722,,,1.0,1.0
2025-08-13 08:00:00,,,81985.3374156491,0.0,0.0,0.0,0.0,0.0,0.0,,,-0.128036879933,-0.128036879933,0.0,0.0,0.049701204593,0.0,2.0,3.1249779e-05,50871194.408521645,,,2.0,2.0
2025-08-13 12:00:00,,,74529.43271180631,0.0,0.0,0.0,0.0,0.0,0.0,,,-0.128036879933,-0.128036879933,0.0,0.0,0.02147766323,0.0,1.0,3.1062139e-05,49904515.7133325,955938.0,,1.0,1.0
2025-08-13 16:00:00,,,81241.3059598557,0.0,0.0,0.0,0.0,0.0,0.0,,,-0.128036879933,-0.128036879933,0.0,0.0,0.027056277056,0.0,1.0,-4.631526e-06,50744109.679095164,,,1.0,1.0
2025-08-13 20:00:00,,,89646.22043815584,0.0,0.0,0.0,0.0,0.0,0.0,,,-0.128036879933,-0.128036879933,0.0,0.0,0.0,0.0,0.0,3.0755808e-05,51290049.960982725,,,0.0,0.0
2025-08-14 00:00:00,0.0,0.0,106525.60688382061,0.0,0.0,0.0,0.0,0.0,0.0,-2.025125685097,-2.025125685097,-0.128036879933,-0.128036879933,0.0,0.0,0.0,0.0,0.0,-7.9112362e-05,55217487.30772302,,11.0,0.0,0.0
2025-08-14 04:00:00,,,118060.2238159816,0.0,0.0,0.0,0.0,0.0,0.0,,,-0.128036879933,-0.128036879933,0.0,0.0,0.079545454545,0.0,2.0,-0.000132676753,54283683.765755974,,,2.0,2.0
2025-08-14 08:00:00,,,137156.04306077398,-0.979140400887,-0.979140400887,0.979140400887,0.0,0.0,0.0,,,-0.128036879933,-0.128036879933,0.0,0.0,0.196085569466,0.0,7.0,-0.001022553555,73065229.8652657,,,6.0,6.0
2025-08-14 12:00:00,,,90671.28269728004,0.757668733597,0.757668733597,0.0,0.757668733597,0.080023049958,0.080023049958,,,1.260532288323,1.260532288323,0.080023049958,0.0,0.040453074434,0.0,2.0,-0.000516329296,68772640.67900257,955388.0,,1.0,1.0
2025-08-14 16:00:00,,,84535.7485021419,-0.853839874268,-0.853839874268,0.853839874268,0.0,-0.094913674056,-0.094913674056,,,-1.286977610643,-1.286977610643,-0.094913674056,0.0,0.079810472997,0.0,3.0,-4.231789e-05,73887102.61497393,,,2.0,2.0
2025-08-14 20:00:00,,,86567.13585507064,0.0,0.0,0.0,0.0,0.061351004968,0.061351004968,,,-0.058637744999,-0.058637744999,0.061351004968,0.0,0.037202380952,0.0,1.0,-0.000121362642,76387445.13257699,,,1.0,1.0
2025-08-15 00:00:00,0.0,0.0,80127.25447616649,0.0,0.0,0.0,0.0,0.0,0.0,0.467940515292,0.467940515292,-0.058637744999,-0.058637744999,0.0,0.0,0.053418803419,0.0,1.0,-0.000146462082,75957719.35067484,,6.0,1.0,1.0
2025-08-15 04:00:00,,,78167.08476112345,0.742907464504,0.742907464504,0.0,0.742907464504,0.128036879933,0.128036879933,,,1.483291200864,1.483291200864,0.128036879933,0.0,0.16277619387,0.0,3.0,-0.000125767847,74474432.42741764,,,3.0,3.0
2025-08-15 08:00:00,,,81408.3813482022,0.0,0.0,0.0,0.0,-0.128036879933,-0.128036879933,,,-0.094605474335,-0.094605474335,-0.128036879933,0.0,0.063598952488,0.0,2.0,-0.000157393291,75502966.15189463,,,2.0,2.0
2025-08-15 12:00:00,,,82974.612825872,0.0,0.0,0.0,0.0,0.0,0.0,,,-0.094605474335,-0.094605474335,0.0,0.0,0.0,0.0,0.0,-0.000164190228,68915512.29852611,955520.0,,0.0,0.0
2025-08-15 16:00:00,,,90666.46353921638,0.0,0.0,0.0,0.0,0.0,0.0,,,-0.094605474335,-0.094605474335,0.0,0.0,0.0,0.0,0.0,-0.000145633553,76767720.27063917,,,0.0,0.0
2025-08-15 20:00:00,,,97463.2477252574,0.0,0.0,0.0,0.0,0.0,0.0,,,-0.094605474335,-0.094605474335,0.0,0.0,0.0,0.0,0.0,-6.4012586e-05,74468712.09102044,,,0.0,0.0
2025-08-16 00:00:00,0.0,0.0,88684.5222680791,0.0,0.0,0.0,0.0,0.0,0.0,2.753903722729,2.753903722729,-0.094605474335,-0.094605474335,0.0,0.0,0.112283549784,0.0,2.0,2.3139231e-05,74362287.31391385,,8.0,2.0,2.0
2025-08-16 04:00:00,,,86443.6653788278,1.625573396683,1.625573396683,0.0,1.625573396683,0.253319195693,0.253319195693,,,1.588520984738,1.588520984738,0.253319195693,0.0,0.127164502165,0.0,3.0,2.3779995e-05,74930675.0007168,,,2.0,2.0
2025-08-16 08:00:00,,,81499.889189567,0.0,0.0,0.0,0.0,-0.182222532179,-0.182222532179,,,-0.159052243285,-0.159052243285,-0.182222532179,0.0,0.044326241135,0.0,1.0,-1.3129071e-05,79051456.9231293,,,1.0,1.0
2025-08-16 12:00:00,,,89067.2551002101,0.083048462868,0.083048462868,0.756093919277,0.839142382145,0.005078216473,0.005078216473,,,0.255721820235,0.255721820235,0.005078216473,0.0,0.087316176471,0.0,3.0,-6.2848359e-05,81243052.67581798,955534.0,,3.0,3.0
2025-08-16 16:00:00,,,91068.0258082718,0.722468495369,0.722468495369,0.0,0.722468495369,-0.089195972839,-0.089195972839,,,-0.171521558854,-0.171521558854,-0.089195972839,0.0,0.037202380952,0.0,1.0,-3.9812429e-05,85439470.60524301,,,0.0,0.0
2025-08-16 20:00:00,,,93917.19953876,0.0,0.0,0.0,0.0,-0.013337174993,-0.013337174993,,,-0.171521558854,-0.171521558854,-0.013337174993,0.029761904762,0.081825182903,1.0,2.0,-6.0883641e-05,89579202.28416999,,,1.0,1.0
2025-08-17 00:00:00,0.0,0.0,89911.34914721015,0.0,0.0,0.0,0.0,0.0,0.0,-0.360612492554,-0.360612492554,-0.160833038542,-0.160833038542,0.0,0.0,0.104797979798,0.0,2.0,-7.4662233e-05,88825628.38278729,,4.0,2.0,2.0
2025-08-17 04:00:00,,,88932.76980596148,0.0,0.0,0.0,0.0,0.0,0.0,,,-0.173814693524,-0.173814693524,0.0,0.0,0.032552083333,0.0,1.0,-2.44717e-05,91128372.85403408,,,1.0,1.0
2025-08-17 08:00:00,,,85214.688760484,0.0,0.0,0.0,0.0,0.0,0.0,,,-0.181704751956,-0.181704751956,0.0,0.0,0.0,0.0,0.0,3.043192e-05,89358097.56380872,,,0.0,0.0
2025-08-17 12:00:00,,,84419.03243974333,0.0,0.0,0.0,0.0,0.0,0.0,,,-0.181704751956,-0.181704751956,0.0,0.0,0.029761904762,0.0,1.0,1.6255006e-05,85123094.0107916,955288.0,,1.0,1.0
2025-08-17 16:00:00,,,88016.107514725,0.0,0.0,0.0,0.0,0.0,0.0,,,-0.172108112849,-0.172108112849,0.0,0.0,0.039308176101,0.0,1.0,6.953294e-06,85066358.19218472,,,1.0,1.0
2025-08-17 20:00:00,,,84385.64640127767,0.0,0.0,0.0,0.0,0.0,0.0,,,-0.143318195529,-0.143318195529,0.0,0.0,0.0,0.0,0.0,-1.427777e-06,84816043.88221255,,,0.0,0.0
2025-08-18 00:00:00,0.0,0.0,83006.5136286111,0.0,0.0,0.0,0.0,0.0,0.0,-1.763804780092,-1.763804780092,-0.143318195529,-0.143318195529,0.0,0.0,0.0,0.0,0.0,2.4093911e-05,79096719.29286587,,11.0,0.0,0.0
2025-08-18 04:00:00,,,81875.8093320332,0.0,0.0,0.0,0.0,0.0,0.0,,,-0.143318195529,-0.143318195529,0.0,0.0,0.05081300813,0.0,1.0,-2.882172e-06,75635784.55854599,,,1.0,1.0
2025-08-18 08:00:00,,,82001.0465042206,-0.825990855694,-0.825990855694,0.825990855694,0.0,0.0,0.0,,,-0.143318195529,-0.143318195529,0.0,0.0,0.025720164609,0.0,1.0,2.9964302e-05,71081363.2833709,,,0.0,0.0
2025-08-18 12:00:00,,,78799.044997518,0.0,0.0,0.0,0.0,0.0,0.0,,,-0.143318195529,-0.143318195529,0.0,0.0,0.0,0.0,0.0,-3.6235866e-05,71019245.28720218,955196.0,,1.0,0.0
2025-08-18 16:00:00,,,83875.3066112557,0.0,0.0,0.0,0.0,0.0,0.0,,,-0.143318195529,-0.143318195529,0.0,0.0,0.07421875,0.0,2.0,-2.6519255e-05,70714880.83768725,,,2.0,2.0
2025-08-18 20:00:00,,,87776.93648318,0.0,0.0,0.0,0.0,0.0,0.0,,,-0.063748481984,-0.063748481984,0.0,0.0,0.0,0.0,0.0,-7.244344e-06,70246078.98657075,,,0.0,0.0
2025-08-19 00:00:00,0.0,0.0,83166.35016847172,0.0,0.0,0.0,0.0,0.0,0.0,1.84062593031,1.84062593031,-0.095892680958,-0.095892680958,0.0,0.0,0.034722222222,0.0,1.0,-0.000135894989,75596030.40912306,,17.0,0.0,0.0
2025-08-19 04:00:00,,,76524.4441461265,0.0,0.0,0.0,0.0,0.0,0.0,,,0.0,0.0,0.0,0.0,0.105156732752,0.0,3.0,-8.1440602e-05,68522028.40290007,,,10.0,1.0
2025-08-19 08:00:00,,,80626.4976665757,0.816685974598,0.816685974598,0.0,0.816685974598,0.093360224951,0.093360224951,,,1.856534759027,1.856534759027,0.093360224951,0.0,0.214078435319,0.0,4.0,2.1490296e-05,71049038.16146776,,,4.0,4.0
2025-08-19 12:00:00,,,77537.888642024,0.0,0.0,0.0,0.0,-0.093360224951,-0.093360224951,,,-0.128036879933,-0.128036879933,-0.093360224951,0.0,0.0,0.0,0.0,-6.269598e-05,66807226.80516971,954574.0,,0.0,0.0
2025-08-19 16:00:00,,,78222.4186102539,0.0,0.0,0.0,0.0,0.0,0.0,,,-0.128036879933,-0.128036879933,0.0,0.0,0.02147766323,0.0,1.0,-2.2734883e-05,67633933.13043526,,,1.0,1.0
2025-08-19 20:00:00,,,75430.0924523469,0.0,0.0,0.0,0.0,0.0,0.0,,,-0.128036879933,-0.128036879933,0.0,0.0,0.029342723005,0.0,1.0,-5.6549326e-05,65368870.15675731,,,1.0,1.0
2025-08-20 00:00:00,0.0,0.0,72934.1939117892,0.0,0.0,0.0,0.0,0.0,0.0,2.84944250507,2.84944250507,-0.128036879933,-0.128036879933,0.0,0.0,0.0,0.0,0.0,-5.5179882e-05,65804472.52889537,,10.0,0.0,0.0
2025-08-20 04:00:00,,,75389.8560203714,0.0,0.0,0.0,0.0,0.0,0.0,,,-0.128036879933,-0.128036879933,0.0,0.0,0.109953703704,0.0,2.0,-2.8990304e-05,66550450.67789926,,,3.0,2.0
2025-08-20 08:00:00,,,74557.7041930324,1.42894089222,1.42894089222,0.0,1.42894089222,0.111286995927,0.111286995927,,,1.274765073018,1.274765073018,0.111286995927,0.0,0.108646859133,0.0,4.0,-3.3073045e-05,65702219.89197322,,,4.0,4.0
2025-08-20 12:00:00,,,73717.0939917964,0.0,0.0,0.0,0.0,-0.08145897012,-0.08145897012,,,-0.203640124215,-0.203640124215,-0.08145897012,0.0,0.054862554863,0.0,2.0,2.8853533e-05,70531325.04209198,954346.0,,2.0,2.0
2025-08-20 16:00:00,,,81139.19463528697,0.771191179752,0.771191179752,0.0,0.771191179752,0.120034574937,0.120034574937,,,0.70843992408,0.70843992408,0.120034574937,0.0,0.080600589536,0.0,2.0,3.0706978e-05,79159611.34719558,,,2.0,2.0
2025-08-20 20:00:00,,,85724.3695477722,0.0,0.0,0.0,0.0,-0.120034574937,-0.120034574937,,,-0.242649480166,-0.242649480166,-0.120034574937,0.0,0.040849673203,0.0,1.0,3.1020314e-05,80030453.46145315,,,1.0,1.0
2025-08-21 00:00:00,0.0,0.0,83343.7731511489,0.0,0.0,0.0,0.0,0.0,0.0,-0.36887877075,-0.36887877075,-0.242649480166,-0.242649480166,0.0,0.0,0.015547263682,0.0,1.0,2.4980077e-05,79164470.79529133,,3.0,0.0,0.0
2025-08-21 04:00:00,,,79916.7144204093,0.0,0.0,0.0,0.0,0.0,0.0,,,-0.242649480166,-0.242649480166,0.0,0.0,0.0,0.0,0.0,-7.7082118e-05,76219074.27861579,,,0.0,0.0
2025-08-21 08:00:00,,,81513.12081855097,0.0,0.0,0.0,0.0,0.0,0.0,,,-0.242649480166,-0.242649480166,0.0,0.0,0.0,0.0,0.0,-0.00010642307,75194951.5813657,,,0.0,0.0
2025-08-21 12:00:00,,,82533.7101039648,0.0,0.0,0.0,0.0,0.0,0.0,,,-0.242649480166,-0.242649480166,0.0,0.0,0.023946360153,0.0,1.0,-0.000153166358,73250309.64786415,953970.0,,1.0,1.0
2025-08-21 16:00:00,,,78900.2263757021,0.0,0.0,0.0,0.0,0.0,0.0,,,-0.242649480166,-0.242649480166,0.0,0.0,0.023946360153,0.0,1.0,-0.000133878788,69817701.9963913,,,1.0,1.0
2025-08-21 20:00:00,,,79471.1579274853,0.0,0.0,0.0,0.0,0.0,0.0,,,-0.229337746427,-0.229337746427,0.0,0.0,0.0,0.0,0.0,-0.000268488763,67890425.59754767,,,0.0,0.0
2025-08-22 00:00:00,0.0,0.0,71883.2896033444,0.0,0.0,0.0,0.0,0.0,0.0,0.789338530003,0.789338530003,-0.216026012688,-0.216026012688,0.0,0.0,0.0,0.0,0.0,-0.000181016858,66985819.330889724,,5.0,0.0,0.0
2025-08-22 04:00:00,,,63658.3050951228,0.0,0.0,0.0,0.0,0.0,0.0,,,-0.216026012688,-0.216026012688,0.0,0.0,0.03591954023,0.0,1.0,-6.0138598e-05,68783480.89179042,,,1.0,1.0
2025-08-22 08:00:00,,,68191.4654694183,0.0,0.0,0.0,0.0,0.0,0.0,,,-0.216026012688,-0.216026012688,0.0,0.0,0.027056277056,0.0,1.0,-3.2894146e-05,68543641.8647096,,,1.0,1.0
2025-08-22 12:00:00,,,74410.4525838328,0.888489067554,0.888489067554,0.0,0.888489067554,0.0,0.0,,,-0.216026012688,-0.216026012688,0.0,0.0,0.047837117303,0.0,2.0,4.978743e-06,75295839.95717402,953615.0,,1.0,1.0
2025-08-22 16:00:00,,,77346.8538965595,0.724656224251,0.724656224251,0.0,0.724656224251,0.074688179961,0.074688179961,,,0.38179250008,0.38179250008,0.074688179961,0.0,0.066553764561,0.0,3.0,3.0730232e-05,76943256.87037215,,,2.0,2.0
2025-08-22 20:00:00,,,78696.1543955371,0.0,0.0,0.0,0.0,-0.074688179961,-0.074688179961,,,-0.200002052653,-0.200002052653,-0.074688179961,0.0,0.037878787879,0.0,1.0,3.0725059e-05,78123793.31824501,,,1.0,1.0
2025-08-23 00:00:00,0.0,0.0,80074.2545806419,0.0,0.0,0.0,0.0,0.0,0.0,-0.378094338017,-0.378094338017,-0.171432942584,-0.171432942584,0.0,0.0,0.0,0.0,0.0,3.0748434e-05,81147277.47806223,,5.0,0.0,0.0
2025-08-23 04:00:00,,,94174.01140393056,0.0,0.0,0.0,0.0,0.0,0.0,,,-0.160583926921,-0.160583926921,0.0,0.0,0.052083333333,0.0,1.0,-0.000153249254,94744883.23173442,,,1.0,1.0
2025-08-23 08:00:00,,,89209.13113548343,0.0,0.0,0.0,0.0,0.0,0.0,,,-0.128036879933,-0.128036879933,0.0,0.0,0.049603174603,0.0,1.0,3.1611969e-05,89453925.36637658,,,1.0,1.0
2025-08-23 12:00:00,,,75561.7168976911,0.0,0.0,0.0,0.0,0.0,0.0,,,-0.128036879933,-0.128036879933,0.0,0.0,0.047348484848,0.0,1.0,3.1626896e-05,84693935.11229788,953030.0,,1.0,1.0
2025-08-23 16:00:00,,,74995.89356214592,0.0,0.0,0.0,0.0,0.0,0.0,,,-0.128036879933,-0.128036879933,0.0,0.0,0.046296296296,0.0,1.0,3.1766693e-05,84952625.02697337,,,1.0,1.0
2025-08-23 20:00:00,,,72982.9893467922,0.0,0.0,0.0,0.0,0.0,0.0,,,-0.128036879933,-0.128036879933,0.0,0.0,0.0,0.0,0.0,2.9379199e-05,84942504.62320697,,,0.0,0.0
2025-08-24 00:00:00,0.0,0.0,81346.6712553022,0.0,0.0,0.0,0.0,0.0,0.0,0.350933779893,0.350933779893,-0.128036879933,-0.128036879933,0.0,0.0,0.0,0.0,0.0,-0.000500830296,88394246.4918255,,3.0,0.0,0.0
2025-08-24 04:00:00,,,89036.6121648639,0.906197845936,0.906197845936,0.0,0.906197845936,0.125369444934,0.125369444934,,,1.382754095816,1.382754095816,0.125369444934,0.0,0.049603174603,0.0,1.0,-0.000113658446,84295725.00896505,,,1.0,1.0
2025-08-24 08:00:00,,,86193.49763662175,0.0,0.0,0.0,0.0,-0.125369444934,-0.125369444934,,,-0.18144098185,-0.18144098185,-0.125369444934,0.0,0.0,0.0,0.0,-8.6505738e-05,82120546.4481736,,,0.0,0.0
2025-08-24 12:00:00,,,87081.9796069532,0.0,0.0,0.0,0.0,0.0,0.0,,,-0.18144098185,-0.18144098185,0.0,0.0,0.038580246914,0.0,1.0,-0.000336204338,82996266.44956714,952524.0,,1.0,1.0
2025-08-24 16:00:00,,,83654.50607179114,0.0,0.0,0.0,0.0,0.0,0.0,,,-0.18144098185,-0.18144098185,0.0,0.0,0.019290123457,0.0,1.0,-0.000302177327,81912055.84992215,,,0.0,0.0
2025-08-24 20:00:00,,,83158.490149831,0.788871586323,0.788871586323,0.0,0.788871586323,0.0,0.0,,,-0.18144098185,-0.18144098185,0.0,0.0,0.054311497326,0.0,2.0,-0.000234766479,79270559.86454281,,,0.0,0.0
2025-08-25 00:00:00,0.0,0.0,81352.5670537807,0.0,0.0,0.0,0.0,0.0,0.0,0.161120445659,0.161120445659,-0.18144098185,-0.18144098185,0.0,0.0,0.054824561404,0.0,1.0,-2.8727502e-05,77245912.27573456,,5.0,0.0,0.0
2025-08-25 04:00:00,,,83311.3262502666,0.769340097904,0.769340097904,0.0,0.769340097904,0.0,0.0,,,-0.154738930892,-0.154738930892,0.0,0.0,0.020627062706,0.0,1.0,-3.8534952e-05,73739831.17703044,,,0.0,0.0
2025-08-25 08:00:00,,,77812.5600246926,0.0,0.0,0.0,0.0,0.0,0.0,,,-0.128036879933,-0.128036879933,0.0,0.0,0.0,0.0,0.0,-0.000189685066,72994347.79408488,,,0.0,0.0
2025-08-25 12:00:00,,,79765.1959162278,0.0,0.0,0.0,0.0,0.0,0.0,,,-0.128036879933,-0.128036879933,0.0,0.0,0.0,0.0,0.0,-0.000161512106,75443166.77249642,951685.0,,0.0,0.0
2025-08-25 16:00:00,,,86445.9500861657,0.0,0.0,0.0,0.0,0.0,0.0,,,-0.128036879933,-0.128036879933,0.0,0.0,0.0,0.0,0.0,-0.000122764348,74836920.93967634,,,0.0,0.0
2025-08-25 20:00:00,,,75701.12428179894,0.0,0.0,0.0,0.0,0.0,0.0,,,-0.128036879933,-0.128036879933,0.0,0.0,0.0,0.0,0.0,-8.6953374e-05,70772248.37443459,,,0.0,0.0
2025-08-26 00:00:00,0.0,0.0,80645.4462052708,0.0,0.0,0.0,0.0,0.0,0.0,0.175754970688,0.175754970688,-0.128036879933,-0.128036879933,0.0,0.0,0.0,0.0,0.0,-0.000176742972,74443988.47274897,,5.0,0.0,0.0
2025-08-26 04:00:00,,,85065.5489253464,0.0,0.0,0.0,0.0,0.0,0.0,,,-0.128036879933,-0.128036879933,0.0,0.0,0.0,0.0,0.0,-5.1782826e-05,78927700.40709883,,,0.0,0.0
2025-08-26 08:00:00,,,133268.357257481,0.79986768961,0.79986768961,0.0,0.79986768961,0.090692789952,0.090692789952,,,1.134247018267,1.134247018267,0.090692789952,0.0,0.084930042688,0.0,3.0,-0.002481982335,95041891.29031007,,,3.0,3.0
2025-08-26 12:00:00,,,137939.9189999072,0.0,0.0,0.0,0.0,-0.090692789952,-0.090692789952,,,-0.182233984745,-0.182233984745,-0.090692789952,0.0,0.046041921042,0.0,2.0,-0.000202908411,89384773.77283935,949579.0,,2.0,2.0
2025-08-26 16:00:00,,,134969.817983629,0.0,0.0,0.0,0.0,0.0,0.0,,,-0.168684708542,-0.168684708542,0.0,0.0,0.0,0.0,0.0,-0.000301733841,91555861.30310363,,,0.0,0.0
2025-08-26 20:00:00,,,136249.82525247362,0.0,0.0,0.0,0.0,0.0,0.0,,,-0.128036879933,-0.128036879933,0.0,0.0,0.0,0.0,0.0,-0.000101592911,91045335.68369624,,,0.0,0.0
2025-08-27 00:00:00,0.0,0.0,256179.1151597908,0.0,0.0,0.0,0.0,0.0,0.0,1.924186178961,1.924186178961,-0.128036879933,-0.128036879933,0.0,0.0,0.256444719808,0.0,6.0,-0.002417811359,102431197.2697441,,4.0,1.0,1.0
2025-08-27 04:00:00,,,241917.49157539237,2.430405199528,2.430405199528,0.0,2.430405199528,0.242122850525,0.242122850525,,,2.42642565301,2.42642565301,0.242122850525,0.0,0.268408960953,0.0,8.0,-0.000774883367,93232777.420279,,,2.0,2.0
2025-08-27 08:00:00,,,266785.91976816824,0.0,0.0,0.0,0.0,-0.175579690726,-0.175579690726,,,-0.224291220722,-0.224291220722,-0.175579690726,0.0,0.0,0.0,0.0,-0.000556322579,92609538.86612123,,,0.0,0.0
2025-08-27 12:00:00,,,254716.436622717,1.7171844244,1.7171844244,0.0,1.7171844244,-0.029341784985,-0.029341784985,,,0.7243760234,0.7243760234,-0.029341784985,0.0,0.064142574972,0.0,3.0,-0.000496882104,93908404.05381063,948409.0,,1.0,1.0
2025-08-27 16:00:00,,,260585.27801850898,0.0,0.0,0.0,0.0,0.0,0.0,,,-0.26153446747,-0.26153446747,0.0,0.0,0.0,0.0,0.0,-0.000340556268,93610976.67399712,,,0.0,0.0
2025-08-27 20:00:00,,,270463.118838658,0.0,0.0,0.0,0.0,0.0,0.0,,,-0.26153446747,-0.26153446747,0.0,0.0,0.0,0.0,0.0,-0.000526810305,98173820.00429195,,,0.0,0.0
2025-08-28 00:00:00,0.0,0.0,254543.702511507,0.0,0.0,0.0,0.0,0.0,0.0,1.460897198425,1.460897198425,-0.26153446747,-0.26153446747,0.0,0.0,0.041666666667,0.0,1.0,-0.000215800573,95215049.9402166,,6.0,1.0,1.0
2025-08-28 04:00:00,,,254241.474494046,0.712929964066,0.712929964066,0.0,0.712929964066,0.0,0.0,,,-0.26153446747,-0.26153446747,0.0,0.0,0.0947966021,0.0,3.0,-8.3271464e-05,94930390.71559404,,,0.0,0.0
2025-08-28 08:00:00,,,255310.748239773,1.573938429356,1.573938429356,0.0,1.573938429356,0.144041489925,0.144041489925,,,0.58323103328,0.58323103328,0.144041489925,0.0,0.228344730658,0.0,9.0,1.1306417e-05,107167709.40235977,,,4.0,4.0
2025-08-28 12:00:00,,,128357.96637970701,0.0,0.0,0.0,0.0,-0.128036879933,-0.128036879933,,,-0.29511484262,-0.29511484262,-0.128036879933,0.0,0.0,0.0,0.0,3.0738669e-05,105844711.41874279,947775.0,,0.0,0.0
2025-08-28 16:00:00,,,117256.8696604264,0.0,0.0,0.0,0.0,-0.016004609992,-0.016004609992,,,-0.29511484262,-0.29511484262,-0.016004609992,0.0,0.0,0.0,0.0,1.0506049e-05,107202248.51450723,,,0.0,0.0
2025-08-28 20:00:00,,,112431.21510006681,0.0,0.0,0.0,0.0,0.0,0.0,,,-0.278250431982,-0.278250431982,0.0,0.0,0.046296296296,0.0,1.0,2.0416757e-05,116737874.54151632,,,1.0,1.0
2025-08-29 00:00:00,0.0,0.0,92933.0619278554,0.0,0.0,0.0,0.0,0.0,0.0,-0.472265461869,-0.472265461869,-0.261386021344,-0.261386021344,0.0,0.0,0.033602150538,0.0,1.0,-3.8926375e-05,113825402.86215706,,2.0,1.0,1.0
2025-08-29 04:00:00,,,94837.3349824711,0.0,0.0,0.0,0.0,0.0,0.0,,,-0.261386021344,-0.261386021344,0.0,0.0,0.0,0.0,0.0,-8.6439507e-05,110089747.34566045,,,0.0,0.0
2025-08-29 08:00:00,,,98576.6817170659,0.0,0.0,0.0,0.0,0.0,0.0,,,-0.261386021344,-0.261386021344,0.0,0.0,0.019470404984,0.0,1.0,-4.3344667e-05,111857324.84580436,,,1.0,1.0
2025-08-29 12:00:00,,,94400.9025256339,0.0,0.0,0.0,0.0,0.0,0.0,,,-0.261386021344,-0.261386021344,0.0,0.0,0.0,0.0,0.0,-2.4357619e-05,105203174.54946561,946994.0,,0.0,0.0
2025-08-29 16:00:00,,,98433.4239523299,0.0,0.0,0.0,0.0,0.0,0.0,,,-0.252196831837,-0.252196831837,0.0,0.0,0.0,0.0,0.0,-0.000132072748,103850166.17425233,,,0.0,0.0
2025-08-29 20:00:00,,,99374.8137280492,0.0,0.0,0.0,0.0,0.0,0.0,,,-0.182568711258,-0.182568711258,0.0,0.0,0.0,0.0,0.0,-0.000121352853,103330380.69321594,,,0.0,0.0
2025-08-30 00:00:00,0.0,0.0,104425.206498722,0.0,0.0,0.0,0.0,0.0,0.0,-0.209414092768,-0.209414092768,-0.168935753426,-0.168935753426,0.0,0.0,0.0,0.0,0.0,-8.8825226e-05,104928615.49274483,,2.0,0.0,0.0
2025-08-30 04:00:00,,,104969.93800218,0.0,0.0,0.0,0.0,0.0,0.0,,,-0.128036879933,-0.128036879933,0.0,0.0,0.053418803419,0.0,1.0,-0.000150782524,103413149.57454029,,,1.0,1.0
2025-08-30 08:00:00,,,102478.335153954,0.0,0.0,0.0,0.0,0.0,0.0,,,-0.128036879933,-0.128036879933,0.0,0.0,0.0,0.0,0.0,-0.000122490538,102491481.69717395,,,0.0,0.0
2025-08-30 12:00:00,,,101950.023790789,0.936047673225,0.936047673225,0.0,0.936047673225,0.066685874965,0.066685874965,,,1.371176921648,1.371176921648,0.066685874965,0.0,0.020226537217,0.0,1.0,-0.000145830477,103375164.7779508,946296.0,,1.0,1.0
2025-08-30 16:00:00,,,106693.025601558,0.0,0.0,0.0,0.0,-0.066685874965,-0.066685874965,,,-0.181410890311,-0.181410890311,-0.066685874965,0.0,0.040064102564,0.0,1.0,-0.000162860757,99023669.25969017,,,0.0,0.0
2025-08-30 20:00:00,,,107729.86805448499,0.0,0.0,0.0,0.0,0.0,0.0,,,-0.181410890311,-0.181410890311,0.0,0.0,0.042517006803,0.0,1.0,-0.000126354156,100576821.03942469,,,1.0,1.0
2025-08-31 00:00:00,0.0,0.0,105140.41934161601,0.0,0.0,0.0,0.0,0.0,0.0,-0.349551050279,-0.349551050279,-0.128036879933,-0.128036879933,0.0,0.0,0.0,0.0,0.0,-0.000241271539,101904816.42472161,,1.0,0.0,0.0
2025-08-31 04:00:00,,,102390.479208751,0.0,0.0,0.0,0.0,0.0,0.0,,,-0.128036879933,-0.128036879933,0.0,0.0,0.0,0.0,0.0,-6.0737937e-05,98538633.59072876,,,0.0,0.0
2025-08-31 08:00:00,,,108322.85042357,0.827607989311,0.827607989311,0.0,0.827607989311,0.0,0.0,,,-0.128036879933,-0.128036879933,0.0,0.0,0.072278911565,0.0,2.0,-6.1654086e-05,97449862.37586358,,,1.0,1.0
2025-08-31 12:00:00,,,108792.746517384,0.0,0.0,0.0,0.0,0.0,0.0,,,-0.128036879933,-0.128036879933,0.0,0.0,0.0,0.0,0.0,-7.5262283e-05,96907188.21028028,945149.0,,0.0,0.0
2025-08-31 16:00:00,,,108906.42768512902,0.0,0.0,0.0,0.0,0.0,0.0,,,-0.128036879933,-0.128036879933,0.0,0.0,0.0234082397,0.0,1.0,-0.000130529305,97318722.12359712,,,1.0,1.0
2025-08-31 20:00:00,,,110884.33446481501,0.0,0.0,0.0,0.0,0.0,0.0,,,-0.128036879933,-0.128036879933,0.0,0.0,0.0,0.0,0.0,-0.000149598442,97221933.27654523,,,0.0,0.0
2025-09-01 00:00:00,0.0,0.0,124635.90746261641,0.0,0.0,0.0,0.0,0.0,0.0,-0.020103748652,-0.020103748652,-0.128036879933,-0.128036879933,0.0,0.0,0.0,0.0,0.0,2.9062439e-05,92963280.55719241,,2.0,0.0,0.0
2025-09-01 04:00:00,,,124101.95733720399,0.0,0.0,0.0,0.0,0.0,0.0,,,-0.128036879933,-0.128036879933,0.0,0.0,0.0,0.0,0.0,3.215958e-06,93685952.6289372,,,0.0,0.0
2025-09-01 08:00:00,,,123119.66729881501,0.754956066608,0.754956066608,0.0,0.754956066608,0.106697399944,0.106697399944,,,1.081128805517,1.081128805517,0.106697399944,0.0,0.023674242424,0.0,1.0,2.8820033e-05,91316696.52497882,,,1.0,1.0
2025-09-01 12:00:00,,,121830.31517944201,0.0,0.0,0.0,0.0,-0.106697399944,-0.106697399944,,,-0.181526514106,-0.181526514106,-0.106697399944,0.0,0.022163120567,0.0,1.0,2.8861501e-05,88971135.65207943,944019.0,,1.0,1.0
2025-09-01 16:00:00,,,120047.96545973499,0.0,0.0,0.0,0.0,0.0,0.0,,,-0.181526514106,-0.181526514106,0.0,0.0,0.0,0.0,0.0,2.8840279e-05,89108402.84334923,,,0.0,0.0
2025-09-01 20:00:00,,,115409.69003164701,0.867828249931,0.867828249931,0.0,0.867828249931,0.0,0.0,,,-0.181526514106,-0.181526514106,0.0,0.0,0.043402777778,0.0,1.0,2.820494e-05,86974750.06480163,,,0.0,0.0
2025-09-02 00:00:00,0.0,0.0,108742.222714045,0.0,0.0,0.0,0.0,0.0,0.0,-0.581662110866,-0.581662110866,-0.154781697019,-0.154781697019,0.0,0.0,0.0,0.0,0.0,1.6726338e-05,84571054.84383404,,5.0,0.0,0.0
2025-09-02 04:00:00,,,107131.916521432,0.0,0.0,0.0,0.0,0.0,0.0,,,-0.128036879933,-0.128036879933,0.0,0.0,0.0,0.0,0.0,-2.5048344e-05,82564060.53908144,,,0.0,0.0
2025-09-02 08:00:00,,,102944.458521608,0.0,0.0,0.0,0.0,0.0,0.0,,,-0.128036879933,-0.128036879933,0.0,0.0,0.0,0.0,0.0,-0.000132781274,81465470.49123591,,,0.0,0.0
2025-09-02 12:00:00,,,103026.339361937,0.0,0.0,0.0,0.0,0.0,0.0,,,-0.128036879933,-0.128036879933,0.0,0.0,0.095863009812,0.0,4.0,-6.6016293e-05,79543180.55135193,943206.0,,3.0,3.0
2025-09-02 16:00:00,,,100935.962998689,0.754956066608,0.754956066608,0.0,0.754956066608,0.034676654982,0.034676654982,,,1.585249212031,1.585249212031,0.034676654982,0.0,0.037044072948,0.0,2.0,8.970026e-06,79788824.8201187,,,2.0,2.0
2025-09-02 20:00:00,,,103015.1644135258,-0.881373882294,-0.881373882294,0.881373882294,0.0,-0.034676654982,-0.034676654982,,,-0.172936277676,-0.172936277676,-0.034676654982,0.0,0.033602150538,0.0,1.0,-0.000199579438,82976900.87573037,,,0.0,0.0
2025-09-03 00:00:00,0.0,0.0,101045.782749148,0.0,0.0,0.0,0.0,0.0,0.0,-0.486396902384,-0.486396902384,-0.172936277676,-0.172936277676,0.0,0.0,0.0,0.0,0.0,-0.000184495143,84204731.61082174,,1.0,0.0,0.0
2025-09-03 04:00:00,,,95977.3631954657,0.0,0.0,0.0,0.0,0.0,0.0,,,-0.172936277676,-0.172936277676,0.0,0.0,0.070367907801,0.0,2.0,2.2415318e-05,83235612.81384546,,,1.0,1.0
2025-09-03 08:00:00,,,97102.13912209107,0.0,0.0,0.0,0.0,0.0,0.0,,,-0.172936277676,-0.172936277676,0.0,0.0,0.0,0.0,0.0,-8.9285833e-05,83648983.42596179,,,0.0,0.0
2025-09-03 12:00:00,,,97735.2103588735,0.0,0.0,0.0,0.0,0.0,0.0,,,-0.172936277676,-0.172936277676,0.0,0.0,0.0,0.0,0.0,-7.79837e-06,85678804.41864397,942544.0,,0.0,0.0
2025-09-03 16:00:00,,,94881.0905525705,0.0,0.0,0.0,0.0,0.0,0.0,,,-0.172936277676,-0.172936277676,0.0,0.0,0.0,0.0,0.0,-3.715695e-06,84808796.17338547,,,0.0,0.0
2025-09-03 20:00:00,,,92942.4765881421,0.0,0.0,0.0,0.0,0.0,0.0,,,-0.16171142824,-0.16171142824,0.0,0.0,0.0,0.0,0.0,-5.637173e-05,84680158.96510695,,,0.0,0.0
2025-09-04 00:00:00,0.0,0.0,89204.2326973635,0.0,0.0,0.0,0.0,0.0,0.0,-0.486396902384,-0.486396902384,-0.128036879933,-0.128036879933,0.0,0.0,0.0,0.0,0.0,-6.211075e-06,81073531.06029376,,1.0,0.0,0.0
2025-09-04 04:00:00,,,84015.0040104435,0.0,0.0,0.0,0.0,0.0,0.0,,,-0.128036879933,-0.128036879933,0.0,0.0,0.0,0.0,0.0,2.6119397e-05,78718926.08969043,,,0.0,0.0
2025-09-04 08:00:00,,,84360.6730066781,0.0,0.0,0.0,0.0,0.0,0.0,,,-0.128036879933,-0.128036879933,0.0,0.0,0.0,0.0,0.0,-0.000166023429,78502254.62242188,,,0.0,0.0
2025-09-04 12:00:00,,,83625.7458044858,0.0,0.0,0.0,0.0,0.0,0.0,,,-0.128036879933,-0.128036879933,0.0,0.0,0.0,0.0,0.0,-0.000109745706,76185244.7319445,941294.0,,0.0,0.0
2025-09-04 16:00:00,,,80718.209410985,0.0,0.0,0.0,0.0,0.0,0.0,,,-0.128036879933,-0.128036879933,0.0,0.0,0.0,0.0,0.0,-0.000270309185,79288144.30545259,,,0.0,0.0
2025-09-04 20:00:00,,,85849.941389915,0.0,0.0,0.0,0.0,0.0,0.0,,,-0.128036879933,-0.128036879933,0.0,0.0,0.034722222222,0.0,1.0,-7.4199468e-05,79946851.96679991,,,1.0,1.0
2025-09-05 00:00:00,0.0,0.0,87804.3331008936,0.0,0.0,0.0,0.0,0.0,0.0,-0.503989529099,-0.503989529099,-0.128036879933,-0.128036879933,0.0,0.0,0.0,0.0,0.0,-9.5929821e-05,82553070.05896229,,1.0,0.0,0.0
2025-09-05 04:00:00,,,94707.9719886694,0.0,0.0,0.0,0.0,0.0,0.0,,,-0.032009219983,-0.032009219983,0.0,0.0,0.0,0.0,0.0,-2.1866166e-05,82362484.76224867,,,0.0,0.0
2025-09-05 08:00:00,,,94531.5749395469,0.0,0.0,0.0,0.0,0.0,0.0,,,0.0,0.0,0.0,0.0,0.081839562675,0.0,2.0,2.6647176e-05,82380753.85289955,,,1.0,1.0
2025-09-05 12:00:00,,,95812.29970780815,0.0,0.0,0.0,0.0,0.0,0.0,,,0.0,0.0,0.0,0.0,0.0,0.0,0.0,-1.151773e-06,78655338.86315432,940185.0,,0.0,0.0
2025-09-05 16:00:00,,,92432.8816535098,0.0,0.0,0.0,0.0,0.0,0.0,,,0.0,0.0,0.0,0.0,0.0,0.0,0.0,-0.000177442215,77508640.95465352,,,0.0,0.0
2025-09-05 20:00:00,,,80905.37196686552,0.0,0.0,0.0,0.0,0.0,0.0,,,0.0,0.0,0.0,0.0,0.0,0.0,0.0,-0.000137343968,76138025.10134223,,,0.0,0.0
2025-09-06 00:00:00,0.0,0.0,87696.4389765326,0.0,0.0,0.0,0.0,0.0,0.0,-0.498057609248,-0.498057609248,0.0,0.0,0.0,0.0,0.0,0.0,0.0,-0.000226852277,78245168.06238893,,0.0,0.0,0.0
2025-09-06 04:00:00,,,92582.53624149552,0.0,0.0,0.0,0.0,0.0,0.0,,,0.0,0.0,0.0,0.0,0.0,0.0,0.0,-0.000163779146,77877640.93691331,,,0.0,0.0
2025-09-06 08:00:00,,,87787.8079919138,0.0,0.0,0.0,0.0,0.0,0.0,,,0.0,0.0,0.0,0.0,0.0,0.0,0.0,-0.000124803622,78042039.24195942,,,0.0,0.0
2025-09-06 12:00:00,,,66748.1028565738,0.0,0.0,0.0,0.0,0.0,0.0,,,0.0,0.0,0.0,0.0,0.0,0.0,0.0,-3.2734547e-05,76833518.14419657,938789.0,,0.0,0.0
2025-09-06 16:00:00,,,63154.46221598498,0.0,0.0,0.0,0.0,0.0,0.0,,,0.0,0.0,0.0,0.0,0.0,0.0,0.0,-9.7564883e-05,76108848.12314224,,,0.0,0.0
2025-09-06 20:00:00,,,63763.5867397844,0.0,0.0,0.0,0.0,0.0,0.0,,,0.0,0.0,0.0,0.0,0.0,0.0,0.0,-0.00010223031,76659888.2711899,,,0.0,0.0
2025-09-07 00:00:00,0.0,0.0,63152.49318014471,0.0,0.0,0.0,0.0,0.0,0.0,-0.477435755841,-0.477435755841,0.0,0.0,0.0,0.0,0.0,0.0,0.0,-0.000166239016,77273841.51263994,,1.0,0.0,0.0
2025-09-07 04:00:00,,,64744.3649939793,0.0,0.0,0.0,0.0,0.0,0.0,,,0.0,0.0,0.0,0.0,0.0,0.0,0.0,-0.000127773042,76849747.582014,,,0.0,0.0
2025-09-07 08:00:00,,,64203.5498058436,0.0,0.0,0.0,0.0,0.0,0.0,,,0.0,0.0,0.0,0.0,0.0,0.0,0.0,-1.0664902e-05,77061788.16668253,,,0.0,0.0
2025-09-07 12:00:00,,,62896.6268105821,0.0,0.0,0.0,0.0,0.0,0.0,,,0.0,0.0,0.0,0.0,0.047348484848,0.0,1.0,-7.5241724e-05,75719342.37429059,938063.0,,1.0,1.0
2025-09-07 16:00:00,,,61951.3010692968,0.0,0.0,0.0,0.0,0.0,0.0,,,0.0,0.0,0.0,0.0,0.0,0.0,0.0,-8.7415948e-05,74974498.4476876,,,0.0,0.0
2025-09-07 20:00:00,,,62257.91269738179,0.0,0.0,0.0,0.0,0.0,0.0,,,0.0,0.0,0.0,0.0,0.0,0.0,0.0,-0.000126257359,75230448.34989688,,,0.0,0.0
2025-09-08 00:00:00,0.0,0.0,61702.9358764441,0.0,0.0,0.0,0.0,0.0,0.0,-0.457274108233,-0.457274108233,0.0,0.0,0.0,0.0,0.0,0.0,0.0,-8.72296e-07,74929959.20511644,,1.0,0.0,0.0
2025-09-08 04:00:00,,,60607.44448035666,0.0,0.0,0.0,0.0,0.0,0.0,,,0.0,0.0,0.0,0.0,0.0,0.0,0.0,-0.000154174717,75243283.0022226,,,0.0,0.0
2025-09-08 08:00:00,,,61276.3966155578,-0.761561155319,-0.761561155319,0.761561155319,0.0,0.0,0.0,,,0.0,0.0,0.0,0.0,0.122100659513,0.0,4.0,-0.000166781291,75066235.72191557,,,1.0,1.0
2025-09-08 12:00:00,,,61824.16947754771,0.833042383194,0.833042383194,0.0,0.833042383194,0.0,0.0,,,0.0,0.0,0.0,0.0,0.047348484848,0.0,1.0,-9.2062063e-05,75862020.83575755,937510.0,,0.0,0.0
2025-09-08 16:00:00,,,58964.791006863394,0.0,0.0,0.0,0.0,0.0,0.0,,,0.0,0.0,0.0,0.0,0.0,0.0,0.0,-0.00019913399,77205328.32660687,,,0.0,0.0
2025-09-08 20:00:00,,,62063.929357490284,0.0,0.0,0.0,0.0,0.0,0.0,,,0.0,0.0,0.0,0.0,0.0,0.0,0.0,-9.8886879e-05,77148281.6980759,,,0.0,0.0
2025-09-09 00:00:00,0.0,0.0,65492.60520444803,0.0,0.0,0.0,0.0,0.0,0.0,0.413238572278,0.413238572278,0.0,0.0,0.0,0.0,0.0,0.0,0.0,-0.000119533548,78397135.9365249,,2.0,0.0,0.0
2025-09-09 04:00:00,,,69960.7962878918,0.0,0.0,0.0,0.0,0.0,0.0,,,0.0,0.0,0.0,0.0,0.0,0.0,0.0,-3.0148678e-05,79686696.91902548,,,0.0,0.0
2025-09-09 08:00:00,,,68365.27995386078,1.724482178688,1.724482178688,0.0,1.724482178688,0.0,0.0,,,0.0,0.0,0.0,0.0,0.083047739298,0.0,3.0,6.414744e-06,78068994.57292771,,,1.0,1.0
2025-09-09 12:00:00,,,64889.9587784601,0.0,0.0,0.0,0.0,0.0,0.0,,,0.0,0.0,0.0,0.0,0.022401433692,0.0,1.0,-9.9520553e-05,76249492.79605846,935763.0,,1.0,1.0
2025-09-09 16:00:00,,,64006.379598335,0.881803095341,0.881803095341,0.0,0.881803095341,0.0,0.0,,,0.0,0.0,0.0,0.0,0.022644927536,0.0,1.0,-0.000139527677,76187254.36621833,,,0.0,0.0
2025-09-09 20:00:00,,,63785.491224732,0.0,0.0,0.0,0.0,0.0,0.0,,,0.0,0.0,0.0,0.0,0.0,0.0,0.0,-0.000201390218,76565282.01998124,,,0.0,0.0
2025-09-10 00:00:00,0.0,0.0,59764.0471139162,0.0,0.0,0.0,0.0,0.0,0.0,-0.310719818804,-0.310719818804,0.0,0.0,0.0,0.0,0.0,0.0,0.0,-5.4233988e-05,77271906.43397981,,1.0,0.0,0.0
2025-09-10 04:00:00,,,55389.92723106366,0.0,0.0,0.0,0.0,0.0,0.0,,,0.0,0.0,0.0,0.0,0.024224806202,0.0,1.0,2.9093849e-05,78325358.72990683,,,0.0,0.0
2025-09-10 08:00:00,,,52943.48658994869,0.0,0.0,0.0,0.0,0.0,0.0,,,0.0,0.0,0.0,0.0,0.032552083333,0.0,1.0,2.9434853e-05,78262288.79044564,,,0.0,0.0
2025-09-10 12:00:00,,,66129.2781805235,0.911885619164,0.911885619164,0.0,0.911885619164,0.0,0.0,,,1.920553198993,1.920553198993,0.0,0.0,0.035373712872,0.0,2.0,2.9474064e-05,77680334.60384052,935241.0,,1.0,1.0
2025-09-10 16:00:00,,,66378.6196565826,0.0,0.0,0.0,0.0,0.0,0.0,,,-0.128036879933,-0.128036879933,0.0,0.0,0.0,0.0,0.0,-0.000198367491,77665625.26707238,,,0.0,0.0
2025-09-10 20:00:00,,,67112.8927242079,0.0,0.0,0.0,0.0,0.0,0.0,,,-0.128036879933,-0.128036879933,0.0,0.0,0.0,0.0,0.0,-7.1462768e-05,78954453.8162996,,,0.0,0.0
2025-09-11 00:00:00,0.0,0.0,66682.1686838811,0.0,0.0,0.0,0.0,0.0,0.0,-0.455963415799,-0.455963415799,-0.128036879933,-0.128036879933,0.0,0.0,0.0,0.0,0.0,2.9473671e-05,78355712.51057819,,0.0,0.0,0.0
2025-09-11 04:00:00,,,68877.858026864,0.81081533432,0.81081533432,0.0,0.81081533432,0.0,0.0,,,-0.128036879933,-0.128036879933,0.0,0.0,0.027777777778,0.0,1.0,2.9041984e-05,78170031.51716457,,,0.0,0.0
2025-09-11 08:00:00,,,73440.3320000576,0.0,0.0,0.0,0.0,0.0,0.0,,,-0.128036879933,-0.128036879933,0.0,0.0,0.0,0.0,0.0,-0.000125599871,76890905.19070575,,,0.0,0.0
2025-09-11 12:00:00,,,60854.919908883094,0.869242668152,0.869242668152,0.0,0.869242668152,0.0,0.0,,,-0.128036879933,-0.128036879933,0.0,0.0,0.022401433692,0.0,1.0,-0.000525813176,74820988.99274978,934681.0,,0.0,0.0
2025-09-11 16:00:00,,,61082.24977263251,0.0,0.0,0.0,0.0,0.0,0.0,,,-0.128036879933,-0.128036879933,0.0,0.0,0.0,0.0,0.0,-0.000376131325,76225675.87433574,,,0.0,0.0
2025-09-11 20:00:00,,,60503.2802585414,0.0,0.0,0.0,0.0,0.0,0.0,,,-0.128036879933,-0.128036879933,0.0,0.0,0.0,0.0,0.0,-0.000451687651,77717783.11708854,,,0.0,0.0
2025-09-12 00:00:00,0.0,0.0,61813.4020273583,0.865879178047,0.865879178047,0.0,0.865879178047,0.0,0.0,-0.19263737506,-0.19263737506,-0.128036879933,-0.128036879933,0.0,0.0,0.033602150538,0.0,1.0,-0.000130632397,78438515.48797366,,1.0,0.0,0.0
2025-09-12 04:00:00,,,58362.67632226089,0.0,0.0,0.0,0.0,0.0,0.0,,,-0.128036879933,-0.128036879933,0.0,0.0,0.045289855072,0.0,1.0,-6.3357295e-05,78029661.46081226,,,1.0,1.0
2025-09-12 08:00:00,,,59224.582923895,0.0,0.0,0.0,0.0,0.0,0.0,,,-0.128036879933,-0.128036879933,0.0,0.0,0.026041666667,0.0,1.0,-0.000149945957,76819710.4008739,,,0.0,0.0
2025-09-12 12:00:00,,,72699.83590276595,0.733609378338,0.733609378338,0.0,0.733609378338,0.0,0.0,,,-0.128036879933,-0.128036879933,0.0,0.0,0.023674242424,0.0,1.0,-0.000246873406,78217264.83649312,933629.0,,0.0,0.0
2025-09-12 16:00:00,,,75348.5154319703,0.0,0.0,0.0,0.0,0.0,0.0,,,-0.128036879933,-0.128036879933,0.0,0.0,0.0,0.0,0.0,2.9102617e-05,81000107.31405556,,,0.0,0.0
2025-09-12 20:00:00,,,77654.1526231525,0.0,0.0,0.0,0.0,0.0,0.0,,,-0.128036879933,-0.128036879933,0.0,0.0,0.0,0.0,0.0,2.9109075e-05,80602059.78714895,,,0.0,0.0
2025-09-13 00:00:00,0.0,0.0,78087.9409767322,0.0,0.0,0.0,0.0,0.0,0.0,-0.198870586269,-0.198870586269,-0.128036879933,-0.128036879933,0.0,0.0,0.027412280702,0.0,1.0,-3.4459482e-05,81260970.58403674,,2.0,1.0,1.0
2025-09-13 04:00:00,,,76951.3576216018,0.0,0.0,0.0,0.0,0.0,0.0,,,0.0,0.0,0.0,0.0,0.0,0.0,0.0,-9.787308e-05,79961605.9245016,,,0.0,0.0
2025-09-13 08:00:00,,,77602.9782723835,0.0,0.0,0.0,0.0,0.0,0.0,,,0.0,0.0,0.0,0.0,0.0,0.0,0.0,-3.0246599e-05,80989523.99518949,,,0.0,0.0
2025-09-13 12:00:00,,,72800.81996794001,0.0,0.0,0.0,0.0,0.0,0.0,,,0.0,0.0,0.0,0.0,0.0,0.0,0.0,-0.000108102058,79839139.50304821,932240.0,,0.0,0.0
2025-09-13 16:00:00,,,90103.1905610825,0.703107535839,0.703107535839,0.0,0.703107535839,0.098695094948,0.098695094948,,,1.88854397901,1.88854397901,0.098695094948,0.0,0.028935185185,0.0,1.0,-0.000232640634,79700994.43013108,,,1.0,1.0
2025-09-13 20:00:00,,,89513.5564724046,0.0,0.0,0.0,0.0,-0.098695094948,-0.098695094948,,,-0.128036879933,-0.128036879933,-0.098695094948,0.0,0.0,0.0,0.0,-5.9191165e-05,79539540.2073124,,,0.0,0.0
2025-09-14 00:00:00,0.0,0.0,84476.0124616059,0.0,0.0,0.0,0.0,0.0,0.0,-0.145390594195,-0.145390594195,-0.128036879933,-0.128036879933,0.0,0.0,0.0,0.0,0.0,-0.000195093193,79125339.56552161,,2.0,0.0,0.0
2025-09-14 04:00:00,,,78767.8762732564,0.0,0.0,0.0,0.0,0.0,0.0,,,-0.128036879933,-0.128036879933,0.0,0.0,0.0,0.0,0.0,-3.846586e-05,80161389.49368745,,,0.0,0.0
2025-09-14 08:00:00,,,73726.63805901,0.0,0.0,0.0,0.0,0.0,0.0,,,-0.128036879933,-0.128036879933,0.0,0.0,0.0,0.0,0.0,-0.000348912501,83269301.09729901,,,0.0,0.0
2025-09-14 12:00:00,,,56413.52627038114,0.0,0.0,0.0,0.0,0.0,0.0,,,-0.128036879933,-0.128036879933,0.0,0.0,0.017507002801,0.0,1.0,-0.000239094869,81273497.99018362,931608.0,,1.0,1.0
2025-09-14 16:00:00,,,73750.7112005276,0.848028540611,0.848028540611,0.0,0.848028540611,0.061351004968,0.061351004968,,,1.33379997828,1.33379997828,0.061351004968,0.0,0.022163120567,0.0,1.0,-0.000178986998,80619814.70424913,,,1.0,1.0
2025-09-14 20:00:00,,,75995.3780852783,0.0,0.0,0.0,0.0,-0.061351004968,-0.061351004968,,,-0.181781116071,-0.181781116071,-0.061351004968,0.0,0.0,0.0,0.0,-0.000164331364,79601732.91103709,,,0.0,0.0
2025-09-15 00:00:00,0.0,0.0,81979.4617085686,0.0,0.0,0.0,0.0,0.0,0.0,-0.43667409331,-0.43667409331,-0.181781116071,-0.181781116071,0.0,0.0,0.0,0.0,0.0,2.8377681e-05,81016016.96920557,,0.0,0.0,0.0
2025-09-15 04:00:00,,,80243.97404932637,0.0,0.0,0.0,0.0,0.0,0.0,,,-0.181781116071,-0.181781116071,0.0,0.0,0.0,0.0,0.0,-0.000125257366,78740209.93804082,,,0.0,0.0
2025-09-15 08:00:00,,,78004.22676807459,0.0,0.0,0.0,0.0,0.0,0.0,,,-0.181781116071,-0.181781116071,0.0,0.0,0.0,0.0,0.0,-0.000224272904,78707821.5328109,,,0.0,0.0
2025-09-15 12:00:00,,,75748.63440583218,0.0,0.0,0.0,0.0,0.0,0.0,,,-0.181781116071,-0.181781116071,0.0,0.0,0.0,0.0,0.0,-0.000199706591,77351642.32643756,931228.0,,0.0,0.0
2025-09-15 16:00:00,,,74295.377188273,0.0,0.0,0.0,0.0,0.0,0.0,,,-0.181781116071,-0.181781116071,0.0,0.0,0.0,0.0,0.0,-0.000239463365,76414726.11875977,,,0.0,0.0
2025-09-15 20:00:00,,,74908.4754376624,0.0,0.0,0.0,0.0,0.0,0.0,,,-0.181781116071,-0.181781116071,0.0,0.0,0.0,0.0,0.0,-0.000393567572,78142257.97621216,,,0.0,0.0
2025-09-16 00:00:00,0.0,0.0,85982.9820759896,0.0,0.0,0.0,0.0,0.0,0.0,0.857730552832,0.857730552832,-0.181781116071,-0.181781116071,0.0,0.0,0.0,0.0,0.0,-0.000195722801,77092198.46502599,,3.0,0.0,0.0
2025-09-16 04:00:00,,,85764.7756701583,0.0,0.0,0.0,0.0,0.0,0.0,,,-0.168345057037,-0.168345057037,0.0,0.0,0.0,0.0,0.0,-0.000177406964,77793117.64701927,,,0.0,0.0
2025-09-16 08:00:00,,,85764.7756701583,1.72701561451,1.72701561451,0.0,1.72701561451,0.13337174993,0.13337174993,,,1.236478520619,1.236478520619,0.13337174993,0.0,0.068392255892,0.0,2.0,-0.000263070629,77770552.86490016,,,1.0,1.0
2025-09-16 12:00:00,,,87942.1417271465,0.835062623024,0.835062623024,0.0,0.835062623024,-0.039010724525,-0.039010724525,,,0.938395375065,0.938395375065,-0.039010724525,0.0,0.023148148148,0.0,1.0,-8.9656874e-05,78935622.21795255,930091.0,,1.0,1.0
2025-09-16 16:00:00,,,88205.7070646975,0.0,0.0,0.0,0.0,-0.100968516447,-0.100968516447,,,-0.225548653308,-0.225548653308,-0.100968516447,0.0,0.025100401606,0.0,1.0,-0.000173204975,78742762.4208647,,,1.0,1.0
2025-09-16 20:00:00,,,87081.8340298459,0.0,0.0,0.0,0.0,0.0,0.0,,,-0.225548653308,-0.225548653308,0.0,0.0,0.0,0.0,0.0,-0.000246011213,78838422.46822035,,,0.0,0.0
2025-09-17 00:00:00,0.0,0.0,88140.7480155726,0.0,0.0,0.0,0.0,0.0,0.0,-0.456186121105,-0.456186121105,-0.225548653308,-0.225548653308,0.0,0.0,0.0,0.0,0.0,-0.000121206517,78873828.59661487,,0.0,0.0,0.0
2025-09-17 04:00:00,,,87377.5303621293,0.0,0.0,0.0,0.0,0.0,0.0,,,-0.19333641025,-0.19333641025,0.0,0.0,0.0,0.0,0.0,-0.000102498276,78423593.59109113,,,0.0,0.0
2025-09-17 08:00:00,,,86266.5591774671,0.0,0.0,0.0,0.0,0.0,0.0,,,-0.182598995897,-0.182598995897,0.0,0.0,0.021701388889,0.0,1.0,-0.000101034945,76818267.04313746,,,0.0,0.0
2025-09-17 12:00:00,,,85916.9693630489,0.0,0.0,0.0,0.0,0.0,0.0,,,-0.182598995897,-0.182598995897,0.0,0.0,0.0,0.0,0.0,-0.00015126286,76469471.88930964,928711.0,,0.0,0.0
2025-09-17 16:00:00,,,88229.4791835299,0.0,0.0,0.0,0.0,0.0,0.0,,,-0.182598995897,-0.182598995897,0.0,0.0,0.0,0.0,0.0,-7.3454005e-05,78953959.31719354,,,0.0,0.0
2025-09-17 20:00:00,,,90844.2141142698,0.0,0.0,0.0,0.0,0.0,0.0,,,-0.182598995897,-0.182598995897,0.0,0.0,0.035310734463,0.0,1.0,2.7847992e-05,80225416.86747427,,,0.0,0.0
2025-09-18 00:00:00,0.0,0.0,90391.1533172425,0.0,0.0,0.0,0.0,0.0,0.0,-0.633095407187,-0.633095407187,-0.182598995897,-0.182598995897,0.0,0.0,0.0,0.0,0.0,-1.5743195e-05,79057264.83307725,,5.0,0.0,0.0
2025-09-18 04:00:00,,,87943.02828861907,0.0,0.0,0.0,0.0,0.0,0.0,,,-0.182598995897,-0.182598995897,0.0,0.0,0.064714680166,0.0,2.0,-9.0882973e-05,80441674.46013317,,,2.0,2.0
2025-09-18 08:00:00,,,90430.8234101641,0.0,0.0,0.0,0.0,0.0,0.0,,,-0.182598995897,-0.182598995897,0.0,0.0,0.0,0.0,0.0,-4.3164696e-05,81295786.88161476,,,0.0,0.0
2025-09-18 12:00:00,,,92500.377473598,-0.938725173473,-0.938725173473,0.938725173473,0.0,-0.069353309964,-0.069353309964,,,-1.300802501967,-1.300802501967,-0.069353309964,0.0,0.022644927536,0.0,1.0,-4.37382e-05,84077510.79851359,927898.0,,1.0,1.0
2025-09-18 16:00:00,,,89679.7669671904,0.727059602737,0.727059602737,0.0,0.727059602737,0.078770414296,0.078770414296,,,0.748321691319,0.748321691319,0.078770414296,0.0,0.01079447323,0.0,1.0,2.8263295e-05,85479524.9505672,,,1.0,1.0
2025-09-18 20:00:00,,,94396.91045736022,0.0,0.0,0.0,0.0,-0.066685874965,-0.066685874965,,,-0.111106871524,-0.111106871524,-0.066685874965,0.0,0.040064102564,0.0,1.0,2.8788221e-05,92094511.49013542,,,1.0,1.0
2025-09-19 00:00:00,0.0,0.0,90298.7099098037,0.737609505653,0.737609505653,0.0,0.737609505653,0.125369444934,0.125369444934,0.754557477822,0.754557477822,0.816354252024,0.816354252024,0.125369444934,0.0,0.065104166667,0.0,1.0,2.9103664e-05,92488309.09080979,,3.0,1.0,1.0
2025-09-19 04:00:00,,,97014.96426409,0.0,0.0,0.0,0.0,-0.125369444934,-0.125369444934,,,-0.047834354601,-0.047834354601,-0.125369444934,0.0,0.027777777778,0.0,1.0,2.9216953e-05,95107909.47889996,,,1.0,1.0
2025-09-19 08:00:00,,,93993.3483105754,0.906746387482,0.906746387482,0.0,0.906746387482,0.0,0.0,,,-0.047834354601,-0.047834354601,0.0,0.0,0.044649642803,0.0,2.0,2.9138319e-05,92909785.95439057,,,1.0,1.0
2025-09-19 12:00:00,,,91101.4928774714,0.757131457329,0.757131457329,0.0,0.757131457329,0.0,0.0,,,-0.047834354601,-0.047834354601,0.0,0.0,0.019113149847,0.0,1.0,2.8964127e-05,89162231.305079,927039.0,,0.0,0.0
2025-09-19 16:00:00,,,87082.2730719177,0.0,0.0,0.0,0.0,0.0,0.0,,,-0.047834354601,-0.047834354601,0.0,0.0,0.0,0.0,0.0,-5.3793644e-05,86239594.02207191,,,0.0,0.0
2025-09-19 20:00:00,,,87276.6093930759,0.0,0.0,0.0,0.0,0.0,0.0,,,-0.047834354601,-0.047834354601,0.0,0.0,0.0,0.0,0.0,-7.3888764e-05,85967475.28744948,,,0.0,0.0
2025-09-20 00:00:00,0.0,0.0,87198.3779760893,0.0,0.0,0.0,0.0,0.0,0.0,0.08346480178,0.08346480178,-0.047834354601,-0.047834354601,0.0,0.0,0.0,0.0,0.0,-7.5630013e-05,86188685.12819609,,2.0,0.0,0.0
2025-09-20 04:00:00,,,90266.7329954258,0.0,0.0,0.0,0.0,0.0,0.0,,,-0.047834354601,-0.047834354601,0.0,0.0,0.0,0.0,0.0,-6.1923222e-05,86967568.30637541,,,0.0,0.0
2025-09-20 08:00:00,,,91938.0409811682,1.656694710255,1.656694710255,0.0,1.656694710255,0.104029964945,0.104029964945,,,1.374008043105,1.374008043105,0.104029964945,0.0,0.127170891974,0.0,3.0,-2.2324424e-05,87257289.34672576,,,2.0,2.0
2025-09-20 12:00:00,,,94107.388380549,0.0,0.0,0.0,0.0,-0.104029964945,-0.104029964945,,,-0.12779245623,-0.12779245623,-0.104029964945,0.0,0.0,0.0,0.0,-0.000142848213,89403350.80786337,927007.0,,0.0,0.0
2025-09-20 16:00:00,,,97136.814461267,0.0,0.0,0.0,0.0,0.0,0.0,,,-0.12779245623,-0.12779245623,0.0,0.0,0.0,0.0,0.0,-7.5848168e-05,87300578.17478126,,,0.0,0.0
2025-09-20 20:00:00,,,94994.8111477488,0.0,0.0,0.0,0.0,0.0,0.0,,,-0.12779245623,-0.12779245623,0.0,0.0,0.0,0.0,0.0,-2.5376256e-05,85505953.69031434,,,0.0,0.0
2025-09-21 00:00:00,0.0,0.0,93051.74196230348,0.0,0.0,0.0,0.0,0.0,0.0,-0.218205582286,-0.218205582286,-0.168487318462,-0.168487318462,0.0,0.0,0.0,0.0,0.0,-0.000131402927,86752748.40921558,,2.0,0.0,0.0
2025-09-21 04:00:00,,,95534.3908482757,0.0,0.0,0.0,0.0,0.0,0.0,,,-0.190239583814,-0.190239583814,0.0,0.0,0.036549707602,0.0,1.0,-2.913604e-05,88636967.83094227,,,1.0,1.0
2025-09-21 08:00:00,,,99916.0106972508,0.0,0.0,0.0,0.0,0.0,0.0,,,-0.171296986933,-0.171296986933,0.0,0.0,0.0,0.0,0.0,-0.0002593746,90737607.22551724,,,0.0,0.0
2025-09-21 12:00:00,,,86865.266691162,0.0,0.0,0.0,0.0,0.0,0.0,,,-0.160481960183,-0.160481960183,0.0,0.0,0.0,0.0,0.0,-0.000519687516,91951063.97545116,923849.0,,0.0,0.0
2025-09-21 16:00:00,,,82102.58070305614,0.0,0.0,0.0,0.0,0.0,0.0,,,-0.128036879933,-0.128036879933,0.0,0.0,0.0,0.0,0.0,-0.000148708711,90281777.72155198,,,0.0,0.0
2025-09-21 20:00:00,,,83175.550207365,0.810885667801,0.810885667801,0.0,0.810885667801,0.141374054926,0.141374054926,,,0.758811223181,0.758811223181,0.141374054926,0.0,0.033068783069,0.0,1.0,-0.00031283052,91816233.90932737,,,1.0,1.0
2025-09-22 00:00:00,0.0,0.0,82941.9194170135,0.0,0.0,0.0,0.0,-0.128036879933,-0.128036879933,-0.515130364489,-0.515130364489,-0.173570916207,-0.173570916207,-0.128036879933,0.0,0.0,0.0,0.0,-0.000275508743,88767400.90199701,,0.0,0.0,0.0
2025-09-22 04:00:00,,,83104.59763861385,0.0,0.0,0.0,0.0,-0.013337174993,-0.013337174993,,,-0.173570916207,-0.173570916207,-0.013337174993,0.0,0.0,0.0,0.0,-0.000111483776,83365706.24426943,,,0.0,0.0
2025-09-22 08:00:00,,,81289.80764709941,0.0,0.0,0.0,0.0,0.0,0.0,,,-0.173570916207,-0.173570916207,0.0,0.0,0.0,0.0,0.0,-0.000262234365,81920192.57204126,,,0.0,0.0
2025-09-22 12:00:00,,,80734.7541242686,0.0,0.0,0.0,0.0,0.0,0.0,,,-0.173570916207,-0.173570916207,0.0,0.0,0.0,0.0,0.0,-0.000226677096,81382842.35379986,923669.0,,0.0,0.0
2025-09-22 16:00:00,,,76599.596631074,0.0,0.0,0.0,0.0,0.0,0.0,,,-0.173570916207,-0.173570916207,0.0,0.0,0.0,0.0,0.0,-9.756284e-05,77809067.65392491,,,0.0,0.0
2025-09-22 20:00:00,,,76558.9013646002,0.0,0.0,0.0,0.0,0.0,0.0,,,-0.162187407138,-0.162187407138,0.0,0.0,0.0,0.0,0.0,-4.221816e-05,78860088.55590099,,,0.0,0.0
2025-09-23 00:00:00,0.0,0.0,75501.5904664839,0.0,0.0,0.0,0.0,0.0,0.0,-0.205914730419,-0.205914730419,-0.128036879933,-0.128036879933,0.0,0.0,0.0,0.0,0.0,1.7763279e-05,80730927.02231407,,1.0,0.0,0.0
2025-09-23 04:00:00,,,81101.3904500043,0.778202950954,0.778202950954,0.0,0.778202950954,0.117367139938,0.117367139938,,,1.208089386323,1.208089386323,0.117367139938,0.0,0.046296296296,0.0,1.0,2.1291809e-05,82488842.86802,,,1.0,1.0
2025-09-23 08:00:00,,,83008.5479717988,0.0,0.0,0.0,0.0,-0.117367139938,-0.117367139938,,,-0.182559632814,-0.182559632814,-0.117367139938,0.0,0.0,0.0,0.0,2.3027826e-05,81210750.1037318,,,0.0,0.0
2025-09-23 12:00:00,,,83369.40542978454,0.890153586864,0.890153586864,0.0,0.890153586864,0.0,0.0,,,-0.182559632814,-0.182559632814,0.0,0.0,0.032051282051,0.0,1.0,1.9213163e-05,80376502.10362557,921787.0,,0.0,0.0
2025-09-23 16:00:00,,,84672.2678591117,0.0,0.0,0.0,0.0,0.0,0.0,,,-0.182559632814,-0.182559632814,0.0,0.0,0.0,0.0,0.0,5.572097e-06,81733095.42909911,,,0.0,0.0
2025-09-23 20:00:00,,,87308.4671425239,0.0,0.0,0.0,0.0,0.0,0.0,,,-0.182559632814,-0.182559632814,0.0,0.0,0.0,0.0,0.0,-0.000123170598,78526817.50660083,,,0.0,0.0
2025-09-24 00:00:00,0.0,0.0,81624.08851507578,0.0,0.0,0.0,0.0,0.0,0.0,0.489615596833,0.489615596833,-0.182559632814,-0.182559632814,0.0,0.0,0.209354575163,0.0,2.0,-0.000209242976,79869225.03856458,,4.0,2.0,2.0
2025-09-24 04:00:00,,,78012.5884978042,0.0,0.0,0.0,0.0,0.0,0.0,,,-0.182559632814,-0.182559632814,0.0,0.0,0.0,0.0,0.0,-5.8375764e-05,80485611.91729741,,,0.0,0.0
2025-09-24 08:00:00,,,78228.92100616879,0.0,0.0,0.0,0.0,0.0,0.0,,,-0.182559632814,-0.182559632814,0.0,0.0,0.0,0.0,0.0,4.475304e-06,81982825.00991979,,,0.0,0.0
2025-09-24 12:00:00,,,78418.0069445682,0.706464588642,0.706464588642,0.0,0.706464588642,0.122702009936,0.122702009936,,,1.168240702422,1.168240702422,0.122702009936,0.0,0.064250095896,0.0,2.0,1.9346657e-05,85969782.48800546,920929.0,,1.0,1.0
2025-09-24 16:00:00,,,78688.9714034192,0.725764989853,0.725764989853,0.0,0.725764989853,-0.06045763856,-0.06045763856,,,0.90303438265,0.90303438265,-0.06045763856,0.0,0.033068783069,0.0,1.0,-0.000138034907,85501688.90441082,,,1.0,1.0
2025-09-24 20:00:00,,,71916.40255957912,0.0,0.0,0.0,0.0,-0.040011524979,-0.040011524979,,,-0.225357073461,-0.225357073461,-0.040011524979,0.0,0.0,0.0,0.0,-0.000224060793,85711099.26270835,,,0.0,0.0
2025-09-25 00:00:00,0.0,0.0,64610.5787588084,0.0,0.0,0.0,0.0,0.0,0.0,-0.537185368818,-0.537185368818,-0.225357073461,-0.225357073461,0.0,0.0,0.0,0.0,0.0,-0.000346375939,76651258.18073882,,2.0,0.0,0.0
2025-09-25 04:00:00,,,61287.39881038959,0.0,0.0,0.0,0.0,0.0,0.0,,,-0.225357073461,-0.225357073461,0.0,0.0,0.0,0.0,0.0,-0.001543105879,77116060.56205039,,,0.0,0.0
2025-09-25 08:00:00,,,65216.45186700112,-0.792259991169,-0.792259991169,0.792259991169,0.0,0.0,0.0,,,-0.225357073461,-0.225357073461,0.0,0.0,0.038580246914,0.0,1.0,-0.000659898508,78669595.5475414,,,0.0,0.0
2025-09-25 12:00:00,,,71595.731956384,0.0,0.0,0.0,0.0,0.0,0.0,,,-0.225357073461,-0.225357073461,0.0,0.0,0.0,0.0,0.0,-0.000195670376,77392333.27958637,920914.0,,0.0,0.0
2025-09-25 16:00:00,,,74735.9468783599,0.0,0.0,0.0,0.0,0.0,0.0,,,-0.214663407425,-0.214663407425,0.0,0.0,0.023946360153,0.0,1.0,-0.000210663265,73068296.02078065,,,1.0,1.0
2025-09-25 20:00:00,,,74581.2837761884,0.727466821671,0.727466821671,0.0,0.727466821671,0.045346394976,0.045346394976,,,0.932994318475,0.932994318475,0.045346394976,0.0,0.037878787879,0.0,1.0,-0.000422612699,71334767.46207619,,,1.0,1.0
2025-09-26 00:00:00,0.0,0.0,77888.8522482655,0.0,0.0,0.0,0.0,-0.045346394976,-0.045346394976,0.02363233375,0.02363233375,-0.22553677373,-0.22553677373,-0.045346394976,0.0,0.0,0.0,0.0,-0.000477549549,74289375.18774407,,2.0,0.0,0.0
2025-09-26 04:00:00,,,75523.0931493046,0.0,0.0,0.0,0.0,0.0,0.0,,,-0.22553677373,-0.22553677373,0.0,0.0,0.0,0.0,0.0,-0.000615986716,71450254.2191793,,,0.0,0.0
2025-09-26 08:00:00,,,67970.6831719193,0.771385192871,0.771385192871,0.0,0.771385192871,0.15204379492,0.15204379492,,,0.819036558952,0.819036558952,0.15204379492,0.0,0.027777777778,0.0,1.0,-0.000495415987,70899894.80773412,,,1.0,1.0
2025-09-26 12:00:00,,,69665.56228727,0.788715600967,0.788715600967,0.0,0.788715600967,-0.057324344879,-0.057324344879,,,0.661268969368,0.661268969368,-0.057324344879,0.0,0.031094527363,0.0,1.0,-8.9682221e-05,74394573.76456727,920318.0,,1.0,1.0
2025-09-26 16:00:00,,,69831.6713908647,0.0,0.0,0.0,0.0,-0.063577016522,-0.063577016522,,,-0.296070317195,-0.296070317195,-0.063577016522,0.0,0.0,0.0,0.0,6.832043e-06,77556858.87897086,,,0.0,0.0
2025-09-26 20:00:00,,,71863.1508195929,0.0,0.0,0.0,0.0,0.0,0.0,,,-0.296070317195,-0.296070317195,0.0,0.0,0.0,0.0,0.0,5.139376e-06,79348374.4498948,,,0.0,0.0
2025-09-27 00:00:00,0.0,0.0,73037.8494978256,0.0,0.0,0.0,0.0,0.0,0.0,-0.213116773026,-0.213116773026,-0.287687767839,-0.287687767839,0.0,0.0,0.0,0.0,0.0,1.8624082e-05,81023798.67197022,,2.0,0.0,0.0
2025-09-27 04:00:00,,,71105.8153851321,0.0,0.0,0.0,0.0,0.0,0.0,,,-0.234701603807,-0.234701603807,0.0,0.0,0.0,0.0,0.0,1.0989832e-05,78294638.72647464,,,0.0,0.0
2025-09-27 08:00:00,,,65574.6414586311,0.855997204781,0.855997204781,0.0,0.855997204781,0.042678959978,0.042678959978,,,0.82674059373,0.82674059373,0.042678959978,0.0,0.029761904762,0.0,1.0,1.9062494e-05,77392096.00281413,,,1.0,1.0
2025-09-27 12:00:00,,,68190.0239193458,0.0,0.0,0.0,0.0,-0.042678959978,-0.042678959978,,,-0.262241140516,-0.262241140516,-0.042678959978,0.0,0.0,0.0,0.0,-5.488249e-06,77409215.53543825,918966.0,,0.0,0.0
2025-09-27 16:00:00,,,76598.98533298037,0.0,0.0,0.0,0.0,0.0,0.0,,,-0.262241140516,-0.262241140516,0.0,0.0,0.083333333333,0.0,1.0,-0.000107851576,76940303.4549899,,,1.0,1.0
2025-09-27 20:00:00,,,81356.6733817955,0.0,0.0,0.0,0.0,0.0,0.0,,,-0.262241140516,-0.262241140516,0.0,0.0,0.0,0.0,0.0,-0.000185985018,78512988.4843818,,,0.0,0.0
2025-09-28 00:00:00,0.0,0.0,79399.90183891536,0.0,0.0,0.0,0.0,0.0,0.0,-0.514315874303,-0.514315874303,-0.262241140516,-0.262241140516,0.0,0.0,0.0,0.0,0.0,-2.9893172e-05,76627191.47830974,,1.0,0.0,0.0
2025-09-28 04:00:00,,,78600.5476893795,0.0,0.0,0.0,0.0,0.0,0.0,,,-0.262241140516,-0.262241140516,0.0,0.0,0.0,0.0,0.0,-3.2332502e-05,75355758.06740937,,,0.0,0.0
2025-09-28 08:00:00,,,77459.7206606941,0.0,0.0,0.0,0.0,0.0,0.0,,,-0.234546069071,-0.234546069071,0.0,0.0,0.043402777778,0.0,1.0,-9.3112693e-05,74814534.4101207,,,1.0,1.0
2025-09-28 12:00:00,,,81234.206376864,0.0,0.0,0.0,0.0,0.0,0.0,,,-0.225314378589,-0.225314378589,0.0,0.0,0.0,0.0,0.0,-9.4378074e-05,78077361.45285356,919049.0,,0.0,0.0
2025-09-28 16:00:00,,,76292.1297599151,0.0,0.0,0.0,0.0,0.0,0.0,,,-0.225314378589,-0.225314378589,0.0,0.0,0.026371308017,0.0,1.0,2.8239266e-05,89824260.77338211,,,0.0,0.0
2025-09-28 20:00:00,,,59625.9969129337,0.0,0.0,0.0,0.0,0.0,0.0,,,-0.225314378589,-0.225314378589,0.0,0.0,0.0,0.0,0.0,2.8397896e-05,91883826.60097873,,,0.0,0.0
2025-09-29 00:00:00,0.0,0.0,58697.780762267495,0.0,0.0,0.0,0.0,0.0,0.0,-0.515429660446,-0.515429660446,-0.141638107107,-0.141638107107,0.0,0.0,0.0,0.0,0.0,2.8577134e-05,94206071.5165909,,0.0,0.0,0.0
2025-09-29 04:00:00,,,62887.230836685965,0.0,0.0,0.0,0.0,0.0,0.0,,,-0.128036879933,-0.128036879933,0.0,0.0,0.0,0.0,0.0,2.867692e-05,93971094.68066737,,,0.0,0.0
2025-09-29 08:00:00,,,59975.4777951641,0.0,0.0,0.0,0.0,0.0,0.0,,,-0.128036879933,-0.128036879933,0.0,0.0,0.0,0.0,0.0,1.1301845e-05,90519213.95767178,,,0.0,0.0
2025-09-29 12:00:00,,,60319.1194488996,0.0,0.0,0.0,0.0,0.0,0.0,,,-0.128036879933,-0.128036879933,0.0,0.0,0.027056277056,0.0,1.0,-1.5197772e-05,88422767.6983097,918504.0,,0.0,0.0
2025-09-29 16:00:00,,,60175.8676631153,0.0,0.0,0.0,0.0,0.0,0.0,,,-0.128036879933,-0.128036879933,0.0,0.0,0.0,0.0,0.0,-9.5241374e-05,89267730.847806,,,0.0,0.0
2025-09-29 20:00:00,,,60361.974252135864,0.0,0.0,0.0,0.0,0.0,0.0,,,-0.032009219983,-0.032009219983,0.0,0.0,0.0,0.0,0.0,-1.269946e-05,87241734.2656814,,,0.0,0.0
2025-09-30 00:00:00,0.0,0.0,56174.50162996839,0.0,0.0,0.0,0.0,0.0,0.0,0.074988436656,0.074988436656,0.0,0.0,0.0,0.0,0.0,0.0,0.0,-4.8290326e-05,85688981.47452997,,2.0,0.0,0.0
2025-09-30 04:00:00,,,54752.756288472,0.839145123959,0.839145123959,0.0,0.839145123959,0.0,0.0,,,0.0,0.0,0.0,0.0,0.05787037037,0.0,1.0,1.6107905e-05,84661413.35640848,,,0.0,0.0
2025-09-30 08:00:00,,,55293.218973587675,0.0,0.0,0.0,0.0,0.0,0.0,,,0.0,0.0,0.0,0.0,0.0,0.0,0.0,2.8095803e-05,84278089.4111801,,,0.0,0.0
2025-09-30 12:00:00,,,52517.7377651611,0.846127092838,0.846127092838,0.0,0.846127092838,0.0,0.0,,,0.0,0.0,0.0,0.0,0.055512016719,0.0,2.0,-1.7901144e-05,81679829.85008986,917281.0,,1.0,1.0
2025-09-30 16:00:00,,,56876.228859785115,0.0,0.0,0.0,0.0,0.0,0.0,,,0.0,0.0,0.0,0.0,0.023148148148,0.0,1.0,1.8229076e-05,84085471.58972242,,,1.0,1.0
2025-09-30 20:00:00,,,55572.11131631282,0.0,0.0,0.0,0.0,0.0,0.0,,,0.0,0.0,0.0,0.0,0.0,0.0,0.0,-2.2887954e-05,83308926.42968537,,,0.0,0.0
2025-10-01 00:00:00,0.0,0.0,59008.9919156042,0.0,0.0,0.0,0.0,0.0,0.0,-0.385793478471,-0.385793478471,0.0,0.0,0.0,0.0,0.0,0.0,0.0,-3.5744946e-05,86301549.0873572,,1.0,0.0,0.0
2025-10-01 04:00:00,,,57401.599474716335,0.767642080784,0.767642080784,0.0,0.767642080784,0.15204379492,0.15204379492,,,1.920553198993,1.920553198993,0.15204379492,0.0,0.043402777778,0.0,1.0,-8.5200354e-05,85126089.13146727,,,1.0,1.0
2025-10-01 08:00:00,,,63092.54708771282,0.0,0.0,0.0,0.0,-0.128036879933,-0.128036879933,,,-0.128036879933,-0.128036879933,-0.128036879933,0.0,0.0,0.0,0.0,-1.4750446e-05,86254105.7150283,,,0.0,0.0
2025-10-01 12:00:00,,,64658.53680159786,0.0,0.0,0.0,0.0,-0.024006914987,-0.024006914987,,,-0.128036879933,-0.128036879933,-0.024006914987,0.0,0.0,0.0,0.0,-5.442322e-06,85763372.58625373,916513.0,,0.0,0.0
2025-10-01 16:00:00,,,60496.3577912927,0.0,0.0,0.0,0.0,0.0,0.0,,,-0.128036879933,-0.128036879933,0.0,0.0,0.0,0.0,0.0,-1.0918009e-05,85757411.4956913,,,0.0,0.0
2025-10-01 20:00:00,,,60169.95185922402,0.0,0.0,0.0,0.0,0.0,0.0,,,-0.128036879933,-0.128036879933,0.0,0.0,0.0,0.0,0.0,-1.699702e-05,84693531.99489205,,,0.0,0.0
2025-10-02 00:00:00,0.0,0.0,90130.1605137791,0.0,0.0,0.0,0.0,0.0,0.0,-0.52111230311,-0.52111230311,-0.128036879933,-0.128036879933,0.0,0.0,0.0,0.0,0.0,4.968058e-06,84044755.20422378,,0.0,0.0,0.0
2025-10-02 04:00:00,,,87737.0308378153,0.0,0.0,0.0,0.0,0.0,0.0,,,-0.128036879933,-0.128036879933,0.0,0.0,0.0,0.0,0.0,-3.261814e-06,82613802.54918782,,,0.0,0.0
2025-10-02 08:00:00,,,89174.6849308355,0.0,0.0,0.0,0.0,0.0,0.0,,,-0.128036879933,-0.128036879933,0.0,0.0,0.028538812785,0.0,1.0,-1.269113e-05,83552138.93385293,,,0.0,0.0
2025-10-02 12:00:00,,,71430.2771578795,0.0,0.0,0.0,0.0,0.0,0.0,,,-0.128036879933,-0.128036879933,0.0,0.0,0.0,0.0,0.0,-2.5964576e-05,82687616.4808496,916290.0,,0.0,0.0
2025-10-02 16:00:00,,,69921.6463075098,0.0,0.0,0.0,0.0,0.0,0.0,,,-0.128036879933,-0.128036879933,0.0,0.0,0.0,0.0,0.0,2.1818026e-05,83227811.97557752,,,0.0,0.0
2025-10-02 20:00:00,,,70926.3113891772,0.0,0.0,0.0,0.0,0.0,0.0,,,-0.128036879933,-0.128036879933,0.0,0.0,0.0,0.0,0.0,5.451715e-06,82252027.77040917,,,0.0,0.0
2025-10-03 00:00:00,0.0,0.0,76771.4577205287,0.0,0.0,0.0,0.0,0.0,0.0,0.298773106813,0.298773106813,-0.128036879933,-0.128036879933,0.0,0.0,0.0,0.0,0.0,2.9528984e-05,79961359.92130053,,2.0,0.0,0.0
2025-10-03 04:00:00,,,77689.6603155873,0.0,0.0,0.0,0.0,0.0,0.0,,,-0.128036879933,-0.128036879933,0.0,0.0,0.0,0.0,0.0,2.9764864e-05,80136756.22808549,,,0.0,0.0
2025-10-03 08:00:00,,,78505.8785323569,0.0,0.0,0.0,0.0,0.0,0.0,,,-0.128036879933,-0.128036879933,0.0,0.0,0.0,0.0,0.0,-4.317621e-06,80028935.43414436,,,0.0,0.0
2025-10-03 12:00:00,,,80185.9593727827,2.363912343979,2.363912343979,0.0,2.363912343979,0.077355614959,0.077355614959,,,1.622146402947,1.622146402947,0.077355614959,0.0,0.06898551114,0.0,3.0,2.898521e-06,80769618.90440689,915783.0,,1.0,1.0
2025-10-03 16:00:00,,,83832.83510083632,0.0,0.0,0.0,0.0,-0.077355614959,-0.077355614959,,,-0.171130988028,-0.171130988028,-0.077355614959,0.0,0.055644586895,0.0,2.0,1.8971848e-05,89692125.65018508,,,1.0,1.0
2025-10-03 20:00:00,,,81333.2290652619,0.0,0.0,0.0,0.0,0.0,0.0,,,-0.128036879933,-0.128036879933,0.0,0.0,0.0,0.0,0.0,2.963045e-05,88206910.68423857,,,0.0,0.0
2025-10-04 00:00:00,0.0,0.0,78632.7889013697,0.0,0.0,0.0,0.0,0.0,0.0,-0.510840812577,-0.510840812577,-0.128036879933,-0.128036879933,0.0,0.0,0.0,0.0,0.0,2.9525744e-05,85916446.70880136,,1.0,0.0,0.0
2025-10-04 04:00:00,,,78109.9633236456,0.0,0.0,0.0,0.0,0.0,0.0,,,-0.128036879933,-0.128036879933,0.0,0.0,0.0,0.0,0.0,2.950397e-05,83862206.41971524,,,0.0,0.0
2025-10-04 08:00:00,,,81599.6193832169,0.0,0.0,0.0,0.0,0.0,0.0,,,-0.128036879933,-0.128036879933,0.0,0.0,0.0,0.0,0.0,-1.5234139e-05,85138525.80546322,,,0.0,0.0
2025-10-04 12:00:00,,,69441.34721310525,0.0,0.0,0.0,0.0,0.0,0.0,,,-0.128036879933,-0.128036879933,0.0,0.0,0.024801587302,0.0,1.0,-6.125252e-06,80892111.06705312,915608.0,,1.0,1.0
2025-10-04 16:00:00,,,67461.9790249365,0.0,0.0,0.0,0.0,0.0,0.0,,,-0.128036879933,-0.128036879933,0.0,0.0,0.0,0.0,0.0,2.958605e-05,80363631.22568944,,,0.0,0.0
2025-10-04 20:00:00,,,67723.6243974362,0.0,0.0,0.0,0.0,0.0,0.0,,,-0.128036879933,-0.128036879933,0.0,0.0,0.0,0.0,0.0,-1.9668642e-05,79464522.35365182,,,0.0,0.0
2025-10-05 00:00:00,0.0,0.0,95621.0294568652,0.0,0.0,0.0,0.0,0.0,0.0,-0.51873245026,-0.51873245026,-0.128036879933,-0.128036879933,0.0,0.0,0.0,0.0,0.0,-2.2564472e-05,81330028.52743687,,1.0,0.0,0.0
2025-10-05 04:00:00,,,100211.770609936,0.0,0.0,0.0,0.0,0.0,0.0,,,-0.128036879933,-0.128036879933,0.0,0.0,0.044326241135,0.0,1.0,-1.7779033e-05,82089846.85003184,,,1.0,1.0
2025-10-05 08:00:00,,,95798.69110007699,0.0,0.0,0.0,0.0,0.0,0.0,,,-0.128036879933,-0.128036879933,0.0,0.0,0.0,0.0,0.0,-5.1349833e-05,79741389.61940472,,,0.0,0.0
2025-10-05 12:00:00,,,94810.6998160202,0.0,0.0,0.0,0.0,0.0,0.0,,,-0.128036879933,-0.128036879933,0.0,0.0,0.0,0.0,0.0,-3.1909782e-05,79817810.63872483,915440.0,,0.0,0.0
2025-10-05 16:00:00,,,94921.6866785456,0.0,0.0,0.0,0.0,0.0,0.0,,,-0.128036879933,-0.128036879933,0.0,0.0,0.0,0.0,0.0,-0.000106530386,77410821.05261594,,,0.0,0.0
2025-10-05 20:00:00,,,95470.4058155509,0.0,0.0,0.0,0.0,0.0,0.0,,,-0.128036879933,-0.128036879933,0.0,0.0,0.0,0.0,0.0,-6.1688813e-05,77478025.94604105,,,0.0,0.0
2025-10-06 00:00:00,0.0,0.0,77941.31771944868,0.0,0.0,0.0,0.0,0.0,0.0,-0.224224259804,-0.224224259804,-0.064018439966,-0.064018439966,0.0,0.0,0.0,0.0,0.0,1.7149392e-05,75861072.4163785,,1.0,0.0,0.0
2025-10-06 04:00:00,,,77887.3002345953,0.0,0.0,0.0,0.0,0.0,0.0,,,0.0,0.0,0.0,0.0,0.0,0.0,0.0,-1.6725217e-05,76321000.99930792,,,0.0,0.0
2025-10-06 08:00:00,,,75471.21550570747,0.0,0.0,0.0,0.0,0.0,0.0,,,0.0,0.0,0.0,0.0,0.0,0.0,0.0,-3.9973672e-05,76558570.05949509,,,0.0,0.0
2025-10-06 12:00:00,,,74060.5842629536,0.82136785984,0.82136785984,0.0,0.82136785984,0.080023049958,0.080023049958,,,1.856534759027,1.856534759027,0.080023049958,0.0,0.022401433692,0.0,1.0,-5.8925433e-05,77861210.57575105,913709.0,,1.0,1.0
2025-10-06 16:00:00,,,75546.66120116133,0.727926194668,0.727926194668,0.0,0.727926194668,-0.080023049958,-0.080023049958,,,-0.128036879933,-0.128036879933,-0.080023049958,0.0,0.018939393939,0.0,1.0,-5.5907634e-05,78686187.88886148,,,0.0,0.0
2025-10-06 20:00:00,,,74819.2631579306,0.0,0.0,0.0,0.0,0.0,0.0,,,-0.128036879933,-0.128036879933,0.0,0.0,0.0,0.0,0.0,2.5336924e-05,78699202.06480837,,,0.0,0.0
2025-10-07 00:00:00,0.0,0.0,72815.9151821898,1.632003605366,1.632003605366,0.0,1.632003605366,0.042678959978,0.042678959978,0.42342535108,0.42342535108,1.224257191087,1.224257191087,0.042678959978,0.0,0.214629120879,0.0,4.0,2.7041362e-05,76267011.20820218,,2.0,1.0,1.0
2025-10-07 04:00:00,,,73571.2030960939,0.0,0.0,0.0,0.0,-0.042678959978,-0.042678959978,,,-0.182589163238,-0.182589163238,-0.042678959978,0.0,0.0,0.0,0.0,2.7889884e-05,76024802.7304361,,,0.0,0.0
2025-10-07 08:00:00,,,74103.83565549194,0.0,0.0,0.0,0.0,0.0,0.0,,,-0.182589163238,-0.182589163238,0.0,0.0,0.0,0.0,0.0,1.4512092e-05,77914013.61407295,,,0.0,0.0
2025-10-07 12:00:00,,,69730.7869716138,0.903494775295,0.903494775295,0.0,0.903494775295,0.085357919955,0.085357919955,,,0.996505891149,0.996505891149,0.085357919955,0.0,0.024509803922,0.0,1.0,1.194912e-05,73856441.08521771,912726.0,,1.0,1.0
2025-10-07 16:00:00,,,68568.611929767,0.0,0.0,0.0,0.0,-0.085357919955,-0.085357919955,,,-0.225355030466,-0.225355030466,-0.085357919955,0.0,0.0,0.0,0.0,-3.7971602e-05,75713600.17967977,,,0.0,0.0
2025-10-07 20:00:00,,,68214.4597575316,0.0,0.0,0.0,0.0,0.0,0.0,,,-0.225355030466,-0.225355030466,0.0,0.0,0.0,0.0,0.0,-4.826162e-06,74867724.65716793,,,0.0,0.0
2025-10-08 00:00:00,0.0,0.0,68909.9483944118,0.0,0.0,0.0,0.0,0.0,0.0,0.798364932128,0.798364932128,-0.225355030466,-0.225355030466,0.0,0.0,0.056306306306,0.0,1.0,-2.5373282e-05,75250821.44529441,,3.0,0.0,0.0
2025-10-08 04:00:00,,,69404.30492456561,0.0,0.0,0.0,0.0,0.0,0.0,,,-0.225355030466,-0.225355030466,0.0,0.0,0.0,0.0,0.0,7.123672e-06,77795488.3628533,,,0.0,0.0
2025-10-08 08:00:00,,,71885.87788336964,1.59077423811,1.59077423811,0.0,1.59077423811,0.098695094948,0.098695094948,,,1.140534182,1.140534182,0.098695094948,0.0,0.104936739122,0.0,3.0,2.7041907e-05,79559940.70272525,,,2.0,2.0
2025-10-08 12:00:00,,,69760.8796740445,0.830468773842,0.830468773842,0.0,0.830468773842,-0.098695094948,-0.098695094948,,,-0.254635358345,-0.254635358345,-0.098695094948,0.0,0.071956318759,0.0,3.0,3.0301185e-05,81613394.95362404,912399.0,,1.0,1.0
2025-10-08 16:00:00,,,77262.912282647,0.0,0.0,0.0,0.0,0.0,0.0,,,-0.254635358345,-0.254635358345,0.0,0.0,0.0,0.0,0.0,3.0541856e-05,85453328.96592265,,,0.0,0.0
2025-10-08 20:00:00,,,75697.8228835305,0.0,0.0,0.0,0.0,0.0,0.0,,,-0.254635358345,-0.254635358345,0.0,0.0,0.0,0.0,0.0,3.0499438e-05,83258643.97324833,,,0.0,0.0
2025-10-09 00:00:00,0.0,0.0,76255.3409019522,-0.986290991306,-0.986290991306,0.986290991306,0.0,-0.13337174993,-0.13337174993,-1.203712405571,-1.203712405571,-1.123750581007,-1.123750581007,-0.13337174993,0.0,0.314276721897,0.0,6.0,3.0446143e-05,83722326.62036344,,4.0,2.0,2.0
2025-10-09 04:00:00,,,73362.5752611892,0.0,0.0,0.0,0.0,0.128036879933,0.128036879933,,,-0.131146492359,-0.131146492359,0.128036879933,0.0,0.103274173807,0.0,2.0,3.0614528e-05,84567596.73810118,,,1.0,1.0
2025-10-09 08:00:00,,,53169.9959505452,0.0,0.0,0.0,0.0,0.005334869997,0.005334869997,,,-0.131146492359,-0.131146492359,0.005334869997,0.0,0.0,0.0,0.0,3.0766277e-05,81104325.77859055,,,0.0,0.0
2025-10-09 12:00:00,,,54782.91574999089,0.0,0.0,0.0,0.0,0.0,0.0,,,-0.098177842878,-0.098177842878,0.0,0.0,0.0,0.0,0.0,3.0868013e-05,81287794.28932439,912217.0,,0.0,0.0
2025-10-09 16:00:00,,,55206.5294233341,0.0,0.0,0.0,0.0,0.0,0.0,,,-0.087188293051,-0.087188293051,0.0,0.0,0.102173046252,0.0,2.0,3.0756649e-05,82862261.94369334,,,1.0,1.0
2025-10-09 20:00:00,,,55716.9445182811,0.0,0.0,0.0,0.0,0.0,0.0,,,-0.087188293051,-0.087188293051,0.0,0.0,0.0,0.0,0.0,2.7870622e-05,84996589.81145829,,,0.0,0.0
2025-10-10 00:00:00,0.0,0.0,55092.6948513151,0.0,0.0,0.0,0.0,0.0,0.0,-0.484513241078,-0.484513241078,-0.059358806114,-0.059358806114,0.0,0.0,0.0,0.0,0.0,3.0833958e-05,85868874.6849613,,1.0,0.0,0.0
2025-10-10 04:00:00,,,56913.4931795463,0.0,0.0,0.0,0.0,0.0,0.0,,,-0.031529319177,-0.031529319177,0.0,0.0,0.0,0.0,0.0,3.0681807e-05,84492962.30774954,,,0.0,0.0
2025-10-10 08:00:00,,,21904608.351948,0.0,0.0,0.0,0.0,0.0,0.0,,,-0.031529319177,-0.031529319177,0.0,0.0,0.0,0.0,0.0,2.245398e-05,86778491.40152077,,,0.0,0.0
2025-10-10 12:00:00,,,21482557.503011998,0.0,0.0,0.0,0.0,0.0,0.0,,,-0.031529319177,-0.031529319177,0.0,0.0,0.0,0.0,0.0,2.7254151e-05,85471211.81088307,911421.0,,0.0,0.0
2025-10-10 16:00:00,,,20886766.628384,0.0,0.0,0.0,0.0,0.0,0.0,,,-0.031529319177,-0.031529319177,0.0,0.0,0.061456400742,0.0,2.0,3.0880038e-05,81948051.53215413,,,1.0,1.0
2025-10-10 20:00:00,,,3917313.225,0.0,0.0,0.0,0.0,0.0,0.0,,,0.0083622306,0.0083622306,0.0,0.0,0.0,0.0,0.0,-0.000189850389,37118591.401569724,,,0.0,0.0
2025-10-11 00:00:00,0.0,0.0,5503500.287328,0.0,0.0,0.0,0.0,0.0,0.0,-0.484513241078,-0.484513241078,0.128036879933,0.128036879933,0.0,0.0,0.0,0.0,0.0,-0.000110785846,37514643.6501205,,0.0,0.0,0.0
2025-10-11 04:00:00,,,5859545.188616,0.0,0.0,0.0,0.0,0.0,0.0,,,0.128036879933,0.128036879933,0.0,0.0,0.0,0.0,0.0,-0.000208472087,38629531.306214795,,,0.0,0.0
2025-10-11 08:00:00,,,6409812.028068,0.0,0.0,0.0,0.0,0.0,0.0,,,0.128036879933,0.128036879933,0.0,0.0,0.0,0.0,0.0,-0.000215263659,39438869.344181485,,,0.0,0.0
2025-10-11 12:00:00,,,7233428.016568,0.701880693436,0.701880693436,0.0,0.701880693436,0.0,0.0,,,0.128036879933,0.128036879933,0.0,0.0,0.033068783069,0.0,1.0,-0.000285427721,41644882.536495775,910690.0,,0.0,0.0
2025-10-11 16:00:00,,,7385319.017959997,0.0,0.0,0.0,0.0,0.0,0.0,,,0.0,0.0,0.0,0.0,0.0,0.0,0.0,-0.000405930986,42045429.23150744,,,0.0,0.0
2025-10-11 20:00:00,,,8269830.029303998,0.0,0.0,0.0,0.0,0.0,0.0,,,0.0,0.0,0.0,0.0,0.0,0.0,0.0,-0.000184563717,44034297.49701408,,,0.0,0.0
2025-10-12 00:00:00,0.0,0.0,8580937.984496,0.0,0.0,0.0,0.0,0.0,0.0,-0.728533284488,-0.728533284488,0.0,0.0,0.0,0.0,0.0,0.0,0.0,-0.000297708838,44564926.75854909,,5.0,0.0,0.0
2025-10-12 04:00:00,,,9013440.820071999,0.0,0.0,0.0,0.0,0.0,0.0,,,0.0,0.0,0.0,0.0,0.0,0.0,0.0,-0.000388768438,45675437.95673457,,,0.0,0.0
2025-10-12 08:00:00,,,9180671.967336,0.0,0.0,0.0,0.0,0.0,0.0,,,0.0,0.0,0.0,0.0,0.0,0.0,0.0,-0.00062735326,45495322.572442956,,,0.0,0.0
2025-10-12 12:00:00,,,9819255.128328,0.708442091942,0.708442091942,0.0,0.708442091942,0.0,0.0,,,0.0,0.0,0.0,0.0,0.024509803922,0.0,1.0,-0.000240001032,48799385.54483625,909937.0,,0.0,0.0
2025-10-12 16:00:00,,,10339774.5043,0.757173538208,0.757173538208,0.0,0.757173538208,0.080023049958,0.080023049958,,,1.856534759027,1.856534759027,0.080023049958,0.0,0.036549707602,0.0,1.0,-0.000126849178,49947591.32057065,,,1.0,1.0
2025-10-12 20:00:00,,,10402198.056780001,-1.767631173134,-1.767631173134,1.767631173134,0.0,-0.323613155882,-0.323613155882,,,-3.135811060587,-3.135811060587,-0.323613155882,0.0,0.171440972222,0.0,4.0,-4.6192565e-05,49870472.48237181,,,4.0,4.0
2025-10-13 00:00:00,0.0,0.0,10701979.803615998,0.0,0.0,0.0,0.0,0.180864683347,0.180864683347,-0.539113674585,-0.539113674585,0.11369759064,0.11369759064,0.180864683347,0.0,0.0,0.0,0.0,-0.000215604408,51426930.981286265,,4.0,0.0,0.0
2025-10-13 04:00:00,,,11290015.980560001,0.0,0.0,0.0,0.0,0.01867204499,0.01867204499,,,0.11369759064,0.11369759064,0.01867204499,0.0,0.0,0.0,0.0,-8.454345e-05,53919848.72840803,,,0.0,0.0
2025-10-13 08:00:00,,,11198091.945616001,-0.896011829376,-0.896011829376,0.896011829376,0.0,-0.082690484957,-0.082690484957,,,-1.081566755641,-1.081566755641,-0.082690484957,0.0,0.06100956499,0.0,2.0,-6.6615529e-05,55437262.55591643,,,2.0,2.0
2025-10-13 12:00:00,,,11299403.678783998,0.778898477554,0.778898477554,0.0,0.778898477554,0.136004809188,0.136004809188,,,0.665433510225,0.665433510225,0.136004809188,0.0,0.03591954023,0.0,1.0,-4.0426001e-05,55530010.25698374,909899.0,,1.0,1.0
2025-10-13 16:00:00,,,11727381.4496,0.0,0.0,0.0,0.0,-0.109364834943,-0.109364834943,,,0.129318607609,0.129318607609,-0.109364834943,0.0,0.045289855072,0.0,1.0,3.2537741e-05,55389344.770181865,,,1.0,1.0
2025-10-13 20:00:00,,,11305936.416204,0.0,0.0,0.0,0.0,0.0,0.0,,,0.129318607609,0.129318607609,0.0,0.0,0.033068783069,0.0,1.0,-6.6872383e-05,49611726.49888036,,,0.0,0.0
2025-10-14 00:00:00,0.0,0.0,10918278.961604,0.0,0.0,0.0,0.0,0.0,0.0,-0.518804664611,-0.518804664611,0.129318607609,0.129318607609,0.0,0.0,0.0,0.0,0.0,-6.666357e-06,47786684.643254384,,0.0,0.0,0.0
2025-10-14 04:00:00,,,10045276.25478,0.0,0.0,0.0,0.0,0.0,0.0,,,0.129318607609,0.129318607609,0.0,0.0,0.0,0.0,0.0,-3.8735204e-05,44950605.39073385,,,0.0,0.0
2025-10-14 08:00:00,,,10103369.078496,0.0,0.0,0.0,0.0,0.0,0.0,,,0.129318607609,0.129318607609,0.0,0.0,0.0,0.0,0.0,-0.000224521675,44962356.80230713,,,0.0,0.0
2025-10-14 12:00:00,,,10000483.584428001,0.0,0.0,0.0,0.0,0.0,0.0,,,0.129318607609,0.129318607609,0.0,0.0,0.0,0.0,0.0,-0.00022874911,45764302.72854544,910450.0,,0.0,0.0
2025-10-14 16:00:00,,,9182343.138312,0.0,0.0,0.0,0.0,0.0,0.0,,,0.129318607609,0.129318607609,0.0,0.0,0.0,0.0,0.0,-0.000111843011,44359635.35159929,,,0.0,0.0
2025-10-14 20:00:00,,,8758110.456304,0.0,0.0,0.0,0.0,0.0,0.0,,,0.129318607609,0.129318607609,0.0,0.0,0.0,0.0,0.0,-0.00016967527,44392418.8227739,,,0.0,0.0
2025-10-15 00:00:00,0.0,0.0,8283810.247048,0.0,0.0,0.0,0.0,0.0,0.0,0.110448649623,0.110448649623,0.129318607609,0.129318607609,0.0,0.0,0.0,0.0,0.0,-0.000190004901,43296852.9168635,,2.0,0.0,0.0
2025-10-15 04:00:00,,,8424802.207728,0.0,0.0,0.0,0.0,0.0,0.0,,,0.149058693377,0.149058693377,0.0,0.0,0.0,0.0,0.0,-0.000187288369,43604180.67929865,,,0.0,0.0
2025-10-15 08:00:00,,,8245086.357824,0.0,0.0,0.0,0.0,0.0,0.0,,,0.160884170539,0.160884170539,0.0,0.0,0.0,0.0,0.0,-0.000379815843,42903873.66355872,,,0.0,0.0
2025-10-15 12:00:00,,,7915756.308464,0.821756184101,0.821756184101,0.0,0.821756184101,0.0,0.0,,,0.065985460565,0.065985460565,0.0,0.0,0.030637254902,0.0,1.0,-0.000549551588,40927459.08869885,909052.0,,0.0,0.0
2025-10-15 16:00:00,,,7887682.797656,0.0,0.0,0.0,0.0,0.0,0.0,,,0.065985460565,0.065985460565,0.0,0.0,0.059247680516,0.0,2.0,-0.000506299951,40807778.29858701,,,1.0,1.0
2025-10-15 20:00:00,,,7755377.636287999,0.817862331867,0.817862331867,0.0,0.817862331867,0.101362529947,0.101362529947,,,1.367578936406,1.367578936406,0.101362529947,0.0,0.031565656566,0.0,1.0,-0.000486669284,40679931.78484999,,,1.0,1.0
2025-10-16 00:00:00,0.0,0.0,7891223.123439999,0.0,0.0,0.0,0.0,-0.101362529947,-0.101362529947,1.354313214026,1.354313214026,-0.168916745553,-0.168916745553,-0.101362529947,0.0,0.046296296296,0.0,1.0,-0.000565863778,41731642.01622999,,4.0,0.0,0.0
2025-10-16 04:00:00,,,7919721.852256,0.817340552807,0.817340552807,0.0,0.817340552807,0.0,0.0,,,-0.128036879933,-0.128036879933,0.0,0.0,0.048449612403,0.0,1.0,-0.000311348989,41805822.86387955,,,0.0,0.0
2025-10-16 08:00:00,,,8017683.688788,1.45373159647,1.45373159647,0.0,1.45373159647,0.094899228591,0.094899228591,,,1.797265725548,1.797265725548,0.094899228591,0.0,0.14996408046,0.0,4.0,-0.000108147634,42199524.20476895,,,4.0,4.0
2025-10-16 12:00:00,,,7771728.547936,0.0,0.0,0.0,0.0,-0.092945996019,-0.092945996019,,,-0.144955246816,-0.144955246816,-0.092945996019,0.0,0.018939393939,0.0,1.0,-0.000129045724,41197588.2273352,908801.0,,0.0,0.0
2025-10-16 16:00:00,,,7594496.981268001,0.0,0.0,0.0,0.0,0.0,0.0,,,-0.144955246816,-0.144955246816,0.0,0.0,0.0,0.0,0.0,-5.1871659e-05,40956310.438087806,,,0.0,0.0
2025-10-16 20:00:00,,,7476934.711072,0.0,0.0,0.0,0.0,0.0,0.0,,,-0.144955246816,-0.144955246816,0.0,0.0,0.0,0.0,0.0,-5.441833e-05,40916667.77557663,,,0.0,0.0
2025-10-17 00:00:00,0.0,0.0,7453441.393212,0.0,0.0,0.0,0.0,0.0,0.0,-0.522989085412,-0.522989085412,-0.144955246816,-0.144955246816,0.0,0.0,0.0,0.0,0.0,-3.9139299e-05,41346420.91432556,,1.0,0.0,0.0
2025-10-17 04:00:00,,,6787117.933596,0.0,0.0,0.0,0.0,0.0,0.0,,,-0.144955246816,-0.144955246816,0.0,0.0,0.049603174603,0.0,1.0,-3.4309399e-05,38236415.26937693,,,1.0,1.0
2025-10-17 08:00:00,,,6905031.628467999,0.0,0.0,0.0,0.0,0.0,0.0,,,-0.144955246816,-0.144955246816,0.0,0.0,0.0,0.0,0.0,-0.000129755369,39112163.36089966,,,0.0,0.0
2025-10-17 12:00:00,,,6830728.73928,0.0,0.0,0.0,0.0,0.0,0.0,,,-0.144955246816,-0.144955246816,0.0,0.0,0.0,0.0,0.0,-9.7078909e-05,39383208.72640279,908280.0,,0.0,0.0
2025-10-17 16:00:00,,,7173049.3904679995,0.0,0.0,0.0,0.0,0.0,0.0,,,-0.144955246816,-0.144955246816,0.0,0.0,0.0,0.0,0.0,-2.2250036e-05,44176027.99044989,,,0.0,0.0
2025-10-17 20:00:00,,,7084704.1141,0.0,0.0,0.0,0.0,0.0,0.0,,,-0.144955246816,-0.144955246816,0.0,0.0,0.0,0.0,0.0,-2.6419348e-05,43966646.82713794,,,0.0,0.0
2025-10-18 00:00:00,0.0,0.0,7308313.798792,0.0,0.0,0.0,0.0,0.0,0.0,-0.581293184697,-0.581293184697,-0.144955246816,-0.144955246816,0.0,0.0,0.0,0.0,0.0,-5.529135e-06,44900417.56461315,,0.0,0.0,0.0
2025-10-18 04:00:00,,,7278537.266352,0.0,0.0,0.0,0.0,0.0,0.0,,,-0.144955246816,-0.144955246816,0.0,0.0,0.03591954023,0.0,1.0,-6.150623e-06,44873917.66276109,,,0.0,0.0
2025-10-18 08:00:00,,,7425466.721344,0.855327963829,0.855327963829,0.0,0.855327963829,0.0,0.0,,,-0.140725655095,-0.140725655095,0.0,0.0,0.066773504274,0.0,2.0,-2.029878e-05,45533060.00261195,,,0.0,0.0
2025-10-18 12:00:00,,,7277616.462699999,0.0,0.0,0.0,0.0,0.0,0.0,,,-0.128036879933,-0.128036879933,0.0,0.0,0.035310734463,0.0,1.0,-3.4994331e-05,45178295.531155676,907979.0,,0.0,0.0
2025-10-18 16:00:00,,,7343427.737612,0.0,0.0,0.0,0.0,0.0,0.0,,,-0.128036879933,-0.128036879933,0.0,0.0,0.0,0.0,0.0,-0.000117449581,46117177.34514879,,,0.0,0.0
2025-10-18 20:00:00,,,7342521.841152,0.0,0.0,0.0,0.0,0.0,0.0,,,-0.064018439966,-0.064018439966,0.0,0.0,0.0,0.0,0.0,-0.000214872451,46408951.428986885,,,0.0,0.0
2025-10-19 00:00:00,0.0,0.0,7328682.628188001,0.0,0.0,0.0,0.0,0.0,0.0,-0.559234075807,-0.559234075807,0.0,0.0,0.0,0.0,0.042517006803,0.0,1.0,1.5634177e-05,46589782.76794608,,2.0,1.0,1.0
2025-10-19 04:00:00,,,7219661.557979999,0.0,0.0,0.0,0.0,0.0,0.0,,,0.0,0.0,0.0,0.0,0.0,0.0,0.0,-3.55333e-06,46462036.90627338,,,0.0,0.0
2025-10-19 08:00:00,,,7518742.912807999,0.0,0.0,0.0,0.0,0.0,0.0,,,0.0,0.0,0.0,0.0,0.032552083333,0.0,1.0,1.160625e-06,47871891.264229506,,,1.0,1.0
2025-10-19 12:00:00,,,7616022.2724480005,0.0,0.0,0.0,0.0,0.0,0.0,,,0.0,0.0,0.0,0.0,0.0,0.0,0.0,-5.422701e-06,48497293.163275786,907580.0,,0.0,0.0
2025-10-19 16:00:00,,,7701263.044612,0.0,0.0,0.0,0.0,0.0,0.0,,,0.0,0.0,0.0,0.0,0.0,0.0,0.0,1.9409653e-05,49994274.38282197,,,0.0,0.0
2025-10-19 20:00:00,,,7759410.236628001,0.0,0.0,0.0,0.0,0.0,0.0,,,0.0,0.0,0.0,0.0,0.0,0.0,0.0,2.5124101e-05,50469973.03823379,,,0.0,0.0
2025-10-20 00:00:00,0.0,0.0,8139020.352744,0.0,0.0,0.0,0.0,0.0,0.0,7.41523534273,7.41523534273,0.0,0.0,0.0,0.0,0.0,0.0,0.0,1.2058452e-05,53869377.147253476,,13.0,0.0,0.0
2025-10-20 04:00:00,,,8369698.35916,0.0,0.0,0.0,0.0,0.0,0.0,,,0.0,0.0,0.0,0.0,0.045289855072,1.0,1.0,3.4840634e-05,55356645.74577373,,,1.0,1.0
2025-10-20 08:00:00,,,8773486.386999998,0.0,0.0,0.0,0.0,0.0,0.0,,,0.0,0.0,0.0,0.0,0.0,0.0,0.0,3.5743819e-05,59996319.97274841,,,0.0,0.0
2025-10-20 12:00:00,,,9187127.030000001,5.621729969978,5.621729969978,0.0,5.621729969978,0.177450938999,0.177450938999,,,3.753264881192,3.753264881192,0.177450938999,0.0,0.540419796054,0.0,17.0,-3.050287e-06,62331401.82379786,907696.0,,10.0,10.0
2025-10-20 16:00:00,,,8908992.200568002,2.465338289738,2.465338289738,0.0,2.465338289738,-0.062125382241,-0.062125382241,,,0.258337301778,0.258337301778,-0.062125382241,0.0,0.104347041847,0.0,3.0,3.5538304e-05,60715729.66008463,,,2.0,2.0
2025-10-20 20:00:00,,,9143830.900128,0.0,0.0,0.0,0.0,-0.18534605732,-0.18534605732,,,-0.238667133303,-0.238667133303,-0.18534605732,0.0,0.0,0.0,0.0,-5.627568e-06,60931512.93469763,,,0.0,0.0
2025-10-21 00:00:00,0.0,0.0,8510976.982676,1.531427145004,1.531427145004,0.0,1.531427145004,-0.021339479989,-0.021339479989,0.143711693395,0.143711693395,-0.028088843186,-0.028088843186,-0.021339479989,0.0,0.271034986893,0.0,4.0,3.5418545e-05,57826965.42823831,,4.0,2.0,2.0
2025-10-21 04:00:00,,,8298033.853704001,0.0,0.0,0.0,0.0,0.0,0.0,,,-0.252072259095,-0.252072259095,0.0,0.0,0.026709401709,0.0,1.0,3.5318865e-05,57478381.29355646,,,0.0,0.0
2025-10-21 08:00:00,,,8316190.865359999,0.0,0.0,0.0,0.0,0.0,0.0,,,-0.252072259095,-0.252072259095,0.0,0.0,0.027412280702,0.0,1.0,2.6160361e-05,57352342.5982017,,,1.0,1.0
2025-10-21 12:00:00,,,9164824.384312,-0.062972903252,-0.062972903252,0.878850102425,0.815877199173,0.0,0.0,,,-0.252072259095,-0.252072259095,0.0,0.0,0.02688172043,0.0,2.0,3.5014473e-05,60671857.10686486,907124.0,,0.0,0.0
2025-10-21 16:00:00,,,8163210.373175999,0.0,0.0,0.0,0.0,0.0,0.0,,,-0.252072259095,-0.252072259095,0.0,0.0,0.021043771044,0.0,1.0,3.5449773e-05,58345693.63055125,,,1.0,1.0
2025-10-21 20:00:00,,,7663102.522483999,0.0,0.0,0.0,0.0,0.0,0.0,,,-0.252072259095,-0.252072259095,0.0,0.0,0.0,0.0,0.0,2.3984956e-05,55428878.49161733,,,0.0,0.0
2025-10-22 00:00:00,0.0,0.0,7786643.396484,0.0,0.0,0.0,0.0,0.0,0.0,0.812528880063,0.812528880063,-0.252072259095,-0.252072259095,0.0,0.0,0.086805555556,0.0,1.0,-5.1241917e-05,55856060.81503262,,6.0,0.0,0.0
2025-10-22 04:00:00,,,7914067.721871999,1.549875676632,1.549875676632,0.0,1.549875676632,0.244016451074,0.244016451074,,,0.570427771402,0.570427771402,0.244016451074,0.0,0.144659377628,0.0,3.0,-0.000142912097,56654971.838915005,,,2.0,2.0
2025-10-22 08:00:00,,,8019126.5988920005,0.0,0.0,0.0,0.0,-0.182301329581,-0.182301329581,,,-0.286142967286,-0.286142967286,-0.182301329581,0.0,0.0,0.0,0.0,-0.000124836884,57408615.32414387,,,0.0,0.0
2025-10-22 12:00:00,,,7457643.963327999,0.044471561909,0.044471561909,0.879918754101,0.92439031601,-0.014467684361,-0.014467684361,,,-0.710772734089,-0.710772734089,-0.014467684361,0.029761904762,0.164866267148,1.0,5.0,-8.877126e-06,56802556.14451762,907027.0,,2.0,2.0
2025-10-22 16:00:00,,,7548264.428255999,0.935336172581,0.935336172581,0.0,0.935336172581,0.066685874965,0.066685874965,,,-0.016342006424,-0.016342006424,0.066685874965,0.0,0.014269406393,0.0,1.0,-1.9667337e-05,56495728.711739086,,,1.0,1.0
2025-10-22 20:00:00,,,7656061.65018,0.0,0.0,0.0,0.0,-0.066685874965,-0.066685874965,,,-0.26086951409,-0.26086951409,-0.066685874965,0.0,0.022644927536,0.0,1.0,3.5543234e-05,56788160.73959301,,,1.0,1.0
2025-10-23 00:00:00,0.0,0.0,7943687.642236,0.0,0.0,0.0,0.0,0.0,0.0,0.058205901727,0.058205901727,-0.224814300626,-0.224814300626,0.0,0.0,0.0,0.0,0.0,-1.2049702e-05,58503806.50650777,,6.0,0.0,0.0
2025-10-23 04:00:00,,,8015585.598468,0.0,0.0,0.0,0.0,0.0,0.0,,,-0.145273809456,-0.145273809456,0.0,0.025406504065,0.2555102657,1.0,5.0,-6.2324252e-05,59712104.03688647,,,3.0,3.0
2025-10-23 08:00:00,,,8112301.125848,0.0,0.0,0.0,0.0,0.0,0.0,,,-0.10221447458,-0.10221447458,0.0,0.0,0.0,0.0,0.0,-6.078441e-06,60031836.711975515,,,0.0,0.0
2025-10-23 12:00:00,,,8014777.90482,0.0,0.0,0.0,0.0,0.0,0.0,,,-0.10221447458,-0.10221447458,0.0,0.0,0.032051282051,0.0,1.0,-0.000165939403,58993773.31087354,906415.0,,1.0,1.0
2025-10-23 16:00:00,,,7911145.885055999,0.817735731602,0.817735731602,0.0,0.817735731602,0.050681264973,0.050681264973,,,0.317206941204,0.317206941204,0.050681264973,0.0,0.032051282051,0.0,1.0,-0.000214981149,59405969.06851897,,,1.0,1.0
2025-10-23 20:00:00,,,7517995.694248,0.0,0.0,0.0,0.0,-0.050681264973,-0.050681264973,,,-0.104624708739,-0.104624708739,-0.050681264973,0.0,0.034722222222,0.0,1.0,-8.778015e-05,57857643.96627896,,,1.0,1.0
2025-10-24 00:00:00,0.0,0.0,6481705.759128001,0.0,0.0,0.0,0.0,0.0,0.0,-0.229724306341,-0.229724306341,-0.104624708739,-0.104624708739,0.0,0.0,0.0,0.0,0.0,-5.1115559e-05,56416411.61233315,,1.0,0.0,0.0
2025-10-24 04:00:00,,,6575325.750872,0.0,0.0,0.0,0.0,0.0,0.0,,,-0.104624708739,-0.104624708739,0.0,0.0,0.0,0.0,0.0,-0.000103758264,56355252.055858955,,,0.0,0.0
2025-10-24 08:00:00,,,6765062.287888001,0.887842357159,0.887842357159,0.0,0.887842357159,0.0,0.0,,,-0.104624708739,-0.104624708739,0.0,0.0,0.024509803922,0.0,1.0,-0.000148985121,55810317.57052939,,,0.0,0.0
2025-10-24 12:00:00,,,6533162.2631,0.0,0.0,0.0,0.0,0.0,0.0,,,-0.104624708739,-0.104624708739,0.0,0.0,0.049110835401,0.0,2.0,-0.000281611744,55051054.23702319,,,0.0,0.0
2025-10-24 16:00:00,,,6469735.21144,0.0,0.0,0.0,0.0,0.0,0.0,,,-0.104624708739,-0.104624708739,0.0,0.0,0.027777777778,0.0,1.0,-0.00028840923,54426372.39233409,,,1.0,1.0
2025-10-24 20:00:00,,,6532046.995236,0.0,0.0,0.0,0.0,0.0,0.0,,,0.000398810488,0.000398810488,0.0,0.0,0.0,0.0,0.0,-0.000630141855,54497567.467609674,,,0.0,0.0
2025-10-25 00:00:00,0.0,0.0,6415674.215172,0.0,0.0,0.0,0.0,0.0,0.0,-0.227804925185,-0.227804925185,-0.090888716412,-0.090888716412,0.0,0.0,0.0,0.0,0.0,-0.000539600227,53639989.93133167,,1.0,0.0,0.0
2025-10-25 04:00:00,,,6332340.923996,0.0,0.0,0.0,0.0,0.0,0.0,,,-0.155106561622,-0.155106561622,0.0,0.0,0.0,0.0,0.0,-0.000510606432,53132821.82918972,,,0.0,0.0
2025-10-25 08:00:00,,,6355104.54108,0.0,0.0,0.0,0.0,0.0,0.0,,,-0.128036879933,-0.128036879933,0.0,0.0,0.0,0.0,0.0,-0.000504269074,52687536.63131963,,,0.0,0.0
2025-10-25 12:00:00,,,6450151.8395920005,0.863906145096,0.863906145096,0.0,0.863906145096,0.061351004968,0.061351004968,,,1.247462956008,1.247462956008,0.061351004968,0.0,0.029761904762,0.0,1.0,-0.000353994023,53098940.66074087,,,1.0,1.0
2025-10-25 16:00:00,,,7041208.642084,0.0,0.0,0.0,0.0,-0.061351004968,-0.061351004968,,,-0.182528434783,-0.182528434783,-0.061351004968,0.0,0.0,0.0,0.0,-1.6517682e-05,54941238.83157962,,,0.0,0.0
2025-10-25 20:00:00,,,6618573.487308,0.0,0.0,0.0,0.0,0.0,0.0,,,-0.182528434783,-0.182528434783,0.0,0.0,0.0,0.0,0.0,7.872506e-06,53444758.217537954,,,0.0,0.0
2025-10-26 00:00:00,0.0,0.0,6794404.742412001,0.0,0.0,0.0,0.0,0.0,0.0,-0.285774448993,-0.285774448993,-0.182528434783,-0.182528434783,0.0,0.0,0.0,0.0,0.0,3.0514134e-05,53651626.08599905,,1.0,0.0,0.0
2025-10-26 04:00:00,,,6963615.271943999,0.0,0.0,0.0,0.0,0.0,0.0,,,-0.141659768645,-0.141659768645,0.0,0.0,0.0,0.0,0.0,-0.00012811543,54322019.034789145,,,0.0,0.0
2025-10-26 08:00:00,,,6841802.437340001,0.0,0.0,0.0,0.0,0.0,0.0,,,-0.128036879933,-0.128036879933,0.0,0.0,0.0,0.0,0.0,-4.278306e-05,54200926.279327944,,,0.0,0.0
2025-10-26 12:00:00,,,6821847.35968,0.0,0.0,0.0,0.0,0.0,0.0,,,-0.128036879933,-0.128036879933,0.0,0.0,0.032051282051,0.0,1.0,-4.6978268e-05,54086570.051599845,,,1.0,1.0
2025-10-26 16:00:00,,,6399679.44742,0.0,0.0,0.0,0.0,0.0,0.0,,,-0.128036879933,-0.128036879933,0.0,0.0,0.0,0.0,0.0,-4.6619e-05,53018790.857666224,,,0.0,0.0
2025-10-26 20:00:00,,,6372170.702159999,0.0,0.0,0.0,0.0,0.0,0.0,,,-0.128036879933,-0.128036879933,0.0,0.0,0.0,0.0,0.0,-0.000188876166,53481600.063245356,,,0.0,0.0
2025-10-27 00:00:00,0.0,0.0,6398746.339688,0.0,0.0,0.0,0.0,0.0,0.0,-0.26774658953,-0.26774658953,-0.128036879933,-0.128036879933,0.0,0.0,0.0,0.0,0.0,-0.000345204823,53388789.12390537,,0.0,0.0,0.0
2025-10-27 04:00:00,,,6659404.082692,0.0,0.0,0.0,0.0,0.0,0.0,,,-0.128036879933,-0.128036879933,0.0,0.0,0.0,0.0,0.0,-0.000188756352,53207731.272555366,,,0.0,0.0
2025-10-27 08:00:00,,,6130713.856716,0.0,0.0,0.0,0.0,0.0,0.0,,,-0.128036879933,-0.128036879933,0.0,0.0,0.0,0.0,0.0,-0.000327767648,50866060.819177166,,,0.0,0.0
2025-10-27 12:00:00,,,6248127.315952,0.0,0.0,0.0,0.0,0.0,0.0,,,-0.128036879933,-0.128036879933,0.0,0.0,0.0,0.0,0.0,-0.000301623981,50127848.723492905,,,0.0,0.0
2025-10-27 16:00:00,,,6141989.859424001,0.808011949062,0.808011949062,0.0,0.808011949062,0.0,0.0,,,-0.128036879933,-0.128036879933,0.0,0.0,0.026371308017,0.0,1.0,-2.7094206e-05,49607737.83302629,,,0.0,0.0
2025-10-27 20:00:00,,,5467049.281060001,0.0,0.0,0.0,0.0,0.0,0.0,,,-0.128036879933,-0.128036879933,0.0,0.0,0.0,0.0,0.0,-0.000376911156,46118572.61330216,,,0.0,0.0
2025-10-28 00:00:00,0.0,0.0,5551363.763499999,0.0,0.0,0.0,0.0,0.0,0.0,-0.199378814657,-0.199378814657,-0.032009219983,-0.032009219983,0.0,0.0,0.033602150538,0.0,1.0,-0.000114870131,45622312.52147126,,1.0,1.0,1.0
2025-10-28 04:00:00,,,5516241.810372008,0.0,0.0,0.0,0.0,0.0,0.0,,,0.0,0.0,0.0,0.0,0.0,0.0,0.0,-0.000135073073,45608090.25320681,,,0.0,0.0
2025-10-28 08:00:00,,,5672528.924588,0.0,0.0,0.0,0.0,0.0,0.0,,,0.0,0.0,0.0,0.0,0.0,0.0,0.0,-0.000204190613,46562448.76586571,,,0.0,0.0
2025-10-28 12:00:00,,,6073471.064435999,0.731489598751,0.731489598751,0.0,0.731489598751,0.0,0.0,,,0.0,0.0,0.0,0.0,0.026371308017,0.0,1.0,3.570817e-05,53311652.69313383,903833.0,,0.0,0.0
2025-10-28 16:00:00,,,5983241.9519,0.0,0.0,0.0,0.0,0.0,0.0,,,0.0,0.0,0.0,0.0,0.0,0.0,0.0,3.609994e-05,53749320.431466356,,,0.0,0.0
2025-10-28 20:00:00,,,5795719.43,0.0,0.0,0.0,0.0,0.0,0.0,,,0.0,0.0,0.0,0.0,0.0,0.0,0.0,3.5603909e-05,52316133.63879716,,,0.0,0.0
2025-10-29 00:00:00,0.0,0.0,7383094.658191999,0.0,0.0,0.0,0.0,0.0,0.0,-0.129118290609,-0.129118290609,0.0,0.0,0.0,0.0,0.0,0.0,0.0,-3.2263201e-05,57897389.13911975,,2.0,0.0,0.0
2025-10-29 04:00:00,,,7363624.5565760005,0.0,0.0,0.0,0.0,0.0,0.0,,,0.0,0.0,0.0,0.0,0.0,0.0,0.0,-3.3671215e-05,56917415.3262415,,,0.0,0.0
2025-10-29 08:00:00,,,7302936.772984,0.0,0.0,0.0,0.0,0.0,0.0,,,0.0,0.0,0.0,0.0,0.06360388872,0.0,3.0,-0.00010385608,56393114.98028132,,,1.0,1.0
2025-10-29 12:00:00,,,7446351.624260001,0.0,0.0,0.0,0.0,0.0,0.0,,,0.0,0.0,0.0,0.0,0.019113149847,0.0,1.0,-1.791259e-05,57464601.72672911,903179.0,,1.0,1.0
2025-10-29 16:00:00,,,7123191.990624,0.0,0.0,0.0,0.0,0.0,0.0,,,0.0,0.0,0.0,0.0,0.0,0.0,0.0,8.723589e-06,55146468.131937124,,,0.0,0.0
2025-10-29 20:00:00,,,6994748.743564,0.857393503189,0.857393503189,0.0,0.857393503189,0.0,0.0,,,0.0,0.0,0.0,0.0,0.019290123457,0.0,1.0,-9.3339936e-05,53575437.92759627,,,0.0,0.0
2025-10-30 00:00:00,0.0,0.0,7081813.839776,0.0,0.0,0.0,0.0,0.0,0.0,0.266205871656,0.266205871656,0.0,0.0,0.0,0.0,0.0,0.0,0.0,-0.000204290165,53653827.330417424,,3.0,0.0,0.0
2025-10-30 04:00:00,,,7138290.710232,0.0,0.0,0.0,0.0,0.0,0.0,,,0.0,0.0,0.0,0.0,0.0,0.0,0.0,-7.8607214e-05,53583180.41425867,,,0.0,0.0
2025-10-30 08:00:00,,,7492877.462376,0.0,0.0,0.0,0.0,0.0,0.0,,,0.0,0.0,0.0,0.0,0.0,0.0,0.0,-0.00012729964,54026197.47794501,,,0.0,0.0
2025-10-30 12:00:00,,,6936194.882076,0.0,0.0,0.0,0.0,0.0,0.0,,,0.0,0.0,0.0,0.0,0.059660417943,0.0,3.0,-2.8946267e-05,52065987.23740156,902703.0,,0.0,0.0
2025-10-30 16:00:00,,,6981704.70976,2.390561640263,2.390561640263,0.0,2.390561640263,0.066685874965,0.066685874965,,,1.856534759027,1.856534759027,0.066685874965,0.0,0.080338296614,0.0,5.0,-0.000252872249,52446212.35184981,,,1.0,1.0
2025-10-30 20:00:00,,,7532693.563747999,0.0,0.0,0.0,0.0,-0.066685874965,-0.066685874965,,,-0.128036879933,-0.128036879933,-0.066685874965,0.0,0.087460289201,0.0,4.0,-0.000374293636,53602020.75941739,,,2.0,2.0
2025-10-31 00:00:00,0.0,0.0,8007327.962799999,0.0,0.0,0.0,0.0,0.0,0.0,-0.178774416545,-0.178774416545,-0.128036879933,-0.128036879933,0.0,0.0,0.0,0.0,0.0,-5.3445126e-05,55182829.03051665,,2.0,0.0,0.0
2025-10-31 04:00:00,,,8078488.965536,0.701462090015,0.701462090015,0.0,0.701462090015,0.0,0.0,,,-0.128036879933,-0.128036879933,0.0,0.0,0.013982102908,0.0,1.0,-9.8484574e-05,54696792.67353264,,,0.0,0.0
2025-10-31 08:00:00,,,8467692.510187998,0.0,0.0,0.0,0.0,0.0,0.0,,,-0.128036879933,-0.128036879933,0.0,0.0,0.0,0.0,0.0,-5.1637552e-05,55918435.434741735,,,0.0,0.0
2025-10-31 12:00:00,,,9098552.422916,-0.844377756119,-0.844377756119,0.844377756119,0.0,-0.130704314931,-0.130704314931,,,-1.428203332119,-1.428203332119,-0.130704314931,0.0,0.056298561091,0.0,4.0,8.673512e-06,55619177.71195272,,,2.0,2.0
2025-10-31 16:00:00,,,8927394.172884,0.0,0.0,0.0,0.0,0.128036879933,0.128036879933,,,-0.004965998476,-0.004965998476,0.128036879933,0.0,0.0,0.0,0.0,-0.000137570708,55454620.237780474,,,0.0,0.0
2025-10-31 20:00:00,,,8954018.253408,0.708586096764,0.708586096764,0.0,0.708586096764,0.002667434999,0.002667434999,,,-0.004965998476,-0.004965998476,0.002667434999,0.0,0.015903307888,0.0,1.0,-7.4805108e-05,55723503.31509277,,,0.0,0.0
2025-11-01 00:00:00,0.0,0.0,9034948.155784,0.0,0.0,0.0,0.0,0.0,0.0,-0.140617659857,-0.140617659857,-0.004965998476,-0.004965998476,0.0,0.0,0.05953595972,0.0,2.0,-8.4607653e-05,56294214.47090764,902009.0,1.0,0.0,0.0
2025-11-01 04:00:00,,,9073953.566116,0.0,0.0,0.0,0.0,0.0,0.0,,,-0.004965998476,-0.004965998476,0.0,0.0,0.0,0.0,0.0,-1.7687494e-05,56542265.425604045,,,0.0,0.0
2025-11-01 08:00:00,,,9008790.987264,0.0,0.0,0.0,0.0,0.0,0.0,,,-0.004965998476,-0.004965998476,0.0,0.0,0.016276041667,0.0,1.0,-5.2557999e-05,56480720.676274344,,,1.0,1.0
2025-11-01 12:00:00,,,9039635.277736,0.81139343977,0.81139343977,0.0,0.81139343977,0.0,0.0,,,-0.004965998476,-0.004965998476,0.0,0.0,0.014988009592,0.0,1.0,-1.7956732e-05,55856640.93735046,,,0.0,0.0
2025-11-01 16:00:00,,,9114935.713628,0.81139343977,0.81139343977,0.0,0.81139343977,0.0,0.0,,,-0.004965998476,-0.004965998476,0.0,0.0,0.018274853801,0.0,1.0,-2.5861271e-05,55586133.14561045,,,0.0,0.0
2025-11-01 20:00:00,,,9186081.902772,0.0,0.0,0.0,0.0,0.0,0.0,,,-0.004965998476,-0.004965998476,0.0,0.0,0.0,0.0,0.0,-2.525526e-05,54957623.79676045,,,0.0,0.0
2025-11-02 00:00:00,0.0,0.0,9077356.557164002,0.0,0.0,0.0,0.0,0.0,0.0,-0.095579418655,-0.095579418655,-0.004965998476,-0.004965998476,0.0,0.0,0.017959770115,0.0,1.0,-8.1785913e-05,53279599.91324815,901811.0,3.0,0.0,0.0
2025-11-02 04:00:00,,,9203183.204012001,0.0,0.0,0.0,0.0,0.0,0.0,,,0.061535440729,0.061535440729,0.0,0.0,0.0,0.0,0.0,-2.2111506e-05,53967452.21387295,,,0.0,0.0
2025-11-02 08:00:00,,,9325582.437095996,0.0,0.0,0.0,0.0,0.0,0.0,,,0.128036879933,0.128036879933,0.0,0.0,0.0,0.0,0.0,-0.000160390666,54062523.2375881,,,0.0,0.0
2025-11-02 12:00:00,,,9054830.696423998,0.0,0.0,0.0,0.0,0.0,0.0,,,0.128036879933,0.128036879933,0.0,0.0,0.013796909492,0.0,1.0,1.2108328e-05,52313660.5930996,,,0.0,0.0
2025-11-02 16:00:00,,,9025864.579139998,1.561397731304,1.561397731304,0.0,1.561397731304,0.15204379492,0.15204379492,,,1.397487850416,1.397487850416,0.15204379492,0.0,0.026735352063,0.0,2.0,2.7636916e-05,52731749.416325,,,1.0,1.0
2025-11-02 20:00:00,,,9089249.735340001,-0.800243675709,-0.800243675709,0.800243675709,0.0,-0.192434080666,-0.192434080666,,,-1.072355907853,-1.072355907853,-0.192434080666,0.0,0.03395271313,0.0,2.0,2.6863025e-05,53043486.004186615,,,2.0,2.0
2025-11-03 00:00:00,0.0,0.0,8940708.703591999,0.896656572819,0.896656572819,0.0,0.896656572819,0.150012156372,0.150012156372,-6.832125871685,-6.832125871685,1.088506477351,1.088506477351,0.150012156372,0.0,0.012400793651,0.0,1.0,-3.5939734e-05,51238729.34786218,901678.0,38.0,1.0,1.0
2025-11-03 04:00:00,,,8862322.826236,0.0,0.0,0.0,0.0,-0.106697399944,-0.106697399944,,,-0.076944934731,-0.076944934731,-0.106697399944,0.0,0.011081560284,0.0,1.0,-3.5520491e-05,51662203.013155095,,,1.0,1.0
2025-11-03 08:00:00,,,9452955.479972001,-3.878259062767,-3.878259062767,6.352582514286,2.474323451519,-0.257441144996,-0.257441144996,,,-3.551224262309,-3.551224262309,-0.257441144996,0.0,0.182985327251,0.0,17.0,-0.000394370192,52100855.21442212,,,10.0,10.0
2025-11-03 12:00:00,,,9241263.196392,-5.705500662327,-5.705500662327,8.274940133095,2.569439470768,-0.00514945518,-0.00514945518,,,-2.281983313555,-2.281983313555,-0.00514945518,0.0,0.186083162439,0.0,21.0,-0.000192705017,50816058.85326801,,,13.0,13.0
2025-11-03 16:00:00,,,8594461.801808,0.948369204998,0.948369204998,2.41562628746,3.363995492458,0.235604187107,0.235604187107,,,0.370763340619,0.370763340619,0.235604187107,0.0,0.110955777739,0.0,13.0,-0.000292722476,50633053.05264735,,,7.0,7.0
2025-11-03 20:00:00,,,8190317.03234,2.409924685955,2.409924685955,0.0,2.409924685955,-0.051107694494,-0.051107694494,,,0.863573523921,0.863573523921,-0.051107694494,0.0,0.092432462567,0.0,10.0,-0.000329333352,51423078.52128789,,,6.0,6.0
2025-11-04 00:00:00,0.0,0.0,8077468.348408001,-0.031697928905,-0.031697928905,0.887553989887,0.855856060982,-0.086573267943,-0.086573267943,-2.662080115013,-2.662080115013,0.330325151222,0.330325151222,-0.086573267943,0.0,0.043453970053,0.0,4.0,-0.000333698733,53619164.68354292,901484.0,21.0,2.0,2.0
2025-11-04 04:00:00,,,7820171.160912,0.86020052433,0.86020052433,0.0,0.86020052433,-0.061351004968,-0.061351004968,,,0.174612705043,0.174612705043,-0.061351004968,0.0,0.038277215689,0.0,4.0,-0.000155124614,50832719.97951143,,,3.0,3.0
2025-11-04 08:00:00,,,8143510.815256,-0.052330970764,-0.052330970764,1.72678476572,1.674453794956,-0.112300364752,-0.112300364752,,,0.010949938222,0.010949938222,-0.112300364752,0.0,0.065683543557,0.0,7.0,-0.000197634064,51548297.304413244,,,4.0,4.0
2025-11-04 12:00:00,,,7973071.680864001,-1.551873028278,-1.551873028278,1.551873028278,0.0,0.135549699916,0.135549699916,,,-0.014622242247,-0.014622242247,0.135549699916,0.0,0.070123073411,0.0,8.0,-0.000537457685,51031210.04620451,,,4.0,4.0
2025-11-04 16:00:00,,,7616189.79342,-3.235157012939,-3.235157012939,4.875601410866,1.640444397926,-0.082141007825,-0.082141007825,,,-0.297215110057,-0.297215110057,-0.082141007825,0.0,0.117551854085,0.0,15.0,-0.001150247503,49528880.9440076,,,6.0,6.0
2025-11-04 20:00:00,,,7314692.141399999,-0.053818047047,-0.053818047047,0.851906657219,0.798088610172,0.105045926417,0.105045926417,,,0.224785279921,0.224785279921,0.105045926417,0.0,0.044590431172,0.0,5.0,-0.001251080387,50314302.22045484,,,2.0,2.0
2025-11-05 00:00:00,0.0,0.0,6639197.0943599995,0.015456676483,0.015456676483,0.910727262497,0.92618393898,0.041901974506,0.041901974506,-0.047884135437,-0.047884135437,0.308078654953,0.308078654953,0.041901974506,0.0,0.020481078905,0.0,2.0,-0.000671411065,49295925.01425145,901084.0,5.0,1.0,1.0
2025-11-05 04:00:00,,,6454112.581544,-1.616616606712,-1.616616606712,1.616616606712,0.0,-0.053348699972,-0.053348699972,,,0.224975912193,0.224975912193,-0.053348699972,0.0,0.033548201311,0.0,3.0,-4.4439823e-05,48954862.15662212,,,1.0,1.0
2025-11-05 08:00:00,,,6268319.218956,0.863163352013,0.863163352013,0.0,0.863163352013,0.0,0.0,,,0.301932760087,0.301932760087,0.0,0.0,0.0265278289,0.0,3.0,-0.000166769225,48779503.36368356,,,1.0,1.0
2025-11-05 12:00:00,,,5873764.256456001,0.816464483738,0.816464483738,0.0,0.816464483738,0.0,0.0,,,0.220967532941,0.220967532941,0.0,0.0,0.040926304686,0.0,5.0,-7.3161771e-05,47592366.92354477,,,1.0,1.0
2025-11-05 16:00:00,,,5763472.223224,-0.617838144302,-0.617838144302,1.430076122284,0.812237977982,0.0,0.0,,,0.225268717189,0.225268717189,0.0,0.0,0.058486459407,0.0,7.0,-0.00016515136,47568307.95719297,,,1.0,1.0
2025-11-05 20:00:00,,,5674672.559808,0.0,0.0,0.0,0.0,0.0,0.0,,,0.206268464172,0.206268464172,0.0,0.0,0.0,0.0,0.0,-6.9023009e-05,46763758.32598797,,,0.0,0.0
2025-11-06 00:00:00,0.0,0.0,5638786.08028,0.745349407196,0.745349407196,0.0,0.745349407196,0.0,0.0,0.06053022524,0.06053022524,0.066548147582,0.066548147582,0.0,0.0,0.010850694444,0.0,1.0,-0.00024597894,46660502.61218977,900882.0,1.0,0.0,0.0
2025-11-06 04:00:00,,,5546998.54954,0.0,0.0,0.0,0.0,0.0,0.0,,,-0.055809973296,-0.055809973296,0.0,0.0,0.0,0.0,0.0,-0.000250904104,45776504.856509864,,,0.0,0.0
2025-11-06 08:00:00,,,5432539.05744,0.0,0.0,0.0,0.0,0.0,0.0,,,0.082837551534,0.082837551534,0.0,0.0,0.0,0.0,0.0,-0.00016681054,45638302.78840078,,,0.0,0.0
2025-11-06 12:00:00,,,5104899.345936,0.0,0.0,0.0,0.0,0.0,0.0,,,0.203771101118,0.203771101118,0.0,0.0,0.0,0.0,0.0,-0.000107071285,43979718.561588176,,,0.0,0.0
2025-11-06 16:00:00,,,5214019.852940001,0.0,0.0,0.0,0.0,0.0,0.0,,,0.218201241776,0.218201241776,0.0,0.003245067497,0.010738831615,1.0,1.0,-0.000180285795,44115573.7606721,,,1.0,1.0
2025-11-06 20:00:00,,,5693260.95748,0.0,0.0,0.0,0.0,0.0,0.0,,,0.209292166201,0.209292166201,0.0,0.0,0.0,0.0,0.0,-0.000575849223,45052974.84753211,,,0.0,0.0
2025-11-07 00:00:00,0.0,0.0,5911095.7149,0.0,0.0,0.0,0.0,0.0,0.0,0.086766230605,0.086766230605,0.159013225788,0.159013225788,0.0,0.0,0.0,0.0,0.0,-0.000354277193,45424170.16479172,900470.0,2.0,0.0,0.0
2025-11-07 04:00:00,,,5746113.7696,0.0,0.0,0.0,0.0,0.0,0.0,,,0.065706017132,0.065706017132,0.0,0.0,0.007891414141,0.0,1.0,-0.000112233747,44982031.3594256,,,1.0,1.0
2025-11-07 08:00:00,,,5624009.497296,0.800902962685,0.800902962685,0.0,0.800902962685,0.117367139938,0.117367139938,,,0.897213741017,0.897213741017,0.117367139938,0.0,0.009600614439,0.0,1.0,-0.000119582304,43913770.59907633,,,1.0,1.0
2025-11-07 12:00:00,,,5776649.60296,0.0,0.0,0.0,0.0,-0.117367139938,-0.117367139938,,,-0.193136283086,-0.193136283086,-0.117367139938,0.0,0.0,0.0,0.0,-0.000313614766,44119787.25414333,,,0.0,0.0
2025-11-07 16:00:00,,,6248455.64458,0.0,0.0,0.0,0.0,0.0,0.0,,,-0.182467553235,-0.182467553235,0.0,0.0,0.0,0.0,0.0,-5.1069544e-05,44945170.44028333,,,0.0,0.0
2025-11-07 20:00:00,,,6037447.404332,0.0,0.0,0.0,0.0,0.0,0.0,,,-0.155252216584,-0.155252216584,0.0,0.0,0.0,0.0,0.0,-5.245092e-05,44014750.84397911,,,0.0,0.0
2025-11-08 00:00:00,0.0,0.0,6085270.202268,0.0,0.0,0.0,0.0,0.0,0.0,0.036176743861,0.036176743861,-0.128036879933,-0.128036879933,0.0,0.0,0.0,0.0,0.0,-0.000165487437,43917629.54061156,900325.0,2.0,0.0,0.0
2025-11-08 04:00:00,,,6120911.488364001,0.0,0.0,0.0,0.0,0.0,0.0,,,-0.128036879933,-0.128036879933,0.0,0.0,0.0,0.0,0.0,-6.7448684e-05,43829254.18462277,,,0.0,0.0
2025-11-08 08:00:00,,,6344078.566796,0.0,0.0,0.0,0.0,0.0,0.0,,,-0.128036879933,-0.128036879933,0.0,0.0,0.006808278867,0.0,1.0,-3.9457603e-05,44363240.57961952,,,1.0,1.0
2025-11-08 12:00:00,,,6178071.155924,0.0,0.0,0.0,0.0,0.0,0.0,,,-0.128036879933,-0.128036879933,0.0,0.0,0.0,0.0,0.0,-0.000248452125,43244681.80410192,,,0.0,0.0
2025-11-08 16:00:00,,,6182436.605876001,0.0,0.0,0.0,0.0,0.0,0.0,,,-0.128036879933,-0.128036879933,0.0,0.0,0.012112403101,0.0,1.0,-0.00046275996,43243550.13088551,,,1.0,1.0
2025-11-08 20:00:00,,,6320212.547824,0.0,0.0,0.0,0.0,0.0,0.0,,,-0.128036879933,-0.128036879933,0.0,0.0,0.0,0.0,0.0,-0.000563030771,44015668.00216192,,,0.0,0.0
2025-11-09 00:00:00,0.0,0.0,5998541.354304,0.0,0.0,0.0,0.0,0.0,0.0,0.038890343083,0.038890343083,-0.128036879933,-0.128036879933,0.0,0.0,0.0,0.0,0.0,-0.000516174673,42725919.451278314,900032.0,0.0,0.0,0.0
2025-11-09 04:00:00,,,6114870.160024,0.0,0.0,0.0,0.0,0.0,0.0,,,-0.128036879933,-0.128036879933,0.0,0.0,0.0,0.0,0.0,-0.000459406981,43555482.57782192,,,0.0,0.0
2025-11-09 08:00:00,,,6139765.474595999,0.0,0.0,0.0,0.0,0.0,0.0,,,-0.128036879933,-0.128036879933,0.0,0.0,0.0,0.0,0.0,-0.000485976913,43561853.76080192,,,0.0,0.0
2025-11-09 12:00:00,,,6309134.241844,0.0,0.0,0.0,0.0,0.0,0.0,,,-0.128036879933,-0.128036879933,0.0,0.0,0.0,0.0,0.0,-0.000506745531,44980257.27414192,,,0.0,0.0
2025-11-09 16:00:00,,,6481872.263436,0.0,0.0,0.0,0.0,0.0,0.0,,,-0.128036879933,-0.128036879933,0.0,0.0,0.0,0.0,0.0,-0.000473385738,46181237.11284849,,,0.0,0.0
2025-11-09 20:00:00,,,6386263.848743999,0.0,0.0,0.0,0.0,0.0,0.0,,,-0.09602765995,-0.09602765995,0.0,0.0,0.0,0.0,0.0,-0.000590151181,45661180.34899228,,,0.0,0.0
2025-11-10 00:00:00,0.0,0.0,6738560.648352,0.0,0.0,0.0,0.0,0.0,0.0,0.061830687822,0.061830687822,0.0,0.0,0.0,0.0,0.0,0.0,0.0,-0.000617520352,47559338.83875339,899409.0,1.0,0.0,0.0
2025-11-10 04:00:00,,,7063116.937887999,0.0,0.0,0.0,0.0,0.0,0.0,,,0.0,0.0,0.0,0.0,0.053418803419,0.0,1.0,-0.000782539717,48931767.53667267,,,1.0,1.0
2025-11-10 08:00:00,,,6928335.739632,0.722466051579,0.722466051579,0.0,0.722466051579,0.0,0.0,,,0.0,0.0,0.0,0.020424836601,0.09261080514,1.0,2.0,-0.000424710079,47648718.84797546,,,0.0,0.0
2025-11-10 12:00:00,,,6923163.773080001,0.0,0.0,0.0,0.0,0.0,0.0,,,0.0,0.0,0.0,0.0,0.0,0.0,0.0,-0.000275503404,46245170.58026546,,,0.0,0.0
2025-11-10 16:00:00,,,6801533.660944,0.0,0.0,0.0,0.0,0.0,0.0,,,0.0,0.0,0.0,0.0,0.0,0.0,0.0,-0.000138328485,45332668.22677026,,,0.0,0.0
2025-11-10 20:00:00,,,6524345.1486,0.0,0.0,0.0,0.0,0.0,0.0,,,0.0,0.0,0.0,0.0,0.0,0.0,0.0,-0.00038193392,43705078.93145473,,,0.0,0.0
2025-11-11 00:00:00,0.0,0.0,6641218.188587999,0.824032962322,0.824032962322,0.0,0.824032962322,0.0,0.0,0.038988771604,0.038988771604,0.0,0.0,0.0,0.0,0.095139249265,0.0,2.0,-0.000421593009,43705940.221349835,899374.0,0.0,0.0,0.0
2025-11-11 04:00:00,,,6253819.054539999,0.0,0.0,0.0,0.0,0.0,0.0,,,0.0,0.0,0.0,0.0,0.0,0.0,0.0,-0.000401961879,42284336.40211654,,,0.0,0.0
2025-11-11 08:00:00,,,6186479.960316,0.0,0.0,0.0,0.0,0.0,0.0,,,0.0,0.0,0.0,0.0,0.0,0.0,0.0,-0.000256929506,42054563.450090446,,,0.0,0.0
2025-11-11 12:00:00,,,6186247.328356,0.0,0.0,0.0,0.0,0.0,0.0,,,0.0,0.0,0.0,0.0,0.0,0.0,0.0,-0.000155461525,41383314.41764204,,,0.0,0.0
2025-11-11 16:00:00,,,6341508.882268,0.0,0.0,0.0,0.0,0.0,0.0,,,0.0,0.0,0.0,0.0,0.0,0.0,0.0,-0.000103901221,40805738.65494314,,,0.0,0.0
2025-11-11 20:00:00,,,6131758.653016,0.0,0.0,0.0,0.0,0.0,0.0,,,0.0,0.0,0.0,0.0,0.0,0.0,0.0,-0.00010835529,38985876.01207435,,,0.0,0.0
2025-11-12 00:00:00,0.0,0.0,6038877.784632,0.0,0.0,0.0,0.0,0.0,0.0,0.03981996537,0.03981996537,0.0,0.0,0.0,0.0,0.0,0.0,0.0,-4.1504859e-05,38644173.65180499,899128.0,0.0,0.0,0.0
2025-11-12 04:00:00,,,6024888.940363999,0.0,0.0,0.0,0.0,0.0,0.0,,,0.0,0.0,0.0,0.0,0.0,0.0,0.0,-7.2334155e-05,38319455.64555636,,,0.0,0.0
2025-11-12 08:00:00,,,6013875.41876,0.0,0.0,0.0,0.0,0.0,0.0,,,0.0,0.0,0.0,0.0,0.0,0.0,0.0,-0.000194887494,38781762.738695264,,,0.0,0.0
2025-11-12 12:00:00,,,5661692.264956,0.0,0.0,0.0,0.0,0.0,0.0,,,0.0,0.0,0.0,0.0,0.027777777778,0.0,1.0,-0.000113547419,37591851.64683527,,,0.0,0.0
2025-11-12 16:00:00,,,5603187.95914,0.0,0.0,0.0,0.0,0.0,0.0,,,0.0,0.0,0.0,0.0,0.0,0.0,0.0,-0.000169044005,37751080.18661986,,,0.0,0.0
2025-11-12 20:00:00,,,5515019.70564,0.0,0.0,0.0,0.0,0.0,0.0,,,0.0,0.0,0.0,0.0,0.0,0.0,0.0,-3.8627709e-05,37155361.74398714,,,0.0,0.0
2025-11-13 00:00:00,0.0,0.0,5426117.21672,0.0,0.0,0.0,0.0,0.0,0.0,0.040550728773,0.040550728773,0.0,0.0,0.0,0.0,0.0,0.0,0.0,-0.000100161683,37453025.326748684,898922.0,2.0,0.0,0.0
2025-11-13 04:00:00,,,5409243.184928,0.0,0.0,0.0,0.0,0.0,0.0,,,0.0,0.0,0.0,0.0,0.0,0.0,0.0,-9.9779521e-05,37832853.616340786,,,0.0,0.0
2025-11-13 08:00:00,,,5331206.86064,0.0,0.0,0.0,0.0,0.0,0.0,,,0.0,0.0,0.0,0.0,0.0,0.0,0.0,-0.000239079128,37263691.69191669,,,0.0,0.0
2025-11-13 12:00:00,,,5235043.248996,0.0,0.0,0.0,0.0,0.0,0.0,,,0.0,0.0,0.0,0.0,0.041666666667,0.0,1.0,-0.000169915015,36637300.91837373,,,1.0,1.0
2025-11-13 16:00:00,,,4747420.025880001,0.0,0.0,0.0,0.0,0.0,0.0,,,0.0,0.0,0.0,0.0,0.027412280702,0.0,1.0,-0.00030579297,34142682.88887295,,,1.0,1.0
2025-11-13 20:00:00,,,4695923.355599999,0.0,0.0,0.0,0.0,0.0,0.0,,,0.0,0.0,0.0,0.0,0.035310734463,0.0,1.0,-0.000445332121,34363008.12208316,,,0.0,0.0
2025-11-14 00:00:00,0.0,0.0,4553707.027376,0.0,0.0,0.0,0.0,0.0,0.0,0.048419793835,0.048419793835,0.0,0.0,0.0,0.0,0.0,0.0,0.0,-0.000175756572,33810513.76591716,898713.0,2.0,0.0,0.0
2025-11-14 04:00:00,,,4445927.731524,0.916247725487,0.916247725487,0.0,0.916247725487,0.0,0.0,,,0.0,0.0,0.0,0.0,0.046296296296,0.0,1.0,-7.4500387e-05,33697258.073371366,,,0.0,0.0
2025-11-14 08:00:00,,,4303250.969099999,0.0,0.0,0.0,0.0,0.0,0.0,,,0.0,0.0,0.0,0.0,0.022644927536,0.0,1.0,-0.00017330254,32996870.71910017,,,1.0,1.0
2025-11-14 12:00:00,,,4261058.138495999,-0.803918063641,-0.803918063641,0.803918063641,0.0,-0.09602765995,-0.09602765995,,,-1.856534759027,-1.856534759027,-0.09602765995,0.0,0.032051282051,0.0,1.0,-0.000193460104,33526345.842383754,,,1.0,1.0
2025-11-14 16:00:00,,,4226326.243376,0.0,0.0,0.0,0.0,0.09602765995,0.09602765995,,,0.128036879933,0.128036879933,0.09602765995,0.0,0.0,0.0,0.0,-0.000154201607,33269997.527374953,,,0.0,0.0
2025-11-14 20:00:00,,,4253325.370436,0.0,0.0,0.0,0.0,0.0,0.0,,,0.128036879933,0.128036879933,0.0,0.0,0.0,0.0,0.0,-0.000304881996,32477509.20038697,,,0.0,0.0
2025-11-15 00:00:00,0.0,0.0,4479504.294039999,0.0,0.0,0.0,0.0,0.0,0.0,0.041315722453,0.041315722453,0.128036879933,0.128036879933,0.0,0.0,0.0,0.0,0.0,-1.6095451e-05,33828206.977973595,898320.0,0.0,0.0,0.0
2025-11-15 04:00:00,,,4389636.853759999,0.0,0.0,0.0,0.0,0.0,0.0,,,0.128036879933,0.128036879933,0.0,0.0,0.024509803922,0.0,1.0,-3.3486583e-05,33299031.11742474,,,0.0,0.0
2025-11-15 08:00:00,,,4319258.834756,0.0,0.0,0.0,0.0,0.0,0.0,,,0.128036879933,0.128036879933,0.0,0.0,0.0,0.0,0.0,-6.6326664e-05,32659011.989894744,,,0.0,0.0
2025-11-15 12:00:00,,,4329460.681848,0.0,0.0,0.0,0.0,0.0,0.0,,,0.128036879933,0.128036879933,0.0,0.0,0.0,0.0,0.0,-0.000169501716,32435423.451627344,,,0.0,0.0
2025-11-15 16:00:00,,,4307694.215799999,0.0,0.0,0.0,0.0,0.0,0.0,,,0.128036879933,0.128036879933,0.0,0.0,0.0,0.0,0.0,-4.9711407e-05,32163850.022823848,,,0.0,0.0
2025-11-15 20:00:00,,,4276009.961395999,0.0,0.0,0.0,0.0,0.0,0.0,,,0.128036879933,0.128036879933,0.0,0.0,0.0,0.0,0.0,-0.000204457766,31982078.185425043,,,0.0,0.0
2025-11-16 00:00:00,0.0,0.0,4409892.078112001,0.0,0.0,0.0,0.0,0.0,0.0,0.045330434652,0.045330434652,0.128036879933,0.128036879933,0.0,0.0,0.0,0.0,0.0,-0.000110517802,32327222.04402978,898101.0,0.0,0.0,0.0
2025-11-16 04:00:00,,,4382843.540244,0.0,0.0,0.0,0.0,0.0,0.0,,,0.128036879933,0.128036879933,0.0,0.0,0.0,0.0,0.0,-7.7154785e-05,32372673.61495307,,,0.0,0.0
2025-11-16 08:00:00,,,4329307.06984,0.704502284527,0.704502284527,0.0,0.704502284527,0.0,0.0,,,0.128036879933,0.128036879933,0.0,0.007208765859,0.016149870801,1.0,1.0,-0.000157376235,31759423.02418962,,,0.0,0.0
2025-11-16 12:00:00,,,4327003.822868,0.0,0.0,0.0,0.0,0.0,0.0,,,0.128036879933,0.128036879933,0.0,0.0,0.0,0.0,0.0,-0.000117162608,30891265.523742598,,,0.0,0.0
2025-11-16 16:00:00,,,4162305.48874,0.0,0.0,0.0,0.0,0.0,0.0,,,0.128036879933,0.128036879933,0.0,0.0,0.0,0.0,0.0,-0.000248238932,30625477.519821055,,,0.0,0.0
2025-11-16 20:00:00,,,4171738.0928839995,0.0,0.0,0.0,0.0,0.0,0.0,,,0.128036879933,0.128036879933,0.0,0.0,0.0,0.0,0.0,-4.0948561e-05,30585749.800968453,,,0.0,0.0
2025-11-17 00:00:00,0.0,0.0,4197951.00252,0.0,0.0,0.0,0.0,0.0,0.0,0.045330434652,0.045330434652,0.064018439966,0.064018439966,0.0,0.0,0.0,0.0,0.0,-2.915042e-05,30807342.434077438,897817.0,0.0,0.0,0.0
2025-11-17 04:00:00,,,4179866.5844000005,0.0,0.0,0.0,0.0,0.0,0.0,,,0.0,0.0,0.0,0.0,0.022163120567,0.0,1.0,-0.000122486419,30850772.819893762,,,0.0,0.0
2025-11-17 08:00:00,,,4303426.2897,0.0,0.0,0.0,0.0,0.0,0.0,,,0.0,0.0,0.0,0.0,0.0,0.0,0.0,-0.00026835882,31432189.59704725,,,0.0,0.0
2025-11-17 12:00:00,,,4071835.7468680004,0.0,0.0,0.0,0.0,0.0,0.0,,,0.0,0.0,0.0,0.0,0.0,0.0,0.0,-0.000108543567,29886529.066046316,,,0.0,0.0
2025-11-17 16:00:00,,,4217678.626248,0.0,0.0,0.0,0.0,0.0,0.0,,,0.0,0.0,0.0,0.0,0.0,0.0,0.0,-4.0118107e-05,29410771.451390013,,,0.0,0.0
2025-11-17 20:00:00,,,4375636.777244,0.0,0.0,0.0,0.0,0.0,0.0,,,0.0,0.0,0.0,0.0,0.0,0.0,0.0,-3.1878463e-05,29961106.85790446,,,0.0,0.0
2025-11-18 00:00:00,0.0,0.0,4338725.846336,0.0,0.0,0.0,0.0,0.0,0.0,0.044780738295,0.044780738295,0.0,0.0,0.0,0.0,0.0,0.0,0.0,-0.000101239795,29772241.051251575,897577.0,0.0,0.0,0.0
2025-11-18 04:00:00,,,4369359.470728,0.0,0.0,0.0,0.0,0.0,0.0,,,0.0,0.0,0.0,0.0,0.0,0.0,0.0,-7.7983596e-05,29858299.488842346,,,0.0,0.0
2025-11-18 08:00:00,,,4318567.102456001,0.0,0.0,0.0,0.0,0.0,0.0,,,0.0,0.0,0.0,0.0,0.0,0.0,0.0,2.7586369e-05,29081811.769652717,,,0.0,0.0
2025-11-18 12:00:00,,,4420677.709191999,0.0,0.0,0.0,0.0,0.0,0.0,,,0.0,0.0,0.0,0.0,0.016937669377,0.0,1.0,1.115696e-06,29754671.26264921,,,0.0,0.0
2025-11-18 16:00:00,,,4436544.813976,0.0,0.0,0.0,0.0,0.0,0.0,,,0.0,0.0,0.0,0.0,0.0,0.0,0.0,2.0375387e-05,29679591.836241916,,,0.0,0.0
2025-11-18 20:00:00,,,4421163.488392001,0.0,0.0,0.0,0.0,0.0,0.0,,,0.0,0.0,0.0,0.0,0.0,0.0,0.0,4.608695e-06,29444092.683226198,,,0.0,0.0
2025-11-19 00:00:00,0.0,0.0,4168110.7918920005,-0.781353533268,-0.781353533268,0.781353533268,0.0,0.0,0.0,0.050515983187,0.050515983187,0.0,0.0,0.0,0.0,0.019470404984,0.0,1.0,-7.5775892e-05,28787565.022311345,897123.0,2.0,0.0,0.0
2025-11-19 04:00:00,,,4067648.166928,0.0,0.0,0.0,0.0,0.0,0.0,,,0.0,0.0,0.0,0.0,0.0,0.0,0.0,-7.599001e-05,28654853.814892743,,,0.0,0.0
2025-11-19 08:00:00,,,4038817.83372,0.0,0.0,0.0,0.0,0.0,0.0,,,0.0,0.0,0.0,0.0,0.024509803922,0.0,1.0,-4.0692611e-05,28542537.418799046,,,1.0,1.0
2025-11-19 12:00:00,,,3761109.704784,0.812959313393,0.812959313393,0.0,0.812959313393,0.0,0.0,,,0.0,0.0,0.0,0.0,0.013706140351,0.0,1.0,-7.8475138e-05,27458364.91328515,,,0.0,0.0
2025-11-19 16:00:00,,,3833018.208328,0.0,0.0,0.0,0.0,0.0,0.0,,,0.0,0.0,0.0,0.0,0.011322463768,0.0,1.0,-1.8200514e-05,26716659.860431403,,,1.0,1.0
2025-11-19 20:00:00,,,3924791.3237039996,0.0,0.0,0.0,0.0,0.0,0.0,,,0.0,0.0,0.0,0.0,0.0,0.0,0.0,3.4520244e-05,27125948.965798497,,,0.0,0.0
2025-11-20 00:00:00,0.0,0.0,3860281.4257079996,0.0,0.0,0.0,0.0,0.0,0.0,0.0775662897,0.0775662897,0.0,0.0,0.0,0.0,0.0,0.0,0.0,1.5738755e-05,26248403.9028413,896749.0,1.0,0.0,0.0
2025-11-20 04:00:00,,,3902365.1258880002,0.0,0.0,0.0,0.0,0.0,0.0,,,0.0,0.0,0.0,0.0,0.0,0.0,0.0,-0.000121592693,26289662.4554151,,,0.0,0.0
2025-11-20 08:00:00,,,3975271.9102919996,0.0,0.0,0.0,0.0,0.0,0.0,,,0.0,0.0,0.0,0.0,0.0,0.0,0.0,-0.000319146968,25952732.30649884,,,0.0,0.0
2025-11-20 12:00:00,,,3834964.3063000003,0.0,0.0,0.0,0.0,0.0,0.0,,,0.0,0.0,0.0,0.0,0.0,0.0,0.0,-0.000322675852,25442035.80211921,,,0.0,0.0
2025-11-20 16:00:00,,,3802511.9184,0.0,0.0,0.0,0.0,0.0,0.0,,,0.0,0.0,0.0,0.0,0.0,0.0,0.0,-0.000209268768,24521099.41024974,,,0.0,0.0
2025-11-20 20:00:00,,,3974211.1078040004,0.877272665501,0.877272665501,0.0,0.877272665501,0.053348699972,0.053348699972,,,1.824525539044,1.824525539044,0.053348699972,0.0,0.012400793651,0.0,1.0,-0.000140623834,24617232.037347525,,,1.0,1.0
2025-11-21 00:00:00,0.0,0.0,4081754.494676,0.0,0.0,0.0,0.0,-0.053348699972,-0.053348699972,0.027112826495,0.027112826495,-0.128036879933,-0.128036879933,-0.053348699972,0.0,0.0,0.0,0.0,-9.5466243e-05,24772010.79270342,896466.0,3.0,0.0,0.0
2025-11-21 04:00:00,,,3785652.6524680005,0.0,0.0,0.0,0.0,0.0,0.0,,,-0.128036879933,-0.128036879933,0.0,0.0,0.0,0.0,0.0,-7.5625095e-05,23574549.152378403,,,0.0,0.0
2025-11-21 08:00:00,,,3960671.2379440004,0.739865839481,0.739865839481,0.0,0.739865839481,0.149376359922,0.149376359922,,,1.127780623097,1.127780623097,0.149376359922,0.0,0.010364842454,0.0,1.0,-3.3972393e-05,23212684.38460611,,,1.0,1.0
2025-11-21 12:00:00,,,3843459.8052911996,0.0,0.0,0.0,0.0,-0.128036879933,-0.128036879933,,,-0.181921834349,-0.181921834349,-0.128036879933,0.0,0.007631257631,0.0,1.0,-6.4209071e-05,22232330.692230087,,,0.0,0.0
2025-11-21 16:00:00,,,3833953.098528,-0.991550564766,-0.991550564766,0.991550564766,0.0,-0.101362529947,-0.101362529947,,,-1.35263453083,-1.35263453083,-0.101362529947,0.0,0.01929787459,0.0,2.0,-0.000207548413,22679946.874005012,,,2.0,2.0
2025-11-21 20:00:00,,,3794505.4110359997,0.0,0.0,0.0,0.0,0.080023049958,0.080023049958,,,-0.052451709032,-0.052451709032,0.080023049958,0.0,0.0,0.0,0.0,-0.000249486886,22514433.674722444,,,0.0,0.0
2025-11-22 00:00:00,0.0,0.0,3907041.2460600003,0.0,0.0,0.0,0.0,0.0,0.0,0.074597234278,0.074597234278,-0.052451709032,-0.052451709032,0.0,0.0,0.0,0.0,0.0,-0.000268190153,22628466.074896574,896333.0,1.0,0.0,0.0
2025-11-22 04:00:00,,,3844097.502232,0.0,0.0,0.0,0.0,0.0,0.0,,,-0.052451709032,-0.052451709032,0.0,0.0,0.0,0.0,0.0,-6.195942e-06,22254123.835924525,,,0.0,0.0
2025-11-22 08:00:00,,,3808229.4333128007,0.0,0.0,0.0,0.0,0.0,0.0,,,-0.052451709032,-0.052451709032,0.0,0.0,0.0,0.0,0.0,-1.2746095e-05,22046358.860789,,,0.0,0.0
2025-11-22 12:00:00,,,3921543.6947480002,0.0,0.0,0.0,0.0,0.0,0.0,,,-0.052451709032,-0.052451709032,0.0,0.0,0.0,0.0,0.0,-2.3382385e-05,22232131.90985162,,,0.0,0.0
2025-11-22 16:00:00,,,3883540.799712,0.0,0.0,0.0,0.0,0.0,0.0,,,-0.052451709032,-0.052451709032,0.0,0.0,0.0,0.0,0.0,-1.169372e-05,21985723.00148672,,,0.0,0.0
2025-11-22 20:00:00,,,3860256.306904,0.756823658943,0.756823658943,0.0,0.756823658943,0.093360224951,0.093360224951,,,0.778198598084,0.778198598084,0.093360224951,0.0,0.012400793651,0.0,1.0,-6.8284721e-05,21903645.33247239,,,1.0,1.0
2025-11-23 00:00:00,0.0,0.0,3858044.2100400003,0.0,0.0,0.0,0.0,-0.093360224951,-0.093360224951,-0.000416395595,-0.000416395595,-0.104135558918,-0.104135558918,-0.093360224951,0.0,0.0,0.0,0.0,-0.000195093578,21983625.82625325,896055.0,2.0,0.0,0.0
2025-11-23 04:00:00,,,3989683.41238,0.0,0.0,0.0,0.0,0.0,0.0,,,-0.104135558918,-0.104135558918,0.0,0.0,0.0,0.0,0.0,-0.000214318376,22552396.771319035,,,0.0,0.0
2025-11-23 08:00:00,,,3967918.8088200004,0.0,0.0,0.0,0.0,0.0,0.0,,,-0.059238147852,-0.059238147852,0.0,0.0,0.0,0.0,0.0,-0.000261195891,22545953.85636939,,,0.0,0.0
2025-11-23 12:00:00,,,3942307.318584,0.0,0.0,0.0,0.0,0.0,0.0,,,-0.044272344163,-0.044272344163,0.0,0.0,0.021701388889,0.0,1.0,-0.000161375677,22424569.90812233,,,1.0,1.0
2025-11-23 16:00:00,,,3873126.292564,-0.83330309391,-0.83330309391,0.83330309391,0.0,0.0,0.0,,,-0.044272344163,-0.044272344163,0.0,0.0,0.016666666667,0.0,1.0,-6.0586646e-05,21817405.49026183,,,0.0,0.0
2025-11-23 20:00:00,,,3752507.3354184004,0.0,0.0,0.0,0.0,0.0,0.0,,,-0.044272344163,-0.044272344163,0.0,0.0,0.015664160401,0.0,1.0,-6.1745701e-05,21344274.754727464,,,1.0,1.0
2025-11-24 00:00:00,0.0,0.0,3890494.925592,0.0,0.0,0.0,0.0,0.0,0.0,2.281985024354,2.281985024354,0.023902113098,0.023902113098,0.0,0.0,0.0,0.0,0.0,-0.00030444225,22078540.005856194,895859.0,19.0,0.0,0.0
2025-11-24 04:00:00,,,3863003.1766320006,0.0,0.0,0.0,0.0,0.0,0.0,,,-0.052067383417,-0.052067383417,0.0,0.0,0.0,0.0,0.0,-0.000144547434,21837679.19198218,,,0.0,0.0
2025-11-24 08:00:00,,,3748846.113172,0.0,0.0,0.0,0.0,0.0,0.0,,,-0.128036879933,-0.128036879933,0.0,0.0,0.011384335155,0.0,1.0,-0.000153187284,21437997.932751186,,,1.0,1.0
2025-11-24 12:00:00,,,3780231.7181639997,1.496616840363,1.496616840363,0.0,1.496616840363,0.229815662056,0.229815662056,,,2.378583410301,2.378583410301,0.229815662056,0.0,0.040002360226,0.0,3.0,-4.0564347e-05,21490741.39262245,,,2.0,2.0
2025-11-24 16:00:00,,,4363408.229176,2.445752322674,2.445752322674,1.603101611137,4.048853933811,0.082181534726,0.082181534726,,,3.605902312253,3.605902312253,0.082181534726,0.0,0.222747397683,0.0,18.0,-4.346952e-06,22432750.028741464,,,14.0,14.0
2025-11-24 20:00:00,,,4266930.839976,0.0,0.0,0.0,0.0,-0.142047608471,-0.142047608471,,,-0.18401444705,-0.18401444705,-0.142047608471,0.0,0.02524336417,0.0,2.0,-8.749098e-06,22160676.538222264,,,2.0,2.0
2025-11-25 00:00:00,0.0,0.0,4130207.7742080004,0.751543939114,0.751543939114,0.0,0.751543939114,0.0,0.0,1.641164897613,1.641164897613,-0.091906864095,-0.091906864095,0.0,0.0,0.051494580036,0.0,4.0,-1.2911457e-05,21892337.437529907,895693.0,14.0,2.0,2.0
2025-11-25 04:00:00,,,4083451.2748840004,0.0,0.0,0.0,0.0,0.0,0.0,,,-0.190154718022,-0.190154718022,0.0,0.0,0.012183235867,0.0,1.0,-1.1275728e-05,21550992.766846687,,,0.0,0.0
2025-11-25 08:00:00,,,4123666.0293680006,0.97098582983,0.97098582983,0.0,0.97098582983,0.0,0.0,,,-0.073978762426,-0.073978762426,0.0,0.0,0.035949006039,0.0,4.0,-5.8178205e-05,21619843.68696893,,,1.0,1.0
2025-11-25 12:00:00,,,4113096.6810999997,0.685152292252,0.685152292252,0.967096626759,1.65224891901,-0.042296988361,-0.042296988361,,,-0.15118106172,-0.15118106172,-0.042296988361,0.0,0.0892244433,0.0,9.0,-9.5545849e-05,22143680.089188762,,,8.0,8.0
2025-11-25 16:00:00,,,4055711.1557719996,1.586980342865,1.586980342865,0.0,1.586980342865,0.106484876454,0.106484876454,,,-0.089607139527,-0.089607139527,0.106484876454,0.0,0.038019545761,0.0,4.0,-3.6916248e-05,21773337.315260045,,,1.0,1.0
2025-11-25 20:00:00,,,4069048.208948,0.0,0.0,0.0,0.0,-0.101362529947,-0.101362529947,,,-0.200980614158,-0.200980614158,-0.101362529947,0.0,0.008941344778,0.0,1.0,3.4087961e-05,21951618.157519482,,,0.0,0.0
2025-11-26 00:00:00,0.0,0.0,3935264.4748799996,0.0,0.0,0.0,0.0,0.0,0.0,0.065441928553,0.065441928553,-0.200980614158,-0.200980614158,0.0,0.0,0.010016025641,0.0,1.0,3.3813186e-05,21621062.63763293,895354.0,4.0,1.0,1.0
2025-11-26 04:00:00,,,4012483.3038839996,0.0,0.0,0.0,0.0,0.0,0.0,,,-0.200980614158,-0.200980614158,0.0,0.0,0.020032051282,0.0,2.0,3.3425682e-05,21895585.873837724,,,1.0,1.0
2025-11-26 08:00:00,,,3893086.11292,0.0,0.0,0.0,0.0,0.0,0.0,,,-0.200980614158,-0.200980614158,0.0,0.0,0.009689922481,0.0,1.0,3.3574076e-05,21300156.401661873,,,1.0,1.0
2025-11-26 12:00:00,,,3912390.871472,-0.84927290678,-0.84927290678,0.84927290678,0.0,0.0,0.0,,,-0.200980614158,-0.200980614158,0.0,0.0,0.008234519104,0.0,1.0,9.368526e-06,21112154.01090513,,,0.0,0.0
2025-11-26 16:00:00,,,3949913.815992,0.797155976295,0.797155976295,0.0,0.797155976295,0.053348699972,0.053348699972,,,-0.108389977427,-0.108389977427,0.053348699972,0.0,0.008790436006,0.0,1.0,3.3310562e-05,21753037.848165724,,,1.0,1.0
2025-11-26 20:00:00,,,3934987.895904,0.703399240971,0.703399240971,0.0,0.703399240971,-0.053348699972,-0.053348699972,,,-0.207486790852,-0.207486790852,-0.053348699972,0.0,0.008043758044,0.0,1.0,-6.407456e-06,21893630.37227299,,,0.0,0.0
2025-11-27 00:00:00,0.0,0.0,4009560.09264,0.0,0.0,0.0,0.0,0.0,0.0,0.016819077354,0.016819077354,-0.206022227749,-0.206022227749,0.0,0.0,0.0,0.0,0.0,-1.9949827e-05,22486626.848300412,895065.0,1.0,0.0,0.0
2025-11-27 04:00:00,,,3959883.6878639995,0.947558104992,0.947558104992,0.0,0.947558104992,0.130704314931,0.130704314931,,,0.663272119141,0.663272119141,0.130704314931,0.0,0.008644536653,0.0,1.0,-3.752708e-06,22174577.63341934,,,1.0,1.0
2025-11-27 08:00:00,,,3894218.2550119995,0.0,0.0,0.0,0.0,-0.128036879933,-0.128036879933,,,-0.276201019943,-0.276201019943,-0.128036879933,0.0,0.0,0.0,0.0,-7.2183724e-05,22046752.994911812,,,0.0,0.0
2025-11-27 12:00:00,,,3844242.2200280004,0.0,0.0,0.0,0.0,-0.002667434999,-0.002667434999,,,-0.276201019943,-0.276201019943,-0.002667434999,0.0,0.0,0.0,0.0,-0.000202780549,21952847.235540744,,,0.0,0.0
2025-11-27 16:00:00,,,3912158.1963759996,0.0,0.0,0.0,0.0,0.0,0.0,,,-0.244110133285,-0.244110133285,0.0,0.0,0.0,0.0,0.0,-6.1224476e-05,22378252.104508523,,,0.0,0.0
2025-11-27 20:00:00,,,3770678.36096,0.0,0.0,0.0,0.0,0.0,0.0,,,-0.214978417915,-0.214978417915,0.0,0.0,0.0,0.0,0.0,-0.000220104571,21857025.645875446,,,0.0,0.0
2025-11-28 00:00:00,0.0,0.0,3637102.9473095997,0.0,0.0,0.0,0.0,0.0,0.0,-0.011188537022,-0.011188537022,-0.247969404092,-0.247969404092,0.0,0.0,0.0,0.0,0.0,-4.7288914e-05,21123991.961775176,894406.0,1.0,0.0,0.0
2025-11-28 04:00:00,,,3619891.2812368,0.0,0.0,0.0,0.0,0.0,0.0,,,-0.214202497265,-0.214202497265,0.0,0.0,0.0,0.0,0.0,-7.6615603e-05,21454130.546415772,,,0.0,0.0
2025-11-28 08:00:00,,,3625735.2783488,0.0,0.0,0.0,0.0,0.0,0.0,,,-0.181902098481,-0.181902098481,0.0,0.0,0.0,0.0,0.0,-9.951821e-05,21973515.175387934,,,0.0,0.0
2025-11-28 12:00:00,,,3627735.0093576,0.0,0.0,0.0,0.0,0.0,0.0,,,-0.181902098481,-0.181902098481,0.0,0.0,0.0,0.0,0.0,-4.4243151e-05,21903347.54488374,,,0.0,0.0
2025-11-28 16:00:00,,,3531762.59801,0.0,0.0,0.0,0.0,0.0,0.0,,,-0.181902098481,-0.181902098481,0.0,0.0,0.007062146893,0.0,1.0,-6.9763064e-05,21509825.967046324,,,1.0,1.0
2025-11-28 20:00:00,,,3590057.3674291996,0.0,0.0,0.0,0.0,0.0,0.0,,,-0.181902098481,-0.181902098481,0.0,0.0,0.0,0.0,0.0,-9.7194059e-05,21312471.655051496,,,0.0,0.0
2025-11-29 00:00:00,0.0,0.0,3580211.1348960004,0.0,0.0,0.0,0.0,0.0,0.0,0.03666105073,0.03666105073,-0.181902098481,-0.181902098481,0.0,0.0,0.0,0.0,0.0,1.7400267e-05,21403894.63437671,894024.0,2.0,0.0,0.0
2025-11-29 04:00:00,,,3603009.0586648,0.0,0.0,0.0,0.0,0.0,0.0,,,-0.14150318457,-0.14150318457,0.0,0.0,0.006742179072,0.0,1.0,-1.283865e-05,21668604.77425953,,,0.0,0.0
2025-11-29 08:00:00,,,3689243.6027712002,0.0,0.0,0.0,0.0,0.0,0.0,,,-0.128036879933,-0.128036879933,0.0,0.0,0.006720430108,0.0,1.0,7.133115e-06,22329725.313724943,,,1.0,1.0
2025-11-29 12:00:00,,,3636792.3208487993,0.822924435139,0.822924435139,0.0,0.822924435139,0.144041489925,0.144041489925,,,1.1494445999,1.1494445999,0.144041489925,0.0,0.007134703196,0.0,1.0,3.3474761e-05,22002836.101603866,,,1.0,1.0
2025-11-29 16:00:00,,,3608063.4260716,0.0,0.0,0.0,0.0,-0.128036879933,-0.128036879933,,,-0.18213356564,-0.18213356564,-0.128036879933,0.0,0.0,0.0,0.0,-2.0225708e-05,21719225.653616115,,,0.0,0.0
2025-11-29 20:00:00,,,3681148.7106912,0.0,0.0,0.0,0.0,-0.016004609992,-0.016004609992,,,-0.128036879933,-0.128036879933,-0.016004609992,0.0,0.0,0.0,0.0,-9.5880671e-05,22014334.412500955,,,0.0,0.0
2025-11-30 00:00:00,0.0,0.0,3642640.8966864,0.0,0.0,0.0,0.0,0.0,0.0,-0.010353389674,-0.010353389674,-0.128036879933,-0.128036879933,0.0,0.0,0.0,0.0,0.0,3.466844e-06,21733546.27073981,893922.0,0.0,0.0,0.0
2025-11-30 04:00:00,,,3606475.3616048,0.0,0.0,0.0,0.0,0.0,0.0,,,-0.128036879933,-0.128036879933,0.0,0.0,0.007802746567,0.0,1.0,-1.1379029e-05,21622843.828751996,,,0.0,0.0
2025-11-30 08:00:00,,,3598049.2695815996,0.0,0.0,0.0,0.0,0.0,0.0,,,-0.128036879933,-0.128036879933,0.0,0.0,0.0,0.0,0.0,-1.361177e-05,21407763.833965175,,,0.0,0.0
2025-11-30 12:00:00,,,3595327.3082936006,-0.839231014252,-0.839231014252,0.839231014252,0.0,0.0,0.0,,,-0.128036879933,-0.128036879933,0.0,0.0,0.005274261603,0.0,1.0,-0.000117361203,21450616.045945928,,,0.0,0.0
2025-11-30 16:00:00,,,3523231.1488880003,0.0,0.0,0.0,0.0,0.0,0.0,,,-0.128036879933,-0.128036879933,0.0,0.0,0.0,0.0,0.0,-6.2950023e-05,21504220.803528313,,,0.0,0.0
2025-11-30 20:00:00,,,3485195.4553563995,0.0,0.0,0.0,0.0,0.0,0.0,,,-0.128036879933,-0.128036879933,0.0,0.0,0.0,0.0,0.0,-0.000342749482,21622083.001947135,,,0.0,0.0
2025-12-01 00:00:00,0.0,0.0,3621593.2347448,0.0,0.0,0.0,0.0,0.0,0.0,-0.009981411552,-0.009981411552,-0.128036879933,-0.128036879933,0.0,0.0,0.0,0.0,0.0,-0.000487758628,22578921.039882153,893643.0,4.0,0.0,0.0
2025-12-01 04:00:00,,,3785598.3236836,0.0,0.0,0.0,0.0,0.0,0.0,,,-0.128036879933,-0.128036879933,0.0,0.0,0.018831052227,0.0,3.0,-0.000679796271,24136744.455416415,,,2.0,2.0
2025-12-01 08:00:00,,,3912476.0543788,0.0,0.0,0.0,0.0,0.0,0.0,,,-0.128036879933,-0.128036879933,0.0,0.0,0.0,0.0,0.0,-0.000623454309,26709168.74068662,,,0.0,0.0
2025-12-01 12:00:00,,,3769310.2298420006,0.0,0.0,0.0,0.0,0.0,0.0,,,-0.128036879933,-0.128036879933,0.0,0.0,0.012439584466,0.0,2.0,-0.000427293565,25142130.173465356,,,1.0,1.0
2025-12-01 16:00:00,,,3631693.0668479996,0.0,0.0,0.0,0.0,0.0,0.0,,,-0.128036879933,-0.128036879933,0.0,0.0,0.005661231884,0.0,1.0,-0.000202922047,23763939.757178523,,,1.0,1.0
2025-12-01 20:00:00,,,3583688.7780572,0.0,0.0,0.0,0.0,0.0,0.0,,,-0.128036879933,-0.128036879933,0.0,0.0,0.005118755119,0.0,1.0,-0.000137323723,23596939.932421718,,,0.0,0.0
2025-12-02 00:00:00,0.0,0.0,3398053.9385548,0.0,0.0,0.0,0.0,0.0,0.0,0.035962469994,0.035962469994,-0.128036879933,-0.128036879933,0.0,0.0,0.005425347222,0.0,1.0,-0.000311533789,22836009.032390274,893256.0,1.0,0.0,0.0
2025-12-02 04:00:00,,,3281275.3595740004,0.0,0.0,0.0,0.0,0.0,0.0,,,0.0,0.0,0.0,0.0,0.003968253968,0.0,1.0,-0.000590553016,22776580.721038528,,,0.0,0.0
2025-12-02 08:00:00,,,3407788.0891187997,0.0,0.0,0.0,0.0,0.0,0.0,,,0.0,0.0,0.0,0.0,0.0,0.0,0.0,-0.000565027381,22920204.84505324,,,0.0,0.0
2025-12-02 12:00:00,,,3687753.2625860004,0.0,0.0,0.0,0.0,0.0,0.0,,,0.0,0.0,0.0,0.0,0.0,0.0,0.0,-0.000266268986,24043466.16915021,,,0.0,0.0
2025-12-02 16:00:00,,,3595224.3362151994,1.580213844776,1.580213844776,0.0,1.580213844776,0.09602765995,0.09602765995,,,1.856534759027,1.856534759027,0.09602765995,0.0,0.006819586119,0.0,2.0,-0.000392251156,23477841.560421243,,,1.0,1.0
2025-12-02 20:00:00,,,3605786.9320107996,0.0,0.0,0.0,0.0,-0.09602765995,-0.09602765995,,,-0.128036879933,-0.128036879933,-0.09602765995,0.0,0.0,0.0,0.0,-0.000637635457,24230419.80116844,,,0.0,0.0
2025-12-03 00:00:00,0.0,0.0,3732475.4228232005,0.0,0.0,0.0,0.0,0.0,0.0,-0.008457249323,-0.008457249323,-0.128036879933,-0.128036879933,0.0,0.0,0.0,0.0,0.0,-0.000298085413,24821864.97193403,892984.0,0.0,0.0,0.0
2025-12-03 04:00:00,,,3614394.9716083994,0.0,0.0,0.0,0.0,0.0,0.0,,,-0.128036879933,-0.128036879933,0.0,0.0,0.0,0.0,0.0,-0.000278642746,24611445.0480192,,,0.0,0.0
2025-12-03 08:00:00,,,3597128.4509223998,0.0,0.0,0.0,0.0,0.0,0.0,,,-0.128036879933,-0.128036879933,0.0,0.0,0.0,0.0,0.0,-0.000101759498,25181302.41353658,,,0.0,0.0
2025-12-03 12:00:00,,,3581583.0667696,0.0,0.0,0.0,0.0,0.0,0.0,,,-0.128036879933,-0.128036879933,0.0,0.0,0.0,0.0,0.0,-0.000326414365,25762170.448413447,,,0.0,0.0
2025-12-03 16:00:00,,,3485514.4680308,0.0,0.0,0.0,0.0,0.0,0.0,,,-0.128036879933,-0.128036879933,0.0,0.0,0.003449227373,0.0,1.0,-8.8166341e-05,25320241.907461237,,,0.0,0.0
2025-12-03 20:00:00,,,3398216.9470152,0.0,0.0,0.0,0.0,0.0,0.0,,,-0.128036879933,-0.128036879933,0.0,0.0,0.0,0.0,0.0,1.399883e-05,24750841.54226219,,,0.0,0.0
2025-12-04 00:00:00,0.0,0.0,3342773.3397288,0.940131485462,0.940131485462,0.0,0.940131485462,0.0,0.0,0.046217149501,0.046217149501,-0.128036879933,-0.128036879933,0.0,0.0,0.003998720409,0.0,1.0,-0.000117969551,24627076.653764088,892737.0,2.0,0.0,0.0
2025-12-04 04:00:00,,,3389817.14444,0.0,0.0,0.0,0.0,0.0,0.0,,,-0.128036879933,-0.128036879933,0.0,0.0,0.008023810406,0.0,2.0,-0.000295615436,25010852.17129958,,,2.0,2.0
2025-12-04 08:00:00,,,3355237.6680392,0.0,0.0,0.0,0.0,0.0,0.0,,,-0.128036879933,-0.128036879933,0.0,0.0,0.0,0.0,0.0,-0.000159202773,24872512.085528765,,,0.0,0.0
2025-12-04 12:00:00,,,3349916.158312,0.0,0.0,0.0,0.0,0.0,0.0,,,-0.128036879933,-0.128036879933,0.0,0.0,0.0,0.0,0.0,-0.000167259498,24803856.14506516,,,0.0,0.0
2025-12-04 16:00:00,,,3291080.9588368,0.0,0.0,0.0,0.0,0.0,0.0,,,-0.128036879933,-0.128036879933,0.0,0.0,0.0,0.0,0.0,-0.00013445344,24799318.42150558,,,0.0,0.0
2025-12-04 20:00:00,,,3284989.6192695997,0.0,0.0,0.0,0.0,0.0,0.0,,,-0.128036879933,-0.128036879933,0.0,0.0,0.0,0.0,0.0,-5.5596293e-05,24728621.112604506,,,0.0,0.0
2025-12-05 00:00:00,0.0,0.0,3342873.5794104002,0.0,0.0,0.0,0.0,0.0,0.0,-0.009368338912,-0.009368338912,-0.128036879933,-0.128036879933,0.0,0.0,0.0,0.0,0.0,-4.5303764e-05,25325713.706491828,892484.0,0.0,0.0,0.0
2025-12-05 04:00:00,,,3302011.2839575997,0.0,0.0,0.0,0.0,0.0,0.0,,,-0.064018439966,-0.064018439966,0.0,0.0,0.0,0.0,0.0,-0.00022985411,24987252.91564998,,,0.0,0.0
2025-12-05 08:00:00,,,3221977.6663876,0.0,0.0,0.0,0.0,0.0,0.0,,,0.0,0.0,0.0,0.0,0.0,0.0,0.0,-5.9135182e-05,24367626.033578865,,,0.0,0.0
2025-12-05 12:00:00,,,3199853.4081151998,0.0,0.0,0.0,0.0,0.0,0.0,,,0.0,0.0,0.0,0.0,0.0,0.0,0.0,-4.1102397e-05,23938170.673357643,,,0.0,0.0
2025-12-05 16:00:00,,,3065773.0659467997,0.0,0.0,0.0,0.0,0.0,0.0,,,0.0,0.0,0.0,0.0,0.0,0.0,0.0,-6.9848398e-05,22760549.556043565,,,0.0,0.0
2025-12-05 20:00:00,,,3121089.7766484,0.0,0.0,0.0,0.0,0.0,0.0,,,0.0,0.0,0.0,0.0,0.0,0.0,0.0,-0.000163379522,23234336.1297432,,,0.0,0.0
2025-12-06 00:00:00,0.0,0.0,3069182.5154159996,0.0,0.0,0.0,0.0,0.0,0.0,0.036459088176,0.036459088176,0.0,0.0,0.0,0.0,0.0,0.0,0.0,-0.000203150223,22722295.81194665,892313.0,3.0,0.0,0.0
2025-12-06 04:00:00,,,3049022.9395796,0.0,0.0,0.0,0.0,0.0,0.0,,,0.0,0.0,0.0,0.0,0.004778287462,0.0,1.0,-0.000290942356,22682755.13814373,,,1.0,1.0
2025-12-06 08:00:00,,,2989215.2741128,0.0,0.0,0.0,0.0,0.0,0.0,,,0.0,0.0,0.0,0.0,0.0,0.0,0.0,-0.000185940136,22411909.92019442,,,0.0,0.0
2025-12-06 12:00:00,,,3036566.433368,0.0,0.0,0.0,0.0,0.0,0.0,,,0.0,0.0,0.0,0.0,0.0,0.0,0.0,-0.000185057296,22804892.41570569,,,0.0,0.0
2025-12-06 16:00:00,,,3049431.8795012,-0.185926020145,-0.185926020145,0.919030606747,0.733104586601,0.042654234497,0.042654234497,,,-1.88854397901,-1.88854397901,0.042654234497,0.0,0.007921732978,0.0,2.0,-9.601123e-05,22748188.667911835,,,2.0,2.0
2025-12-06 20:00:00,,,3055746.9706368004,0.702658236027,0.702658236027,0.0,0.702658236027,0.018987993071,0.018987993071,,,0.128036879933,0.128036879933,0.018987993071,0.0,0.0039160401,0.0,1.0,-0.000117051588,22640447.93428167,,,0.0,0.0
2025-12-07 00:00:00,0.0,0.0,3030484.0337823997,0.0,0.0,0.0,0.0,0.0,0.0,-0.006912357828,-0.006912357828,0.128036879933,0.128036879933,0.0,0.0,0.0,0.0,0.0,1.8379304e-05,22393793.982390136,892136.0,0.0,0.0,0.0
2025-12-07 04:00:00,,,2991353.4779804,0.0,0.0,0.0,0.0,0.0,0.0,,,0.128036879933,0.128036879933,0.0,0.0,0.003901373283,0.0,1.0,-0.000111617049,22086223.70273461,,,0.0,0.0
2025-12-07 08:00:00,,,2999016.825896,0.0,0.0,0.0,0.0,0.0,0.0,,,0.128036879933,0.128036879933,0.0,0.0,0.0,0.0,0.0,-8.5556799e-05,21975778.47706024,,,0.0,0.0
2025-12-07 12:00:00,,,2975050.5738576003,0.0,0.0,0.0,0.0,0.0,0.0,,,0.128036879933,0.128036879933,0.0,0.0,0.0,0.0,0.0,-7.2193162e-05,21919190.340660077,,,0.0,0.0
2025-12-07 16:00:00,,,2998471.8949840004,0.0,0.0,0.0,0.0,0.0,0.0,,,0.128036879933,0.128036879933,0.0,0.0,0.0,0.0,0.0,-0.000168945382,22161403.632831328,,,0.0,0.0
2025-12-07 20:00:00,,,2947310.4325984,0.0,0.0,0.0,0.0,0.0,0.0,,,0.128036879933,0.128036879933,0.0,0.0,0.0,0.0,0.0,-0.000189184337,21502418.31969702,,,0.0,0.0
2025-12-08 00:00:00,0.0,0.0,2972588.8857592,0.0,0.0,0.0,0.0,0.0,0.0,-0.026502070402,-0.026502070402,0.128036879933,0.128036879933,0.0,0.0,0.0,0.0,0.0,-0.000209289975,21608266.655633446,892010.0,3.0,0.0,0.0
2025-12-08 04:00:00,,,3004443.8359976,0.0,0.0,0.0,0.0,0.0,0.0,,,0.128036879933,0.128036879933,0.0,0.0,0.0,0.0,0.0,-9.3034469e-05,21778727.19507131,,,0.0,0.0
2025-12-08 08:00:00,,,3009480.2914111996,0.0,0.0,0.0,0.0,0.0,0.0,,,0.128036879933,0.128036879933,0.0,0.0,0.0,0.0,0.0,-4.5800986e-05,21655236.301208813,,,0.0,0.0
2025-12-08 12:00:00,,,3016290.1210712,0.743117392063,0.743117392063,0.0,0.743117392063,0.120034574937,0.120034574937,,,1.770222383667,1.770222383667,0.120034574937,0.0,0.008680555556,0.0,1.0,-0.000359267477,21588749.94334514,,,1.0,1.0
2025-12-08 16:00:00,,,3017325.8412112,-0.860945820808,-0.860945820808,0.860945820808,0.0,-0.181257024309,-0.181257024309,,,-1.397665874407,-1.397665874407,-0.181257024309,0.0,0.007292428419,0.0,2.0,-0.000399448679,21909018.274168864,,,2.0,2.0
2025-12-08 20:00:00,,,3105029.9322300004,-0.146943986416,-0.146943986416,0.856735706329,0.709791719913,0.106697399944,0.106697399944,,,0.052038619915,0.052038619915,0.106697399944,0.0,0.009144801741,0.0,2.0,-0.000425459948,22158654.978939228,,,0.0,0.0
2025-12-09 00:00:00,0.0,0.0,3080826.29756,0.0,0.0,0.0,0.0,0.0,0.0,0.015530537979,0.015530537979,0.052038619915,0.052038619915,0.0,0.0,0.0,0.0,0.0,-0.000122463384,22153804.556307673,891801.0,1.0,0.0,0.0
2025-12-09 04:00:00,,,2970833.2917796005,0.0,0.0,0.0,0.0,0.0,0.0,,,0.042318231575,0.042318231575,0.0,0.0,0.0,0.0,0.0,-9.3989719e-05,21608576.1483628,,,0.0,0.0
2025-12-09 08:00:00,,,2924376.7708692,0.702884614468,0.702884614468,0.0,0.702884614468,0.0,0.0,,,0.013157066555,0.013157066555,0.0,0.0,0.00743384475,0.0,2.0,-3.9573696e-05,21487465.721695382,,,1.0,1.0
2025-12-09 12:00:00,,,2968583.8770428,0.0,0.0,0.0,0.0,0.0,0.0,,,0.013157066555,0.013157066555,0.0,0.0,0.003815628816,0.0,1.0,-0.000281630907,21977599.760499693,,,0.0,0.0
2025-12-09 16:00:00,,,2832727.3125143996,0.0,0.0,0.0,0.0,0.0,0.0,,,0.013157066555,0.013157066555,0.0,0.0,0.0,0.0,0.0,-9.820569e-06,21490010.13714264,,,0.0,0.0
2025-12-09 20:00:00,,,2800874.0632759994,0.0,0.0,0.0,0.0,0.0,0.0,,,0.013157066555,0.013157066555,0.0,0.0,0.003507295174,0.0,1.0,-0.000323136654,21408853.214354645,,,0.0,0.0
2025-12-10 00:00:00,0.0,0.0,2768857.207998,0.0,0.0,0.0,0.0,0.0,0.0,-0.005262007404,-0.005262007404,0.013157066555,0.013157066555,0.0,0.0,0.0,0.0,0.0,-0.000547872795,21124618.482768055,891733.0,0.0,0.0,0.0
2025-12-10 04:00:00,,,2801335.6908767996,0.0,0.0,0.0,0.0,0.0,0.0,,,0.013157066555,0.013157066555,0.0,0.0,0.0,0.0,0.0,-0.000474650044,21464205.774104223,,,0.0,0.0
2025-12-10 08:00:00,,,2815961.0286544003,0.0,0.0,0.0,0.0,0.0,0.0,,,0.013157066555,0.013157066555,0.0,0.0,0.0,0.0,0.0,-0.000452390498,21888357.732666846,,,0.0,0.0
2025-12-10 12:00:00,,,2808092.9310496,0.0,0.0,0.0,0.0,0.0,0.0,,,0.013157066555,0.013157066555,0.0,0.0,0.0,0.0,0.0,-0.000183217155,21900309.161085546,,,0.0,0.0
2025-12-10 16:00:00,,,2934150.2395636,0.0,0.0,0.0,0.0,0.0,0.0,,,0.013157066555,0.013157066555,0.0,0.0,0.0,0.0,0.0,-0.000211325401,22432455.02906422,,,0.0,0.0
2025-12-10 20:00:00,,,2911404.9084248,0.0,0.0,0.0,0.0,0.0,0.0,,,0.013157066555,0.013157066555,0.0,0.0,0.0,0.0,0.0,-0.000182841989,21741720.80933785,,,0.0,0.0
2025-12-11 00:00:00,0.0,0.0,2815986.8362500006,0.0,0.0,0.0,0.0,0.0,0.0,0.085609195415,0.085609195415,0.041877019899,0.041877019899,0.0,0.0,0.0,0.0,0.0,-0.000172344945,20577222.12203049,891129.0,2.0,0.0,0.0
2025-12-11 04:00:00,,,2751189.9246768,0.0,0.0,0.0,0.0,0.0,0.0,,,0.09602765995,0.09602765995,0.0,0.0,0.0,0.0,0.0,1.6808501e-05,20242186.69446055,,,0.0,0.0
2025-12-11 08:00:00,,,2614633.7860332,0.0,0.0,0.0,0.0,0.0,0.0,,,0.0,0.0,0.0,0.0,0.003286014721,0.0,1.0,-7.717297e-06,19613900.171864018,,,1.0,1.0
2025-12-11 12:00:00,,,2523924.6924240002,0.779859721661,0.779859721661,0.0,0.779859721661,0.0,0.0,,,0.0,0.0,0.0,0.0,0.003210066769,0.0,1.0,-7.7586386e-05,18876261.03036739,,,0.0,0.0
2025-12-11 16:00:00,,,2492110.2027268,0.781764566898,0.781764566898,0.0,0.781764566898,0.13337174993,0.13337174993,,,1.920553198993,1.920553198993,0.13337174993,0.0,0.00667591598,0.0,2.0,1.9999923e-05,18726281.680114593,,,1.0,1.0
2025-12-11 20:00:00,,,2521084.6577795995,0.0,0.0,0.0,0.0,-0.128036879933,-0.128036879933,,,-0.128036879933,-0.128036879933,-0.128036879933,0.0,0.00322997416,0.0,1.0,1.479632e-06,18646298.323618796,,,0.0,0.0
2025-12-12 00:00:00,0.0,0.0,2482160.3279472003,0.718147218227,0.718147218227,0.0,0.718147218227,-0.005334869997,-0.005334869997,0.013386305885,0.013386305885,-0.128036879933,-0.128036879933,-0.005334869997,0.0,0.002938410907,0.0,1.0,7.810637e-06,18435138.478466332,891187.0,1.0,0.0,0.0
2025-12-12 04:00:00,,,2455535.2137571997,0.0,0.0,0.0,0.0,0.0,0.0,,,-0.128036879933,-0.128036879933,0.0,0.0,0.003077301822,0.0,1.0,-0.000143016984,18298391.207433157,,,0.0,0.0
2025-12-12 08:00:00,,,2477386.9589552,0.0,0.0,0.0,0.0,0.0,0.0,,,-0.128036879933,-0.128036879933,0.0,0.0,0.003317409766,0.0,1.0,-8.9539116e-05,18377521.634126052,,,0.0,0.0
2025-12-12 12:00:00,,,2485195.4378872,0.0,0.0,0.0,0.0,0.0,0.0,,,-0.128036879933,-0.128036879933,0.0,0.0,0.003123438281,0.0,1.0,-7.9939977e-05,17681562.617763605,,,0.0,0.0
2025-12-12 16:00:00,,,2511552.189464,0.0,0.0,0.0,0.0,0.0,0.0,,,-0.128036879933,-0.128036879933,0.0,0.0,0.00678062082,0.0,2.0,-0.000111371756,17750018.92979014,,,1.0,1.0
2025-12-12 20:00:00,,,2563210.6109296,0.0,0.0,0.0,0.0,0.0,0.0,,,-0.128036879933,-0.128036879933,0.0,0.0,0.0,0.0,0.0,-2.723783e-05,18030827.260069385,,,0.0,0.0
2025-12-13 00:00:00,0.0,0.0,2546170.3483704003,0.0,0.0,0.0,0.0,0.0,0.0,-0.06215137479,-0.06215137479,-0.128036879933,-0.128036879933,0.0,0.0,0.0,0.0,0.0,-3.236607e-06,17945944.455523852,891092.0,2.0,0.0,0.0
2025-12-13 04:00:00,,,2550219.5914424,0.0,0.0,0.0,0.0,0.0,0.0,,,-0.128036879933,-0.128036879933,0.0,0.0,0.0,0.0,0.0,-6.8350962e-05,17933730.218891792,,,0.0,0.0
2025-12-13 08:00:00,,,2540127.7646176,0.0,0.0,0.0,0.0,0.0,0.0,,,-0.128036879933,-0.128036879933,0.0,0.0,0.0,0.0,0.0,-8.3706445e-05,17913918.711652853,,,0.0,0.0
2025-12-13 12:00:00,,,2544701.7778124,0.0,0.0,0.0,0.0,0.0,0.0,,,-0.128036879933,-0.128036879933,0.0,0.0,0.0,0.0,0.0,-6.2558025e-05,17871190.782926735,,,0.0,0.0
2025-12-13 16:00:00,,,2614301.8050243994,0.0,0.0,0.0,0.0,0.0,0.0,,,-0.128036879933,-0.128036879933,0.0,0.0,0.010629251701,0.0,1.0,-1.0889424e-05,18130345.028843194,,,1.0,1.0
2025-12-13 20:00:00,,,2647495.5944760004,-0.929163515568,-0.929163515568,0.929163515568,0.0,-0.09602765995,-0.09602765995,,,-1.5024116009,-1.5024116009,-0.09602765995,0.0,0.0043767507,0.0,1.0,-4.5982894e-05,18193806.050139196,,,1.0,1.0
2025-12-14 00:00:00,0.0,0.0,2677474.5516415997,0.0,0.0,0.0,0.0,0.09602765995,0.09602765995,0.081843365529,0.081843365529,0.015415944818,0.015415944818,0.09602765995,0.0,0.0,0.0,0.0,-3.9963004e-05,18359585.811456725,890854.0,2.0,0.0,0.0
2025-12-14 04:00:00,,,2659264.6640768,0.0,0.0,0.0,0.0,0.0,0.0,,,0.015415944818,0.015415944818,0.0,0.0,0.0,0.0,0.0,-0.000311116417,18619967.548756562,,,0.0,0.0
2025-12-14 08:00:00,,,2647768.3174176,0.0,0.0,0.0,0.0,0.0,0.0,,,0.128036879933,0.128036879933,0.0,0.0,0.0,0.0,0.0,-0.000345655278,18595875.26038233,,,0.0,0.0
2025-12-14 12:00:00,,,2671418.5148988003,0.728506326675,0.728506326675,0.0,0.728506326675,0.0,0.0,,,1.216701540769,1.216701540769,0.0,0.0,0.007574881939,0.0,2.0,-0.000532624423,19336481.4819947,,,1.0,1.0
2025-12-14 16:00:00,,,2805732.1333288,0.801505386829,0.801505386829,0.0,0.801505386829,0.117367139938,0.117367139938,,,1.073237927158,1.073237927158,0.117367139938,0.0,0.003815628816,0.0,1.0,-0.000786685571,20719439.951736048,,,1.0,1.0
2025-12-14 20:00:00,,,2666454.7598495996,0.0,0.0,0.0,0.0,-0.117367139938,-0.117367139938,,,-0.053543007558,-0.053543007558,-0.117367139938,0.0,0.0,0.0,0.0,-0.000313609619,19720064.54928451,,,0.0,0.0
2025-12-15 00:00:00,0.0,0.0,3311919.7370968005,0.834349989891,0.834349989891,0.0,0.834349989891,0.0,0.0,0.467597661959,0.467597661959,-0.053543007558,-0.053543007558,0.0,0.0,0.003591954023,0.0,1.0,-0.000480568906,21148648.981946073,890652.0,4.0,0.0,0.0
2025-12-15 04:00:00,,,3228288.8315483998,0.0,0.0,0.0,0.0,0.0,0.0,,,-0.053543007558,-0.053543007558,0.0,0.0,0.0,0.0,0.0,-0.000328265172,20903772.346482273,,,0.0,0.0
2025-12-15 08:00:00,,,3233422.5037515997,0.0,0.0,0.0,0.0,0.0,0.0,,,-0.053543007558,-0.053543007558,0.0,0.0,0.0,0.0,0.0,-0.000251974782,20753760.93391788,,,0.0,0.0
2025-12-15 12:00:00,,,2748368.423784,0.854113936424,0.854113936424,0.0,0.854113936424,0.15204379492,0.15204379492,,,0.932696127229,0.932696127229,0.15204379492,0.0,0.003291205898,0.0,1.0,-9.2188945e-05,19418633.901625846,,,1.0,1.0
2025-12-15 16:00:00,,,2651211.7339952,0.806366384029,0.806366384029,0.0,0.806366384029,-0.128036879933,-0.128036879933,,,-0.111792849988,-0.111792849988,-0.128036879933,0.0,0.024961385702,0.0,2.0,-0.000171444511,18660117.93882965,,,1.0,1.0
2025-12-15 20:00:00,,,2569946.5661203996,1.591284036636,1.591284036636,0.0,1.591284036636,0.168097642785,0.168097642785,,,1.601194510115,1.601194510115,0.168097642785,0.0,0.02271130759,0.0,2.0,-0.000320327141,18325285.286409304,,,2.0,2.0
2025-12-16 00:00:00,0.0,0.0,2487287.4183108,0.0,0.0,0.0,0.0,-0.156139008887,-0.156139008887,0.010643672746,0.010643672746,-0.16628244262,-0.16628244262,-0.156139008887,0.0,0.0,0.0,0.0,-0.000141766883,17771534.206583545,890488.0,1.0,0.0,0.0
2025-12-16 04:00:00,,,2437641.2699892,0.0,0.0,0.0,0.0,0.0,0.0,,,-0.16628244262,-0.16628244262,0.0,0.0,0.0,0.0,0.0,-0.000102612774,17345106.223194696,,,0.0,0.0
2025-12-16 08:00:00,,,2454880.5532944,0.0,0.0,0.0,0.0,0.0,0.0,,,-0.187258583588,-0.187258583588,0.0,0.001870137642,0.0,1.0,0.0,-0.000196621664,17427843.41292699,,,0.0,0.0
2025-12-16 12:00:00,,,2474965.9065735997,0.73052585125,0.73052585125,0.0,0.73052585125,0.0,0.0,,,-0.208234724555,-0.208234724555,0.0,0.0,0.007235562791,0.0,2.0,-0.000166887813,17450957.17597699,,,1.0,1.0
2025-12-16 16:00:00,,,3562876.6021796004,0.0,0.0,0.0,0.0,0.0,0.0,,,-0.208234724555,-0.208234724555,0.0,0.0,0.0,0.0,0.0,-0.000202812939,18514000.536517918,,,0.0,0.0
2025-12-16 20:00:00,,,3575813.185892,0.0,0.0,0.0,0.0,0.0,0.0,,,-0.208234724555,-0.208234724555,0.0,0.0,0.0,0.0,0.0,-0.000140808389,18408723.535751816,,,0.0,0.0
2025-12-17 00:00:00,0.0,0.0,3498428.6916336,0.0,0.0,0.0,0.0,0.0,0.0,0.540098295485,0.540098295485,-0.190255311031,-0.190255311031,0.0,0.0,0.003483835006,0.0,1.0,-0.000252094997,18307283.836558633,890360.0,6.0,0.0,0.0
2025-12-17 04:00:00,,,3454434.1004943997,0.756132483482,0.756132483482,0.0,0.756132483482,0.0,0.0,,,-0.177573332646,-0.177573332646,0.0,0.0,0.0302497355,0.0,3.0,-6.7984165e-05,17959006.18582369,,,2.0,2.0
2025-12-17 08:00:00,,,3447807.9220284,0.0,0.0,0.0,0.0,0.0,0.0,,,-0.157506811015,-0.157506811015,0.0,0.0,0.008644536653,0.0,1.0,-0.000155984695,17847055.300510045,,,1.0,1.0
2025-12-17 12:00:00,,,3468284.0235319994,0.0,0.0,0.0,0.0,0.0,0.0,,,-0.157506811015,-0.157506811015,0.0,0.0,0.008608815427,0.0,1.0,-0.000235626718,17712177.39928591,,,1.0,1.0
2025-12-17 16:00:00,,,3302420.9953676,2.412220776081,2.412220776081,0.0,2.412220776081,0.058683569969,0.058683569969,,,0.963228003309,0.963228003309,0.058683569969,0.0,0.095942862559,0.0,4.0,-1.8996083e-05,16531474.914805107,,,2.0,2.0
2025-12-17 20:00:00,,,3304771.6002724,0.0,0.0,0.0,0.0,-0.058683569969,-0.058683569969,,,-0.20475553737,-0.20475553737,-0.058683569969,0.0,0.0,0.0,0.0,-7.9334158e-05,16597825.773758497,,,0.0,0.0
2025-12-18 00:00:00,0.0,0.0,3316545.8036212,0.0,0.0,0.0,0.0,0.0,0.0,0.423613067666,0.423613067666,-0.20475553737,-0.20475553737,0.0,0.0,0.0,0.0,0.0,-0.000228149755,16415066.64773908,890283.0,9.0,0.0,0.0
2025-12-18 04:00:00,,,3247372.9877903997,0.0,0.0,0.0,0.0,0.0,0.0,,,-0.180835845975,-0.180835845975,0.0,0.0,0.005287648054,0.0,1.0,-4.4929817e-05,16240983.021180172,,,1.0,1.0
2025-12-18 08:00:00,,,3439675.3476708,0.0,0.0,0.0,0.0,0.0,0.0,,,-0.167636104465,-0.167636104465,0.0,0.0,0.004451566952,0.0,1.0,7.538262e-06,18084489.847730048,,,1.0,1.0
2025-12-18 12:00:00,,,3285787.1475751996,0.957996785641,0.957996785641,0.0,0.957996785641,0.160046099916,0.160046099916,,,0.587017026455,0.587017026455,0.160046099916,0.0,0.070513297571,0.0,3.0,-0.000181130463,17586534.047966294,,,3.0,3.0
2025-12-18 16:00:00,,,3153236.0999348,0.745376884937,0.745376884937,0.0,0.745376884937,-0.031726794054,-0.031726794054,,,0.370255532363,0.370255532363,-0.031726794054,0.0,0.047238711808,0.0,5.0,-3.2197888e-05,15929548.151200647,,,4.0,5.0
2025-12-18 20:00:00,,,2508438.7893804,0.0,0.0,0.0,0.0,-0.141314245903,-0.141314245903,,,-0.197324329547,-0.197324329547,-0.141314245903,0.0,0.0,0.0,0.0,5.965487e-06,15586946.597412929,,,0.0,0.0
2025-12-19 00:00:00,0.0,0.0,2437715.2302108,0.0,0.0,0.0,0.0,-0.024006914987,-0.024006914987,0.235725000783,0.235725000783,-0.197324329547,-0.197324329547,-0.024006914987,0.0,0.0,0.0,0.0,-2.5693037e-05,15744029.86615684,890065.0,4.0,0.0,0.0
2025-12-19 04:00:00,,,2469770.625998,0.0,0.0,0.0,0.0,0.0,0.0,,,-0.197324329547,-0.197324329547,0.0,0.0,0.003322700691,0.0,1.0,-8.5040071e-05,15863481.350660136,,,1.0,1.0
2025-12-19 08:00:00,,,2487256.046414,1.574162900448,1.574162900448,0.0,1.574162900448,0.120341256865,0.120341256865,,,1.218525354265,1.218525354265,0.120341256865,0.0,0.009094552969,0.0,3.0,-0.000133548437,15917550.663627913,,,3.0,3.0
2025-12-19 12:00:00,,,2416425.0141752,0.0,0.0,0.0,0.0,-0.083963854679,-0.083963854679,,,-0.265124245865,-0.265124245865,-0.083963854679,0.0,0.0,0.0,0.0,-8.819797e-06,16086721.408534877,,,0.0,0.0
2025-12-19 16:00:00,,,2385352.7670524,0.700223326683,0.700223326683,0.0,0.700223326683,0.0,0.0,,,-0.265124245865,-0.265124245865,0.0,0.0,0.013852932263,0.0,2.0,9.662829e-06,16190603.854783976,,,0.0,0.0
2025-12-19 20:00:00,,,2394941.4985352,0.0,0.0,0.0,0.0,0.0,0.0,,,-0.265124245865,-0.265124245865,0.0,0.0,0.0,0.0,0.0,1.6037323e-05,16171607.224538494,,,0.0,0.0
2025-12-20 00:00:00,0.0,0.0,2410581.6495228,0.902278482914,0.902278482914,0.0,0.902278482914,0.0,0.0,0.071541434839,0.071541434839,-0.265124245865,-0.265124245865,0.0,0.0,0.003180661578,0.0,1.0,3.1475054e-05,16075189.436594125,889929.0,1.0,0.0,0.0
2025-12-20 04:00:00,,,2453309.2607996,0.0,0.0,0.0,0.0,0.0,0.0,,,-0.25614093649,-0.25614093649,0.0,0.0,0.0,0.0,0.0,1.74677e-05,16460835.692646125,,,0.0,0.0
2025-12-20 08:00:00,,,2473893.9873984,0.0,0.0,0.0,0.0,0.0,0.0,,,-0.253146500032,-0.253146500032,0.0,0.0,0.0,0.0,0.0,2.8259192e-05,16562753.511581874,,,0.0,0.0
2025-12-20 12:00:00,,,2492613.9435320003,0.0,0.0,0.0,0.0,0.0,0.0,,,-0.253146500032,-0.253146500032,0.0,0.0,0.0,0.0,0.0,-1.2391178e-05,16666636.32832594,,,0.0,0.0
2025-12-20 16:00:00,,,2493113.1236836,0.0,0.0,0.0,0.0,0.0,0.0,,,-0.253146500032,-0.253146500032,0.0,0.0,0.0043493389,0.0,1.0,-2.0766949e-05,16564371.65032703,,,1.0,1.0
2025-12-20 20:00:00,,,2537467.7414724,0.714438557625,0.714438557625,0.0,0.714438557625,0.0,0.0,,,-0.253146500032,-0.253146500032,0.0,0.0,0.109649122807,0.0,1.0,-1.8855119e-05,16610256.45814981,,,0.0,0.0
2025-12-21 00:00:00,0.0,0.0,2403653.8108039997,0.0,0.0,0.0,0.0,0.0,0.0,0.079858924974,0.079858924974,-0.253146500032,-0.253146500032,0.0,0.0,0.0,0.0,0.0,3.5655655e-05,16221945.992241777,889822.0,2.0,0.0,0.0
2025-12-21 04:00:00,,,2371105.9792051995,0.0,0.0,0.0,0.0,0.0,0.0,,,-0.215309931688,-0.215309931688,0.0,0.0,0.0,0.0,0.0,1.716668e-06,15962672.194187842,,,0.0,0.0
2025-12-21 08:00:00,,,2338429.4703436,0.0,0.0,0.0,0.0,0.0,0.0,,,-0.176563636405,-0.176563636405,0.0,0.0,0.0,0.0,0.0,3.3335269e-05,15683625.32662284,,,0.0,0.0
2025-12-21 12:00:00,,,2268102.1803404,0.0,0.0,0.0,0.0,0.0,0.0,,,-0.176563636405,-0.176563636405,0.0,0.0,0.0,0.0,0.0,-5.0781294e-05,15197972.709931802,,,0.0,0.0
2025-12-21 16:00:00,,,2307074.2099703997,0.90435898304,0.90435898304,0.0,0.90435898304,0.048013829975,0.048013829975,,,0.722231315553,0.722231315553,0.048013829975,0.0,0.011320030243,0.0,3.0,2.7382536e-05,15167136.529592184,,,2.0,2.0
2025-12-21 20:00:00,,,2340968.7891528,0.0,0.0,0.0,0.0,-0.048013829975,-0.048013829975,,,-0.164239529972,-0.164239529972,-0.048013829975,0.0,0.0,0.0,0.0,8.252809e-06,15364524.914554182,,,0.0,0.0
2025-12-22 00:00:00,0.0,0.0,2330108.8314544,0.0,0.0,0.0,0.0,0.0,0.0,0.029895601121,0.029895601121,-0.128036879933,-0.128036879933,0.0,0.0,0.0,0.0,0.0,2.3380273e-05,15441076.908055708,889780.0,0.0,0.0,0.0
2025-12-22 04:00:00,,,2360417.6543444,0.0,0.0,0.0,0.0,0.0,0.0,,,-0.128036879933,-0.128036879933,0.0,0.0,0.0,0.0,0.0,1.3375784e-05,15593413.944968527,,,0.0,0.0
2025-12-22 08:00:00,,,2346766.5340416,0.0,0.0,0.0,0.0,0.0,0.0,,,-0.128036879933,-0.128036879933,0.0,0.0,0.0,0.0,0.0,-2.3561736e-05,15873685.56231314,,,0.0,0.0
2025-12-22 12:00:00,,,2384280.6158483997,0.0,0.0,0.0,0.0,0.0,0.0,,,-0.128036879933,-0.128036879933,0.0,0.0,0.0,0.0,0.0,1.7944039e-05,15955599.38241915,,,0.0,0.0
2025-12-22 16:00:00,,,2359393.385594,0.829786598682,0.829786598682,0.0,0.829786598682,0.0,0.0,,,-0.128036879933,-0.128036879933,0.0,0.0,0.003317409766,0.0,1.0,1.6649547e-05,16215257.994724639,,,0.0,0.0
2025-12-22 20:00:00,,,2384539.970154,0.0,0.0,0.0,0.0,0.0,0.0,,,-0.128036879933,-0.128036879933,0.0,0.0,0.010212418301,0.0,1.0,6.917289e-06,16898668.551175497,,,0.0,0.0
2025-12-23 00:00:00,0.0,0.0,2349976.993464,0.0,0.0,0.0,0.0,0.0,0.0,0.032490284841,0.032490284841,-0.128036879933,-0.128036879933,0.0,0.0,0.0,0.0,0.0,8.557072e-06,16495565.01877139,889685.0,2.0,0.0,0.0
2025-12-23 04:00:00,,,2430406.3706724,0.0,0.0,0.0,0.0,0.0,0.0,,,-0.128036879933,-0.128036879933,0.0,0.0,0.0,0.0,0.0,-2.918254e-05,16803580.73414193,,,0.0,0.0
2025-12-23 08:00:00,,,2402572.6681100004,0.0,0.0,0.0,0.0,0.0,0.0,,,-0.128036879933,-0.128036879933,0.0,0.0,0.00604013061,0.0,2.0,-3.487762e-06,17233118.905117653,,,2.0,2.0
2025-12-23 12:00:00,,,2303933.6336375996,0.0,0.0,0.0,0.0,0.0,0.0,,,-0.128036879933,-0.128036879933,0.0,0.0,0.0,0.0,0.0,-8.5490596e-05,16477714.216642816,,,0.0,0.0
2025-12-23 16:00:00,,,2307966.9404864004,0.0,0.0,0.0,0.0,0.0,0.0,,,-0.128036879933,-0.128036879933,0.0,0.0,0.041274796999,0.0,2.0,3.4126242e-05,16396840.597894564,,,0.0,0.0
2025-12-23 20:00:00,,,2332195.8778427998,0.0,0.0,0.0,0.0,0.0,0.0,,,-0.128036879933,-0.128036879933,0.0,0.0,0.0,0.0,0.0,1.312007e-05,16477317.629522815,,,0.0,0.0
2025-12-24 00:00:00,0.0,0.0,2297731.9751768,0.0,0.0,0.0,0.0,0.0,0.0,0.131939059633,0.131939059633,-0.128036879933,-0.128036879933,0.0,0.0,0.003245067497,0.0,1.0,3.6037279e-05,16165946.305411201,889608.0,2.0,0.0,0.0
2025-12-24 04:00:00,,,2276650.2414468,0.815514206886,0.815514206886,0.0,0.815514206886,0.0,0.0,,,1.88854397901,1.88854397901,0.0,0.0,0.013465253014,0.0,2.0,-4.543171e-06,16021057.714992197,,,1.0,1.0
2025-12-24 08:00:00,,,2302491.407894,0.0,0.0,0.0,0.0,0.0,0.0,,,-0.128036879933,-0.128036879933,0.0,0.0,0.0,0.0,0.0,1.4611287e-05,16266805.76516736,,,0.0,0.0
2025-12-24 12:00:00,,,2324355.3573032,0.749675571918,0.749675571918,0.0,0.749675571918,0.0,0.0,,,-0.128036879933,-0.128036879933,0.0,0.0,0.004856254856,0.0,1.0,-1.5028379e-05,16368742.620364191,,,0.0,0.0
2025-12-24 16:00:00,,,2378885.0008768,0.0,0.0,0.0,0.0,0.0,0.0,,,-0.128036879933,-0.128036879933,0.0,0.0,0.005771006464,0.0,1.0,-1.4815829e-05,16818301.647884857,,,1.0,1.0
2025-12-24 20:00:00,,,2402484.8325968003,0.0,0.0,0.0,0.0,0.0,0.0,,,-0.128036879933,-0.128036879933,0.0,0.0,0.0,0.0,0.0,-5.1081758e-05,17052318.350442536,,,0.0,0.0
2025-12-25 00:00:00,0.0,0.0,2389418.2218991998,0.0,0.0,0.0,0.0,0.0,0.0,0.076592995325,0.076592995325,-0.128036879933,-0.128036879933,0.0,0.0,0.0,0.0,0.0,-5.3227021e-05,17177671.879121266,889428.0,2.0,0.0,0.0
2025-12-25 04:00:00,,,2451603.2206732,0.0,0.0,0.0,0.0,0.0,0.0,,,-0.128036879933,-0.128036879933,0.0,0.0,0.002811515969,0.0,1.0,1.8131849e-05,17606139.42707985,,,1.0,1.0
2025-12-25 08:00:00,,,2418857.5275104,0.0,0.0,0.0,0.0,0.0,0.0,,,-0.128036879933,-0.128036879933,0.0,0.0,0.0,0.0,0.0,-0.000133644557,17298951.730950188,,,0.0,0.0
2025-12-25 12:00:00,,,2449288.3264524,0.0,0.0,0.0,0.0,0.0,0.0,,,-0.128036879933,-0.128036879933,0.0,0.0,0.0,0.0,0.0,-0.000135649808,17522278.156351157,,,0.0,0.0
2025-12-25 16:00:00,,,2496583.1774331997,0.708944499493,0.708944499493,0.0,0.708944499493,0.0,0.0,,,-0.128036879933,-0.128036879933,0.0,0.0,0.035310734463,0.0,1.0,4.635292e-06,17753693.35735981,,,0.0,0.0
2025-12-25 20:00:00,,,2703977.1675792,0.0,0.0,0.0,0.0,0.0,0.0,,,-0.128036879933,-0.128036879933,0.0,0.0,0.003265412748,0.0,1.0,-7.5644724e-05,17230132.214035504,,,1.0,1.0
2025-12-26 00:00:00,0.0,0.0,5663270.37908,0.0,0.0,0.0,0.0,0.0,0.0,0.025889886583,0.025889886583,-0.128036879933,-0.128036879933,0.0,0.0,0.0,0.0,0.0,-3.445089e-06,17081558.144149575,889184.0,2.0,0.0,0.0
2025-12-26 04:00:00,,,2509049.0854484,0.0,0.0,0.0,0.0,0.0,0.0,,,-0.128036879933,-0.128036879933,0.0,0.0,0.0,0.0,0.0,2.7668793e-05,17149964.492292702,,,0.0,0.0
2025-12-26 08:00:00,,,5701632.40256,0.0,0.0,0.0,0.0,0.0,0.0,,,-0.128036879933,-0.128036879933,0.0,0.0,0.0,0.0,0.0,2.3318812e-05,17188338.612328015,,,0.0,0.0
2025-12-26 12:00:00,,,125629.330309662,-0.841713130474,-0.841713130474,0.841713130474,0.0,-0.104029964945,-0.104029964945,,,-1.453384644175,-1.453384644175,-0.104029964945,0.0,0.039308176101,0.0,1.0,-4.8940677e-05,17091488.763811663,,,1.0,1.0
2025-12-26 16:00:00,,,129253.156615189,0.760715782642,0.760715782642,0.0,0.760715782642,0.15600920828,0.15600920828,,,1.024682045688,1.024682045688,0.15600920828,0.0,0.003095591877,0.0,1.0,3.4948e-06,18387250.71576455,,,1.0,1.0
2025-12-26 20:00:00,,,129253.156615189,0.0,0.0,0.0,0.0,-0.104029964945,-0.104029964945,,,0.00906602399,0.00906602399,-0.104029964945,0.0,0.0,0.0,0.0,3.1248412e-05,18103754.50454519,,,0.0,0.0
2025-12-27 00:00:00,0.0,0.0,2483301.5953087998,0.0,0.0,0.0,0.0,0.0,0.0,0.055928498327,0.055928498327,0.00906602399,0.00906602399,0.0,0.0,0.0,0.0,0.0,2.468248e-06,17608696.322651256,889005.0,1.0,0.0,0.0
2025-12-27 04:00:00,,,2525256.456396,0.0,0.0,0.0,0.0,0.0,0.0,,,0.00906602399,0.00906602399,0.0,0.0,0.0,0.0,0.0,3.0908658e-05,17798494.456562202,,,0.0,0.0
2025-12-27 08:00:00,,,1618770.332806,0.0,0.0,0.0,0.0,0.0,0.0,,,0.00906602399,0.00906602399,0.0,0.001148474825,0.002930145335,1.0,1.0,5.590639e-06,17543321.930066094,,,0.0,0.0
2025-12-27 12:00:00,,,4304.226479999999,0.0,0.0,0.0,0.0,0.0,0.0,,,0.00906602399,0.00906602399,0.0,0.0,0.0,0.0,0.0,-7.065522e-06,17775784.99778834,,,0.0,0.0
2025-12-27 16:00:00,,,1633211.785354,0.785322725773,0.785322725773,0.0,0.785322725773,0.082690484957,0.082690484957,,,1.058062385986,1.058062385986,0.082690484957,0.0,0.003215020576,0.0,1.0,2.5681174e-05,17784988.960444346,,,1.0,1.0
2025-12-27 20:00:00,,,133796.762555498,0.0,0.0,0.0,0.0,-0.082690484957,-0.082690484957,,,-0.064957070173,-0.064957070173,-0.082690484957,0.0,0.0,0.0,0.0,3.6023857e-05,17788414.430871498,,,0.0,0.0
2025-12-28 00:00:00,0.0,0.0,1615282.4409619998,-0.719684123993,-0.719684123993,0.719684123993,0.0,-0.050681264973,-0.050681264973,0.02759298845,0.02759298845,-0.894285963695,-0.894285963695,-0.050681264973,0.0,0.004109138725,0.0,1.0,1.1839507e-05,17629862.0074231,888759.0,1.0,1.0,1.0
2025-12-28 04:00:00,,,1575959.077328,0.0,0.0,0.0,0.0,0.050681264973,0.050681264973,,,0.001253223668,0.001253223668,0.050681264973,0.0,0.0,0.0,0.0,1.6062408e-05,17214435.8734655,,,0.0,0.0
2025-12-28 08:00:00,,,5764695.07972,0.0,0.0,0.0,0.0,0.0,0.0,,,0.001253223668,0.001253223668,0.0,0.0,0.0,0.0,0.0,3.0767875e-05,17146516.9536178,,,0.0,0.0
2025-12-28 12:00:00,,,131298.153307606,-0.202385187149,-0.202385187149,0.942980349064,0.740595161915,0.0,0.0,,,0.001253223668,0.001253223668,0.0,0.0,0.015030547377,0.0,2.0,-3.6664495e-05,17002830.654307816,,,0.0,0.0
2025-12-28 16:00:00,,,129892.23546278701,0.812133193016,0.812133193016,0.0,0.812133193016,0.0,0.0,,,0.001253223668,0.001253223668,0.0,0.0,0.003286014721,0.0,1.0,3.5989605e-05,16359671.298557237,,,0.0,0.0
2025-12-28 20:00:00,,,4244.633746,0.0,0.0,0.0,0.0,0.0,0.0,,,0.001253223668,0.001253223668,0.0,0.0,0.0,0.0,0.0,3.3424747e-05,18489896.354444567,,,0.0,0.0
2025-12-29 00:00:00,0.0,0.0,4386.386538000001,0.715295374393,0.715295374393,0.0,0.715295374393,0.138706619927,0.138706619927,0.254057419289,0.254057419289,0.904690727127,0.904690727127,0.138706619927,0.0,0.003555176337,0.0,1.0,3.4545304e-05,19109635.729985297,888724.0,3.0,1.0,1.0
2025-12-29 04:00:00,,,3939006.2606496,0.733189940453,0.733189940453,0.0,0.733189940453,-0.016268067083,-0.016268067083,,,0.837026221455,0.837026221455,-0.016268067083,0.0,0.003270538985,0.0,1.0,3.4714361e-05,18993868.36957666,,,1.0,1.0
2025-12-29 08:00:00,,,3852430.0372464,0.893375873566,0.893375873566,0.0,0.893375873566,-0.132582568584,-0.132582568584,,,-0.131238452777,-0.131238452777,-0.132582568584,0.0,0.010162601626,0.0,1.0,3.4754341e-05,18551625.34858653,,,0.0,0.0
2025-12-29 12:00:00,,,1565946.273436,0.0,0.0,0.0,0.0,-0.021339479989,-0.021339479989,,,-0.131238452777,-0.131238452777,-0.021339479989,0.0,0.003953194181,0.0,1.0,3.0807894e-05,18207937.03530334,,,1.0,1.0
2025-12-29 16:00:00,,,3733625.3073604004,0.0,0.0,0.0,0.0,0.0,0.0,,,-0.131238452777,-0.131238452777,0.0,0.0,0.0,0.0,0.0,-9.087894e-06,17941604.204681553,,,0.0,0.0
2025-12-29 20:00:00,,,132846.989761155,0.0,0.0,0.0,0.0,0.0,0.0,,,-0.131238452777,-0.131238452777,0.0,0.0,0.0,0.0,0.0,1.9710127e-05,17598670.444643155,,,0.0,0.0
2025-12-30 00:00:00,0.0,0.0,3577451.038444801,0.0,0.0,0.0,0.0,0.0,0.0,0.056313698718,0.056313698718,-0.131238452777,-0.131238452777,0.0,0.0,0.0,0.0,0.0,3.3948379e-05,17184709.496647235,888568.0,1.0,0.0,0.0
2025-12-30 04:00:00,,,1477135.867078,0.0,0.0,0.0,0.0,0.0,0.0,,,-0.102685424348,-0.102685424348,0.0,0.0,0.035873912021,0.0,2.0,2.380364e-05,17273959.655508995,,,0.0,0.0
2025-12-30 08:00:00,,,1503551.361042,0.0,0.0,0.0,0.0,0.0,0.0,,,-0.07413239592,-0.07413239592,0.0,0.0,0.0,0.0,0.0,3.419549e-05,17432041.122533612,,,0.0,0.0
2025-12-30 12:00:00,,,133441.21027934196,0.765421628952,0.765421628952,0.0,0.765421628952,0.069353309964,0.069353309964,,,1.001112659807,1.001112659807,0.069353309964,0.0,0.013971007366,0.0,2.0,3.4258617e-05,17690978.763825096,,,1.0,1.0
2025-12-30 16:00:00,,,130689.73352520601,0.0,0.0,0.0,0.0,-0.069353309964,-0.069353309964,,,-0.225463897544,-0.225463897544,-0.069353309964,0.0,0.0,0.0,0.0,3.4167796e-05,18239055.623045206,,,0.0,0.0
2025-12-30 20:00:00,,,5638112.84298,0.0,0.0,0.0,0.0,0.0,0.0,,,-0.225463897544,-0.225463897544,0.0,0.0,0.0,0.0,0.0,3.4123024e-05,18124893.46417521,,,0.0,0.0
2025-12-31 00:00:00,0.0,0.0,5602334.96568,0.0,0.0,0.0,0.0,0.0,0.0,0.032303457352,0.032303457352,-0.225463897544,-0.225463897544,0.0,0.0,0.0,0.0,0.0,3.4049091e-05,18030242.139840838,888383.0,0.0,0.0,0.0
2025-12-31 04:00:00,,,5570307.82768,0.0,0.0,0.0,0.0,0.0,0.0,,,-0.225463897544,-0.225463897544,0.0,0.0,0.0,0.0,0.0,2.2729089e-05,18005433.992480837,,,0.0,0.0
2025-12-31 08:00:00,,,3787971.567418,0.0,0.0,0.0,0.0,0.0,0.0,,,-0.225463897544,-0.225463897544,0.0,0.0,0.0,0.0,0.0,3.4085742e-05,17902973.26276837,,,0.0,0.0
2025-12-31 12:00:00,,,6722688.594815617,0.0,0.0,0.0,0.0,0.0,0.0,,,-0.225463897544,-0.225463897544,0.0,0.0,0.0,0.0,0.0,3.3989557e-05,17628933.353041768,,,0.0,0.0
2025-12-31 16:00:00,,,5442592.752339999,0.0,0.0,0.0,0.0,0.0,0.0,,,-0.182555899099,-0.182555899099,0.0,0.0,0.0,0.0,0.0,3.3724974e-05,17639791.23742032,,,0.0,0.0
2025-12-31 20:00:00,,,3751063.6251251996,0.0,0.0,0.0,0.0,0.0,0.0,,,-0.128036879933,-0.128036879933,0.0,0.0,0.0,0.0,0.0,3.4017269e-05,17350287.992415123,,,0.0,0.0
2026-01-01 00:00:00,0.0,0.0,6726262.589978968,0.0,0.0,0.0,0.0,0.0,0.0,0.033160439059,0.033160439059,-0.128036879933,-0.128036879933,0.0,0.0,0.0,0.0,0.0,3.132372e-05,17594715.656014938,888204.0,0.0,0.0,0.0
2026-01-01 04:00:00,,,6722475.522235314,0.0,0.0,0.0,0.0,0.0,0.0,,,-0.128036879933,-0.128036879933,0.0,0.0,0.0,0.0,0.0,3.3982893e-05,17656792.617135055,,,0.0,0.0
2026-01-01 08:00:00,,,6974210.784747866,0.0,0.0,0.0,0.0,0.0,0.0,,,-0.128036879933,-0.128036879933,0.0,0.0,0.0,0.0,0.0,3.2505703e-05,18290398.17119549,,,0.0,0.0
2026-01-01 12:00:00,,,7137023.862931582,0.0,0.0,0.0,0.0,0.0,0.0,,,-0.128036879933,-0.128036879933,0.0,0.0,0.0,0.0,0.0,2.8952639e-05,18673653.98659566,,,0.0,0.0
2026-01-01 16:00:00,,,7482072.862557016,0.0,0.0,0.0,0.0,0.0,0.0,,,-0.128036879933,-0.128036879933,0.0,0.0,0.0,0.0,0.0,1.5839178e-05,19383614.90778492,,,0.0,0.0
2026-01-01 20:00:00,,,7357806.568485525,0.0,0.0,0.0,0.0,0.0,0.0,,,-0.128036879933,-0.128036879933,0.0,0.0,0.0,0.0,0.0,2.8593351e-05,19119638.856926486,,,0.0,0.0
2026-01-02 00:00:00,0.0,0.0,7355494.749562852,0.0,0.0,0.0,0.0,0.0,0.0,0.034366957103,0.034366957103,-0.064018439966,-0.064018439966,0.0,0.00149988001,0.0,1.0,0.0,3.4173158e-05,19097788.117518667,888077.0,0.0,0.0,0.0
2026-01-02 04:00:00,,,7236795.096203914,0.0,0.0,0.0,0.0,0.0,0.0,,,0.0,0.0,0.0,0.0,0.0,0.0,0.0,3.3090611e-05,18944616.001570024,,,0.0,0.0
2026-01-02 08:00:00,,,7456115.66617467,0.0,0.0,0.0,0.0,0.0,0.0,,,0.0,0.0,0.0,0.001881963264,0.008762790979,1.0,2.0,3.4141253e-05,19387250.265731286,,,0.0,0.0
2026-01-02 12:00:00,,,7154425.6160657555,0.0,0.0,0.0,0.0,0.0,0.0,,,0.0,0.0,0.0,0.0,0.0,0.0,0.0,1.2806757e-05,19079791.487175062,,,0.0,0.0
2026-01-02 16:00:00,,,7081207.355772732,0.0,0.0,0.0,0.0,0.0,0.0,,,0.0,0.0,0.0,0.0,0.0,0.0,0.0,3.267981e-05,19084514.78648007,,,0.0,0.0
2026-01-02 20:00:00,,,7105240.420469521,0.0,0.0,0.0,0.0,0.0,0.0,,,0.0,0.0,0.0,0.0,0.0,0.0,0.0,3.607012e-06,19000316.766645193,,,0.0,0.0
2026-01-03 00:00:00,0.0,0.0,7169829.37949619,0.0,0.0,0.0,0.0,0.0,0.0,-0.134552505113,-0.134552505113,0.0,0.0,0.0,0.0,0.0,0.0,0.0,-3.56461e-07,19049726.018048488,888063.0,0.0,0.0,0.0
2026-01-03 04:00:00,,,6749366.622382,0.0,0.0,0.0,0.0,0.0,0.0,,,0.0,0.0,0.0,0.0,0.0,0.0,0.0,1.5672065e-05,18159865.633321397,,,0.0,0.0
2026-01-03 08:00:00,,,6672486.934680355,0.0,0.0,0.0,0.0,0.0,0.0,,,0.0,0.0,0.0,0.0,0.004340277778,0.0,1.0,3.3382387e-05,18043727.066144444,,,0.0,0.0
2026-01-03 12:00:00,,,6651623.425702352,0.0,0.0,0.0,0.0,0.0,0.0,,,0.0,0.0,0.0,0.0,0.0,0.0,0.0,3.3418286e-05,17973378.446428895,,,0.0,0.0
2026-01-03 16:00:00,,,6679845.609431669,0.0,0.0,0.0,0.0,0.0,0.0,,,0.0,0.0,0.0,0.0,0.0,0.0,0.0,-4.98965e-06,18052774.819776997,,,0.0,0.0
2026-01-03 20:00:00,,,6738007.25561445,0.0,0.0,0.0,0.0,0.0,0.0,,,0.0,0.0,0.0,0.0,0.0,0.0,0.0,3.3421021e-05,18218315.01451841,,,0.0,0.0
2026-01-04 00:00:00,0.0,0.0,6845427.487286054,0.0,0.0,0.0,0.0,0.0,0.0,-0.298036225703,-0.298036225703,0.0,0.0,0.0,0.0,0.0,0.0,0.0,3.1731479e-05,18555549.918622542,887872.0,1.0,0.0,0.0
2026-01-04 04:00:00,,,6772961.353080275,0.0,0.0,0.0,0.0,0.0,0.0,,,0.0,0.0,0.0,0.0,0.0,0.0,0.0,3.0629868e-05,18365585.47738273,,,0.0,0.0
2026-01-04 08:00:00,,,6860708.9645914715,0.0,0.0,0.0,0.0,0.0,0.0,,,0.0,0.0,0.0,0.0,0.010964912281,0.0,1.0,3.3407445e-05,18553705.118756734,,,1.0,1.0
2026-01-04 12:00:00,,,6931515.41924152,0.0,0.0,0.0,0.0,0.0,0.0,,,0.0,0.0,0.0,0.0,0.003836709638,0.0,1.0,3.3129643e-05,18753439.2007054,,,0.0,0.0
2026-01-04 16:00:00,,,6215044.498250201,0.0,0.0,0.0,0.0,0.0,0.0,,,0.0,0.0,0.0,0.0,0.0,0.0,0.0,-0.000112903837,17761502.19630346,,,0.0,0.0
2026-01-04 20:00:00,,,6179378.967434286,0.0,0.0,0.0,0.0,0.0,0.0,,,0.0,0.0,0.0,0.0,0.0,0.0,0.0,-0.000145990468,17714182.060181975,,,0.0,0.0
2026-01-05 00:00:00,0.0,0.0,6151656.75241152,-0.773625612259,-0.773625612259,0.773625612259,0.0,-0.093360224951,-0.093360224951,0.494640604989,0.494640604989,0.064018439966,0.064018439966,-0.093360224951,0.0,0.005156765677,0.0,1.0,-9.8173923e-05,17834636.92741671,887674.0,4.0,1.0,1.0
2026-01-05 04:00:00,,,5975017.0296929125,0.804026901722,0.804026901722,0.0,0.804026901722,0.093360224951,0.093360224951,,,0.128036879933,0.128036879933,0.093360224951,0.0,0.004141815772,0.0,1.0,-0.000120594858,17201604.529282827,,,0.0,0.0
2026-01-05 08:00:00,,,6052163.329198257,0.876913547516,0.876913547516,0.0,0.876913547516,0.109364834943,0.109364834943,,,1.510657667078,1.510657667078,0.109364834943,0.0,0.008376233116,0.0,2.0,-0.000192372528,17178057.522424713,,,2.0,2.0
2026-01-05 12:00:00,,,6287794.08764426,0.757945239544,0.757945239544,0.0,0.757945239544,0.048013829975,0.048013829975,,,1.028475208043,1.028475208043,0.048013829975,0.0,0.006572029443,0.0,1.0,-0.000119394497,17754902.920009065,,,1.0,1.0
2026-01-05 16:00:00,,,6193411.684768053,0.813117265701,0.813117265701,0.0,0.813117265701,-0.128036879933,-0.128036879933,,,-0.078724677391,-0.078724677391,-0.128036879933,0.0,0.003858024691,0.0,1.0,-2.4106853e-05,17499476.18015217,,,0.0,0.0
2026-01-05 20:00:00,,,6390859.163613808,0.0,0.0,0.0,0.0,-0.029341784985,-0.029341784985,,,-0.078724677391,-0.078724677391,-0.029341784985,0.0,0.0,0.0,0.0,-4.5822332e-05,17850760.769943073,,,0.0,0.0
2026-01-06 00:00:00,0.0,0.0,6237424.783399284,0.0,0.0,0.0,0.0,0.0,0.0,-0.283075622865,-0.283075622865,-0.078724677391,-0.078724677391,0.0,0.0,0.0,0.0,0.0,-9.115123e-05,17700016.710188523,887541.0,4.0,0.0,0.0
2026-01-06 04:00:00,,,6026293.932944266,0.0,0.0,0.0,0.0,0.0,0.0,,,-0.078724677391,-0.078724677391,0.0,0.0,0.0,0.0,0.0,-0.000188423237,17312507.717414852,,,0.0,0.0
2026-01-06 08:00:00,,,6036790.63187115,0.0,0.0,0.0,0.0,0.0,0.0,,,-0.078724677391,-0.078724677391,0.0,0.0,0.0040374677,0.0,1.0,-6.2742625e-05,17360341.874206662,,,0.0,0.0
2026-01-06 12:00:00,,,5872733.660068439,0.0,0.0,0.0,0.0,0.0,0.0,,,-0.078724677391,-0.078724677391,0.0,0.0,0.0,0.0,0.0,-6.9907558e-05,17065858.550467905,,,0.0,0.0
2026-01-06 16:00:00,,,5666041.6128060315,0.939795136452,0.939795136452,0.0,0.939795136452,0.112032269941,0.112032269941,,,1.458797010537,1.458797010537,0.112032269941,0.0,0.010890366176,0.0,3.0,-0.000254070145,16276658.938193701,,,3.0,3.0
2026-01-06 20:00:00,,,5870698.6407202035,-0.843725144863,-0.843725144863,0.843725144863,0.0,-0.201372645147,-0.201372645147,,,-0.797201215333,-0.797201215333,-0.201372645147,0.0,0.0043767507,0.0,1.0,1.2611883e-05,16947796.777397603,,,1.0,1.0
2026-01-07 00:00:00,0.0,0.0,5829992.099582203,0.0,0.0,0.0,0.0,0.128036879933,0.128036879933,0.214997726493,0.214997726493,-0.097316692588,-0.097316692588,0.128036879933,0.0,0.0,0.0,0.0,-2.9517819e-05,16720178.581102679,887411.0,4.0,0.0,0.0
2026-01-07 04:00:00,,,5854782.781679652,-0.79232686758,-0.79232686758,0.79232686758,0.0,0.016004609992,0.016004609992,,,-0.097316692588,-0.097316692588,0.016004609992,0.0,0.040849673203,0.0,1.0,-3.7304149e-05,16817519.059046265,,,0.0,0.0
2026-01-07 08:00:00,,,5752589.565018008,0.720014810562,0.720014810562,0.0,0.720014810562,0.090692789952,0.090692789952,,,0.421625715436,0.421625715436,0.090692789952,0.0,0.004461099215,0.0,1.0,-7.8601808e-05,16559843.77527204,,,1.0,1.0
2026-01-07 12:00:00,,,5463658.55081924,1.713677704334,1.713677704334,0.0,1.713677704334,0.080778219675,0.080778219675,,,1.432869612791,1.432869612791,0.080778219675,0.0,0.014563956396,0.0,3.0,-0.000240776931,15983717.7524798,,,3.0,3.0
2026-01-07 16:00:00,,,5651835.450338734,0.0,0.0,0.0,0.0,-0.164388840503,-0.164388840503,,,-0.249208461404,-0.249208461404,-0.164388840503,0.0,0.0,0.0,0.0,-0.000297334401,16313939.381319892,,,0.0,0.0
2026-01-07 20:00:00,,,5685117.95835212,0.0,0.0,0.0,0.0,0.0,0.0,,,-0.241906907492,-0.241906907492,0.0,0.0,0.0,0.0,0.0,-0.000297372177,16387000.609945659,,,0.0,0.0
2026-01-08 00:00:00,0.0,0.0,5650436.781823726,0.0,0.0,0.0,0.0,0.0,0.0,-0.321065599199,-0.321065599199,-0.220002245756,-0.220002245756,0.0,0.0,0.0,0.0,0.0,-0.000246036581,16311112.131163608,887255.0,0.0,0.0,0.0
2026-01-08 04:00:00,,,5693301.501361542,0.0,0.0,0.0,0.0,0.0,0.0,,,-0.19245500136,-0.19245500136,0.0,0.0,0.0,0.0,0.0,-0.000277918211,16356537.157867745,,,0.0,0.0
2026-01-08 08:00:00,,,5777036.667876,0.0,0.0,0.0,0.0,0.0,0.0,,,-0.19245500136,-0.19245500136,0.0,0.0,0.0,0.0,0.0,-0.000290627711,16286195.394281534,,,0.0,0.0
2026-01-08 12:00:00,,,5810661.895964077,0.0,0.0,0.0,0.0,0.0,0.0,,,-0.19245500136,-0.19245500136,0.0,0.0,0.0,0.0,0.0,-0.000283014579,16425046.676618531,,,0.0,0.0
2026-01-08 16:00:00,,,5756300.12073801,0.0,0.0,0.0,0.0,0.0,0.0,,,-0.19245500136,-0.19245500136,0.0,0.0,0.036549707602,0.0,1.0,-0.000335080969,16164904.607666533,,,0.0,0.0
2026-01-08 20:00:00,,,5813096.144374486,0.0,0.0,0.0,0.0,0.0,0.0,,,-0.19245500136,-0.19245500136,0.0,0.0,0.0,0.0,0.0,-0.00034892187,16177072.783704532,,,0.0,0.0
2026-01-09 00:00:00,0.0,0.0,5865811.920673566,0.0,0.0,0.0,0.0,0.0,0.0,-0.321065599199,-0.321065599199,-0.19245500136,-0.19245500136,0.0,0.0,0.0,0.0,0.0,-0.000228938854,16357522.865170533,887046.0,0.0,0.0,0.0
2026-01-09 04:00:00,,,5843493.4306686055,0.0,0.0,0.0,0.0,0.0,0.0,,,-0.179712287001,-0.179712287001,0.0,0.0,0.0,0.0,0.0,-0.000241018573,16348072.192991972,,,0.0,0.0
2026-01-09 08:00:00,,,5750352.266303812,0.0,0.0,0.0,0.0,0.0,0.0,,,-0.141484143925,-0.141484143925,0.0,0.0,0.0,0.0,0.0,-0.000183067479,16127998.945459997,,,0.0,0.0
2026-01-09 12:00:00,,,5726885.433292,0.0,0.0,0.0,0.0,0.0,0.0,,,-0.207492905567,-0.207492905567,0.0,0.0,0.011393303342,0.0,2.0,-0.000157680791,16070669.86968974,,,0.0,0.0
2026-01-09 16:00:00,,,5670568.104001348,0.0,0.0,0.0,0.0,0.0,0.0,,,-0.207492905567,-0.207492905567,0.0,0.0,0.0,0.0,0.0,-0.000106013636,15882646.120797036,,,0.0,0.0
2026-01-09 20:00:00,,,5712291.996204232,0.0,0.0,0.0,0.0,0.0,0.0,,,-0.189753900194,-0.189753900194,0.0,0.0,0.0,0.0,0.0,-1.576084e-06,16099185.548680693,,,0.0,0.0
2026-01-10 00:00:00,0.0,0.0,5680675.513852997,0.0,0.0,0.0,0.0,0.0,0.0,-0.320007005848,-0.320007005848,-0.118016667393,-0.118016667393,0.0,0.0,0.0,0.0,0.0,-0.00019390445,16143999.608567372,886903.0,0.0,0.0,0.0
2026-01-10 04:00:00,,,5764559.522456391,0.0,0.0,0.0,0.0,0.0,0.0,,,0.0,0.0,0.0,0.0,0.0,0.0,0.0,-0.000169504633,16303025.033498194,,,0.0,0.0
2026-01-10 08:00:00,,,5801919.074601392,0.0,0.0,0.0,0.0,0.0,0.0,,,0.0,0.0,0.0,0.0,0.0,0.0,0.0,-0.000235945944,16362662.274908243,,,0.0,0.0
2026-01-10 12:00:00,,,5814924.120493938,0.0,0.0,0.0,0.0,0.0,0.0,,,0.0,0.0,0.0,0.0,0.0,0.0,0.0,-0.000247202958,16401286.355140243,,,0.0,0.0
2026-01-10 16:00:00,,,5775673.239291514,0.0,0.0,0.0,0.0,0.0,0.0,,,0.0,0.0,0.0,0.0,0.0,0.0,0.0,-0.000109866114,16347150.075052246,,,0.0,0.0
2026-01-10 20:00:00,,,5654286.504738471,0.0,0.0,0.0,0.0,0.0,0.0,,,0.0,0.0,0.0,0.0,0.0,0.0,0.0,-0.000250208421,16126485.351966243,,,0.0,0.0
2026-01-11 00:00:00,0.0,0.0,5745728.06136812,0.0,0.0,0.0,0.0,0.0,0.0,-0.320007005848,-0.320007005848,0.0,0.0,0.0,0.0,0.0,0.0,0.0,-0.000141107208,16434281.945867306,886705.0,0.0,0.0,0.0
2026-01-11 04:00:00,,,5722325.391833162,0.0,0.0,0.0,0.0,0.0,0.0,,,0.0,0.0,0.0,0.0,0.0,0.0,0.0,-0.000126165076,16328601.565188244,,,0.0,0.0
2026-01-11 08:00:00,,,5781183.98901079,0.0,0.0,0.0,0.0,0.0,0.0,,,0.0,0.0,0.0,0.0,0.004692192192,0.0,1.0,-5.2909222e-05,16534310.255756244,,,0.0,0.0
2026-01-11 12:00:00,,,5672802.134992918,0.0,0.0,0.0,0.0,0.0,0.0,,,0.0,0.0,0.0,0.0,0.0,0.0,0.0,-0.000103274071,16329230.806723202,,,0.0,0.0
2026-01-11 16:00:00,,,5655430.791023999,0.0,0.0,0.0,0.0,0.0,0.0,,,0.0,0.0,0.0,0.0,0.0,0.0,0.0,-0.000159395107,16278697.656806683,,,0.0,0.0
2026-01-11 20:00:00,,,5630019.8872805545,0.0,0.0,0.0,0.0,0.0,0.0,,,0.0,0.0,0.0,0.0,0.0,0.0,0.0,-0.000198233725,16277497.538937677,,,0.0,0.0
2026-01-12 00:00:00,0.0,0.0,5608182.119599496,0.0,0.0,0.0,0.0,0.0,0.0,-0.259230894733,-0.259230894733,0.0,0.0,0.0,0.0,0.0,0.0,0.0,-0.000128160357,16096100.316634938,886572.0,1.0,0.0,0.0
2026-01-12 04:00:00,,,5533845.8424198255,0.0,0.0,0.0,0.0,0.0,0.0,,,0.0,0.0,0.0,0.0,0.0,0.0,0.0,-8.6953024e-05,15854010.0841307,,,0.0,0.0
2026-01-12 08:00:00,,,5582910.14147064,0.0,0.0,0.0,0.0,0.0,0.0,,,0.0,0.0,0.0,0.0,0.0,0.0,0.0,-0.000146564787,15889916.394528674,,,0.0,0.0
2026-01-12 12:00:00,,,5609141.866084319,0.757945239544,0.757945239544,0.0,0.757945239544,0.088025354954,0.088025354954,,,1.856534759027,1.856534759027,0.088025354954,0.0,0.00408496732,0.0,1.0,-0.000183073572,16013710.854015887,,,1.0,1.0
2026-01-12 16:00:00,,,5658024.698313993,0.0,0.0,0.0,0.0,-0.088025354954,-0.088025354954,,,-0.128036879933,-0.128036879933,-0.088025354954,0.0,0.0,0.0,0.0,-0.000295567669,16219167.548144458,,,0.0,0.0
2026-01-12 20:00:00,,,5635615.238089168,0.0,0.0,0.0,0.0,0.0,0.0,,,-0.128036879933,-0.128036879933,0.0,0.0,0.0,0.0,0.0,-0.000335214347,16106075.001544759,,,0.0,0.0
2026-01-13 00:00:00,0.0,0.0,5649915.793777652,0.0,0.0,0.0,0.0,0.0,0.0,-0.321117129484,-0.321117129484,-0.128036879933,-0.128036879933,0.0,0.0,0.0,0.0,0.0,-0.000318641553,16077004.401332526,886529.0,1.0,0.0,0.0
2026-01-13 04:00:00,,,5786882.603041909,0.0,0.0,0.0,0.0,0.0,0.0,,,-0.128036879933,-0.128036879933,0.0,0.0,0.0,0.0,0.0,-0.000255910286,16372070.847374847,,,0.0,0.0
2026-01-13 08:00:00,,,5872156.207847046,0.0,0.0,0.0,0.0,0.0,0.0,,,-0.128036879933,-0.128036879933,0.0,0.0,0.0,0.0,0.0,-0.000143285351,16644402.620777486,,,0.0,0.0
2026-01-13 12:00:00,,,6085668.047681646,0.0,0.0,0.0,0.0,0.0,0.0,,,-0.128036879933,-0.128036879933,0.0,0.0,0.0041750167,0.0,1.0,-4.7605424e-05,17145439.320732806,,,1.0,1.0
2026-01-13 16:00:00,,,5999980.241980346,0.0,0.0,0.0,0.0,0.0,0.0,,,-0.128036879933,-0.128036879933,0.0,0.0,0.0,0.0,0.0,-3.9776424e-05,16919908.547752213,,,0.0,0.0
2026-01-13 20:00:00,,,5848820.626947148,0.0,0.0,0.0,0.0,0.0,0.0,,,-0.128036879933,-0.128036879933,0.0,0.0,0.0,0.0,0.0,4.858402e-06,16887852.281550083,,,0.0,0.0
2026-01-14 00:00:00,0.0,0.0,11555371.11977472,0.0,0.0,0.0,0.0,0.0,0.0,3.948690259978,3.948690259978,-0.128036879933,-0.128036879933,0.0,0.0,0.004313319531,0.0,1.0,-0.001580781493,28787561.14403784,886246.0,12.0,0.0,0.0
2026-01-14 04:00:00,,,13412819.51535034,0.846284866333,0.846284866333,0.0,0.846284866333,0.048013829975,0.048013829975,,,1.2843807612,1.2843807612,0.048013829975,0.0,0.010907504363,0.0,1.0,-0.001909647523,32210681.452455904,,,1.0,1.0
2026-01-14 08:00:00,,,18709611.93946088,1.715607941151,1.715607941151,0.0,1.715607941151,0.097860970203,0.097860970203,,,2.000745422398,2.000745422398,0.097860970203,0.0,0.033783242787,0.0,4.0,-0.003396105638,44434417.6677884,,,3.0,3.0
2026-01-14 12:00:00,,,19301685.420151465,0.740805149078,0.740805149078,0.0,0.740805149078,-0.122724025185,-0.122724025185,,,1.055735556475,1.055735556475,-0.122724025185,0.0,0.030001219546,0.0,5.0,-0.003435816263,42925501.71632975,,,4.0,4.0
2026-01-14 16:00:00,,,16850482.151353262,0.830993294716,0.830993294716,0.0,0.830993294716,0.104538667624,0.104538667624,,,0.922353855509,0.922353855509,0.104538667624,0.0,0.00946969697,0.0,2.0,-0.001745276357,38502300.6761261,,,2.0,2.0
2026-01-14 20:00:00,,,17618435.72085566,0.972036004066,0.972036004066,0.0,0.972036004066,-0.086638154488,-0.086638154488,,,0.838709249687,0.838709249687,-0.086638154488,0.0,0.016732426593,0.0,4.0,-0.004324724398,40354382.0665523,,,2.0,2.0
2026-01-15 00:00:00,0.0,0.0,14662840.158625042,0.0,0.0,0.0,0.0,-0.061417283098,-0.061417283098,-0.234764723373,-0.234764723373,-0.319845909758,-0.319845909758,-0.061417283098,0.0,0.0,0.0,0.0,-0.001590632867,33532501.328823008,886067.0,2.0,0.0,0.0
2026-01-15 04:00:00,,,15067975.82351102,0.0,0.0,0.0,0.0,0.0,0.0,,,-0.307696077249,-0.307696077249,0.0,0.0,0.00392341494,0.0,1.0,-0.00138370876,34239814.89919616,,,0.0,0.0
2026-01-15 08:00:00,,,14827617.811556658,0.0,0.0,0.0,0.0,0.0,0.0,,,-0.307696077249,-0.307696077249,0.0,0.0,0.0,0.0,0.0,-0.000935119354,33256560.000327412,,,0.0,0.0
2026-01-15 12:00:00,,,14308497.07790932,0.0,0.0,0.0,0.0,0.0,0.0,,,-0.307696077249,-0.307696077249,0.0,0.0,0.005868544601,0.0,1.0,-0.000884360768,32061954.72102548,,,1.0,1.0
2026-01-15 16:00:00,,,14924269.37682884,0.806248426437,0.806248426437,0.0,0.806248426437,0.138706619927,0.138706619927,,,0.170064932208,0.170064932208,0.138706619927,0.0,0.004069010417,0.0,1.0,-0.00038638248,34554782.27049958,,,1.0,1.0
2026-01-15 20:00:00,,,13887447.132995803,0.0,0.0,0.0,0.0,-0.128036879933,-0.128036879933,,,-0.332903411825,-0.332903411825,-0.128036879933,0.0,0.0,0.0,0.0,-0.001134971047,30715403.000046365,,,0.0,0.0
2026-01-16 00:00:00,0.0,0.0,13609549.0926375,0.0,0.0,0.0,0.0,-0.010669739994,-0.010669739994,-0.081955434653,-0.081955434653,-0.332903411825,-0.332903411825,-0.010669739994,0.0,0.0,0.0,0.0,-0.00074214854,29684142.86703003,885628.0,5.0,0.0,0.0
2026-01-16 04:00:00,,,15312221.601727158,0.0,0.0,0.0,0.0,0.0,0.0,,,-0.332903411825,-0.332903411825,0.0,0.0,0.009348290598,0.0,2.0,-0.003353167889,33112347.266838998,,,2.0,2.0
2026-01-16 08:00:00,,,15657579.098210078,0.0,0.0,0.0,0.0,0.0,0.0,,,-0.332903411825,-0.332903411825,0.0,0.0,0.01079447323,0.0,1.0,-0.001797096217,33507017.8075928,,,1.0,1.0
2026-01-16 12:00:00,,,14807239.447069962,0.0,0.0,0.0,0.0,0.0,0.0,,,-0.332903411825,-0.332903411825,0.0,0.0,0.003365643511,0.0,1.0,-0.00099583846,31956663.420837097,,,1.0,1.0
2026-01-16 16:00:00,,,14456320.682661459,0.771148920059,0.771148920059,0.0,0.771148920059,0.138706619927,0.138706619927,,,0.145658254302,0.145658254302,0.138706619927,0.0,0.008012820513,0.0,1.0,-0.000809665229,31544357.4807668,,,1.0,1.0
2026-01-16 20:00:00,,,14131632.522831902,0.0,0.0,0.0,0.0,-0.128036879933,-0.128036879933,,,-0.318275092582,-0.318275092582,-0.128036879933,0.0,0.0,0.0,0.0,-0.001308126569,31463648.790413123,,,0.0,0.0
2026-01-17 00:00:00,0.0,0.0,17332916.77764218,0.0,0.0,0.0,0.0,-0.010669739994,-0.010669739994,1.556928444106,1.556928444106,-0.251697307258,-0.251697307258,-0.010669739994,0.0,0.003648569761,0.0,1.0,-0.003940525517,38923870.56992957,885471.0,9.0,1.0,1.0
2026-01-17 04:00:00,,,20605238.34495856,0.0,0.0,0.0,0.0,0.0,0.0,,,-0.242853226294,-0.242853226294,0.0,0.0,0.0,0.0,0.0,-0.005813563509,47180108.4806277,,,0.0,0.0
2026-01-17 08:00:00,,,22218449.38754604,0.0,0.0,0.0,0.0,0.0,0.0,,,-0.187829968113,-0.187829968113,0.0,0.0,0.070358639754,0.0,4.0,-0.005537293581,49857649.8942235,,,3.0,3.0
2026-01-17 12:00:00,,,23511280.13022564,2.34139508009,2.34139508009,0.0,2.34139508009,0.106697399944,0.106697399944,,,2.122223603803,2.122223603803,0.106697399944,0.0,0.05845031538,0.0,6.0,-0.007137147774,53046220.468384996,,,3.0,3.0
2026-01-17 16:00:00,,,21063653.353205178,0.78181374073,0.78181374073,0.0,0.78181374073,-0.035729660133,-0.035729660133,,,0.935559155361,0.935559155361,-0.035729660133,0.017806267806,0.075598297068,1.0,6.0,-0.002080925484,48676766.7333533,,,5.0,6.0
2026-01-17 20:00:00,,,19200476.39196416,0.0,0.0,0.0,0.0,-0.077355614959,-0.077355614959,,,-0.276959085264,-0.276959085264,-0.077355614959,0.0,0.0,0.0,0.0,-0.001428511428,44766462.43503174,,,0.0,0.0
2026-01-18 00:00:00,0.0,0.0,29671850.41788146,0.0,0.0,0.0,0.0,0.0,0.0,-0.865096702523,-0.865096702523,-0.276959085264,-0.276959085264,0.0,0.0,0.04870088991,0.0,7.0,-0.010033615286,64255486.379383385,885381.0,9.0,4.0,6.0
2026-01-18 04:00:00,,,29120286.424268562,0.7883669734,0.7883669734,0.0,0.7883669734,0.125369444934,0.125369444934,,,0.294672364923,0.294672364923,0.125369444934,0.0,0.019433278362,0.0,2.0,-0.003962908133,65480022.41505976,,,1.0,1.0
2026-01-18 08:00:00,,,25949115.6725218,-0.865284740925,-0.865284740925,0.865284740925,0.0,-0.168120638095,-0.168120638095,,,-0.857705909847,-0.857705909847,-0.168120638095,0.0,0.009322568374,0.0,2.0,-0.002554097591,58339698.54604727,,,2.0,2.0
2026-01-18 12:00:00,,,23814225.328530837,0.0,0.0,0.0,0.0,0.090692789952,0.090692789952,,,-0.217888245245,-0.217888245245,0.090692789952,0.0,0.009248522662,0.0,2.0,-0.002008954897,53884066.357687496,,,2.0,2.0
2026-01-18 16:00:00,,,23345180.07510216,-0.731053948402,-0.731053948402,0.731053948402,0.0,0.0,0.0,,,-0.217888245245,-0.217888245245,0.0,0.0,0.024003659344,0.0,3.0,-0.001629548563,53051542.38126759,,,1.0,1.0
2026-01-18 20:00:00,,,22232403.7652825,0.0,0.0,0.0,0.0,0.0,0.0,,,-0.217888245245,-0.217888245245,0.0,0.0,0.0,0.0,0.0,-0.003032113724,50568261.3580503,,,0.0,0.0
2026-01-19 00:00:00,0.0,0.0,25158370.36746986,0.0,0.0,0.0,0.0,0.0,0.0,0.186670837288,0.186670837288,-0.217888245245,-0.217888245245,0.0,0.0,0.0,0.0,0.0,-0.006999722693,56459278.2603124,885138.0,5.0,0.0,0.0
2026-01-19 04:00:00,,,25050477.37130488,0.0,0.0,0.0,0.0,0.0,0.0,,,-0.217888245245,-0.217888245245,0.0,0.0,0.0,0.0,0.0,-0.009907367635,55891209.555760406,,,0.0,0.0
2026-01-19 08:00:00,,,25261197.56177462,0.0,0.0,0.0,0.0,0.0,0.0,,,-0.187848983541,-0.187848983541,0.0,0.0,0.003322700691,0.0,1.0,-0.007071724909,56014043.616244696,,,1.0,1.0
2026-01-19 12:00:00,,,26709651.141270243,0.794164061546,0.794164061546,0.72251200676,1.516676068306,0.012908424218,0.012908424218,,,0.421881062013,0.421881062013,0.012908424218,0.0,0.027228452634,0.0,3.0,-0.005909672734,58862767.07058899,,,3.0,3.0
2026-01-19 16:00:00,,,26892365.77154156,0.850446641445,0.850446641445,0.0,0.850446641445,-0.064393436848,-0.064393436848,,,0.339600638006,0.339600638006,-0.064393436848,0.0,0.003623188406,0.0,1.0,-0.006881777946,59837895.07068659,,,1.0,1.0
2026-01-19 20:00:00,,,26741366.56061688,0.0,0.0,0.0,0.0,-0.045346394976,-0.045346394976,,,-0.254297532328,-0.254297532328,-0.045346394976,0.0,0.0,0.0,0.0,-0.005174476133,61500201.1044112,,,0.0,0.0
2026-01-20 00:00:00,0.0,0.0,29462421.121875197,0.0,0.0,0.0,0.0,0.0,0.0,0.723757947991,0.723757947991,-0.244847380464,-0.244847380464,0.0,0.0,0.009021624664,0.0,2.0,-0.003980641781,66966475.566075206,884920.0,10.0,1.0,1.0
2026-01-20 04:00:00,,,28866066.726715125,-0.75870257616,-0.75870257616,0.75870257616,0.0,-0.128036879933,-0.128036879933,,,-0.946125353733,-0.946125353733,-0.128036879933,0.0,0.017823578975,0.0,2.0,-0.002597691409,65080242.22788012,,,2.0,2.0
2026-01-20 08:00:00,,,27655730.408459343,1.490586042404,1.490586042404,0.0,1.490586042404,0.208004138658,0.208004138658,,,1.554403406655,1.554403406655,0.208004138658,0.0,0.017674415588,0.0,4.0,-0.003063135632,62725166.893455304,,,4.0,4.0
2026-01-20 12:00:00,,,25616765.39703268,0.903494775295,0.903494775295,0.0,0.903494775295,-0.07765757785,-0.07765757785,,,0.721478004872,0.721478004872,-0.07765757785,0.0,0.010482196879,0.0,2.0,-0.001482776569,58770688.43710858,,,2.0,2.0
2026-01-20 16:00:00,,,21657767.960022457,0.0,0.0,0.0,0.0,-0.050681264973,-0.050681264973,,,-0.18140356037,-0.18140356037,-0.050681264973,0.0,0.011510128913,0.0,1.0,-0.001003893633,51679407.54565675,,,1.0,1.0
2026-01-20 20:00:00,,,22645441.88803222,0.0,0.0,0.0,0.0,0.0,0.0,,,-0.181614704217,-0.181614704217,0.0,0.0,0.012860082305,0.0,1.0,-0.004559492166,53514317.295842,,,0.0,0.0
2026-01-21 00:00:00,0.0,0.0,24941126.968536783,0.0,0.0,0.0,0.0,0.0,0.0,-0.576624055406,-0.576624055406,-0.199296518746,-0.199296518746,0.0,0.0,0.0,0.0,0.0,-0.003931638574,57643705.5326051,884790.0,3.0,0.0,0.0
2026-01-21 04:00:00,,,23633008.50144156,-0.831315100193,-0.831315100193,0.831315100193,0.0,0.0,0.0,,,-0.199296518746,-0.199296518746,0.0,0.0,0.013303018576,0.0,2.0,-0.00268239519,53911770.8295032,,,1.0,1.0
2026-01-21 08:00:00,,,23424952.04507558,0.799287796021,0.799287796021,0.0,0.799287796021,0.0,0.0,,,-0.199296518746,-0.199296518746,0.0,0.0,0.006275100402,0.0,1.0,-0.003509985506,54018046.3914989,,,0.0,0.0
2026-01-21 12:00:00,,,22951581.03375934,0.0,0.0,0.0,0.0,0.0,0.0,,,-0.199296518746,-0.199296518746,0.0,0.0,0.023815228851,0.0,4.0,-0.002593815065,53678337.41347465,,,2.0,2.0
2026-01-21 16:00:00,,,22826659.776420675,0.0,0.0,0.0,0.0,0.0,0.0,,,-0.199296518746,-0.199296518746,0.0,0.0,0.0,0.0,0.0,-0.002198642178,52894209.65394818,,,0.0,0.0
2026-01-21 20:00:00,,,22051548.18312372,-0.880042433739,-0.880042433739,0.880042433739,0.0,0.0,0.0,,,-0.199296518746,-0.199296518746,0.0,0.0,0.0058356676,0.0,1.0,-0.001719291164,51578855.40744233,,,0.0,0.0
2026-01-22 00:00:00,0.0,0.0,22377511.89950874,0.0,0.0,0.0,0.0,0.0,0.0,-0.595847414878,-0.595847414878,-0.183977378437,-0.183977378437,0.0,0.0,0.0,0.0,0.0,-0.001431354072,51252091.27560755,884702.0,3.0,0.0,0.0
2026-01-22 04:00:00,,,21267846.94835524,0.0,0.0,0.0,0.0,0.0,0.0,,,-0.151572807424,-0.151572807424,0.0,0.0,0.0,0.0,0.0,-0.00093529632,48666948.34078633,,,0.0,0.0
2026-01-22 08:00:00,,,20381457.45084368,0.738846361637,0.738846361637,0.0,0.738846361637,0.0,0.0,,,0.241579047123,0.241579047123,0.0,0.0,0.013401559454,0.0,2.0,-0.000811811542,46584078.054604135,,,1.0,1.0
2026-01-22 12:00:00,,,19495397.72957618,-1.771920144558,-1.771920144558,1.771920144558,0.0,-0.101362529947,-0.101362529947,,,-0.615017482367,-0.615017482367,-0.101362529947,0.00232255667,0.020913714714,1.0,4.0,-0.000628607164,44106977.957555115,,,2.0,2.0
2026-01-22 16:00:00,,,19544054.3504729,0.0,0.0,0.0,0.0,0.101362529947,0.101362529947,,,-0.139886733683,-0.139886733683,0.101362529947,0.0,0.0,0.0,0.0,-0.00087009216,43530691.4303409,,,0.0,0.0
2026-01-22 20:00:00,,,20503874.29106316,0.0,0.0,0.0,0.0,0.0,0.0,,,-0.130347778763,-0.130347778763,0.0,0.0,0.0,0.0,0.0,-0.00146693189,46103044.08403454,,,0.0,0.0
2026-01-23 00:00:00,0.0,0.0,19406829.80857694,0.0,0.0,0.0,0.0,0.0,0.0,0.270909849098,0.270909849098,-0.011997887099,-0.011997887099,0.0,0.0,0.0,0.0,0.0,-0.000616508597,42986871.69167023,884553.0,4.0,0.0,0.0
2026-01-23 04:00:00,,,18451763.52442126,1.704649031162,1.704649031162,0.0,1.704649031162,0.135398456617,0.135398456617,,,2.029847983962,2.029847983962,0.135398456617,0.0,0.020035534064,0.0,3.0,-0.000301480309,41622652.715229146,,,3.0,3.0
2026-01-23 08:00:00,,,18262032.702671017,0.750334620476,0.750334620476,0.0,0.750334620476,0.014839921501,0.014839921501,,,0.673173546574,0.673173546574,0.014839921501,0.0,0.0041750167,0.0,1.0,-0.000228800555,41328322.763822556,,,1.0,1.0
2026-01-23 12:00:00,,,18042312.067606278,0.0,0.0,0.0,0.0,-0.128036879933,-0.128036879933,,,-0.161426881456,-0.161426881456,-0.128036879933,0.0,0.0,0.0,0.0,-0.000519915607,41361272.26194868,,,0.0,0.0
2026-01-23 16:00:00,,,18052826.37379636,0.0,0.0,0.0,0.0,-0.013337174993,-0.013337174993,,,-0.161426881456,-0.161426881456,-0.013337174993,0.0,0.0,0.0,0.0,-0.000356692531,41581662.37945112,,,0.0,0.0
2026-01-23 20:00:00,,,17877642.30537658,0.0,0.0,0.0,0.0,0.0,0.0,,,-0.161426881456,-0.161426881456,0.0,0.0,0.0,0.0,0.0,-0.000367633569,41459060.50997779,,,0.0,0.0
2026-01-24 00:00:00,0.0,0.0,17433709.50838976,0.0,0.0,0.0,0.0,0.0,0.0,0.254794320196,0.254794320196,-0.161426881456,-0.161426881456,0.0,0.0,0.0,0.0,0.0,-0.000174114975,39860386.766783744,884536.0,5.0,0.0,0.0
2026-01-24 04:00:00,,,17554741.97772972,0.829450488091,0.829450488091,0.0,0.829450488091,0.090692789952,0.090692789952,,,0.622565374974,0.622565374974,0.090692789952,0.0,0.009794724644,0.0,2.0,-0.000159479196,40073511.58671359,,,2.0,2.0
2026-01-24 08:00:00,,,17294775.2837343,0.0,0.0,0.0,0.0,-0.090692789952,-0.090692789952,,,-0.201530258272,-0.201530258272,-0.090692789952,0.0,0.008383635144,0.0,2.0,-0.000357843956,39571979.61301965,,,2.0,2.0
2026-01-24 12:00:00,,,17124268.181180798,0.710458338261,0.710458338261,0.0,0.710458338261,0.157378664918,0.157378664918,,,0.452342671619,0.452342671619,0.157378664918,0.0,0.004225828262,0.0,1.0,-0.000223178183,38813861.606506445,,,1.0,1.0
2026-01-24 16:00:00,,,17083896.3121353,0.0,0.0,0.0,0.0,-0.128036879933,-0.128036879933,,,-0.234810659544,-0.234810659544,-0.128036879933,0.0,0.0,0.0,0.0,-0.000338441736,38889051.5412335,,,0.0,0.0
2026-01-24 20:00:00,,,16783328.934981,0.0,0.0,0.0,0.0,-0.029341784985,-0.029341784985,,,-0.226280844802,-0.226280844802,-0.029341784985,0.0,0.0,0.0,0.0,-0.000340738288,38098564.41535134,,,0.0,0.0
2026-01-25 00:00:00,0.0,0.0,16842898.817260183,0.0,0.0,0.0,0.0,0.0,0.0,-0.256162690646,-0.256162690646,-0.224286871524,-0.224286871524,0.0,0.0,0.0,0.0,0.0,-7.0429585e-05,37701237.37193741,884248.0,2.0,0.0,0.0
2026-01-25 04:00:00,,,16562093.087574739,0.0,0.0,0.0,0.0,0.0,0.0,,,-0.29507328437,-0.29507328437,0.0,0.0,0.0,0.0,0.0,-4.8312081e-05,37115797.534105346,,,0.0,0.0
2026-01-25 08:00:00,,,16651148.693686161,0.0,0.0,0.0,0.0,0.0,0.0,,,-0.29507328437,-0.29507328437,0.0,0.0,0.0,0.0,0.0,-0.000235354523,37260467.01745491,,,0.0,0.0
2026-01-25 12:00:00,,,16814424.25657066,0.70738697052,0.70738697052,0.0,0.70738697052,0.0,0.0,,,-0.29507328437,-0.29507328437,0.0,0.0,0.020442520443,0.0,2.0,-0.000172115945,38246382.076396406,,,1.0,1.0
2026-01-25 16:00:00,,,16032700.190363621,0.0,0.0,0.0,0.0,0.0,0.0,,,-0.261167188805,-0.261167188805,0.0,0.0,0.004833720031,0.0,1.0,-0.000501241293,36691279.05938319,,,1.0,1.0
2026-01-25 20:00:00,,,15262890.63531458,0.0,0.0,0.0,0.0,0.0,0.0,,,-0.225061486774,-0.225061486774,0.0,0.0,0.0,0.0,0.0,-0.000264924325,35531966.94134967,,,0.0,0.0
2026-01-26 00:00:00,0.0,0.0,14852136.73953488,0.0,0.0,0.0,0.0,0.0,0.0,-0.400032136981,-0.400032136981,-0.182038514886,-0.182038514886,0.0,0.0,0.0,0.0,0.0,-0.000106003343,34929518.03764637,884137.0,0.0,0.0,0.0
2026-01-26 04:00:00,,,15038677.60919798,0.0,0.0,0.0,0.0,0.0,0.0,,,-0.182038514886,-0.182038514886,0.0,0.0,0.0,0.0,0.0,-8.5921771e-05,35706261.69306687,,,0.0,0.0
2026-01-26 08:00:00,,,14952664.13976926,0.0,0.0,0.0,0.0,0.0,0.0,,,-0.182038514886,-0.182038514886,0.0,0.0,0.0,0.0,0.0,-0.000160108228,35609278.52314024,,,0.0,0.0
2026-01-26 12:00:00,,,15193253.88527278,0.0,0.0,0.0,0.0,0.0,0.0,,,-0.182038514886,-0.182038514886,0.0,0.0,0.0,0.0,0.0,-0.000384764511,36607673.84988237,,,0.0,0.0
2026-01-26 16:00:00,,,15155600.281483581,0.0,0.0,0.0,0.0,0.0,0.0,,,-0.155037697409,-0.155037697409,0.0,0.0,0.0,0.0,0.0,-0.000376500511,36273467.34104765,,,0.0,0.0
2026-01-26 20:00:00,,,15248400.501664901,0.0,0.0,0.0,0.0,0.0,0.0,,,-0.128036879933,-0.128036879933,0.0,0.0,0.0,0.0,0.0,-0.000309662201,36295226.30367949,,,0.0,0.0
2026-01-27 00:00:00,0.0,0.0,14800237.918788921,0.0,0.0,0.0,0.0,0.0,0.0,-0.398168990738,-0.398168990738,-0.128036879933,-0.128036879933,0.0,0.0,0.0,0.0,0.0,-0.000113097668,34831502.46800924,883963.0,0.0,0.0,0.0
2026-01-27 04:00:00,,,14815220.052419221,0.0,0.0,0.0,0.0,0.0,0.0,,,0.0,0.0,0.0,0.0,0.0,0.0,0.0,-0.000188157438,34807735.55096594,,,0.0,0.0
2026-01-27 08:00:00,,,14614479.018579442,0.0,0.0,0.0,0.0,0.0,0.0,,,0.0,0.0,0.0,0.0,0.0,0.0,0.0,-0.000114918387,34457113.31129464,,,0.0,0.0
2026-01-27 12:00:00,,,14204542.799705278,0.795923113823,0.795923113823,0.0,0.795923113823,0.0,0.0,,,0.0,0.0,0.0,0.0,0.007802746567,0.0,1.0,-0.000147165614,33643377.97184335,,,0.0,0.0
2026-01-27 16:00:00,,,14406970.6140396,0.0,0.0,0.0,0.0,0.0,0.0,,,0.0,0.0,0.0,0.0,0.0,0.0,0.0,-0.000258295107,33930108.74411169,,,0.0,0.0
2026-01-27 20:00:00,,,14615507.61175954,0.0,0.0,0.0,0.0,0.0,0.0,,,0.0,0.0,0.0,0.0,0.0,0.0,0.0,-0.00024105792,34459966.491069645,,,0.0,0.0
2026-01-28 00:00:00,0.0,0.0,14209639.706853341,0.0,0.0,0.0,0.0,0.0,0.0,-0.398168990738,-0.398168990738,0.0,0.0,0.0,0.0,0.002759381898,0.0,1.0,-0.000322939906,34145467.47485189,883833.0,0.0,0.0,0.0
2026-01-28 04:00:00,,,13696218.719341299,0.0,0.0,0.0,0.0,0.0,0.0,,,0.0,0.0,0.0,0.0,0.0,0.0,0.0,-0.000296439197,33077226.34230057,,,0.0,0.0
2026-01-28 08:00:00,,,13712346.399619019,0.0,0.0,0.0,0.0,0.0,0.0,,,0.0,0.0,0.0,0.0,0.0,0.0,0.0,-0.000324926178,33059001.38016947,,,0.0,0.0
2026-01-28 12:00:00,,,13544767.40190936,0.0,0.0,0.0,0.0,0.0,0.0,,,0.0,0.0,0.0,0.0,0.0,0.0,0.0,-0.000414486204,32192922.211346705,,,0.0,0.0
2026-01-28 16:00:00,,,13659115.98775264,0.0,0.0,0.0,0.0,0.0,0.0,,,0.0,0.0,0.0,0.0,0.0,0.0,0.0,-0.000273768564,32235493.034151185,,,0.0,0.0
2026-01-28 20:00:00,,,13560047.12975274,0.0,0.0,0.0,0.0,0.0,0.0,,,0.0,0.0,0.0,0.0,0.0,0.0,0.0,-0.00053634423,31677977.709573165,,,0.0,0.0
2026-01-29 00:00:00,0.0,0.0,13153441.25301706,0.0,0.0,0.0,0.0,0.0,0.0,-0.394982440957,-0.394982440957,0.0,0.0,0.0,0.0,0.0,0.0,0.0,-0.000202568279,30569347.135414686,883738.0,1.0,0.0,0.0
2026-01-29 04:00:00,,,13002289.7199585,0.0,0.0,0.0,0.0,0.0,0.0,,,0.0,0.0,0.0,0.0,0.0,0.0,0.0,-0.000313859494,30224396.328452684,,,0.0,0.0
2026-01-29 08:00:00,,,12825005.196307601,0.0,0.0,0.0,0.0,0.0,0.0,,,0.0,0.0,0.0,0.0,0.009034863946,0.0,3.0,-0.000152656687,29831486.88070882,,,1.0,1.0
2026-01-29 12:00:00,,,12419564.988691298,0.0,0.0,0.0,0.0,0.0,0.0,,,0.0,0.0,0.0,0.0,0.0,0.0,0.0,-0.000206744042,29167995.86389155,,,0.0,0.0
2026-01-29 16:00:00,,,12474342.51839018,0.0,0.0,0.0,0.0,0.0,0.0,,,0.0,0.0,0.0,0.0,0.0,0.0,0.0,-0.00020605588,29108708.066120185,,,0.0,0.0
2026-01-29 20:00:00,,,12531139.57560962,0.0,0.0,0.0,0.0,0.0,0.0,,,0.0,0.0,0.0,0.0,0.0,0.0,0.0,-0.000156414609,29228859.252258874,,,0.0,0.0
2026-01-30 00:00:00,0.0,0.0,13222274.639600359,0.0,0.0,0.0,0.0,0.0,0.0,-0.394982440957,-0.394982440957,0.0,0.0,0.0,0.0,0.0,0.0,0.0,-0.001274815579,30597095.01546005,883605.0,0.0,0.0,0.0
2026-01-30 04:00:00,,,15718415.808480497,0.0,0.0,0.0,0.0,0.0,0.0,,,0.0,0.0,0.0,0.0,0.0,0.0,0.0,-0.002345857763,36746661.14582832,,,0.0,0.0
2026-01-30 08:00:00,,,16021338.46993652,0.0,0.0,0.0,0.0,0.0,0.0,,,0.0,0.0,0.0,0.0,0.0,0.0,0.0,-0.001219397197,37252290.26551798,,,0.0,0.0
2026-01-30 12:00:00,,,15370835.579342443,0.0,0.0,0.0,0.0,0.0,0.0,,,0.0,0.0,0.0,0.0,0.0,0.0,0.0,-0.000519013506,35515417.809853844,,,0.0,0.0
2026-01-30 16:00:00,,,15153413.286602538,0.0,0.0,0.0,0.0,0.0,0.0,,,0.0,0.0,0.0,0.0,0.0,0.0,0.0,-0.000467227971,34673682.75097634,,,0.0,0.0
2026-01-30 20:00:00,,,14983308.2613722,0.0,0.0,0.0,0.0,0.0,0.0,,,0.0,0.0,0.0,0.0,0.0,0.0,0.0,-0.000733949695,34411363.92850404,,,0.0,0.0
2026-01-31 00:00:00,0.0,0.0,14223000.019106,0.0,0.0,0.0,0.0,0.0,0.0,-0.394982440957,-0.394982440957,0.0,0.0,0.0,0.0,0.0,0.0,0.0,-0.000201948206,32266209.782798477,883483.0,0.0,0.0,0.0
2026-01-31 04:00:00,,,13988702.695750218,0.0,0.0,0.0,0.0,0.0,0.0,,,0.0,0.0,0.0,0.0,0.0,0.0,0.0,-0.000267631589,31574274.80223789,,,0.0,0.0
2026-01-31 08:00:00,,,13989318.13376142,0.0,0.0,0.0,0.0,0.0,0.0,,,0.0,0.0,0.0,0.0,0.0,0.0,0.0,-0.000520022821,30863989.341354884,,,0.0,0.0
2026-01-31 12:00:00,,,13323177.55991682,0.0,0.0,0.0,0.0,0.0,0.0,,,0.0,0.0,0.0,0.0,0.0,0.0,0.0,-0.000327611468,29475324.070986167,,,0.0,0.0
2026-01-31 16:00:00,,,13103830.062437039,0.0,0.0,0.0,0.0,0.0,0.0,,,0.0,0.0,0.0,0.0,0.0,0.0,0.0,-0.000429171804,28416718.546995584,,,0.0,0.0
2026-01-31 20:00:00,,,13294749.385454321,0.0,0.0,0.0,0.0,0.0,0.0,,,0.0,0.0,0.0,0.0,0.0,0.0,0.0,-0.000464677785,28798283.929940548,,,0.0,0.0
2026-02-01 00:00:00,0.0,0.0,13097097.306213122,-0.951412320137,-0.951412320137,0.951412320137,0.0,0.0,0.0,-0.41591714009,-0.41591714009,0.0,0.0,0.0,0.0,0.0070861678,0.0,1.0,-0.000107798358,28452008.024958592,883336.0,1.0,0.0,0.0
2026-02-01 04:00:00,,,13057697.087098937,0.0,0.0,0.0,0.0,0.0,0.0,,,0.0,0.0,0.0,0.0,0.0,0.0,0.0,-0.00013380645,28484050.231762134,,,0.0,0.0
2026-02-01 08:00:00,,,12846800.698167961,0.718111455441,0.718111455441,0.0,0.718111455441,0.088025354954,0.088025354954,,,1.856534759027,1.856534759027,0.088025354954,0.0,0.004053177691,0.0,1.0,-0.000223231663,27658987.524226416,,,1.0,1.0
2026-02-01 12:00:00,,,12667993.42109638,0.0,0.0,0.0,0.0,-0.088025354954,-0.088025354954,,,-0.128036879933,-0.128036879933,-0.088025354954,0.0,0.003420908593,0.0,1.0,-0.000163916723,27073312.751350127,,,0.0,0.0
2026-02-01 16:00:00,,,12447904.96631908,0.0,0.0,0.0,0.0,0.0,0.0,,,-0.128036879933,-0.128036879933,0.0,0.0,0.0,0.0,0.0,-0.000212034272,26777248.356144533,,,0.0,0.0
2026-02-01 20:00:00,,,12471044.294475421,0.0,0.0,0.0,0.0,0.0,0.0,,,-0.128036879933,-0.128036879933,0.0,0.0,0.0,0.0,0.0,-0.000163160223,26848789.934874833,,,0.0,0.0
2026-02-02 00:00:00,0.0,0.0,12572501.183595179,0.0,0.0,0.0,0.0,0.0,0.0,-0.381166899667,-0.381166899667,-0.128036879933,-0.128036879933,0.0,0.0,0.012291052114,0.0,2.0,-0.000127482952,27496177.81710085,883206.0,3.0,0.0,0.0
2026-02-02 04:00:00,,,12860517.589252282,-0.714825987816,-0.714825987816,0.714825987816,0.0,-0.149376359922,-0.149376359922,,,-1.815155487768,-1.815155487768,-0.149376359922,0.0,0.013684475708,0.0,4.0,-3.3430747e-05,27716179.224295385,,,2.0,2.0
2026-02-02 08:00:00,,,12982989.865506802,0.748195290565,0.748195290565,0.0,0.748195290565,0.128036879933,0.128036879933,,,0.056567319392,0.056567319392,0.128036879933,0.0,0.01883370112,0.0,3.0,2.8038668e-05,27660015.202921417,,,1.0,1.0
2026-02-02 12:00:00,,,13453988.980546001,0.0,0.0,0.0,0.0,0.021339479989,0.021339479989,,,0.056567319392,0.056567319392,0.021339479989,0.0,0.004778287462,0.0,1.0,-0.000150128782,28124219.93509229,,,0.0,0.0
2026-02-02 16:00:00,,,13328324.906489259,0.0,0.0,0.0,0.0,0.0,0.0,,,0.056567319392,0.056567319392,0.0,0.0,0.0,0.0,0.0,-0.000106483625,27735049.291966587,,,0.0,0.0
2026-02-02 20:00:00,,,13426092.35522908,0.0,0.0,0.0,0.0,0.0,0.0,,,0.056567319392,0.056567319392,0.0,0.0,0.0,0.0,0.0,-0.000104711915,27760029.459204208,,,0.0,0.0
2026-02-03 00:00:00,0.0,0.0,12787087.670206781,0.0,0.0,0.0,0.0,0.0,0.0,-0.388058337584,-0.388058337584,0.056567319392,0.056567319392,0.0,0.0,0.0,0.0,0.0,-2.07838e-05,26688644.453899957,883121.0,0.0,0.0,0.0
2026-02-03 04:00:00,,,12606953.978584621,0.808441698551,0.808441698551,0.0,0.808441698551,0.0,0.0,,,0.056567319392,0.056567319392,0.0,0.0,0.007014590348,0.0,1.0,-0.000125356108,26274763.46315781,,,0.0,0.0
2026-02-03 08:00:00,,,12390436.77542542,0.0,0.0,0.0,0.0,0.0,0.0,,,0.056567319392,0.056567319392,0.0,0.0,0.003706998814,0.0,1.0,-0.000112281615,25961399.03516262,,,0.0,0.0
2026-02-03 12:00:00,,,12483782.51213586,0.0,0.0,0.0,0.0,0.0,0.0,,,0.056567319392,0.056567319392,0.0,0.0,0.0,0.0,0.0,-0.000156480555,26387993.64773047,,,0.0,0.0
2026-02-03 16:00:00,,,12372476.91363922,0.0,0.0,0.0,0.0,0.0,0.0,,,0.056567319392,0.056567319392,0.0,0.0,0.0,0.0,0.0,-5.9424736e-05,26411905.75717651,,,0.0,0.0
2026-02-03 20:00:00,,,12000437.394480582,0.0,0.0,0.0,0.0,0.0,0.0,,,0.092302099662,0.092302099662,0.0,0.0,0.0,0.0,0.0,-1.8722045e-05,25634881.935785364,,,0.0,0.0
2026-02-04 00:00:00,0.0,0.0,12502356.903504139,0.0,0.0,0.0,0.0,0.0,0.0,-0.388058337584,-0.388058337584,0.128036879933,0.128036879933,0.0,0.0,0.003014954173,0.0,1.0,1.4205504e-05,26280281.509415623,882977.0,0.0,0.0,0.0
2026-02-04 04:00:00,,,12333862.860447919,0.0,0.0,0.0,0.0,0.0,0.0,,,0.128036879933,0.128036879933,0.0,0.0,0.0,0.0,0.0,2.1571209e-05,25421193.754642505,,,0.0,0.0
2026-02-04 08:00:00,,,12410265.41008614,0.0,0.0,0.0,0.0,0.0,0.0,,,0.128036879933,0.128036879933,0.0,0.0,0.0,0.0,0.0,-1.9340937e-05,25273214.04306128,,,0.0,0.0
2026-02-04 12:00:00,,,12309911.47251194,-0.823534846306,-0.823534846306,0.823534846306,0.0,0.0,0.0,,,0.128036879933,0.128036879933,0.0,0.0,0.012520972629,0.0,2.0,-3.9960629e-05,24922194.468513064,,,0.0,0.0
2026-02-04 16:00:00,,,12877842.718303401,0.0,0.0,0.0,0.0,0.0,0.0,,,0.128036879933,0.128036879933,0.0,0.0,0.0,0.0,0.0,-1.3232e-06,25831464.6522072,,,0.0,0.0
2026-02-04 20:00:00,,,13433643.26362792,0.0,0.0,0.0,0.0,0.0,0.0,,,0.0,0.0,0.0,0.0,0.0,0.0,0.0,1.475513e-06,26356911.656502284,,,0.0,0.0
2026-02-05 00:00:00,0.0,0.0,12987713.23852236,0.0,0.0,0.0,0.0,0.0,0.0,-0.38507866139,-0.38507866139,0.0,0.0,0.0,0.0,0.0,0.0,0.0,-2.2979374e-05,25706950.840293866,882787.0,0.0,0.0,0.0
2026-02-05 04:00:00,,,12915876.32573158,0.0,0.0,0.0,0.0,0.0,0.0,,,0.0,0.0,0.0,0.0,0.0,0.0,0.0,-2.4789046e-05,25510033.397937883,,,0.0,0.0
2026-02-05 08:00:00,,,12812243.775850559,0.0,0.0,0.0,0.0,0.0,0.0,,,0.0,0.0,0.0,0.0,0.008311170213,0.0,3.0,-0.000152045355,25378632.84922699,,,0.0,0.0
2026-02-05 12:00:00,,,12953360.8848935,0.0,0.0,0.0,0.0,0.0,0.0,,,0.0,0.0,0.0,0.0,0.0,0.0,0.0,-2.2662287e-05,25470194.294611387,,,0.0,0.0
2026-02-05 16:00:00,,,13408195.735488739,0.0,0.0,0.0,0.0,0.0,0.0,,,0.0,0.0,0.0,0.0,0.0,0.0,0.0,-0.000151861855,25318119.812835466,,,0.0,0.0
2026-02-05 20:00:00,,,13054021.952418381,0.0,0.0,0.0,0.0,0.0,0.0,,,0.0,0.0,0.0,0.0,0.0,0.0,0.0,-4.4051982e-05,24119369.735698592,,,0.0,0.0
2026-02-06 00:00:00,0.0,0.0,13155730.496005502,0.0,0.0,0.0,0.0,0.0,0.0,-0.38507866139,-0.38507866139,0.0,0.0,0.0,0.0,0.0,0.0,0.0,6.462088e-06,24497417.175860517,882570.0,2.0,0.0,0.0
2026-02-06 04:00:00,,,14125284.189398598,0.0,0.0,0.0,0.0,0.0,0.0,,,0.0,0.0,0.0,0.0,0.0,0.0,0.0,-2.0413063e-05,26171999.699264776,,,0.0,0.0
2026-02-06 08:00:00,,,14136324.069984082,0.0,0.0,0.0,0.0,0.0,0.0,,,0.0,0.0,0.0,0.0,0.0,0.0,0.0,-7.9651641e-05,26999204.826140657,,,0.0,0.0
2026-02-06 12:00:00,,,14463351.9929972,0.0,0.0,0.0,0.0,0.0,0.0,,,0.0,0.0,0.0,0.0,0.0,0.0,0.0,-3.1171899e-05,27939268.30175844,,,0.0,0.0
2026-02-06 16:00:00,,,18299377.79586454,0.0,0.0,0.0,0.0,0.0,0.0,,,0.0,0.0,0.0,0.0,0.003151790217,0.0,1.0,-0.004523842141,38082111.23602389,,,1.0,1.0
2026-02-06 20:00:00,,,18649032.085693337,0.0,0.0,0.0,0.0,0.0,0.0,,,0.0,0.0,0.0,0.0,0.012553810076,0.0,3.0,-0.005267292961,41708678.751548104,,,2.0,3.0
2026-02-07 00:00:00,0.0,0.0,18109253.24163746,0.0,0.0,0.0,0.0,0.0,0.0,-0.386670212718,-0.386670212718,0.0,0.0,0.0,0.0,0.008716913864,0.0,2.0,-0.000770365641,38236694.40929694,882555.0,2.0,2.0,2.0
2026-02-07 04:00:00,,,18375390.76831678,0.0,0.0,0.0,0.0,0.0,0.0,,,0.0,0.0,0.0,0.0,0.011156576769,0.0,3.0,-0.004470223494,40211370.11526949,,,2.0,2.0
2026-02-07 08:00:00,,,19072209.807705577,0.0,0.0,0.0,0.0,0.0,0.0,,,0.0,0.0,0.0,0.0,0.011691184908,0.0,3.0,-0.002851940133,41468266.80958712,,,3.0,3.0
2026-02-07 12:00:00,,,19284650.71585638,0.0,0.0,0.0,0.0,0.0,0.0,,,0.0,0.0,0.0,0.0,0.008250144378,0.0,2.0,-0.001508336364,41690382.91572696,,,2.0,2.0
2026-02-07 16:00:00,,,19390319.36716524,0.0,0.0,0.0,0.0,0.0,0.0,,,0.0,0.0,0.0,0.0,0.017823452689,0.0,4.0,-0.00167919788,40933870.654624745,,,1.0,1.0
2026-02-07 20:00:00,,,19013652.3592978,0.0,0.0,0.0,0.0,0.0,0.0,,,0.0,0.0,0.0,0.0,0.0,0.0,0.0,-0.001458552851,39883540.20893319,,,0.0,0.0
2026-02-08 00:00:00,0.0,0.0,18682168.22137008,0.0,0.0,0.0,0.0,0.0,0.0,-0.230258920951,-0.230258920951,0.0,0.0,0.0,0.0,0.012183235867,0.0,1.0,-0.001172936142,38771261.176267266,882492.0,2.0,1.0,1.0
2026-02-08 04:00:00,,,18215252.7234473,0.0,0.0,0.0,0.0,0.0,0.0,,,0.0,0.0,0.0,0.0,0.0,0.0,0.0,-0.000486446565,37757810.45838346,,,0.0,0.0
2026-02-08 08:00:00,,,18424573.127392918,0.753948748112,0.753948748112,0.0,0.753948748112,0.11469970494,0.11469970494,,,1.88854397901,1.88854397901,0.11469970494,0.0,0.00306372549,0.0,1.0,-0.000791290816,38225356.28233588,,,1.0,1.0
2026-02-08 12:00:00,,,17949363.999260437,0.0,0.0,0.0,0.0,-0.11469970494,-0.11469970494,,,-0.128036879933,-0.128036879933,-0.11469970494,0.0,0.0,0.0,0.0,-0.001030910858,37386950.07369585,,,0.0,0.0
2026-02-08 16:00:00,,,18681894.970860064,0.0,0.0,0.0,0.0,0.0,0.0,,,-0.128036879933,-0.128036879933,0.0,0.0,0.003090999011,0.0,1.0,-0.008760033048,40069701.7279372,,,0.0,0.0
2026-02-08 20:00:00,,,19191572.028098397,0.0,0.0,0.0,0.0,0.0,0.0,,,-0.128036879933,-0.128036879933,0.0,0.0,0.0,0.0,0.0,-0.00536420039,40535161.3200198,,,0.0,0.0
2026-02-09 00:00:00,0.0,0.0,19320971.40860484,0.0,0.0,0.0,0.0,0.0,0.0,-0.388200121794,-0.388200121794,-0.128036879933,-0.128036879933,0.0,0.0,0.0,0.0,0.0,-0.001301734531,40219944.04104817,882432.0,0.0,0.0,0.0
2026-02-09 04:00:00,,,18909181.15440632,0.0,0.0,0.0,0.0,0.0,0.0,,,-0.128036879933,-0.128036879933,0.0,0.0,0.016937669377,0.0,2.0,-0.001628193408,39281524.5352122,,,0.0,0.0
2026-02-09 08:00:00,,,17790333.650618322,0.0,0.0,0.0,0.0,0.0,0.0,,,-0.128036879933,-0.128036879933,0.0,0.0,0.0,0.0,0.0,-0.000857408108,37906573.42326686,,,0.0,0.0
2026-02-09 12:00:00,,,20865770.018271618,0.0,0.0,0.0,0.0,0.0,0.0,,,-0.128036879933,-0.128036879933,0.0,0.0,0.0,0.0,0.0,-0.00421174961,44480355.27285379,,,0.0,0.0
2026-02-09 16:00:00,,,20034787.00233556,0.0,0.0,0.0,0.0,0.0,0.0,,,-0.128036879933,-0.128036879933,0.0,0.0,0.0,0.0,0.0,-0.000894617164,43339416.23997622,,,0.0,0.0
2026-02-09 20:00:00,,,19821510.44203546,0.0,0.0,0.0,0.0,0.0,0.0,,,-0.128036879933,-0.128036879933,0.0,0.0,0.0,0.0,0.0,-0.001008561974,41847717.3867072,,,0.0,0.0
2026-02-10 00:00:00,0.0,0.0,19693581.10100434,0.0,0.0,0.0,0.0,0.0,0.0,-0.755832714387,-0.755832714387,-0.128036879933,-0.128036879933,0.0,0.0,0.0,0.0,0.0,-0.001061909414,41246057.26067681,882428.0,4.0,0.0,0.0
2026-02-10 04:00:00,,,19573696.09180788,0.0,0.0,0.0,0.0,0.0,0.0,,,-0.128036879933,-0.128036879933,0.0,0.0,0.0,0.0,0.0,-0.001214995974,41299042.73379261,,,0.0,0.0
2026-02-10 08:00:00,,,22882185.91407828,0.857007563114,0.857007563114,0.0,0.857007563114,0.157378664918,0.157378664918,,,1.33668798268,1.33668798268,0.157378664918,0.0,0.00218837535,0.0,1.0,-0.007967660884,49695312.95575291,,,1.0,1.0
2026-02-10 12:00:00,,,23477762.983304203,-0.893893480301,-0.893893480301,0.893893480301,0.0,-0.128036879933,-0.128036879933,,,-0.182214447586,-0.182214447586,-0.128036879933,0.0,0.010958674168,0.0,4.0,-0.003603169549,50809541.013188004,,,3.0,3.0
2026-02-10 16:00:00,,,21679253.84889676,-0.877102077007,-0.877102077007,0.877102077007,0.0,-0.029341784985,-0.029341784985,,,-0.182214447586,-0.182214447586,-0.029341784985,0.0,0.002691645134,0.0,1.0,-0.000267466446,47256932.04424122,,,0.0,0.0
2026-02-10 20:00:00,,,21045487.61557678,0.0,0.0,0.0,0.0,0.0,0.0,,,-0.168670055673,-0.168670055673,0.0,0.0,0.0,0.0,0.0,-0.000355459084,45096146.44466131,,,0.0,0.0
2026-02-11 00:00:00,0.0,0.0,21932176.09879728,0.0,0.0,0.0,0.0,0.0,0.0,7.325060376213,7.325060376213,-0.128036879933,-0.128036879933,0.0,0.0,0.003398586188,0.0,1.0,-0.001747477903,46850786.63606043,,23.0,1.0,1.0
2026-02-11 04:00:00,,,23617129.6753519,0.0,0.0,0.0,0.0,0.0,0.0,,,-0.128036879933,-0.128036879933,0.0,0.0,0.0,0.0,0.0,-0.003578975912,49125988.96837041,,,0.0,0.0
2026-02-11 08:00:00,,,23865907.49648702,1.72543400526,1.72543400526,0.0,1.72543400526,0.03734408998,0.03734408998,,,2.356081562273,2.356081562273,0.03734408998,0.0,0.011293852042,0.0,4.0,-0.004326165644,49277387.096332595,,,3.0,3.0
2026-02-11 12:00:00,,,30700891.16239018,1.572971701622,1.572971701622,0.0,1.572971701622,0.224426308134,0.224426308134,,,1.663508636916,1.663508636916,0.224426308134,0.0,0.00991262318,0.0,3.0,-0.001309067988,65659688.8286725,,,3.0,3.0
2026-02-11 16:00:00,,,40484434.60598804,3.108833193779,3.108833193779,0.0,3.108833193779,-0.047642791201,-0.047642791201,,,1.258961209859,1.258961209859,-0.047642791201,0.0,0.019946218833,0.0,7.0,-0.000230936693,79895916.96903718,,,4.0,4.0
2026-02-11 20:00:00,,,48995027.86811203,4.050611793995,4.050611793995,0.847718775272,4.898330569267,0.070033489089,0.070033489089,,,1.914925270024,1.914925270024,0.070033489089,0.0,0.055206258549,0.0,14.0,-0.011654743549,98243178.48200181,,,12.0,12.0
2026-02-12 00:00:00,0.0,0.0,48477170.61863084,1.47229462862,1.47229462862,0.830023765564,2.302318394184,-0.14730927247,-0.14730927247,1.531859081829,1.531859081829,-0.014874887318,-0.014874887318,-0.14730927247,0.0,0.052215320401,0.0,9.0,-0.001459341151,94789016.31208953,,13.0,4.0,4.0
2026-02-12 04:00:00,,,41435527.186795935,-0.024630367756,-0.024630367756,0.735262572765,0.710632205009,-0.081908996046,-0.081908996046,,,-0.423302413974,-0.423302413974,-0.081908996046,0.000880902044,0.038556600551,1.0,7.0,-0.001360986545,83745091.5529612,,,1.0,1.0
2026-02-12 08:00:00,,,41289643.82283614,1.539301872253,1.539301872253,0.752125561237,2.291427433491,0.266635133082,0.266635133082,,,0.240280997827,0.240280997827,0.266635133082,0.0,0.030267607406,0.0,10.0,-0.002071931836,85093834.2248291,,,7.0,7.0
2026-02-12 12:00:00,,,36269757.10384908,0.773186028004,0.773186028004,0.0,0.773186028004,-0.159819616016,-0.159819616016,,,-0.305650598616,-0.305650598616,-0.159819616016,0.0,0.012616019542,0.0,5.0,-0.003320782757,71165652.8680029,,,2.0,2.0
2026-02-12 16:00:00,,,33413064.71776546,0.716779768467,0.716779768467,0.0,0.716779768467,-0.029341784985,-0.029341784985,,,-0.305650598616,-0.305650598616,-0.029341784985,0.0,0.017044273788,0.0,5.0,-0.002008577862,66260456.013752796,,,2.0,2.0
2026-02-12 20:00:00,,,34720895.45151274,0.0,0.0,0.0,0.0,0.0,0.0,,,-0.305650598616,-0.305650598616,0.0,0.0,0.005432420687,0.0,2.0,-0.005711455277,69230588.3109871,,,1.0,1.0
2026-02-13 00:00:00,0.0,0.0,31524282.766196,0.0,0.0,0.0,0.0,0.0,0.0,-0.260750381373,-0.260750381373,-0.295958577762,-0.295958577762,0.0,0.0,0.0,0.0,0.0,-0.001584135464,63419926.32024079,,0.0,0.0,0.0
2026-02-13 04:00:00,,,31378546.309280574,0.0,0.0,0.0,0.0,0.0,0.0,,,-0.295958577762,-0.295958577762,0.0,0.0,0.0,0.0,0.0,-0.000861390746,61733357.98902701,,,0.0,0.0
2026-02-13 08:00:00,,,30679570.0930081,0.0,0.0,0.0,0.0,0.0,0.0,,,-0.295958577762,-0.295958577762,0.0,0.0,0.0,0.0,0.0,-0.000761148871,60603158.12192392,,,0.0,0.0
2026-02-13 12:00:00,,,30346651.12439304,0.0,0.0,0.0,0.0,0.0,0.0,,,-0.295958577762,-0.295958577762,0.0,0.0,0.0,0.0,0.0,-0.001001958468,60085234.89207867,,,0.0,0.0
2026-02-13 16:00:00,,,30725551.98565054,0.0,0.0,0.0,0.0,0.0,0.0,,,-0.295958577762,-0.295958577762,0.0,0.0,0.005630630631,0.0,1.0,-0.001318290042,61704566.9954764,,,0.0,0.0
2026-02-13 20:00:00,,,32753250.35234802,0.0,0.0,0.0,0.0,0.0,0.0,,,-0.286390588208,-0.286390588208,0.0,0.0,0.0,0.0,0.0,-0.005290352983,67711894.923219,,,0.0,0.0
2026-02-14 00:00:00,0.0,0.0,30396056.859208357,0.0,0.0,0.0,0.0,0.0,0.0,-0.252482716072,-0.252482716072,-0.276541084952,-0.276541084952,0.0,0.0,0.0,0.0,0.0,-0.003026890343,62385193.221493095,,0.0,0.0,0.0
2026-02-14 04:00:00,,,29700431.1783068,0.0,0.0,0.0,0.0,0.0,0.0,,,-0.224522573105,-0.224522573105,0.0,0.0,0.0,0.0,0.0,-0.001749325142,59243945.6209576,,,0.0,0.0
2026-02-14 08:00:00,,,30304414.508236818,-1.505445301533,-1.505445301533,1.505445301533,0.0,0.0,0.0,,,-0.168560601215,-0.168560601215,0.0,0.0,0.009234380705,0.0,2.0,-0.002060668758,61103800.8218154,,,0.0,0.0
2026-02-14 12:00:00,,,29432344.18744422,0.0,0.0,0.0,0.0,0.0,0.0,,,-0.121265425285,-0.121265425285,0.0,0.0,0.0,0.0,0.0,-0.001128773083,58624408.574920684,,,0.0,0.0
2026-02-14 16:00:00,,,29889630.93134802,0.0,0.0,0.0,0.0,0.0,0.0,,,-0.079866213723,-0.079866213723,0.0,0.0,0.0,0.0,0.0,-0.001316984281,58536335.24734419,,,0.0,0.0
2026-02-14 20:00:00,,,31345939.265668534,0.0,0.0,0.0,0.0,0.0,0.0,,,-0.129877266889,-0.129877266889,0.0,0.0,0.0,0.0,0.0,-0.004363418264,63343189.0916821,,,0.0,0.0
2026-02-15 00:00:00,0.0,0.0,30119276.41639008,0.0,0.0,0.0,0.0,0.0,0.0,-0.252090855229,-0.252090855229,0.0,0.0,0.0,0.0,0.0,0.0,0.0,-0.002105992553,59511435.258422,,0.0,0.0,0.0
2026-02-15 04:00:00,,,29789837.46489196,0.0,0.0,0.0,0.0,0.0,0.0,,,0.0,0.0,0.0,0.0,0.0,0.0,0.0,-0.001957189297,58856117.0985709,,,0.0,0.0
2026-02-15 08:00:00,,,29771054.189056497,0.0,0.0,0.0,0.0,0.0,0.0,,,0.0,0.0,0.0,0.0,0.0,0.0,0.0,-0.002670095148,59352132.0774679,,,0.0,0.0
2026-02-15 12:00:00,,,28673838.185109418,0.0,0.0,0.0,0.0,0.0,0.0,,,0.0,0.0,0.0,0.0,0.0,0.0,0.0,-0.001828553419,57230253.885329805,,,0.0,0.0
2026-02-15 16:00:00,,,27856144.183315642,0.0,0.0,0.0,0.0,0.0,0.0,,,0.0,0.0,0.0,0.0,0.0,0.0,0.0,-0.001699961195,55567536.5900987,,,0.0,0.0
2026-02-15 20:00:00,,,28825335.991757303,0.0,0.0,0.0,0.0,0.0,0.0,,,0.0,0.0,0.0,0.0,0.0,0.0,0.0,-0.002512525404,57928472.552774996,,,0.0,0.0
2026-02-16 00:00:00,0.0,0.0,28227910.842138,0.0,0.0,0.0,0.0,0.0,0.0,-0.265423695031,-0.265423695031,0.0,0.0,0.0,0.0,0.0,0.0,0.0,-0.000750434432,55797846.405891754,,1.0,0.0,0.0
2026-02-16 04:00:00,,,28305610.13366834,0.0,0.0,0.0,0.0,0.0,0.0,,,0.0,0.0,0.0,0.0,0.002976190476,0.0,1.0,-0.000614442598,55118668.91601104,,,0.0,0.0
2026-02-16 08:00:00,,,27942631.34376834,0.0,0.0,0.0,0.0,0.0,0.0,,,0.0,0.0,0.0,0.0,0.0,0.0,0.0,-0.000492968065,53718225.66383781,,,0.0,0.0
2026-02-16 12:00:00,,,28085011.313324623,-0.753689050674,-0.753689050674,0.753689050674,0.0,0.0,0.0,,,0.0,0.0,0.0,0.0,0.005287648054,0.0,1.0,-0.000634847519,53493298.58935864,,,0.0,0.0
2026-02-16 16:00:00,,,28956362.548152722,0.0,0.0,0.0,0.0,0.0,0.0,,,0.0,0.0,0.0,0.0,0.006200396825,0.0,1.0,-0.000741164537,54869776.79581024,,,1.0,1.0
