timestamp,dev_activity,dev_activity_1d,dev_activity_contributors_count,dev_activity_contributors_count_7d,sentiment_balance_total,sentiment_balance_total_v2,sentiment_negative_total,sentiment_positive_total,sentiment_volume_consumed_total,sentiment_weighted_total,sentiment_weighted_total_1d,sentiment_weighted_total_1d_v2,sentiment_weighted_total_1h,sentiment_weighted_total_1h_v2,sentiment_weighted_total_v2,social_dominance_ai_total,social_dominance_total,social_volume_ai_total,social_volume_total,twitter_followers,unique_social_volume_total_1d,unique_social_volume_total_1h,unique_social_volume_total_5m
2023-04-01 00:00:00,0,0.0,0,1.0,,,,,,,,,,,,,,,,,,,
2023-04-01 04:00:00,0,,0,,,,,,,,,,,,,,,,,,,,
2023-04-01 08:00:00,0,,0,,,,,,,,,,,,,,,,,,,,
2023-04-01 12:00:00,0,,0,,,,,,,,,,,,,,,,,,,,
2023-04-01 16:00:00,0,,0,,,,,,,,,,,,,,,,,,,,
2023-04-01 20:00:00,0,,0,,,,,,,,,,,,,,,,,,,,
2023-04-02 00:00:00,0,0.0,0,1.0,,,,,,,,,,,,,,,,,,,
2023-04-02 04:00:00,0,,0,,,,,,,,,,,,,,,,,,,,
2023-04-02 08:00:00,0,,0,,,,,,,,,,,,,,,,,,,,
2023-04-02 12:00:00,0,,0,,,,,,,,,,,,,,,,,,,,
2023-04-02 16:00:00,0,,0,,,,,,,,,,,,,,,,,,,,
2023-04-02 20:00:00,0,,0,,,,,,,,,,,,,,,,,,,,
2023-04-03 00:00:00,0,0.0,0,1.0,,,,,,,,,,,,,,,,,,,
2023-04-03 04:00:00,0,,0,,,,,,,,,,,,,,,,,,,,
2023-04-03 08:00:00,0,,0,,,,,,,,,,,,,,,,,,,,
2023-04-03 12:00:00,0,,0,,,,,,,,,,,,,,,,,,,,
2023-04-03 16:00:00,0,,0,,,,,,,,,,,,,,,,,,,,
2023-04-03 20:00:00,0,,0,,,,,,,,,,,,,,,,,,,,
2023-04-04 00:00:00,0,0.0,0,1.0,,,,,,,,,,,,,,,,,,,
2023-04-04 04:00:00,0,,0,,,,,,,,,,,,,,,,,,,,
2023-04-04 08:00:00,0,,0,,,,,,,,,,,,,,,,,,,,
2023-04-04 12:00:00,0,,0,,,,,,,,,,,,,,,,,,,,
2023-04-04 16:00:00,0,,0,,,,,,,,,,,,,,,,,,,,
2023-04-04 20:00:00,0,,0,,,,,,,,,,,,,,,,,,,,
2023-04-05 00:00:00,0,0.0,0,1.0,,,,,,,,,,,,,,,,,,,
2023-04-05 04:00:00,0,,0,,,,,,,,,,,,,,,,,,,,
2023-04-05 08:00:00,0,,0,,,,,,,,,,,,,,,,,,,,
2023-04-05 12:00:00,0,,0,,,,,,,,,,,,,,,,,,,,
2023-04-05 16:00:00,0,,0,,,,,,,,,,,,,,,,,,,,
2023-04-05 20:00:00,0,,0,,,,,,,,,,,,,,,,,,,,
2023-04-06 00:00:00,0,0.0,0,1.0,,,,,,,,,,,,,,,,,,,
2023-04-06 04:00:00,0,,0,,,,,,,,,,,,,,,,,,,,
2023-04-06 08:00:00,0,,0,,,,,,,,,,,,,,,,,,,,
2023-04-06 12:00:00,0,,0,,,,,,,,,,,,,,,,,,,,
2023-04-06 16:00:00,0,,0,,,,,,,,,,,,,,,,,,,,
2023-04-06 20:00:00,0,,0,,,,,,,,,,,,,,,,,,,,
2023-04-07 00:00:00,0,0.0,0,0.0,,,,,,,,,,,,,,,,,,,
2023-04-07 04:00:00,0,,0,,,,,,,,,,,,,,,,,,,,
2023-04-07 08:00:00,0,,0,,,,,,,,,,,,,,,,,,,,
2023-04-07 12:00:00,0,,0,,,,,,,,,,,,,,,,,,,,
2023-04-07 16:00:00,0,,0,,,,,,,,,,,,,,,,,,,,
2023-04-07 20:00:00,0,,0,,,,,,,,,,,,,,,,,,,,
2023-04-08 00:00:00,0,0.0,0,0.0,,,,,,,,,,,,,,,,,,,
2023-04-08 04:00:00,0,,0,,,,,,,,,,,,,,,,,,,,
2023-04-08 08:00:00,0,,0,,,,,,,,,,,,,,,,,,,,
2023-04-08 12:00:00,0,,0,,,,,,,,,,,,,,,,,,,,
2023-04-08 16:00:00,0,,0,,,,,,,,,,,,,,,,,,,,
2023-04-08 20:00:00,0,,0,,,,,,,,,,,,,,,,,,,,
2023-04-09 00:00:00,0,0.0,0,0.0,,,,,,,,,,,,,,,,,,,
2023-04-09 04:00:00,0,,0,,,,,,,,,,,,,,,,,,,,
2023-04-09 08:00:00,0,,0,,,,,,,,,,,,,,,,,,,,
2023-04-09 12:00:00,0,,0,,,,,,,,,,,,,,,,,,,,
2023-04-09 16:00:00,0,,0,,,,,,,,,,,,,,,,,,,,
2023-04-09 20:00:00,0,,0,,,,,,,,,,,,,,,,,,,,
2023-04-10 00:00:00,0,0.0,0,0.0,,,,,,,,,,,,,,,,,,,
2023-04-10 04:00:00,0,,0,,,,,,,,,,,,,,,,,,,,
2023-04-10 08:00:00,0,,0,,,,,,,,,,,,,,,,,,,,
2023-04-10 12:00:00,0,,0,,,,,,,,,,,,,,,,,,,,
2023-04-10 16:00:00,0,,0,,,,,,,,,,,,,,,,,,,,
2023-04-10 20:00:00,0,,0,,,,,,,,,,,,,,,,,,,,
2023-04-11 00:00:00,0,0.0,0,0.0,,,,,,,,,,,,,,,,,,,
2023-04-11 04:00:00,0,,0,,,,,,,,,,,,,,,,,,,,
2023-04-11 08:00:00,0,,0,,,,,,,,,,,,,,,,,,,,
2023-04-11 12:00:00,0,,0,,,,,,,,,,,,,,,,,,,,
2023-04-11 16:00:00,0,,0,,,,,,,,,,,,,,,,,,,,
2023-04-11 20:00:00,0,,0,,,,,,,,,,,,,,,,,,,,
2023-04-12 00:00:00,0,0.0,0,0.0,,,,,,,,,,,,,,,,,,,
2023-04-12 04:00:00,0,,0,,,,,,,,,,,,,,,,,,,,
2023-04-12 08:00:00,0,,0,,,,,,,,,,,,,,,,,,,,
2023-04-12 12:00:00,0,,0,,,,,,,,,,,,,,,,,,,,
2023-04-12 16:00:00,0,,0,,,,,,,,,,,,,,,,,,,,
2023-04-12 20:00:00,0,,0,,,,,,,,,,,,,,,,,,,,
2023-04-13 00:00:00,3,3.0,2,0.0,,,,,,,,,,,,,,,,,,,
2023-04-13 04:00:00,0,,0,,,,,,,,,,,,,,,,,,,,
2023-04-13 08:00:00,0,,0,,,,,,,,,,,,,,,,,,,,
2023-04-13 12:00:00,0,,0,,,,,,,,,,,,,,,,,,,,
2023-04-13 16:00:00,0,,0,,,,,,,,,,,,,,,,,,,,
2023-04-13 20:00:00,0,,0,,,,,,,,,,,,,,,,,,,,
2023-04-14 00:00:00,0,3.0,0,2.0,,,,,,,,,,,,,,,,,,,
2023-04-14 04:00:00,0,,0,,,,,,,,,,,,,,,,,,,,
2023-04-14 08:00:00,0,,0,,,,,,,,,,,,,,,,,,,,
2023-04-14 12:00:00,0,,0,,,,,,,,,,,,,,,,,,,,
2023-04-14 16:00:00,3,,1,,,,,,,,,,,,,,,,,,,,
2023-04-14 20:00:00,0,,0,,,,,,,,,,,,,,,,,,,,
2023-04-15 00:00:00,0,0.0,0,2.0,,,,,,,,,,,,,,,,,,,
2023-04-15 04:00:00,0,,0,,,,,,,,,,,,,,,,,,,,
2023-04-15 08:00:00,0,,0,,,,,,,,,,,,,,,,,,,,
2023-04-15 12:00:00,0,,0,,,,,,,,,,,,,,,,,,,,
2023-04-15 16:00:00,0,,0,,,,,,,,,,,,,,,,,,,,
2023-04-15 20:00:00,0,,0,,,,,,,,,,,,,,,,,,,,
2023-04-16 00:00:00,0,0.0,0,2.0,,,,,,,,,,,,,,,,,,,
2023-04-16 04:00:00,0,,0,,,,,,,,,,,,,,,,,,,,
2023-04-16 08:00:00,0,,0,,,,,,,,,,,,,,,,,,,,
2023-04-16 12:00:00,0,,0,,,,,,,,,,,,,,,,,,,,
2023-04-16 16:00:00,0,,0,,,,,,,,,,,,,,,,,,,,
2023-04-16 20:00:00,0,,0,,,,,,,,,,,,,,,,,,,,
2023-04-17 00:00:00,0,0.0,0,2.0,,,,,,,,,,,,,,,,,,,
2023-04-17 04:00:00,0,,0,,,,,,,,,,,,,,,,,,,,
2023-04-17 08:00:00,0,,0,,,,,,,,,,,,,,,,,,,,
2023-04-17 12:00:00,0,,0,,,,,,,,,,,,,,,,,,,,
2023-04-17 16:00:00,0,,0,,,,,,,,,,,,,,,,,,,,
2023-04-17 20:00:00,0,,0,,,,,,,,,,,,,,,,,,,,
2023-04-18 00:00:00,0,0.0,0,2.0,,,,,,,,,,,,,,,,,,,
2023-04-18 04:00:00,0,,0,,,,,,,,,,,,,,,,,,,,
2023-04-18 08:00:00,0,,0,,,,,,,,,,,,,,,,,,,,
2023-04-18 12:00:00,0,,0,,,,,,,,,,,,,,,,,,,,
2023-04-18 16:00:00,0,,0,,,,,,,,,,,,,,,,,,,,
2023-04-18 20:00:00,0,,0,,,,,,,,,,,,,,,,,,,,
2023-04-19 00:00:00,0,0.0,0,2.0,,,,,,,,,,,,,,,,,,,
2023-04-19 04:00:00,0,,0,,,,,,,,,,,,,,,,,,,,
2023-04-19 08:00:00,0,,0,,,,,,,,,,,,,,,,,,,,
2023-04-19 12:00:00,0,,0,,,,,,,,,,,,,,,,,,,,
2023-04-19 16:00:00,0,,0,,,,,,,,,,,,,,,,,,,,
2023-04-19 20:00:00,0,,0,,,,,,,,,,,,,,,,,,,,
2023-04-20 00:00:00,0,0.0,0,2.0,,,,,,,,,,,,,,,,,,,
2023-04-20 04:00:00,0,,0,,,,,,,,,,,,,,,,,,,,
2023-04-20 08:00:00,0,,0,,,,,,,,,,,,,,,,,,,,
2023-04-20 12:00:00,0,,0,,,,,,,,,,,,,,,,,,,,
2023-04-20 16:00:00,0,,0,,,,,,,,,,,,,,,,,,,,
2023-04-20 20:00:00,0,,0,,,,,,,,,,,,,,,,,,,,
2023-04-21 00:00:00,0,0.0,0,1.0,,,,,,,,,,,,,,,,,,,
2023-04-21 04:00:00,0,,0,,,,,,,,,,,,,,,,,,,,
2023-04-21 08:00:00,0,,0,,,,,,,,,,,,,,,,,,,,
2023-04-21 12:00:00,0,,0,,,,,,,,,,,,,,,,,,,,
2023-04-21 16:00:00,0,,0,,,,,,,,,,,,,,,,,,,,
2023-04-21 20:00:00,0,,0,,,,,,,,,,,,,,,,,,,,
2023-04-22 00:00:00,0,0.0,0,0.0,,,,,,,,,,,,,,,,,,,
2023-04-22 04:00:00,0,,0,,,,,,,,,,,,,,,,,,,,
2023-04-22 08:00:00,0,,0,,,,,,,,,,,,,,,,,,,,
2023-04-22 12:00:00,0,,0,,,,,,,,,,,,,,,,,,,,
2023-04-22 16:00:00,0,,0,,,,,,,,,,,,,,,,,,,,
2023-04-22 20:00:00,0,,0,,,,,,,,,,,,,,,,,,,,
2023-04-23 00:00:00,0,0.0,0,0.0,,,,,,,,,,,,,,,,,,,
2023-04-23 04:00:00,0,,0,,,,,,,,,,,,,,,,,,,,
2023-04-23 08:00:00,0,,0,,,,,,,,,,,,,,,,,,,,
2023-04-23 12:00:00,0,,0,,,,,,,,,,,,,,,,,,,,
2023-04-23 16:00:00,0,,0,,,,,,,,,,,,,,,,,,,,
2023-04-23 20:00:00,0,,0,,,,,,,,,,,,,,,,,,,,
2023-04-24 00:00:00,0,0.0,0,0.0,,,,,,,,,,,,,,,,,,,
2023-04-24 04:00:00,0,,0,,,,,,,,,,,,,,,,,,,,
2023-04-24 08:00:00,0,,0,,,,,,,,,,,,,,,,,,,,
2023-04-24 12:00:00,0,,0,,,,,,,,,,,,,,,,,,,,
2023-04-24 16:00:00,0,,0,,,,,,,,,,,,,,,,,,,,
2023-04-24 20:00:00,0,,0,,,,,,,,,,,,,,,,,,,,
2023-04-25 00:00:00,0,0.0,0,0.0,,,,,,,,,,,,,,,,,,,
2023-04-25 04:00:00,0,,0,,,,,,,,,,,,,,,,,,,,
2023-04-25 08:00:00,0,,0,,,,,,,,,,,,,,,,,,,,
2023-04-25 12:00:00,0,,0,,,,,,,,,,,,,,,,,,,,
2023-04-25 16:00:00,0,,0,,,,,,,,,,,,,,,,,,,,
2023-04-25 20:00:00,0,,0,,,,,,,,,,,,,,,,,,,,
2023-04-26 00:00:00,0,0.0,0,0.0,,,,,,,,,,,,,,,,,,,
2023-04-26 04:00:00,0,,0,,,,,,,,,,,,,,,,,,,,
2023-04-26 08:00:00,0,,0,,,,,,,,,,,,,,,,,,,,
2023-04-26 12:00:00,0,,0,,,,,,,,,,,,,,,,,,,,
2023-04-26 16:00:00,0,,0,,,,,,,,,,,,,,,,,,,,
2023-04-26 20:00:00,0,,0,,,,,,,,,,,,,,,,,,,,
2023-04-27 00:00:00,0,0.0,0,0.0,,,,,,,,,,,,,,,,,,,
2023-04-27 04:00:00,0,,0,,,,,,,,,,,,,,,,,,,,
2023-04-27 08:00:00,0,,0,,,,,,,,,,,,,,,,,,,,
2023-04-27 12:00:00,0,,0,,,,,,,,,,,,,,,,,,,,
2023-04-27 16:00:00,0,,0,,,,,,,,,,,,,,,,,,,,
2023-04-27 20:00:00,0,,0,,,,,,,,,,,,,,,,,,,,
2023-04-28 00:00:00,0,0.0,0,0.0,,,,,,,,,,,,,,,,,,,
2023-04-28 04:00:00,0,,0,,,,,,,,,,,,,,,,,,,,
2023-04-28 08:00:00,0,,0,,,,,,,,,,,,,,,,,,,,
2023-04-28 12:00:00,0,,0,,,,,,,,,,,,,,,,,,,,
2023-04-28 16:00:00,0,,0,,,,,,,,,,,,,,,,,,,,
2023-04-28 20:00:00,0,,0,,,,,,,,,,,,,,,,,,,,
2023-04-29 00:00:00,0,0.0,0,0.0,,,,,,,,,,,,,,,,,,,
2023-04-29 04:00:00,0,,0,,,,,,,,,,,,,,,,,,,,
2023-04-29 08:00:00,0,,0,,,,,,,,,,,,,,,,,,,,
2023-04-29 12:00:00,0,,0,,,,,,,,,,,,,,,,,,,,
2023-04-29 16:00:00,0,,0,,,,,,,,,,,,,,,,,,,,
2023-04-29 20:00:00,0,,0,,,,,,,,,,,,,,,,,,,,
2023-04-30 00:00:00,0,0.0,0,0.0,,,,,,,,,,,,,,,,,,,
2023-04-30 04:00:00,0,,0,,,,,,,,,,,,,,,,,,,,
2023-04-30 08:00:00,0,,0,,,,,,,,,,,,,,,,,,,,
2023-04-30 12:00:00,0,,0,,,,,,,,,,,,,,,,,,,,
2023-04-30 16:00:00,0,,0,,,,,,,,,,,,,,,,,,,,
2023-04-30 20:00:00,0,,0,,,,,,,,,,,,,,,,,,,,
2023-05-01 00:00:00,0,0.0,0,0.0,,,,,,,,,,,,,,,,,,,
2023-05-01 04:00:00,0,,0,,,,,,,,,,,,,,,,,,,,
2023-05-01 08:00:00,0,,0,,,,,,,,,,,,,,,,,,,,
2023-05-01 12:00:00,0,,0,,,,,,,,,,,,,,,,,,,,
2023-05-01 16:00:00,0,,0,,,,,,,,,,,,,,,,,,,,
2023-05-01 20:00:00,0,,0,,,,,,,,,,,,,,,,,,,,
2023-05-02 00:00:00,0,4.0,0,0.0,,,,,,,,,,,,,,,,,,,
2023-05-02 04:00:00,0,,0,,,,,,,,,,,,,,,,,,,,
2023-05-02 08:00:00,0,,0,,,,,,,,,,,,,,,,,,,,
2023-05-02 12:00:00,4,,1,,,,,,,,,,,,,,,,,,,,
2023-05-02 16:00:00,0,,0,,,,,,,,,,,,,,,,,,,,
2023-05-02 20:00:00,0,,0,,,,,,,,,,,,,,,,,,,,
2023-05-03 00:00:00,0,0.0,0,1.0,,,,,,,,,,,,,,,,,,,
2023-05-03 04:00:00,0,,0,,,,,,,,,,,,,,,,,,,,
2023-05-03 08:00:00,0,,0,,,,,,,,,,,,,,,,,,,,
2023-05-03 12:00:00,0,,0,,,,,,,,,,,,,,,,,,,,
2023-05-03 16:00:00,0,,0,,,,,,,,,,,,,,,,,,,,
2023-05-03 20:00:00,0,,0,,,,,,,,,,,,,,,,,,,,
2023-05-04 00:00:00,0,0.0,0,1.0,,,,,,,,,,,,,,,,,,,
2023-05-04 04:00:00,0,,0,,,,,,,,,,,,,,,,,,,,
2023-05-04 08:00:00,0,,0,,,,,,,,,,,,,,,,,,,,
2023-05-04 12:00:00,0,,0,,,,,,,,,,,,,,,,,,,,
2023-05-04 16:00:00,0,,0,,,,,,,,,,,,,,,,,,,,
2023-05-04 20:00:00,0,,0,,,,,,,,,,,,,,,,,,,,
2023-05-05 00:00:00,0,0.0,0,1.0,,,,,,,,,,,,,,,,,,,
2023-05-05 04:00:00,0,,0,,,,,,,,,,,,,,,,,,,,
2023-05-05 08:00:00,0,,0,,,,,,,,,,,,,,,,,,,,
2023-05-05 12:00:00,0,,0,,,,,,,,,,,,,,,,,,,,
2023-05-05 16:00:00,0,,0,,,,,,,,,,,,,,,,,,,,
2023-05-05 20:00:00,0,,0,,,,,,,,,,,,,,,,,,,,
2023-05-06 00:00:00,0,0.0,0,1.0,,,,,,,,,,,,,,,,,,,
2023-05-06 04:00:00,0,,0,,,,,,,,,,,,,,,,,,,,
2023-05-06 08:00:00,0,,0,,,,,,,,,,,,,,,,,,,,
2023-05-06 12:00:00,0,,0,,,,,,,,,,,,,,,,,,,,
2023-05-06 16:00:00,0,,0,,,,,,,,,,,,,,,,,,,,
2023-05-06 20:00:00,0,,0,,,,,,,,,,,,,,,,,,,,
2023-05-07 00:00:00,0,0.0,0,1.0,,,,,,,,,,,,,,,,,,,
2023-05-07 04:00:00,0,,0,,,,,,,,,,,,,,,,,,,,
2023-05-07 08:00:00,0,,0,,,,,,,,,,,,,,,,,,,,
2023-05-07 12:00:00,0,,0,,,,,,,,,,,,,,,,,,,,
2023-05-07 16:00:00,0,,0,,,,,,,,,,,,,,,,,,,,
2023-05-07 20:00:00,0,,0,,,,,,,,,,,,,,,,,,,,
2023-05-08 00:00:00,0,0.0,0,1.0,,,,,,,,,,,,,,,,,,,
2023-05-08 04:00:00,0,,0,,,,,,,,,,,,,,,,,,,,
2023-05-08 08:00:00,0,,0,,,,,,,,,,,,,,,,,,,,
2023-05-08 12:00:00,0,,0,,,,,,,,,,,,,,,,,,,,
2023-05-08 16:00:00,0,,0,,,,,,,,,,,,,,,,,,,,
2023-05-08 20:00:00,0,,0,,,,,,,,,,,,,,,,,,,,
2023-05-09 00:00:00,0,0.0,0,1.0,,,,,,,,,,,,,,,,,,,
2023-05-09 04:00:00,0,,0,,,,,,,,,,,,,,,,,,,,
2023-05-09 08:00:00,0,,0,,,,,,,,,,,,,,,,,,,,
2023-05-09 12:00:00,0,,0,,,,,,,,,,,,,,,,,,,,
2023-05-09 16:00:00,0,,0,,,,,,,,,,,,,,,,,,,,
2023-05-09 20:00:00,0,,0,,,,,,,,,,,,,,,,,,,,
2023-05-10 00:00:00,0,0.0,0,0.0,,,,,,,,,,,,,,,,,,,
2023-05-10 04:00:00,0,,0,,,,,,,,,,,,,,,,,,,,
2023-05-10 08:00:00,0,,0,,,,,,,,,,,,,,,,,,,,
2023-05-10 12:00:00,0,,0,,,,,,,,,,,,,,,,,,,,
2023-05-10 16:00:00,0,,0,,,,,,,,,,,,,,,,,,,,
2023-05-10 20:00:00,0,,0,,,,,,,,,,,,,,,,,,,,
2023-05-11 00:00:00,0,0.0,0,0.0,,,,,,,,,,,,,,,,,,,
2023-05-11 04:00:00,0,,0,,,,,,,,,,,,,,,,,,,,
2023-05-11 08:00:00,0,,0,,,,,,,,,,,,,,,,,,,,
2023-05-11 12:00:00,0,,0,,,,,,,,,,,,,,,,,,,,
2023-05-11 16:00:00,0,,0,,,,,,,,,,,,,,,,,,,,
2023-05-11 20:00:00,0,,0,,,,,,,,,,,,,,,,,,,,
2023-05-12 00:00:00,0,0.0,0,0.0,,,,,,,,,,,,,,,,,,,
2023-05-12 04:00:00,0,,0,,,,,,,,,,,,,,,,,,,,
2023-05-12 08:00:00,0,,0,,,,,,,,,,,,,,,,,,,,
2023-05-12 12:00:00,0,,0,,,,,,,,,,,,,,,,,,,,
2023-05-12 16:00:00,0,,0,,,,,,,,,,,,,,,,,,,,
2023-05-12 20:00:00,0,,0,,,,,,,,,,,,,,,,,,,,
2023-05-13 00:00:00,0,0.0,0,0.0,,,,,,,,,,,,,,,,,,,
2023-05-13 04:00:00,0,,0,,,,,,,,,,,,,,,,,,,,
2023-05-13 08:00:00,0,,0,,,,,,,,,,,,,,,,,,,,
2023-05-13 12:00:00,0,,0,,,,,,,,,,,,,,,,,,,,
2023-05-13 16:00:00,0,,0,,,,,,,,,,,,,,,,,,,,
2023-05-13 20:00:00,0,,0,,,,,,,,,,,,,,,,,,,,
2023-05-14 00:00:00,0,0.0,0,0.0,,,,,,,,,,,,,,,,,,,
2023-05-14 04:00:00,0,,0,,,,,,,,,,,,,,,,,,,,
2023-05-14 08:00:00,0,,0,,,,,,,,,,,,,,,,,,,,
2023-05-14 12:00:00,0,,0,,,,,,,,,,,,,,,,,,,,
2023-05-14 16:00:00,0,,0,,,,,,,,,,,,,,,,,,,,
2023-05-14 20:00:00,0,,0,,,,,,,,,,,,,,,,,,,,
2023-05-15 00:00:00,0,0.0,0,0.0,,,,,,,,,,,,,,,,,,,
2023-05-15 04:00:00,0,,0,,,,,,,,,,,,,,,,,,,,
2023-05-15 08:00:00,0,,0,,,,,,,,,,,,,,,,,,,,
2023-05-15 12:00:00,0,,0,,,,,,,,,,,,,,,,,,,,
2023-05-15 16:00:00,0,,0,,,,,,,,,,,,,,,,,,,,
2023-05-15 20:00:00,0,,0,,,,,,,,,,,,,,,,,,,,
2023-05-16 00:00:00,3,3.0,1,0.0,,,,,,,,,,,,,,,,,,,
2023-05-16 04:00:00,0,,0,,,,,,,,,,,,,,,,,,,,
2023-05-16 08:00:00,0,,0,,,,,,,,,,,,,,,,,,,,
2023-05-16 12:00:00,0,,0,,,,,,,,,,,,,,,,,,,,
2023-05-16 16:00:00,0,,0,,,,,,,,,,,,,,,,,,,,
2023-05-16 20:00:00,0,,0,,,,,,,,,,,,,,,,,,,,
2023-05-17 00:00:00,0,0.0,0,1.0,,,,,,,,,,,,,,,,,,,
2023-05-17 04:00:00,0,,0,,,,,,,,,,,,,,,,,,,,
2023-05-17 08:00:00,0,,0,,,,,,,,,,,,,,,,,,,,
2023-05-17 12:00:00,0,,0,,,,,,,,,,,,,,,,,,,,
2023-05-17 16:00:00,0,,0,,,,,,,,,,,,,,,,,,,,
2023-05-17 20:00:00,0,,0,,,,,,,,,,,,,,,,,,,,
2023-05-18 00:00:00,0,0.0,0,1.0,,,,,,,,,,,,,,,,,,,
2023-05-18 04:00:00,0,,0,,,,,,,,,,,,,,,,,,,,
2023-05-18 08:00:00,0,,0,,,,,,,,,,,,,,,,,,,,
2023-05-18 12:00:00,0,,0,,,,,,,,,,,,,,,,,,,,
2023-05-18 16:00:00,0,,0,,,,,,,,,,,,,,,,,,,,
2023-05-18 20:00:00,0,,0,,,,,,,,,,,,,,,,,,,,
2023-05-19 00:00:00,0,0.0,0,1.0,,,,,,,,,,,,,,,,,,,
2023-05-19 04:00:00,0,,0,,,,,,,,,,,,,,,,,,,,
2023-05-19 08:00:00,0,,0,,,,,,,,,,,,,,,,,,,,
2023-05-19 12:00:00,0,,0,,,,,,,,,,,,,,,,,,,,
2023-05-19 16:00:00,0,,0,,,,,,,,,,,,,,,,,,,,
2023-05-19 20:00:00,0,,0,,,,,,,,,,,,,,,,,,,,
2023-05-20 00:00:00,0,0.0,0,1.0,,,,,,,,,,,,,,,,,,,
2023-05-20 04:00:00,0,,0,,,,,,,,,,,,,,,,,,,,
2023-05-20 08:00:00,0,,0,,,,,,,,,,,,,,,,,,,,
2023-05-20 12:00:00,0,,0,,,,,,,,,,,,,,,,,,,,
2023-05-20 16:00:00,0,,0,,,,,,,,,,,,,,,,,,,,
2023-05-20 20:00:00,0,,0,,,,,,,,,,,,,,,,,,,,
2023-05-21 00:00:00,0,0.0,0,1.0,,,,,,,,,,,,,,,,,,,
2023-05-21 04:00:00,0,,0,,,,,,,,,,,,,,,,,,,,
2023-05-21 08:00:00,0,,0,,,,,,,,,,,,,,,,,,,,
2023-05-21 12:00:00,0,,0,,,,,,,,,,,,,,,,,,,,
2023-05-21 16:00:00,0,,0,,,,,,,,,,,,,,,,,,,,
2023-05-21 20:00:00,0,,0,,,,,,,,,,,,,,,,,,,,
2023-05-22 00:00:00,0,0.0,0,1.0,,,,,,,,,,,,,,,,,,,
2023-05-22 04:00:00,0,,0,,,,,,,,,,,,,,,,,,,,
2023-05-22 08:00:00,0,,0,,,,,,,,,,,,,,,,,,,,
2023-05-22 12:00:00,0,,0,,,,,,,,,,,,,,,,,,,,
2023-05-22 16:00:00,0,,0,,,,,,,,,,,,,,,,,,,,
2023-05-22 20:00:00,0,,0,,,,,,,,,,,,,,,,,,,,
2023-05-23 00:00:00,0,0.0,0,1.0,,,,,,,,,,,,,,,,,,,
2023-05-23 04:00:00,0,,0,,,,,,,,,,,,,,,,,,,,
2023-05-23 08:00:00,0,,0,,,,,,,,,,,,,,,,,,,,
2023-05-23 12:00:00,0,,0,,,,,,,,,,,,,,,,,,,,
2023-05-23 16:00:00,0,,0,,,,,,,,,,,,,,,,,,,,
2023-05-23 20:00:00,0,,0,,,,,,,,,,,,,,,,,,,,
2023-05-24 00:00:00,0,0.0,0,0.0,,,,,,,,,,,,,,,,,,,
2023-05-24 04:00:00,0,,0,,,,,,,,,,,,,,,,,,,,
2023-05-24 08:00:00,0,,0,,,,,,,,,,,,,,,,,,,,
2023-05-24 12:00:00,0,,0,,,,,,,,,,,,,,,,,,,,
2023-05-24 16:00:00,0,,0,,,,,,,,,,,,,,,,,,,,
2023-05-24 20:00:00,0,,0,,,,,,,,,,,,,,,,,,,,
2023-05-25 00:00:00,0,1.0,0,0.0,,,,,,,,,,,,,,,,,,,
2023-05-25 04:00:00,1,,1,,,,,,,,,,,,,,,,,,,,
2023-05-25 08:00:00,0,,0,,,,,,,,,,,,,,,,,,,,
2023-05-25 12:00:00,0,,0,,,,,,,,,,,,,,,,,,,,
2023-05-25 16:00:00,0,,0,,,,,,,,,,,,,,,,,,,,
2023-05-25 20:00:00,0,,0,,,,,,,,,,,,,,,,,,,,
2023-05-26 00:00:00,0,0.0,0,1.0,,,,,,,,,,,,,,,,,,,
2023-05-26 04:00:00,0,,0,,,,,,,,,,,,,,,,,,,,
2023-05-26 08:00:00,0,,0,,,,,,,,,,,,,,,,,,,,
2023-05-26 12:00:00,0,,0,,,,,,,,,,,,,,,,,,,,
2023-05-26 16:00:00,0,,0,,,,,,,,,,,,,,,,,,,,
2023-05-26 20:00:00,0,,0,,,,,,,,,,,,,,,,,,,,
2023-05-27 00:00:00,0,0.0,0,1.0,,,,,,,,,,,,,,,,,,,
2023-05-27 04:00:00,0,,0,,,,,,,,,,,,,,,,,,,,
2023-05-27 08:00:00,0,,0,,,,,,,,,,,,,,,,,,,,
2023-05-27 12:00:00,0,,0,,,,,,,,,,,,,,,,,,,,
2023-05-27 16:00:00,0,,0,,,,,,,,,,,,,,,,,,,,
2023-05-27 20:00:00,0,,0,,,,,,,,,,,,,,,,,,,,
2023-05-28 00:00:00,0,0.0,0,1.0,,,,,,,,,,,,,,,,,,,
2023-05-28 04:00:00,0,,0,,,,,,,,,,,,,,,,,,,,
2023-05-28 08:00:00,0,,0,,,,,,,,,,,,,,,,,,,,
2023-05-28 12:00:00,0,,0,,,,,,,,,,,,,,,,,,,,
2023-05-28 16:00:00,0,,0,,,,,,,,,,,,,,,,,,,,
2023-05-28 20:00:00,0,,0,,,,,,,,,,,,,,,,,,,,
2023-05-29 00:00:00,0,0.0,0,1.0,,,,,,,,,,,,,,,,,,,
2023-05-29 04:00:00,0,,0,,,,,,,,,,,,,,,,,,,,
2023-05-29 08:00:00,0,,0,,,,,,,,,,,,,,,,,,,,
2023-05-29 12:00:00,0,,0,,,,,,,,,,,,,,,,,,,,
2023-05-29 16:00:00,0,,0,,,,,,,,,,,,,,,,,,,,
2023-05-29 20:00:00,0,,0,,,,,,,,,,,,,,,,,,,,
2023-05-30 00:00:00,0,0.0,0,1.0,,,,,,,,,,,,,,,,,,,
2023-05-30 04:00:00,0,,0,,,,,,,,,,,,,,,,,,,,
2023-05-30 08:00:00,0,,0,,,,,,,,,,,,,,,,,,,,
2023-05-30 12:00:00,0,,0,,,,,,,,,,,,,,,,,,,,
2023-05-30 16:00:00,0,,0,,,,,,,,,,,,,,,,,,,,
2023-05-30 20:00:00,0,,0,,,,,,,,,,,,,,,,,,,,
2023-05-31 00:00:00,0,0.0,0,1.0,,,,,,,,,,,,,,,,,,,
2023-05-31 04:00:00,0,,0,,,,,,,,,,,,,,,,,,,,
2023-05-31 08:00:00,0,,0,,,,,,,,,,,,,,,,,,,,
2023-05-31 12:00:00,0,,0,,,,,,,,,,,,,,,,,,,,
2023-05-31 16:00:00,0,,0,,,,,,,,,,,,,,,,,,,,
2023-05-31 20:00:00,0,,0,,,,,,,,,,,,,,,,,,,,
2023-06-01 00:00:00,0,0.0,0,1.0,,,,,,,,,,,,,,,,,,,
2023-06-01 04:00:00,0,,0,,,,,,,,,,,,,,,,,,,,
2023-06-01 08:00:00,0,,0,,,,,,,,,,,,,,,,,,,,
2023-06-01 12:00:00,0,,0,,,,,,,,,,,,,,,,,,,,
2023-06-01 16:00:00,0,,0,,,,,,,,,,,,,,,,,,,,
2023-06-01 20:00:00,0,,0,,,,,,,,,,,,,,,,,,,,
2023-06-02 00:00:00,0,2.0,0,0.0,,,,,,,,,,,,,,,,,,,
2023-06-02 04:00:00,0,,0,,,,,,,,,,,,,,,,,,,,
2023-06-02 08:00:00,0,,0,,,,,,,,,,,,,,,,,,,,
2023-06-02 12:00:00,0,,0,,,,,,,,,,,,,,,,,,,,
2023-06-02 16:00:00,2,,1,,,,,,,,,,,,,,,,,,,,
2023-06-02 20:00:00,0,,0,,,,,,,,,,,,,,,,,,,,
2023-06-03 00:00:00,2,5.0,1,1.0,,,,,,,,,,,,,,,,,,,
2023-06-03 04:00:00,0,,0,,,,,,,,,,,,,,,,,,,,
2023-06-03 08:00:00,0,,0,,,,,,,,,,,,,,,,,,,,
2023-06-03 12:00:00,3,,1,,,,,,,,,,,,,,,,,,,,
2023-06-03 16:00:00,0,,0,,,,,,,,,,,,,,,,,,,,
2023-06-03 20:00:00,0,,0,,,,,,,,,,,,,,,,,,,,
2023-06-04 00:00:00,2,5.0,1,1.0,,,,,,,,,,,,,,,,,,,
2023-06-04 04:00:00,0,,0,,,,,,,,,,,,,,,,,,,,
2023-06-04 08:00:00,0,,0,,,,,,,,,,,,,,,,,,,,
2023-06-04 12:00:00,0,,0,,,,,,,,,,,,,,,,,,,,
2023-06-04 16:00:00,2,,1,,,,,,,,,,,,,,,,,,,,
2023-06-04 20:00:00,1,,1,,,,,,,,,,,,,,,,,,,,
2023-06-05 00:00:00,0,1.0,0,1.0,,,,,,,,,,,,,,,,,,,
2023-06-05 04:00:00,0,,0,,,,,,,,,,,,,,,,,,,,
2023-06-05 08:00:00,0,,0,,,,,,,,,,,,,,,,,,,,
2023-06-05 12:00:00,1,,1,,,,,,,,,,,,,,,,,,,,
2023-06-05 16:00:00,0,,0,,,,,,,,,,,,,,,,,,,,
2023-06-05 20:00:00,0,,0,,,,,,,,,,,,,,,,,,,,
2023-06-06 00:00:00,0,0.0,0,1.0,,,,,,,,,,,,,,,,,,,
2023-06-06 04:00:00,0,,0,,,,,,,,,,,,,,,,,,,,
2023-06-06 08:00:00,0,,0,,,,,,,,,,,,,,,,,,,,
2023-06-06 12:00:00,0,,0,,,,,,,,,,,,,,,,,,,,
2023-06-06 16:00:00,0,,0,,,,,,,,,,,,,,,,,,,,
2023-06-06 20:00:00,0,,0,,,,,,,,,,,,,,,,,,,,
2023-06-07 00:00:00,0,5.0,0,1.0,,,,,,,,,,,,,,,,,,,
2023-06-07 04:00:00,0,,0,,,,,,,,,,,,,,,,,,,,
2023-06-07 08:00:00,0,,0,,,,,,,,,,,,,,,,,,,,
2023-06-07 12:00:00,0,,0,,,,,,,,,,,,,,,,,,,,
2023-06-07 16:00:00,5,,2,,,,,,,,,,,,,,,,,,,,
2023-06-07 20:00:00,0,,0,,,,,,,,,,,,,,,,,,,,
2023-06-08 00:00:00,0,0.0,0,2.0,,,,,,,,,,,,,,,,,,,
2023-06-08 04:00:00,0,,0,,,,,,,,,,,,,,,,,,,,
2023-06-08 08:00:00,0,,0,,,,,,,,,,,,,,,,,,,,
2023-06-08 12:00:00,0,,0,,,,,,,,,,,,,,,,,,,,
2023-06-08 16:00:00,0,,0,,,,,,,,,,,,,,,,,,,,
2023-06-08 20:00:00,0,,0,,,,,,,,,,,,,,,,,,,,
2023-06-09 00:00:00,2,4.0,1,2.0,,,,,,,,,,,,,,,,,,,
2023-06-09 04:00:00,0,,0,,,,,,,,,,,,,,,,,,,,
2023-06-09 08:00:00,0,,0,,,,,,,,,,,,,,,,,,,,
2023-06-09 12:00:00,2,,1,,,,,,,,,,,,,,,,,,,,
2023-06-09 16:00:00,0,,0,,,,,,,,,,,,,,,,,,,,
2023-06-09 20:00:00,0,,0,,,,,,,,,,,,,,,,,,,,
2023-06-10 00:00:00,0,0.0,0,4.0,,,,,,,,,,,,,,,,,,,
2023-06-10 04:00:00,0,,0,,,,,,,,,,,,,,,,,,,,
2023-06-10 08:00:00,0,,0,,,,,,,,,,,,,,,,,,,,
2023-06-10 12:00:00,0,,0,,,,,,,,,,,,,,,,,,,,
2023-06-10 16:00:00,0,,0,,,,,,,,,,,,,,,,,,,,
2023-06-10 20:00:00,0,,0,,,,,,,,,,,,,,,,,,,,
2023-06-11 00:00:00,0,0.0,0,4.0,,,,,,,,,,,,,,,,,,,
2023-06-11 04:00:00,0,,0,,,,,,,,,,,,,,,,,,,,
2023-06-11 08:00:00,0,,0,,,,,,,,,,,,,,,,,,,,
2023-06-11 12:00:00,0,,0,,,,,,,,,,,,,,,,,,,,
2023-06-11 16:00:00,0,,0,,,,,,,,,,,,,,,,,,,,
2023-06-11 20:00:00,0,,0,,,,,,,,,,,,,,,,,,,,
2023-06-12 00:00:00,0,0.0,0,4.0,,,,,,,,,,,,,,,,,,,
2023-06-12 04:00:00,0,,0,,,,,,,,,,,,,,,,,,,,
2023-06-12 08:00:00,0,,0,,,,,,,,,,,,,,,,,,,,
2023-06-12 12:00:00,0,,0,,,,,,,,,,,,,,,,,,,,
2023-06-12 16:00:00,0,,0,,,,,,,,,,,,,,,,,,,,
2023-06-12 20:00:00,0,,0,,,,,,,,,,,,,,,,,,,,
2023-06-13 00:00:00,0,0.0,0,4.0,,,,,,,,,,,,,,,,,,,
2023-06-13 04:00:00,0,,0,,,,,,,,,,,,,,,,,,,,
2023-06-13 08:00:00,0,,0,,,,,,,,,,,,,,,,,,,,
2023-06-13 12:00:00,0,,0,,,,,,,,,,,,,,,,,,,,
2023-06-13 16:00:00,0,,0,,,,,,,,,,,,,,,,,,,,
2023-06-13 20:00:00,0,,0,,,,,,,,,,,,,,,,,,,,
2023-06-14 00:00:00,0,0.0,0,4.0,,,,,,,,,,,,,,,,,,,
2023-06-14 04:00:00,0,,0,,,,,,,,,,,,,,,,,,,,
2023-06-14 08:00:00,0,,0,,,,,,,,,,,,,,,,,,,,
2023-06-14 12:00:00,0,,0,,,,,,,,,,,,,,,,,,,,
2023-06-14 16:00:00,0,,0,,,,,,,,,,,,,,,,,,,,
2023-06-14 20:00:00,0,,0,,,,,,,,,,,,,,,,,,,,
2023-06-15 00:00:00,0,0.0,0,2.0,,,,,,,,,,,,,,,,,,,
2023-06-15 04:00:00,0,,0,,,,,,,,,,,,,,,,,,,,
2023-06-15 08:00:00,0,,0,,,,,,,,,,,,,,,,,,,,
2023-06-15 12:00:00,0,,0,,,,,,,,,,,,,,,,,,,,
2023-06-15 16:00:00,0,,0,,,,,,,,,,,,,,,,,,,,
2023-06-15 20:00:00,0,,0,,,,,,,,,,,,,,,,,,,,
2023-06-16 00:00:00,0,0.0,0,2.0,,,,,,,,,,,,,,,,,,,
2023-06-16 04:00:00,0,,0,,,,,,,,,,,,,,,,,,,,
2023-06-16 08:00:00,0,,0,,,,,,,,,,,,,,,,,,,,
2023-06-16 12:00:00,0,,0,,,,,,,,,,,,,,,,,,,,
2023-06-16 16:00:00,0,,0,,,,,,,,,,,,,,,,,,,,
2023-06-16 20:00:00,0,,0,,,,,,,,,,,,,,,,,,,,
2023-06-17 00:00:00,0,0.0,0,0.0,,,,,,,,,,,,,,,,,,,
2023-06-17 04:00:00,0,,0,,,,,,,,,,,,,,,,,,,,
2023-06-17 08:00:00,0,,0,,,,,,,,,,,,,,,,,,,,
2023-06-17 12:00:00,0,,0,,,,,,,,,,,,,,,,,,,,
2023-06-17 16:00:00,0,,0,,,,,,,,,,,,,,,,,,,,
2023-06-17 20:00:00,0,,0,,,,,,,,,,,,,,,,,,,,
2023-06-18 00:00:00,0,0.0,0,0.0,,,,,,,,,,,,,,,,,,,
2023-06-18 04:00:00,0,,0,,,,,,,,,,,,,,,,,,,,
2023-06-18 08:00:00,0,,0,,,,,,,,,,,,,,,,,,,,
2023-06-18 12:00:00,0,,0,,,,,,,,,,,,,,,,,,,,
2023-06-18 16:00:00,0,,0,,,,,,,,,,,,,,,,,,,,
2023-06-18 20:00:00,0,,0,,,,,,,,,,,,,,,,,,,,
2023-06-19 00:00:00,0,0.0,0,0.0,,,,,,,,,,,,,,,,,,,
2023-06-19 04:00:00,0,,0,,,,,,,,,,,,,,,,,,,,
2023-06-19 08:00:00,0,,0,,,,,,,,,,,,,,,,,,,,
2023-06-19 12:00:00,0,,0,,,,,,,,,,,,,,,,,,,,
2023-06-19 16:00:00,0,,0,,,,,,,,,,,,,,,,,,,,
2023-06-19 20:00:00,0,,0,,,,,,,,,,,,,,,,,,,,
2023-06-20 00:00:00,0,3.0,0,0.0,,,,,,,,,,,,,,,,,,,
2023-06-20 04:00:00,0,,0,,,,,,,,,,,,,,,,,,,,
2023-06-20 08:00:00,0,,0,,,,,,,,,,,,,,,,,,,,
2023-06-20 12:00:00,0,,0,,,,,,,,,,,,,,,,,,,,
2023-06-20 16:00:00,0,,0,,,,,,,,,,,,,,,,,,,,
2023-06-20 20:00:00,3,,1,,,,,,,,,,,,,,,,,,,,
2023-06-21 00:00:00,0,0.0,0,1.0,,,,,,,,,,,,,,,,,,,
2023-06-21 04:00:00,0,,0,,,,,,,,,,,,,,,,,,,,
2023-06-21 08:00:00,0,,0,,,,,,,,,,,,,,,,,,,,
2023-06-21 12:00:00,0,,0,,,,,,,,,,,,,,,,,,,,
2023-06-21 16:00:00,0,,0,,,,,,,,,,,,,,,,,,,,
2023-06-21 20:00:00,0,,0,,,,,,,,,,,,,,,,,,,,
2023-06-22 00:00:00,0,0.0,0,1.0,,,,,,,,,,,,,,,,,,,
2023-06-22 04:00:00,0,,0,,,,,,,,,,,,,,,,,,,,
2023-06-22 08:00:00,0,,0,,,,,,,,,,,,,,,,,,,,
2023-06-22 12:00:00,0,,0,,,,,,,,,,,,,,,,,,,,
2023-06-22 16:00:00,0,,0,,,,,,,,,,,,,,,,,,,,
2023-06-22 20:00:00,0,,0,,,,,,,,,,,,,,,,,,,,
2023-06-23 00:00:00,0,0.0,0,1.0,,,,,,,,,,,,,,,,,,,
2023-06-23 04:00:00,0,,0,,,,,,,,,,,,,,,,,,,,
2023-06-23 08:00:00,0,,0,,,,,,,,,,,,,,,,,,,,
2023-06-23 12:00:00,0,,0,,,,,,,,,,,,,,,,,,,,
2023-06-23 16:00:00,0,,0,,,,,,,,,,,,,,,,,,,,
2023-06-23 20:00:00,0,,0,,,,,,,,,,,,,,,,,,,,
2023-06-24 00:00:00,0,0.0,0,1.0,,,,,,,,,,,,,,,,,,,
2023-06-24 04:00:00,0,,0,,,,,,,,,,,,,,,,,,,,
2023-06-24 08:00:00,0,,0,,,,,,,,,,,,,,,,,,,,
2023-06-24 12:00:00,0,,0,,,,,,,,,,,,,,,,,,,,
2023-06-24 16:00:00,0,,0,,,,,,,,,,,,,,,,,,,,
2023-06-24 20:00:00,0,,0,,,,,,,,,,,,,,,,,,,,
2023-06-25 00:00:00,0,0.0,0,1.0,,,,,,,,,,,,,,,,,,,
2023-06-25 04:00:00,0,,0,,,,,,,,,,,,,,,,,,,,
2023-06-25 08:00:00,0,,0,,,,,,,,,,,,,,,,,,,,
2023-06-25 12:00:00,0,,0,,,,,,,,,,,,,,,,,,,,
2023-06-25 16:00:00,0,,0,,,,,,,,,,,,,,,,,,,,
2023-06-25 20:00:00,0,,0,,,,,,,,,,,,,,,,,,,,
2023-06-26 00:00:00,0,0.0,0,1.0,,,,,,,,,,,,,,,,,,,
2023-06-26 04:00:00,0,,0,,,,,,,,,,,,,,,,,,,,
2023-06-26 08:00:00,0,,0,,,,,,,,,,,,,,,,,,,,
2023-06-26 12:00:00,0,,0,,,,,,,,,,,,,,,,,,,,
2023-06-26 16:00:00,0,,0,,,,,,,,,,,,,,,,,,,,
2023-06-26 20:00:00,0,,0,,,,,,,,,,,,,,,,,,,,
2023-06-27 00:00:00,0,1.0,0,1.0,,,,,,,,,,,,,,,,,,,
2023-06-27 04:00:00,0,,0,,,,,,,,,,,,,,,,,,,,
2023-06-27 08:00:00,0,,0,,,,,,,,,,,,,,,,,,,,
2023-06-27 12:00:00,0,,0,,,,,,,,,,,,,,,,,,,,
2023-06-27 16:00:00,1,,1,,,,,,,,,,,,,,,,,,,,
2023-06-27 20:00:00,0,,0,,,,,,,,,,,,,,,,,,,,
2023-06-28 00:00:00,0,0.0,0,1.0,,,,,,,,,,,,,,,,,,,
2023-06-28 04:00:00,0,,0,,,,,,,,,,,,,,,,,,,,
2023-06-28 08:00:00,0,,0,,,,,,,,,,,,,,,,,,,,
2023-06-28 12:00:00,0,,0,,,,,,,,,,,,,,,,,,,,
2023-06-28 16:00:00,0,,0,,,,,,,,,,,,,,,,,,,,
2023-06-28 20:00:00,0,,0,,,,,,,,,,,,,,,,,,,,
2023-06-29 00:00:00,0,0.0,0,1.0,,,,,,,,,,,,,,,,,,,
2023-06-29 04:00:00,0,,0,,,,,,,,,,,,,,,,,,,,
2023-06-29 08:00:00,0,,0,,,,,,,,,,,,,,,,,,,,
2023-06-29 12:00:00,0,,0,,,,,,,,,,,,,,,,,,,,
2023-06-29 16:00:00,0,,0,,,,,,,,,,,,,,,,,,,,
2023-06-29 20:00:00,0,,0,,,,,,,,,,,,,,,,,,,,
2023-06-30 00:00:00,0,0.0,0,1.0,,,,,,,,,,,,,,,,,,,
2023-06-30 04:00:00,0,,0,,,,,,,,,,,,,,,,,,,,
2023-06-30 08:00:00,0,,0,,,,,,,,,,,,,,,,,,,,
2023-06-30 12:00:00,0,,0,,,,,,,,,,,,,,,,,,,,
2023-06-30 16:00:00,0,,0,,,,,,,,,,,,,,,,,,,,
2023-06-30 20:00:00,0,,0,,,,,,,,,,,,,,,,,,,,
2023-07-01 00:00:00,0,0.0,0,1.0,,,,,,,,,,,,,,,,,,,
2023-07-01 04:00:00,0,,0,,,,,,,,,,,,,,,,,,,,
2023-07-01 08:00:00,0,,0,,,,,,,,,,,,,,,,,,,,
2023-07-01 12:00:00,0,,0,,,,,,,,,,,,,,,,,,,,
2023-07-01 16:00:00,0,,0,,,,,,,,,,,,,,,,,,,,
2023-07-01 20:00:00,0,,0,,,,,,,,,,,,,,,,,,,,
2023-07-02 00:00:00,0,0.0,0,1.0,,,,,,,,,,,,,,,,,,,
2023-07-02 04:00:00,0,,0,,,,,,,,,,,,,,,,,,,,
2023-07-02 08:00:00,0,,0,,,,,,,,,,,,,,,,,,,,
2023-07-02 12:00:00,0,,0,,,,,,,,,,,,,,,,,,,,
2023-07-02 16:00:00,0,,0,,,,,,,,,,,,,,,,,,,,
2023-07-02 20:00:00,0,,0,,,,,,,,,,,,,,,,,,,,
2023-07-03 00:00:00,0,0.0,0,1.0,,,,,,,,,,,,,,,,,,,
2023-07-03 04:00:00,0,,0,,,,,,,,,,,,,,,,,,,,
2023-07-03 08:00:00,0,,0,,,,,,,,,,,,,,,,,,,,
2023-07-03 12:00:00,0,,0,,,,,,,,,,,,,,,,,,,,
2023-07-03 16:00:00,0,,0,,,,,,,,,,,,,,,,,,,,
2023-07-03 20:00:00,0,,0,,,,,,,,,,,,,,,,,,,,
2023-07-04 00:00:00,0,0.0,0,1.0,,,,,,,,,,,,,,,,,,,
2023-07-04 04:00:00,0,,0,,,,,,,,,,,,,,,,,,,,
2023-07-04 08:00:00,0,,0,,,,,,,,,,,,,,,,,,,,
2023-07-04 12:00:00,0,,0,,,,,,,,,,,,,,,,,,,,
2023-07-04 16:00:00,0,,0,,,,,,,,,,,,,,,,,,,,
2023-07-04 20:00:00,0,,0,,,,,,,,,,,,,,,,,,,,
2023-07-05 00:00:00,0,0.0,0,0.0,,,,,,,,,,,,,,,,,,,
2023-07-05 04:00:00,0,,0,,,,,,,,,,,,,,,,,,,,
2023-07-05 08:00:00,0,,0,,,,,,,,,,,,,,,,,,,,
2023-07-05 12:00:00,0,,0,,,,,,,,,,,,,,,,,,,,
2023-07-05 16:00:00,0,,0,,,,,,,,,,,,,,,,,,,,
2023-07-05 20:00:00,0,,0,,,,,,,,,,,,,,,,,,,,
2023-07-06 00:00:00,0,0.0,0,0.0,,,,,,,,,,,,,,,,,,,
2023-07-06 04:00:00,0,,0,,,,,,,,,,,,,,,,,,,,
2023-07-06 08:00:00,0,,0,,,,,,,,,,,,,,,,,,,,
2023-07-06 12:00:00,0,,0,,,,,,,,,,,,,,,,,,,,
2023-07-06 16:00:00,0,,0,,,,,,,,,,,,,,,,,,,,
2023-07-06 20:00:00,0,,0,,,,,,,,,,,,,,,,,,,,
2023-07-07 00:00:00,0,0.0,0,0.0,,,,,,,,,,,,,,,,,,,
2023-07-07 04:00:00,0,,0,,,,,,,,,,,,,,,,,,,,
2023-07-07 08:00:00,0,,0,,,,,,,,,,,,,,,,,,,,
2023-07-07 12:00:00,0,,0,,,,,,,,,,,,,,,,,,,,
2023-07-07 16:00:00,0,,0,,,,,,,,,,,,,,,,,,,,
2023-07-07 20:00:00,0,,0,,,,,,,,,,,,,,,,,,,,
2023-07-08 00:00:00,0,0.0,0,0.0,,,,,,,,,,,,,,,,,,,
2023-07-08 04:00:00,0,,0,,,,,,,,,,,,,,,,,,,,
2023-07-08 08:00:00,0,,0,,,,,,,,,,,,,,,,,,,,
2023-07-08 12:00:00,0,,0,,,,,,,,,,,,,,,,,,,,
2023-07-08 16:00:00,0,,0,,,,,,,,,,,,,,,,,,,,
2023-07-08 20:00:00,0,,0,,,,,,,,,,,,,,,,,,,,
2023-07-09 00:00:00,0,0.0,0,0.0,,,,,,,,,,,,,,,,,,,
2023-07-09 04:00:00,0,,0,,,,,,,,,,,,,,,,,,,,
2023-07-09 08:00:00,0,,0,,,,,,,,,,,,,,,,,,,,
2023-07-09 12:00:00,0,,0,,,,,,,,,,,,,,,,,,,,
2023-07-09 16:00:00,0,,0,,,,,,,,,,,,,,,,,,,,
2023-07-09 20:00:00,0,,0,,,,,,,,,,,,,,,,,,,,
2023-07-10 00:00:00,0,4.0,0,0.0,,,,,,,,,,,,,,,,,,,
2023-07-10 04:00:00,2,,1,,,,,,,,,,,,,,,,,,,,
2023-07-10 08:00:00,0,,0,,,,,,,,,,,,,,,,,,,,
2023-07-10 12:00:00,1,,1,,,,,,,,,,,,,,,,,,,,
2023-07-10 16:00:00,1,,1,,,,,,,,,,,,,,,,,,,,
2023-07-10 20:00:00,0,,0,,,,,,,,,,,,,,,,,,,,
2023-07-11 00:00:00,0,2.0,0,1.0,,,,,,,,,,,,,,,,,,,
2023-07-11 04:00:00,0,,0,,,,,,,,,,,,,,,,,,,,
2023-07-11 08:00:00,0,,0,,,,,,,,,,,,,,,,,,,,
2023-07-11 12:00:00,1,,1,,,,,,,,,,,,,,,,,,,,
2023-07-11 16:00:00,1,,1,,,,,,,,,,,,,,,,,,,,
2023-07-11 20:00:00,0,,0,,,,,,,,,,,,,,,,,,,,
2023-07-12 00:00:00,0,7.0,0,1.0,,,,,,,,,,,,,,,,,,,
2023-07-12 04:00:00,0,,0,,,,,,,,,,,,,,,,,,,,
2023-07-12 08:00:00,0,,0,,,,,,,,,,,,,,,,,,,,
2023-07-12 12:00:00,0,,0,,,,,,,,,,,,,,,,,,,,
2023-07-12 16:00:00,1,,1,,,,,,,,,,,,,,,,,,,,
2023-07-12 20:00:00,6,,1,,,,,,,,,,,,,,,,,,,,
2023-07-13 00:00:00,0,2.0,0,3.0,,,,,,,,,,,,,,,,,,,
2023-07-13 04:00:00,0,,0,,,,,,,,,,,,,,,,,,,,
2023-07-13 08:00:00,0,,0,,,,,,,,,,,,,,,,,,,,
2023-07-13 12:00:00,0,,0,,,,,,,,,,,,,,,,,,,,
2023-07-13 16:00:00,2,,1,,,,,,,,,,,,,,,,,,,,
2023-07-13 20:00:00,0,,0,,,,,,,,,,,,,,,,,,,,
2023-07-14 00:00:00,0,2.0,0,3.0,,,,,,,,,,,,,,,,,,,
2023-07-14 04:00:00,0,,0,,,,,,,,,,,,,,,,,,,,
2023-07-14 08:00:00,0,,0,,,,,,,,,,,,,,,,,,,,
2023-07-14 12:00:00,0,,0,,,,,,,,,,,,,,,,,,,,
2023-07-14 16:00:00,2,,1,,,,,,,,,,,,,,,,,,,,
2023-07-14 20:00:00,0,,0,,,,,,,,,,,,,,,,,,,,
2023-07-15 00:00:00,0,0.0,0,3.0,,,,,,,,,,,,,,,,,,,
2023-07-15 04:00:00,0,,0,,,,,,,,,,,,,,,,,,,,
2023-07-15 08:00:00,0,,0,,,,,,,,,,,,,,,,,,,,
2023-07-15 12:00:00,0,,0,,,,,,,,,,,,,,,,,,,,
2023-07-15 16:00:00,0,,0,,,,,,,,,,,,,,,,,,,,
2023-07-15 20:00:00,0,,0,,,,,,,,,,,,,,,,,,,,
2023-07-16 00:00:00,0,0.0,0,3.0,,,,,,,,,,,,,,,,,,,
2023-07-16 04:00:00,0,,0,,,,,,,,,,,,,,,,,,,,
2023-07-16 08:00:00,0,,0,,,,,,,,,,,,,,,,,,,,
2023-07-16 12:00:00,0,,0,,,,,,,,,,,,,,,,,,,,
2023-07-16 16:00:00,0,,0,,,,,,,,,,,,,,,,,,,,
2023-07-16 20:00:00,0,,0,,,,,,,,,,,,,,,,,,,,
2023-07-17 00:00:00,0,3.0,0,3.0,,,,,,,,,,,,,,,,,,,
2023-07-17 04:00:00,0,,0,,,,,,,,,,,,,,,,,,,,
2023-07-17 08:00:00,0,,0,,,,,,,,,,,,,,,,,,,,
2023-07-17 12:00:00,0,,0,,,,,,,,,,,,,,,,,,,,
2023-07-17 16:00:00,0,,0,,,,,,,,,,,,,,,,,,,,
2023-07-17 20:00:00,3,,1,,,,,,,,,,,,,,,,,,,,
2023-07-18 00:00:00,0,0.0,0,3.0,,,,,,,,,,,,,,,,,,,
2023-07-18 04:00:00,0,,0,,,,,,,,,,,,,,,,,,,,
2023-07-18 08:00:00,0,,0,,,,,,,,,,,,,,,,,,,,
2023-07-18 12:00:00,0,,0,,,,,,,,,,,,,,,,,,,,
2023-07-18 16:00:00,0,,0,,,,,,,,,,,,,,,,,,,,
2023-07-18 20:00:00,0,,0,,,,,,,,,,,,,,,,,,,,
2023-07-19 00:00:00,0,8.0,0,2.0,,,,,,,,,,,,,,,,,,,
2023-07-19 04:00:00,0,,0,,,,,,,,,,,,,,,,,,,,
2023-07-19 08:00:00,0,,0,,,,,,,,,,,,,,,,,,,,
2023-07-19 12:00:00,6,,1,,,,,,,,,,,,,,,,,,,,
2023-07-19 16:00:00,0,,0,,,,,,,,,,,,,,,,,,,,
2023-07-19 20:00:00,2,,2,,,,,,,,,,,,,,,,,,,,
2023-07-20 00:00:00,0,5.0,0,3.0,,,,,,,,,,,,,,,,,,,
2023-07-20 04:00:00,0,,0,,,,,,,,,,,,,,,,,,,,
2023-07-20 08:00:00,0,,0,,,,,,,,,,,,,,,,,,,,
2023-07-20 12:00:00,0,,0,,,,,,,,,,,,,,,,,,,,
2023-07-20 16:00:00,2,,1,,,,,,,,,,,,,,,,,,,,
2023-07-20 20:00:00,3,,1,,,,,,,,,,,,,,,,,,,,
2023-07-21 00:00:00,0,9.0,0,3.0,,,,,,,,,,,,,,,,,,,
2023-07-21 04:00:00,0,,0,,,,,,,,,,,,,,,,,,,,
2023-07-21 08:00:00,0,,0,,,,,,,,,,,,,,,,,,,,
2023-07-21 12:00:00,3,,2,,,,,,,,,,,,,,,,,,,,
2023-07-21 16:00:00,0,,0,,,,,,,,,,,,,,,,,,,,
2023-07-21 20:00:00,6,,2,,,,,,,,,,,,,,,,,,,,
2023-07-22 00:00:00,0,0.0,0,4.0,,,,,,,,,,,,,,,,,,,
2023-07-22 04:00:00,0,,0,,,,,,,,,,,,,,,,,,,,
2023-07-22 08:00:00,0,,0,,,,,,,,,,,,,,,,,,,,
2023-07-22 12:00:00,0,,0,,,,,,,,,,,,,,,,,,,,
2023-07-22 16:00:00,0,,0,,,,,,,,,,,,,,,,,,,,
2023-07-22 20:00:00,0,,0,,,,,,,,,,,,,,,,,,,,
2023-07-23 00:00:00,0,0.0,0,4.0,,,,,,,,,,,,,,,,,,,
2023-07-23 04:00:00,0,,0,,,,,,,,,,,,,,,,,,,,
2023-07-23 08:00:00,0,,0,,,,,,,,,,,,,,,,,,,,
2023-07-23 12:00:00,0,,0,,,,,,,,,,,,,,,,,,,,
2023-07-23 16:00:00,0,,0,,,,,,,,,,,,,,,,,,,,
2023-07-23 20:00:00,0,,0,,,,,,,,,,,,,,,,,,,,
2023-07-24 00:00:00,0,14.0,0,4.0,,,,,,,,,,,,,,,,,,,
2023-07-24 04:00:00,0,,0,,,,,,,,,,,,,,,,,,,,
2023-07-24 08:00:00,0,,0,,,,,,,,,,,,,,,,,,,,
2023-07-24 12:00:00,0,,0,,,,,,,,,,,,,,,,,,,,
2023-07-24 16:00:00,7,,2,,,,,,,,,,,,,,,,,,,,
2023-07-24 20:00:00,7,,1,,,,,,,,,,,,,,,,,,,,
2023-07-25 00:00:00,0,18.0,0,4.0,,,,,,,,,,,,,,,,,,,
2023-07-25 04:00:00,0,,0,,,,,,,,,,,,,,,,,,,,
2023-07-25 08:00:00,0,,0,,,,,,,,,,,,,,,,,,,,
2023-07-25 12:00:00,5,,2,,,,,,,,,,,,,,,,,,,,
2023-07-25 16:00:00,5,,2,,,,,,,,,,,,,,,,,,,,
2023-07-25 20:00:00,8,,2,,,,,,,,,,,,,,,,,,,,
2023-07-26 00:00:00,0,29.0,0,4.0,,,,,,,,,,,,,,,,,,,
2023-07-26 04:00:00,0,,0,,,,,,,,,,,,,,,,,,,,
2023-07-26 08:00:00,0,,0,,,,,,,,,,,,,,,,,,,,
2023-07-26 12:00:00,3,,1,,,,,,,,,,,,,,,,,,,,
2023-07-26 16:00:00,6,,3,,,,,,,,,,,,,,,,,,,,
2023-07-26 20:00:00,20,,2,,,,,,,,,,,,,,,,,,,,
2023-07-27 00:00:00,0,2.0,0,3.0,,,,,,,,,,,,,,,,,,,
2023-07-27 04:00:00,0,,0,,,,,,,,,,,,,,,,,,,,
2023-07-27 08:00:00,0,,0,,,,,,,,,,,,,,,,,,,,
2023-07-27 12:00:00,1,,1,,,,,,,,,,,,,,,,,,,,
2023-07-27 16:00:00,0,,0,,,,,,,,,,,,,,,,,,,,
2023-07-27 20:00:00,1,,1,,,,,,,,,,,,,,,,,,,,
2023-07-28 00:00:00,0,0.0,0,4.0,,,,,,,,,,,,,,,,,,,
2023-07-28 04:00:00,0,,0,,,,,,,,,,,,,,,,,,,,
2023-07-28 08:00:00,0,,0,,,,,,,,,,,,,,,,,,,,
2023-07-28 12:00:00,0,,0,,,,,,,,,,,,,,,,,,,,
2023-07-28 16:00:00,0,,0,,,,,,,,,,,,,,,,,,,,
2023-07-28 20:00:00,0,,0,,,,,,,,,,,,,,,,,,,,
2023-07-29 00:00:00,0,0.0,0,4.0,,,,,,,,,,,,,,,,,,,
2023-07-29 04:00:00,0,,0,,,,,,,,,,,,,,,,,,,,
2023-07-29 08:00:00,0,,0,,,,,,,,,,,,,,,,,,,,
2023-07-29 12:00:00,0,,0,,,,,,,,,,,,,,,,,,,,
2023-07-29 16:00:00,0,,0,,,,,,,,,,,,,,,,,,,,
2023-07-29 20:00:00,0,,0,,,,,,,,,,,,,,,,,,,,
2023-07-30 00:00:00,0,0.0,0,4.0,,,,,,,,,,,,,,,,,,,
2023-07-30 04:00:00,0,,0,,,,,,,,,,,,,,,,,,,,
2023-07-30 08:00:00,0,,0,,,,,,,,,,,,,,,,,,,,
2023-07-30 12:00:00,0,,0,,,,,,,,,,,,,,,,,,,,
2023-07-30 16:00:00,0,,0,,,,,,,,,,,,,,,,,,,,
2023-07-30 20:00:00,0,,0,,,,,,,,,,,,,,,,,,,,
2023-07-31 00:00:00,0,29.0,0,4.0,,,,,,,,,,,,,,,,,,,
2023-07-31 04:00:00,0,,0,,,,,,,,,,,,,,,,,,,,
2023-07-31 08:00:00,0,,0,,,,,,,,,,,,,,,,,,,,
2023-07-31 12:00:00,0,,0,,,,,,,,,,,,,,,,,,,,
2023-07-31 16:00:00,13,,4,,,,,,,,,,,,,,,,,,,,
2023-07-31 20:00:00,16,,4,,,,,,,,,,,,,,,,,,,,
2023-08-01 00:00:00,0,23.0,0,5.0,,,,,,,,,,,,,,,,,,,
2023-08-01 04:00:00,5,,1,,,,,,,,,,,,,,,,,,,,
2023-08-01 08:00:00,0,,0,,,,,,,,,,,,,,,,,,,,
2023-08-01 12:00:00,7,,3,,,,,,,,,,,,,,,,,,,,
2023-08-01 16:00:00,9,,2,,,,,,,,,,,,,,,,,,,,
2023-08-01 20:00:00,2,,1,,,,,,,,,,,,,,,,,,,,
2023-08-02 00:00:00,0,29.0,0,5.0,,,,,,,,,,,,,,,,,,,
2023-08-02 04:00:00,0,,0,,,,,,,,,,,,,,,,,,,,
2023-08-02 08:00:00,0,,0,,,,,,,,,,,,,,,,,,,,
2023-08-02 12:00:00,4,,1,,,,,,,,,,,,,,,,,,,,
2023-08-02 16:00:00,10,,2,,,,,,,,,,,,,,,,,,,,
2023-08-02 20:00:00,15,,2,,,,,,,,,,,,,,,,,,,,
2023-08-03 00:00:00,0,33.0,0,4.0,,,,,,,,,,,,,,,,,,,
2023-08-03 04:00:00,0,,0,,,,,,,,,,,,,,,,,,,,
2023-08-03 08:00:00,0,,0,,,,,,,,,,,,,,,,,,,,
2023-08-03 12:00:00,8,,1,,,,,,,,,,,,,,,,,,,,
2023-08-03 16:00:00,17,,2,,,,,,,,,,,,,,,,,,,,
2023-08-03 20:00:00,8,,2,,,,,,,,,,,,,,,,,,,,
2023-08-04 00:00:00,0,0.0,0,4.0,,,,,,,,,,,,,,,,,,,
2023-08-04 04:00:00,0,,0,,,,,,,,,,,,,,,,,,,,
2023-08-04 08:00:00,0,,0,,,,,,,,,,,,,,,,,,,,
2023-08-04 12:00:00,0,,0,,,,,,,,,,,,,,,,,,,,
2023-08-04 16:00:00,0,,0,,,,,,,,,,,,,,,,,,,,
2023-08-04 20:00:00,0,,0,,,,,,,,,,,,,,,,,,,,
2023-08-05 00:00:00,0,0.0,0,4.0,,,,,,,,,,,,,,,,,,,
2023-08-05 04:00:00,0,,0,,,,,,,,,,,,,,,,,,,,
2023-08-05 08:00:00,0,,0,,,,,,,,,,,,,,,,,,,,
2023-08-05 12:00:00,0,,0,,,,,,,,,,,,,,,,,,,,
2023-08-05 16:00:00,0,,0,,,,,,,,,,,,,,,,,,,,
2023-08-05 20:00:00,0,,0,,,,,,,,,,,,,,,,,,,,
2023-08-06 00:00:00,0,0.0,0,4.0,,,,,,,,,,,,,,,,,,,
2023-08-06 04:00:00,0,,0,,,,,,,,,,,,,,,,,,,,
2023-08-06 08:00:00,0,,0,,,,,,,,,,,,,,,,,,,,
2023-08-06 12:00:00,0,,0,,,,,,,,,,,,,,,,,,,,
2023-08-06 16:00:00,0,,0,,,,,,,,,,,,,,,,,,,,
2023-08-06 20:00:00,0,,0,,,,,,,,,,,,,,,,,,,,
2023-08-07 00:00:00,0,0.0,0,4.0,,,,,,,,,,,,,,,,,,,
2023-08-07 04:00:00,0,,0,,,,,,,,,,,,,,,,,,,,
2023-08-07 08:00:00,0,,0,,,,,,,,,,,,,,,,,,,,
2023-08-07 12:00:00,0,,0,,,,,,,,,,,,,,,,,,,,
2023-08-07 16:00:00,0,,0,,,,,,,,,,,,,,,,,,,,
2023-08-07 20:00:00,0,,0,,,,,,,,,,,,,,,,,,,,
2023-08-08 00:00:00,0,0.0,0,3.0,,,,,,,,,,,,,,,,,,,
2023-08-08 04:00:00,0,,0,,,,,,,,,,,,,,,,,,,,
2023-08-08 08:00:00,0,,0,,,,,,,,,,,,,,,,,,,,
2023-08-08 12:00:00,0,,0,,,,,,,,,,,,,,,,,,,,
2023-08-08 16:00:00,0,,0,,,,,,,,,,,,,,,,,,,,
2023-08-08 20:00:00,0,,0,,,,,,,,,,,,,,,,,,,,
2023-08-09 00:00:00,0,0.0,0,2.0,,,,,,,,,,,,,,,,,,,
2023-08-09 04:00:00,0,,0,,,,,,,,,,,,,,,,,,,,
2023-08-09 08:00:00,0,,0,,,,,,,,,,,,,,,,,,,,
2023-08-09 12:00:00,0,,0,,,,,,,,,,,,,,,,,,,,
2023-08-09 16:00:00,0,,0,,,,,,,,,,,,,,,,,,,,
2023-08-09 20:00:00,0,,0,,,,,,,,,,,,,,,,,,,,
2023-08-10 00:00:00,0,6.0,0,2.0,,,,,,,,,,,,,,,,,,,
2023-08-10 04:00:00,0,,0,,,,,,,,,,,,,,,,,,,,
2023-08-10 08:00:00,0,,0,,,,,,,,,,,,,,,,,,,,
2023-08-10 12:00:00,0,,0,,,,,,,,,,,,,,,,,,,,
2023-08-10 16:00:00,5,,2,,,,,,,,,,,,,,,,,,,,
2023-08-10 20:00:00,1,,1,,,,,,,,,,,,,,,,,,,,
2023-08-11 00:00:00,0,0.0,0,2.0,,,,,,,,,,,,,,,,,,,
2023-08-11 04:00:00,0,,0,,,,,,,,,,,,,,,,,,,,
2023-08-11 08:00:00,0,,0,,,,,,,,,,,,,,,,,,,,
2023-08-11 12:00:00,0,,0,,,,,,,,,,,,,,,,,,,,
2023-08-11 16:00:00,0,,0,,,,,,,,,,,,,,,,,,,,
2023-08-11 20:00:00,0,,0,,,,,,,,,,,,,,,,,,,,
2023-08-12 00:00:00,0,0.0,0,2.0,,,,,,,,,,,,,,,,,,,
2023-08-12 04:00:00,0,,0,,,,,,,,,,,,,,,,,,,,
2023-08-12 08:00:00,0,,0,,,,,,,,,,,,,,,,,,,,
2023-08-12 12:00:00,0,,0,,,,,,,,,,,,,,,,,,,,
2023-08-12 16:00:00,0,,0,,,,,,,,,,,,,,,,,,,,
2023-08-12 20:00:00,0,,0,,,,,,,,,,,,,,,,,,,,
2023-08-13 00:00:00,0,0.0,0,2.0,,,,,,,,,,,,,,,,,,,
2023-08-13 04:00:00,0,,0,,,,,,,,,,,,,,,,,,,,
2023-08-13 08:00:00,0,,0,,,,,,,,,,,,,,,,,,,,
2023-08-13 12:00:00,0,,0,,,,,,,,,,,,,,,,,,,,
2023-08-13 16:00:00,0,,0,,,,,,,,,,,,,,,,,,,,
2023-08-13 20:00:00,0,,0,,,,,,,,,,,,,,,,,,,,
2023-08-14 00:00:00,0,0.0,0,2.0,,,,,,,,,,,,,,,,,,,
2023-08-14 04:00:00,0,,0,,,,,,,,,,,,,,,,,,,,
2023-08-14 08:00:00,0,,0,,,,,,,,,,,,,,,,,,,,
2023-08-14 12:00:00,0,,0,,,,,,,,,,,,,,,,,,,,
2023-08-14 16:00:00,0,,0,,,,,,,,,,,,,,,,,,,,
2023-08-14 20:00:00,0,,0,,,,,,,,,,,,,,,,,,,,
2023-08-15 00:00:00,0,2.0,0,2.0,,,,,,,,,,,,,,,,,,,
2023-08-15 04:00:00,0,,0,,,,,,,,,,,,,,,,,,,,
2023-08-15 08:00:00,0,,0,,,,,,,,,,,,,,,,,,,,
2023-08-15 12:00:00,1,,1,,,,,,,,,,,,,,,,,,,,
2023-08-15 16:00:00,1,,1,,,,,,,,,,,,,,,,,,,,
2023-08-15 20:00:00,0,,0,,,,,,,,,,,,,,,,,,,,
2023-08-16 00:00:00,0,0.0,0,4.0,,,,,,,,,,,,,,,,,,,
2023-08-16 04:00:00,0,,0,,,,,,,,,,,,,,,,,,,,
2023-08-16 08:00:00,0,,0,,,,,,,,,,,,,,,,,,,,
2023-08-16 12:00:00,0,,0,,,,,,,,,,,,,,,,,,,,
2023-08-16 16:00:00,0,,0,,,,,,,,,,,,,,,,,,,,
2023-08-16 20:00:00,0,,0,,,,,,,,,,,,,,,,,,,,
2023-08-17 00:00:00,0,1.0,0,4.0,,,,,,,,,,,,,,,,,,,
2023-08-17 04:00:00,0,,0,,,,,,,,,,,,,,,,,,,,
2023-08-17 08:00:00,0,,0,,,,,,,,,,,,,,,,,,,,
2023-08-17 12:00:00,1,,1,,,,,,,,,,,,,,,,,,,,
2023-08-17 16:00:00,0,,0,,,,,,,,,,,,,,,,,,,,
2023-08-17 20:00:00,0,,0,,,,,,,,,,,,,,,,,,,,
2023-08-18 00:00:00,0,0.0,0,3.0,,,,,,,,,,,,,,,,,,,
2023-08-18 04:00:00,0,,0,,,,,,,,,,,,,,,,,,,,
2023-08-18 08:00:00,0,,0,,,,,,,,,,,,,,,,,,,,
2023-08-18 12:00:00,0,,0,,,,,,,,,,,,,,,,,,,,
2023-08-18 16:00:00,0,,0,,,,,,,,,,,,,,,,,,,,
2023-08-18 20:00:00,0,,0,,,,,,,,,,,,,,,,,,,,
2023-08-19 00:00:00,0,0.0,0,3.0,,,,,,,,,,,,,,,,,,,
2023-08-19 04:00:00,0,,0,,,,,,,,,,,,,,,,,,,,
2023-08-19 08:00:00,0,,0,,,,,,,,,,,,,,,,,,,,
2023-08-19 12:00:00,0,,0,,,,,,,,,,,,,,,,,,,,
2023-08-19 16:00:00,0,,0,,,,,,,,,,,,,,,,,,,,
2023-08-19 20:00:00,0,,0,,,,,,,,,,,,,,,,,,,,
2023-08-20 00:00:00,0,0.0,0,3.0,,,,,,,,,,,,,,,,,,,
2023-08-20 04:00:00,0,,0,,,,,,,,,,,,,,,,,,,,
2023-08-20 08:00:00,0,,0,,,,,,,,,,,,,,,,,,,,
2023-08-20 12:00:00,0,,0,,,,,,,,,,,,,,,,,,,,
2023-08-20 16:00:00,0,,0,,,,,,,,,,,,,,,,,,,,
2023-08-20 20:00:00,0,,0,,,,,,,,,,,,,,,,,,,,
2023-08-21 00:00:00,0,0.0,0,3.0,,,,,,,,,,,,,,,,,,,
2023-08-21 04:00:00,0,,0,,,,,,,,,,,,,,,,,,,,
2023-08-21 08:00:00,0,,0,,,,,,,,,,,,,,,,,,,,
2023-08-21 12:00:00,0,,0,,,,,,,,,,,,,,,,,,,,
2023-08-21 16:00:00,0,,0,,,,,,,,,,,,,,,,,,,,
2023-08-21 20:00:00,0,,0,,,,,,,,,,,,,,,,,,,,
2023-08-22 00:00:00,0,0.0,0,3.0,,,,,,,,,,,,,,,,,,,
2023-08-22 04:00:00,0,,0,,,,,,,,,,,,,,,,,,,,
2023-08-22 08:00:00,0,,0,,,,,,,,,,,,,,,,,,,,
2023-08-22 12:00:00,0,,0,,,,,,,,,,,,,,,,,,,,
2023-08-22 16:00:00,0,,0,,,,,,,,,,,,,,,,,,,,
2023-08-22 20:00:00,0,,0,,,,,,,,,,,,,,,,,,,,
2023-08-23 00:00:00,0,0.0,0,1.0,,,,,,,,,,,,,,,,,,,
2023-08-23 04:00:00,0,,0,,,,,,,,,,,,,,,,,,,,
2023-08-23 08:00:00,0,,0,,,,,,,,,,,,,,,,,,,,
2023-08-23 12:00:00,0,,0,,,,,,,,,,,,,,,,,,,,
2023-08-23 16:00:00,0,,0,,,,,,,,,,,,,,,,,,,,
2023-08-23 20:00:00,0,,0,,,,,,,,,,,,,,,,,,,,
2023-08-24 00:00:00,0,0.0,0,1.0,,,,,,,,,,,,,,,,,,,
2023-08-24 04:00:00,0,,0,,,,,,,,,,,,,,,,,,,,
2023-08-24 08:00:00,0,,0,,,,,,,,,,,,,,,,,,,,
2023-08-24 12:00:00,0,,0,,,,,,,,,,,,,,,,,,,,
2023-08-24 16:00:00,0,,0,,,,,,,,,,,,,,,,,,,,
2023-08-24 20:00:00,0,,0,,,,,,,,,,,,,,,,,,,,
2023-08-25 00:00:00,0,0.0,0,0.0,,,,,,,,,,,,,,,,,,,
2023-08-25 04:00:00,0,,0,,,,,,,,,,,,,,,,,,,,
2023-08-25 08:00:00,0,,0,,,,,,,,,,,,,,,,,,,,
2023-08-25 12:00:00,0,,0,,,,,,,,,,,,,,,,,,,,
2023-08-25 16:00:00,0,,0,,,,,,,,,,,,,,,,,,,,
2023-08-25 20:00:00,0,,0,,,,,,,,,,,,,,,,,,,,
2023-08-26 00:00:00,0,0.0,0,0.0,,,,,,,,,,,,,,,,,,,
2023-08-26 04:00:00,0,,0,,,,,,,,,,,,,,,,,,,,
2023-08-26 08:00:00,0,,0,,,,,,,,,,,,,,,,,,,,
2023-08-26 12:00:00,0,,0,,,,,,,,,,,,,,,,,,,,
2023-08-26 16:00:00,0,,0,,,,,,,,,,,,,,,,,,,,
2023-08-26 20:00:00,0,,0,,,,,,,,,,,,,,,,,,,,
2023-08-27 00:00:00,0,0.0,0,0.0,,,,,,,,,,,,,,,,,,,
2023-08-27 04:00:00,0,,0,,,,,,,,,,,,,,,,,,,,
2023-08-27 08:00:00,0,,0,,,,,,,,,,,,,,,,,,,,
2023-08-27 12:00:00,0,,0,,,,,,,,,,,,,,,,,,,,
2023-08-27 16:00:00,0,,0,,,,,,,,,,,,,,,,,,,,
2023-08-27 20:00:00,0,,0,,,,,,,,,,,,,,,,,,,,
2023-08-28 00:00:00,0,3.0,0,0.0,,,,,,,,,,,,,,,,,,,
2023-08-28 04:00:00,0,,0,,,,,,,,,,,,,,,,,,,,
2023-08-28 08:00:00,0,,0,,,,,,,,,,,,,,,,,,,,
2023-08-28 12:00:00,0,,0,,,,,,,,,,,,,,,,,,,,
2023-08-28 16:00:00,0,,0,,,,,,,,,,,,,,,,,,,,
2023-08-28 20:00:00,3,,2,,,,,,,,,,,,,,,,,,,,
2023-08-29 00:00:00,0,7.0,0,2.0,,,,,,,,,,,,,,,,,,,
2023-08-29 04:00:00,0,,0,,,,,,,,,,,,,,,,,,,,
2023-08-29 08:00:00,0,,0,,,,,,,,,,,,,,,,,,,,
2023-08-29 12:00:00,0,,0,,,,,,,,,,,,,,,,,,,,
2023-08-29 16:00:00,3,,1,,,,,,,,,,,,,,,,,,,,
2023-08-29 20:00:00,4,,1,,,,,,,,,,,,,,,,,,,,
2023-08-30 00:00:00,0,0.0,0,3.0,,,,,,,,,,,,,,,,,,,
2023-08-30 04:00:00,0,,0,,,,,,,,,,,,,,,,,,,,
2023-08-30 08:00:00,0,,0,,,,,,,,,,,,,,,,,,,,
2023-08-30 12:00:00,0,,0,,,,,,,,,,,,,,,,,,,,
2023-08-30 16:00:00,0,,0,,,,,,,,,,,,,,,,,,,,
2023-08-30 20:00:00,0,,0,,,,,,,,,,,,,,,,,,,,
2023-08-31 00:00:00,0,0.0,0,3.0,,,,,,,,,,,,,,,,,,,
2023-08-31 04:00:00,0,,0,,,,,,,,,,,,,,,,,,,,
2023-08-31 08:00:00,0,,0,,,,,,,,,,,,,,,,,,,,
2023-08-31 12:00:00,0,,0,,,,,,,,,,,,,,,,,,,,
2023-08-31 16:00:00,0,,0,,,,,,,,,,,,,,,,,,,,
2023-08-31 20:00:00,0,,0,,,,,,,,,,,,,,,,,,,,
2023-09-01 00:00:00,0,0.0,0,3.0,,,,,,,,,,,,,,,,,,,
2023-09-01 04:00:00,0,,0,,,,,,,,,,,,,,,,,,,,
2023-09-01 08:00:00,0,,0,,,,,,,,,,,,,,,,,,,,
2023-09-01 12:00:00,0,,0,,,,,,,,,,,,,,,,,,,,
2023-09-01 16:00:00,0,,0,,,,,,,,,,,,,,,,,,,,
2023-09-01 20:00:00,0,,0,,,,,,,,,,,,,,,,,,,,
2023-09-02 00:00:00,0,0.0,0,3.0,,,,,,,,,,,,,,,,,,,
2023-09-02 04:00:00,0,,0,,,,,,,,,,,,,,,,,,,,
2023-09-02 08:00:00,0,,0,,,,,,,,,,,,,,,,,,,,
2023-09-02 12:00:00,0,,0,,,,,,,,,,,,,,,,,,,,
2023-09-02 16:00:00,0,,0,,,,,,,,,,,,,,,,,,,,
2023-09-02 20:00:00,0,,0,,,,,,,,,,,,,,,,,,,,
2023-09-03 00:00:00,0,0.0,0,3.0,,,,,,,,,,,,,,,,,,,
2023-09-03 04:00:00,0,,0,,,,,,,,,,,,,,,,,,,,
2023-09-03 08:00:00,0,,0,,,,,,,,,,,,,,,,,,,,
2023-09-03 12:00:00,0,,0,,,,,,,,,,,,,,,,,,,,
2023-09-03 16:00:00,0,,0,,,,,,,,,,,,,,,,,,,,
2023-09-03 20:00:00,0,,0,,,,,,,,,,,,,,,,,,,,
2023-09-04 00:00:00,0,2.0,0,3.0,,,,,,,,,,,,,,,,,,,
2023-09-04 04:00:00,0,,0,,,,,,,,,,,,,,,,,,,,
2023-09-04 08:00:00,0,,0,,,,,,,,,,,,,,,,,,,,
2023-09-04 12:00:00,0,,0,,,,,,,,,,,,,,,,,,,,
2023-09-04 16:00:00,2,,1,,,,,,,,,,,,,,,,,,,,
2023-09-04 20:00:00,0,,0,,,,,,,,,,,,,,,,,,,,
2023-09-05 00:00:00,0,4.0,0,2.0,,,,,,,,,,,,,,,,,,,
2023-09-05 04:00:00,0,,0,,,,,,,,,,,,,,,,,,,,
2023-09-05 08:00:00,0,,0,,,,,,,,,,,,,,,,,,,,
2023-09-05 12:00:00,0,,0,,,,,,,,,,,,,,,,,,,,
2023-09-05 16:00:00,4,,1,,,,,,,,,,,,,,,,,,,,
2023-09-05 20:00:00,0,,0,,,,,,,,,,,,,,,,,,,,
2023-09-06 00:00:00,1,6.0,1,1.0,,,,,,,,,,,,,,,,,,,
2023-09-06 04:00:00,0,,0,,,,,,,,,,,,,,,,,,,,
2023-09-06 08:00:00,0,,0,,,,,,,,,,,,,,,,,,,,
2023-09-06 12:00:00,0,,0,,,,,,,,,,,,,,,,,,,,
2023-09-06 16:00:00,0,,0,,,,,,,,,,,,,,,,,,,,
2023-09-06 20:00:00,5,,1,,,,,,,,,,,,,,,,,,,,
2023-09-07 00:00:00,6,7.0,1,2.0,,,,,,,,,,,,,,,,,,,
2023-09-07 04:00:00,0,,0,,,,,,,,,,,,,,,,,,,,
2023-09-07 08:00:00,0,,0,,,,,,,,,,,,,,,,,,,,
2023-09-07 12:00:00,0,,0,,,,,,,,,,,,,,,,,,,,
2023-09-07 16:00:00,1,,1,,,,,,,,,,,,,,,,,,,,
2023-09-07 20:00:00,0,,0,,,,,,,,,,,,,,,,,,,,
2023-09-08 00:00:00,0,0.0,0,3.0,,,,,,,,,,,,,,,,,,,
2023-09-08 04:00:00,0,,0,,,,,,,,,,,,,,,,,,,,
2023-09-08 08:00:00,0,,0,,,,,,,,,,,,,,,,,,,,
2023-09-08 12:00:00,0,,0,,,,,,,,,,,,,,,,,,,,
2023-09-08 16:00:00,0,,0,,,,,,,,,,,,,,,,,,,,
2023-09-08 20:00:00,0,,0,,,,,,,,,,,,,,,,,,,,
2023-09-09 00:00:00,0,0.0,0,3.0,,,,,,,,,,,,,,,,,,,
2023-09-09 04:00:00,0,,0,,,,,,,,,,,,,,,,,,,,
2023-09-09 08:00:00,0,,0,,,,,,,,,,,,,,,,,,,,
2023-09-09 12:00:00,0,,0,,,,,,,,,,,,,,,,,,,,
2023-09-09 16:00:00,0,,0,,,,,,,,,,,,,,,,,,,,
2023-09-09 20:00:00,0,,0,,,,,,,,,,,,,,,,,,,,
2023-09-10 00:00:00,0,0.0,0,3.0,,,,,,,,,,,,,,,,,,,
2023-09-10 04:00:00,0,,0,,,,,,,,,,,,,,,,,,,,
2023-09-10 08:00:00,0,,0,,,,,,,,,,,,,,,,,,,,
2023-09-10 12:00:00,0,,0,,,,,,,,,,,,,,,,,,,,
2023-09-10 16:00:00,0,,0,,,,,,,,,,,,,,,,,,,,
2023-09-10 20:00:00,0,,0,,,,,,,,,,,,,,,,,,,,
2023-09-11 00:00:00,0,6.0,0,3.0,,,,,,,,,,,,,,,,,,,
2023-09-11 04:00:00,0,,0,,,,,,,,,,,,,,,,,,,,
2023-09-11 08:00:00,0,,0,,,,,,,,,,,,,,,,,,,,
2023-09-11 12:00:00,0,,0,,,,,,,,,,,,,,,,,,,,
2023-09-11 16:00:00,1,,1,,,,,,,,,,,,,,,,,,,,
2023-09-11 20:00:00,5,,1,,,,,,,,,,,,,,,,,,,,
2023-09-12 00:00:00,0,0.0,0,4.0,,,,,,,,,,,,,,,,,,,
2023-09-12 04:00:00,0,,0,,,,,,,,,,,,,,,,,,,,
2023-09-12 08:00:00,0,,0,,,,,,,,,,,,,,,,,,,,
2023-09-12 12:00:00,0,,0,,,,,,,,,,,,,,,,,,,,
2023-09-12 16:00:00,0,,0,,,,,,,,,,,,,,,,,,,,
2023-09-12 20:00:00,0,,0,,,,,,,,,,,,,,,,,,,,
2023-09-13 00:00:00,0,5.0,0,4.0,,,,,,,,,,,,,,,,,,,
2023-09-13 04:00:00,0,,0,,,,,,,,,,,,,,,,,,,,
2023-09-13 08:00:00,0,,0,,,,,,,,,,,,,,,,,,,,
2023-09-13 12:00:00,0,,0,,,,,,,,,,,,,,,,,,,,
2023-09-13 16:00:00,0,,0,,,,,,,,,,,,,,,,,,,,
2023-09-13 20:00:00,5,,2,,,,,,,,,,,,,,,,,,,,
2023-09-14 00:00:00,0,0.0,0,4.0,,,,,,,,,,,,,,,,,,,
2023-09-14 04:00:00,0,,0,,,,,,,,,,,,,,,,,,,,
2023-09-14 08:00:00,0,,0,,,,,,,,,,,,,,,,,,,,
2023-09-14 12:00:00,0,,0,,,,,,,,,,,,,,,,,,,,
2023-09-14 16:00:00,0,,0,,,,,,,,,,,,,,,,,,,,
2023-09-14 20:00:00,0,,0,,,,,,,,,,,,,,,,,,,,
2023-09-15 00:00:00,0,7.0,0,4.0,,,,,,,,,,,,,,,,,,,
2023-09-15 04:00:00,0,,0,,,,,,,,,,,,,,,,,,,,
2023-09-15 08:00:00,0,,0,,,,,,,,,,,,,,,,,,,,
2023-09-15 12:00:00,2,,1,,,,,,,,,,,,,,,,,,,,
2023-09-15 16:00:00,5,,1,,,,,,,,,,,,,,,,,,,,
2023-09-15 20:00:00,0,,0,,,,,,,,,,,,,,,,,,,,
2023-09-16 00:00:00,0,0.0,0,5.0,,,,,,,,,,,,,,,,,,,
2023-09-16 04:00:00,0,,0,,,,,,,,,,,,,,,,,,,,
2023-09-16 08:00:00,0,,0,,,,,,,,,,,,,,,,,,,,
2023-09-16 12:00:00,0,,0,,,,,,,,,,,,,,,,,,,,
2023-09-16 16:00:00,0,,0,,,,,,,,,,,,,,,,,,,,
2023-09-16 20:00:00,0,,0,,,,,,,,,,,,,,,,,,,,
2023-09-17 00:00:00,0,0.0,0,5.0,,,,,,,,,,,,,,,,,,,
2023-09-17 04:00:00,0,,0,,,,,,,,,,,,,,,,,,,,
2023-09-17 08:00:00,0,,0,,,,,,,,,,,,,,,,,,,,
2023-09-17 12:00:00,0,,0,,,,,,,,,,,,,,,,,,,,
2023-09-17 16:00:00,0,,0,,,,,,,,,,,,,,,,,,,,
2023-09-17 20:00:00,0,,0,,,,,,,,,,,,,,,,,,,,
2023-09-18 00:00:00,0,0.0,0,5.0,,,,,,,,,,,,,,,,,,,
2023-09-18 04:00:00,0,,0,,,,,,,,,,,,,,,,,,,,
2023-09-18 08:00:00,0,,0,,,,,,,,,,,,,,,,,,,,
2023-09-18 12:00:00,0,,0,,,,,,,,,,,,,,,,,,,,
2023-09-18 16:00:00,0,,0,,,,,,,,,,,,,,,,,,,,
2023-09-18 20:00:00,0,,0,,,,,,,,,,,,,,,,,,,,
2023-09-19 00:00:00,0,0.0,0,3.0,,,,,,,,,,,,,,,,,,,
2023-09-19 04:00:00,0,,0,,,,,,,,,,,,,,,,,,,,
2023-09-19 08:00:00,0,,0,,,,,,,,,,,,,,,,,,,,
2023-09-19 12:00:00,0,,0,,,,,,,,,,,,,,,,,,,,
2023-09-19 16:00:00,0,,0,,,,,,,,,,,,,,,,,,,,
2023-09-19 20:00:00,0,,0,,,,,,,,,,,,,,,,,,,,
2023-09-20 00:00:00,0,8.0,0,3.0,,,,,,,,,,,,,,,,,,,
2023-09-20 04:00:00,0,,0,,,,,,,,,,,,,,,,,,,,
2023-09-20 08:00:00,0,,0,,,,,,,,,,,,,,,,,,,,
2023-09-20 12:00:00,0,,0,,,,,,,,,,,,,,,,,,,,
2023-09-20 16:00:00,8,,3,,,,,,,,,,,,,,,,,,,,
2023-09-20 20:00:00,0,,0,,,,,,,,,,,,,,,,,,,,
2023-09-21 00:00:00,0,1.0,0,4.0,,,,,,,,,,,,,,,,,,,
2023-09-21 04:00:00,0,,0,,,,,,,,,,,,,,,,,,,,
2023-09-21 08:00:00,0,,0,,,,,,,,,,,,,,,,,,,,
2023-09-21 12:00:00,0,,0,,,,,,,,,,,,,,,,,,,,
2023-09-21 16:00:00,1,,1,,,,,,,,,,,,,,,,,,,,
2023-09-21 20:00:00,0,,0,,,,,,,,,,,,,,,,,,,,
2023-09-22 00:00:00,0,0.0,0,4.0,,,,,,,,,,,,,,,,,,,
2023-09-22 04:00:00,0,,0,,,,,,,,,,,,,,,,,,,,
2023-09-22 08:00:00,0,,0,,,,,,,,,,,,,,,,,,,,
2023-09-22 12:00:00,0,,0,,,,,,,,,,,,,,,,,,,,
2023-09-22 16:00:00,0,,0,,,,,,,,,,,,,,,,,,,,
2023-09-22 20:00:00,0,,0,,,,,,,,,,,,,,,,,,,,
2023-09-23 00:00:00,0,0.0,0,3.0,,,,,,,,,,,,,,,,,,,
2023-09-23 04:00:00,0,,0,,,,,,,,,,,,,,,,,,,,
2023-09-23 08:00:00,0,,0,,,,,,,,,,,,,,,,,,,,
2023-09-23 12:00:00,0,,0,,,,,,,,,,,,,,,,,,,,
2023-09-23 16:00:00,0,,0,,,,,,,,,,,,,,,,,,,,
2023-09-23 20:00:00,0,,0,,,,,,,,,,,,,,,,,,,,
2023-09-24 00:00:00,0,0.0,0,3.0,,,,,,,,,,,,,,,,,,,
2023-09-24 04:00:00,0,,0,,,,,,,,,,,,,,,,,,,,
2023-09-24 08:00:00,0,,0,,,,,,,,,,,,,,,,,,,,
2023-09-24 12:00:00,0,,0,,,,,,,,,,,,,,,,,,,,
2023-09-24 16:00:00,0,,0,,,,,,,,,,,,,,,,,,,,
2023-09-24 20:00:00,0,,0,,,,,,,,,,,,,,,,,,,,
2023-09-25 00:00:00,0,0.0,0,3.0,,,,,,,,,,,,,,,,,,,
2023-09-25 04:00:00,0,,0,,,,,,,,,,,,,,,,,,,,
2023-09-25 08:00:00,0,,0,,,,,,,,,,,,,,,,,,,,
2023-09-25 12:00:00,0,,0,,,,,,,,,,,,,,,,,,,,
2023-09-25 16:00:00,0,,0,,,,,,,,,,,,,,,,,,,,
2023-09-25 20:00:00,0,,0,,,,,,,,,,,,,,,,,,,,
2023-09-26 00:00:00,0,0.0,0,3.0,,,,,,,,,,,,,,,,,,,
2023-09-26 04:00:00,0,,0,,,,,,,,,,,,,,,,,,,,
2023-09-26 08:00:00,0,,0,,,,,,,,,,,,,,,,,,,,
2023-09-26 12:00:00,0,,0,,,,,,,,,,,,,,,,,,,,
2023-09-26 16:00:00,0,,0,,,,,,,,,,,,,,,,,,,,
2023-09-26 20:00:00,0,,0,,,,,,,,,,,,,,,,,,,,
2023-09-27 00:00:00,0,0.0,0,3.0,,,,,,,,,,,,,,,,,,,
2023-09-27 04:00:00,0,,0,,,,,,,,,,,,,,,,,,,,
2023-09-27 08:00:00,0,,0,,,,,,,,,,,,,,,,,,,,
2023-09-27 12:00:00,0,,0,,,,,,,,,,,,,,,,,,,,
2023-09-27 16:00:00,0,,0,,,,,,,,,,,,,,,,,,,,
2023-09-27 20:00:00,0,,0,,,,,,,,,,,,,,,,,,,,
2023-09-28 00:00:00,0,0.0,0,1.0,,,,,,,,,,,,,,,,,,,
2023-09-28 04:00:00,0,,0,,,,,,,,,,,,,,,,,,,,
2023-09-28 08:00:00,0,,0,,,,,,,,,,,,,,,,,,,,
2023-09-28 12:00:00,0,,0,,,,,,,,,,,,,,,,,,,,
2023-09-28 16:00:00,0,,0,,,,,,,,,,,,,,,,,,,,
2023-09-28 20:00:00,0,,0,,,,,,,,,,,,,,,,,,,,
2023-09-29 00:00:00,0,0.0,0,0.0,,,,,,,,,,,,,,,,,,,
2023-09-29 04:00:00,0,,0,,,,,,,,,,,,,,,,,,,,
2023-09-29 08:00:00,0,,0,,,,,,,,,,,,,,,,,,,,
2023-09-29 12:00:00,0,,0,,,,,,,,,,,,,,,,,,,,
2023-09-29 16:00:00,0,,0,,,,,,,,,,,,,,,,,,,,
2023-09-29 20:00:00,0,,0,,,,,,,,,,,,,,,,,,,,
2023-09-30 00:00:00,0,0.0,0,0.0,,,,,,,,,,,,,,,,,,,
2023-09-30 04:00:00,0,,0,,,,,,,,,,,,,,,,,,,,
2023-09-30 08:00:00,0,,0,,,,,,,,,,,,,,,,,,,,
2023-09-30 12:00:00,0,,0,,,,,,,,,,,,,,,,,,,,
2023-09-30 16:00:00,0,,0,,,,,,,,,,,,,,,,,,,,
2023-09-30 20:00:00,0,,0,,,,,,,,,,,,,,,,,,,,
2023-10-01 00:00:00,0,0.0,0,0.0,,,,,,,,,,,,,,,,,,,
2023-10-01 04:00:00,0,,0,,,,,,,,,,,,,,,,,,,,
2023-10-01 08:00:00,0,,0,,,,,,,,,,,,,,,,,,,,
2023-10-01 12:00:00,0,,0,,,,,,,,,,,,,,,,,,,,
2023-10-01 16:00:00,0,,0,,,,,,,,,,,,,,,,,,,,
2023-10-01 20:00:00,0,,0,,,,,,,,,,,,,,,,,,,,
2023-10-02 00:00:00,0,2.0,0,0.0,,,,,,,,,,,,,,,,,,,
2023-10-02 04:00:00,0,,0,,,,,,,,,,,,,,,,,,,,
2023-10-02 08:00:00,0,,0,,,,,,,,,,,,,,,,,,,,
2023-10-02 12:00:00,0,,0,,,,,,,,,,,,,,,,,,,,
2023-10-02 16:00:00,2,,1,,,,,,,,,,,,,,,,,,,,
2023-10-02 20:00:00,0,,0,,,,,,,,,,,,,,,,,,,,
2023-10-03 00:00:00,0,4.0,0,1.0,,,,,,,,,,,,,,,,,,,
2023-10-03 04:00:00,0,,0,,,,,,,,,,,,,,,,,,,,
2023-10-03 08:00:00,0,,0,,,,,,,,,,,,,,,,,,,,
2023-10-03 12:00:00,4,,1,,,,,,,,,,,,,,,,,,,,
2023-10-03 16:00:00,0,,0,,,,,,,,,,,,,,,,,,,,
2023-10-03 20:00:00,0,,0,,,,,,,,,,,,,,,,,,,,
2023-10-04 00:00:00,0,0.0,0,1.0,,,,,,,,,,,,,,,,,,,
2023-10-04 04:00:00,0,,0,,,,,,,,,,,,,,,,,,,,
2023-10-04 08:00:00,0,,0,,,,,,,,,,,,,,,,,,,,
2023-10-04 12:00:00,0,,0,,,,,,,,,,,,,,,,,,,,
2023-10-04 16:00:00,0,,0,,,,,,,,,,,,,,,,,,,,
2023-10-04 20:00:00,0,,0,,,,,,,,,,,,,,,,,,,,
2023-10-05 00:00:00,0,0.0,0,1.0,,,,,,,,,,,,,,,,,,,
2023-10-05 04:00:00,0,,0,,,,,,,,,,,,,,,,,,,,
2023-10-05 08:00:00,0,,0,,,,,,,,,,,,,,,,,,,,
2023-10-05 12:00:00,0,,0,,,,,,,,,,,,,,,,,,,,
2023-10-05 16:00:00,0,,0,,,,,,,,,,,,,,,,,,,,
2023-10-05 20:00:00,0,,0,,,,,,,,,,,,,,,,,,,,
2023-10-06 00:00:00,0,1.0,0,1.0,,,,,,,,,,,,,,,,,,,
2023-10-06 04:00:00,0,,0,,,,,,,,,,,,,,,,,,,,
2023-10-06 08:00:00,0,,0,,,,,,,,,,,,,,,,,,,,
2023-10-06 12:00:00,1,,1,,,,,,,,,,,,,,,,,,,,
2023-10-06 16:00:00,0,,0,,,,,,,,,,,,,,,,,,,,
2023-10-06 20:00:00,0,,0,,,,,,,,,,,,,,,,,,,,
2023-10-07 00:00:00,0,0.0,0,2.0,,,,,,,,,,,,,,,,,,,
2023-10-07 04:00:00,0,,0,,,,,,,,,,,,,,,,,,,,
2023-10-07 08:00:00,0,,0,,,,,,,,,,,,,,,,,,,,
2023-10-07 12:00:00,0,,0,,,,,,,,,,,,,,,,,,,,
2023-10-07 16:00:00,0,,0,,,,,,,,,,,,,,,,,,,,
2023-10-07 20:00:00,0,,0,,,,,,,,,,,,,,,,,,,,
2023-10-08 00:00:00,0,0.0,0,2.0,,,,,,,,,,,,,,,,,,,
2023-10-08 04:00:00,0,,0,,,,,,,,,,,,,,,,,,,,
2023-10-08 08:00:00,0,,0,,,,,,,,,,,,,,,,,,,,
2023-10-08 12:00:00,0,,0,,,,,,,,,,,,,,,,,,,,
2023-10-08 16:00:00,0,,0,,,,,,,,,,,,,,,,,,,,
2023-10-08 20:00:00,0,,0,,,,,,,,,,,,,,,,,,,,
2023-10-09 00:00:00,0,0.0,0,2.0,,,,,,,,,,,,,,,,,,,
2023-10-09 04:00:00,0,,0,,,,,,,,,,,,,,,,,,,,
2023-10-09 08:00:00,0,,0,,,,,,,,,,,,,,,,,,,,
2023-10-09 12:00:00,0,,0,,,,,,,,,,,,,,,,,,,,
2023-10-09 16:00:00,0,,0,,,,,,,,,,,,,,,,,,,,
2023-10-09 20:00:00,0,,0,,,,,,,,,,,,,,,,,,,,
2023-10-10 00:00:00,0,0.0,0,2.0,,,,,,,,,,,,,,,,,,,
2023-10-10 04:00:00,0,,0,,,,,,,,,,,,,,,,,,,,
2023-10-10 08:00:00,0,,0,,,,,,,,,,,,,,,,,,,,
2023-10-10 12:00:00,0,,0,,,,,,,,,,,,,,,,,,,,
2023-10-10 16:00:00,0,,0,,,,,,,,,,,,,,,,,,,,
2023-10-10 20:00:00,0,,0,,,,,,,,,,,,,,,,,,,,
2023-10-11 00:00:00,0,0.0,0,1.0,,,,,,,,,,,,,,,,,,,
2023-10-11 04:00:00,0,,0,,,,,,,,,,,,,,,,,,,,
2023-10-11 08:00:00,0,,0,,,,,,,,,,,,,,,,,,,,
2023-10-11 12:00:00,0,,0,,,,,,,,,,,,,,,,,,,,
2023-10-11 16:00:00,0,,0,,,,,,,,,,,,,,,,,,,,
2023-10-11 20:00:00,0,,0,,,,,,,,,,,,,,,,,,,,
2023-10-12 00:00:00,0,0.0,0,1.0,,,,,,,,,,,,,,,,,,,
2023-10-12 04:00:00,0,,0,,,,,,,,,,,,,,,,,,,,
2023-10-12 08:00:00,0,,0,,,,,,,,,,,,,,,,,,,,
2023-10-12 12:00:00,0,,0,,,,,,,,,,,,,,,,,,,,
2023-10-12 16:00:00,0,,0,,,,,,,,,,,,,,,,,,,,
2023-10-12 20:00:00,0,,0,,,,,,,,,,,,,,,,,,,,
2023-10-13 00:00:00,0,0.0,0,1.0,,,,,,,,,,,,,,,,,,,
2023-10-13 04:00:00,0,,0,,,,,,,,,,,,,,,,,,,,
2023-10-13 08:00:00,0,,0,,,,,,,,,,,,,,,,,,,,
2023-10-13 12:00:00,0,,0,,,,,,,,,,,,,,,,,,,,
2023-10-13 16:00:00,0,,0,,,,,,,,,,,,,,,,,,,,
2023-10-13 20:00:00,0,,0,,,,,,,,,,,,,,,,,,,,
2023-10-14 00:00:00,0,0.0,0,0.0,,,,,,,,,,,,,,,,,,,
2023-10-14 04:00:00,0,,0,,,,,,,,,,,,,,,,,,,,
2023-10-14 08:00:00,0,,0,,,,,,,,,,,,,,,,,,,,
2023-10-14 12:00:00,0,,0,,,,,,,,,,,,,,,,,,,,
2023-10-14 16:00:00,0,,0,,,,,,,,,,,,,,,,,,,,
2023-10-14 20:00:00,0,,0,,,,,,,,,,,,,,,,,,,,
2023-10-15 00:00:00,0,0.0,0,0.0,,,,,,,,,,,,,,,,,,,
2023-10-15 04:00:00,0,,0,,,,,,,,,,,,,,,,,,,,
2023-10-15 08:00:00,0,,0,,,,,,,,,,,,,,,,,,,,
2023-10-15 12:00:00,0,,0,,,,,,,,,,,,,,,,,,,,
2023-10-15 16:00:00,0,,0,,,,,,,,,,,,,,,,,,,,
2023-10-15 20:00:00,0,,0,,,,,,,,,,,,,,,,,,,,
2023-10-16 00:00:00,0,4.0,0,0.0,,,,,,,,,,,,,,,,,,,
2023-10-16 04:00:00,0,,0,,,,,,,,,,,,,,,,,,,,
2023-10-16 08:00:00,0,,0,,,,,,,,,,,,,,,,,,,,
2023-10-16 12:00:00,0,,0,,,,,,,,,,,,,,,,,,,,
2023-10-16 16:00:00,4,,1,,,,,,,,,,,,,,,,,,,,
2023-10-16 20:00:00,0,,0,,,,,,,,,,,,,,,,,,,,
2023-10-17 00:00:00,0,0.0,0,1.0,,,,,,,,,,,,,,,,,,,
2023-10-17 04:00:00,0,,0,,,,,,,,,,,,,,,,,,,,
2023-10-17 08:00:00,0,,0,,,,,,,,,,,,,,,,,,,,
2023-10-17 12:00:00,0,,0,,,,,,,,,,,,,,,,,,,,
2023-10-17 16:00:00,0,,0,,,,,,,,,,,,,,,,,,,,
2023-10-17 20:00:00,0,,0,,,,,,,,,,,,,,,,,,,,
2023-10-18 00:00:00,0,0.0,0,1.0,,,,,,,,,,,,,,,,,,,
2023-10-18 04:00:00,0,,0,,,,,,,,,,,,,,,,,,,,
2023-10-18 08:00:00,0,,0,,,,,,,,,,,,,,,,,,,,
2023-10-18 12:00:00,0,,0,,,,,,,,,,,,,,,,,,,,
2023-10-18 16:00:00,0,,0,,,,,,,,,,,,,,,,,,,,
2023-10-18 20:00:00,0,,0,,,,,,,,,,,,,,,,,,,,
2023-10-19 00:00:00,0,0.0,0,1.0,,,,,,,,,,,,,,,,,,,
2023-10-19 04:00:00,0,,0,,,,,,,,,,,,,,,,,,,,
2023-10-19 08:00:00,0,,0,,,,,,,,,,,,,,,,,,,,
2023-10-19 12:00:00,0,,0,,,,,,,,,,,,,,,,,,,,
2023-10-19 16:00:00,0,,0,,,,,,,,,,,,,,,,,,,,
2023-10-19 20:00:00,0,,0,,,,,,,,,,,,,,,,,,,,
2023-10-20 00:00:00,0,0.0,0,1.0,,,,,,,,,,,,,,,,,,,
2023-10-20 04:00:00,0,,0,,,,,,,,,,,,,,,,,,,,
2023-10-20 08:00:00,0,,0,,,,,,,,,,,,,,,,,,,,
2023-10-20 12:00:00,0,,0,,,,,,,,,,,,,,,,,,,,
2023-10-20 16:00:00,0,,0,,,,,,,,,,,,,,,,,,,,
2023-10-20 20:00:00,0,,0,,,,,,,,,,,,,,,,,,,,
2023-10-21 00:00:00,0,0.0,0,1.0,,,,,,,,,,,,,,,,,,,
2023-10-21 04:00:00,0,,0,,,,,,,,,,,,,,,,,,,,
2023-10-21 08:00:00,0,,0,,,,,,,,,,,,,,,,,,,,
2023-10-21 12:00:00,0,,0,,,,,,,,,,,,,,,,,,,,
2023-10-21 16:00:00,0,,0,,,,,,,,,,,,,,,,,,,,
2023-10-21 20:00:00,0,,0,,,,,,,,,,,,,,,,,,,,
2023-10-22 00:00:00,0,0.0,0,1.0,,,,,,,,,,,,,,,,,,,
2023-10-22 04:00:00,0,,0,,,,,,,,,,,,,,,,,,,,
2023-10-22 08:00:00,0,,0,,,,,,,,,,,,,,,,,,,,
2023-10-22 12:00:00,0,,0,,,,,,,,,,,,,,,,,,,,
2023-10-22 16:00:00,0,,0,,,,,,,,,,,,,,,,,,,,
2023-10-22 20:00:00,0,,0,,,,,,,,,,,,,,,,,,,,
2023-10-23 00:00:00,0,0.0,0,1.0,,,,,,,,,,,,,,,,,,,
2023-10-23 04:00:00,0,,0,,,,,,,,,,,,,,,,,,,,
2023-10-23 08:00:00,0,,0,,,,,,,,,,,,,,,,,,,,
2023-10-23 12:00:00,0,,0,,,,,,,,,,,,,,,,,,,,
2023-10-23 16:00:00,0,,0,,,,,,,,,,,,,,,,,,,,
2023-10-23 20:00:00,0,,0,,,,,,,,,,,,,,,,,,,,
2023-10-24 00:00:00,0,0.0,0,0.0,,,,,,,,,,,,,,,,,,,
2023-10-24 04:00:00,0,,0,,,,,,,,,,,,,,,,,,,,
2023-10-24 08:00:00,0,,0,,,,,,,,,,,,,,,,,,,,
2023-10-24 12:00:00,0,,0,,,,,,,,,,,,,,,,,,,,
2023-10-24 16:00:00,0,,0,,,,,,,,,,,,,,,,,,,,
2023-10-24 20:00:00,0,,0,,,,,,,,,,,,,,,,,,,,
2023-10-25 00:00:00,0,12.0,0,0.0,,,,,,,,,,,,,,,,,,,
2023-10-25 04:00:00,1,,1,,,,,,,,,,,,,,,,,,,,
2023-10-25 08:00:00,0,,0,,,,,,,,,,,,,,,,,,,,
2023-10-25 12:00:00,2,,1,,,,,,,,,,,,,,,,,,,,
2023-10-25 16:00:00,4,,1,,,,,,,,,,,,,,,,,,,,
2023-10-25 20:00:00,5,,1,,,,,,,,,,,,,,,,,,,,
2023-10-26 00:00:00,0,0.0,0,4.0,,,,,,,,,,,,,,,,,,,
2023-10-26 04:00:00,0,,0,,,,,,,,,,,,,,,,,,,,
2023-10-26 08:00:00,0,,0,,,,,,,,,,,,,,,,,,,,
2023-10-26 12:00:00,0,,0,,,,,,,,,,,,,,,,,,,,
2023-10-26 16:00:00,0,,0,,,,,,,,,,,,,,,,,,,,
2023-10-26 20:00:00,0,,0,,,,,,,,,,,,,,,,,,,,
2023-10-27 00:00:00,0,0.0,0,4.0,,,,,,,,,,,,,,,,,,,
2023-10-27 04:00:00,0,,0,,,,,,,,,,,,,,,,,,,,
2023-10-27 08:00:00,0,,0,,,,,,,,,,,,,,,,,,,,
2023-10-27 12:00:00,0,,0,,,,,,,,,,,,,,,,,,,,
2023-10-27 16:00:00,0,,0,,,,,,,,,,,,,,,,,,,,
2023-10-27 20:00:00,0,,0,,,,,,,,,,,,,,,,,,,,
2023-10-28 00:00:00,0,0.0,0,4.0,,,,,,,,,,,,,,,,,,,
2023-10-28 04:00:00,0,,0,,,,,,,,,,,,,,,,,,,,
2023-10-28 08:00:00,0,,0,,,,,,,,,,,,,,,,,,,,
2023-10-28 12:00:00,0,,0,,,,,,,,,,,,,,,,,,,,
2023-10-28 16:00:00,0,,0,,,,,,,,,,,,,,,,,,,,
2023-10-28 20:00:00,0,,0,,,,,,,,,,,,,,,,,,,,
2023-10-29 00:00:00,0,0.0,0,4.0,,,,,,,,,,,,,,,,,,,
2023-10-29 04:00:00,0,,0,,,,,,,,,,,,,,,,,,,,
2023-10-29 08:00:00,0,,0,,,,,,,,,,,,,,,,,,,,
2023-10-29 12:00:00,0,,0,,,,,,,,,,,,,,,,,,,,
2023-10-29 16:00:00,0,,0,,,,,,,,,,,,,,,,,,,,
2023-10-29 20:00:00,0,,0,,,,,,,,,,,,,,,,,,,,
2023-10-30 00:00:00,0,0.0,0,4.0,,,,,,,,,,,,,,,,,,,
2023-10-30 04:00:00,0,,0,,,,,,,,,,,,,,,,,,,,
2023-10-30 08:00:00,0,,0,,,,,,,,,,,,,,,,,,,,
2023-10-30 12:00:00,0,,0,,,,,,,,,,,,,,,,,,,,
2023-10-30 16:00:00,0,,0,,,,,,,,,,,,,,,,,,,,
2023-10-30 20:00:00,0,,0,,,,,,,,,,,,,,,,,,,,
2023-10-31 00:00:00,0,0.0,0,4.0,,,,,,,,,,,,,,,,,,,
2023-10-31 04:00:00,0,,0,,,,,,,,,,,,,,,,,,,,
2023-10-31 08:00:00,0,,0,,,,,,,,,,,,,,,,,,,,
2023-10-31 12:00:00,0,,0,,,,,,,,,,,,,,,,,,,,
2023-10-31 16:00:00,0,,0,,,,,,,,,,,,,,,,,,,,
2023-10-31 20:00:00,0,,0,,,,,,,,,,,,,,,,,,,,
2023-11-01 00:00:00,0,0.0,0,4.0,,,,,,,,,,,,,,,,,,,
2023-11-01 04:00:00,0,,0,,,,,,,,,,,,,,,,,,,,
2023-11-01 08:00:00,0,,0,,,,,,,,,,,,,,,,,,,,
2023-11-01 12:00:00,0,,0,,,,,,,,,,,,,,,,,,,,
2023-11-01 16:00:00,0,,0,,,,,,,,,,,,,,,,,,,,
2023-11-01 20:00:00,0,,0,,,,,,,,,,,,,,,,,,,,
2023-11-02 00:00:00,0,0.0,0,0.0,,,,,,,,,,,,,,,,,,,
2023-11-02 04:00:00,0,,0,,,,,,,,,,,,,,,,,,,,
2023-11-02 08:00:00,0,,0,,,,,,,,,,,,,,,,,,,,
2023-11-02 12:00:00,0,,0,,,,,,,,,,,,,,,,,,,,
2023-11-02 16:00:00,0,,0,,,,,,,,,,,,,,,,,,,,
2023-11-02 20:00:00,0,,0,,,,,,,,,,,,,,,,,,,,
2023-11-03 00:00:00,0,0.0,0,0.0,,,,,,,,,,,,,,,,,,,
2023-11-03 04:00:00,0,,0,,,,,,,,,,,,,,,,,,,,
2023-11-03 08:00:00,0,,0,,,,,,,,,,,,,,,,,,,,
2023-11-03 12:00:00,0,,0,,,,,,,,,,,,,,,,,,,,
2023-11-03 16:00:00,0,,0,,,,,,,,,,,,,,,,,,,,
2023-11-03 20:00:00,0,,0,,,,,,,,,,,,,,,,,,,,
2023-11-04 00:00:00,0,0.0,0,0.0,,,,,,,,,,,,,,,,,,,
2023-11-04 04:00:00,0,,0,,,,,,,,,,,,,,,,,,,,
2023-11-04 08:00:00,0,,0,,,,,,,,,,,,,,,,,,,,
2023-11-04 12:00:00,0,,0,,,,,,,,,,,,,,,,,,,,
2023-11-04 16:00:00,0,,0,,,,,,,,,,,,,,,,,,,,
2023-11-04 20:00:00,0,,0,,,,,,,,,,,,,,,,,,,,
2023-11-05 00:00:00,0,0.0,0,0.0,,,,,,,,,,,,,,,,,,,
2023-11-05 04:00:00,0,,0,,,,,,,,,,,,,,,,,,,,
2023-11-05 08:00:00,0,,0,,,,,,,,,,,,,,,,,,,,
2023-11-05 12:00:00,0,,0,,,,,,,,,,,,,,,,,,,,
2023-11-05 16:00:00,0,,0,,,,,,,,,,,,,,,,,,,,
2023-11-05 20:00:00,0,,0,,,,,,,,,,,,,,,,,,,,
2023-11-06 00:00:00,0,0.0,0,0.0,,,,,,,,,,,,,,,,,,,
2023-11-06 04:00:00,0,,0,,,,,,,,,,,,,,,,,,,,
2023-11-06 08:00:00,0,,0,,,,,,,,,,,,,,,,,,,,
2023-11-06 12:00:00,0,,0,,,,,,,,,,,,,,,,,,,,
2023-11-06 16:00:00,0,,0,,,,,,,,,,,,,,,,,,,,
2023-11-06 20:00:00,0,,0,,,,,,,,,,,,,,,,,,,,
2023-11-07 00:00:00,0,0.0,0,0.0,,,,,,,,,,,,,,,,,,,
2023-11-07 04:00:00,0,,0,,,,,,,,,,,,,,,,,,,,
2023-11-07 08:00:00,0,,0,,,,,,,,,,,,,,,,,,,,
2023-11-07 12:00:00,0,,0,,,,,,,,,,,,,,,,,,,,
2023-11-07 16:00:00,0,,0,,,,,,,,,,,,,,,,,,,,
2023-11-07 20:00:00,0,,0,,,,,,,,,,,,,,,,,,,,
2023-11-08 00:00:00,0,0.0,0,0.0,,,,,,,,,,,,,,,,,,,
2023-11-08 04:00:00,0,,0,,,,,,,,,,,,,,,,,,,,
2023-11-08 08:00:00,0,,0,,,,,,,,,,,,,,,,,,,,
2023-11-08 12:00:00,0,,0,,,,,,,,,,,,,,,,,,,,
2023-11-08 16:00:00,0,,0,,,,,,,,,,,,,,,,,,,,
2023-11-08 20:00:00,0,,0,,,,,,,,,,,,,,,,,,,,
2023-11-09 00:00:00,0,0.0,0,0.0,,,,,,,,,,,,,,,,,,,
2023-11-09 04:00:00,0,,0,,,,,,,,,,,,,,,,,,,,
2023-11-09 08:00:00,0,,0,,,,,,,,,,,,,,,,,,,,
2023-11-09 12:00:00,0,,0,,,,,,,,,,,,,,,,,,,,
2023-11-09 16:00:00,0,,0,,,,,,,,,,,,,,,,,,,,
2023-11-09 20:00:00,0,,0,,,,,,,,,,,,,,,,,,,,
2023-11-10 00:00:00,0,0.0,0,0.0,,,,,,,,,,,,,,,,,,,
2023-11-10 04:00:00,0,,0,,,,,,,,,,,,,,,,,,,,
2023-11-10 08:00:00,0,,0,,,,,,,,,,,,,,,,,,,,
2023-11-10 12:00:00,0,,0,,,,,,,,,,,,,,,,,,,,
2023-11-10 16:00:00,0,,0,,,,,,,,,,,,,,,,,,,,
2023-11-10 20:00:00,0,,0,,,,,,,,,,,,,,,,,,,,
2023-11-11 00:00:00,0,0.0,0,0.0,,,,,,,,,,,,,,,,,,,
2023-11-11 04:00:00,0,,0,,,,,,,,,,,,,,,,,,,,
2023-11-11 08:00:00,0,,0,,,,,,,,,,,,,,,,,,,,
2023-11-11 12:00:00,0,,0,,,,,,,,,,,,,,,,,,,,
2023-11-11 16:00:00,0,,0,,,,,,,,,,,,,,,,,,,,
2023-11-11 20:00:00,0,,0,,,,,,,,,,,,,,,,,,,,
2023-11-12 00:00:00,0,0.0,0,0.0,,,,,,,,,,,,,,,,,,,
2023-11-12 04:00:00,0,,0,,,,,,,,,,,,,,,,,,,,
2023-11-12 08:00:00,0,,0,,,,,,,,,,,,,,,,,,,,
2023-11-12 12:00:00,0,,0,,,,,,,,,,,,,,,,,,,,
2023-11-12 16:00:00,0,,0,,,,,,,,,,,,,,,,,,,,
2023-11-12 20:00:00,0,,0,,,,,,,,,,,,,,,,,,,,
2023-11-13 00:00:00,2,2.0,1,0.0,,,,,,,,,,,,,,,,,,,
2023-11-13 04:00:00,0,,0,,,,,,,,,,,,,,,,,,,,
2023-11-13 08:00:00,0,,0,,,,,,,,,,,,,,,,,,,,
2023-11-13 12:00:00,0,,0,,,,,,,,,,,,,,,,,,,,
2023-11-13 16:00:00,0,,0,,,,,,,,,,,,,,,,,,,,
2023-11-13 20:00:00,0,,0,,,,,,,,,,,,,,,,,,,,
2023-11-14 00:00:00,0,0.0,0,1.0,,,,,,,,,,,,,,,,,,,
2023-11-14 04:00:00,0,,0,,,,,,,,,,,,,,,,,,,,
2023-11-14 08:00:00,0,,0,,,,,,,,,,,,,,,,,,,,
2023-11-14 12:00:00,0,,0,,,,,,,,,,,,,,,,,,,,
2023-11-14 16:00:00,0,,0,,,,,,,,,,,,,,,,,,,,
2023-11-14 20:00:00,0,,0,,,,,,,,,,,,,,,,,,,,
2023-11-15 00:00:00,11,11.0,1,1.0,,,,,,,,,,,,,,,,,,,
2023-11-15 04:00:00,0,,0,,,,,,,,,,,,,,,,,,,,
2023-11-15 08:00:00,0,,0,,,,,,,,,,,,,,,,,,,,
2023-11-15 12:00:00,0,,0,,,,,,,,,,,,,,,,,,,,
2023-11-15 16:00:00,0,,0,,,,,,,,,,,,,,,,,,,,
2023-11-15 20:00:00,0,,0,,,,,,,,,,,,,,,,,,,,
2023-11-16 00:00:00,0,5.0,0,2.0,,,,,,,,,,,,,,,,,,,
2023-11-16 04:00:00,0,,0,,,,,,,,,,,,,,,,,,,,
2023-11-16 08:00:00,1,,1,,,,,,,,,,,,,,,,,,,,
2023-11-16 12:00:00,0,,0,,,,,,,,,,,,,,,,,,,,
2023-11-16 16:00:00,4,,1,,,,,,,,,,,,,,,,,,,,
2023-11-16 20:00:00,0,,0,,,,,,,,,,,,,,,,,,,,
2023-11-17 00:00:00,0,12.0,0,3.0,,,,,,,,,,,,,,,,,,,
2023-11-17 04:00:00,1,,1,,,,,,,,,,,,,,,,,,,,
2023-11-17 08:00:00,0,,0,,,,,,,,,,,,,,,,,,,,
2023-11-17 12:00:00,4,,1,,,,,,,,,,,,,,,,,,,,
2023-11-17 16:00:00,7,,2,,,,,,,,,,,,,,,,,,,,
2023-11-17 20:00:00,0,,0,,,,,,,,,,,,,,,,,,,,
2023-11-18 00:00:00,0,0.0,0,4.0,,,,,,,,,,,,,,,,,,,
2023-11-18 04:00:00,0,,0,,,,,,,,,,,,,,,,,,,,
2023-11-18 08:00:00,0,,0,,,,,,,,,,,,,,,,,,,,
2023-11-18 12:00:00,0,,0,,,,,,,,,,,,,,,,,,,,
2023-11-18 16:00:00,0,,0,,,,,,,,,,,,,,,,,,,,
2023-11-18 20:00:00,0,,0,,,,,,,,,,,,,,,,,,,,
2023-11-19 00:00:00,0,0.0,0,4.0,,,,,,,,,,,,,,,,,,,
2023-11-19 04:00:00,0,,0,,,,,,,,,,,,,,,,,,,,
2023-11-19 08:00:00,0,,0,,,,,,,,,,,,,,,,,,,,
2023-11-19 12:00:00,0,,0,,,,,,,,,,,,,,,,,,,,
2023-11-19 16:00:00,0,,0,,,,,,,,,,,,,,,,,,,,
2023-11-19 20:00:00,0,,0,,,,,,,,,,,,,,,,,,,,
2023-11-20 00:00:00,0,0.0,0,4.0,,,,,,,,,,,,,,,,,,,
2023-11-20 04:00:00,0,,0,,,,,,,,,,,,,,,,,,,,
2023-11-20 08:00:00,0,,0,,,,,,,,,,,,,,,,,,,,
2023-11-20 12:00:00,0,,0,,,,,,,,,,,,,,,,,,,,
2023-11-20 16:00:00,0,,0,,,,,,,,,,,,,,,,,,,,
2023-11-20 20:00:00,0,,0,,,,,,,,,,,,,,,,,,,,
2023-11-21 00:00:00,2,5.0,1,3.0,,,,,,,,,,,,,,,,,,,
2023-11-21 04:00:00,0,,0,,,,,,,,,,,,,,,,,,,,
2023-11-21 08:00:00,0,,0,,,,,,,,,,,,,,,,,,,,
2023-11-21 12:00:00,0,,0,,,,,,,,,,,,,,,,,,,,
2023-11-21 16:00:00,3,,1,,,,,,,,,,,,,,,,,,,,
2023-11-21 20:00:00,0,,0,,,,,,,,,,,,,,,,,,,,
2023-11-22 00:00:00,0,0.0,0,5.0,,,,,,,,,,,,,,,,,,,
2023-11-22 04:00:00,0,,0,,,,,,,,,,,,,,,,,,,,
2023-11-22 08:00:00,0,,0,,,,,,,,,,,,,,,,,,,,
2023-11-22 12:00:00,0,,0,,,,,,,,,,,,,,,,,,,,
2023-11-22 16:00:00,0,,0,,,,,,,,,,,,,,,,,,,,
2023-11-22 20:00:00,0,,0,,,,,,,,,,,,,,,,,,,,
2023-11-23 00:00:00,0,0.0,0,5.0,,,,,,,,,,,,,,,,,,,
2023-11-23 04:00:00,0,,0,,,,,,,,,,,,,,,,,,,,
2023-11-23 08:00:00,0,,0,,,,,,,,,,,,,,,,,,,,
2023-11-23 12:00:00,0,,0,,,,,,,,,,,,,,,,,,,,
2023-11-23 16:00:00,0,,0,,,,,,,,,,,,,,,,,,,,
2023-11-23 20:00:00,0,,0,,,,,,,,,,,,,,,,,,,,
2023-11-24 00:00:00,0,0.0,0,4.0,,,,,,,,,,,,,,,,,,,
2023-11-24 04:00:00,0,,0,,,,,,,,,,,,,,,,,,,,
2023-11-24 08:00:00,0,,0,,,,,,,,,,,,,,,,,,,,
2023-11-24 12:00:00,0,,0,,,,,,,,,,,,,,,,,,,,
2023-11-24 16:00:00,0,,0,,,,,,,,,,,,,,,,,,,,
2023-11-24 20:00:00,0,,0,,,,,,,,,,,,,,,,,,,,
2023-11-25 00:00:00,0,0.0,0,2.0,,,,,,,,,,,,,,,,,,,
2023-11-25 04:00:00,0,,0,,,,,,,,,,,,,,,,,,,,
2023-11-25 08:00:00,0,,0,,,,,,,,,,,,,,,,,,,,
2023-11-25 12:00:00,0,,0,,,,,,,,,,,,,,,,,,,,
2023-11-25 16:00:00,0,,0,,,,,,,,,,,,,,,,,,,,
2023-11-25 20:00:00,0,,0,,,,,,,,,,,,,,,,,,,,
2023-11-26 00:00:00,0,0.0,0,2.0,,,,,,,,,,,,,,,,,,,
2023-11-26 04:00:00,0,,0,,,,,,,,,,,,,,,,,,,,
2023-11-26 08:00:00,0,,0,,,,,,,,,,,,,,,,,,,,
2023-11-26 12:00:00,0,,0,,,,,,,,,,,,,,,,,,,,
2023-11-26 16:00:00,0,,0,,,,,,,,,,,,,,,,,,,,
2023-11-26 20:00:00,0,,0,,,,,,,,,,,,,,,,,,,,
2023-11-27 00:00:00,0,1.0,0,2.0,,,,,,,,,,,,,,,,,,,
2023-11-27 04:00:00,0,,0,,,,,,,,,,,,,,,,,,,,
2023-11-27 08:00:00,0,,0,,,,,,,,,,,,,,,,,,,,
2023-11-27 12:00:00,0,,0,,,,,,,,,,,,,,,,,,,,
2023-11-27 16:00:00,0,,0,,,,,,,,,,,,,,,,,,,,
2023-11-27 20:00:00,1,,1,,,,,,,,,,,,,,,,,,,,
2023-11-28 00:00:00,0,1.0,0,3.0,,,,,,,,,,,,,,,,,,,
2023-11-28 04:00:00,0,,0,,,,,,,,,,,,,,,,,,,,
2023-11-28 08:00:00,0,,0,,,,,,,,,,,,,,,,,,,,
2023-11-28 12:00:00,0,,0,,,,,,,,,,,,,,,,,,,,
2023-11-28 16:00:00,0,,0,,,,,,,,,,,,,,,,,,,,
2023-11-28 20:00:00,1,,1,,,,,,,,,,,,,,,,,,,,
2023-11-29 00:00:00,0,10.0,0,2.0,,,,,,,,,,,,,,,,,,,
2023-11-29 04:00:00,0,,0,,,,,,,,,,,,,,,,,,,,
2023-11-29 08:00:00,0,,0,,,,,,,,,,,,,,,,,,,,
2023-11-29 12:00:00,0,,0,,,,,,,,,,,,,,,,,,,,
2023-11-29 16:00:00,0,,0,,,,,,,,,,,,,,,,,,,,
2023-11-29 20:00:00,10,,1,,,,,,,,,,,,,,,,,,,,
2023-11-30 00:00:00,0,9.0,0,3.0,,,,,,,,,,,,,,,,,,,
2023-11-30 04:00:00,0,,0,,,,,,,,,,,,,,,,,,,,
2023-11-30 08:00:00,8,,1,,,,,,,,,,,,,,,,,,,,
2023-11-30 12:00:00,0,,0,,,,,,,,,,,,,,,,,,,,
2023-11-30 16:00:00,1,,1,,,,,,,,,,,,,,,,,,,,
2023-11-30 20:00:00,0,,0,,,,,,,,,,,,,,,,,,,,
2023-12-01 00:00:00,0,4.0,0,3.0,,,,,,,,,,,,,,,,,,,
2023-12-01 04:00:00,0,,0,,,,,,,,,,,,,,,,,,,,
2023-12-01 08:00:00,0,,0,,,,,,,,,,,,,,,,,,,,
2023-12-01 12:00:00,0,,0,,,,,,,,,,,,,,,,,,,,
2023-12-01 16:00:00,0,,0,,,,,,,,,,,,,,,,,,,,
2023-12-01 20:00:00,4,,1,,,,,,,,,,,,,,,,,,,,
2023-12-02 00:00:00,0,0.0,0,4.0,,,,,,,,,,,,,,,,,,,
2023-12-02 04:00:00,0,,0,,,,,,,,,,,,,,,,,,,,
2023-12-02 08:00:00,0,,0,,,,,,,,,,,,,,,,,,,,
2023-12-02 12:00:00,0,,0,,,,,,,,,,,,,,,,,,,,
2023-12-02 16:00:00,0,,0,,,,,,,,,,,,,,,,,,,,
2023-12-02 20:00:00,0,,0,,,,,,,,,,,,,,,,,,,,
2023-12-03 00:00:00,0,0.0,0,4.0,,,,,,,,,,,,,,,,,,,
2023-12-03 04:00:00,0,,0,,,,,,,,,,,,,,,,,,,,
2023-12-03 08:00:00,0,,0,,,,,,,,,,,,,,,,,,,,
2023-12-03 12:00:00,0,,0,,,,,,,,,,,,,,,,,,,,
2023-12-03 16:00:00,0,,0,,,,,,,,,,,,,,,,,,,,
2023-12-03 20:00:00,0,,0,,,,,,,,,,,,,,,,,,,,
2023-12-04 00:00:00,1,2.0,1,4.0,,,,,,,,,,,,,,,,,,,
2023-12-04 04:00:00,0,,0,,,,,,,,,,,,,,,,,,,,
2023-12-04 08:00:00,0,,0,,,,,,,,,,,,,,,,,,,,
2023-12-04 12:00:00,1,,1,,,,,,,,,,,,,,,,,,,,
2023-12-04 16:00:00,0,,0,,,,,,,,,,,,,,,,,,,,
2023-12-04 20:00:00,0,,0,,,,,,,,,,,,,,,,,,,,
2023-12-05 00:00:00,0,1.0,0,5.0,,,,,,,,,,,,,,,,,,,
2023-12-05 04:00:00,0,,0,,,,,,,,,,,,,,,,,,,,
2023-12-05 08:00:00,0,,0,,,,,,,,,,,,,,,,,,,,
2023-12-05 12:00:00,0,,0,,,,,,,,,,,,,,,,,,,,
2023-12-05 16:00:00,1,,1,,,,,,,,,,,,,,,,,,,,
2023-12-05 20:00:00,0,,0,,,,,,,,,,,,,,,,,,,,
2023-12-06 00:00:00,2,2.0,1,6.0,,,,,,,,,,,,,,,,,,,
2023-12-06 04:00:00,0,,0,,,,,,,,,,,,,,,,,,,,
2023-12-06 08:00:00,0,,0,,,,,,,,,,,,,,,,,,,,
2023-12-06 12:00:00,0,,0,,,,,,,,,,,,,,,,,,,,
2023-12-06 16:00:00,0,,0,,,,,,,,,,,,,,,,,,,,
2023-12-06 20:00:00,0,,0,,,,,,,,,,,,,,,,,,,,
2023-12-07 00:00:00,0,1.0,0,6.0,,,,,,,,,,,,,,,,,,,
2023-12-07 04:00:00,0,,0,,,,,,,,,,,,,,,,,,,,
2023-12-07 08:00:00,0,,0,,,,,,,,,,,,,,,,,,,,
2023-12-07 12:00:00,0,,0,,,,,,,,,,,,,,,,,,,,
2023-12-07 16:00:00,1,,1,,,,,,,,,,,,,,,,,,,,
2023-12-07 20:00:00,0,,0,,,,,,,,,,,,,,,,,,,,
2023-12-08 00:00:00,0,3.0,0,5.0,,,,,,,,,,,,,,,,,,,
2023-12-08 04:00:00,0,,0,,,,,,,,,,,,,,,,,,,,
2023-12-08 08:00:00,0,,0,,,,,,,,,,,,,,,,,,,,
2023-12-08 12:00:00,0,,0,,,,,,,,,,,,,,,,,,,,
2023-12-08 16:00:00,2,,1,,,,,,,,,,,,,,,,,,,,
2023-12-08 20:00:00,1,,1,,,,,,,,,,,,,,,,,,,,
2023-12-09 00:00:00,0,0.0,0,7.0,,,,,,,,,,,,,,,,,,,
2023-12-09 04:00:00,0,,0,,,,,,,,,,,,,,,,,,,,
2023-12-09 08:00:00,0,,0,,,,,,,,,,,,,,,,,,,,
2023-12-09 12:00:00,0,,0,,,,,,,,,,,,,,,,,,,,
2023-12-09 16:00:00,0,,0,,,,,,,,,,,,,,,,,,,,
2023-12-09 20:00:00,0,,0,,,,,,,,,,,,,,,,,,,,
2023-12-10 00:00:00,0,1.0,0,7.0,,,,,,,,,,,,,,,,,,,
2023-12-10 04:00:00,0,,0,,,,,,,,,,,,,,,,,,,,
2023-12-10 08:00:00,0,,0,,,,,,,,,,,,,,,,,,,,
2023-12-10 12:00:00,0,,0,,,,,,,,,,,,,,,,,,,,
2023-12-10 16:00:00,0,,0,,,,,,,,,,,,,,,,,,,,
2023-12-10 20:00:00,1,,1,,,,,,,,,,,,,,,,,,,,
2023-12-11 00:00:00,0,3.0,0,8.0,,,,,,,,,,,,,,,,,,,
2023-12-11 04:00:00,0,,0,,,,,,,,,,,,,,,,,,,,
2023-12-11 08:00:00,0,,0,,,,,,,,,,,,,,,,,,,,
2023-12-11 12:00:00,2,,1,,,,,,,,,,,,,,,,,,,,
2023-12-11 16:00:00,1,,1,,,,,,,,,,,,,,,,,,,,
2023-12-11 20:00:00,0,,0,,,,,,,,,,,,,,,,,,,,
2023-12-12 00:00:00,7,8.0,1,6.0,,,,,,,,,,,,,,,,,,,
2023-12-12 04:00:00,1,,1,,,,,,,,,,,,,,,,,,,,
2023-12-12 08:00:00,0,,0,,,,,,,,,,,,,,,,,,,,
2023-12-12 12:00:00,0,,0,,,,,,,,,,,,,,,,,,,,
2023-12-12 16:00:00,0,,0,,,,,,,,,,,,,,,,,,,,
2023-12-12 20:00:00,0,,0,,,,,,,,,,,,,,,,,,,,
2023-12-13 00:00:00,0,0.0,0,5.0,,,,,,,,,,,,,,,,,,,
2023-12-13 04:00:00,0,,0,,,,,,,,,,,,,,,,,,,,
2023-12-13 08:00:00,0,,0,,,,,,,,,,,,,,,,,,,,
2023-12-13 12:00:00,0,,0,,,,,,,,,,,,,,,,,,,,
2023-12-13 16:00:00,0,,0,,,,,,,,,,,,,,,,,,,,
2023-12-13 20:00:00,0,,0,,,,,,,,,,,,,,,,,,,,
2023-12-14 00:00:00,0,0.0,0,4.0,,,,,,,,,,,,,,,,,,,
2023-12-14 04:00:00,0,,0,,,,,,,,,,,,,,,,,,,,
2023-12-14 08:00:00,0,,0,,,,,,,,,,,,,,,,,,,,
2023-12-14 12:00:00,0,,0,,,,,,,,,,,,,,,,,,,,
2023-12-14 16:00:00,0,,0,,,,,,,,,,,,,,,,,,,,
2023-12-14 20:00:00,0,,0,,,,,,,,,,,,,,,,,,,,
2023-12-15 00:00:00,0,0.0,0,4.0,,,,,,,,,,,,,,,,,,,
2023-12-15 04:00:00,0,,0,,,,,,,,,,,,,,,,,,,,
2023-12-15 08:00:00,0,,0,,,,,,,,,,,,,,,,,,,,
2023-12-15 12:00:00,0,,0,,,,,,,,,,,,,,,,,,,,
2023-12-15 16:00:00,0,,0,,,,,,,,,,,,,,,,,,,,
2023-12-15 20:00:00,0,,0,,,,,,,,,,,,,,,,,,,,
2023-12-16 00:00:00,0,0.0,0,2.0,,,,,,,,,,,,,,,,,,,
2023-12-16 04:00:00,0,,0,,,,,,,,,,,,,,,,,,,,
2023-12-16 08:00:00,0,,0,,,,,,,,,,,,,,,,,,,,
2023-12-16 12:00:00,0,,0,,,,,,,,,,,,,,,,,,,,
2023-12-16 16:00:00,0,,0,,,,,,,,,,,,,,,,,,,,
2023-12-16 20:00:00,0,,0,,,,,,,,,,,,,,,,,,,,
2023-12-17 00:00:00,0,0.0,0,2.0,,,,,,,,,,,,,,,,,,,
2023-12-17 04:00:00,0,,0,,,,,,,,,,,,,,,,,,,,
2023-12-17 08:00:00,0,,0,,,,,,,,,,,,,,,,,,,,
2023-12-17 12:00:00,0,,0,,,,,,,,,,,,,,,,,,,,
2023-12-17 16:00:00,0,,0,,,,,,,,,,,,,,,,,,,,
2023-12-17 20:00:00,0,,0,,,,,,,,,,,,,,,,,,,,
2023-12-18 00:00:00,0,2.0,0,1.0,,,,,,,,,,,,,,,,,,,
2023-12-18 04:00:00,0,,0,,,,,,,,,,,,,,,,,,,,
2023-12-18 08:00:00,0,,0,,,,,,,,,,,,,,,,,,,,
2023-12-18 12:00:00,0,,0,,,,,,,,,,,,,,,,,,,,
2023-12-18 16:00:00,2,,1,,,,,,,,,,,,,,,,,,,,
2023-12-18 20:00:00,0,,0,,,,,,,,,,,,,,,,,,,,
2023-12-19 00:00:00,0,4.0,0,1.0,,,,,,,,,,,,,,,,,,,
2023-12-19 04:00:00,0,,0,,,,,,,,,,,,,,,,,,,,
2023-12-19 08:00:00,0,,0,,,,,,,,,,,,,,,,,,,,
2023-12-19 12:00:00,0,,0,,,,,,,,,,,,,,,,,,,,
2023-12-19 16:00:00,0,,0,,,,,,,,,,,,,,,,,,,,
2023-12-19 20:00:00,4,,1,,,,,,,,,,,,,,,,,,,,
2023-12-20 00:00:00,0,0.0,0,1.0,,,,,,,,,,,,,,,,,,,
2023-12-20 04:00:00,0,,0,,,,,,,,,,,,,,,,,,,,
2023-12-20 08:00:00,0,,0,,,,,,,,,,,,,,,,,,,,
2023-12-20 12:00:00,0,,0,,,,,,,,,,,,,,,,,,,,
2023-12-20 16:00:00,0,,0,,,,,,,,,,,,,,,,,,,,
2023-12-20 20:00:00,0,,0,,,,,,,,,,,,,,,,,,,,
2023-12-21 00:00:00,0,2.0,0,1.0,,,,,,,,,,,,,,,,,,,
2023-12-21 04:00:00,0,,0,,,,,,,,,,,,,,,,,,,,
2023-12-21 08:00:00,0,,0,,,,,,,,,,,,,,,,,,,,
2023-12-21 12:00:00,0,,0,,,,,,,,,,,,,,,,,,,,
2023-12-21 16:00:00,2,,1,,,,,,,,,,,,,,,,,,,,
2023-12-21 20:00:00,0,,0,,,,,,,,,,,,,,,,,,,,
2023-12-22 00:00:00,0,1.0,0,2.0,,,,,,,,,,,,,,,,,,,
2023-12-22 04:00:00,0,,0,,,,,,,,,,,,,,,,,,,,
2023-12-22 08:00:00,1,,1,,,,,,,,,,,,,,,,,,,,
2023-12-22 12:00:00,0,,0,,,,,,,,,,,,,,,,,,,,
2023-12-22 16:00:00,0,,0,,,,,,,,,,,,,,,,,,,,
2023-12-22 20:00:00,0,,0,,,,,,,,,,,,,,,,,,,,
2023-12-23 00:00:00,0,0.0,0,3.0,,,,,,,,,,,,,,,,,,,
2023-12-23 04:00:00,0,,0,,,,,,,,,,,,,,,,,,,,
2023-12-23 08:00:00,0,,0,,,,,,,,,,,,,,,,,,,,
2023-12-23 12:00:00,0,,0,,,,,,,,,,,,,,,,,,,,
2023-12-23 16:00:00,0,,0,,,,,,,,,,,,,,,,,,,,
2023-12-23 20:00:00,0,,0,,,,,,,,,,,,,,,,,,,,
2023-12-24 00:00:00,0,0.0,0,3.0,,,,,,,,,,,,,,,,,,,
2023-12-24 04:00:00,0,,0,,,,,,,,,,,,,,,,,,,,
2023-12-24 08:00:00,0,,0,,,,,,,,,,,,,,,,,,,,
2023-12-24 12:00:00,0,,0,,,,,,,,,,,,,,,,,,,,
2023-12-24 16:00:00,0,,0,,,,,,,,,,,,,,,,,,,,
2023-12-24 20:00:00,0,,0,,,,,,,,,,,,,,,,,,,,
2023-12-25 00:00:00,0,0.0,0,3.0,,,,,,,,,,,,,,,,,,,
2023-12-25 04:00:00,0,,0,,,,,,,,,,,,,,,,,,,,
2023-12-25 08:00:00,0,,0,,,,,,,,,,,,,,,,,,,,
2023-12-25 12:00:00,0,,0,,,,,,,,,,,,,,,,,,,,
2023-12-25 16:00:00,0,,0,,,,,,,,,,,,,,,,,,,,
2023-12-25 20:00:00,0,,0,,,,,,,,,,,,,,,,,,,,
2023-12-26 00:00:00,0,0.0,0,3.0,,,,,,,,,,,,,,,,,,,
2023-12-26 04:00:00,0,,0,,,,,,,,,,,,,,,,,,,,
2023-12-26 08:00:00,0,,0,,,,,,,,,,,,,,,,,,,,
2023-12-26 12:00:00,0,,0,,,,,,,,,,,,,,,,,,,,
2023-12-26 16:00:00,0,,0,,,,,,,,,,,,,,,,,,,,
2023-12-26 20:00:00,0,,0,,,,,,,,,,,,,,,,,,,,
2023-12-27 00:00:00,0,0.0,0,2.0,,,,,,,,,,,,,,,,,,,
2023-12-27 04:00:00,0,,0,,,,,,,,,,,,,,,,,,,,
2023-12-27 08:00:00,0,,0,,,,,,,,,,,,,,,,,,,,
2023-12-27 12:00:00,0,,0,,,,,,,,,,,,,,,,,,,,
2023-12-27 16:00:00,0,,0,,,,,,,,,,,,,,,,,,,,
2023-12-27 20:00:00,0,,0,,,,,,,,,,,,,,,,,,,,
2023-12-28 00:00:00,0,0.0,0,2.0,,,,,,,,,,,,,,,,,,,
2023-12-28 04:00:00,0,,0,,,,,,,,,,,,,,,,,,,,
2023-12-28 08:00:00,0,,0,,,,,,,,,,,,,,,,,,,,
2023-12-28 12:00:00,0,,0,,,,,,,,,,,,,,,,,,,,
2023-12-28 16:00:00,0,,0,,,,,,,,,,,,,,,,,,,,
2023-12-28 20:00:00,0,,0,,,,,,,,,,,,,,,,,,,,
2023-12-29 00:00:00,2,2.0,1,1.0,,,,,,,,,,,,,,,,,,,
2023-12-29 04:00:00,0,,0,,,,,,,,,,,,,,,,,,,,
2023-12-29 08:00:00,0,,0,,,,,,,,,,,,,,,,,,,,
2023-12-29 12:00:00,0,,0,,,,,,,,,,,,,,,,,,,,
2023-12-29 16:00:00,0,,0,,,,,,,,,,,,,,,,,,,,
2023-12-29 20:00:00,0,,0,,,,,,,,,,,,,,,,,,,,
2023-12-30 00:00:00,0,0.0,0,1.0,,,,,,,,,,,,,,,,,,,
2023-12-30 04:00:00,0,,0,,,,,,,,,,,,,,,,,,,,
2023-12-30 08:00:00,0,,0,,,,,,,,,,,,,,,,,,,,
2023-12-30 12:00:00,0,,0,,,,,,,,,,,,,,,,,,,,
2023-12-30 16:00:00,0,,0,,,,,,,,,,,,,,,,,,,,
2023-12-30 20:00:00,0,,0,,,,,,,,,,,,,,,,,,,,
2023-12-31 00:00:00,0,0.0,0,1.0,,,,,,,,,,,,,,,,,,,
2023-12-31 04:00:00,0,,0,,,,,,,,,,,,,,,,,,,,
2023-12-31 08:00:00,0,,0,,,,,,,,,,,,,,,,,,,,
2023-12-31 12:00:00,0,,0,,,,,,,,,,,,,,,,,,,,
2023-12-31 16:00:00,0,,0,,,,,,,,,,,,,,,,,,,,
2023-12-31 20:00:00,0,,0,,,,,,,,,,,,,,,,,,,,
2024-01-01 00:00:00,0,0.0,0,1.0,,,1.762119114399,3.92331546545,,,,,,,,,,,16.0,,20.0,,
2024-01-01 04:00:00,0,,0,,,,0.0,1.632702827454,,,,,,,,,,,9.0,,,,
2024-01-01 08:00:00,0,,0,,,,3.261679530144,3.341614067554,,,,,,,,,,,15.0,,,,
2024-01-01 12:00:00,0,,0,,,,1.900219559669,4.200891494751,,,,,,,,,,,18.0,,,,
2024-01-01 16:00:00,0,,0,,,,1.654305875301,4.081820607185,,,,,,,,,,,24.0,,,,
2024-01-01 20:00:00,0,,0,,,,0.811550855637,8.289537966251,,,,,,,,,,,22.0,,,,
2024-01-02 00:00:00,0,0.0,0,1.0,,,1.713219702244,9.534350156784,,,,,,,,,,,23.0,,55.0,,
2024-01-02 04:00:00,0,,0,,,,0.0,4.107284724712,,,,,,,,,,,17.0,,,,
2024-01-02 08:00:00,0,,0,,,,5.073572993279,13.655467689037,,,,,,,,,,,40.0,,,,
2024-01-02 12:00:00,0,,0,,,,3.044871270657,10.7626978755,,,,,,,,,,,34.0,,,,
2024-01-02 16:00:00,0,,0,,,,6.417527914047,9.050171911716,,,,,,,,,,,39.0,,,,
2024-01-02 20:00:00,0,,0,,,,5.011011004448,9.861435830593,,,,,,,,,,,36.0,,,,
2024-01-03 00:00:00,0,0.0,0,1.0,,,1.748674094677,6.309341728687,,,,,,,,,,,27.0,,36.0,,
2024-01-03 04:00:00,0,,0,,,,1.650455951691,3.402316987514,,,,,,,,,,,10.0,,,,
2024-01-03 08:00:00,0,,0,,,,3.45974200964,11.383297622204,,,,,,,,,,,31.0,,,,
2024-01-03 12:00:00,0,,0,,,,1.715191543102,7.304467082024,,,,,,,,,,,26.0,,,,
2024-01-03 16:00:00,0,,0,,,,4.125828564167,6.393555521965,,,,,,,,,,,27.0,,,,
2024-01-03 20:00:00,0,,0,,,,2.632301032543,9.0294957757,,,,,,,,,,,28.0,,,,
2024-01-04 00:00:00,3,6.0,1,1.0,,,0.832868516445,1.574583232403,,,,,,,,,,,13.0,,34.0,,
2024-01-04 04:00:00,0,,0,,,,1.688179254532,6.343830645084,,,,,,,,,,,18.0,,,,
2024-01-04 08:00:00,0,,0,,,,3.083095014095,5.771337151527,,,,,,,,,,,22.0,,,,
2024-01-04 12:00:00,0,,0,,,,1.459526121616,8.011641919613,,,,,,,,,,,24.0,,,,
2024-01-04 16:00:00,0,,0,,,,0.0,9.586737036705,,,,,,,,,,,31.0,,,,
2024-01-04 20:00:00,3,,1,,,,1.669689893723,12.750321149826,,,,,,,,,,,30.0,,,,
2024-01-05 00:00:00,0,0.0,0,3.0,,,1.47770357132,4.732108712196,,,,,,,,,,,24.0,,35.0,,
2024-01-05 04:00:00,0,,0,,,,1.529269099236,2.476438820362,,,,,,,,,,,20.0,,,,
2024-01-05 08:00:00,0,,0,,,,2.362081170082,11.110179364681,,,,,,,,,,,22.0,,,,
2024-01-05 12:00:00,0,,0,,,,1.666011810303,9.17978477478,,,,,,,,,,,35.0,,,,
2024-01-05 16:00:00,0,,0,,,,1.623645424843,8.416693389416,,,,,,,,,,,28.0,,,,
2024-01-05 20:00:00,0,,0,,,,5.917012929916,25.812821745872,,,,,,,,,,,69.0,,,,
2024-01-06 00:00:00,0,0.0,0,2.0,,,7.982104837894,4.724860310555,,,,,,,,,,,30.0,,35.0,,
2024-01-06 04:00:00,0,,0,,,,2.460053324699,8.521479725838,,,,,,,,,,,26.0,,,,
2024-01-06 08:00:00,0,,0,,,,1.4944704175,24.893626272678,,,,,,,,,,,58.0,,,,
2024-01-06 12:00:00,0,,0,,,,2.329505264759,14.06352776289,,,,,,,,,,,41.0,,,,
2024-01-06 16:00:00,0,,0,,,,6.952860355377,12.904638171196,,,,,,,,,,,46.0,,,,
2024-01-06 20:00:00,0,,0,,,,4.159730553627,10.076525092125,,,,,,,,,,,47.0,,,,
2024-01-07 00:00:00,0,0.0,0,2.0,,,1.596296787262,7.752988040447,,,,,,,,,,,17.0,,19.0,,
2024-01-07 04:00:00,0,,0,,,,3.213493943214,5.681258499622,,,,,,,,,,,21.0,,,,
2024-01-07 08:00:00,0,,0,,,,1.481095373631,4.064130306244,,,,,,,,,,,22.0,,,,
2024-01-07 12:00:00,0,,0,,,,2.417640686035,9.383272647858,,,,,,,,,,,23.0,,,,
2024-01-07 16:00:00,0,,0,,,,3.517365634441,6.49932962656,,,,,,,,,,,20.0,,,,
2024-01-07 20:00:00,0,,0,,,,1.720719218254,6.538176953793,,,,,,,,,,,18.0,,,,
2024-01-08 00:00:00,0,0.0,0,2.0,,,4.033085465431,3.30928593874,,,,,,,,,,,16.0,,43.0,,
2024-01-08 04:00:00,0,,0,,,,3.907965779305,5.497545421124,,,,,,,,,,,19.0,,,,
2024-01-08 08:00:00,0,,0,,,,2.496664881706,7.384650528431,,,,,,,,,,,29.0,,,,
2024-01-08 12:00:00,0,,0,,,,4.763391375542,11.162057876587,,,,,,,,,,,39.0,,,,
2024-01-08 16:00:00,0,,0,,,,4.059087336063,8.422591328621,,,,,,,,,,,42.0,,,,
2024-01-08 20:00:00,0,,0,,,,7.023798406124,15.20892906189,,,,,,,,,,,56.0,,,,
2024-01-09 00:00:00,0,0.0,0,2.0,,,4.787979841232,9.625014364719,,,,,,,,,,,29.0,,45.0,,
2024-01-09 04:00:00,0,,0,,,,1.766350328922,6.320876181126,,,,,,,,,,,26.0,,,,
2024-01-09 08:00:00,0,,0,,,,1.537986576557,10.90684646368,,,,,,,,,,,24.0,,,,
2024-01-09 12:00:00,0,,0,,,,2.478672981262,6.318632304668,,,,,,,,,,,27.0,,,,
2024-01-09 16:00:00,0,,0,,,,2.553140878677,15.630901634693,,,,,,,,,,,48.0,,,,
2024-01-09 20:00:00,0,,0,,,,3.042611300945,8.312136113644,,,,,,,,,,,42.0,,,,
2024-01-10 00:00:00,0,3.0,0,2.0,,,1.870242238045,4.857812106609,,,,,,,,,,,19.0,,50.0,,
2024-01-10 04:00:00,0,,0,,,,0.723439991474,4.829829216003,,,,,,,,,,,15.0,,,,
2024-01-10 08:00:00,0,,0,,,,0.877810657024,10.534531891346,,,,,,,,,,,24.0,,,,
2024-01-10 12:00:00,0,,0,,,,3.548471450806,7.130886137486,,,,,,,,,,,24.0,,,,
2024-01-10 16:00:00,3,,1,,,,7.173514008522,10.395502686501,,,,,,,,,,,45.0,,,,
2024-01-10 20:00:00,0,,0,,,,7.277200400829,16.467275440693,,,,,,,,,,,60.0,,,,
2024-01-11 00:00:00,0,0.0,0,3.0,,,3.350614726543,9.612335860729,,,,,,,,,,,37.0,,53.0,,
2024-01-11 04:00:00,0,,0,,,,3.803034186363,6.633407354355,,,,,,,,,,,26.0,,,,
2024-01-11 08:00:00,0,,0,,,,2.449362277985,6.393053114414,,,,,,,,,,,24.0,,,,
2024-01-11 12:00:00,0,,0,,,,3.197752475739,15.591854214668,,,,,,,,,,,42.0,,,,
2024-01-11 16:00:00,0,,0,,,,7.510791659355,15.220977365971,,,,,,,,,,,59.0,,,,
2024-01-11 20:00:00,0,,0,,,,1.624640226364,10.634029567242,,,,,,,,,,,32.0,,,,
2024-01-12 00:00:00,0,0.0,0,1.0,,,3.956198811531,10.498495340347,,,,,,,,,,,28.0,,63.0,,
2024-01-12 04:00:00,0,,0,,,,0.779445528984,9.049662292004,,,,,,,,,,,28.0,,,,
2024-01-12 08:00:00,0,,0,,,,0.0,15.106666922569,,,,,,,,,,,29.0,,,,
2024-01-12 12:00:00,0,,0,,,,4.174395382404,11.270919799805,,,,,,,,,,,51.0,,,,
2024-01-12 16:00:00,0,,0,,,,12.346307873726,14.349168241024,,,,,,,,,,,74.0,,,,
2024-01-12 20:00:00,0,,0,,,,13.035264790058,8.151064634323,,,,,,,,,,,57.0,,,,
2024-01-13 00:00:00,0,0.0,0,1.0,,,5.669300973415,9.543910980225,,,,,,,,,,,33.0,,42.0,,
2024-01-13 04:00:00,0,,0,,,,3.885850667953,3.374050080776,,,,,,,,,,,21.0,,,,
2024-01-13 08:00:00,0,,0,,,,0.93290579319,10.921725749969,,,,,,,,,,,29.0,,,,
2024-01-13 12:00:00,0,,0,,,,4.250832080841,8.943775236607,,,,,,,,,,,33.0,,,,
2024-01-13 16:00:00,0,,0,,,,3.943713247776,15.120426535606,,,,,,,,,,,42.0,,,,
2024-01-13 20:00:00,0,,0,,,,3.911932826042,7.127088606358,,,,,,,,,,,23.0,,,,
2024-01-14 00:00:00,0,0.0,0,1.0,,,3.964080452919,4.323203980923,,,,,,,,,,,24.0,,15.0,,
2024-01-14 04:00:00,0,,0,,,,0.0,5.135830879211,,,,,,,,,,,22.0,,,,
2024-01-14 08:00:00,0,,0,,,,3.181596457958,8.690330207348,,,,,,,,,,,28.0,,,,
2024-01-14 12:00:00,0,,0,,,,9.599545300007,7.211254358292,,,,,,,,,,,39.0,,,,
2024-01-14 16:00:00,0,,0,,,,6.841316223145,3.513487994671,,,,,,,,,,,26.0,,,,
2024-01-14 20:00:00,0,,0,,,,5.601056873798,3.329464912415,,,,,,,,,,,22.0,,,,
2024-01-15 00:00:00,0,2.0,0,1.0,,,2.38689661026,6.605935394764,,,,,,,,,,,19.0,,45.0,,
2024-01-15 04:00:00,0,,0,,,,0.826825141907,5.723101496696,,,,,,,,,,,16.0,,,,
2024-01-15 08:00:00,0,,0,,,,4.894180953503,9.728412628174,,,,,,,,,,,29.0,,,,
2024-01-15 12:00:00,0,,0,,,,5.467495799065,18.673918604851,,,,,,,,,,,41.0,,,,
2024-01-15 16:00:00,2,,1,,,,4.085113227367,11.865832388401,,,,,,,,,,,42.0,,,,
2024-01-15 20:00:00,0,,0,,,,4.312654435635,7.309422671795,,,,,,,,,,,30.0,,,,
2024-01-16 00:00:00,0,1.0,0,2.0,,,1.571480989456,4.072584033012,,,,,,,,,,,17.0,,34.0,,
2024-01-16 04:00:00,0,,0,,,,2.452353000641,11.777380108833,,,,,,,,,,,24.0,,,,
2024-01-16 08:00:00,0,,0,,,,0.867535173893,9.296310007572,,,,,,,,,,,25.0,,,,
2024-01-16 12:00:00,0,,0,,,,2.433323919773,15.904081821442,,,,,,,,,,,35.0,,,,
2024-01-16 16:00:00,0,,0,,,,4.12275493145,5.771296083927,,,,,,,,,,,24.0,,,,
2024-01-16 20:00:00,1,,1,,,,3.153317153454,5.64771181345,,,,,,,,,,,25.0,,,,
2024-01-17 00:00:00,0,2.0,0,2.0,,,4.188995182514,4.077916324139,,,,,,,,,,,20.0,,32.0,,
2024-01-17 04:00:00,0,,0,,,,0.0,3.893238306046,,,,,,,,,,,9.0,,,,
2024-01-17 08:00:00,0,,0,,,,0.769952952862,8.333836197853,,,,,,,,,,,17.0,,,,
2024-01-17 12:00:00,2,,1,,,,3.177133619785,8.957244753838,,,,,,,,,,,32.0,,,,
2024-01-17 16:00:00,0,,0,,,,1.78008544445,9.630171537399,,,,,,,,,,,27.0,,,,
2024-01-17 20:00:00,0,,0,,,,3.51945078373,8.356153964996,,,,,,,,,,,18.0,,,,
2024-01-18 00:00:00,0,0.0,0,2.0,,,3.22586530447,5.534829497337,,,,,,,,,,,21.0,,46.0,,
2024-01-18 04:00:00,0,,0,,,,0.0,5.598572194576,,,,,,,,,,,16.0,,,,
2024-01-18 08:00:00,0,,0,,,,3.95819413662,11.019968807697,,,,,,,,,,,33.0,,,,
2024-01-18 12:00:00,0,,0,,,,3.290091633797,14.249675750732,,,,,,,,,,,33.0,,,,
2024-01-18 16:00:00,0,,0,,,,8.190877556801,7.512688994408,,,,,,,,,,,32.0,,,,
2024-01-18 20:00:00,0,,0,,,,2.435842812061,11.356348991394,,,,,,,,,,,26.0,,,,
2024-01-19 00:00:00,0,1.0,0,2.0,,,1.638434708118,2.278187513351,,,,,,,,,,,19.0,,29.0,,
2024-01-19 04:00:00,0,,0,,,,1.520169973373,8.199607431889,,,,,,,,,,,19.0,,,,
2024-01-19 08:00:00,0,,0,,,,4.252605617046,4.934548437595,,,,,,,,,,,22.0,,,,
2024-01-19 12:00:00,0,,0,,,,5.804954111576,9.829948246479,,,,,,,,,,,37.0,,,,
2024-01-19 16:00:00,0,,0,,,,7.627369403839,7.132630228996,,,,,,,,,,,38.0,,,,
2024-01-19 20:00:00,1,,1,,,,7.359795331955,6.54798167944,,,,,,,,,,,37.0,,,,
2024-01-20 00:00:00,0,0.0,0,2.0,,,5.027815401554,8.07243680954,,,,,,,,,,,24.0,,35.0,,
2024-01-20 04:00:00,0,,0,,,,2.70049905777,3.991501271725,,,,,,,,,,,12.0,,,,
2024-01-20 08:00:00,0,,0,,,,0.843860447407,5.758194088936,,,,,,,,,,,15.0,,,,
2024-01-20 12:00:00,0,,0,,,,4.053712546825,9.052103638649,,,,,,,,,,,33.0,,,,
2024-01-20 16:00:00,0,,0,,,,1.515084266663,10.652593910694,,,,,,,,,,,30.0,,,,
2024-01-20 20:00:00,0,,0,,,,7.648081243038,7.146336734295,,,,,,,,,,,39.0,,,,
2024-01-21 00:00:00,0,0.0,0,2.0,,,1.670330226421,4.706641852856,,,,,,,,,,,13.0,,28.0,,
2024-01-21 04:00:00,0,,0,,,,2.439566552639,0.810376048088,,,,,,,,,,,12.0,,,,
2024-01-21 08:00:00,0,,0,,,,1.643113493919,5.94451290369,,,,,,,,,,,16.0,,,,
2024-01-21 12:00:00,0,,0,,,,3.301311373711,3.116006314754,,,,,,,,,,,15.0,,,,
2024-01-21 16:00:00,0,,0,,,,4.678316295147,6.329048752785,,,,,,,,,,,29.0,,,,
2024-01-21 20:00:00,0,,0,,,,6.437928140163,7.131416916847,,,,,,,,,,,28.0,,,,
2024-01-22 00:00:00,0,0.0,0,2.0,,,4.565833091736,8.318144142628,,,,,,,,,,,27.0,,26.0,,
2024-01-22 04:00:00,0,,0,,,,1.722559034824,5.621819198132,,,,,,,,,,,16.0,,,,
2024-01-22 08:00:00,0,,0,,,,3.437589645386,3.195584714413,,,,,,,,,,,20.0,,,,
2024-01-22 12:00:00,0,,0,,,,4.989187240601,8.323743522167,,,,,,,,,,,29.0,,,,
2024-01-22 16:00:00,0,,0,,,,2.326375305653,8.186558663845,,,,,,,,,,,30.0,,,,
2024-01-22 20:00:00,0,,0,,,,6.192350327969,4.826802670956,,,,,,,,,,,30.0,,,,
2024-01-23 00:00:00,0,0.0,0,1.0,,,1.559762179852,5.079731881618,,,,,,,,,,,19.0,,39.0,,
2024-01-23 04:00:00,0,,0,,,,1.473635077477,4.793062567711,,,,,,,,,,,20.0,,,,
2024-01-23 08:00:00,0,,0,,,,4.321221292019,11.378737807274,,,,,,,,,,,37.0,,,,
2024-01-23 12:00:00,0,,0,,,,5.757227480412,8.249049842358,,,,,,,,,,,40.0,,,,
2024-01-23 16:00:00,0,,0,,,,0.0,8.207818627357,,,,,,,,,,,31.0,,,,
2024-01-23 20:00:00,0,,0,,,,1.643919885159,7.282150506973,,,,,,,,,,,30.0,,,,
2024-01-24 00:00:00,0,0.0,0,1.0,,,3.546093940735,6.576131641865,,,,,,,,,,,21.0,,25.0,,
2024-01-24 04:00:00,0,,0,,,,0.767561256886,4.822930932045,,,,,,,,,,,11.0,,,,
2024-01-24 08:00:00,0,,0,,,,1.629339635372,3.605954647064,,,,,,,,,,,18.0,,,,
2024-01-24 12:00:00,0,,0,,,,3.002980828285,4.97268563509,,,,,,,,,,,21.0,,,,
2024-01-24 16:00:00,0,,0,,,,3.310691654682,5.545081853867,,,,,,,,,,,19.0,,,,
2024-01-24 20:00:00,0,,0,,,,0.938362717628,4.632949948311,,,,,,,,,,,23.0,,,,
2024-01-25 00:00:00,0,0.0,0,1.0,,,3.196933507919,3.053881525993,,,,,,,,,,,15.0,,31.0,,
2024-01-25 04:00:00,0,,0,,,,1.671645641327,7.082335352898,,,,,,,,,,,18.0,,,,
2024-01-25 08:00:00,0,,0,,,,0.817698717117,7.047278761864,,,,,,,,,,,22.0,,,,
2024-01-25 12:00:00,0,,0,,,,3.109701752663,12.560198247433,,,,,,,,,,,34.0,,,,
2024-01-25 16:00:00,0,,0,,,,5.506435096264,7.677535057068,,,,,,,,,,,37.0,,,,
2024-01-25 20:00:00,0,,0,,,,0.756323099136,8.94525963068,,,,,,,,,,,29.0,,,,
2024-01-26 00:00:00,0,0.0,0,1.0,,,0.0,9.287848651409,,,,,,,,,,,14.0,,38.0,,
2024-01-26 04:00:00,0,,0,,,,1.623373031616,5.786214351654,,,,,,,,,,,25.0,,,,
2024-01-26 08:00:00,0,,0,,,,0.725022017956,5.470513224602,,,,,,,,,,,21.0,,,,
2024-01-26 12:00:00,0,,0,,,,1.492322444916,8.580156505108,,,,,,,,,,,27.0,,,,
2024-01-26 16:00:00,0,,0,,,,3.148316562176,7.253261983395,,,,,,,,,,,25.0,,,,
2024-01-26 20:00:00,0,,0,,,,5.946666002274,11.004943847656,,,,,,,,,,,36.0,,,,
2024-01-27 00:00:00,0,2.0,0,0.0,,,0.0,3.110751986504,,,,,,,,,,,10.0,,27.0,,
2024-01-27 04:00:00,0,,0,,,,0.855925679207,3.425641357899,,,,,,,,,,,9.0,,,,
2024-01-27 08:00:00,1,,1,,,,2.612422347069,6.90395873785,,,,,,,,,,,20.0,,,,
2024-01-27 12:00:00,0,,0,,,,3.38385373354,9.69590651989,,,,,,,,,,,31.0,,,,
2024-01-27 16:00:00,0,,0,,,,3.56067276001,4.021961450577,,,,,,,,,,,17.0,,,,
2024-01-27 20:00:00,1,,1,,,,0.0,7.508233129978,,,,,,,,,,,22.0,,,,
2024-01-28 00:00:00,0,0.0,0,2.0,,,0.947955310345,2.411227703094,,,,,,,,,,,10.0,,15.0,,
2024-01-28 04:00:00,0,,0,,,,0.0,0.0,,,,,,,,,,,7.0,,,,
2024-01-28 08:00:00,0,,0,,,,3.055233120918,1.727993190289,,,,,,,,,,,15.0,,,,
2024-01-28 12:00:00,0,,0,,,,2.567561328411,9.034978091717,,,,,,,,,,,21.0,,,,
2024-01-28 16:00:00,0,,0,,,,1.674438238144,7.183428943157,,,,,,,,,,,25.0,,,,
2024-01-28 20:00:00,0,,0,,,,3.040864884853,5.533193707466,,,,,,,,,,,20.0,,,,
2024-01-29 00:00:00,0,1.0,0,2.0,,,2.851095736027,2.595622718334,,,,,,,,,,,10.0,,28.0,,
2024-01-29 04:00:00,0,,0,,,,3.288360059261,5.704725980759,,,,,,,,,,,23.0,,,,
2024-01-29 08:00:00,0,,0,,,,0.916700959206,8.856491327286,,,,,,,,,,,19.0,,,,
2024-01-29 12:00:00,0,,0,,,,5.563404321671,12.927143573761,,,,,,,,,,,38.0,,,,
2024-01-29 16:00:00,0,,0,,,,2.547817468643,12.582776725292,,,,,,,,,,,40.0,,,,
2024-01-29 20:00:00,1,,1,,,,0.705650985241,8.327433645725,,,,,,,,,,,34.0,,,,
2024-01-30 00:00:00,0,3.0,0,3.0,,,2.526190638542,5.450904965401,,,,,,,,,,,14.0,,36.0,,
2024-01-30 04:00:00,0,,0,,,,1.647208154202,1.462990045547,,,,,,,,,,,16.0,,,,
2024-01-30 08:00:00,0,,0,,,,0.761503696442,17.095577776432,,,,,,,,,,,35.0,,,,
2024-01-30 12:00:00,0,,0,,,,3.215347528458,14.427060127258,,,,,,,,,,,38.0,,,,
2024-01-30 16:00:00,3,,1,,,,5.285779714584,8.013711810112,,,,,,,,,,,33.0,,,,
2024-01-30 20:00:00,0,,0,,,,5.017959475517,5.809107065201,,,,,,,,,,,31.0,,,,
2024-01-31 00:00:00,0,0.0,0,4.0,,,2.362448632717,8.885681092739,,,,,,,,,,,28.0,,33.0,,
2024-01-31 04:00:00,0,,0,,,,1.646398961544,9.830029964447,,,,,,,,,,,21.0,,,,
2024-01-31 08:00:00,0,,0,,,,3.06202507019,5.700415730476,,,,,,,,,,,19.0,,,,
2024-01-31 12:00:00,0,,0,,,,3.219212651253,10.114633500576,,,,,,,,,,,36.0,,,,
2024-01-31 16:00:00,0,,0,,,,3.501884102821,14.064627408981,,,,,,,,,,,32.0,,,,
2024-01-31 20:00:00,0,,0,,,,4.002185046673,6.498703598976,,,,,,,,,,,32.0,,,,
2024-02-01 00:00:00,0,0.0,0,4.0,,,,,,,,,,,,,,,,,24.0,,
2024-02-01 04:00:00,0,,0,,,,,,,,,,,,,,,,,,,,
2024-02-01 08:00:00,0,,0,,,,,,,,,,,,,,,,,,,,
2024-02-01 12:00:00,0,,0,,,,,,,,,,,,,,,,,,,,
2024-02-01 16:00:00,0,,0,,,,,,,,,,,,,,,,,,,,
2024-02-01 20:00:00,0,,0,,,,,,,,,,,,,,,,,,,,
2024-02-02 00:00:00,0,0.0,0,4.0,,,,,,,,,,,,,,,,,,,
2024-02-02 04:00:00,0,,0,,,,,,,,,,,,,,,,,,,,
2024-02-02 08:00:00,0,,0,,,,,,,,,,,,,,,,,,,,
2024-02-02 12:00:00,0,,0,,,,,,,,,,,,,,,,,,,,
2024-02-02 16:00:00,0,,0,,,,,,,,,,,,,,,,,,,,
2024-02-02 20:00:00,0,,0,,,,,,,,,,,,,,,,,,,,
2024-02-03 00:00:00,0,0.0,0,4.0,,,,,,,,,,,,,,,,,,,
2024-02-03 04:00:00,0,,0,,,,,,,,,,,,,,,,,,,,
2024-02-03 08:00:00,0,,0,,,,,,,,,,,,,,,,,,,,
2024-02-03 12:00:00,0,,0,,,,,,,,,,,,,,,,,,,,
2024-02-03 16:00:00,0,,0,,,,,,,,,,,,,,,,,,,,
2024-02-03 20:00:00,0,,0,,,,,,,,,,,,,,,,,,,,
2024-02-04 00:00:00,0,0.0,0,2.0,,,,,,,,,,,,,,,,,,,
2024-02-04 04:00:00,0,,0,,,,,,,,,,,,,,,,,,,,
2024-02-04 08:00:00,0,,0,,,,,,,,,,,,,,,,,,,,
2024-02-04 12:00:00,0,,0,,,,,,,,,,,,,,,,,,,,
2024-02-04 16:00:00,0,,0,,,,,,,,,,,,,,,,,,,,
2024-02-04 20:00:00,0,,0,,,,,,,,,,,,,,,,,,,,
2024-02-05 00:00:00,0,3.0,0,2.0,,,,,,,,,,,,,,,,,,,
2024-02-05 04:00:00,0,,0,,,,,,,,,,,,,,,,,,,,
2024-02-05 08:00:00,0,,0,,,,,,,,,,,,,,,,,,,,
2024-02-05 12:00:00,0,,0,,,,,,,,,,,,,,,,,,,,
2024-02-05 16:00:00,3,,1,,,,,,,,,,,,,,,,,,,,
2024-02-05 20:00:00,0,,0,,,,,,,,,,,,,,,,,,,,
2024-02-06 00:00:00,0,1.0,0,1.0,,,,,,,,,,,,,,,,,,,
2024-02-06 04:00:00,0,,0,,,,,,,,,,,,,,,,,,,,
2024-02-06 08:00:00,0,,0,,,,,,,,,,,,,,,,,,,,
2024-02-06 12:00:00,0,,0,,,,,,,,,,,,,,,,,,,,
2024-02-06 16:00:00,1,,1,,,,,,,,,,,,,,,,,,,,
2024-02-06 20:00:00,0,,0,,,,,,,,,,,,,,,,,,,,
2024-02-07 00:00:00,0,0.0,0,1.0,,,,,,,,,,,,,,,,,,,
2024-02-07 04:00:00,0,,0,,,,,,,,,,,,,,,,,,,,
2024-02-07 08:00:00,0,,0,,,,,,,,,,,,,,,,,,,,
2024-02-07 12:00:00,0,,0,,,,,,,,,,,,,,,,,,,,
2024-02-07 16:00:00,0,,0,,,,,,,,,,,,,,,,,,,,
2024-02-07 20:00:00,0,,0,,,,,,,,,,,,,,,,,,,,
2024-02-08 00:00:00,4,15.0,1,1.0,,,,,,,,,,,,,,,,,,,
2024-02-08 04:00:00,0,,0,,,,,,,,,,,,,,,,,,,,
2024-02-08 08:00:00,0,,0,,,,,,,,,,,,,,,,,,,,
2024-02-08 12:00:00,0,,0,,,,,,,,,,,,,,,,,,,,
2024-02-08 16:00:00,1,,1,,,,,,,,,,,,,,,,,,,,
2024-02-08 20:00:00,10,,3,,,,,,,,,,,,,,,,,,,,
2024-02-09 00:00:00,0,0.0,0,3.0,,,,,,,,,,,,,,,,,,,
2024-02-09 04:00:00,0,,0,,,,,,,,,,,,,,,,,,,,
2024-02-09 08:00:00,0,,0,,,,,,,,,,,,,,,,,,,,
2024-02-09 12:00:00,0,,0,,,,,,,,,,,,,,,,,,,,
2024-02-09 16:00:00,0,,0,,,,,,,,,,,,,,,,,,,,
2024-02-09 20:00:00,0,,0,,,,,,,,,,,,,,,,,,,,
2024-02-10 00:00:00,0,0.0,0,3.0,,,,,,,,,,,,,,,,,,,
2024-02-10 04:00:00,0,,0,,,,,,,,,,,,,,,,,,,,
2024-02-10 08:00:00,0,,0,,,,,,,,,,,,,,,,,,,,
2024-02-10 12:00:00,0,,0,,,,,,,,,,,,,,,,,,,,
2024-02-10 16:00:00,0,,0,,,,,,,,,,,,,,,,,,,,
2024-02-10 20:00:00,0,,0,,,,,,,,,,,,,,,,,,,,
2024-02-11 00:00:00,0,0.0,0,3.0,,,,,,,,,,,,,,,,,,,
2024-02-11 04:00:00,0,,0,,,,,,,,,,,,,,,,,,,,
2024-02-11 08:00:00,0,,0,,,,,,,,,,,,,,,,,,,,
2024-02-11 12:00:00,0,,0,,,,,,,,,,,,,,,,,,,,
2024-02-11 16:00:00,0,,0,,,,,,,,,,,,,,,,,,,,
2024-02-11 20:00:00,0,,0,,,,,,,,,,,,,,,,,,,,
2024-02-12 00:00:00,0,2.0,0,3.0,,,,,,,,,,,,,,,,,,,
2024-02-12 04:00:00,0,,0,,,,,,,,,,,,,,,,,,,,
2024-02-12 08:00:00,0,,0,,,,,,,,,,,,,,,,,,,,
2024-02-12 12:00:00,0,,0,,,,,,,,,,,,,,,,,,,,
2024-02-12 16:00:00,2,,1,,,,,,,,,,,,,,,,,,,,
2024-02-12 20:00:00,0,,0,,,,,,,,,,,,,,,,,,,,
2024-02-13 00:00:00,0,5.0,0,4.0,,,,,,,,,,,,,,,,,,,
2024-02-13 04:00:00,0,,0,,,,,,,,,,,,,,,,,,,,
2024-02-13 08:00:00,0,,0,,,,,,,,,,,,,,,,,,,,
2024-02-13 12:00:00,0,,0,,,,,,,,,,,,,,,,,,,,
2024-02-13 16:00:00,5,,1,,,,,,,,,,,,,,,,,,,,
2024-02-13 20:00:00,0,,0,,,,,,,,,,,,,,,,,,,,
2024-02-14 00:00:00,0,4.0,0,5.0,,,,,,,,,,,,,,,,,,,
2024-02-14 04:00:00,0,,0,,,,,,,,,,,,,,,,,,,,
2024-02-14 08:00:00,0,,0,,,,,,,,,,,,,,,,,,,,
2024-02-14 12:00:00,0,,0,,,,,,,,,,,,,,,,,,,,
2024-02-14 16:00:00,4,,1,,,,,,,,,,,,,,,,,,,,
2024-02-14 20:00:00,0,,0,,,,,,,,,,,,,,,,,,,,
2024-02-15 00:00:00,0,5.0,0,5.0,,,,,,,,,,,,,,,,,,,
2024-02-15 04:00:00,0,,0,,,,,,,,,,,,,,,,,,,,
2024-02-15 08:00:00,0,,0,,,,,,,,,,,,,,,,,,,,
2024-02-15 12:00:00,0,,0,,,,,,,,,,,,,,,,,,,,
2024-02-15 16:00:00,3,,1,,,,,,,,,,,,,,,,,,,,
2024-02-15 20:00:00,2,,1,,,,,,,,,,,,,,,,,,,,
2024-02-16 00:00:00,0,8.0,0,3.0,,,,,,,,,,,,,,,,,,,
2024-02-16 04:00:00,0,,0,,,,,,,,,,,,,,,,,,,,
2024-02-16 08:00:00,0,,0,,,,,,,,,,,,,,,,,,,,
2024-02-16 12:00:00,0,,0,,,,,,,,,,,,,,,,,,,,
2024-02-16 16:00:00,0,,0,,,,,,,,,,,,,,,,,,,,
2024-02-16 20:00:00,8,,1,,,,,,,,,,,,,,,,,,,,
2024-02-17 00:00:00,0,1.0,0,3.0,,,,,,,,,,,,,,,,,,,
2024-02-17 04:00:00,1,,1,,,,,,,,,,,,,,,,,,,,
2024-02-17 08:00:00,0,,0,,,,,,,,,,,,,,,,,,,,
2024-02-17 12:00:00,0,,0,,,,,,,,,,,,,,,,,,,,
2024-02-17 16:00:00,0,,0,,,,,,,,,,,,,,,,,,,,
2024-02-17 20:00:00,0,,0,,,,,,,,,,,,,,,,,,,,
2024-02-18 00:00:00,0,0.0,0,4.0,,,,,,,,,,,,,,,,,,,
2024-02-18 04:00:00,0,,0,,,,,,,,,,,,,,,,,,,,
2024-02-18 08:00:00,0,,0,,,,,,,,,,,,,,,,,,,,
2024-02-18 12:00:00,0,,0,,,,,,,,,,,,,,,,,,,,
2024-02-18 16:00:00,0,,0,,,,,,,,,,,,,,,,,,,,
2024-02-18 20:00:00,0,,0,,,,,,,,,,,,,,,,,,,,
2024-02-19 00:00:00,0,0.0,0,4.0,,,,,,,,,,,,,,,,,,,
2024-02-19 04:00:00,0,,0,,,,,,,,,,,,,,,,,,,,
2024-02-19 08:00:00,0,,0,,,,,,,,,,,,,,,,,,,,
2024-02-19 12:00:00,0,,0,,,,,,,,,,,,,,,,,,,,
2024-02-19 16:00:00,0,,0,,,,,,,,,,,,,,,,,,,,
2024-02-19 20:00:00,0,,0,,,,,,,,,,,,,,,,,,,,
2024-02-20 00:00:00,0,12.0,0,3.0,,,,,,,,,,,,,,,,,,,
2024-02-20 04:00:00,0,,0,,,,,,,,,,,,,,,,,,,,
2024-02-20 08:00:00,0,,0,,,,,,,,,,,,,,,,,,,,
2024-02-20 12:00:00,0,,0,,,,,,,,,,,,,,,,,,,,
2024-02-20 16:00:00,12,,2,,,,,,,,,,,,,,,,,,,,
2024-02-20 20:00:00,0,,0,,,,,,,,,,,,,,,,,,,,
2024-02-21 00:00:00,0,1.0,0,4.0,,,,,,,,,,,,,,,,,,,
2024-02-21 04:00:00,0,,0,,,,,,,,,,,,,,,,,,,,
2024-02-21 08:00:00,0,,0,,,,,,,,,,,,,,,,,,,,
2024-02-21 12:00:00,0,,0,,,,,,,,,,,,,,,,,,,,
2024-02-21 16:00:00,0,,0,,,,,,,,,,,,,,,,,,,,
2024-02-21 20:00:00,1,,1,,,,,,,,,,,,,,,,,,,,
2024-02-22 00:00:00,0,0.0,0,4.0,,,,,,,,,,,,,,,,,,,
2024-02-22 04:00:00,0,,0,,,,,,,,,,,,,,,,,,,,
2024-02-22 08:00:00,0,,0,,,,,,,,,,,,,,,,,,,,
2024-02-22 12:00:00,0,,0,,,,,,,,,,,,,,,,,,,,
2024-02-22 16:00:00,0,,0,,,,,,,,,,,,,,,,,,,,
2024-02-22 20:00:00,0,,0,,,,,,,,,,,,,,,,,,,,
2024-02-23 00:00:00,0,6.0,0,4.0,,,,,,,,,,,,,,,,,,,
2024-02-23 04:00:00,0,,0,,,,,,,,,,,,,,,,,,,,
2024-02-23 08:00:00,0,,0,,,,,,,,,,,,,,,,,,,,
2024-02-23 12:00:00,0,,0,,,,,,,,,,,,,,,,,,,,
2024-02-23 16:00:00,3,,1,,,,,,,,,,,,,,,,,,,,
2024-02-23 20:00:00,3,,1,,,,,,,,,,,,,,,,,,,,
2024-02-24 00:00:00,0,0.0,0,3.0,,,,,,,,,,,,,,,,,,,
2024-02-24 04:00:00,0,,0,,,,,,,,,,,,,,,,,,,,
2024-02-24 08:00:00,0,,0,,,,,,,,,,,,,,,,,,,,
2024-02-24 12:00:00,0,,0,,,,,,,,,,,,,,,,,,,,
2024-02-24 16:00:00,0,,0,,,,,,,,,,,,,,,,,,,,
2024-02-24 20:00:00,0,,0,,,,,,,,,,,,,,,,,,,,
2024-02-25 00:00:00,0,0.0,0,2.0,,,,,,,,,,,,,,,,,,,
2024-02-25 04:00:00,0,,0,,,,,,,,,,,,,,,,,,,,
2024-02-25 08:00:00,0,,0,,,,,,,,,,,,,,,,,,,,
2024-02-25 12:00:00,0,,0,,,,,,,,,,,,,,,,,,,,
2024-02-25 16:00:00,0,,0,,,,,,,,,,,,,,,,,,,,
2024-02-25 20:00:00,0,,0,,,,,,,,,,,,,,,,,,,,
2024-02-26 00:00:00,0,1.0,0,2.0,,,,,,,,,,,,,,,,,,,
2024-02-26 04:00:00,0,,0,,,,,,,,,,,,,,,,,,,,
2024-02-26 08:00:00,0,,0,,,,,,,,,,,,,,,,,,,,
2024-02-26 12:00:00,0,,0,,,,,,,,,,,,,,,,,,,,
2024-02-26 16:00:00,0,,0,,,,,,,,,,,,,,,,,,,,
2024-02-26 20:00:00,1,,1,,,,,,,,,,,,,,,,,,,,
2024-02-27 00:00:00,0,1.0,0,3.0,,,,,,,,,,,,,,,,,,,
2024-02-27 04:00:00,0,,0,,,,,,,,,,,,,,,,,,,,
2024-02-27 08:00:00,0,,0,,,,,,,,,,,,,,,,,,,,
2024-02-27 12:00:00,0,,0,,,,,,,,,,,,,,,,,,,,
2024-02-27 16:00:00,1,,1,,,,,,,,,,,,,,,,,,,,
2024-02-27 20:00:00,0,,0,,,,,,,,,,,,,,,,,,,,
2024-02-28 00:00:00,0,0.0,0,2.0,,,,,,,,,,,,,,,,,,,
2024-02-28 04:00:00,0,,0,,,,,,,,,,,,,,,,,,,,
2024-02-28 08:00:00,0,,0,,,,,,,,,,,,,,,,,,,,
2024-02-28 12:00:00,0,,0,,,,,,,,,,,,,,,,,,,,
2024-02-28 16:00:00,0,,0,,,,,,,,,,,,,,,,,,,,
2024-02-28 20:00:00,0,,0,,,,,,,,,,,,,,,,,,,,
2024-02-29 00:00:00,0,0.0,0,2.0,,,,,,,,,,,,,,,,,,,
2024-02-29 04:00:00,0,,0,,,,,,,,,,,,,,,,,,,,
2024-02-29 08:00:00,0,,0,,,,,,,,,,,,,,,,,,,,
2024-02-29 12:00:00,0,,0,,,,,,,,,,,,,,,,,,,,
2024-02-29 16:00:00,0,,0,,,,,,,,,,,,,,,,,,,,
2024-02-29 20:00:00,0,,0,,,,,,,,,,,,,,,,,,,,
2024-03-01 00:00:00,0,0.0,0,2.0,,,,,,,,,,,,,,,,,,,
2024-03-01 04:00:00,0,,0,,,,,,,,,,,,,,,,,,,,
2024-03-01 08:00:00,0,,0,,,,,,,,,,,,,,,,,,,,
2024-03-01 12:00:00,0,,0,,,,,,,,,,,,,,,,,,,,
2024-03-01 16:00:00,0,,0,,,,,,,,,,,,,,,,,,,,
2024-03-01 20:00:00,0,,0,,,,,,,,,,,,,,,,,,,,
2024-03-02 00:00:00,0,1.0,0,2.0,,,,,,,,,,,,,,,,,,,
2024-03-02 04:00:00,0,,0,,,,,,,,,,,,,,,,,,,,
2024-03-02 08:00:00,1,,1,,,,,,,,,,,,,,,,,,,,
2024-03-02 12:00:00,0,,0,,,,,,,,,,,,,,,,,,,,
2024-03-02 16:00:00,0,,0,,,,,,,,,,,,,,,,,,,,
2024-03-02 20:00:00,0,,0,,,,,,,,,,,,,,,,,,,,
2024-03-03 00:00:00,0,0.0,0,3.0,,,,,,,,,,,,,,,,,,,
2024-03-03 04:00:00,0,,0,,,,,,,,,,,,,,,,,,,,
2024-03-03 08:00:00,0,,0,,,,,,,,,,,,,,,,,,,,
2024-03-03 12:00:00,0,,0,,,,,,,,,,,,,,,,,,,,
2024-03-03 16:00:00,0,,0,,,,,,,,,,,,,,,,,,,,
2024-03-03 20:00:00,0,,0,,,,,,,,,,,,,,,,,,,,
2024-03-04 00:00:00,0,0.0,0,3.0,,,,,,,,,,,,,,,,,,,
2024-03-04 04:00:00,0,,0,,,,,,,,,,,,,,,,,,,,
2024-03-04 08:00:00,0,,0,,,,,,,,,,,,,,,,,,,,
2024-03-04 12:00:00,0,,0,,,,,,,,,,,,,,,,,,,,
2024-03-04 16:00:00,0,,0,,,,,,,,,,,,,,,,,,,,
2024-03-04 20:00:00,0,,0,,,,,,,,,,,,,,,,,,,,
2024-03-05 00:00:00,0,0.0,0,2.0,,,,,,,,,,,,,,,,,,,
2024-03-05 04:00:00,0,,0,,,,,,,,,,,,,,,,,,,,
2024-03-05 08:00:00,0,,0,,,,,,,,,,,,,,,,,,,,
2024-03-05 12:00:00,0,,0,,,,,,,,,,,,,,,,,,,,
2024-03-05 16:00:00,0,,0,,,,,,,,,,,,,,,,,,,,
2024-03-05 20:00:00,0,,0,,,,,,,,,,,,,,,,,,,,
2024-03-06 00:00:00,0,0.0,0,1.0,,,,,,,,,,,,,,,,,,,
2024-03-06 04:00:00,0,,0,,,,,,,,,,,,,,,,,,,,
2024-03-06 08:00:00,0,,0,,,,,,,,,,,,,,,,,,,,
2024-03-06 12:00:00,0,,0,,,,,,,,,,,,,,,,,,,,
2024-03-06 16:00:00,0,,0,,,,,,,,,,,,,,,,,,,,
2024-03-06 20:00:00,0,,0,,,,,,,,,,,,,,,,,,,,
2024-03-07 00:00:00,0,0.0,0,1.0,,,,,,,,,,,,,,,,,,,
2024-03-07 04:00:00,0,,0,,,,,,,,,,,,,,,,,,,,
2024-03-07 08:00:00,0,,0,,,,,,,,,,,,,,,,,,,,
2024-03-07 12:00:00,0,,0,,,,,,,,,,,,,,,,,,,,
2024-03-07 16:00:00,0,,0,,,,,,,,,,,,,,,,,,,,
2024-03-07 20:00:00,0,,0,,,,,,,,,,,,,,,,,,,,
2024-03-08 00:00:00,0,0.0,0,1.0,,,,,,,,,,,,,,,,,,,
2024-03-08 04:00:00,0,,0,,,,,,,,,,,,,,,,,,,,
2024-03-08 08:00:00,0,,0,,,,,,,,,,,,,,,,,,,,
2024-03-08 12:00:00,0,,0,,,,,,,,,,,,,,,,,,,,
2024-03-08 16:00:00,0,,0,,,,,,,,,,,,,,,,,,,,
2024-03-08 20:00:00,0,,0,,,,,,,,,,,,,,,,,,,,
2024-03-09 00:00:00,0,0.0,0,1.0,,,,,,,,,,,,,,,,,,,
2024-03-09 04:00:00,0,,0,,,,,,,,,,,,,,,,,,,,
2024-03-09 08:00:00,0,,0,,,,,,,,,,,,,,,,,,,,
2024-03-09 12:00:00,0,,0,,,,,,,,,,,,,,,,,,,,
2024-03-09 16:00:00,0,,0,,,,,,,,,,,,,,,,,,,,
2024-03-09 20:00:00,0,,0,,,,,,,,,,,,,,,,,,,,
2024-03-10 00:00:00,0,0.0,0,0.0,,,,,,,,,,,,,,,,,,,
2024-03-10 04:00:00,0,,0,,,,,,,,,,,,,,,,,,,,
2024-03-10 08:00:00,0,,0,,,,,,,,,,,,,,,,,,,,
2024-03-10 12:00:00,0,,0,,,,,,,,,,,,,,,,,,,,
2024-03-10 16:00:00,0,,0,,,,,,,,,,,,,,,,,,,,
2024-03-10 20:00:00,0,,0,,,,,,,,,,,,,,,,,,,,
2024-03-11 00:00:00,0,0.0,0,0.0,,,,,,,,,,,,,,,,,,,
2024-03-11 04:00:00,0,,0,,,,,,,,,,,,,,,,,,,,
2024-03-11 08:00:00,0,,0,,,,,,,,,,,,,,,,,,,,
2024-03-11 12:00:00,0,,0,,,,,,,,,,,,,,,,,,,,
2024-03-11 16:00:00,0,,0,,,,,,,,,,,,,,,,,,,,
2024-03-11 20:00:00,0,,0,,,,,,,,,,,,,,,,,,,,
2024-03-12 00:00:00,0,1.0,0,0.0,,,,,,,,,,,,,,,,,,,
2024-03-12 04:00:00,0,,0,,,,,,,,,,,,,,,,,,,,
2024-03-12 08:00:00,0,,0,,,,,,,,,,,,,,,,,,,,
2024-03-12 12:00:00,1,,1,,,,,,,,,,,,,,,,,,,,
2024-03-12 16:00:00,0,,0,,,,,,,,,,,,,,,,,,,,
2024-03-12 20:00:00,0,,0,,,,,,,,,,,,,,,,,,,,
2024-03-13 00:00:00,0,0.0,0,1.0,,,,,,,,,,,,,,,,,,,
2024-03-13 04:00:00,0,,0,,,,,,,,,,,,,,,,,,,,
2024-03-13 08:00:00,0,,0,,,,,,,,,,,,,,,,,,,,
2024-03-13 12:00:00,0,,0,,,,,,,,,,,,,,,,,,,,
2024-03-13 16:00:00,0,,0,,,,,,,,,,,,,,,,,,,,
2024-03-13 20:00:00,0,,0,,,,,,,,,,,,,,,,,,,,
2024-03-14 00:00:00,0,1.0,0,1.0,,,,,,,,,,,,,,,,,,,
2024-03-14 04:00:00,0,,0,,,,,,,,,,,,,,,,,,,,
2024-03-14 08:00:00,0,,0,,,,,,,,,,,,,,,,,,,,
2024-03-14 12:00:00,0,,0,,,,,,,,,,,,,,,,,,,,
2024-03-14 16:00:00,0,,0,,,,,,,,,,,,,,,,,,,,
2024-03-14 20:00:00,1,,1,,,,,,,,,,,,,,,,,,,,
2024-03-15 00:00:00,0,1.0,0,2.0,,,,,,,,,,,,,,,,,,,
2024-03-15 04:00:00,0,,0,,,,,,,,,,,,,,,,,,,,
2024-03-15 08:00:00,1,,1,,,,,,,,,,,,,,,,,,,,
2024-03-15 12:00:00,0,,0,,,,,,,,,,,,,,,,,,,,
2024-03-15 16:00:00,0,,0,,,,,,,,,,,,,,,,,,,,
2024-03-15 20:00:00,0,,0,,,,,,,,,,,,,,,,,,,,
2024-03-16 00:00:00,0,0.0,0,3.0,,,,,,,,,,,,,,,,,,,
2024-03-16 04:00:00,0,,0,,,,,,,,,,,,,,,,,,,,
2024-03-16 08:00:00,0,,0,,,,,,,,,,,,,,,,,,,,
2024-03-16 12:00:00,0,,0,,,,,,,,,,,,,,,,,,,,
2024-03-16 16:00:00,0,,0,,,,,,,,,,,,,,,,,,,,
2024-03-16 20:00:00,0,,0,,,,,,,,,,,,,,,,,,,,
2024-03-17 00:00:00,0,0.0,0,3.0,,,,,,,,,,,,,,,,,,,
2024-03-17 04:00:00,0,,0,,,,,,,,,,,,,,,,,,,,
2024-03-17 08:00:00,0,,0,,,,,,,,,,,,,,,,,,,,
2024-03-17 12:00:00,0,,0,,,,,,,,,,,,,,,,,,,,
2024-03-17 16:00:00,0,,0,,,,,,,,,,,,,,,,,,,,
2024-03-17 20:00:00,0,,0,,,,,,,,,,,,,,,,,,,,
2024-03-18 00:00:00,0,0.0,0,3.0,,,,,,,,,,,,,,,,,,,
2024-03-18 04:00:00,0,,0,,,,,,,,,,,,,,,,,,,,
2024-03-18 08:00:00,0,,0,,,,,,,,,,,,,,,,,,,,
2024-03-18 12:00:00,0,,0,,,,,,,,,,,,,,,,,,,,
2024-03-18 16:00:00,0,,0,,,,,,,,,,,,,,,,,,,,
2024-03-18 20:00:00,0,,0,,,,,,,,,,,,,,,,,,,,
2024-03-19 00:00:00,0,0.0,0,3.0,,,,,,,,,,,,,,,,,,,
2024-03-19 04:00:00,0,,0,,,,,,,,,,,,,,,,,,,,
2024-03-19 08:00:00,0,,0,,,,,,,,,,,,,,,,,,,,
2024-03-19 12:00:00,0,,0,,,,,,,,,,,,,,,,,,,,
2024-03-19 16:00:00,0,,0,,,,,,,,,,,,,,,,,,,,
2024-03-19 20:00:00,0,,0,,,,,,,,,,,,,,,,,,,,
2024-03-20 00:00:00,0,0.0,0,2.0,,,,,,,,,,,,,,,,,,,
2024-03-20 04:00:00,0,,0,,,,,,,,,,,,,,,,,,,,
2024-03-20 08:00:00,0,,0,,,,,,,,,,,,,,,,,,,,
2024-03-20 12:00:00,0,,0,,,,,,,,,,,,,,,,,,,,
2024-03-20 16:00:00,0,,0,,,,,,,,,,,,,,,,,,,,
2024-03-20 20:00:00,0,,0,,,,,,,,,,,,,,,,,,,,
2024-03-21 00:00:00,0,0.0,0,2.0,,,,,,,,,,,,,,,,,,,
2024-03-21 04:00:00,0,,0,,,,,,,,,,,,,,,,,,,,
2024-03-21 08:00:00,0,,0,,,,,,,,,,,,,,,,,,,,
2024-03-21 12:00:00,0,,0,,,,,,,,,,,,,,,,,,,,
2024-03-21 16:00:00,0,,0,,,,,,,,,,,,,,,,,,,,
2024-03-21 20:00:00,0,,0,,,,,,,,,,,,,,,,,,,,
2024-03-22 00:00:00,0,0.0,0,1.0,,,,,,,,,,,,,,,,,,,
2024-03-22 04:00:00,0,,0,,,,,,,,,,,,,,,,,,,,
2024-03-22 08:00:00,0,,0,,,,,,,,,,,,,,,,,,,,
2024-03-22 12:00:00,0,,0,,,,,,,,,,,,,,,,,,,,
2024-03-22 16:00:00,0,,0,,,,,,,,,,,,,,,,,,,,
2024-03-22 20:00:00,0,,0,,,,,,,,,,,,,,,,,,,,
2024-03-23 00:00:00,0,0.0,0,0.0,,,,,,,,,,,,,,,,,,,
2024-03-23 04:00:00,0,,0,,,,,,,,,,,,,,,,,,,,
2024-03-23 08:00:00,0,,0,,,,,,,,,,,,,,,,,,,,
2024-03-23 12:00:00,0,,0,,,,,,,,,,,,,,,,,,,,
2024-03-23 16:00:00,0,,0,,,,,,,,,,,,,,,,,,,,
2024-03-23 20:00:00,0,,0,,,,,,,,,,,,,,,,,,,,
2024-03-24 00:00:00,0,0.0,0,0.0,,,,,,,,,,,,,,,,,,,
2024-03-24 04:00:00,0,,0,,,,,,,,,,,,,,,,,,,,
2024-03-24 08:00:00,0,,0,,,,,,,,,,,,,,,,,,,,
2024-03-24 12:00:00,0,,0,,,,,,,,,,,,,,,,,,,,
2024-03-24 16:00:00,0,,0,,,,,,,,,,,,,,,,,,,,
2024-03-24 20:00:00,0,,0,,,,,,,,,,,,,,,,,,,,
2024-03-25 00:00:00,0,0.0,0,0.0,,,,,,,,,,,,,,,,,,,
2024-03-25 04:00:00,0,,0,,,,,,,,,,,,,,,,,,,,
2024-03-25 08:00:00,0,,0,,,,,,,,,,,,,,,,,,,,
2024-03-25 12:00:00,0,,0,,,,,,,,,,,,,,,,,,,,
2024-03-25 16:00:00,0,,0,,,,,,,,,,,,,,,,,,,,
2024-03-25 20:00:00,0,,0,,,,,,,,,,,,,,,,,,,,
2024-03-26 00:00:00,0,0.0,0,0.0,,,,,,,,,,,,,,,,,,,
2024-03-26 04:00:00,0,,0,,,,,,,,,,,,,,,,,,,,
2024-03-26 08:00:00,0,,0,,,,,,,,,,,,,,,,,,,,
2024-03-26 12:00:00,0,,0,,,,,,,,,,,,,,,,,,,,
2024-03-26 16:00:00,0,,0,,,,,,,,,,,,,,,,,,,,
2024-03-26 20:00:00,0,,0,,,,,,,,,,,,,,,,,,,,
2024-03-27 00:00:00,0,0.0,0,0.0,,,,,,,,,,,,,,,,,,,
2024-03-27 04:00:00,0,,0,,,,,,,,,,,,,,,,,,,,
2024-03-27 08:00:00,0,,0,,,,,,,,,,,,,,,,,,,,
2024-03-27 12:00:00,0,,0,,,,,,,,,,,,,,,,,,,,
2024-03-27 16:00:00,0,,0,,,,,,,,,,,,,,,,,,,,
2024-03-27 20:00:00,0,,0,,,,,,,,,,,,,,,,,,,,
2024-03-28 00:00:00,0,1.0,0,0.0,,,,,,,,,,,,,,,,,,,
2024-03-28 04:00:00,0,,0,,,,,,,,,,,,,,,,,,,,
2024-03-28 08:00:00,0,,0,,,,,,,,,,,,,,,,,,,,
2024-03-28 12:00:00,1,,1,,,,,,,,,,,,,,,,,,,,
2024-03-28 16:00:00,0,,0,,,,,,,,,,,,,,,,,,,,
2024-03-28 20:00:00,0,,0,,,,,,,,,,,,,,,,,,,,
2024-03-29 00:00:00,2,2.0,1,1.0,,,,,,,,,,,,,,,,,,,
2024-03-29 04:00:00,0,,0,,,,,,,,,,,,,,,,,,,,
2024-03-29 08:00:00,0,,0,,,,,,,,,,,,,,,,,,,,
2024-03-29 12:00:00,0,,0,,,,,,,,,,,,,,,,,,,,
2024-03-29 16:00:00,0,,0,,,,,,,,,,,,,,,,,,,,
2024-03-29 20:00:00,0,,0,,,,,,,,,,,,,,,,,,,,
2024-03-30 00:00:00,0,0.0,0,2.0,,,,,,,,,,,,,,,,,,,
2024-03-30 04:00:00,0,,0,,,,,,,,,,,,,,,,,,,,
2024-03-30 08:00:00,0,,0,,,,,,,,,,,,,,,,,,,,
2024-03-30 12:00:00,0,,0,,,,,,,,,,,,,,,,,,,,
2024-03-30 16:00:00,0,,0,,,,,,,,,,,,,,,,,,,,
2024-03-30 20:00:00,0,,0,,,,,,,,,,,,,,,,,,,,
2024-03-31 00:00:00,0,0.0,0,2.0,,,,,,,,,,,,,,,,,,,
2024-03-31 04:00:00,0,,0,,,,,,,,,,,,,,,,,,,,
2024-03-31 08:00:00,0,,0,,,,,,,,,,,,,,,,,,,,
2024-03-31 12:00:00,0,,0,,,,,,,,,,,,,,,,,,,,
2024-03-31 16:00:00,0,,0,,,,,,,,,,,,,,,,,,,,
2024-03-31 20:00:00,0,,0,,,,,,,,,,,,,,,,,,,,
2024-04-01 00:00:00,0,3.0,0,2.0,,,,,,,,,,,,,,,,,,,
2024-04-01 04:00:00,0,,0,,,,,,,,,,,,,,,,,,,,
2024-04-01 08:00:00,0,,0,,,,,,,,,,,,,,,,,,,,
2024-04-01 12:00:00,0,,0,,,,,,,,,,,,,,,,,,,,
2024-04-01 16:00:00,3,,1,,,,,,,,,,,,,,,,,,,,
2024-04-01 20:00:00,0,,0,,,,,,,,,,,,,,,,,,,,
2024-04-02 00:00:00,0,0.0,0,2.0,,,,,,,,,,,,,,,,,,,
2024-04-02 04:00:00,0,,0,,,,,,,,,,,,,,,,,,,,
2024-04-02 08:00:00,0,,0,,,,,,,,,,,,,,,,,,,,
2024-04-02 12:00:00,0,,0,,,,,,,,,,,,,,,,,,,,
2024-04-02 16:00:00,0,,0,,,,,,,,,,,,,,,,,,,,
2024-04-02 20:00:00,0,,0,,,,,,,,,,,,,,,,,,,,
2024-04-03 00:00:00,0,0.0,0,2.0,,,,,,,,,,,,,,,,,,,
2024-04-03 04:00:00,0,,0,,,,,,,,,,,,,,,,,,,,
2024-04-03 08:00:00,0,,0,,,,,,,,,,,,,,,,,,,,
2024-04-03 12:00:00,0,,0,,,,,,,,,,,,,,,,,,,,
2024-04-03 16:00:00,0,,0,,,,,,,,,,,,,,,,,,,,
2024-04-03 20:00:00,0,,0,,,,,,,,,,,,,,,,,,,,
2024-04-04 00:00:00,0,0.0,0,2.0,,,,,,,,,,,,,,,,,,,
2024-04-04 04:00:00,0,,0,,,,,,,,,,,,,,,,,,,,
2024-04-04 08:00:00,0,,0,,,,,,,,,,,,,,,,,,,,
2024-04-04 12:00:00,0,,0,,,,,,,,,,,,,,,,,,,,
2024-04-04 16:00:00,0,,0,,,,,,,,,,,,,,,,,,,,
2024-04-04 20:00:00,0,,0,,,,,,,,,,,,,,,,,,,,
2024-04-05 00:00:00,3,3.0,1,1.0,,,,,,,,,,,,,,,,,,,
2024-04-05 04:00:00,0,,0,,,,,,,,,,,,,,,,,,,,
2024-04-05 08:00:00,0,,0,,,,,,,,,,,,,,,,,,,,
2024-04-05 12:00:00,0,,0,,,,,,,,,,,,,,,,,,,,
2024-04-05 16:00:00,0,,0,,,,,,,,,,,,,,,,,,,,
2024-04-05 20:00:00,0,,0,,,,,,,,,,,,,,,,,,,,
2024-04-06 00:00:00,0,0.0,0,2.0,,,,,,,,,,,,,,,,,,,
2024-04-06 04:00:00,0,,0,,,,,,,,,,,,,,,,,,,,
2024-04-06 08:00:00,0,,0,,,,,,,,,,,,,,,,,,,,
2024-04-06 12:00:00,0,,0,,,,,,,,,,,,,,,,,,,,
2024-04-06 16:00:00,0,,0,,,,,,,,,,,,,,,,,,,,
2024-04-06 20:00:00,0,,0,,,,,,,,,,,,,,,,,,,,
2024-04-07 00:00:00,0,0.0,0,2.0,,,,,,,,,,,,,,,,,,,
2024-04-07 04:00:00,0,,0,,,,,,,,,,,,,,,,,,,,
2024-04-07 08:00:00,0,,0,,,,,,,,,,,,,,,,,,,,
2024-04-07 12:00:00,0,,0,,,,,,,,,,,,,,,,,,,,
2024-04-07 16:00:00,0,,0,,,,,,,,,,,,,,,,,,,,
2024-04-07 20:00:00,0,,0,,,,,,,,,,,,,,,,,,,,
2024-04-08 00:00:00,0,0.0,0,2.0,,,,,,,,,,,,,,,,,,,
2024-04-08 04:00:00,0,,0,,,,,,,,,,,,,,,,,,,,
2024-04-08 08:00:00,0,,0,,,,,,,,,,,,,,,,,,,,
2024-04-08 12:00:00,0,,0,,,,,,,,,,,,,,,,,,,,
2024-04-08 16:00:00,0,,0,,,,,,,,,,,,,,,,,,,,
2024-04-08 20:00:00,0,,0,,,,,,,,,,,,,,,,,,,,
2024-04-09 00:00:00,0,0.0,0,1.0,,,,,,,,,,,,,,,,,,,
2024-04-09 04:00:00,0,,0,,,,,,,,,,,,,,,,,,,,
2024-04-09 08:00:00,0,,0,,,,,,,,,,,,,,,,,,,,
2024-04-09 12:00:00,0,,0,,,,,,,,,,,,,,,,,,,,
2024-04-09 16:00:00,0,,0,,,,,,,,,,,,,,,,,,,,
2024-04-09 20:00:00,0,,0,,,,,,,,,,,,,,,,,,,,
2024-04-10 00:00:00,0,0.0,0,1.0,,,,,,,,,,,,,,,,,,,
2024-04-10 04:00:00,0,,0,,,,,,,,,,,,,,,,,,,,
2024-04-10 08:00:00,0,,0,,,,,,,,,,,,,,,,,,,,
2024-04-10 12:00:00,0,,0,,,,,,,,,,,,,,,,,,,,
2024-04-10 16:00:00,0,,0,,,,,,,,,,,,,,,,,,,,
2024-04-10 20:00:00,0,,0,,,,,,,,,,,,,,,,,,,,
2024-04-11 00:00:00,0,0.0,0,1.0,,,,,,,,,,,,,,,,,,,
2024-04-11 04:00:00,0,,0,,,,,,,,,,,,,,,,,,,,
2024-04-11 08:00:00,0,,0,,,,,,,,,,,,,,,,,,,,
2024-04-11 12:00:00,0,,0,,,,,,,,,,,,,,,,,,,,
2024-04-11 16:00:00,0,,0,,,,,,,,,,,,,,,,,,,,
2024-04-11 20:00:00,0,,0,,,,,,,,,,,,,,,,,,,,
2024-04-12 00:00:00,0,0.0,0,1.0,,,,,,,,,,,,,,,,,,,
2024-04-12 04:00:00,0,,0,,,,,,,,,,,,,,,,,,,,
2024-04-12 08:00:00,0,,0,,,,,,,,,,,,,,,,,,,,
2024-04-12 12:00:00,0,,0,,,,,,,,,,,,,,,,,,,,
2024-04-12 16:00:00,0,,0,,,,,,,,,,,,,,,,,,,,
2024-04-12 20:00:00,0,,0,,,,,,,,,,,,,,,,,,,,
2024-04-13 00:00:00,0,0.0,0,0.0,,,,,,,,,,,,,,,,,,,
2024-04-13 04:00:00,0,,0,,,,,,,,,,,,,,,,,,,,
2024-04-13 08:00:00,0,,0,,,,,,,,,,,,,,,,,,,,
2024-04-13 12:00:00,0,,0,,,,,,,,,,,,,,,,,,,,
2024-04-13 16:00:00,0,,0,,,,,,,,,,,,,,,,,,,,
2024-04-13 20:00:00,0,,0,,,,,,,,,,,,,,,,,,,,
2024-04-14 00:00:00,0,0.0,0,0.0,,,,,,,,,,,,,,,,,,,
2024-04-14 04:00:00,0,,0,,,,,,,,,,,,,,,,,,,,
2024-04-14 08:00:00,0,,0,,,,,,,,,,,,,,,,,,,,
2024-04-14 12:00:00,0,,0,,,,,,,,,,,,,,,,,,,,
2024-04-14 16:00:00,0,,0,,,,,,,,,,,,,,,,,,,,
2024-04-14 20:00:00,0,,0,,,,,,,,,,,,,,,,,,,,
2024-04-15 00:00:00,0,30.0,0,0.0,,,,,,,,,,,,,,,,,,,
2024-04-15 04:00:00,0,,0,,,,,,,,,,,,,,,,,,,,
2024-04-15 08:00:00,1,,1,,,,,,,,,,,,,,,,,,,,
2024-04-15 12:00:00,0,,0,,,,,,,,,,,,,,,,,,,,
2024-04-15 16:00:00,24,,1,,,,,,,,,,,,,,,,,,,,
2024-04-15 20:00:00,5,,1,,,,,,,,,,,,,,,,,,,,
2024-04-16 00:00:00,0,0.0,0,2.0,,,,,,,,,,,,,,,,,,,
2024-04-16 04:00:00,0,,0,,,,,,,,,,,,,,,,,,,,
2024-04-16 08:00:00,0,,0,,,,,,,,,,,,,,,,,,,,
2024-04-16 12:00:00,0,,0,,,,,,,,,,,,,,,,,,,,
2024-04-16 16:00:00,0,,0,,,,,,,,,,,,,,,,,,,,
2024-04-16 20:00:00,0,,0,,,,,,,,,,,,,,,,,,,,
2024-04-17 00:00:00,0,0.0,0,2.0,,,,,,,,,,,,,,,,,,,
2024-04-17 04:00:00,0,,0,,,,,,,,,,,,,,,,,,,,
2024-04-17 08:00:00,0,,0,,,,,,,,,,,,,,,,,,,,
2024-04-17 12:00:00,0,,0,,,,,,,,,,,,,,,,,,,,
2024-04-17 16:00:00,0,,0,,,,,,,,,,,,,,,,,,,,
2024-04-17 20:00:00,0,,0,,,,,,,,,,,,,,,,,,,,
2024-04-18 00:00:00,0,0.0,0,2.0,,,,,,,,,,,,,,,,,,,
2024-04-18 04:00:00,0,,0,,,,,,,,,,,,,,,,,,,,
2024-04-18 08:00:00,0,,0,,,,,,,,,,,,,,,,,,,,
2024-04-18 12:00:00,0,,0,,,,,,,,,,,,,,,,,,,,
2024-04-18 16:00:00,0,,0,,,,,,,,,,,,,,,,,,,,
2024-04-18 20:00:00,0,,0,,,,,,,,,,,,,,,,,,,,
2024-04-19 00:00:00,0,0.0,0,2.0,,,,,,,,,,,,,,,,,,,
2024-04-19 04:00:00,0,,0,,,,,,,,,,,,,,,,,,,,
2024-04-19 08:00:00,0,,0,,,,,,,,,,,,,,,,,,,,
2024-04-19 12:00:00,0,,0,,,,,,,,,,,,,,,,,,,,
2024-04-19 16:00:00,0,,0,,,,,,,,,,,,,,,,,,,,
2024-04-19 20:00:00,0,,0,,,,,,,,,,,,,,,,,,,,
2024-04-20 00:00:00,0,1.0,0,2.0,,,,,,,,,,,,,,,,,,,
2024-04-20 04:00:00,1,,1,,,,,,,,,,,,,,,,,,,,
2024-04-20 08:00:00,0,,0,,,,,,,,,,,,,,,,,,,,
2024-04-20 12:00:00,0,,0,,,,,,,,,,,,,,,,,,,,
2024-04-20 16:00:00,0,,0,,,,,,,,,,,,,,,,,,,,
2024-04-20 20:00:00,0,,0,,,,,,,,,,,,,,,,,,,,
2024-04-21 00:00:00,0,1.0,0,3.0,,,,,,,,,,,,,,,,,,,
2024-04-21 04:00:00,1,,1,,,,,,,,,,,,,,,,,,,,
2024-04-21 08:00:00,0,,0,,,,,,,,,,,,,,,,,,,,
2024-04-21 12:00:00,0,,0,,,,,,,,,,,,,,,,,,,,
2024-04-21 16:00:00,0,,0,,,,,,,,,,,,,,,,,,,,
2024-04-21 20:00:00,0,,0,,,,,,,,,,,,,,,,,,,,
2024-04-22 00:00:00,0,0.0,0,3.0,,,,,,,,,,,,,,,,,,,
2024-04-22 04:00:00,0,,0,,,,,,,,,,,,,,,,,,,,
2024-04-22 08:00:00,0,,0,,,,,,,,,,,,,,,,,,,,
2024-04-22 12:00:00,0,,0,,,,,,,,,,,,,,,,,,,,
2024-04-22 16:00:00,0,,0,,,,,,,,,,,,,,,,,,,,
2024-04-22 20:00:00,0,,0,,,,,,,,,,,,,,,,,,,,
2024-04-23 00:00:00,0,0.0,0,1.0,,,,,,,,,,,,,,,,,,,
2024-04-23 04:00:00,0,,0,,,,,,,,,,,,,,,,,,,,
2024-04-23 08:00:00,0,,0,,,,,,,,,,,,,,,,,,,,
2024-04-23 12:00:00,0,,0,,,,,,,,,,,,,,,,,,,,
2024-04-23 16:00:00,0,,0,,,,,,,,,,,,,,,,,,,,
2024-04-23 20:00:00,0,,0,,,,,,,,,,,,,,,,,,,,
2024-04-24 00:00:00,0,0.0,0,1.0,,,,,,,,,,,,,,,,,,,
2024-04-24 04:00:00,0,,0,,,,,,,,,,,,,,,,,,,,
2024-04-24 08:00:00,0,,0,,,,,,,,,,,,,,,,,,,,
2024-04-24 12:00:00,0,,0,,,,,,,,,,,,,,,,,,,,
2024-04-24 16:00:00,0,,0,,,,,,,,,,,,,,,,,,,,
2024-04-24 20:00:00,0,,0,,,,,,,,,,,,,,,,,,,,
2024-04-25 00:00:00,0,0.0,0,1.0,,,,,,,,,,,,,,,,,,,
2024-04-25 04:00:00,0,,0,,,,,,,,,,,,,,,,,,,,
2024-04-25 08:00:00,0,,0,,,,,,,,,,,,,,,,,,,,
2024-04-25 12:00:00,0,,0,,,,,,,,,,,,,,,,,,,,
2024-04-25 16:00:00,0,,0,,,,,,,,,,,,,,,,,,,,
2024-04-25 20:00:00,0,,0,,,,,,,,,,,,,,,,,,,,
2024-04-26 00:00:00,0,0.0,0,1.0,,,,,,,,,,,,,,,,,,,
2024-04-26 04:00:00,0,,0,,,,,,,,,,,,,,,,,,,,
2024-04-26 08:00:00,0,,0,,,,,,,,,,,,,,,,,,,,
2024-04-26 12:00:00,0,,0,,,,,,,,,,,,,,,,,,,,
2024-04-26 16:00:00,0,,0,,,,,,,,,,,,,,,,,,,,
2024-04-26 20:00:00,0,,0,,,,,,,,,,,,,,,,,,,,
2024-04-27 00:00:00,0,1.0,0,1.0,,,,,,,,,,,,,,,,,,,
2024-04-27 04:00:00,0,,0,,,,,,,,,,,,,,,,,,,,
2024-04-27 08:00:00,0,,0,,,,,,,,,,,,,,,,,,,,
2024-04-27 12:00:00,0,,0,,,,,,,,,,,,,,,,,,,,
2024-04-27 16:00:00,1,,1,,,,,,,,,,,,,,,,,,,,
2024-04-27 20:00:00,0,,0,,,,,,,,,,,,,,,,,,,,
2024-04-28 00:00:00,0,0.0,0,1.0,,,,,,,,,,,,,,,,,,,
2024-04-28 04:00:00,0,,0,,,,,,,,,,,,,,,,,,,,
2024-04-28 08:00:00,0,,0,,,,,,,,,,,,,,,,,,,,
2024-04-28 12:00:00,0,,0,,,,,,,,,,,,,,,,,,,,
2024-04-28 16:00:00,0,,0,,,,,,,,,,,,,,,,,,,,
2024-04-28 20:00:00,0,,0,,,,,,,,,,,,,,,,,,,,
2024-04-29 00:00:00,0,0.0,0,1.0,,,,,,,,,,,,,,,,,,,
2024-04-29 04:00:00,0,,0,,,,,,,,,,,,,,,,,,,,
2024-04-29 08:00:00,0,,0,,,,,,,,,,,,,,,,,,,,
2024-04-29 12:00:00,0,,0,,,,,,,,,,,,,,,,,,,,
2024-04-29 16:00:00,0,,0,,,,,,,,,,,,,,,,,,,,
2024-04-29 20:00:00,0,,0,,,,,,,,,,,,,,,,,,,,
2024-04-30 00:00:00,0,0.0,0,1.0,,,,,,,,,,,,,,,,,,,
2024-04-30 04:00:00,0,,0,,,,,,,,,,,,,,,,,,,,
2024-04-30 08:00:00,0,,0,,,,,,,,,,,,,,,,,,,,
2024-04-30 12:00:00,0,,0,,,,,,,,,,,,,,,,,,,,
2024-04-30 16:00:00,0,,0,,,,,,,,,,,,,,,,,,,,
2024-04-30 20:00:00,0,,0,,,,,,,,,,,,,,,,,,,,
2024-05-01 00:00:00,0,0.0,0,1.0,,,,,,,,,,,,,,,,,,,
2024-05-01 04:00:00,0,,0,,,,,,,,,,,,,,,,,,,,
2024-05-01 08:00:00,0,,0,,,,,,,,,,,,,,,,,,,,
2024-05-01 12:00:00,0,,0,,,,,,,,,,,,,,,,,,,,
2024-05-01 16:00:00,0,,0,,,,,,,,,,,,,,,,,,,,
2024-05-01 20:00:00,0,,0,,,,,,,,,,,,,,,,,,,,
2024-05-02 00:00:00,0,0.0,0,1.0,,,,,,,,,,,,,,,,,,,
2024-05-02 04:00:00,0,,0,,,,,,,,,,,,,,,,,,,,
2024-05-02 08:00:00,0,,0,,,,,,,,,,,,,,,,,,,,
2024-05-02 12:00:00,0,,0,,,,,,,,,,,,,,,,,,,,
2024-05-02 16:00:00,0,,0,,,,,,,,,,,,,,,,,,,,
2024-05-02 20:00:00,0,,0,,,,,,,,,,,,,,,,,,,,
2024-05-03 00:00:00,0,0.0,0,1.0,,,,,,,,,,,,,,,,,,,
2024-05-03 04:00:00,0,,0,,,,,,,,,,,,,,,,,,,,
2024-05-03 08:00:00,0,,0,,,,,,,,,,,,,,,,,,,,
2024-05-03 12:00:00,0,,0,,,,,,,,,,,,,,,,,,,,
2024-05-03 16:00:00,0,,0,,,,,,,,,,,,,,,,,,,,
2024-05-03 20:00:00,0,,0,,,,,,,,,,,,,,,,,,,,
2024-05-04 00:00:00,0,0.0,0,1.0,,,,,,,,,,,,,,,,,,,
2024-05-04 04:00:00,0,,0,,,,,,,,,,,,,,,,,,,,
2024-05-04 08:00:00,0,,0,,,,,,,,,,,,,,,,,,,,
2024-05-04 12:00:00,0,,0,,,,,,,,,,,,,,,,,,,,
2024-05-04 16:00:00,0,,0,,,,,,,,,,,,,,,,,,,,
2024-05-04 20:00:00,0,,0,,,,,,,,,,,,,,,,,,,,
2024-05-05 00:00:00,0,0.0,0,0.0,,,,,,,,,,,,,,,,,,,
2024-05-05 04:00:00,0,,0,,,,,,,,,,,,,,,,,,,,
2024-05-05 08:00:00,0,,0,,,,,,,,,,,,,,,,,,,,
2024-05-05 12:00:00,0,,0,,,,,,,,,,,,,,,,,,,,
2024-05-05 16:00:00,0,,0,,,,,,,,,,,,,,,,,,,,
2024-05-05 20:00:00,0,,0,,,,,,,,,,,,,,,,,,,,
2024-05-06 00:00:00,0,0.0,0,0.0,,,,,,,,,,,,,,,,,,,
2024-05-06 04:00:00,0,,0,,,,,,,,,,,,,,,,,,,,
2024-05-06 08:00:00,0,,0,,,,,,,,,,,,,,,,,,,,
2024-05-06 12:00:00,0,,0,,,,,,,,,,,,,,,,,,,,
2024-05-06 16:00:00,0,,0,,,,,,,,,,,,,,,,,,,,
2024-05-06 20:00:00,0,,0,,,,,,,,,,,,,,,,,,,,
2024-05-07 00:00:00,0,7.0,0,0.0,,,,,,,,,,,,,,,,,,,
2024-05-07 04:00:00,5,,2,,,,,,,,,,,,,,,,,,,,
2024-05-07 08:00:00,2,,2,,,,,,,,,,,,,,,,,,,,
2024-05-07 12:00:00,0,,0,,,,,,,,,,,,,,,,,,,,
2024-05-07 16:00:00,0,,0,,,,,,,,,,,,,,,,,,,,
2024-05-07 20:00:00,0,,0,,,,,,,,,,,,,,,,,,,,
2024-05-08 00:00:00,0,0.0,0,3.0,,,,,,,,,,,,,,,,,,,
2024-05-08 04:00:00,0,,0,,,,,,,,,,,,,,,,,,,,
2024-05-08 08:00:00,0,,0,,,,,,,,,,,,,,,,,,,,
2024-05-08 12:00:00,0,,0,,,,,,,,,,,,,,,,,,,,
2024-05-08 16:00:00,0,,0,,,,,,,,,,,,,,,,,,,,
2024-05-08 20:00:00,0,,0,,,,,,,,,,,,,,,,,,,,
2024-05-09 00:00:00,2,2.0,1,3.0,,,,,,,,,,,,,,,,,,,
2024-05-09 04:00:00,0,,0,,,,,,,,,,,,,,,,,,,,
2024-05-09 08:00:00,0,,0,,,,,,,,,,,,,,,,,,,,
2024-05-09 12:00:00,0,,0,,,,,,,,,,,,,,,,,,,,
2024-05-09 16:00:00,0,,0,,,,,,,,,,,,,,,,,,,,
2024-05-09 20:00:00,0,,0,,,,,,,,,,,,,,,,,,,,
2024-05-10 00:00:00,0,0.0,0,3.0,,,,,,,,,,,,,,,,,,,
2024-05-10 04:00:00,0,,0,,,,,,,,,,,,,,,,,,,,
2024-05-10 08:00:00,0,,0,,,,,,,,,,,,,,,,,,,,
2024-05-10 12:00:00,0,,0,,,,,,,,,,,,,,,,,,,,
2024-05-10 16:00:00,0,,0,,,,,,,,,,,,,,,,,,,,
2024-05-10 20:00:00,0,,0,,,,,,,,,,,,,,,,,,,,
2024-05-11 00:00:00,0,0.0,0,3.0,,,,,,,,,,,,,,,,,,,
2024-05-11 04:00:00,0,,0,,,,,,,,,,,,,,,,,,,,
2024-05-11 08:00:00,0,,0,,,,,,,,,,,,,,,,,,,,
2024-05-11 12:00:00,0,,0,,,,,,,,,,,,,,,,,,,,
2024-05-11 16:00:00,0,,0,,,,,,,,,,,,,,,,,,,,
2024-05-11 20:00:00,0,,0,,,,,,,,,,,,,,,,,,,,
2024-05-12 00:00:00,0,1.0,0,3.0,,,,,,,,,,,,,,,,,,,
2024-05-12 04:00:00,0,,0,,,,,,,,,,,,,,,,,,,,
2024-05-12 08:00:00,1,,1,,,,,,,,,,,,,,,,,,,,
2024-05-12 12:00:00,0,,0,,,,,,,,,,,,,,,,,,,,
2024-05-12 16:00:00,0,,0,,,,,,,,,,,,,,,,,,,,
2024-05-12 20:00:00,0,,0,,,,,,,,,,,,,,,,,,,,
2024-05-13 00:00:00,0,3.0,0,4.0,,,,,,,,,,,,,,,,,,,
2024-05-13 04:00:00,0,,0,,,,,,,,,,,,,,,,,,,,
2024-05-13 08:00:00,0,,0,,,,,,,,,,,,,,,,,,,,
2024-05-13 12:00:00,0,,0,,,,,,,,,,,,,,,,,,,,
2024-05-13 16:00:00,3,,1,,,,,,,,,,,,,,,,,,,,
2024-05-13 20:00:00,0,,0,,,,,,,,,,,,,,,,,,,,
2024-05-14 00:00:00,0,5.0,0,5.0,,,,,,,,,,,,,,,,,,,
2024-05-14 04:00:00,0,,0,,,,,,,,,,,,,,,,,,,,
2024-05-14 08:00:00,0,,0,,,,,,,,,,,,,,,,,,,,
2024-05-14 12:00:00,0,,0,,,,,,,,,,,,,,,,,,,,
2024-05-14 16:00:00,5,,2,,,,,,,,,,,,,,,,,,,,
2024-05-14 20:00:00,0,,0,,,,,,,,,,,,,,,,,,,,
2024-05-15 00:00:00,0,0.0,0,3.0,,,,,,,,,,,,,,,,,,,
2024-05-15 04:00:00,0,,0,,,,,,,,,,,,,,,,,,,,
2024-05-15 08:00:00,0,,0,,,,,,,,,,,,,,,,,,,,
2024-05-15 12:00:00,0,,0,,,,,,,,,,,,,,,,,,,,
2024-05-15 16:00:00,0,,0,,,,,,,,,,,,,,,,,,,,
2024-05-15 20:00:00,0,,0,,,,,,,,,,,,,,,,,,,,
2024-05-16 00:00:00,0,0.0,0,3.0,,,,,,,,,,,,,,,,,,,
2024-05-16 04:00:00,0,,0,,,,,,,,,,,,,,,,,,,,
2024-05-16 08:00:00,0,,0,,,,,,,,,,,,,,,,,,,,
2024-05-16 12:00:00,0,,0,,,,,,,,,,,,,,,,,,,,
2024-05-16 16:00:00,0,,0,,,,,,,,,,,,,,,,,,,,
2024-05-16 20:00:00,0,,0,,,,,,,,,,,,,,,,,,,,
2024-05-17 00:00:00,0,0.0,0,2.0,,,,,,,,,,,,,,,,,,,
2024-05-17 04:00:00,0,,0,,,,,,,,,,,,,,,,,,,,
2024-05-17 08:00:00,0,,0,,,,,,,,,,,,,,,,,,,,
2024-05-17 12:00:00,0,,0,,,,,,,,,,,,,,,,,,,,
2024-05-17 16:00:00,0,,0,,,,,,,,,,,,,,,,,,,,
2024-05-17 20:00:00,0,,0,,,,,,,,,,,,,,,,,,,,
2024-05-18 00:00:00,0,0.0,0,2.0,,,,,,,,,,,,,,,,,,,
2024-05-18 04:00:00,0,,0,,,,,,,,,,,,,,,,,,,,
2024-05-18 08:00:00,0,,0,,,,,,,,,,,,,,,,,,,,
2024-05-18 12:00:00,0,,0,,,,,,,,,,,,,,,,,,,,
2024-05-18 16:00:00,0,,0,,,,,,,,,,,,,,,,,,,,
2024-05-18 20:00:00,0,,0,,,,,,,,,,,,,,,,,,,,
2024-05-19 00:00:00,0,0.0,0,2.0,,,,,,,,,,,,,,,,,,,
2024-05-19 04:00:00,0,,0,,,,,,,,,,,,,,,,,,,,
2024-05-19 08:00:00,0,,0,,,,,,,,,,,,,,,,,,,,
2024-05-19 12:00:00,0,,0,,,,,,,,,,,,,,,,,,,,
2024-05-19 16:00:00,0,,0,,,,,,,,,,,,,,,,,,,,
2024-05-19 20:00:00,0,,0,,,,,,,,,,,,,,,,,,,,
2024-05-20 00:00:00,0,0.0,0,2.0,,,,,,,,,,,,,,,,,,,
2024-05-20 04:00:00,0,,0,,,,,,,,,,,,,,,,,,,,
2024-05-20 08:00:00,0,,0,,,,,,,,,,,,,,,,,,,,
2024-05-20 12:00:00,0,,0,,,,,,,,,,,,,,,,,,,,
2024-05-20 16:00:00,0,,0,,,,,,,,,,,,,,,,,,,,
2024-05-20 20:00:00,0,,0,,,,,,,,,,,,,,,,,,,,
2024-05-21 00:00:00,0,0.0,0,2.0,,,,,,,,,,,,,,,,,,,
2024-05-21 04:00:00,0,,0,,,,,,,,,,,,,,,,,,,,
2024-05-21 08:00:00,0,,0,,,,,,,,,,,,,,,,,,,,
2024-05-21 12:00:00,0,,0,,,,,,,,,,,,,,,,,,,,
2024-05-21 16:00:00,0,,0,,,,,,,,,,,,,,,,,,,,
2024-05-21 20:00:00,0,,0,,,,,,,,,,,,,,,,,,,,
2024-05-22 00:00:00,0,0.0,0,0.0,,,,,,,,,,,,,,,,,,,
2024-05-22 04:00:00,0,,0,,,,,,,,,,,,,,,,,,,,
2024-05-22 08:00:00,0,,0,,,,,,,,,,,,,,,,,,,,
2024-05-22 12:00:00,0,,0,,,,,,,,,,,,,,,,,,,,
2024-05-22 16:00:00,0,,0,,,,,,,,,,,,,,,,,,,,
2024-05-22 20:00:00,0,,0,,,,,,,,,,,,,,,,,,,,
2024-05-23 00:00:00,4,5.0,1,0.0,,,,,,,,,,,,,,,,,,,
2024-05-23 04:00:00,1,,1,,,,,,,,,,,,,,,,,,,,
2024-05-23 08:00:00,0,,0,,,,,,,,,,,,,,,,,,,,
2024-05-23 12:00:00,0,,0,,,,,,,,,,,,,,,,,,,,
2024-05-23 16:00:00,0,,0,,,,,,,,,,,,,,,,,,,,
2024-05-23 20:00:00,0,,0,,,,,,,,,,,,,,,,,,,,
2024-05-24 00:00:00,0,0.0,0,1.0,,,,,,,,,,,,,,,,,,,
2024-05-24 04:00:00,0,,0,,,,,,,,,,,,,,,,,,,,
2024-05-24 08:00:00,0,,0,,,,,,,,,,,,,,,,,,,,
2024-05-24 12:00:00,0,,0,,,,,,,,,,,,,,,,,,,,
2024-05-24 16:00:00,0,,0,,,,,,,,,,,,,,,,,,,,
2024-05-24 20:00:00,0,,0,,,,,,,,,,,,,,,,,,,,
2024-05-25 00:00:00,0,0.0,0,1.0,,,,,,,,,,,,,,,,,,,
2024-05-25 04:00:00,0,,0,,,,,,,,,,,,,,,,,,,,
2024-05-25 08:00:00,0,,0,,,,,,,,,,,,,,,,,,,,
2024-05-25 12:00:00,0,,0,,,,,,,,,,,,,,,,,,,,
2024-05-25 16:00:00,0,,0,,,,,,,,,,,,,,,,,,,,
2024-05-25 20:00:00,0,,0,,,,,,,,,,,,,,,,,,,,
2024-05-26 00:00:00,0,0.0,0,1.0,,,,,,,,,,,,,,,,,,,
2024-05-26 04:00:00,0,,0,,,,,,,,,,,,,,,,,,,,
2024-05-26 08:00:00,0,,0,,,,,,,,,,,,,,,,,,,,
2024-05-26 12:00:00,0,,0,,,,,,,,,,,,,,,,,,,,
2024-05-26 16:00:00,0,,0,,,,,,,,,,,,,,,,,,,,
2024-05-26 20:00:00,0,,0,,,,,,,,,,,,,,,,,,,,
2024-05-27 00:00:00,0,0.0,0,1.0,,,,,,,,,,,,,,,,,,,
2024-05-27 04:00:00,0,,0,,,,,,,,,,,,,,,,,,,,
2024-05-27 08:00:00,0,,0,,,,,,,,,,,,,,,,,,,,
2024-05-27 12:00:00,0,,0,,,,,,,,,,,,,,,,,,,,
2024-05-27 16:00:00,0,,0,,,,,,,,,,,,,,,,,,,,
2024-05-27 20:00:00,0,,0,,,,,,,,,,,,,,,,,,,,
2024-05-28 00:00:00,0,0.0,0,1.0,,,,,,,,,,,,,,,,,,,
2024-05-28 04:00:00,0,,0,,,,,,,,,,,,,,,,,,,,
2024-05-28 08:00:00,0,,0,,,,,,,,,,,,,,,,,,,,
2024-05-28 12:00:00,0,,0,,,,,,,,,,,,,,,,,,,,
2024-05-28 16:00:00,0,,0,,,,,,,,,,,,,,,,,,,,
2024-05-28 20:00:00,0,,0,,,,,,,,,,,,,,,,,,,,
2024-05-29 00:00:00,0,0.0,0,1.0,,,,,,,,,,,,,,,,,,,
2024-05-29 04:00:00,0,,0,,,,,,,,,,,,,,,,,,,,
2024-05-29 08:00:00,0,,0,,,,,,,,,,,,,,,,,,,,
2024-05-29 12:00:00,0,,0,,,,,,,,,,,,,,,,,,,,
2024-05-29 16:00:00,0,,0,,,,,,,,,,,,,,,,,,,,
2024-05-29 20:00:00,0,,0,,,,,,,,,,,,,,,,,,,,
2024-05-30 00:00:00,0,0.0,0,1.0,,,,,,,,,,,,,,,,,,,
2024-05-30 04:00:00,0,,0,,,,,,,,,,,,,,,,,,,,
2024-05-30 08:00:00,0,,0,,,,,,,,,,,,,,,,,,,,
2024-05-30 12:00:00,0,,0,,,,,,,,,,,,,,,,,,,,
2024-05-30 16:00:00,0,,0,,,,,,,,,,,,,,,,,,,,
2024-05-30 20:00:00,0,,0,,,,,,,,,,,,,,,,,,,,
2024-05-31 00:00:00,0,0.0,0,0.0,,,,,,,,,,,,,,,,,,,
2024-05-31 04:00:00,0,,0,,,,,,,,,,,,,,,,,,,,
2024-05-31 08:00:00,0,,0,,,,,,,,,,,,,,,,,,,,
2024-05-31 12:00:00,0,,0,,,,,,,,,,,,,,,,,,,,
2024-05-31 16:00:00,0,,0,,,,,,,,,,,,,,,,,,,,
2024-05-31 20:00:00,0,,0,,,,,,,,,,,,,,,,,,,,
2024-06-01 00:00:00,0,0.0,0,0.0,,,,,,,,,,,,,,,,,,,
2024-06-01 04:00:00,0,,0,,,,,,,,,,,,,,,,,,,,
2024-06-01 08:00:00,0,,0,,,,,,,,,,,,,,,,,,,,
2024-06-01 12:00:00,0,,0,,,,,,,,,,,,,,,,,,,,
2024-06-01 16:00:00,0,,0,,,,,,,,,,,,,,,,,,,,
2024-06-01 20:00:00,0,,0,,,,,,,,,,,,,,,,,,,,
2024-06-02 00:00:00,0,0.0,0,0.0,,,,,,,,,,,,,,,,,,,
2024-06-02 04:00:00,0,,0,,,,,,,,,,,,,,,,,,,,
2024-06-02 08:00:00,0,,0,,,,,,,,,,,,,,,,,,,,
2024-06-02 12:00:00,0,,0,,,,,,,,,,,,,,,,,,,,
2024-06-02 16:00:00,0,,0,,,,,,,,,,,,,,,,,,,,
2024-06-02 20:00:00,0,,0,,,,,,,,,,,,,,,,,,,,
2024-06-03 00:00:00,0,1.0,0,0.0,,,,,,,,,,,,,,,,,,,
2024-06-03 04:00:00,0,,0,,,,,,,,,,,,,,,,,,,,
2024-06-03 08:00:00,0,,0,,,,,,,,,,,,,,,,,,,,
2024-06-03 12:00:00,0,,0,,,,,,,,,,,,,,,,,,,,
2024-06-03 16:00:00,0,,0,,,,,,,,,,,,,,,,,,,,
2024-06-03 20:00:00,1,,1,,,,,,,,,,,,,,,,,,,,
2024-06-04 00:00:00,0,0.0,0,1.0,,,,,,,,,,,,,,,,,,,
2024-06-04 04:00:00,0,,0,,,,,,,,,,,,,,,,,,,,
2024-06-04 08:00:00,0,,0,,,,,,,,,,,,,,,,,,,,
2024-06-04 12:00:00,0,,0,,,,,,,,,,,,,,,,,,,,
2024-06-04 16:00:00,0,,0,,,,,,,,,,,,,,,,,,,,
2024-06-04 20:00:00,0,,0,,,,,,,,,,,,,,,,,,,,
2024-06-05 00:00:00,0,0.0,0,1.0,,,,,,,,,,,,,,,,,,,
2024-06-05 04:00:00,0,,0,,,,,,,,,,,,,,,,,,,,
2024-06-05 08:00:00,0,,0,,,,,,,,,,,,,,,,,,,,
2024-06-05 12:00:00,0,,0,,,,,,,,,,,,,,,,,,,,
2024-06-05 16:00:00,0,,0,,,,,,,,,,,,,,,,,,,,
2024-06-05 20:00:00,0,,0,,,,,,,,,,,,,,,,,,,,
2024-06-06 00:00:00,0,1.0,0,1.0,,,,,,,,,,,,,,,,,,,
2024-06-06 04:00:00,0,,0,,,,,,,,,,,,,,,,,,,,
2024-06-06 08:00:00,1,,1,,,,,,,,,,,,,,,,,,,,
2024-06-06 12:00:00,0,,0,,,,,,,,,,,,,,,,,,,,
2024-06-06 16:00:00,0,,0,,,,,,,,,,,,,,,,,,,,
2024-06-06 20:00:00,0,,0,,,,,,,,,,,,,,,,,,,,
2024-06-07 00:00:00,0,0.0,0,2.0,,,,,,,,,,,,,,,,,,,
2024-06-07 04:00:00,0,,0,,,,,,,,,,,,,,,,,,,,
2024-06-07 08:00:00,0,,0,,,,,,,,,,,,,,,,,,,,
2024-06-07 12:00:00,0,,0,,,,,,,,,,,,,,,,,,,,
2024-06-07 16:00:00,0,,0,,,,,,,,,,,,,,,,,,,,
2024-06-07 20:00:00,0,,0,,,,,,,,,,,,,,,,,,,,
2024-06-08 00:00:00,0,0.0,0,2.0,,,,,,,,,,,,,,,,,,,
2024-06-08 04:00:00,0,,0,,,,,,,,,,,,,,,,,,,,
2024-06-08 08:00:00,0,,0,,,,,,,,,,,,,,,,,,,,
2024-06-08 12:00:00,0,,0,,,,,,,,,,,,,,,,,,,,
2024-06-08 16:00:00,0,,0,,,,,,,,,,,,,,,,,,,,
2024-06-08 20:00:00,0,,0,,,,,,,,,,,,,,,,,,,,
2024-06-09 00:00:00,0,1.0,0,2.0,,,,,,,,,,,,,,,,,,,
2024-06-09 04:00:00,1,,1,,,,,,,,,,,,,,,,,,,,
2024-06-09 08:00:00,0,,0,,,,,,,,,,,,,,,,,,,,
2024-06-09 12:00:00,0,,0,,,,,,,,,,,,,,,,,,,,
2024-06-09 16:00:00,0,,0,,,,,,,,,,,,,,,,,,,,
2024-06-09 20:00:00,0,,0,,,,,,,,,,,,,,,,,,,,
2024-06-10 00:00:00,2,2.0,1,3.0,,,,,,,,,,,,,,,,,,,
2024-06-10 04:00:00,0,,0,,,,,,,,,,,,,,,,,,,,
2024-06-10 08:00:00,0,,0,,,,,,,,,,,,,,,,,,,,
2024-06-10 12:00:00,0,,0,,,,,,,,,,,,,,,,,,,,
2024-06-10 16:00:00,0,,0,,,,,,,,,,,,,,,,,,,,
2024-06-10 20:00:00,0,,0,,,,,,,,,,,,,,,,,,,,
2024-06-11 00:00:00,0,8.0,0,3.0,,,,,,,,,,,,,,,,,,,
2024-06-11 04:00:00,3,,2,,,,,,,,,,,,,,,,,,,,
2024-06-11 08:00:00,5,,2,,,,,,,,,,,,,,,,,,,,
2024-06-11 12:00:00,0,,0,,,,,,,,,,,,,,,,,,,,
2024-06-11 16:00:00,0,,0,,,,,,,,,,,,,,,,,,,,
2024-06-11 20:00:00,0,,0,,,,,,,,,,,,,,,,,,,,
2024-06-12 00:00:00,0,0.0,0,4.0,,,,,,,,,,,,,,,,,,,
2024-06-12 04:00:00,0,,0,,,,,,,,,,,,,,,,,,,,
2024-06-12 08:00:00,0,,0,,,,,,,,,,,,,,,,,,,,
2024-06-12 12:00:00,0,,0,,,,,,,,,,,,,,,,,,,,
2024-06-12 16:00:00,0,,0,,,,,,,,,,,,,,,,,,,,
2024-06-12 20:00:00,0,,0,,,,,,,,,,,,,,,,,,,,
2024-06-13 00:00:00,0,0.0,0,4.0,,,,,,,,,,,,,,,,,,,
2024-06-13 04:00:00,0,,0,,,,,,,,,,,,,,,,,,,,
2024-06-13 08:00:00,0,,0,,,,,,,,,,,,,,,,,,,,
2024-06-13 12:00:00,0,,0,,,,,,,,,,,,,,,,,,,,
2024-06-13 16:00:00,0,,0,,,,,,,,,,,,,,,,,,,,
2024-06-13 20:00:00,0,,0,,,,,,,,,,,,,,,,,,,,
2024-06-14 00:00:00,0,24.0,0,3.0,,,,,,,,,,,,,,,,,,,
2024-06-14 04:00:00,0,,0,,,,,,,,,,,,,,,,,,,,
2024-06-14 08:00:00,10,,3,,,,,,,,,,,,,,,,,,,,
2024-06-14 12:00:00,0,,0,,,,,,,,,,,,,,,,,,,,
2024-06-14 16:00:00,0,,0,,,,,,,,,,,,,,,,,,,,
2024-06-14 20:00:00,14,,1,,,,,,,,,,,,,,,,,,,,
2024-06-15 00:00:00,0,0.0,0,5.0,,,,,,,,,,,,,,,,,,,
2024-06-15 04:00:00,0,,0,,,,,,,,,,,,,,,,,,,,
2024-06-15 08:00:00,0,,0,,,,,,,,,,,,,,,,,,,,
2024-06-15 12:00:00,0,,0,,,,,,,,,,,,,,,,,,,,
2024-06-15 16:00:00,0,,0,,,,,,,,,,,,,,,,,,,,
2024-06-15 20:00:00,0,,0,,,,,,,,,,,,,,,,,,,,
2024-06-16 00:00:00,0,1.0,0,5.0,,,,,,,,,,,,,,,,,,,
2024-06-16 04:00:00,0,,0,,,,,,,,,,,,,,,,,,,,
2024-06-16 08:00:00,0,,0,,,,,,,,,,,,,,,,,,,,
2024-06-16 12:00:00,0,,0,,,,,,,,,,,,,,,,,,,,
2024-06-16 16:00:00,0,,0,,,,,,,,,,,,,,,,,,,,
2024-06-16 20:00:00,1,,1,,,,,,,,,,,,,,,,,,,,
2024-06-17 00:00:00,3,5.0,1,5.0,,,,,,,,,,,,,,,,,,,
2024-06-17 04:00:00,0,,0,,,,,,,,,,,,,,,,,,,,
2024-06-17 08:00:00,2,,1,,,,,,,,,,,,,,,,,,,,
2024-06-17 12:00:00,0,,0,,,,,,,,,,,,,,,,,,,,
2024-06-17 16:00:00,0,,0,,,,,,,,,,,,,,,,,,,,
2024-06-17 20:00:00,0,,0,,,,,,,,,,,,,,,,,,,,
2024-06-18 00:00:00,3,6.0,1,5.0,,,,,,,,,,,,,,,,,,,
2024-06-18 04:00:00,3,,1,,,,,,,,,,,,,,,,,,,,
2024-06-18 08:00:00,0,,0,,,,,,,,,,,,,,,,,,,,
2024-06-18 12:00:00,0,,0,,,,,,,,,,,,,,,,,,,,
2024-06-18 16:00:00,0,,0,,,,,,,,,,,,,,,,,,,,
2024-06-18 20:00:00,0,,0,,,,,,,,,,,,,,,,,,,,
2024-06-19 00:00:00,0,10.0,0,5.0,,,,,,,,,,,,,,,,,,,
2024-06-19 04:00:00,4,,1,,,,,,,,,,,,,,,,,,,,
2024-06-19 08:00:00,0,,0,,,,,,,,,,,,,,,,,,,,
2024-06-19 12:00:00,6,,2,,,,,,,,,,,,,,,,,,,,
2024-06-19 16:00:00,0,,0,,,,,,,,,,,,,,,,,,,,
2024-06-19 20:00:00,0,,0,,,,,,,,,,,,,,,,,,,,
2024-06-20 00:00:00,18,48.0,3,7.0,,,,,,,,,,,,,,,,,,,
2024-06-20 04:00:00,25,,4,,,,,,,,,,,,,,,,,,,,
2024-06-20 08:00:00,2,,2,,,,,,,,,,,,,,,,,,,,
2024-06-20 12:00:00,1,,1,,,,,,,,,,,,,,,,,,,,
2024-06-20 16:00:00,2,,2,,,,,,,,,,,,,,,,,,,,
2024-06-20 20:00:00,0,,0,,,,,,,,,,,,,,,,,,,,
2024-06-21 00:00:00,11,16.0,2,9.0,,,,,,,,,,,,,,,,,,,
2024-06-21 04:00:00,2,,1,,,,,,,,,,,,,,,,,,,,
2024-06-21 08:00:00,0,,0,,,,,,,,,,,,,,,,,,,,
2024-06-21 12:00:00,3,,1,,,,,,,,,,,,,,,,,,,,
2024-06-21 16:00:00,0,,0,,,,,,,,,,,,,,,,,,,,
2024-06-21 20:00:00,0,,0,,,,,,,,,,,,,,,,,,,,
2024-06-22 00:00:00,1,1.0,1,8.0,,,,,,,,,,,,,,,,,,,
2024-06-22 04:00:00,0,,0,,,,,,,,,,,,,,,,,,,,
2024-06-22 08:00:00,0,,0,,,,,,,,,,,,,,,,,,,,
2024-06-22 12:00:00,0,,0,,,,,,,,,,,,,,,,,,,,
2024-06-22 16:00:00,0,,0,,,,,,,,,,,,,,,,,,,,
2024-06-22 20:00:00,0,,0,,,,,,,,,,,,,,,,,,,,
2024-06-23 00:00:00,0,0.0,0,8.0,,,,,,,,,,,,,,,,,,,
2024-06-23 04:00:00,0,,0,,,,,,,,,,,,,,,,,,,,
2024-06-23 08:00:00,0,,0,,,,,,,,,,,,,,,,,,,,
2024-06-23 12:00:00,0,,0,,,,,,,,,,,,,,,,,,,,
2024-06-23 16:00:00,0,,0,,,,,,,,,,,,,,,,,,,,
2024-06-23 20:00:00,0,,0,,,,,,,,,,,,,,,,,,,,
2024-06-24 00:00:00,8,8.0,1,7.0,,,,,,,,,,,,,,,,,,,
2024-06-24 04:00:00,0,,0,,,,,,,,,,,,,,,,,,,,
2024-06-24 08:00:00,0,,0,,,,,,,,,,,,,,,,,,,,
2024-06-24 12:00:00,0,,0,,,,,,,,,,,,,,,,,,,,
2024-06-24 16:00:00,0,,0,,,,,,,,,,,,,,,,,,,,
2024-06-24 20:00:00,0,,0,,,,,,,,,,,,,,,,,,,,
2024-06-25 00:00:00,0,0.0,0,7.0,,,,,,,,,,,,,,,,,,,
2024-06-25 04:00:00,0,,0,,,,,,,,,,,,,,,,,,,,
2024-06-25 08:00:00,0,,0,,,,,,,,,,,,,,,,,,,,
2024-06-25 12:00:00,0,,0,,,,,,,,,,,,,,,,,,,,
2024-06-25 16:00:00,0,,0,,,,,,,,,,,,,,,,,,,,
2024-06-25 20:00:00,0,,0,,,,,,,,,,,,,,,,,,,,
2024-06-26 00:00:00,0,0.0,0,7.0,,,,,,,,,,,,,,,,,,,
2024-06-26 04:00:00,0,,0,,,,,,,,,,,,,,,,,,,,
2024-06-26 08:00:00,0,,0,,,,,,,,,,,,,,,,,,,,
2024-06-26 12:00:00,0,,0,,,,,,,,,,,,,,,,,,,,
2024-06-26 16:00:00,0,,0,,,,,,,,,,,,,,,,,,,,
2024-06-26 20:00:00,0,,0,,,,,,,,,,,,,,,,,,,,
2024-06-27 00:00:00,0,0.0,0,7.0,,,,,,,,,,,,,,,,,,,
2024-06-27 04:00:00,0,,0,,,,,,,,,,,,,,,,,,,,
2024-06-27 08:00:00,0,,0,,,,,,,,,,,,,,,,,,,,
2024-06-27 12:00:00,0,,0,,,,,,,,,,,,,,,,,,,,
2024-06-27 16:00:00,0,,0,,,,,,,,,,,,,,,,,,,,
2024-06-27 20:00:00,0,,0,,,,,,,,,,,,,,,,,,,,
2024-06-28 00:00:00,0,0.0,0,4.0,,,,,,,,,,,,,,,,,,,
2024-06-28 04:00:00,0,,0,,,,,,,,,,,,,,,,,,,,
2024-06-28 08:00:00,0,,0,,,,,,,,,,,,,,,,,,,,
2024-06-28 12:00:00,0,,0,,,,,,,,,,,,,,,,,,,,
2024-06-28 16:00:00,0,,0,,,,,,,,,,,,,,,,,,,,
2024-06-28 20:00:00,0,,0,,,,,,,,,,,,,,,,,,,,
2024-06-29 00:00:00,0,12.0,0,2.0,,,,,,,,,,,,,,,,,,,
2024-06-29 04:00:00,0,,0,,,,,,,,,,,,,,,,,,,,
2024-06-29 08:00:00,0,,0,,,,,,,,,,,,,,,,,,,,
2024-06-29 12:00:00,0,,0,,,,,,,,,,,,,,,,,,,,
2024-06-29 16:00:00,12,,1,,,,,,,,,,,,,,,,,,,,
2024-06-29 20:00:00,0,,0,,,,,,,,,,,,,,,,,,,,
2024-06-30 00:00:00,0,0.0,0,2.0,,,,,,,,,,,,,,,,,,,
2024-06-30 04:00:00,0,,0,,,,,,,,,,,,,,,,,,,,
2024-06-30 08:00:00,0,,0,,,,,,,,,,,,,,,,,,,,
2024-06-30 12:00:00,0,,0,,,,,,,,,,,,,,,,,,,,
2024-06-30 16:00:00,0,,0,,,,,,,,,,,,,,,,,,,,
2024-06-30 20:00:00,0,,0,,,,,,,,,,,,,,,,,,,,
2024-07-01 00:00:00,0,0.0,0,2.0,,,,,,,,,,,,,,,,,,,
2024-07-01 04:00:00,0,,0,,,,,,,,,,,,,,,,,,,,
2024-07-01 08:00:00,0,,0,,,,,,,,,,,,,,,,,,,,
2024-07-01 12:00:00,0,,0,,,,,,,,,,,,,,,,,,,,
2024-07-01 16:00:00,0,,0,,,,,,,,,,,,,,,,,,,,
2024-07-01 20:00:00,0,,0,,,,,,,,,,,,,,,,,,,,
2024-07-02 00:00:00,5,7.0,1,1.0,,,,,,,,,,,,,,,,,,,
2024-07-02 04:00:00,0,,0,,,,,,,,,,,,,,,,,,,,
2024-07-02 08:00:00,0,,0,,,,,,,,,,,,,,,,,,,,
2024-07-02 12:00:00,0,,0,,,,,,,,,,,,,,,,,,,,
2024-07-02 16:00:00,0,,0,,,,,,,,,,,,,,,,,,,,
2024-07-02 20:00:00,2,,1,,,,,,,,,,,,,,,,,,,,
2024-07-03 00:00:00,3,3.0,1,2.0,,,,,,,,,,,,,,,,,,,
2024-07-03 04:00:00,0,,0,,,,,,,,,,,,,,,,,,,,
2024-07-03 08:00:00,0,,0,,,,,,,,,,,,,,,,,,,,
2024-07-03 12:00:00,0,,0,,,,,,,,,,,,,,,,,,,,
2024-07-03 16:00:00,0,,0,,,,,,,,,,,,,,,,,,,,
2024-07-03 20:00:00,0,,0,,,,,,,,,,,,,,,,,,,,
2024-07-04 00:00:00,1,3.0,1,2.0,,,,,,,,,,,,,,,,,,,
2024-07-04 04:00:00,0,,0,,,,,,,,,,,,,,,,,,,,
2024-07-04 08:00:00,0,,0,,,,,,,,,,,,,,,,,,,,
2024-07-04 12:00:00,2,,1,,,,,,,,,,,,,,,,,,,,
2024-07-04 16:00:00,0,,0,,,,,,,,,,,,,,,,,,,,
2024-07-04 20:00:00,0,,0,,,,,,,,,,,,,,,,,,,,
2024-07-05 00:00:00,7,11.0,1,4.0,,,,,,,,,,,,,,,,,,,
2024-07-05 04:00:00,0,,0,,,,,,,,,,,,,,,,,,,,
2024-07-05 08:00:00,0,,0,,,,,,,,,,,,,,,,,,,,
2024-07-05 12:00:00,4,,1,,,,,,,,,,,,,,,,,,,,
2024-07-05 16:00:00,0,,0,,,,,,,,,,,,,,,,,,,,
2024-07-05 20:00:00,0,,0,,,,,,,,,,,,,,,,,,,,
2024-07-06 00:00:00,0,0.0,0,4.0,,,,,,,,,,,,,,,,,,,
2024-07-06 04:00:00,0,,0,,,,,,,,,,,,,,,,,,,,
2024-07-06 08:00:00,0,,0,,,,,,,,,,,,,,,,,,,,
2024-07-06 12:00:00,0,,0,,,,,,,,,,,,,,,,,,,,
2024-07-06 16:00:00,0,,0,,,,,,,,,,,,,,,,,,,,
2024-07-06 20:00:00,0,,0,,,,,,,,,,,,,,,,,,,,
2024-07-07 00:00:00,0,0.0,0,4.0,,,,,,,,,,,,,,,,,,,
2024-07-07 04:00:00,0,,0,,,,,,,,,,,,,,,,,,,,
2024-07-07 08:00:00,0,,0,,,,,,,,,,,,,,,,,,,,
2024-07-07 12:00:00,0,,0,,,,,,,,,,,,,,,,,,,,
2024-07-07 16:00:00,0,,0,,,,,,,,,,,,,,,,,,,,
2024-07-07 20:00:00,0,,0,,,,,,,,,,,,,,,,,,,,
2024-07-08 00:00:00,0,3.0,0,4.0,,,,,,,,,,,,,,,,,,,
2024-07-08 04:00:00,0,,0,,,,,,,,,,,,,,,,,,,,
2024-07-08 08:00:00,3,,1,,,,,,,,,,,,,,,,,,,,
2024-07-08 12:00:00,0,,0,,,,,,,,,,,,,,,,,,,,
2024-07-08 16:00:00,0,,0,,,,,,,,,,,,,,,,,,,,
2024-07-08 20:00:00,0,,0,,,,,,,,,,,,,,,,,,,,
2024-07-09 00:00:00,0,7.0,0,4.0,,,,,,,,,,,,,,,,,,,
2024-07-09 04:00:00,0,,0,,,,,,,,,,,,,,,,,,,,
2024-07-09 08:00:00,7,,2,,,,,,,,,,,,,,,,,,,,
2024-07-09 12:00:00,0,,0,,,,,,,,,,,,,,,,,,,,
2024-07-09 16:00:00,0,,0,,,,,,,,,,,,,,,,,,,,
2024-07-09 20:00:00,0,,0,,,,,,,,,,,,,,,,,,,,
2024-07-10 00:00:00,0,0.0,0,5.0,,,,,,,,,,,,,,,,,,,
2024-07-10 04:00:00,0,,0,,,,,,,,,,,,,,,,,,,,
2024-07-10 08:00:00,0,,0,,,,,,,,,,,,,,,,,,,,
2024-07-10 12:00:00,0,,0,,,,,,,,,,,,,,,,,,,,
2024-07-10 16:00:00,0,,0,,,,,,,,,,,,,,,,,,,,
2024-07-10 20:00:00,0,,0,,,,,,,,,,,,,,,,,,,,
2024-07-11 00:00:00,1,9.0,1,5.0,,,,,,,,,,,,,,,,,,,
2024-07-11 04:00:00,0,,0,,,,,,,,,,,,,,,,,,,,
2024-07-11 08:00:00,0,,0,,,,,,,,,,,,,,,,,,,,
2024-07-11 12:00:00,0,,0,,,,,,,,,,,,,,,,,,,,
2024-07-11 16:00:00,5,,1,,,,,,,,,,,,,,,,,,,,
2024-07-11 20:00:00,3,,1,,,,,,,,,,,,,,,,,,,,
2024-07-12 00:00:00,8,8.0,1,5.0,,,,,,,,,,,,,,,,,,,
2024-07-12 04:00:00,0,,0,,,,,,,,,,,,,,,,,,,,
2024-07-12 08:00:00,0,,0,,,,,,,,,,,,,,,,,,,,
2024-07-12 12:00:00,0,,0,,,,,,,,,,,,,,,,,,,,
2024-07-12 16:00:00,0,,0,,,,,,,,,,,,,,,,,,,,
2024-07-12 20:00:00,0,,0,,,,,,,,,,,,,,,,,,,,
2024-07-13 00:00:00,0,0.0,0,5.0,,,,,,,,,,,,,,,,,,,
2024-07-13 04:00:00,0,,0,,,,,,,,,,,,,,,,,,,,
2024-07-13 08:00:00,0,,0,,,,,,,,,,,,,,,,,,,,
2024-07-13 12:00:00,0,,0,,,,,,,,,,,,,,,,,,,,
2024-07-13 16:00:00,0,,0,,,,,,,,,,,,,,,,,,,,
2024-07-13 20:00:00,0,,0,,,,,,,,,,,,,,,,,,,,
2024-07-14 00:00:00,0,4.0,0,5.0,,,,,,,,,,,,,,,,,,,
2024-07-14 04:00:00,0,,0,,,,,,,,,,,,,,,,,,,,
2024-07-14 08:00:00,2,,1,,,,,,,,,,,,,,,,,,,,
2024-07-14 12:00:00,2,,1,,,,,,,,,,,,,,,,,,,,
2024-07-14 16:00:00,0,,0,,,,,,,,,,,,,,,,,,,,
2024-07-14 20:00:00,0,,0,,,,,,,,,,,,,,,,,,,,
2024-07-15 00:00:00,0,3.0,0,5.0,,,,,,,,,,,,,,,,,,,
2024-07-15 04:00:00,0,,0,,,,,,,,,,,,,,,,,,,,
2024-07-15 08:00:00,0,,0,,,,,,,,,,,,,,,,,,,,
2024-07-15 12:00:00,0,,0,,,,,,,,,,,,,,,,,,,,
2024-07-15 16:00:00,1,,1,,,,,,,,,,,,,,,,,,,,
2024-07-15 20:00:00,2,,1,,,,,,,,,,,,,,,,,,,,
2024-07-16 00:00:00,0,1.0,0,5.0,,,,,,,,,,,,,,,,,,,
2024-07-16 04:00:00,0,,0,,,,,,,,,,,,,,,,,,,,
2024-07-16 08:00:00,0,,0,,,,,,,,,,,,,,,,,,,,
2024-07-16 12:00:00,0,,0,,,,,,,,,,,,,,,,,,,,
2024-07-16 16:00:00,1,,1,,,,,,,,,,,,,,,,,,,,
2024-07-16 20:00:00,0,,0,,,,,,,,,,,,,,,,,,,,
2024-07-17 00:00:00,0,1.0,0,5.0,,,,,,,,,,,,,,,,,,,
2024-07-17 04:00:00,0,,0,,,,,,,,,,,,,,,,,,,,
2024-07-17 08:00:00,0,,0,,,,,,,,,,,,,,,,,,,,
2024-07-17 12:00:00,0,,0,,,,,,,,,,,,,,,,,,,,
2024-07-17 16:00:00,0,,0,,,,,,,,,,,,,,,,,,,,
2024-07-17 20:00:00,1,,1,,,,,,,,,,,,,,,,,,,,
2024-07-18 00:00:00,0,9.0,0,6.0,,,,,,,,,,,,,,,,,,,
2024-07-18 04:00:00,0,,0,,,,,,,,,,,,,,,,,,,,
2024-07-18 08:00:00,0,,0,,,,,,,,,,,,,,,,,,,,
2024-07-18 12:00:00,9,,2,,,,,,,,,,,,,,,,,,,,
2024-07-18 16:00:00,0,,0,,,,,,,,,,,,,,,,,,,,
2024-07-18 20:00:00,0,,0,,,,,,,,,,,,,,,,,,,,
2024-07-19 00:00:00,0,0.0,0,6.0,,,,,,,,,,,,,,,,,,,
2024-07-19 04:00:00,0,,0,,,,,,,,,,,,,,,,,,,,
2024-07-19 08:00:00,0,,0,,,,,,,,,,,,,,,,,,,,
2024-07-19 12:00:00,0,,0,,,,,,,,,,,,,,,,,,,,
2024-07-19 16:00:00,0,,0,,,,,,,,,,,,,,,,,,,,
2024-07-19 20:00:00,0,,0,,,,,,,,,,,,,,,,,,,,
2024-07-20 00:00:00,0,0.0,0,5.0,,,,,,,,,,,,,,,,,,,
2024-07-20 04:00:00,0,,0,,,,,,,,,,,,,,,,,,,,
2024-07-20 08:00:00,0,,0,,,,,,,,,,,,,,,,,,,,
2024-07-20 12:00:00,0,,0,,,,,,,,,,,,,,,,,,,,
2024-07-20 16:00:00,0,,0,,,,,,,,,,,,,,,,,,,,
2024-07-20 20:00:00,0,,0,,,,,,,,,,,,,,,,,,,,
2024-07-21 00:00:00,0,1.0,0,5.0,,,,,,,,,,,,,,,,,,,
2024-07-21 04:00:00,1,,1,,,,,,,,,,,,,,,,,,,,
2024-07-21 08:00:00,0,,0,,,,,,,,,,,,,,,,,,,,
2024-07-21 12:00:00,0,,0,,,,,,,,,,,,,,,,,,,,
2024-07-21 16:00:00,0,,0,,,,,,,,,,,,,,,,,,,,
2024-07-21 20:00:00,0,,0,,,,,,,,,,,,,,,,,,,,
2024-07-22 00:00:00,0,4.0,0,5.0,,,,,,,,,,,,,,,,,,,
2024-07-22 04:00:00,0,,0,,,,,,,,,,,,,,,,,,,,
2024-07-22 08:00:00,0,,0,,,,,,,,,,,,,,,,,,,,
2024-07-22 12:00:00,3,,1,,,,,,,,,,,,,,,,,,,,
2024-07-22 16:00:00,1,,1,,,,,,,,,,,,,,,,,,,,
2024-07-22 20:00:00,0,,0,,,,,,,,,,,,,,,,,,,,
2024-07-23 00:00:00,0,1.0,0,5.0,,,,,,,,,,,,,,,,,,,
2024-07-23 04:00:00,0,,0,,,,,,,,,,,,,,,,,,,,
2024-07-23 08:00:00,0,,0,,,,,,,,,,,,,,,,,,,,
2024-07-23 12:00:00,0,,0,,,,,,,,,,,,,,,,,,,,
2024-07-23 16:00:00,1,,1,,,,,,,,,,,,,,,,,,,,
2024-07-23 20:00:00,0,,0,,,,,,,,,,,,,,,,,,,,
2024-07-24 00:00:00,0,0.0,0,6.0,,,,,,,,,,,,,,,,,,,
2024-07-24 04:00:00,0,,0,,,,,,,,,,,,,,,,,,,,
2024-07-24 08:00:00,0,,0,,,,,,,,,,,,,,,,,,,,
2024-07-24 12:00:00,0,,0,,,,,,,,,,,,,,,,,,,,
2024-07-24 16:00:00,0,,0,,,,,,,,,,,,,,,,,,,,
2024-07-24 20:00:00,0,,0,,,,,,,,,,,,,,,,,,,,
2024-07-25 00:00:00,0,0.0,0,5.0,,,,,,,,,,,,,,,,,,,
2024-07-25 04:00:00,0,,0,,,,,,,,,,,,,,,,,,,,
2024-07-25 08:00:00,0,,0,,,,,,,,,,,,,,,,,,,,
2024-07-25 12:00:00,0,,0,,,,,,,,,,,,,,,,,,,,
2024-07-25 16:00:00,0,,0,,,,,,,,,,,,,,,,,,,,
2024-07-25 20:00:00,0,,0,,,,,,,,,,,,,,,,,,,,
2024-07-26 00:00:00,0,11.0,0,4.0,,,,,,,,,,,,,,,,,,,
2024-07-26 04:00:00,1,,1,,,,,,,,,,,,,,,,,,,,
2024-07-26 08:00:00,2,,1,,,,,,,,,,,,,,,,,,,,
2024-07-26 12:00:00,0,,0,,,,,,,,,,,,,,,,,,,,
2024-07-26 16:00:00,1,,1,,,,,,,,,,,,,,,,,,,,
2024-07-26 20:00:00,7,,1,,,,,,,,,,,,,,,,,,,,
2024-07-27 00:00:00,0,1.0,0,6.0,,,,,,,,,,,,,,,,,,,
2024-07-27 04:00:00,0,,0,,,,,,,,,,,,,,,,,,,,
2024-07-27 08:00:00,0,,0,,,,,,,,,,,,,,,,,,,,
2024-07-27 12:00:00,1,,1,,,,,,,,,,,,,,,,,,,,
2024-07-27 16:00:00,0,,0,,,,,,,,,,,,,,,,,,,,
2024-07-27 20:00:00,0,,0,,,,,,,,,,,,,,,,,,,,
2024-07-28 00:00:00,0,0.0,0,7.0,,,,,,,,,,,,,,,,,,,
2024-07-28 04:00:00,0,,0,,,,,,,,,,,,,,,,,,,,
2024-07-28 08:00:00,0,,0,,,,,,,,,,,,,,,,,,,,
2024-07-28 12:00:00,0,,0,,,,,,,,,,,,,,,,,,,,
2024-07-28 16:00:00,0,,0,,,,,,,,,,,,,,,,,,,,
2024-07-28 20:00:00,0,,0,,,,,,,,,,,,,,,,,,,,
2024-07-29 00:00:00,0,0.0,0,6.0,,,,,,,,,,,,,,,,,,,
2024-07-29 04:00:00,0,,0,,,,,,,,,,,,,,,,,,,,
2024-07-29 08:00:00,0,,0,,,,,,,,,,,,,,,,,,,,
2024-07-29 12:00:00,0,,0,,,,,,,,,,,,,,,,,,,,
2024-07-29 16:00:00,0,,0,,,,,,,,,,,,,,,,,,,,
2024-07-29 20:00:00,0,,0,,,,,,,,,,,,,,,,,,,,
2024-07-30 00:00:00,0,2.0,0,4.0,,,,,,,,,,,,,,,,,,,
2024-07-30 04:00:00,0,,0,,,,,,,,,,,,,,,,,,,,
2024-07-30 08:00:00,0,,0,,,,,,,,,,,,,,,,,,,,
2024-07-30 12:00:00,0,,0,,,,,,,,,,,,,,,,,,,,
2024-07-30 16:00:00,2,,1,,,,,,,,,,,,,,,,,,,,
2024-07-30 20:00:00,0,,0,,,,,,,,,,,,,,,,,,,,
2024-07-31 00:00:00,0,0.0,0,5.0,,,,,,,,,,,,,,,,,,,
2024-07-31 04:00:00,0,,0,,,,,,,,,,,,,,,,,,,,
2024-07-31 08:00:00,0,,0,,,,,,,,,,,,,,,,,,,,
2024-07-31 12:00:00,0,,0,,,,,,,,,,,,,,,,,,,,
2024-07-31 16:00:00,0,,0,,,,,,,,,,,,,,,,,,,,
2024-07-31 20:00:00,0,,0,,,,,,,,,,,,,,,,,,,,
2024-08-01 00:00:00,0,0.0,0,5.0,,,,,,,,,,,,,,,,,,,
2024-08-01 04:00:00,0,,0,,,,,,,,,,,,,,,,,,,,
2024-08-01 08:00:00,0,,0,,,,,,,,,,,,,,,,,,,,
2024-08-01 12:00:00,0,,0,,,,,,,,,,,,,,,,,,,,
2024-08-01 16:00:00,0,,0,,,,,,,,,,,,,,,,,,,,
2024-08-01 20:00:00,0,,0,,,,,,,,,,,,,,,,,,,,
2024-08-02 00:00:00,0,1.0,0,5.0,,,,,,,,,,,,,,,,,,,
2024-08-02 04:00:00,1,,1,,,,,,,,,,,,,,,,,,,,
2024-08-02 08:00:00,0,,0,,,,,,,,,,,,,,,,,,,,
2024-08-02 12:00:00,0,,0,,,,,,,,,,,,,,,,,,,,
2024-08-02 16:00:00,0,,0,,,,,,,,,,,,,,,,,,,,
2024-08-02 20:00:00,0,,0,,,,,,,,,,,,,,,,,,,,
2024-08-03 00:00:00,0,0.0,0,3.0,,,,,,,,,,,,,,,,,,,
2024-08-03 04:00:00,0,,0,,,,,,,,,,,,,,,,,,,,
2024-08-03 08:00:00,0,,0,,,,,,,,,,,,,,,,,,,,
2024-08-03 12:00:00,0,,0,,,,,,,,,,,,,,,,,,,,
2024-08-03 16:00:00,0,,0,,,,,,,,,,,,,,,,,,,,
2024-08-03 20:00:00,0,,0,,,,,,,,,,,,,,,,,,,,
2024-08-04 00:00:00,0,0.0,0,2.0,,,,,,,,,,,,,,,,,,,
2024-08-04 04:00:00,0,,0,,,,,,,,,,,,,,,,,,,,
2024-08-04 08:00:00,0,,0,,,,,,,,,,,,,,,,,,,,
2024-08-04 12:00:00,0,,0,,,,,,,,,,,,,,,,,,,,
2024-08-04 16:00:00,0,,0,,,,,,,,,,,,,,,,,,,,
2024-08-04 20:00:00,0,,0,,,,,,,,,,,,,,,,,,,,
2024-08-05 00:00:00,0,1.0,0,2.0,,,,,,,,,,,,,,,,,,,
2024-08-05 04:00:00,0,,0,,,,,,,,,,,,,,,,,,,,
2024-08-05 08:00:00,0,,0,,,,,,,,,,,,,,,,,,,,
2024-08-05 12:00:00,0,,0,,,,,,,,,,,,,,,,,,,,
2024-08-05 16:00:00,0,,0,,,,,,,,,,,,,,,,,,,,
2024-08-05 20:00:00,1,,1,,,,,,,,,,,,,,,,,,,,
2024-08-06 00:00:00,0,0.0,0,3.0,,,,,,,,,,,,,,,,,,,
2024-08-06 04:00:00,0,,0,,,,,,,,,,,,,,,,,,,,
2024-08-06 08:00:00,0,,0,,,,,,,,,,,,,,,,,,,,
2024-08-06 12:00:00,0,,0,,,,,,,,,,,,,,,,,,,,
2024-08-06 16:00:00,0,,0,,,,,,,,,,,,,,,,,,,,
2024-08-06 20:00:00,0,,0,,,,,,,,,,,,,,,,,,,,
2024-08-07 00:00:00,0,0.0,0,2.0,,,,,,,,,,,,,,,,,,,
2024-08-07 04:00:00,0,,0,,,,,,,,,,,,,,,,,,,,
2024-08-07 08:00:00,0,,0,,,,,,,,,,,,,,,,,,,,
2024-08-07 12:00:00,0,,0,,,,,,,,,,,,,,,,,,,,
2024-08-07 16:00:00,0,,0,,,,,,,,,,,,,,,,,,,,
2024-08-07 20:00:00,0,,0,,,,,,,,,,,,,,,,,,,,
2024-08-08 00:00:00,0,2.0,0,2.0,,,,,,,,,,,,,,,,,,,
2024-08-08 04:00:00,0,,0,,,,,,,,,,,,,,,,,,,,
2024-08-08 08:00:00,0,,0,,,,,,,,,,,,,,,,,,,,
2024-08-08 12:00:00,0,,0,,,,,,,,,,,,,,,,,,,,
2024-08-08 16:00:00,2,,1,,,,,,,,,,,,,,,,,,,,
2024-08-08 20:00:00,0,,0,,,,,,,,,,,,,,,,,,,,
2024-08-09 00:00:00,1,1.0,1,2.0,,,,,,,,,,,,,,,,,,,
2024-08-09 04:00:00,0,,0,,,,,,,,,,,,,,,,,,,,
2024-08-09 08:00:00,0,,0,,,,,,,,,,,,,,,,,,,,
2024-08-09 12:00:00,0,,0,,,,,,,,,,,,,,,,,,,,
2024-08-09 16:00:00,0,,0,,,,,,,,,,,,,,,,,,,,
2024-08-09 20:00:00,0,,0,,,,,,,,,,,,,,,,,,,,
2024-08-10 00:00:00,0,0.0,0,2.0,,,,,,,,,,,,,,,,,,,
2024-08-10 04:00:00,0,,0,,,,,,,,,,,,,,,,,,,,
2024-08-10 08:00:00,0,,0,,,,,,,,,,,,,,,,,,,,
2024-08-10 12:00:00,0,,0,,,,,,,,,,,,,,,,,,,,
2024-08-10 16:00:00,0,,0,,,,,,,,,,,,,,,,,,,,
2024-08-10 20:00:00,0,,0,,,,,,,,,,,,,,,,,,,,
2024-08-11 00:00:00,0,0.0,0,2.0,,,,,,,,,,,,,,,,,,,
2024-08-11 04:00:00,0,,0,,,,,,,,,,,,,,,,,,,,
2024-08-11 08:00:00,0,,0,,,,,,,,,,,,,,,,,,,,
2024-08-11 12:00:00,0,,0,,,,,,,,,,,,,,,,,,,,
2024-08-11 16:00:00,0,,0,,,,,,,,,,,,,,,,,,,,
2024-08-11 20:00:00,0,,0,,,,,,,,,,,,,,,,,,,,
2024-08-12 00:00:00,0,4.0,0,2.0,,,,,,,,,,,,,,,,,,,
2024-08-12 04:00:00,0,,0,,,,,,,,,,,,,,,,,,,,
2024-08-12 08:00:00,0,,0,,,,,,,,,,,,,,,,,,,,
2024-08-12 12:00:00,0,,0,,,,,,,,,,,,,,,,,,,,
2024-08-12 16:00:00,4,,1,,,,,,,,,,,,,,,,,,,,
2024-08-12 20:00:00,0,,0,,,,,,,,,,,,,,,,,,,,
2024-08-13 00:00:00,0,6.0,0,3.0,,,,,,,,,,,,,,,,,,,
2024-08-13 04:00:00,6,,1,,,,,,,,,,,,,,,,,,,,
2024-08-13 08:00:00,0,,0,,,,,,,,,,,,,,,,,,,,
2024-08-13 12:00:00,0,,0,,,,,,,,,,,,,,,,,,,,
2024-08-13 16:00:00,0,,0,,,,,,,,,,,,,,,,,,,,
2024-08-13 20:00:00,0,,0,,,,,,,,,,,,,,,,,,,,
2024-08-14 00:00:00,0,0.0,0,3.0,,,,,,,,,,,,,,,,,,,
2024-08-14 04:00:00,0,,0,,,,,,,,,,,,,,,,,,,,
2024-08-14 08:00:00,0,,0,,,,,,,,,,,,,,,,,,,,
2024-08-14 12:00:00,0,,0,,,,,,,,,,,,,,,,,,,,
2024-08-14 16:00:00,0,,0,,,,,,,,,,,,,,,,,,,,
2024-08-14 20:00:00,0,,0,,,,,,,,,,,,,,,,,,,,
2024-08-15 00:00:00,0,0.0,0,3.0,,,,,,,,,,,,,,,,,,,
2024-08-15 04:00:00,0,,0,,,,,,,,,,,,,,,,,,,,
2024-08-15 08:00:00,0,,0,,,,,,,,,,,,,,,,,,,,
2024-08-15 12:00:00,0,,0,,,,,,,,,,,,,,,,,,,,
2024-08-15 16:00:00,0,,0,,,,,,,,,,,,,,,,,,,,
2024-08-15 20:00:00,0,,0,,,,,,,,,,,,,,,,,,,,
2024-08-16 00:00:00,1,2.0,1,2.0,,,,,,,,,,,,,,,,,,,
2024-08-16 04:00:00,1,,1,,,,,,,,,,,,,,,,,,,,
2024-08-16 08:00:00,0,,0,,,,,,,,,,,,,,,,,,,,
2024-08-16 12:00:00,0,,0,,,,,,,,,,,,,,,,,,,,
2024-08-16 16:00:00,0,,0,,,,,,,,,,,,,,,,,,,,
2024-08-16 20:00:00,0,,0,,,,,,,,,,,,,,,,,,,,
2024-08-17 00:00:00,0,0.0,0,4.0,,,,,,,,,,,,,,,,,,,
2024-08-17 04:00:00,0,,0,,,,,,,,,,,,,,,,,,,,
2024-08-17 08:00:00,0,,0,,,,,,,,,,,,,,,,,,,,
2024-08-17 12:00:00,0,,0,,,,,,,,,,,,,,,,,,,,
2024-08-17 16:00:00,0,,0,,,,,,,,,,,,,,,,,,,,
2024-08-17 20:00:00,0,,0,,,,,,,,,,,,,,,,,,,,
2024-08-18 00:00:00,0,0.0,0,4.0,,,,,,,,,,,,,,,,,,,
2024-08-18 04:00:00,0,,0,,,,,,,,,,,,,,,,,,,,
2024-08-18 08:00:00,0,,0,,,,,,,,,,,,,,,,,,,,
2024-08-18 12:00:00,0,,0,,,,,,,,,,,,,,,,,,,,
2024-08-18 16:00:00,0,,0,,,,,,,,,,,,,,,,,,,,
2024-08-18 20:00:00,0,,0,,,,,,,,,,,,,,,,,,,,
2024-08-19 00:00:00,2,9.0,1,4.0,,,,,,,,,,,,,,,,,,,
2024-08-19 04:00:00,0,,0,,,,,,,,,,,,,,,,,,,,
2024-08-19 08:00:00,0,,0,,,,,,,,,,,,,,,,,,,,
2024-08-19 12:00:00,0,,0,,,,,,,,,,,,,,,,,,,,
2024-08-19 16:00:00,0,,0,,,,,,,,,,,,,,,,,,,,
2024-08-19 20:00:00,7,,2,,,,,,,,,,,,,,,,,,,,
2024-08-20 00:00:00,0,2.0,0,4.0,,,,,,,,,,,,,,,,,,,
2024-08-20 04:00:00,0,,0,,,,,,,,,,,,,,,,,,,,
2024-08-20 08:00:00,0,,0,,,,,,,,,,,,,,,,,,,,
2024-08-20 12:00:00,1,,1,,,,,,,,,,,,,,,,,,,,
2024-08-20 16:00:00,1,,1,,,,,,,,,,,,,,,,,,,,
2024-08-20 20:00:00,0,,0,,,,,,,,,,,,,,,,,,,,
2024-08-21 00:00:00,0,0.0,0,5.0,,,,,,,,,,,,,,,,,,,
2024-08-21 04:00:00,0,,0,,,,,,,,,,,,,,,,,,,,
2024-08-21 08:00:00,0,,0,,,,,,,,,,,,,,,,,,,,
2024-08-21 12:00:00,0,,0,,,,,,,,,,,,,,,,,,,,
2024-08-21 16:00:00,0,,0,,,,,,,,,,,,,,,,,,,,
2024-08-21 20:00:00,0,,0,,,,,,,,,,,,,,,,,,,,
2024-08-22 00:00:00,5,17.0,1,5.0,,,,,,,,,,,,,,,,,,,
2024-08-22 04:00:00,0,,0,,,,,,,,,,,,,,,,,,,,
2024-08-22 08:00:00,0,,0,,,,,,,,,,,,,,,,,,,,
2024-08-22 12:00:00,9,,2,,,,,,,,,,,,,,,,,,,,
2024-08-22 16:00:00,0,,0,,,,,,,,,,,,,,,,,,,,
2024-08-22 20:00:00,3,,1,,,,,,,,,,,,,,,,,,,,
2024-08-23 00:00:00,0,4.0,0,5.0,,,,,,,,,,,,,,,,,,,
2024-08-23 04:00:00,1,,1,,,,,,,,,,,,,,,,,,,,
2024-08-23 08:00:00,0,,0,,,,,,,,,,,,,,,,,,,,
2024-08-23 12:00:00,0,,0,,,,,,,,,,,,,,,,,,,,
2024-08-23 16:00:00,3,,1,,,,,,,,,,,,,,,,,,,,
2024-08-23 20:00:00,0,,0,,,,,,,,,,,,,,,,,,,,
2024-08-24 00:00:00,0,1.0,0,4.0,,,,,,,,,,,,,,,,,,,
2024-08-24 04:00:00,0,,0,,,,,,,,,,,,,,,,,,,,
2024-08-24 08:00:00,0,,0,,,,,,,,,,,,,,,,,,,,
2024-08-24 12:00:00,0,,0,,,,,,,,,,,,,,,,,,,,
2024-08-24 16:00:00,1,,1,,,,,,,,,,,,,,,,,,,,
2024-08-24 20:00:00,0,,0,,,,,,,,,,,,,,,,,,,,
2024-08-25 00:00:00,0,0.0,0,5.0,,,,,,,,,,,,,,,,,,,
2024-08-25 04:00:00,0,,0,,,,,,,,,,,,,,,,,,,,
2024-08-25 08:00:00,0,,0,,,,,,,,,,,,,,,,,,,,
2024-08-25 12:00:00,0,,0,,,,,,,,,,,,,,,,,,,,
2024-08-25 16:00:00,0,,0,,,,,,,,,,,,,,,,,,,,
2024-08-25 20:00:00,0,,0,,,,,,,,,,,,,,,,,,,,
2024-08-26 00:00:00,0,2.0,0,5.0,,,,,,,,,,,,,,,,,,,
2024-08-26 04:00:00,0,,0,,,,,,,,,,,,,,,,,,,,
2024-08-26 08:00:00,0,,0,,,,,,,,,,,,,,,,,,,,
2024-08-26 12:00:00,0,,0,,,,,,,,,,,,,,,,,,,,
2024-08-26 16:00:00,0,,0,,,,,,,,,,,,,,,,,,,,
2024-08-26 20:00:00,2,,1,,,,,,,,,,,,,,,,,,,,
2024-08-27 00:00:00,0,0.0,0,5.0,,,,,,,,,,,,,,,,,,,
2024-08-27 04:00:00,0,,0,,,,,,,,,,,,,,,,,,,,
2024-08-27 08:00:00,0,,0,,,,,,,,,,,,,,,,,,,,
2024-08-27 12:00:00,0,,0,,,,,,,,,,,,,,,,,,,,
2024-08-27 16:00:00,0,,0,,,,,,,,,,,,,,,,,,,,
2024-08-27 20:00:00,0,,0,,,,,,,,,,,,,,,,,,,,
2024-08-28 00:00:00,0,0.0,0,5.0,,,,,,,,,,,,,,,,,,,
2024-08-28 04:00:00,0,,0,,,,,,,,,,,,,,,,,,,,
2024-08-28 08:00:00,0,,0,,,,,,,,,,,,,,,,,,,,
2024-08-28 12:00:00,0,,0,,,,,,,,,,,,,,,,,,,,
2024-08-28 16:00:00,0,,0,,,,,,,,,,,,,,,,,,,,
2024-08-28 20:00:00,0,,0,,,,,,,,,,,,,,,,,,,,
2024-08-29 00:00:00,0,0.0,0,5.0,,,,,,,,,,,,,,,,,,,
2024-08-29 04:00:00,0,,0,,,,,,,,,,,,,,,,,,,,
2024-08-29 08:00:00,0,,0,,,,,,,,,,,,,,,,,,,,
2024-08-29 12:00:00,0,,0,,,,,,,,,,,,,,,,,,,,
2024-08-29 16:00:00,0,,0,,,,,,,,,,,,,,,,,,,,
2024-08-29 20:00:00,0,,0,,,,,,,,,,,,,,,,,,,,
2024-08-30 00:00:00,0,0.0,0,4.0,,,,,,,,,,,,,,,,,,,
2024-08-30 04:00:00,0,,0,,,,,,,,,,,,,,,,,,,,
2024-08-30 08:00:00,0,,0,,,,,,,,,,,,,,,,,,,,
2024-08-30 12:00:00,0,,0,,,,,,,,,,,,,,,,,,,,
2024-08-30 16:00:00,0,,0,,,,,,,,,,,,,,,,,,,,
2024-08-30 20:00:00,0,,0,,,,,,,,,,,,,,,,,,,,
2024-08-31 00:00:00,0,0.0,0,2.0,,,,,,,,,,,,,,,,,,,
2024-08-31 04:00:00,0,,0,,,,,,,,,,,,,,,,,,,,
2024-08-31 08:00:00,0,,0,,,,,,,,,,,,,,,,,,,,
2024-08-31 12:00:00,0,,0,,,,,,,,,,,,,,,,,,,,
2024-08-31 16:00:00,0,,0,,,,,,,,,,,,,,,,,,,,
2024-08-31 20:00:00,0,,0,,,,,,,,,,,,,,,,,,,,
2024-09-01 00:00:00,0,1.0,0,1.0,,,,,,,,,,,,,,,,,,,
2024-09-01 04:00:00,0,,0,,,,,,,,,,,,,,,,,,,,
2024-09-01 08:00:00,0,,0,,,,,,,,,,,,,,,,,,,,
2024-09-01 12:00:00,1,,1,,,,,,,,,,,,,,,,,,,,
2024-09-01 16:00:00,0,,0,,,,,,,,,,,,,,,,,,,,
2024-09-01 20:00:00,0,,0,,,,,,,,,,,,,,,,,,,,
2024-09-02 00:00:00,0,0.0,0,2.0,,,,,,,,,,,,,,,,,,,
2024-09-02 04:00:00,0,,0,,,,,,,,,,,,,,,,,,,,
2024-09-02 08:00:00,0,,0,,,,,,,,,,,,,,,,,,,,
2024-09-02 12:00:00,0,,0,,,,,,,,,,,,,,,,,,,,
2024-09-02 16:00:00,0,,0,,,,,,,,,,,,,,,,,,,,
2024-09-02 20:00:00,0,,0,,,,,,,,,,,,,,,,,,,,
2024-09-03 00:00:00,0,5.0,0,1.0,,,,,,,,,,,,,,,,,,,
2024-09-03 04:00:00,0,,0,,,,,,,,,,,,,,,,,,,,
2024-09-03 08:00:00,0,,0,,,,,,,,,,,,,,,,,,,,
2024-09-03 12:00:00,0,,0,,,,,,,,,,,,,,,,,,,,
2024-09-03 16:00:00,1,,1,,,,,,,,,,,,,,,,,,,,
2024-09-03 20:00:00,4,,1,,,,,,,,,,,,,,,,,,,,
2024-09-04 00:00:00,4,6.0,1,3.0,,,,,,,,,,,,,,,,,,,
2024-09-04 04:00:00,0,,0,,,,,,,,,,,,,,,,,,,,
2024-09-04 08:00:00,0,,0,,,,,,,,,,,,,,,,,,,,
2024-09-04 12:00:00,0,,0,,,,,,,,,,,,,,,,,,,,
2024-09-04 16:00:00,2,,1,,,,,,,,,,,,,,,,,,,,
2024-09-04 20:00:00,0,,0,,,,,,,,,,,,,,,,,,,,
2024-09-05 00:00:00,0,0.0,0,3.0,,,,,,,,,,,,,,,,,,,
2024-09-05 04:00:00,0,,0,,,,,,,,,,,,,,,,,,,,
2024-09-05 08:00:00,0,,0,,,,,,,,,,,,,,,,,,,,
2024-09-05 12:00:00,0,,0,,,,,,,,,,,,,,,,,,,,
2024-09-05 16:00:00,0,,0,,,,,,,,,,,,,,,,,,,,
2024-09-05 20:00:00,0,,0,,,,,,,,,,,,,,,,,,,,
2024-09-06 00:00:00,0,0.0,0,3.0,,,,,,,,,,,,,,,,,,,
2024-09-06 04:00:00,0,,0,,,,,,,,,,,,,,,,,,,,
2024-09-06 08:00:00,0,,0,,,,,,,,,,,,,,,,,,,,
2024-09-06 12:00:00,0,,0,,,,,,,,,,,,,,,,,,,,
2024-09-06 16:00:00,0,,0,,,,,,,,,,,,,,,,,,,,
2024-09-06 20:00:00,0,,0,,,,,,,,,,,,,,,,,,,,
2024-09-07 00:00:00,0,0.0,0,3.0,,,,,,,,,,,,,,,,,,,
2024-09-07 04:00:00,0,,0,,,,,,,,,,,,,,,,,,,,
2024-09-07 08:00:00,0,,0,,,,,,,,,,,,,,,,,,,,
2024-09-07 12:00:00,0,,0,,,,,,,,,,,,,,,,,,,,
2024-09-07 16:00:00,0,,0,,,,,,,,,,,,,,,,,,,,
2024-09-07 20:00:00,0,,0,,,,,,,,,,,,,,,,,,,,
2024-09-08 00:00:00,0,1.0,0,3.0,,,,,,,,,,,,,,,,,,,
2024-09-08 04:00:00,1,,1,,,,,,,,,,,,,,,,,,,,
2024-09-08 08:00:00,0,,0,,,,,,,,,,,,,,,,,,,,
2024-09-08 12:00:00,0,,0,,,,,,,,,,,,,,,,,,,,
2024-09-08 16:00:00,0,,0,,,,,,,,,,,,,,,,,,,,
2024-09-08 20:00:00,0,,0,,,,,,,,,,,,,,,,,,,,
2024-09-09 00:00:00,0,0.0,0,3.0,,,,,,,,,,,,,,,,,,,
2024-09-09 04:00:00,0,,0,,,,,,,,,,,,,,,,,,,,
2024-09-09 08:00:00,0,,0,,,,,,,,,,,,,,,,,,,,
2024-09-09 12:00:00,0,,0,,,,,,,,,,,,,,,,,,,,
2024-09-09 16:00:00,0,,0,,,,,,,,,,,,,,,,,,,,
2024-09-09 20:00:00,0,,0,,,,,,,,,,,,,,,,,,,,
2024-09-10 00:00:00,0,0.0,0,3.0,,,,,,,,,,,,,,,,,,,
2024-09-10 04:00:00,0,,0,,,,,,,,,,,,,,,,,,,,
2024-09-10 08:00:00,0,,0,,,,,,,,,,,,,,,,,,,,
2024-09-10 12:00:00,0,,0,,,,,,,,,,,,,,,,,,,,
2024-09-10 16:00:00,0,,0,,,,,,,,,,,,,,,,,,,,
2024-09-10 20:00:00,0,,0,,,,,,,,,,,,,,,,,,,,
2024-09-11 00:00:00,0,0.0,0,3.0,,,,,,,,,,,,,,,,,,,
2024-09-11 04:00:00,0,,0,,,,,,,,,,,,,,,,,,,,
2024-09-11 08:00:00,0,,0,,,,,,,,,,,,,,,,,,,,
2024-09-11 12:00:00,0,,0,,,,,,,,,,,,,,,,,,,,
2024-09-11 16:00:00,0,,0,,,,,,,,,,,,,,,,,,,,
2024-09-11 20:00:00,0,,0,,,,,,,,,,,,,,,,,,,,
2024-09-12 00:00:00,0,0.0,0,1.0,,,,,,,,,,,,,,,,,,,
2024-09-12 04:00:00,0,,0,,,,,,,,,,,,,,,,,,,,
2024-09-12 08:00:00,0,,0,,,,,,,,,,,,,,,,,,,,
2024-09-12 12:00:00,0,,0,,,,,,,,,,,,,,,,,,,,
2024-09-12 16:00:00,0,,0,,,,,,,,,,,,,,,,,,,,
2024-09-12 20:00:00,0,,0,,,,,,,,,,,,,,,,,,,,
2024-09-13 00:00:00,0,3.0,0,1.0,,,,,,,,,,,,,,,,,,,
2024-09-13 04:00:00,3,,1,,,,,,,,,,,,,,,,,,,,
2024-09-13 08:00:00,0,,0,,,,,,,,,,,,,,,,,,,,
2024-09-13 12:00:00,0,,0,,,,,,,,,,,,,,,,,,,,
2024-09-13 16:00:00,0,,0,,,,,,,,,,,,,,,,,,,,
2024-09-13 20:00:00,0,,0,,,,,,,,,,,,,,,,,,,,
2024-09-14 00:00:00,0,0.0,0,2.0,,,,,,,,,,,,,,,,,,,
2024-09-14 04:00:00,0,,0,,,,,,,,,,,,,,,,,,,,
2024-09-14 08:00:00,0,,0,,,,,,,,,,,,,,,,,,,,
2024-09-14 12:00:00,0,,0,,,,,,,,,,,,,,,,,,,,
2024-09-14 16:00:00,0,,0,,,,,,,,,,,,,,,,,,,,
2024-09-14 20:00:00,0,,0,,,,,,,,,,,,,,,,,,,,
2024-09-15 00:00:00,0,1.0,0,2.0,,,,,,,,,,,,,,,,,,,
2024-09-15 04:00:00,0,,0,,,,,,,,,,,,,,,,,,,,
2024-09-15 08:00:00,1,,1,,,,,,,,,,,,,,,,,,,,
2024-09-15 12:00:00,0,,0,,,,,,,,,,,,,,,,,,,,
2024-09-15 16:00:00,0,,0,,,,,,,,,,,,,,,,,,,,
2024-09-15 20:00:00,0,,0,,,,,,,,,,,,,,,,,,,,
2024-09-16 00:00:00,0,0.0,0,2.0,,,,,,,,,,,,,,,,,,,
2024-09-16 04:00:00,0,,0,,,,,,,,,,,,,,,,,,,,
2024-09-16 08:00:00,0,,0,,,,,,,,,,,,,,,,,,,,
2024-09-16 12:00:00,0,,0,,,,,,,,,,,,,,,,,,,,
2024-09-16 16:00:00,0,,0,,,,,,,,,,,,,,,,,,,,
2024-09-16 20:00:00,0,,0,,,,,,,,,,,,,,,,,,,,
2024-09-17 00:00:00,0,1.0,0,2.0,,,,,,,,,,,,,,,,,,,
2024-09-17 04:00:00,1,,1,,,,,,,,,,,,,,,,,,,,
2024-09-17 08:00:00,0,,0,,,,,,,,,,,,,,,,,,,,
2024-09-17 12:00:00,0,,0,,,,,,,,,,,,,,,,,,,,
2024-09-17 16:00:00,0,,0,,,,,,,,,,,,,,,,,,,,
2024-09-17 20:00:00,0,,0,,,,,,,,,,,,,,,,,,,,
2024-09-18 00:00:00,0,0.0,0,3.0,,,,,,,,,,,,,,,,,,,
2024-09-18 04:00:00,0,,0,,,,,,,,,,,,,,,,,,,,
2024-09-18 08:00:00,0,,0,,,,,,,,,,,,,,,,,,,,
2024-09-18 12:00:00,0,,0,,,,,,,,,,,,,,,,,,,,
2024-09-18 16:00:00,0,,0,,,,,,,,,,,,,,,,,,,,
2024-09-18 20:00:00,0,,0,,,,,,,,,,,,,,,,,,,,
2024-09-19 00:00:00,0,5.0,0,3.0,,,,,,,,,,,,,,,,,,,
2024-09-19 04:00:00,0,,0,,,,,,,,,,,,,,,,,,,,
2024-09-19 08:00:00,0,,0,,,,,,,,,,,,,,,,,,,,
2024-09-19 12:00:00,0,,0,,,,,,,,,,,,,,,,,,,,
2024-09-19 16:00:00,5,,1,,,,,,,,,,,,,,,,,,,,
2024-09-19 20:00:00,0,,0,,,,,,,,,,,,,,,,,,,,
2024-09-20 00:00:00,0,0.0,0,4.0,,,,,,,,,,,,,,,,,,,
2024-09-20 04:00:00,0,,0,,,,,,,,,,,,,,,,,,,,
2024-09-20 08:00:00,0,,0,,,,,,,,,,,,,,,,,,,,
2024-09-20 12:00:00,0,,0,,,,,,,,,,,,,,,,,,,,
2024-09-20 16:00:00,0,,0,,,,,,,,,,,,,,,,,,,,
2024-09-20 20:00:00,0,,0,,,,,,,,,,,,,,,,,,,,
2024-09-21 00:00:00,0,0.0,0,3.0,,,,,,,,,,,,,,,,,,,
2024-09-21 04:00:00,0,,0,,,,,,,,,,,,,,,,,,,,
2024-09-21 08:00:00,0,,0,,,,,,,,,,,,,,,,,,,,
2024-09-21 12:00:00,0,,0,,,,,,,,,,,,,,,,,,,,
2024-09-21 16:00:00,0,,0,,,,,,,,,,,,,,,,,,,,
2024-09-21 20:00:00,0,,0,,,,,,,,,,,,,,,,,,,,
2024-09-22 00:00:00,0,0.0,0,3.0,,,,,,,,,,,,,,,,,,,
2024-09-22 04:00:00,0,,0,,,,,,,,,,,,,,,,,,,,
2024-09-22 08:00:00,0,,0,,,,,,,,,,,,,,,,,,,,
2024-09-22 12:00:00,0,,0,,,,,,,,,,,,,,,,,,,,
2024-09-22 16:00:00,0,,0,,,,,,,,,,,,,,,,,,,,
2024-09-22 20:00:00,0,,0,,,,,,,,,,,,,,,,,,,,
2024-09-23 00:00:00,0,3.0,0,2.0,,,,,,,,,,,,,,,,,,,
2024-09-23 04:00:00,0,,0,,,,,,,,,,,,,,,,,,,,
2024-09-23 08:00:00,0,,0,,,,,,,,,,,,,,,,,,,,
2024-09-23 12:00:00,0,,0,,,,,,,,,,,,,,,,,,,,
2024-09-23 16:00:00,3,,2,,,,,,,,,,,,,,,,,,,,
2024-09-23 20:00:00,0,,0,,,,,,,,,,,,,,,,,,,,
2024-09-24 00:00:00,0,0.0,0,3.0,,,,,,,,,,,,,,,,,,,
2024-09-24 04:00:00,0,,0,,,,,,,,,,,,,,,,,,,,
2024-09-24 08:00:00,0,,0,,,,,,,,,,,,,,,,,,,,
2024-09-24 12:00:00,0,,0,,,,,,,,,,,,,,,,,,,,
2024-09-24 16:00:00,0,,0,,,,,,,,,,,,,,,,,,,,
2024-09-24 20:00:00,0,,0,,,,,,,,,,,,,,,,,,,,
2024-09-25 00:00:00,0,8.0,0,2.0,,,,,,,,,,,,,,,,,,,
2024-09-25 04:00:00,1,,1,,,,,,,,,,,,,,,,,,,,
2024-09-25 08:00:00,2,,1,,,,,,,,,,,,,,,,,,,,
2024-09-25 12:00:00,1,,1,,,,,,,,,,,,,,,,,,,,
2024-09-25 16:00:00,0,,0,,,,,,,,,,,,,,,,,,,,
2024-09-25 20:00:00,4,,1,,,,,,,,,,,,,,,,,,,,
2024-09-26 00:00:00,0,3.0,0,5.0,,,,,,,,,,,,,,,,,,,
2024-09-26 04:00:00,0,,0,,,,,,,,,,,,,,,,,,,,
2024-09-26 08:00:00,0,,0,,,,,,,,,,,,,,,,,,,,
2024-09-26 12:00:00,0,,0,,,,,,,,,,,,,,,,,,,,
2024-09-26 16:00:00,3,,1,,,,,,,,,,,,,,,,,,,,
2024-09-26 20:00:00,0,,0,,,,,,,,,,,,,,,,,,,,
2024-09-27 00:00:00,0,3.0,0,5.0,,,,,,,,,,,,,,,,,,,
2024-09-27 04:00:00,0,,0,,,,,,,,,,,,,,,,,,,,
2024-09-27 08:00:00,0,,0,,,,,,,,,,,,,,,,,,,,
2024-09-27 12:00:00,0,,0,,,,,,,,,,,,,,,,,,,,
2024-09-27 16:00:00,0,,0,,,,,,,,,,,,,,,,,,,,
2024-09-27 20:00:00,3,,1,,,,,,,,,,,,,,,,,,,,
2024-09-28 00:00:00,0,0.0,0,5.0,,,,,,,,,,,,,,,,,,,
2024-09-28 04:00:00,0,,0,,,,,,,,,,,,,,,,,,,,
2024-09-28 08:00:00,0,,0,,,,,,,,,,,,,,,,,,,,
2024-09-28 12:00:00,0,,0,,,,,,,,,,,,,,,,,,,,
2024-09-28 16:00:00,0,,0,,,,,,,,,,,,,,,,,,,,
2024-09-28 20:00:00,0,,0,,,,,,,,,,,,,,,,,,,,
2024-09-29 00:00:00,0,0.0,0,5.0,,,,,,,,,,,,,,,,,,,
2024-09-29 04:00:00,0,,0,,,,,,,,,,,,,,,,,,,,
2024-09-29 08:00:00,0,,0,,,,,,,,,,,,,,,,,,,,
2024-09-29 12:00:00,0,,0,,,,,,,,,,,,,,,,,,,,
2024-09-29 16:00:00,0,,0,,,,,,,,,,,,,,,,,,,,
2024-09-29 20:00:00,0,,0,,,,,,,,,,,,,,,,,,,,
2024-09-30 00:00:00,0,0.0,0,5.0,,,,,,,,,,,,,,,,,,,
2024-09-30 04:00:00,0,,0,,,,,,,,,,,,,,,,,,,,
2024-09-30 08:00:00,0,,0,,,,,,,,,,,,,,,,,,,,
2024-09-30 12:00:00,0,,0,,,,,,,,,,,,,,,,,,,,
2024-09-30 16:00:00,0,,0,,,,,,,,,,,,,,,,,,,,
2024-09-30 20:00:00,0,,0,,,,,,,,,,,,,,,,,,,,
2024-10-01 00:00:00,0,0.0,0,3.0,,,,,,,,,,,,,,,,,,,
2024-10-01 04:00:00,0,,0,,,,,,,,,,,,,,,,,,,,
2024-10-01 08:00:00,0,,0,,,,,,,,,,,,,,,,,,,,
2024-10-01 12:00:00,0,,0,,,,,,,,,,,,,,,,,,,,
2024-10-01 16:00:00,0,,0,,,,,,,,,,,,,,,,,,,,
2024-10-01 20:00:00,0,,0,,,,,,,,,,,,,,,,,,,,
2024-10-02 00:00:00,0,1.0,0,3.0,,,,,,,,,,,,,,,,,,,
2024-10-02 04:00:00,0,,0,,,,,,,,,,,,,,,,,,,,
2024-10-02 08:00:00,0,,0,,,,,,,,,,,,,,,,,,,,
2024-10-02 12:00:00,0,,0,,,,,,,,,,,,,,,,,,,,
2024-10-02 16:00:00,1,,1,,,,,,,,,,,,,,,,,,,,
2024-10-02 20:00:00,0,,0,,,,,,,,,,,,,,,,,,,,
2024-10-03 00:00:00,0,0.0,0,1.0,,,,,,,,,,,,,,,,,,,
2024-10-03 04:00:00,0,,0,,,,,,,,,,,,,,,,,,,,
2024-10-03 08:00:00,0,,0,,,,,,,,,,,,,,,,,,,,
2024-10-03 12:00:00,0,,0,,,,,,,,,,,,,,,,,,,,
2024-10-03 16:00:00,0,,0,,,,,,,,,,,,,,,,,,,,
2024-10-03 20:00:00,0,,0,,,,,,,,,,,,,,,,,,,,
2024-10-04 00:00:00,5,5.0,1,1.0,,,,,,,,,,,,,,,,,,,
2024-10-04 04:00:00,0,,0,,,,,,,,,,,,,,,,,,,,
2024-10-04 08:00:00,0,,0,,,,,,,,,,,,,,,,,,,,
2024-10-04 12:00:00,0,,0,,,,,,,,,,,,,,,,,,,,
2024-10-04 16:00:00,0,,0,,,,,,,,,,,,,,,,,,,,
2024-10-04 20:00:00,0,,0,,,,,,,,,,,,,,,,,,,,
2024-10-05 00:00:00,0,0.0,0,2.0,,,,,,,,,,,,,,,,,,,
2024-10-05 04:00:00,0,,0,,,,,,,,,,,,,,,,,,,,
2024-10-05 08:00:00,0,,0,,,,,,,,,,,,,,,,,,,,
2024-10-05 12:00:00,0,,0,,,,,,,,,,,,,,,,,,,,
2024-10-05 16:00:00,0,,0,,,,,,,,,,,,,,,,,,,,
2024-10-05 20:00:00,0,,0,,,,,,,,,,,,,,,,,,,,
2024-10-06 00:00:00,0,0.0,0,2.0,,,,,,,,,,,,,,,,,,,
2024-10-06 04:00:00,0,,0,,,,,,,,,,,,,,,,,,,,
2024-10-06 08:00:00,0,,0,,,,,,,,,,,,,,,,,,,,
2024-10-06 12:00:00,0,,0,,,,,,,,,,,,,,,,,,,,
2024-10-06 16:00:00,0,,0,,,,,,,,,,,,,,,,,,,,
2024-10-06 20:00:00,0,,0,,,,,,,,,,,,,,,,,,,,
2024-10-07 00:00:00,0,1.0,0,2.0,,,,,,,,,,,,,,,,,,,
2024-10-07 04:00:00,0,,0,,,,,,,,,,,,,,,,,,,,
2024-10-07 08:00:00,0,,0,,,,,,,,,,,,,,,,,,,,
2024-10-07 12:00:00,1,,1,,,,,,,,,,,,,,,,,,,,
2024-10-07 16:00:00,0,,0,,,,,,,,,,,,,,,,,,,,
2024-10-07 20:00:00,0,,0,,,,,,,,,,,,,,,,,,,,
2024-10-08 00:00:00,0,7.0,0,3.0,,,,,,,,,,,,,,,,,,,
2024-10-08 04:00:00,0,,0,,,,,,,,,,,,,,,,,,,,
2024-10-08 08:00:00,0,,0,,,,,,,,,,,,,,,,,,,,
2024-10-08 12:00:00,0,,0,,,,,,,,,,,,,,,,,,,,
2024-10-08 16:00:00,0,,0,,,,,,,,,,,,,,,,,,,,
2024-10-08 20:00:00,7,,1,,,,,,,,,,,,,,,,,,,,
2024-10-09 00:00:00,8,8.0,1,3.0,,,,,,,,,,,,,,,,,,,
2024-10-09 04:00:00,0,,0,,,,,,,,,,,,,,,,,,,,
2024-10-09 08:00:00,0,,0,,,,,,,,,,,,,,,,,,,,
2024-10-09 12:00:00,0,,0,,,,,,,,,,,,,,,,,,,,
2024-10-09 16:00:00,0,,0,,,,,,,,,,,,,,,,,,,,
2024-10-09 20:00:00,0,,0,,,,,,,,,,,,,,,,,,,,
2024-10-10 00:00:00,0,0.0,0,2.0,,,,,,,,,,,,,,,,,,,
2024-10-10 04:00:00,0,,0,,,,,,,,,,,,,,,,,,,,
2024-10-10 08:00:00,0,,0,,,,,,,,,,,,,,,,,,,,
2024-10-10 12:00:00,0,,0,,,,,,,,,,,,,,,,,,,,
2024-10-10 16:00:00,0,,0,,,,,,,,,,,,,,,,,,,,
2024-10-10 20:00:00,0,,0,,,,,,,,,,,,,,,,,,,,
2024-10-11 00:00:00,1,6.0,1,2.0,,,,,,,,,,,,,,,,,,,
2024-10-11 04:00:00,3,,1,,,,,,,,,,,,,,,,,,,,
2024-10-11 08:00:00,0,,0,,,,,,,,,,,,,,,,,,,,
2024-10-11 12:00:00,0,,0,,,,,,,,,,,,,,,,,,,,
2024-10-11 16:00:00,2,,2,,,,,,,,,,,,,,,,,,,,
2024-10-11 20:00:00,0,,0,,,,,,,,,,,,,,,,,,,,
2024-10-12 00:00:00,0,0.0,0,6.0,,,,,,,,,,,,,,,,,,,
2024-10-12 04:00:00,0,,0,,,,,,,,,,,,,,,,,,,,
2024-10-12 08:00:00,0,,0,,,,,,,,,,,,,,,,,,,,
2024-10-12 12:00:00,0,,0,,,,,,,,,,,,,,,,,,,,
2024-10-12 16:00:00,0,,0,,,,,,,,,,,,,,,,,,,,
2024-10-12 20:00:00,0,,0,,,,,,,,,,,,,,,,,,,,
2024-10-13 00:00:00,0,0.0,0,6.0,,,,,,,,,,,,,,,,,,,
2024-10-13 04:00:00,0,,0,,,,,,,,,,,,,,,,,,,,
2024-10-13 08:00:00,0,,0,,,,,,,,,,,,,,,,,,,,
2024-10-13 12:00:00,0,,0,,,,,,,,,,,,,,,,,,,,
2024-10-13 16:00:00,0,,0,,,,,,,,,,,,,,,,,,,,
2024-10-13 20:00:00,0,,0,,,,,,,,,,,,,,,,,,,,
2024-10-14 00:00:00,0,4.0,0,6.0,,,,,,,,,,,,,,,,,,,
2024-10-14 04:00:00,1,,1,,,,,,,,,,,,,,,,,,,,
2024-10-14 08:00:00,0,,0,,,,,,,,,,,,,,,,,,,,
2024-10-14 12:00:00,0,,0,,,,,,,,,,,,,,,,,,,,
2024-10-14 16:00:00,0,,0,,,,,,,,,,,,,,,,,,,,
2024-10-14 20:00:00,3,,1,,,,,,,,,,,,,,,,,,,,
2024-10-15 00:00:00,3,28.0,1,7.0,,,,,,,,,,,,,,,,,,,
2024-10-15 04:00:00,0,,0,,,,,,,,,,,,,,,,,,,,
2024-10-15 08:00:00,0,,0,,,,,,,,,,,,,,,,,,,,
2024-10-15 12:00:00,1,,1,,,,,,,,,,,,,,,,,,,,
2024-10-15 16:00:00,9,,2,,,,,,,,,,,,,,,,,,,,
2024-10-15 20:00:00,15,,3,,,,,,,,,,,,,,,,,,,,
2024-10-16 00:00:00,4,6.0,1,7.0,,,,,,,,,,,,,,,,,,,
2024-10-16 04:00:00,0,,0,,,,,,,,,,,,,,,,,,,,
2024-10-16 08:00:00,0,,0,,,,,,,,,,,,,,,,,,,,
2024-10-16 12:00:00,0,,0,,,,,,,,,,,,,,,,,,,,
2024-10-16 16:00:00,2,,2,,,,,,,,,,,,,,,,,,,,
2024-10-16 20:00:00,0,,0,,,,,,,,,,,,,,,,,,,,
2024-10-17 00:00:00,2,2.0,1,8.0,,,,,,,,,,,,,,,,,,,
2024-10-17 04:00:00,0,,0,,,,,,,,,,,,,,,,,,,,
2024-10-17 08:00:00,0,,0,,,,,,,,,,,,,,,,,,,,
2024-10-17 12:00:00,0,,0,,,,,,,,,,,,,,,,,,,,
2024-10-17 16:00:00,0,,0,,,,,,,,,,,,,,,,,,,,
2024-10-17 20:00:00,0,,0,,,,,,,,,,,,,,,,,,,,
2024-10-18 00:00:00,0,0.0,0,8.0,,,,,,,,,,,,,,,,,,,
2024-10-18 04:00:00,0,,0,,,,,,,,,,,,,,,,,,,,
2024-10-18 08:00:00,0,,0,,,,,,,,,,,,,,,,,,,,
2024-10-18 12:00:00,0,,0,,,,,,,,,,,,,,,,,,,,
2024-10-18 16:00:00,0,,0,,,,,,,,,,,,,,,,,,,,
2024-10-18 20:00:00,0,,0,,,,,,,,,,,,,,,,,,,,
2024-10-19 00:00:00,0,0.0,0,7.0,,,,,,,,,,,,,,,,,,,
2024-10-19 04:00:00,0,,0,,,,,,,,,,,,,,,,,,,,
2024-10-19 08:00:00,0,,0,,,,,,,,,,,,,,,,,,,,
2024-10-19 12:00:00,0,,0,,,,,,,,,,,,,,,,,,,,
2024-10-19 16:00:00,0,,0,,,,,,,,,,,,,,,,,,,,
2024-10-19 20:00:00,0,,0,,,,,,,,,,,,,,,,,,,,
2024-10-20 00:00:00,0,0.0,0,7.0,,,,,,,,,,,,,,,,,,,
2024-10-20 04:00:00,0,,0,,,,,,,,,,,,,,,,,,,,
2024-10-20 08:00:00,0,,0,,,,,,,,,,,,,,,,,,,,
2024-10-20 12:00:00,0,,0,,,,,,,,,,,,,,,,,,,,
2024-10-20 16:00:00,0,,0,,,,,,,,,,,,,,,,,,,,
2024-10-20 20:00:00,0,,0,,,,,,,,,,,,,,,,,,,,
2024-10-21 00:00:00,0,0.0,0,7.0,,,,,,,,,,,,,,,,,,,
2024-10-21 04:00:00,0,,0,,,,,,,,,,,,,,,,,,,,
2024-10-21 08:00:00,0,,0,,,,,,,,,,,,,,,,,,,,
2024-10-21 12:00:00,0,,0,,,,,,,,,,,,,,,,,,,,
2024-10-21 16:00:00,0,,0,,,,,,,,,,,,,,,,,,,,
2024-10-21 20:00:00,0,,0,,,,,,,,,,,,,,,,,,,,
2024-10-22 00:00:00,0,3.0,0,7.0,,,,,,,,,,,,,,,,,,,
2024-10-22 04:00:00,0,,0,,,,,,,,,,,,,,,,,,,,
2024-10-22 08:00:00,0,,0,,,,,,,,,,,,,,,,,,,,
2024-10-22 12:00:00,0,,0,,,,,,,,,,,,,,,,,,,,
2024-10-22 16:00:00,0,,0,,,,,,,,,,,,,,,,,,,,
2024-10-22 20:00:00,3,,1,,,,,,,,,,,,,,,,,,,,
2024-10-23 00:00:00,0,0.0,0,5.0,,,,,,,,,,,,,,,,,,,
2024-10-23 04:00:00,0,,0,,,,,,,,,,,,,,,,,,,,
2024-10-23 08:00:00,0,,0,,,,,,,,,,,,,,,,,,,,
2024-10-23 12:00:00,0,,0,,,,,,,,,,,,,,,,,,,,
2024-10-23 16:00:00,0,,0,,,,,,,,,,,,,,,,,,,,
2024-10-23 20:00:00,0,,0,,,,,,,,,,,,,,,,,,,,
2024-10-24 00:00:00,3,3.0,1,2.0,,,,,,,,,,,,,,,,,,,
2024-10-24 04:00:00,0,,0,,,,,,,,,,,,,,,,,,,,
2024-10-24 08:00:00,0,,0,,,,,,,,,,,,,,,,,,,,
2024-10-24 12:00:00,0,,0,,,,,,,,,,,,,,,,,,,,
2024-10-24 16:00:00,0,,0,,,,,,,,,,,,,,,,,,,,
2024-10-24 20:00:00,0,,0,,,,,,,,,,,,,,,,,,,,
2024-10-25 00:00:00,0,1.0,0,2.0,,,,,,,,,,,,,,,,,,,
2024-10-25 04:00:00,0,,0,,,,,,,,,,,,,,,,,,,,
2024-10-25 08:00:00,0,,0,,,,,,,,,,,,,,,,,,,,
2024-10-25 12:00:00,0,,0,,,,,,,,,,,,,,,,,,,,
2024-10-25 16:00:00,1,,1,,,,,,,,,,,,,,,,,,,,
2024-10-25 20:00:00,0,,0,,,,,,,,,,,,,,,,,,,,
2024-10-26 00:00:00,0,0.0,0,2.0,,,,,,,,,,,,,,,,,,,
2024-10-26 04:00:00,0,,0,,,,,,,,,,,,,,,,,,,,
2024-10-26 08:00:00,0,,0,,,,,,,,,,,,,,,,,,,,
2024-10-26 12:00:00,0,,0,,,,,,,,,,,,,,,,,,,,
2024-10-26 16:00:00,0,,0,,,,,,,,,,,,,,,,,,,,
2024-10-26 20:00:00,0,,0,,,,,,,,,,,,,,,,,,,,
2024-10-27 00:00:00,0,0.0,0,2.0,,,,,,,,,,,,,,,,,,,
2024-10-27 04:00:00,0,,0,,,,,,,,,,,,,,,,,,,,
2024-10-27 08:00:00,0,,0,,,,,,,,,,,,,,,,,,,,
2024-10-27 12:00:00,0,,0,,,,,,,,,,,,,,,,,,,,
2024-10-27 16:00:00,0,,0,,,,,,,,,,,,,,,,,,,,
2024-10-27 20:00:00,0,,0,,,,,,,,,,,,,,,,,,,,
2024-10-28 00:00:00,0,0.0,0,2.0,,,,,,,,,,,,,,,,,,,
2024-10-28 04:00:00,0,,0,,,,,,,,,,,,,,,,,,,,
2024-10-28 08:00:00,0,,0,,,,,,,,,,,,,,,,,,,,
2024-10-28 12:00:00,0,,0,,,,,,,,,,,,,,,,,,,,
2024-10-28 16:00:00,0,,0,,,,,,,,,,,,,,,,,,,,
2024-10-28 20:00:00,0,,0,,,,,,,,,,,,,,,,,,,,
2024-10-29 00:00:00,0,0.0,0,2.0,,,,,,,,,,,,,,,,,,,
2024-10-29 04:00:00,0,,0,,,,,,,,,,,,,,,,,,,,
2024-10-29 08:00:00,0,,0,,,,,,,,,,,,,,,,,,,,
2024-10-29 12:00:00,0,,0,,,,,,,,,,,,,,,,,,,,
2024-10-29 16:00:00,0,,0,,,,,,,,,,,,,,,,,,,,
2024-10-29 20:00:00,0,,0,,,,,,,,,,,,,,,,,,,,
2024-10-30 00:00:00,0,0.0,0,2.0,,,,,,,,,,,,,,,,,,,
2024-10-30 04:00:00,0,,0,,,,,,,,,,,,,,,,,,,,
2024-10-30 08:00:00,0,,0,,,,,,,,,,,,,,,,,,,,
2024-10-30 12:00:00,0,,0,,,,,,,,,,,,,,,,,,,,
2024-10-30 16:00:00,0,,0,,,,,,,,,,,,,,,,,,,,
2024-10-30 20:00:00,0,,0,,,,,,,,,,,,,,,,,,,,
2024-10-31 00:00:00,0,25.0,0,2.0,,,,,,,,,,,,,,,,,,,
2024-10-31 04:00:00,0,,0,,,,,,,,,,,,,,,,,,,,
2024-10-31 08:00:00,0,,0,,,,,,,,,,,,,,,,,,,,
2024-10-31 12:00:00,0,,0,,,,,,,,,,,,,,,,,,,,
2024-10-31 16:00:00,13,,2,,,,,,,,,,,,,,,,,,,,
2024-10-31 20:00:00,12,,2,,,,,,,,,,,,,,,,,,,,
2024-11-01 00:00:00,0,1.0,0,3.0,,,,,,,,,,,,,,,,,,,
2024-11-01 04:00:00,1,,1,,,,,,,,,,,,,,,,,,,,
2024-11-01 08:00:00,0,,0,,,,,,,,,,,,,,,,,,,,
2024-11-01 12:00:00,0,,0,,,,,,,,,,,,,,,,,,,,
2024-11-01 16:00:00,0,,0,,,,,,,,,,,,,,,,,,,,
2024-11-01 20:00:00,0,,0,,,,,,,,,,,,,,,,,,,,
2024-11-02 00:00:00,0,0.0,0,4.0,,,,,,,,,,,,,,,,,,,
2024-11-02 04:00:00,0,,0,,,,,,,,,,,,,,,,,,,,
2024-11-02 08:00:00,0,,0,,,,,,,,,,,,,,,,,,,,
2024-11-02 12:00:00,0,,0,,,,,,,,,,,,,,,,,,,,
2024-11-02 16:00:00,0,,0,,,,,,,,,,,,,,,,,,,,
2024-11-02 20:00:00,0,,0,,,,,,,,,,,,,,,,,,,,
2024-11-03 00:00:00,0,0.0,0,4.0,,,,,,,,,,,,,,,,,,,
2024-11-03 04:00:00,0,,0,,,,,,,,,,,,,,,,,,,,
2024-11-03 08:00:00,0,,0,,,,,,,,,,,,,,,,,,,,
2024-11-03 12:00:00,0,,0,,,,,,,,,,,,,,,,,,,,
2024-11-03 16:00:00,0,,0,,,,,,,,,,,,,,,,,,,,
2024-11-03 20:00:00,0,,0,,,,,,,,,,,,,,,,,,,,
2024-11-04 00:00:00,0,2.0,0,4.0,,,,,,,,,,,,,,,,,,,
2024-11-04 04:00:00,0,,0,,,,,,,,,,,,,,,,,,,,
2024-11-04 08:00:00,1,,1,,,,,,,,,,,,,,,,,,,,
2024-11-04 12:00:00,0,,0,,,,,,,,,,,,,,,,,,,,
2024-11-04 16:00:00,0,,0,,,,,,,,,,,,,,,,,,,,
2024-11-04 20:00:00,1,,1,,,,,,,,,,,,,,,,,,,,
2024-11-05 00:00:00,0,0.0,0,4.0,,,,,,,,,,,,,,,,,,,
2024-11-05 04:00:00,0,,0,,,,,,,,,,,,,,,,,,,,
2024-11-05 08:00:00,0,,0,,,,,,,,,,,,,,,,,,,,
2024-11-05 12:00:00,0,,0,,,,,,,,,,,,,,,,,,,,
2024-11-05 16:00:00,0,,0,,,,,,,,,,,,,,,,,,,,
2024-11-05 20:00:00,0,,0,,,,,,,,,,,,,,,,,,,,
2024-11-06 00:00:00,0,1.0,0,4.0,,,,,,,,,,,,,,,,,,,
2024-11-06 04:00:00,0,,0,,,,,,,,,,,,,,,,,,,,
2024-11-06 08:00:00,0,,0,,,,,,,,,,,,,,,,,,,,
2024-11-06 12:00:00,0,,0,,,,,,,,,,,,,,,,,,,,
2024-11-06 16:00:00,1,,1,,,,,,,,,,,,,,,,,,,,
2024-11-06 20:00:00,0,,0,,,,,,,,,,,,,,,,,,,,
2024-11-07 00:00:00,0,3.0,0,4.0,,,,,,,,,,,,,,,,,,,
2024-11-07 04:00:00,0,,0,,,,,,,,,,,,,,,,,,,,
2024-11-07 08:00:00,3,,1,,,,,,,,,,,,,,,,,,,,
2024-11-07 12:00:00,0,,0,,,,,,,,,,,,,,,,,,,,
2024-11-07 16:00:00,0,,0,,,,,,,,,,,,,,,,,,,,
2024-11-07 20:00:00,0,,0,,,,,,,,,,,,,,,,,,,,
2024-11-08 00:00:00,3,4.0,1,3.0,,,,,,,,,,,,,,,,,,,
2024-11-08 04:00:00,0,,0,,,,,,,,,,,,,,,,,,,,
2024-11-08 08:00:00,0,,0,,,,,,,,,,,,,,,,,,,,
2024-11-08 12:00:00,0,,0,,,,,,,,,,,,,,,,,,,,
2024-11-08 16:00:00,1,,1,,,,,,,,,,,,,,,,,,,,
2024-11-08 20:00:00,0,,0,,,,,,,,,,,,,,,,,,,,
2024-11-09 00:00:00,0,1.0,0,4.0,,,,,,,,,,,,,,,,,,,
2024-11-09 04:00:00,0,,0,,,,,,,,,,,,,,,,,,,,
2024-11-09 08:00:00,0,,0,,,,,,,,,,,,,,,,,,,,
2024-11-09 12:00:00,0,,0,,,,,,,,,,,,,,,,,,,,
2024-11-09 16:00:00,1,,1,,,,,,,,,,,,,,,,,,,,
2024-11-09 20:00:00,0,,0,,,,,,,,,,,,,,,,,,,,
2024-11-10 00:00:00,0,0.0,0,5.0,,,,,,,,,,,,,,,,,,,
2024-11-10 04:00:00,0,,0,,,,,,,,,,,,,,,,,,,,
2024-11-10 08:00:00,0,,0,,,,,,,,,,,,,,,,,,,,
2024-11-10 12:00:00,0,,0,,,,,,,,,,,,,,,,,,,,
2024-11-10 16:00:00,0,,0,,,,,,,,,,,,,,,,,,,,
2024-11-10 20:00:00,0,,0,,,,,,,,,,,,,,,,,,,,
2024-11-11 00:00:00,0,0.0,0,5.0,,,,,,,,,,,,,,,,,,,
2024-11-11 04:00:00,0,,0,,,,,,,,,,,,,,,,,,,,
2024-11-11 08:00:00,0,,0,,,,,,,,,,,,,,,,,,,,
2024-11-11 12:00:00,0,,0,,,,,,,,,,,,,,,,,,,,
2024-11-11 16:00:00,0,,0,,,,,,,,,,,,,,,,,,,,
2024-11-11 20:00:00,0,,0,,,,,,,,,,,,,,,,,,,,
2024-11-12 00:00:00,4,4.0,1,5.0,,,,,,,,,,,,,,,,,,,
2024-11-12 04:00:00,0,,0,,,,,,,,,,,,,,,,,,,,
2024-11-12 08:00:00,0,,0,,,,,,,,,,,,,,,,,,,,
2024-11-12 12:00:00,0,,0,,,,,,,,,,,,,,,,,,,,
2024-11-12 16:00:00,0,,0,,,,,,,,,,,,,,,,,,,,
2024-11-12 20:00:00,0,,0,,,,,,,,,,,,,,,,,,,,
2024-11-13 00:00:00,0,6.0,0,5.0,,,,,,,,,,,,,,,,,,,
2024-11-13 04:00:00,0,,0,,,,,,,,,,,,,,,,,,,,
2024-11-13 08:00:00,0,,0,,,,,,,,,,,,,,,,,,,,
2024-11-13 12:00:00,0,,0,,,,,,,,,,,,,,,,,,,,
2024-11-13 16:00:00,0,,0,,,,,,,,,,,,,,,,,,,,
2024-11-13 20:00:00,6,,1,,,,,,,,,,,,,,,,,,,,
2024-11-14 00:00:00,0,11.0,0,6.0,,,,,,,,,,,,,,,,,,,
2024-11-14 04:00:00,0,,0,,,,,,,,,,,,,,,,,,,,
2024-11-14 08:00:00,0,,0,,,,,,,,,,,,,,,,,,,,
2024-11-14 12:00:00,1,,1,,,,,,,,,,,,,,,,,,,,
2024-11-14 16:00:00,10,,2,,,,,,,,,,,,,,,,,,,,
2024-11-14 20:00:00,0,,0,,,,,,,,,,,,,,,,,,,,
2024-11-15 00:00:00,0,6.0,0,6.0,,,,,,,,,,,,,,,,,,,
2024-11-15 04:00:00,0,,0,,,,,,,,,,,,,,,,,,,,
2024-11-15 08:00:00,2,,1,,,,,,,,,,,,,,,,,,,,
2024-11-15 12:00:00,0,,0,,,,,,,,,,,,,,,,,,,,
2024-11-15 16:00:00,1,,1,,,,,,,,,,,,,,,,,,,,
2024-11-15 20:00:00,3,,1,,,,,,,,,,,,,,,,,,,,
2024-11-16 00:00:00,0,0.0,0,5.0,9.430749952793,9.430749952793,1.472197771072,10.902947723866,0.0,0.0,0.0,0.0,-0.221812024481,-0.221812024481,0.0,0.0,0.92637349003,0.0,31.0,,31.0,3.0,3.0
2024-11-16 04:00:00,0,,0,,7.530264139175,7.530264139175,4.81281286478,12.343077003956,0.160121398133,0.160121398133,,,0.262235969692,0.262235969692,0.160121398133,0.0,1.147961242101,0.0,35.0,,,7.0,7.0
2024-11-16 08:00:00,0,,0,,7.33690059185,7.33690059185,3.132919430733,10.469820022583,0.007782712724,0.007782712724,,,-0.214312416192,-0.214312416192,0.007782712724,0.0,0.734941803824,0.0,29.0,,,6.0,6.0
2024-11-16 12:00:00,0,,0,,7.213121533394,7.213121533394,6.327986001968,13.541107535362,-0.09607591023,-0.09607591023,,,0.061800600433,0.061800600433,-0.09607591023,0.0,0.856373073716,0.0,47.0,,,6.0,6.0
2024-11-16 16:00:00,0,,0,,3.126903116703,3.126903116703,3.996762037277,7.12366515398,0.05778325452,0.05778325452,,,-0.480908733276,-0.480908733276,0.05778325452,0.0,0.731377090487,0.0,37.0,,,6.0,6.0
2024-11-16 20:00:00,0,,0,,8.130805790424,8.130805790424,1.52037191391,9.651177704334,-0.132897138938,-0.132897138938,,,0.009307512924,0.009307512924,-0.132897138938,0.0,0.559988583168,0.0,25.0,,,3.0,3.0
2024-11-17 00:00:00,0,0.0,0,4.0,8.136503636837,8.136503636837,3.095733761787,11.232237398624,0.153866659245,0.153866659245,-0.707106781187,-0.707106781187,0.247302226462,0.247302226462,0.153866659245,0.0,0.966222721971,0.0,30.0,,25.0,5.0,5.0
2024-11-17 04:00:00,0,,0,,5.905065655708,5.905065655708,3.29540514946,9.200470805168,-0.16915546803,-0.16915546803,,,-0.305594019527,-0.305594019527,-0.16915546803,0.0,0.663677939164,0.0,22.0,,,3.0,3.0
2024-11-17 08:00:00,0,,0,,8.35427159071,8.35427159071,0.737879037857,9.092150628567,0.033404323515,0.033404323515,,,-0.356521766683,-0.356521766683,0.033404323515,0.0,0.488533286486,0.0,16.0,,,1.0,1.0
2024-11-17 12:00:00,0,,0,,6.10409283638,6.10409283638,3.87936347723,9.98345631361,0.233172717606,0.233172717606,,,0.025171101186,0.025171101186,0.233172717606,0.0,0.765432389677,0.0,33.0,,,6.0,6.0
2024-11-17 16:00:00,0,,0,,10.418049812317,10.418049812317,3.026574969292,13.444624781609,-0.134905823749,-0.134905823749,,,0.967570552369,0.967570552369,-0.134905823749,0.0,0.871241875054,0.0,42.0,,,7.0,7.0
2024-11-17 20:00:00,0,,0,,3.200153589249,3.200153589249,6.798736512661,9.99889010191,-0.009249655248,-0.009249655248,,,-0.267149534298,-0.267149534298,-0.009249655248,0.0,1.021878689639,0.0,34.0,,,3.0,3.0
2024-11-18 00:00:00,0,0.0,0,4.0,3.292789578438,3.292789578438,3.357726454735,6.650516033173,0.259889108848,0.259889108848,1.072235571807,1.072235571807,-0.322325604486,-0.322325604486,0.259889108848,0.0,0.74880660894,0.0,27.0,,39.0,2.0,2.0
2024-11-18 04:00:00,0,,0,,4.394904494286,4.394904494286,1.854111909866,6.249016404152,-0.078167827748,-0.078167827748,,,-0.316627586996,-0.316627586996,-0.078167827748,0.0,0.629385663567,0.0,25.0,,,4.0,4.0
2024-11-18 08:00:00,0,,0,,9.648491799831,9.648491799831,0.821217775345,10.469709575176,0.059566376408,0.059566376408,,,0.396973482714,0.396973482714,0.059566376408,0.0,0.579713418964,0.0,25.0,,,4.0,4.0
2024-11-18 12:00:00,0,,0,,9.213859975338,9.213859975338,3.076693117619,12.290553092957,0.001543546544,0.001543546544,,,0.519052757155,0.519052757155,0.001543546544,0.0,0.672596285543,0.0,41.0,,,11.0,11.0
2024-11-18 16:00:00,0,,0,,10.300055384636,10.300055384636,3.16092056036,13.460975944996,-0.067685008739,-0.067685008739,,,0.846396975111,0.846396975111,-0.067685008739,0.0,0.625207768438,0.0,41.0,,,8.0,8.0
2024-11-18 20:00:00,0,,0,,8.808407366276,8.808407366276,5.988278567791,14.796685934067,0.156933084135,0.156933084135,,,0.323683172417,0.323683172417,0.156933084135,0.0,1.017271418858,0.0,44.0,,,10.0,10.0
2024-11-19 00:00:00,0,1.0,0,4.0,1.642367124557,1.642367124557,4.098978102207,5.741345226765,-0.086020416963,-0.086020416963,0.150656660982,0.150656660982,-0.389943205042,-0.389943205042,-0.086020416963,0.0,0.732217982974,0.0,25.0,,34.0,6.0,6.0
2024-11-19 04:00:00,0,,0,,6.696840882301,6.696840882301,3.331594586372,10.028435468674,-0.002649296507,-0.002649296507,,,-0.204076073045,-0.204076073045,-0.002649296507,0.0,0.95194446641,0.0,35.0,,,5.0,6.0
2024-11-19 08:00:00,0,,0,,10.649395227432,10.649395227432,3.720530211926,14.369925439358,-0.072920466864,-0.072920466864,,,0.087112512188,0.087112512188,-0.072920466864,0.0,1.066568448583,0.0,42.0,,,5.0,6.0
2024-11-19 12:00:00,0,,0,,6.686865925789,6.686865925789,2.562303900719,9.249169826508,-0.110740802737,-0.110740802737,,,-0.503021603055,-0.503021603055,-0.110740802737,0.0,0.577800996253,0.0,31.0,,,1.0,1.0
2024-11-19 16:00:00,0,,0,,15.142608106136,15.142608106136,6.525781393051,21.668389499187,0.090072751115,0.090072751115,,,1.497742293126,1.497742293126,0.090072751115,0.0,0.956826644634,0.0,60.0,,,16.0,16.0
2024-11-19 20:00:00,1,,1,,1.743477582932,1.743477582932,5.984993636608,7.72847121954,-0.183165415311,-0.183165415311,,,-0.420680660605,-0.420680660605,-0.183165415311,0.0,0.745472949123,0.0,33.0,,,3.0,3.0
2024-11-20 00:00:00,1,2.0,1,4.0,4.405306339264,4.405306339264,3.368634223938,7.773940563202,0.074182218902,0.074182218902,1.369858957205,1.369858957205,-0.443559405658,-0.443559405658,0.074182218902,0.0,0.711727197317,0.0,26.0,,42.0,4.0,4.0
2024-11-20 04:00:00,1,,1,,5.577359616756,5.577359616756,0.0,5.577359616756,-0.048180779539,-0.048180779539,,,-0.352657553088,-0.352657553088,-0.048180779539,0.0,0.469833567166,0.0,17.0,,,3.0,3.0
2024-11-20 08:00:00,0,,0,,10.351166844368,10.351166844368,1.477140724659,11.828307569027,0.081058787253,0.081058787253,,,0.284052539742,0.284052539742,0.081058787253,0.0,0.667227405145,0.0,31.0,,,6.0,6.0
2024-11-20 12:00:00,0,,0,,9.81064414978,9.81064414978,6.231069087982,16.041713237762,0.109687746192,0.109687746192,,,0.797485407402,0.797485407402,0.109687746192,0.0,0.777840030289,0.0,53.0,,,11.0,11.0
2024-11-20 16:00:00,0,,0,,10.240126013756,10.240126013756,6.090283930302,16.330409944057,-0.17697012925,-0.17697012925,,,0.075902170804,0.075902170804,-0.17697012925,0.0,0.683663198707,0.0,47.0,,,8.0,8.0
2024-11-20 20:00:00,0,,0,,9.551468193531,9.551468193531,1.695027053356,11.246495246887,0.103883510174,0.103883510174,,,0.424360358203,0.424360358203,0.103883510174,0.0,0.839673641422,0.0,30.0,,,10.0,10.0
2024-11-21 00:00:00,0,5.0,0,6.0,3.960370779037,3.960370779037,3.249181270599,7.209552049637,-0.127115090325,-0.127115090325,-0.194341233673,-0.194341233673,-0.535835845229,-0.535835845229,-0.127115090325,0.0,0.596996735817,0.0,26.0,,30.0,3.0,3.0
2024-11-21 04:00:00,0,,0,,5.407286584377,5.407286584377,4.00395911932,9.411245703697,0.061996617142,0.061996617142,,,-0.443476870716,-0.443476870716,0.061996617142,0.0,0.731787106015,0.0,41.0,,,6.0,6.0
2024-11-21 08:00:00,0,,0,,9.610855877399,9.610855877399,4.842724025249,14.453579902649,-0.025157077097,-0.025157077097,,,0.162594692868,0.162594692868,-0.025157077097,0.0,0.828779144173,0.0,42.0,,,9.0,9.0
2024-11-21 12:00:00,5,,2,,13.846569597721,13.846569597721,3.30087864399,17.147448241711,-0.063759802171,-0.063759802171,,,-0.007930413449,-0.007930413449,-0.063759802171,0.0,0.598522908179,0.0,40.0,,,4.0,4.0
2024-11-21 16:00:00,0,,0,,5.917914390564,5.917914390564,4.013983309269,9.931897699833,-0.165671000478,-0.165671000478,,,-0.049375048799,-0.049375048799,-0.165671000478,0.0,0.442173847894,0.0,37.0,,,6.0,6.0
2024-11-21 20:00:00,0,,0,,9.778455078602,9.778455078602,3.879165589809,13.657620668411,0.093867499439,0.093867499439,,,-0.331296872108,-0.331296872108,0.093867499439,0.0,0.901090072019,0.0,46.0,,,2.0,2.0
2024-11-22 00:00:00,0,0.0,0,7.0,31.328815221786,31.328815221786,3.131099760532,34.459914982319,0.144942619766,0.144942619766,2.057831846521,2.057831846521,2.00782977405,2.00782977405,0.144942619766,0.0,1.377570127045,0.0,67.0,,41.0,14.0,14.0
2024-11-22 04:00:00,0,,0,,16.191560924053,16.191560924053,3.323862314224,19.515423238277,-0.190615476986,-0.190615476986,,,0.268239931285,0.268239931285,-0.190615476986,0.0,0.749678514433,0.0,42.0,,,8.0,8.0
2024-11-22 08:00:00,0,,0,,8.186631917953,8.186631917953,2.61409676075,10.800728678703,-0.213347636448,-0.213347636448,,,-0.350046498435,-0.350046498435,-0.213347636448,0.0,0.589141603688,0.0,33.0,,,5.0,5.0
2024-11-22 12:00:00,0,,0,,12.962907552719,12.962907552719,4.009713888168,16.972621440887,-0.054113039928,-0.054113039928,,,-0.119594198459,-0.119594198459,-0.054113039928,0.0,0.63984688848,0.0,45.0,,,6.0,6.0
2024-11-22 16:00:00,0,,0,,7.771144032478,7.771144032478,6.63117903471,14.402323067188,0.110135680305,0.110135680305,,,-0.274215615145,-0.274215615145,0.110135680305,0.0,0.602542849231,0.0,46.0,,,6.0,6.0
2024-11-22 20:00:00,0,,0,,7.227184414864,7.227184414864,5.5586835742,12.785867989063,-0.078133685235,-0.078133685235,,,-0.440058551824,-0.440058551824,-0.078133685235,0.0,0.663907991792,0.0,43.0,,,2.0,2.0
2024-11-23 00:00:00,0,1.0,0,5.0,13.499952614307,13.499952614307,3.179512619972,16.67946523428,0.06123183462,0.06123183462,0.373902281362,0.373902281362,0.253237784323,0.253237784323,0.06123183462,0.0,0.750626344055,0.0,42.0,,39.0,9.0,9.0
2024-11-23 04:00:00,0,,0,,8.319386363029,8.319386363029,3.831820130348,12.151206493378,-0.037485071977,-0.037485071977,,,-0.164304823088,-0.164304823088,-0.037485071977,0.0,0.78735949697,0.0,44.0,,,6.0,6.0
2024-11-23 08:00:00,1,,1,,6.808105707169,6.808105707169,3.16329318285,9.971398890018,-0.177095481768,-0.177095481768,,,-0.555402943703,-0.555402943703,-0.177095481768,0.0,0.664799305677,0.0,33.0,,,1.0,1.0
2024-11-23 12:00:00,0,,0,,10.125966906548,10.125966906548,0.750914931297,10.876881837845,0.318829360526,0.318829360526,,,0.065920175821,0.065920175821,0.318829360526,0.0,0.682971091552,0.0,47.0,,,8.0,8.0
2024-11-23 16:00:00,0,,0,,4.14222162962,4.14222162962,6.406311094761,10.54853272438,-0.033636500414,-0.033636500414,,,-0.200485326837,-0.200485326837,-0.033636500414,0.0,0.66412317254,0.0,43.0,,,10.0,10.0
2024-11-23 20:00:00,0,,0,,11.358815610409,11.358815610409,2.508344769478,13.867160379887,0.03298662777,0.03298662777,,,-0.178608062225,-0.178608062225,0.03298662777,0.0,0.966142321015,0.0,48.0,,,5.0,5.0
2024-11-24 00:00:00,0,0.0,0,5.0,9.570640265942,9.570640265942,4.103609859943,13.674250125885,-0.0229640579,-0.0229640579,-0.808984842739,-0.808984842739,-0.008465950399,-0.008465950399,-0.0229640579,0.0,0.928641328421,0.0,39.0,,27.0,8.0,8.0
2024-11-24 04:00:00,0,,0,,3.135680615902,3.135680615902,0.0,3.135680615902,-0.176254175694,-0.176254175694,,,-0.505257649494,-0.505257649494,-0.176254175694,0.0,0.420098665491,0.0,17.0,,,3.0,3.0
2024-11-24 08:00:00,0,,0,,11.293033063412,11.293033063412,2.294730901718,13.58776396513,0.119927215433,0.119927215433,,,0.069425972324,0.069425972324,0.119927215433,0.0,0.717777588375,0.0,28.0,,,7.0,7.0
2024-11-24 12:00:00,0,,0,,1.967177450657,1.967177450657,3.156643867493,5.12382131815,-0.062860762751,-0.062860762751,,,-0.52793257029,-0.52793257029,-0.062860762751,0.0,0.611670763115,0.0,33.0,,,4.0,4.0
2024-11-24 16:00:00,0,,0,,8.185837328434,8.185837328434,5.608806073666,13.7946434021,-0.136490089787,-0.136490089787,,,-0.540624346328,-0.540624346328,-0.136490089787,0.0,0.732922627815,0.0,40.0,,,1.0,1.0
2024-11-24 20:00:00,0,,0,,9.354522287846,9.354522287846,5.342723309994,14.697245597839,0.270733020653,0.270733020653,,,-0.060623609324,-0.060623609324,0.270733020653,0.0,0.738977676831,0.0,43.0,,,4.0,4.0
2024-11-25 00:00:00,0,2.0,0,5.0,3.792111456394,3.792111456394,3.423783838749,7.215895295143,-0.013661893594,-0.013661893594,0.188300504166,0.188300504166,-0.113458467225,-0.113458467225,-0.013661893594,0.0,0.549683867456,0.0,31.0,,45.0,8.0,8.0
2024-11-25 04:00:00,0,,0,,4.102232992649,4.102232992649,3.209324717522,7.311557710171,-0.071425758271,-0.071425758271,,,-0.357833514289,-0.357833514289,-0.071425758271,0.0,0.508548228952,0.0,24.0,,,5.0,5.0
2024-11-25 08:00:00,0,,0,,9.429595410824,9.429595410824,3.181801438332,12.611396849155,0.190156787779,0.190156787779,,,0.579758057886,0.579758057886,0.190156787779,0.0,0.602630172612,0.0,42.0,,,7.0,7.0
2024-11-25 12:00:00,0,,0,,11.181009173393,11.181009173393,2.242231369019,13.423240542412,0.035079451507,0.035079451507,,,0.57945004327,0.57945004327,0.035079451507,0.0,0.531594011714,0.0,38.0,,,10.0,10.0
2024-11-25 16:00:00,2,,2,,8.060238063335,8.060238063335,3.261907994747,11.322146058083,-0.097192057348,-0.097192057348,,,0.414853563938,0.414853563938,-0.097192057348,0.0,0.687361994058,0.0,45.0,,,9.0,9.0
2024-11-25 20:00:00,0,,0,,5.848932147026,5.848932147026,3.20913285017,9.058064997196,-0.064316788602,-0.064316788602,,,-0.319575141115,-0.319575141115,-0.064316788602,0.0,0.477517443011,0.0,27.0,,,6.0,6.0
2024-11-26 00:00:00,0,3.0,0,6.0,5.628848612309,5.628848612309,2.337088406086,7.965937018394,-0.18236116475,-0.18236116475,-0.63328946964,-0.63328946964,-0.595324773902,-0.595324773902,-0.18236116475,0.0,0.434635598185,0.0,20.0,,29.0,2.0,2.0
2024-11-26 04:00:00,0,,0,,3.821777880192,3.821777880192,4.752153635025,8.573931515217,0.097279550411,0.097279550411,,,-0.539137297613,-0.539137297613,0.097279550411,0.0,0.514888464429,0.0,25.0,,,2.0,2.0
2024-11-26 08:00:00,0,,0,,7.25032132864,7.25032132864,3.76034617424,11.01066750288,0.021645777202,0.021645777202,,,-0.103777488947,-0.103777488947,0.021645777202,0.0,0.581139499666,0.0,34.0,,,6.0,6.0
2024-11-26 12:00:00,0,,0,,7.67409157753,7.67409157753,3.432551383972,11.106642961502,0.199578767479,0.199578767479,,,0.058851315616,0.058851315616,0.199578767479,0.0,0.474659455224,0.0,34.0,,,5.0,5.0
2024-11-26 16:00:00,0,,0,,16.003586173058,16.003586173058,2.293081581593,18.29666775465,0.221480964601,0.221480964601,,,2.047480512482,2.047480512482,0.221480964601,0.0,0.597657027845,0.0,38.0,,,12.0,12.0
2024-11-26 20:00:00,3,,1,,4.906148076057,4.906148076057,3.302872955799,8.209021031857,-0.192487801376,-0.192487801376,,,-0.588984175168,-0.588984175168,-0.192487801376,0.0,0.675075212301,0.0,31.0,,,2.0,2.0
2024-11-27 00:00:00,0,0.0,0,6.0,4.509530365467,4.509530365467,2.507545292377,7.017075657845,-0.102658242501,-0.102658242501,-0.650040540484,-0.650040540484,-0.555927325575,-0.555927325575,-0.102658242501,0.0,0.692343597883,0.0,26.0,,29.0,4.0,4.0
2024-11-27 04:00:00,0,,0,,7.871149420738,7.871149420738,0.0,7.871149420738,0.15246172527,0.15246172527,,,-0.398588067209,-0.398588067209,0.15246172527,0.0,0.526123739281,0.0,21.0,,,3.0,3.0
2024-11-27 08:00:00,0,,0,,9.394030690193,9.394030690193,3.458451986313,12.852482676506,-0.066566940626,-0.066566940626,,,-0.048588318657,-0.048588318657,-0.066566940626,0.0,0.601100595105,0.0,36.0,,,4.0,4.0
2024-11-27 12:00:00,0,,0,,13.784471571445,13.784471571445,2.44302123785,16.227492809296,0.077038879772,0.077038879772,,,0.639435095847,0.639435095847,0.077038879772,0.0,0.72889770314,0.0,46.0,,,7.0,7.0
2024-11-27 16:00:00,0,,0,,4.394812762737,4.394812762737,3.014786303043,7.409599065781,-0.070568311272,-0.070568311272,,,-0.298813713189,-0.298813713189,-0.070568311272,0.0,0.357245445282,0.0,22.0,,,7.0,7.0
2024-11-27 20:00:00,0,,0,,4.006021916866,4.006021916866,3.266140878201,7.272162795067,-0.051955671491,-0.051955671491,,,-0.452070156751,-0.452070156751,-0.051955671491,0.0,0.509972108727,0.0,30.0,,,4.0,4.0
2024-11-28 00:00:00,0,1.0,0,4.0,3.526599645615,3.526599645615,2.394425928593,5.921025574207,0.001369668683,0.001369668683,3.288548385075,3.288548385075,-0.396576418234,-0.396576418234,0.001369668683,0.0,0.467762307446,0.0,20.0,,78.0,4.0,4.0
2024-11-28 04:00:00,1,,1,,12.880187034607,12.880187034607,5.815756678581,18.695943713188,0.357882389209,0.357882389209,,,2.788177531414,2.788177531414,0.357882389209,0.027777777778,1.274373288344,1.0,57.0,,,26.0,26.0
2024-11-28 08:00:00,0,,0,,26.480815827847,26.480815827847,4.562999844551,31.043815672398,-0.171192350458,-0.171192350458,,,0.254555820147,0.254555820147,-0.171192350458,0.0,1.51796070949,0.0,74.0,,,5.0,5.0
2024-11-28 12:00:00,0,,0,,57.635192751884,57.635192751884,1.547178328037,59.182371079922,0.471738256464,0.471738256464,,,3.723798669042,3.723798669042,0.471738256464,0.01965408805,1.800782667678,1.0,92.0,,,20.0,20.0
2024-11-28 16:00:00,0,,0,,52.722121715546,52.722121715546,4.512166261673,57.234287977219,-0.129911325497,-0.129911325497,,,1.674013439145,1.674013439145,-0.129911325497,0.0,1.840146301222,0.0,103.0,,,15.0,15.0
2024-11-28 20:00:00,0,,0,,53.53735357523,53.53735357523,2.394627153873,55.931980729103,-0.157737315181,-0.157737315181,,,0.606854708645,0.606854708645,-0.157737315181,0.0,2.11242877673,0.0,94.0,,,9.0,9.0
2024-11-29 00:00:00,0,7.0,0,4.0,45.523732602596,45.523732602596,2.538277983665,48.062010586262,-0.183139946865,-0.183139946865,3.449757476101,3.449757476101,-0.150341733274,-0.150341733274,-0.183139946865,0.0,1.94324254696,0.0,72.0,,310.0,4.0,4.0
2024-11-29 04:00:00,0,,0,,57.160428166389,57.160428166389,7.890527784824,65.050955951214,0.536702960683,0.536702960683,,,1.691415328473,1.691415328473,0.536702960683,0.053048616707,2.552999345331,2.0,108.0,,,29.0,29.0
2024-11-29 08:00:00,0,,0,,82.86467474699,82.86467474699,9.332854390144,92.197529137135,0.089624472881,0.089624472881,,,2.473124791527,2.473124791527,0.089624472881,0.014467592593,3.18512421777,1.0,163.0,,,70.0,70.0
2024-11-29 12:00:00,0,,0,,72.45287168026,72.45287168026,9.443133711815,81.896005392075,0.164896278563,0.164896278563,,,1.829695874969,1.829695874969,0.164896278563,0.025577775267,2.338375020594,2.0,163.0,,,78.0,78.0
2024-11-29 16:00:00,0,,0,,77.492478132248,77.492478132248,15.178935587406,92.671413719654,-0.015521117779,-0.015521117779,,,1.662401901137,1.662401901137,-0.015521117779,0.069170017066,3.250400493059,4.0,180.0,,,81.0,81.0
2024-11-29 20:00:00,7,,1,,65.888834476471,65.888834476471,5.560038149357,71.448872625828,-0.246283556505,-0.246283556505,,,0.495981863841,0.495981863841,-0.246283556505,0.011904761905,2.439218708509,1.0,140.0,,,49.0,49.0
2024-11-30 00:00:00,0,10.0,0,5.0,54.89458322525,54.89458322525,7.211494863033,62.106078088284,-0.202500636758,-0.202500636758,1.378728873105,1.378728873105,-0.147578898859,-0.147578898859,-0.202500636758,0.0,2.609267884747,0.0,116.0,,160.0,27.0,27.0
2024-11-30 04:00:00,0,,0,,57.748280405998,57.748280405998,4.129848659039,61.878129065037,-0.021704061701,-0.021704061701,,,-0.186869480394,-0.186869480394,-0.021704061701,0.046869733738,2.716941236087,2.0,119.0,,,25.0,25.0
2024-11-30 08:00:00,0,,0,,57.067872703075,57.067872703075,2.401251852512,59.469124555588,-0.055213355365,-0.055213355365,,,-0.401853057044,-0.401853057044,-0.055213355365,0.022893772894,1.762757110945,1.0,95.0,,,14.0,15.0
2024-11-30 12:00:00,10,,1,,86.305000424385,86.305000424385,6.928838610649,93.233839035034,0.456538996304,0.456538996304,,,0.821738145191,0.821738145191,0.456538996304,0.011140819964,2.608200945804,1.0,153.0,,,55.0,63.0
2024-11-30 16:00:00,0,,0,,76.640694022179,76.640694022179,9.734531998634,86.375226020813,-0.366524505636,-0.366524505636,,,0.030103600127,0.030103600127,-0.366524505636,0.0,2.458852863627,0.0,149.0,,,32.0,43.0
2024-11-30 20:00:00,0,,0,,54.255547523499,54.255547523499,9.023931980133,63.279479503632,-0.328482337142,-0.328482337142,,,-0.530712329609,-0.530712329609,-0.328482337142,0.0,2.504615784975,0.0,122.0,,,17.0,17.0
2024-12-01 00:00:00,0,0.0,0,4.0,47.920123279095,47.920123279095,9.498092770576,57.418216049671,0.024452052823,0.024452052823,0.685273762728,0.685273762728,-0.500213575793,-0.500213575793,0.024452052823,0.068115364168,2.563315184801,2.0,101.0,,123.0,22.0,22.0
2024-12-01 04:00:00,0,,0,,53.130708277225,53.130708277225,7.431464612484,60.562172889709,0.054242472348,0.054242472348,,,-0.402015305779,-0.402015305779,0.054242472348,0.0,3.017716284735,0.0,110.0,,,27.0,27.0
2024-12-01 08:00:00,0,,0,,58.158292710781,58.158292710781,5.883669018745,64.041961729527,-0.108963581382,-0.108963581382,,,-0.560962019516,-0.560962019516,-0.108963581382,0.016937669377,2.448937006226,1.0,106.0,,,17.0,17.0
2024-12-01 12:00:00,0,,0,,59.527246594429,59.527246594429,6.819121539593,66.346368134022,0.085232639881,0.085232639881,,,-0.410806908393,-0.410806908393,0.085232639881,0.015782828283,2.47368519692,1.0,126.0,,,26.0,26.0
2024-12-01 16:00:00,0,,0,,50.379915177822,50.379915177822,5.546694040298,55.926609218121,-0.229009298835,-0.229009298835,,,-0.652818516014,-0.652818516014,-0.229009298835,0.0,1.66803421576,0.0,100.0,,,17.0,17.0
2024-12-01 20:00:00,0,,0,,50.943335235119,50.943335235119,4.652903676033,55.596238911152,0.03586800107,0.03586800107,,,-0.72842233935,-0.72842233935,0.03586800107,0.014775413712,1.659483721491,1.0,105.0,,,14.0,14.0
2024-12-02 00:00:00,0,3.0,0,4.0,47.194829523563,47.194829523563,6.429631173611,53.624460697174,0.029091665329,0.029091665329,0.272901860102,0.272901860102,-0.683218913931,-0.683218913931,0.029091665329,0.0,1.374576823162,0.0,101.0,,103.0,16.0,16.0
2024-12-02 04:00:00,0,,0,,57.201255381107,57.201255381107,7.671915352345,64.873170733452,0.192710506806,0.192710506806,,,-0.331185688283,-0.331185688283,0.192710506806,0.0,1.889250754829,0.0,111.0,,,22.0,22.0
2024-12-02 08:00:00,0,,0,,60.668057441711,60.668057441711,1.655712246895,62.323769688606,-0.215672268295,-0.215672268295,,,-0.694291095224,-0.694291095224,-0.215672268295,0.017655367232,1.613192383276,1.0,102.0,,,10.0,10.0
2024-12-02 12:00:00,0,,0,,49.042614281178,49.042614281178,5.897910475731,54.940524756908,0.034567074704,0.034567074704,,,-0.583813031206,-0.583813031206,0.034567074704,0.024591996423,1.323312343871,2.0,106.0,,,14.0,14.0
2024-12-02 16:00:00,0,,0,,24.020994484425,24.020994484425,6.470985472202,30.491979956627,-0.068583794642,-0.068583794642,,,-0.666825971259,-0.666825971259,-0.068583794642,0.0,0.879740715889,0.0,85.0,,,21.0,21.0
2024-12-02 20:00:00,3,,2,,12.608311712742,12.608311712742,8.950263857841,21.558575570583,-0.200565268994,-0.200565268994,,,-0.725289866233,-0.725289866233,-0.200565268994,0.013888888889,0.873695440131,1.0,71.0,,,20.0,20.0
2024-12-03 00:00:00,0,0.0,0,3.0,3.173920452595,3.173920452595,9.44196587801,12.615886330605,-0.038326598547,-0.038326598547,-0.260856431309,-0.260856431309,-0.934489356275,-0.934489356275,-0.038326598547,0.021258503401,0.791935850566,1.0,52.0,,100.0,11.0,11.0
2024-12-03 04:00:00,0,,0,,22.409455478191,22.409455478191,4.995266079903,27.404721558094,0.281165490057,0.281165490057,,,-0.384620882672,-0.384620882672,0.281165490057,0.037027612486,1.036522141626,2.0,56.0,,,15.0,15.0
2024-12-03 08:00:00,0,,0,,14.252912580967,14.252912580967,3.401955962181,17.654868543148,-0.05172708264,-0.05172708264,,,-1.109651648806,-1.109651648806,-0.05172708264,0.030586032741,0.959249539525,2.0,58.0,,,8.0,8.0
2024-12-03 12:00:00,0,,0,,11.382581949234,11.382581949234,2.485159397125,13.867741346359,-0.106352366962,-0.106352366962,,,-1.007363977302,-1.007363977302,-0.106352366962,0.0,0.555677119633,0.0,43.0,,,13.0,13.0
2024-12-03 16:00:00,0,,0,,5.662907779217,5.662907779217,6.398337364197,12.061245143414,-0.062738422417,-0.062738422417,,,-1.058486834566,-1.058486834566,-0.062738422417,0.0,0.598501235998,0.0,43.0,,,8.0,8.0
2024-12-03 20:00:00,0,,0,,25.148676156998,25.148676156998,5.371499955654,30.520176112652,0.514042651755,0.514042651755,,,1.432171324668,1.432171324668,0.514042651755,0.024688976508,1.066647350909,3.0,83.0,,,48.0,50.0
2024-12-04 00:00:00,1,2.0,1,3.0,13.349377930164,13.349377930164,1.501487195492,14.850865125656,-0.154369521566,-0.154369521566,-0.155003049693,-0.155003049693,-0.668406273224,-0.668406273224,-0.154369521566,0.0,0.760468358457,0.0,42.0,,123.0,9.0,9.0
2024-12-04 04:00:00,0,,0,,7.029979109764,7.029979109764,4.908037602901,11.938016712666,0.110828327812,0.110828327812,,,-0.500269106469,-0.500269106469,0.110828327812,0.020627062706,1.159169160769,1.0,58.0,,,24.0,24.0
2024-12-04 08:00:00,1,,1,,15.130627095699,15.130627095699,5.485370457172,20.615997552872,-0.034462293678,-0.034462293678,,,-0.206624531749,-0.206624531749,-0.034462293678,0.0,1.055034679151,0.0,65.0,,,24.0,24.0
2024-12-04 12:00:00,0,,0,,16.498050868511,16.498050868511,4.782779216766,21.280830085278,0.176065606543,0.176065606543,,,0.017815228283,0.017815228283,0.176065606543,0.02737213176,1.173331043881,2.0,87.0,,,28.0,28.0
2024-12-04 16:00:00,0,,0,,15.139144420624,15.139144420624,9.137893080711,24.277037501335,0.008676746079,0.008676746079,,,0.049197907053,0.049197907053,0.008676746079,0.060870469696,1.14068634171,4.0,79.0,,,29.0,29.0
2024-12-04 20:00:00,0,,0,,25.71875923872,25.71875923872,5.925779044628,31.644538283348,0.072542819797,0.072542819797,,,-0.116935287947,-0.116935287947,0.072542819797,0.0,1.129250626485,0.0,79.0,,,13.0,27.0
2024-12-05 00:00:00,0,5.0,0,5.0,9.058783113956,9.058783113956,5.845797121525,14.904580235481,-0.26813907622,-0.26813907622,-0.205183431999,-0.205183431999,-0.461170091064,-0.461170091064,-0.26813907622,0.020627062706,0.682149946129,1.0,46.0,,108.0,10.0,10.0
2024-12-05 04:00:00,1,,1,,19.212744295597,19.212744295597,1.544903576374,20.757647871971,0.183291464284,0.183291464284,,,-0.016976753067,-0.016976753067,0.183291464284,0.0,0.707299227604,0.0,47.0,,,17.0,18.0
2024-12-05 08:00:00,0,,0,,26.015038609505,26.015038609505,2.193950116634,28.208988726139,0.289011408103,0.289011408103,,,0.744863226146,0.744863226146,0.289011408103,0.055978832767,1.049117014,3.0,67.0,,,31.0,31.0
2024-12-05 12:00:00,0,,0,,5.677303314209,5.677303314209,7.506189107895,13.183492422104,-0.305942536412,-0.305942536412,,,-0.473859433939,-0.473859433939,-0.305942536412,0.0,0.758421655806,0.0,63.0,,,13.0,13.0
2024-12-05 16:00:00,0,,0,,16.760483562946,16.760483562946,6.235680520535,22.996164083481,0.085225179373,0.085225179373,,,-0.134089940247,-0.134089940247,0.085225179373,0.0,1.096824660776,0.0,82.0,,,19.0,19.0
2024-12-05 20:00:00,4,,2,,13.235197246075,13.235197246075,5.725313723087,18.960510969162,0.166395828638,0.166395828638,,,-0.169521111248,-0.169521111248,0.166395828638,0.0,0.879443624089,0.0,56.0,,,19.0,19.0
2024-12-06 00:00:00,0,0.0,0,5.0,10.416959524155,10.416959524155,3.795673131943,14.212632656097,-0.118317976624,-0.118317976624,-0.284449841965,-0.284449841965,-0.401074896146,-0.401074896146,-0.118317976624,0.08298992674,1.057398346236,4.0,47.0,98763.0,84.0,11.0,11.0
2024-12-06 04:00:00,0,,0,,8.164436578751,8.164436578751,4.072867512703,12.237304091454,-0.110785495926,-0.110785495926,,,-0.419186151083,-0.419186151083,-0.110785495926,0.04708543771,1.052126368829,2.0,40.0,,,14.0,14.0
2024-12-06 08:00:00,0,,0,,11.361771941185,11.361771941185,2.502911686897,13.864683628082,0.160605960534,0.160605960534,,,-0.513871315085,-0.513871315085,0.160605960534,0.0,0.811572495449,0.0,34.0,,,8.0,8.0
2024-12-06 12:00:00,0,,0,,19.411592245102,19.411592245102,4.899756908417,24.311349153519,0.114174316094,0.114174316094,,,0.379742571254,0.379742571254,0.114174316094,0.0,1.078051657751,0.0,69.0,,,19.0,19.0
2024-12-06 16:00:00,0,,0,,21.219913363457,21.219913363457,3.354378581047,24.574291944504,-0.041658491909,-0.041658491909,,,0.62152011275,0.62152011275,-0.041658491909,0.0,0.864171766287,0.0,65.0,,,23.0,23.0
2024-12-06 20:00:00,0,,0,,14.190003097057,14.190003097057,4.139840304852,18.329843401909,-0.201097163651,-0.201097163651,,,-0.574249887574,-0.574249887574,-0.201097163651,0.014880952381,0.942865555697,1.0,56.0,,,10.0,10.0
2024-12-07 00:00:00,0,1.0,0,5.0,7.179018497467,7.179018497467,4.135806620121,11.314825117588,-0.01084640128,-0.01084640128,-0.39327730286,-0.39327730286,-0.800523072602,-0.800523072602,-0.01084640128,0.017959770115,0.941727596727,1.0,41.0,100271.0,77.0,9.0,9.0
2024-12-07 04:00:00,0,,0,,9.156243026257,9.156243026257,3.050370633602,12.206613659859,0.026038006333,0.026038006333,,,-0.104873554901,-0.104873554901,0.026038006333,0.060104469351,1.234068246074,2.0,45.0,,,20.0,20.0
2024-12-07 08:00:00,0,,0,,7.918851673603,7.918851673603,4.062994360924,11.981846034527,0.026615015842,0.026615015842,,,-0.608099044043,-0.608099044043,0.026615015842,0.024509803922,0.892294359534,1.0,38.0,,,10.0,10.0
2024-12-07 12:00:00,0,,0,,11.696060299873,11.696060299873,4.126714348793,15.822774648666,0.012988757757,0.012988757757,,,-0.433361316321,-0.433361316321,0.012988757757,0.058432138361,0.764676051546,3.0,45.0,,,14.0,14.0
2024-12-07 16:00:00,0,,0,,7.087255418301,7.087255418301,5.013653635979,12.100909054279,-0.161649069486,-0.161649069486,,,-0.558922036807,-0.558922036807,-0.161649069486,0.0,0.813786652261,0.0,53.0,,,15.0,15.0
2024-12-07 20:00:00,1,,1,,4.093895733356,4.093895733356,5.623984694481,9.717880427837,0.01272193667,0.01272193667,,,-0.633603129415,-0.633603129415,0.01272193667,0.0,0.959613994728,0.0,52.0,,,10.0,11.0
2024-12-08 00:00:00,0,3.0,0,5.0,7.65313833952,7.65313833952,2.294872164726,9.948010504246,0.01650491069,0.01650491069,-0.417005933917,-0.417005933917,-0.509358025224,-0.509358025224,0.01650491069,0.0,0.817330165716,0.0,32.0,101633.0,49.0,8.0,8.0
2024-12-08 04:00:00,1,,1,,7.899191141129,7.899191141129,3.313038349152,11.21222949028,-0.11112376631,-0.11112376631,,,-0.617507539744,-0.617507539744,-0.11112376631,0.021043771044,0.808504421707,1.0,30.0,,,4.0,4.0
2024-12-08 08:00:00,0,,0,,7.950727701187,7.950727701187,3.237176835537,11.187904536724,-0.230256619242,-0.230256619242,,,-0.674360623803,-0.674360623803,-0.230256619242,0.124228098001,0.690067112322,6.0,31.0,,,3.0,3.0
2024-12-08 12:00:00,0,,0,,11.781113445759,11.781113445759,4.746465802193,16.527579247952,0.408847120679,0.408847120679,,,0.426571033619,0.426571033619,0.408847120679,0.0,0.85594896424,0.0,46.0,,,15.0,15.0
2024-12-08 16:00:00,2,,1,,13.431121587753,13.431121587753,2.412716627121,15.843838214874,-0.082837319349,-0.082837319349,,,0.03505758223,0.03505758223,-0.082837319349,0.0,0.733202156544,0.0,44.0,,,11.0,11.0
2024-12-08 20:00:00,0,,0,,5.184088170528,5.184088170528,7.794669628143,12.978757798672,-0.095443718174,-0.095443718174,,,-0.526244311359,-0.526244311359,-0.095443718174,0.0,0.974044881325,0.0,51.0,,,8.0,8.0
2024-12-09 00:00:00,0,0.0,0,7.0,9.437567412853,9.437567412853,1.639611363411,11.077178776264,0.053347257752,0.053347257752,-0.370989603321,-0.370989603321,-0.386888664558,-0.386888664558,0.053347257752,0.039308176101,0.801974002281,1.0,36.0,103642.0,61.0,7.0,7.0
2024-12-09 04:00:00,0,,0,,3.684508502483,3.684508502483,3.947302103043,7.631810605526,-0.092913980575,-0.092913980575,,,-0.676909355358,-0.676909355358,-0.092913980575,0.030193236715,0.560151316428,1.0,24.0,,,1.0,1.0
2024-12-09 08:00:00,0,,0,,21.552596211433,21.552596211433,2.237261712551,23.789857923985,0.180484785186,0.180484785186,,,1.59024936753,1.59024936753,0.180484785186,0.017655367232,1.331639420774,1.0,63.0,,,18.0,18.0
2024-12-09 12:00:00,0,,0,,10.156942009926,10.156942009926,3.497811019421,13.654753029346,-0.187209306028,-0.187209306028,,,0.04080648933,0.04080648933,-0.187209306028,0.023277467412,0.746454903358,2.0,53.0,,,12.0,12.0
2024-12-09 16:00:00,0,,0,,5.732215642929,5.732215642929,4.819689452648,10.551905095577,0.018207639881,0.018207639881,,,-0.312687496995,-0.312687496995,0.018207639881,0.034722222222,0.745091210518,2.0,42.0,,,9.0,9.0
2024-12-09 20:00:00,0,,0,,9.904860258102,9.904860258102,3.039242863655,12.944103121758,0.082382763224,0.082382763224,,,0.348750565727,0.348750565727,0.082382763224,0.035986399623,0.926857051342,2.0,55.0,,,15.0,15.0
2024-12-10 00:00:00,0,1.0,0,7.0,3.823259174824,3.823259174824,4.95410579443,8.777364969254,-0.116568718203,-0.116568718203,-0.371124098923,-0.371124098923,-0.533545357179,-0.533545357179,-0.116568718203,0.026371308017,0.792852665222,1.0,31.0,105248.0,76.0,5.0,5.0
2024-12-10 04:00:00,0,,0,,7.628659963608,7.628659963608,2.30857616663,9.937236130238,-0.021198211662,-0.021198211662,,,-0.41296904999,-0.41296904999,-0.021198211662,0.0,0.699235701374,0.0,25.0,,,5.0,5.0
2024-12-10 08:00:00,0,,0,,7.009673833847,7.009673833847,1.557217478752,8.566891312599,0.145459934986,0.145459934986,,,-0.104585388582,-0.104585388582,0.145459934986,0.021701388889,0.76348981807,1.0,32.0,,,10.0,10.0
2024-12-10 12:00:00,0,,0,,9.345446884632,9.345446884632,8.556918621063,17.902365505695,-0.13826480502,-0.13826480502,,,0.312411784823,0.312411784823,-0.13826480502,0.079693546988,0.951145718156,4.0,60.0,,,20.0,20.0
2024-12-10 16:00:00,0,,0,,7.342596828938,7.342596828938,5.74541836977,13.088015198708,0.093728684622,0.093728684622,,,0.799624287958,0.799624287958,0.093728684622,0.021258503401,0.921373424931,1.0,61.0,,,24.0,24.0
2024-12-10 20:00:00,1,,1,,10.260873138905,10.260873138905,3.301879644394,13.562752783298,-0.016850530643,-0.016850530643,,,0.250257642961,0.250257642961,-0.016850530643,0.0,0.888948787795,0.0,45.0,,,12.0,12.0
2024-12-11 00:00:00,0,1.0,0,7.0,6.406090199947,6.406090199947,4.052162051201,10.458252251148,-0.047354348871,-0.047354348871,-0.25467287901,-0.25467287901,0.150585692878,0.150585692878,-0.047354348871,0.017076502732,0.968602053335,1.0,39.0,106307.0,105.0,15.0,15.0
2024-12-11 04:00:00,0,,0,,4.167854130268,4.167854130268,1.786782622337,5.954636752605,-0.148683275988,-0.148683275988,,,-0.676523182473,-0.676523182473,-0.148683275988,0.0,0.596968089984,0.0,22.0,,,3.0,3.0
2024-12-11 08:00:00,0,,0,,5.841910719872,5.841910719872,2.679083645344,8.520994365215,0.370247726767,0.370247726767,,,-0.373177688482,-0.373177688482,0.370247726767,0.0,0.676831421227,0.0,33.0,,,13.0,13.0
2024-12-11 12:00:00,0,,0,,15.531595230103,15.531595230103,4.737373948097,20.2689691782,0.197479494057,0.197479494057,,,2.353828140272,2.353828140272,0.197479494057,0.068665873807,0.980479247396,4.0,74.0,,,38.0,40.0
2024-12-11 16:00:00,0,,0,,13.518921673298,13.518921673298,5.494376182556,19.013297855854,-0.085973114045,-0.085973114045,,,0.71182608982,0.71182608982,-0.085973114045,0.0,0.926250619758,0.0,57.0,,,21.0,21.0
2024-12-11 20:00:00,1,,1,,16.140668988228,16.140668988228,3.070511221886,19.211180210114,-0.038698406653,-0.038698406653,,,0.631252438696,0.631252438696,-0.038698406653,0.0,0.878692953569,0.0,52.0,,,18.0,18.0
2024-12-12 00:00:00,0,4.0,0,6.0,9.677943110466,9.677943110466,1.804526984692,11.482470095158,-0.058324601367,-0.058324601367,-0.061946099291,-0.061946099291,-0.256859728242,-0.256859728242,-0.058324601367,0.053024351925,0.779860648445,2.0,35.0,107492.0,147.0,9.0,9.0
2024-12-12 04:00:00,1,,1,,3.920103907585,3.920103907585,6.72590726614,10.646011173725,-0.028204163599,-0.028204163599,,,-0.023494901398,-0.023494901398,-0.028204163599,0.0,0.83390421665,0.0,45.0,,,24.0,24.0
2024-12-12 08:00:00,0,,0,,10.442471206188,10.442471206188,5.303697228432,15.74616843462,0.190219452217,0.190219452217,,,0.471673120644,0.471673120644,0.190219452217,0.066489361702,1.035706218166,3.0,53.0,,,29.0,29.0
2024-12-12 12:00:00,0,,0,,19.121802330017,19.121802330017,9.915466070175,29.037268400192,0.081450545599,0.081450545599,,,2.08562628063,2.08562628063,0.081450545599,0.040475317693,1.385591245939,2.0,95.0,,,46.0,48.0
2024-12-12 16:00:00,3,,2,,21.274451971054,21.274451971054,6.26907813549,27.543530106544,-0.106953544162,-0.106953544162,,,0.852981475905,0.852981475905,-0.106953544162,0.034171075838,1.010085351364,2.0,75.0,,,26.0,26.0
2024-12-12 20:00:00,0,,0,,14.247543513775,14.247543513775,4.101999104023,18.349542617798,-0.084849123682,-0.084849123682,,,-0.234600911885,-0.234600911885,-0.084849123682,0.0,1.051853812657,0.0,57.0,,,14.0,14.0
2024-12-13 00:00:00,0,0.0,0,6.0,8.940946638584,8.940946638584,4.780591011047,13.721537649632,0.0239563922,0.0239563922,-0.12018194636,-0.12018194636,-0.434363295086,-0.434363295086,0.0239563922,0.079365079365,0.966041088379,2.0,40.0,109594.0,117.0,10.0,10.0
2024-12-13 04:00:00,0,,0,,7.763523697853,7.763523697853,5.069387316704,12.832911014557,-0.155791058621,-0.155791058621,,,-0.48948394632,-0.48948394632,-0.155791058621,0.105464334857,0.873033809565,3.0,35.0,,,8.0,8.0
2024-12-13 08:00:00,0,,0,,11.575761675835,11.575761675835,3.151125669479,14.726887345314,-0.00406682849,-0.00406682849,,,-0.338398959713,-0.338398959713,-0.00406682849,0.033438195514,0.988770708627,2.0,44.0,,,12.0,12.0
2024-12-13 12:00:00,0,,0,,14.247136294842,14.247136294842,2.564021229744,16.811157524586,0.277391447234,0.277391447234,,,-0.11166873858,-0.11166873858,0.277391447234,0.081001695736,0.960913571591,3.0,50.0,,,15.0,15.0
2024-12-13 16:00:00,0,,0,,26.786821842194,26.786821842194,6.877662479877,33.664484322071,0.494331620237,0.494331620237,,,1.966795491553,1.966795491553,0.494331620237,0.030637254902,1.299818246816,1.0,80.0,,,44.0,44.0
2024-12-13 20:00:00,0,,0,,16.07700586319,16.07700586319,4.946617662907,21.023623526096,-0.204603684597,-0.204603684597,,,0.178562004587,0.178562004587,-0.204603684597,0.035183803581,1.333979700798,2.0,61.0,,,30.0,30.0
2024-12-14 00:00:00,0,1.0,0,6.0,19.426787853241,19.426787853241,3.493820428848,22.920608282089,0.038849409629,0.038849409629,-0.137089344306,-0.137089344306,0.243184651679,0.243184651679,0.038849409629,0.217863021376,1.604621571098,7.0,56.0,112212.0,138.0,26.0,26.0
2024-12-14 04:00:00,0,,0,,5.241569578648,5.241569578648,3.536494672298,8.778064250946,-0.154044870182,-0.154044870182,,,-0.330421516631,-0.330421516631,-0.154044870182,0.13664874552,1.77009913847,2.0,54.0,,,32.0,33.0
2024-12-14 08:00:00,0,,0,,3.051931679249,3.051931679249,7.520706832409,10.572638511658,-0.116780715382,-0.116780715382,,,-0.461416522987,-0.461416522987,-0.116780715382,0.049603174603,1.069678721114,1.0,41.0,,,14.0,14.0
2024-12-14 12:00:00,0,,0,,12.862957715988,12.862957715988,4.172164440155,17.035122156143,0.06877653944,0.06877653944,,,-0.136754881777,-0.136754881777,0.06877653944,0.018939393939,1.073382881564,1.0,56.0,,,20.0,20.0
2024-12-14 16:00:00,0,,0,,16.333498179913,16.333498179913,5.479616761208,21.81311494112,0.148191644629,0.148191644629,,,-0.012663439398,-0.012663439398,0.148191644629,0.043206891611,1.289798468879,2.0,65.0,,,27.0,27.0
2024-12-14 20:00:00,1,,1,,11.899256527424,11.899256527424,5.203788757324,17.103045284748,-0.024946517189,-0.024946517189,,,-0.233701645158,-0.233701645158,-0.024946517189,0.025406504065,1.464307494201,1.0,55.0,,,23.0,23.0
2024-12-15 00:00:00,0,0.0,0,6.0,2.165752053261,2.165752053261,8.307058632374,10.472810685635,-0.08724628992,-0.08724628992,-0.12884472548,-0.12884472548,-0.461646145945,-0.461646145945,-0.08724628992,0.043402777778,1.3356278577,1.0,44.0,116255.0,116.0,21.0,21.0
2024-12-15 04:00:00,0,,0,,4.33648198843,4.33648198843,3.958160102367,8.294642090797,-0.038897631157,-0.038897631157,,,-0.434090153758,-0.434090153758,-0.038897631157,0.050200803213,1.148807311509,2.0,38.0,,,12.0,12.0
2024-12-15 08:00:00,0,,0,,26.785239100456,26.785239100456,4.020399093628,30.805638194084,0.06699481297,0.06699481297,,,0.168345804265,0.168345804265,0.06699481297,0.037878787879,1.732698419419,1.0,63.0,,,16.0,16.0
2024-12-15 12:00:00,0,,0,,10.187255620956,10.187255620956,4.311207890511,14.498463511467,0.022787914797,0.022787914797,,,-0.140262242205,-0.140262242205,0.022787914797,0.036549707602,0.984177012046,1.0,50.0,,,18.0,18.0
2024-12-15 16:00:00,0,,0,,24.935851037502,24.935851037502,5.077924251556,30.013775289059,0.238224201086,0.238224201086,,,0.836720551934,0.836720551934,0.238224201086,0.04546957672,1.741364434842,2.0,80.0,,,33.0,35.0
2024-12-15 20:00:00,0,,0,,14.775716006756,14.775716006756,3.386804699898,18.162520706654,-0.198619506498,-0.198619506498,,,-0.116030628824,-0.116030628824,-0.198619506498,0.012550200803,0.954038007151,1.0,52.0,,,20.0,20.0
2024-12-16 00:00:00,0,11.0,0,4.0,7.340108692646,7.340108692646,2.466332018375,9.806440711021,-0.182221946613,-0.182221946613,0.545715328116,0.545715328116,-0.23945227162,-0.23945227162,-0.182221946613,0.014988009592,0.841223804083,1.0,39.0,120772.0,210.0,24.0,24.0
2024-12-16 04:00:00,0,,0,,21.953208565712,21.953208565712,3.957993388176,25.911201953888,0.307015902479,0.307015902479,,,0.335703736667,0.335703736667,0.307015902479,0.207210840201,1.52440953651,7.0,58.0,,,27.0,27.0
2024-12-16 08:00:00,0,,0,,26.924960434437,26.924960434437,7.222386419773,34.14734685421,0.042065370567,0.042065370567,,,1.684362985659,1.684362985659,0.042065370567,0.033602150538,1.754808555043,1.0,84.0,,,45.0,45.0
2024-12-16 12:00:00,1,,1,,30.278019785881,30.278019785881,9.100884437561,39.378904223442,0.100278991588,0.100278991588,,,1.300073737435,1.300073737435,0.100278991588,0.053314987148,1.368096094697,4.0,96.0,,,43.0,43.0
2024-12-16 16:00:00,2,,1,,24.914984762669,24.914984762669,5.069962501526,29.984947264194,-0.032726518594,-0.032726518594,,,0.894734744813,0.894734744813,-0.032726518594,0.013440860215,1.381248987287,1.0,94.0,,,45.0,45.0
2024-12-16 20:00:00,8,,1,,15.339820504189,15.339820504189,8.776968121529,24.116788625717,-0.269644480201,-0.269644480201,,,-0.253820503247,-0.253820503247,-0.269644480201,0.026371308017,1.279462431638,1.0,74.0,,,27.0,27.0
2024-12-17 00:00:00,19,22.0,3,5.0,9.182215094566,9.182215094566,6.017149090767,15.199364185333,-0.051607311172,-0.051607311172,0.064049237873,0.064049237873,-0.537101733745,-0.537101733745,-0.051607311172,0.073922778988,1.531144814493,3.0,61.0,126749.0,139.0,19.0,19.0
2024-12-17 04:00:00,0,,0,,15.095464944839,15.095464944839,2.590119600296,17.685584545135,-0.112430795289,-0.112430795289,,,-0.350374929537,-0.350374929537,-0.112430795289,0.018274853801,0.900053288944,1.0,41.0,,,17.0,17.0
2024-12-17 08:00:00,1,,1,,19.40622395277,19.40622395277,2.305055260658,21.711279213428,0.373473823433,0.373473823433,,,0.193982777851,0.193982777851,0.373473823433,0.152305063074,1.317209371422,6.0,60.0,,,31.0,31.0
2024-12-17 12:00:00,0,,0,,23.201184749603,23.201184749603,5.304629206657,28.505813956261,-0.087830603632,-0.087830603632,,,0.326756672151,0.326756672151,-0.087830603632,0.060915615183,0.966180885852,5.0,73.0,,,27.0,27.0
2024-12-17 16:00:00,0,,0,,19.880115330219,19.880115330219,7.962983489037,27.843098819256,-0.08487097576,-0.08487097576,,,-0.061614419596,-0.061614419596,-0.08487097576,0.018274853801,1.365256736612,1.0,80.0,,,27.0,27.0
2024-12-17 20:00:00,2,,1,,20.214552760124,20.214552760124,6.460735440254,26.675288200378,-0.06594720897,-0.06594720897,,,-0.288981473504,-0.288981473504,-0.06594720897,0.0474367546,1.482166533753,3.0,76.0,,,22.0,22.0
2024-12-18 00:00:00,0,1.0,0,6.0,4.44894862175,4.44894862175,7.94320833683,12.39215695858,-0.08943608706,-0.08943608706,-0.238696265205,-0.238696265205,-0.709108097306,-0.709108097306,-0.08943608706,0.043562151503,1.048587503108,2.0,48.0,132205.0,105.0,23.0,23.0
2024-12-18 04:00:00,0,,0,,16.883924782276,16.883924782276,0.75057053566,17.634495317936,0.055803422005,0.055803422005,,,-0.632656432498,-0.632656432498,0.055803422005,0.0,0.781827435397,0.0,33.0,,,10.0,10.0
2024-12-18 08:00:00,0,,0,,10.874262154102,10.874262154102,2.417377352715,13.291639506817,-0.074134395373,-0.074134395373,,,-0.626502786872,-0.626502786872,-0.074134395373,0.031565656566,1.103429121547,2.0,45.0,,,15.0,15.0
2024-12-18 12:00:00,0,,0,,12.858459353447,12.858459353447,10.251282036304,23.109741389751,0.097691049919,0.097691049919,,,-0.298453183221,-0.298453183221,0.097691049919,0.036730590783,1.063307949914,2.0,60.0,,,25.0,25.0
2024-12-18 16:00:00,1,,1,,18.150317966938,18.150317966938,3.960259377956,22.110577344894,0.128605113696,0.128605113696,,,-0.227681630158,-0.227681630158,0.128605113696,0.035914606227,1.208447638,2.0,68.0,,,24.0,24.0
2024-12-18 20:00:00,0,,0,,8.207334339619,8.207334339619,4.887305915356,13.094640254974,-0.21937851408,-0.21937851408,,,-0.742492563542,-0.742492563542,-0.21937851408,0.0,0.76439420022,0.0,43.0,,,10.0,10.0
2024-12-19 00:00:00,0,9.0,0,7.0,-0.528220415115,-0.528220415115,8.839216887951,8.310996472836,-0.123697667717,-0.123697667717,-0.387464939082,-0.387464939082,-0.796799840395,-0.796799840395,-0.123697667717,0.020424836601,1.019852645847,1.0,43.0,136667.0,94.0,14.0,14.0
2024-12-19 04:00:00,8,,1,,10.171694397926,10.171694397926,3.117329120636,13.289023518562,0.242084107815,0.242084107815,,,-0.172120841705,-0.172120841705,0.242084107815,0.049603174603,1.198813631328,1.0,38.0,,,21.0,21.0
2024-12-19 08:00:00,0,,0,,9.125854969025,9.125854969025,2.657550096512,11.783405065536,-0.092578258103,-0.092578258103,,,-0.565951771629,-0.565951771629,-0.092578258103,0.062628941939,0.760285838437,2.0,32.0,,,10.0,10.0
2024-12-19 12:00:00,1,,1,,6.603658378124,6.603658378124,6.490592241287,13.094250619411,-0.046145543783,-0.046145543783,,,-0.087833234137,-0.087833234137,-0.046145543783,0.02147766323,0.946867032113,1.0,54.0,,,21.0,21.0
2024-12-19 16:00:00,0,,0,,7.355622470379,7.355622470379,4.054359257221,11.4099817276,-0.100992872658,-0.100992872658,,,-0.396873823145,-0.396873823145,-0.100992872658,0.036256557708,0.832094807856,2.0,50.0,,,20.0,20.0
2024-12-19 20:00:00,0,,0,,7.908435404301,7.908435404301,4.093628585339,12.002063989639,-0.026742058241,-0.026742058241,,,-0.522007843601,-0.522007843601,-0.026742058241,0.036684475882,0.768759398697,2.0,37.0,,,13.0,14.0
2024-12-20 00:00:00,1,1.0,1,8.0,3.340967833996,3.340967833996,3.962816178799,7.303784012794,-0.054032557974,-0.054032557974,-0.145983888355,-0.145983888355,-0.558452772414,-0.558452772414,-0.054032557974,0.0,1.039421581055,0.0,33.0,138721.0,123.0,10.0,10.0
2024-12-20 04:00:00,0,,0,,11.808822274208,11.808822274208,1.429912626743,13.238734900951,0.044193712988,0.044193712988,,,-0.341509753175,-0.341509753175,0.044193712988,0.0,0.879214546936,0.0,29.0,,,10.0,10.0
2024-12-20 08:00:00,0,,0,,13.097397446632,13.097397446632,4.828604638577,17.926002085209,0.251883281249,0.251883281249,,,0.562577342905,0.562577342905,0.251883281249,0.021043771044,1.10160220822,1.0,60.0,,,20.0,20.0
2024-12-20 12:00:00,0,,0,,12.211192131042,12.211192131042,11.285089850426,23.496281981468,0.108056626427,0.108056626427,,,1.313107922838,1.313107922838,0.108056626427,0.087147553126,1.272172174276,6.0,83.0,,,36.0,36.0
2024-12-20 16:00:00,0,,0,,19.970412790775,19.970412790775,3.248335778713,23.218748569489,-0.033965546168,-0.033965546168,,,1.530131822037,1.530131822037,-0.033965546168,0.0,1.400743590383,0.0,81.0,,,37.0,37.0
2024-12-20 20:00:00,0,,0,,16.126974463463,16.126974463463,3.967070519924,20.094044983387,-0.163477344749,-0.163477344749,,,-0.020591544486,-0.020591544486,-0.163477344749,0.023946360153,1.173447490092,1.0,49.0,,,14.0,14.0
2024-12-21 00:00:00,0,10.0,0,8.0,8.268038868904,8.268038868904,1.685997903347,9.954036772251,0.033044132574,0.033044132574,-0.152590084376,-0.152590084376,-0.140678264845,-0.140678264845,0.033044132574,0.05787037037,1.157342006575,1.0,36.0,141164.0,126.0,15.0,15.0
2024-12-21 04:00:00,0,,0,,13.78822261095,13.78822261095,3.295291244984,17.083513855934,0.021013996238,0.021013996238,,,0.386450410226,0.386450410226,0.021013996238,0.288829414246,2.087644356482,10.0,66.0,,,33.0,33.0
2024-12-21 08:00:00,0,,0,,8.833154261112,8.833154261112,6.123890817165,14.957045078278,-0.073586212587,-0.073586212587,,,-0.232990813431,-0.232990813431,-0.073586212587,0.037878787879,1.320891958002,1.0,43.0,,,18.0,18.0
2024-12-21 12:00:00,0,,0,,13.77079731226,13.77079731226,5.746151804924,19.516949117184,-0.002346297175,-0.002346297175,,,0.009464589813,0.009464589813,-0.002346297175,0.067755156002,1.37545551951,2.0,59.0,,,24.0,24.0
2024-12-21 16:00:00,10,,1,,12.794415831566,12.794415831566,3.087850868702,15.882266700268,-0.001877960878,-0.001877960878,,,-0.188233300422,-0.188233300422,-0.001877960878,0.0234082397,1.096925229062,1.0,50.0,,,20.0,20.0
2024-12-21 20:00:00,0,,0,,15.676365315914,15.676365315914,0.747362315655,16.423727631569,0.083970721285,0.083970721285,,,0.249702166989,0.249702166989,0.083970721285,0.047348484848,1.40646757643,1.0,47.0,,,22.0,22.0
2024-12-22 00:00:00,0,1.0,0,8.0,6.487525224686,6.487525224686,3.318993389606,9.806518614292,-0.089267603469,-0.089267603469,-0.380208544995,-0.380208544995,-0.361089204503,-0.361089204503,-0.089267603469,0.154220779221,1.694521468603,3.0,40.0,144445.0,92.0,22.0,22.0
2024-12-22 04:00:00,0,,0,,6.950201153755,6.950201153755,0.735197126865,7.685398280621,-0.095516736052,-0.095516736052,,,-0.445977574639,-0.445977574639,-0.095516736052,0.28123777517,1.162039155493,13.0,35.0,,,9.0,9.0
2024-12-22 08:00:00,1,,1,,1.491078674793,1.491078674793,6.048922240734,7.540000915527,-0.211814653488,-0.211814653488,,,-0.595516302358,-0.595516302358,-0.211814653488,0.027777777778,0.880940638511,1.0,32.0,,,16.0,16.0
2024-12-22 12:00:00,0,,0,,3.356470823288,3.356470823288,7.333940565586,10.690411388874,0.11825890254,0.11825890254,,,-0.509238399106,-0.509238399106,0.11825890254,0.0,0.943264527336,0.0,42.0,,,10.0,10.0
2024-12-22 16:00:00,0,,0,,15.358055412769,15.358055412769,5.610633134842,20.968688547611,0.298278253117,0.298278253117,,,0.271577978795,0.271577978795,0.298278253117,0.050204425204,1.406392310655,2.0,57.0,,,24.0,24.0
2024-12-22 20:00:00,0,,0,,8.852980136871,8.852980136871,0.764075398445,9.617055535316,-0.113354326209,-0.113354326209,,,-0.334602679924,-0.334602679924,-0.113354326209,0.0,0.79255543639,0.0,31.0,,,14.0,14.0
2024-12-23 00:00:00,0,5.0,0,9.0,4.613564372063,4.613564372063,8.890945792198,13.504510164261,-0.002324148672,-0.002324148672,0.163128448008,0.163128448008,-0.304483393066,-0.304483393066,-0.002324148672,0.060281635802,2.143194859628,2.0,60.0,147075.0,212.0,31.0,31.0
2024-12-23 04:00:00,1,,1,,13.671228885651,13.671228885651,5.420369982719,19.09159886837,0.199987674893,0.199987674893,,,0.938121093432,0.938121093432,0.199987674893,0.166593180482,2.323899772332,3.0,70.0,,,38.0,38.0
2024-12-23 08:00:00,2,,2,,13.729628920555,13.729628920555,8.779814660549,22.509443581104,-0.060146921119,-0.060146921119,,,1.063763947738,1.063763947738,-0.060146921119,0.117807539683,2.000234777878,2.0,76.0,,,40.0,40.0
2024-12-23 12:00:00,0,,0,,24.206819474697,24.206819474697,6.92449182272,31.131311297417,0.109821284284,0.109821284284,,,2.03446583542,2.03446583542,0.109821284284,0.061995512428,1.549642870702,3.0,87.0,,,48.0,48.0
2024-12-23 16:00:00,2,,1,,6.186685919762,6.186685919762,10.523797214031,16.710483133793,-0.161023129992,-0.161023129992,,,0.000502779658,0.000502779658,-0.161023129992,0.08383153693,1.435254392328,4.0,74.0,,,47.0,47.0
2024-12-23 20:00:00,0,,0,,13.793629407883,13.793629407883,1.459026813507,15.25265622139,0.005978631688,0.005978631688,,,-0.24472953691,-0.24472953691,0.005978631688,0.033068783069,0.996410364349,1.0,43.0,,,13.0,13.0
2024-12-24 00:00:00,0,2.0,0,12.0,2.186235427856,2.186235427856,8.845791518688,11.032026946545,0.076452098151,0.076452098151,-0.241863363589,-0.241863363589,-0.6076283908,-0.6076283908,0.076452098151,0.045289855072,1.512499470357,1.0,43.0,150001.0,121.0,24.0,24.0
2024-12-24 04:00:00,0,,0,,5.69027453661,5.69027453661,3.93139731884,9.62167185545,-0.170761120172,-0.170761120172,,,-0.335450619531,-0.335450619531,-0.170761120172,0.0,1.13795806751,0.0,37.0,,,14.0,14.0
2024-12-24 08:00:00,0,,0,,15.001465499401,15.001465499401,1.568778395653,16.570243895054,0.288047299787,0.288047299787,,,0.516786588355,0.516786588355,0.288047299787,0.236825948386,1.412872314294,11.0,56.0,,,34.0,34.0
2024-12-24 12:00:00,2,,1,,14.183432400227,14.183432400227,4.023860275745,18.207292675972,-0.025133969507,-0.025133969507,,,0.291164951785,0.291164951785,-0.025133969507,0.037369959245,0.935952120962,2.0,53.0,,,27.0,27.0
2024-12-24 16:00:00,0,,0,,12.142558336258,12.142558336258,2.317022621632,14.45958095789,-0.181536520239,-0.181536520239,,,-0.236844820246,-0.236844820246,-0.181536520239,0.024801587302,1.120028432733,1.0,47.0,,,17.0,17.0
2024-12-24 20:00:00,0,,0,,9.573691666126,9.573691666126,2.335682570934,11.909374237061,0.006461949824,0.006461949824,,,-0.544309645592,-0.544309645592,0.006461949824,0.0,0.998577151686,0.0,31.0,,,7.0,7.0
2024-12-25 00:00:00,0,1.0,0,8.0,4.633605420589,4.633605420589,0.0,4.633605420589,-0.180458189355,-0.180458189355,-0.417309289793,-0.417309289793,-0.735701803155,-0.735701803155,-0.180458189355,0.065104166667,0.452414722457,1.0,11.0,151764.0,73.0,4.0,4.0
2024-12-25 04:00:00,0,,0,,1.736443340778,1.736443340778,1.567103683949,3.303547024727,-0.179227945702,-0.179227945702,,,-0.711337043172,-0.711337043172,-0.179227945702,0.118563685637,0.789460759326,7.0,24.0,,,6.0,6.0
2024-12-25 08:00:00,1,,1,,13.555583357811,13.555583357811,0.774495303631,14.330078661442,0.405737294264,0.405737294264,,,-0.262632405936,-0.262632405936,0.405737294264,0.09126984127,0.991174022245,2.0,29.0,,,14.0,14.0
2024-12-25 12:00:00,0,,0,,11.364989936352,11.364989936352,5.107464194298,16.47245413065,0.105024817597,0.105024817597,,,-0.016454263614,-0.016454263614,0.105024817597,0.282980265619,1.298654365658,8.0,55.0,,,26.0,26.0
2024-12-25 16:00:00,0,,0,,6.451945662498,6.451945662498,6.536378800869,12.988324463367,-0.243864592515,-0.243864592515,,,-0.656636743535,-0.656636743535,-0.243864592515,0.0,1.334970740475,0.0,50.0,,,12.0,12.0
2024-12-25 20:00:00,0,,0,,5.27242565155,5.27242565155,4.288021743298,9.560447394848,0.001592092027,0.001592092027,,,-0.440553017899,-0.440553017899,0.001592092027,0.0,1.454415762675,0.0,41.0,,,17.0,17.0
2024-12-26 00:00:00,0,0.0,0,8.0,4.593767523766,4.593767523766,3.716750204563,8.310517728329,0.07945261132,0.07945261132,-0.373141837485,-0.373141837485,-0.664356404699,-0.664356404699,0.07945261132,0.0,1.167699897198,0.0,28.0,153591.0,76.0,12.0,12.0
2024-12-26 04:00:00,0,,0,,7.873124718666,7.873124718666,2.670041143894,10.54316586256,-0.063842612707,-0.063842612707,,,-0.502780842122,-0.502780842122,-0.063842612707,0.284901316849,1.200923596794,9.0,33.0,,,10.0,10.0
2024-12-26 08:00:00,0,,0,,15.901265323162,15.901265323162,0.801261305809,16.702526628971,0.207070168461,0.207070168461,,,0.215559220918,0.215559220918,0.207070168461,0.054546446299,1.523903348955,2.0,48.0,,,15.0,15.0
2024-12-26 12:00:00,0,,0,,6.475703656673,6.475703656673,3.859682679176,10.33538633585,-0.115086961151,-0.115086961151,,,-0.165097019114,-0.165097019114,-0.115086961151,0.023946360153,1.090194006684,1.0,37.0,,,18.0,18.0
2024-12-26 16:00:00,0,,0,,9.270771980286,9.270771980286,2.32559299469,11.596364974976,-0.017836806358,-0.017836806358,,,-0.120341807466,-0.120341807466,-0.017836806358,0.055093957533,1.184398774185,3.0,51.0,,,15.0,15.0
2024-12-26 20:00:00,0,,0,,8.300057411194,8.300057411194,4.920676708221,13.220734119415,-0.092485595996,-0.092485595996,,,-0.454158171168,-0.454158171168,-0.092485595996,0.025406504065,1.296851494775,1.0,46.0,,,11.0,11.0
2024-12-27 00:00:00,0,1.0,0,6.0,3.957382082939,3.957382082939,0.870277404785,4.827659487724,-0.065152266174,-0.065152266174,-0.393673405321,-0.393673405321,-0.586876084867,-0.586876084867,-0.065152266174,0.118901727358,0.925050703389,3.0,24.0,154659.0,61.0,9.0,9.0
2024-12-27 04:00:00,0,,0,,6.889341831207,6.889341831207,4.481952011585,11.371293842793,0.030091323202,0.030091323202,,,-0.188377504703,-0.188377504703,0.030091323202,0.153049111382,1.148871754573,11.0,39.0,,,11.0,11.0
2024-12-27 08:00:00,0,,0,,1.495412290096,1.495412290096,1.675091803074,3.17050409317,0.006634350982,0.006634350982,,,-0.681995689355,-0.681995689355,0.006634350982,0.065909626488,0.798024205238,2.0,23.0,,,9.0,9.0
2024-12-27 12:00:00,0,,0,,11.883736073971,11.883736073971,6.136165678501,18.019901752472,0.07931949389,0.07931949389,,,0.76091387093,0.76091387093,0.07931949389,0.0,1.558988523678,0.0,60.0,,,15.0,15.0
2024-12-27 16:00:00,1,,1,,19.028410375118,19.028410375118,3.666225075722,22.69463545084,0.077572037819,0.077572037819,,,0.975617597963,0.975617597963,0.077572037819,0.045289855072,1.006259761536,2.0,53.0,,,12.0,12.0
2024-12-27 20:00:00,0,,0,,12.939828813076,12.939828813076,2.277131676674,15.21696048975,-0.035572364945,-0.035572364945,,,0.025237137956,0.025237137956,-0.035572364945,0.040064102564,1.081865303773,1.0,35.0,,,10.0,10.0
2024-12-28 00:00:00,0,1.0,0,7.0,4.390013456345,4.390013456345,4.83830165863,9.228315114975,-0.151426346599,-0.151426346599,-0.39728586223,-0.39728586223,-0.641355851357,-0.641355851357,-0.151426346599,0.099587912088,1.136191802522,2.0,31.0,155555.0,66.0,7.0,7.0
2024-12-28 04:00:00,0,,0,,9.359300196171,9.359300196171,2.52443921566,11.883739411831,0.028227889765,0.028227889765,,,-0.463799539502,-0.463799539502,0.028227889765,0.169289685191,0.830563432239,8.0,30.0,,,5.0,5.0
2024-12-28 08:00:00,0,,0,,6.677375197411,6.677375197411,4.279116153717,10.956491351128,0.10028830776,0.10028830776,,,-0.160852380794,-0.160852380794,0.10028830776,0.0,0.952675407039,0.0,37.0,,,11.0,11.0
2024-12-28 12:00:00,0,,0,,12.855584561825,12.855584561825,3.270888209343,16.126472771168,0.030386840311,0.030386840311,,,0.60771629984,0.60771629984,0.030386840311,0.0,1.092044285512,0.0,48.0,,,16.0,16.0
2024-12-28 16:00:00,0,,0,,7.84702283144,7.84702283144,3.171972095966,11.018994927406,-0.172755659129,-0.172755659129,,,0.209033779517,0.209033779517,-0.172755659129,0.0,0.827041123034,0.0,36.0,,,17.0,17.0
2024-12-28 20:00:00,1,,1,,7.926686406136,7.926686406136,0.98898100853,8.915667414665,0.064161662683,0.064161662683,,,0.015364861102,0.015364861102,0.064161662683,0.042517006803,0.968080718987,1.0,32.0,,,15.0,15.0
2024-12-29 00:00:00,1,1.0,1,8.0,5.497058212757,5.497058212757,2.37266767025,7.869725883007,-0.046930295506,-0.046930295506,-0.400875550658,-0.400875550658,-0.101512202754,-0.101512202754,-0.046930295506,0.026371308017,1.118875625298,1.0,30.0,156467.0,64.0,17.0,17.0
2024-12-29 04:00:00,0,,0,,17.717838227749,17.717838227749,2.570505440235,20.288343667984,0.119312363289,0.119312363289,,,1.168554897021,1.168554897021,0.119312363289,0.4495793618,1.750215498916,19.0,56.0,,,14.0,14.0
2024-12-29 08:00:00,0,,0,,0.752776324749,0.752776324749,4.040923714638,4.793700039387,-0.143103995482,-0.143103995482,,,-0.681658323893,-0.681658323893,-0.143103995482,0.0,0.513229276933,0.0,16.0,,,2.0,2.0
2024-12-29 12:00:00,0,,0,,1.023621141911,1.023621141911,4.87737095356,5.90099209547,0.019832104334,0.019832104334,,,-0.592849974233,-0.592849974233,0.019832104334,0.0,0.79752007869,0.0,29.0,,,9.0,9.0
2024-12-29 16:00:00,0,,0,,13.263435661793,13.263435661793,3.149352133274,16.412787795067,0.135003533376,0.135003533376,,,0.897630742835,0.897630742835,0.135003533376,0.01965408805,0.921076172202,1.0,43.0,,,16.0,16.0
2024-12-29 20:00:00,0,,0,,9.420552015305,9.420552015305,3.2089214921,12.629473507404,0.130194773286,0.130194773286,,,-0.088335574536,-0.088335574536,0.130194773286,0.031094527363,0.961030807568,1.0,38.0,,,10.0,10.0
2024-12-30 00:00:00,0,0.0,0,9.0,7.819414079189,7.819414079189,3.805292129517,11.624706208706,-0.084418164486,-0.084418164486,-0.058099755035,-0.058099755035,0.146993765229,0.146993765229,-0.084418164486,0.0,1.283681546838,0.0,39.0,157449.0,122.0,17.0,17.0
2024-12-30 04:00:00,0,,0,,8.593609154224,8.593609154224,3.376601994038,11.970211148262,0.140458728078,0.140458728078,,,0.096538770488,0.096538770488,0.140458728078,0.141242937853,0.942199000501,8.0,33.0,,,16.0,16.0
2024-12-30 08:00:00,0,,0,,32.399441003799,32.399441003799,1.82029902935,34.21974003315,0.391104280831,0.391104280831,,,3.691705961513,3.691705961513,0.391104280831,0.138131479424,2.217011116347,4.0,78.0,,,39.0,39.0
2024-12-30 12:00:00,0,,0,,18.275760233402,18.275760233402,4.114207088947,22.38996732235,-0.207000051627,-0.207000051627,,,0.512800151269,0.512800151269,-0.207000051627,0.0,1.165789670464,0.0,64.0,,,25.0,25.0
2024-12-30 16:00:00,0,,0,,10.98025894165,10.98025894165,3.255744040012,14.236002981663,-0.090976732367,-0.090976732367,,,0.149775230089,0.149775230089,-0.090976732367,0.0,1.060746354444,0.0,57.0,,,25.0,25.0
2024-12-30 20:00:00,0,,0,,5.176491856575,5.176491856575,2.39276188612,7.569253742695,-0.147440965599,-0.147440965599,,,-0.478990372119,-0.478990372119,-0.147440965599,0.083205325141,0.829503819988,2.0,34.0,,,8.0,8.0
2024-12-31 00:00:00,0,0.0,0,5.0,9.063366472721,9.063366472721,0.0,9.063366472721,-0.055145591902,-0.055145591902,-0.404877405084,-0.404877405084,-0.368575910803,-0.368575910803,-0.055145591902,0.0,0.880833504987,0.0,27.0,159044.0,70.0,10.0,10.0
2024-12-31 04:00:00,0,,0,,8.259868860245,8.259868860245,3.355936765671,11.615805625916,0.170706347059,0.170706347059,,,-0.179271574969,-0.179271574969,0.170706347059,0.040064102564,1.311673301879,2.0,43.0,,,16.0,16.0
2024-12-31 08:00:00,0,,0,,6.602817058563,6.602817058563,3.29041403532,9.893231093884,-0.210866321478,-0.210866321478,,,-0.434520685572,-0.434520685572,-0.210866321478,0.0,0.932348447354,0.0,32.0,,,8.0,8.0
2024-12-31 12:00:00,0,,0,,7.220075011253,7.220075011253,5.606570959091,12.826645970345,0.114217870999,0.114217870999,,,-0.442739524102,-0.442739524102,0.114217870999,0.086206896552,1.20591742018,6.0,55.0,,,20.0,20.0
2024-12-31 16:00:00,0,,0,,8.960120260715,8.960120260715,1.577831506729,10.537951767445,-0.044179683451,-0.044179683451,,,-0.252711492621,-0.252711492621,-0.044179683451,0.127306298293,0.838994948743,4.0,35.0,,,11.0,11.0
2024-12-31 20:00:00,0,,0,,1.769672870636,1.769672870636,4.027059793472,5.796732664108,-0.166749518814,-0.166749518814,,,-0.474982592514,-0.474982592514,-0.166749518814,0.050800492611,1.003995579281,2.0,30.0,,,9.0,9.0
2025-01-01 00:00:00,0,0.0,0,4.0,12.847271621227,12.847271621227,0.978486955166,13.825758576393,0.284375525473,0.284375525473,-0.440219237027,-0.440219237027,-0.434902941804,-0.434902941804,0.284375525473,0.0,1.045696095344,0.0,27.0,159939.0,47.0,3.0,3.0
2025-01-01 04:00:00,0,,0,,2.376401245594,2.376401245594,0.0,2.376401245594,-0.140286955488,-0.140286955488,,,-0.481750810228,-0.481750810228,-0.140286955488,0.0,0.483923067954,0.0,10.0,,,5.0,5.0
2025-01-01 08:00:00,0,,0,,7.85155326128,7.85155326128,0.959893405437,8.811446666718,0.280924027745,0.280924027745,,,-0.130606483984,-0.130606483984,0.280924027745,0.058962264151,1.554643895216,3.0,32.0,,,14.0,14.0
2025-01-01 12:00:00,0,,0,,8.800310075283,8.800310075283,1.622856914997,10.42316699028,-0.073503049583,-0.073503049583,,,-0.313176415113,-0.313176415113,-0.073503049583,0.053084099137,1.006764420703,2.0,30.0,,,9.0,9.0
2025-01-01 16:00:00,0,,0,,2.328301310539,2.328301310539,3.344826102257,5.673127412796,-0.004140330566,-0.004140330566,,,-0.445367057633,-0.445367057633,-0.004140330566,0.0,0.888351285228,0.0,36.0,,,11.0,11.0
2025-01-01 20:00:00,0,,0,,10.441841840744,10.441841840744,3.237102091312,13.678943932056,0.081953197078,0.081953197078,,,-0.200744388441,-0.200744388441,0.081953197078,0.145073075527,1.214586868739,3.0,38.0,,,7.0,7.0
2025-01-02 00:00:00,0,5.0,0,3.0,2.204235434532,2.204235434532,2.669202804565,4.873438239098,-0.13391743994,-0.13391743994,-0.349606028316,-0.349606028316,-0.4791944598,-0.4791944598,-0.13391743994,0.0,0.845881948233,0.0,25.0,161411.0,87.0,11.0,11.0
2025-01-02 04:00:00,0,,0,,2.298226356506,2.298226356506,0.888288915157,3.186515271664,-0.038778597644,-0.038778597644,,,-0.481077946011,-0.481077946011,-0.038778597644,0.148593316603,0.80589542498,9.0,31.0,,,6.0,6.0
2025-01-02 08:00:00,0,,0,,5.362698018551,5.362698018551,6.456528365612,11.819226384163,0.155741918239,0.155741918239,,,0.062083214581,0.062083214581,0.155741918239,0.034722222222,1.068752574412,1.0,43.0,,,9.0,9.0
2025-01-02 12:00:00,0,,0,,14.0119587183,14.0119587183,4.256200253963,18.268158972263,0.093338858002,0.093338858002,,,1.048929735218,1.048929735218,0.093338858002,0.047569624632,0.99668435839,2.0,51.0,,,14.0,14.0
2025-01-02 16:00:00,1,,1,,6.733950972557,6.733950972557,11.207377374172,17.941328346729,0.018520592202,0.018520592202,,,1.332530487752,1.332530487752,0.018520592202,0.041118421053,1.498982557464,2.0,71.0,,,36.0,36.0
2025-01-02 20:00:00,4,,2,,13.556469857693,13.556469857693,3.119135856628,16.675605714321,-0.086722559168,-0.086722559168,,,0.807782077722,0.807782077722,-0.086722559168,0.075464374194,1.373865926148,3.0,49.0,,,17.0,17.0
2025-01-03 00:00:00,0,1.0,0,6.0,1.820880413055,1.820880413055,3.15917468071,4.980055093765,-0.153682849453,-0.153682849453,-0.310664405349,-0.310664405349,-0.540791320005,-0.540791320005,-0.153682849453,0.0,1.172130957721,0.0,30.0,163007.0,80.0,10.0,10.0
2025-01-03 04:00:00,0,,0,,0.823721051216,0.823721051216,3.261974334717,4.085695385933,0.035127335696,0.035127335696,,,-0.401627187913,-0.401627187913,0.035127335696,0.063131313131,0.800553325788,3.0,26.0,,,11.0,11.0
2025-01-03 08:00:00,0,,0,,8.814990341663,8.814990341663,3.329326570034,12.144316911697,0.191513889346,0.191513889346,,,0.277086245538,0.277086245538,0.191513889346,0.096217744244,1.216309226858,3.0,45.0,,,16.0,16.0
2025-01-03 12:00:00,0,,0,,14.918437600136,14.918437600136,4.96079158783,19.879229187965,0.014425283665,0.014425283665,,,0.734290897115,0.734290897115,0.014425283665,0.077160493827,0.869808281515,6.0,52.0,,,15.0,15.0
2025-01-03 16:00:00,1,,1,,15.138427078724,15.138427078724,3.166159033775,18.304586112499,0.049678297,0.049678297,,,1.070538470389,1.070538470389,0.049678297,0.0,0.946602178954,0.0,56.0,,,20.0,20.0
2025-01-03 20:00:00,0,,0,,15.369357705116,15.369357705116,2.384152591228,17.753510296345,-0.036325893342,-0.036325893342,,,0.241503337919,0.241503337919,-0.036325893342,0.018939393939,1.211573708883,1.0,49.0,,,11.0,11.0
2025-01-04 00:00:00,1,1.0,1,6.0,1.801226496696,1.801226496696,3.019201397896,4.820427894592,-0.161052246365,-0.161052246365,-0.381894550105,-0.381894550105,-0.525553877196,-0.525553877196,-0.161052246365,0.046296296296,1.237342492543,1.0,31.0,163831.0,58.0,9.0,9.0
2025-01-04 04:00:00,0,,0,,8.519964337349,8.519964337349,0.0,8.519964337349,0.095884593486,0.095884593486,,,0.003814505636,0.003814505636,0.095884593486,0.0,1.07961703702,0.0,29.0,,,10.0,10.0
2025-01-04 08:00:00,0,,0,,9.678182601929,9.678182601929,0.942178070545,10.620360672474,-0.12350417996,-0.12350417996,,,-0.414458777121,-0.414458777121,-0.12350417996,0.0,0.946597548676,0.0,31.0,,,5.0,5.0
2025-01-04 12:00:00,0,,0,,12.371294379234,12.371294379234,2.478980481625,14.850274860859,0.161146588907,0.161146588907,,,0.132042870098,0.132042870098,0.161146588907,0.025406504065,0.777756336819,1.0,34.0,,,10.0,10.0
2025-01-04 16:00:00,0,,0,,11.467098176479,11.467098176479,2.39080786705,13.85790604353,0.051353246465,0.051353246465,,,0.332377368904,0.332377368904,0.051353246465,0.0,1.128822044104,0.0,40.0,,,18.0,18.0
2025-01-04 20:00:00,0,,0,,8.836959064007,8.836959064007,3.374908089638,12.211867153645,-0.066676758534,-0.066676758534,,,-0.171589498981,-0.171589498981,-0.066676758534,0.071009389671,1.110180231293,2.0,38.0,,,12.0,12.0
2025-01-05 00:00:00,0,0.0,0,6.0,1.963236451149,1.963236451149,3.588932275772,5.552168726921,-0.148883744394,-0.148883744394,-0.46108014022,-0.46108014022,-0.736050890381,-0.736050890381,-0.148883744394,0.047348484848,0.907128366338,1.0,23.0,164808.0,35.0,5.0,5.0
2025-01-05 04:00:00,0,,0,,4.620755076408,4.620755076408,1.600780367851,6.22153544426,0.024164917794,0.024164917794,,,-0.330775774209,-0.330775774209,0.024164917794,0.136180329842,0.841697331949,5.0,23.0,,,6.0,6.0
2025-01-05 08:00:00,0,,0,,3.936384916306,3.936384916306,1.736910641193,5.673295557499,-0.006378008578,-0.006378008578,,,-0.633036279156,-0.633036279156,-0.006378008578,0.021258503401,0.856735953959,1.0,25.0,,,5.0,5.0
2025-01-05 12:00:00,0,,0,,18.48854893446,18.48854893446,7.861482262611,26.350031197071,0.591251603517,0.591251603517,,,1.131860963419,1.131860963419,0.591251603517,0.0,1.733219375183,0.0,66.0,,,11.0,20.0
2025-01-05 16:00:00,0,,0,,8.997447490692,8.997447490692,1.659047245979,10.656494736671,-0.302010028963,-0.302010028963,,,-0.276256339907,-0.276256339907,-0.302010028963,0.0,0.761425666516,0.0,32.0,,,11.0,11.0
2025-01-05 20:00:00,0,,0,,1.835468411446,1.835468411446,5.150365054607,6.985833466053,0.125880497225,0.125880497225,,,-0.664286013816,-0.664286013816,0.125880497225,0.0,0.791789820644,0.0,27.0,,,4.0,4.0
2025-01-06 00:00:00,0,0.0,0,5.0,10.181008577347,10.181008577347,0.71074795723,10.891756534576,-0.03848702313,-0.03848702313,-0.216115748253,-0.216115748253,-0.468509608226,-0.468509608226,-0.03848702313,0.0,0.593706996387,0.0,19.0,165810.0,73.0,3.0,3.0
2025-01-06 04:00:00,0,,0,,5.498731017113,5.498731017113,0.0,5.498731017113,-0.0839846624,-0.0839846624,,,-0.442807456788,-0.442807456788,-0.0839846624,0.0,0.611686759091,0.0,17.0,,,5.0,5.0
2025-01-06 08:00:00,0,,0,,11.770927429199,11.770927429199,3.345580995083,15.116508424282,0.270391804495,0.270391804495,,,0.280858749861,0.280858749861,0.270391804495,0.0,1.154984436235,0.0,45.0,,,12.0,18.0
2025-01-06 12:00:00,0,,0,,25.164526998997,25.164526998997,4.124902963638,29.289429962635,0.31129757559,0.31129757559,,,2.223232961605,2.223232961605,0.31129757559,0.0,1.445466101958,0.0,71.0,,,29.0,38.0
2025-01-06 16:00:00,0,,0,,21.366662800312,21.366662800312,1.49150633812,22.858169138432,-0.046145590501,-0.046145590501,,,1.053331774194,1.053331774194,-0.046145590501,0.026041666667,1.134650304638,1.0,57.0,,,16.0,22.0
2025-01-06 20:00:00,0,,0,,9.821176707745,9.821176707745,5.662550389767,15.483727097511,-0.120408667546,-0.120408667546,,,-0.138355308616,-0.138355308616,-0.120408667546,0.0,1.058221097922,0.0,42.0,,,14.0,19.0
2025-01-07 00:00:00,0,0.0,0,5.0,5.081818282604,5.081818282604,5.443851292133,10.525669574738,-0.215208095869,-0.215208095869,-0.317520481066,-0.317520481066,-0.179199837987,-0.179199837987,-0.215208095869,0.0,1.250571447012,0.0,40.0,166868.0,69.0,16.0,16.0
2025-01-07 04:00:00,0,,0,,13.468426942825,13.468426942825,0.0,13.468426942825,0.103921090448,0.103921090448,,,-0.139364833816,-0.139364833816,0.103921090448,0.034153005464,0.993355353647,1.0,28.0,,,11.0,11.0
2025-01-07 08:00:00,0,,0,,7.963903486729,7.963903486729,1.548170208931,9.51207369566,-0.160674820115,-0.160674820115,,,-0.352078978829,-0.352078978829,-0.160674820115,0.13431965715,0.790843279202,7.0,32.0,,,7.0,7.0
2025-01-07 12:00:00,0,,0,,10.010979950428,10.010979950428,2.994208395481,13.005188345909,0.179394556583,0.179394556583,,,-0.247714308976,-0.247714308976,0.179394556583,0.0,0.663188966251,0.0,38.0,,,10.0,10.0
2025-01-07 16:00:00,0,,0,,8.614860892296,8.614860892296,2.459063827991,11.073924720287,-0.128383185927,-0.128383185927,,,-0.17562745253,-0.17562745253,-0.128383185927,0.022644927536,0.857505212867,1.0,52.0,,,11.0,11.0
2025-01-07 20:00:00,0,,0,,14.279930174351,14.279930174351,3.321705162525,17.601635336876,0.373702922786,0.373702922786,,,0.524297939579,0.524297939579,0.373702922786,0.040064102564,1.069172234513,1.0,45.0,,,18.0,18.0
2025-01-08 00:00:00,0,0.0,0,5.0,4.771815776825,4.771815776825,5.999439835548,10.771255612373,-0.226254520192,-0.226254520192,-0.200920501346,-0.200920501346,-0.131881424558,-0.131881424558,-0.226254520192,0.0,1.267728890023,0.0,39.0,168092.0,102.0,17.0,17.0
2025-01-08 04:00:00,0,,0,,8.200388491154,8.200388491154,0.735493600368,8.935882091522,0.176797785628,0.176797785628,,,-0.102282030437,-0.102282030437,0.176797785628,0.047348484848,1.072257793721,1.0,32.0,,,15.0,15.0
2025-01-08 08:00:00,0,,0,,7.402900516987,7.402900516987,3.103136479855,10.506036996841,-0.174672116014,-0.174672116014,,,-0.117622005918,-0.117622005918,-0.174672116014,0.206817375262,1.29992512302,8.0,44.0,,,19.0,19.0
2025-01-08 12:00:00,0,,0,,16.74633026123,16.74633026123,1.669255554676,18.415585815907,0.331394893167,0.331394893167,,,0.762399520948,0.762399520948,0.331394893167,0.098831985624,1.053993212128,3.0,49.0,,,21.0,21.0
2025-01-08 16:00:00,0,,0,,15.609040260315,15.609040260315,4.187125861645,19.79616612196,-0.05969794649,-0.05969794649,,,0.764828946863,0.764828946863,-0.05969794649,0.042996453901,1.239176294332,2.0,66.0,,,24.0,24.0
2025-01-08 20:00:00,0,,0,,8.941638052464,8.941638052464,4.16444760561,13.106085658073,-0.124354203085,-0.124354203085,,,-0.429006442791,-0.429006442791,-0.124354203085,0.071132330247,1.260561425551,2.0,41.0,,,12.0,12.0
2025-01-09 00:00:00,0,17.0,0,5.0,6.489275693893,6.489275693893,0.0,6.489275693893,-0.165870567672,-0.165870567672,-0.401667760754,-0.401667760754,-0.65306534422,-0.65306534422,-0.165870567672,0.0,0.80343837605,0.0,18.0,170033.0,46.0,4.0,4.0
2025-01-09 04:00:00,1,,1,,8.874459385872,8.874459385872,1.476368904114,10.350828289986,0.181633356241,0.181633356241,,,-0.380239276227,-0.380239276227,0.181633356241,0.0,1.107665567242,0.0,31.0,,,9.0,9.0
2025-01-09 08:00:00,3,,1,,8.215977430344,8.215977430344,1.607725322247,9.82370275259,-0.20460257311,-0.20460257311,,,-0.679821319781,-0.679821319781,-0.20460257311,0.128925492611,1.01722038401,6.0,34.0,,,4.0,4.0
2025-01-09 12:00:00,1,,1,,14.117246806622,14.117246806622,2.441651523113,16.558898329735,0.185168915817,0.185168915817,,,0.246432215114,0.246432215114,0.185168915817,0.057178043631,1.110408989148,2.0,44.0,,,13.0,13.0
2025-01-09 16:00:00,0,,0,,8.105546355247,8.105546355247,6.466721355915,14.572267711163,-0.032904653241,-0.032904653241,,,-0.30898303676,-0.30898303676,-0.032904653241,0.0,0.982403822534,0.0,45.0,,,12.0,12.0
2025-01-09 20:00:00,12,,2,,6.589849114418,6.589849114418,5.568816065788,12.158665180206,0.022920182297,0.022920182297,,,-0.197905461726,-0.197905461726,0.022920182297,0.0,1.381223351341,0.0,56.0,,,13.0,13.0
2025-01-10 00:00:00,0,2.0,0,6.0,2.701014637947,2.701014637947,1.470903754234,4.171918392181,-0.024574324554,-0.024574324554,-0.392532904865,-0.392532904865,-0.799963237191,-0.799963237191,-0.024574324554,0.043402777778,0.719873665997,1.0,20.0,170571.0,49.0,6.0,6.0
2025-01-10 04:00:00,0,,0,,-0.560888648033,-0.560888648033,3.183722555637,2.622833907604,-0.311246175781,-0.311246175781,,,-0.910517667744,-0.910517667744,-0.311246175781,0.0,0.579148586955,0.0,14.0,,,4.0,4.0
2025-01-10 08:00:00,0,,0,,14.531880915165,14.531880915165,1.55741506815,16.089295983315,0.383196689522,0.383196689522,,,0.025104717487,0.025104717487,0.383196689522,0.23251965064,1.294655542345,12.0,46.0,,,8.0,8.0
2025-01-10 12:00:00,2,,2,,16.426536142826,16.426536142826,0.812307059765,17.238843202591,0.193293802966,0.193293802966,,,0.689813534688,0.689813534688,0.193293802966,0.0,0.945143230729,0.0,45.0,,,13.0,13.0
2025-01-10 16:00:00,0,,0,,8.000916659832,8.000916659832,6.453170597553,14.454087257385,-0.137994765897,-0.137994765897,,,-0.214125830541,-0.214125830541,-0.137994765897,0.0,1.118188662035,0.0,47.0,,,13.0,13.0
2025-01-10 20:00:00,0,,0,,10.033124804497,10.033124804497,3.109628200531,13.142753005028,0.034641690566,0.034641690566,,,-0.268760685143,-0.268760685143,0.034641690566,0.040064102564,1.212887083799,1.0,40.0,,,8.0,8.0
2025-01-11 00:00:00,0,1.0,0,7.0,7.197227954865,7.197227954865,1.727353394032,8.924581348896,-0.186234276079,-0.186234276079,-0.429018508357,-0.429018508357,-0.605464926077,-0.605464926077,-0.186234276079,0.0,1.259810414561,0.0,29.0,171286.0,39.0,4.0,4.0
2025-01-11 04:00:00,0,,0,,7.74669522047,7.74669522047,0.908019244671,8.654714465141,0.128015700495,0.128015700495,,,-0.481796371155,-0.481796371155,0.128015700495,0.0,0.905882700113,0.0,21.0,,,4.0,4.0
2025-01-11 08:00:00,0,,0,,11.500912368298,11.500912368298,2.215205490589,13.716117858887,-0.067922014034,-0.067922014034,,,0.564170997563,0.564170997563,-0.067922014034,0.0,1.157244513884,0.0,35.0,,,11.0,11.0
2025-01-11 12:00:00,0,,0,,6.573756754398,6.573756754398,1.518217623234,8.091974377632,-0.004540073482,-0.004540073482,,,-0.157821368045,-0.157821368045,-0.004540073482,0.0,0.896475628337,0.0,30.0,,,7.0,7.0
2025-01-11 16:00:00,0,,0,,7.763092696667,7.763092696667,3.986444056034,11.749536752701,-0.040037220806,-0.040037220806,,,-0.200830404251,-0.200830404251,-0.040037220806,0.0,1.034175721331,0.0,39.0,,,10.0,10.0
2025-01-11 20:00:00,1,,1,,3.890086472034,3.890086472034,0.0,3.890086472034,-0.010503952503,-0.010503952503,,,-0.507297227926,-0.507297227926,-0.010503952503,0.024509803922,0.671681354881,1.0,24.0,,,5.0,5.0
2025-01-12 00:00:00,0,0.0,0,7.0,10.619462788105,10.619462788105,1.526943802834,12.146406590939,0.100245280276,0.100245280276,-0.453447451037,-0.453447451037,-0.036386793999,-0.036386793999,0.100245280276,0.0,0.982565539287,0.0,24.0,171717.0,34.0,4.0,7.0
2025-01-12 04:00:00,0,,0,,2.499309957027,2.499309957027,0.0,2.499309957027,-0.20960966216,-0.20960966216,,,-0.611018806111,-0.611018806111,-0.20960966216,0.0,0.217502470462,0.0,7.0,,,2.0,2.0
2025-01-12 08:00:00,0,,0,,3.807139575481,3.807139575481,0.711179375648,4.51831895113,0.160046099916,0.160046099916,,,-0.422904249155,-0.422904249155,0.160046099916,0.165628290628,0.763000162387,6.0,24.0,,,6.0,6.0
2025-01-12 12:00:00,0,,0,,7.122505784035,7.122505784035,4.068646430969,11.191152215004,0.117602579707,0.117602579707,,,-0.01262473766,-0.01262473766,0.117602579707,0.056306306306,1.036822143412,2.0,38.0,,,11.0,11.0
2025-01-12 16:00:00,0,,0,,9.320036292076,9.320036292076,2.950741171837,12.270777463913,0.165052532393,0.165052532393,,,-0.162183510942,-0.162183510942,0.165052532393,0.0,0.890275650929,0.0,33.0,,,8.0,11.0
2025-01-12 20:00:00,0,,0,,2.005174934864,2.005174934864,4.017758965492,6.022933900356,-0.174589506351,-0.174589506351,,,-0.577744511812,-0.577744511812,-0.174589506351,0.0,0.837336248991,0.0,28.0,,,6.0,6.0
2025-01-13 00:00:00,0,0.0,0,7.0,7.935531437397,7.935531437397,0.956065237522,8.891596674919,0.034235036114,0.034235036114,-0.379560501693,-0.379560501693,0.115498230388,0.115498230388,0.034235036114,0.176282051282,1.082797965306,3.0,26.0,173023.0,63.0,12.0,12.0
2025-01-13 04:00:00,0,,0,,5.150553703308,5.150553703308,1.698425233364,6.848978936672,-0.215668368024,-0.215668368024,,,-0.410648050472,-0.410648050472,-0.215668368024,0.088028169014,0.840349103692,3.0,22.0,,,7.0,7.0
2025-01-13 08:00:00,0,,0,,9.30428981781,9.30428981781,3.165805876255,12.470095694065,0.238600946506,0.238600946506,,,0.725724228861,0.725724228861,0.238600946506,0.0,0.992926240567,0.0,37.0,,,13.0,15.0
2025-01-13 12:00:00,0,,0,,7.637734055519,7.637734055519,3.009162306786,10.646896362305,-0.137824841085,-0.137824841085,,,0.692745631931,0.692745631931,-0.137824841085,0.0,0.840522786539,0.0,45.0,,,13.0,13.0
2025-01-13 16:00:00,0,,0,,2.617274343967,2.617274343967,4.686701714993,7.30397605896,0.074047392611,0.074047392611,,,-0.117440854237,-0.117440854237,0.074047392611,0.026371308017,0.603407718714,1.0,30.0,,,8.0,8.0
2025-01-13 20:00:00,0,,0,,6.916770517826,6.916770517826,2.94103372097,9.857804238796,-0.204849463267,-0.204849463267,,,0.472179024659,0.472179024659,-0.204849463267,0.0,0.861810255657,0.0,36.0,,,13.0,13.0
2025-01-14 00:00:00,0,13.0,0,7.0,6.472327232361,6.472327232361,0.756017386913,7.228344619274,0.048036734587,0.048036734587,-0.335971233692,-0.335971233692,-0.324454470721,-0.324454470721,0.048036734587,0.0,0.940957801204,0.0,20.0,174904.0,69.0,4.0,4.0
2025-01-14 04:00:00,3,,1,,4.816007137299,4.816007137299,0.0,4.816007137299,0.126403829539,0.126403829539,,,-0.027099518205,-0.027099518205,0.126403829539,0.040849673203,0.920176593192,1.0,24.0,,,8.0,8.0
2025-01-14 08:00:00,2,,2,,9.685599982738,9.685599982738,0.728894352913,10.414494335651,0.068598307656,0.068598307656,,,0.29791760274,0.29791760274,0.068598307656,0.181647666094,0.745156456625,9.0,29.0,,,9.0,9.0
2025-01-14 12:00:00,5,,1,,10.763815760612,10.763815760612,2.355462431908,13.11927819252,0.184167579062,0.184167579062,,,1.085785783887,1.085785783887,0.184167579062,0.060856210219,0.79906032984,3.0,41.0,,,17.0,17.0
2025-01-14 16:00:00,1,,1,,13.159948825836,13.159948825836,1.567167282104,14.727116107941,0.012677943444,0.012677943444,,,1.067438243935,1.067438243935,0.012677943444,0.029342723005,0.876304452091,1.0,38.0,,,15.0,15.0
2025-01-14 20:00:00,2,,1,,1.920560956001,1.920560956001,8.016579031944,9.937139987946,-0.156930140395,-0.156930140395,,,-0.702292426363,-0.702292426363,-0.156930140395,0.053418803419,1.094246682807,1.0,40.0,,,16.0,16.0
2025-01-15 00:00:00,1,5.0,1,8.0,0.712161004543,0.712161004543,3.287982881069,4.000143885612,-0.121629144763,-0.121629144763,-0.331362561309,-0.331362561309,-0.665460931371,-0.665460931371,-0.121629144763,0.0,0.695304048976,0.0,20.0,175704.0,61.0,5.0,5.0
2025-01-15 04:00:00,2,,1,,7.04171448946,7.04171448946,2.356636285782,9.398350775242,0.101875871811,0.101875871811,,,-0.415803809291,-0.415803809291,0.101875871811,0.175097890615,0.955837336035,11.0,33.0,,,6.0,6.0
2025-01-15 08:00:00,1,,1,,6.903667330742,6.903667330742,1.615380942822,8.519048273563,0.037085449383,0.037085449383,,,-0.146113957572,-0.146113957572,0.037085449383,0.0,0.631569102642,0.0,22.0,,,4.0,4.0
2025-01-15 12:00:00,1,,1,,17.332848846912,17.332848846912,1.698809325695,19.031658172607,0.2173531067,0.2173531067,,,2.142875873706,2.142875873706,0.2173531067,0.014671361502,0.857811299586,1.0,51.0,,,19.0,19.0
2025-01-15 16:00:00,0,,0,,15.385896623135,15.385896623135,2.200994610786,17.586891233921,-0.027649169504,-0.027649169504,,,0.712553639397,0.712553639397,-0.027649169504,0.0,0.873196770017,0.0,45.0,,,14.0,14.0
2025-01-15 20:00:00,0,,0,,6.054974079132,6.054974079132,3.931545674801,9.986519753933,-0.145994326973,-0.145994326973,,,-0.161820592096,-0.161820592096,-0.145994326973,0.0,0.765169727745,0.0,43.0,,,14.0,14.0
2025-01-16 00:00:00,0,0.0,0,9.0,-1.045295596123,-1.045295596123,3.375017523766,2.329721927643,-0.051663210449,-0.051663210449,-0.406289009221,-0.406289009221,-0.791676612888,-0.791676612888,-0.051663210449,0.0,0.59153770796,0.0,21.0,177447.0,43.0,4.0,4.0
2025-01-16 04:00:00,0,,0,,3.110106706619,3.110106706619,1.603770792484,4.713877499104,0.145890312378,0.145890312378,,,-0.502263293592,-0.502263293592,0.145890312378,0.0,0.485751211691,0.0,16.0,,,4.0,4.0
2025-01-16 08:00:00,0,,0,,8.920759618282,8.920759618282,4.609838306904,13.530597925186,0.16957926662,0.16957926662,,,0.119997495868,0.119997495868,0.16957926662,0.0,1.174645515982,0.0,45.0,,,9.0,9.0
2025-01-16 12:00:00,0,,0,,19.47701215744,19.47701215744,5.903048574924,25.380060732365,0.003636191535,0.003636191535,,,1.02760652562,1.02760652562,0.003636191535,0.15085412767,0.974711167825,17.0,78.0,,,13.0,13.0
2025-01-16 16:00:00,0,,0,,5.366014063358,5.366014063358,5.28870677948,10.654720842838,-0.253967775969,-0.253967775969,,,-0.454330023905,-0.454330023905,-0.253967775969,0.0,0.685055711911,0.0,46.0,,,7.0,7.0
2025-01-16 20:00:00,0,,0,,8.936889231205,8.936889231205,3.805124938488,12.742014169693,-0.046720946003,-0.046720946003,,,-0.161996030301,-0.161996030301,-0.046720946003,0.034722222222,1.04554653402,1.0,51.0,,,8.0,8.0
2025-01-17 00:00:00,22,36.0,1,7.0,9.817313671112,9.817313671112,4.793633162975,14.610946834087,0.060504135674,0.060504135674,-0.262785289005,-0.262785289005,0.00819061156,0.00819061156,0.060504135674,0.0,1.075014140693,0.0,44.0,177518.0,66.0,12.0,12.0
2025-01-17 04:00:00,0,,0,,10.129967451096,10.129967451096,0.0,10.129967451096,-0.046283003009,-0.046283003009,,,-0.409321065114,-0.409321065114,-0.046283003009,0.0,0.910599604185,0.0,32.0,,,5.0,5.0
2025-01-17 08:00:00,3,,1,,8.066828727722,8.066828727722,3.247258365154,11.314087092876,0.135912319891,0.135912319891,,,-0.024960077639,-0.024960077639,0.135912319891,0.0,0.766941821024,0.0,34.0,,,9.0,9.0
2025-01-17 12:00:00,2,,1,,16.358570873737,16.358570873737,1.609873831272,17.968444705009,0.028629935039,0.028629935039,,,0.769062641423,0.769062641423,0.028629935039,0.0,0.860598504723,0.0,55.0,,,13.0,13.0
2025-01-17 16:00:00,9,,2,,16.585473060608,16.585473060608,4.065286636353,20.65075969696,0.096184003878,0.096184003878,,,1.104596219986,1.104596219986,0.096184003878,0.012550200803,0.867300315943,1.0,55.0,,,18.0,18.0
2025-01-17 20:00:00,0,,0,,8.211693882942,8.211693882942,4.742654681206,12.954348564148,-0.075652145436,-0.075652145436,,,-0.096032154472,-0.096032154472,-0.075652145436,0.031565656566,0.980740913482,1.0,45.0,,,12.0,12.0
2025-01-18 00:00:00,0,0.0,0,6.0,9.707528173923,9.707528173923,4.141440570354,13.848968744278,-0.238812157803,-0.238812157803,-0.084785081743,-0.084785081743,-0.065785875511,-0.065785875511,-0.238812157803,0.0,1.07376722927,0.0,39.0,178613.0,119.0,8.0,8.0
2025-01-18 04:00:00,0,,0,,1.863522827625,1.863522827625,9.91405248642,11.777575314045,0.075082772533,0.075082772533,,,-0.616661127816,-0.616661127816,0.075082772533,0.036549707602,1.352403402596,1.0,49.0,,,21.0,21.0
2025-01-18 08:00:00,0,,0,,9.192022204399,9.192022204399,6.649722635746,15.841744840145,-0.016849051815,-0.016849051815,,,0.858140373074,0.858140373074,-0.016849051815,0.136753488574,1.318378600141,5.0,58.0,,,24.0,24.0
2025-01-18 12:00:00,0,,0,,10.00262928009,10.00262928009,12.060380280018,22.063009560108,0.019530321169,0.019530321169,,,0.867749300229,0.867749300229,0.019530321169,0.014467592593,1.369634132587,1.0,85.0,,,24.0,25.0
2025-01-18 16:00:00,0,,0,,15.076461672783,15.076461672783,5.209523260593,20.285984933376,-0.005994811891,-0.005994811891,,,1.092245133549,1.092245133549,-0.005994811891,0.009735202492,1.029454705147,1.0,71.0,,,24.0,24.0
2025-01-18 20:00:00,0,,0,,20.208369553089,20.208369553089,6.335126519203,26.543496072292,0.10654908928,0.10654908928,,,0.805675310851,0.805675310851,0.10654908928,0.043817313554,1.356630059193,2.0,63.0,,,18.0,18.0
2025-01-19 00:00:00,0,0.0,0,5.0,1.053130984306,1.053130984306,7.432908654213,8.486039638519,-0.320636666747,-0.320636666747,0.316720568141,0.316720568141,-0.846668099805,-0.846668099805,-0.320636666747,0.05081300813,1.183517303893,1.0,43.0,179869.0,182.0,8.0,8.0
2025-01-19 04:00:00,0,,0,,13.009739160538,13.009739160538,5.219982326031,18.229721486568,0.27952320243,0.27952320243,,,1.126729059248,1.126729059248,0.27952320243,0.021929824561,1.65072464873,1.0,64.0,,,32.0,32.0
2025-01-19 08:00:00,0,,0,,27.59256207943,27.59256207943,7.484749674797,35.077311754227,0.14512958635,0.14512958635,,,3.179837709583,3.179837709583,0.14512958635,0.039970275626,2.124180835367,2.0,119.0,,,51.0,51.0
2025-01-19 12:00:00,0,,0,,20.66208845377,20.66208845377,13.715571165085,34.377659618855,-0.071933672858,-0.071933672858,,,1.289912579467,1.289912579467,-0.071933672858,0.031225552948,1.412357835663,2.0,97.0,,,36.0,36.0
2025-01-19 16:00:00,0,,0,,6.761789977551,6.761789977551,16.027845978737,22.789635956287,-0.066113771411,-0.066113771411,,,-0.32825514725,-0.32825514725,-0.066113771411,0.020833333333,1.55281657294,1.0,99.0,,,24.0,24.0
2025-01-19 20:00:00,0,,0,,14.84421056509,14.84421056509,20.158160746098,35.002371311188,0.095337377018,0.095337377018,,,0.309959020298,0.309959020298,0.095337377018,0.012254901961,1.519552951011,1.0,111.0,,,33.0,33.0
2025-01-20 00:00:00,0,1.0,0,5.0,3.777217507362,3.777217507362,9.268215656281,13.045433163643,-0.175914557202,-0.175914557202,-0.022605898487,-0.022605898487,-0.395041785434,-0.395041785434,-0.175914557202,0.042842741935,1.268341271837,2.0,72.0,181753.0,120.0,28.0,28.0
2025-01-20 04:00:00,0,,0,,22.251318514347,22.251318514347,5.003501355648,27.254819869995,0.025913247949,0.025913247949,,,0.039090003868,0.039090003868,0.025913247949,0.055481384887,1.325916200532,3.0,74.0,,,17.0,17.0
2025-01-20 08:00:00,1,,1,,9.638682961464,9.638682961464,10.335206210613,19.973889172077,-0.11064138092,-0.11064138092,,,-0.253053194197,-0.253053194197,-0.11064138092,0.0,1.158256615751,0.0,62.0,,,20.0,20.0
2025-01-20 12:00:00,0,,0,,9.818112850189,9.818112850189,10.240480422974,20.058593273163,-0.016112299787,-0.016112299787,,,-0.225575615044,-0.225575615044,-0.016112299787,0.052973025813,1.134259051315,4.0,91.0,,,21.0,21.0
2025-01-20 16:00:00,0,,0,,23.27117818594,23.27117818594,8.806597113609,32.077775299549,0.12318557339,0.12318557339,,,0.264569664346,0.264569664346,0.12318557339,0.0,1.295308840644,0.0,92.0,,,25.0,25.0
2025-01-20 20:00:00,0,,0,,8.90856140852,8.90856140852,3.615908026695,12.524469435215,-0.156746649902,-0.156746649902,,,-0.46081314492,-0.46081314492,-0.156746649902,0.0,1.196346093734,0.0,65.0,,,9.0,9.0
2025-01-21 00:00:00,0,0.0,0,5.0,5.689616978168,5.689616978168,6.861317038536,12.550934016705,-0.289763640979,-0.289763640979,-0.10141488447,-0.10141488447,-0.583112408068,-0.583112408068,-0.289763640979,0.015782828283,1.234064949222,1.0,58.0,182803.0,127.0,10.0,10.0
2025-01-21 04:00:00,0,,0,,7.633153378963,7.633153378963,5.597249031067,13.23040241003,0.057390333447,0.057390333447,,,-0.453816642398,-0.453816642398,0.057390333447,0.0,0.975097996631,0.0,38.0,,,13.0,13.0
2025-01-21 08:00:00,0,,0,,6.892243564129,6.892243564129,7.401299238205,14.293542802334,0.059125169985,0.059125169985,,,-0.441222748256,-0.441222748256,0.059125169985,0.035310734463,1.441225072684,1.0,59.0,,,19.0,19.0
2025-01-21 12:00:00,0,,0,,17.655346751213,17.655346751213,6.968118309975,24.623465061188,0.282214015109,0.282214015109,,,0.570170817544,0.570170817544,0.282214015109,0.015432098765,1.216155591144,1.0,87.0,,,42.0,42.0
2025-01-21 16:00:00,0,,0,,17.224610865116,17.224610865116,6.422980189323,23.64759105444,-0.170728705633,-0.170728705633,,,0.033598291441,0.033598291441,-0.170728705633,0.056582816571,0.987790310947,4.0,74.0,,,27.0,27.0
2025-01-21 20:00:00,0,,0,,8.07165145874,8.07165145874,6.474518656731,14.546170115471,-0.008551561608,-0.008551561608,,,-0.351645892913,-0.351645892913,-0.008551561608,0.035508015087,0.922652318713,2.0,55.0,,,19.0,19.0
2025-01-22 00:00:00,0,0.0,0,5.0,4.180950701237,4.180950701237,6.407269358635,10.588220059872,-0.199981908259,-0.199981908259,-0.210318459662,-0.210318459662,-0.546812662757,-0.546812662757,-0.199981908259,0.029342723005,0.73110799036,1.0,35.0,184045.0,86.0,8.0,8.0
2025-01-22 04:00:00,0,,0,,5.727214872837,5.727214872837,6.397273242474,12.124488115311,0.081750818465,0.081750818465,,,-0.537242282271,-0.537242282271,0.081750818465,0.023946360153,1.112928167162,1.0,51.0,,,12.0,12.0
2025-01-22 08:00:00,0,,0,,14.713327944279,14.713327944279,2.446702718735,17.160030663013,0.068522589805,0.068522589805,,,-0.094744243008,-0.094744243008,0.068522589805,0.095251589535,1.182190781065,4.0,56.0,,,16.0,16.0
2025-01-22 12:00:00,0,,0,,22.699325561523,22.699325561523,5.498955905437,28.198281466961,0.268881470264,0.268881470264,,,0.508142470588,0.508142470588,0.268881470264,0.013102725367,1.13398707454,1.0,70.0,,,18.0,18.0
2025-01-22 16:00:00,0,,0,,12.553545534611,12.553545534611,6.731373786926,19.284919321537,-0.03413638119,-0.03413638119,,,0.158967946354,0.158967946354,-0.03413638119,0.028409090909,0.938552858458,2.0,58.0,,,16.0,16.0
2025-01-22 20:00:00,0,,0,,11.359894275665,11.359894275665,3.331094920635,14.690989196301,-0.11072216575,-0.11072216575,,,0.017202557432,0.017202557432,-0.11072216575,0.016801075269,0.748019427704,1.0,44.0,,,16.0,16.0
2025-01-23 00:00:00,0,0.0,0,3.0,7.949233174324,7.949233174324,4.614812254906,12.56404542923,-0.095958068472,-0.095958068472,-0.131967486767,-0.131967486767,-0.478175222349,-0.478175222349,-0.095958068472,0.0,1.097499601237,0.0,42.0,185229.0,110.0,9.0,9.0
2025-01-23 04:00:00,0,,0,,2.436409533024,2.436409533024,5.517281293869,7.953690826893,-0.102197804606,-0.102197804606,,,-0.66237351318,-0.66237351318,-0.102197804606,0.0,1.108542127284,0.0,40.0,,,14.0,14.0
2025-01-23 08:00:00,0,,0,,8.973261892796,8.973261892796,3.864095032215,12.837356925011,0.089941241587,0.089941241587,,,-0.430887469134,-0.430887469134,0.089941241587,0.009968102073,0.839690160842,1.0,38.0,,,8.0,8.0
2025-01-23 12:00:00,0,,0,,20.557416677475,20.557416677475,6.491003811359,27.048420488834,0.43880771758,0.43880771758,,,1.075666765626,1.075666765626,0.43880771758,0.052585923976,1.140454927827,4.0,74.0,,,25.0,25.0
2025-01-23 16:00:00,0,,0,,10.888265788555,10.888265788555,11.7232183218,22.611484110355,-0.191562733521,-0.191562733521,,,-0.005281845529,-0.005281845529,-0.191562733521,0.013020833333,1.135875399044,1.0,72.0,,,21.0,21.0
2025-01-23 20:00:00,0,,0,,18.436994075775,18.436994075775,14.239566326141,32.676560401917,0.080076868295,0.080076868295,,,1.131487224901,1.131487224901,0.080076868295,0.012183235867,1.241091483031,1.0,88.0,,,33.0,33.0
2025-01-24 00:00:00,0,0.0,0,3.0,0.940986156464,0.940986156464,3.012925744057,3.95391190052,-0.235376306682,-0.235376306682,-0.419252750627,-0.419252750627,-0.691661248561,-0.691661248561,-0.235376306682,0.0,0.624084431228,0.0,28.0,190022.0,41.0,2.0,2.0
2025-01-24 04:00:00,0,,0,,6.274211466312,6.274211466312,3.498653173447,9.772864639759,-0.133338352518,-0.133338352518,,,-0.503679589159,-0.503679589159,-0.133338352518,0.024224806202,0.852376213449,1.0,34.0,,,6.0,6.0
2025-01-24 08:00:00,0,,0,,7.361634671688,7.361634671688,2.40386146307,9.765496134758,0.162006353032,0.162006353032,,,-0.371952714822,-0.371952714822,0.162006353032,0.0,0.637409847163,0.0,28.0,,,6.0,6.0
2025-01-24 12:00:00,0,,0,,18.193015873432,18.193015873432,5.102410674095,23.295426547527,0.068134752637,0.068134752637,,,-0.001794914918,-0.001794914918,0.068134752637,0.016534391534,1.03769319795,1.0,69.0,,,14.0,15.0
2025-01-24 16:00:00,0,,0,,17.412366092205,17.412366092205,2.698773503304,20.111139595509,-0.03708833582,-0.03708833582,,,-0.214039705639,-0.214039705639,-0.03708833582,0.0,0.827415624563,0.0,53.0,,,6.0,6.0
2025-01-24 20:00:00,0,,0,,11.498802900314,11.498802900314,4.188130736351,15.686933636665,-0.02116123726,-0.02116123726,,,-0.346423374669,-0.346423374669,-0.02116123726,0.0,0.929124437742,0.0,49.0,,,9.0,9.0
2025-01-25 00:00:00,0,0.0,0,1.0,7.614115357399,7.614115357399,3.394303321838,11.008418679237,-0.17406057369,-0.17406057369,-0.456917124381,-0.456917124381,-0.541874318334,-0.541874318334,-0.17406057369,0.0,0.775399938685,0.0,30.0,190802.0,40.0,2.0,2.0
2025-01-25 04:00:00,0,,0,,3.892799973488,3.892799973488,2.381091594696,6.273891568184,-0.006691740413,-0.006691740413,,,-0.508408999369,-0.508408999369,-0.006691740413,0.032552083333,0.801064187557,1.0,26.0,,,1.0,1.0
2025-01-25 08:00:00,0,,0,,12.335493922234,12.335493922234,4.073943376541,16.409437298775,0.124897932511,0.124897932511,,,-0.149981829281,-0.149981829281,0.124897932511,0.0,1.328926284698,0.0,49.0,,,10.0,10.0
2025-01-25 12:00:00,0,,0,,9.821355044842,9.821355044842,5.231575131416,15.052930176258,0.288170750006,0.288170750006,,,-0.146636400486,-0.146636400486,0.288170750006,0.021701388889,1.076417019909,1.0,57.0,,,12.0,13.0
2025-01-25 16:00:00,0,,0,,4.972581803799,4.972581803799,6.159917354584,11.132499158382,-0.052570557079,-0.052570557079,,,-0.326237995132,-0.326237995132,-0.052570557079,0.0,0.855605602592,0.0,46.0,,,12.0,12.0
2025-01-25 20:00:00,0,,0,,7.808891475201,7.808891475201,4.780909836292,12.589801311493,-0.179747076666,-0.179747076666,,,-0.427496237173,-0.427496237173,-0.179747076666,0.0,1.148652098418,0.0,41.0,,,4.0,4.0
2025-01-26 00:00:00,0,0.0,0,1.0,6.13254827261,6.13254827261,2.612733006477,8.745281279087,0.064669715298,0.064669715298,-0.463071083179,-0.463071083179,-0.283924326194,-0.283924326194,0.064669715298,0.024509803922,0.997040258977,1.0,36.0,191504.0,53.0,12.0,12.0
2025-01-26 04:00:00,0,,0,,6.925661981106,6.925661981106,2.385826706886,9.311488687992,-0.059091968751,-0.059091968751,,,-0.363783635056,-0.363783635056,-0.059091968751,0.0,0.783274591727,0.0,27.0,,,5.0,5.0
2025-01-26 08:00:00,0,,0,,0.487243592739,0.487243592739,4.383894860744,4.871138453484,-0.040335861353,-0.040335861353,,,-0.50702417768,-0.50702417768,-0.040335861353,0.0,0.972770924528,0.0,32.0,,,10.0,10.0
2025-01-26 12:00:00,0,,0,,5.700771391392,5.700771391392,3.450154781342,9.150926172733,0.065294030301,0.065294030301,,,-0.176844788496,-0.176844788496,0.065294030301,0.0,0.688195987223,0.0,35.0,,,10.0,10.0
2025-01-26 16:00:00,0,,0,,12.275426447392,12.275426447392,4.30755096674,16.582977414131,0.147302927047,0.147302927047,,,0.444258651759,0.444258651759,0.147302927047,0.024801587302,0.981409529456,1.0,53.0,,,11.0,11.0
2025-01-26 20:00:00,0,,0,,1.633560121059,1.633560121059,7.318250000477,8.951810121536,-0.186124066002,-0.186124066002,,,-0.618592549714,-0.618592549714,-0.186124066002,0.0,0.953483459905,0.0,42.0,,,6.0,6.0
2025-01-27 00:00:00,0,0.0,0,1.0,0.450386345387,0.450386345387,4.176061630249,4.626447975636,0.022872382101,0.022872382101,-0.367268418451,-0.367268418451,-0.543584993504,-0.543584993504,0.022872382101,0.0,0.732688270103,0.0,25.0,191753.0,77.0,7.0,7.0
2025-01-27 04:00:00,0,,0,,13.186829268932,13.186829268932,2.350681304932,15.537510573864,0.154210654777,0.154210654777,,,1.197100598807,1.197100598807,0.154210654777,0.0,1.228061852382,0.0,42.0,,,8.0,8.0
2025-01-27 08:00:00,0,,0,,8.977074980736,8.977074980736,4.87336486578,13.850439846516,0.035553422208,0.035553422208,,,1.455075086597,1.455075086597,0.035553422208,0.017361111111,1.146647730994,1.0,46.0,,,19.0,19.0
2025-01-27 12:00:00,0,,0,,11.60080987215,11.60080987215,7.855769872665,19.456579744816,0.029019271274,0.029019271274,,,1.388467550352,1.388467550352,0.029019271274,0.030322206402,1.213436792363,2.0,73.0,,,23.0,23.0
2025-01-27 16:00:00,0,,0,,4.508290886879,4.508290886879,6.246688067913,10.754978954792,-0.125825095975,-0.125825095975,,,-0.224666665941,-0.224666665941,-0.125825095975,0.016149870801,0.843350164748,1.0,49.0,,,10.0,10.0
2025-01-27 20:00:00,0,,0,,6.780264437199,6.780264437199,5.778785526752,12.559049963951,0.085928967888,0.085928967888,,,-0.080908665733,-0.080908665733,0.085928967888,0.025100401606,1.037583294657,1.0,43.0,,,10.0,10.0
2025-01-28 00:00:00,0,0.0,0,0.0,10.993769228458,10.993769228458,3.230526864529,14.224296092987,0.129618307536,0.129618307536,-0.31886180582,-0.31886180582,0.496528679793,0.496528679793,0.129618307536,0.038580246914,1.09322403126,1.0,39.0,192762.0,79.0,16.0,16.0
2025-01-28 04:00:00,0,,0,,17.555419445038,17.555419445038,1.74023348093,19.295652925968,-0.03666519035,-0.03666519035,,,0.614650535315,0.614650535315,-0.03666519035,0.085060555287,1.353993283,3.0,46.0,,,13.0,13.0
2025-01-28 08:00:00,0,,0,,2.937669873238,2.937669873238,5.853954970837,8.791624844074,-0.031848363265,-0.031848363265,,,-0.348539854102,-0.348539854102,-0.031848363265,0.0,0.878957136472,0.0,34.0,,,11.0,11.0
2025-01-28 12:00:00,0,,0,,5.627762496471,5.627762496471,7.225349485874,12.853111982346,0.043882784484,0.043882784484,,,0.047004476446,0.047004476446,0.043882784484,0.021929824561,0.812529663661,1.0,46.0,,,19.0,19.0
2025-01-28 16:00:00,0,,0,,9.590412676334,9.590412676334,2.515801250935,12.106213927269,-0.017706917742,-0.017706917742,,,-0.041527697054,-0.041527697054,-0.017706917742,0.027777777778,0.644454802671,1.0,36.0,,,11.0,11.0
2025-01-28 20:00:00,0,,0,,6.064386248589,6.064386248589,5.791885614395,11.856271862984,-0.134470162101,-0.134470162101,,,-0.33013077621,-0.33013077621,-0.134470162101,0.0,0.848894676959,0.0,45.0,,,10.0,10.0
2025-01-29 00:00:00,0,2.0,0,0.0,0.415078103542,0.415078103542,3.770854592323,4.185932695866,0.002772615041,0.002772615041,-0.47832418943,-0.47832418943,-0.49278151874,-0.49278151874,0.002772615041,0.0,0.693295918213,0.0,27.0,192946.0,58.0,9.0,9.0
2025-01-29 04:00:00,0,,0,,-3.173143029213,-3.173143029213,6.199892282486,3.026749253273,-0.323388704688,-0.323388704688,,,-0.67845010344,-0.67845010344,-0.323388704688,0.0,0.951056450203,0.0,29.0,,,5.0,5.0
2025-01-29 08:00:00,2,,2,,17.175354421139,17.175354421139,0.73313242197,17.908486843109,0.269721526979,0.269721526979,,,-0.095444706555,-0.095444706555,0.269721526979,0.020032051282,1.031226813005,1.0,45.0,,,6.0,6.0
2025-01-29 12:00:00,0,,0,,11.508097946644,11.508097946644,4.150855004787,15.658952951431,-0.044751854436,-0.044751854436,,,-0.144196621273,-0.144196621273,-0.044751854436,0.0,0.84507115205,0.0,50.0,,,8.0,8.0
2025-01-29 16:00:00,0,,0,,15.787408530712,15.787408530712,2.967568099499,18.754976630211,0.160861277676,0.160861277676,,,0.73419325516,0.73419325516,0.160861277676,0.0,1.093477286128,0.0,56.0,,,16.0,16.0
2025-01-29 20:00:00,0,,0,,13.79879963398,13.79879963398,3.177447199821,16.976246833801,-0.039700692724,-0.039700692724,,,0.334793000436,0.334793000436,-0.039700692724,0.0,1.089188725084,0.0,54.0,,,14.0,14.0
2025-01-30 00:00:00,0,12.0,0,2.0,4.741001188755,4.741001188755,7.992971479893,12.733972668648,-0.142957299954,-0.142957299954,-0.164587174123,-0.164587174123,-0.335004248135,-0.335004248135,-0.142957299954,0.0,1.045205699763,0.0,39.0,193835.0,93.0,16.0,16.0
2025-01-30 04:00:00,0,,0,,10.136943340302,10.136943340302,2.641549944878,12.778493285179,-0.026656720019,-0.026656720019,,,-0.274277549844,-0.274277549844,-0.026656720019,0.094330755183,1.211669047055,4.0,41.0,,,11.0,11.0
2025-01-30 08:00:00,1,,1,,9.875639796257,9.875639796257,4.826368510723,14.70200830698,0.077352949257,0.077352949257,,,0.542059597388,0.542059597388,0.077352949257,0.074125571623,1.436048258155,3.0,55.0,,,17.0,17.0
2025-01-30 12:00:00,0,,0,,18.928615510464,18.928615510464,7.169533848763,26.098149359226,0.023529042191,0.023529042191,,,2.395077649446,2.395077649446,0.023529042191,0.012703252033,1.269142691395,1.0,74.0,,,27.0,27.0
2025-01-30 16:00:00,11,,1,,10.106740891933,10.106740891933,7.652721464634,17.759462356567,-0.114755980303,-0.114755980303,,,-0.024453826558,-0.024453826558,-0.114755980303,0.033681914416,1.01964930387,2.0,59.0,,,15.0,15.0
2025-01-30 20:00:00,0,,0,,8.957135021687,8.957135021687,3.178085148335,12.135220170021,0.036367390986,0.036367390986,,,-0.100731904436,-0.100731904436,0.036367390986,0.088878175773,0.878152850297,4.0,41.0,,,10.0,10.0
2025-01-31 00:00:00,0,4.0,0,4.0,4.903324484825,4.903324484825,1.608378112316,6.511702597141,-0.144304481891,-0.144304481891,-0.759003649285,-0.759003649285,-0.5749959484,-0.5749959484,-0.144304481891,0.0,0.888182242893,0.0,27.0,194956.0,49.0,5.0,5.0
2025-01-31 04:00:00,0,,0,,2.730526268482,2.730526268482,2.51547986269,5.246006131172,-0.084036198851,-0.084036198851,,,-0.552437993079,-0.552437993079,-0.084036198851,0.032552083333,0.858771856039,1.0,26.0,,,5.0,5.0
2025-01-31 08:00:00,0,,0,,11.262494266033,11.262494266033,2.644172668457,13.90666693449,0.2909037279,0.2909037279,,,-0.273598853807,-0.273598853807,0.2909037279,0.055846930847,1.052742358702,2.0,42.0,,,8.0,8.0
2025-01-31 12:00:00,0,,0,,16.861144542694,16.861144542694,0.843568384647,17.704712927341,0.113845712957,0.113845712957,,,-0.016450298867,-0.016450298867,0.113845712957,0.0,0.859284711063,0.0,49.0,,,7.0,7.0
2025-01-31 16:00:00,0,,0,,5.348613142967,5.348613142967,4.907902002335,10.256515145302,-0.046538044479,-0.046538044479,,,-0.320799643743,-0.320799643743,-0.046538044479,0.058560955955,1.041904363206,3.0,49.0,,,16.0,16.0
2025-01-31 20:00:00,4,,1,,8.107744753361,8.107744753361,4.543641030788,12.651385784149,0.033541552036,0.033541552036,,,-0.21118166109,-0.21118166109,0.033541552036,0.0,0.874831727829,0.0,34.0,,,8.0,8.0
2025-02-01 00:00:00,0,0.0,0,4.0,4.10603761673,4.10603761673,4.007470726967,8.113508343697,-0.055734227021,-0.055734227021,-0.916978314114,-0.916978314114,-0.579765956404,-0.579765956404,-0.055734227021,0.029342723005,0.82425238876,1.0,24.0,195580.0,54.0,11.0,11.0
2025-02-01 04:00:00,0,,0,,5.433052003384,5.433052003384,0.909103810787,6.342155814171,-0.186773095562,-0.186773095562,,,-0.58394283538,-0.58394283538,-0.186773095562,0.0,0.748416239115,0.0,19.0,,,2.0,2.0
2025-02-01 08:00:00,0,,0,,3.846497952938,3.846497952938,1.700950264931,5.547448217869,0.292339823772,0.292339823772,,,-0.306858701639,-0.306858701639,0.292339823772,0.0,0.559775582542,0.0,18.0,,,9.0,9.0
2025-02-01 12:00:00,0,,0,,10.328982114792,10.328982114792,0.750186026096,11.079168140888,-0.0619444194,-0.0619444194,,,0.322520728335,0.322520728335,-0.0619444194,0.031957455113,0.930858877354,2.0,35.0,,,16.0,16.0
2025-02-01 16:00:00,0,,0,,4.539225935936,4.539225935936,4.723755300045,9.262981235981,-0.003387502276,-0.003387502276,,,-0.23650041651,-0.23650041651,-0.003387502276,0.0,1.198541565006,0.0,52.0,,,11.0,11.0
2025-02-01 20:00:00,0,,0,,4.83669680357,4.83669680357,4.991473674774,9.828170478344,-0.121752499611,-0.121752499611,,,-0.243342906381,-0.243342906381,-0.121752499611,0.0,1.095911608348,0.0,39.0,,,9.0,9.0
2025-02-02 00:00:00,0,1.0,0,4.0,-0.757705152035,-0.757705152035,3.062356173992,2.304651021957,-0.175242532854,-0.175242532854,-0.893698493439,-0.893698493439,-0.786372131704,-0.786372131704,-0.175242532854,0.0,0.807674356898,0.0,19.0,196554.0,58.0,9.0,9.0
2025-02-02 04:00:00,0,,0,,7.286757111549,7.286757111549,2.536273479462,9.823030591011,0.030596410507,0.030596410507,,,-0.580517564524,-0.580517564524,0.030596410507,0.0,1.261944692003,0.0,26.0,,,2.0,2.0
2025-02-02 08:00:00,1,,1,,1.582267343998,1.582267343998,5.762903630733,7.345170974731,0.119740213838,0.119740213838,,,-0.359031003548,-0.359031003548,0.119740213838,0.096899224806,1.052356227206,6.0,33.0,,,14.0,14.0
2025-02-02 12:00:00,0,,0,,10.000390529633,10.000390529633,4.717702627182,14.718093156815,0.080117629547,0.080117629547,,,1.001234364381,1.001234364381,0.080117629547,0.0,1.600747916296,0.0,63.0,,,11.0,11.0
2025-02-02 16:00:00,0,,0,,4.863791704178,4.863791704178,7.690165936947,12.553957641125,-0.134133084914,-0.134133084914,,,0.290631162632,0.290631162632,-0.134133084914,0.0,0.981342329994,0.0,53.0,,,14.0,14.0
2025-02-02 20:00:00,0,,0,,7.50181645155,7.50181645155,4.277391850948,11.779208302498,0.085291877079,0.085291877079,,,-0.074841794488,-0.074841794488,0.085291877079,0.0,0.825398142104,0.0,32.0,,,8.0,8.0
2025-02-03 00:00:00,0,5.0,0,5.0,5.153866708279,5.153866708279,8.340929627419,13.494796335697,-0.042533403115,-0.042533403115,-0.098618853663,-0.098618853663,0.689565166916,0.689565166916,-0.042533403115,0.0,1.160014220459,0.0,56.0,197288.0,111.0,23.0,23.0
2025-02-03 04:00:00,0,,0,,1.573243975639,1.573243975639,8.26347386837,9.836717844009,-0.137460781991,-0.137460781991,,,-0.406096948825,-0.406096948825,-0.137460781991,0.033602150538,0.936861017775,1.0,36.0,,,16.0,16.0
2025-02-03 08:00:00,0,,0,,10.05479747057,10.05479747057,7.358019649982,17.412817120552,0.19827041911,0.19827041911,,,0.843183730685,0.843183730685,0.19827041911,0.0,1.088354527402,0.0,50.0,,,18.0,18.0
2025-02-03 12:00:00,0,,0,,18.491453111172,18.491453111172,7.396036028862,25.887489140034,0.247835677671,0.247835677671,,,2.619726423553,2.619726423553,0.247835677671,0.149550248665,1.664840910909,17.0,91.0,,,29.0,29.0
2025-02-03 16:00:00,4,,1,,3.348380386829,3.348380386829,9.698727011681,13.04710739851,-0.150798120633,-0.150798120633,,,-0.466784128368,-0.466784128368,-0.150798120633,0.0,0.760450499184,0.0,44.0,,,10.0,10.0
2025-02-03 20:00:00,1,,1,,8.953578412533,8.953578412533,2.538753807545,11.492332220078,-0.012259245275,-0.012259245275,,,0.137744447619,0.137744447619,-0.012259245275,0.051670899945,0.765892655471,2.0,35.0,,,15.0,16.0
2025-02-04 00:00:00,0,0.0,0,5.0,2.286024034023,2.286024034023,1.525190293789,3.811214327812,-0.094354963243,-0.094354963243,-0.050310619124,-0.050310619124,-0.363823726122,-0.363823726122,-0.094354963243,0.0,0.609037131193,0.0,18.0,198537.0,85.0,11.0,11.0
2025-02-04 04:00:00,0,,0,,11.252956867218,11.252956867218,3.384584307671,14.637541174889,-0.022851327162,-0.022851327162,,,-0.274165452534,-0.274165452534,-0.022851327162,0.169716110602,0.970115006158,11.0,34.0,,,6.0,6.0
2025-02-04 08:00:00,0,,0,,13.365344405174,13.365344405174,1.583864748478,14.949209153652,0.276331219175,0.276331219175,,,0.40268703216,0.40268703216,0.276331219175,0.0,0.851027805456,0.0,31.0,,,13.0,13.0
2025-02-04 12:00:00,0,,0,,11.912595868111,11.912595868111,2.273598074913,14.186193943024,-0.070224614473,-0.070224614473,,,0.281391479168,0.281391479168,-0.070224614473,0.0,0.868677208539,0.0,45.0,,,14.0,14.0
2025-02-04 16:00:00,0,,0,,16.378286242485,16.378286242485,4.61913394928,20.997420191765,0.146977402257,0.146977402257,,,1.424691367105,1.424691367105,0.146977402257,0.012781186094,1.005222458755,1.0,54.0,,,21.0,21.0
2025-02-04 20:00:00,0,,0,,8.669410407543,8.669410407543,6.534624993801,15.204035401344,-0.158320341249,-0.158320341249,,,0.022629179698,0.022629179698,-0.158320341249,0.091920255366,1.27863323976,4.0,56.0,,,20.0,20.0
2025-02-05 00:00:00,0,8.0,0,5.0,6.686547875404,6.686547875404,3.288787424564,9.975335299969,-0.167552204068,-0.167552204068,-0.327436440595,-0.327436440595,-0.407998791587,-0.407998791587,-0.167552204068,0.0,0.801109645263,0.0,29.0,199377.0,77.0,9.0,9.0
2025-02-05 04:00:00,0,,0,,3.87451428175,3.87451428175,3.326636910439,7.201151192188,0.041033118304,0.041033118304,,,-0.366605243898,-0.366605243898,0.041033118304,0.03591954023,1.125674872528,1.0,40.0,,,14.0,14.0
2025-02-05 08:00:00,0,,0,,4.428686201572,4.428686201572,3.867045402527,8.295731604099,-0.083281165853,-0.083281165853,,,-0.557437526806,-0.557437526806,-0.083281165853,0.0,0.7672369558,0.0,31.0,,,6.0,6.0
2025-02-05 12:00:00,0,,0,,13.251558363438,13.251558363438,1.886265039444,15.137823402882,0.200636368922,0.200636368922,,,0.330014556216,0.330014556216,0.200636368922,0.017806267806,0.785276781794,1.0,45.0,,,19.0,19.0
2025-02-05 16:00:00,8,,3,,19.883115708828,19.883115708828,3.273655414581,23.156771123409,0.002104766024,0.002104766024,,,1.128121984618,1.128121984618,0.002104766024,0.045635250876,0.990813887405,3.0,60.0,,,21.0,21.0
2025-02-05 20:00:00,0,,0,,5.729448795319,5.729448795319,3.76208370924,9.491532504559,-0.143626587561,-0.143626587561,,,-0.6318838628,-0.6318838628,-0.143626587561,0.0,0.855185331232,0.0,36.0,,,10.0,10.0
2025-02-06 00:00:00,1,4.0,1,5.0,6.219847679138,6.219847679138,3.414834439754,9.634682118893,-0.000582715029,-0.000582715029,-0.540655249446,-0.540655249446,-0.449148618058,-0.449148618058,-0.000582715029,0.0,1.005027647859,0.0,26.0,200235.0,68.0,9.0,9.0
2025-02-06 04:00:00,0,,0,,0.642279922962,0.642279922962,3.334238827229,3.976518750191,-0.234482784491,-0.234482784491,,,-0.674326539892,-0.674326539892,-0.234482784491,0.151152057469,0.776473775009,7.0,27.0,,,3.0,3.0
2025-02-06 08:00:00,0,,0,,6.151473343372,6.151473343372,1.630468547344,7.781941890717,0.238964322995,0.238964322995,,,-0.421895956909,-0.421895956909,0.238964322995,0.029342723005,0.61256776954,1.0,21.0,,,7.0,7.0
2025-02-06 12:00:00,0,,0,,11.033725440502,11.033725440502,5.769384860992,16.803110301495,0.053881247958,0.053881247958,,,0.64362093585,0.64362093585,0.053881247958,0.045218548508,1.235515234593,2.0,64.0,,,21.0,21.0
2025-02-06 16:00:00,0,,0,,15.042140126228,15.042140126228,6.960655987263,22.002796113491,0.041915429258,0.041915429258,,,0.598587125567,0.598587125567,0.041915429258,0.054253472222,1.312900090991,2.0,67.0,,,18.0,18.0
2025-02-06 20:00:00,3,,1,,7.806351363659,7.806351363659,3.209038555622,11.015389919281,0.129136695896,0.129136695896,,,-0.274686604886,-0.274686604886,0.129136695896,0.0,1.048272060854,0.0,42.0,,,10.0,10.0
2025-02-07 00:00:00,0,6.0,0,4.0,3.463074326515,3.463074326515,5.653878629208,9.116952955723,-0.17813548965,-0.17813548965,-0.822832899691,-0.822832899691,-0.565089926051,-0.565089926051,-0.17813548965,0.109649122807,1.229499023578,10.0,52.0,200721.0,64.0,13.0,13.0
2025-02-07 04:00:00,2,,1,,1.685638964176,1.685638964176,3.982438325882,5.668077290058,-0.06781484606,-0.06781484606,,,-0.630267210126,-0.630267210126,-0.06781484606,0.0,0.76352815548,0.0,25.0,,,4.0,4.0
2025-02-07 08:00:00,0,,0,,9.235942065716,9.235942065716,4.034533023834,13.27047508955,0.092321426177,0.092321426177,,,-0.206776392653,-0.206776392653,0.092321426177,0.021929824561,1.057071508927,1.0,46.0,,,6.0,6.0
2025-02-07 12:00:00,0,,0,,9.2287068367,9.2287068367,4.798192739487,14.026899576187,0.071341315068,0.071341315068,,,-0.163227950707,-0.163227950707,0.071341315068,0.018939393939,0.976163035476,1.0,48.0,,,13.0,13.0
2025-02-07 16:00:00,2,,2,,7.452481210232,7.452481210232,4.924412965775,12.376894176006,-0.087844012528,-0.087844012528,,,-0.271595502281,-0.271595502281,-0.087844012528,0.013888888889,0.84528001517,1.0,41.0,,,10.0,10.0
2025-02-07 20:00:00,2,,1,,-1.174250781536,-1.174250781536,11.45625180006,10.282001018524,-0.023794363802,-0.023794363802,,,-0.701480577263,-0.701480577263,-0.023794363802,0.028538812785,1.376439002057,1.0,53.0,,,20.0,20.0
2025-02-08 00:00:00,9,9.0,2,6.0,2.588023543358,2.588023543358,4.846557855606,7.434581398964,-0.01101437119,-0.01101437119,-0.701810677125,-0.701810677125,-0.527017764738,-0.527017764738,-0.01101437119,0.040064102564,1.232768637996,1.0,34.0,201116.0,59.0,3.0,3.0
2025-02-08 04:00:00,0,,0,,4.464005529881,4.464005529881,3.168422102928,7.632427632809,0.094748799023,0.094748799023,,,-0.320572960371,-0.320572960371,0.094748799023,0.26727146544,1.276218945855,15.0,39.0,,,9.0,9.0
2025-02-08 08:00:00,0,,0,,6.723402202129,6.723402202129,5.524079501629,12.247481703758,0.058445659904,0.058445659904,,,0.023629253037,0.023629253037,0.058445659904,0.084926647427,1.536205812271,2.0,43.0,,,8.0,8.0
2025-02-08 12:00:00,0,,0,,10.798599302769,10.798599302769,6.523497760296,17.322097063065,0.034243480433,0.034243480433,,,0.597107013214,0.597107013214,0.034243480433,0.037878787879,1.389966507346,1.0,52.0,,,16.0,16.0
2025-02-08 16:00:00,0,,0,,9.787339866161,9.787339866161,3.161245167255,12.948585033417,-0.082209270833,-0.082209270833,,,0.06409342694,0.06409342694,-0.082209270833,0.032166007764,1.061618114057,2.0,47.0,,,10.0,10.0
2025-02-08 20:00:00,0,,0,,6.72306060791,6.72306060791,3.37993490696,10.10299551487,-0.042592685099,-0.042592685099,,,-0.082540215801,-0.082540215801,-0.042592685099,0.012550200803,1.037282880346,1.0,32.0,,,14.0,14.0
2025-02-09 00:00:00,0,1.0,0,7.0,3.092807352543,3.092807352543,2.499254822731,5.592062175274,-0.052003295153,-0.052003295153,-0.551162509691,-0.551162509691,-0.468646013762,-0.468646013762,-0.052003295153,0.0,0.680303483478,0.0,16.0,201594.0,57.0,3.0,3.0
2025-02-09 04:00:00,0,,0,,11.62002158165,11.62002158165,2.55075353384,14.17077511549,0.094722461466,0.094722461466,,,-0.278999804011,-0.278999804011,0.094722461466,0.371475468869,0.84099943313,12.0,27.0,,,6.0,6.0
2025-02-09 08:00:00,0,,0,,17.962065637112,17.962065637112,2.20065253973,20.162718176842,0.333956602697,0.333956602697,,,2.598091326202,2.598091326202,0.333956602697,0.033875338753,1.145946030074,2.0,40.0,,,15.0,15.0
2025-02-09 12:00:00,0,,0,,9.476551055908,9.476551055908,0.749830424786,10.226381480694,-0.18479710614,-0.18479710614,,,0.176404808144,0.176404808144,-0.18479710614,0.0,0.778342378632,0.0,27.0,,,8.0,8.0
2025-02-09 16:00:00,1,,1,,5.843012690544,5.843012690544,5.617283940315,11.460296630859,-0.162771825585,-0.162771825585,,,-0.068077078425,-0.068077078425,-0.162771825585,0.042463323713,1.080326958009,2.0,39.0,,,8.0,8.0
2025-02-09 20:00:00,0,,0,,6.221905589104,6.221905589104,5.377303779125,11.599209368229,0.098999290254,0.098999290254,,,-0.00722417612,-0.00722417612,0.098999290254,0.0,1.46677291995,0.0,49.0,,,17.0,17.0
2025-02-10 00:00:00,0,0.0,0,7.0,3.709298253059,3.709298253059,3.178497314453,6.887795567513,-0.091655491467,-0.091655491467,-0.834672234914,-0.834672234914,-0.55010454967,-0.55010454967,-0.091655491467,0.0,0.94568077627,0.0,23.0,202449.0,44.0,2.0,2.0
2025-02-10 04:00:00,0,,0,,4.926867485046,4.926867485046,0.755671024323,5.682538509369,-0.013337174993,-0.013337174993,,,-0.571302445199,-0.571302445199,-0.013337174993,0.0,0.763514143333,0.0,20.0,,,0.0,0.0
2025-02-10 08:00:00,0,,0,,7.688679397106,7.688679397106,2.669218301773,10.357897698879,0.458470656765,0.458470656765,,,-0.119814613559,-0.119814613559,0.458470656765,0.0,1.1268198567,0.0,36.0,,,7.0,7.0
2025-02-10 12:00:00,0,,0,,7.868330836296,7.868330836296,5.090235412121,12.958566248417,-0.013604169264,-0.013604169264,,,0.256822610965,0.256822610965,-0.013604169264,0.033156174145,1.098758041244,2.0,42.0,,,14.0,14.0
2025-02-10 16:00:00,0,,0,,11.927402257919,11.927402257919,2.481338620186,14.408740878105,0.032313516468,0.032313516468,,,0.399118685114,0.399118685114,0.032313516468,0.020833333333,0.835538302346,1.0,37.0,,,10.0,10.0
2025-02-10 20:00:00,0,,0,,3.024038016796,3.024038016796,4.737435340881,7.761473357677,-0.122221019148,-0.122221019148,,,-0.433199973932,-0.433199973932,-0.122221019148,0.0,0.942541017279,0.0,31.0,,,11.0,11.0
2025-02-11 00:00:00,0,8.0,0,7.0,8.292258858681,8.292258858681,3.389325618744,11.681584477425,0.008626501746,0.008626501746,-0.509334290512,-0.509334290512,-0.250352475155,-0.250352475155,0.008626501746,0.0,1.226678061615,0.0,31.0,203251.0,64.0,11.0,11.0
2025-02-11 04:00:00,4,,2,,6.553934216499,6.553934216499,1.686758518219,8.240692734718,0.023940480626,0.023940480626,,,0.353969171608,0.353969171608,0.023940480626,0.0,0.942646937543,0.0,27.0,,,10.0,11.0
2025-02-11 08:00:00,0,,0,,9.690671026707,9.690671026707,7.213517963886,16.904188990593,0.100175524647,0.100175524647,,,-0.102701782454,-0.102701782454,0.100175524647,0.027777777778,1.164603156029,1.0,49.0,,,6.0,6.0
2025-02-11 12:00:00,0,,0,,8.455425739288,8.455425739288,2.157467067242,10.61289280653,-0.020638320969,-0.020638320969,,,0.269154820956,0.269154820956,-0.020638320969,0.020424836601,0.839595805766,1.0,37.0,,,11.0,11.0
2025-02-11 16:00:00,1,,1,,11.238924741745,11.238924741745,5.486362755299,16.725287497044,0.255602205602,0.255602205602,,,1.542662216717,1.542662216717,0.255602205602,0.046045815587,1.294713087073,2.0,55.0,,,27.0,28.0
2025-02-11 20:00:00,3,,1,,3.873049378395,3.873049378395,4.074064910412,7.947114288807,-0.165631103778,-0.165631103778,,,-0.470837866209,-0.470837866209,-0.165631103778,0.0,0.92810050369,0.0,29.0,,,7.0,7.0
2025-02-12 00:00:00,4,5.0,1,8.0,2.406027555466,2.406027555466,4.997719526291,7.403747081757,0.018874317295,0.018874317295,-0.660366534341,-0.660366534341,-0.41827234036,-0.41827234036,0.018874317295,0.0,0.938678330907,0.0,23.0,204013.0,67.0,10.0,10.0
2025-02-12 04:00:00,0,,0,,1.085581064224,1.085581064224,3.745402932167,4.830983996391,-0.065484969205,-0.065484969205,,,-0.509274230926,-0.509274230926,-0.065484969205,0.0,0.805589663136,0.0,19.0,,,7.0,7.0
2025-02-12 08:00:00,0,,0,,0.561401367188,0.561401367188,4.279020667076,4.840422034264,-0.109430358189,-0.109430358189,,,-0.404547007799,-0.404547007799,-0.109430358189,0.053418803419,0.754041241188,1.0,24.0,,,7.0,7.0
2025-02-12 12:00:00,0,,0,,10.184055328369,10.184055328369,0.742607831955,10.926663160324,0.333744426035,0.333744426035,,,0.072074936808,0.072074936808,0.333744426035,0.028153153153,0.703266926809,1.0,35.0,,,10.0,10.0
2025-02-12 16:00:00,0,,0,,13.077945590019,13.077945590019,4.010100603104,17.088046193123,0.192211637961,0.192211637961,,,0.89235630728,0.89235630728,0.192211637961,0.0,0.734131840661,0.0,34.0,,,16.0,16.0
2025-02-12 20:00:00,1,,1,,6.988557994366,6.988557994366,5.337118685246,12.325676679611,-0.118514825807,-0.118514825807,,,0.166221970889,0.166221970889,-0.118514825807,0.075086965959,1.424498693818,3.0,50.0,,,19.0,19.0
2025-02-13 00:00:00,4,7.0,1,7.0,3.924228549004,3.924228549004,3.13922649622,7.063455045223,-0.100776613486,-0.100776613486,-0.567420722499,-0.567420722499,-0.348417040872,-0.348417040872,-0.100776613486,0.0,0.971948039176,0.0,24.0,204808.0,64.0,8.0,8.0
2025-02-13 04:00:00,1,,1,,4.054045021534,4.054045021534,1.459172785282,5.513217806816,-0.034597779798,-0.034597779798,,,-0.494396222099,-0.494396222099,-0.034597779798,0.0,0.800493730511,0.0,24.0,,,5.0,5.0
2025-02-13 08:00:00,0,,0,,6.122502326965,6.122502326965,3.309473395348,9.431975722313,0.248362223021,0.248362223021,,,-0.063904828888,-0.063904828888,0.248362223021,0.085876191419,0.819451216286,3.0,28.0,,,9.0,9.0
2025-02-13 12:00:00,0,,0,,14.523696780205,14.523696780205,2.359834969044,16.883531749249,-0.115827974192,-0.115827974192,,,0.073143516033,0.073143516033,-0.115827974192,0.0,0.980707992972,0.0,46.0,,,7.0,7.0
2025-02-13 16:00:00,2,,1,,6.220737755299,6.220737755299,6.91412371397,13.134861469269,-0.005488211762,-0.005488211762,,,0.189542972157,0.189542972157,-0.005488211762,0.0,1.270047647948,0.0,54.0,,,21.0,21.0
2025-02-13 20:00:00,0,,0,,5.922571539879,5.922571539879,5.859286129475,11.781857669353,-0.019920816775,-0.019920816775,,,0.394611094368,0.394611094368,-0.019920816775,0.0,1.225873440007,0.0,41.0,,,14.0,14.0
2025-02-14 00:00:00,0,2.0,0,8.0,5.046504259109,5.046504259109,3.542513072491,8.5890173316,-0.125721462592,-0.125721462592,0.076861825689,0.076861825689,-0.042008069555,-0.042008069555,-0.125721462592,0.0,1.435092789759,0.0,29.0,204978.0,88.0,15.0,16.0
2025-02-14 04:00:00,1,,1,,8.414518237114,8.414518237114,1.529699504375,9.944217741489,0.074555767801,0.074555767801,,,-0.158274597724,-0.158274597724,0.074555767801,0.12476579799,0.97189384157,6.0,26.0,,,9.0,9.0
2025-02-14 08:00:00,0,,0,,9.688631355762,9.688631355762,3.165561020374,12.854192376137,0.037631344272,0.037631344272,,,0.144950491109,0.144950491109,0.037631344272,0.065104166667,0.972943590939,2.0,33.0,,,10.0,11.0
2025-02-14 12:00:00,0,,0,,19.787141799927,19.787141799927,0.729750573635,20.516892373562,0.132513698061,0.132513698061,,,2.206393227938,2.206393227938,0.132513698061,0.061487268519,1.645885164622,2.0,66.0,,,25.0,25.0
2025-02-14 16:00:00,1,,1,,10.785091042519,10.785091042519,8.040140032768,18.825231075287,-0.046445509678,-0.046445509678,,,0.538916013407,0.538916013407,-0.046445509678,0.048904326458,1.209853469725,3.0,56.0,,,21.0,21.0
2025-02-14 20:00:00,0,,0,,7.257637858391,7.257637858391,2.598471164703,9.856109023094,-0.22578198426,-0.22578198426,,,-0.267213076197,-0.267213076197,-0.22578198426,0.0,0.927890879961,0.0,29.0,,,11.0,11.0
2025-02-15 00:00:00,0,4.0,0,9.0,5.548192203045,5.548192203045,0.720007479191,6.268199682236,0.127186735701,0.127186735701,-0.98080675405,-0.98080675405,-0.348103950425,-0.348103950425,0.127186735701,0.104216770883,1.331610371495,2.0,26.0,206655.0,40.0,12.0,12.0
2025-02-15 04:00:00,0,,0,,4.800534367561,4.800534367561,2.487436115742,7.287970483303,-0.144103758028,-0.144103758028,,,-0.479077130899,-0.479077130899,-0.144103758028,0.0,0.747959518022,0.0,20.0,,,7.0,7.0
2025-02-15 08:00:00,3,,2,,7.126943647861,7.126943647861,2.399948179722,9.526891827583,0.030859795559,0.030859795559,,,-0.330062383441,-0.330062383441,0.030859795559,0.039308176101,0.949287563574,1.0,24.0,,,5.0,5.0
2025-02-15 12:00:00,1,,1,,7.796544373035,7.796544373035,1.624956965446,9.421501338482,0.042859603756,0.042859603756,,,-0.427938180427,-0.427938180427,0.042859603756,0.0,0.698614426645,0.0,26.0,,,2.0,2.0
2025-02-15 16:00:00,0,,0,,1.346065700054,1.346065700054,5.88487637043,7.230942070484,0.113656208007,0.113656208007,,,-0.294866061222,-0.294866061222,0.113656208007,0.0,0.797790863819,0.0,30.0,,,11.0,11.0
2025-02-15 20:00:00,0,,0,,6.609282791615,6.609282791615,1.620169937611,8.229452729225,-0.086467632228,-0.086467632228,,,-0.37227371437,-0.37227371437,-0.086467632228,0.0,1.216729456014,0.0,34.0,,,3.0,3.0
2025-02-16 00:00:00,0,1.0,0,9.0,-3.994285643101,-3.994285643101,6.302805066109,2.308519423008,-0.175025982414,-0.175025982414,-1.169964393557,-1.169964393557,-0.55004946736,-0.55004946736,-0.175025982414,0.05081300813,0.862816473846,1.0,21.0,206881.0,57.0,5.0,5.0
2025-02-16 04:00:00,0,,0,,2.174445509911,2.174445509911,0.926231980324,3.100677490234,0.30523738732,0.30523738732,,,-0.34890957361,-0.34890957361,0.30523738732,0.0,0.61559341221,0.0,14.0,,,7.0,7.0
2025-02-16 08:00:00,0,,0,,4.163441836834,4.163441836834,3.173677206039,7.337119042873,-0.167683215555,-0.167683215555,,,-0.414499509646,-0.414499509646,-0.167683215555,0.0,1.22775719973,0.0,27.0,,,5.0,5.0
2025-02-16 12:00:00,1,,1,,3.380908191204,3.380908191204,5.58666908741,8.967577278614,0.143365874368,0.143365874368,,,-0.186549573675,-0.186549573675,0.143365874368,0.0,1.006035689389,0.0,35.0,,,14.0,14.0
2025-02-16 16:00:00,0,,0,,6.007590830326,6.007590830326,9.798530757427,15.806121587753,-0.035400647357,-0.035400647357,,,-0.014977445726,-0.014977445726,-0.035400647357,0.045877114539,1.235195878175,2.0,49.0,,,15.0,15.0
2025-02-16 20:00:00,0,,0,,1.341975092888,1.341975092888,8.463371038437,9.805346131325,0.068168491759,0.068168491759,,,-0.178263228405,-0.178263228405,0.068168491759,0.14339391151,1.575663070484,3.0,44.0,,,11.0,11.0
2025-02-17 00:00:00,0,1.0,0,10.0,8.99338132143,8.99338132143,4.945974588394,13.939355909824,0.199824722633,0.199824722633,-0.526153423084,-0.526153423084,0.608236083418,0.608236083418,0.199824722633,0.0,1.741459142006,0.0,36.0,,66.0,15.0,15.0
2025-02-17 04:00:00,0,,0,,-1.232482731342,-1.232482731342,4.155229687691,2.922746956348,-0.363010211773,-0.363010211773,,,-0.578732307581,-0.578732307581,-0.363010211773,0.088357588358,0.681592696365,2.0,22.0,,,6.0,6.0
2025-02-17 08:00:00,0,,0,,13.514902234077,13.514902234077,0.728333950043,14.24323618412,0.24871550087,0.24871550087,,,1.173574368664,1.173574368664,0.24871550087,0.0,1.090524539237,0.0,40.0,,,10.0,10.0
2025-02-17 12:00:00,0,,0,,15.302905619144,15.302905619144,1.576806545258,16.879712164402,-0.002571514514,-0.002571514514,,,1.089343755157,1.089343755157,-0.002571514514,0.021043771044,1.100243238271,1.0,51.0,,,12.0,12.0
2025-02-17 16:00:00,1,,1,,1.683243632317,1.683243632317,9.647018015385,11.330261647701,-0.181673108711,-0.181673108711,,,-0.352291783641,-0.352291783641,-0.181673108711,0.067164120661,1.390243356325,3.0,61.0,,,20.0,20.0
2025-02-17 20:00:00,0,,0,,2.336679816246,2.336679816246,5.695637464523,8.032317280769,-0.069283095611,-0.069283095611,,,-0.336267231023,-0.336267231023,-0.069283095611,0.0,0.639031699726,0.0,25.0,,,4.0,4.0
2025-02-18 00:00:00,0,2.0,0,10.0,6.67167121172,6.67167121172,2.47731089592,9.148982107639,0.166033734889,0.166033734889,1.597080758721,1.597080758721,0.144279187924,0.144279187924,0.166033734889,0.0,0.938778405412,0.0,26.0,209300.0,124.0,12.0,12.0
2025-02-18 04:00:00,0,,0,,19.691790640354,19.691790640354,3.174111783504,22.865902423859,0.355726243114,0.355726243114,,,2.395011760698,2.395011760698,0.355726243114,0.0,1.606597017609,0.0,58.0,,,29.0,29.0
2025-02-18 08:00:00,0,,0,,14.768250703812,14.768250703812,5.827237069607,20.595487773418,-0.189547591363,-0.189547591363,,,0.57152138128,0.57152138128,-0.189547591363,0.049548276845,1.428672109984,3.0,60.0,,,25.0,25.0
2025-02-18 12:00:00,0,,0,,26.500386118889,26.500386118889,1.56595736742,28.066343486309,0.21295629104,0.21295629104,,,1.741329483781,1.741329483781,0.21295629104,0.024224806202,1.268323453249,1.0,64.0,,,26.0,26.0
2025-02-18 16:00:00,0,,0,,4.147678375244,4.147678375244,6.804268181324,10.951946556568,-0.36434141933,-0.36434141933,,,-0.274394545014,-0.274394545014,-0.36434141933,0.021258503401,1.167561027954,1.0,58.0,,,20.0,20.0
2025-02-18 20:00:00,2,,1,,4.400875091553,4.400875091553,5.851365506649,10.252240598202,0.07100674191,0.07100674191,,,-0.411200485364,-0.411200485364,0.07100674191,0.0,1.121659267452,0.0,45.0,,,12.0,12.0
2025-02-19 00:00:00,0,0.0,0,8.0,6.277335464954,6.277335464954,0.0,6.277335464954,0.141789650998,0.141789650998,-0.097784831929,-0.097784831929,-0.26125696923,-0.26125696923,0.141789650998,0.0,0.690315441788,0.0,21.0,210639.0,75.0,9.0,9.0
2025-02-19 04:00:00,0,,0,,10.098666250706,10.098666250706,1.493405044079,11.592071294785,-0.069799167243,-0.069799167243,,,-0.239113463472,-0.239113463472,-0.069799167243,0.023674242424,1.393317760654,1.0,38.0,,,9.0,9.0
2025-02-19 08:00:00,0,,0,,12.61075758934,12.61075758934,0.729050040245,13.339807629585,0.030414064303,0.030414064303,,,-0.175713712365,-0.175713712365,0.030414064303,0.0,0.937596399507,0.0,37.0,,,8.0,8.0
2025-02-19 12:00:00,0,,0,,8.258491814137,8.258491814137,9.887518048286,18.146009862423,0.078320999679,0.078320999679,,,0.014158101468,0.014158101468,0.078320999679,0.056306306306,1.102551663302,2.0,59.0,,,20.0,20.0
2025-02-19 16:00:00,0,,0,,12.066620826721,12.066620826721,2.192197561264,14.258818387985,0.028012256257,0.028012256257,,,0.104390112333,0.104390112333,0.028012256257,0.028935185185,1.036996668834,1.0,48.0,,,20.0,20.0
2025-02-19 20:00:00,0,,0,,4.123155236244,4.123155236244,5.910124480724,10.033279716969,-0.241750878558,-0.241750878558,,,-0.467771227875,-0.467771227875,-0.241750878558,0.0,0.844339457594,0.0,30.0,,,9.0,9.0
2025-02-20 00:00:00,0,0.0,0,8.0,5.21663403511,5.21663403511,3.849301218987,9.065935254097,-0.021653774591,-0.021653774591,-0.244902311814,-0.244902311814,-0.56254753268,-0.56254753268,-0.021653774591,0.041666666667,1.339418145353,1.0,34.0,211611.0,73.0,5.0,5.0
2025-02-20 04:00:00,0,,0,,-0.55322521925,-0.55322521925,4.680290281773,4.127065062523,-0.070170544128,-0.070170544128,,,-0.479070012185,-0.479070012185,-0.070170544128,0.061825148032,0.777406418386,2.0,24.0,,,4.0,4.0
2025-02-20 08:00:00,0,,0,,10.361282885075,10.361282885075,2.217815160751,12.579098045826,0.266977874842,0.266977874842,,,-0.088211092856,-0.088211092856,0.266977874842,0.0,1.351699452194,0.0,44.0,,,14.0,14.0
2025-02-20 12:00:00,0,,0,,10.949260294437,10.949260294437,3.082063674927,14.031323969364,-0.025595188794,-0.025595188794,,,0.081296289775,0.081296289775,-0.025595188794,0.013706140351,1.041939852608,1.0,49.0,,,19.0,19.0
2025-02-20 16:00:00,0,,0,,9.41574382782,9.41574382782,6.64180970192,16.057553529739,0.009875216814,0.009875216814,,,-0.207303754214,-0.207303754214,0.009875216814,0.0,1.167603688666,0.0,54.0,,,14.0,14.0
2025-02-20 20:00:00,0,,0,,12.206049978733,12.206049978733,4.165817558765,16.371867537498,0.107901898633,0.107901898633,,,0.52424708282,0.52424708282,0.107901898633,0.036549707602,1.372319276085,1.0,50.0,,,17.0,17.0
2025-02-21 00:00:00,0,0.0,0,6.0,0.977399647236,0.977399647236,1.462838828564,2.4402384758,-0.0805246161,-0.0805246161,-0.690219021741,-0.690219021741,-0.506695049671,-0.506695049671,-0.0805246161,0.115740740741,0.643389042281,2.0,17.0,212291.0,72.0,6.0,6.0
2025-02-21 04:00:00,0,,0,,7.052323043346,7.052323043346,0.723794996738,7.776118040085,0.033544867052,0.033544867052,,,-0.41755536954,-0.41755536954,0.033544867052,0.0,0.874663614868,0.0,23.0,,,5.0,5.0
2025-02-21 08:00:00,0,,0,,6.92775285244,6.92775285244,3.247972369194,10.175725221634,0.05903130948,0.05903130948,,,-0.140924112606,-0.140924112606,0.05903130948,0.0,0.979272954488,0.0,33.0,,,11.0,11.0
2025-02-21 12:00:00,0,,0,,3.556897044182,3.556897044182,6.403781831264,9.960678875446,0.163693960644,0.163693960644,,,0.070510813317,0.070510813317,0.163693960644,0.0,1.102650213696,0.0,52.0,,,14.0,14.0
2025-02-21 16:00:00,0,,0,,8.252342402935,8.252342402935,8.194741606712,16.447084009647,-0.057877793605,-0.057877793605,,,0.421193514293,0.421193514293,-0.057877793605,0.016534391534,1.116619872771,1.0,61.0,,,28.0,28.0
2025-02-21 20:00:00,0,,0,,2.234890758991,2.234890758991,2.759077548981,4.993968307972,-0.191617679679,-0.191617679679,,,-0.518794389795,-0.518794389795,-0.191617679679,0.021258503401,0.918310216788,1.0,37.0,,,8.0,8.0
2025-02-22 00:00:00,0,0.0,0,5.0,-0.207078337669,-0.207078337669,2.681201756001,2.474123418331,0.185317991211,0.185317991211,-1.355179003769,-1.355179003769,-0.571991299567,-0.571991299567,0.185317991211,0.0,0.709245058041,0.0,16.0,212614.0,31.0,2.0,2.0
2025-02-22 04:00:00,0,,0,,-0.047394275665,-0.047394275665,3.36429899931,3.316904723644,-0.082336883836,-0.082336883836,,,-0.466421688544,-0.466421688544,-0.082336883836,0.0,0.856691368109,0.0,20.0,,,6.0,6.0
2025-02-22 08:00:00,0,,0,,-0.057403564453,-0.057403564453,4.346253335476,4.288849771023,0.017841667468,0.017841667468,,,-0.505829606742,-0.505829606742,0.017841667468,0.0,0.732209916751,0.0,21.0,,,5.0,5.0
2025-02-22 12:00:00,0,,0,,2.292959928513,2.292959928513,0.751165747643,3.044125676155,-0.017693934607,-0.017693934607,,,-0.445569373898,-0.445569373898,-0.017693934607,0.0,0.596346315555,0.0,22.0,,,5.0,5.0
2025-02-22 16:00:00,0,,0,,5.38674902916,5.38674902916,2.982817709446,8.369566738605,0.127849396764,0.127849396764,,,-0.224972278847,-0.224972278847,0.127849396764,0.073515792993,0.986461411719,3.0,35.0,,,7.0,7.0
2025-02-22 20:00:00,0,,0,,3.3890016675,3.3890016675,1.821786046028,5.210787713528,0.05336576378,0.05336576378,,,-0.228664626384,-0.228664626384,0.05336576378,0.038580246914,0.786714702677,1.0,21.0,,,7.0,7.0
2025-02-23 00:00:00,0,0.0,0,3.0,4.988544106483,4.988544106483,1.649410009384,6.637954115868,-0.027540147717,-0.027540147717,-1.250092422077,-1.250092422077,-0.2449557965,-0.2449557965,-0.027540147717,0.033068783069,0.869246690109,1.0,18.0,213129.0,37.0,8.0,8.0
2025-02-23 04:00:00,0,,0,,2.451505482197,2.451505482197,0.0,2.451505482197,-0.21823762735,-0.21823762735,,,-0.403133402212,-0.403133402212,-0.21823762735,0.0,0.448476576262,0.0,10.0,,,1.0,1.0
2025-02-23 08:00:00,0,,0,,4.064218521118,4.064218521118,2.328671038151,6.392889559269,0.241650904406,0.241650904406,,,-0.257670351606,-0.257670351606,0.241650904406,0.0,0.757076903268,0.0,20.0,,,7.0,7.0
2025-02-23 12:00:00,0,,0,,1.652431130409,1.652431130409,3.020305871964,4.672737002373,-0.101970066581,-0.101970066581,,,-0.349146364404,-0.349146364404,-0.101970066581,0.0,0.797371945027,0.0,26.0,,,5.0,5.0
2025-02-23 16:00:00,0,,0,,0.809377968311,0.809377968311,6.588646769524,7.398024737835,0.078425747918,0.078425747918,,,-0.355556097334,-0.355556097334,0.078425747918,0.09140773316,0.935041723244,3.0,32.0,,,9.0,9.0
2025-02-23 20:00:00,0,,0,,-0.445456385612,-0.445456385612,5.104867875576,4.659411489964,-0.001103805533,-0.001103805533,,,-0.558340005183,-0.558340005183,-0.001103805533,0.0,1.082474252676,0.0,28.0,,,7.0,7.0
2025-02-24 00:00:00,0,2.0,0,2.0,6.104768574238,6.104768574238,3.24692517519,9.351693749428,0.062168163284,0.062168163284,-0.311175201095,-0.311175201095,0.447506022066,0.447506022066,0.062168163284,0.088633040936,1.32984382334,2.0,30.0,213912.0,69.0,10.0,10.0
2025-02-24 04:00:00,0,,0,,6.780426800251,6.780426800251,0.800512373447,7.580939173698,-0.200024002389,-0.200024002389,,,-0.050176754871,-0.050176754871,-0.200024002389,0.047348484848,0.759957824079,1.0,26.0,,,2.0,2.0
2025-02-24 08:00:00,0,,0,,11.463289260864,11.463289260864,1.630799889565,13.094089150429,0.35024185045,0.35024185045,,,2.729400079445,2.729400079445,0.35024185045,0.051670899945,0.901853980842,2.0,35.0,,,16.0,16.0
2025-02-24 12:00:00,0,,0,,7.327205181122,7.327205181122,8.898180007935,16.225385189056,-0.146427028659,-0.146427028659,,,0.974000118005,0.974000118005,-0.146427028659,0.036768517079,1.118169091582,2.0,52.0,,,15.0,15.0
2025-02-24 16:00:00,0,,0,,12.026534020901,12.026534020901,3.367256343365,15.393790364265,-0.178211102719,-0.178211102719,,,0.889236535421,0.889236535421,-0.178211102719,0.0,0.907343695855,0.0,47.0,,,12.0,12.0
2025-02-24 20:00:00,2,,1,,-0.373274505138,-0.373274505138,10.029926896095,9.656652390957,0.142346788094,0.142346788094,,,-0.635507769881,-0.635507769881,0.142346788094,0.0,0.99159199106,0.0,45.0,,,14.0,14.0
2025-02-25 00:00:00,0,2.0,0,1.0,-1.414293944836,-1.414293944836,6.523142755032,5.108848810196,-0.106759431439,-0.106759431439,-0.471162726943,-0.471162726943,-0.210892229898,-0.210892229898,-0.106759431439,0.043402777778,1.268003075444,1.0,40.0,214682.0,77.0,14.0,14.0
2025-02-25 04:00:00,0,,0,,6.832117497921,6.832117497921,5.041546106339,11.873663604259,-0.035342680319,-0.035342680319,,,0.287398426319,0.287398426319,-0.035342680319,0.032552083333,0.998439069662,1.0,36.0,,,14.0,14.0
2025-02-25 08:00:00,0,,0,,2.234425246716,2.234425246716,5.059969425201,7.294394671917,-0.008751703958,-0.008751703958,,,-0.27045131493,-0.27045131493,-0.008751703958,0.037202380952,0.796545448316,1.0,32.0,,,8.0,8.0
2025-02-25 12:00:00,0,,0,,14.585561156273,14.585561156273,2.363773226738,16.949334383011,0.490090142773,0.490090142773,,,1.875897421923,1.875897421923,0.490090142773,0.0,1.079536119349,0.0,49.0,,,21.0,21.0
2025-02-25 16:00:00,0,,0,,5.781495511532,5.781495511532,5.774049401283,11.555544912815,-0.336625348321,-0.336625348321,,,0.091166308656,0.091166308656,-0.336625348321,0.0,1.012134200256,0.0,47.0,,,11.0,11.0
2025-02-25 20:00:00,2,,1,,4.953919768333,4.953919768333,1.724941849709,6.678861618042,0.100085200351,0.100085200351,,,-0.041614515499,-0.041614515499,0.100085200351,0.0234082397,0.942821324601,1.0,30.0,,,9.0,9.0
2025-02-26 00:00:00,0,0.0,0,1.0,2.429495930672,2.429495930672,0.79966878891,3.229164719582,-0.067286935693,-0.067286935693,-0.847593145439,-0.847593145439,-0.379968853306,-0.379968853306,-0.067286935693,0.045289855072,1.14618904377,1.0,20.0,215027.0,63.0,6.0,6.0
2025-02-26 04:00:00,0,,0,,0.828106760979,0.828106760979,1.714845895767,2.542952656746,-0.063902745304,-0.063902745304,,,-0.557873957168,-0.557873957168,-0.063902745304,0.0,0.772476981241,0.0,12.0,,,4.0,4.0
2025-02-26 08:00:00,0,,0,,8.693570017815,8.693570017815,1.843115270138,10.536685287952,0.29601540507,0.29601540507,,,-0.098716496096,-0.098716496096,0.29601540507,0.0,0.848091730975,0.0,19.0,,,6.0,6.0
2025-02-26 12:00:00,0,,0,,6.397307693958,6.397307693958,3.31485670805,9.712164402008,-0.041297369086,-0.041297369086,,,0.375208222525,0.375208222525,-0.041297369086,0.0,1.135909795259,0.0,49.0,,,17.0,17.0
2025-02-26 16:00:00,0,,0,,2.962142825127,2.962142825127,6.471445322037,9.433588147163,0.032073623396,0.032073623396,,,-0.128166441794,-0.128166441794,0.032073623396,0.015206812652,1.02363284337,1.0,49.0,,,20.0,20.0
2025-02-26 20:00:00,0,,0,,2.379277944565,2.379277944565,5.800981760025,8.18025970459,-0.159823466747,-0.159823466747,,,-0.567371545841,-0.567371545841,-0.159823466747,0.0,0.811604857333,0.0,33.0,,,10.0,10.0
2025-02-27 00:00:00,0,0.0,0,1.0,4.817989110947,4.817989110947,1.488224327564,6.306213438511,0.179818481368,0.179818481368,-0.254091787938,-0.254091787938,0.020236467815,0.020236467815,0.179818481368,0.0,1.072656452891,0.0,27.0,215407.0,76.0,11.0,11.0
2025-02-27 04:00:00,0,,0,,-1.100197553635,-1.100197553635,5.822433233261,4.722235679626,-0.293233490632,-0.293233490632,,,-0.62790296948,-0.62790296948,-0.293233490632,0.0,1.07690305052,0.0,27.0,,,3.0,3.0
2025-02-27 08:00:00,0,,0,,4.771189928055,4.771189928055,5.773558080196,10.544748008251,0.294390505069,0.294390505069,,,0.02554278962,0.02554278962,0.294390505069,0.0,0.94271992236,0.0,32.0,,,11.0,11.0
2025-02-27 12:00:00,0,,0,,8.048850893974,8.048850893974,2.556806743145,10.605657637119,0.067094869346,0.067094869346,,,0.397809665413,0.397809665413,0.067094869346,0.066137566138,0.669569090755,2.0,31.0,,,14.0,14.0
2025-02-27 16:00:00,0,,0,,16.68965023756,16.68965023756,3.170607686043,19.860257923603,0.066833267021,0.066833267021,,,1.725073354128,1.725073354128,0.066833267021,0.0,1.120170396295,0.0,46.0,,,19.0,19.0
2025-02-27 20:00:00,0,,0,,7.269567012787,7.269567012787,2.965562880039,10.235129892826,-0.083045398577,-0.083045398577,,,0.413197340815,0.413197340815,-0.083045398577,0.012939958592,1.400447799428,1.0,49.0,,,18.0,18.0
2025-02-28 00:00:00,0,0.0,0,1.0,7.126275599003,7.126275599003,3.12732732296,10.253602921963,-0.061868790327,-0.061868790327,-0.211624142426,-0.211624142426,0.187278986254,0.187278986254,-0.061868790327,0.046983370469,0.876423382738,3.0,34.0,215825.0,69.0,13.0,13.0
2025-02-28 04:00:00,0,,0,,8.055117785931,8.055117785931,6.747459352016,14.802577137947,-0.196055472703,-0.196055472703,,,-0.190730243801,-0.190730243801,-0.196055472703,0.0,0.891039054366,0.0,37.0,,,8.0,8.0
2025-02-28 08:00:00,0,,0,,9.545746147633,9.545746147633,2.536868989468,12.0826151371,0.201771265796,0.201771265796,,,0.091854649992,0.091854649992,0.201771265796,0.035310734463,0.925733612339,1.0,33.0,,,8.0,8.0
2025-02-28 12:00:00,0,,0,,11.856932044029,11.856932044029,3.595379114151,15.45231115818,0.066912771405,0.066912771405,,,0.872347946425,0.872347946425,0.066912771405,0.0234082397,1.016415988507,1.0,45.0,,,17.0,17.0
2025-02-28 16:00:00,0,,0,,8.624181985855,8.624181985855,3.935716331005,12.55989831686,-0.190017839964,-0.190017839964,,,0.005874219889,0.005874219889,-0.190017839964,0.025406504065,1.17655156536,1.0,43.0,,,13.0,13.0
2025-02-28 20:00:00,0,,0,,1.080071151257,1.080071151257,4.479865193367,5.559936344624,-0.223546892491,-0.223546892491,,,-0.312597661017,-0.312597661017,-0.223546892491,0.058049535604,1.133983094349,2.0,35.0,,,10.0,10.0
2025-03-01 00:00:00,0,0.0,0,1.0,-0.830997228622,-0.830997228622,1.629934072495,0.798936843872,0.09190281565,0.09190281565,-1.156234731801,-1.156234731801,-0.668470432427,-0.668470432427,0.09190281565,0.0,0.720588354101,0.0,16.0,215837.0,28.0,1.0,1.0
2025-03-01 04:00:00,0,,0,,2.368591785431,2.368591785431,0.71928280592,3.087874591351,0.043701639169,0.043701639169,,,-0.586168817405,-0.586168817405,0.043701639169,0.045289855072,0.68615520577,1.0,14.0,,,2.0,2.0
2025-03-01 08:00:00,0,,0,,4.756654977798,4.756654977798,1.456746995449,6.213401973248,0.003587856486,0.003587856486,,,-0.406335770277,-0.406335770277,0.003587856486,0.0,0.651487542814,0.0,15.0,,,3.0,3.0
2025-03-01 12:00:00,0,,0,,4.66673541069,4.66673541069,3.212647199631,7.879382610321,0.16572913408,0.16572913408,,,-0.388566299739,-0.388566299739,0.16572913408,0.0,0.794646110234,0.0,28.0,,,7.0,7.0
2025-03-01 16:00:00,0,,0,,4.864853978157,4.864853978157,1.651865959167,6.516719937325,-0.136134586965,-0.136134586965,,,-0.403226628074,-0.403226628074,-0.136134586965,0.018939393939,0.847354723596,1.0,26.0,,,7.0,7.0
2025-03-01 20:00:00,0,,0,,6.666911244392,6.666911244392,5.547506570816,12.214417815208,0.186679726522,0.186679726522,,,-0.368156659628,-0.368156659628,0.186679726522,0.0,1.274037908323,0.0,34.0,,,8.0,8.0
2025-03-02 00:00:00,0,1.0,0,1.0,4.505351126194,4.505351126194,3.378700137138,7.884051263332,-0.018061873456,-0.018061873456,0.04823499475,0.04823499475,-0.30666783655,-0.30666783655,-0.018061873456,0.03591954023,1.412948043415,1.0,29.0,216473.0,84.0,12.0,13.0
2025-03-02 04:00:00,1,,1,,3.326395630836,3.326395630836,2.499418377876,5.825814008713,-0.025446387447,-0.025446387447,,,-0.497048699196,-0.497048699196,-0.025446387447,0.0,1.150761713893,0.0,23.0,,,8.0,8.0
2025-03-02 08:00:00,0,,0,,-1.730337917805,-1.730337917805,4.142722427845,2.41238451004,-0.041097503169,-0.041097503169,,,-0.502733687383,-0.502733687383,-0.041097503169,0.0,0.797018333796,0.0,17.0,,,1.0,1.0
2025-03-02 12:00:00,0,,0,,11.836791813374,11.836791813374,3.179968178272,15.016759991646,0.602734111579,0.602734111579,,,1.987801494528,1.987801494528,0.602734111579,0.068204365079,1.201807062789,2.0,56.0,,,27.0,27.0
2025-03-02 16:00:00,0,,0,,22.326562106609,22.326562106609,4.116808712482,26.443370819092,0.015761535867,0.015761535867,,,2.381294281764,2.381294281764,0.015761535867,0.042184576316,0.817411184178,3.0,79.0,,,31.0,31.0
2025-03-02 20:00:00,0,,0,,4.274314403534,4.274314403534,5.894868075848,10.169182479382,-0.316960660875,-0.316960660875,,,-0.309999500735,-0.309999500735,-0.316960660875,0.0,0.841614987845,0.0,49.0,,,6.0,6.0
2025-03-03 00:00:00,0,0.0,0,2.0,-2.658603549004,-2.658603549004,5.719868123531,3.061264574528,-0.127108378037,-0.127108378037,-0.812042366256,-0.812042366256,-0.532405608914,-0.532405608914,-0.127108378037,0.0,0.945513029736,0.0,38.0,218482.0,57.0,9.0,9.0
2025-03-03 04:00:00,0,,0,,2.569773674011,2.569773674011,2.985765993595,5.555539667606,-0.04376960136,-0.04376960136,,,-0.336234950635,-0.336234950635,-0.04376960136,0.0,0.721351089575,0.0,25.0,,,4.0,4.0
2025-03-03 08:00:00,0,,0,,0.295360863209,0.295360863209,3.780497133732,4.075857996941,0.241790564441,0.241790564441,,,-0.324790727078,-0.324790727078,0.241790564441,0.0,0.590352827609,0.0,24.0,,,8.0,8.0
2025-03-03 12:00:00,0,,0,,12.514102399349,12.514102399349,2.487803518772,15.001905918121,0.18822446191,0.18822446191,,,0.387109430563,0.387109430563,0.18822446191,0.020424836601,0.719810750001,1.0,43.0,,,15.0,15.0
2025-03-03 16:00:00,0,,0,,8.525598049164,8.525598049164,4.158072769642,12.683670818806,-0.242420501127,-0.242420501127,,,-0.000307316069,-0.000307316069,-0.242420501127,0.0,1.004983362738,0.0,54.0,,,17.0,17.0
2025-03-03 20:00:00,0,,0,,5.323964715004,5.323964715004,6.958570897579,12.282535612583,0.018733134392,0.018733134392,,,-0.189697903309,-0.189697903309,0.018733134392,0.0,0.87475068589,0.0,37.0,,,4.0,4.0
2025-03-04 00:00:00,0,0.0,0,2.0,-0.160893261433,-0.160893261433,5.75408500433,5.593191742897,-0.073584295772,-0.073584295772,-0.787237370377,-0.787237370377,-0.414867638139,-0.414867638139,-0.073584295772,0.0,0.861560925798,0.0,28.0,219529.0,63.0,10.0,10.0
2025-03-04 04:00:00,0,,0,,5.567849934101,5.567849934101,0.775463700294,6.343313634396,0.078678373396,0.078678373396,,,-0.345666413207,-0.345666413207,0.078678373396,0.0,0.706565305321,0.0,19.0,,,4.0,5.0
2025-03-04 08:00:00,0,,0,,8.169553458691,8.169553458691,3.319810211658,11.489363670349,0.104585274714,0.104585274714,,,0.008114728982,0.008114728982,0.104585274714,0.018274853801,0.978872463407,1.0,38.0,,,11.0,11.0
2025-03-04 12:00:00,0,,0,,5.680209040642,5.680209040642,4.570594251156,10.250803291798,0.103692351643,0.103692351643,,,-0.005861057197,-0.005861057197,0.103692351643,0.02147766323,0.845643192757,1.0,36.0,,,19.0,19.0
2025-03-04 16:00:00,0,,0,,0.099316596985,0.099316596985,6.589217245579,6.688533842564,-0.181047109153,-0.181047109153,,,-0.461871404003,-0.461871404003,-0.181047109153,0.015547263682,0.694670424555,1.0,34.0,,,12.0,12.0
2025-03-04 20:00:00,0,,0,,4.928613364697,4.928613364697,5.664041876793,10.592655241489,0.024374549191,0.024374549191,,,-0.234312111207,-0.234312111207,0.024374549191,0.0,0.772318475923,0.0,32.0,,,9.0,9.0
2025-03-05 00:00:00,0,0.0,0,1.0,4.276682257652,4.276682257652,1.545444309711,5.822126567364,-0.258012838537,-0.258012838537,-0.830824780983,-0.830824780983,-0.313175712165,-0.313175712165,-0.258012838537,0.030193236715,0.738345156821,1.0,23.0,219983.0,37.0,7.0,7.0
2025-03-05 04:00:00,0,,0,,5.587164282799,5.587164282799,3.337189376354,8.924353659153,-0.033977337815,-0.033977337815,,,-0.070577816389,-0.070577816389,-0.033977337815,0.0,1.069487042771,0.0,28.0,,,10.0,10.0
2025-03-05 08:00:00,0,,0,,8.034703016281,8.034703016281,0.0,8.034703016281,0.106818140281,0.106818140281,,,-0.015877691893,-0.015877691893,0.106818140281,0.0,0.578488568793,0.0,25.0,,,6.0,6.0
2025-03-05 12:00:00,0,,0,,11.138854503632,11.138854503632,0.950904786587,12.089759290218,0.084670713233,0.084670713233,,,-0.155786988539,-0.155786988539,0.084670713233,0.0,0.710629888291,0.0,31.0,,,4.0,4.0
2025-03-05 16:00:00,0,,0,,3.731507122517,3.731507122517,7.572554647923,11.304061770439,-0.068315947254,-0.068315947254,,,-0.474662859205,-0.474662859205,-0.068315947254,0.0,0.713376284045,0.0,39.0,,,4.0,4.0
2025-03-05 20:00:00,0,,0,,3.83979344368,3.83979344368,5.748810768127,9.588604211807,0.082364335794,0.082364335794,,,-0.153086890606,-0.153086890606,0.082364335794,0.0,0.759163812422,0.0,31.0,,,7.0,7.0
2025-03-06 00:00:00,0,7.0,0,1.0,3.593185186386,3.593185186386,3.080533921719,6.673719108105,-0.112040396867,-0.112040396867,-0.731786736319,-0.731786736319,-0.393406646517,-0.393406646517,-0.112040396867,0.0,0.853683767418,0.0,25.0,220362.0,56.0,7.0,7.0
2025-03-06 04:00:00,0,,0,,3.940148174763,3.940148174763,1.836390316486,5.776538491249,-0.088215846941,-0.088215846941,,,-0.245394397793,-0.245394397793,-0.088215846941,0.0,0.741112878081,0.0,24.0,,,7.0,7.0
2025-03-06 08:00:00,2,,1,,0.17951130867,0.17951130867,4.038298487663,4.217809796333,-0.173626603988,-0.173626603988,,,-0.492224843354,-0.492224843354,-0.173626603988,0.0,0.684814345321,0.0,25.0,,,5.0,5.0
2025-03-06 12:00:00,1,,1,,5.62984597683,5.62984597683,0.763686597347,6.393532574177,0.345580296676,0.345580296676,,,-0.015137707592,-0.015137707592,0.345580296676,0.0,0.514741480561,0.0,25.0,,,8.0,8.0
2025-03-06 16:00:00,4,,1,,8.949136018753,8.949136018753,4.019106566906,12.968242585659,0.111985837444,0.111985837444,,,1.55391620795,1.55391620795,0.111985837444,0.017076502732,0.902297102805,1.0,45.0,,,18.0,18.0
2025-03-06 20:00:00,0,,0,,5.921958684921,5.921958684921,4.864709317684,10.786668002605,-0.064418396874,-0.064418396874,,,0.583090576169,0.583090576169,-0.064418396874,0.029761904762,1.175087223618,1.0,43.0,,,13.0,13.0
2025-03-07 00:00:00,1,3.0,1,4.0,8.333817481995,8.333817481995,3.195854723454,11.529672205448,0.013521235521,0.013521235521,-0.371485738666,-0.371485738666,0.67496622373,0.67496622373,0.013521235521,0.0,0.731364251098,0.0,31.0,220910.0,61.0,10.0,10.0
2025-03-07 04:00:00,0,,0,,4.830841779709,4.830841779709,1.642158687115,6.473000466824,-0.185402524343,-0.185402524343,,,-0.184535325569,-0.184535325569,-0.185402524343,0.014775413712,0.808309809375,1.0,22.0,,,8.0,8.0
2025-03-07 08:00:00,0,,0,,7.016268610954,7.016268610954,4.024356245995,11.040624856949,0.055922958742,0.055922958742,,,0.246703730632,0.246703730632,0.055922958742,0.0,0.97943237109,0.0,33.0,,,8.0,10.0
2025-03-07 12:00:00,2,,1,,9.396520614624,9.396520614624,1.470403194427,10.866923809052,-0.057033523131,-0.057033523131,,,0.504348318156,0.504348318156,-0.057033523131,0.033166495809,0.681366817502,2.0,34.0,,,10.0,10.0
2025-03-07 16:00:00,0,,0,,10.677182614803,10.677182614803,3.468240976334,14.145423591137,0.059138602988,0.059138602988,,,1.615770992503,1.615770992503,0.059138602988,0.053736772487,1.049126298131,2.0,47.0,,,18.0,18.0
2025-03-07 20:00:00,0,,0,,1.466966688633,1.466966688633,7.235807657242,8.702774345875,-0.20094418022,-0.20094418022,,,-0.593425550608,-0.593425550608,-0.20094418022,0.0,0.971439444821,0.0,37.0,,,8.0,8.0
2025-03-08 00:00:00,0,1.0,0,4.0,0.729749500751,0.729749500751,3.295556783676,4.025306284428,-0.166006583316,-0.166006583316,-0.917178591084,-0.917178591084,-0.902148332601,-0.902148332601,-0.166006583316,0.0,1.129086274033,0.0,25.0,221224.0,45.0,9.0,11.0
2025-03-08 04:00:00,0,,0,,3.034965634346,3.034965634346,1.814949572086,4.849915206432,0.156516157706,0.156516157706,,,-0.42222089024,-0.42222089024,0.156516157706,0.0,1.288420030768,0.0,29.0,,,8.0,14.0
2025-03-08 08:00:00,0,,0,,7.212175428867,7.212175428867,0.811235249043,8.02341067791,0.210789918929,0.210789918929,,,0.141795074728,0.141795074728,0.210789918929,0.0,1.183057163206,0.0,30.0,,,11.0,12.0
2025-03-08 12:00:00,1,,1,,4.482455790043,4.482455790043,2.660681247711,7.143137037754,-0.044971239825,-0.044971239825,,,0.061065586362,0.061065586362,-0.044971239825,0.0,0.77796202244,0.0,29.0,,,6.0,6.0
2025-03-08 16:00:00,0,,0,,5.982204377651,5.982204377651,4.905834496021,10.888038873672,-0.083154443021,-0.083154443021,,,-0.403665534718,-0.403665534718,-0.083154443021,0.0,0.858698884398,0.0,34.0,,,7.0,7.0
2025-03-08 20:00:00,0,,0,,1.771746397018,1.771746397018,5.706477046013,7.478223443031,-0.049282521087,-0.049282521087,,,-0.575005877213,-0.575005877213,-0.049282521087,0.0,1.111262178661,0.0,31.0,,,7.0,7.0
2025-03-09 00:00:00,7,10.0,1,5.0,4.205884337425,4.205884337425,0.736456215382,4.942340552807,-0.050355168957,-0.050355168957,-1.039431314385,-1.039431314385,-0.512724806125,-0.512724806125,-0.050355168957,0.0,0.649623924907,0.0,15.0,221309.0,29.0,3.0,3.0
2025-03-09 04:00:00,0,,0,,0.143184363842,0.143184363842,3.280787467957,3.423971831799,0.005089067667,0.005089067667,,,-0.647561483245,-0.647561483245,0.005089067667,0.0,0.534077008967,0.0,13.0,,,4.0,4.0
2025-03-09 08:00:00,0,,0,,0.8067445755,0.8067445755,1.795486330986,2.602230906487,-0.041281165863,-0.041281165863,,,-0.558908432578,-0.558908432578,-0.041281165863,0.067204301075,0.557813187237,1.0,14.0,,,3.0,3.0
2025-03-09 12:00:00,0,,0,,0.459123075008,0.459123075008,4.215903043747,4.675026118755,-0.244333095613,-0.244333095613,,,-0.68696673175,-0.68696673175,-0.244333095613,0.00946969697,0.597799034784,1.0,21.0,,,4.0,4.0
2025-03-09 16:00:00,2,,2,,6.488569319248,6.488569319248,4.635334551334,11.123903870583,0.335344221345,0.335344221345,,,0.447894361593,0.447894361593,0.335344221345,0.0,1.038141172221,0.0,46.0,,,12.0,12.0
2025-03-09 20:00:00,1,,1,,10.194348573685,10.194348573685,4.288345396519,14.482693970203,-0.196829930748,-0.196829930748,,,0.125049997448,0.125049997448,-0.196829930748,0.0,1.153869635585,0.0,40.0,,,3.0,3.0
2025-03-10 00:00:00,0,0.0,0,6.0,19.756777226925,19.756777226925,0.954655170441,20.711432397366,-0.042496296367,-0.042496296367,0.057425694988,0.057425694988,-0.214508584253,-0.214508584253,-0.042496296367,0.0,0.984323172405,0.0,37.0,221764.0,66.0,5.0,5.0
2025-03-10 04:00:00,0,,0,,2.759386897087,2.759386897087,2.275331020355,5.034717917442,0.087024103856,0.087024103856,,,-0.136548860209,-0.136548860209,0.087024103856,0.0,0.649050653515,0.0,18.0,,,4.0,4.0
2025-03-10 08:00:00,0,,0,,7.133211612701,7.133211612701,4.042311728001,11.175523340702,-0.032533603271,-0.032533603271,,,1.027951128447,1.027951128447,-0.032533603271,0.0,0.871629192418,0.0,34.0,,,10.0,10.0
2025-03-10 12:00:00,0,,0,,7.270560860634,7.270560860634,4.053027570248,11.323588430882,0.132318396996,0.132318396996,,,1.479167125934,1.479167125934,0.132318396996,0.0,0.830480577799,0.0,44.0,,,12.0,12.0
2025-03-10 16:00:00,0,,0,,10.657810926437,10.657810926437,3.773968875408,14.431779801846,0.101523668698,0.101523668698,,,2.078523594904,2.078523594904,0.101523668698,0.022401433692,0.969159140132,1.0,57.0,,,20.0,20.0
2025-03-10 20:00:00,0,,0,,5.075925350189,5.075925350189,6.453355550766,11.529280900955,-0.168633392438,-0.168633392438,,,0.162440842036,0.162440842036,-0.168633392438,0.0,0.990384915474,0.0,44.0,,,15.0,15.0
2025-03-11 00:00:00,0,1.0,0,6.0,3.453766524792,3.453766524792,2.530073940754,5.983840465546,0.028799540777,0.028799540777,-0.937025664479,-0.937025664479,-0.411430722781,-0.411430722781,0.028799540777,0.0,0.598182604417,0.0,24.0,,39.0,4.0,4.0
2025-03-11 04:00:00,0,,0,,2.757524490356,2.757524490356,4.088042676449,6.845567166805,0.042342002909,0.042342002909,,,-0.242961598308,-0.242961598308,0.042342002909,0.037878787879,0.819062081294,1.0,26.0,,,7.0,7.0
2025-03-11 08:00:00,0,,0,,6.644927084446,6.644927084446,4.657972812653,11.302899897099,0.062277899551,0.062277899551,,,0.546211969305,0.546211969305,0.062277899551,0.0,1.028028462312,0.0,32.0,,,11.0,11.0
2025-03-11 12:00:00,0,,0,,5.099048256874,5.099048256874,3.090793728828,8.189841985703,-0.095696145739,-0.095696145739,,,-0.050064244678,-0.050064244678,-0.095696145739,0.027412280702,0.769416423448,1.0,36.0,,,7.0,7.0
2025-03-11 16:00:00,1,,1,,3.768822073936,3.768822073936,3.357662081718,7.126484155655,-0.065106331542,-0.065106331542,,,-0.577214634449,-0.577214634449,-0.065106331542,0.0,0.658566934526,0.0,25.0,,,2.0,2.0
2025-03-11 20:00:00,0,,0,,0.164433777332,0.164433777332,5.614435315132,5.778869092464,0.071792964794,0.071792964794,,,-0.285842735355,-0.285842735355,0.071792964794,0.0,0.72680899491,0.0,25.0,,,8.0,8.0
2025-03-12 00:00:00,0,3.0,0,6.0,-0.758178412914,-0.758178412914,3.157467007637,2.399288594723,-0.188045123126,-0.188045123126,-0.707067190578,-0.707067190578,-0.702629897989,-0.702629897989,-0.188045123126,0.0,0.562316323165,0.0,14.0,222622.0,87.0,4.0,4.0
2025-03-12 04:00:00,0,,0,,6.086703896523,6.086703896523,2.61246407032,8.699167966843,0.392459748941,0.392459748941,,,0.252013869606,0.252013869606,0.392459748941,0.0,0.833116321929,0.0,23.0,,,10.0,10.0
2025-03-12 08:00:00,0,,0,,-1.9079246521,-1.9079246521,12.216042101383,10.308117449284,-0.242638864782,-0.242638864782,,,-1.400675022776,-1.400675022776,-0.242638864782,0.160395495568,1.713892502838,5.0,61.0,,,29.0,29.0
2025-03-12 12:00:00,0,,0,,5.310896158218,5.310896158218,10.724604487419,16.035500645638,0.081617104954,0.081617104954,,,1.008749801741,1.008749801741,0.081617104954,0.055103659572,1.296602000464,4.0,62.0,,,21.0,23.0
2025-03-12 16:00:00,3,,2,,5.791433811188,5.791433811188,6.692788362503,12.484222173691,0.06378135007,0.06378135007,,,0.011094149488,0.011094149488,0.06378135007,0.0,1.122763006978,0.0,46.0,,,11.0,11.0
2025-03-12 20:00:00,0,,0,,1.915337860584,1.915337860584,1.664188742638,3.579526603222,-0.069613093026,-0.069613093026,,,-0.25505223833,-0.25505223833,-0.069613093026,0.031565656566,0.851749315159,1.0,28.0,,,12.0,12.0
2025-03-13 00:00:00,0,7.0,0,8.0,5.979678571224,5.979678571224,1.82395786047,7.803636431694,-0.081814480472,-0.081814480472,-0.476221401805,-0.476221401805,-0.186917905478,-0.186917905478,-0.081814480472,0.032051282051,1.061431280596,1.0,25.0,224537.0,57.0,6.0,6.0
2025-03-13 04:00:00,7,,1,,1.187731981277,1.187731981277,3.841132283211,5.028864264488,-0.037140228003,-0.037140228003,,,-0.24687416213,-0.24687416213,-0.037140228003,0.0,1.058478969076,0.0,21.0,,,6.0,6.0
2025-03-13 08:00:00,0,,0,,3.282050430775,3.282050430775,3.208331048489,6.490381479263,-0.035755830962,-0.035755830962,,,-0.171504994301,-0.171504994301,-0.035755830962,0.106515295861,1.043490783756,3.0,29.0,,,9.0,9.0
2025-03-13 12:00:00,0,,0,,10.558189332485,10.558189332485,3.087495326996,13.645684659481,0.233403395587,0.233403395587,,,1.1642832739,1.1642832739,0.233403395587,0.042038070983,1.072118962892,2.0,43.0,,,20.0,20.0
2025-03-13 16:00:00,0,,0,,8.710697412491,8.710697412491,3.959424078465,12.670121490955,-0.148917577328,-0.148917577328,,,0.079168987654,0.079168987654,-0.148917577328,0.018115942029,1.056710749328,1.0,40.0,,,10.0,10.0
2025-03-13 20:00:00,0,,0,,6.092625319958,6.092625319958,2.463089704514,8.555715024471,-0.017746101748,-0.017746101748,,,0.054894426578,0.054894426578,-0.017746101748,0.0,1.012926027179,0.0,29.0,,,6.0,6.0
2025-03-14 00:00:00,0,1.0,0,8.0,-1.811418354511,-1.811418354511,3.383492946625,1.572074592113,-0.134662184927,-0.134662184927,-0.579987570714,-0.579987570714,-0.258182444116,-0.258182444116,-0.134662184927,0.0,0.535877393429,0.0,13.0,225197.0,56.0,3.0,3.0
2025-03-14 04:00:00,1,,1,,2.483862698078,2.483862698078,0.803457975388,3.287320673466,0.033622407083,0.033622407083,,,-0.209050463196,-0.209050463196,0.033622407083,0.0,0.717655092509,0.0,15.0,,,7.0,7.0
2025-03-14 08:00:00,0,,0,,7.508043825626,7.508043825626,1.556973576546,9.065017402172,0.074572740687,0.074572740687,,,0.06121513584,0.06121513584,0.074572740687,0.0,0.768249498029,0.0,24.0,,,8.0,8.0
2025-03-14 12:00:00,0,,0,,8.022852480412,8.022852480412,1.689870774746,9.712723255157,-0.020714969481,-0.020714969481,,,0.136769469355,0.136769469355,-0.020714969481,0.017806267806,0.655713877772,1.0,26.0,,,10.0,10.0
2025-03-14 16:00:00,0,,0,,13.485600531101,13.485600531101,3.33567494154,16.821275472641,0.229330404952,0.229330404952,,,1.511962643776,1.511962643776,0.229330404952,0.07865976616,0.959922128759,4.0,44.0,,,22.0,22.0
2025-03-14 20:00:00,0,,0,,2.149542331696,2.149542331696,3.358224570751,5.507766902447,-0.190093329202,-0.190093329202,,,-0.372048079353,-0.372048079353,-0.190093329202,0.048165401426,0.685844488668,2.0,24.0,,,6.0,6.0
2025-03-15 00:00:00,1,1.0,1,7.0,5.494682192802,5.494682192802,2.230721890926,7.725404083729,0.076273674004,0.076273674004,-0.959209661504,-0.959209661504,-0.23896785402,-0.23896785402,0.076273674004,0.0,0.898384933884,0.0,24.0,225744.0,31.0,4.0,4.0
2025-03-15 04:00:00,0,,0,,3.983696579933,3.983696579933,1.622517704964,5.606214284897,0.15748293563,0.15748293563,,,-0.313840272983,-0.313840272983,0.15748293563,0.020032051282,0.499427130568,1.0,15.0,,,5.0,5.0
2025-03-15 08:00:00,0,,0,,1.710164904594,1.710164904594,3.113358557224,4.823523461819,-0.152330742697,-0.152330742697,,,-0.433599647003,-0.433599647003,-0.152330742697,0.099715099715,0.911796691516,3.0,25.0,,,4.0,4.0
2025-03-15 12:00:00,0,,0,,6.095707178116,6.095707178116,3.078331589699,9.174038767815,0.1760800045,0.1760800045,,,0.005107934635,0.005107934635,0.1760800045,0.0,0.93823298313,0.0,29.0,,,9.0,9.0
2025-03-15 16:00:00,0,,0,,1.652705669403,1.652705669403,4.683629393578,6.336335062981,-0.139519764602,-0.139519764602,,,-0.333609769067,-0.333609769067,-0.139519764602,0.0,0.808150477464,0.0,26.0,,,7.0,7.0
2025-03-15 20:00:00,0,,0,,5.140105545521,5.140105545521,1.575224399567,6.715329945087,-0.136289816135,-0.136289816135,,,-0.461170647767,-0.461170647767,-0.136289816135,0.0,0.645430823402,0.0,16.0,,,2.0,2.0
2025-03-16 00:00:00,0,12.0,0,8.0,7.734293341637,7.734293341637,0.877216696739,8.611510038376,0.331713433752,0.331713433752,-0.488307685813,-0.488307685813,0.012286963923,0.012286963923,0.331713433752,0.0,1.012022658269,0.0,19.0,225955.0,55.0,6.0,6.0
2025-03-16 04:00:00,0,,0,,6.072333693504,6.072333693504,0.0,6.072333693504,-0.143219565625,-0.143219565625,,,-0.350540828344,-0.350540828344,-0.143219565625,0.0,0.545541061507,0.0,11.0,,,2.0,2.0
2025-03-16 08:00:00,0,,0,,5.560973286629,5.560973286629,0.854422271252,6.41539555788,0.035574593889,0.035574593889,,,-0.012083856871,-0.012083856871,0.035574593889,0.0,0.879463109371,0.0,20.0,,,8.0,8.0
2025-03-16 12:00:00,11,,2,,4.899696350098,4.899696350098,4.163599252701,9.063295602798,0.067129811538,0.067129811538,,,-0.073417669093,-0.073417669093,0.067129811538,0.0,1.323605526236,0.0,32.0,,,7.0,7.0
2025-03-16 16:00:00,1,,1,,9.028271734715,9.028271734715,7.010511517525,16.038783252239,0.012997167891,0.012997167891,,,1.21716368327,1.21716368327,0.012997167891,0.0,1.94386557144,0.0,66.0,,,18.0,18.0
2025-03-16 20:00:00,0,,0,,2.364391684532,2.364391684532,4.627638399601,6.992030084133,-0.129048402213,-0.129048402213,,,-0.255369221526,-0.255369221526,-0.129048402213,0.0,1.748841362439,0.0,38.0,,,14.0,14.0
2025-03-17 00:00:00,0,6.0,0,8.0,7.727317094803,7.727317094803,0.792921364307,8.52023845911,0.197024617635,0.197024617635,-0.115397112364,-0.115397112364,-0.006395724845,-0.006395724845,0.197024617635,0.0,1.147013910304,0.0,20.0,227057.0,79.0,10.0,10.0
2025-03-17 04:00:00,3,,1,,4.199505448341,4.199505448341,2.266484498978,6.465989947319,-0.204927401413,-0.204927401413,,,-0.23800844678,-0.23800844678,-0.204927401413,0.0,0.938917949749,0.0,20.0,,,5.0,5.0
2025-03-17 08:00:00,0,,0,,4.887008070946,4.887008070946,2.347403764725,7.23441183567,0.211218629484,0.211218629484,,,0.471018266725,0.471018266725,0.211218629484,0.0,1.065569891272,0.0,35.0,,,17.0,17.0
2025-03-17 12:00:00,1,,1,,6.010085821152,6.010085821152,2.52817940712,8.538265228271,-0.00163120874,-0.00163120874,,,0.224445412387,0.224445412387,-0.00163120874,0.0,0.831177397177,0.0,31.0,,,11.0,11.0
2025-03-17 16:00:00,0,,0,,10.614082753658,10.614082753658,6.462233781815,17.076316535473,0.088975741019,0.088975741019,,,1.027766991246,1.027766991246,0.088975741019,0.0,1.413325030479,0.0,52.0,,,20.0,20.0
2025-03-17 20:00:00,2,,1,,3.759742081165,3.759742081165,2.488160848618,6.247902929783,-0.075949465271,-0.075949465271,,,0.02219915533,0.02219915533,-0.075949465271,0.0,1.147490578386,0.0,37.0,,,16.0,16.0
2025-03-18 00:00:00,0,0.0,0,8.0,0.783183634281,0.783183634281,5.158887803555,5.942071437836,0.012503456397,0.012503456397,-0.847074425308,-0.847074425308,-0.437612496652,-0.437612496652,0.012503456397,0.036549707602,1.118688106696,1.0,31.0,228221.0,63.0,10.0,10.0
2025-03-18 04:00:00,0,,0,,-4.036340892315,-4.036340892315,5.009545981884,0.973205089569,-0.269647585195,-0.269647585195,,,-0.673058580209,-0.673058580209,-0.269647585195,0.0,0.617372177857,0.0,22.0,,,8.0,8.0
2025-03-18 08:00:00,0,,0,,0.160915434361,0.160915434361,5.084216713905,5.245132148266,0.196658257683,0.196658257683,,,0.322184645954,0.322184645954,0.196658257683,0.0,1.037281745879,0.0,30.0,,,16.0,16.0
2025-03-18 12:00:00,0,,0,,7.53037071228,7.53037071228,3.718010723591,11.248381435871,0.085879657433,0.085879657433,,,0.279531794838,0.279531794838,0.085879657433,0.0,0.955083707204,0.0,39.0,,,16.0,16.0
2025-03-18 16:00:00,0,,0,,2.208012580872,2.208012580872,3.909287750721,6.117300331593,-0.166686122374,-0.166686122374,,,-0.469615609666,-0.469615609666,-0.166686122374,0.0,0.796242956424,0.0,28.0,,,6.0,6.0
2025-03-18 20:00:00,0,,0,,9.006569683552,9.006569683552,1.736848890781,10.743418574333,0.066635818988,0.066635818988,,,0.067625132596,0.067625132596,0.066635818988,0.0,0.908001403767,0.0,26.0,,,7.0,7.0
2025-03-19 00:00:00,0,0.0,0,7.0,3.458125293255,3.458125293255,2.322030961514,5.780156254768,0.212402395495,0.212402395495,-0.492825615982,-0.492825615982,-0.236788096786,-0.236788096786,0.212402395495,0.0,0.648620858074,0.0,15.0,228854.0,67.0,6.0,6.0
2025-03-19 04:00:00,0,,0,,3.89128613472,3.89128613472,1.593267679214,5.484553813934,-0.06857641615,-0.06857641615,,,-0.233771394408,-0.233771394408,-0.06857641615,0.0,0.740801592302,0.0,18.0,,,6.0,6.0
2025-03-19 08:00:00,0,,0,,9.384148180485,9.384148180485,2.490986585617,11.875134766102,-0.061736932685,-0.061736932685,,,0.382481991844,0.382481991844,-0.061736932685,0.044326241135,1.049930467349,1.0,37.0,,,10.0,10.0
2025-03-19 12:00:00,0,,0,,6.587407886982,6.587407886982,3.229639708996,9.817047595978,0.050196025834,0.050196025834,,,0.341984102309,0.341984102309,0.050196025834,0.0,1.090613250964,0.0,44.0,,,16.0,16.0
2025-03-19 16:00:00,0,,0,,1.146438419819,1.146438419819,6.494618356228,7.641056776047,-0.120736550362,-0.120736550362,,,-0.326312686979,-0.326312686979,-0.120736550362,0.0,1.453912172653,0.0,56.0,,,18.0,18.0
2025-03-19 20:00:00,0,,0,,3.585091352463,3.585091352463,6.593853235245,10.178944587708,-0.000602249696,-0.000602249696,,,-0.219557300773,-0.219557300773,-0.000602249696,0.0,0.893704436808,0.0,32.0,,,11.0,11.0
2025-03-20 00:00:00,0,0.0,0,6.0,5.918025612831,5.918025612831,2.30498021841,8.223005831242,0.079299739938,0.079299739938,-0.324197119981,-0.324197119981,0.024982987256,0.024982987256,0.079299739938,0.0,1.002078852705,0.0,23.0,228747.0,71.0,10.0,10.0
2025-03-20 04:00:00,0,,0,,4.926452338696,4.926452338696,0.746995508671,5.673447847366,-0.064540805465,-0.064540805465,,,-0.221358126635,-0.221358126635,-0.064540805465,0.0,0.853851332232,0.0,21.0,,,7.0,8.0
2025-03-20 08:00:00,0,,0,,6.429224431515,6.429224431515,1.607237696648,8.036462128162,0.017663358726,0.017663358726,,,0.177947866801,0.177947866801,0.017663358726,0.0,1.408563505501,0.0,29.0,,,10.0,10.0
2025-03-20 12:00:00,0,,0,,1.842031657696,1.842031657696,7.420460283756,9.262491941452,-0.096691592361,-0.096691592361,,,-0.091844887695,-0.091844887695,-0.096691592361,0.0,1.136059519387,0.0,45.0,,,16.0,16.0
2025-03-20 16:00:00,0,,0,,8.7664103508,8.7664103508,3.17373073101,11.94014108181,0.061626424056,0.061626424056,,,0.74706096879,0.74706096879,0.061626424056,0.0,1.195072227311,0.0,44.0,,,18.0,18.0
2025-03-20 20:00:00,0,,0,,3.892993450165,3.892993450165,3.059576809406,6.952570259571,-0.177610391699,-0.177610391699,,,-0.325559310356,-0.325559310356,-0.177610391699,0.0,1.077966806829,0.0,26.0,,,10.0,10.0
2025-03-21 00:00:00,2,3.0,1,5.0,2.359383642673,2.359383642673,0.71417427063,3.073557913303,0.006958468392,0.006958468392,-0.670064167653,-0.670064167653,-0.443510907534,-0.443510907534,0.006958468392,0.0,0.607860145117,0.0,11.0,229103.0,59.0,6.0,6.0
2025-03-21 04:00:00,1,,1,,1.289918959141,1.289918959141,2.694441080093,3.984360039234,0.043499835468,0.043499835468,,,-0.474222099629,-0.474222099629,0.043499835468,0.0,0.760619574495,0.0,13.0,,,3.0,3.0
2025-03-21 08:00:00,0,,0,,1.868556439877,1.868556439877,3.277998864651,5.146555304527,-0.026306420296,-0.026306420296,,,-0.18332567844,-0.18332567844,-0.026306420296,0.0,1.02192519064,0.0,30.0,,,9.0,9.0
2025-03-21 12:00:00,0,,0,,-2.241495966911,-2.241495966911,6.482873558998,4.241377592087,-0.071734761993,-0.071734761993,,,-0.777214452036,-0.777214452036,-0.071734761993,0.0,0.920089937861,0.0,33.0,,,9.0,9.0
2025-03-21 16:00:00,0,,0,,9.224874913692,9.224874913692,5.951659917831,15.176534831524,0.186228939991,0.186228939991,,,1.134999668273,1.134999668273,0.186228939991,0.0,1.174924674913,0.0,42.0,,,22.0,22.0
2025-03-21 20:00:00,0,,0,,12.913462042809,12.913462042809,3.117225289345,16.030687332153,-0.040211098157,-0.040211098157,,,1.221972603637,1.221972603637,-0.040211098157,0.023148148148,1.968963779353,1.0,43.0,,,14.0,14.0
2025-03-22 00:00:00,0,0.0,0,6.0,3.246670544147,3.246670544147,0.790200471878,4.036871016026,-0.195506998511,-0.195506998511,-0.713531644602,-0.713531644602,-0.462937783434,-0.462937783434,-0.195506998511,0.0,1.287146777449,0.0,13.0,229062.0,47.0,3.0,3.0
2025-03-22 04:00:00,0,,0,,6.61303961277,6.61303961277,0.801659047604,7.414698660374,0.211214574066,0.211214574066,,,-0.27068839525,-0.27068839525,0.211214574066,0.099206349206,1.754901190882,1.0,25.0,,,6.0,6.0
2025-03-22 08:00:00,0,,0,,9.687624812126,9.687624812126,0.8198376894,10.507462501526,0.355910979475,0.355910979475,,,0.634390106719,0.634390106719,0.355910979475,0.21233974359,1.116820389851,2.0,23.0,,,13.0,13.0
2025-03-22 12:00:00,0,,0,,8.373157858849,8.373157858849,2.338667392731,10.711825251579,-0.027258078619,-0.027258078619,,,0.07204394577,0.07204394577,-0.027258078619,0.127655228758,1.268966297913,2.0,32.0,,,9.0,9.0
2025-03-22 16:00:00,0,,0,,2.418515980244,2.418515980244,2.539152562618,4.957668542862,-0.117348911144,-0.117348911144,,,-0.325494543239,-0.325494543239,-0.117348911144,0.0,0.993651830793,0.0,26.0,,,11.0,11.0
2025-03-22 20:00:00,0,,0,,-0.454226613045,-0.454226613045,4.387140512466,3.932913899422,0.059662168739,0.059662168739,,,-0.403173757446,-0.403173757446,0.059662168739,0.0,0.907856152753,0.0,21.0,,,5.0,5.0
2025-03-23 00:00:00,0,0.0,0,5.0,0.783226847649,0.783226847649,0.902163743973,1.685390591621,-0.10369740783,-0.10369740783,-1.2146254799,-1.2146254799,-0.493416270171,-0.493416270171,-0.10369740783,0.0,0.440328770758,0.0,6.0,229451.0,33.0,4.0,4.0
2025-03-23 04:00:00,0,,0,,2.343078315258,2.343078315258,1.690681815147,4.033760130405,-0.111819768589,-0.111819768589,,,-0.495887875178,-0.495887875178,-0.111819768589,0.0,1.308701360725,0.0,17.0,,,3.0,3.0
2025-03-23 08:00:00,0,,0,,2.454288423061,2.454288423061,1.445765078068,3.900053501129,0.196615446523,0.196615446523,,,-0.345181508313,-0.345181508313,0.196615446523,0.0,0.919696466681,0.0,19.0,,,6.0,6.0
2025-03-23 12:00:00,0,,0,,1.644336760044,1.644336760044,3.221483767033,4.865820527077,0.036737752403,0.036737752403,,,-0.396049622016,-0.396049622016,0.036737752403,0.0,0.984393988636,0.0,25.0,,,8.0,8.0
2025-03-23 16:00:00,0,,0,,4.028045713902,4.028045713902,5.413958609104,9.442004323006,-0.02149561652,-0.02149561652,,,0.055630282348,0.055630282348,-0.02149561652,0.0,1.616446245795,0.0,40.0,,,10.0,10.0
2025-03-23 20:00:00,0,,0,,3.260003149509,3.260003149509,1.508261620998,4.768264770508,-0.080765955354,-0.080765955354,,,-0.349917970444,-0.349917970444,-0.080765955354,0.0,0.941469542359,0.0,17.0,,,2.0,2.0
2025-03-24 00:00:00,0,1.0,0,3.0,6.10130918026,6.10130918026,0.902822613716,7.004131793976,0.06235052486,0.06235052486,-0.724045960166,-0.724045960166,-0.15076838062,-0.15076838062,0.06235052486,0.023674242424,0.980433484026,1.0,18.0,229542.0,43.0,7.0,7.0
2025-03-24 04:00:00,0,,0,,5.840008914471,5.840008914471,0.0,5.840008914471,0.068587309473,0.068587309473,,,-0.248809200787,-0.248809200787,0.068587309473,0.0,0.48630243347,0.0,12.0,,,4.0,4.0
2025-03-24 08:00:00,0,,0,,2.712557077408,2.712557077408,1.548048377037,4.260605454445,-0.038379140099,-0.038379140099,,,-0.4054734998,-0.4054734998,-0.038379140099,0.0,0.486607188116,0.0,17.0,,,4.0,4.0
2025-03-24 12:00:00,1,,1,,2.797550737858,2.797550737858,5.803107261658,8.600657999516,-0.157694585902,-0.157694585902,,,-0.380634770393,-0.380634770393,-0.157694585902,0.048747947455,0.880835834671,2.0,35.0,,,9.0,9.0
2025-03-24 16:00:00,0,,0,,4.146056234837,4.146056234837,4.885944068432,9.032000303268,0.127081176401,0.127081176401,,,0.194323309102,0.194323309102,0.127081176401,0.0,0.897111088395,0.0,36.0,,,11.0,11.0
2025-03-24 20:00:00,0,,0,,8.630908608437,8.630908608437,3.275441884995,11.906350493431,0.028358550667,0.028358550667,,,0.585049578547,0.585049578547,0.028358550667,0.049603174603,1.182349952839,1.0,38.0,,,8.0,8.0
2025-03-25 00:00:00,0,1.0,0,3.0,2.299294412136,2.299294412136,3.043848454952,5.343142867088,-0.019253675165,-0.019253675165,-0.042733135547,-0.042733135547,-0.27467884023,-0.27467884023,-0.019253675165,0.0,1.514000633856,0.0,27.0,230019.0,45.0,5.0,5.0
2025-03-25 04:00:00,0,,0,,5.478709578514,5.478709578514,0.832620084286,6.3113296628,-0.097196263946,-0.097196263946,,,-0.009887972969,-0.009887972969,-0.097196263946,0.0,0.693153761205,0.0,21.0,,,4.0,4.0
2025-03-25 08:00:00,1,,1,,8.920082211494,8.920082211494,3.167106091976,12.087188303471,0.115432486454,0.115432486454,,,1.454233258362,1.454233258362,0.115432486454,0.0,0.926975973616,0.0,29.0,,,9.0,9.0
2025-03-25 12:00:00,0,,0,,15.493044197559,15.493044197559,0.0,15.493044197559,0.03855800867,0.03855800867,,,1.037248560332,1.037248560332,0.03855800867,0.0,0.723486251507,0.0,32.0,,,8.0,8.0
2025-03-25 16:00:00,0,,0,,8.304126262665,8.304126262665,0.744147717953,9.048273980618,-0.133166309362,-0.133166309362,,,0.641200392474,0.641200392474,-0.133166309362,0.0,0.940505044812,0.0,36.0,,,11.0,11.0
2025-03-25 20:00:00,0,,0,,12.397524535656,12.397524535656,1.477258205414,13.87478274107,0.004634765906,0.004634765906,,,0.717003927701,0.717003927701,0.004634765906,0.0,1.06018417712,0.0,37.0,,,8.0,8.0
2025-03-26 00:00:00,4,4.0,1,4.0,5.91806435585,5.91806435585,2.322690606117,8.240754961967,0.126402625866,0.126402625866,5.265857813013,5.265857813013,0.302904859097,0.302904859097,0.126402625866,0.0,1.269461888983,0.0,30.0,230133.0,251.0,11.0,13.0
2025-03-26 04:00:00,0,,0,,4.783472895622,4.783472895622,1.436919867992,6.220392763615,-0.032127100727,-0.032127100727,,,0.230083198659,0.230083198659,-0.032127100727,0.0,0.710658075496,0.0,18.0,,,9.0,9.0
2025-03-26 08:00:00,0,,0,,8.413106381893,8.413106381893,0.710862755775,9.123969137669,-0.044332421008,-0.044332421008,,,0.219234558912,0.219234558912,-0.044332421008,0.0,0.548904116281,0.0,21.0,,,8.0,8.0
2025-03-26 12:00:00,0,,0,,23.521855711937,23.521855711937,28.73305773735,52.254913449287,0.180934831334,0.180934831334,,,3.117834099019,3.117834099019,0.180934831334,0.103238265003,3.562374232753,3.0,175.0,,,103.0,103.0
2025-03-26 16:00:00,0,,0,,3.709538638592,3.709538638592,30.660466969013,34.370005607605,-0.10300308251,-0.10300308251,,,-0.659110645632,-0.659110645632,-0.10300308251,0.0,3.859299194608,0.0,168.0,,,101.0,101.0
2025-03-26 20:00:00,0,,0,,9.375241160393,9.375241160393,6.810369551182,16.185610711575,-0.02238540353,-0.02238540353,,,0.035801336897,0.035801336897,-0.02238540353,0.0,1.892051344116,0.0,57.0,,,20.0,20.0
2025-03-27 00:00:00,0,0.0,0,4.0,1.384520888329,1.384520888329,7.458661496639,8.843182384968,-0.270704973989,-0.270704973989,1.671355379005,1.671355379005,-0.158293358888,-0.158293358888,-0.270704973989,0.094696969697,1.777821914255,1.0,35.0,231968.0,104.0,15.0,15.0
2025-03-27 04:00:00,0,,0,,0.581968426704,0.581968426704,7.478862404823,8.060830831528,0.053477216883,0.053477216883,,,-0.130819380296,-0.130819380296,0.053477216883,0.0,1.796979810957,0.0,41.0,,,16.0,16.0
2025-03-27 08:00:00,0,,0,,17.532371520996,17.532371520996,5.631214559078,23.163586080074,0.049614260263,0.049614260263,,,0.164441982553,0.164441982553,0.049614260263,0.0,1.75049933765,0.0,59.0,,,18.0,18.0
2025-03-27 12:00:00,0,,0,,18.300242304802,18.300242304802,7.035333096981,25.335575401783,0.109554715637,0.109554715637,,,0.243477652746,0.243477652746,0.109554715637,0.049352864218,1.490702136038,2.0,63.0,,,26.0,26.0
2025-03-27 16:00:00,0,,0,,13.581391274929,13.581391274929,1.511935472488,15.093326747417,-0.183255533192,-0.183255533192,,,-0.0585257362,-0.0585257362,-0.183255533192,0.020833333333,1.185954986565,1.0,47.0,,,14.0,14.0
2025-03-27 20:00:00,0,,0,,10.124890267849,10.124890267849,7.278235435486,17.403125703335,0.00272081675,0.00272081675,,,-0.010882400287,-0.010882400287,0.00272081675,0.0,1.461566596318,0.0,42.0,,,15.0,15.0
2025-03-28 00:00:00,0,0.0,0,4.0,2.933159887791,2.933159887791,5.449794590473,8.382954478264,-0.119140161248,-0.119140161248,0.650906367108,0.650906367108,-0.211421388795,-0.211421388795,-0.119140161248,0.040849673203,1.160842257327,1.0,29.0,233879.0,73.0,10.0,10.0
2025-03-28 04:00:00,0,,0,,13.928725659847,13.928725659847,4.098888874054,18.027614533901,0.186781569048,0.186781569048,,,-0.036879311751,-0.036879311751,0.186781569048,0.166885583552,1.089837731476,5.0,40.0,,,11.0,11.0
2025-03-28 08:00:00,0,,0,,8.467955112457,8.467955112457,6.555082559586,15.023037672043,-0.12579257456,-0.12579257456,,,-0.147730578284,-0.147730578284,-0.12579257456,0.036549707602,1.359092950334,1.0,45.0,,,15.0,15.0
2025-03-28 12:00:00,0,,0,,17.186083257198,17.186083257198,4.011686444283,21.197769701481,0.283255934876,0.283255934876,,,0.026367871439,0.026367871439,0.283255934876,0.0,1.111663579795,0.0,53.0,,,15.0,15.0
2025-03-28 16:00:00,0,,0,,10.205551147461,10.205551147461,1.611077070236,11.816628217697,-0.159969522237,-0.159969522237,,,-0.089404072945,-0.089404072945,-0.159969522237,0.05787037037,1.018048487575,1.0,38.0,,,14.0,14.0
2025-03-28 20:00:00,0,,0,,4.650575101376,4.650575101376,2.470239818096,7.120814919472,-0.138319195773,-0.138319195773,,,-0.198022645548,-0.198022645548,-0.138319195773,0.0,0.904005491337,0.0,26.0,,,8.0,8.0
2025-03-29 00:00:00,0,0.0,0,2.0,3.157542407513,3.157542407513,3.48445546627,6.641997873783,-0.01470914444,-0.01470914444,-0.836436743307,-0.836436743307,-0.219016466175,-0.219016466175,-0.01470914444,0.0,1.283693631178,0.0,20.0,234143.0,33.0,5.0,5.0
2025-03-29 04:00:00,0,,0,,2.600971400738,2.600971400738,1.571123957634,4.172095358372,-0.223861758793,-0.223861758793,,,-0.463787462413,-0.463787462413,-0.223861758793,0.086805555556,0.838192191088,1.0,13.0,,,2.0,2.0
2025-03-29 08:00:00,0,,0,,3.025341331959,3.025341331959,0.0,3.025341331959,0.072409975563,0.072409975563,,,-0.556802608189,-0.556802608189,0.072409975563,0.015096618357,0.428141632211,1.0,16.0,,,2.0,2.0
2025-03-29 12:00:00,0,,0,,8.451908409595,8.451908409595,0.763360798359,9.215269207954,0.247752148727,0.247752148727,,,-0.356639217532,-0.356639217532,0.247752148727,0.0,0.71598425733,0.0,22.0,,,6.0,6.0
2025-03-29 16:00:00,0,,0,,3.880623579025,3.880623579025,3.31308144331,7.193705022335,-0.009888822573,-0.009888822573,,,-0.466138065744,-0.466138065744,-0.009888822573,0.0,0.919654982996,0.0,28.0,,,11.0,11.0
2025-03-29 20:00:00,0,,0,,4.568719446659,4.568719446659,2.438585162163,7.007304608822,-0.057459776173,-0.057459776173,,,-0.583759867188,-0.583759867188,-0.057459776173,0.0,1.222481663017,0.0,27.0,,,7.0,7.0
2025-03-30 00:00:00,0,0.0,0,2.0,2.489085018635,2.489085018635,1.553637981415,4.04272300005,-0.144155015681,-0.144155015681,-0.996436957636,-0.996436957636,-0.572198003726,-0.572198003726,-0.144155015681,0.0,0.846199185415,0.0,14.0,234326.0,25.0,3.0,3.0
2025-03-30 04:00:00,0,,0,,0.079711198807,0.079711198807,0.747000932693,0.8267121315,0.202725059894,0.202725059894,,,-0.471567879937,-0.471567879937,0.202725059894,0.0,0.595475126725,0.0,9.0,,,4.0,4.0
2025-03-30 08:00:00,0,,0,,1.812700092793,1.812700092793,3.189513802528,5.002213895321,-0.205350398683,-0.205350398683,,,-0.404455026564,-0.404455026564,-0.205350398683,0.0,0.884356486,0.0,19.0,,,6.0,6.0
2025-03-30 12:00:00,0,,0,,7.12507891655,7.12507891655,0.881388783455,8.006467700005,0.333640512565,0.333640512565,,,-0.060375665463,-0.060375665463,0.333640512565,0.046296296296,1.085744426379,1.0,27.0,,,5.0,5.0
2025-03-30 16:00:00,0,,0,,3.175196111202,3.175196111202,1.608064234257,4.783260345459,-0.113144673547,-0.113144673547,,,-0.413806616337,-0.413806616337,-0.113144673547,0.0,0.98186231244,0.0,21.0,,,3.0,3.0
2025-03-30 20:00:00,0,,0,,2.120913565159,2.120913565159,2.41510695219,4.536020517349,-0.104117219036,-0.104117219036,,,-0.421372444521,-0.421372444521,-0.104117219036,0.0,1.462809638748,0.0,27.0,,,4.0,4.0
2025-03-31 00:00:00,0,0.0,0,2.0,3.047618508339,3.047618508339,1.600296318531,4.64791482687,0.129290708863,0.129290708863,-0.062282407375,-0.062282407375,-0.349737135598,-0.349737135598,0.129290708863,0.0,1.142066052033,0.0,16.0,234437.0,54.0,6.0,6.0
2025-03-31 04:00:00,0,,0,,9.360081136227,9.360081136227,0.859391927719,10.219473063946,0.274743027419,0.274743027419,,,1.031327004988,1.031327004988,0.274743027419,0.0,0.862080088006,0.0,21.0,,,7.0,7.0
2025-03-31 08:00:00,0,,0,,17.599858105183,17.599858105183,0.703855097294,18.303713202477,0.18578130878,0.18578130878,,,3.361582755758,3.361582755758,0.18578130878,0.061274509804,1.311805114986,1.0,35.0,,,17.0,17.0
2025-03-31 12:00:00,0,,0,,3.955517232418,3.955517232418,3.347303688526,7.302820920944,-0.318110245365,-0.318110245365,,,-0.269910064531,-0.269910064531,-0.318110245365,0.0,0.672651769354,0.0,27.0,,,3.0,3.0
2025-03-31 16:00:00,0,,0,,7.905646920204,7.905646920204,2.17384314537,10.079490065575,0.287066212786,0.287066212786,,,0.630254387757,0.630254387757,0.287066212786,0.0,0.679096875245,0.0,24.0,,,14.0,14.0
2025-03-31 20:00:00,0,,0,,4.306609153748,4.306609153748,2.222881138325,6.529490292072,-0.218009647007,-0.218009647007,,,-0.052419594251,-0.052419594251,-0.218009647007,0.0,1.050353842799,0.0,29.0,,,7.0,7.0
2025-04-01 00:00:00,0,1.0,0,1.0,5.578248262405,5.578248262405,1.764002978802,7.342251241207,0.016039587717,0.016039587717,0.841111978854,0.841111978854,-0.229133766549,-0.229133766549,0.016039587717,0.0,0.803973552763,0.0,21.0,235016.0,50.0,3.0,3.0
2025-04-01 04:00:00,0,,0,,11.594837427139,11.594837427139,3.161322593689,14.756160020828,0.081761619995,0.081761619995,,,0.430968794026,0.430968794026,0.081761619995,0.0,1.21673621414,0.0,33.0,,,7.0,7.0
2025-04-01 08:00:00,1,,1,,15.193900227547,15.193900227547,3.268126964569,18.462027192116,0.094801949664,0.094801949664,,,2.341358959327,2.341358959327,0.094801949664,0.0,1.171776387871,0.0,43.0,,,21.0,21.0
2025-04-01 12:00:00,0,,0,,21.112235784531,21.112235784531,0.0,21.112235784531,-0.206175860909,-0.206175860909,,,0.410573191707,0.410573191707,-0.206175860909,0.0,0.864955531567,0.0,36.0,,,7.0,7.0
2025-04-01 16:00:00,0,,0,,19.69850808382,19.69850808382,2.315698802471,22.014206886292,-0.051582995076,-0.051582995076,,,0.46829607326,0.46829607326,-0.051582995076,0.0,1.096437097676,0.0,40.0,,,8.0,8.0
2025-04-01 20:00:00,0,,0,,16.113994300365,16.113994300365,0.773309707642,16.887304008007,-0.095949203133,-0.095949203133,,,-0.282209744467,-0.282209744467,-0.095949203133,0.0,1.208039753396,0.0,33.0,,,4.0,4.0
2025-04-02 00:00:00,0,8.0,0,1.0,8.679973602295,8.679973602295,0.906377911568,9.586351513863,0.059183038103,0.059183038103,-0.320097900377,-0.320097900377,-0.541315249504,-0.541315249504,0.059183038103,0.0,0.993198753678,0.0,20.0,235416.0,45.0,3.0,3.0
2025-04-02 04:00:00,4,,1,,8.829838752747,8.829838752747,0.0,8.829838752747,-0.053661511002,-0.053661511002,,,-0.398418824188,-0.398418824188,-0.053661511002,0.0,0.946228855182,0.0,21.0,,,3.0,3.0
2025-04-02 08:00:00,0,,0,,5.177426457405,5.177426457405,2.773071408272,7.950497865677,-0.001705237686,-0.001705237686,,,-0.313566722049,-0.313566722049,-0.001705237686,0.066137566138,1.08994379773,2.0,29.0,,,8.0,8.0
2025-04-02 12:00:00,0,,0,,4.961756885052,4.961756885052,5.646333515644,10.608090400696,0.063439044466,0.063439044466,,,0.119509728517,0.119509728517,0.063439044466,0.040849673203,1.008106746996,1.0,38.0,,,14.0,14.0
2025-04-02 16:00:00,0,,0,,7.776172876358,7.776172876358,1.64651787281,9.422690749168,-0.117948146823,-0.117948146823,,,-0.126930960415,-0.126930960415,-0.117948146823,0.0,0.82078778759,0.0,25.0,,,8.0,8.0
2025-04-02 20:00:00,4,,1,,6.688377439976,6.688377439976,1.562838971615,8.251216411591,0.023448616841,0.023448616841,,,-0.330683453784,-0.330683453784,0.023448616841,0.0,1.042759031297,0.0,29.0,,,9.0,9.0
2025-04-03 00:00:00,4,4.0,2,2.0,2.204392492771,2.204392492771,0.0,2.204392492771,-0.175864123699,-0.175864123699,-0.690645649647,-0.690645649647,-0.696866524742,-0.696866524742,-0.175864123699,0.0,0.713794401111,0.0,11.0,235619.0,34.0,2.0,2.0
2025-04-03 04:00:00,0,,0,,7.333724439144,7.333724439144,0.0,7.333724439144,0.069783888721,0.069783888721,,,-0.543542310397,-0.543542310397,0.069783888721,0.0,0.805643353228,0.0,15.0,,,2.0,2.0
2025-04-03 08:00:00,0,,0,,5.615264296532,5.615264296532,3.90525662899,9.520520925522,0.007212506293,0.007212506293,,,-0.324999044567,-0.324999044567,0.007212506293,0.0,1.1358067553,0.0,32.0,,,7.0,7.0
2025-04-03 12:00:00,0,,0,,5.412405967712,5.412405967712,2.990240752697,8.402646720409,0.025490864459,0.025490864459,,,-0.167597740403,-0.167597740403,0.025490864459,0.045289855072,0.832532980539,1.0,31.0,,,11.0,11.0
2025-04-03 16:00:00,0,,0,,7.993695735931,7.993695735931,5.594905495644,13.588601231575,-0.052285373077,-0.052285373077,,,-0.144085003542,-0.144085003542,-0.052285373077,0.0,0.980195503778,0.0,35.0,,,7.0,7.0
2025-04-03 20:00:00,0,,0,,2.648663401604,2.648663401604,3.257397592068,5.906060993671,-0.016262027428,-0.016262027428,,,-0.348088586228,-0.348088586228,-0.016262027428,0.0,1.055949753634,0.0,27.0,,,5.0,5.0
2025-04-04 00:00:00,0,0.0,0,3.0,2.678558409214,2.678558409214,1.494825184345,4.173383593559,0.052985875045,0.052985875045,-0.951693935604,-0.951693935604,-0.369088756244,-0.369088756244,0.052985875045,0.0,1.013539869418,0.0,18.0,235694.0,29.0,6.0,6.0
2025-04-04 04:00:00,0,,0,,4.010583460331,4.010583460331,2.32647639513,6.337059855461,-0.05742391495,-0.05742391495,,,-0.317537564536,-0.317537564536,-0.05742391495,0.0,0.893090936273,0.0,17.0,,,4.0,4.0
2025-04-04 08:00:00,0,,0,,6.049090266228,6.049090266228,1.48858833313,7.537678599358,-0.061057309818,-0.061057309818,,,-0.252762990693,-0.252762990693,-0.061057309818,0.0,0.95166293225,0.0,21.0,,,3.0,3.0
2025-04-04 12:00:00,0,,0,,-1.990521967411,-1.990521967411,6.794236242771,4.80371427536,0.041567483798,0.041567483798,,,-0.771185782407,-0.771185782407,0.041567483798,0.0,0.786134316349,0.0,28.0,,,6.0,6.0
2025-04-04 16:00:00,0,,0,,4.629631876945,4.629631876945,1.684783160686,6.314415037632,0.043327142111,0.043327142111,,,0.357309355485,0.357309355485,0.043327142111,0.0,0.681349851527,0.0,24.0,,,6.0,6.0
2025-04-04 20:00:00,0,,0,,0.065050303936,0.065050303936,4.09831649065,4.163366794586,0.076414254606,0.076414254606,,,-0.699887672162,-0.699887672162,0.076414254606,0.0,1.051478601539,0.0,26.0,,,4.0,4.0
2025-04-05 00:00:00,0,0.0,0,3.0,6.548596382141,6.548596382141,0.0,6.548596382141,0.058984415523,0.058984415523,-0.792865514198,-0.792865514198,0.133932302668,0.133932302668,0.058984415523,0.0,1.308578827166,0.0,18.0,235707.0,27.0,6.0,6.0
2025-04-05 04:00:00,0,,0,,0.816867411137,0.816867411137,1.642335116863,2.459202528,-0.133212615334,-0.133212615334,,,-0.421875798189,-0.421875798189,-0.133212615334,0.0,0.499712283524,0.0,9.0,,,3.0,3.0
2025-04-05 08:00:00,0,,0,,5.777599096298,5.777599096298,0.777049899101,6.554648995399,0.153058162189,0.153058162189,,,-0.098382688855,-0.098382688855,0.153058162189,0.0,1.063267177883,0.0,23.0,,,4.0,4.0
2025-04-05 12:00:00,0,,0,,3.964710950851,3.964710950851,0.901167631149,4.865878582001,0.001285045114,0.001285045114,,,-0.244822974785,-0.244822974785,0.001285045114,0.0,0.540005685251,0.0,13.0,,,4.0,4.0
2025-04-05 16:00:00,0,,0,,3.744158029556,3.744158029556,1.726980865002,5.471138894558,-0.078870365791,-0.078870365791,,,-0.092048466441,-0.092048466441,-0.078870365791,0.0,0.67167599985,0.0,16.0,,,5.0,5.0
2025-04-05 20:00:00,0,,0,,6.562511622906,6.562511622906,1.776169776917,8.338681399822,-0.097596208723,-0.097596208723,,,0.055311185746,0.055311185746,-0.097596208723,0.038580246914,0.889409133616,1.0,16.0,,,5.0,5.0
2025-04-06 00:00:00,0,1.0,0,3.0,0.021497249603,0.021497249603,0.704653501511,0.726150751114,-0.059115962953,-0.059115962953,-0.8313299261,-0.8313299261,-0.476341711462,-0.476341711462,-0.059115962953,0.0,0.580274996871,0.0,8.0,235848.0,33.0,0.0,0.0
2025-04-06 04:00:00,0,,0,,3.180612027645,3.180612027645,0.0,3.180612027645,0.01867204499,0.01867204499,,,-0.457367966815,-0.457367966815,0.01867204499,0.0,0.689379032698,0.0,8.0,,,2.0,2.0
2025-04-06 08:00:00,0,,0,,8.560784637928,8.560784637928,0.946804940701,9.507589578629,0.212722985195,0.212722985195,,,0.744737386125,0.744737386125,0.212722985195,0.0,1.283340760159,0.0,23.0,,,8.0,8.0
2025-04-06 12:00:00,0,,0,,6.328670740128,6.328670740128,3.951719164848,10.280389904976,-0.045294561882,-0.045294561882,,,0.48386979178,0.48386979178,-0.045294561882,0.061274509804,1.224853695917,1.0,29.0,,,8.0,9.0
2025-04-06 16:00:00,1,,1,,-2.787847340107,-2.787847340107,5.838502824306,3.0506554842,-0.189890921749,-0.189890921749,,,-1.186692194561,-1.186692194561,-0.189890921749,0.0,0.93388763301,0.0,31.0,,,13.0,13.0
2025-04-06 20:00:00,0,,0,,2.660059094429,2.660059094429,4.768218517303,7.428277611732,0.205658778111,0.205658778111,,,-0.071158128348,-0.071158128348,0.205658778111,0.0,0.855903014148,0.0,33.0,,,2.0,2.0
2025-04-07 00:00:00,6,10.0,1,4.0,6.646433711052,6.646433711052,2.198129415512,8.844563126564,0.175333774931,0.175333774931,-0.467472324652,-0.467472324652,0.863599027015,0.863599027015,0.175333774931,0.049603174603,1.199201121878,1.0,25.0,236154.0,73.0,11.0,11.0
2025-04-07 04:00:00,0,,0,,-4.948639333248,-4.948639333248,9.678381562233,4.729742228985,-0.343216457578,-0.343216457578,,,-1.748571739956,-1.748571739956,-0.343216457578,0.046296296296,1.126790907413,1.0,37.0,,,13.0,13.0
2025-04-07 08:00:00,1,,1,,2.186180531979,2.186180531979,2.365084886551,4.55126541853,0.103105495188,0.103105495188,,,0.342167444154,0.342167444154,0.103105495188,0.0,1.144539519261,0.0,36.0,,,12.0,12.0
2025-04-07 12:00:00,1,,1,,7.441161215305,7.441161215305,1.647806227207,9.088967442513,0.182924371782,0.182924371782,,,0.675511135329,0.675511135329,0.182924371782,0.0,0.611942422078,0.0,25.0,,,10.0,10.0
2025-04-07 16:00:00,1,,1,,2.157836794853,2.157836794853,5.560391068459,7.718227863312,-0.009615654499,-0.009615654499,,,0.441213887247,0.441213887247,-0.009615654499,0.0,1.456648127822,0.0,41.0,,,19.0,19.0
2025-04-07 20:00:00,1,,1,,4.978321731091,4.978321731091,1.485425949097,6.463747680187,-0.044293309813,-0.044293309813,,,0.124752345256,0.124752345256,-0.044293309813,0.0,1.167221973078,0.0,23.0,,,8.0,8.0
2025-04-08 00:00:00,0,0.0,0,6.0,5.795041322708,5.795041322708,0.0,5.795041322708,0.188154981951,0.188154981951,0.307336272625,0.307336272625,0.755073469592,0.755073469592,0.188154981951,0.0,1.235924254194,0.0,19.0,236561.0,64.0,12.0,12.0
2025-04-08 04:00:00,0,,0,,16.649238109589,16.649238109589,1.717067956924,18.366306066513,0.244063603086,0.244063603086,,,3.16341487577,3.16341487577,0.244063603086,0.053418803419,1.548514822508,1.0,37.0,,,21.0,21.0
2025-04-08 08:00:00,0,,0,,10.211237072945,10.211237072945,1.467146933079,11.678384006023,-0.299784853536,-0.299784853536,,,0.033165639274,0.033165639274,-0.299784853536,0.0,0.96819262067,0.0,22.0,,,6.0,6.0
2025-04-08 12:00:00,0,,0,,4.259663283825,4.259663283825,2.276896297932,6.536559581757,0.170980153508,0.170980153508,,,0.104275927275,0.104275927275,0.170980153508,0.0,0.96656292153,0.0,31.0,,,10.0,10.0
2025-04-08 16:00:00,0,,0,,4.905723154545,4.905723154545,2.403054475784,7.308777630329,-0.021799649392,-0.021799649392,,,-0.021580859981,-0.021580859981,-0.021799649392,0.0,0.767204153358,0.0,25.0,,,8.0,8.0
2025-04-08 20:00:00,0,,0,,5.626374304295,5.626374304295,1.496907174587,7.123281478882,-0.144725122279,-0.144725122279,,,-0.022073713464,-0.022073713464,-0.144725122279,0.0,0.831161975654,0.0,25.0,,,7.0,7.0
2025-04-09 00:00:00,1,1.0,1,6.0,-0.28351277113,-0.28351277113,4.297525286674,4.014012515545,0.050689259372,0.050689259372,0.345944516494,0.345944516494,-0.361453176627,-0.361453176627,0.050689259372,0.0,1.036083661721,0.0,24.0,235295.0,68.0,7.0,7.0
2025-04-09 04:00:00,0,,0,,12.286107420921,12.286107420921,3.040535330772,15.326642751694,0.31938663791,0.31938663791,,,1.155960909664,1.155960909664,0.31938663791,0.040064102564,1.386022879201,1.0,36.0,,,18.0,18.0
2025-04-09 08:00:00,0,,0,,9.635387420654,9.635387420654,0.0,9.635387420654,-0.12000710939,-0.12000710939,,,0.085561532333,0.085561532333,-0.12000710939,0.0,0.991161787588,0.0,30.0,,,11.0,11.0
2025-04-09 12:00:00,0,,0,,4.726641833782,4.726641833782,4.001973390579,8.728615224361,-0.14157067255,-0.14157067255,,,-0.299199660032,-0.299199660032,-0.14157067255,0.0,0.816264368534,0.0,31.0,,,8.0,8.0
2025-04-09 16:00:00,0,,0,,10.771614909172,10.771614909172,1.569327414036,12.340942323208,0.201546511241,0.201546511241,,,0.525509898286,0.525509898286,0.201546511241,0.065104166667,0.79646465128,1.0,33.0,,,16.0,16.0
2025-04-09 20:00:00,0,,0,,9.062571167946,9.062571167946,0.0,9.062571167946,-0.119728293398,-0.119728293398,,,-0.184928856806,-0.184928856806,-0.119728293398,0.0,0.76433368895,0.0,21.0,,,8.0,8.0
2025-04-10 00:00:00,0,1.0,0,5.0,4.558276116848,4.558276116848,0.0,4.558276116848,0.075221870083,0.075221870083,0.259751271525,0.259751271525,-0.333740406482,-0.333740406482,0.075221870083,0.0,1.464711826729,0.0,21.0,235869.0,55.0,7.0,7.0
2025-04-10 04:00:00,1,,1,,5.81593388319,5.81593388319,0.789708375931,6.605642259121,0.021497829516,0.021497829516,,,-0.223339000531,-0.223339000531,0.021497829516,0.0,0.876240895514,0.0,18.0,,,8.0,8.0
2025-04-10 08:00:00,0,,0,,20.849523663521,20.849523663521,3.178598701954,24.028122365475,0.075737732959,0.075737732959,,,1.047973930572,1.047973930572,0.075737732959,0.081168831169,1.374576828675,3.0,51.0,,,13.0,13.0
2025-04-10 12:00:00,0,,0,,7.086583614349,7.086583614349,0.729409575462,7.815993189812,-0.104070375909,-0.104070375909,,,-0.288477766269,-0.288477766269,-0.104070375909,0.114552785924,0.903702037406,2.0,25.0,,,8.0,8.0
2025-04-10 16:00:00,0,,0,,8.894805490971,8.894805490971,1.670425891876,10.565231382847,0.024140787137,0.024140787137,,,-0.122425775384,-0.122425775384,0.024140787137,0.0,1.136804348602,0.0,28.0,,,11.0,11.0
2025-04-10 20:00:00,0,,0,,6.657195866108,6.657195866108,0.883947074413,7.541142940521,-0.201125564268,-0.201125564268,,,-0.220360228362,-0.220360228362,-0.201125564268,0.0,0.917207613255,0.0,23.0,,,8.0,8.0
2025-04-11 00:00:00,0,2.0,0,4.0,13.228653013706,13.228653013706,2.303324222565,15.531977236271,0.239927300802,0.239927300802,-0.208285300511,-0.208285300511,0.286269572805,0.286269572805,0.239927300802,0.0,1.840363654235,0.0,33.0,236910.0,47.0,13.0,13.0
2025-04-11 04:00:00,0,,0,,7.041458487511,7.041458487511,4.15749335289,11.198951840401,-0.177587281836,-0.177587281836,,,-0.269721447869,-0.269721447869,-0.177587281836,0.05787037037,1.704249417892,1.0,33.0,,,8.0,8.0
2025-04-11 08:00:00,2,,1,,1.765435934067,1.765435934067,2.36954665184,4.134982585907,-0.156037486375,-0.156037486375,,,-0.466782205936,-0.466782205936,-0.156037486375,0.0,0.754644522917,0.0,19.0,,,3.0,3.0
2025-04-11 12:00:00,0,,0,,6.289252102375,6.289252102375,0.760227143764,7.04947924614,0.043730742189,0.043730742189,,,-0.362786685266,-0.362786685266,0.043730742189,0.0,0.815355567487,0.0,26.0,,,5.0,5.0
2025-04-11 16:00:00,0,,0,,7.101335823536,7.101335823536,3.360584497452,10.461920320988,0.089917391563,0.089917391563,,,-0.146960213054,-0.146960213054,0.089917391563,0.0,1.037849188688,0.0,31.0,,,11.0,11.0
2025-04-11 20:00:00,0,,0,,5.440399289131,5.440399289131,1.875532090664,7.315931379795,-0.048611407924,-0.048611407924,,,-0.345657122623,-0.345657122623,-0.048611407924,0.0,1.277664627409,0.0,24.0,,,7.0,7.0
2025-04-12 00:00:00,0,0.0,0,4.0,4.230828821659,4.230828821659,0.847226798534,5.078055620193,-0.038126908285,-0.038126908285,-0.173264861123,-0.173264861123,-0.447789929583,-0.447789929583,-0.038126908285,0.0,1.272444819741,0.0,14.0,237199.0,54.0,5.0,5.0
2025-04-12 04:00:00,0,,0,,6.636522889137,6.636522889137,0.0,6.636522889137,-0.049702934761,-0.049702934761,,,-0.29751811064,-0.29751811064,-0.049702934761,0.069444444444,0.916962872787,1.0,18.0,,,4.0,4.0
2025-04-12 08:00:00,0,,0,,9.2431858778,9.2431858778,2.414725005627,11.657910883427,0.189286941973,0.189286941973,,,0.383084684087,0.383084684087,0.189286941973,0.0,1.351123201248,0.0,33.0,,,17.0,17.0
2025-04-12 12:00:00,0,,0,,5.853260159492,5.853260159492,4.203431069851,10.056691229343,-0.109248518718,-0.109248518718,,,-0.327409261591,-0.327409261591,-0.109248518718,0.0,1.021073099072,0.0,27.0,,,6.0,6.0
2025-04-12 16:00:00,0,,0,,4.101957380772,4.101957380772,0.726569652557,4.828527033329,-0.049684861643,-0.049684861643,,,-0.327510742183,-0.327510742183,-0.049684861643,0.0,0.746362604782,0.0,17.0,,,6.0,6.0
2025-04-12 20:00:00,0,,0,,7.008147418499,7.008147418499,2.998068988323,10.006216406822,0.255696013043,0.255696013043,,,0.215231488645,0.215231488645,0.255696013043,0.0,1.224360649797,0.0,29.0,,,16.0,16.0
2025-04-13 00:00:00,1,1.0,1,4.0,0.898405492306,0.898405492306,4.036801815033,4.935207307339,-0.162357155501,-0.162357155501,-0.845475779978,-0.845475779978,-0.498443099334,-0.498443099334,-0.162357155501,0.0,1.069239969659,0.0,17.0,237359.0,36.0,6.0,6.0
2025-04-13 04:00:00,0,,0,,3.363792002201,3.363792002201,2.281489610672,5.645281612873,-0.01739767906,-0.01739767906,,,-0.394862887509,-0.394862887509,-0.01739767906,0.044326241135,1.111239902518,1.0,22.0,,,3.0,3.0
2025-04-13 08:00:00,0,,0,,6.861704051495,6.861704051495,0.76072281599,7.622426867485,0.061915432168,0.061915432168,,,0.290096214415,0.290096214415,0.061915432168,0.0,1.054373280402,0.0,18.0,,,11.0,11.0
2025-04-13 12:00:00,0,,0,,1.931194245815,1.931194245815,3.102000832558,5.033195078373,-0.122788690441,-0.122788690441,,,-0.373741954468,-0.373741954468,-0.122788690441,0.0,0.789597110122,0.0,21.0,,,4.0,4.0
2025-04-13 16:00:00,0,,0,,-2.606365561485,-2.606365561485,5.731472611427,3.125107049942,-0.174266000014,-0.174266000014,,,-0.727921641641,-0.727921641641,-0.174266000014,0.0,0.586901321925,0.0,18.0,,,5.0,5.0
2025-04-13 20:00:00,0,,0,,2.948748648167,2.948748648167,1.692308366299,4.641057014465,0.170401572494,0.170401572494,,,-0.265099167548,-0.265099167548,0.170401572494,0.0,1.131124820472,0.0,23.0,,,7.0,7.0
2025-04-14 00:00:00,0,1.0,0,4.0,1.994883418083,1.994883418083,1.791041612625,3.785925030708,-0.138379940999,-0.138379940999,-0.24551047282,-0.24551047282,-0.451852526856,-0.451852526856,-0.138379940999,0.0,0.62058550204,0.0,11.0,237295.0,53.0,4.0,4.0
2025-04-14 04:00:00,0,,0,,7.049001395702,7.049001395702,0.884518384933,7.933519780636,0.143085428574,0.143085428574,,,0.071937042317,0.071937042317,0.143085428574,0.0,0.881182781796,0.0,20.0,,,8.0,8.0
2025-04-14 08:00:00,0,,0,,1.392399191856,1.392399191856,2.563769698143,3.956168889999,-0.104546370525,-0.104546370525,,,-0.332582185097,-0.332582185097,-0.104546370525,0.0,0.677121089873,0.0,19.0,,,10.0,10.0
2025-04-14 12:00:00,0,,0,,9.370248019695,9.370248019695,1.866835236549,11.237083256245,0.159397628728,0.159397628728,,,0.775000465378,0.775000465378,0.159397628728,0.0,0.986024529157,0.0,34.0,,,11.0,11.0
2025-04-14 16:00:00,1,,1,,7.657616198063,7.657616198063,2.250684082508,9.908300280571,-0.027565355018,-0.027565355018,,,0.8423089229,0.8423089229,-0.027565355018,0.0,0.885765478041,0.0,32.0,,,12.0,12.0
2025-04-14 20:00:00,0,,0,,6.315168619156,6.315168619156,0.715851843357,7.031020462513,-0.08457047042,-0.08457047042,,,-0.197489899714,-0.197489899714,-0.08457047042,0.0,1.19900959419,0.0,28.0,,,8.0,8.0
2025-04-15 00:00:00,0,0.0,0,3.0,7.930975079536,7.930975079536,2.448877394199,10.379852473736,0.108828003381,0.108828003381,-0.45158768509,-0.45158768509,0.72730617501,0.72730617501,0.108828003381,0.0,2.193169581979,0.0,31.0,237631.0,39.0,13.0,13.0
2025-04-15 04:00:00,0,,0,,9.62144702673,9.62144702673,0.0,9.62144702673,0.142769122003,0.142769122003,,,0.501770068796,0.501770068796,0.142769122003,0.0,1.087275380662,0.0,15.0,,,11.0,11.0
2025-04-15 08:00:00,0,,0,,0.476111114025,0.476111114025,2.803419113159,3.279530227184,-0.296011285222,-0.296011285222,,,-0.502214927885,-0.502214927885,-0.296011285222,0.0,0.789195450639,0.0,15.0,,,2.0,2.0
2025-04-15 12:00:00,0,,0,,7.887268543243,7.887268543243,3.099087238312,10.986355781555,0.026598461588,0.026598461588,,,-0.090715158412,-0.090715158412,0.026598461588,0.0,1.006908021282,0.0,27.0,,,5.0,5.0
2025-04-15 16:00:00,0,,0,,1.060986876488,1.060986876488,3.2556604743,4.316647350788,-0.201634158925,-0.201634158925,,,-0.450595983388,-0.450595983388,-0.201634158925,0.075126262626,0.960100280924,2.0,25.0,,,4.0,4.0
2025-04-15 20:00:00,0,,0,,6.742477118969,6.742477118969,0.807333290577,7.549810409546,0.246978950557,0.246978950557,,,-0.153702749501,-0.153702749501,0.246978950557,0.0,0.958609694401,0.0,18.0,,,4.0,4.0
2025-04-16 00:00:00,0,0.0,0,3.0,3.132621943951,3.132621943951,0.754083991051,3.886705935001,-0.008305560105,-0.008305560105,-0.418668060777,-0.418668060777,-0.45933672955,-0.45933672955,-0.008305560105,0.0,0.747849549373,0.0,10.0,237851.0,35.0,3.0,3.0
2025-04-16 04:00:00,0,,0,,5.503000199795,5.503000199795,2.463613629341,7.966613829136,0.026838588742,0.026838588742,,,-0.375179260676,-0.375179260676,0.026838588742,0.0,0.904724101088,0.0,20.0,,,5.0,5.0
2025-04-16 08:00:00,0,,0,,4.165700316429,4.165700316429,0.770368218422,4.936068534851,-0.124766499612,-0.124766499612,,,-0.449909034009,-0.449909034009,-0.124766499612,0.0,0.598327447946,0.0,18.0,,,3.0,3.0
2025-04-16 12:00:00,0,,0,,14.659478783607,14.659478783607,0.84267860651,15.502157390118,0.323726468253,0.323726468253,,,1.455623416622,1.455623416622,0.323726468253,0.0,0.862543171484,0.0,30.0,,,11.0,11.0
2025-04-16 16:00:00,0,,0,,10.012544572353,10.012544572353,4.110185980797,14.12273055315,-0.055969866379,-0.055969866379,,,0.608414124523,0.608414124523,-0.055969866379,0.0,1.010299532914,0.0,35.0,,,10.0,10.0
2025-04-16 20:00:00,0,,0,,0.675929963589,0.675929963589,3.979925096035,4.655855059624,-0.099953064091,-0.099953064091,,,-0.634187307384,-0.634187307384,-0.099953064091,0.0,0.71787825569,0.0,17.0,,,4.0,4.0
2025-04-17 00:00:00,0,0.0,0,3.0,6.712624788284,6.712624788284,0.0,6.712624788284,0.124737559065,0.124737559065,-0.233297804502,-0.233297804502,-0.379537854751,-0.379537854751,0.124737559065,0.0,0.655714213619,0.0,12.0,237842.0,37.0,2.0,2.0
2025-04-17 04:00:00,0,,0,,4.758016347885,4.758016347885,0.0,4.758016347885,-0.048602480358,-0.048602480358,,,-0.326362010016,-0.326362010016,-0.048602480358,0.0,0.75530936706,0.0,16.0,,,5.0,5.0
2025-04-17 08:00:00,0,,0,,5.330136656761,5.330136656761,2.279866695404,7.610003352165,0.027628422784,0.027628422784,,,0.003064877087,0.003064877087,0.027628422784,0.022163120567,0.731616687574,1.0,21.0,,,7.0,7.0
2025-04-17 12:00:00,0,,0,,12.259166240692,12.259166240692,0.0,12.259166240692,0.091351798913,0.091351798913,,,0.487788456975,0.487788456975,0.091351798913,0.062189054726,0.688835445797,2.0,23.0,,,9.0,9.0
2025-04-17 16:00:00,0,,0,,12.124101996422,12.124101996422,4.013929069042,16.138031065464,-0.054526129227,-0.054526129227,,,0.549618601629,0.549618601629,-0.054526129227,0.037878787879,1.203544160803,1.0,35.0,,,8.0,8.0
2025-04-17 20:00:00,0,,0,,5.952718377113,5.952718377113,1.81422829628,7.766946673393,-0.015905224051,-0.015905224051,,,-0.183982588422,-0.183982588422,-0.015905224051,0.0,1.083501113885,0.0,20.0,,,6.0,6.0
2025-04-18 00:00:00,0,4.0,0,2.0,3.726323902607,3.726323902607,0.978745520115,4.705069422722,-0.019331063457,-0.019331063457,-0.079705843702,-0.079705843702,-0.503710338124,-0.503710338124,-0.019331063457,0.0,0.504578996558,0.0,7.0,,51.0,1.0,1.0
2025-04-18 04:00:00,1,,1,,7.841764211655,7.841764211655,0.973905444145,8.8156696558,0.063854883257,0.063854883257,,,0.57706203221,0.57706203221,0.063854883257,0.210768398268,1.658805829022,3.0,27.0,,,8.0,8.0
2025-04-18 08:00:00,1,,1,,10.640181481838,10.640181481838,0.831099152565,11.471280634403,-0.054085282153,-0.054085282153,,,0.602803362444,0.602803362444,-0.054085282153,0.0,1.014606859794,0.0,22.0,,,9.0,9.0
2025-04-18 12:00:00,0,,0,,8.619096040726,8.619096040726,1.727740645409,10.346836686134,0.056936418759,0.056936418759,,,0.561992725054,0.561992725054,0.056936418759,0.098431127178,1.599152921171,3.0,36.0,,,15.0,15.0
2025-04-18 16:00:00,0,,0,,7.186327576637,7.186327576637,3.408102452755,10.594430029392,-0.012378058573,-0.012378058573,,,0.404659559166,0.404659559166,-0.012378058573,0.0,1.307966513642,0.0,31.0,,,12.0,12.0
2025-04-18 20:00:00,2,,1,,3.148702025414,3.148702025414,0.732946932316,3.881648957729,-0.159143728094,-0.159143728094,,,-0.505176462204,-0.505176462204,-0.159143728094,0.0,0.7234508148,0.0,16.0,,,6.0,6.0
2025-04-19 00:00:00,1,2.0,1,5.0,4.600712954998,4.600712954998,0.89273250103,5.493445456028,0.176883720481,0.176883720481,-0.750597842467,-0.750597842467,-0.475923443578,-0.475923443578,0.176883720481,0.0,0.965895743026,0.0,13.0,,22.0,5.0,5.0
2025-04-19 04:00:00,0,,0,,5.707806825638,5.707806825638,0.849655628204,6.557462453842,-0.082591756179,-0.082591756179,,,-0.306339807016,-0.306339807016,-0.082591756179,0.0,0.932120529047,0.0,15.0,,,4.0,4.0
2025-04-19 08:00:00,0,,0,,7.009685993195,7.009685993195,0.750509500504,7.760195493698,-0.139967075308,-0.139967075308,,,-0.290055595398,-0.290055595398,-0.139967075308,0.0,0.826468538184,0.0,17.0,,,3.0,3.0
2025-04-19 12:00:00,0,,0,,5.655769824982,5.655769824982,0.858747124672,6.514516949654,0.011199008095,0.011199008095,,,-0.414020532608,-0.414020532608,0.011199008095,0.0,0.801131617657,0.0,20.0,,,4.0,4.0
2025-04-19 16:00:00,1,,1,,5.587684333324,5.587684333324,0.0,5.587684333324,0.153308496174,0.153308496174,,,-0.158135615224,-0.158135615224,0.153308496174,0.0,0.588844147887,0.0,15.0,,,5.0,5.0
2025-04-19 20:00:00,0,,0,,-0.72618997097,-0.72618997097,3.927469670773,3.201279699802,-0.138228899901,-0.138228899901,,,-0.633124932676,-0.633124932676,-0.138228899901,0.0,0.727165410654,0.0,15.0,,,1.0,1.0
2025-04-20 00:00:00,0,2.0,0,6.0,3.11205303669,3.11205303669,1.715001642704,4.827054679394,-0.020377457639,-0.020377457639,-0.786204409575,-0.786204409575,-0.460951694976,-0.460951694976,-0.020377457639,0.0,0.93471974335,0.0,14.0,,21.0,3.0,3.0
2025-04-20 04:00:00,0,,0,,5.016873896122,5.016873896122,0.0,5.016873896122,0.217175787409,0.217175787409,,,-0.306330203743,-0.306330203743,0.217175787409,0.0,0.79033577955,0.0,14.0,,,4.0,4.0
2025-04-20 08:00:00,0,,0,,3.363423109055,3.363423109055,0.719882130623,4.083305239677,-0.211105874481,-0.211105874481,,,-0.350835660661,-0.350835660661,-0.211105874481,0.0,0.910951764084,0.0,15.0,,,4.0,4.0
2025-04-20 12:00:00,2,,1,,5.640049874783,5.640049874783,2.50225764513,8.142307519913,0.219842861283,0.219842861283,,,-0.082164909273,-0.082164909273,0.219842861283,0.0,1.343934386435,0.0,29.0,,,5.0,5.0
2025-04-20 16:00:00,0,,0,,6.757281005383,6.757281005383,0.705810070038,7.46309107542,-0.002728032833,-0.002728032833,,,-0.051301324261,-0.051301324261,-0.002728032833,0.0,0.736766089891,0.0,19.0,,,4.0,4.0
2025-04-20 20:00:00,0,,0,,2.282026231289,2.282026231289,3.301460325718,5.583486557007,-0.190183147593,-0.190183147593,,,-0.505121983182,-0.505121983182,-0.190183147593,0.0,0.908568970367,0.0,19.0,,,1.0,1.0
2025-04-21 00:00:00,0,5.0,0,6.0,4.948780357838,4.948780357838,0.0,4.948780357838,0.070462504666,0.070462504666,-0.013526818844,-0.013526818844,0.024599538739,0.024599538739,0.070462504666,0.101023706897,0.635372683443,3.0,13.0,,48.0,7.0,7.0
2025-04-21 04:00:00,0,,0,,4.220886588097,4.220886588097,0.790932714939,5.011819303036,-0.129726604395,-0.129726604395,,,4.4963379e-05,4.4963379e-05,-0.129726604395,0.0,0.653607191556,0.0,12.0,,,6.0,6.0
2025-04-21 08:00:00,0,,0,,7.5646007061,7.5646007061,1.559579908848,9.124180614948,0.038077941966,0.038077941966,,,1.203953918628,1.203953918628,0.038077941966,0.0,0.885065410548,0.0,26.0,,,9.0,9.0
2025-04-21 12:00:00,0,,0,,9.556463181973,9.556463181973,2.581352233887,12.137815415859,0.128422366787,0.128422366787,,,1.18188760976,1.18188760976,0.128422366787,0.037878787879,0.952214019707,1.0,33.0,,,10.0,10.0
2025-04-21 16:00:00,4,,1,,11.455026865005,11.455026865005,1.642901539803,13.097928404808,0.048349104615,0.048349104615,,,1.266940676997,1.266940676997,0.048349104615,0.0,0.783193402579,0.0,31.0,,,9.0,9.0
2025-04-21 20:00:00,1,,1,,4.600494146347,4.600494146347,0.743852138519,5.344346284866,-0.148490961666,-0.148490961666,,,-0.1007697879,-0.1007697879,-0.148490961666,0.0,1.124320764359,0.0,24.0,,,8.0,8.0
2025-04-22 00:00:00,3,6.0,1,6.0,1.722458362579,1.722458362579,0.7208532691,2.44331163168,0.027920198463,0.027920198463,0.052438974431,0.052438974431,0.057226944438,0.057226944438,0.027920198463,0.0,0.771566636373,0.0,16.0,,50.0,9.0,11.0
2025-04-22 04:00:00,0,,0,,3.944713354111,3.944713354111,2.583569407463,6.528282761574,-0.026921590703,-0.026921590703,,,-0.330170877707,-0.330170877707,-0.026921590703,0.0,0.731234071418,0.0,17.0,,,5.0,5.0
2025-04-22 08:00:00,1,,1,,4.974810004234,4.974810004234,0.755497932434,5.730307936668,0.022105583406,0.022105583406,,,0.088935053288,0.088935053288,0.022105583406,0.044326241135,1.071356866495,1.0,28.0,,,8.0,8.0
2025-04-22 12:00:00,0,,0,,5.622753739357,5.622753739357,3.678619146347,9.301372885704,0.140810439977,0.140810439977,,,1.068588491661,1.068588491661,0.140810439977,0.0481000481,1.025254768967,2.0,43.0,,,16.0,16.0
2025-04-22 16:00:00,0,,0,,17.256610035896,17.256610035896,1.604720294476,18.861330330372,-0.00332243323,-0.00332243323,,,1.145507682661,1.145507682661,-0.00332243323,0.0,1.383215174029,0.0,42.0,,,10.0,10.0
2025-04-22 20:00:00,2,,1,,9.250009953976,9.250009953976,2.501558125019,11.751568078995,-0.233503316735,-0.233503316735,,,-0.57563525215,-0.57563525215,-0.233503316735,0.0,0.847181463009,0.0,26.0,,,3.0,3.0
2025-04-23 00:00:00,0,0.0,0,7.0,2.805244922638,2.805244922638,2.213161349297,5.018406271935,-0.035631126208,-0.035631126208,-0.108562743059,-0.108562743059,-0.512069917654,-0.512069917654,-0.035631126208,0.059523809524,1.160001865031,1.0,21.0,,40.0,9.0,9.0
2025-04-23 04:00:00,0,,0,,4.733510136604,4.733510136604,0.751628518105,5.485138654709,0.021184372297,0.021184372297,,,-0.412408383751,-0.412408383751,0.021184372297,0.038580246914,0.628289996161,1.0,14.0,,,5.0,5.0
2025-04-23 08:00:00,0,,0,,6.218809604645,6.218809604645,0.909491360188,7.128300964832,-0.004300990212,-0.004300990212,,,-0.280657414349,-0.280657414349,-0.004300990212,0.0,0.656728791687,0.0,21.0,,,6.0,6.0
2025-04-23 12:00:00,0,,0,,12.464041948318,12.464041948318,0.810083806515,13.274125754833,0.157727219386,0.157727219386,,,0.541146308805,0.541146308805,0.157727219386,0.0,0.65756898849,0.0,33.0,,,9.0,9.0
2025-04-23 16:00:00,0,,0,,14.189095675945,14.189095675945,1.591550588608,15.780646264553,-0.068860709295,-0.068860709295,,,0.351327501287,0.351327501287,-0.068860709295,0.0,0.820255789482,0.0,37.0,,,8.0,8.0
2025-04-23 20:00:00,0,,0,,5.150379598141,5.150379598141,1.521646380424,6.672025978565,-0.07557992658,-0.07557992658,,,-0.407750807983,-0.407750807983,-0.07557992658,0.0,0.429440911539,0.0,16.0,,,4.0,4.0
2025-04-24 00:00:00,0,0.0,0,7.0,5.02237457037,5.02237457037,0.798601150513,5.820975720882,-0.026371787564,-0.026371787564,-0.62252282538,-0.62252282538,-0.474725873027,-0.474725873027,-0.026371787564,0.0,0.493983523124,0.0,13.0,239213.0,26.0,2.0,2.0
2025-04-24 04:00:00,0,,0,,2.731123626232,2.731123626232,1.464587748051,4.195711374283,-0.024120591248,-0.024120591248,,,-0.438779397091,-0.438779397091,-0.024120591248,0.0,0.503847380745,0.0,13.0,,,4.0,4.0
2025-04-24 08:00:00,0,,0,,7.65877777338,7.65877777338,0.790127396584,8.448905169964,0.00956782196,0.00956782196,,,0.124925634239,0.124925634239,0.00956782196,0.0,0.514374838896,0.0,24.0,,,8.0,8.0
2025-04-24 12:00:00,0,,0,,5.935087502003,5.935087502003,0.801952362061,6.737039864063,-0.017070513099,-0.017070513099,,,-0.319627634683,-0.319627634683,-0.017070513099,0.0,0.357934818325,0.0,18.0,,,4.0,4.0
2025-04-24 16:00:00,0,,0,,9.42129868269,9.42129868269,3.305168688297,12.726467370987,0.180036668953,0.180036668953,,,0.005853894777,0.005853894777,0.180036668953,0.0,1.311486118057,0.0,32.0,,,5.0,5.0
2025-04-24 20:00:00,0,,0,,1.515760600567,1.515760600567,1.603365063667,3.119125664234,-0.151967609987,-0.151967609987,,,-0.584954025642,-0.584954025642,-0.151967609987,0.0,0.651426867098,0.0,18.0,,,3.0,3.0
2025-04-25 00:00:00,0,2.0,0,7.0,7.064954459667,7.064954459667,0.749801695347,7.814756155014,0.124078992058,0.124078992058,-0.128236208853,-0.128236208853,0.854800314972,0.854800314972,0.124078992058,0.032051282051,0.859172517411,1.0,19.0,239673.0,43.0,13.0,13.0
2025-04-25 04:00:00,0,,0,,3.341259360313,3.341259360313,0.0,3.341259360313,-0.181979648058,-0.181979648058,,,-0.571375398897,-0.571375398897,-0.181979648058,0.0,0.517361294145,0.0,10.0,,,2.0,2.0
2025-04-25 08:00:00,0,,0,,9.221421837807,9.221421837807,2.353800237179,11.575222074986,0.339892057406,0.339892057406,,,0.627080665088,0.627080665088,0.339892057406,0.0,1.076709355166,0.0,30.0,,,7.0,7.0
2025-04-25 12:00:00,1,,1,,8.393105983734,8.393105983734,2.675940930843,11.069046914577,-0.02747484609,-0.02747484609,,,0.674614258143,0.674614258143,-0.02747484609,0.0,0.805576506373,0.0,28.0,,,10.0,10.0
2025-04-25 16:00:00,1,,1,,9.210528373718,9.210528373718,1.606127977371,10.816656351089,0.002196594311,0.002196594311,,,0.3102159901,0.3102159901,0.002196594311,0.0,0.806059783036,0.0,27.0,,,8.0,8.0
2025-04-25 20:00:00,0,,0,,5.008992433548,5.008992433548,0.0,5.008992433548,-0.203958455597,-0.203958455597,,,-0.460554019285,-0.460554019285,-0.203958455597,0.0,0.539923635728,0.0,14.0,,,4.0,4.0
2025-04-26 00:00:00,0,1.0,0,6.0,2.700893759727,2.700893759727,1.437463283539,4.138357043266,-0.056318393017,-0.056318393017,-0.375763248328,-0.375763248328,-0.445578442351,-0.445578442351,-0.056318393017,0.109649122807,1.183825003925,1.0,18.0,239991.0,39.0,7.0,7.0
2025-04-26 04:00:00,0,,0,,6.783115267754,6.783115267754,0.877003014088,7.660118281841,0.108948966776,0.108948966776,,,0.002877291594,0.002877291594,0.108948966776,0.0,1.149409986023,0.0,20.0,,,8.0,8.0
2025-04-26 08:00:00,1,,1,,8.285152196884,8.285152196884,0.0,8.285152196884,-0.031443642068,-0.031443642068,,,0.558430826369,0.558430826369,-0.031443642068,0.0,0.738801409503,0.0,18.0,,,9.0,10.0
2025-04-26 12:00:00,0,,0,,7.17622333765,7.17622333765,0.714432299137,7.890655636787,0.006794739449,0.006794739449,,,0.148313113248,0.148313113248,0.006794739449,0.0,1.20028519142,0.0,29.0,,,7.0,7.0
2025-04-26 16:00:00,0,,0,,3.905599296093,3.905599296093,0.887563407421,4.793162703514,-0.195141108888,-0.195141108888,,,-0.518294448883,-0.518294448883,-0.195141108888,0.0,1.043017175581,0.0,22.0,,,2.0,2.0
2025-04-26 20:00:00,0,,0,,4.845909416676,4.845909416676,0.714920282364,5.560829699039,0.163726416254,0.163726416254,,,-0.090411453195,-0.090411453195,0.163726416254,0.0,1.050967953795,0.0,18.0,,,7.0,7.0
2025-04-27 00:00:00,0,0.0,0,6.0,2.468489050865,2.468489050865,1.640969574451,4.109458625317,0.065307770887,0.065307770887,-0.538747563599,-0.538747563599,-0.404367959498,-0.404367959498,0.065307770887,0.0,1.095692278963,0.0,14.0,240104.0,35.0,4.0,4.0
2025-04-27 04:00:00,0,,0,,4.272246181965,4.272246181965,0.872836649418,5.145082831383,-0.090564608945,-0.090564608945,,,-0.524826713085,-0.524826713085,-0.090564608945,0.0,0.962845005748,0.0,15.0,,,5.0,5.0
2025-04-27 08:00:00,0,,0,,6.155062556267,6.155062556267,0.995248794556,7.150311350822,0.188075895054,0.188075895054,,,0.142500822476,0.142500822476,0.188075895054,0.0,0.981490979547,0.0,13.0,,,7.0,7.0
2025-04-27 12:00:00,0,,0,,2.218997776508,2.218997776508,2.586951375008,4.805949151516,-0.091766290305,-0.091766290305,,,-0.502250781468,-0.502250781468,-0.091766290305,0.031094527363,1.138324336875,1.0,24.0,,,6.0,6.0
2025-04-27 16:00:00,0,,0,,3.868403851986,3.868403851986,1.624203085899,5.492606937885,0.019072880193,0.019072880193,,,-0.530789416861,-0.530789416861,0.019072880193,0.0,0.668231013796,0.0,16.0,,,3.0,3.0
2025-04-27 20:00:00,0,,0,,8.842336475849,8.842336475849,4.328419446945,13.170755922794,-0.005301776991,-0.005301776991,,,0.775554162937,0.775554162937,-0.005301776991,0.0,1.756127452555,0.0,34.0,,,10.0,12.0
2025-04-28 00:00:00,0,2.0,0,6.0,8.766583681107,8.766583681107,0.0,8.766583681107,0.094668074041,0.094668074041,-0.427216265144,-0.427216265144,0.890123558242,0.890123558242,0.094668074041,0.0,1.18514782559,0.0,28.0,240330.0,46.0,14.0,14.0
2025-04-28 04:00:00,0,,0,,2.648982584476,2.648982584476,2.17537355423,4.824356138706,-0.199841039853,-0.199841039853,,,-0.592673605936,-0.592673605936,-0.199841039853,0.0,0.769879032673,0.0,21.0,,,3.0,3.0
2025-04-28 08:00:00,0,,0,,3.049104094505,3.049104094505,3.196642398834,6.24574649334,-0.005027633979,-0.005027633979,,,-0.412178732126,-0.412178732126,-0.005027633979,0.0,0.727710138711,0.0,23.0,,,6.0,6.0
2025-04-28 12:00:00,0,,0,,6.688064575195,6.688064575195,0.753543376923,7.441607952118,0.206780595339,0.206780595339,,,0.360915467685,0.360915467685,0.206780595339,0.0,0.691573050264,0.0,29.0,,,8.0,8.0
2025-04-28 16:00:00,2,,1,,7.222542345524,7.222542345524,5.756976366043,12.979518711567,-0.103831513305,-0.103831513305,,,0.015961432804,0.015961432804,-0.103831513305,0.0,1.432669673777,0.0,51.0,,,8.0,8.0
2025-04-28 20:00:00,0,,0,,-2.670569837093,-2.670569837093,6.57807379961,3.907503962517,0.015972198056,0.015972198056,,,-0.929936495755,-0.929936495755,0.015972198056,0.124454446263,1.129840902958,3.0,30.0,,,7.0,7.0
2025-04-29 00:00:00,0,0.0,0,6.0,6.24584197998,6.24584197998,1.659114122391,7.904956102371,0.189215363348,0.189215363348,-0.250098303279,-0.250098303279,0.943080479721,0.943080479721,0.189215363348,0.045289855072,1.412968188111,1.0,26.0,240391.0,45.0,11.0,11.0
2025-04-29 04:00:00,0,,0,,3.179079771042,3.179079771042,1.707814693451,4.886894464493,-0.216517289619,-0.216517289619,,,-0.585884765372,-0.585884765372,-0.216517289619,0.039308176101,0.897244164942,1.0,18.0,,,3.0,3.0
2025-04-29 08:00:00,0,,0,,6.813549339771,6.813549339771,2.440601289272,9.254150629044,0.014438971276,0.014438971276,,,-0.261817481578,-0.261817481578,0.014438971276,0.0,0.977338685835,0.0,28.0,,,4.0,4.0
2025-04-29 12:00:00,0,,0,,11.818546533585,11.818546533585,1.864845514297,13.683392047882,0.16637077065,0.16637077065,,,2.006839673043,2.006839673043,0.16637077065,0.0,1.253582236524,0.0,43.0,,,16.0,16.0
2025-04-29 16:00:00,0,,0,,7.708990156651,7.708990156651,0.721459150314,8.430449306965,-0.126218938771,-0.126218938771,,,0.040380883878,0.040380883878,-0.126218938771,0.0,0.660203428709,0.0,22.0,,,6.0,6.0
2025-04-29 20:00:00,0,,0,,-2.470534443855,-2.470534443855,4.10995477438,1.639420330524,-0.14804190971,-0.14804190971,,,-0.768618452887,-0.768618452887,-0.14804190971,0.053418803419,0.953794416723,1.0,22.0,,,6.0,6.0
2025-04-30 00:00:00,0,0.0,0,4.0,4.042645454407,4.042645454407,0.0,4.042645454407,0.290401408166,0.290401408166,-0.283974695618,-0.283974695618,-0.281100779391,-0.281100779391,0.290401408166,0.0,0.989423880758,0.0,12.0,240841.0,42.0,3.0,3.0
2025-04-30 04:00:00,0,,0,,2.318729460239,2.318729460239,0.0,2.318729460239,-0.182458623287,-0.182458623287,,,-0.595005930272,-0.595005930272,-0.182458623287,0.0,0.616924233033,0.0,11.0,,,1.0,1.0
2025-04-30 08:00:00,0,,0,,7.428356826305,7.428356826305,0.0,7.428356826305,0.160446454597,0.160446454597,,,0.234004611898,0.234004611898,0.160446454597,0.023946360153,0.611932478699,1.0,17.0,,,8.0,8.0
2025-04-30 12:00:00,0,,0,,6.478730499744,6.478730499744,0.0,6.478730499744,-0.03161588061,-0.03161588061,,,0.04069191694,0.04069191694,-0.03161588061,0.0,0.495901681737,0.0,21.0,,,7.0,7.0
2025-04-30 16:00:00,0,,0,,8.436187744141,8.436187744141,1.515715479851,9.951903223991,0.02745235447,0.02745235447,,,0.754733194668,0.754733194668,0.02745235447,0.058810092048,0.653704574862,3.0,26.0,,,8.0,8.0
2025-04-30 20:00:00,0,,0,,4.757802009583,4.757802009583,3.188814282417,7.946616292,0.144753300741,0.144753300741,,,0.149413195571,0.149413195571,0.144753300741,0.0,1.405911652872,0.0,32.0,,,15.0,15.0
2025-05-01 00:00:00,1,5.0,1,4.0,-1.74039375782,-1.74039375782,8.301818311214,6.561424553394,-0.303672110361,-0.303672110361,0.426299815636,0.426299815636,-1.670128963892,-1.670128963892,-0.303672110361,0.0,1.489175126115,0.0,31.0,240919.0,77.0,24.0,24.0
2025-05-01 04:00:00,0,,0,,6.061472475529,6.061472475529,0.748530387878,6.810002863407,0.276157378601,0.276157378601,,,0.301398400105,0.301398400105,0.276157378601,0.0,0.851771089156,0.0,20.0,,,9.0,9.0
2025-05-01 08:00:00,0,,0,,8.018103182316,8.018103182316,1.648909151554,9.66701233387,0.001351925634,0.001351925634,,,0.761589072043,0.761589072043,0.001351925634,0.056141774892,0.715745245526,2.0,26.0,,,14.0,14.0
2025-05-01 12:00:00,0,,0,,11.786710619926,11.786710619926,3.22366631031,15.010376930237,0.103192493396,0.103192493396,,,1.297583407006,1.297583407006,0.103192493396,0.04509082253,1.188642931456,2.0,50.0,,,15.0,15.0
2025-05-01 16:00:00,4,,1,,9.114030241966,9.114030241966,0.86791408062,9.981944322586,-0.161615799402,-0.161615799402,,,0.43201746628,0.43201746628,-0.161615799402,0.0,0.808467972807,0.0,30.0,,,12.0,12.0
2025-05-01 20:00:00,0,,0,,3.108715236187,3.108715236187,0.707081437111,3.815796673298,-0.135528779312,-0.135528779312,,,-0.372466308807,-0.372466308807,-0.135528779312,0.0,0.704998413267,0.0,17.0,,,3.0,3.0
2025-05-02 00:00:00,1,2.0,1,5.0,3.609087347984,3.609087347984,0.880858004093,4.489945352077,0.065677688907,0.065677688907,0.017221194627,0.017221194627,-0.339186555056,-0.339186555056,0.065677688907,0.0,0.68140130197,0.0,12.0,240851.0,40.0,6.0,6.0
2025-05-02 04:00:00,0,,0,,4.589338004589,4.589338004589,1.820389449596,6.409727454185,-0.138369100911,-0.138369100911,,,-0.170095879738,-0.170095879738,-0.138369100911,0.082070707071,1.086749977555,2.0,26.0,,,6.0,6.0
2025-05-02 08:00:00,0,,0,,5.972694575787,5.972694575787,0.886460363865,6.859154939651,0.199632875542,0.199632875542,,,-0.203767057019,-0.203767057019,0.199632875542,0.0,0.941286763427,0.0,23.0,,,6.0,6.0
2025-05-02 12:00:00,0,,0,,17.724720060825,17.724720060825,0.710276186466,18.434996247292,0.099829089101,0.099829089101,,,0.558237967049,0.558237967049,0.099829089101,0.02147766323,1.115208756777,1.0,42.0,,,7.0,7.0
2025-05-02 16:00:00,0,,0,,14.804155886173,14.804155886173,2.241287171841,17.045443058014,-0.056176763725,-0.056176763725,,,0.437416834877,0.437416834877,-0.056176763725,0.073132885633,1.336310949638,2.0,46.0,,,8.0,8.0
2025-05-02 20:00:00,1,,1,,3.015079677105,3.015079677105,2.495603084564,5.510682761669,-0.151577355647,-0.151577355647,,,-0.168572525475,-0.168572525475,-0.151577355647,0.0,1.084513774853,0.0,29.0,,,7.0,7.0
2025-05-03 00:00:00,0,0.0,0,4.0,3.647203326225,3.647203326225,2.763532221317,6.410735547543,0.038687513469,0.038687513469,-0.497636993912,-0.497636993912,-0.120560437636,-0.120560437636,0.038687513469,0.090579710145,1.25751020349,1.0,24.0,241759.0,36.0,10.0,10.0
2025-05-03 04:00:00,0,,0,,4.046171426773,4.046171426773,0.735309898853,4.781481325626,-0.004383758863,-0.004383758863,,,-0.389217961349,-0.389217961349,-0.004383758863,0.0,0.700572583134,0.0,14.0,,,3.0,3.0
2025-05-03 08:00:00,0,,0,,6.441165685654,6.441165685654,1.792479753494,8.233645439148,-0.100496049734,-0.100496049734,,,-0.18157010764,-0.18157010764,-0.100496049734,0.0,0.786547160245,0.0,20.0,,,5.0,5.0
2025-05-03 12:00:00,0,,0,,7.594085812569,7.594085812569,2.314203321934,9.908289134502,0.008603354107,0.008603354107,,,-0.191812082864,-0.191812082864,0.008603354107,0.028538812785,1.077025913554,1.0,33.0,,,9.0,9.0
2025-05-03 16:00:00,0,,0,,7.0152297616,7.0152297616,0.771754145622,7.786983907223,0.156270373836,0.156270373836,,,-0.292174221284,-0.292174221284,0.156270373836,0.0,0.836909535791,0.0,22.0,,,5.0,5.0
2025-05-03 20:00:00,0,,0,,-0.898508310318,-0.898508310318,2.395211219788,1.49670290947,-0.213838694257,-0.213838694257,,,-0.66424312487,-0.66424312487,-0.213838694257,0.0,0.848131791509,0.0,19.0,,,4.0,4.0
2025-05-04 00:00:00,0,0.0,0,3.0,3.412229001522,3.412229001522,0.0,3.412229001522,0.051680580475,0.051680580475,-0.494463467269,-0.494463467269,-0.612100942174,-0.612100942174,0.051680580475,0.045289855072,1.001574862857,1.0,18.0,242082.0,31.0,2.0,2.0
2025-05-04 04:00:00,0,,0,,3.412930846214,3.412930846214,0.811962425709,4.224893271923,0.257580998705,0.257580998705,,,-0.131661180639,-0.131661180639,0.257580998705,0.0,0.665547027657,0.0,11.0,,,5.0,5.0
2025-05-04 08:00:00,0,,0,,7.262224495411,7.262224495411,2.45331799984,9.715542495251,-0.023090745236,-0.023090745236,,,0.568865178577,0.568865178577,-0.023090745236,0.0,1.255852973829,0.0,22.0,,,9.0,9.0
2025-05-04 12:00:00,0,,0,,7.955934941769,7.955934941769,3.261718690395,11.217653632164,0.098547635954,0.098547635954,,,0.668876456451,0.668876456451,0.098547635954,0.0,1.116784428939,0.0,30.0,,,9.0,9.0
2025-05-04 16:00:00,0,,0,,6.304987728596,6.304987728596,0.0,6.304987728596,-0.205108943542,-0.205108943542,,,-0.426547741095,-0.426547741095,-0.205108943542,0.0,0.631154630355,0.0,17.0,,,3.0,3.0
2025-05-04 20:00:00,0,,0,,3.850941240788,3.850941240788,1.690231025219,5.541172266006,-0.080733686597,-0.080733686597,,,-0.390694246223,-0.390694246223,-0.080733686597,0.0,0.892619335722,0.0,16.0,,,3.0,3.0
2025-05-05 00:00:00,0,1.0,0,3.0,3.846365094185,3.846365094185,1.707596719265,5.55396181345,-0.06530829922,-0.06530829922,-0.162650596628,-0.162650596628,-0.362240905675,-0.362240905675,-0.06530829922,0.109649122807,1.059086728418,1.0,18.0,242081.0,49.0,3.0,3.0
2025-05-05 04:00:00,1,,1,,10.583106935024,10.583106935024,0.0,10.583106935024,0.166155648732,0.166155648732,,,0.020650448807,0.020650448807,0.166155648732,0.0,0.940932875268,0.0,21.0,,,5.0,5.0
2025-05-05 08:00:00,0,,0,,9.699382483959,9.699382483959,2.753263771534,12.452646255493,0.203867055916,0.203867055916,,,1.836413878653,1.836413878653,0.203867055916,0.0,1.110062066523,0.0,33.0,,,19.0,19.0
2025-05-05 12:00:00,0,,0,,5.452433586121,5.452433586121,1.567768514156,7.020202100277,-0.154352190802,-0.154352190802,,,0.053662412693,0.053662412693,-0.154352190802,0.07697740113,0.631821999718,2.0,25.0,,,7.0,7.0
2025-05-05 16:00:00,0,,0,,1.397002577782,1.397002577782,7.024941027164,8.421943604946,0.061934841432,0.061934841432,,,-0.017049527224,-0.017049527224,0.061934841432,0.0,0.909920028446,0.0,32.0,,,10.0,10.0
2025-05-05 20:00:00,0,,0,,2.372240841389,2.372240841389,2.633270263672,5.005511105061,-0.149919923911,-0.149919923911,,,-0.47521087581,-0.47521087581,-0.149919923911,0.0,0.974215165763,0.0,23.0,,,6.0,6.0
2025-05-06 00:00:00,0,6.0,0,4.0,3.076902389526,3.076902389526,0.0,3.076902389526,0.103333172873,0.103333172873,-0.48600544181,-0.48600544181,-0.374085747968,-0.374085747968,0.103333172873,0.086805555556,0.445688921314,1.0,11.0,242473.0,38.0,6.0,6.0
2025-05-06 04:00:00,0,,0,,4.120737969875,4.120737969875,0.0,4.120737969875,0.001166400893,0.001166400893,,,-0.341201100614,-0.341201100614,0.001166400893,0.0,0.423623829874,0.0,8.0,,,3.0,3.0
2025-05-06 08:00:00,3,,1,,7.284839808941,7.284839808941,2.374458730221,9.659298539162,-0.017030783816,-0.017030783816,,,-0.103477992072,-0.103477992072,-0.017030783816,0.0,0.865520717105,0.0,27.0,,,8.0,8.0
2025-05-06 12:00:00,3,,2,,4.482812464237,4.482812464237,5.883880674839,10.366693139076,0.12196947714,0.12196947714,,,-0.269831054964,-0.269831054964,0.12196947714,0.031094527363,1.191655200134,1.0,44.0,,,8.0,8.0
2025-05-06 16:00:00,0,,0,,1.646616458893,1.646616458893,5.023413658142,6.670030117035,-0.142343079217,-0.142343079217,,,-0.464130378557,-0.464130378557,-0.142343079217,0.0,0.580491053839,0.0,23.0,,,6.0,6.0
2025-05-06 20:00:00,0,,0,,5.926156520844,5.926156520844,0.868108272552,6.794264793396,0.010318820375,0.010318820375,,,0.129044537628,0.129044537628,0.010318820375,0.0,0.713866089712,0.0,21.0,,,8.0,8.0
2025-05-07 00:00:00,0,4.0,0,6.0,2.977024018764,2.977024018764,0.0,2.977024018764,-0.159166582341,-0.159166582341,0.190608316104,0.190608316104,-0.491631607031,-0.491631607031,-0.159166582341,0.0,0.45176137736,0.0,12.0,242903.0,54.0,2.0,2.0
2025-05-07 04:00:00,0,,0,,10.789431989193,10.789431989193,1.5281021595,12.317534148693,0.328541112751,0.328541112751,,,0.972918642724,0.972918642724,0.328541112751,0.0,0.883141510817,0.0,28.0,,,10.0,10.0
2025-05-07 08:00:00,0,,0,,9.714304924011,9.714304924011,1.452954947948,11.16725987196,0.062381098039,0.062381098039,,,1.311386856788,1.311386856788,0.062381098039,0.0,0.679253888382,0.0,28.0,,,13.0,13.0
2025-05-07 12:00:00,0,,0,,3.700308144093,3.700308144093,6.70195299387,10.402261137962,-0.123540789526,-0.123540789526,,,0.013640152103,0.013640152103,-0.123540789526,0.0,0.9868853682,0.0,41.0,,,13.0,13.0
2025-05-07 16:00:00,0,,0,,11.067510902882,11.067510902882,0.829156816006,11.896667718887,-0.111915999977,-0.111915999977,,,0.222466579572,0.222466579572,-0.111915999977,0.0,0.991349158902,0.0,33.0,,,6.0,6.0
2025-05-07 20:00:00,4,,2,,4.209375143051,4.209375143051,3.081806063652,7.291181206703,0.006381317687,0.006381317687,,,0.018151043077,0.018151043077,0.006381317687,0.0,0.734144046339,0.0,23.0,,,10.0,10.0
2025-05-08 00:00:00,3,5.0,1,7.0,3.051571071148,3.051571071148,0.861853599548,3.913424670696,-0.093258685813,-0.093258685813,0.483697158244,0.483697158244,-0.383441016352,-0.383441016352,-0.093258685813,0.0,0.442744250185,0.0,14.0,243166.0,64.0,5.0,5.0
2025-05-08 04:00:00,0,,0,,7.235576808453,7.235576808453,0.0,7.235576808453,0.06580219451,0.06580219451,,,0.333487729142,0.333487729142,0.06580219451,0.0,0.470070566927,0.0,17.0,,,10.0,10.0
2025-05-08 08:00:00,0,,0,,5.330690562725,5.330690562725,3.256738245487,8.587428808212,-0.141662879695,-0.141662879695,,,-0.331063999096,-0.331063999096,-0.141662879695,0.048496388472,0.551845230334,2.0,21.0,,,5.0,5.0
2025-05-08 12:00:00,0,,0,,9.668434798717,9.668434798717,4.845552682877,14.513987481594,0.544645124897,0.544645124897,,,1.711414124745,1.711414124745,0.544645124897,0.0,0.868213570344,0.0,47.0,,,22.0,22.0
2025-05-08 16:00:00,2,,1,,9.117610156536,9.117610156536,1.56184053421,10.679450690746,-0.196373310609,-0.196373310609,,,0.112964159751,0.112964159751,-0.196373310609,0.0,0.752827232683,0.0,35.0,,,13.0,13.0
2025-05-08 20:00:00,0,,0,,10.609371125698,10.609371125698,0.863719761372,11.47309088707,-0.019976650406,-0.019976650406,,,0.674449115229,0.674449115229,-0.019976650406,0.017507002801,0.646002712684,1.0,32.0,,,9.0,9.0
2025-05-09 00:00:00,0,2.0,0,7.0,8.949947655201,8.949947655201,1.714086890221,10.664034545422,0.121067841449,0.121067841449,1.507148404573,1.507148404573,0.260291488344,0.260291488344,0.121067841449,0.0,0.747456164675,0.0,25.0,243449.0,85.0,9.0,9.0
2025-05-09 04:00:00,0,,0,,7.040106296539,7.040106296539,4.06769323349,11.107799530029,-0.087910087015,-0.087910087015,,,0.290647474769,0.290647474769,-0.087910087015,0.058377811666,0.918167052366,2.0,39.0,,,18.0,18.0
2025-05-09 08:00:00,0,,0,,8.744409501553,8.744409501553,4.073817551136,12.818227052689,0.123732827758,0.123732827758,,,0.391707296,0.391707296,0.123732827758,0.039969388374,0.749278118764,2.0,37.0,,,16.0,16.0
2025-05-09 12:00:00,1,,1,,13.126442372799,13.126442372799,3.704694569111,16.83113694191,0.10899021364,0.10899021364,,,1.634428886493,1.634428886493,0.10899021364,0.027531443807,0.897628249415,2.0,55.0,,,26.0,26.0
2025-05-09 16:00:00,1,,1,,10.293356180191,10.293356180191,3.297910273075,13.591266453266,-0.186875168489,-0.186875168489,,,0.229911058453,0.229911058453,-0.186875168489,0.0,1.196775470204,0.0,51.0,,,13.0,14.0
2025-05-09 20:00:00,0,,0,,10.018954515457,10.018954515457,1.602488875389,11.621443390846,-0.106945663917,-0.106945663917,,,-0.490415471347,-0.490415471347,-0.106945663917,0.052083333333,0.828450222676,1.0,23.0,,,4.0,4.0
2025-05-10 00:00:00,0,0.0,0,8.0,26.335027635098,26.335027635098,0.831126451492,27.16615408659,-0.046001313484,-0.046001313484,2.339549592123,2.339549592123,-0.043723503964,-0.043723503964,-0.046001313484,0.0,2.209726000051,0.0,44.0,243819.0,48.0,4.0,4.0
2025-05-10 04:00:00,0,,0,,21.440095245838,21.440095245838,0.871186316013,22.311281561852,-0.09966098313,-0.09966098313,,,-0.27736539049,-0.27736539049,-0.09966098313,0.045289855072,1.387812472963,1.0,31.0,,,3.0,3.0
2025-05-10 08:00:00,0,,0,,26.969769895077,26.969769895077,2.510785102844,29.480554997921,0.230719039365,0.230719039365,,,1.572158617763,1.572158617763,0.230719039365,0.045289855072,1.912365707268,1.0,60.0,,,15.0,15.0
2025-05-10 12:00:00,0,,0,,22.147910833359,22.147910833359,3.176573872566,25.324484705925,-0.153993853284,-0.153993853284,,,0.062235814396,0.062235814396,-0.153993853284,0.0,1.343723861614,0.0,50.0,,,7.0,7.0
2025-05-10 16:00:00,0,,0,,25.92119550705,25.92119550705,1.640901863575,27.562097370625,0.273687904076,0.273687904076,,,1.310577690919,1.310577690919,0.273687904076,0.021043771044,1.201931260477,1.0,51.0,,,15.0,15.0
2025-05-10 20:00:00,0,,0,,19.103808820248,19.103808820248,3.242031037807,22.345839858055,-0.276465101955,-0.276465101955,,,-0.454335124286,-0.454335124286,-0.276465101955,0.0,1.382602023555,0.0,43.0,,,4.0,4.0
2025-05-11 00:00:00,0,0.0,0,8.0,15.985971689224,15.985971689224,3.185129523277,19.171101212502,0.013379887719,0.013379887719,1.978252004958,1.978252004958,-0.374880948595,-0.374880948595,0.013379887719,0.0,1.522404916913,0.0,37.0,243924.0,44.0,7.0,7.0
2025-05-11 04:00:00,0,,0,,24.217029154301,24.217029154301,0.753336966038,24.970366120338,0.02846434765,0.02846434765,,,0.124349257118,0.124349257118,0.02846434765,0.080128205128,1.682057663475,1.0,35.0,,,8.0,8.0
2025-05-11 08:00:00,0,,0,,29.673751354218,29.673751354218,2.606449842453,32.280201196671,0.051517965253,0.051517965253,,,0.606686928188,0.606686928188,0.051517965253,0.0,2.34300106753,0.0,60.0,,,9.0,10.0
2025-05-11 12:00:00,0,,0,,25.475682199001,25.475682199001,2.291969299316,27.767651498318,0.034402222912,0.034402222912,,,-0.184332459002,-0.184332459002,0.034402222912,0.0,1.476006648427,0.0,52.0,,,6.0,6.0
2025-05-11 16:00:00,0,,0,,25.438981771469,25.438981771469,3.903081953526,29.342063724995,0.084083974379,0.084083974379,,,0.24878514512,0.24878514512,0.084083974379,0.0,1.794292681319,0.0,56.0,,,9.0,9.0
2025-05-11 20:00:00,0,,0,,22.340114831924,22.340114831924,0.80203384161,23.142148673534,-0.119231978801,-0.119231978801,,,-0.354107112733,-0.354107112733,-0.119231978801,0.0,1.224209522622,0.0,38.0,,,5.0,5.0
2025-05-12 00:00:00,0,0.0,0,8.0,7.280781924725,7.280781924725,1.650202393532,8.930984318256,-0.04488796354,-0.04488796354,0.766654124429,0.766654124429,-0.54308807609,-0.54308807609,-0.04488796354,0.0,0.74534341948,0.0,22.0,244310.0,71.0,8.0,8.0
2025-05-12 04:00:00,0,,0,,6.64984858036,6.64984858036,0.828470289707,7.478318870068,0.056524530547,0.056524530547,,,-0.445389300027,-0.445389300027,0.056524530547,0.057457786116,0.666104445153,2.0,21.0,,,9.0,9.0
2025-05-12 08:00:00,0,,0,,7.474348902702,7.474348902702,0.913194954395,8.387543857098,-0.145449401644,-0.145449401644,,,-0.481820240511,-0.481820240511,-0.145449401644,0.0,0.688361232277,0.0,28.0,,,12.0,12.0
2025-05-12 12:00:00,0,,0,,10.501632153988,10.501632153988,0.867418766022,11.36905092001,0.176768670069,0.176768670069,,,-0.182997311035,-0.182997311035,0.176768670069,0.017806267806,0.75785382165,1.0,37.0,,,12.0,12.0
2025-05-12 16:00:00,0,,0,,8.004691123962,8.004691123962,4.019125163555,12.023816287518,0.025079777201,0.025079777201,,,-0.185662957367,-0.185662957367,0.025079777201,0.0,1.064914294175,0.0,43.0,,,16.0,16.0
2025-05-12 20:00:00,0,,0,,13.860890865326,13.860890865326,3.271727263927,17.132618129253,-0.125635549584,-0.125635549584,,,-0.060821357332,-0.060821357332,-0.125635549584,0.012939958592,1.1059456896,1.0,40.0,,,14.0,14.0
2025-05-13 00:00:00,0,2.0,0,7.0,12.178054213524,12.178054213524,0.713384389877,12.891438603401,0.030223697087,0.030223697087,1.112395811473,1.112395811473,-0.300728875505,-0.300728875505,0.030223697087,0.0,1.102241005585,0.0,30.0,245007.0,74.0,9.0,9.0
2025-05-13 04:00:00,0,,0,,12.556098401546,12.556098401546,1.784565031528,14.340663433075,0.025734336239,0.025734336239,,,0.08690058704,0.08690058704,0.025734336239,0.0,0.829494694198,0.0,28.0,,,12.0,12.0
2025-05-13 08:00:00,0,,0,,5.728971123695,5.728971123695,1.539742588997,7.268713712692,0.001783505661,0.001783505661,,,-0.301561231538,-0.301561231538,0.001783505661,0.0,0.520263776525,0.0,21.0,,,12.0,12.0
2025-05-13 12:00:00,0,,0,,11.411488890648,11.411488890648,1.55598461628,12.967473506927,-0.062702548688,-0.062702548688,,,-0.045958903184,-0.045958903184,-0.062702548688,0.0,0.709752693963,0.0,35.0,,,13.0,13.0
2025-05-13 16:00:00,2,,1,,16.441019415855,16.441019415855,2.385118424892,18.826137840748,0.201520690599,0.201520690599,,,0.971188532108,0.971188532108,0.201520690599,0.020226537217,0.936803360146,1.0,42.0,,,19.0,19.0
2025-05-13 20:00:00,0,,0,,3.955182433128,3.955182433128,4.654015183449,8.609197616577,-0.186171505445,-0.186171505445,,,-0.654503615454,-0.654503615454,-0.186171505445,0.0,0.935738576686,0.0,35.0,,,9.0,9.0
2025-05-14 00:00:00,0,14.0,0,5.0,10.097120523453,10.097120523453,2.216945827007,12.31406635046,0.084143884352,0.084143884352,0.895643119406,0.895643119406,-0.026240425393,-0.026240425393,0.084143884352,0.0,0.983792712241,0.0,26.0,245554.0,67.0,14.0,14.0
2025-05-14 04:00:00,0,,0,,7.223578810692,7.223578810692,1.733212530613,8.956791341305,-0.143776477639,-0.143776477639,,,-0.462223098177,-0.462223098177,-0.143776477639,0.0,0.718616945272,0.0,23.0,,,6.0,6.0
2025-05-14 08:00:00,0,,0,,10.408273756504,10.408273756504,0.0,10.408273756504,0.062402235962,0.062402235962,,,-0.35552744628,-0.35552744628,0.062402235962,0.0,0.626436228417,0.0,21.0,,,7.0,7.0
2025-05-14 12:00:00,2,,1,,17.854068279266,17.854068279266,3.14799541235,21.002063691616,0.250572345231,0.250572345231,,,1.466670509769,1.466670509769,0.250572345231,0.023946360153,1.169433611338,1.0,60.0,,,19.0,19.0
2025-05-14 16:00:00,5,,3,,13.886908710003,13.886908710003,0.0,13.886908710003,-0.107962276162,-0.107962276162,,,0.326582539851,0.326582539851,-0.107962276162,0.0,1.035982831076,0.0,36.0,,,12.0,12.0
2025-05-14 20:00:00,7,,1,,3.239284157753,3.239284157753,4.827279806137,8.06656396389,-0.252900379022,-0.252900379022,,,-0.538600514114,-0.538600514114,-0.252900379022,0.0,0.974005682121,0.0,30.0,,,9.0,9.0
2025-05-15 00:00:00,0,0.0,0,6.0,8.898571908474,8.898571908474,0.0,8.898571908474,0.212736137314,0.212736137314,0.242486030762,0.242486030762,-0.293221786047,-0.293221786047,0.212736137314,0.0,0.842739713884,0.0,17.0,245923.0,63.0,6.0,6.0
2025-05-15 04:00:00,0,,0,,7.052560508251,7.052560508251,0.826590836048,7.879151344299,-0.028770502764,-0.028770502764,,,-0.406780520555,-0.406780520555,-0.028770502764,0.0,1.128284041671,0.0,23.0,,,8.0,8.0
2025-05-15 08:00:00,0,,0,,8.775320827961,8.775320827961,1.658314466476,10.433635294437,0.217709341655,0.217709341655,,,0.049802043066,0.049802043066,0.217709341655,0.0,0.91608893302,0.0,32.0,,,15.0,15.0
2025-05-15 12:00:00,0,,0,,12.447913885117,12.447913885117,3.843110859394,16.291024744511,-0.037434660045,-0.037434660045,,,0.260948632016,0.260948632016,-0.037434660045,0.0,1.137128084771,0.0,46.0,,,16.0,16.0
2025-05-15 16:00:00,0,,0,,3.758930623531,3.758930623531,4.990306854248,8.749237477779,-0.103326097848,-0.103326097848,,,-0.404940803928,-0.404940803928,-0.103326097848,0.0,0.903766740322,0.0,29.0,,,13.0,13.0
2025-05-15 20:00:00,0,,0,,4.20491784811,4.20491784811,2.434416234493,6.639334082603,-0.203214449619,-0.203214449619,,,-0.539922622352,-0.539922622352,-0.203214449619,0.045289855072,1.040800753786,1.0,26.0,,,5.0,5.0
2025-05-16 00:00:00,0,7.0,0,5.0,5.670307934284,5.670307934284,2.380231320858,8.050539255142,0.343303066753,0.343303066753,1.50975105172,1.50975105172,-0.211769073931,-0.211769073931,0.343303066753,0.0,1.613890892943,0.0,25.0,245463.0,109.0,12.0,12.0
2025-05-16 04:00:00,3,,1,,7.007492959499,7.007492959499,0.0,7.007492959499,-0.022000715684,-0.022000715684,,,-0.049340754361,-0.049340754361,-0.022000715684,0.053418803419,0.757822737666,1.0,22.0,,,13.0,13.0
2025-05-16 08:00:00,0,,0,,4.898403763771,4.898403763771,3.255543708801,8.153947472572,0.001160349489,0.001160349489,,,-0.246418699205,-0.246418699205,0.001160349489,0.051828958079,1.055818816502,2.0,31.0,,,14.0,14.0
2025-05-16 12:00:00,1,,1,,14.046061575413,14.046061575413,1.751839697361,15.797901272774,0.304605103538,0.304605103538,,,1.047038913146,1.047038913146,0.304605103538,0.050320496054,1.372318821795,3.0,47.0,,,30.0,30.0
2025-05-16 16:00:00,2,,1,,10.419344186783,10.419344186783,6.746445298195,17.165789484978,-0.128776519446,-0.128776519446,,,0.222462921178,0.222462921178,-0.128776519446,0.097985867232,1.771031188703,3.0,58.0,,,26.0,26.0
2025-05-16 20:00:00,1,,1,,9.82451826334,9.82451826334,4.515211760998,14.339730024338,-0.061419040813,-0.061419040813,,,0.18486891261,0.18486891261,-0.061419040813,0.102291325696,1.392907044519,2.0,37.0,,,15.0,15.0
2025-05-17 00:00:00,0,0.0,0,5.0,4.825481057167,4.825481057167,1.779922902584,6.605403959751,-0.133097462318,-0.133097462318,-0.531158272682,-0.531158272682,-0.539129250018,-0.539129250018,-0.133097462318,0.0,1.236855268022,0.0,23.0,246154.0,42.0,7.0,7.0
2025-05-17 04:00:00,0,,0,,3.518115103245,3.518115103245,1.455823719501,4.973938822746,-0.014119025636,-0.014119025636,,,-0.674883673976,-0.674883673976,-0.014119025636,0.0,1.054261057919,0.0,19.0,,,7.0,7.0
2025-05-17 08:00:00,0,,0,,3.464749276638,3.464749276638,3.224447667599,6.689196944237,-0.03354483624,-0.03354483624,,,-0.657119059336,-0.657119059336,-0.03354483624,0.049603174603,0.813965962808,1.0,21.0,,,5.0,5.0
2025-05-17 12:00:00,0,,0,,8.327693581581,8.327693581581,0.775544881821,9.103238463402,0.108873264699,0.108873264699,,,-0.336849170213,-0.336849170213,0.108873264699,0.0,1.118292216067,0.0,34.0,,,8.0,8.0
2025-05-17 16:00:00,0,,0,,5.296979546547,5.296979546547,3.15793377161,8.454913318157,-0.102961797384,-0.102961797384,,,-0.573047429332,-0.573047429332,-0.102961797384,0.0,1.236814487048,0.0,29.0,,,9.0,9.0
2025-05-17 20:00:00,0,,0,,3.417492508888,3.417492508888,1.585975170135,5.003467679024,-0.107055796891,-0.107055796891,,,-0.583242128437,-0.583242128437,-0.107055796891,0.0,0.892332760682,0.0,19.0,,,6.0,6.0
2025-05-18 00:00:00,0,0.0,0,5.0,2.937784850597,2.937784850597,2.606291055679,5.544075906277,0.050138835898,0.050138835898,-0.144297788053,-0.144297788053,-0.275177724213,-0.275177724213,0.050138835898,0.0,1.267233859251,0.0,26.0,246449.0,64.0,11.0,11.0
2025-05-18 04:00:00,0,,0,,1.798638284206,1.798638284206,1.430441439152,3.229079723358,-0.082661655353,-0.082661655353,,,-0.474327813391,-0.474327813391,-0.082661655353,0.0,0.82511335314,0.0,14.0,,,6.0,6.0
2025-05-18 08:00:00,0,,0,,12.192501783371,12.192501783371,0.0,12.192501783371,0.310870854039,0.310870854039,,,0.137496567088,0.137496567088,0.310870854039,0.0,0.905750371119,0.0,25.0,,,7.0,7.0
2025-05-18 12:00:00,0,,0,,4.991204440594,4.991204440594,5.05135679245,10.042561233044,-0.023292084722,-0.023292084722,,,-0.151853520347,-0.151853520347,-0.023292084722,0.0,1.503538998144,0.0,43.0,,,11.0,11.0
2025-05-18 16:00:00,0,,0,,8.960183024406,8.960183024406,2.26975530386,11.229938328266,0.059794778339,0.059794778339,,,0.425488616107,0.425488616107,0.059794778339,0.0,0.981541962602,0.0,33.0,,,18.0,18.0
2025-05-18 20:00:00,0,,0,,1.435158371925,1.435158371925,2.489831030369,3.924989402294,-0.227768948627,-0.227768948627,,,-0.134721869566,-0.134721869566,-0.227768948627,0.0,0.77610399399,0.0,22.0,,,11.0,11.0
2025-05-19 00:00:00,0,0.0,0,5.0,1.85105663538,1.85105663538,2.367267072201,4.218323707581,0.147701254262,0.147701254262,0.119855713155,0.119855713155,-0.530117897653,-0.530117897653,0.147701254262,0.0,0.616918204861,0.0,14.0,247021.0,71.0,7.0,7.0
2025-05-19 04:00:00,0,,0,,6.985330998898,6.985330998898,1.479230165482,8.464561164379,-0.051945990737,-0.051945990737,,,0.230208750801,0.230208750801,-0.051945990737,0.0,1.006937537562,0.0,26.0,,,12.0,12.0
2025-05-19 08:00:00,0,,0,,4.952493727207,4.952493727207,1.622186601162,6.574680328369,0.026363952355,0.026363952355,,,-0.139853912754,-0.139853912754,0.026363952355,0.0,0.570591633877,0.0,18.0,,,9.0,9.0
2025-05-19 12:00:00,0,,0,,13.176460206509,13.176460206509,3.204884707928,16.381344914436,0.359650439988,0.359650439988,,,2.607316686873,2.607316686873,0.359650439988,0.019113149847,1.054850680826,1.0,42.0,,,25.0,25.0
2025-05-19 16:00:00,0,,0,,4.441188454628,4.441188454628,3.773877561092,8.21506601572,-0.10860213289,-0.10860213289,,,-0.248190568323,-0.248190568323,-0.10860213289,0.045289855072,0.810294106561,1.0,31.0,,,12.0,12.0
2025-05-19 20:00:00,0,,0,,5.929990828037,5.929990828037,1.574404537678,7.504395365715,-0.119975850844,-0.119975850844,,,-0.551450797921,-0.551450797921,-0.119975850844,0.042517006803,0.925032153039,1.0,29.0,,,7.0,7.0
2025-05-20 00:00:00,0,0.0,0,5.0,7.51557803154,7.51557803154,0.0,7.51557803154,0.116464000347,0.116464000347,-0.05553429671,-0.05553429671,-0.324329852424,-0.324329852424,0.116464000347,0.0,0.795548878453,0.0,19.0,247556.0,59.0,4.0,4.0
2025-05-20 04:00:00,0,,0,,-1.486707448959,-1.486707448959,3.075020134449,1.58831268549,-0.169954437325,-0.169954437325,,,-0.551643514335,-0.551643514335,-0.169954437325,0.052083333333,0.609849040233,1.0,16.0,,,4.0,4.0
2025-05-20 08:00:00,0,,0,,6.811388909817,6.811388909817,2.345804691315,9.157193601131,0.047180686447,0.047180686447,,,-0.364300527262,-0.364300527262,0.047180686447,0.034153005464,0.614726265885,1.0,25.0,,,7.0,7.0
2025-05-20 12:00:00,0,,0,,10.422523021698,10.422523021698,5.762940883636,16.185463905334,0.06044365338,0.06044365338,,,0.302885425694,0.302885425694,0.06044365338,0.019841269841,1.241385238881,1.0,55.0,,,13.0,13.0
2025-05-20 16:00:00,0,,0,,9.598646759987,9.598646759987,4.659856975079,14.258503735065,0.103950532389,0.103950532389,,,0.670925205559,0.670925205559,0.103950532389,0.0,1.261327031564,0.0,49.0,,,18.0,18.0
2025-05-20 20:00:00,0,,0,,5.659513235092,5.659513235092,2.697054445744,8.356567680836,-0.054783098445,-0.054783098445,,,-0.110002102339,-0.110002102339,-0.054783098445,0.0,0.700846816873,0.0,24.0,,,13.0,13.0
2025-05-21 00:00:00,4,4.0,1,5.0,4.275820374489,4.275820374489,5.525112390518,9.800932765007,0.061518422019,0.061518422019,1.883085468334,1.883085468334,-0.322533409941,-0.322533409941,0.061518422019,0.086805555556,1.260281852342,1.0,31.0,248068.0,105.0,10.0,10.0
2025-05-21 04:00:00,0,,0,,6.584048211575,6.584048211575,3.38865596056,9.972704172134,-0.108869074481,-0.108869074481,,,-0.219219764753,-0.219219764753,-0.108869074481,0.0,0.984895003654,0.0,30.0,,,9.0,9.0
2025-05-21 08:00:00,0,,0,,8.836509644985,8.836509644985,1.625283896923,10.461793541908,0.13277666812,0.13277666812,,,-0.088475155036,-0.088475155036,0.13277666812,0.0,0.862967663984,0.0,36.0,,,12.0,12.0
2025-05-21 12:00:00,0,,0,,24.329370439053,24.329370439053,4.894932210445,29.224302649498,0.414326304482,0.414326304482,,,2.301234546486,2.301234546486,0.414326304482,0.034520905279,1.236115010706,3.0,69.0,,,26.0,26.0
2025-05-21 16:00:00,0,,0,,11.822329759598,11.822329759598,5.391162157059,17.213491916656,-0.162689487743,-0.162689487743,,,0.680819208622,0.680819208622,-0.162689487743,0.0,1.139935678853,0.0,59.0,,,36.0,36.0
2025-05-21 20:00:00,0,,0,,7.599404454231,7.599404454231,3.318479180336,10.917883634567,-0.14995396465,-0.14995396465,,,-0.21641335425,-0.21641335425,-0.14995396465,0.0,0.968009427529,0.0,37.0,,,12.0,12.0
2025-05-22 00:00:00,0,0.0,0,2.0,6.449623465538,6.449623465538,9.840345084667,16.289968550205,0.179860452855,0.179860452855,2.937407254003,2.937407254003,0.809563445992,0.809563445992,0.179860452855,0.138919180904,1.621396330226,5.0,55.0,248573.0,134.0,29.0,30.0
2025-05-22 04:00:00,0,,0,,2.316533923149,2.316533923149,2.509052038193,4.825585961342,-0.277668167829,-0.277668167829,,,-0.321905538165,-0.321905538165,-0.277668167829,0.114894243184,0.677413880126,3.0,25.0,,,7.0,7.0
2025-05-22 08:00:00,0,,0,,22.846774816513,22.846774816513,4.145632505417,26.99240732193,0.491477676702,0.491477676702,,,1.01073452015,1.01073452015,0.491477676702,0.106172677404,1.278903993371,4.0,58.0,,,22.0,22.0
2025-05-22 12:00:00,0,,0,,15.119293212891,15.119293212891,3.479942798615,18.599236011505,-0.151083341336,-0.151083341336,,,0.440137176081,0.440137176081,-0.151083341336,0.047723475355,1.014109978168,3.0,56.0,,,22.0,22.0
2025-05-22 16:00:00,0,,0,,13.796821892262,13.796821892262,7.171410620213,20.968232512474,0.004531139576,0.004531139576,,,0.93497698062,0.93497698062,0.004531139576,0.022401433692,1.795780603874,1.0,79.0,,,38.0,38.0
2025-05-22 20:00:00,0,,0,,11.584963202477,11.584963202477,4.980186641216,16.565149843693,-0.132753361247,-0.132753361247,,,-0.147842118137,-0.147842118137,-0.132753361247,0.024509803922,1.401379927253,1.0,47.0,,,18.0,18.0
2025-05-23 00:00:00,0,0.0,0,2.0,10.629898905754,10.629898905754,5.341296851635,15.971195757389,0.449117174944,0.449117174944,3.848769407025,3.848769407025,0.503100088122,0.503100088122,0.449117174944,0.154659718023,1.610935447252,5.0,52.0,250070.0,160.0,34.0,34.0
2025-05-23 04:00:00,0,,0,,10.36704403162,10.36704403162,1.50950884819,11.87655287981,-0.131195796557,-0.131195796557,,,-0.157382672834,-0.157382672834,-0.131195796557,0.026371308017,1.196738782815,1.0,39.0,,,14.0,14.0
2025-05-23 08:00:00,0,,0,,19.310221850872,19.310221850872,8.042252540588,27.35247439146,0.170633912263,0.170633912263,,,1.647056231805,1.647056231805,0.170633912263,0.058105325096,2.399765941473,2.0,92.0,,,50.0,50.0
2025-05-23 12:00:00,0,,0,,17.676081597805,17.676081597805,3.024415433407,20.700497031212,-0.1123853113,-0.1123853113,,,0.286372225379,0.286372225379,-0.1123853113,0.075920922009,1.306161853656,3.0,68.0,,,29.0,29.0
2025-05-23 16:00:00,0,,0,,14.980916142464,14.980916142464,4.891809940338,19.872726082802,-0.004370773242,-0.004370773242,,,0.122720125353,0.122720125353,-0.004370773242,0.018601190476,1.336405489442,1.0,53.0,,,24.0,24.0
2025-05-23 20:00:00,0,,0,,10.95882576704,10.95882576704,1.639749288559,12.598575055599,-0.250072143387,-0.250072143387,,,-0.544790764282,-0.544790764282,-0.250072143387,0.029342723005,1.127508232958,1.0,33.0,,,9.0,9.0
2025-05-24 00:00:00,0,0.0,0,1.0,8.963054716587,8.963054716587,1.525867283344,10.488921999931,0.042865939577,0.042865939577,0.753495405108,0.753495405108,-0.481313483133,-0.481313483133,0.042865939577,0.023946360153,1.434761067525,1.0,29.0,250465.0,78.0,15.0,15.0
2025-05-24 04:00:00,0,,0,,3.200940012932,3.200940012932,3.986340999603,7.187281012535,-0.080384227748,-0.080384227748,,,-0.678563252769,-0.678563252769,-0.080384227748,0.0,1.517229058158,0.0,31.0,,,13.0,13.0
2025-05-24 08:00:00,0,,0,,13.064795732498,13.064795732498,0.700124561787,13.764920294285,0.081011852634,0.081011852634,,,-0.448858862376,-0.448858862376,0.081011852634,0.029761904762,1.032571050057,1.0,31.0,,,9.0,9.0
2025-05-24 12:00:00,0,,0,,8.509261131287,8.509261131287,3.320750176907,11.830011308193,-0.063527492392,-0.063527492392,,,-0.524185291595,-0.524185291595,-0.063527492392,0.090209694989,1.196152009676,2.0,35.0,,,10.0,10.0
2025-05-24 16:00:00,0,,0,,16.934054434299,16.934054434299,3.688697576523,20.622752010822,0.132039711872,0.132039711872,,,-0.174762246202,-0.174762246202,0.132039711872,0.085928731762,1.660664041154,2.0,50.0,,,16.0,16.0
2025-05-24 20:00:00,0,,0,,12.986278831959,12.986278831959,1.614359736443,14.600638568401,-0.035377540167,-0.035377540167,,,-0.238689222662,-0.238689222662,-0.035377540167,0.0,1.541166784684,0.0,39.0,,,15.0,15.0
2025-05-25 00:00:00,0,2.0,0,1.0,3.652006626129,3.652006626129,2.61618745327,6.268194079399,-0.187119134243,-0.187119134243,1.199313998296,1.199313998296,-0.655754077179,-0.655754077179,-0.187119134243,0.081018518519,1.365684301255,2.0,23.0,252460.0,126.0,6.0,6.0
2025-05-25 04:00:00,0,,0,,2.646921753883,2.646921753883,4.34976786375,6.996689617634,0.176611115284,0.176611115284,,,-0.471108265779,-0.471108265779,0.176611115284,0.0,0.963768632706,0.0,23.0,,,7.0,7.0
2025-05-25 08:00:00,0,,0,,5.643289268017,5.643289268017,1.729387044907,7.372676312923,0.084860886979,0.084860886979,,,-0.548021665248,-0.548021665248,0.084860886979,0.036549707602,0.742618043292,1.0,17.0,,,5.0,5.0
2025-05-25 12:00:00,0,,0,,15.475880324841,15.475880324841,8.13087528944,23.606755614281,0.309967753042,0.309967753042,,,0.736568998867,0.736568998867,0.309967753042,0.212382281665,2.32265608373,6.0,72.0,,,39.0,39.0
2025-05-25 16:00:00,0,,0,,15.217772483826,15.217772483826,5.366080760956,20.583853244781,0.023187558964,0.023187558964,,,0.709909661006,0.709909661006,0.023187558964,0.065104166667,2.084575839483,1.0,69.0,,,43.0,43.0
2025-05-25 20:00:00,2,,1,,7.369611740112,7.369611740112,4.069660365582,11.439272105694,-0.216890514052,-0.216890514052,,,-0.056050203909,-0.056050203909,-0.216890514052,0.132932610699,1.466550856156,3.0,39.0,,,27.0,27.0
2025-05-26 00:00:00,0,4.0,0,2.0,18.418017089367,18.418017089367,4.016197025776,22.434214115143,0.200738202982,0.200738202982,5.523519464932,5.523519464932,1.29298321704,1.29298321704,0.200738202982,0.138888888889,2.180687949115,2.0,54.0,254387.0,188.0,32.0,32.0
2025-05-26 04:00:00,4,,2,,25.342550754547,25.342550754547,4.007758200169,29.350308954716,0.063446414998,0.063446414998,,,1.952325344663,1.952325344663,0.063446414998,0.0,2.531100948219,0.0,68.0,,,32.0,33.0
2025-05-26 08:00:00,0,,0,,29.523651897907,29.523651897907,4.757274866104,34.280926764011,-0.046594921258,-0.046594921258,,,1.909410346013,1.909410346013,-0.046594921258,0.109331112621,2.249181951438,4.0,85.0,,,35.0,35.0
2025-05-26 12:00:00,0,,0,,26.792288601398,26.792288601398,6.076696813107,32.868985414505,0.109494147057,0.109494147057,,,1.815097512501,1.815097512501,0.109494147057,0.05920730962,2.52940325563,2.0,103.0,,,46.0,46.0
2025-05-26 16:00:00,0,,0,,13.075543642044,13.075543642044,4.640136837959,17.715680480003,-0.177323938037,-0.177323938037,,,0.095195527454,0.095195527454,-0.177323938037,0.223266848224,1.865877288049,9.0,67.0,,,34.0,34.0
2025-05-26 20:00:00,0,,0,,4.571149051189,4.571149051189,3.905274271965,8.476423323154,-0.172621646652,-0.172621646652,,,-0.732864621564,-0.732864621564,-0.172621646652,0.03591954023,1.516664262793,1.0,36.0,,,10.0,10.0
2025-05-27 00:00:00,0,1.0,0,3.0,10.380480527878,10.380480527878,2.367223203182,12.74770373106,0.164735535551,0.164735535551,0.676210658162,0.676210658162,-0.465781465217,-0.465781465217,0.164735535551,0.095072751323,1.768775517401,2.0,39.0,256946.0,119.0,19.0,19.0
2025-05-27 04:00:00,0,,0,,2.047131001949,2.047131001949,6.183299422264,8.230430424213,-0.130522614223,-0.130522614223,,,-0.72260265418,-0.72260265418,-0.130522614223,0.0,1.47004147717,0.0,41.0,,,17.0,17.0
2025-05-27 08:00:00,0,,0,,6.352682054043,6.352682054043,2.447690784931,8.800372838974,0.124836004736,0.124836004736,,,-0.630376965842,-0.630376965842,0.124836004736,0.0,1.343834255631,0.0,33.0,,,15.0,15.0
2025-05-27 12:00:00,0,,0,,13.198461294174,13.198461294174,6.562169492245,19.760630786419,0.192933712037,0.192933712037,,,0.096386790851,0.096386790851,0.192933712037,0.078294011218,1.40966183046,4.0,60.0,,,28.0,28.0
2025-05-27 16:00:00,1,,1,,8.170859754086,8.170859754086,6.441069245338,14.611928999424,-0.089425274286,-0.089425274286,,,-0.495745485399,-0.495745485399,-0.089425274286,0.105995824089,1.268448144847,5.0,46.0,,,21.0,21.0
2025-05-27 20:00:00,0,,0,,5.136244118214,5.136244118214,2.523213505745,7.659457623959,-0.145582693644,-0.145582693644,,,-0.678032175106,-0.678032175106,-0.145582693644,0.124007936508,1.349147293458,2.0,33.0,,,19.0,19.0
2025-05-28 00:00:00,0,2.0,0,4.0,11.387001812458,11.387001812458,2.225348651409,13.612350463867,0.128614934362,0.128614934362,1.499600277244,1.499600277244,-0.412779881126,-0.412779881126,0.128614934362,0.170000573438,1.569987143874,3.0,34.0,258428.0,130.0,16.0,16.0
2025-05-28 04:00:00,0,,0,,7.396674454212,7.396674454212,1.70171636343,9.098390817642,-0.12030448749,-0.12030448749,,,-0.615245455443,-0.615245455443,-0.12030448749,0.207607714138,0.964286875473,3.0,23.0,,,8.0,8.0
2025-05-28 08:00:00,0,,0,,15.371019005775,15.371019005775,5.738918840885,21.109937846661,0.375767952381,0.375767952381,,,0.435602563205,0.435602563205,0.375767952381,0.070257965506,1.631348062359,3.0,58.0,,,29.0,30.0
2025-05-28 12:00:00,2,,2,,14.330814361572,14.330814361572,7.276493191719,21.607307553291,-0.068179432394,-0.068179432394,,,0.235709454695,0.235709454695,-0.068179432394,0.149099012892,1.782846268344,6.0,71.0,,,35.0,35.0
2025-05-28 16:00:00,0,,0,,3.981712639332,3.981712639332,7.703123807907,11.684836447239,-0.213926348404,-0.213926348404,,,-0.554107655416,-0.554107655416,-0.213926348404,0.0,1.482247534291,0.0,57.0,,,19.0,19.0
2025-05-28 20:00:00,0,,0,,12.012798905373,12.012798905373,4.953326523304,16.966125428677,0.174867632952,0.174867632952,,,-0.136314795771,-0.136314795771,0.174867632952,0.085198852268,1.630851406609,4.0,51.0,,,23.0,23.0
2025-05-29 00:00:00,0,1.0,0,6.0,13.673115491867,13.673115491867,0.983756899834,14.656872391701,0.146587397762,0.146587397762,1.462600801277,1.462600801277,-0.078608338758,-0.078608338758,0.146587397762,0.10118134185,1.072351987716,3.0,33.0,260051.0,109.0,17.0,17.0
2025-05-29 04:00:00,0,,0,,9.001989066601,9.001989066601,1.462188303471,10.464177370071,-0.020716766939,-0.020716766939,,,-0.073690268774,-0.073690268774,-0.020716766939,0.0,1.004931446091,0.0,27.0,,,18.0,18.0
2025-05-29 08:00:00,0,,0,,20.985670745373,20.985670745373,2.484354138374,23.470024883747,0.207541603969,0.207541603969,,,0.878376354056,0.878376354056,0.207541603969,0.06423940544,1.878813722462,2.0,55.0,,,24.0,24.0
2025-05-29 12:00:00,1,,1,,8.580975174904,8.580975174904,6.599485933781,15.180461108685,-0.076070416054,-0.076070416054,,,-0.301277137006,-0.301277137006,-0.076070416054,0.118251347611,1.840343428779,6.0,61.0,,,27.0,27.0
2025-05-29 16:00:00,0,,0,,15.759999454021,15.759999454021,5.714829742908,21.47482919693,-0.09851125287,-0.09851125287,,,0.331462218922,0.331462218922,-0.09851125287,0.07403323532,1.401285096323,3.0,53.0,,,20.0,20.0
2025-05-29 20:00:00,0,,0,,9.558610856533,9.558610856533,1.859718739986,11.418329596519,-0.128006991346,-0.128006991346,,,-0.652637115866,-0.652637115866,-0.128006991346,0.0,0.93507517898,0.0,26.0,,,3.0,3.0
2025-05-30 00:00:00,0,3.0,0,7.0,7.276147484779,7.276147484779,4.217139363289,11.493286848068,0.193147663583,0.193147663583,1.736567628973,1.736567628973,-0.0721252513,-0.0721252513,0.193147663583,0.24093751989,1.697366783165,6.0,48.0,260442.0,124.0,26.0,26.0
2025-05-30 04:00:00,0,,0,,10.845016419888,10.845016419888,4.702832221985,15.547848641872,-0.045993688612,-0.045993688612,,,-0.430804503994,-0.430804503994,-0.045993688612,0.0,1.413857292856,0.0,34.0,,,10.0,10.0
2025-05-30 08:00:00,2,,2,,23.357409894466,23.357409894466,1.706382572651,25.063792467117,0.383515977321,0.383515977321,,,1.449570137526,1.449570137526,0.383515977321,0.020032051282,2.333521906587,1.0,65.0,,,40.0,41.0
2025-05-30 12:00:00,1,,1,,25.269620478153,25.269620478153,4.084130465984,29.353750944138,-0.065770911631,-0.065770911631,,,0.249242798802,0.249242798802,-0.065770911631,0.0,1.811240808235,0.0,64.0,,,24.0,24.0
2025-05-30 16:00:00,0,,0,,9.185342609882,9.185342609882,6.394528567791,15.579871177673,-0.126480707765,-0.126480707765,,,-0.261173236379,-0.261173236379,-0.126480707765,0.076503012135,1.584995844573,4.0,48.0,,,17.0,17.0
2025-05-30 20:00:00,0,,0,,2.363523840904,2.363523840904,1.815366744995,4.178890585899,-0.113761157385,-0.113761157385,,,-0.670429281723,-0.670429281723,-0.113761157385,0.059822623829,0.982204707482,2.0,25.0,,,7.0,7.0
2025-05-31 00:00:00,0,0.0,0,9.0,0.437150835991,0.437150835991,4.090864241123,4.528015077114,0.015417202573,0.015417202573,-0.089339528195,-0.089339528195,-0.633135313151,-0.633135313151,0.015417202573,0.099681020734,0.955634740323,2.0,23.0,261466.0,71.0,8.0,8.0
2025-05-31 04:00:00,0,,0,,3.28713786602,3.28713786602,3.021212220192,6.308350086212,-0.033745961398,-0.033745961398,,,-0.560967794079,-0.560967794079,-0.033745961398,0.0,1.052219266106,0.0,24.0,,,9.0,9.0
2025-05-31 08:00:00,0,,0,,11.301048457623,11.301048457623,2.261154294014,13.562202751637,0.076815641851,0.076815641851,,,-0.418921607123,-0.418921607123,0.076815641851,0.0,1.163446367389,0.0,25.0,,,10.0,10.0
2025-05-31 12:00:00,0,,0,,11.815543532372,11.815543532372,3.319514811039,15.13505834341,-0.055030119771,-0.055030119771,,,-0.290574497864,-0.290574497864,-0.055030119771,0.11436287478,1.374768932913,2.0,41.0,,,12.0,12.0
2025-05-31 16:00:00,0,,0,,12.109313964844,12.109313964844,2.338317394257,14.4476313591,0.046016271689,0.046016271689,,,-0.030206070876,-0.030206070876,0.046016271689,0.0,1.849347900408,0.0,51.0,,,20.0,20.0
2025-05-31 20:00:00,0,,0,,4.68478500843,4.68478500843,1.639116406441,6.323901414871,-0.133052241112,-0.133052241112,,,-0.415123699453,-0.415123699453,-0.133052241112,0.044326241135,1.200560564671,1.0,29.0,,,12.0,12.0
2025-06-01 00:00:00,0,0.0,0,9.0,11.413674652576,11.413674652576,3.140154123306,14.553828775883,0.261576539968,0.261576539968,-0.151711496278,-0.151711496278,0.059797792793,0.059797792793,0.261576539968,0.123442865378,2.132236803223,3.0,40.0,261935.0,63.0,13.0,13.0
2025-06-01 04:00:00,0,,0,,8.728509247303,8.728509247303,1.608051657677,10.33656090498,-0.135543941983,-0.135543941983,,,-0.28594655042,-0.28594655042,-0.135543941983,0.0,2.013682799424,0.0,30.0,,,11.0,11.0
2025-06-01 08:00:00,0,,0,,4.270970523357,4.270970523357,3.103051066399,7.374021589756,-0.116457530139,-0.116457530139,,,-0.4144416762,-0.4144416762,-0.116457530139,0.07697740113,1.08420596986,2.0,25.0,,,12.0,12.0
2025-06-01 12:00:00,0,,0,,5.768982470036,5.768982470036,3.269381940365,9.0383644104,0.023290143256,0.023290143256,,,-0.331164463414,-0.331164463414,0.023290143256,0.045289855072,1.108496632814,1.0,25.0,,,11.0,11.0
2025-06-01 16:00:00,0,,0,,8.883722245693,8.883722245693,0.809280574322,9.693002820015,0.172132143421,0.172132143421,,,-0.313236770735,-0.313236770735,0.172132143421,0.015432098765,1.017586851134,1.0,27.0,,,9.0,9.0
2025-06-01 20:00:00,0,,0,,6.105067014694,6.105067014694,1.522194862366,7.62726187706,-0.163694821073,-0.163694821073,,,-0.441197267183,-0.441197267183,-0.163694821073,0.0,1.1037283913,0.0,25.0,,,7.0,7.0
2025-06-02 00:00:00,0,0.0,0,8.0,2.318454921246,2.318454921246,2.493161141872,4.811616063118,0.027410034673,0.027410034673,0.796292276914,0.796292276914,-0.254628289406,-0.254628289406,0.027410034673,0.119047619048,1.233072374011,2.0,26.0,262522.0,124.0,12.0,12.0
2025-06-02 04:00:00,0,,0,,1.63131082058,1.63131082058,2.292011499405,3.923322319984,-0.081972721587,-0.081972721587,,,-0.584762007143,-0.584762007143,-0.081972721587,0.0,0.70090259653,0.0,17.0,,,4.0,4.0
2025-06-02 08:00:00,0,,0,,9.643355429173,9.643355429173,7.956004679203,17.599360108376,0.355345791092,0.355345791092,,,0.690725093887,0.690725093887,0.355345791092,0.026371308017,1.439554504608,1.0,52.0,,,22.0,22.0
2025-06-02 12:00:00,0,,0,,11.885576725006,11.885576725006,5.564365983009,17.449942708015,-0.037799320904,-0.037799320904,,,1.719109182159,1.719109182159,-0.037799320904,0.03736554929,1.585106044764,2.0,72.0,,,35.0,35.0
2025-06-02 16:00:00,0,,0,,14.950880944729,14.950880944729,5.902980029583,20.853860974312,0.091323832888,0.091323832888,,,1.610996159552,1.610996159552,0.091323832888,0.051850228443,1.647607642062,3.0,67.0,,,28.0,28.0
2025-06-02 20:00:00,0,,0,,10.897582352161,10.897582352161,6.561050713062,17.458633065224,0.00723837191,0.00723837191,,,0.585622117645,0.585622117645,0.00723837191,0.08341712894,1.725151224915,4.0,57.0,,,23.0,23.0
2025-06-03 00:00:00,0,0.0,0,7.0,10.043010056019,10.043010056019,2.444072961807,12.487083017826,-0.10140449133,-0.10140449133,1.992632718745,1.992632718745,0.361659410608,0.361659410608,-0.10140449133,0.08483270202,1.106843566916,2.0,30.0,264356.0,131.0,17.0,17.0
2025-06-03 04:00:00,0,,0,,11.79057687521,11.79057687521,5.923195660114,17.713772535324,0.072836765462,0.072836765462,,,0.626058184144,0.626058184144,0.072836765462,0.197419346,2.079376582856,5.0,51.0,,,22.0,23.0
2025-06-03 08:00:00,0,,0,,11.957076311111,11.957076311111,5.581370532513,17.538446843624,0.096199746156,0.096199746156,,,0.756094094532,0.756094094532,0.096199746156,0.041634793141,1.50796466894,2.0,51.0,,,28.0,28.0
2025-06-03 12:00:00,0,,0,,23.622231125832,23.622231125832,2.369366645813,25.991597771645,0.20415926528,0.20415926528,,,2.092042644139,2.092042644139,0.20415926528,0.088355403824,1.341955061905,4.0,63.0,,,30.0,30.0
2025-06-03 16:00:00,0,,0,,13.83115029335,13.83115029335,5.539474010468,19.370624303818,-0.243081956241,-0.243081956241,,,-0.032743275953,-0.032743275953,-0.243081956241,0.040115532734,1.49768883087,2.0,57.0,,,17.0,18.0
2025-06-03 20:00:00,0,,0,,13.557832241058,13.557832241058,5.414575695992,18.97240793705,-0.079717568615,-0.079717568615,,,0.360943146764,0.360943146764,-0.079717568615,0.116769272928,1.902489572434,5.0,56.0,,,18.0,18.0
2025-06-04 00:00:00,1,1.0,1,6.0,-0.870908975601,-0.870908975601,5.792672753334,4.921763777733,-0.15280434691,-0.15280434691,0.236595020071,0.236595020071,-0.782315271003,-0.782315271003,-0.15280434691,0.112612612613,1.884007143263,2.0,38.0,265228.0,87.0,18.0,18.0
2025-06-04 04:00:00,0,,0,,7.253185629845,7.253185629845,4.072215855122,11.325401484966,0.205412885849,0.205412885849,,,-0.323108263705,-0.323108263705,0.205412885849,0.0,1.109376282511,0.0,29.0,,,13.0,13.0
2025-06-04 08:00:00,0,,0,,9.53331309557,9.53331309557,3.195236623287,12.728549718857,0.067682137187,0.067682137187,,,-0.254415455977,-0.254415455977,0.067682137187,0.074274569845,1.270493769494,2.0,40.0,,,13.0,13.0
2025-06-04 12:00:00,0,,0,,16.412479400635,16.412479400635,7.017358779907,23.429838180542,0.100635484621,0.100635484621,,,0.276100816231,0.276100816231,0.100635484621,0.029761904762,1.779238604571,2.0,68.0,,,20.0,20.0
2025-06-04 16:00:00,0,,0,,10.405089974403,10.405089974403,3.216419577599,13.621509552002,-0.208659467711,-0.208659467711,,,-0.446567515801,-0.446567515801,-0.208659467711,0.092493668883,1.091292069058,3.0,41.0,,,12.0,12.0
2025-06-04 20:00:00,0,,0,,9.953521847725,9.953521847725,3.518277585506,13.471799433231,-0.028550731046,-0.028550731046,,,-0.538711157365,-0.538711157365,-0.028550731046,0.111708721715,1.50409258669,3.0,38.0,,,11.0,11.0
2025-06-05 00:00:00,0,0.0,0,5.0,6.972998082638,6.972998082638,1.530554652214,8.503552734852,0.05672934932,0.05672934932,0.844471553171,0.844471553171,-0.586590698613,-0.586590698613,0.05672934932,0.123510607382,0.959998728692,2.0,20.0,265753.0,119.0,12.0,12.0
2025-06-05 04:00:00,0,,0,,9.967023968697,9.967023968697,0.931976616383,10.899000585079,-0.020743354098,-0.020743354098,,,-0.262004795844,-0.262004795844,-0.020743354098,0.026041666667,1.33712068263,1.0,34.0,,,14.0,14.0
2025-06-05 08:00:00,0,,0,,6.512831091881,6.512831091881,3.197714328766,9.710545420647,-0.022031775863,-0.022031775863,,,-0.247050099599,-0.247050099599,-0.022031775863,0.020032051282,1.32238437129,1.0,43.0,,,20.0,20.0
2025-06-05 12:00:00,0,,0,,10.627108037472,10.627108037472,4.94947385788,15.576581895351,0.072343573991,0.072343573991,,,-0.03838647217,-0.03838647217,0.072343573991,0.042246462951,1.075228100524,2.0,46.0,,,21.0,21.0
2025-06-05 16:00:00,0,,0,,12.019883930683,12.019883930683,6.640728056431,18.660611987114,0.026332478727,0.026332478727,,,0.74721549135,0.74721549135,0.026332478727,0.103321079276,1.258454527336,5.0,64.0,,,36.0,36.0
2025-06-05 20:00:00,0,,0,,12.350048005581,12.350048005581,3.279899477959,15.62994748354,-0.079722172467,-0.079722172467,,,0.250580001885,0.250580001885,-0.079722172467,0.067068176793,0.883679419419,3.0,40.0,,,16.0,16.0
2025-06-06 00:00:00,0,0.0,0,4.0,7.779290735722,7.779290735722,2.505313396454,10.284604132175,-0.023047165402,-0.023047165402,0.2748019515,0.2748019515,-0.418618830407,-0.418618830407,-0.023047165402,0.133101851852,1.085878704226,2.0,27.0,266435.0,84.0,11.0,11.0
2025-06-06 04:00:00,0,,0,,5.200140058994,5.200140058994,3.352701127529,8.552841186523,-0.118101198467,-0.118101198467,,,-0.44498260454,-0.44498260454,-0.118101198467,0.0,1.152930638334,0.0,27.0,,,10.0,10.0
2025-06-06 08:00:00,0,,0,,18.501431107521,18.501431107521,2.356776118279,20.8582072258,0.213126296947,0.213126296947,,,0.633329094206,0.633329094206,0.213126296947,0.05081300813,1.530333190579,1.0,46.0,,,19.0,19.0
2025-06-06 12:00:00,0,,0,,8.507221281528,8.507221281528,5.369330227375,13.876551508904,-0.164829850068,-0.164829850068,,,-0.1538173323,-0.1538173323,-0.164829850068,0.042517006803,1.404946167735,1.0,48.0,,,20.0,20.0
2025-06-06 16:00:00,0,,0,,5.661274135113,5.661274135113,6.683827221394,12.345101356506,0.004878883398,0.004878883398,,,-0.547708926769,-0.547708926769,0.004878883398,0.0,1.356305008105,0.0,46.0,,,11.0,12.0
2025-06-06 20:00:00,0,,0,,12.607817590237,12.607817590237,4.057303845882,16.665121436119,0.070385602897,0.070385602897,,,0.000308835927,0.000308835927,0.070385602897,0.041666666667,1.83204673147,1.0,38.0,,,14.0,14.0
2025-06-07 00:00:00,0,0.0,0,1.0,2.604240775108,2.604240775108,1.465913593769,4.070154368877,-0.157078366977,-0.157078366977,-0.61747700326,-0.61747700326,-0.647883949637,-0.647883949637,-0.157078366977,0.0,1.206190697405,0.0,17.0,267148.0,52.0,7.0,7.0
2025-06-07 04:00:00,0,,0,,3.204046010971,3.204046010971,1.794249415398,4.998295426369,-0.000144775138,-0.000144775138,,,-0.480519628249,-0.480519628249,-0.000144775138,0.086805555556,1.028435851809,1.0,18.0,,,9.0,9.0
2025-06-07 08:00:00,0,,0,,6.729939341545,6.729939341545,1.502693891525,8.23263323307,0.012319230414,0.012319230414,,,-0.477677819993,-0.477677819993,0.012319230414,0.044326241135,1.18528688147,1.0,26.0,,,8.0,8.0
2025-06-07 12:00:00,0,,0,,7.984259784222,7.984259784222,3.120638549328,11.104898333549,0.046080555799,0.046080555799,,,-0.279808027865,-0.279808027865,0.046080555799,0.067204301075,1.467355621881,1.0,42.0,,,10.0,10.0
2025-06-07 16:00:00,0,,0,,0.234418570995,0.234418570995,6.797753810883,7.032172381878,-0.145244820729,-0.145244820729,,,-0.594903048647,-0.594903048647,-0.145244820729,0.0,1.428459237397,0.0,41.0,,,11.0,11.0
2025-06-07 20:00:00,0,,0,,9.761436462402,9.761436462402,0.821657657623,10.583094120026,0.178171068203,0.178171068203,,,-0.269970297378,-0.269970297378,0.178171068203,0.0,1.248917546264,0.0,26.0,,,7.0,7.0
2025-06-08 00:00:00,0,1.0,0,1.0,3.895483314991,3.895483314991,0.0,3.895483314991,-0.169293815169,-0.169293815169,0.04267137725,0.04267137725,-0.498087806211,-0.498087806211,-0.169293815169,0.0,1.24324229505,0.0,18.0,267529.0,87.0,8.0,8.0
2025-06-08 04:00:00,0,,0,,10.402621567249,10.402621567249,0.0,10.402621567249,0.292413976937,0.292413976937,,,-0.243144363643,-0.243144363643,0.292413976937,0.0,1.754688770447,0.0,21.0,,,7.0,7.0
2025-06-08 08:00:00,0,,0,,5.591027975082,5.591027975082,1.690675318241,7.281703293324,0.05715725259,0.05715725259,,,0.236700705902,0.236700705902,0.05715725259,0.102933607823,2.49775018189,2.0,47.0,,,24.0,24.0
2025-06-08 12:00:00,0,,0,,7.268134236336,7.268134236336,2.44294834137,9.711082577705,-0.02214022924,-0.02214022924,,,0.635458878828,0.635458878828,-0.02214022924,0.05081300813,1.365348757177,1.0,39.0,,,20.0,21.0
2025-06-08 16:00:00,0,,0,,6.50499856472,6.50499856472,5.641146123409,12.146144688129,-0.030056077399,-0.030056077399,,,-0.057515545011,-0.057515545011,-0.030056077399,0.10135730654,1.09439280734,2.0,29.0,,,16.0,16.0
2025-06-08 20:00:00,1,,1,,12.916155159473,12.916155159473,0.0,12.916155159473,0.033615981347,0.033615981347,,,0.464443989145,0.464443989145,0.033615981347,0.040064102564,1.063397569174,1.0,28.0,,,12.0,12.0
2025-06-09 00:00:00,0,0.0,0,2.0,2.945827305317,2.945827305317,5.2174898386,8.163317143917,-0.104439236388,-0.104439236388,0.53766994765,0.53766994765,-0.581475531159,-0.581475531159,-0.104439236388,0.090877110694,1.274348517711,2.0,27.0,268081.0,104.0,11.0,11.0
2025-06-09 04:00:00,0,,0,,6.739229261875,6.739229261875,0.792651832104,7.531881093979,0.107753285385,0.107753285385,,,0.029585713288,0.029585713288,0.107753285385,0.091616716617,0.927781017101,3.0,25.0,,,14.0,14.0
2025-06-09 08:00:00,0,,0,,10.717025399208,10.717025399208,0.0,10.717025399208,0.032060116844,0.032060116844,,,0.708868402427,0.708868402427,0.032060116844,0.092316311859,0.934694896381,4.0,34.0,,,17.0,18.0
2025-06-09 12:00:00,0,,0,,18.534240603447,18.534240603447,4.797973930836,23.332214534283,0.015195155505,0.015195155505,,,1.873892719375,1.873892719375,0.015195155505,0.037284697818,1.637133741118,2.0,72.0,,,25.0,25.0
2025-06-09 16:00:00,0,,0,,12.214688837528,12.214688837528,4.017550885677,16.232239723206,-0.086909689288,-0.086909689288,,,0.711735748046,0.711735748046,-0.086909689288,0.036417787214,1.496852909248,2.0,57.0,,,21.0,21.0
2025-06-09 20:00:00,0,,0,,5.942883610725,5.942883610725,2.294081270695,8.23696488142,0.071634860156,0.071634860156,,,0.054302638327,0.054302638327,0.071634860156,0.045768307323,1.060486522191,2.0,39.0,,,16.0,16.0
2025-06-10 00:00:00,0,0.0,0,2.0,2.36718505621,2.36718505621,4.042084515095,6.409269571304,-0.13743933039,-0.13743933039,0.904673484039,0.904673484039,-0.266133458908,-0.266133458908,-0.13743933039,0.101442679025,1.31566201176,3.0,33.0,268848.0,133.0,21.0,21.0
2025-06-10 04:00:00,0,,0,,5.203385710716,5.203385710716,2.409425139427,7.612810850143,-0.111685707164,-0.111685707164,,,-0.327520121056,-0.327520121056,-0.111685707164,0.088198158051,1.101796863631,2.0,30.0,,,15.0,16.0
2025-06-10 08:00:00,0,,0,,13.093625605106,13.093625605106,4.720259547234,17.81388515234,0.45458679451,0.45458679451,,,1.363784924517,1.363784924517,0.45458679451,0.13364692002,1.582520742241,4.0,55.0,,,31.0,31.0
2025-06-10 12:00:00,0,,0,,11.487932860851,11.487932860851,3.171656608582,14.659589469433,-0.150739670746,-0.150739670746,,,0.748807347836,0.748807347836,-0.150739670746,0.081533574675,1.357463805485,4.0,56.0,,,30.0,30.0
2025-06-10 16:00:00,0,,0,,11.335490107536,11.335490107536,4.074598014355,15.410088121891,0.341293587023,0.341293587023,,,0.569974273754,0.569974273754,0.341293587023,0.073596014493,1.649420701666,4.0,58.0,,,18.0,18.0
2025-06-10 20:00:00,0,,0,,12.119048058987,12.119048058987,3.273906826973,15.39295488596,-0.09009728421,-0.09009728421,,,0.005618183674,0.005618183674,-0.09009728421,0.129245332085,1.548446250121,3.0,46.0,,,20.0,20.0
2025-06-11 00:00:00,0,0.0,0,2.0,9.737694919109,9.737694919109,3.116596400738,12.854291319847,-0.189335977116,-0.189335977116,1.077310247414,1.077310247414,-0.318290735925,-0.318290735925,-0.189335977116,0.052083333333,1.715556460531,1.0,34.0,269933.0,138.0,15.0,15.0
2025-06-11 04:00:00,0,,0,,7.711137056351,7.711137056351,1.707129240036,9.418266296387,0.143489642559,0.143489642559,,,-0.208593809609,-0.208593809609,0.143489642559,0.0,1.549682628108,0.0,37.0,,,18.0,19.0
2025-06-11 08:00:00,0,,0,,10.715914428234,10.715914428234,3.135439097881,13.851353526115,0.044063499021,0.044063499021,,,0.182137439744,0.182137439744,0.044063499021,0.040509259259,1.697806244547,2.0,54.0,,,28.0,28.0
2025-06-11 12:00:00,0,,0,,12.134406268597,12.134406268597,3.099178493023,15.23358476162,0.086429732058,0.086429732058,,,0.480446855192,0.480446855192,0.086429732058,0.194706659326,1.361774374803,8.0,66.0,,,28.0,28.0
2025-06-11 16:00:00,0,,0,,12.042507827282,12.042507827282,7.539914906025,19.582422733307,-0.065980674468,-0.065980674468,,,0.064085814785,0.064085814785,-0.065980674468,0.0,1.443975647912,0.0,58.0,,,26.0,26.0
2025-06-11 20:00:00,0,,0,,6.884242236614,6.884242236614,1.519794583321,8.404036819935,-0.193693509141,-0.193693509141,,,-0.079022427359,-0.079022427359,-0.193693509141,0.100837980724,1.483774091554,3.0,42.0,,,24.0,24.0
2025-06-12 00:00:00,0,1.0,0,1.0,6.109979510307,6.109979510307,0.774564802647,6.884544312954,0.021778309531,0.021778309531,0.500603241946,0.500603241946,-0.637637543362,-0.637637543362,0.021778309531,0.0,0.777539539592,0.0,18.0,270906.0,91.0,7.0,7.0
2025-06-12 04:00:00,0,,0,,8.826628863811,8.826628863811,1.506747484207,10.333376348019,0.018260568539,0.018260568539,,,-0.561379656898,-0.561379656898,0.018260568539,0.0,1.10513373114,0.0,32.0,,,5.0,5.0
2025-06-12 08:00:00,0,,0,,9.163430392742,9.163430392742,3.243890285492,12.407320678234,0.18018778898,0.18018778898,,,-0.312200914152,-0.312200914152,0.18018778898,0.0,1.038300783278,0.0,34.0,,,13.0,13.0
2025-06-12 12:00:00,0,,0,,17.710227310658,17.710227310658,3.182398498058,20.892625808716,0.073037781569,0.073037781569,,,0.632943486273,0.632943486273,0.073037781569,0.022401433692,1.705058973958,1.0,76.0,,,24.0,25.0
2025-06-12 16:00:00,0,,0,,22.432441949844,22.432441949844,10.780540287495,33.212982237339,0.112522143518,0.112522143518,,,1.112769365294,1.112769365294,0.112522143518,0.113272777408,1.861697807604,4.0,81.0,,,30.0,30.0
2025-06-12 20:00:00,1,,1,,2.42115855217,2.42115855217,6.409911513329,8.831070065498,-0.315005668361,-0.315005668361,,,-0.671882359378,-0.671882359378,-0.315005668361,0.069078947368,1.22573306906,2.0,39.0,,,13.0,13.0
2025-06-13 00:00:00,2,2.0,1,2.0,11.015067577362,11.015067577362,3.240492641926,14.255560219288,0.207708814032,0.207708814032,0.252127893732,0.252127893732,-0.017857493965,-0.017857493965,0.207708814032,0.05474922707,1.582847444981,2.0,42.0,271668.0,82.0,19.0,19.0
2025-06-13 04:00:00,0,,0,,10.048826992512,10.048826992512,1.609404623508,11.65823161602,-0.083410299629,-0.083410299629,,,-0.280775412255,-0.280775412255,-0.083410299629,0.0,1.239413297791,0.0,25.0,,,10.0,10.0
2025-06-13 08:00:00,0,,0,,8.998749554157,8.998749554157,4.875390827656,13.874140381813,-0.024691008965,-0.024691008965,,,-0.230623157439,-0.230623157439,-0.024691008965,0.0,1.554801431638,0.0,44.0,,,21.0,21.0
2025-06-13 12:00:00,0,,0,,14.077087759972,14.077087759972,3.917694628239,17.99478238821,-0.015904964663,-0.015904964663,,,-0.112206497612,-0.112206497612,-0.015904964663,0.037161454241,1.102856966223,2.0,47.0,,,8.0,8.0
2025-06-13 16:00:00,0,,0,,11.900977432728,11.900977432728,4.245545625687,16.146523058414,0.022247428962,0.022247428962,,,-0.201947228833,-0.201947228833,0.022247428962,0.112682505798,1.385925856665,4.0,42.0,,,14.0,14.0
2025-06-13 20:00:00,0,,0,,7.386380314827,7.386380314827,4.778443574905,12.164823889732,-0.098703994426,-0.098703994426,,,-0.48027934812,-0.48027934812,-0.098703994426,0.05081300813,1.618655815912,1.0,38.0,,,11.0,11.0
2025-06-14 00:00:00,0,0.0,0,3.0,3.823509931564,3.823509931564,0.814097344875,4.63760727644,-0.196284797541,-0.196284797541,-0.61994627014,-0.61994627014,-0.635884740884,-0.635884740884,-0.196284797541,0.101926523297,0.942961048537,2.0,15.0,272313.0,59.0,6.0,6.0
2025-06-14 04:00:00,0,,0,,4.990369737148,4.990369737148,4.902283072472,9.89265280962,0.201088889142,0.201088889142,,,-0.405490780535,-0.405490780535,0.201088889142,0.137841461371,1.666596002229,3.0,36.0,,,16.0,17.0
2025-06-14 08:00:00,0,,0,,7.780893027782,7.780893027782,3.181484103203,10.962377130985,-0.003465615328,-0.003465615328,,,-0.229361516829,-0.229361516829,-0.003465615328,0.0,1.438033782101,0.0,31.0,,,15.0,15.0
2025-06-14 12:00:00,0,,0,,10.090432941914,10.090432941914,3.009357273579,13.099790215492,0.010925633326,0.010925633326,,,-0.331035425615,-0.331035425615,0.010925633326,0.015318627451,1.264926273007,1.0,35.0,,,6.0,6.0
2025-06-14 16:00:00,0,,0,,2.898495674133,2.898495674133,4.92782241106,7.826318085194,0.067343338837,0.067343338837,,,-0.437142180215,-0.437142180215,0.067343338837,0.0,1.050665442791,0.0,30.0,,,10.0,10.0
2025-06-14 20:00:00,0,,0,,3.41053712368,3.41053712368,0.0,3.41053712368,-0.102778432544,-0.102778432544,,,-0.545559517402,-0.545559517402,-0.102778432544,0.049603174603,0.614594506755,1.0,13.0,,,6.0,6.0
2025-06-15 00:00:00,0,0.0,0,3.0,5.923416018486,5.923416018486,0.0,5.923416018486,0.110813873949,0.110813873949,-0.826158586126,-0.826158586126,-0.444432317764,-0.444432317764,0.110813873949,0.067204301075,0.755776169483,1.0,10.0,272635.0,46.0,6.0,6.0
2025-06-15 04:00:00,0,,0,,0.810987114906,0.810987114906,1.680995762348,2.491982877254,-0.117774556531,-0.117774556531,,,-0.57188835639,-0.57188835639,-0.117774556531,0.026041666667,0.97039549596,1.0,17.0,,,4.0,4.0
2025-06-15 08:00:00,0,,0,,4.783758163452,4.783758163452,2.26393944025,7.047697603703,0.07333976307,0.07333976307,,,-0.355621440927,-0.355621440927,0.07333976307,0.040849673203,0.918899307759,1.0,21.0,,,9.0,9.0
2025-06-15 12:00:00,0,,0,,9.026458442211,9.026458442211,1.607992768288,10.634451210499,-0.074300456546,-0.074300456546,,,0.430683230334,0.430683230334,-0.074300456546,0.0,1.301202437346,0.0,35.0,,,13.0,13.0
2025-06-15 16:00:00,0,,0,,2.52820956707,2.52820956707,3.931482732296,6.459692299366,-0.041610254585,-0.041610254585,,,-0.544834738584,-0.544834738584,-0.041610254585,0.0,0.613230962202,0.0,21.0,,,9.0,9.0
2025-06-15 20:00:00,0,,0,,2.420746266842,2.420746266842,3.268150210381,5.688896477222,-0.105324258743,-0.105324258743,,,-0.58372788624,-0.58372788624,-0.105324258743,0.036549707602,0.865249974659,1.0,20.0,,,4.0,4.0
2025-06-16 00:00:00,0,0.0,0,2.0,1.576575279236,1.576575279236,0.88915848732,2.465733766556,-0.10627897766,-0.10627897766,1.092647925269,1.092647925269,-0.565130761641,-0.565130761641,-0.10627897766,0.0,1.420313956122,0.0,22.0,273220.0,129.0,5.0,5.0
2025-06-16 04:00:00,0,,0,,5.625327706337,5.625327706337,0.808552503586,6.433880209923,0.262456225438,0.262456225438,,,0.765942642169,0.765942642169,0.262456225438,0.046296296296,1.116099050297,1.0,26.0,,,17.0,17.0
2025-06-16 08:00:00,0,,0,,16.655936419964,16.655936419964,1.617879211903,18.273815631866,0.33134795294,0.33134795294,,,3.429761092228,3.429761092228,0.33134795294,0.086656660949,1.829681163486,2.0,51.0,,,33.0,33.0
2025-06-16 12:00:00,0,,0,,17.29448133707,17.29448133707,8.66026443243,25.954745769501,-0.042289541102,-0.042289541102,,,1.895793387695,1.895793387695,-0.042289541102,0.238189843115,2.150939274136,11.0,93.0,,,36.0,39.0
2025-06-16 16:00:00,0,,0,,13.49067902565,13.49067902565,5.01136803627,18.50204706192,-0.334141536133,-0.334141536133,,,0.324084225688,0.324084225688,-0.334141536133,0.08261410708,1.364623758629,3.0,50.0,,,18.0,18.0
2025-06-16 20:00:00,0,,0,,11.087088823318,11.087088823318,2.762315392494,13.849404215813,0.081723671504,0.081723671504,,,0.129146490665,0.129146490665,0.081723671504,0.043402777778,1.240014825303,1.0,37.0,,,20.0,20.0
2025-06-17 00:00:00,0,0.0,0,2.0,8.311156868935,8.311156868935,3.58141285181,11.892569720745,0.063241857415,0.063241857415,0.077356425673,0.077356425673,-0.091123141693,-0.091123141693,0.063241857415,0.122549019608,1.182886972609,1.0,26.0,274040.0,76.0,13.0,13.0
2025-06-17 04:00:00,0,,0,,7.471211075783,7.471211075783,0.892635285854,8.363846361637,-0.0054897044,-0.0054897044,,,-0.096937868564,-0.096937868564,-0.0054897044,0.074030398323,1.206089097569,2.0,34.0,,,12.0,12.0
2025-06-17 08:00:00,0,,0,,13.026463806629,13.026463806629,0.92079102993,13.947254836559,-0.092947333095,-0.092947333095,,,-0.089351625351,-0.089351625351,-0.092947333095,0.0,1.076272491864,0.0,34.0,,,11.0,11.0
2025-06-17 12:00:00,0,,0,,18.377249598503,18.377249598503,4.01881301403,22.396062612534,0.179039622947,0.179039622947,,,0.624809593305,0.624809593305,0.179039622947,0.035310734463,1.510705773696,1.0,61.0,,,19.0,19.0
2025-06-17 16:00:00,0,,0,,10.117689669132,10.117689669132,0.763383686543,10.881073355675,-0.130954969949,-0.130954969949,,,-0.302657270528,-0.302657270528,-0.130954969949,0.023674242424,0.800329699274,1.0,30.0,,,10.0,10.0
2025-06-17 20:00:00,0,,0,,4.727887451649,4.727887451649,4.219919264317,8.947806715965,-0.124389636113,-0.124389636113,,,-0.363515980328,-0.363515980328,-0.124389636113,0.0,0.922230396978,0.0,28.0,,,11.0,11.0
2025-06-18 00:00:00,0,0.0,0,2.0,3.252861738205,3.252861738205,4.369647085667,7.622508823872,0.030246795611,0.030246795611,0.75329483898,0.75329483898,-0.093591115466,-0.093591115466,0.030246795611,0.0,1.680408740337,0.0,33.0,274675.0,107.0,20.0,20.0
2025-06-18 04:00:00,0,,0,,9.887705683708,9.887705683708,0.825667738914,10.713373422623,0.072381048105,0.072381048105,,,-0.051113784484,-0.051113784484,0.072381048105,0.056306306306,1.177342971635,1.0,31.0,,,16.0,16.0
2025-06-18 08:00:00,0,,0,,17.289134979248,17.289134979248,1.514471530914,18.803606510162,0.172882953151,0.172882953151,,,0.357359583761,0.357359583761,0.172882953151,0.083451704545,1.256459423131,3.0,38.0,,,19.0,19.0
2025-06-18 12:00:00,0,,0,,9.028647542,9.028647542,4.888457119465,13.917104661465,-0.394587930598,-0.394587930598,,,-0.180393500638,-0.180393500638,-0.394587930598,0.069581776899,1.280787449809,2.0,49.0,,,20.0,20.0
2025-06-18 16:00:00,0,,0,,17.323105454445,17.323105454445,4.922186136246,22.245291590691,0.151817973484,0.151817973484,,,0.51107139025,0.51107139025,0.151817973484,0.020833333333,1.439211627599,1.0,56.0,,,20.0,20.0
2025-06-18 20:00:00,0,,0,,11.743092894554,11.743092894554,2.399692893028,14.142785787582,0.148118601241,0.148118601241,,,-0.163136506973,-0.163136506973,0.148118601241,0.0,1.282722373696,0.0,36.0,,,16.0,16.0
2025-06-19 00:00:00,0,0.0,0,2.0,16.778852343559,16.778852343559,3.108709573746,19.887561917305,-0.057958979369,-0.057958979369,0.467818661969,0.467818661969,0.228878556513,0.228878556513,-0.057958979369,0.243388052896,2.038883319677,10.0,54.0,275245.0,87.0,16.0,16.0
2025-06-19 04:00:00,0,,0,,9.606009364128,9.606009364128,0.0,9.606009364128,-0.067225594015,-0.067225594015,,,-0.361775552883,-0.361775552883,-0.067225594015,0.047348484848,0.824642662785,1.0,21.0,,,10.0,10.0
2025-06-19 08:00:00,0,,0,,9.775341331959,9.775341331959,2.907238066196,12.682579398155,0.003725885825,0.003725885825,,,-0.229265847787,-0.229265847787,0.003725885825,0.101107722136,1.077709540046,3.0,32.0,,,14.0,14.0
2025-06-19 12:00:00,0,,0,,17.389734387398,17.389734387398,1.418192386627,18.807926774025,0.016912708153,0.016912708153,,,0.165411803933,0.165411803933,0.016912708153,0.0,1.432733959964,0.0,50.0,,,14.0,14.0
2025-06-19 16:00:00,0,,0,,5.902821481228,5.902821481228,7.395264804363,13.298086285591,0.041143243189,0.041143243189,,,-0.429625769381,-0.429625769381,0.041143243189,0.034153005464,1.639560047307,1.0,53.0,,,25.0,25.0
2025-06-19 20:00:00,0,,0,,13.466844916344,13.466844916344,0.839766860008,14.306611776352,-0.012658540595,-0.012658540595,,,-0.439440892411,-0.439440892411,-0.012658540595,0.219024533373,1.736811623146,6.0,41.0,,,9.0,9.0
2025-06-20 00:00:00,0,2.0,0,1.0,2.649929881096,2.649929881096,1.679118931293,4.329048812389,-0.162915694884,-0.162915694884,-0.153470494045,-0.153470494045,-0.74212009948,-0.74212009948,-0.162915694884,0.029761904762,0.789842533013,1.0,16.0,275660.0,69.0,6.0,6.0
2025-06-20 04:00:00,1,,1,,9.152905344963,9.152905344963,3.221272408962,12.374177753925,0.136965322166,0.136965322166,,,-0.606236840013,-0.606236840013,0.136965322166,0.175402855655,1.116107994331,5.0,28.0,,,6.0,5.0
2025-06-20 08:00:00,0,,0,,16.684920787811,16.684920787811,0.713605880737,17.398526668549,0.218984950087,0.218984950087,,,0.395565049059,0.395565049059,0.218984950087,0.059247680516,1.1207313328,2.0,37.0,,,15.0,15.0
2025-06-20 12:00:00,0,,0,,16.644247293472,16.644247293472,0.0,16.644247293472,-0.01047419196,-0.01047419196,,,0.328273872334,0.328273872334,-0.01047419196,0.059257094617,1.147348041559,2.0,42.0,,,15.0,15.0
2025-06-20 16:00:00,1,,1,,7.119424045086,7.119424045086,8.47394233942,15.593366384506,0.119285903172,0.119285903172,,,0.246299276343,0.246299276343,0.119285903172,0.093665954015,1.27914440991,5.0,51.0,,,20.0,20.0
2025-06-20 20:00:00,0,,0,,7.142793893814,7.142793893814,0.0,7.142793893814,-0.232212135789,-0.232212135789,,,-0.693829497182,-0.693829497182,-0.232212135789,0.061274509804,0.800813815451,1.0,21.0,,,7.0,7.0
2025-06-21 00:00:00,0,1.0,0,2.0,3.206178367138,3.206178367138,1.547619402409,4.753797769547,-0.13113989572,-0.13113989572,-0.852838530524,-0.852838530524,-0.820894989823,-0.820894989823,-0.13113989572,0.0,0.937387832372,0.0,17.0,276093.0,53.0,1.0,1.0
2025-06-21 04:00:00,0,,0,,4.837762534618,4.837762534618,2.454609751701,7.29237228632,0.08927909076,0.08927909076,,,-0.723749994916,-0.723749994916,0.08927909076,0.200557140964,1.254110942369,9.0,28.0,,,8.0,8.0
2025-06-21 08:00:00,0,,0,,9.602191627026,9.602191627026,0.9631472826,10.565338909626,0.209777804678,0.209777804678,,,-0.248906294749,-0.248906294749,0.209777804678,0.0,1.043357870608,0.0,27.0,,,9.0,9.0
2025-06-21 12:00:00,1,,1,,5.719635903835,5.719635903835,3.102624893188,8.822260797024,-0.083326841995,-0.083326841995,,,-0.406165954712,-0.406165954712,-0.083326841995,0.0,1.165923131777,0.0,29.0,,,8.0,8.0
2025-06-21 16:00:00,0,,0,,5.721409201622,5.721409201622,9.912251293659,15.633660495281,-0.058372631339,-0.058372631339,,,-0.241906277162,-0.241906277162,-0.058372631339,0.053282182438,1.975202404644,2.0,61.0,,,17.0,17.0
2025-06-21 20:00:00,0,,0,,-0.601709425449,-0.601709425449,6.832931518555,6.231222093105,-0.042041995494,-0.042041995494,,,-0.737383655954,-0.737383655954,-0.042041995494,0.052567079463,1.162644156609,2.0,33.0,,,10.0,10.0
2025-06-22 00:00:00,1,1.0,1,3.0,3.490786790848,3.490786790848,3.355931639671,6.846718430519,0.000553499003,0.000553499003,-0.808735746403,-0.808735746403,-0.484076608044,-0.484076608044,0.000553499003,0.0,0.883884369457,0.0,19.0,276487.0,45.0,7.0,7.0
2025-06-22 04:00:00,0,,0,,4.598215162754,4.598215162754,0.952464342117,5.550679504871,0.030266676587,0.030266676587,,,-0.609834595972,-0.609834595972,0.030266676587,0.114678899083,0.656120821151,6.0,16.0,,,2.0,2.0
2025-06-22 08:00:00,0,,0,,7.035343229771,7.035343229771,0.747613191605,7.782956421375,0.125788534396,0.125788534396,,,-0.109629550039,-0.109629550039,0.125788534396,0.0,0.869913994987,0.0,23.0,,,9.0,9.0
2025-06-22 12:00:00,0,,0,,11.267388522625,11.267388522625,3.751428842545,15.01881736517,0.116182645453,0.116182645453,,,-0.003285379555,-0.003285379555,0.116182645453,0.070846273292,1.044353796702,2.0,39.0,,,9.0,9.0
2025-06-22 16:00:00,0,,0,,6.79055327177,6.79055327177,1.563413619995,8.353966891766,-0.14123870323,-0.14123870323,,,-0.255959235759,-0.255959235759,-0.14123870323,0.073864727343,0.859742619795,3.0,32.0,,,10.0,10.0
2025-06-22 20:00:00,0,,0,,3.699749171734,3.699749171734,3.165390312672,6.865139484406,0.111338867002,0.111338867002,,,-0.065888190995,-0.065888190995,0.111338867002,0.025720164609,0.992122941002,1.0,28.0,,,10.0,10.0
2025-06-23 00:00:00,0,3.0,0,4.0,5.943188369274,5.943188369274,0.0,5.943188369274,-0.126778372775,-0.126778372775,-0.016228660358,-0.016228660358,-0.41432087374,-0.41432087374,-0.126778372775,0.033602150538,0.721610197497,1.0,14.0,276864.0,80.0,2.0,2.0
2025-06-23 04:00:00,1,,1,,7.42346394062,7.42346394062,0.73540109396,8.15886503458,0.097319845767,0.097319845767,,,0.385321480847,0.385321480847,0.097319845767,0.061148741106,1.244959941893,2.0,31.0,,,11.0,11.0
2025-06-23 08:00:00,1,,1,,12.128028154373,12.128028154373,2.36136084795,14.489389002323,0.191645709447,0.191645709447,,,1.71826113532,1.71826113532,0.191645709447,0.0,1.317935003938,0.0,40.0,,,17.0,17.0
2025-06-23 12:00:00,0,,0,,14.451520144939,14.451520144939,3.102436959743,17.553957104683,0.100523826254,0.100523826254,,,2.298649440649,2.298649440649,0.100523826254,0.021258503401,1.423870152996,1.0,52.0,,,29.0,29.0
2025-06-23 16:00:00,0,,0,,11.386791169643,11.386791169643,5.065301120281,16.452092289925,-0.175355466618,-0.175355466618,,,0.476453575224,0.476453575224,-0.175355466618,0.029761904762,1.196518291136,1.0,40.0,,,16.0,16.0
2025-06-23 20:00:00,1,,1,,6.580423295498,6.580423295498,1.664517581463,8.244940876961,-0.150723392217,-0.150723392217,,,-0.354488493185,-0.354488493185,-0.150723392217,0.086236338798,0.681335702584,2.0,20.0,,,7.0,7.0
2025-06-24 00:00:00,0,17.0,0,6.0,0.984454572201,0.984454572201,2.202070355415,3.186524927616,0.006770118785,0.006770118785,-0.48433342584,-0.48433342584,-0.469896304564,-0.469896304564,0.006770118785,0.042517006803,1.094877283392,1.0,26.0,277270.0,61.0,8.0,8.0
2025-06-24 04:00:00,1,,1,,8.155817985535,8.155817985535,3.187785625458,11.343603610992,-0.006057542989,-0.006057542989,,,-0.305467856874,-0.305467856874,-0.006057542989,0.104166666667,1.011650289501,5.0,25.0,,,6.0,6.0
2025-06-24 08:00:00,0,,0,,7.14277535677,7.14277535677,0.862817764282,8.005593121052,-0.119308835063,-0.119308835063,,,-0.332384596842,-0.332384596842,-0.119308835063,0.030193236715,0.736924153405,1.0,23.0,,,7.0,7.0
2025-06-24 12:00:00,0,,0,,15.755729854107,15.755729854107,2.427996277809,18.183726131916,0.330533925623,0.330533925623,,,0.919446570637,0.919446570637,0.330533925623,0.0,1.119462503483,0.0,49.0,,,17.0,17.0
2025-06-24 16:00:00,9,,1,,10.73179858923,10.73179858923,3.273060441017,14.004859030247,-0.224768673541,-0.224768673541,,,-0.112308331418,-0.112308331418,-0.224768673541,0.067386831276,1.216823425238,2.0,38.0,,,12.0,12.0
2025-06-24 20:00:00,7,,1,,5.765434384346,5.765434384346,0.70765209198,6.473086476326,0.141368117956,0.141368117956,,,-0.252709802016,-0.252709802016,0.141368117956,0.0,1.499676571398,0.0,33.0,,,11.0,11.0
2025-06-25 00:00:00,1,4.0,1,7.0,1.541735231876,1.541735231876,2.598291695118,4.140026926994,-0.167047078544,-0.167047078544,-0.073668893728,-0.073668893728,-0.52402624305,-0.52402624305,-0.167047078544,0.190127432272,0.839057379148,7.0,19.0,277484.0,72.0,6.0,6.0
2025-06-25 04:00:00,0,,0,,8.098933756351,8.098933756351,0.725409924984,8.824343681335,0.10434705913,0.10434705913,,,-0.219752564694,-0.219752564694,0.10434705913,0.264300798292,1.011328735973,4.0,21.0,,,7.0,7.0
2025-06-25 08:00:00,0,,0,,17.5486972332,17.5486972332,3.094867348671,20.643564581871,-0.01225559406,-0.01225559406,,,0.400173169185,0.400173169185,-0.01225559406,0.055555555556,1.608944902695,2.0,46.0,,,11.0,11.0
2025-06-25 12:00:00,0,,0,,18.301321029663,18.301321029663,7.296412408352,25.597733438015,0.155474713077,0.155474713077,,,1.255774155599,1.255774155599,0.155474713077,0.042461512718,1.662269553839,2.0,66.0,,,21.0,21.0
2025-06-25 16:00:00,0,,0,,9.261427462101,9.261427462101,3.765686810017,13.027114272118,-0.11024766663,-0.11024766663,,,0.06777966978,0.06777966978,-0.11024766663,0.0,0.927343781898,0.0,38.0,,,15.0,15.0
2025-06-25 20:00:00,3,,1,,7.80704754591,7.80704754591,3.438986480236,11.246034026146,-0.016600479187,-0.016600479187,,,-0.261385694387,-0.261385694387,-0.016600479187,0.0,1.599460523338,0.0,45.0,,,15.0,15.0
2025-06-26 00:00:00,0,0.0,0,7.0,7.318805456161,7.318805456161,0.928260028362,8.247065484524,-0.097629929383,-0.097629929383,-0.558518661059,-0.558518661059,-0.616964334365,-0.616964334365,-0.097629929383,0.044326241135,0.910212630677,1.0,20.0,277836.0,54.0,4.0,4.0
2025-06-26 04:00:00,0,,0,,11.530201017857,11.530201017857,0.767651259899,12.297852277756,0.184628724425,0.184628724425,,,-0.159234245163,-0.159234245163,0.184628724425,0.144675925926,1.096435477771,5.0,27.0,,,7.0,7.0
2025-06-26 08:00:00,0,,0,,6.099153697491,6.099153697491,4.227035999298,10.326189696789,-0.011143035238,-0.011143035238,,,-0.247781272496,-0.247781272496,-0.011143035238,0.0,1.569733575493,0.0,41.0,,,12.0,12.0
2025-06-26 12:00:00,0,,0,,13.373886883259,13.373886883259,4.018324673176,17.392211556435,0.091887529725,0.091887529725,,,0.708092447481,0.708092447481,0.091887529725,0.052447552448,1.424773604901,2.0,50.0,,,17.0,17.0
2025-06-26 16:00:00,0,,0,,4.470692157745,4.470692157745,7.191738843918,11.662431001663,-0.123039692169,-0.123039692169,,,-0.166808473968,-0.166808473968,-0.123039692169,0.023946360153,1.39410568247,1.0,43.0,,,12.0,12.0
2025-06-26 20:00:00,0,,0,,8.677741229534,8.677741229534,1.528061687946,10.20580291748,0.02155828924,0.02155828924,,,-0.213744761345,-0.213744761345,0.02155828924,0.017076502732,1.133107336783,1.0,28.0,,,8.0,8.0
2025-06-27 00:00:00,0,1.0,0,7.0,4.76620310545,4.76620310545,2.515968739986,7.282171845436,-0.084839792448,-0.084839792448,-0.550778013273,-0.550778013273,-0.386014468242,-0.386014468242,-0.084839792448,0.104231811549,1.388625254486,2.0,23.0,278165.0,53.0,10.0,10.0
2025-06-27 04:00:00,0,,0,,5.829039633274,5.829039633274,2.867674589157,8.696714222431,0.140236670694,0.140236670694,,,-0.146848655479,-0.146848655479,0.140236670694,0.061274509804,1.745621515199,1.0,30.0,,,11.0,11.0
2025-06-27 08:00:00,1,,1,,17.728261470795,17.728261470795,3.196332752705,20.924594223499,0.139415436336,0.139415436336,,,0.846148312202,0.846148312202,0.139415436336,0.07603406326,1.815337027215,5.0,46.0,,,15.0,15.0
2025-06-27 12:00:00,0,,0,,8.956060528755,8.956060528755,3.943669319153,12.899729847908,-0.194472744159,-0.194472744159,,,-0.162963843789,-0.162963843789,-0.194472744159,0.0,1.431606378558,0.0,43.0,,,12.0,12.0
2025-06-27 16:00:00,0,,0,,8.198415398598,8.198415398598,2.330625653267,10.529041051865,-0.00477582675,-0.00477582675,,,-0.36124767904,-0.36124767904,-0.00477582675,0.0,0.991386455084,0.0,34.0,,,10.0,10.0
2025-06-27 20:00:00,0,,0,,8.333848714828,8.333848714828,1.659132122993,9.992980837822,-0.102501434674,-0.102501434674,,,-0.54716267926,-0.54716267926,-0.102501434674,0.0,1.205538014214,0.0,25.0,,,4.0,4.0
2025-06-28 00:00:00,0,1.0,0,6.0,6.113485097885,6.113485097885,1.565425753593,7.678910851479,0.04947671116,0.04947671116,-0.916024032023,-0.916024032023,-0.191481066257,-0.191481066257,0.04947671116,0.022893772894,1.717181138761,1.0,22.0,278610.0,35.0,8.0,8.0
2025-06-28 04:00:00,0,,0,,6.262181520462,6.262181520462,0.0,6.262181520462,-0.138138985252,-0.138138985252,,,-0.57841056304,-0.57841056304,-0.138138985252,0.0,1.273454971133,0.0,19.0,,,5.0,5.0
2025-06-28 08:00:00,0,,0,,10.195243418217,10.195243418217,2.609611988068,12.804855406284,0.05168800588,0.05168800588,,,-0.257459274747,-0.257459274747,0.05168800588,0.191291994571,1.556541687389,7.0,32.0,,,7.0,7.0
2025-06-28 12:00:00,1,,1,,6.87103754282,6.87103754282,1.709469676018,8.580507218838,0.04239533409,0.04239533409,,,-0.231269525201,-0.231269525201,0.04239533409,0.048170915106,1.410342133323,2.0,32.0,,,10.0,10.0
2025-06-28 16:00:00,0,,0,,9.121077120304,9.121077120304,2.426863491535,11.547940611839,0.088487662544,0.088487662544,,,-0.147417603561,-0.147417603561,0.088487662544,0.025720164609,1.22930229144,1.0,28.0,,,7.0,7.0
2025-06-28 20:00:00,0,,0,,5.846654832363,5.846654832363,2.471872031689,8.318526864052,-0.103530587435,-0.103530587435,,,-0.531221399728,-0.531221399728,-0.103530587435,0.0,1.365032076402,0.0,22.0,,,6.0,6.0
2025-06-29 00:00:00,0,0.0,0,6.0,4.911059439182,4.911059439182,0.791559576988,5.702619016171,-0.121630863871,-0.121630863871,-0.209883659801,-0.209883659801,-0.590594306707,-0.590594306707,-0.121630863871,0.0,1.407840607192,0.0,18.0,279023.0,62.0,4.0,4.0
2025-06-29 04:00:00,0,,0,,13.920525670052,13.920525670052,0.732734262943,14.653259932995,0.361313401538,0.361313401538,,,1.026147657942,1.026147657942,0.361313401538,0.211679844639,2.381751724654,6.0,35.0,,,13.0,13.0
2025-06-29 08:00:00,0,,0,,13.771976172924,13.771976172924,1.465037465096,15.23701363802,-0.077029845594,-0.077029845594,,,0.77665158127,0.77665158127,-0.077029845594,0.0,2.135109448311,0.0,38.0,,,15.0,15.0
2025-06-29 12:00:00,0,,0,,12.937962114811,12.937962114811,1.788870990276,14.726833105087,0.035951783172,0.035951783172,,,0.859922107557,0.859922107557,0.035951783172,0.017076502732,1.855656917469,1.0,38.0,,,17.0,17.0
2025-06-29 16:00:00,0,,0,,12.718773543835,12.718773543835,3.21411305666,15.932886600494,-0.060236733129,-0.060236733129,,,0.759544380451,0.759544380451,-0.060236733129,0.048813127989,1.847581053032,2.0,41.0,,,15.0,15.0
2025-06-29 20:00:00,0,,0,,8.348837018013,8.348837018013,0.811098277569,9.159935295582,-0.17405565901,-0.17405565901,,,-0.430332705357,-0.430332705357,-0.17405565901,0.0,1.03940768851,0.0,21.0,,,5.0,5.0
2025-06-30 00:00:00,0,4.0,0,5.0,6.677682697773,6.677682697773,2.2141507864,8.891833484173,0.06201806773,0.06201806773,-0.417671731802,-0.417671731802,-0.240339714795,-0.240339714795,0.06201806773,0.094696969697,1.910682655081,1.0,25.0,279599.0,58.0,10.0,10.0
2025-06-30 04:00:00,0,,0,,8.606671154499,8.606671154499,1.584675252438,10.191346406937,0.078086745332,0.078086745332,,,0.692110061045,0.692110061045,0.078086745332,0.153210860178,1.791571507651,10.0,38.0,,,15.0,15.0
2025-06-30 08:00:00,0,,0,,8.233726978302,8.233726978302,3.923801422119,12.157528400421,-0.001331034568,-0.001331034568,,,-0.086809727748,-0.086809727748,-0.001331034568,0.0,1.240577964993,0.0,33.0,,,11.0,11.0
2025-06-30 12:00:00,0,,0,,14.366408467293,14.366408467293,2.366145968437,16.73255443573,0.199563397547,0.199563397547,,,1.134940215996,1.134940215996,0.199563397547,0.048734610123,1.079037344831,2.0,40.0,,,17.0,17.0
2025-06-30 16:00:00,1,,1,,12.606990695,12.606990695,2.365328431129,14.972319126129,-0.278339011737,-0.278339011737,,,-0.115617259225,-0.115617259225,-0.278339011737,0.0,1.001402403694,0.0,34.0,,,9.0,10.0
2025-06-30 20:00:00,3,,2,,8.724103569984,8.724103569984,1.560697555542,10.284801125526,-0.041110590666,-0.041110590666,,,-0.558772239027,-0.558772239027,-0.041110590666,0.023946360153,1.076482634488,1.0,29.0,,,5.0,5.0
2025-07-01 00:00:00,0,2.0,0,7.0,9.594577312469,9.594577312469,1.641969144344,11.236546456814,0.063717160737,0.063717160737,-0.38521133059,-0.38521133059,0.15160880961,0.15160880961,0.063717160737,0.342677987263,1.782508962012,7.0,32.0,280130.0,70.0,13.0,13.0
2025-07-01 04:00:00,0,,0,,8.96618616581,8.96618616581,0.0,8.96618616581,0.062272379108,0.062272379108,,,-0.312604331191,-0.312604331191,0.062272379108,0.018939393939,0.952292567756,1.0,18.0,,,9.0,9.0
2025-07-01 08:00:00,2,,1,,3.548500537872,3.548500537872,3.981001019478,7.52950155735,-0.211182631626,-0.211182631626,,,-0.874820451917,-0.874820451917,-0.211182631626,0.055993021501,0.698992815761,2.0,21.0,,,5.0,5.0
2025-07-01 12:00:00,0,,0,,13.590724289417,13.590724289417,4.143674969673,17.73439925909,0.258350147158,0.258350147158,,,1.033213859495,1.033213859495,0.258350147158,0.031477757151,1.43797510405,2.0,55.0,,,22.0,22.0
2025-07-01 16:00:00,0,,0,,11.134881258011,11.134881258011,2.252572894096,13.387454152107,-0.01003510449,-0.01003510449,,,0.175601174873,0.175601174873,-0.01003510449,0.047543394738,1.29190303169,3.0,43.0,,,14.0,14.0
2025-07-01 20:00:00,0,,0,,4.080081343651,4.080081343651,2.506266474724,6.586347818375,-0.143018620221,-0.143018620221,,,-0.623176869004,-0.623176869004,-0.143018620221,0.082155257937,1.395669967403,2.0,33.0,,,13.0,13.0
2025-07-02 00:00:00,3,7.0,1,7.0,6.851001799107,6.851001799107,1.55310344696,8.404105246067,-0.042568570673,-0.042568570673,-0.304482846944,-0.304482846944,-0.630962985247,-0.630962985247,-0.042568570673,0.0,1.55494753255,0.0,23.0,280357.0,66.0,5.0,5.0
2025-07-02 04:00:00,0,,0,,5.715095639229,5.715095639229,3.253571212292,8.968666851521,0.033718191852,0.033718191852,,,-0.377977893958,-0.377977893958,0.033718191852,0.104406682028,1.173495901021,2.0,27.0,,,10.0,10.0
2025-07-02 08:00:00,0,,0,,16.054754853249,16.054754853249,1.595823228359,17.650578081608,0.164034176648,0.164034176648,,,0.290319229622,0.290319229622,0.164034176648,0.080518322614,1.657040002707,5.0,43.0,,,10.0,10.0
2025-07-02 12:00:00,0,,0,,11.164942264557,11.164942264557,0.0,11.164942264557,0.024738072451,0.024738072451,,,0.317009139087,0.317009139087,0.024738072451,0.046921921922,1.129239945879,2.0,36.0,,,14.0,14.0
2025-07-02 16:00:00,2,,1,,13.285103917122,13.285103917122,4.981418848038,18.26652276516,0.127074802643,0.127074802643,,,0.783714993052,0.783714993052,0.127074802643,0.057077625571,1.37744477448,2.0,45.0,,,18.0,18.0
2025-07-02 20:00:00,2,,1,,5.793860793114,5.793860793114,1.415333926678,7.209194719791,-0.191590648483,-0.191590648483,,,-0.571616566923,-0.571616566923,-0.191590648483,0.0,0.93448345338,0.0,24.0,,,9.0,9.0
2025-07-03 00:00:00,0,6.0,0,6.0,7.376560032368,7.376560032368,3.291776478291,10.668336510658,0.071403717339,0.071403717339,-0.334640668469,-0.334640668469,-0.421289756656,-0.421289756656,0.071403717339,0.0,1.648266389917,0.0,29.0,280750.0,67.0,7.0,7.0
2025-07-03 04:00:00,0,,0,,11.083275735378,11.083275735378,1.722040116787,12.805315852165,0.110480673423,0.110480673423,,,0.835253067945,0.835253067945,0.110480673423,0.183785529716,1.812271093609,7.0,41.0,,,14.0,15.0
2025-07-03 08:00:00,2,,2,,5.605723142624,5.605723142624,4.112119853497,9.71784299612,-0.161746500961,-0.161746500961,,,-0.404929546764,-0.404929546764,-0.161746500961,0.036549707602,1.33046928947,1.0,34.0,,,12.0,12.0
2025-07-03 12:00:00,1,,1,,17.826443135738,17.826443135738,3.124278724194,20.950721859932,0.203544817784,0.203544817784,,,1.282062412001,1.282062412001,0.203544817784,0.017361111111,1.48181048018,1.0,51.0,,,18.0,18.0
2025-07-03 16:00:00,0,,0,,8.826151311398,8.826151311398,6.423924207687,15.250075519085,-0.164812424266,-0.164812424266,,,-0.14424659437,-0.14424659437,-0.164812424266,0.098358632605,1.554052720132,3.0,51.0,,,11.0,11.0
2025-07-03 20:00:00,3,,2,,6.556620180607,6.556620180607,7.383179783821,13.939799964428,-0.026575126753,-0.026575126753,,,-0.321802983154,-0.321802983154,-0.026575126753,0.0,2.048726784187,0.0,43.0,,,10.0,10.0
2025-07-04 00:00:00,0,0.0,0,8.0,-0.076833486557,-0.076833486557,1.72718423605,1.650350749493,0.011747498211,0.011747498211,-0.96080654096,-0.96080654096,-0.632448422444,-0.632448422444,0.011747498211,0.0,0.480295363969,0.0,9.0,281006.0,44.0,1.0,1.0
2025-07-04 04:00:00,0,,0,,10.786488175392,10.786488175392,0.758400082588,11.54488825798,0.354026770849,0.354026770849,,,0.104797752957,0.104797752957,0.354026770849,0.174587951122,1.486225291623,9.0,37.0,,,12.0,12.0
2025-07-04 08:00:00,0,,0,,5.511565446854,5.511565446854,0.721174776554,6.232740223408,-0.13117313231,-0.13117313231,,,-0.306741841228,-0.306741841228,-0.13117313231,0.0,0.741210701974,0.0,22.0,,,10.0,10.0
2025-07-04 12:00:00,0,,0,,8.996998012066,8.996998012066,3.179375946522,12.176373958588,0.003902143701,0.003902143701,,,0.004340548908,0.004340548908,0.003902143701,0.024801587302,0.912810454761,1.0,36.0,,,11.0,11.0
2025-07-04 16:00:00,0,,0,,6.064681410789,6.064681410789,1.765968561172,7.830649971962,-0.138650092646,-0.138650092646,,,-0.227035688587,-0.227035688587,-0.138650092646,0.0,0.757956162979,0.0,23.0,,,7.0,7.0
2025-07-04 20:00:00,0,,0,,7.055504560471,7.055504560471,0.0,7.055504560471,-0.013071143292,-0.013071143292,,,-0.461874921397,-0.461874921397,-0.013071143292,0.0,0.595900756392,0.0,12.0,,,3.0,3.0
2025-07-05 00:00:00,0,0.0,0,8.0,1.617167472839,1.617167472839,2.364203035831,3.981370508671,-0.134579347032,-0.134579347032,-1.229049158787,-1.229049158787,-0.511779303228,-0.511779303228,-0.134579347032,0.065104166667,1.09870998358,1.0,13.0,281205.0,31.0,5.0,5.0
2025-07-05 04:00:00,0,,0,,5.800321996212,5.800321996212,2.256647706032,8.056969702244,0.183845293704,0.183845293704,,,-0.365124400636,-0.365124400636,0.183845293704,0.101132686084,1.110275151851,5.0,22.0,,,6.0,6.0
2025-07-05 08:00:00,0,,0,,5.111274540424,5.111274540424,3.243709802628,8.354984343052,-0.050657931837,-0.050657931837,,,-0.355223628132,-0.355223628132,-0.050657931837,0.0,1.609889798085,0.0,30.0,,,4.0,4.0
2025-07-05 12:00:00,0,,0,,6.464624047279,6.464624047279,2.358096957207,8.822721004486,-0.030729853435,-0.030729853435,,,-0.455430031809,-0.455430031809,-0.030729853435,0.0,1.417087762979,0.0,31.0,,,5.0,5.0
2025-07-05 16:00:00,0,,0,,3.217729747295,3.217729747295,2.300347924232,5.518077671528,0.044917780769,0.044917780769,,,-0.184413073476,-0.184413073476,0.044917780769,0.099709084084,1.290221616381,2.0,27.0,,,10.0,10.0
2025-07-05 20:00:00,0,,0,,1.129353880882,1.129353880882,4.624150812626,5.753504693508,-0.182788913542,-0.182788913542,,,-0.418632918945,-0.418632918945,-0.182788913542,0.061893444246,1.412048004976,2.0,26.0,,,1.0,1.0
2025-07-06 00:00:00,0,6.0,0,7.0,3.089152932167,3.089152932167,0.939731299877,4.028884232044,0.243694044222,0.243694044222,-1.003407930576,-1.003407930576,-0.310863348275,-0.310863348275,0.243694044222,0.0,1.111563274416,0.0,16.0,281101.0,41.0,7.0,7.0
2025-07-06 04:00:00,0,,0,,5.740192711353,5.740192711353,1.737589299679,7.477782011032,-0.007765812926,-0.007765812926,,,0.043038084077,0.043038084077,-0.007765812926,0.0,1.568374119607,0.0,19.0,,,6.0,6.0
2025-07-06 08:00:00,0,,0,,9.355140149593,9.355140149593,2.45362919569,11.808769345284,-0.072697841397,-0.072697841397,,,0.01071940815,0.01071940815,-0.072697841397,0.079132913291,1.482172418285,5.0,32.0,,,4.0,4.0
2025-07-06 12:00:00,0,,0,,7.017302334309,7.017302334309,3.260852336884,10.278154671192,-0.101179832688,-0.101179832688,,,0.451729756169,0.451729756169,-0.101179832688,0.05969785575,1.659647571672,2.0,46.0,,,13.0,13.0
2025-07-06 16:00:00,0,,0,,5.922426760197,5.922426760197,0.0,5.922426760197,0.140014296727,0.140014296727,,,-0.065043893701,-0.065043893701,0.140014296727,0.0,0.569824001159,0.0,14.0,,,5.0,5.0
2025-07-06 20:00:00,6,,1,,6.085262477398,6.085262477398,0.705494165421,6.790756642818,0.030234510982,0.030234510982,,,0.08681798181,0.08681798181,0.030234510982,0.039308176101,0.882056369184,1.0,20.0,,,6.0,6.0
2025-07-07 00:00:00,0,1.0,0,8.0,3.322251558304,3.322251558304,0.700023114681,4.022274672985,-0.101739048162,-0.101739048162,-0.427933191546,-0.427933191546,-0.087170155777,-0.087170155777,-0.101739048162,0.0,0.769403919722,0.0,13.0,281741.0,62.0,6.0,6.0
2025-07-07 04:00:00,0,,0,,7.05286949873,7.05286949873,1.804504096508,8.857373595238,0.017632446285,0.017632446285,,,0.485315877638,0.485315877638,0.017632446285,0.167460939606,0.864915623566,6.0,20.0,,,4.0,4.0
2025-07-07 08:00:00,0,,0,,5.329252302647,5.329252302647,3.051008105278,8.380260407925,0.034145015875,0.034145015875,,,0.525417184856,0.525417184856,0.034145015875,0.0,1.180684045752,0.0,30.0,,,14.0,14.0
2025-07-07 12:00:00,0,,0,,16.49168163538,16.49168163538,5.581026613712,22.072708249092,0.036315981749,0.036315981749,,,1.588403426981,1.588403426981,0.036315981749,0.0,1.824354520608,0.0,60.0,,,9.0,9.0
2025-07-07 16:00:00,1,,1,,9.94699048996,9.94699048996,7.149793386459,17.096783876419,0.052765533388,0.052765533388,,,1.534824082435,1.534824082435,0.052765533388,0.07029478458,1.776767475244,2.0,51.0,,,19.0,19.0
2025-07-07 20:00:00,0,,0,,15.056695282459,15.056695282459,1.406210899353,16.462906181812,0.104746943928,0.104746943928,,,1.141440248856,1.141440248856,0.104746943928,0.151010344196,1.488041412529,4.0,36.0,,,10.0,10.0
2025-07-08 00:00:00,1,4.0,1,7.0,2.97887724638,2.97887724638,2.182149171829,5.161026418209,-0.270470352527,-0.270470352527,-0.189883124225,-0.189883124225,-0.48115995586,-0.48115995586,-0.270470352527,0.095996732026,1.383934834294,2.0,22.0,282161.0,91.0,9.0,9.0
2025-07-08 04:00:00,0,,0,,7.09245890379,7.09245890379,1.60669529438,8.69915419817,0.055751517005,0.055751517005,,,-0.274854488627,-0.274854488627,0.055751517005,0.127032520325,1.274807553849,5.0,25.0,,,4.0,4.0
2025-07-08 08:00:00,0,,0,,-3.985193192959,-3.985193192959,8.152811288834,4.167618095875,-0.110942158567,-0.110942158567,,,-1.069496233987,-1.069496233987,-0.110942158567,0.0,0.997548580812,0.0,27.0,,,5.0,5.0
2025-07-08 12:00:00,0,,0,,11.357293665409,11.357293665409,2.535289227962,13.892582893372,0.34184919702,0.34184919702,,,1.250483162582,1.250483162582,0.34184919702,0.039701780742,1.247926827252,3.0,48.0,,,16.0,16.0
2025-07-08 16:00:00,3,,1,,25.598093986511,25.598093986511,3.493600487709,29.09169447422,0.20343883756,0.20343883756,,,4.229781410913,4.229781410913,0.20343883756,0.108166163359,2.49414844758,6.0,75.0,,,48.0,48.0
2025-07-08 20:00:00,0,,0,,5.258726477623,5.258726477623,4.266822874546,9.525549352169,-0.174135060016,-0.174135060016,,,-0.31351062325,-0.31351062325,-0.174135060016,0.051724137931,1.381656908725,2.0,34.0,,,12.0,12.0
2025-07-09 00:00:00,1,4.0,1,6.0,3.365367650986,3.365367650986,2.953461825848,6.318829476833,-0.192590028134,-0.192590028134,-0.638323837294,-0.638323837294,-0.346393868602,-0.346393868602,-0.192590028134,0.250202388181,1.731225715266,4.0,29.0,282884.0,73.0,8.0,8.0
2025-07-09 04:00:00,0,,0,,7.223751962185,7.223751962185,0.0,7.223751962185,0.050397028401,0.050397028401,,,-0.180222564967,-0.180222564967,0.050397028401,0.126262626263,1.101646683787,2.0,22.0,,,11.0,11.0
2025-07-09 08:00:00,3,,3,,10.095899641514,10.095899641514,3.280045807362,13.375945448875,-0.007450500448,-0.007450500448,,,-0.190103427336,-0.190103427336,-0.007450500448,0.093005952381,1.236731452976,5.0,36.0,,,11.0,11.0
2025-07-09 12:00:00,0,,0,,8.374967217445,8.374967217445,3.901404857635,12.276372075081,0.070068975654,0.070068975654,,,0.015330616372,0.015330616372,0.070068975654,0.054210584102,1.312635838341,2.0,50.0,,,21.0,21.0
2025-07-09 16:00:00,0,,0,,7.80410939455,7.80410939455,2.446609556675,10.250718951225,-0.032614582314,-0.032614582314,,,-0.010296768503,-0.010296768503,-0.032614582314,0.043051859618,1.185625350636,3.0,46.0,,,20.0,20.0
2025-07-09 20:00:00,0,,0,,1.608182311058,1.608182311058,2.29201644659,3.900198757648,-0.109462340967,-0.109462340967,,,-0.434257931795,-0.434257931795,-0.109462340967,0.029229008258,0.987419640631,2.0,26.0,,,5.0,5.0
2025-07-10 00:00:00,2,24.0,1,9.0,7.545141518116,7.545141518116,3.173133611679,10.718275129795,0.168492621087,0.168492621087,0.140868880823,0.140868880823,-0.233237805498,-0.233237805498,0.168492621087,0.089172979798,1.415317353214,2.0,31.0,283490.0,81.0,9.0,9.0
2025-07-10 04:00:00,10,,1,,12.098440766335,12.098440766335,1.564580559731,13.663021326065,-0.013394526919,-0.013394526919,,,0.092660633728,0.092660633728,-0.013394526919,0.158774779277,1.910961370107,3.0,42.0,,,12.0,12.0
2025-07-10 08:00:00,12,,2,,18.457087874413,18.457087874413,0.0,18.457087874413,-0.076572616794,-0.076572616794,,,0.212680347035,0.212680347035,-0.076572616794,0.036549707602,1.365000952821,1.0,50.0,,,13.0,13.0
2025-07-10 12:00:00,0,,0,,8.133944034576,8.133944034576,4.048101067543,12.182045102119,0.126729125229,0.126729125229,,,-0.064790587879,-0.064790587879,0.126729125229,0.01965408805,1.079416097995,1.0,41.0,,,16.0,16.0
2025-07-10 16:00:00,0,,0,,13.577430844307,13.577430844307,4.702529668808,18.279960513115,0.020986630782,0.020986630782,,,0.546006968531,0.546006968531,0.020986630782,0.055118545659,1.375290079104,4.0,66.0,,,22.0,22.0
2025-07-10 20:00:00,0,,0,,7.817950069904,7.817950069904,4.871147632599,12.689097702503,-0.031273790011,-0.031273790011,,,-0.319144713887,-0.319144713887,-0.031273790011,0.0,1.056574512847,0.0,39.0,,,9.0,9.0
2025-07-11 00:00:00,0,2.0,0,10.0,8.302023470402,8.302023470402,2.400819063187,10.702842533588,-0.01365881652,-0.01365881652,0.673677862904,0.673677862904,-0.344896126878,-0.344896126878,-0.01365881652,0.0,1.037095020604,0.0,25.0,284806.0,94.0,11.0,11.0
2025-07-11 04:00:00,2,,1,,17.771529614925,17.771529614925,1.775086402893,19.546616017818,-0.101735856756,-0.101735856756,,,-0.178589314421,-0.178589314421,-0.101735856756,0.090187590188,1.381500035776,2.0,43.0,,,8.0,8.0
2025-07-11 08:00:00,0,,0,,14.038345456123,14.038345456123,7.461191892624,21.499537348747,0.229500580057,0.229500580057,,,0.280548012472,0.280548012472,0.229500580057,0.04824204853,1.38366268726,3.0,53.0,,,15.0,15.0
2025-07-11 12:00:00,0,,0,,16.449073731899,16.449073731899,5.872539579868,22.321613311768,0.183001094389,0.183001094389,,,1.348978522943,1.348978522943,0.183001094389,0.022401433692,1.507171057531,1.0,70.0,,,24.0,24.0
2025-07-11 16:00:00,0,,0,,9.782227158546,9.782227158546,6.289946615696,16.072173774242,-0.212492517801,-0.212492517801,,,0.2212317974,0.2212317974,-0.212492517801,0.040113871636,1.322561616056,2.0,55.0,,,22.0,22.0
2025-07-11 20:00:00,0,,0,,11.725024461746,11.725024461746,4.68285369873,16.407878160477,-0.04430657779,-0.04430657779,,,0.139068628772,0.139068628772,-0.04430657779,0.018939393939,2.195786650103,1.0,60.0,,,16.0,16.0
2025-07-12 00:00:00,0,0.0,0,10.0,1.253044128418,1.253044128418,2.54566526413,3.798709392548,-0.213252568425,-0.213252568425,-0.015788757591,-0.015788757591,-0.709866540465,-0.709866540465,-0.213252568425,0.0,1.040985880744,0.0,19.0,285602.0,80.0,6.0,6.0
2025-07-12 04:00:00,0,,0,,7.096905112267,7.096905112267,2.342336773872,9.439241886139,0.115235871147,0.115235871147,,,-0.501379991143,-0.501379991143,0.115235871147,0.0,1.227828221801,0.0,24.0,,,6.0,6.0
2025-07-12 08:00:00,0,,0,,24.888590812683,24.888590812683,5.610966086388,30.499556899071,0.124638869657,0.124638869657,,,1.05324281331,1.05324281331,0.124638869657,0.387122129803,2.285658745683,20.0,70.0,,,21.0,21.0
2025-07-12 12:00:00,0,,0,,15.898629307747,15.898629307747,4.73768889904,20.636318206787,-0.061678078968,-0.061678078968,,,-0.01031579065,-0.01031579065,-0.061678078968,0.228042144057,1.757256308189,14.0,58.0,,,16.0,16.0
2025-07-12 16:00:00,0,,0,,6.640435755253,6.640435755253,2.536128461361,9.176564216614,-0.105036478763,-0.105036478763,,,-0.39951532579,-0.39951532579,-0.105036478763,0.040064102564,1.518191343422,1.0,46.0,,,18.0,19.0
2025-07-12 20:00:00,0,,0,,6.394644021988,6.394644021988,1.767351686954,8.161995708942,0.015018355169,0.015018355169,,,-0.443245381843,-0.443245381843,0.015018355169,0.128531862403,1.443487294912,3.0,31.0,,,12.0,12.0
2025-07-13 00:00:00,0,0.0,0,10.0,3.0531488657,3.0531488657,4.299853801727,7.353002667427,-0.111941486363,-0.111941486363,0.395628173998,0.395628173998,-0.564482404869,-0.564482404869,-0.111941486363,0.0,2.02417605726,0.0,31.0,286503.0,88.0,10.0,10.0
2025-07-13 04:00:00,0,,0,,16.94861638546,16.94861638546,0.0,16.94861638546,0.179072402407,0.179072402407,,,0.205216139684,0.205216139684,0.179072402407,0.376719271536,1.349084134175,9.0,29.0,,,12.0,12.0
2025-07-13 08:00:00,0,,0,,10.365579903126,10.365579903126,2.782541930676,13.148121833801,-0.052496319642,-0.052496319642,,,-0.099498403028,-0.099498403028,-0.052496319642,0.016404199475,1.856465454165,1.0,44.0,,,19.0,19.0
2025-07-13 12:00:00,0,,0,,9.444734156132,9.444734156132,6.414064824581,15.858798980713,0.196637404843,0.196637404843,,,0.036797932355,0.036797932355,0.196637404843,0.054404794458,1.44593122122,2.0,50.0,,,22.0,22.0
2025-07-13 16:00:00,0,,0,,25.228325843811,25.228325843811,0.849798858166,26.078124701977,0.018534453187,0.018534453187,,,1.478686771973,1.478686771973,0.018534453187,0.053368831809,1.988240607787,3.0,71.0,,,22.0,22.0
2025-07-13 20:00:00,0,,0,,7.984128117561,7.984128117561,6.496194541454,14.480322659016,-0.178047023538,-0.178047023538,,,-0.480945109374,-0.480945109374,-0.178047023538,0.060442386831,1.627557311058,2.0,47.0,,,11.0,11.0
2025-07-14 00:00:00,0,0.0,0,9.0,5.523161113262,5.523161113262,4.115259170532,9.638420283794,0.031186648069,0.031186648069,2.210300121005,2.210300121005,-0.511201140905,-0.511201140905,0.031186648069,0.046168641068,1.406882123417,2.0,32.0,287348.0,138.0,14.0,14.0
2025-07-14 04:00:00,0,,0,,9.040332973003,9.040332973003,2.676557898521,11.716890871525,-0.048719440526,-0.048719440526,,,-0.383921430979,-0.383921430979,-0.048719440526,0.027412280702,1.003351211508,1.0,36.0,,,10.0,10.0
2025-07-14 08:00:00,0,,0,,20.370183110237,20.370183110237,5.600906312466,25.971089422703,0.41518542699,0.41518542699,,,2.020213001914,2.020213001914,0.41518542699,0.060399159664,1.889768690264,2.0,66.0,,,33.0,33.0
2025-07-14 12:00:00,0,,0,,28.80127632618,28.80127632618,5.731809198856,34.533085525036,0.045260831818,0.045260831818,,,1.990843942968,1.990843942968,0.045260831818,0.029766428535,2.115356905625,2.0,95.0,,,38.0,38.0
2025-07-14 16:00:00,0,,0,,17.715801477432,17.715801477432,5.955892860889,23.671694338322,-0.18236698513,-0.18236698513,,,0.235269918529,0.235269918529,-0.18236698513,0.05055720494,1.904952808849,2.0,70.0,,,24.0,24.0
2025-07-14 20:00:00,0,,0,,14.068301439285,14.068301439285,2.527258336544,16.595559775829,-0.094019995389,-0.094019995389,,,0.003254909171,0.003254909171,-0.094019995389,0.08462024087,1.576894959613,3.0,50.0,,,20.0,21.0
2025-07-15 00:00:00,0,28.0,0,8.0,4.73185133934,4.73185133934,2.403521597385,7.135372936726,-0.161140567608,-0.161140567608,1.375980891967,1.375980891967,-0.470975021868,-0.470975021868,-0.161140567608,0.083718587008,1.892887777232,2.0,44.0,288189.0,124.0,20.0,22.0
2025-07-15 04:00:00,20,,2,,10.963998198509,10.963998198509,3.347464978695,14.311463177204,0.328126862926,0.328126862926,,,0.100207768036,0.100207768036,0.328126862926,0.026371308017,2.450964787605,1.0,58.0,,,27.0,34.0
2025-07-15 08:00:00,8,,2,,36.558683335781,36.558683335781,3.125856995583,39.684540331364,0.334046574191,0.334046574191,,,1.829643890122,1.829643890122,0.334046574191,0.336851690527,2.671532606404,18.0,91.0,,,35.0,45.0
2025-07-15 12:00:00,0,,0,,19.788576841354,19.788576841354,2.64633333683,22.434910178185,-0.293923637533,-0.293923637533,,,0.195501118211,0.195501118211,-0.293923637533,0.082907227288,1.639942736332,4.0,67.0,,,29.0,32.0
2025-07-15 16:00:00,0,,0,,6.777315914631,6.777315914631,8.857962846756,15.635278761387,-0.181230115347,-0.181230115347,,,-0.354653245448,-0.354653245448,-0.181230115347,0.081601433035,1.526674653276,3.0,59.0,,,21.0,21.0
2025-07-15 20:00:00,0,,0,,4.705959677696,4.705959677696,4.928313016891,9.634272694588,-0.039324124699,-0.039324124699,,,-0.609805219178,-0.609805219178,-0.039324124699,0.09937567969,1.383436977872,3.0,37.0,,,13.0,13.0
2025-07-16 00:00:00,0,1.0,0,6.0,6.573192000389,6.573192000389,5.521703004837,12.094895005226,0.203929662933,0.203929662933,5.298556906675,5.298556906675,-0.425040704437,-0.425040704437,0.203929662933,0.146914958113,2.068835979583,3.0,42.0,289017.0,265.0,21.0,21.0
2025-07-16 04:00:00,0,,0,,15.697356164455,15.697356164455,6.950158059597,22.647514224052,0.244983702798,0.244983702798,,,0.575604350456,0.575604350456,0.244983702798,0.0,2.8000408861,0.0,72.0,,,49.0,49.0
2025-07-16 08:00:00,1,,1,,26.956117391586,26.956117391586,3.13145160675,30.087568998337,-0.032449648595,-0.032449648595,,,0.99125876014,0.99125876014,-0.032449648595,0.0,2.554648210377,0.0,76.0,,,45.0,45.0
2025-07-16 12:00:00,0,,0,,29.515449106693,29.515449106693,8.063264489174,37.578713595867,0.119081173353,0.119081173353,,,1.618599997116,1.618599997116,0.119081173353,0.238072368084,2.630424124425,16.0,123.0,,,62.0,62.0
2025-07-16 16:00:00,0,,0,,28.637170910835,28.637170910835,6.701323330402,35.338494241238,0.075045758753,0.075045758753,,,1.447988208356,1.447988208356,0.075045758753,0.040880503145,2.385676856842,2.0,109.0,,,65.0,65.0
2025-07-16 20:00:00,0,,0,,15.30250453949,15.30250453949,6.163340747356,21.465845286846,-0.364531326538,-0.364531326538,,,-0.215391086506,-0.215391086506,-0.364531326538,0.146886016451,2.130897965204,2.0,61.0,,,31.0,31.0
2025-07-17 00:00:00,1,2.0,1,4.0,3.425232708454,3.425232708454,5.070901930332,8.496134638786,-0.244161284088,-0.244161284088,2.640355505371,2.640355505371,-0.824446965625,-0.824446965625,-0.244161284088,0.017806267806,1.605586921348,1.0,32.0,289713.0,189.0,13.0,13.0
2025-07-17 04:00:00,0,,0,,8.189489126205,8.189489126205,2.152044057846,10.341533184052,0.054104688507,0.054104688507,,,-0.529610114192,-0.529610114192,0.054104688507,0.0,2.339707830955,0.0,49.0,,,32.0,32.0
2025-07-17 08:00:00,1,,1,,31.090200543404,31.090200543404,3.43300563097,34.523206174374,0.33247249822,0.33247249822,,,0.218967215078,0.218967215078,0.33247249822,0.278370626526,2.595521467084,18.0,78.0,,,24.0,24.0
2025-07-17 12:00:00,0,,0,,30.732209742069,30.732209742069,6.982591509819,37.714801251888,0.201078222795,0.201078222795,,,1.196294437088,1.196294437088,0.201078222795,0.045470314204,3.205784446044,3.0,107.0,,,57.0,57.0
2025-07-17 16:00:00,0,,0,,21.229530930519,21.229530930519,6.414507865906,27.644038796425,-0.197118913912,-0.197118913912,,,0.092354019656,0.092354019656,-0.197118913912,0.014269406393,2.249206253074,1.0,77.0,,,45.0,45.0
2025-07-17 20:00:00,0,,0,,12.061534523964,12.061534523964,5.483015954494,17.544550478458,-0.202704893501,-0.202704893501,,,-0.556076014474,-0.556076014474,-0.202704893501,0.083472686734,1.775407564465,3.0,68.0,,,26.0,26.0
2025-07-18 00:00:00,0,0.0,0,5.0,13.425667583942,13.425667583942,3.276069521904,16.701737105846,-0.13481458639,-0.13481458639,4.216168479095,4.216168479095,-0.56501487106,-0.56501487106,-0.13481458639,0.0,1.538580233361,0.0,45.0,290410.0,229.0,21.0,21.0
2025-07-18 04:00:00,0,,0,,14.360535502434,14.360535502434,2.549213349819,16.909748852253,0.195329760152,0.195329760152,,,-0.450534232072,-0.450534232072,0.195329760152,0.023148148148,1.547207782987,1.0,50.0,,,21.0,21.0
2025-07-18 08:00:00,0,,0,,23.84681135416,23.84681135416,7.003321230412,30.850132584572,0.133688358014,0.133688358014,,,0.315787166572,0.315787166572,0.133688358014,0.087569400796,2.215183883522,10.0,86.0,,,44.0,44.0
2025-07-18 12:00:00,0,,0,,35.557283043861,35.557283043861,3.424755990505,38.982039034367,0.25582618167,0.25582618167,,,1.240618759567,1.240618759567,0.25582618167,0.068631747177,2.684660566595,5.0,108.0,,,55.0,55.0
2025-07-18 16:00:00,0,,0,,29.727641165257,29.727641165257,3.104274690151,32.831915855408,-0.098719989927,-0.098719989927,,,0.474551846054,0.474551846054,-0.098719989927,0.029160345193,2.190450934256,2.0,83.0,,,44.0,44.0
2025-07-18 20:00:00,0,,0,,28.857277870178,28.857277870178,3.523787200451,32.381065070629,0.022687397017,0.022687397017,,,0.709008433723,0.709008433723,0.022687397017,0.053295320286,2.349339226773,2.0,81.0,,,50.0,50.0
2025-07-19 00:00:00,0,1.0,0,4.0,14.586677253246,14.586677253246,1.783950865269,16.370628118515,-0.188980497803,-0.188980497803,0.458069679778,0.458069679778,-0.897220612098,-0.897220612098,-0.188980497803,0.156031863349,1.497409651928,11.0,30.0,290956.0,121.0,8.0,8.0
2025-07-19 04:00:00,0,,0,,11.205432832241,11.205432832241,3.277051866055,14.482484698296,-0.032142540622,-0.032142540622,,,-0.725437098931,-0.725437098931,-0.032142540622,0.097154552385,1.766672881909,6.0,39.0,,,15.0,15.0
2025-07-19 08:00:00,0,,0,,8.151459634304,8.151459634304,3.758536159992,11.909995794296,0.033662170874,0.033662170874,,,-0.636440451843,-0.636440451843,0.033662170874,0.034153005464,1.876929150828,1.0,41.0,,,22.0,22.0
2025-07-19 12:00:00,0,,0,,22.739340960979,22.739340960979,6.072625279427,28.811966240406,0.127456962574,0.127456962574,,,-0.010716960416,-0.010716960416,0.127456962574,0.098023047116,2.722602789955,5.0,79.0,,,34.0,34.0
2025-07-19 16:00:00,0,,0,,13.861700773239,13.861700773239,3.503282785416,17.364983558655,-0.009629746237,-0.009629746237,,,-0.486951477278,-0.486951477278,-0.009629746237,0.0,1.961847358265,0.0,54.0,,,26.0,26.0
2025-07-19 20:00:00,1,,1,,8.904444634914,8.904444634914,5.511350512505,14.415795147419,-0.152390066856,-0.152390066856,,,-0.706663955166,-0.706663955166,-0.152390066856,0.0,2.223239776674,0.0,43.0,,,17.0,17.0
2025-07-20 00:00:00,0,0.0,0,5.0,0.839233279228,0.839233279228,4.028023660183,4.867256939411,-0.060998943672,-0.060998943672,0.25944314757,0.25944314757,-0.886632202514,-0.886632202514,-0.060998943672,0.0,1.194579736981,0.0,21.0,291483.0,124.0,7.0,7.0
2025-07-20 04:00:00,0,,0,,11.777334272861,11.777334272861,0.70636343956,12.483697712421,0.157717997431,0.157717997431,,,-0.549407587763,-0.549407587763,0.157717997431,0.059523809524,2.10941411373,1.0,38.0,,,18.0,18.0
2025-07-20 08:00:00,0,,0,,17.897895276546,17.897895276546,1.499285757542,19.397181034088,0.069308719219,0.069308719219,,,-0.125688688801,-0.125688688801,0.069308719219,0.159799929267,2.340724206869,8.0,57.0,,,28.0,28.0
2025-07-20 12:00:00,0,,0,,9.54563999176,9.54563999176,5.631375789642,15.177015781403,-0.042355159157,-0.042355159157,,,-0.568352838205,-0.568352838205,-0.042355159157,0.0,2.044214164873,0.0,61.0,,,22.0,22.0
2025-07-20 16:00:00,0,,0,,12.451794803143,12.451794803143,5.97976821661,18.431563019753,0.024487907852,0.024487907852,,,-0.228300698564,-0.228300698564,0.024487907852,0.0,2.270286022045,0.0,77.0,,,34.0,34.0
2025-07-20 20:00:00,0,,0,,15.621103703976,15.621103703976,2.643514752388,18.264618456364,-0.026293439111,-0.026293439111,,,-0.229805980239,-0.229805980239,-0.026293439111,0.028538812785,1.735140419275,1.0,49.0,,,22.0,22.0
2025-07-21 00:00:00,0,0.0,0,5.0,9.693332195282,9.693332195282,1.600253403187,11.293585598469,0.043875817701,0.043875817701,0.992815335081,0.992815335081,-0.568567827545,-0.568567827545,0.043875817701,0.034722222222,1.735039621903,1.0,39.0,291913.0,154.0,11.0,11.0
2025-07-21 04:00:00,0,,0,,8.818119049072,8.818119049072,3.763998568058,12.58211761713,0.043156971462,0.043156971462,,,-0.158985036223,-0.158985036223,0.043156971462,0.025100401606,1.825972284771,1.0,45.0,,,20.0,20.0
2025-07-21 08:00:00,0,,0,,20.506869137287,20.506869137287,3.946216404438,24.453085541725,0.290543049882,0.290543049882,,,0.537153154661,0.537153154661,0.290543049882,0.037652500504,1.698489321545,2.0,57.0,,,25.0,25.0
2025-07-21 12:00:00,0,,0,,19.65513241291,19.65513241291,5.00126439333,24.65639680624,-0.013763522178,-0.013763522178,,,1.076018342659,1.076018342659,-0.013763522178,0.07298631846,2.252798886116,4.0,92.0,,,39.0,39.0
2025-07-21 16:00:00,0,,0,,24.018819868565,24.018819868565,6.392422497272,30.411242365837,0.175894608067,0.175894608067,,,1.496527664458,1.496527664458,0.175894608067,0.045809673392,2.323838284994,2.0,90.0,,,40.0,40.0
2025-07-21 20:00:00,0,,0,,3.318978488445,3.318978488445,9.510176479816,12.829154968262,-0.296050596356,-0.296050596356,,,-0.619646156502,-0.619646156502,-0.296050596356,0.0,2.158697662569,0.0,56.0,,,25.0,25.0
2025-07-22 00:00:00,5,6.0,2,5.0,7.59387242794,7.59387242794,3.887046515942,11.480918943882,0.082828150362,0.082828150362,1.9893672551,1.9893672551,-0.572332957418,-0.572332957418,0.082828150362,0.017507002801,2.159494860623,1.0,47.0,292355.0,213.0,22.0,22.0
2025-07-22 04:00:00,0,,0,,7.187787771225,7.187787771225,5.483437478542,12.671225249767,-0.035711954914,-0.035711954914,,,-0.5172904128,-0.5172904128,-0.035711954914,0.0,1.7462782381,0.0,40.0,,,18.0,18.0
2025-07-22 08:00:00,0,,0,,18.433841466904,18.433841466904,4.848623335361,23.282464802265,0.172160363975,0.172160363975,,,0.924640372062,0.924640372062,0.172160363975,0.070262424914,2.677732671921,3.0,76.0,,,34.0,34.0
2025-07-22 12:00:00,0,,0,,19.487932324409,19.487932324409,6.117614090443,25.605546414852,0.064947141406,0.064947141406,,,0.999675697877,0.999675697877,0.064947141406,0.034435261708,2.439994119963,2.0,91.0,,,49.0,49.0
2025-07-22 16:00:00,1,,1,,26.536906421185,26.536906421185,12.946857631207,39.483764052391,0.1862903338,0.1862903338,,,1.859679537559,1.859679537559,0.1862903338,0.0,3.568582445415,0.0,132.0,,,62.0,62.0
2025-07-22 20:00:00,0,,0,,15.590512812138,15.590512812138,5.850011408329,21.440524220467,-0.153741124509,-0.153741124509,,,0.020402316275,0.020402316275,-0.153741124509,0.036549707602,2.610533349919,1.0,72.0,,,34.0,34.0
2025-07-23 00:00:00,0,2.0,0,5.0,14.637679100037,14.637679100037,1.610908508301,16.248587608337,-0.06610509273,-0.06610509273,2.202985839931,2.202985839931,-0.252577620336,-0.252577620336,-0.06610509273,0.0,2.059529399275,0.0,44.0,292764.0,201.0,25.0,25.0
2025-07-23 04:00:00,0,,0,,6.196399390697,6.196399390697,4.148109972477,10.344509363174,-0.114473746779,-0.114473746779,,,-0.654189443167,-0.654189443167,-0.114473746779,0.029761904762,2.424630935711,1.0,51.0,,,21.0,21.0
2025-07-23 08:00:00,0,,0,,14.687942743301,14.687942743301,2.364083111286,17.052025854588,0.115804876449,0.115804876449,,,-0.083417535112,-0.083417535112,0.115804876449,0.046626239893,2.368194056428,2.0,54.0,,,33.0,33.0
2025-07-23 12:00:00,1,,1,,35.364228487015,35.364228487015,4.571502625942,39.935731112957,0.441329909824,0.441329909824,,,2.423733410783,2.423733410783,0.441329909824,0.122441149911,2.704123575498,5.0,102.0,,,62.0,62.0
2025-07-23 16:00:00,1,,1,,21.248459875584,21.248459875584,6.346737325191,27.595197200775,-0.259867323131,-0.259867323131,,,0.328799889433,0.328799889433,-0.259867323131,0.084022257935,2.735989606478,4.0,93.0,,,40.0,40.0
2025-07-23 20:00:00,0,,0,,18.655685186386,18.655685186386,4.847723186016,23.503408372402,-0.095094486189,-0.095094486189,,,-0.418242553381,-0.418242553381,-0.095094486189,0.059132205514,2.554081997469,2.0,63.0,,,20.0,20.0
2025-07-24 00:00:00,0,0.0,0,7.0,9.097093760967,9.097093760967,1.645922243595,10.743016004562,-0.09279801591,-0.09279801591,0.419281786659,0.419281786659,-0.644134518843,-0.644134518843,-0.09279801591,0.035310734463,1.695395334908,1.0,28.0,293297.0,141.0,13.0,13.0
2025-07-24 04:00:00,0,,0,,8.198846161366,8.198846161366,4.336917519569,12.535763680935,0.031942497505,0.031942497505,,,-0.460866549782,-0.460866549782,0.031942497505,0.0,2.201825852366,0.0,53.0,,,26.0,26.0
2025-07-24 08:00:00,0,,0,,16.333798348904,16.333798348904,3.853178083897,20.1869764328,0.237081689509,0.237081689509,,,-0.118281852101,-0.118281852101,0.237081689509,0.0,2.318700072347,0.0,66.0,,,31.0,31.0
2025-07-24 12:00:00,0,,0,,15.740909695625,15.740909695625,8.064095616341,23.805005311966,-0.097356603412,-0.097356603412,,,-0.221535751814,-0.221535751814,-0.097356603412,0.043440290982,2.078373882423,2.0,85.0,,,30.0,30.0
2025-07-24 16:00:00,0,,0,,13.345676124096,13.345676124096,5.19358497858,18.539261102676,-0.034081233555,-0.034081233555,,,-0.38865278876,-0.38865278876,-0.034081233555,0.018115942029,2.022306310546,1.0,70.0,,,29.0,29.0
2025-07-24 20:00:00,0,,0,,9.500350892544,9.500350892544,3.371031165123,12.871382057667,-0.150370346152,-0.150370346152,,,-0.561565141505,-0.561565141505,-0.150370346152,0.0,1.525282871144,0.0,40.0,,,13.0,13.0
2025-07-25 00:00:00,0,0.0,0,5.0,9.408964037895,9.408964037895,4.997890174389,14.406854212284,0.062485254005,0.062485254005,0.522166641281,0.522166641281,-0.563771508487,-0.563771508487,0.062485254005,0.071094539939,1.432313737979,2.0,32.0,293745.0,141.0,13.0,13.0
2025-07-25 04:00:00,0,,0,,11.650456786156,11.650456786156,4.06103771925,15.711494505405,-0.00515419086,-0.00515419086,,,-0.376054893574,-0.376054893574,-0.00515419086,0.130681818182,1.843508720637,2.0,40.0,,,19.0,19.0
2025-07-25 08:00:00,0,,0,,11.224589526653,11.224589526653,3.208514809608,14.433104336262,0.173365361335,0.173365361335,,,-0.159631969762,-0.159631969762,0.173365361335,0.028935185185,2.120274677573,1.0,56.0,,,29.0,29.0
2025-07-25 12:00:00,0,,0,,19.62095695734,19.62095695734,2.477591395378,22.098548352718,-0.088033430024,-0.088033430024,,,0.071259297888,0.071259297888,-0.088033430024,0.060194672131,2.378319642805,2.0,63.0,,,25.0,25.0
2025-07-25 16:00:00,0,,0,,15.346954286098,15.346954286098,5.717277109623,21.064231395721,-0.073028551836,-0.073028551836,,,-0.042781310369,-0.042781310369,-0.073028551836,0.0,2.442401580746,0.0,71.0,,,31.0,31.0
2025-07-25 20:00:00,0,,0,,10.544069766998,10.544069766998,3.172877252102,13.7169470191,-0.050235054862,-0.050235054862,,,-0.273114171066,-0.273114171066,-0.050235054862,0.053418803419,1.918897018218,1.0,48.0,,,24.0,24.0
2025-07-26 00:00:00,0,0.0,0,5.0,6.129370331764,6.129370331764,4.223037183285,10.352407515049,-0.011124810363,-0.011124810363,0.165217341243,0.165217341243,-0.500341798201,-0.500341798201,-0.011124810363,0.0,2.309481501072,0.0,37.0,293974.0,111.0,18.0,18.0
2025-07-26 04:00:00,0,,0,,5.540026128292,5.540026128292,3.81677788496,9.356804013252,-0.042296357831,-0.042296357831,,,-0.726364761729,-0.726364761729,-0.042296357831,0.0,1.451322523468,0.0,25.0,,,11.0,11.0
2025-07-26 08:00:00,0,,0,,6.327157735825,6.327157735825,3.910850584507,10.238008320332,-0.068673690028,-0.068673690028,,,-0.615278652537,-0.615278652537,-0.068673690028,0.0,1.672198776954,0.0,37.0,,,15.0,15.0
2025-07-26 12:00:00,0,,0,,17.785942077637,17.785942077637,2.330148100853,20.11609017849,0.162871453264,0.162871453264,,,0.475238134976,0.475238134976,0.162871453264,0.061998261492,1.812770917543,3.0,62.0,,,24.0,24.0
2025-07-26 16:00:00,0,,0,,17.017787456512,17.017787456512,3.230320334435,20.248107790947,0.045825958422,0.045825958422,,,0.379234665699,0.379234665699,0.045825958422,0.08427438385,1.869281033223,3.0,53.0,,,25.0,25.0
2025-07-26 20:00:00,0,,0,,21.560089468956,21.560089468956,1.577940165997,23.138029634953,0.083214653811,0.083214653811,,,0.271441318965,0.271441318965,0.083214653811,0.027777777778,2.26545574436,1.0,54.0,,,18.0,18.0
2025-07-27 00:00:00,0,0.0,0,4.0,10.497858405113,10.497858405113,0.0,10.497858405113,-0.327051181743,-0.327051181743,-0.143245619588,-0.143245619588,-0.720551507312,-0.720551507312,-0.327051181743,0.098706317204,0.993014133245,2.0,20.0,294184.0,107.0,7.0,7.0
2025-07-27 04:00:00,0,,0,,5.089429140091,5.089429140091,2.31328189373,7.402711033821,-0.135802645149,-0.135802645149,,,-0.77259670895,-0.77259670895,-0.135802645149,0.0,1.226267806358,0.0,22.0,,,5.0,5.0
2025-07-27 08:00:00,0,,0,,9.458244740963,9.458244740963,4.276173055172,13.734417796135,0.360928222995,0.360928222995,,,-0.414683371347,-0.414683371347,0.360928222995,0.0,1.851055901364,0.0,35.0,,,16.0,16.0
2025-07-27 12:00:00,0,,0,,13.208055973053,13.208055973053,3.107029557228,16.315085530281,0.085902242218,0.085902242218,,,0.344214110437,0.344214110437,0.085902242218,0.074280753968,1.878113251604,3.0,54.0,,,25.0,25.0
2025-07-27 16:00:00,0,,0,,13.098667025566,13.098667025566,3.186863183975,16.285530209541,0.028588877476,0.028588877476,,,0.638005106103,0.638005106103,0.028588877476,0.070302902334,1.757493045041,3.0,58.0,,,39.0,39.0
2025-07-27 20:00:00,0,,0,,6.981438279152,6.981438279152,5.036717176437,12.018155455589,-0.229722945815,-0.229722945815,,,-0.548110314586,-0.548110314586,-0.229722945815,0.016801075269,1.592354325379,1.0,42.0,,,15.0,15.0
2025-07-28 00:00:00,0,4.0,0,4.0,12.034565865993,12.034565865993,2.324625134468,14.359191000462,0.123213921445,0.123213921445,0.852983438359,0.852983438359,-0.068181224003,-0.068181224003,0.123213921445,0.022401433692,1.812007702121,1.0,34.0,294606.0,134.0,15.0,15.0
2025-07-28 04:00:00,3,,1,,14.478927135468,14.478927135468,0.0,14.478927135468,0.057197615425,0.057197615425,,,0.279979952746,0.279979952746,0.057197615425,0.0,1.566708981357,0.0,37.0,,,20.0,20.0
2025-07-28 08:00:00,0,,0,,16.504437685013,16.504437685013,3.078553676605,19.582991361618,-0.010830765387,-0.010830765387,,,0.407009878163,0.407009878163,-0.010830765387,0.023674242424,1.510331804535,1.0,49.0,,,20.0,20.0
2025-07-28 12:00:00,1,,1,,17.724887371063,17.724887371063,6.385581433773,24.110468804836,0.066018276121,0.066018276121,,,0.515412127482,0.515412127482,0.066018276121,0.028842431281,1.529465276965,2.0,58.0,,,25.0,25.0
2025-07-28 16:00:00,0,,0,,22.87008357048,22.87008357048,6.407730817795,29.277814388275,0.111308852283,0.111308852283,,,2.257742649241,2.257742649241,0.111308852283,0.064127316858,2.554892608408,3.0,84.0,,,43.0,43.0
2025-07-28 20:00:00,0,,0,,12.592192292213,12.592192292213,1.562227010727,14.15441930294,-0.204388762019,-0.204388762019,,,-0.496707160201,-0.496707160201,-0.204388762019,0.0,1.637346379103,0.0,46.0,,,11.0,11.0
2025-07-29 00:00:00,0,2.0,0,5.0,11.464691996574,11.464691996574,0.770092606544,12.234784603119,0.175058805736,0.175058805736,0.104345175878,0.104345175878,0.451501042411,0.451501042411,0.175058805736,0.078236130868,1.637110934186,2.0,29.0,295152.0,168.0,12.0,8.0
2025-07-29 04:00:00,0,,0,,7.677492260933,7.677492260933,1.515154123306,9.192646384239,-0.127685700888,-0.127685700888,,,-0.390452176879,-0.390452176879,-0.127685700888,0.105218855219,1.38095947435,5.0,32.0,,,11.0,3.0
2025-07-29 08:00:00,0,,0,,11.46740925312,11.46740925312,2.637361109257,14.104770362377,0.115869104189,0.115869104189,,,0.780002666892,0.780002666892,0.115869104189,0.0,1.527127231351,0.0,32.0,,,33.0,11.0
2025-07-29 12:00:00,0,,0,,9.853736519814,9.853736519814,8.187690556049,18.041427075863,0.125805945023,0.125805945023,,,1.65254263875,1.65254263875,0.125805945023,0.102919240564,1.683752573957,6.0,60.0,,,56.0,27.0
2025-07-29 16:00:00,1,,1,,8.464917063713,8.464917063713,5.751466274261,14.216383337975,-0.129480616844,-0.129480616844,,,0.574617681897,0.574617681897,-0.129480616844,0.076670012267,2.010064509413,3.0,55.0,,,41.0,21.0
2025-07-29 20:00:00,1,,1,,5.048848330975,5.048848330975,3.82433617115,8.873184502125,0.039047413669,0.039047413669,,,-0.394388906101,-0.394388906101,0.039047413669,0.16795911921,1.333387432415,6.0,31.0,,,15.0,8.0
2025-07-30 00:00:00,2,6.0,1,5.0,4.24877601862,4.24877601862,3.127334296703,7.376110315323,-0.062421248976,-0.062421248976,-0.395033688389,-0.395033688389,-0.413622638147,-0.413622638147,-0.062421248976,0.0,1.277222897175,0.0,22.0,295831.0,75.0,5.0,5.0
2025-07-30 04:00:00,0,,0,,8.999353945255,8.999353945255,1.580376029015,10.57972997427,0.018032132816,0.018032132816,,,-0.160468522091,-0.160468522091,0.018032132816,0.10181164415,1.590391342712,6.0,34.0,,,8.0,8.0
2025-07-30 08:00:00,1,,1,,3.755994617939,3.755994617939,9.103045582771,12.85904020071,-0.058169893249,-0.058169893249,,,-0.852615795631,-0.852615795631,-0.058169893249,0.016149870801,1.49157501635,1.0,39.0,,,15.0,15.0
2025-07-30 12:00:00,3,,1,,1.584817171097,1.584817171097,9.039382457733,10.62419962883,-0.02803015321,-0.02803015321,,,-0.728989980898,-0.728989980898,-0.02803015321,0.073043339441,1.484601782012,4.0,54.0,,,25.0,25.0
2025-07-30 16:00:00,0,,0,,6.128774523735,6.128774523735,6.320147395134,12.448921918869,0.159765605144,0.159765605144,,,0.086425312557,0.086425312557,0.159765605144,0.068220542797,1.459824402603,4.0,48.0,,,16.0,16.0
2025-07-30 20:00:00,0,,0,,8.976341545582,8.976341545582,3.298274338245,12.274615883827,-0.094448185188,-0.094448185188,,,-0.299984827397,-0.299984827397,-0.094448185188,0.011446886447,1.676844591551,1.0,41.0,,,9.0,9.0
2025-07-31 00:00:00,0,1.0,0,4.0,4.655306339264,4.655306339264,1.755033135414,6.410339474678,0.000659799175,0.000659799175,-0.066679207933,-0.066679207933,-0.387038918716,-0.387038918716,0.000659799175,0.053418803419,1.192759583366,1.0,17.0,296204.0,63.0,7.0,7.0
2025-07-31 04:00:00,0,,0,,5.358834385872,5.358834385872,2.330867409706,7.689701795578,-0.055661902494,-0.055661902494,,,-0.399506335819,-0.399506335819,-0.055661902494,0.133538238843,1.319609445281,5.0,25.0,,,4.0,4.0
2025-07-31 08:00:00,1,,1,,5.839239954948,5.839239954948,2.632428467274,8.471668422222,-0.041098602093,-0.041098602093,,,-0.231657765713,-0.231657765713,-0.041098602093,0.0,1.3397335399,0.0,30.0,,,5.0,5.0
2025-07-31 12:00:00,0,,0,,18.412899196148,18.412899196148,4.084477841854,22.497377038002,0.1155068716,0.1155068716,,,1.866137486526,1.866137486526,0.1155068716,0.087318186789,2.074488310343,5.0,59.0,,,23.0,23.0
2025-07-31 16:00:00,0,,0,,15.997338533401,15.997338533401,2.60992783308,18.607266366482,-0.04767205279,-0.04767205279,,,1.478527222642,1.478527222642,-0.04767205279,0.036594761171,1.986456104693,2.0,49.0,,,21.0,21.0
2025-07-31 20:00:00,0,,0,,5.634356677532,5.634356677532,4.174515485764,9.808872163296,-0.266306512643,-0.266306512643,,,-0.515783437408,-0.515783437408,-0.266306512643,0.115681393972,1.510703742055,4.0,33.0,,,3.0,3.0
2025-08-01 00:00:00,0,0.0,0,5.0,7.943130612373,7.943130612373,0.785537004471,8.728667616844,-0.128684750652,-0.128684750652,-0.510555979281,-0.510555979281,-0.521160801723,-0.521160801723,-0.128684750652,0.109649122807,1.111813525651,4.0,22.0,296662.0,47.0,2.0,2.0
2025-08-01 04:00:00,0,,0,,1.489645183086,1.489645183086,3.342822790146,4.832467973232,0.082690484957,0.082690484957,,,-0.455024226334,-0.455024226334,0.082690484957,0.026371308017,1.513196316584,1.0,26.0,,,1.0,1.0
2025-08-01 08:00:00,0,,0,,5.169185578823,5.169185578823,4.02104640007,9.190231978893,0.056257022087,0.056257022087,,,-0.209231965176,-0.209231965176,0.056257022087,0.054860653939,1.223068197172,2.0,26.0,,,8.0,8.0
2025-08-01 12:00:00,0,,0,,9.772144079208,9.772144079208,4.802287101746,14.574431180954,0.089253538262,0.089253538262,,,0.429890530772,0.429890530772,0.089253538262,0.036348198293,1.716307299181,2.0,53.0,,,10.0,10.0
2025-08-01 16:00:00,0,,0,,17.791980743408,17.791980743408,4.044101715088,21.836082458496,-0.035477067802,-0.035477067802,,,0.730666623669,0.730666623669,-0.035477067802,0.121812876094,2.184456285549,5.0,54.0,,,13.0,13.0
2025-08-01 20:00:00,0,,0,,4.083873033524,4.083873033524,1.665342569351,5.749215602875,-0.24837128374,-0.24837128374,,,-0.458809367104,-0.458809367104,-0.24837128374,0.026041666667,0.846919753611,1.0,17.0,,,4.0,4.0
2025-08-02 00:00:00,0,4.0,0,5.0,10.006194412708,10.006194412708,2.525070548058,12.531264960766,0.307200056722,0.307200056722,-0.465297588275,-0.465297588275,0.045405153501,0.045405153501,0.307200056722,0.068875227687,2.33386206131,2.0,31.0,296969.0,60.0,7.0,7.0
2025-08-02 04:00:00,1,,1,,6.868869185448,6.868869185448,0.987338840961,7.856208026409,-0.123110087425,-0.123110087425,,,-0.407440942376,-0.407440942376,-0.123110087425,0.350311064597,1.527515427527,5.0,23.0,,,7.0,5.0
2025-08-02 08:00:00,3,,1,,5.808645069599,5.808645069599,3.323382854462,9.132027924061,0.014522378562,0.014522378562,,,-0.227946289066,-0.227946289066,0.014522378562,0.086499543021,1.977453694658,2.0,28.0,,,15.0,10.0
2025-08-02 12:00:00,0,,0,,6.328674256802,6.328674256802,2.596990466118,8.925664722919,-0.00996397779,-0.00996397779,,,-0.371987512858,-0.371987512858,-0.00996397779,0.030193236715,1.503240213167,1.0,29.0,,,8.0,6.0
2025-08-02 16:00:00,0,,0,,4.882218241692,4.882218241692,3.017470061779,7.899688303471,0.055739029323,0.055739029323,,,-0.354932615917,-0.354932615917,0.055739029323,0.024801587302,1.702637776021,1.0,33.0,,,9.0,9.0
2025-08-02 20:00:00,0,,0,,3.592826783657,3.592826783657,3.287038743496,6.879865527153,-0.091669639416,-0.091669639416,,,-0.491274626481,-0.491274626481,-0.091669639416,0.054824561404,1.679308195447,1.0,25.0,,,8.0,8.0
2025-08-03 00:00:00,1,1.0,1,6.0,4.401035666466,4.401035666466,0.715629756451,5.116665422916,-0.057287938237,-0.057287938237,-0.669042024506,-0.669042024506,-0.325975665202,-0.325975665202,-0.057287938237,0.152777777778,1.377211059265,2.0,16.0,297304.0,38.0,5.0,4.0
2025-08-03 04:00:00,0,,0,,8.277636647224,8.277636647224,0.940387368202,9.218024015427,0.028672863847,0.028672863847,,,-0.191507141581,-0.191507141581,0.028672863847,0.106596165365,1.362425206138,3.0,21.0,,,6.0,6.0
2025-08-03 08:00:00,0,,0,,8.201246798038,8.201246798038,2.361151993275,10.562398791313,0.096584561035,0.096584561035,,,0.387294984561,0.387294984561,0.096584561035,0.023946360153,1.970155576807,1.0,29.0,,,8.0,8.0
2025-08-03 12:00:00,0,,0,,13.9190325737,13.9190325737,1.577101826668,15.496134400368,0.011769792719,0.011769792719,,,0.859719535972,0.859719535972,0.011769792719,0.041329609656,2.026456120082,2.0,40.0,,,12.0,12.0
2025-08-03 16:00:00,0,,0,,5.028140306473,5.028140306473,3.725259006023,8.753399312496,-0.323762500976,-0.323762500976,,,-0.565310966076,-0.565310966076,-0.323762500976,0.030637254902,1.327802413138,1.0,30.0,,,4.0,4.0
2025-08-03 20:00:00,0,,0,,1.848342657089,1.848342657089,1.478559553623,3.326902210712,0.114211653069,0.114211653069,,,-0.629831416053,-0.629831416053,0.114211653069,0.0,1.144638141057,0.0,19.0,,,4.0,4.0
2025-08-04 00:00:00,3,3.0,1,7.0,6.753885030746,6.753885030746,0.0,6.753885030746,0.18214313512,0.18214313512,-0.416800169514,-0.416800169514,-0.395504903077,-0.395504903077,0.18214313512,0.103669675478,1.258803376726,3.0,22.0,297580.0,78.0,5.0,5.0
2025-08-04 04:00:00,0,,0,,6.653007268906,6.653007268906,1.642173111439,8.295180380344,-0.133940473607,-0.133940473607,,,-0.279585426464,-0.279585426464,-0.133940473607,0.03608810674,1.150950843241,2.0,20.0,,,7.0,7.0
2025-08-04 08:00:00,0,,0,,7.646200835705,7.646200835705,1.512970149517,9.159170985222,0.085155476476,0.085155476476,,,-0.160639835107,-0.160639835107,0.085155476476,0.024509803922,1.339072940616,1.0,31.0,,,6.0,6.0
2025-08-04 12:00:00,0,,0,,9.726152122021,9.726152122021,4.78644990921,14.512602031231,0.105757532341,0.105757532341,,,1.170480280147,1.170480280147,0.105757532341,0.011574074074,1.791085128541,1.0,51.0,,,18.0,18.0
2025-08-04 16:00:00,0,,0,,11.537983596325,11.537983596325,3.189057171345,14.72704076767,0.036950798283,0.036950798283,,,1.781756915517,1.781756915517,0.036950798283,0.023674242424,1.536803156299,1.0,44.0,,,19.0,19.0
2025-08-04 20:00:00,0,,0,,10.625647127628,10.625647127628,3.03657078743,13.662217915058,-0.092055142407,-0.092055142407,,,0.635647315777,0.635647315777,-0.092055142407,0.021258503401,1.757228210903,1.0,36.0,,,14.0,14.0
2025-08-05 00:00:00,0,10.0,0,7.0,3.450094103813,3.450094103813,1.584450006485,5.034544110298,-0.137527291891,-0.137527291891,-0.707850025214,-0.707850025214,-0.408570670902,-0.408570670902,-0.137527291891,0.069581776899,1.388469336811,2.0,18.0,298134.0,67.0,6.0,6.0
2025-08-05 04:00:00,0,,0,,1.616353392601,1.616353392601,3.200098872185,4.816452264786,0.194424808902,0.194424808902,,,-0.087808310974,-0.087808310974,0.194424808902,0.146441505707,1.244985265428,4.0,24.0,,,10.0,10.0
2025-08-05 08:00:00,0,,0,,6.990475535393,6.990475535393,1.549361884594,8.539837419987,-0.143786997758,-0.143786997758,,,-0.099785121835,-0.099785121835,-0.143786997758,0.012112403101,1.324548610533,1.0,29.0,,,10.0,10.0
2025-08-05 12:00:00,0,,0,,10.670781373978,10.670781373978,1.628558576107,12.299339950085,0.101886899216,0.101886899216,,,0.868959519493,0.868959519493,0.101886899216,0.039686139332,1.5226213544,2.0,45.0,,,16.0,16.0
2025-08-05 16:00:00,8,,1,,5.296909570694,5.296909570694,4.652181565762,9.949091136456,-0.006885173651,-0.006885173651,,,-0.085173009856,-0.085173009856,-0.006885173651,0.020627062706,1.869437709788,1.0,47.0,,,16.0,16.0
2025-08-05 20:00:00,2,,1,,3.10133099556,3.10133099556,1.674825549126,4.776156544685,-0.126511791057,-0.126511791057,,,-0.33842446047,-0.33842446047,-0.126511791057,0.030637254902,1.122925048725,1.0,25.0,,,9.0,9.0
2025-08-06 00:00:00,3,3.0,1,7.0,3.121425449848,3.121425449848,4.376875936985,7.498301386833,0.040688344913,0.040688344913,-0.571420945043,-0.571420945043,-0.523166672439,-0.523166672439,0.040688344913,0.11351780718,1.409929829767,3.0,23.0,298491.0,57.0,4.0,4.0
2025-08-06 04:00:00,0,,0,,11.486463487148,11.486463487148,1.493140518665,12.979604005814,0.182115414013,0.182115414013,,,0.117412090594,0.117412090594,0.182115414013,0.135711175657,2.108033178806,5.0,39.0,,,7.0,7.0
2025-08-06 08:00:00,0,,0,,4.040552079678,4.040552079678,3.196919620037,7.237471699715,-0.087491984712,-0.087491984712,,,-0.153413039989,-0.153413039989,-0.087491984712,0.0,1.107561770752,0.0,25.0,,,11.0,11.0
2025-08-06 12:00:00,0,,0,,15.088050782681,15.088050782681,0.779090881348,15.867141664028,0.250932200767,0.250932200767,,,1.050122506557,1.050122506557,0.250932200767,0.061994238824,1.196575696683,3.0,44.0,,,15.0,17.0
2025-08-06 16:00:00,0,,0,,10.62816131115,10.62816131115,2.525860667229,13.154021978378,-0.116945919358,-0.116945919358,,,0.215312591623,0.215312591623,-0.116945919358,0.0,0.876160399411,0.0,32.0,,,11.0,11.0
2025-08-06 20:00:00,0,,0,,7.582815647125,7.582815647125,1.565264225006,9.148079872131,-0.074440914559,-0.074440914559,,,-0.303554425225,-0.303554425225,-0.074440914559,0.0,1.357835534659,0.0,29.0,,,10.0,10.0
2025-08-07 00:00:00,0,0.0,0,6.0,4.967201590538,4.967201590538,0.0,4.967201590538,-0.058085310833,-0.058085310833,-0.57524891869,-0.57524891869,-0.612636737353,-0.612636737353,-0.058085310833,0.059657671164,0.958130057504,2.0,18.0,299172.0,66.0,4.0,4.0
2025-08-07 04:00:00,0,,0,,7.48613524437,7.48613524437,2.422538757324,9.908674001694,0.209878644957,0.209878644957,,,0.096474266574,0.096474266574,0.209878644957,0.110450498749,1.251894157514,4.0,29.0,,,12.0,12.0
2025-08-07 08:00:00,0,,0,,11.176590025425,11.176590025425,3.904279887676,15.080869913101,-0.057510036005,-0.057510036005,,,0.219283681172,0.219283681172,-0.057510036005,0.017507002801,1.20419089262,1.0,34.0,,,8.0,8.0
2025-08-07 12:00:00,0,,0,,7.02314800024,7.02314800024,5.092015743256,12.115163743496,0.016801956849,0.016801956849,,,0.204029337525,0.204029337525,0.016801956849,0.0,1.63873509761,0.0,54.0,,,17.0,17.0
2025-08-07 16:00:00,0,,0,,12.506118834019,12.506118834019,5.972425937653,18.478544771671,0.083832245022,0.083832245022,,,0.879764115527,0.879764115527,0.083832245022,0.0,1.696807437782,0.0,50.0,,,18.0,18.0
2025-08-07 20:00:00,0,,0,,1.792837917805,1.792837917805,3.676141500473,5.468979418278,-0.272531475804,-0.272531475804,,,-0.752139524982,-0.752139524982,-0.272531475804,0.0,1.110302814845,0.0,29.0,,,7.0,7.0
2025-08-08 00:00:00,0,0.0,0,5.0,5.449074566364,5.449074566364,1.717823684216,7.16689825058,0.048070756459,0.048070756459,-0.573884883217,-0.573884883217,-0.541639342384,-0.541639342384,0.048070756459,0.208871745518,1.094713288595,5.0,23.0,299572.0,59.0,6.0,6.0
2025-08-08 04:00:00,0,,0,,7.586304724216,7.586304724216,0.821274995804,8.40757972002,-0.005038016781,-0.005038016781,,,-0.290682287925,-0.290682287925,-0.005038016781,0.038580246914,1.309742233333,1.0,23.0,,,7.0,7.0
2025-08-08 08:00:00,0,,0,,16.651868224144,16.651868224144,0.0,16.651868224144,0.185759101979,0.185759101979,,,0.777313746168,0.777313746168,0.185759101979,0.0,1.379550329972,0.0,35.0,,,10.0,10.0
2025-08-08 12:00:00,0,,0,,9.099754154682,9.099754154682,2.990676224232,12.090430378914,-0.075402962951,-0.075402962951,,,0.051756129885,0.051756129885,-0.075402962951,0.076829482452,1.034114443188,4.0,41.0,,,11.0,11.0
2025-08-08 16:00:00,0,,0,,5.522765517235,5.522765517235,4.988019824028,10.510785341263,-0.110945096937,-0.110945096937,,,-0.331489818659,-0.331489818659,-0.110945096937,0.0,1.220612350289,0.0,42.0,,,14.0,14.0
2025-08-08 20:00:00,0,,0,,5.737082183361,5.737082183361,6.614451467991,12.351533651352,0.026076006058,0.026076006058,,,-0.213541091576,-0.213541091576,0.026076006058,0.0,1.326757157621,0.0,33.0,,,12.0,12.0
2025-08-09 00:00:00,0,1.0,0,5.0,1.4054453969,1.4054453969,3.410868167877,4.816313564777,-0.066289071432,-0.066289071432,-0.692816146635,-0.692816146635,-0.72426548481,-0.72426548481,-0.066289071432,0.088289411206,0.965086419,3.0,22.0,300138.0,48.0,4.0,4.0
2025-08-09 04:00:00,0,,0,,8.611189067364,8.611189067364,0.0,8.611189067364,0.236718817633,0.236718817633,,,-0.264714262496,-0.264714262496,0.236718817633,0.10743379884,1.038806526532,4.0,24.0,,,5.0,5.0
2025-08-09 08:00:00,1,,1,,7.122886180878,7.122886180878,3.165614426136,10.288500607014,-0.024053366408,-0.024053366408,,,-0.115757717206,-0.115757717206,-0.024053366408,0.116087616088,1.349817390473,4.0,36.0,,,7.0,7.0
2025-08-09 12:00:00,0,,0,,12.320573210716,12.320573210716,0.710289120674,13.03086233139,0.054864051389,0.054864051389,,,0.080972289414,0.080972289414,0.054864051389,0.022893772894,1.295023683884,1.0,36.0,,,8.0,8.0
2025-08-09 16:00:00,0,,0,,10.589764535427,10.589764535427,2.497744500637,13.087509036064,-0.016454145107,-0.016454145107,,,0.938339326141,0.938339326141,-0.016454145107,0.0,1.267129360435,0.0,42.0,,,16.0,16.0
2025-08-09 20:00:00,0,,0,,3.124095380306,3.124095380306,3.930771052837,7.054866433144,-0.029103263829,-0.029103263829,,,-0.365745485242,-0.365745485242,-0.029103263829,0.034153005464,1.40600139477,1.0,31.0,,,8.0,8.0
2025-08-10 00:00:00,0,2.0,0,4.0,5.807413220406,5.807413220406,0.796987533569,6.604400753975,0.022729550345,0.022729550345,-0.349500562782,-0.349500562782,-0.215813203577,-0.215813203577,0.022729550345,0.118249054008,1.020112618139,3.0,18.0,300523.0,74.0,5.0,5.0
2025-08-10 04:00:00,0,,0,,7.381512105465,7.381512105465,0.739874899387,8.121387004852,-0.005069573715,-0.005069573715,,,-0.339692623377,-0.339692623377,-0.005069573715,0.0,0.979205120302,0.0,17.0,,,6.0,6.0
2025-08-10 08:00:00,2,,1,,4.409866452217,4.409866452217,6.334645211697,10.744511663914,-0.087088295299,-0.087088295299,,,-0.320639523354,-0.320639523354,-0.087088295299,0.054154829545,2.035934859765,2.0,38.0,,,5.0,5.0
2025-08-10 12:00:00,0,,0,,13.393683135509,13.393683135509,1.538379490376,14.932062625885,0.017567337937,0.017567337937,,,0.758746799376,0.758746799376,0.017567337937,0.11992243315,1.896655391625,6.0,50.0,,,16.0,17.0
2025-08-10 16:00:00,0,,0,,19.48018270731,19.48018270731,3.875931859016,23.356114566326,0.434393192861,0.434393192861,,,2.665380958804,2.665380958804,0.434393192861,0.086805555556,2.291740661248,2.0,59.0,,,31.0,31.0
2025-08-10 20:00:00,0,,0,,8.101992487907,8.101992487907,3.78964728117,11.891639769077,-0.202393534306,-0.202393534306,,,-0.241569715642,-0.241569715642,-0.202393534306,0.0,1.692997933152,0.0,37.0,,,11.0,11.0
2025-08-11 00:00:00,0,3.0,0,4.0,10.934267163277,10.934267163277,1.489641070366,12.423908233643,0.038294072055,0.038294072055,-0.178424824534,-0.178424824534,-0.209486274942,-0.209486274942,0.038294072055,0.118515817994,1.064738099452,4.0,27.0,300915.0,70.0,5.0,5.0
2025-08-11 04:00:00,0,,0,,10.928760111332,10.928760111332,3.278618216515,14.207378327847,-0.048312870782,-0.048312870782,,,0.182110106107,0.182110106107,-0.048312870782,0.14006053185,1.532268505583,6.0,37.0,,,10.0,10.0
2025-08-11 08:00:00,0,,0,,17.10347366333,17.10347366333,5.549851119518,22.653324782848,0.239345044931,0.239345044931,,,0.444464578294,0.444464578294,0.239345044931,0.029342723005,2.03821241479,1.0,58.0,,,14.0,14.0
2025-08-11 12:00:00,3,,1,,20.609545648098,20.609545648098,4.530652284622,25.14019793272,-0.06043977928,-0.06043977928,,,1.052377806348,1.052377806348,-0.06043977928,0.027634297521,1.8706112211,2.0,61.0,,,21.0,21.0
2025-08-11 16:00:00,0,,0,,13.133543848991,13.133543848991,5.117271661758,18.25081551075,-0.066167024001,-0.066167024001,,,0.014199149673,0.014199149673,-0.066167024001,0.0,1.544372391481,0.0,51.0,,,13.0,13.0
2025-08-11 20:00:00,0,,0,,5.06816381216,5.06816381216,2.45499330759,7.523157119751,-0.253278131384,-0.253278131384,,,-0.519701631421,-0.519701631421,-0.253278131384,0.057955662,1.119859793011,2.0,31.0,,,11.0,11.0
2025-08-12 00:00:00,0,5.0,0,4.0,12.277398765087,12.277398765087,3.128803908825,15.406202673912,0.334982268347,0.334982268347,-0.315753295933,-0.315753295933,0.012460455635,0.012460455635,0.334982268347,0.167440050351,1.801710066377,5.0,40.0,301384.0,72.0,13.0,15.0
2025-08-12 04:00:00,1,,1,,5.196208775043,5.196208775043,2.334412634373,7.530621409416,-0.142510800952,-0.142510800952,,,-0.529209512136,-0.529209512136,-0.142510800952,0.060329861111,0.759250078608,2.0,18.0,,,4.0,4.0
2025-08-12 08:00:00,1,,1,,5.843432664871,5.843432664871,3.567859232426,9.411291897297,0.149554390248,0.149554390248,,,-0.403571958083,-0.403571958083,0.149554390248,0.050326135852,1.169853826982,2.0,28.0,,,11.0,11.0
2025-08-12 12:00:00,0,,0,,17.60867112875,17.60867112875,2.905276417732,20.513947546482,0.06564556443,0.06564556443,,,0.631356822239,0.631356822239,0.06564556443,0.090865541372,1.251786766934,5.0,55.0,,,21.0,21.0
2025-08-12 16:00:00,3,,1,,7.993851184845,7.993851184845,3.937854170799,11.931705355644,-0.123029147939,-0.123029147939,,,-0.391196320864,-0.391196320864,-0.123029147939,0.019470404984,1.124581078033,1.0,43.0,,,10.0,10.0
2025-08-12 20:00:00,0,,0,,13.445983290672,13.445983290672,3.049814522266,16.495797812939,0.043066761615,0.043066761615,,,-0.198884773129,-0.198884773129,0.043066761615,0.1072471705,1.070321773631,2.0,41.0,,,13.0,13.0
2025-08-13 00:00:00,0,1.0,0,5.0,10.812864601612,10.812864601612,2.56513607502,13.378000676632,0.120290763459,0.120290763459,-0.018015254573,-0.018015254573,-0.202890536624,-0.202890536624,0.120290763459,0.081209395302,1.209991217115,2.0,28.0,301682.0,85.0,10.0,11.0
2025-08-13 04:00:00,0,,0,,5.529741108418,5.529741108418,3.313486039639,8.843227148056,-0.205608817081,-0.205608817081,,,-0.646341917984,-0.646341917984,-0.205608817081,0.114060294414,0.977426110031,5.0,31.0,,,2.0,3.0
2025-08-13 08:00:00,0,,0,,19.838261187077,19.838261187077,1.708454787731,21.546715974808,0.261842637004,0.261842637004,,,1.059771555147,1.059771555147,0.261842637004,0.018939393939,1.394718395827,1.0,51.0,,,17.0,17.0
2025-08-13 12:00:00,0,,0,,14.117246747017,14.117246747017,3.146568596363,17.26381534338,-0.106421121542,-0.106421121542,,,0.411095385679,0.411095385679,-0.106421121542,0.037904312668,1.233504831397,2.0,49.0,,,17.0,17.0
2025-08-13 16:00:00,1,,1,,8.441102087498,8.441102087498,5.185962855816,13.627064943314,-0.071034927588,-0.071034927588,,,-0.189383161385,-0.189383161385,-0.071034927588,0.024801587302,1.187830778663,1.0,48.0,,,19.0,19.0
2025-08-13 20:00:00,0,,0,,17.99698972702,17.99698972702,0.814321041107,18.811310768127,0.095064486073,0.095064486073,,,0.925375387351,0.925375387351,0.095064486073,0.051016158587,1.436786633339,2.0,50.0,,,22.0,22.0
2025-08-14 00:00:00,0,0.0,0,5.0,9.166692912579,9.166692912579,4.137033700943,13.303726613522,-0.207096024815,-0.207096024815,-0.147777719024,-0.147777719024,-0.167683492727,-0.167683492727,-0.207096024815,0.018115942029,1.45336266853,1.0,40.0,301869.0,102.0,17.0,17.0
2025-08-14 04:00:00,0,,0,,8.905668497086,8.905668497086,0.856954216957,9.762622714043,-0.047199719798,-0.047199719798,,,-0.658095183613,-0.658095183613,-0.047199719798,0.0,0.9812693987,0.0,25.0,,,5.0,5.0
2025-08-14 08:00:00,0,,0,,13.081849813461,13.081849813461,2.317552626133,15.399402439594,0.21118118899,0.21118118899,,,0.12407108142,0.12407108142,0.21118118899,0.081352574986,1.31529516378,3.0,40.0,,,13.0,15.0
2025-08-14 12:00:00,0,,0,,11.672818005085,11.672818005085,11.270675063133,22.943493068218,-0.016423619853,-0.016423619853,,,0.360186422302,0.360186422302,-0.016423619853,0.161782506116,1.66263400283,12.0,79.0,,,29.0,29.0
2025-08-14 16:00:00,0,,0,,4.926423728466,4.926423728466,5.060896992683,9.987320721149,-0.086065454608,-0.086065454608,,,-0.29995180764,-0.29995180764,-0.086065454608,0.0,1.225166762171,0.0,41.0,,,21.0,21.0
2025-08-14 20:00:00,0,,0,,8.249497890472,8.249497890472,4.20642131567,12.455919206142,0.20916503889,0.20916503889,,,0.205644629943,0.205644629943,0.20916503889,0.043799927378,1.491586264553,2.0,42.0,,,19.0,19.0
2025-08-15 00:00:00,0,4.0,0,5.0,11.259030461311,11.259030461311,0.901084959507,12.160115420818,0.002542787165,0.002542787165,0.069398192744,0.069398192744,0.309907743299,0.309907743299,0.002542787165,0.134408602151,1.854519061364,2.0,36.0,302259.0,95.0,16.0,16.0
2025-08-15 04:00:00,1,,1,,10.500801861286,10.500801861286,3.310183405876,13.810985267162,0.018956212812,0.018956212812,,,-0.081821986985,-0.081821986985,0.018956212812,0.168551996119,2.006458603614,5.0,40.0,,,17.0,17.0
2025-08-15 08:00:00,0,,0,,15.451806724072,15.451806724072,1.453727066517,16.905533790588,0.063304872987,0.063304872987,,,0.915960388964,0.915960388964,0.063304872987,0.017655367232,1.320915139607,1.0,42.0,,,22.0,22.0
2025-08-15 12:00:00,0,,0,,21.758819639683,21.758819639683,2.294097602367,24.05291724205,0.084630061346,0.084630061346,,,0.594778997453,0.594778997453,0.084630061346,0.033824906367,1.611296315806,2.0,61.0,,,17.0,17.0
2025-08-15 16:00:00,2,,1,,7.052982509136,7.052982509136,7.610206007957,14.663188517094,-0.12507380927,-0.12507380927,,,-0.415877528003,-0.415877528003,-0.12507380927,0.071764019682,1.388558874123,4.0,45.0,,,18.0,18.0
2025-08-15 20:00:00,1,,1,,10.50094383955,10.50094383955,0.0,10.50094383955,-0.132598746753,-0.132598746753,,,-0.61610346354,-0.61610346354,-0.132598746753,0.03591954023,1.215860793118,1.0,29.0,,,6.0,6.0
2025-08-16 00:00:00,0,0.0,0,7.0,6.191159904003,6.191159904003,1.66600716114,7.857167065144,-0.225694279233,-0.225694279233,-0.590167675651,-0.590167675651,-0.698523229032,-0.698523229032,-0.225694279233,0.094745908699,1.691162923874,2.0,29.0,302955.0,56.0,6.0,6.0
2025-08-16 04:00:00,0,,0,,3.061074435711,3.061074435711,0.832255601883,3.893330037594,0.093360224951,0.093360224951,,,-0.760345384788,-0.760345384788,0.093360224951,0.026041666667,0.901289595042,1.0,18.0,,,3.0,3.0
2025-08-16 08:00:00,0,,0,,12.739658296108,12.739658296108,1.939697861671,14.67935615778,0.404600558305,0.404600558305,,,-0.209911581955,-0.209911581955,0.404600558305,0.0,1.575373034478,0.0,43.0,,,11.0,11.0
2025-08-16 12:00:00,0,,0,,9.080910861492,9.080910861492,2.924067318439,12.004978179932,-0.116220697745,-0.116220697745,,,-0.37768393548,-0.37768393548,-0.116220697745,0.045010288066,1.568721373344,2.0,44.0,,,12.0,12.0
2025-08-16 16:00:00,0,,0,,9.017128586769,9.017128586769,1.509630560875,10.526759147644,0.045881900399,0.045881900399,,,-0.263385564432,-0.263385564432,0.045881900399,0.019470404984,1.073777306676,1.0,28.0,,,12.0,12.0
2025-08-16 20:00:00,0,,0,,9.142615735531,9.142615735531,0.941369652748,10.083985388279,0.033982845848,0.033982845848,,,-0.180275429549,-0.180275429549,0.033982845848,0.092474036136,1.439326458646,2.0,28.0,,,9.0,9.0
2025-08-17 00:00:00,0,0.0,0,7.0,6.513208329678,6.513208329678,2.272425711155,8.785634040833,-0.078898924096,-0.078898924096,-0.374856813912,-0.374856813912,-0.525011265026,-0.525011265026,-0.078898924096,0.028935185185,1.42457981966,1.0,26.0,303222.0,93.0,13.0,11.0
2025-08-17 04:00:00,0,,0,,6.086123347282,6.086123347282,1.694766819477,7.780890166759,-0.182483818842,-0.182483818842,,,-0.473480887664,-0.473480887664,-0.182483818842,0.0,1.265042171346,0.0,28.0,,,8.0,6.0
2025-08-17 08:00:00,0,,0,,5.683839440346,5.683839440346,1.59316021204,7.276999652386,0.082755901653,0.082755901653,,,-0.39852194391,-0.39852194391,0.082755901653,0.016534391534,1.086162739216,1.0,27.0,,,14.0,9.0
2025-08-17 12:00:00,0,,0,,5.168079197407,5.168079197407,3.368481516838,9.281430721283,0.032104853123,0.032104853123,,,-0.503514139875,-0.503514139875,0.032104853123,0.0,1.192143681483,1.0,36.0,,,10.0,8.0
2025-08-17 16:00:00,0,,0,,14.801628828049,14.801628828049,2.367932736874,17.169561564922,0.264199589017,0.264199589017,,,0.27180205225,0.27180205225,0.264199589017,0.08918950524,1.675639063911,4.0,47.0,,,20.0,19.0
2025-08-17 20:00:00,0,,0,,6.803521871567,6.803521871567,1.562376141548,8.365898013115,-0.162152573628,-0.162152573628,,,-0.207460224237,-0.207460224237,-0.162152573628,0.079464738711,0.980670043324,3.0,25.0,,,12.0,12.0
2025-08-18 00:00:00,0,1.0,0,6.0,4.783495604992,4.783495604992,3.137534916401,7.921030521393,-0.136574789536,-0.136574789536,1.477699410821,1.477699410821,-0.561933650863,-0.561933650863,-0.136574789536,0.034722222222,1.246312098094,1.0,28.0,303457.0,269.0,16.0,8.0
2025-08-18 04:00:00,0,,0,,10.055591762066,10.055591762066,2.405755102634,12.4613468647,0.083884075655,0.083884075655,,,-0.046298930847,-0.046298930847,0.083884075655,0.21256707645,1.261720016582,6.0,28.0,,,10.0,8.0
2025-08-18 08:00:00,0,,0,,5.770635187626,5.770635187626,4.757889151573,10.528524339199,0.011914650905,0.011914650905,,,-0.053284967114,-0.053284967114,0.011914650905,0.037015199161,1.103417944977,2.0,38.0,,,21.0,10.0
2025-08-18 12:00:00,0,,0,,15.340573549271,15.340573549271,4.812010526657,20.152584075928,0.249805229245,0.249805229245,,,0.993119386149,0.993119386149,0.249805229245,0.029290654291,1.558570478556,2.0,56.0,,,36.0,28.0
2025-08-18 16:00:00,1,,1,,19.876437485218,19.876437485218,4.045021116734,23.921458601952,0.02717258592,0.02717258592,,,1.180336183107,1.180336183107,0.02717258592,0.018768768769,1.83615583845,1.0,63.0,,,29.0,27.0
2025-08-18 20:00:00,0,,0,,7.207642912865,7.207642912865,2.418622255325,9.62626516819,-0.107613153451,-0.107613153451,,,-0.240401472831,-0.240401472831,-0.107613153451,0.072616185897,1.374728889551,2.0,38.0,,,14.0,14.0
2025-08-19 00:00:00,0,0.0,0,6.0,5.156610488892,5.156610488892,3.3482837677,8.504894256592,-0.179030550265,-0.179030550265,0.605145143518,0.605145143518,-0.409758789779,-0.409758789779,-0.179030550265,0.048765350002,1.542272509162,2.0,32.0,304006.0,149.0,14.0,11.0
2025-08-19 04:00:00,0,,0,,13.773281335831,13.773281335831,0.0,13.773281335831,0.146520329499,0.146520329499,,,-0.091228569322,-0.091228569322,0.146520329499,0.0,1.234685716532,0.0,32.0,,,15.0,11.0
2025-08-19 08:00:00,0,,0,,13.37476426363,13.37476426363,2.383909225464,15.758673489094,0.010273909693,0.010273909693,,,0.035434628795,0.035434628795,0.010273909693,0.097421397595,1.140456520274,4.0,37.0,,,18.0,16.0
2025-08-19 12:00:00,0,,0,,16.154602348804,16.154602348804,1.649714887142,17.804317235947,0.148991008979,0.148991008979,,,0.678576414166,0.678576414166,0.148991008979,0.034424724602,1.44190539664,2.0,59.0,,,30.0,26.0
2025-08-19 16:00:00,0,,0,,17.011736214161,17.011736214161,3.978209376335,20.989945590496,-0.01983028217,-0.01983028217,,,0.712791029716,0.712791029716,-0.01983028217,0.127931938873,1.989231021296,5.0,64.0,,,29.0,29.0
2025-08-19 20:00:00,0,,0,,8.930021703243,8.930021703243,3.330070257187,12.26009196043,-0.326577005131,-0.326577005131,,,-0.301341206443,-0.301341206443,-0.326577005131,0.060429344151,1.465075100729,2.0,39.0,,,14.0,14.0
2025-08-20 00:00:00,0,0.0,0,5.0,5.596598625183,5.596598625183,0.0,5.596598625183,-0.022806730791,-0.022806730791,0.256771811858,0.256771811858,-0.60096729222,-0.60096729222,-0.022806730791,0.070697549152,1.362395523067,2.0,26.0,304266.0,115.0,6.0,6.0
2025-08-20 04:00:00,0,,0,,12.746178030968,12.746178030968,3.295870125294,16.042048156261,0.150946226588,0.150946226588,,,-0.119337332865,-0.119337332865,0.150946226588,0.069444444444,1.760541096217,1.0,38.0,,,14.0,14.0
2025-08-20 08:00:00,0,,0,,16.093867063522,16.093867063522,1.603167593479,17.697034657001,0.07144678668,0.07144678668,,,0.61344832807,0.61344832807,0.07144678668,0.037214247741,1.860341725694,2.0,52.0,,,28.0,28.0
2025-08-20 12:00:00,0,,0,,20.4902805686,20.4902805686,1.558158993721,22.048439562321,-0.099597818983,-0.099597818983,,,0.596670675146,0.596670675146,-0.099597818983,0.160270672839,1.633530762303,7.0,61.0,,,25.0,25.0
2025-08-20 16:00:00,0,,0,,12.919858038425,12.919858038425,3.933437407017,16.853295445442,-0.034032571621,-0.034032571621,,,-0.377410653048,-0.377410653048,-0.034032571621,0.097004254193,1.343364428975,3.0,41.0,,,13.0,13.0
2025-08-20 20:00:00,0,,0,,8.445189237595,8.445189237595,2.70190179348,11.147091031075,-0.029312184772,-0.029312184772,,,-0.364520924281,-0.364520924281,-0.029312184772,0.0,1.670794239403,0.0,34.0,,,15.0,15.0
2025-08-21 00:00:00,0,0.0,0,4.0,5.151803910732,5.151803910732,3.432266414165,8.584070324898,-0.079919114983,-0.079919114983,-0.16628285645,-0.16628285645,-0.592891518466,-0.592891518466,-0.079919114983,0.202980188483,1.414249566687,3.0,29.0,304670.0,97.0,14.0,13.0
2025-08-21 04:00:00,0,,0,,12.779481291771,12.779481291771,2.491293907166,15.270775198936,-0.068310242135,-0.068310242135,,,-0.471588801921,-0.471588801921,-0.068310242135,0.05081300813,1.311543775802,1.0,31.0,,,10.0,10.0
2025-08-21 08:00:00,0,,0,,18.893653213978,18.893653213978,0.0,18.893653213978,0.21071437516,0.21071437516,,,0.376282076221,0.376282076221,0.21071437516,0.045289855072,1.750861757983,1.0,46.0,,,17.0,17.0
2025-08-21 12:00:00,0,,0,,9.711769461632,9.711769461632,4.053316056728,13.76508551836,-0.122987151319,-0.122987151319,,,-0.352869224142,-0.352869224142,-0.122987151319,0.029761904762,1.373139716905,1.0,49.0,,,21.0,22.0
2025-08-21 16:00:00,0,,0,,7.787997126579,7.787997126579,0.810702979565,8.598700106144,-0.034526220659,-0.034526220659,,,-0.289744931421,-0.289744931421,-0.034526220659,0.033038175161,1.509679418939,2.0,44.0,,,21.0,21.0
2025-08-21 20:00:00,0,,0,,7.078061163425,7.078061163425,2.56836181879,9.646422982216,0.005226874602,0.005226874602,,,-0.727548918296,-0.727548918296,0.005226874602,0.129145707284,1.633584409013,4.0,35.0,,,10.0,10.0
2025-08-22 00:00:00,0,1.0,0,4.0,10.533241629601,10.533241629601,3.337269902229,13.87051153183,0.273522033124,0.273522033124,0.208785131773,0.208785131773,-0.235274148307,-0.235274148307,0.273522033124,0.087571808883,1.56597360658,2.0,31.0,305286.0,129.0,15.0,18.0
2025-08-22 04:00:00,0,,0,,8.515555918217,8.515555918217,3.643718600273,12.15927451849,-0.28914296214,-0.28914296214,,,-0.538957498043,-0.538957498043,-0.28914296214,0.054559396013,2.01005784408,2.0,39.0,,,14.0,12.0
2025-08-22 08:00:00,0,,0,,13.423794031143,13.423794031143,0.72052025795,14.144314289093,-0.093699970605,-0.093699970605,,,-0.235056383448,-0.235056383448,-0.093699970605,0.042517006803,1.216203982521,1.0,36.0,,,13.0,12.0
2025-08-22 12:00:00,1,,1,,9.29396790266,9.29396790266,4.893227577209,14.18719547987,0.270847701401,0.270847701401,,,0.185596957975,0.185596957975,0.270847701401,0.099643024279,1.530608115557,6.0,58.0,,,28.0,26.0
2025-08-22 16:00:00,0,,0,,14.601165652275,14.601165652275,4.965554952621,19.566720604897,0.007730546904,0.007730546904,,,0.603446036477,0.603446036477,0.007730546904,0.011770244821,1.419886301361,1.0,53.0,,,33.0,25.0
2025-08-22 20:00:00,0,,0,,10.433194100857,10.433194100857,2.666916906834,13.10011100769,-0.118252563133,-0.118252563133,,,-0.172117697952,-0.172117697952,-0.118252563133,0.022893772894,1.411843915366,1.0,40.0,,,15.0,15.0
2025-08-23 00:00:00,0,1.0,0,2.0,5.07124298811,5.07124298811,3.123563289642,8.194806277752,-0.230977762819,-0.230977762819,-0.20425930574,-0.20425930574,-0.835038590312,-0.835038590312,-0.230977762819,0.0,1.553845446414,0.0,27.0,305799.0,96.0,5.0,5.0
2025-08-23 04:00:00,0,,0,,13.054504334927,13.054504334927,0.0,13.054504334927,0.157458397026,0.157458397026,,,-0.190658330421,-0.190658330421,0.157458397026,0.0,2.080980357513,0.0,36.0,,,12.0,10.0
2025-08-23 08:00:00,0,,0,,8.952358424664,8.952358424664,2.497083604336,11.449442028999,0.009844312399,0.009844312399,,,-0.215133169581,-0.215133169581,0.009844312399,0.019113149847,1.971349825905,1.0,42.0,,,14.0,12.0
2025-08-23 12:00:00,1,,1,,15.224885880947,15.224885880947,3.008154809475,18.233040690422,0.098192594823,0.098192594823,,,0.621404515154,0.621404515154,0.098192594823,0.176262654374,1.902358158812,6.0,51.0,,,22.0,22.0
2025-08-23 16:00:00,0,,0,,9.340081214905,9.340081214905,3.066992104053,12.407073318958,-0.117850099041,-0.117850099041,,,-0.315575982512,-0.315575982512,-0.117850099041,0.082846003899,1.728800408379,2.0,44.0,,,13.0,13.0
2025-08-23 20:00:00,0,,0,,9.184720039368,9.184720039368,0.859557390213,10.044277429581,0.056397715966,0.056397715966,,,-0.362618060425,-0.362618060425,0.056397715966,0.103660593792,1.280130635783,3.0,31.0,,,11.0,11.0
2025-08-24 00:00:00,0,0.0,0,3.0,4.833225369453,4.833225369453,2.328216612339,7.161441981792,-0.173727024502,-0.173727024502,-0.463487008436,-0.463487008436,-0.685280496136,-0.685280496136,-0.173727024502,0.056306306306,1.114247264356,1.0,19.0,306358.0,84.0,9.0,6.0
2025-08-24 04:00:00,0,,0,,12.572952270508,12.572952270508,1.629348874092,14.2023011446,0.20491640979,0.20491640979,,,-0.371307986355,-0.371307986355,0.20491640979,0.092304702682,1.579857982543,2.0,32.0,,,13.0,10.0
2025-08-24 08:00:00,0,,0,,5.466969847679,5.466969847679,4.035204708576,9.502174556255,0.026263780142,0.026263780142,,,-0.366963796429,-0.366963796429,0.026263780142,0.0,1.758341464711,0.0,37.0,,,18.0,16.0
2025-08-24 12:00:00,0,,0,,12.778985857964,12.778985857964,2.442540287971,15.221526145935,-0.060258849003,-0.060258849003,,,0.275564616043,0.275564616043,-0.060258849003,0.0124750499,1.94142451349,1.0,54.0,,,15.0,15.0
2025-08-24 16:00:00,0,,0,,9.020614385605,9.020614385605,2.933635532856,11.954249918461,0.002294209303,0.002294209303,,,-0.162345199026,-0.162345199026,0.002294209303,0.0,1.408481107402,0.0,53.0,,,20.0,20.0
2025-08-24 20:00:00,0,,0,,4.233121037483,4.233121037483,5.207156419754,9.440277457237,-0.129163152975,-0.129163152975,,,-0.586529172107,-0.586529172107,-0.129163152975,0.0,1.109969065973,0.0,35.0,,,7.0,7.0
2025-08-25 00:00:00,0,3.0,0,3.0,7.873168647289,7.873168647289,2.267842113972,10.141010761261,0.153572638782,0.153572638782,-0.028325057644,-0.028325057644,-0.366634367403,-0.366634367403,0.153572638782,0.080867223433,1.317314832975,3.0,30.0,306754.0,123.0,15.0,17.0
2025-08-25 04:00:00,0,,0,,10.482329487801,10.482329487801,2.324758827686,12.807088315487,0.111052987234,0.111052987234,,,0.415382425255,0.415382425255,0.111052987234,0.120309832923,1.691919925156,5.0,46.0,,,15.0,15.0
2025-08-25 08:00:00,0,,0,,10.875652015209,10.875652015209,5.732928454876,16.608580470085,0.082690248947,0.082690248947,,,0.64692053909,0.64692053909,0.082690248947,0.040760869565,1.745260568937,2.0,59.0,,,25.0,25.0
2025-08-25 12:00:00,0,,0,,15.178840041161,15.178840041161,6.354849994183,21.533690035343,-0.003925041659,-0.003925041659,,,1.108113894374,1.108113894374,-0.003925041659,0.128397240133,1.812111986504,7.0,66.0,,,25.0,26.0
2025-08-25 16:00:00,3,,2,,11.503728449345,11.503728449345,3.14353621006,14.647264659405,-0.101428232932,-0.101428232932,,,0.377400363708,0.377400363708,-0.101428232932,0.128470003299,1.364245646454,6.0,48.0,,,22.0,22.0
2025-08-25 20:00:00,0,,0,,1.747914731503,1.747914731503,5.821949481964,7.569864213467,-0.214938258025,-0.214938258025,,,-0.843254884972,-0.843254884972,-0.214938258025,0.062171094853,1.213629805218,2.0,37.0,,,16.0,16.0
2025-08-26 00:00:00,0,0.0,0,4.0,5.813457906246,5.813457906246,3.893994212151,9.707452118397,0.280587284112,0.280587284112,0.36507171121,0.36507171121,-0.582328578864,-0.582328578864,0.280587284112,0.237969486619,1.606248600139,6.0,33.0,307538.0,136.0,6.0,6.0
2025-08-26 04:00:00,0,,0,,8.431027770042,8.431027770042,2.286273300648,10.71730107069,0.040859000321,0.040859000321,,,-0.083071906974,-0.083071906974,0.040859000321,0.094797178131,1.394429284042,3.0,35.0,,,12.0,10.0
2025-08-26 08:00:00,0,,0,,19.446457087994,19.446457087994,3.941363215446,23.38782030344,0.144485654986,0.144485654986,,,1.33335980132,1.33335980132,0.144485654986,0.127883954525,2.046448605039,6.0,64.0,,,21.0,21.0
2025-08-26 12:00:00,0,,0,,12.746802091599,12.746802091599,7.359298348427,20.106100440025,-0.092770489148,-0.092770489148,,,0.694651577041,0.694651577041,-0.092770489148,0.040931889336,2.036163976029,2.0,80.0,,,27.0,27.0
2025-08-26 16:00:00,0,,0,,15.725257158279,15.725257158279,6.339203715324,22.064460873604,-0.1003582515,-0.1003582515,,,0.927604673269,0.927604673269,-0.1003582515,0.037110623915,2.062586299803,2.0,77.0,,,35.0,35.0
2025-08-26 20:00:00,0,,0,,10.318413615227,10.318413615227,8.006254732609,18.324668347836,0.127302531162,0.127302531162,,,0.688360757092,0.688360757092,0.127302531162,0.204412885319,2.305755462158,8.0,67.0,,,35.0,35.0
2025-08-27 00:00:00,4,9.0,1,4.0,11.284307062626,11.284307062626,3.227785408497,14.512092471123,0.030300056807,0.030300056807,1.032248599297,1.032248599297,0.208447660122,0.208447660122,0.030300056807,0.130206119676,2.056678580227,4.0,48.0,308326.0,149.0,21.0,21.0
2025-08-27 04:00:00,0,,0,,18.780509471893,18.780509471893,7.531668543816,26.312178015709,0.021236908643,0.021236908643,,,1.004534461701,1.004534461701,0.021236908643,0.312918225493,3.390988321903,10.0,91.0,,,31.0,34.0
2025-08-27 08:00:00,0,,0,,22.122425556183,22.122425556183,5.03474098444,27.157166540623,0.043182791421,0.043182791421,,,1.034296263274,1.034296263274,0.043182791421,0.101441786392,2.589708933565,3.0,77.0,,,28.0,28.0
2025-08-27 12:00:00,0,,0,,23.026240706444,23.026240706444,9.193759322166,32.22000002861,0.207350664536,0.207350664536,,,1.526434752344,1.526434752344,0.207350664536,0.122964289444,2.557500605679,5.0,98.0,,,36.0,36.0
2025-08-27 16:00:00,5,,1,,10.738646864891,10.738646864891,1.531883955002,12.270530819893,-0.296619135823,-0.296619135823,,,-0.432881073266,-0.432881073266,-0.296619135823,0.0,1.273546756059,0.0,47.0,,,18.0,18.0
2025-08-27 20:00:00,0,,0,,11.886247098446,11.886247098446,6.43189227581,18.318139374256,-0.174617017452,-0.174617017452,,,-0.127686585941,-0.127686585941,-0.174617017452,0.102274897562,2.091433532423,4.0,63.0,,,18.0,18.0
2025-08-28 00:00:00,0,2.0,0,5.0,5.61596596241,5.61596596241,1.705421984196,7.321387946606,0.024920791169,0.024920791169,-0.017259221715,-0.017259221715,-0.608081810688,-0.608081810688,0.024920791169,0.175968305412,1.297014168219,6.0,37.0,309721.0,114.0,12.0,12.0
2025-08-28 04:00:00,1,,1,,11.923087179661,11.923087179661,2.395563364029,14.31865054369,0.001699198762,0.001699198762,,,-0.32953009801,-0.32953009801,0.001699198762,0.158907718734,1.73827522622,5.0,51.0,,,17.0,18.0
2025-08-28 08:00:00,1,,1,,22.395098626614,22.395098626614,1.456182956696,23.851281583309,0.300114049962,0.300114049962,,,0.433749648792,0.433749648792,0.300114049962,0.079164970623,1.743694474647,4.0,62.0,,,25.0,25.0
2025-08-28 12:00:00,0,,0,,10.980304181576,10.980304181576,6.3876542449,17.367958426476,-0.196911333807,-0.196911333807,,,-0.236082756109,-0.236082756109,-0.196911333807,0.03511547857,1.487936368809,2.0,71.0,,,29.0,30.0
2025-08-28 16:00:00,0,,0,,6.582866847515,6.582866847515,8.034834325314,14.617701172829,0.023372349242,0.023372349242,,,-0.522560013006,-0.522560013006,0.023372349242,0.0,1.391469525398,0.0,54.0,,,18.0,18.0
2025-08-28 20:00:00,0,,0,,8.945859849453,8.945859849453,4.518430411816,13.464290261269,-0.055294061745,-0.055294061745,,,-0.588567680662,-0.588567680662,-0.055294061745,0.030193236715,1.398354253269,1.0,40.0,,,13.0,13.0
2025-08-29 00:00:00,0,4.0,0,7.0,3.34452009201,3.34452009201,2.357150256634,5.701670348644,-0.104800635184,-0.104800635184,-0.554855785752,-0.554855785752,-0.772074983121,-0.772074983121,-0.104800635184,0.033602150538,0.937858206587,1.0,20.0,310595.0,81.0,5.0,5.0
2025-08-29 04:00:00,0,,0,,4.832419157028,4.832419157028,5.657136499882,10.48955565691,0.138574734699,0.138574734699,,,-0.550087995347,-0.550087995347,0.138574734699,0.066717036194,1.504706597264,3.0,42.0,,,12.0,12.0
2025-08-29 08:00:00,0,,0,,12.694821894169,12.694821894169,1.900240421295,14.595062315464,0.003228362116,0.003228362116,,,-0.464453386052,-0.464453386052,0.003228362116,0.121570327196,1.173058257615,5.0,38.0,,,9.0,9.0
2025-08-29 12:00:00,0,,0,,10.379666566849,10.379666566849,5.550012767315,15.929679334164,-0.01406911858,-0.01406911858,,,-0.254935861411,-0.254935861411,-0.01406911858,0.081504699766,1.26140682765,5.0,55.0,,,21.0,21.0
2025-08-29 16:00:00,0,,0,,7.932024359703,7.932024359703,5.45614784956,13.388172209263,0.08257768819,0.08257768819,,,-0.270327387635,-0.270327387635,0.08257768819,0.108800141504,1.855294017995,4.0,61.0,,,22.0,23.0
2025-08-29 20:00:00,4,,1,,9.669339954853,9.669339954853,0.870396316051,10.539736270905,-0.017303194569,-0.017303194569,,,-0.373528884161,-0.373528884161,-0.017303194569,0.0,1.327169131874,0.0,32.0,,,12.0,12.0
2025-08-30 00:00:00,0,8.0,0,6.0,3.923642575741,3.923642575741,0.839447140694,4.763089716434,-0.192535287361,-0.192535287361,-0.909206674235,-0.909206674235,-0.553561395647,-0.553561395647,-0.192535287361,0.137618563686,0.81860532684,3.0,16.0,311215.0,40.0,3.0,3.0
2025-08-30 04:00:00,0,,0,,6.361731469631,6.361731469631,1.554809570313,7.916541039944,0.184533919971,0.184533919971,,,-0.544867799301,-0.544867799301,0.184533919971,0.187876725865,1.141468955127,5.0,27.0,,,9.0,9.0
2025-08-30 08:00:00,0,,0,,7.942999780178,7.942999780178,2.440132200718,10.383131980896,0.144796865944,0.144796865944,,,-0.234071495107,-0.234071495107,0.144796865944,0.0,1.294231086385,0.0,32.0,,,8.0,8.0
2025-08-30 12:00:00,0,,0,,7.046930611134,7.046930611134,2.570819616318,9.617750227451,-0.307202512328,-0.307202512328,,,-0.610550072581,-0.610550072581,-0.307202512328,0.073302469136,1.221950624691,2.0,38.0,,,8.0,8.0
2025-08-30 16:00:00,8,,1,,9.561514735222,9.561514735222,6.36186850071,15.923383235931,0.226282388182,0.226282388182,,,-0.561964907983,-0.561964907983,0.226282388182,0.080104893763,1.550294187256,3.0,44.0,,,6.0,7.0
2025-08-30 20:00:00,0,,0,,3.183818340302,3.183818340302,4.809108793736,7.992927134037,-0.010145039247,-0.010145039247,,,-0.708485430236,-0.708485430236,-0.010145039247,0.031094527363,0.845318108924,1.0,22.0,,,6.0,6.0
2025-08-31 00:00:00,0,1.0,0,5.0,3.391407370567,3.391407370567,0.0,3.391407370567,-0.042056953636,-0.042056953636,-0.760501313373,-0.760501313373,-0.69306535062,-0.69306535062,-0.042056953636,0.0,0.760705103046,0.0,14.0,311875.0,55.0,3.0,3.0
2025-08-31 04:00:00,0,,0,,6.36211258173,6.36211258173,1.574050366879,7.936162948608,-0.056670736105,-0.056670736105,,,-0.098983796491,-0.098983796491,-0.056670736105,0.18950898487,1.177084373911,6.0,29.0,,,8.0,8.0
2025-08-31 08:00:00,0,,0,,8.631926596165,8.631926596165,1.53081536293,10.162741959095,0.065394323119,0.065394323119,,,-0.181261100848,-0.181261100848,0.065394323119,0.060442386831,1.317371400283,2.0,31.0,,,10.0,10.0
2025-08-31 12:00:00,0,,0,,2.342147886753,2.342147886753,3.27212280035,5.614270687103,-0.088754553083,-0.088754553083,,,-0.450391220324,-0.450391220324,-0.088754553083,0.032051282051,0.952366926941,1.0,29.0,,,9.0,9.0
2025-08-31 16:00:00,1,,1,,17.423059225082,17.423059225082,0.752082526684,18.175141751766,0.317081373192,0.317081373192,,,1.776694775245,1.776694775245,0.317081373192,0.078831333865,1.577361227717,3.0,53.0,,,17.0,17.0
2025-08-31 20:00:00,0,,0,,7.260206222534,7.260206222534,0.863214254379,8.123420476913,-0.217128856741,-0.217128856741,,,-0.154318545828,-0.154318545828,-0.217128856741,0.111168618166,1.287354499579,3.0,33.0,,,8.0,8.0
2025-09-01 00:00:00,0,1.0,0,5.0,2.539135754108,2.539135754108,5.77597540617,8.315111160278,-0.040479333129,-0.040479333129,-0.521960065299,-0.521960065299,-0.386427778722,-0.386427778722,-0.040479333129,0.18090460074,1.126774433165,6.0,29.0,312357.0,88.0,8.0,8.0
2025-09-01 04:00:00,0,,0,,8.169829010963,8.169829010963,4.694671809673,12.864500820637,0.194971958107,0.194971958107,,,0.773799915939,0.773799915939,0.194971958107,0.070519911504,1.598459498591,3.0,46.0,,,19.0,19.0
2025-09-01 08:00:00,0,,0,,11.49163132906,11.49163132906,3.334082961082,14.825714290142,-0.039107803042,-0.039107803042,,,1.030269963991,1.030269963991,-0.039107803042,0.096369707303,1.297235758555,3.0,47.0,,,14.0,14.0
2025-09-01 12:00:00,0,,0,,8.635830938816,8.635830938816,4.748605906963,13.384436845779,-0.044205978652,-0.044205978652,,,0.915490578386,0.915490578386,-0.044205978652,0.179993106485,1.450053905136,10.0,62.0,,,26.0,26.0
2025-09-01 16:00:00,0,,0,,6.216964244843,6.216964244843,1.517236828804,7.734201073647,-0.109268705874,-0.109268705874,,,-0.172834522241,-0.172834522241,-0.109268705874,0.014988009592,1.160192977312,1.0,41.0,,,8.0,8.0
2025-09-01 20:00:00,1,,1,,9.70874941349,9.70874941349,0.887462198734,10.596211612225,0.163851676817,0.163851676817,,,0.321175225921,0.321175225921,0.163851676817,0.146866264194,1.143541521285,5.0,35.0,,,14.0,14.0
2025-09-02 00:00:00,0,2.0,0,6.0,7.68466180563,7.68466180563,1.504540264606,9.189202070236,-0.010039651392,-0.010039651392,-0.622520051788,-0.622520051788,-0.023353620183,-0.023353620183,-0.010039651392,0.037202380952,0.879155388392,1.0,25.0,313125.0,78.0,11.0,13.0
2025-09-02 04:00:00,0,,0,,2.709525585175,2.709525585175,2.43521797657,5.144743561745,-0.181180849624,-0.181180849624,,,-0.568510936978,-0.568510936978,-0.181180849624,0.120628092668,0.857393937236,5.0,26.0,,,6.0,6.0
2025-09-02 08:00:00,2,,1,,9.074819266796,9.074819266796,4.009531795979,13.084351062775,0.361381253444,0.361381253444,,,0.332972650127,0.332972650127,0.361381253444,0.020226537217,1.287272045792,1.0,46.0,,,16.0,16.0
2025-09-02 12:00:00,0,,0,,13.848081886768,13.848081886768,3.101343512535,16.949425399303,0.020249468629,0.020249468629,,,1.33538323939,1.33538323939,0.020249468629,0.060195486522,1.099608991842,4.0,49.0,,,20.0,21.0
2025-09-02 16:00:00,0,,0,,3.815641283989,3.815641283989,4.150198280811,7.9658395648,-0.106275073375,-0.106275073375,,,-0.193730325746,-0.193730325746,-0.106275073375,0.063895089286,0.841399303009,3.0,35.0,,,16.0,16.0
2025-09-02 20:00:00,0,,0,,6.792711138725,6.792711138725,0.753026843071,7.545737981796,-0.100803534269,-0.100803534269,,,-0.386151865471,-0.386151865471,-0.100803534269,0.064854725415,0.866756432611,2.0,25.0,,,9.0,9.0
2025-09-03 00:00:00,0,0.0,0,7.0,3.741174399853,3.741174399853,1.71810734272,5.459281742573,-0.121571702,-0.121571702,-0.621254863888,-0.621254863888,-0.635920354921,-0.635920354921,-0.121571702,0.023148148148,0.795720795205,1.0,20.0,313577.0,73.0,5.0,5.0
2025-09-03 04:00:00,0,,0,,7.710626006126,7.710626006126,1.82730525732,9.537931263447,0.251106625993,0.251106625993,,,-0.268597662154,-0.268597662154,0.251106625993,0.09267526455,1.183355068586,4.0,34.0,,,9.0,10.0
2025-09-03 08:00:00,0,,0,,12.502935230732,12.502935230732,4.061635732651,16.564570963383,0.065685831612,0.065685831612,,,0.564906406827,0.564906406827,0.065685831612,0.014172335601,1.218365960327,1.0,46.0,,,17.0,17.0
2025-09-03 12:00:00,0,,0,,18.505821704865,18.505821704865,3.876438498497,22.382260203362,0.115093333643,0.115093333643,,,1.37905883857,1.37905883857,0.115093333643,0.012112403101,1.244897403785,1.0,64.0,,,25.0,25.0
2025-09-03 16:00:00,0,,0,,2.704843580723,2.704843580723,6.744972467422,9.449816048145,-0.260426072699,-0.260426072699,,,-0.541335157321,-0.541335157321,-0.260426072699,0.0,0.920753733837,0.0,44.0,,,12.0,12.0
2025-09-03 20:00:00,0,,0,,2.478782057762,2.478782057762,3.228480100632,5.707262158394,-0.033648149352,-0.033648149352,,,-0.624041518485,-0.624041518485,-0.033648149352,0.0,0.923479696159,0.0,28.0,,,5.0,5.0
2025-09-04 00:00:00,0,3.0,0,6.0,2.198518872261,2.198518872261,3.977925181389,6.17644405365,0.079171683794,0.079171683794,-0.565426731132,-0.565426731132,-0.476901096111,-0.476901096111,0.079171683794,0.060324683486,1.255157642282,3.0,36.0,314053.0,69.0,13.0,19.0
2025-09-04 04:00:00,0,,0,,7.245632231236,7.245632231236,1.699899792671,8.945532023907,0.107061991777,0.107061991777,,,-0.228184632185,-0.228184632185,0.107061991777,0.084366995786,0.782053575888,4.0,28.0,,,8.0,8.0
2025-09-04 08:00:00,0,,0,,4.744411051273,4.744411051273,1.702161610126,6.4465726614,0.114171826714,0.114171826714,,,-0.35222467975,-0.35222467975,0.114171826714,0.0,0.786978950493,0.0,30.0,,,10.0,12.0
2025-09-04 12:00:00,2,,1,,18.42540037632,18.42540037632,0.732300519943,19.157700896263,0.253165559921,0.253165559921,,,1.518848294752,1.518848294752,0.253165559921,0.02073678363,0.985822995641,2.0,49.0,,,23.0,23.0
2025-09-04 16:00:00,1,,1,,11.462668657303,11.462668657303,4.313165903091,15.775834560394,-0.234638068165,-0.234638068165,,,-0.189226800293,-0.189226800293,-0.234638068165,0.028901964536,0.967296652987,2.0,40.0,,,9.0,9.0
2025-09-04 20:00:00,0,,0,,12.89464956522,12.89464956522,1.759076356888,14.653725922108,-0.110354571548,-0.110354571548,,,0.212119113425,0.212119113425,-0.110354571548,0.0,0.89321654983,0.0,34.0,,,12.0,12.0
2025-09-05 00:00:00,1,4.0,1,6.0,5.607642889023,5.607642889023,3.020727038383,8.628369927406,-0.020858107748,-0.020858107748,-0.331069322424,-0.331069322424,-0.377040332767,-0.377040332767,-0.020858107748,0.269382725308,1.076488967579,11.0,33.0,314309.0,100.0,12.0,12.0
2025-09-05 04:00:00,0,,0,,7.130870461464,7.130870461464,1.667968213558,8.798838675022,0.097883630654,0.097883630654,,,-0.130313231873,-0.130313231873,0.097883630654,0.0,0.749295558259,0.0,24.0,,,8.0,8.0
2025-09-05 08:00:00,2,,1,,15.618194460869,15.618194460869,1.510532915592,17.128727376461,0.230230207495,0.230230207495,,,1.181664362787,1.181664362787,0.230230207495,0.057065337396,0.996792353908,3.0,41.0,,,26.0,27.0
2025-09-05 12:00:00,0,,0,,13.265513420105,13.265513420105,2.248072326183,15.513585746288,0.044474744067,0.044474744067,,,0.883046026843,0.883046026843,0.044474744067,0.033226373533,1.194944224159,2.0,59.0,,,31.0,31.0
2025-09-05 16:00:00,1,,1,,7.066576659679,7.066576659679,6.744170248508,13.810746908188,-0.212436730411,-0.212436730411,,,-0.324460502563,-0.324460502563,-0.212436730411,0.04110721131,1.034143949165,3.0,48.0,,,17.0,17.0
2025-09-05 20:00:00,0,,0,,7.122457206249,7.122457206249,0.0,7.122457206249,-0.150830847586,-0.150830847586,,,-0.560468768224,-0.560468768224,-0.150830847586,0.017217630854,0.810283882064,1.0,28.0,,,6.0,6.0
2025-09-06 00:00:00,0,1.0,0,8.0,15.472117841244,15.472117841244,1.78664368391,17.258761525154,0.259591976411,0.259591976411,-0.465586405564,-0.465586405564,0.336566090566,0.336566090566,0.259591976411,0.222251095766,1.545830934314,7.0,41.0,314884.0,71.0,13.0,13.0
2025-09-06 04:00:00,0,,0,,11.338910996914,11.338910996914,2.387152969837,13.726063966751,-0.13870672979,-0.13870672979,,,-0.280767215179,-0.280767215179,-0.13870672979,0.019841269841,1.02313139789,1.0,32.0,,,9.0,9.0
2025-09-06 08:00:00,0,,0,,5.559797048569,5.559797048569,0.93727684021,6.497073888779,-0.114261565165,-0.114261565165,,,-0.412163932074,-0.412163932074,-0.114261565165,0.020627062706,0.826882339562,1.0,23.0,,,8.0,8.0
2025-09-06 12:00:00,1,,1,,12.710603177547,12.710603177547,4.048491060734,16.759094238281,0.206479166691,0.206479166691,,,0.41206181825,0.41206181825,0.206479166691,0.160557761015,1.655200757502,8.0,53.0,,,17.0,17.0
2025-09-06 16:00:00,0,,0,,12.565121114254,12.565121114254,1.535324990749,14.100446105003,0.031970642028,0.031970642028,,,0.063572364592,0.063572364592,0.031970642028,0.016404199475,1.784295670417,1.0,51.0,,,15.0,16.0
2025-09-06 20:00:00,0,,0,,8.691479444504,8.691479444504,0.762223362923,9.453702807426,-0.059268901905,-0.059268901905,,,-0.331533881649,-0.331533881649,-0.059268901905,0.047348484848,1.714705965893,1.0,34.0,,,13.0,13.0
2025-09-07 00:00:00,0,3.0,0,7.0,4.220967948437,4.220967948437,0.706332802773,4.927300751209,-0.010641709152,-0.010641709152,-0.603838132012,-0.603838132012,-0.629872689209,-0.629872689209,-0.010641709152,0.25184330128,1.476077067092,5.0,25.0,315214.0,74.0,11.0,12.0
2025-09-07 04:00:00,0,,0,,8.707782864571,8.707782864571,0.713483035564,9.421265900135,0.00077029394,0.00077029394,,,-0.056331339857,-0.056331339857,0.00077029394,0.052083333333,1.646749796707,1.0,26.0,,,14.0,14.0
2025-09-07 08:00:00,1,,1,,10.810073316097,10.810073316097,3.309422910213,14.119496226311,0.047997611113,0.047997611113,,,-0.388545238685,-0.388545238685,0.047997611113,0.0,1.926181153838,0.0,39.0,,,8.0,8.0
2025-09-07 12:00:00,2,,1,,10.171008110046,10.171008110046,4.039571583271,14.210579693317,-0.128458969413,-0.128458969413,,,-0.060452852143,-0.060452852143,-0.128458969413,0.092980241007,1.570163213532,3.0,47.0,,,15.0,15.0
2025-09-07 16:00:00,0,,0,,8.879375219345,8.879375219345,1.600940346718,10.480315566063,0.086095885507,0.086095885507,,,-0.052037814259,-0.052037814259,0.086095885507,0.015664160401,1.533257663913,1.0,40.0,,,17.0,17.0
2025-09-07 20:00:00,0,,0,,8.262869894505,8.262869894505,4.005040585995,12.267910480499,0.066676758445,0.066676758445,,,-0.405750058528,-0.405750058528,0.066676758445,0.010850694444,2.420762591595,1.0,50.0,,,9.0,9.0
2025-09-08 00:00:00,0,2.0,0,7.0,16.809049487114,16.809049487114,0.0,16.809049487114,0.027895051375,0.027895051375,2.041344647964,2.041344647964,0.619924326169,0.619924326169,0.027895051375,0.151928500117,2.262885634166,6.0,47.0,315781.0,174.0,15.0,15.0
2025-09-08 04:00:00,0,,0,,17.180844724178,17.180844724178,0.773633420467,17.954478144646,0.141172240013,0.141172240013,,,2.012260163341,2.012260163341,0.141172240013,0.187093869333,1.842134597222,6.0,44.0,,,27.0,27.0
2025-09-08 08:00:00,2,,1,,26.064557909966,26.064557909966,3.391538977623,29.456096887589,-0.02858342696,-0.02858342696,,,2.499325455834,2.499325455834,-0.02858342696,0.154914089681,1.809590943961,7.0,62.0,,,36.0,36.0
2025-09-08 12:00:00,0,,0,,30.48310559988,30.48310559988,3.88219422102,34.3652998209,0.112047547897,0.112047547897,,,2.830366190894,2.830366190894,0.112047547897,0.089988941339,2.369645055035,8.0,90.0,,,43.0,43.0
2025-09-08 16:00:00,0,,0,,21.845221042633,21.845221042633,3.127501904964,24.972722947598,-0.102544591081,-0.102544591081,,,0.886422674851,0.886422674851,-0.102544591081,0.052586456071,2.040823432774,3.0,68.0,,,33.0,33.0
2025-09-08 20:00:00,0,,0,,14.763699769974,14.763699769974,2.524831056595,17.288530826569,-0.239723337608,-0.239723337608,,,-0.066164165253,-0.066164165253,-0.239723337608,0.086613167699,1.970827558988,5.0,53.0,,,21.0,21.0
2025-09-09 00:00:00,0,0.0,0,7.0,11.547449409962,11.547449409962,0.780520677567,12.327970087528,-0.018088762751,-0.018088762751,0.672664023667,0.672664023667,-0.315464793939,-0.315464793939,-0.018088762751,0.190710060216,1.355005063634,7.0,30.0,316491.0,153.0,18.0,18.0
2025-09-09 04:00:00,0,,0,,20.721369743347,20.721369743347,2.293329119682,23.014698863029,0.248416264582,0.248416264582,,,0.640179974907,0.640179974907,0.248416264582,0.228387750985,2.638136605635,13.0,65.0,,,34.0,35.0
2025-09-09 08:00:00,0,,0,,15.496127724648,15.496127724648,2.425548732281,17.921676456928,-0.085966816323,-0.085966816323,,,0.033547837837,0.033547837837,-0.085966816323,0.079163939,1.649482322797,5.0,58.0,,,29.0,29.0
2025-09-09 12:00:00,0,,0,,18.449987471104,18.449987471104,7.139394044876,25.58938151598,-0.107235766521,-0.107235766521,,,0.565804359614,0.565804359614,-0.107235766521,0.038005965681,1.949667542915,3.0,87.0,,,35.0,36.0
2025-09-09 16:00:00,0,,0,,9.091764330864,9.091764330864,6.619643747807,15.711408078671,-0.014913469563,-0.014913469563,,,-0.532282816543,-0.532282816543,-0.014913469563,0.046934191559,1.578817881443,2.0,57.0,,,19.0,19.0
2025-09-09 20:00:00,0,,0,,8.750278651714,8.750278651714,2.428364813328,11.178643465042,-0.097488810964,-0.097488810964,,,-0.5098568025,-0.5098568025,-0.097488810964,0.05996282305,1.479432540297,2.0,39.0,,,19.0,19.0
2025-09-10 00:00:00,0,0.0,0,6.0,7.89258903265,7.89258903265,1.690633773804,9.583222806454,0.067776293164,0.067776293164,-0.260767268698,-0.260767268698,-0.772066888788,-0.772066888788,0.067776293164,0.144634676455,1.414084360308,5.0,33.0,317537.0,109.0,10.0,10.0
2025-09-10 04:00:00,0,,0,,11.090416371822,11.090416371822,2.436754465103,13.527170836926,0.265439634301,0.265439634301,,,-0.310102619876,-0.310102619876,0.265439634301,0.141901552288,1.498829241662,7.0,43.0,,,22.0,22.0
2025-09-10 08:00:00,0,,0,,9.975987195969,9.975987195969,4.968669831753,14.944657027721,-0.070081505472,-0.070081505472,,,-0.459050246188,-0.459050246188,-0.070081505472,0.022644927536,1.401112282345,1.0,45.0,,,25.0,25.0
2025-09-10 12:00:00,0,,0,,8.902338385582,8.902338385582,8.138352930546,17.040691316128,0.025476441292,0.025476441292,,,-0.624645157959,-0.624645157959,0.025476441292,0.045662583728,1.285536506566,3.0,61.0,,,20.0,20.0
2025-09-10 16:00:00,0,,0,,18.292599320412,18.292599320412,4.637827277184,22.930426597595,-0.043641646268,-0.043641646268,,,-0.306631820813,-0.306631820813,-0.043641646268,0.071856066077,1.625924449397,5.0,62.0,,,16.0,16.0
2025-09-10 20:00:00,0,,0,,2.747940659523,2.747940659523,3.027060747147,5.77500140667,-0.156229485833,-0.156229485833,,,-0.785555287408,-0.785555287408,-0.156229485833,0.082001274572,1.342848969883,3.0,33.0,,,16.0,16.0
2025-09-11 00:00:00,4,4.0,1,6.0,14.209879338741,14.209879338741,3.182574808598,17.392454147339,0.141285306744,0.141285306744,0.740926249406,0.740926249406,0.013350375899,0.013350375899,0.141285306744,0.061924608813,2.020343376372,4.0,50.0,318502.0,137.0,24.0,24.0
2025-09-11 04:00:00,0,,0,,16.483881890774,16.483881890774,1.79836255312,18.282244443893,0.112682608292,0.112682608292,,,0.138154207941,0.138154207941,0.112682608292,0.051256613757,1.212494304776,3.0,36.0,,,23.0,23.0
2025-09-11 08:00:00,0,,0,,20.275842905045,20.275842905045,2.203231215477,22.479074120522,-0.034011961981,-0.034011961981,,,0.281722823583,0.281722823583,-0.034011961981,0.108389275123,1.696292149794,10.0,62.0,,,20.0,20.0
2025-09-11 12:00:00,0,,0,,13.138531684875,13.138531684875,2.439786553383,15.578318238258,-0.148051431547,-0.148051431547,,,-0.166181470977,-0.166181470977,-0.148051431547,0.059473654646,1.513287738451,4.0,60.0,,,21.0,21.0
2025-09-11 16:00:00,0,,0,,15.511731266975,15.511731266975,4.519901394844,20.031632661819,0.037891141024,0.037891141024,,,-0.066324535056,-0.066324535056,0.037891141024,0.070678590415,1.351419293731,4.0,47.0,,,19.0,19.0
2025-09-11 20:00:00,0,,0,,18.710606813431,18.710606813431,7.590972423553,26.301579236984,0.019924094161,0.019924094161,,,0.744049174584,0.744049174584,0.019924094161,0.089135543498,2.022780601501,6.0,66.0,,,30.0,30.0
2025-09-12 00:00:00,0,0.0,0,6.0,11.665371239185,11.665371239185,2.992968082428,14.658339321613,-0.195014927485,-0.195014927485,0.183578575616,0.183578575616,-0.506991549005,-0.506991549005,-0.195014927485,0.169453295115,1.686965946811,10.0,50.0,318882.0,106.0,13.0,14.0
2025-09-12 04:00:00,0,,0,,11.992587447166,11.992587447166,4.600202262402,16.592789709568,0.12614219876,0.12614219876,,,-0.249319883428,-0.249319883428,0.12614219876,0.084428678749,1.424844426224,4.0,44.0,,,12.0,12.0
2025-09-12 08:00:00,0,,0,,15.845431506634,15.845431506634,5.163548469543,21.008979976177,0.039398789482,0.039398789482,,,-0.03541011145,-0.03541011145,0.039398789482,0.093512853606,1.694646478145,8.0,65.0,,,18.0,18.0
2025-09-12 12:00:00,0,,0,,16.188054859638,16.188054859638,4.797551870346,20.985606729984,-0.002585600293,-0.002585600293,,,0.170208914749,0.170208914749,-0.002585600293,0.044791152799,1.678515853238,3.0,75.0,,,20.0,20.0
2025-09-12 16:00:00,0,,0,,16.156805932522,16.156805932522,4.846497833729,21.003303766251,0.111369909807,0.111369909807,,,0.400333489217,0.400333489217,0.111369909807,0.057179471026,1.260398083912,4.0,55.0,,,19.0,19.0
2025-09-12 20:00:00,0,,0,,19.430863082409,19.430863082409,3.409535527229,22.840398609638,0.006190232744,0.006190232744,,,0.795444124373,0.795444124373,0.006190232744,0.028863055289,1.770170100889,2.0,60.0,,,24.0,24.0
2025-09-13 00:00:00,0,0.0,0,4.0,5.728547811508,5.728547811508,0.767071068287,6.495618879795,-0.196015590686,-0.196015590686,-0.708737124927,-0.708737124927,-1.004705489405,-1.004705489405,-0.196015590686,0.135219828616,0.852772106075,4.0,23.0,319451.0,65.0,8.0,8.0
2025-09-13 04:00:00,0,,0,,6.640532135963,6.640532135963,0.713441491127,7.35397362709,-0.188227774757,-0.188227774757,,,-0.959174156148,-0.959174156148,-0.188227774757,0.088896322728,0.718014218247,7.0,27.0,,,5.0,5.0
2025-09-13 08:00:00,0,,0,,9.646618366241,9.646618366241,3.429223239422,13.075841605663,0.079006114067,0.079006114067,,,-0.832252891101,-0.832252891101,0.079006114067,0.152182137331,0.918218662092,12.0,38.0,,,7.0,7.0
2025-09-13 12:00:00,0,,0,,14.456250309944,14.456250309944,4.259341418743,18.715591728687,0.134832822396,0.134832822396,,,0.069218066523,0.069218066523,0.134832822396,0.071772025295,1.547951717457,5.0,53.0,,,20.0,20.0
2025-09-13 16:00:00,0,,0,,10.960750460625,10.960750460625,1.790201544762,12.750952005386,-0.063479832848,-0.063479832848,,,-0.474075397141,-0.474075397141,-0.063479832848,0.13959695307,1.1803715572,6.0,37.0,,,15.0,15.0
2025-09-13 20:00:00,0,,0,,4.172827422619,4.172827422619,3.256535351276,7.429362773895,-0.050660075272,-0.050660075272,,,-0.83059835144,-0.83059835144,-0.050660075272,0.010575296108,0.887675933303,1.0,27.0,,,10.0,10.0
2025-09-14 00:00:00,0,0.0,0,3.0,5.824834346771,5.824834346771,4.91109085083,10.735925197601,0.040112357927,0.040112357927,-0.630444923663,-0.630444923663,-0.504460959348,-0.504460959348,0.040112357927,0.013528138528,1.078291076253,1.0,31.0,319739.0,78.0,13.0,13.0
2025-09-14 04:00:00,0,,0,,9.60928273201,9.60928273201,0.0,9.60928273201,-0.010269846922,-0.010269846922,,,-0.251565552068,-0.251565552068,-0.010269846922,0.110628751659,0.985487010636,5.0,33.0,,,14.0,14.0
2025-09-14 08:00:00,0,,0,,10.103493332863,10.103493332863,2.687518119812,12.791011452675,-0.073398367458,-0.073398367458,,,-0.547686502003,-0.547686502003,-0.073398367458,0.026358661744,0.621641637628,3.0,24.0,,,7.0,7.0
2025-09-14 12:00:00,0,,0,,8.679615974426,8.679615974426,4.636716425419,13.316332399845,0.110962106291,0.110962106291,,,0.308117785425,0.308117785425,0.110962106291,0.138487078693,1.273068037092,13.0,53.0,,,19.0,19.0
2025-09-14 16:00:00,0,,0,,5.520665347576,5.520665347576,2.46066993475,7.981335282326,-0.101065466699,-0.101065466699,,,-0.340662395631,-0.340662395631,-0.101065466699,0.01204238921,0.900282979907,1.0,35.0,,,12.0,12.0
2025-09-14 20:00:00,0,,0,,8.668597221375,8.668597221375,1.599525272846,10.268122494221,-0.021121320612,-0.021121320612,,,-0.146805896209,-0.146805896209,-0.021121320612,0.02873495118,1.129624662937,2.0,34.0,,,13.0,13.0
2025-09-15 00:00:00,0,0.0,0,2.0,5.419502675533,5.419502675533,0.0,5.419502675533,-0.120757990951,-0.120757990951,-0.361518354935,-0.361518354935,-0.543665668675,-0.543665668675,-0.120757990951,0.032233174034,0.75899005944,2.0,25.0,320330.0,88.0,8.0,8.0
2025-09-15 04:00:00,0,,0,,8.019100427628,8.019100427628,1.617670059204,9.636770486832,-0.058138710016,-0.058138710016,,,-0.296951065762,-0.296951065762,-0.058138710016,0.044189615385,0.887445529251,3.0,31.0,,,9.0,9.0
2025-09-15 08:00:00,0,,0,,23.675309240818,23.675309240818,0.0,23.675309240818,0.371191034697,0.371191034697,,,1.952923132511,1.952923132511,0.371191034697,0.121541947092,1.295223873385,9.0,53.0,,,20.0,20.0
2025-09-15 12:00:00,0,,0,,7.895028650761,7.895028650761,5.750128209591,13.645156860352,-0.185918587414,-0.185918587414,,,-0.083979724652,-0.083979724652,-0.185918587414,0.018575333942,1.018451364955,2.0,50.0,,,19.0,19.0
2025-09-15 16:00:00,0,,0,,9.799736499786,9.799736499786,1.496987402439,11.296723902225,0.038985237207,0.038985237207,,,0.314299036851,0.314299036851,0.038985237207,0.030766439651,1.04683811413,3.0,44.0,,,18.0,18.0
2025-09-15 20:00:00,0,,0,,7.346732974052,7.346732974052,1.550886034966,8.897619009018,-0.258087100961,-0.258087100961,,,-0.232316919398,-0.232316919398,-0.258087100961,0.037121787402,1.050880074173,3.0,35.0,,,15.0,15.0
2025-09-16 00:00:00,0,0.0,0,1.0,6.337755858898,6.337755858898,2.549469470978,8.887225329876,0.082490454013,0.082490454013,0.859154925613,0.859154925613,-0.539241281994,-0.539241281994,0.082490454013,0.035020060874,1.063444077124,2.0,31.0,320855.0,129.0,7.0,7.0
2025-09-16 04:00:00,0,,0,,16.489550590515,16.489550590515,0.753354310989,17.242904901505,0.197340271361,0.197340271361,,,0.662321662879,0.662321662879,0.197340271361,0.0,1.421053017958,0.0,43.0,,,17.0,18.0
2025-09-16 08:00:00,0,,0,,17.38506180048,17.38506180048,1.481613337994,18.866675138474,0.013448794332,0.013448794332,,,1.423945935233,1.423945935233,0.013448794332,0.11192792077,1.438837390098,7.0,46.0,,,25.0,25.0
2025-09-16 12:00:00,0,,0,,32.651874184608,32.651874184608,1.604260802269,34.256134986877,0.22840290716,0.22840290716,,,2.4473208035,2.4473208035,0.22840290716,0.048889651245,1.706126863983,4.0,79.0,,,46.0,46.0
2025-09-16 16:00:00,0,,0,,13.598741829395,13.598741829395,2.554780483246,16.153522312641,-0.175160558937,-0.175160558937,,,0.05764170506,0.05764170506,-0.175160558937,0.010364842454,0.981630968543,1.0,40.0,,,21.0,21.0
2025-09-16 20:00:00,0,,0,,12.06481051445,12.06481051445,0.767200708389,12.832011222839,-0.220388667918,-0.220388667918,,,-0.192615015114,-0.192615015114,-0.220388667918,0.031980994152,0.942101586818,2.0,29.0,,,14.0,15.0
2025-09-17 00:00:00,0,0.0,0,1.0,5.898401319981,5.898401319981,3.300946414471,9.199347734451,0.112410379759,0.112410379759,-0.272574347277,-0.272574347277,-0.350974962493,-0.350974962493,0.112410379759,0.047444331984,1.260896939103,2.0,29.0,321286.0,88.0,12.0,12.0
2025-09-17 04:00:00,0,,0,,5.376671373844,5.376671373844,3.887956976891,9.264628350735,-0.135002363815,-0.135002363815,,,-0.318474842616,-0.318474842616,-0.135002363815,0.078545871705,1.106551849776,4.0,35.0,,,10.0,10.0
2025-09-17 08:00:00,0,,0,,14.277279138565,14.277279138565,0.0,14.277279138565,0.173900522839,0.173900522839,,,-0.160623604858,-0.160623604858,0.173900522839,0.025619783996,0.822197510389,2.0,34.0,,,11.0,11.0
2025-09-17 12:00:00,0,,0,,12.897240996361,12.897240996361,1.651708304882,14.548949301243,-0.132947723147,-0.132947723147,,,-0.115959606811,-0.115959606811,-0.132947723147,0.0,0.94185529653,0.0,48.0,,,18.0,18.0
2025-09-17 16:00:00,0,,0,,11.342675566673,11.342675566673,5.764872014523,17.107547581196,-0.011763985606,-0.011763985606,,,-0.157838062201,-0.157838062201,-0.011763985606,0.009689922481,1.174604773138,1.0,51.0,,,18.0,18.0
2025-09-17 20:00:00,0,,0,,15.804198086262,15.804198086262,4.011651515961,19.815849602222,0.090731504934,0.090731504934,,,-0.015585765203,-0.015585765203,0.090731504934,0.025976130557,1.321866497829,2.0,50.0,,,20.0,20.0
2025-09-18 00:00:00,0,0.0,0,1.0,15.516152262688,15.516152262688,1.703369140625,17.219521403313,-0.059640471412,-0.059640471412,1.007450680419,1.007450680419,0.088823886851,0.088823886851,-0.059640471412,0.022321014452,1.552002388091,2.0,46.0,321706.0,144.0,21.0,21.0
2025-09-18 04:00:00,0,,0,,19.534407913685,19.534407913685,3.819991409779,23.354399323463,0.031988467809,0.031988467809,,,0.18696875964,0.18696875964,0.031988467809,0.170329098433,1.864541016691,8.0,52.0,,,26.0,26.0
2025-09-18 08:00:00,0,,0,,11.594856739044,11.594856739044,3.308063685894,14.902920424938,-0.147329071149,-0.147329071149,,,-0.047200047765,-0.047200047765,-0.147329071149,0.077691496271,1.3548753689,7.0,53.0,,,23.0,23.0
2025-09-18 12:00:00,0,,0,,20.800738215446,20.800738215446,5.71626919508,26.517007410526,0.283312065345,0.283312065345,,,0.671777057496,0.671777057496,0.283312065345,0.045431917957,2.090336969259,4.0,82.0,,,41.0,41.0
2025-09-18 16:00:00,0,,0,,7.147181630135,7.147181630135,7.176074147224,14.323255777359,-0.257273642244,-0.257273642244,,,-0.463628333509,-0.463628333509,-0.257273642244,0.016404199475,1.41086294854,1.0,65.0,,,15.0,15.0
2025-09-18 20:00:00,0,,0,,9.996225357056,9.996225357056,4.638469159603,14.634694516659,0.193653535391,0.193653535391,,,-0.316865765556,-0.316865765556,0.193653535391,0.046774193548,1.335552041914,3.0,42.0,,,18.0,18.0
2025-09-19 00:00:00,0,3.0,0,0.0,7.902948558331,7.902948558331,2.411536216736,10.314484775066,-0.131889134269,-0.131889134269,0.245757770486,0.245757770486,-0.432361014099,-0.432361014099,-0.131889134269,0.03364972115,1.343959183967,2.0,34.0,322567.0,111.0,14.0,14.0
2025-09-19 04:00:00,0,,0,,7.257734656334,7.257734656334,2.95081114769,10.208545804024,-0.1479985065,-0.1479985065,,,-0.663358427806,-0.663358427806,-0.1479985065,0.0,1.223370790641,0.0,38.0,,,5.0,5.0
2025-09-19 08:00:00,0,,0,,20.866347372532,20.866347372532,3.876006543636,24.742353916168,0.491939510968,0.491939510968,,,0.431286368129,0.431286368129,0.491939510968,0.061242494828,1.716183121563,4.0,61.0,,,19.0,19.0
2025-09-19 12:00:00,3,,2,,16.952340185642,16.952340185642,1.482949733734,18.435289919376,-0.147923831713,-0.147923831713,,,0.573716049419,0.573716049419,-0.147923831713,0.077388227058,1.698681007205,7.0,73.0,,,31.0,32.0
2025-09-19 16:00:00,0,,0,,16.321748971939,16.321748971939,3.036311864853,19.358060836792,0.051558032477,0.051558032477,,,0.448521397067,0.448521397067,0.051558032477,0.0,1.626851765834,0.0,60.0,,,30.0,30.0
2025-09-19 20:00:00,0,,0,,6.250370085239,6.250370085239,5.625145077705,11.875515162945,-0.152678407366,-0.152678407366,,,-0.703363003584,-0.703363003584,-0.152678407366,0.0,1.457763917851,0.0,38.0,,,13.0,13.0
2025-09-20 00:00:00,0,0.0,0,2.0,2.082159757614,2.082159757614,5.693264186382,7.775423943996,-0.075023470186,-0.075023470186,0.416633219089,0.416633219089,-0.853293476616,-0.853293476616,-0.075023470186,0.049716449722,2.021018293004,2.0,37.0,323220.0,125.0,11.0,11.0
2025-09-20 04:00:00,0,,0,,15.201113820076,15.201113820076,2.57513910532,17.776252925396,0.372477841447,0.372477841447,,,-0.042583690186,-0.042583690186,0.372477841447,0.076749514851,1.947646964667,4.0,43.0,,,16.0,16.0
2025-09-20 08:00:00,0,,0,,18.623800456524,18.623800456524,3.139038443565,21.762838900089,0.056224763671,0.056224763671,,,0.683342756973,0.683342756973,0.056224763671,0.033140652636,2.08561185246,3.0,53.0,,,29.0,29.0
2025-09-20 12:00:00,0,,0,,17.123782753944,17.123782753944,4.207094430923,21.330877184868,-0.064999377676,-0.064999377676,,,-0.07911026281,-0.07911026281,-0.064999377676,0.093819321926,1.820960771817,6.0,63.0,,,16.0,16.0
2025-09-20 16:00:00,0,,0,,11.993249595165,11.993249595165,8.09289675951,20.086146354675,0.068594399033,0.068594399033,,,0.355154372228,0.355154372228,0.068594399033,0.016149870801,3.007917192117,1.0,78.0,,,33.0,33.0
2025-09-20 20:00:00,0,,0,,8.148976027966,8.148976027966,3.114905834198,11.263881862164,-0.148653838474,-0.148653838474,,,-0.538425171216,-0.538425171216,-0.148653838474,0.017507002801,2.019379001442,1.0,47.0,,,20.0,20.0
2025-09-21 00:00:00,0,0.0,0,2.0,5.461095452309,5.461095452309,5.80846965313,11.269565105438,-0.097274755437,-0.097274755437,-0.228564898702,-0.228564898702,-0.645859599493,-0.645859599493,-0.097274755437,0.034722222222,1.943030179632,2.0,39.0,323934.0,111.0,15.0,15.0
2025-09-21 04:00:00,0,,0,,10.912307322025,10.912307322025,4.184814572334,15.09712189436,0.240675651659,0.240675651659,,,-0.065010673731,-0.065010673731,0.240675651659,0.072065806483,2.109626909417,4.0,43.0,,,22.0,22.0
2025-09-21 08:00:00,0,,0,,11.581099569798,11.581099569798,3.32688087225,14.907980442047,-0.065214152508,-0.065214152508,,,-0.333188155171,-0.333188155171,-0.065214152508,0.151951212825,2.162819255579,9.0,55.0,,,18.0,19.0
2025-09-21 12:00:00,0,,0,,11.934365987778,11.934365987778,4.048742115498,15.983108103275,0.079696115834,0.079696115834,,,-0.081081099634,-0.081081099634,0.079696115834,0.054232804233,1.581434119758,4.0,43.0,,,17.0,17.0
2025-09-21 16:00:00,0,,0,,7.567681789398,7.567681789398,5.455226182938,13.022907972336,-0.118308794498,-0.118308794498,,,-0.322134447386,-0.322134447386,-0.118308794498,0.011973180077,1.507547033894,1.0,46.0,,,25.0,25.0
2025-09-21 20:00:00,0,,0,,4.821167886257,4.821167886257,0.714662134647,5.535830020905,-0.050489886466,-0.050489886466,,,-0.747899040313,-0.747899040313,-0.050489886466,0.015903307888,0.925579550814,1.0,24.0,,,15.0,15.0
2025-09-22 00:00:00,0,1.0,0,2.0,16.031525790691,16.031525790691,0.78751707077,16.819042861462,0.160933051172,0.160933051172,1.473513064458,1.473513064458,0.650433238028,0.650433238028,0.160933051172,0.470106756017,2.436299057571,10.0,41.0,324875.0,141.0,25.0,25.0
2025-09-22 04:00:00,0,,0,,13.770539522171,13.770539522171,1.452118039131,15.222657561302,-0.069637015805,-0.069637015805,,,0.295489700977,0.295489700977,-0.069637015805,0.20238742088,2.098303107282,4.0,50.0,,,21.0,21.0
2025-09-22 08:00:00,1,,1,,17.474622249603,17.474622249603,2.481343567371,19.955965816975,0.071810628288,0.071810628288,,,0.992141544422,0.992141544422,0.071810628288,0.0,1.564853040289,0.0,55.0,,,22.0,22.0
2025-09-22 12:00:00,0,,0,,23.322627425194,23.322627425194,3.943072140217,27.265699565411,0.05238796596,0.05238796596,,,2.050367776983,2.050367776983,0.05238796596,0.152469220313,2.401803824696,8.0,89.0,,,39.0,39.0
2025-09-22 16:00:00,0,,0,,15.500411510468,15.500411510468,5.941112279892,21.441523790359,-0.206407023323,-0.206407023323,,,0.029271552576,0.029271552576,-0.206407023323,0.163151538337,1.794002202023,7.0,58.0,,,23.0,23.0
2025-09-22 20:00:00,0,,0,,5.794396400452,5.794396400452,2.242534041405,8.036930441856,-0.110931200434,-0.110931200434,,,-0.705060502841,-0.705060502841,-0.110931200434,0.103006318807,1.160344513085,3.0,30.0,,,12.0,12.0
2025-09-23 00:00:00,0,0.0,0,3.0,12.787986278534,12.787986278534,3.326028287411,16.114014565945,0.208102688769,0.208102688769,2.014112997993,2.014112997993,0.095408199728,0.095408199728,0.208102688769,0.169182708322,2.519357072791,6.0,50.0,325703.0,171.0,23.0,23.0
2025-09-23 04:00:00,0,,0,,16.615377664566,16.615377664566,2.252243220806,18.867620885372,0.028706765262,0.028706765262,,,-0.026291990684,-0.026291990684,0.028706765262,0.139012020364,1.794346317025,6.0,49.0,,,17.0,17.0
2025-09-23 08:00:00,0,,0,,10.85441249609,10.85441249609,3.266540229321,14.12095272541,-0.071719369603,-0.071719369603,,,0.085662401046,0.085662401046,-0.071719369603,0.080974842767,2.150187002907,3.0,54.0,,,30.0,30.0
2025-09-23 12:00:00,0,,0,,22.625359594822,22.625359594822,6.228439748287,28.853799343109,0.3272649908,0.3272649908,,,1.848738594205,1.848738594205,0.3272649908,0.090732367713,2.764773281428,4.0,96.0,,,49.0,49.0
2025-09-23 16:00:00,0,,0,,13.792270064354,13.792270064354,5.775110960007,19.567381024361,-0.195415831695,-0.195415831695,,,0.070884862523,0.070884862523,-0.195415831695,0.210273782678,2.374397815825,7.0,71.0,,,30.0,30.0
2025-09-23 20:00:00,0,,0,,14.542528271675,14.542528271675,5.650397002697,20.192925274372,-0.051767609061,-0.051767609061,,,-0.113668117663,-0.113668117663,-0.051767609061,0.33523818727,3.401774208015,5.0,65.0,,,22.0,22.0
2025-09-24 00:00:00,0,0.0,0,3.0,6.876041412354,6.876041412354,4.131736576557,11.007777988911,-0.009358156893,-0.009358156893,2.053250913719,2.053250913719,-0.467343123721,-0.467343123721,-0.009358156893,0.212566590563,2.426114163542,5.0,40.0,326369.0,173.0,18.0,18.0
2025-09-24 04:00:00,0,,0,,15.613621115685,15.613621115685,4.144236505032,19.757857620716,0.181658418572,0.181658418572,,,0.058851158374,0.058851158374,0.181658418572,0.169508522595,2.781130736692,5.0,53.0,,,20.0,20.0
2025-09-24 08:00:00,0,,0,,17.456616938114,17.456616938114,1.816144108772,19.272761046886,0.079368485295,0.079368485295,,,0.232405657512,0.232405657512,0.079368485295,0.141901449563,2.572795422113,6.0,67.0,,,32.0,32.0
2025-09-24 12:00:00,0,,0,,20.605617165565,20.605617165565,6.88285368681,27.488470852375,0.143854442044,0.143854442044,,,1.095552720547,1.095552720547,0.143854442044,0.061960456697,3.107296987936,2.0,90.0,,,49.0,51.0
2025-09-24 16:00:00,0,,0,,24.280186116695,24.280186116695,6.130100727081,30.410286843777,-0.234758224585,-0.234758224585,,,0.259965615786,0.259965615786,-0.234758224585,0.120388023136,2.855166432742,5.0,81.0,,,29.0,29.0
2025-09-24 20:00:00,0,,0,,8.348995149136,8.348995149136,3.996317028999,12.345312178135,-0.153330160021,-0.153330160021,,,-0.440170628307,-0.440170628307,-0.153330160021,0.054216262775,2.062054462158,3.0,47.0,,,25.0,25.0
2025-09-25 00:00:00,0,3.0,0,3.0,5.437161445618,5.437161445618,1.590215742588,7.027377188206,-0.069907179245,-0.069907179245,0.364374827629,0.364374827629,-0.65620705724,-0.65620705724,-0.069907179245,0.131036928482,3.520665871612,4.0,26.0,327332.0,131.0,8.0,8.0
2025-09-25 04:00:00,0,,0,,11.784210920334,11.784210920334,2.468638002872,14.252848923206,0.242090689908,0.242090689908,,,-0.340262254184,-0.340262254184,0.242090689908,0.142623514539,1.628689178179,4.0,42.0,,,21.0,21.0
2025-09-25 08:00:00,2,,1,,15.360861241817,15.360861241817,4.034609675407,19.395470917225,0.126091872409,0.126091872409,,,-0.060546728426,-0.060546728426,0.126091872409,0.145044303067,1.912674452581,7.0,59.0,,,26.0,26.0
2025-09-25 12:00:00,1,,1,,11.077067792416,11.077067792416,4.000822484493,15.077890276909,-0.127615782879,-0.127615782879,,,-0.150541446598,-0.150541446598,-0.127615782879,0.061971698391,1.654606248273,3.0,54.0,,,26.0,26.0
2025-09-25 16:00:00,0,,0,,8.717439949512,8.717439949512,3.335463821888,12.0529037714,-0.028700618914,-0.028700618914,,,-0.38596345773,-0.38596345773,-0.028700618914,0.008716875872,1.270686563629,1.0,48.0,,,25.0,25.0
2025-09-25 20:00:00,0,,0,,12.695904433727,12.695904433727,5.396952867508,18.092857301235,0.075381816289,0.075381816289,,,-0.199945587193,-0.199945587193,0.075381816289,0.144369913392,2.846717461193,3.0,60.0,,,26.0,26.0
2025-09-26 00:00:00,0,0.0,0,4.0,4.754256427288,4.754256427288,5.399600625038,10.153857052326,-0.196247902732,-0.196247902732,0.383704640552,0.383704640552,-0.521258322663,-0.521258322663,-0.196247902732,0.295402349025,2.433304940618,8.0,43.0,328038.0,136.0,19.0,20.0
2025-09-26 04:00:00,0,,0,,8.440049171448,8.440049171448,3.409600973129,11.849650144577,0.10788868101,0.10788868101,,,-0.313878138901,-0.313878138901,0.10788868101,0.120783496207,2.122040203186,7.0,45.0,,,23.0,23.0
2025-09-26 08:00:00,0,,0,,12.226235806942,12.226235806942,4.072536289692,16.298772096634,-0.00718932879,-0.00718932879,,,-0.096874696822,-0.096874696822,-0.00718932879,0.10816985115,1.881470311572,4.0,56.0,,,27.0,27.0
2025-09-26 12:00:00,0,,0,,13.931383013725,13.931383013725,3.346905648708,17.278288662434,0.064199191095,0.064199191095,,,-0.088820550721,-0.088820550721,0.064199191095,0.184082892416,1.820134352045,4.0,67.0,,,25.0,26.0
2025-09-26 16:00:00,0,,0,,8.385312438011,8.385312438011,3.054038584232,11.439351022243,0.03158915062,0.03158915062,,,-0.193999247248,-0.193999247248,0.03158915062,0.133554989287,1.478919446244,6.0,44.0,,,28.0,28.0
2025-09-26 20:00:00,0,,0,,15.887236297131,15.887236297131,0.954385519028,16.841621816158,-0.079789884845,-0.079789884845,,,-0.250198605323,-0.250198605323,-0.079789884845,0.019290123457,1.688476962548,1.0,43.0,,,14.0,14.0
2025-09-27 00:00:00,0,0.0,0,3.0,7.102543056011,7.102543056011,0.898229420185,8.000772476196,-0.278430884086,-0.278430884086,-0.604438704843,-0.604438704843,-0.76492851223,-0.76492851223,-0.278430884086,0.17819930865,1.572925758327,4.0,27.0,328457.0,78.0,8.0,8.0
2025-09-27 04:00:00,0,,0,,5.760697484016,5.760697484016,3.918952465057,9.679649949074,0.046595558091,0.046595558091,,,-0.864615451863,-0.864615451863,0.046595558091,0.131953630218,1.872299326897,4.0,35.0,,,10.0,10.0
2025-09-27 08:00:00,0,,0,,9.493097662926,9.493097662926,0.0,9.493097662926,0.02484543488,0.02484543488,,,-0.471052930483,-0.471052930483,0.02484543488,0.094600340136,1.763706575038,3.0,32.0,,,13.0,13.0
2025-09-27 12:00:00,0,,0,,18.111157059669,18.111157059669,5.026250660419,23.137407720089,0.284420965924,0.284420965924,,,0.91321900287,0.91321900287,0.284420965924,0.111826418055,2.40698136868,5.0,69.0,,,23.0,23.0
2025-09-27 16:00:00,0,,0,,9.587453961372,9.587453961372,3.180894136429,12.768348097801,-0.136069169272,-0.136069169272,,,0.113028793885,0.113028793885,-0.136069169272,0.0,1.650841025689,0.0,43.0,,,16.0,16.0
2025-09-27 20:00:00,0,,0,,2.350235819817,2.350235819817,4.728184342384,7.078420162201,-0.119975430517,-0.119975430517,,,-0.911205934323,-0.911205934323,-0.119975430517,0.119084059141,1.005887016613,4.0,25.0,,,8.0,8.0
2025-09-28 00:00:00,0,0.0,0,3.0,4.226827502251,4.226827502251,2.963006615639,7.189834117889,-0.008912583394,-0.008912583394,-0.491641567884,-0.491641567884,-0.750645385781,-0.750645385781,-0.008912583394,0.213190804971,2.185083167691,4.0,27.0,329020.0,105.0,9.0,9.0
2025-09-28 04:00:00,0,,0,,3.784368515015,3.784368515015,4.309838294983,8.094206809998,0.100791203317,0.100791203317,,,-0.706998932362,-0.706998932362,0.100791203317,0.136884311336,2.060151937391,4.0,30.0,,,9.0,9.0
2025-09-28 08:00:00,0,,0,,6.13227981329,6.13227981329,5.722266495228,11.854546308517,-0.18466274831,-0.18466274831,,,-0.53456650473,-0.53456650473,-0.18466274831,0.028538812785,1.479801467783,1.0,31.0,,,11.0,11.0
2025-09-28 12:00:00,0,,0,,8.369159400463,8.369159400463,3.014157354832,11.383316755295,0.166487831512,0.166487831512,,,-0.264911352727,-0.264911352727,0.166487831512,0.091529671672,1.920063107264,4.0,44.0,,,17.0,17.0
2025-09-28 16:00:00,0,,0,,16.091994941235,16.091994941235,6.075198233128,22.167193174362,0.029121106657,0.029121106657,,,1.393751216579,1.393751216579,0.029121106657,0.024509803922,2.244832465719,1.0,55.0,,,27.0,27.0
2025-09-28 20:00:00,0,,0,,4.402056396008,4.402056396008,5.506651759148,9.908708155155,-0.118433942389,-0.118433942389,,,-0.077131260797,-0.077131260797,-0.118433942389,0.192093197919,2.852710484018,5.0,51.0,,,32.0,32.0
2025-09-29 00:00:00,0,2.0,0,3.0,16.758014798164,16.758014798164,4.884291231632,21.642306029797,0.250784362271,0.250784362271,1.972471957604,1.972471957604,1.596621096537,1.596621096537,0.250784362271,0.071343385297,4.303360849921,2.0,72.0,329990.0,180.0,36.0,36.0
2025-09-29 04:00:00,0,,0,,6.033422410488,6.033422410488,4.531911969185,10.565334379673,-0.124441758798,-0.124441758798,,,0.184261448132,0.184261448132,-0.124441758798,0.100114416476,3.167102150574,2.0,62.0,,,36.0,36.0
2025-09-29 08:00:00,1,,1,,16.984252989292,16.984252989292,3.294477820396,20.278730809689,0.132946482827,0.132946482827,,,1.161874254652,1.161874254652,0.132946482827,0.241393322232,2.732115790835,7.0,67.0,,,32.0,32.0
2025-09-29 12:00:00,1,,1,,22.452973783016,22.452973783016,4.756925702095,27.209899485111,0.062607459085,0.062607459085,,,1.899363228254,1.899363228254,0.062607459085,0.159936575677,2.323159897064,7.0,75.0,,,40.0,41.0
2025-09-29 16:00:00,0,,0,,19.730371415615,19.730371415615,4.132562339306,23.862933754921,0.008070032901,0.008070032901,,,0.672092977837,0.672092977837,0.008070032901,0.04804082548,2.245754624765,3.0,60.0,,,26.0,29.0
2025-09-29 20:00:00,0,,0,,6.615195810795,6.615195810795,3.109112560749,9.724308371544,-0.345580692143,-0.345580692143,,,-0.587619016277,-0.587619016277,-0.345580692143,0.0,1.649354549434,0.0,36.0,,,11.0,11.0
2025-09-30 00:00:00,0,12.0,0,4.0,6.026680707932,6.026680707932,4.891891539097,10.918572247028,-0.164318664662,-0.164318664662,-0.473211628702,-0.473211628702,-0.571023446417,-0.571023446417,-0.164318664662,0.128968253968,2.009295907241,2.0,30.0,331786.0,100.0,11.0,12.0
2025-09-30 04:00:00,7,,1,,10.762997925282,10.762997925282,1.721229195595,12.484227120876,0.138568183015,0.138568183015,,,-0.399449226131,-0.399449226131,0.138568183015,0.241824601883,1.531772619805,7.0,35.0,,,13.0,13.0
2025-09-30 08:00:00,0,,0,,7.850214779377,7.850214779377,4.309586048126,12.159800827503,0.018117640761,0.018117640761,,,-0.187511582868,-0.187511582868,0.018117640761,0.0,1.844262072519,0.0,46.0,,,18.0,19.0
2025-09-30 12:00:00,4,,1,,12.408317804337,12.408317804337,2.979938745499,15.388256549835,0.141885491427,0.141885491427,,,0.021385594049,0.021385594049,0.141885491427,0.045552867762,1.662645936289,5.0,63.0,,,27.0,27.0
2025-09-30 16:00:00,1,,1,,7.806764483452,7.806764483452,7.641159415245,15.447923898697,-0.010405935084,-0.010405935084,,,0.167801388673,0.167801388673,-0.010405935084,0.089849497208,1.857652325031,6.0,63.0,,,30.0,30.0
2025-09-30 20:00:00,0,,0,,3.022777199745,3.022777199745,6.710012614727,9.732789814472,-0.2196788018,-0.2196788018,,,-0.790800137245,-0.790800137245,-0.2196788018,0.112644259592,1.479915423129,3.0,34.0,,,6.0,6.0
2025-10-01 00:00:00,0,0.0,0,6.0,7.263645172119,7.263645172119,0.703014373779,7.966659545898,0.069859185099,0.069859185099,-0.585255328301,-0.585255328301,-0.462194075617,-0.462194075617,0.069859185099,0.075543795842,1.357636675808,4.0,28.0,332159.0,81.0,14.0,14.0
2025-10-01 04:00:00,0,,0,,7.217487215996,7.217487215996,2.332552850246,9.550040066242,-0.058167734989,-0.058167734989,,,-0.571010088645,-0.571010088645,-0.058167734989,0.031951275407,0.860978081833,1.0,22.0,,,6.0,6.0
2025-10-01 08:00:00,0,,0,,9.415979981422,9.415979981422,1.784371852875,11.200351834297,0.273621244677,0.273621244677,,,-0.280694959542,-0.280694959542,0.273621244677,0.033068783069,1.450058771442,1.0,37.0,,,18.0,18.0
2025-10-01 12:00:00,0,,0,,10.864791214466,10.864791214466,2.249003589153,13.113794803619,0.00372374771,0.00372374771,,,-0.112999601256,-0.112999601256,0.00372374771,0.045832619985,1.216347767818,2.0,44.0,,,19.0,19.0
2025-10-01 16:00:00,0,,0,,7.549284756184,7.549284756184,3.865703225136,11.414987981319,-0.130099904125,-0.130099904125,,,-0.248424244959,-0.248424244959,-0.130099904125,0.017217630854,1.245228107309,1.0,44.0,,,14.0,14.0
2025-10-01 20:00:00,0,,0,,11.138527691364,11.138527691364,1.805391311646,12.94391900301,0.036038112623,0.036038112623,,,-0.295700867162,-0.295700867162,0.036038112623,0.053280651341,1.273004730371,2.0,34.0,,,11.0,11.0
2025-10-02 00:00:00,0,0.0,0,6.0,7.89322835207,7.89322835207,1.665091276169,9.558319628239,0.004254055373,0.004254055373,-0.630039343357,-0.630039343357,-0.261376637794,-0.261376637794,0.004254055373,0.083466880342,1.28673086452,3.0,31.0,332471.0,77.0,15.0,15.0
2025-10-02 04:00:00,0,,0,,8.553781926632,8.553781926632,3.246227920055,11.800009846687,-0.034084118656,-0.034084118656,,,-0.297493503312,-0.297493503312,-0.034084118656,0.178537437627,0.99347983284,3.0,26.0,,,11.0,13.0
2025-10-02 08:00:00,0,,0,,13.423357903957,13.423357903957,3.247402310371,16.670760214329,0.097448861281,0.097448861281,,,0.178570346989,0.178570346989,0.097448861281,0.0,1.34657643132,0.0,43.0,,,13.0,13.0
2025-10-02 12:00:00,0,,0,,9.921180486679,9.921180486679,5.821645975113,15.742826461792,-0.040222769271,-0.040222769271,,,-0.092926387364,-0.092926387364,-0.040222769271,0.012327416174,1.313516287495,1.0,50.0,,,14.0,14.0
2025-10-02 16:00:00,0,,0,,7.335537016392,7.335537016392,3.010493457317,10.346030473709,-0.144345733434,-0.144345733434,,,-0.081425075696,-0.081425075696,-0.144345733434,0.045078284408,1.160472340269,3.0,46.0,,,17.0,17.0
2025-10-02 20:00:00,0,,0,,7.094528853893,7.094528853893,4.261089026928,11.355617880821,-0.067175053203,-0.067175053203,,,-0.576493059637,-0.576493059637,-0.067175053203,0.034722222222,1.162350576711,0.0,34.0,,,7.0,7.0
2025-10-03 00:00:00,0,0.0,0,4.0,5.565257549286,5.565257549286,3.224773466587,8.790031015873,0.11944518903,0.11944518903,-0.701366753582,-0.701366753582,-0.491577863177,-0.491577863177,0.11944518903,0.199163315188,1.151091718949,3.0,28.0,332913.0,86.0,9.0,9.0
2025-10-03 04:00:00,0,,0,,9.998690664768,9.998690664768,2.57338488102,12.572075545788,0.188673211135,0.188673211135,,,0.239576332965,0.239576332965,0.188673211135,0.022893772894,1.699999677639,1.0,43.0,,,16.0,16.0
2025-10-03 08:00:00,0,,0,,15.825736880302,15.825736880302,0.836071491241,16.661808371544,0.133659699884,0.133659699884,,,1.108011676547,1.108011676547,0.133659699884,0.014880952381,1.31220668096,1.0,40.0,,,18.0,18.0
2025-10-03 12:00:00,0,,0,,9.461926758289,9.461926758289,5.496831655502,14.958758413792,-0.056612112145,-0.056612112145,,,0.008870347337,0.008870347337,-0.056612112145,0.042996453901,1.436484360537,2.0,51.0,,,13.0,13.0
2025-10-03 16:00:00,0,,0,,4.969705700874,4.969705700874,7.722772419453,12.692478120327,-0.219404830023,-0.219404830023,,,-0.281575662553,-0.281575662553,-0.219404830023,0.061987411787,2.15804520128,2.0,63.0,,,22.0,22.0
2025-10-03 20:00:00,0,,0,,-0.261105418205,-0.261105418205,4.980624318123,4.719518899918,0.052057248132,0.052057248132,,,-0.872511703686,-0.872511703686,0.052057248132,0.069049811453,1.390194282604,3.0,34.0,,,8.0,8.0
2025-10-04 00:00:00,0,0.0,0,4.0,3.855965435505,3.855965435505,2.51564013958,6.371605575085,0.08105952123,0.08105952123,-0.835270868177,-0.835270868177,-0.711295074169,-0.711295074169,0.08105952123,0.0597583399,1.502080570683,2.0,24.0,333261.0,67.0,8.0,8.0
2025-10-04 04:00:00,0,,0,,7.193591356277,7.193591356277,1.6495667696,8.843158125877,0.035740758495,0.035740758495,,,-0.429769466495,-0.429769466495,0.035740758495,0.0,1.648919908895,0.0,31.0,,,10.0,10.0
2025-10-04 08:00:00,0,,0,,22.082382202148,22.082382202148,3.232717990875,25.315100193024,0.334568178025,0.334568178025,,,1.744702412047,1.744702412047,0.334568178025,0.0,1.7631090653,0.0,52.0,,,18.0,18.0
2025-10-04 12:00:00,0,,0,,4.50784766674,4.50784766674,6.352496385574,10.860344052315,-0.280578445745,-0.280578445745,,,-0.434320846033,-0.434320846033,-0.280578445745,0.013020833333,1.325072554157,1.0,43.0,,,12.0,12.0
2025-10-04 16:00:00,0,,0,,4.576417565346,4.576417565346,4.155450105667,8.731867671013,-0.145645321978,-0.145645321978,,,-0.547594517256,-0.547594517256,-0.145645321978,0.049030237255,1.275481034695,3.0,35.0,,,9.0,9.0
2025-10-04 20:00:00,0,,0,,7.006099045277,7.006099045277,3.952647984028,10.958747029305,0.119159140947,0.119159140947,,,-0.204850487524,-0.204850487524,0.119159140947,0.06875,1.619209197483,2.0,38.0,,,10.0,10.0
2025-10-05 00:00:00,0,0.0,0,4.0,5.499886214733,5.499886214733,3.195146262646,8.695032477379,-0.045940926647,-0.045940926647,-1.076595230204,-1.076595230204,-0.39025498137,-0.39025498137,-0.045940926647,0.0,1.076484273545,0.0,23.0,333499.0,53.0,6.0,6.0
2025-10-05 04:00:00,0,,0,,3.96081495285,3.96081495285,1.578595340252,5.539410293102,-0.11182534523,-0.11182534523,,,-0.5386207407,-0.5386207407,-0.11182534523,0.0,0.85661717427,0.0,23.0,,,3.0,3.0
2025-10-05 08:00:00,0,,0,,7.184111177921,7.184111177921,3.326820313931,10.510931491852,0.382805073433,0.382805073433,,,0.071033088678,0.071033088678,0.382805073433,0.0,1.161476613936,0.0,32.0,,,15.0,15.0
2025-10-05 12:00:00,0,,0,,11.126544058323,11.126544058323,2.440377473831,13.566921532154,-0.068508051431,-0.068508051431,,,0.152503487173,0.152503487173,-0.068508051431,0.034435261708,1.344537953428,2.0,40.0,,,11.0,11.0
2025-10-05 16:00:00,0,,0,,9.862931072712,9.862931072712,3.019112765789,12.882043838501,0.036101225685,0.036101225685,,,-0.119119261005,-0.119119261005,0.036101225685,0.011322463768,1.446769215757,1.0,42.0,,,9.0,9.0
2025-10-05 20:00:00,0,,0,,4.300805270672,4.300805270672,2.483565747738,6.78437101841,-0.108688378072,-0.108688378072,,,-0.404654238012,-0.404654238012,-0.108688378072,0.074671445639,1.365106285433,2.0,33.0,,,9.0,9.0
2025-10-06 00:00:00,0,0.0,0,4.0,0.06279361248,0.06279361248,4.178790092468,4.241583704948,0.026075430753,0.026075430753,-0.538576831099,-0.538576831099,-0.415881226158,-0.415881226158,0.026075430753,0.048734610123,0.967826692652,2.0,21.0,333931.0,83.0,6.0,6.0
2025-10-06 04:00:00,0,,0,,6.537061214447,6.537061214447,2.529619932175,9.066681146622,-0.003578333908,-0.003578333908,,,-0.189415170856,-0.189415170856,-0.003578333908,0.0,1.074234808789,0.0,24.0,,,7.0,7.0
2025-10-06 08:00:00,0,,0,,11.649971187115,11.649971187115,2.233445167542,13.883416354656,0.253878447894,0.253878447894,,,0.726917608217,0.726917608217,0.253878447894,0.014367816092,1.290192724866,0.0,45.0,,,15.0,15.0
2025-10-06 12:00:00,0,,0,,13.567850112915,13.567850112915,4.789087533951,18.356937646866,-0.15777381784,-0.15777381784,,,1.061233818252,1.061233818252,-0.15777381784,0.083715915382,1.495412117045,7.0,62.0,,,20.0,20.0
2025-10-06 16:00:00,0,,0,,15.042959451675,15.042959451675,5.312612295151,20.355571746826,0.166831150964,0.166831150964,,,1.404355674942,1.404355674942,0.166831150964,0.02326952313,1.537642330694,2.0,64.0,,,23.0,23.0
2025-10-06 20:00:00,0,,0,,9.389087200165,9.389087200165,5.646668553352,15.035755753517,-0.130826592807,-0.130826592807,,,-0.050759475788,-0.050759475788,-0.130826592807,0.0,1.472367713563,0.0,42.0,,,12.0,12.0
2025-10-07 00:00:00,0,1.0,0,3.0,9.419535040855,9.419535040855,0.863502502441,10.283037543297,0.001658214775,0.001658214775,-0.518316034083,-0.518316034083,0.040899730656,0.040899730656,0.001658214775,0.034722222222,1.428361857334,1.0,29.0,334181.0,91.0,11.0,11.0
2025-10-07 04:00:00,0,,0,,6.188600122929,6.188600122929,3.262360870838,9.450960993767,0.046849241757,0.046849241757,,,0.05101898154,0.05101898154,0.046849241757,0.11835787452,1.81737429378,3.0,46.0,,,20.0,20.0
2025-10-07 08:00:00,0,,0,,11.737845778465,11.737845778465,3.295043408871,15.032889187336,-0.039146569908,-0.039146569908,,,0.28282342711,0.28282342711,-0.039146569908,0.168965093493,1.411658567293,12.0,55.0,,,14.0,14.0
2025-10-07 12:00:00,0,,0,,16.611059308052,16.611059308052,1.678024053574,18.289083361626,0.069890200427,0.069890200427,,,0.775814495086,0.775814495086,0.069890200427,0.051797058062,1.399388308455,5.0,57.0,,,19.0,20.0
2025-10-07 16:00:00,1,,1,,3.084078252316,3.084078252316,4.986756563187,8.070834815502,-0.191671572155,-0.191671572155,,,-0.337762959116,-0.337762959116,-0.191671572155,0.038268172115,1.181912397468,1.0,43.0,,,18.0,18.0
2025-10-07 20:00:00,0,,0,,5.710722029209,5.710722029209,3.199121832848,8.909843862057,-0.050397654728,-0.050397654728,,,-0.527135779804,-0.527135779804,-0.050397654728,0.063096122879,1.253847685325,2.0,31.0,,,9.0,9.0
2025-10-08 00:00:00,0,0.0,0,1.0,2.742613911629,2.742613911629,3.890972971916,6.633586883545,0.021738917453,0.021738917453,-0.185966125253,-0.185966125253,-0.522360915743,-0.522360915743,0.021738917453,0.069444444444,1.161567435988,2.0,23.0,334311.0,109.0,11.0,11.0
2025-10-08 04:00:00,0,,0,,4.008063554764,4.008063554764,4.750881612301,8.758945167065,-0.037485513701,-0.037485513701,,,-0.335356050954,-0.335356050954,-0.037485513701,0.041877104377,1.496257811342,2.0,37.0,,,16.0,16.0
2025-10-08 08:00:00,0,,0,,7.913586974144,7.913586974144,5.523097813129,13.436684787273,-0.010652028311,-0.010652028311,,,0.02613489603,0.02613489603,-0.010652028311,0.015432098765,1.683491150033,1.0,46.0,,,20.0,20.0
2025-10-08 12:00:00,0,,0,,15.928987920284,15.928987920284,3.887708842754,19.816696763039,0.359393243319,0.359393243319,,,1.61562169203,1.61562169203,0.359393243319,0.064043652153,1.94623348502,3.0,73.0,,,29.0,29.0
2025-10-08 16:00:00,0,,0,,19.115109086037,19.115109086037,0.821636676788,19.936745762825,-0.0351858757,-0.0351858757,,,0.701729941563,0.701729941563,-0.0351858757,0.092183864286,1.830849757311,4.0,57.0,,,21.0,22.0
2025-10-08 20:00:00,0,,0,,8.406101167202,8.406101167202,2.250566899776,10.656668066978,-0.30234612753,-0.30234612753,,,-0.268406847796,-0.268406847796,-0.30234612753,0.0,1.646036127855,0.0,43.0,,,12.0,12.0
2025-10-09 00:00:00,0,0.0,0,1.0,1.417238891125,1.417238891125,1.617949187756,3.03518807888,-0.029289494427,-0.029289494427,-0.407391920987,-0.407391920987,-0.623366859424,-0.623366859424,-0.029289494427,0.0,0.970495349093,0.0,19.0,335988.0,86.0,4.0,4.0
2025-10-09 04:00:00,0,,0,,10.92593228817,10.92593228817,1.663820445538,12.589752733707,0.246378740177,0.246378740177,,,0.075453211482,0.075453211482,0.246378740177,0.208504253308,1.581675042252,5.0,33.0,,,17.0,17.0
2025-10-09 08:00:00,0,,0,,21.43188560009,21.43188560009,5.037925004959,26.469810605049,0.379773257704,0.379773257704,,,0.40498625607,0.40498625607,0.379773257704,0.0,1.888458729321,0.0,58.0,,,12.0,21.0
2025-10-09 12:00:00,0,,0,,13.524374067783,13.524374067783,3.30501717329,16.829391241074,-0.171785430876,-0.171785430876,,,0.705141375163,0.705141375163,-0.171785430876,0.07501754424,1.98725743223,5.0,72.0,,,29.0,29.0
2025-10-09 16:00:00,0,,0,,10.787839949131,10.787839949131,2.299270033836,13.087109982967,-0.085211458735,-0.085211458735,,,-0.157583221325,-0.157583221325,-0.085211458735,0.224370459624,1.784164964226,9.0,49.0,,,16.0,16.0
2025-10-09 20:00:00,0,,0,,5.090129733086,5.090129733086,2.269376635551,7.359506368637,-0.226499422783,-0.226499422783,,,-0.543399972665,-0.543399972665,-0.226499422783,0.123260718875,1.385872746505,2.0,30.0,,,9.0,9.0
2025-10-10 00:00:00,0,0.0,0,1.0,7.60108011961,7.60108011961,4.139470994473,11.740551114082,0.225809224083,0.225809224083,0.260305449935,0.260305449935,-0.297188456958,-0.297188456958,0.225809224083,0.339835214338,1.721070208878,7.0,30.0,336487.0,186.0,15.0,15.0
2025-10-10 04:00:00,0,,0,,10.611540317535,10.611540317535,0.708979487419,11.320519804955,-0.032980025279,-0.032980025279,,,-0.229455564066,-0.229455564066,-0.032980025279,0.074169777012,1.619623507296,2.0,29.0,,,10.0,10.0
2025-10-10 08:00:00,0,,0,,1.879679739475,1.879679739475,11.671277403831,13.550957143307,-0.076376893546,-0.076376893546,,,-0.205170368529,-0.205170368529,-0.076376893546,0.03181640188,2.20203702256,2.0,68.0,,,42.0,42.0
2025-10-10 12:00:00,0,,0,,8.009983479977,8.009983479977,9.972027122974,17.982010602951,-0.06243632314,-0.06243632314,,,-0.082347326087,-0.082347326087,-0.06243632314,0.142936951905,1.984797960032,8.0,67.0,,,28.0,28.0
2025-10-10 16:00:00,0,,0,,3.398005008698,3.398005008698,9.969985425472,13.36799043417,0.131494948255,0.131494948255,,,-0.073066781405,-0.073066781405,0.131494948255,0.104866974715,1.700864198028,8.0,61.0,,,27.0,27.0
2025-10-10 20:00:00,0,,0,,13.686577618122,13.686577618122,16.564668834209,30.251246452332,0.318556981901,0.318556981901,,,1.532605156064,1.532605156064,0.318556981901,0.142018206395,2.053349493731,8.0,109.0,,,64.0,64.0
2025-10-11 00:00:00,0,0.0,0,1.0,-4.787023961544,-4.787023961544,13.454203248024,8.66717928648,-0.379819085805,-0.379819085805,-1.772792006394,-1.772792006394,-0.709867443373,-0.709867443373,-0.379819085805,0.238837646624,2.254751281986,7.0,60.0,337564.0,114.0,26.0,26.0
2025-10-11 04:00:00,0,,0,,-0.296041488647,-0.296041488647,8.026733398438,7.73069190979,0.160060572986,0.160060572986,,,-0.317658748707,-0.317658748707,0.160060572986,0.185616517138,2.065900182842,5.0,51.0,,,20.0,20.0
2025-10-11 08:00:00,0,,0,,2.944874227047,2.944874227047,5.718538105488,8.663412332535,0.220588328756,0.220588328756,,,-0.259446493097,-0.259446493097,0.220588328756,0.06038647343,1.869028637607,2.0,46.0,,,19.0,19.0
2025-10-11 12:00:00,0,,0,,-1.057251811028,-1.057251811028,14.621301233768,13.564049422741,0.004796663945,0.004796663945,,,-0.233053950487,-0.233053950487,0.004796663945,0.015547263682,1.912478710929,1.0,65.0,,,22.0,22.0
2025-10-11 16:00:00,0,,0,,-3.730285584927,-3.730285584927,15.1007386446,11.370453059673,-0.19871245424,-0.19871245424,,,-0.407184362357,-0.407184362357,-0.19871245424,0.092003048497,2.195749256436,4.0,65.0,,,18.0,18.0
2025-10-11 20:00:00,0,,0,,0.557189047337,0.557189047337,5.812549114227,6.369738161564,0.070155560169,0.070155560169,,,-0.301772747683,-0.301772747683,0.070155560169,0.074045866125,1.814835521472,2.0,46.0,,,11.0,11.0
2025-10-12 00:00:00,0,0.0,0,1.0,1.101329922676,1.101329922676,4.378601491451,5.479931414127,0.0259207403,0.0259207403,-1.368408078546,-1.368408078546,-0.215588863392,-0.215588863392,0.0259207403,0.08658008658,1.663668108535,2.0,29.0,340913.0,73.0,5.0,5.0
2025-10-12 04:00:00,0,,0,,2.817567586899,2.817567586899,1.872237384319,4.689804971218,0.02923784315,0.02923784315,,,-0.151981872714,-0.151981872714,0.02923784315,0.243740382242,2.056653384661,5.0,32.0,,,7.0,7.0
2025-10-12 08:00:00,0,,0,,0.981217861176,0.981217861176,4.991219460964,5.97243732214,0.015238445408,0.015238445408,,,-0.160831793484,-0.160831793484,0.015238445408,0.080128205128,1.711746276086,1.0,38.0,,,12.0,12.0
2025-10-12 12:00:00,0,,0,,5.404619932175,5.404619932175,7.625167548656,13.029787480831,0.108218403018,0.108218403018,,,-0.065998457173,-0.065998457173,0.108218403018,0.089616096207,1.684310209688,2.0,42.0,,,18.0,18.0
2025-10-12 16:00:00,0,,0,,3.103338420391,3.103338420391,12.058896481991,15.162234902382,0.011689523084,0.011689523084,,,-0.086564205587,-0.086564205587,0.011689523084,0.218591363607,2.017039565242,7.0,59.0,,,24.0,24.0
2025-10-12 20:00:00,0,,0,,-0.56433993578,-0.56433993578,7.027962625027,6.463622689247,-0.150022736421,-0.150022736421,,,-0.210009553408,-0.210009553408,-0.150022736421,0.052083333333,1.840066050943,1.0,38.0,,,7.0,7.0
2025-10-13 00:00:00,0,0.0,0,1.0,4.697442889214,4.697442889214,3.929883956909,8.627326846123,0.124753293955,0.124753293955,0.013722794002,0.013722794002,-0.040258796666,-0.040258796666,0.124753293955,0.166913385159,2.147326603122,3.0,35.0,342164.0,137.0,12.0,12.0
2025-10-13 04:00:00,0,,0,,8.745622336864,8.745622336864,4.032964587212,12.778586924076,0.209721313891,0.209721313891,,,0.197084954365,0.197084954365,0.209721313891,0.033068783069,2.747089470858,1.0,54.0,,,24.0,24.0
2025-10-13 08:00:00,0,,0,,14.596153080463,14.596153080463,4.321221649647,18.91737473011,0.010429715554,0.010429715554,,,1.110457529291,1.110457529291,0.010429715554,0.065104166667,2.844035332541,1.0,74.0,,,37.0,37.0
2025-10-13 12:00:00,0,,0,,12.036621391773,12.036621391773,8.909447669983,20.946069061756,0.111636773079,0.111636773079,,,1.500064250895,1.500064250895,0.111636773079,0.085519486213,2.277061463464,5.0,72.0,,,34.0,34.0
2025-10-13 16:00:00,0,,0,,2.349285900593,2.349285900593,3.766775071621,6.116060972214,-0.217090918942,-0.217090918942,,,-0.325600905585,-0.325600905585,-0.217090918942,0.041559646119,1.432202242544,2.0,39.0,,,11.0,11.0
2025-10-13 20:00:00,0,,0,,10.041481375694,10.041481375694,2.995972514153,13.037453889847,0.23242642836,0.23242642836,,,0.482632899332,0.482632899332,0.23242642836,0.0,1.416239386766,0.0,38.0,,,19.0,19.0
2025-10-14 00:00:00,0,0.0,0,1.0,1.094984948635,1.094984948635,4.39434248209,5.489327430725,-0.148082610523,-0.148082610523,-1.154721013227,-1.154721013227,-0.457746914845,-0.457746914845,-0.148082610523,0.056306306306,1.826431183575,1.0,32.0,343675.0,58.0,9.0,9.0
2025-10-14 04:00:00,0,,0,,5.411175012589,5.411175012589,4.962733745575,10.373908758163,0.074999623419,0.074999623419,,,-0.244643679066,-0.244643679066,0.074999623419,0.067625433429,1.330155316388,3.0,32.0,,,11.0,11.0
2025-10-14 08:00:00,0,,0,,8.727238953114,8.727238953114,5.64699614048,14.374235093594,0.192133530893,0.192133530893,,,0.369274289491,0.369274289491,0.192133530893,0.05787037037,1.591089039492,1.0,46.0,,,25.0,25.0
2025-10-14 12:00:00,0,,0,,9.279467999935,9.279467999935,4.745633482933,14.025101482868,-0.153123511774,-0.153123511774,,,-0.382602222806,-0.382602222806,-0.153123511774,0.0,1.738120427178,0.0,46.0,,,7.0,7.0
2025-10-14 16:00:00,0,,0,,4.253147125244,4.253147125244,1.834067583084,6.087214708328,-0.090951457316,-0.090951457316,,,-0.519923376557,-0.519923376557,-0.090951457316,0.0,0.747394416148,0.0,21.0,,,4.0,4.0
2025-10-14 20:00:00,0,,0,,2.167914152145,2.167914152145,2.396215438843,4.564129590988,-0.178838863004,-0.178838863004,,,-0.531794565821,-0.531794565821,-0.178838863004,0.0,1.051181652591,0.0,22.0,,,2.0,2.0
2025-10-15 00:00:00,0,2.0,0,0.0,1.670518219471,1.670518219471,4.807010114193,6.477528333664,0.031040163836,0.031040163836,-0.934015511042,-0.934015511042,-0.548323134509,-0.548323134509,0.031040163836,0.0,1.29906074536,0.0,22.0,344455.0,73.0,4.0,4.0
2025-10-15 04:00:00,1,,1,,5.483787178993,5.483787178993,0.709002554417,6.19278973341,0.011932167112,0.011932167112,,,-0.523420903366,-0.523420903366,0.011932167112,0.021701388889,0.870465949398,1.0,17.0,,,0.0,0.0
2025-10-15 08:00:00,0,,0,,3.196563005447,3.196563005447,3.257021784782,6.45358479023,0.021682485664,0.021682485664,,,-0.403777621749,-0.403777621749,0.021682485664,0.038282429938,1.318263274651,2.0,25.0,,,7.0,7.0
2025-10-15 12:00:00,0,,0,,5.812841355801,5.812841355801,6.422180235386,12.235021591187,0.283748558173,0.283748558173,,,0.000246990066,0.000246990066,0.283748558173,0.131702641339,1.527394099655,6.0,54.0,,,23.0,24.0
2025-10-15 16:00:00,1,,1,,12.705716848373,12.705716848373,4.044072926044,16.749789774418,0.098523911238,0.098523911238,,,0.72053493521,0.72053493521,0.098523911238,0.076002656639,1.710077026843,4.0,56.0,,,24.0,24.0
2025-10-15 20:00:00,0,,0,,8.037403464317,8.037403464317,4.030417323112,12.06782078743,-0.056074701279,-0.056074701279,,,0.243665914436,0.243665914436,-0.056074701279,0.012550200803,1.395863873507,1.0,35.0,,,15.0,15.0
2025-10-16 00:00:00,0,2.0,0,2.0,1.563597917557,1.563597917557,2.527337431908,4.090935349464,-0.279955093502,-0.279955093502,-1.096387689892,-1.096387689892,-0.480474248417,-0.480474248417,-0.279955093502,0.012254901961,0.966402445302,1.0,21.0,346154.0,77.0,5.0,5.0
2025-10-16 04:00:00,1,,1,,8.147552788258,8.147552788258,0.803637981415,8.951190769672,0.082953245691,0.082953245691,,,-0.121849480427,-0.121849480427,0.082953245691,0.081295553016,1.022561106561,4.0,25.0,,,9.0,9.0
2025-10-16 08:00:00,0,,0,,5.142521202564,5.142521202564,2.984012126923,8.126533329487,0.067515618959,0.067515618959,,,0.306746876791,0.306746876791,0.067515618959,0.053287497296,1.217956317481,3.0,34.0,,,16.0,16.0
2025-10-16 12:00:00,0,,0,,6.293801426888,6.293801426888,9.675162494183,15.96896392107,0.005440014532,0.005440014532,,,0.256368010632,0.256368010632,0.005440014532,0.053666583801,1.64860432132,4.0,60.0,,,18.0,18.0
2025-10-16 16:00:00,0,,0,,5.720727205276,5.720727205276,4.825439035892,10.546166241169,-0.098896306181,-0.098896306181,,,0.224047185477,0.224047185477,-0.098896306181,0.093118945467,1.353810831313,4.0,49.0,,,18.0,18.0
2025-10-16 20:00:00,1,,1,,-1.948978602886,-1.948978602886,8.360332667828,6.411354064941,0.024570673114,0.024570673114,,,-0.691556036084,-0.691556036084,0.024570673114,0.029188905833,1.103790191415,2.0,33.0,,,11.0,11.0
2025-10-17 00:00:00,0,5.0,0,3.0,13.724413216114,13.724413216114,1.568752229214,15.293165445328,0.226310371985,0.226310371985,-0.685428356433,-0.685428356433,1.309694898391,1.309694898391,0.226310371985,0.044321641068,1.942547826451,3.0,40.0,347019.0,79.0,17.0,17.0
2025-10-17 04:00:00,1,,1,,8.578617155552,8.578617155552,3.319272220135,11.897889375687,-0.208332249549,-0.208332249549,,,0.00407276742,0.00407276742,-0.208332249549,0.0,1.312729805145,0.0,38.0,,,9.0,9.0
2025-10-17 08:00:00,0,,0,,6.313809752464,6.313809752464,4.013892054558,10.327701807022,-0.000226846183,-0.000226846183,,,0.275246792288,0.275246792288,-0.000226846183,0.117453720208,1.273972147085,6.0,49.0,,,23.0,23.0
2025-10-17 12:00:00,0,,0,,12.166477441788,12.166477441788,3.446974933147,15.613452374935,0.060710685342,0.060710685342,,,0.779702672046,0.779702672046,0.060710685342,0.008400537634,1.489499642213,1.0,59.0,,,16.0,16.0
2025-10-17 16:00:00,0,,0,,7.424458920956,7.424458920956,2.377904713154,9.802363634109,-0.129462453223,-0.129462453223,,,-0.395327921808,-0.395327921808,-0.129462453223,0.012781186094,0.849434403682,1.0,30.0,,,7.0,7.0
2025-10-17 20:00:00,4,,2,,-0.054849207401,-0.054849207401,6.535115718842,6.48026651144,-0.139285967728,-0.139285967728,,,-0.78458610805,-0.78458610805,-0.139285967728,0.027598388254,1.053486763196,2.0,30.0,,,7.0,7.0
2025-10-18 00:00:00,0,2.0,0,6.0,5.80132496357,5.80132496357,0.809365272522,6.610690236092,0.119985109634,0.119985109634,-1.173784008789,-1.173784008789,-0.206845326992,-0.206845326992,0.119985109634,0.034815062389,0.784173085894,2.0,17.0,347595.0,41.0,7.0,7.0
2025-10-18 04:00:00,2,,2,,6.164646744728,6.164646744728,0.0,6.164646744728,-0.15624937269,-0.15624937269,,,-0.375309082394,-0.375309082394,-0.15624937269,0.0,1.194021261986,0.0,22.0,,,5.0,5.0
2025-10-18 08:00:00,0,,0,,3.707061886787,3.707061886787,1.757857143879,5.464919030666,-0.121095810296,-0.121095810296,,,-0.455357909852,-0.455357909852,-0.121095810296,0.043981481481,0.711049777335,2.0,18.0,,,6.0,6.0
2025-10-18 12:00:00,0,,0,,13.095143735409,13.095143735409,1.618284165859,14.713427901268,0.180506749378,0.180506749378,,,0.323004524635,0.323004524635,0.180506749378,0.04859505229,1.379824442715,3.0,42.0,,,11.0,11.0
2025-10-18 16:00:00,0,,0,,5.816059231758,5.816059231758,0.0,5.816059231758,-0.158552787388,-0.158552787388,,,-0.367985193746,-0.367985193746,-0.158552787388,0.030443358203,0.993593359487,3.0,28.0,,,5.0,5.0
2025-10-18 20:00:00,0,,0,,0.890254735947,0.890254735947,3.858118712902,4.748373448849,-0.067157878859,-0.067157878859,,,-0.709403109192,-0.709403109192,-0.067157878859,0.0,1.082524681559,0.0,25.0,,,7.0,7.0
2025-10-19 00:00:00,0,1.0,0,7.0,2.519805252552,2.519805252552,3.046556651592,5.566361904144,0.079924391957,0.079924391957,-0.989328808024,-0.989328808024,-0.427886708896,-0.427886708896,0.079924391957,0.020627062706,1.201227746835,1.0,26.0,348096.0,55.0,7.0,7.0
2025-10-19 04:00:00,0,,0,,3.507008194923,3.507008194923,1.472602725029,4.979610919952,-0.008545742028,-0.008545742028,,,-0.233949273109,-0.233949273109,-0.008545742028,0.0,0.907422918114,0.0,18.0,,,8.0,8.0
2025-10-19 08:00:00,0,,0,,3.708837449551,3.708837449551,3.638217031956,7.347054481506,0.036317280991,0.036317280991,,,-0.39233346094,-0.39233346094,0.036317280991,0.016534391534,1.098022630917,1.0,24.0,,,9.0,9.0
2025-10-19 12:00:00,0,,0,,9.937879920006,9.937879920006,0.700502336025,10.638382256031,0.08515032518,0.08515032518,,,0.181481484617,0.181481484617,0.08515032518,0.041335978836,1.320559996257,2.0,33.0,,,9.0,9.0
2025-10-19 16:00:00,0,,0,,9.156941175461,9.156941175461,3.260766267776,12.417707443237,-0.105266224549,-0.105266224549,,,-0.023540754914,-0.023540754914,-0.105266224549,0.0,1.512906229999,0.0,37.0,,,7.0,7.0
2025-10-19 20:00:00,1,,1,,9.951210021973,9.951210021973,3.034583210945,12.985793232918,0.063543795035,0.063543795035,,,0.706150050698,0.706150050698,0.063543795035,0.115907047707,1.27138980237,4.0,36.0,,,15.0,15.0
2025-10-20 00:00:00,0,3.0,0,8.0,0.591282248497,0.591282248497,3.292228341103,3.8835105896,-0.279787979988,-0.279787979988,-1.079445317344,-1.079445317344,-0.440530795233,-0.440530795233,-0.279787979988,0.058788947678,1.429033196062,2.0,25.0,348725.0,73.0,9.0,9.0
2025-10-20 04:00:00,0,,0,,6.283366322517,6.283366322517,0.0,6.283366322517,0.24938395383,0.24938395383,,,0.214198178198,0.214198178198,0.24938395383,0.00946969697,1.223803659701,1.0,29.0,,,10.0,10.0
2025-10-20 08:00:00,0,,0,,8.050868749619,8.050868749619,2.42910015583,10.479968905449,0.008187037664,0.008187037664,,,0.419896041676,0.419896041676,0.008187037664,0.127913584557,1.514749798811,6.0,37.0,,,12.0,12.0
2025-10-20 12:00:00,0,,0,,2.499215781689,2.499215781689,5.561779856682,8.060995638371,0.057848266872,0.057848266872,,,-0.339337117058,-0.339337117058,0.057848266872,0.090481816755,1.079595866533,7.0,36.0,,,15.0,15.0
2025-10-20 16:00:00,0,,0,,-3.196595788002,-3.196595788002,7.943786263466,4.747190475464,-0.241074487462,-0.241074487462,,,-1.311001885504,-1.311001885504,-0.241074487462,0.015547263682,1.314698297141,1.0,36.0,,,17.0,17.0
2025-10-20 20:00:00,3,,1,,7.316590428352,7.316590428352,3.233513891697,10.550104320049,0.158655217732,0.158655217732,,,0.396659247651,0.396659247651,0.158655217732,0.032330487289,1.286349032872,2.0,31.0,,,11.0,11.0
2025-10-21 00:00:00,2,2.0,2,8.0,4.052877485752,4.052877485752,5.878865540028,9.93174302578,0.156259781437,0.156259781437,-0.36267703052,-0.36267703052,0.732507249417,0.732507249417,0.156259781437,0.20403794667,1.535626837079,6.0,32.0,349364.0,84.0,13.0,13.0
2025-10-21 04:00:00,0,,0,,7.865537703037,7.865537703037,1.555243372917,9.420781075954,-0.095657160375,-0.095657160375,,,0.484735844847,0.484735844847,-0.095657160375,0.076160407666,1.400892766917,2.0,30.0,,,12.0,12.0
2025-10-21 08:00:00,0,,0,,13.804935991764,13.804935991764,1.509268403053,15.314204394817,-0.045150587206,-0.045150587206,,,0.547447147045,0.547447147045,-0.045150587206,0.012703252033,1.408694392804,1.0,39.0,,,9.0,9.0
2025-10-21 12:00:00,0,,0,,11.29236727953,11.29236727953,3.11171901226,14.40408629179,0.103356069504,0.103356069504,,,0.666750241452,0.666750241452,0.103356069504,0.041395369754,1.876577087928,3.0,65.0,,,14.0,14.0
2025-10-21 16:00:00,0,,0,,9.794998764992,9.794998764992,6.252130568027,16.047129333019,-0.126023497503,-0.126023497503,,,1.147043453557,1.147043453557,-0.126023497503,0.12469687114,1.98002225985,6.0,65.0,,,22.0,22.0
2025-10-21 20:00:00,0,,0,,10.201439738274,10.201439738274,4.117743074894,14.319182813168,0.10915037514,0.10915037514,,,0.155804277773,0.155804277773,0.10915037514,0.098043046081,1.780449038164,5.0,44.0,,,14.0,14.0
2025-10-22 00:00:00,0,0.0,0,8.0,10.188414216042,10.188414216042,1.783633351326,11.972047567368,-0.103566183498,-0.103566183498,-0.061324046877,-0.061324046877,0.054307626632,0.054307626632,-0.103566183498,0.038244766506,1.665509393411,2.0,36.0,349796.0,97.0,9.0,9.0
2025-10-22 04:00:00,0,,0,,5.772519111633,5.772519111633,0.837992787361,6.610511898994,-0.078422035483,-0.078422035483,,,-0.539073757988,-0.539073757988,-0.078422035483,0.114348370927,1.358811053706,2.0,25.0,,,6.0,6.0
2025-10-22 08:00:00,0,,0,,13.184996068478,13.184996068478,1.566570878029,14.751566946507,0.24512383311,0.24512383311,,,0.794021526464,0.794021526464,0.24512383311,0.053653099623,1.551926837221,3.0,41.0,,,14.0,16.0
2025-10-22 12:00:00,0,,0,,9.347338795662,9.347338795662,5.337420523167,14.684759318829,0.055530767692,0.055530767692,,,1.163031679133,1.163031679133,0.055530767692,0.046897546898,1.470707329741,3.0,57.0,,,26.0,26.0
2025-10-22 16:00:00,0,,0,,19.324353098869,19.324353098869,8.392039835453,27.716392934322,-0.032984205166,-0.032984205166,,,1.698802023484,1.698802023484,-0.032984205166,0.156397688548,2.233395565895,5.0,79.0,,,22.0,22.0
2025-10-22 20:00:00,0,,0,,5.180510163307,5.180510163307,5.488247692585,10.668757855892,-0.030417347455,-0.030417347455,,,0.016207252247,0.016207252247,-0.030417347455,0.154606353678,1.871312776931,8.0,55.0,,,20.0,20.0
2025-10-23 00:00:00,0,0.0,0,7.0,1.69987899065,1.69987899065,10.807351529598,12.507230520248,0.06704445877,0.06704445877,1.166371904096,1.166371904096,-0.530045427673,-0.530045427673,0.06704445877,0.044599345586,2.035908107391,2.0,38.0,350293.0,133.0,10.0,10.0
2025-10-23 04:00:00,0,,0,,16.112969517708,16.112969517708,1.924961030483,18.037930548191,0.145686867407,0.145686867407,,,1.084887060314,1.084887060314,0.145686867407,0.137774467564,1.881669331816,4.0,44.0,,,24.0,24.0
2025-10-23 08:00:00,0,,0,,17.338762700558,17.338762700558,2.633228003979,19.971990704536,0.039569095616,0.039569095616,,,1.218909130288,1.218909130288,0.039569095616,0.023344318895,2.018140062855,2.0,57.0,,,25.0,25.0
2025-10-23 12:00:00,0,,0,,37.667964875698,37.667964875698,6.648201942444,44.316166818142,0.31225361716,0.31225361716,,,3.562245514189,3.562245514189,0.31225361716,0.217335739129,3.156612559472,13.0,119.0,,,48.0,48.0
2025-10-23 16:00:00,0,,0,,12.182669579983,12.182669579983,5.943920493126,18.126590073109,-0.372226555959,-0.372226555959,,,-0.135138757533,-0.135138757533,-0.372226555959,0.014467592593,1.914430583752,1.0,61.0,,,17.0,17.0
2025-10-23 20:00:00,0,,0,,3.787267684937,3.787267684937,3.787613630295,7.574881315231,-0.047173620951,-0.047173620951,,,-0.581315847106,-0.581315847106,-0.047173620951,0.077008058951,1.094732018426,3.0,25.0,,,9.0,9.0
2025-10-24 00:00:00,0,0.0,0,6.0,3.669602632523,3.669602632523,3.38495439291,7.054557025433,-0.051066010427,-0.051066010427,-0.425454579795,-0.425454579795,-0.529914713699,-0.529914713699,-0.051066010427,0.0,1.593019378387,0.0,31.0,,93.0,9.0,9.0
2025-10-24 04:00:00,0,,0,,6.943037033081,6.943037033081,4.943585693836,11.886622726917,-0.017826681765,-0.017826681765,,,-0.314213803708,-0.314213803708,-0.017826681765,0.066137566138,1.515302562036,2.0,38.0,,,14.0,14.0
2025-10-24 08:00:00,0,,0,,9.982357859612,9.982357859612,3.928102910519,13.91046077013,-0.133243791919,-0.133243791919,,,-0.363012064871,-0.363012064871,-0.133243791919,0.052435107437,1.384033259047,5.0,42.0,,,12.0,12.0
2025-10-24 12:00:00,0,,0,,9.698671460152,9.698671460152,6.809732854366,16.508404314518,0.189452931509,0.189452931509,,,-0.039598524363,-0.039598524363,0.189452931509,0.03103941107,1.646081625427,2.0,66.0,,,24.0,24.0
2025-10-24 16:00:00,0,,0,,1.135038852692,1.135038852692,17.219654381275,18.354693233967,0.053311110734,0.053311110734,,,-0.241132402611,-0.241132402611,0.053311110734,0.0,2.389133996212,0.0,74.0,,,16.0,16.0
2025-10-24 20:00:00,0,,0,,17.520230352879,17.520230352879,4.809870958328,22.330101311207,-0.023146375745,-0.023146375745,,,-0.02654081731,-0.02654081731,-0.023146375745,0.064120047787,2.848317740279,3.0,65.0,,,18.0,18.0
2025-10-25 00:00:00,0,0.0,0,4.0,2.352217018604,2.352217018604,4.143740475178,6.495957493782,-0.289783197367,-0.289783197367,-0.783948395277,-0.783948395277,-0.588133476854,-0.588133476854,-0.289783197367,0.0,1.43987541008,0.0,26.0,,67.0,4.0,5.0
2025-10-25 04:00:00,0,,0,,3.120818376541,3.120818376541,3.228795826435,6.349614202976,0.056520274709,0.056520274709,,,-0.555356342454,-0.555356342454,0.056520274709,0.0,1.29313374232,0.0,26.0,,,5.0,5.0
2025-10-25 08:00:00,0,,0,,11.703586637974,11.703586637974,2.60167402029,14.305260658264,0.279092329114,0.279092329114,,,-0.099228389664,-0.099228389664,0.279092329114,0.05011764141,1.790634301409,2.0,39.0,,,16.0,17.0
2025-10-25 12:00:00,0,,0,,5.507363736629,5.507363736629,5.253769814968,10.761133551598,-0.14830211596,-0.14830211596,,,-0.35414334094,-0.35414334094,-0.14830211596,0.017655367232,1.777422392802,1.0,49.0,,,12.0,12.0
2025-10-25 16:00:00,0,,0,,7.474943935871,7.474943935871,6.441591620445,13.916535556316,0.082066013024,0.082066013024,,,-0.241953342515,-0.241953342515,0.082066013024,0.111713966173,2.178333058342,4.0,55.0,,,14.0,14.0
2025-10-25 20:00:00,0,,0,,12.066716909409,12.066716909409,10.027906954288,22.094623863697,0.043620790602,0.043620790602,,,-0.170669448521,-0.170669448521,0.043620790602,0.057795214045,2.185753412009,3.0,53.0,,,17.0,17.0
2025-10-26 00:00:00,0,0.0,0,2.0,1.720037519932,1.720037519932,3.213907957077,4.933945477009,-0.202458918851,-0.202458918851,-0.443027627062,-0.443027627062,-0.520254639592,-0.520254639592,-0.202458918851,0.032552083333,1.701837596379,1.0,25.0,,79.0,8.0,8.0
2025-10-26 04:00:00,0,,0,,12.570199549198,12.570199549198,2.507127940655,15.077327489853,0.200413858158,0.200413858158,,,-0.216560956053,-0.216560956053,0.200413858158,0.0,1.936195519275,0.0,28.0,,,7.0,7.0
2025-10-26 08:00:00,0,,0,,19.392706632614,19.392706632614,3.935665428638,23.328372061253,0.257756080899,0.257756080899,,,1.42442620125,1.42442620125,0.257756080899,0.015547263682,2.389494362333,1.0,56.0,,,21.0,22.0
2025-10-26 12:00:00,0,,0,,9.555359423161,9.555359423161,5.400078356266,14.955437779427,-0.177254656953,-0.177254656953,,,0.40914830173,0.40914830173,-0.177254656953,0.071863901823,1.779543683346,3.0,52.0,,,17.0,17.0
2025-10-26 16:00:00,0,,0,,10.449298024178,10.449298024178,2.296933233738,12.746231257915,-0.011238111938,-0.011238111938,,,-0.141177786503,-0.141177786503,-0.011238111938,0.0,1.498835546166,0.0,39.0,,,13.0,13.0
2025-10-26 20:00:00,0,,0,,0.834361970425,0.834361970425,6.51224052906,7.346602499485,-0.125339870209,-0.125339870209,,,-0.573069466931,-0.573069466931,-0.125339870209,0.03769545793,1.7936932203,2.0,44.0,,,12.0,12.0
2025-10-27 00:00:00,0,2.0,0,2.0,10.443142294884,10.443142294884,2.985502898693,13.428645193577,0.042771031602,0.042771031602,-0.419452762947,-0.419452762947,-0.060035856377,-0.060035856377,0.042771031602,0.055194805195,2.259005265741,2.0,45.0,,99.0,20.0,17.0
2025-10-27 04:00:00,1,,1,,7.398354709148,7.398354709148,3.110281050205,10.508635759354,0.070689237814,0.070689237814,,,-0.28963133582,-0.28963133582,0.070689237814,0.0,1.335078258308,0.0,33.0,,,16.0,12.0
2025-10-27 08:00:00,1,,1,,7.466714024544,7.466714024544,2.433553397655,9.900267422199,-0.057205780717,-0.057205780717,,,-0.380665817245,-0.380665817245,-0.057205780717,0.014775413712,1.316674543541,1.0,36.0,,,17.0,12.0
2025-10-27 12:00:00,0,,0,,11.316400408745,11.316400408745,3.150327801704,14.466728210449,-0.072306408084,-0.072306408084,,,0.090214019171,0.090214019171,-0.072306408084,0.058774491451,1.323279805649,4.0,44.0,,,21.0,15.0
2025-10-27 16:00:00,0,,0,,5.498244345188,5.498244345188,5.845178067684,11.343422412872,0.021617774637,0.021617774637,,,-0.368458316829,-0.368458316829,0.021617774637,0.032892133587,1.192220811814,2.0,36.0,,,12.0,12.0
2025-10-27 20:00:00,0,,0,,1.283994197845,1.283994197845,6.307002007961,7.590996205807,-0.149678221687,-0.149678221687,,,-0.661234284918,-0.661234284918,-0.149678221687,0.0,1.790999704856,0.0,43.0,,,13.0,12.0
2025-10-28 00:00:00,0,0.0,0,4.0,7.294225990772,7.294225990772,2.503478944302,9.797704935074,0.079775674163,0.079775674163,0.125203984443,0.125203984443,-0.528349010377,-0.528349010377,0.079775674163,0.053981106613,1.658082219803,2.0,28.0,,89.0,6.0,6.0
2025-10-28 04:00:00,0,,0,,9.769488811493,9.769488811493,4.864915907383,14.634404718876,0.147150816913,0.147150816913,,,-0.044837988037,-0.044837988037,0.147150816913,0.027272016601,1.72728723181,2.0,39.0,,,13.0,14.0
2025-10-28 08:00:00,0,,0,,13.531463086605,13.531463086605,4.054947793484,17.586410880089,0.011602626876,0.011602626876,,,0.340824945785,0.340824945785,0.011602626876,0.018015890318,1.561563374794,2.0,43.0,,,18.0,18.0
2025-10-28 12:00:00,0,,0,,22.313061118126,22.313061118126,3.873792767525,26.186853885651,0.1802967495,0.1802967495,,,1.89655990754,1.89655990754,0.1802967495,0.021258503401,1.782568975506,1.0,64.0,,,26.0,26.0
2025-10-28 16:00:00,0,,0,,11.02211111784,11.02211111784,4.877176702023,15.899287819862,-0.176793570601,-0.176793570601,,,-0.231375139067,-0.231375139067,-0.176793570601,0.047372432048,1.320537538443,3.0,46.0,,,12.0,12.0
2025-10-28 20:00:00,0,,0,,11.413125157356,11.413125157356,4.96671295166,16.379838109016,0.001752908368,0.001752908368,,,-0.066863240639,-0.066863240639,0.001752908368,0.0,1.32295733909,0.0,41.0,,,14.0,14.0
2025-10-29 00:00:00,0,0.0,0,2.0,11.775497317314,11.775497317314,3.189389407635,14.964886724949,-0.107716441474,-0.107716441474,1.083350423819,1.083350423819,-0.265619344282,-0.265619344282,-0.107716441474,0.186555094447,1.705713217905,7.0,31.0,353493.0,127.0,9.0,9.0
2025-10-29 04:00:00,0,,0,,8.951950132847,8.951950132847,1.543555736542,10.495505869389,-0.096732401807,-0.096732401807,,,-0.517837031004,-0.517837031004,-0.096732401807,0.076338357588,1.638277970422,2.0,34.0,,,9.0,9.0
2025-10-29 08:00:00,0,,0,,18.46161031723,18.46161031723,3.096041381359,21.557651698589,0.571642514172,0.571642514172,,,2.087504083785,2.087504083785,0.571642514172,0.097464325387,1.572633386552,4.0,58.0,,,31.0,32.0
2025-10-29 12:00:00,0,,0,,27.254070222378,27.254070222378,2.379149496555,29.633219718933,0.028909525652,0.028909525652,,,2.28327464865,2.28327464865,0.028909525652,0.009300595238,1.446961438903,1.0,76.0,,,42.0,44.0
2025-10-29 16:00:00,0,,0,,12.690456151962,12.690456151962,6.052245616913,18.742701768875,-0.23351612524,-0.23351612524,,,-0.073164399486,-0.073164399486,-0.23351612524,0.029294782302,0.918631023945,3.0,54.0,,,17.0,17.0
2025-10-29 20:00:00,0,,0,,8.432489573956,8.432489573956,9.062744438648,17.495234012604,-0.074246525386,-0.074246525386,,,-0.165562716124,-0.165562716124,-0.074246525386,0.019244017132,1.428832807555,2.0,62.0,,,20.0,20.0
2025-10-30 00:00:00,1,2.0,1,2.0,1.463663637638,1.463663637638,4.247538924217,5.711202561855,-0.159559420745,-0.159559420745,0.495589116179,0.495589116179,-0.506327278958,-0.506327278958,-0.159559420745,0.059053275417,0.642912299144,5.0,25.0,353874.0,126.0,2.0,2.0
2025-10-30 04:00:00,0,,0,,10.776492834091,10.776492834091,3.362896859646,14.139389693737,0.162145642864,0.162145642864,,,-0.338034466318,-0.338034466318,0.162145642864,0.022268543831,1.057627924634,2.0,42.0,,,9.0,9.0
2025-10-30 08:00:00,0,,0,,12.057413637638,12.057413637638,7.48330694437,19.540720582008,0.175755171344,0.175755171344,,,0.266804210223,0.266804210223,0.175755171344,0.047916620414,1.159406258853,6.0,53.0,,,22.0,22.0
2025-10-30 12:00:00,1,,1,,11.799058437347,11.799058437347,13.693986535072,25.49304497242,0.25252643195,0.25252643195,,,0.245500086166,0.245500086166,0.25252643195,0.026274735944,1.674400950557,3.0,90.0,,,34.0,35.0
2025-10-30 16:00:00,0,,0,,18.702696323395,18.702696323395,10.759635925293,29.462332248688,0.01308998307,0.01308998307,,,0.569211425945,0.569211425945,0.01308998307,0.038398072803,1.735114269523,5.0,97.0,,,39.0,39.0
2025-10-30 20:00:00,0,,0,,13.346452593803,13.346452593803,8.159567296505,21.506019890308,-0.151778107409,-0.151778107409,,,0.016645741463,0.016645741463,-0.151778107409,0.02297971048,1.162915255067,2.0,57.0,,,22.0,22.0
2025-10-31 00:00:00,0,5.0,0,4.0,11.664860963821,11.664860963821,2.28744250536,13.952303469181,-0.116110640062,-0.116110640062,1.255081391297,1.255081391297,-0.349305534589,-0.349305534589,-0.116110640062,0.0,0.828752589516,0.0,39.0,354127.0,128.0,12.0,12.0
2025-10-31 04:00:00,0,,0,,18.153675377369,18.153675377369,2.91370767355,21.067383050919,0.231157819916,0.231157819916,,,0.159584859942,0.159584859942,0.231157819916,0.046824115168,1.145756229124,4.0,55.0,,,23.0,23.0
2025-10-31 08:00:00,0,,0,,5.223812580109,5.223812580109,4.73375505209,9.957567632198,-0.330362116646,-0.330362116646,,,-0.375031124704,-0.375031124704,-0.330362116646,0.03568924676,0.834627686056,3.0,53.0,,,23.0,23.0
2025-10-31 12:00:00,0,,0,,24.182199716568,24.182199716568,1.517040967941,25.699240684509,0.294788992381,0.294788992381,,,0.198252591481,0.198252591481,0.294788992381,0.009735202492,1.064832621523,1.0,72.0,,,21.0,21.0
2025-10-31 16:00:00,5,,2,,23.348765909672,23.348765909672,6.232529163361,29.581295073032,0.024295205937,0.024295205937,,,0.180612922022,0.180612922022,0.024295205937,0.012781186094,1.3265311413,1.0,83.0,,,23.0,23.0
2025-10-31 20:00:00,0,,0,,12.441772222519,12.441772222519,4.211765706539,16.653537929058,0.010363880057,0.010363880057,,,0.042498924425,0.042498924425,0.010363880057,0.005453752182,0.865379236383,1.0,46.0,,,27.0,27.0
2025-11-01 00:00:00,0,0.0,0,6.0,7.371426701546,7.371426701546,0.789558887482,8.160985589027,-0.061179295055,-0.061179295055,-0.601891595497,-0.601891595497,-0.541908611317,-0.541908611317,-0.061179295055,0.005952380952,0.582251703885,1.0,27.0,354595.0,82.0,11.0,13.0
2025-11-01 04:00:00,0,,0,,6.219082713127,6.219082713127,2.594815015793,8.81389772892,-0.154274692416,-0.154274692416,,,-0.751900571434,-0.751900571434,-0.154274692416,0.0,0.481268164424,0.0,26.0,,,4.0,4.0
2025-11-01 08:00:00,0,,0,,4.606068134308,4.606068134308,9.942799925804,14.548868060112,0.131492618641,0.131492618641,,,-0.488727072956,-0.488727072956,0.131492618641,0.0466324229,0.975859708596,5.0,56.0,,,22.0,23.0
2025-11-01 12:00:00,0,,0,,15.26360565424,15.26360565424,6.451830863953,21.715436518192,0.001776200528,0.001776200528,,,-0.040583421405,-0.040583421405,0.001776200528,0.0,0.822231403066,0.0,56.0,,,20.0,21.0
2025-11-01 16:00:00,0,,0,,13.920395672321,13.920395672321,4.628490447998,18.548886120319,-0.032218489463,-0.032218489463,,,-0.085244454466,-0.085244454466,-0.032218489463,0.043185719173,0.870068834511,6.0,53.0,,,18.0,18.0
2025-11-01 20:00:00,0,,0,,-0.565479099751,-0.565479099751,7.555889427662,6.990410327911,-0.233586236181,-0.233586236181,,,-0.926249192514,-0.926249192514,-0.233586236181,0.013384304871,0.604438957215,2.0,36.0,,,13.0,13.0
2025-11-02 00:00:00,0,0.0,0,6.0,9.588077604771,9.588077604771,0.970146596432,10.558224201202,0.283975410227,0.283975410227,0.038872830045,0.038872830045,-0.665837328217,-0.665837328217,0.283975410227,0.0,0.484628741867,0.0,24.0,355018.0,110.0,8.0,11.0
2025-11-02 04:00:00,0,,0,,7.062753617764,7.062753617764,3.187025427818,10.249779045582,0.005476018502,0.005476018502,,,-0.547492492821,-0.547492492821,0.005476018502,0.0,0.51352695123,0.0,26.0,,,14.0,14.0
2025-11-02 08:00:00,0,,0,,6.385601699352,6.385601699352,2.395509898663,8.781111598015,-0.100466143632,-0.100466143632,,,-0.42162988651,-0.42162988651,-0.100466143632,0.0,0.671708898588,0.0,37.0,,,16.0,16.0
2025-11-02 12:00:00,0,,0,,11.728652596474,11.728652596474,8.656585276127,20.385237872601,0.012219247784,0.012219247784,,,0.246255456596,0.246255456596,0.012219247784,0.029355832036,1.072645088156,4.0,71.0,,,32.0,32.0
2025-11-02 16:00:00,0,,0,,18.812654912472,18.812654912472,6.372343838215,25.184998750687,0.135507773603,0.135507773603,,,1.093812058443,1.093812058443,0.135507773603,0.0124750499,1.103947269093,1.0,79.0,,,32.0,34.0
2025-11-02 20:00:00,0,,0,,7.916665136814,7.916665136814,3.224371492863,11.141036629677,-0.066895991452,-0.066895991452,,,-0.295414014747,-0.295414014747,-0.066895991452,0.015968406593,0.673511962352,2.0,46.0,,,18.0,18.0
2025-11-03 00:00:00,0,1.0,0,6.0,12.387730419636,12.387730419636,2.237612426281,14.625342845917,0.037723255003,0.037723255003,1.265617080055,1.265617080055,-0.1068519717,-0.1068519717,0.037723255003,0.025102867457,0.574392430856,4.0,38.0,355484.0,165.0,14.0,14.0
2025-11-03 04:00:00,0,,0,,11.868635058403,11.868635058403,3.19846868515,15.067103743553,0.057796390118,0.057796390118,,,0.106624236835,0.106624236835,0.057796390118,0.020787764853,0.690691663149,3.0,53.0,,,19.0,19.0
2025-11-03 08:00:00,0,,0,,14.947093427181,14.947093427181,2.480269491673,17.427362918854,0.043447485491,0.043447485491,,,1.066052622123,1.066052622123,0.043447485491,0.015810547805,0.694228650395,3.0,63.0,,,26.0,26.0
2025-11-03 12:00:00,0,,0,,20.24483525753,20.24483525753,6.455452024937,26.700287282467,0.053269986247,0.053269986247,,,1.898459988544,1.898459988544,0.053269986247,0.01891512494,0.778203270176,4.0,86.0,,,42.0,42.0
2025-11-03 16:00:00,1,,1,,16.990070402622,16.990070402622,9.171284735203,26.161355137825,-0.168734666876,-0.168734666876,,,1.097551610251,1.097551610251,-0.168734666876,0.021909798534,0.885556369022,6.0,102.0,,,42.0,42.0
2025-11-03 20:00:00,0,,0,,-1.037969052792,-1.037969052792,11.196982383728,10.159013330936,-0.10608818654,-0.10608818654,,,-0.618739569524,-0.618739569524,-0.10608818654,0.026938670883,0.626020613295,7.0,66.0,,,22.0,22.0
2025-11-04 00:00:00,0,4.0,0,4.0,0.689847052097,0.689847052097,6.702223479748,7.392070531845,-0.190090111175,-0.190090111175,1.292547422754,1.292547422754,-0.77353500255,-0.77353500255,-0.190090111175,0.022815111105,0.432175962237,6.0,40.0,355958.0,159.0,17.0,17.0
2025-11-04 04:00:00,4,,1,,11.795600950718,11.795600950718,7.154907464981,18.950508415699,0.158694204682,0.158694204682,,,0.055793430324,0.055793430324,0.158694204682,0.002976190476,0.50437144458,1.0,50.0,,,17.0,17.0
2025-11-04 08:00:00,0,,0,,11.230264544487,11.230264544487,5.993527173996,17.223791718483,-0.119126022172,-0.119126022172,,,-0.409277058654,-0.409277058654,-0.119126022172,0.003629500581,0.585287096641,1.0,61.0,,,11.0,11.0
2025-11-04 12:00:00,0,,0,,24.582322478294,24.582322478294,5.999054253101,30.581376731396,0.490610577929,0.490610577929,,,1.43422308725,1.43422308725,0.490610577929,0.024168433519,0.857713061371,6.0,101.0,,,37.0,37.0
2025-11-04 16:00:00,0,,0,,15.890654444695,15.890654444695,10.853523790836,26.744178235531,-0.018818807688,-0.018818807688,,,0.664120486828,0.664120486828,-0.018818807688,0.014715793945,0.827710976423,4.0,103.0,,,42.0,42.0
2025-11-04 20:00:00,0,,0,,16.139236688614,16.139236688614,6.755921721458,22.895158410072,0.005009782779,0.005009782779,,,0.845474705587,0.845474705587,0.005009782779,0.0,0.599742996834,0.0,67.0,,,39.0,39.0
2025-11-05 00:00:00,0,0.0,0,4.0,9.816160023212,9.816160023212,4.882876396179,14.699036419392,-0.038097890397,-0.038097890397,2.95742585965,2.95742585965,-0.30835711187,-0.30835711187,-0.038097890397,0.008076027346,0.463439355441,2.0,42.0,356250.0,197.0,16.0,16.0
2025-11-05 04:00:00,0,,0,,12.273586750031,12.273586750031,5.568856239319,17.842442989349,-0.075083969061,-0.075083969061,,,-0.296369287095,-0.296369287095,-0.075083969061,0.003720238095,0.507537502044,1.0,49.0,,,17.0,17.0
2025-11-05 08:00:00,0,,0,,26.902276992798,26.902276992798,8.003682911396,34.905959904194,0.398397070139,0.398397070139,,,1.964970965419,1.964970965419,0.398397070139,0.017682281571,0.895565558403,5.0,103.0,,,57.0,58.0
2025-11-05 12:00:00,0,,0,,23.40902030468,23.40902030468,8.994668841362,32.403689146042,-0.081364186353,-0.081364186353,,,0.863640664453,0.863640664453,-0.081364186353,0.009009564842,0.80368989313,3.0,97.0,,,46.0,46.0
2025-11-05 16:00:00,0,,0,,28.362139523029,28.362139523029,10.243808150291,38.605947673321,0.062028905475,0.062028905475,,,1.615161851443,1.615161851443,0.062028905475,0.017636313016,1.048647303334,5.0,129.0,,,56.0,64.0
2025-11-05 20:00:00,0,,0,,9.582312881947,9.582312881947,3.836821734905,13.419134616852,-0.303428710423,-0.303428710423,,,-0.731595992888,-0.731595992888,-0.303428710423,0.011337193608,0.329466556382,3.0,35.0,,,11.0,11.0
2025-11-06 00:00:00,0,0.0,0,4.0,10.309616804123,10.309616804123,3.244719326496,13.554336130619,0.298490365321,0.298490365321,0.571263398212,0.571263398212,-0.441909860078,-0.441909860078,0.298490365321,0.008138442702,0.397262358261,2.0,40.0,356614.0,117.0,20.0,27.0
2025-11-06 04:00:00,0,,0,,18.851707160473,18.851707160473,2.648342788219,21.500049948692,-0.04960958798,-0.04960958798,,,-0.349987066457,-0.349987066457,-0.04960958798,0.0,0.379807635638,0.0,42.0,,,17.0,19.0
2025-11-06 08:00:00,0,,0,,17.640465080738,17.640465080738,0.859713435173,18.500178515911,-0.064611487791,-0.064611487791,,,-0.004184737268,-0.004184737268,-0.064611487791,0.003693853428,0.45611316119,1.0,54.0,,,29.0,31.0
2025-11-06 12:00:00,0,,0,,14.842225492001,14.842225492001,5.440261542797,20.282487034798,-0.018961086705,-0.018961086705,,,-0.204804171041,-0.204804171041,-0.018961086705,0.0,0.477284407131,0.0,58.0,,,23.0,23.0
2025-11-06 16:00:00,0,,0,,10.776083052158,10.776083052158,5.521836400032,16.29791945219,-0.085619362931,-0.085619362931,,,-0.461791336485,-0.461791336485,-0.085619362931,0.009258346815,0.443921748781,3.0,55.0,,,18.0,18.0
2025-11-06 20:00:00,0,,0,,13.524832189083,13.524832189083,2.279968321323,15.804800510406,0.05758723343,0.05758723343,,,-0.476449425996,-0.476449425996,0.05758723343,0.002989000478,0.48965653878,1.0,56.0,,,22.0,29.0
2025-11-07 00:00:00,0,0.0,0,2.0,10.717188358307,10.717188358307,0.0,10.717188358307,-0.182085425304,-0.182085425304,0.293934636951,0.293934636951,-0.78232791586,-0.78232791586,-0.182085425304,0.0,0.195984871417,0.0,21.0,356760.0,109.0,8.0,8.0
2025-11-07 04:00:00,0,,0,,14.408777654171,14.408777654171,0.777176082134,15.185953736305,0.254140983973,0.254140983973,,,-0.311963787855,-0.311963787855,0.254140983973,0.003642191142,0.372184293458,1.0,41.0,,,20.0,24.0
2025-11-07 08:00:00,0,,0,,12.425789237022,12.425789237022,1.663798928261,14.089588165283,-0.126915177267,-0.126915177267,,,-0.425062499511,-0.425062499511,-0.126915177267,0.010076489836,0.385875087514,3.0,45.0,,,16.0,16.0
2025-11-07 12:00:00,0,,0,,22.236951172352,22.236951172352,1.593351960182,23.830303132534,0.257889001474,0.257889001474,,,0.194449214335,0.194449214335,0.257889001474,0.003642191142,0.419005582901,1.0,53.0,,,29.0,29.0
2025-11-07 16:00:00,0,,0,,12.381003320217,12.381003320217,6.340175569057,18.721178889275,-0.13523733342,-0.13523733342,,,-0.365942317307,-0.365942317307,-0.13523733342,0.0,0.413437421178,0.0,52.0,,,25.0,25.0
2025-11-07 20:00:00,0,,0,,8.226094722748,8.226094722748,1.503457844257,9.729552567005,-0.250672257189,-0.250672257189,,,-0.649563492784,-0.649563492784,-0.250672257189,0.003054740958,0.330296304058,1.0,37.0,,,12.0,12.0
2025-11-08 00:00:00,0,2.0,0,1.0,0.675783634186,0.675783634186,4.785526990891,5.461310625076,-0.055121833472,-0.055121833472,0.003242468735,0.003242468735,-0.748644270259,-0.748644270259,-0.055121833472,0.014521672146,0.306094100175,4.0,32.0,357156.0,86.0,10.0,10.0
2025-11-08 04:00:00,0,,0,,6.625725030899,6.625725030899,1.551852405071,8.17757743597,0.19622223229,0.19622223229,,,-0.497875845597,-0.497875845597,0.19622223229,0.0,0.241766961241,0.0,26.0,,,10.0,10.0
2025-11-08 08:00:00,1,,1,,22.50057476759,22.50057476759,5.420572280884,27.921147048473,0.4576310943,0.4576310943,,,1.039045744053,1.039045744053,0.4576310943,0.005837409764,0.644451294367,2.0,72.0,,,26.0,29.0
2025-11-08 12:00:00,1,,1,,9.717888772488,9.717888772488,4.146602332592,13.86449110508,-0.18617787323,-0.18617787323,,,-0.458728085781,-0.458728085781,-0.18617787323,0.00304136253,0.355201291741,1.0,39.0,,,15.0,15.0
2025-11-08 16:00:00,0,,0,,11.112063169479,11.112063169479,4.971939623356,16.084002792835,-0.002411879668,-0.002411879668,,,-0.298925019634,-0.298925019634,-0.002411879668,0.006263090423,0.40323252513,2.0,44.0,,,16.0,17.0
2025-11-08 20:00:00,0,,0,,31.753246903419,31.753246903419,3.027987360954,34.781234264374,0.17364524911,0.17364524911,,,0.595896010292,0.595896010292,0.17364524911,0.003747002398,0.613905931979,1.0,63.0,,,16.0,25.0
2025-11-09 00:00:00,2,2.0,1,3.0,3.531837284565,3.531837284565,1.619570970535,5.1514082551,-0.262228354088,-0.262228354088,-0.894032658428,-0.894032658428,-0.727267744168,-0.727267744168,-0.262228354088,0.020012762315,0.301350620987,2.0,18.0,357486.0,70.0,8.0,9.0
2025-11-09 04:00:00,0,,0,,4.826239824295,4.826239824295,1.552358627319,6.378598451614,0.109369260829,0.109369260829,,,-0.632850229646,-0.632850229646,0.109369260829,0.007802746567,0.399048792562,1.0,26.0,,,7.0,7.0
2025-11-09 08:00:00,0,,0,,8.651208043098,8.651208043098,1.694160819054,10.345368862152,0.049586061116,0.049586061116,,,-0.466675866298,-0.466675866298,0.049586061116,0.022893772894,0.953082174736,1.0,33.0,,,14.0,17.0
2025-11-09 12:00:00,0,,0,,9.456192314625,9.456192314625,2.305235266685,11.76142758131,0.112998325474,0.112998325474,,,-0.01991139212,-0.01991139212,0.112998325474,0.023148148148,1.127478733097,1.0,29.0,,,14.0,14.0
2025-11-09 16:00:00,0,,0,,7.914163887501,7.914163887501,3.168021082878,11.082184970379,-0.082717543141,-0.082717543141,,,-0.358318753038,-0.358318753038,-0.082717543141,0.049969785711,1.673768967153,2.0,38.0,,,15.0,15.0
2025-11-09 20:00:00,0,,0,,6.893356621265,6.893356621265,1.632604777813,8.525961399078,0.042812139586,0.042812139586,,,-0.228765098654,-0.228765098654,0.042812139586,0.03591954023,1.41259746019,1.0,27.0,,,15.0,15.0
2025-11-10 00:00:00,0,1.0,0,3.0,11.321910381317,11.321910381317,0.761015713215,12.082926094532,0.035629126287,0.035629126287,-0.531161023774,-0.531161023774,-0.090120203501,-0.090120203501,0.035629126287,0.057253872678,1.441526695443,2.0,24.0,357614.0,72.0,13.0,13.0
2025-11-10 04:00:00,0,,0,,12.639915287495,12.639915287495,1.778701543808,14.418616831303,0.08609428274,0.08609428274,,,0.28693011437,0.28693011437,0.08609428274,0.0,2.110883642259,0.0,39.0,,,17.0,17.0
2025-11-10 08:00:00,1,,1,,14.019763290882,14.019763290882,1.597093164921,15.616856455803,-0.048866537539,-0.048866537539,,,0.528780467925,0.528780467925,-0.048866537539,0.0,1.219577744469,0.0,35.0,,,17.0,17.0
2025-11-10 12:00:00,0,,0,,8.620844006538,8.620844006538,1.536564528942,10.15740853548,-0.182188165043,-0.182188165043,,,-0.340433684932,-0.340433684932,-0.182188165043,0.040759197736,1.519844889698,2.0,50.0,,,10.0,10.0
2025-11-10 16:00:00,0,,0,,11.000547766685,11.000547766685,1.44845366478,12.449001431465,0.1175499351,0.1175499351,,,-0.253769962567,-0.253769962567,0.1175499351,0.023946360153,1.188957210468,1.0,40.0,,,10.0,11.0
2025-11-10 20:00:00,0,,0,,4.655906200409,4.655906200409,4.024410247803,8.680316448212,-0.000694360159,-0.000694360159,,,-0.514490978276,-0.514490978276,-0.000694360159,0.0,1.306838624023,0.0,30.0,,,7.0,7.0
2025-11-11 00:00:00,0,0.0,0,3.0,4.551961004734,4.551961004734,2.45981323719,7.011774241924,-0.098693764256,-0.098693764256,0.166763378932,0.166763378932,-0.481380992205,-0.481380992205,-0.098693764256,0.069444444444,1.208537817213,1.0,19.0,357909.0,106.0,5.0,5.0
2025-11-11 04:00:00,0,,0,,29.419674217701,29.419674217701,4.653026342392,34.072700560093,0.504125204984,0.504125204984,,,2.181927288228,2.181927288228,0.504125204984,0.011973180077,3.112311690331,1.0,68.0,,,35.0,38.0
2025-11-11 08:00:00,0,,0,,13.744132220745,13.744132220745,0.719940125942,14.464072346687,-0.22501395474,-0.22501395474,,,-0.00875962093,-0.00875962093,-0.22501395474,0.0,1.47252687991,0.0,34.0,,,14.0,16.0
2025-11-11 12:00:00,0,,0,,12.155284047127,12.155284047127,1.669468641281,13.824752688408,-0.047162865914,-0.047162865914,,,0.087742400415,0.087742400415,-0.047162865914,0.019113149847,1.387084392297,1.0,47.0,,,24.0,24.0
2025-11-11 16:00:00,0,,0,,7.761371552944,7.761371552944,7.771475553513,15.532847106457,-0.05257017769,-0.05257017769,,,-0.19214375743,-0.19214375743,-0.05257017769,0.061321706519,1.691306025377,4.0,51.0,,,18.0,18.0
2025-11-11 20:00:00,0,,0,,3.265290081501,3.265290081501,6.227284133434,9.492574214935,-0.035438210406,-0.035438210406,,,-0.281838908363,-0.281838908363,-0.035438210406,0.037604696777,1.813991321688,2.0,40.0,,,11.0,11.0
2025-11-12 00:00:00,0,0.0,0,2.0,9.064297795296,9.064297795296,4.030374765396,13.094672560692,0.205547395665,0.205547395665,0.035550485766,0.035550485766,-0.191369017778,-0.191369017778,0.205547395665,0.036549707602,2.269668222056,1.0,38.0,358075.0,108.0,13.0,13.0
2025-11-12 04:00:00,0,,0,,7.91914999485,7.91914999485,0.85126376152,8.770413756371,-0.072199745532,-0.072199745532,,,-0.268962887154,-0.268962887154,-0.072199745532,0.0,1.270988426172,0.0,26.0,,,10.0,10.0
2025-11-12 08:00:00,0,,0,,3.225678741932,3.225678741932,4.015058279037,7.240737020969,-0.13083801243,-0.13083801243,,,-0.36995288309,-0.36995288309,-0.13083801243,0.032410697834,1.049129970075,3.0,27.0,,,8.0,8.0
2025-11-12 12:00:00,0,,0,,16.217565834522,16.217565834522,4.013587355614,20.231153190136,0.368280332183,0.368280332183,,,0.394339692314,0.394339692314,0.368280332183,0.083261336595,1.785717418222,4.0,58.0,,,25.0,25.0
2025-11-12 16:00:00,0,,0,,15.246596992016,15.246596992016,8.209487318993,23.456084311008,0.169526936255,0.169526936255,,,0.539679296536,0.539679296536,0.169526936255,0.07823964307,2.544753261346,4.0,80.0,,,34.0,39.0
2025-11-12 20:00:00,0,,0,,12.10964435339,12.10964435339,2.447481095791,14.557125449181,-0.281503451921,-0.281503451921,,,0.103439864374,0.103439864374,-0.281503451921,0.031457739791,1.521958955646,2.0,41.0,,,20.0,22.0
2025-11-13 00:00:00,0,0.0,0,2.0,9.61920106411,9.61920106411,0.704898834229,10.324099898338,-0.156085042329,-0.156085042329,-0.869766504635,-0.869766504635,-0.231989959974,-0.231989959974,-0.156085042329,0.133689839572,1.311681137748,3.0,22.0,358494.0,80.0,11.0,11.0
2025-11-13 04:00:00,0,,0,,4.457358717918,4.457358717918,7.196093022823,11.653451740742,0.04093255321,0.04093255321,,,-0.366419947936,-0.366419947936,0.04093255321,0.08252691915,2.594204111992,3.0,42.0,,,11.0,11.0
2025-11-13 08:00:00,0,,0,,7.3288859725,7.3288859725,5.735546052456,13.064432024956,0.155744690533,0.155744690533,,,-0.212503981478,-0.212503981478,0.155744690533,0.0,2.133139018621,0.0,48.0,,,18.0,19.0
2025-11-13 12:00:00,0,,0,,5.904739201069,5.904739201069,5.622476279736,11.527215480804,-0.111569335878,-0.111569335878,,,-0.335152724839,-0.335152724839,-0.111569335878,0.0,1.347030030972,0.0,40.0,,,15.0,15.0
2025-11-13 16:00:00,0,,0,,7.682062745094,7.682062745094,4.940205276012,12.622268021107,-0.057212669231,-0.057212669231,,,-0.202729939216,-0.202729939216,-0.057212669231,0.052438389703,1.079585848635,3.0,36.0,,,15.0,15.0
2025-11-13 20:00:00,0,,0,,1.079575538635,1.079575538635,5.254988968372,6.334564507008,-0.161034484469,-0.161034484469,,,-0.660616190665,-0.660616190665,-0.161034484469,0.179308337012,1.428237624022,5.0,38.0,,,10.0,10.0
2025-11-14 00:00:00,0,0.0,0,2.0,5.410760760307,5.410760760307,2.490645229816,7.901405990124,0.295184112721,0.295184112721,-0.857835867167,-0.857835867167,-0.450861579271,-0.450861579271,0.295184112721,0.270277554375,1.38176411962,5.0,23.0,358806.0,63.0,7.0,7.0
2025-11-14 04:00:00,0,,0,,9.368999481201,9.368999481201,2.498501837254,11.867501318455,0.010863264073,0.010863264073,,,-0.143594346649,-0.143594346649,0.010863264073,0.0,1.824659281884,0.0,42.0,,,10.0,10.0
2025-11-14 08:00:00,0,,0,,8.257828950882,8.257828950882,2.216122448444,10.473951399326,0.121373376418,0.121373376418,,,-0.068483358469,-0.068483358469,0.121373376418,0.071093787547,1.419313248224,3.0,43.0,,,18.0,18.0
2025-11-14 12:00:00,0,,0,,8.395824491978,8.395824491978,4.178252339363,12.574076831341,-0.080315670754,-0.080315670754,,,-0.203746853927,-0.203746853927,-0.080315670754,0.018274853801,0.971628272746,1.0,41.0,,,15.0,15.0
2025-11-14 16:00:00,0,,0,,2.511561751366,2.511561751366,5.348987102509,7.860548853874,-0.224576891893,-0.224576891893,,,-0.492281152794,-0.492281152794,-0.224576891893,0.0,1.162912501088,0.0,41.0,,,6.0,6.0
2025-11-14 20:00:00,0,,0,,12.323200881481,12.323200881481,0.926972568035,13.250173449516,0.151580218131,0.151580218131,,,-0.21203813921,-0.21203813921,0.151580218131,0.040849673203,1.438531654134,1.0,37.0,,,8.0,8.0
2025-11-15 00:00:00,0,1.0,0,2.0,2.934123277664,2.934123277664,3.302439987659,6.236563265324,-0.127524108444,-0.127524108444,-1.198785295735,-1.198785295735,-0.513289926334,-0.513289926334,-0.127524108444,0.14678030303,1.564389230878,2.0,26.0,358888.0,42.0,5.0,5.0
2025-11-15 04:00:00,0,,0,,1.728883981705,1.728883981705,4.120901584625,5.84978556633,-0.024926744618,-0.024926744618,,,-0.512533120093,-0.512533120093,-0.024926744618,0.0,1.215369927925,0.0,26.0,,,7.0,7.0
2025-11-15 08:00:00,1,,1,,4.29469537735,4.29469537735,2.486756622791,6.781452000141,0.020363211434,0.020363211434,,,-0.508977989738,-0.508977989738,0.020363211434,0.009057971014,0.739395567706,1.0,25.0,,,7.0,7.0
2025-11-15 12:00:00,0,,0,,13.606260538101,13.606260538101,3.473086059093,17.079346597195,0.277379355667,0.277379355667,,,0.9605069026,0.9605069026,0.277379355667,0.006592827004,1.02273245743,1.0,41.0,,,11.0,11.0
2025-11-15 16:00:00,0,,0,,3.337305605412,3.337305605412,5.522378146648,8.85968375206,-0.079091201019,-0.079091201019,,,-0.240178959874,-0.240178959874,-0.079091201019,0.009097525473,0.633185041648,1.0,39.0,,,9.0,9.0
2025-11-15 20:00:00,0,,0,,4.468348026276,4.468348026276,2.631163954735,7.09951198101,-0.115520381663,-0.115520381663,,,-0.578572163138,-0.578572163138,-0.115520381663,0.006551362683,0.484384061921,1.0,25.0,,,4.0,5.0
2025-11-16 00:00:00,0,0.0,0,2.0,3.799483418465,3.799483418465,1.709125638008,5.508609056473,-0.062940540939,-0.062940540939,-0.833094951057,-0.833094951057,-0.352344065635,-0.352344065635,-0.062940540939,0.005555555556,0.469343024933,1.0,24.0,359018.0,64.0,7.0,7.0
2025-11-16 04:00:00,0,,0,,2.93619954586,2.93619954586,3.214527189732,6.150726735592,-0.023815911279,-0.023815911279,,,-0.650669562601,-0.650669562601,-0.023815911279,0.006786102063,0.365056211464,1.0,22.0,,,5.0,5.0
2025-11-16 08:00:00,0,,0,,25.540604889393,25.540604889393,0.715441942215,26.256046831608,0.351186454917,0.351186454917,,,2.938761134852,2.938761134852,0.351186454917,0.0,0.867914867413,0.0,54.0,,,22.0,24.0
2025-11-16 12:00:00,0,,0,,3.444975376129,3.444975376129,3.885823965073,7.330799341202,-0.199790643992,-0.199790643992,,,-0.308303229152,-0.308303229152,-0.199790643992,0.005511463845,0.562135579483,1.0,39.0,,,9.0,9.0
2025-11-16 16:00:00,0,,0,,3.451253116131,3.451253116131,6.677280187607,10.128533303738,0.01883489691,0.01883489691,,,-0.250560745021,-0.250560745021,0.01883489691,0.031248414287,1.06190283512,4.0,55.0,,,12.0,12.0
2025-11-16 20:00:00,0,,0,,4.36573946476,4.36573946476,4.739716470242,9.105455935001,0.049452053018,0.049452053018,,,-0.186276265743,-0.186276265743,0.049452053018,0.021154629205,0.674717172759,2.0,38.0,,,10.0,11.0
2025-11-17 00:00:00,0,0.0,0,2.0,3.166517317295,3.166517317295,3.379654884338,6.546172201633,0.031979468074,0.031979468074,-0.641367556968,-0.641367556968,-0.138906611892,-0.138906611892,0.031979468074,0.021367521368,0.463183732365,2.0,19.0,359130.0,65.0,6.0,6.0
2025-11-17 04:00:00,0,,0,,4.892534077168,4.892534077168,2.237921118736,7.130455195904,-0.074097814553,-0.074097814553,,,-0.25382366323,-0.25382366323,-0.074097814553,0.035264829141,0.820745466809,3.0,31.0,,,5.0,5.0
2025-11-17 08:00:00,0,,0,,17.517253160477,17.517253160477,0.7178196311,18.235072791576,0.093414822056,0.093414822056,,,0.01586118533,0.01586118533,0.093414822056,0.0,0.796950862626,0.0,35.0,,,6.0,6.0
2025-11-17 12:00:00,0,,0,,15.753571331501,15.753571331501,3.203132510185,18.956703841686,0.100669563349,0.100669563349,,,0.260172845789,0.260172845789,0.100669563349,0.02054441192,0.853979616914,2.0,49.0,,,14.0,14.0
2025-11-17 16:00:00,0,,0,,7.736140489578,7.736140489578,4.036123394966,11.772263884544,-0.162027885436,-0.162027885436,,,0.196702066844,0.196702066844,-0.162027885436,0.023435815801,0.612967154051,3.0,39.0,,,16.0,16.0
2025-11-17 20:00:00,0,,0,,6.181109130383,6.181109130383,9.676299750805,15.857408881187,0.001348654157,0.001348654157,,,-0.192343487313,-0.192343487313,0.001348654157,0.008012820513,1.044575583875,1.0,62.0,,,18.0,18.0
2025-11-18 00:00:00,0,2.0,0,1.0,8.364194333553,8.364194333553,2.265235006809,10.629429340363,0.023561453817,0.023561453817,-0.299482173593,-0.299482173593,0.009559473879,0.009559473879,0.023561453817,0.015534171782,0.92213491527,2.0,43.0,359325.0,97.0,12.0,12.0
2025-11-18 04:00:00,1,,1,,8.370956599712,8.370956599712,5.4854824543,13.856439054012,0.081373801687,0.081373801687,,,0.580405428695,0.580405428695,0.081373801687,0.015206812652,1.240351061794,1.0,48.0,,,22.0,22.0
2025-11-18 08:00:00,0,,0,,7.987603127956,7.987603127956,7.067065000534,15.05466812849,-0.082020481409,-0.082020481409,,,0.076644878536,0.076644878536,-0.082020481409,0.017433751743,0.984793441166,2.0,49.0,,,18.0,18.0
2025-11-18 12:00:00,0,,0,,11.457297503948,11.457297503948,2.451416432858,13.908713936806,0.008545313128,0.008545313128,,,-0.088615987949,-0.088615987949,0.008545313128,0.010113268608,0.781225531843,1.0,41.0,,,10.0,12.0
2025-11-18 16:00:00,0,,0,,7.889231085777,7.889231085777,4.441439270973,12.33067035675,-0.052132935609,-0.052132935609,,,0.052954982304,0.052954982304,-0.052132935609,0.008202099738,0.877157039967,1.0,44.0,,,17.0,17.0
2025-11-18 20:00:00,1,,1,,7.597192704678,7.597192704678,4.365345180035,11.962537884712,-0.115587080588,-0.115587080588,,,-0.143817047621,-0.143817047621,-0.115587080588,0.047994877482,0.944661898444,4.0,41.0,,,19.0,19.0
2025-11-19 00:00:00,0,1.0,0,3.0,8.707476198673,8.707476198673,0.80193156004,9.509407758713,0.032120733217,0.032120733217,-0.211783485846,-0.211783485846,-0.381763075113,-0.381763075113,0.032120733217,0.041600564829,0.800920786277,3.0,25.0,359509.0,97.0,5.0,5.0
2025-11-19 04:00:00,0,,0,,5.742685139179,5.742685139179,2.533296585083,8.275981724262,-0.049413514105,-0.049413514105,,,-0.365711936962,-0.365711936962,-0.049413514105,0.0,0.706214144766,0.0,28.0,,,10.0,11.0
2025-11-19 08:00:00,0,,0,,9.469991147518,9.469991147518,1.533842623234,11.003833770752,0.156541161996,0.156541161996,,,0.220276519472,0.220276519472,0.156541161996,0.007183908046,0.700716734401,1.0,43.0,,,17.0,17.0
2025-11-19 12:00:00,0,,0,,12.102698326111,12.102698326111,4.62423324585,16.72693157196,0.093568319932,0.093568319932,,,1.161861463078,1.161861463078,0.093568319932,0.010521885522,0.862273578134,2.0,59.0,,,26.0,26.0
2025-11-19 16:00:00,1,,1,,10.271399974823,10.271399974823,5.424667060375,15.696067035198,0.04889923442,0.04889923442,,,0.436781357004,0.436781357004,0.04889923442,0.020898009145,0.652899033959,4.0,53.0,,,22.0,22.0
2025-11-19 20:00:00,0,,0,,8.839039981365,8.839039981365,5.12923002243,13.968270003796,-0.171514398448,-0.171514398448,,,-0.207052594853,-0.207052594853,-0.171514398448,0.0,0.663575580525,0.0,51.0,,,17.0,17.0
2025-11-20 00:00:00,0,0.0,0,4.0,5.098205029964,5.098205029964,6.586342155933,11.684547185898,-0.089665795388,-0.089665795388,-0.395266305341,-0.395266305341,-0.578998366955,-0.578998366955,-0.089665795388,0.03569976566,0.665819609312,6.0,44.0,359740.0,82.0,10.0,10.0
2025-11-20 04:00:00,0,,0,,4.221030652523,4.221030652523,0.817915678024,5.038946330547,0.039344560946,0.039344560946,,,-0.578193100234,-0.578193100234,0.039344560946,0.0,0.300507506472,0.0,22.0,,,9.0,9.0
2025-11-20 08:00:00,0,,0,,8.216802477837,8.216802477837,5.805207073689,14.022009551525,0.123701631209,0.123701631209,,,0.442189406353,0.442189406353,0.123701631209,0.008259026601,0.591012527683,2.0,47.0,,,17.0,17.0
2025-11-20 12:00:00,0,,0,,22.029560983181,22.029560983181,6.583783328533,28.613344311714,0.134495399175,0.134495399175,,,1.364082458485,1.364082458485,0.134495399175,0.014582180546,0.755920877581,3.0,68.0,,,19.0,22.0
2025-11-20 16:00:00,0,,0,,8.259201824665,8.259201824665,8.084911346436,16.344113171101,-0.239168820921,-0.239168820921,,,0.071282592182,0.071282592182,-0.239168820921,0.009041768656,0.641821223956,2.0,65.0,,,16.0,16.0
2025-11-20 20:00:00,0,,0,,6.707434296608,6.707434296608,6.850800931454,13.558235228062,-0.073990750894,-0.073990750894,,,-0.451327943882,-0.451327943882,-0.073990750894,0.025313513997,0.481309523772,6.0,47.0,,,13.0,13.0
2025-11-21 00:00:00,0,3.0,0,4.0,26.77371776104,26.77371776104,1.616293907166,28.390011668205,0.491841352836,0.491841352836,-0.419848423167,-0.419848423167,0.65342632404,0.65342632404,0.491841352836,0.021411121196,0.563324770614,4.0,51.0,359963.0,71.0,12.0,25.0
2025-11-21 04:00:00,0,,0,,8.001804292202,8.001804292202,4.287860929966,12.289665222168,-0.268670149633,-0.268670149633,,,-0.558162301343,-0.558162301343,-0.268670149633,0.0,0.34324669065,0.0,31.0,,,6.0,6.0
2025-11-21 08:00:00,0,,0,,4.869314074516,4.869314074516,5.43054485321,10.299858927727,0.024580859993,0.024580859993,,,-0.467400986619,-0.467400986619,0.024580859993,0.013582478474,0.378068271685,3.0,39.0,,,15.0,15.0
2025-11-21 12:00:00,1,,1,,10.983365178108,10.983365178108,10.795583486557,21.778948664665,0.214034372141,0.214034372141,,,0.475758739925,0.475758739925,0.214034372141,0.019688438626,0.614919125018,5.0,67.0,,,23.0,26.0
2025-11-21 16:00:00,2,,2,,4.539603471756,4.539603471756,10.62613260746,15.165736079216,-0.14686833074,-0.14686833074,,,-0.626714984089,-0.626714984089,-0.14686833074,0.034554074496,0.585254284721,8.0,60.0,,,12.0,12.0
2025-11-21 20:00:00,0,,0,,5.924913287163,5.924913287163,5.070081472397,10.99499475956,-0.009197557309,-0.009197557309,,,-0.486276798849,-0.486276798849,-0.009197557309,0.014160176674,0.443597237871,3.0,43.0,,,8.0,8.0
2025-11-22 00:00:00,0,2.0,0,7.0,-3.331674396992,-3.331674396992,4.072561204433,0.740886807442,-0.116689775298,-0.116689775298,-1.281887957051,-1.281887957051,-0.733361217542,-0.733361217542,-0.116689775298,0.00388681592,0.242767784246,1.0,22.0,360136.0,46.0,3.0,3.0
2025-11-22 04:00:00,0,,0,,3.370617091656,3.370617091656,1.532705903053,4.903322994709,-0.133578700559,-0.133578700559,,,-0.692771588803,-0.692771588803,-0.133578700559,0.0,0.162878273699,0.0,14.0,,,0.0,0.0
2025-11-22 08:00:00,0,,0,,5.621792852879,5.621792852879,2.325438022614,7.947230875492,0.237301903815,0.237301903815,,,-0.48396428334,-0.48396428334,0.237301903815,0.0,0.264200378729,0.0,23.0,,,7.0,7.0
2025-11-22 12:00:00,0,,0,,-1.841449677944,-1.841449677944,6.53804153204,4.696591854095,-0.226742663992,-0.226742663992,,,-0.715665343891,-0.715665343891,-0.226742663992,0.009806809298,0.365954919503,2.0,33.0,,,7.0,7.0
2025-11-22 16:00:00,0,,0,,1.747379004955,1.747379004955,4.936251819134,6.683630824089,0.342279445983,0.342279445983,,,-0.241938692277,-0.241938692277,0.342279445983,0.013734128542,0.490661701886,3.0,40.0,,,13.0,13.0
2025-11-22 20:00:00,2,,2,,3.052280843258,3.052280843258,6.500908195972,9.55318903923,0.10931899507,0.10931899507,,,-0.260177965,-0.260177965,0.10931899507,0.005247691016,0.455562097995,1.0,37.0,,,17.0,18.0
2025-11-23 00:00:00,2,2.0,2,8.0,4.12555617094,4.12555617094,3.242360651493,7.367916822433,-0.068153223298,-0.068153223298,-0.816378350097,-0.816378350097,-0.040557301473,-0.040557301473,-0.068153223298,0.0,0.379692882721,0.0,29.0,360279.0,65.0,14.0,14.0
2025-11-23 04:00:00,0,,0,,5.24942356348,5.24942356348,1.66271173954,6.91213530302,-0.10744911436,-0.10744911436,,,-0.130041242291,-0.130041242291,-0.10744911436,0.004692192192,0.365630517917,1.0,29.0,,,12.0,12.0
2025-11-23 08:00:00,0,,0,,8.348213493824,8.348213493824,3.169894814491,11.518108308315,0.033585805645,0.033585805645,,,-0.066494475901,-0.066494475901,0.033585805645,0.0,0.56194138255,0.0,31.0,,,8.0,8.0
2025-11-23 12:00:00,0,,0,,5.494391679764,5.494391679764,4.211681008339,9.706072688103,-0.08372127186,-0.08372127186,,,-0.005118640369,-0.005118640369,-0.08372127186,0.007183908046,0.58388008689,1.0,37.0,,,15.0,15.0
2025-11-23 16:00:00,0,,0,,9.929103791714,9.929103791714,3.056307971478,12.985411763191,0.056966616093,0.056966616093,,,0.029345942811,0.029345942811,0.056966616093,0.017005750273,0.546248784516,3.0,38.0,,,9.0,9.0
2025-11-23 20:00:00,0,,0,,2.761426627636,2.761426627636,3.372335731983,6.133762359619,0.047885306069,0.047885306069,,,-0.357472371033,-0.357472371033,0.047885306069,0.009057971014,0.321180861864,1.0,21.0,,,9.0,10.0
2025-11-24 00:00:00,0,1.0,0,10.0,4.478659689426,4.478659689426,1.62987190485,6.108531594276,-0.017842878939,-0.017842878939,-0.509512383262,-0.509512383262,-0.390767120238,-0.390767120238,-0.017842878939,0.006551362683,0.336743266981,1.0,20.0,360478.0,66.0,3.0,3.0
2025-11-24 04:00:00,0,,0,,3.526663839817,3.526663839817,1.880319595337,5.406983435154,-0.066836275866,-0.066836275866,,,-0.365928671687,-0.365928671687,-0.066836275866,0.005707762557,0.358719842986,1.0,23.0,,,9.0,9.0
2025-11-24 08:00:00,0,,0,,13.771332025528,13.771332025528,0.764422297478,14.535754323006,0.237202861784,0.237202861784,,,1.704717576519,1.704717576519,0.237202861784,0.0,0.60756329141,0.0,41.0,,,14.0,14.0
2025-11-24 12:00:00,0,,0,,8.645220816135,8.645220816135,2.495782911777,11.141003727913,-0.070675643733,-0.070675643733,,,0.645981684887,0.645981684887,-0.070675643733,0.0,0.515574314481,0.0,40.0,,,12.0,12.0
2025-11-24 16:00:00,0,,0,,12.326102375984,12.326102375984,5.618034243584,17.944136619568,-0.066673245827,-0.066673245827,,,1.050886175265,1.050886175265,-0.066673245827,0.008434547908,0.602166613488,1.0,47.0,,,12.0,12.0
2025-11-24 20:00:00,1,,1,,10.608678400517,10.608678400517,2.693131506443,13.30180990696,0.046261240357,0.046261240357,,,0.8229287847,0.8229287847,0.046261240357,0.0,0.473569544092,0.0,42.0,,,16.0,16.0
2025-11-25 00:00:00,0,1.0,0,11.0,3.36189198494,3.36189198494,3.151008486748,6.512900471687,-0.150866547133,-0.150866547133,-0.573520233498,-0.573520233498,-0.698425052005,-0.698425052005,-0.150866547133,0.0,0.357990260732,0.0,26.0,360799.0,70.0,4.0,4.0
2025-11-25 04:00:00,0,,0,,6.060400545597,6.060400545597,1.80603325367,7.866433799267,-0.069448882767,-0.069448882767,,,-0.200509585476,-0.200509585476,-0.069448882767,0.0,0.315912108852,0.0,34.0,,,10.0,10.0
2025-11-25 08:00:00,0,,0,,8.010596334934,8.010596334934,2.206276416779,10.216872751713,0.03645930984,0.03645930984,,,0.572270177696,0.572270177696,0.03645930984,0.008439429012,0.319925517522,2.0,34.0,,,18.0,18.0
2025-11-25 12:00:00,0,,0,,9.450302958488,9.450302958488,3.334720790386,12.785023748875,-0.000515713742,-0.000515713742,,,0.198598918689,0.198598918689,-0.000515713742,0.00392341494,0.414106466531,1.0,44.0,,,12.0,12.0
2025-11-25 16:00:00,0,,0,,10.674333155155,10.674333155155,2.476801693439,13.151134848595,0.073020167111,0.073020167111,,,0.394760019863,0.394760019863,0.073020167111,0.010219767479,0.3553330725,2.0,35.0,,,12.0,12.0
2025-11-25 20:00:00,1,,1,,7.933050096035,7.933050096035,2.448376059532,10.381426155567,0.046296320404,0.046296320404,,,0.06306971978,0.06306971978,0.046296320404,0.0,0.295969845848,0.0,30.0,,,11.0,11.0
2025-11-26 00:00:00,0,0.0,0,10.0,4.714126646519,4.714126646519,3.15689522028,7.871021866798,-0.128851755625,-0.128851755625,-0.334386827434,-0.334386827434,-0.376216557464,-0.376216557464,-0.128851755625,0.0,0.326902381173,0.0,31.0,361084.0,80.0,11.0,11.0
2025-11-26 04:00:00,0,,0,,5.769933640957,5.769933640957,1.850113034248,7.620046675205,0.016741231248,0.016741231248,,,-0.327442903573,-0.327442903573,0.016741231248,0.0,0.284110826653,0.0,26.0,,,7.0,7.0
2025-11-26 08:00:00,0,,0,,15.814521431923,15.814521431923,3.269748568535,19.084270000458,0.211294733873,0.211294733873,,,1.84406946469,1.84406946469,0.211294733873,0.003938248267,0.394142146088,1.0,41.0,,,18.0,18.0
2025-11-26 12:00:00,0,,0,,11.664039731026,11.664039731026,7.254997074604,18.91903680563,-0.025182120571,-0.025182120571,,,0.792473817207,0.792473817207,-0.025182120571,0.021263883176,0.515028702503,5.0,60.0,,,17.0,17.0
2025-11-26 16:00:00,0,,0,,8.824712753296,8.824712753296,4.9274315238,13.752144277096,-0.047793375203,-0.047793375203,,,0.140556538331,0.140556538331,-0.047793375203,0.0043767507,0.38298993158,1.0,45.0,,,18.0,18.0
2025-11-26 20:00:00,0,,0,,3.999641358852,3.999641358852,3.059319019318,7.05896037817,-0.235225008241,-0.235225008241,,,-0.534310624122,-0.534310624122,-0.235225008241,0.012537703074,0.258260874401,3.0,28.0,,,9.0,9.0
2025-11-27 00:00:00,0,0.0,0,9.0,0.488490283489,0.488490283489,4.2481097579,4.736600041389,0.171490036798,0.171490036798,-0.781797085245,-0.781797085245,-0.62148980775,-0.62148980775,0.171490036798,0.017746136563,0.163586917558,4.0,17.0,361343.0,51.0,4.0,4.0
2025-11-27 04:00:00,0,,0,,9.414625406265,9.414625406265,2.357554733753,11.772180140018,0.13477195524,0.13477195524,,,-0.035999164371,-0.035999164371,0.13477195524,0.00901954908,0.288285140956,2.0,32.0,,,12.0,12.0
2025-11-27 08:00:00,0,,0,,6.481024265289,6.481024265289,0.0,6.481024265289,-0.119969309347,-0.119969309347,,,-0.488940340905,-0.488940340905,-0.119969309347,0.0,0.154448618828,0.0,19.0,,,4.0,4.0
2025-11-27 12:00:00,0,,0,,13.927405357361,13.927405357361,3.213603079319,17.14100843668,0.213073149734,0.213073149734,,,0.523062951881,0.523062951881,0.213073149734,0.003960709759,0.359057102041,1.0,44.0,,,15.0,15.0
2025-11-27 16:00:00,0,,0,,6.625085532665,6.625085532665,1.496925830841,8.122011363506,-0.133522624094,-0.133522624094,,,-0.22562638651,-0.22562638651,-0.133522624094,0.0,0.186693752928,0.0,21.0,,,8.0,8.0
2025-11-27 20:00:00,0,,0,,7.268623769283,7.268623769283,0.0,7.268623769283,-0.064584736668,-0.064584736668,,,-0.311271806181,-0.311271806181,-0.064584736668,0.0,0.175205112652,0.0,19.0,,,8.0,8.0
2025-11-28 00:00:00,0,1.0,0,9.0,4.052677989006,4.052677989006,1.618433356285,5.671111345291,-0.050313956838,-0.050313956838,-0.489471790746,-0.489471790746,-0.30548624299,-0.30548624299,-0.050313956838,0.003726893262,0.238027674297,1.0,26.0,361313.0,59.0,11.0,11.0
2025-11-28 04:00:00,1,,1,,9.698514819145,9.698514819145,2.244444847107,11.942959666252,-0.064312944863,-0.064312944863,,,-0.158200063688,-0.158200063688,-0.064312944863,0.003437843784,0.223716114426,1.0,30.0,,,8.0,8.0
2025-11-28 08:00:00,0,,0,,15.378386795521,15.378386795521,3.055610060692,18.433996856213,0.220642447374,0.220642447374,,,0.741687494255,0.741687494255,0.220642447374,0.002997601918,0.279642848185,1.0,41.0,,,11.0,11.0
2025-11-28 12:00:00,0,,0,,16.492771327496,16.492771327496,2.490406870842,18.983178198338,-0.02843365986,-0.02843365986,,,0.385074729652,0.385074729652,-0.02843365986,0.002976190476,0.311307340844,1.0,46.0,,,14.0,14.0
2025-11-28 16:00:00,0,,0,,7.24649900198,7.24649900198,1.467786371708,8.714285373688,-0.098633246242,-0.098633246242,,,-0.171265364029,-0.171265364029,-0.098633246242,0.0,0.240991294269,0.0,36.0,,,9.0,9.0
2025-11-28 20:00:00,0,,0,,4.607271313667,4.607271313667,3.297911643982,7.905182957649,-0.096120687784,-0.096120687784,,,-0.423040216613,-0.423040216613,-0.096120687784,0.00332800852,0.194167543108,1.0,30.0,,,6.0,6.0
2025-11-29 00:00:00,0,0.0,0,7.0,3.421817004681,3.421817004681,0.730466425419,4.152283430099,-0.006209436151,-0.006209436151,-0.796162281477,-0.796162281477,-0.625469562585,-0.625469562585,-0.006209436151,0.0,0.124923936517,0.0,18.0,361618.0,48.0,2.0,2.0
2025-11-29 04:00:00,0,,0,,4.036889076233,4.036889076233,3.162459731102,7.199348807335,0.474421226937,0.474421226937,,,-0.265490367818,-0.265490367818,0.474421226937,0.003054740958,0.158685817165,1.0,23.0,,,7.0,7.0
2025-11-29 08:00:00,0,,0,,12.194010317326,12.194010317326,0.808359086514,13.002369403839,-0.126535225843,-0.126535225843,,,0.294999196162,0.294999196162,-0.126535225843,0.011610885597,0.281531411851,4.0,42.0,,,11.0,11.0
2025-11-29 12:00:00,0,,0,,9.519974052906,9.519974052906,0.837301313877,10.357275366783,-0.051265073806,-0.051265073806,,,-0.141164241,-0.141164241,-0.051265073806,0.002531389226,0.241638829115,1.0,35.0,,,9.0,9.0
2025-11-29 16:00:00,0,,0,,5.15770149231,5.15770149231,3.522957086563,8.680658578873,0.011264716167,0.011264716167,,,0.161309856237,0.161309856237,0.011264716167,0.005791195644,0.222965522794,2.0,29.0,,,11.0,11.0
2025-11-29 20:00:00,0,,0,,10.020821332932,10.020821332932,0.0,10.020821332932,-0.045815937396,-0.045815937396,,,-0.046931800608,-0.046931800608,-0.045815937396,0.005612779756,0.198774562552,2.0,26.0,,,8.0,8.0
2025-11-30 00:00:00,0,0.0,0,5.0,0.0108050704,0.0108050704,2.543820858002,2.554625928402,-0.129682199434,-0.129682199434,-1.02017391867,-1.02017391867,-0.508132041467,-0.508132041467,-0.129682199434,0.0,0.120587967609,0.0,15.0,361786.0,43.0,9.0,9.0
2025-11-30 04:00:00,0,,0,,7.175642549992,7.175642549992,1.632636427879,8.808278977871,0.223769009447,0.223769009447,,,-0.324791354727,-0.324791354727,0.223769009447,0.0,0.196877334159,0.0,26.0,,,4.0,4.0
2025-11-30 08:00:00,0,,0,,2.400007069111,2.400007069111,2.274866819382,4.674873888493,-0.147720188949,-0.147720188949,,,-0.509657581239,-0.509657581239,-0.147720188949,0.0,0.121563343733,0.0,19.0,,,5.0,5.0
2025-11-30 12:00:00,0,,0,,3.35151720047,3.35151720047,3.803089976311,7.154607176781,-0.030858210748,-0.030858210748,,,-0.370255831306,-0.370255831306,-0.030858210748,0.0,0.179686183431,0.0,28.0,,,8.0,8.0
2025-11-30 16:00:00,0,,0,,10.382862925529,10.382862925529,3.151641607285,13.534504532814,0.208453284864,0.208453284864,,,0.410034041837,0.410034041837,0.208453284864,0.005536598126,0.290580622002,2.0,45.0,,,15.0,15.0
2025-11-30 20:00:00,0,,0,,4.542653679848,4.542653679848,0.743579983711,5.286233663559,-0.154995544057,-0.154995544057,,,-0.490669209532,-0.490669209532,-0.154995544057,0.002600915522,0.102957141424,1.0,16.0,,,2.0,2.0
2025-12-01 00:00:00,0,0.0,0,3.0,0.831355988979,0.831355988979,2.591069698334,3.422425687313,-0.059619480475,-0.059619480475,-0.731667410989,-0.731667410989,-0.618255997489,-0.618255997489,-0.059619480475,0.002543752544,0.113860967458,1.0,18.0,361966.0,59.0,4.0,4.0
2025-12-01 04:00:00,0,,0,,4.402997732162,4.402997732162,4.303036570549,8.706034302711,0.13821273929,0.13821273929,,,0.002603200176,0.002603200176,0.13821273929,0.005045230583,0.201448554611,2.0,32.0,,,12.0,12.0
2025-12-01 08:00:00,0,,0,,12.444364190102,12.444364190102,1.52605676651,13.970420956612,0.078532227162,0.078532227162,,,1.587884496901,1.587884496901,0.078532227162,0.005349763872,0.258283190409,2.0,38.0,,,16.0,16.0
2025-12-01 12:00:00,0,,0,,11.138368844986,11.138368844986,3.344737410545,14.483106255531,0.102591320448,0.102591320448,,,0.679428479098,0.679428479098,0.102591320448,0.002600915522,0.197536408008,1.0,32.0,,,9.0,9.0
2025-12-01 16:00:00,0,,0,,10.131537973881,10.131537973881,0.888742923737,11.020280897617,-0.067603016024,-0.067603016024,,,0.482084883843,0.482084883843,-0.067603016024,0.001895662724,0.207459491472,1.0,40.0,,,14.0,14.0
2025-12-01 20:00:00,0,,0,,-0.965539097786,-0.965539097786,4.796517908573,3.830978810787,-0.228289482089,-0.228289482089,,,-0.736176588768,-0.736176588768,-0.228289482089,0.002286864252,0.122711325993,1.0,23.0,,,4.0,4.0
2025-12-02 00:00:00,0,0.0,0,2.0,3.933186948299,3.933186948299,0.707459151745,4.640646100044,-0.047397679286,-0.047397679286,-0.46438450823,-0.46438450823,-0.348109209483,-0.348109209483,-0.047397679286,0.002660706684,0.076687706823,1.0,16.0,362125.0,77.0,5.0,5.0
2025-12-02 04:00:00,0,,0,,10.67625939846,10.67625939846,0.761355221272,11.437614619732,0.262355957865,0.262355957865,,,0.678054515682,0.678054515682,0.262355957865,0.001997443273,0.081140626364,1.0,24.0,,,9.0,9.0
2025-12-02 08:00:00,0,,0,,10.503398835659,10.503398835659,0.0,10.503398835659,-0.084993171552,-0.084993171552,,,0.662049555354,0.662049555354,-0.084993171552,0.005245301549,0.106664282043,3.0,31.0,,,14.0,14.0
2025-12-02 12:00:00,0,,0,,5.305187046528,5.305187046528,5.440948367119,10.746135413647,-0.058789348427,-0.058789348427,,,0.379340256753,0.379340256753,-0.058789348427,0.003707110267,0.151565882748,2.0,46.0,,,23.0,23.0
2025-12-02 16:00:00,0,,0,,7.598253488541,7.598253488541,3.050147593021,10.648401081562,-0.003976032328,-0.003976032328,,,0.580055271927,0.580055271927,-0.003976032328,0.004228386117,0.125067798547,2.0,38.0,,,18.0,18.0
2025-12-02 20:00:00,0,,0,,4.011998593807,4.011998593807,2.406445324421,6.418443918228,-0.097078064145,-0.097078064145,,,-0.476875594903,-0.476875594903,-0.097078064145,0.008239244792,0.082595435485,4.0,24.0,,,8.0,8.0
2025-12-03 00:00:00,0,0.0,0,1.0,3.229015171528,3.229015171528,0.0,3.229015171528,-0.039831369169,-0.039831369169,-0.537456134904,-0.537456134904,-0.560365723565,-0.560365723565,-0.039831369169,0.0,0.06374390336,0.0,18.0,362338.0,70.0,5.0,5.0
2025-12-03 04:00:00,0,,0,,10.053623735905,10.053623735905,4.675810754299,14.729434490204,0.326324232265,0.326324232265,,,0.927275342981,0.927275342981,0.326324232265,0.0,0.110874805941,0.0,32.0,,,19.0,19.0
2025-12-03 08:00:00,0,,0,,8.057391822338,8.057391822338,1.475003600121,9.532395422459,-0.052339795995,-0.052339795995,,,-0.145188900501,-0.145188900501,-0.052339795995,0.002225783476,0.091058380083,1.0,25.0,,,9.0,9.0
2025-12-03 12:00:00,0,,0,,13.482281208038,13.482281208038,2.537085592747,16.019366800785,0.022995428277,0.022995428277,,,0.769248831398,0.769248831398,0.022995428277,0.003980266386,0.146048908606,2.0,42.0,,,19.0,19.0
2025-12-03 16:00:00,0,,0,,2.594565987587,2.594565987587,3.245109796524,5.839675784111,-0.195677046876,-0.195677046876,,,-0.457961701517,-0.457961701517,-0.195677046876,0.002271901127,0.119131172604,1.0,33.0,,,15.0,15.0
2025-12-03 20:00:00,0,,0,,4.571312427521,4.571312427521,2.452765107155,7.024077534676,-0.156303583367,-0.156303583367,,,-0.606818768423,-0.606818768423,-0.156303583367,0.006280343636,0.126607466981,3.0,35.0,,,3.0,3.0
2025-12-04 00:00:00,0,0.0,0,1.0,4.029696643353,4.029696643353,2.497548222542,6.527244865894,0.354349974525,0.354349974525,-0.127373753721,-0.127373753721,-0.471447516169,-0.471447516169,0.354349974525,0.004812464399,0.074816934858,2.0,20.0,362470.0,76.0,8.0,8.0
2025-12-04 04:00:00,0,,0,,7.234573245049,7.234573245049,0.0,7.234573245049,-0.060065274643,-0.060065274643,,,0.01935701337,0.01935701337,-0.060065274643,0.0,0.092309896554,0.0,24.0,,,9.0,9.0
2025-12-04 08:00:00,0,,0,,16.901431202888,16.901431202888,3.870472192764,20.771903395653,0.41265652726,0.41265652726,,,1.196116307606,1.196116307606,0.41265652726,0.004255229305,0.157260696683,2.0,42.0,,,15.0,15.0
2025-12-04 12:00:00,0,,0,,5.437465786934,5.437465786934,4.085735082626,9.52320086956,-0.244537895663,-0.244537895663,,,-0.165903893041,-0.165903893041,-0.244537895663,0.002314814815,0.145603634215,1.0,39.0,,,15.0,15.0
2025-12-04 16:00:00,0,,0,,8.403962552547,8.403962552547,5.666079223156,14.070041775703,0.163501996218,0.163501996218,,,0.372856074192,0.372856074192,0.163501996218,0.002777777778,0.231961234612,1.0,54.0,,,18.0,18.0
2025-12-04 20:00:00,0,,0,,17.455858290195,17.455858290195,1.909044981003,19.364903271198,0.008088349404,0.008088349404,,,0.467361048468,0.467361048468,0.008088349404,0.003195296524,0.274922777098,1.0,36.0,,,12.0,12.0
2025-12-05 00:00:00,0,0.0,0,1.0,3.314443409443,3.314443409443,2.330488204956,5.644931614399,-0.105301493196,-0.105301493196,-0.204444173706,-0.204444173706,-0.524319973803,-0.524319973803,-0.105301493196,0.0,1.526739690375,0.0,20.0,362514.0,73.0,9.0,9.0
2025-12-05 04:00:00,0,,0,,7.802529513836,7.802529513836,1.594819903374,9.39734941721,0.066903444945,0.066903444945,,,-0.199844640978,-0.199844640978,0.066903444945,0.0,2.226075444467,0.0,26.0,,,13.0,13.0
2025-12-05 08:00:00,0,,0,,9.524957597256,9.524957597256,2.356076061726,11.881033658981,-0.023177315498,-0.023177315498,,,0.000549679311,0.000549679311,-0.023177315498,0.005683961691,1.371693776121,3.0,30.0,,,13.0,13.0
2025-12-05 12:00:00,0,,0,,18.651339054108,18.651339054108,0.819578111172,19.470917165279,0.173094782604,0.173094782604,,,0.655730536209,0.655730536209,0.173094782604,0.00363166194,0.185276631455,2.0,43.0,,,14.0,14.0
2025-12-05 16:00:00,0,,0,,14.325055599213,14.325055599213,2.986807405949,17.311863005161,-0.17920072619,-0.17920072619,,,0.873230684188,0.873230684188,-0.17920072619,0.001770036817,0.248822991145,1.0,56.0,,,21.0,21.0
2025-12-05 20:00:00,0,,0,,4.783129453659,4.783129453659,0.0,4.783129453659,-0.11154652943,-0.11154652943,,,-0.627665506837,-0.627665506837,-0.11154652943,0.0,0.070168009092,0.0,15.0,,,4.0,4.0
2025-12-06 00:00:00,0,0.0,0,0.0,1.695577979088,1.695577979088,1.678728163242,3.37430614233,-0.059940783592,-0.059940783592,-1.001619901183,-1.001619901183,-0.675098609153,-0.675098609153,-0.059940783592,0.0,0.0662845554,0.0,14.0,362624.0,35.0,2.0,2.0
2025-12-06 04:00:00,0,,0,,-0.049523353577,-0.049523353577,1.6689889431,1.619465589523,-0.15100053201,-0.15100053201,,,-0.658660251024,-0.658660251024,-0.15100053201,0.0,0.065627501614,0.0,14.0,,,3.0,3.0
2025-12-06 08:00:00,0,,0,,6.853110551834,6.853110551834,0.844158530235,7.697269082069,0.230067291812,0.230067291812,,,-0.297806528849,-0.297806528849,0.230067291812,0.004225884741,0.092327497207,2.0,18.0,,,6.0,6.0
2025-12-06 12:00:00,0,,0,,7.687791705132,7.687791705132,2.382381439209,10.070173144341,-0.098065088947,-0.098065088947,,,-0.343789458737,-0.343789458737,-0.098065088947,0.002158894646,0.133572358422,1.0,30.0,,,9.0,9.0
2025-12-06 16:00:00,0,,0,,3.395135939121,3.395135939121,3.156570017338,6.551705956459,0.063043257186,0.063043257186,,,-0.535879627153,-0.535879627153,0.063043257186,0.0,0.097543945721,0.0,25.0,,,10.0,10.0
2025-12-06 20:00:00,0,,0,,13.553234815598,13.553234815598,0.0,13.553234815598,0.341967741996,0.341967741996,,,-0.162268009257,-0.162268009257,0.341967741996,0.0,0.097923358643,0.0,26.0,,,7.0,13.0
2025-12-07 00:00:00,0,0.0,0,0.0,-1.985781848431,-1.985781848431,4.394686996937,2.408905148506,-0.280419451347,-0.280419451347,-0.966694058927,-0.966694058927,-0.588641181441,-0.588641181441,-0.280419451347,0.0,0.053671392654,0.0,14.0,362697.0,38.0,4.0,4.0
2025-12-07 04:00:00,0,,0,,3.029510676861,3.029510676861,0.822957217693,3.852467894554,-0.118101067177,-0.118101067177,,,-0.576884957788,-0.576884957788,-0.118101067177,0.0,0.055089936992,0.0,14.0,,,3.0,3.0
2025-12-07 08:00:00,0,,0,,15.200446307659,15.200446307659,3.780215084553,18.980661392212,0.007341995165,0.007341995165,,,0.671509291016,0.671509291016,0.007341995165,0.001571141277,0.14256823785,1.0,37.0,,,10.0,10.0
2025-12-07 12:00:00,0,,0,,8.124728322029,8.124728322029,1.550761401653,9.675489723682,-0.184512844743,-0.184512844743,,,-0.40756483349,-0.40756483349,-0.184512844743,0.004958643973,0.1015377217,3.0,26.0,,,6.0,6.0
2025-12-07 16:00:00,0,,0,,1.672132074833,1.672132074833,1.75385260582,3.425984680653,-0.005711295417,-0.005711295417,,,-0.496316437271,-0.496316437271,-0.005711295417,0.0,0.072411624182,0.0,18.0,,,6.0,6.0
2025-12-07 20:00:00,0,,0,,5.656003415585,5.656003415585,2.259564638138,7.915568053722,0.155887949074,0.155887949074,,,-0.124700155429,-0.124700155429,0.155887949074,0.001918354819,0.102256601816,1.0,25.0,,,9.0,9.0
2025-12-08 00:00:00,0,0.0,0,0.0,4.221483170986,4.221483170986,3.1088758111,7.330358982086,0.039635580851,0.039635580851,1.390619844597,1.390619844597,-0.224727741922,-0.224727741922,0.039635580851,0.001923668821,0.107566350836,1.0,26.0,362880.0,59.0,6.0,6.0
2025-12-08 04:00:00,0,,0,,136.210494399071,136.210494399071,1.698935449123,137.909429848194,0.159827864835,0.159827864835,,,2.337530054568,2.337530054568,0.159827864835,0.0,0.760287093285,0.0,179.0,,,7.0,7.0
2025-12-08 08:00:00,0,,0,,2.073699474335,2.073699474335,5.7312489748,7.804948449135,-0.168073796667,-0.168073796667,,,-0.097564921118,-0.097564921118,-0.168073796667,0.003578960516,0.130060160074,2.0,31.0,,,11.0,11.0
2025-12-08 12:00:00,0,,0,,10.739339590073,10.739339590073,3.878850698471,14.618190288544,0.000732219038,0.000732219038,,,0.007518794359,0.007518794359,0.000732219038,0.001600102407,0.173767784884,1.0,42.0,,,10.0,10.0
2025-12-08 16:00:00,0,,0,,12.057657659054,12.057657659054,2.384637236595,14.442294895649,0.08853902766,0.08853902766,,,0.115804301833,0.115804301833,0.08853902766,0.00121335663,0.167105404998,1.0,39.0,,,14.0,14.0
2025-12-08 20:00:00,0,,0,,11.217152535915,11.217152535915,1.464977741241,12.682130277157,-0.04289970465,-0.04289970465,,,0.146420730746,0.146420730746,-0.04289970465,0.0,0.129528558206,0.0,33.0,,,11.0,11.0
2025-12-09 00:00:00,0,0.0,0,0.0,2.320694983006,2.320694983006,2.528265595436,4.848960578442,-0.333442851213,-0.333442851213,0.795069229842,0.795069229842,-0.299788487666,-0.299788487666,-0.333442851213,0.0,0.083875249385,0.0,18.0,363091.0,101.0,5.0,5.0
2025-12-09 04:00:00,0,,0,,14.496381998062,14.496381998062,0.0,14.496381998062,0.134157771279,0.134157771279,,,0.188221940017,0.188221940017,0.134157771279,0.001580677795,0.133467867279,1.0,32.0,,,14.0,14.0
2025-12-09 08:00:00,0,,0,,11.591696083546,11.591696083546,4.996384322643,16.588080406189,0.118480379588,0.118480379588,,,0.056455587741,0.056455587741,0.118480379588,0.0,0.182680286111,0.0,47.0,,,15.0,15.0
2025-12-09 12:00:00,0,,0,,21.289916932583,21.289916932583,2.577293097973,23.867210030556,0.088469024615,0.088469024615,,,0.990597894843,0.990597894843,0.088469024615,0.001774559909,0.345837122647,1.0,79.0,,,25.0,25.0
2025-12-09 16:00:00,0,,0,,22.729929804802,22.729929804802,4.213906526566,26.943836331367,0.080437634548,0.080437634548,,,1.147373680105,1.147373680105,0.080437634548,0.001376045795,0.218570483802,1.0,62.0,,,28.0,28.0
2025-12-09 20:00:00,0,,0,,8.274396121502,8.274396121502,3.233806073666,11.508202195168,-0.198484515659,-0.198484515659,,,-0.257786939307,-0.257786939307,-0.198484515659,0.0,0.129182218398,0.0,36.0,,,14.0,14.0
2025-12-10 00:00:00,0,0.0,0,0.0,6.601800501347,6.601800501347,2.500953733921,9.102754235268,0.088599148112,0.088599148112,-0.027993381866,-0.027993381866,-0.285308306352,-0.285308306352,0.088599148112,0.004317817531,0.112244125048,3.0,31.0,363367.0,103.0,20.0,20.0
2025-12-10 04:00:00,0,,0,,9.388951659203,9.388951659203,0.848016798496,10.236968457699,0.120425487772,0.120425487772,,,-0.237365098764,-0.237365098764,0.120425487772,0.0,0.084330813876,0.0,24.0,,,14.0,14.0
2025-12-10 08:00:00,0,,0,,11.512135446072,11.512135446072,2.457443773746,13.969579219818,-0.169883400722,-0.169883400722,,,0.00657446975,0.00657446975,-0.169883400722,0.004017900301,0.165655065913,3.0,47.0,,,16.0,16.0
2025-12-10 12:00:00,0,,0,,7.959072947502,7.959072947502,4.010942101479,11.970015048981,0.011820269344,0.011820269344,,,-0.268384384082,-0.268384384082,0.011820269344,0.001361655773,0.125891901687,1.0,37.0,,,19.0,19.0
2025-12-10 16:00:00,0,,0,,5.593813300133,5.593813300133,3.301569342613,8.895382642746,0.043537698213,0.043537698213,,,-0.254767441253,-0.254767441253,0.043537698213,0.0,0.126421879927,0.0,35.0,,,12.0,12.0
2025-12-10 20:00:00,0,,0,,6.167338073254,6.167338073254,5.005933761597,11.17327183485,0.055073766143,0.055073766143,,,0.145559026045,0.145559026045,0.055073766143,0.001320236586,0.14645836259,1.0,40.0,,,22.0,22.0
2025-12-11 00:00:00,1,1.0,1,0.0,7.32561892271,7.32561892271,2.188521265984,9.514140188694,-0.046958431724,-0.046958431724,-0.553781853123,-0.553781853123,-0.506084827104,-0.506084827104,-0.046958431724,0.001300457761,0.14891857153,1.0,28.0,363388.0,67.0,10.0,10.0
2025-12-11 04:00:00,0,,0,,6.645568311214,6.645568311214,3.176481425762,9.822049736977,0.103140199669,0.103140199669,,,-0.465364698676,-0.465364698676,0.103140199669,0.0,0.085864189134,0.0,26.0,,,11.0,11.0
2025-12-11 08:00:00,0,,0,,4.668067336082,4.668067336082,4.928802549839,9.596869885921,-0.11820519079,-0.11820519079,,,-0.507734018695,-0.507734018695,-0.11820519079,0.001318565401,0.134654198629,1.0,40.0,,,14.0,14.0
2025-12-11 12:00:00,0,,0,,15.685594439507,15.685594439507,2.349651813507,18.035246253014,0.185329810473,0.185329810473,,,-0.10088073456,-0.10088073456,0.185329810473,0.0,0.156896722086,0.0,46.0,,,11.0,11.0
2025-12-11 16:00:00,0,,0,,6.321959376335,6.321959376335,3.431923627853,9.753883004189,-0.085251990575,-0.085251990575,,,-0.406250260655,-0.406250260655,-0.085251990575,0.0,0.101597203306,0.0,31.0,,,12.0,12.0
2025-12-11 20:00:00,0,,0,,2.744618237019,2.744618237019,3.228838860989,5.973457098007,-0.062179449237,-0.062179449237,,,-0.623110400817,-0.623110400817,-0.062179449237,0.003981110895,0.095384411195,2.0,24.0,,,9.0,9.0
2025-12-12 00:00:00,0,0.0,0,1.0,4.765017330647,4.765017330647,3.45884001255,8.223857343197,0.137853796721,0.137853796721,-0.089607936768,-0.089607936768,-0.46056636167,-0.46056636167,0.137853796721,0.0,0.123291681362,0.0,29.0,363305.0,85.0,12.0,12.0
2025-12-12 04:00:00,0,,0,,5.150295436382,5.150295436382,1.597433567047,6.747729003429,-0.130154731804,-0.130154731804,,,-0.527644012826,-0.527644012826,-0.130154731804,0.0,0.176132254401,0.0,24.0,,,2.0,2.0
2025-12-12 08:00:00,0,,0,,8.132063686848,8.132063686848,4.332657575607,12.464721262455,0.304016811362,0.304016811362,,,0.161007105912,0.161007105912,0.304016811362,0.002404502281,0.117086361128,2.0,35.0,,,17.0,17.0
2025-12-12 12:00:00,0,,0,,15.748524963856,15.748524963856,3.99636298418,19.744887948036,-0.097588670164,-0.097588670164,,,0.830392550489,0.830392550489,-0.097588670164,0.009416023201,0.195906810367,4.0,53.0,,,19.0,19.0
2025-12-12 16:00:00,0,,0,,14.896931827068,14.896931827068,5.174651384354,20.071583211422,0.080718380445,0.080718380445,,,1.558997630157,1.558997630157,0.080718380445,0.003746074947,0.257892255403,3.0,65.0,,,30.0,31.0
2025-12-12 20:00:00,0,,0,,7.244318783283,7.244318783283,1.432663619518,8.676982402802,-0.063844987313,-0.063844987313,,,-0.353193627354,-0.353193627354,-0.063844987313,0.0,0.098262706419,0.0,27.0,,,7.0,7.0
2025-12-13 00:00:00,0,0.0,0,1.0,4.921706318855,4.921706318855,0.0,4.921706318855,-0.121185986754,-0.121185986754,-0.972567204104,-0.972567204104,-0.450497768834,-0.450497768834,-0.121185986754,0.001410516813,0.061624139788,1.0,16.0,363428.0,46.0,7.0,7.0
2025-12-13 04:00:00,0,,0,,9.848312854767,9.848312854767,0.811757743359,10.660070598125,0.117744818229,0.117744818229,,,-0.033262184501,-0.033262184501,0.117744818229,0.001236399604,0.085947657215,1.0,23.0,,,9.0,9.0
2025-12-13 08:00:00,0,,0,,5.441400170326,5.441400170326,1.756142258644,7.19754242897,-0.093432249334,-0.093432249334,,,-0.430011480641,-0.430011480641,-0.093432249334,0.001303712975,0.126618412745,1.0,28.0,,,5.0,5.0
2025-12-13 12:00:00,0,,0,,2.37504273653,2.37504273653,8.155932426453,10.530975162983,-0.118491635545,-0.118491635545,,,-0.50344883027,-0.50344883027,-0.118491635545,0.0,0.164725412751,0.0,45.0,,,11.0,11.0
2025-12-13 16:00:00,0,,0,,1.823036193848,1.823036193848,5.719929695129,7.542965888977,-0.024217939009,-0.024217939009,,,-0.405946055906,-0.405946055906,-0.024217939009,0.001229830775,0.166432099088,1.0,37.0,,,5.0,5.0
2025-12-13 20:00:00,0,,0,,3.441543102264,3.441543102264,4.733440876007,8.174983978271,0.026607126078,0.026607126078,,,-0.493088325605,-0.493088325605,0.026607126078,0.001511852927,0.155162091533,1.0,35.0,,,9.0,9.0
2025-12-14 00:00:00,0,0.0,0,1.0,1.806853055954,1.806853055954,0.701559007168,2.508412063122,-0.045450977495,-0.045450977495,-1.114759832428,-1.114759832428,-0.529739861955,-0.529739861955,-0.045450977495,0.0,0.03885024576,0.0,9.0,363427.0,39.0,2.0,2.0
2025-12-14 04:00:00,0,,0,,3.313900709152,3.313900709152,0.904575765133,4.218476474285,-0.190440827979,-0.190440827979,,,-0.502063529281,-0.502063529281,-0.190440827979,0.001358991085,0.048557483758,1.0,12.0,,,3.0,3.0
2025-12-14 08:00:00,0,,0,,3.008655071259,3.008655071259,2.711676359177,5.720331430435,0.272896322951,0.272896322951,,,-0.385909598479,-0.385909598479,0.272896322951,0.002472130754,0.060402201392,2.0,17.0,,,6.0,6.0
2025-12-14 12:00:00,0,,0,,6.658272564411,6.658272564411,2.557005047798,9.215277612209,-0.112748792075,-0.112748792075,,,-0.173290002769,-0.173290002769,-0.112748792075,0.001271876272,0.133991893631,1.0,26.0,,,6.0,6.0
2025-12-14 16:00:00,0,,0,,1.312340021133,1.312340021133,7.593287885189,8.905627906322,0.109694248593,0.109694248593,,,-0.367072035725,-0.367072035725,0.109694248593,0.002575432511,0.20214533148,2.0,41.0,,,14.0,14.0
2025-12-14 20:00:00,0,,0,,1.845276772976,1.845276772976,3.136565446854,4.98184221983,-0.108396341057,-0.108396341057,,,-0.35089936698,-0.35089936698,-0.108396341057,0.0,0.086018658548,0.0,22.0,,,8.0,8.0
2025-12-15 00:00:00,0,0.0,0,1.0,0.742136716843,0.742136716843,2.56138753891,3.303524255753,0.01051796766,0.01051796766,-0.700173377409,-0.700173377409,-0.302471369914,-0.302471369914,0.01051796766,0.003625179049,0.106900397151,3.0,13.0,363503.0,63.0,5.0,5.0
2025-12-15 04:00:00,0,,0,,3.045096576214,3.045096576214,0.0,3.045096576214,0.012761348401,0.012761348401,,,-0.237090909665,-0.237090909665,0.012761348401,0.0,0.056381016691,0.0,14.0,,,5.0,5.0
2025-12-15 08:00:00,0,,0,,1.545969128609,1.545969128609,2.410535633564,3.956504762173,0.022063424338,0.022063424338,,,-0.387572785774,-0.387572785774,0.022063424338,0.001129790311,0.205967318146,1.0,20.0,,,7.0,7.0
2025-12-15 12:00:00,0,,0,,17.772964179516,17.772964179516,4.627666532993,22.400630712509,0.367835704703,0.367835704703,,,3.185675533024,3.185675533024,0.367835704703,0.010221042094,0.642337074587,4.0,55.0,,,25.0,25.0
2025-12-15 16:00:00,0,,0,,7.557199716568,7.557199716568,3.907444834709,11.464644551277,-0.258690401083,-0.258690401083,,,0.207286320079,0.207286320079,-0.258690401083,0.025554595676,0.364010348278,3.0,43.0,,,13.0,13.0
2025-12-15 20:00:00,0,,0,,5.558674871922,5.558674871922,4.887386977673,10.446061849594,-0.085485211023,-0.085485211023,,,0.10647337923,0.10647337923,-0.085485211023,0.004344736958,0.386517615174,2.0,37.0,,,8.0,8.0
2025-12-16 00:00:00,0,0.0,0,1.0,2.041646838188,2.041646838188,3.877145648003,5.918792486191,-0.022084400963,-0.022084400963,-0.813157267598,-0.813157267598,-0.248758079742,-0.248758079742,-0.022084400963,0.068723873164,0.738189079259,2.0,30.0,363612.0,54.0,8.0,8.0
2025-12-16 04:00:00,0,,0,,3.924942016602,3.924942016602,0.0,3.924942016602,-0.041794147624,-0.041794147624,,,-0.222985426832,-0.222985426832,-0.041794147624,0.0,0.555387459992,0.0,21.0,,,6.0,6.0
2025-12-16 08:00:00,0,,0,,5.798751354218,5.798751354218,3.015013635159,8.813764989376,0.112838899959,0.112838899959,,,-0.151167081215,-0.151167081215,0.112838899959,0.001870137642,0.396112615166,1.0,34.0,,,7.0,7.0
2025-12-16 12:00:00,0,,0,,9.039888620377,9.039888620377,4.562812745571,13.602701365948,-0.038777814611,-0.038777814611,,,-0.006091846645,-0.006091846645,-0.038777814611,0.006261997091,0.213408860122,3.0,42.0,,,9.0,9.0
2025-12-16 16:00:00,0,,0,,13.109890758991,13.109890758991,3.180748164654,16.290638923645,0.202145035505,0.202145035505,,,0.612270530051,0.612270530051,0.202145035505,0.028054795638,0.353910142111,3.0,44.0,,,14.0,14.0
2025-12-16 20:00:00,0,,0,,0.263325989246,0.263325989246,7.120506227016,7.383832216263,-0.228037642466,-0.228037642466,,,-0.3525342521,-0.3525342521,-0.228037642466,0.002295829691,0.205424591559,2.0,43.0,,,10.0,10.0
2025-12-17 00:00:00,0,0.0,0,1.0,5.880681812763,5.880681812763,3.699897289276,9.580579102039,0.330611496649,0.330611496649,1.021195528073,1.021195528073,0.972637922447,0.972637922447,0.330611496649,0.00251610306,0.331300424155,2.0,54.0,363735.0,134.0,28.0,29.0
2025-12-17 04:00:00,0,,0,,11.120262265205,11.120262265205,0.747219800949,11.867482066154,-0.110679968539,-0.110679968539,,,0.717391448276,0.717391448276,-0.110679968539,0.001104630612,0.40862757818,1.0,42.0,,,24.0,24.0
2025-12-17 08:00:00,0,,0,,15.193372368813,15.193372368813,2.226579010487,17.419951379299,-0.009971609412,-0.009971609412,,,1.057831640497,1.057831640497,-0.009971609412,0.005044390638,1.020267130022,1.0,52.0,,,23.0,23.0
2025-12-17 12:00:00,0,,0,,16.266335785389,16.266335785389,3.897313177586,20.163648962975,-0.036782776355,-0.036782776355,,,0.530823322848,0.530823322848,-0.036782776355,0.030193236715,0.756722229009,1.0,64.0,,,14.0,14.0
2025-12-17 16:00:00,0,,0,,13.352609157562,13.352609157562,5.89775967598,19.250368833542,0.053464922483,0.053464922483,,,0.967781188168,0.967781188168,0.053464922483,0.012517415535,0.711594218008,2.0,71.0,,,28.0,28.0
2025-12-17 20:00:00,0,,0,,5.477472603321,5.477472603321,5.78370141983,11.261174023151,-0.066874811438,-0.066874811438,,,-0.33459126573,-0.33459126573,-0.066874811438,0.0,0.438149513255,0.0,48.0,,,19.0,19.0
2025-12-18 00:00:00,0,0.0,0,1.0,8.138718783855,8.138718783855,2.336576163769,10.475294947624,-0.020758559344,-0.020758559344,0.268803116155,0.268803116155,-0.338452145458,-0.338452145458,-0.020758559344,0.005569966061,0.350984983554,3.0,34.0,363955.0,97.0,13.0,13.0
2025-12-18 04:00:00,0,,0,,6.572120010853,6.572120010853,3.247722446918,9.819842457771,-0.033143611441,-0.033143611441,,,-0.328289576595,-0.328289576595,-0.033143611441,0.002448100274,0.398177387887,1.0,22.0,,,6.0,6.0
2025-12-18 08:00:00,0,,0,,11.019231021404,11.019231021404,2.381208598614,13.400439620018,0.011881731165,0.011881731165,,,0.249175463299,0.249175463299,0.011881731165,0.001171069889,0.411399298082,1.0,48.0,,,18.0,18.0
2025-12-18 12:00:00,0,,0,,9.38083922863,9.38083922863,2.419071137905,11.799910366535,0.016819658336,0.016819658336,,,-0.068942389171,-0.068942389171,0.016819658336,0.002172401807,0.277643373691,2.0,46.0,,,15.0,15.0
2025-12-18 16:00:00,0,,0,,14.803775429726,14.803775429726,5.752332687378,20.556108117104,0.129763971639,0.129763971639,,,0.717047866967,0.717047866967,0.129763971639,0.016103284396,0.241333045794,2.0,56.0,,,22.0,22.0
2025-12-18 20:00:00,0,,0,,13.697492480278,13.697492480278,4.245259344578,17.942751824856,-0.016988640572,-0.016988640572,,,0.797842558649,0.797842558649,-0.016988640572,0.002278618304,0.21291092371,2.0,49.0,,,23.0,24.0
2025-12-19 00:00:00,0,1.0,0,0.0,4.207518517971,4.207518517971,3.461970210075,7.669488728046,-0.199523341214,-0.199523341214,-0.58730242853,-0.58730242853,-0.669764642502,-0.669764642502,-0.199523341214,0.002325091887,0.371850675351,2.0,25.0,364071.0,66.0,8.0,8.0
2025-12-19 04:00:00,0,,0,,7.209355711937,7.209355711937,1.647952079773,8.85730779171,0.074902717302,0.074902717302,,,-0.558949047815,-0.558949047815,0.074902717302,0.0,0.281597633921,0.0,30.0,,,8.0,8.0
2025-12-19 08:00:00,0,,0,,8.351788163185,8.351788163185,4.849496901035,13.20128506422,-0.023125967834,-0.023125967834,,,-0.321417619451,-0.321417619451,-0.023125967834,0.003204537456,0.365141706119,3.0,43.0,,,15.0,15.0
2025-12-19 12:00:00,0,,0,,10.197453260422,10.197453260422,5.541672885418,15.73912614584,0.018245588601,0.018245588601,,,-0.399292407519,-0.399292407519,0.018245588601,0.0,0.810482420884,0.0,60.0,,,10.0,10.0
2025-12-19 16:00:00,0,,0,,8.068652153015,8.068652153015,4.01743209362,12.086084246635,0.078830306024,0.078830306024,,,-0.361369066911,-0.361369066911,0.078830306024,0.001116470168,0.309875283977,1.0,39.0,,,14.0,14.0
2025-12-19 20:00:00,1,,1,,5.773018062115,5.773018062115,3.221610665321,8.994628727436,-0.060070082173,-0.060070082173,,,-0.36972999161,-0.36972999161,-0.060070082173,0.001688276607,0.5193173146,1.0,37.0,,,11.0,11.0
2025-12-20 00:00:00,0,0.0,0,1.0,3.82128059864,3.82128059864,4.920240521431,8.741521120071,-0.016751106317,-0.016751106317,-0.842846171218,-0.842846171218,-0.496721811874,-0.496721811874,-0.016751106317,0.035923928986,0.192723019813,5.0,26.0,364176.0,53.0,7.0,7.0
2025-12-20 04:00:00,0,,0,,5.043574929237,5.043574929237,0.702242672443,5.745817601681,-0.018762302318,-0.018762302318,,,-0.555112115125,-0.555112115125,-0.018762302318,0.0,0.210622685085,0.0,13.0,,,3.0,3.0
2025-12-20 08:00:00,0,,0,,3.470447063446,3.470447063446,6.43613576889,9.906582832336,-0.064263789361,-0.064263789361,,,-0.64849664193,-0.64849664193,-0.064263789361,0.013206914082,0.388463324617,4.0,35.0,,,9.0,9.0
2025-12-20 12:00:00,0,,0,,10.235454976559,10.235454976559,5.231024742126,15.466479718685,0.171956293926,0.171956293926,,,0.088813292917,0.088813292917,0.171956293926,0.001015764668,0.569645019398,1.0,67.0,,,12.0,12.0
2025-12-20 16:00:00,0,,0,,5.863312184811,5.863312184811,3.3273473382,9.19065952301,-0.087956851123,-0.087956851123,,,-0.218355259814,-0.218355259814,-0.087956851123,0.001112891738,0.437430348025,1.0,74.0,,,13.0,13.0
2025-12-20 20:00:00,0,,0,,7.783149003983,7.783149003983,3.391594827175,11.174743831158,-0.054278063397,-0.054278063397,,,-0.204931002901,-0.204931002901,-0.054278063397,0.0,0.514072508834,0.0,63.0,,,9.0,9.0
2025-12-21 00:00:00,0,0.0,0,1.0,0.597052574158,0.597052574158,0.947892069817,1.544944643974,-0.039620524297,-0.039620524297,-1.04614556496,-1.04614556496,-0.545439839559,-0.545439839559,-0.039620524297,0.0,0.428684968523,0.0,36.0,364216.0,36.0,2.0,2.0
2025-12-21 04:00:00,0,,0,,3.928772926331,3.928772926331,0.0,3.928772926331,0.009988380939,0.009988380939,,,-0.445932575074,-0.445932575074,0.009988380939,0.0,0.260223384271,0.0,36.0,,,2.0,2.0
2025-12-21 08:00:00,0,,0,,8.295107543468,8.295107543468,1.844052553177,10.139160096645,0.140762863136,0.140762863136,,,-0.12453342487,-0.12453342487,0.140762863136,0.0,0.379091212557,0.0,62.0,,,7.0,7.0
2025-12-21 12:00:00,0,,0,,3.25038933754,3.25038933754,3.26393020153,6.51431953907,-0.026301871179,-0.026301871179,,,-0.327206119901,-0.327206119901,-0.026301871179,0.043402777778,0.356199291707,1.0,52.0,,,11.0,11.0
2025-12-21 16:00:00,0,,0,,10.007121741772,10.007121741772,1.640230596066,11.647352337837,-0.054299668863,-0.054299668863,,,0.6753640081,0.6753640081,-0.054299668863,0.0,0.49207632804,0.0,56.0,,,7.0,7.0
2025-12-21 20:00:00,0,,0,,2.826825857162,2.826825857162,4.647473812103,7.474299669266,-0.056445537203,-0.056445537203,,,-0.50323324363,-0.50323324363,-0.056445537203,0.0,0.443097558065,0.0,58.0,,,7.0,8.0
2025-12-22 00:00:00,0,0.0,0,1.0,-0.910510003567,-0.910510003567,2.637601137161,1.727091133595,-0.145362242461,-0.145362242461,-0.214202071255,-0.214202071255,-0.727309833817,-0.727309833817,-0.145362242461,0.059076701195,0.457533198952,2.0,46.0,364291.0,77.0,6.0,6.0
2025-12-22 04:00:00,0,,0,,4.078654527664,4.078654527664,1.549057304859,5.627711832523,-0.032624160925,-0.032624160925,,,-0.251687891128,-0.251687891128,-0.032624160925,0.001198695819,0.88828252486,1.0,55.0,,,7.0,7.0
2025-12-22 08:00:00,0,,0,,11.186789810658,11.186789810658,0.819110989571,12.005900800228,0.321663276248,0.321663276248,,,1.539759318564,1.539759318564,0.321663276248,0.00494451114,0.392592886301,2.0,63.0,,,16.0,16.0
2025-12-22 12:00:00,0,,0,,13.257634878159,13.257634878159,7.070362269878,20.327997148037,0.050837981161,0.050837981161,,,1.534499073413,1.534499073413,0.050837981161,0.001528491074,0.716160518274,1.0,87.0,,,19.0,19.0
2025-12-22 16:00:00,0,,0,,19.46187120676,19.46187120676,1.694056987762,21.155928194523,-0.048704723827,-0.048704723827,,,2.243925619774,2.243925619774,-0.048704723827,0.006175844704,0.774141520431,4.0,77.0,,,18.0,18.0
2025-12-22 20:00:00,0,,0,,7.884024083614,7.884024083614,4.126449942589,12.010474026203,-0.059329687755,-0.059329687755,,,-0.049428595589,-0.049428595589,-0.059329687755,0.0,0.72748209976,0.0,57.0,,,11.0,11.0
2025-12-23 00:00:00,0,0.0,0,1.0,6.087583482265,6.087583482265,1.633208453655,7.720791935921,-0.132517550675,-0.132517550675,-0.589865891948,-0.589865891948,-0.406765535289,-0.406765535289,-0.132517550675,0.001008389803,0.90487073152,1.0,47.0,364607.0,63.0,7.0,7.0
2025-12-23 04:00:00,0,,0,,6.474592387676,6.474592387676,2.530754506588,9.005346894264,0.003033458634,0.003033458634,,,-0.233622372908,-0.233622372908,0.003033458634,0.003449227373,0.294241072767,1.0,49.0,,,8.0,8.0
2025-12-23 08:00:00,0,,0,,8.107475578785,8.107475578785,0.0,8.107475578785,0.040405672728,0.040405672728,,,-0.140199402627,-0.140199402627,0.040405672728,0.001040626041,0.194768938953,1.0,48.0,,,8.0,8.0
2025-12-23 12:00:00,0,,0,,9.439954459667,9.439954459667,4.035059928894,13.475014388561,0.190474758952,0.190474758952,,,0.790131246923,0.790131246923,0.190474758952,0.037212182478,0.555511069659,4.0,80.0,,,22.0,22.0
2025-12-23 16:00:00,0,,0,,12.71125125885,12.71125125885,3.980232298374,16.691483557224,-0.147325033536,-0.147325033536,,,0.639440766966,0.639440766966,-0.147325033536,0.0,0.85680662308,0.0,73.0,,,15.0,15.0
2025-12-23 20:00:00,0,,0,,-0.272017359734,-0.272017359734,3.505946874619,3.233929514885,-0.062415039538,-0.062415039538,,,-0.642752603226,-0.642752603226,-0.062415039538,0.046819941385,0.553234889562,3.0,50.0,,,5.0,5.0
2025-12-24 00:00:00,0,0.0,0,1.0,5.619034826756,5.619034826756,1.557894587517,7.176929414272,0.15931069194,0.15931069194,-0.526618165074,-0.526618165074,-0.450290629883,-0.450290629883,0.15931069194,0.010469011725,0.201769640344,1.0,49.0,364825.0,51.0,7.0,7.0
2025-12-24 04:00:00,0,,0,,7.568336486816,7.568336486816,0.744571328163,8.31290781498,0.130893565101,0.130893565101,,,-0.278488983362,-0.278488983362,0.130893565101,0.0,0.674761950282,0.0,47.0,,,8.0,8.0
2025-12-24 08:00:00,0,,0,,14.172580659389,14.172580659389,1.709472239017,15.882052898407,0.1677909653,0.1677909653,,,0.312322099742,0.312322099742,0.1677909653,0.004436362,0.427730431741,4.0,68.0,,,11.0,11.0
2025-12-24 12:00:00,0,,0,,9.231017053127,9.231017053127,5.006738781929,14.237755835056,-0.162439385525,-0.162439385525,,,-0.371121306911,-0.371121306911,-0.162439385525,0.007966668336,0.713506462393,2.0,43.0,,,8.0,8.0
2025-12-24 16:00:00,0,,0,,18.836902081966,18.836902081966,0.808001458645,19.644903540611,0.300173668885,0.300173668885,,,0.645485653728,0.645485653728,0.300173668885,0.006740306172,0.495057912942,3.0,48.0,,,11.0,14.0
2025-12-24 20:00:00,0,,0,,1.19881606102,1.19881606102,5.004161417484,6.202977478504,-0.261104571304,-0.261104571304,,,-0.556869594207,-0.556869594207,-0.261104571304,0.003591978048,0.557605801958,2.0,26.0,,,6.0,6.0
2025-12-25 00:00:00,0,0.0,0,1.0,0.741338968277,0.741338968277,1.511116087437,2.252455055714,0.015669809408,0.015669809408,-1.076077865185,-1.076077865185,-0.689419606565,-0.689419606565,0.015669809408,0.002154429507,0.075857644614,1.0,13.0,365014.0,42.0,3.0,3.0
2025-12-25 04:00:00,0,,0,,3.205730855465,3.205730855465,0.756522417068,3.962253272533,0.077467854824,0.077467854824,,,-0.36476754032,-0.36476754032,0.077467854824,0.0,0.620827547827,0.0,21.0,,,6.0,6.0
2025-12-25 08:00:00,0,,0,,3.930543124676,3.930543124676,0.787871360779,4.718414485455,-0.025331202598,-0.025331202598,,,-0.377583998415,-0.377583998415,-0.025331202598,0.0,0.35120074341,0.0,17.0,,,7.0,7.0
2025-12-25 12:00:00,0,,0,,1.348205447197,1.348205447197,4.974813640118,6.323019087315,0.120707098284,0.120707098284,,,-0.331569411289,-0.331569411289,0.120707098284,0.0,0.524453670097,0.0,30.0,,,13.0,13.0
2025-12-25 16:00:00,0,,0,,5.242748737335,5.242748737335,5.296764552593,10.539513289928,-0.156076533665,-0.156076533665,,,-0.250190170399,-0.250190170399,-0.156076533665,0.0,0.493352953776,0.0,29.0,,,6.0,6.0
2025-12-25 20:00:00,0,,0,,3.162543654442,3.162543654442,0.0,3.162543654442,0.119252754482,0.119252754482,,,-0.385357103175,-0.385357103175,0.119252754482,0.0,0.101135748174,0.0,13.0,,,7.0,7.0
2025-12-26 00:00:00,0,0.0,0,1.0,3.167988598347,3.167988598347,0.709528565407,3.877517163754,-0.125160715599,-0.125160715599,-0.860711299142,-0.860711299142,-0.532486787904,-0.532486787904,-0.125160715599,0.002367424242,0.480100982927,1.0,20.0,365055.0,39.0,5.0,5.0
2025-12-26 04:00:00,0,,0,,7.470696091652,7.470696091652,1.752909481525,9.223605573177,0.190992885261,0.190992885261,,,-0.19162670244,-0.19162670244,0.190992885261,0.191003934242,0.347934039614,2.0,24.0,,,5.0,5.0
2025-12-26 08:00:00,0,,0,,8.126500070095,8.126500070095,2.322472512722,10.448972582817,-0.024499050501,-0.024499050501,,,-0.038709283498,-0.038709283498,-0.024499050501,0.002168141521,0.32157394498,2.0,30.0,,,6.0,6.0
2025-12-26 12:00:00,0,,0,,9.397197663784,9.397197663784,4.041074454784,13.438272118568,-0.05450265995,-0.05450265995,,,0.595263311166,0.595263311166,-0.05450265995,0.003634428007,0.343727202796,2.0,45.0,,,12.0,12.0
2025-12-26 16:00:00,0,,0,,4.876938521862,4.876938521862,3.853241682053,8.730180203915,-0.007792582486,-0.007792582486,,,-0.496933895995,-0.496933895995,-0.007792582486,0.001505298651,0.52665661375,1.0,36.0,,,4.0,4.0
2025-12-26 20:00:00,0,,0,,5.336236774921,5.336236774921,3.385225951672,8.721462726593,0.024151229398,0.024151229398,,,-0.236865492601,-0.236865492601,0.024151229398,0.001338903171,0.34554175146,1.0,25.0,,,7.0,7.0
2025-12-27 00:00:00,0,0.0,0,0.0,6.158872008324,6.158872008324,2.236219704151,8.395091712475,0.114313981796,0.114313981796,-0.338903817647,-0.338903817647,0.387662016076,0.387662016076,0.114313981796,0.0,0.125910691909,0.0,22.0,365096.0,55.0,9.0,9.0
2025-12-27 04:00:00,0,,0,,5.916652917862,5.916652917862,2.236786186695,8.153439104557,-0.083596860945,-0.083596860945,,,-0.137080146036,-0.137080146036,-0.083596860945,0.0,0.701441833319,0.0,25.0,,,4.0,4.0
2025-12-27 08:00:00,0,,0,,8.954394876957,8.954394876957,1.485520362854,10.439915239811,-0.028235110596,-0.028235110596,,,0.355056749629,0.355056749629,-0.028235110596,0.001184385067,0.238135423226,1.0,29.0,,,8.0,8.0
2025-12-27 12:00:00,0,,0,,10.492024540901,10.492024540901,3.241430103779,13.73345464468,0.00868181685,0.00868181685,,,1.290711028313,1.290711028313,0.00868181685,0.005612300353,0.422782018672,5.0,44.0,,,13.0,13.0
2025-12-27 16:00:00,0,,0,,18.794570088387,18.794570088387,4.018276512623,22.812846601009,0.174593621431,0.174593621431,,,1.144982659056,1.144982659056,0.174593621431,0.010907504363,0.293322996218,1.0,51.0,,,9.0,12.0
2025-12-27 20:00:00,0,,0,,13.089610636234,13.089610636234,4.022156119347,17.111766755581,0.011961695558,0.011961695558,,,1.294292030867,1.294292030867,0.011961695558,0.0,0.459471544289,0.0,46.0,,,13.0,13.0
2025-12-28 00:00:00,0,0.0,0,0.0,3.103085696697,3.103085696697,1.715922057629,4.819007754326,-0.142187078467,-0.142187078467,-0.889896146035,-0.889896146035,-0.672542053799,-0.672542053799,-0.142187078467,0.007603406326,0.48390332029,1.0,18.0,365181.0,44.0,3.0,3.0
2025-12-28 04:00:00,0,,0,,4.59673088789,4.59673088789,2.193478047848,6.790208935738,0.008369568049,0.008369568049,,,-0.500462383422,-0.500462383422,0.008369568049,0.0,0.460925731125,0.0,22.0,,,3.0,3.0
2025-12-28 08:00:00,0,,0,,10.455302894115,10.455302894115,0.770401597023,11.225704491138,0.024699766703,0.024699766703,,,0.558979037463,0.558979037463,0.024699766703,0.043042229627,0.285263982324,3.0,34.0,,,11.0,11.0
2025-12-28 12:00:00,0,,0,,5.986076056957,5.986076056957,1.730844795704,7.716920852661,-0.133466401362,-0.133466401362,,,-0.579150553697,-0.579150553697,-0.133466401362,0.002474267617,0.517931142606,1.0,32.0,,,6.0,6.0
2025-12-28 16:00:00,0,,0,,0.67432397604,0.67432397604,5.662261486053,6.336585462093,-0.083940974712,-0.083940974712,,,-0.597866800296,-0.597866800296,-0.083940974712,0.0,0.560305653641,0.0,43.0,,,13.0,13.0
2025-12-28 20:00:00,0,,0,,3.894259035587,3.894259035587,4.001789987087,7.896049022675,0.153617791898,0.153617791898,,,-0.46458583776,-0.46458583776,0.153617791898,0.002651215427,0.542535936233,2.0,33.0,,,8.0,8.0
2025-12-29 00:00:00,0,0.0,0,0.0,10.194600880146,10.194600880146,2.407745361328,12.602346241474,-0.066230945268,-0.066230945268,-0.244664965756,-0.244664965756,-0.196204146574,-0.196204146574,-0.066230945268,0.00762233632,0.217101459705,2.0,34.0,365246.0,69.0,6.0,6.0
2025-12-29 04:00:00,0,,0,,5.996162414551,5.996162414551,1.47047328949,7.466635704041,0.143547331061,0.143547331061,,,-0.194762423917,-0.194762423917,0.143547331061,0.0,0.119270329095,0.0,26.0,,,7.0,7.0
2025-12-29 08:00:00,0,,0,,-1.724504172802,-1.724504172802,6.928355932236,5.203851759434,-0.060061982548,-0.060061982548,,,-0.642856345193,-0.642856345193,-0.060061982548,0.047348484848,0.464028769578,1.0,28.0,,,8.0,8.0
2025-12-29 12:00:00,0,,0,,12.572506010532,12.572506010532,3.815534114838,16.38804012537,0.242283903819,0.242283903819,,,1.371744753619,1.371744753619,0.242283903819,0.001259572753,0.379005564977,1.0,49.0,,,17.0,17.0
2025-12-29 16:00:00,0,,0,,8.535473287106,8.535473287106,3.307446956635,11.84292024374,-0.014059683707,-0.014059683707,,,0.380849967334,0.380849967334,-0.014059683707,0.0,0.824900111793,0.0,48.0,,,16.0,16.0
2025-12-29 20:00:00,0,,0,,17.406490683556,17.406490683556,0.0,17.406490683556,-0.088684029001,-0.088684029001,,,0.782135300372,0.782135300372,-0.088684029001,0.001261097659,0.568023180494,1.0,47.0,,,15.0,15.0
2025-12-30 00:00:00,0,1.0,0,0.0,25.024680495262,25.024680495262,4.217164099216,29.241844594479,-0.048770758077,-0.048770758077,0.755528182024,0.755528182024,0.274488258686,0.274488258686,-0.048770758077,0.0,0.434803013795,0.0,54.0,365325.0,78.0,4.0,4.0
2025-12-30 04:00:00,0,,0,,27.516256630421,27.516256630421,1.779169380665,29.295426011086,-0.058550491905,-0.058550491905,,,0.611023261768,0.611023261768,-0.058550491905,0.0,0.729407317292,0.0,54.0,,,6.0,6.0
2025-12-30 08:00:00,1,,1,,16.34838104248,16.34838104248,6.615057229996,22.963438272476,0.130139063771,0.130139063771,,,1.270545726084,1.270545726084,0.130139063771,0.004021879022,0.714785411598,1.0,55.0,,,18.0,18.0
2025-12-30 12:00:00,0,,0,,9.86678558588,9.86678558588,4.144082784653,14.010868370533,-0.040472862704,-0.040472862704,,,0.902962093417,0.902962093417,-0.040472862704,0.006786102063,0.65042080328,1.0,52.0,,,27.0,27.0
2025-12-30 16:00:00,0,,0,,9.008783817291,9.008783817291,4.067896783352,13.076680600643,-0.047830699342,-0.047830699342,,,0.287496302265,0.287496302265,-0.047830699342,0.034722222222,0.842195375787,1.0,43.0,,,14.0,14.0
2025-12-30 20:00:00,0,,0,,7.073113679886,7.073113679886,1.590166270733,8.663279950619,-0.106171253155,-0.106171253155,,,-0.302567955288,-0.302567955288,-0.106171253155,0.0,0.370677839801,0.0,37.0,,,9.0,9.0
2025-12-31 00:00:00,0,0.0,0,1.0,10.755232334137,10.755232334137,2.547122716904,13.302355051041,0.231087221652,0.231087221652,-0.268704743546,-0.268704743546,0.167150589551,0.167150589551,0.231087221652,0.002577182553,0.346333676647,2.0,40.0,365372.0,78.0,16.0,16.0
2025-12-31 04:00:00,0,,0,,2.633653581142,2.633653581142,0.783839583397,3.417493164539,-0.132985038253,-0.132985038253,,,-0.55744897021,-0.55744897021,-0.132985038253,0.021289505473,0.323149582702,5.0,25.0,,,11.0,11.0
2025-12-31 08:00:00,0,,0,,6.082134306431,6.082134306431,4.179937958717,10.262072265148,-0.015029920597,-0.015029920597,,,-0.355178143995,-0.355178143995,-0.015029920597,0.00611241003,0.249921456927,3.0,29.0,,,11.0,11.0
2025-12-31 12:00:00,0,,0,,6.074246942997,6.074246942997,5.533426821232,11.607673764229,0.156707727595,0.156707727595,,,0.081317687856,0.081317687856,0.156707727595,0.001327809645,0.311624887656,1.0,40.0,,,18.0,18.0
2025-12-31 16:00:00,0,,0,,4.944880723953,4.944880723953,3.059761822224,8.004642546177,-0.148979014415,-0.148979014415,,,-0.448656791144,-0.448656791144,-0.148979014415,0.016845548295,0.948517238481,2.0,41.0,,,13.0,13.0
2025-12-31 20:00:00,0,,0,,13.643339395523,13.643339395523,4.538754940033,18.182094335556,0.063564056391,0.063564056391,,,-0.309491223626,-0.309491223626,0.063564056391,0.052083333333,0.908468430581,1.0,43.0,,,9.0,9.0
2026-01-01 00:00:00,0,0.0,0,1.0,37.307454168797,37.307454168797,0.833185493946,38.140639662743,-0.051801659563,-0.051801659563,0.720687587754,0.720687587754,-0.112104629195,-0.112104629195,-0.051801659563,0.0,0.816845244405,0.0,57.0,365401.0,51.0,4.0,4.0
2026-01-01 04:00:00,0,,0,,38.521223843098,38.521223843098,1.713637948036,40.234861791134,0.023020106654,0.023020106654,,,0.230970468504,0.230970468504,0.023020106654,0.0,1.287015716323,0.0,60.0,,,5.0,5.0
2026-01-01 08:00:00,0,,0,,16.311495125294,16.311495125294,3.152058243752,19.463553369045,-0.03034886367,-0.03034886367,,,-0.209405984755,-0.209405984755,-0.03034886367,0.001288394146,0.559595124389,1.0,37.0,,,9.0,9.0
2026-01-01 12:00:00,0,,0,,12.039494693279,12.039494693279,3.137437045574,15.176931738853,-0.105147935205,-0.105147935205,,,-0.496344765035,-0.496344765035,-0.105147935205,0.0,0.356794314526,0.0,47.0,,,4.0,4.0
2026-01-01 16:00:00,0,,0,,18.844024837017,18.844024837017,1.494692921638,20.338717758656,0.210159554185,0.210159554185,,,1.11024976426,1.11024976426,0.210159554185,0.041507837641,0.543879583624,5.0,62.0,,,20.0,20.0
2026-01-01 20:00:00,0,,0,,16.072093784809,16.072093784809,0.810918211937,16.883011996746,-0.068891962594,-0.068891962594,,,-0.018595746105,-0.018595746105,-0.068891962594,0.002932207366,0.241579230775,2.0,33.0,,,9.0,9.0
2026-01-02 00:00:00,0,0.0,0,1.0,8.112139582634,8.112139582634,3.679615318775,11.791754901409,-0.186860827105,-0.186860827105,0.033703077284,0.033703077284,-0.648933483354,-0.648933483354,-0.186860827105,0.0,0.151797175847,0.0,33.0,365476.0,51.0,4.0,4.0
2026-01-02 04:00:00,0,,0,,13.509896576405,13.509896576405,1.71474814415,15.224644720554,0.181890014537,0.181890014537,,,-0.27657455746,-0.27657455746,0.181890014537,0.001439760424,0.595553488778,1.0,42.0,,,7.0,7.0
2026-01-02 08:00:00,0,,0,,11.470963716507,11.470963716507,0.780180990696,12.251144707203,-0.074696958212,-0.074696958212,,,-0.220936111348,-0.220936111348,-0.074696958212,0.001881963264,0.255790139431,1.0,28.0,,,8.0,8.0
2026-01-02 12:00:00,0,,0,,22.577262341976,22.577262341976,2.269890248775,24.847152590752,0.308588516133,0.308588516133,,,1.134536759557,1.134536759557,0.308588516133,0.001493428913,0.39165042407,1.0,48.0,,,13.0,13.0
2026-01-02 16:00:00,0,,0,,19.374374985695,19.374374985695,6.612525999546,25.986900985241,-0.121845692561,-0.121845692561,,,1.064715223674,1.064715223674,-0.121845692561,0.001471280603,0.656418613883,1.0,65.0,,,15.0,15.0
2026-01-02 20:00:00,0,,0,,14.290108919144,14.290108919144,3.155686914921,17.445795834064,-0.128177532801,-0.128177532801,,,-0.642548507157,-0.642548507157,-0.128177532801,0.051353118464,0.661517461208,3.0,42.0,,,4.0,4.0
2026-01-03 00:00:00,0,0.0,0,1.0,12.165142357349,12.165142357349,2.243152916431,14.408295273781,-0.024924082554,-0.024924082554,-0.169432920052,-0.169432920052,-0.608729363157,-0.608729363157,-0.024924082554,0.0,0.766137609645,0.0,32.0,365565.0,48.0,5.0,5.0
2026-01-03 04:00:00,0,,0,,8.780917108059,8.780917108059,3.155130684376,11.936047792435,0.030995553707,0.030995553707,,,-0.010172874847,-0.010172874847,0.030995553707,0.047630679043,0.459733675356,2.0,33.0,,,11.0,11.0
2026-01-03 08:00:00,0,,0,,14.830852150917,14.830852150917,3.422361552715,18.253213703632,-0.007358329608,-0.007358329608,,,-0.100206054711,-0.100206054711,-0.007358329608,0.001440756109,0.259082522318,1.0,49.0,,,9.0,9.0
2026-01-03 12:00:00,0,,0,,16.346719205379,16.346719205379,3.204368114471,19.551087319851,0.150197675905,0.150197675905,,,0.410033124689,0.410033124689,0.150197675905,0.0,0.508976936933,0.0,41.0,,,11.0,11.0
2026-01-03 16:00:00,0,,0,,15.314725756645,15.314725756645,1.472244560719,16.786970317364,-0.14894143546,-0.14894143546,,,-0.543641024148,-0.543641024148,-0.14894143546,0.004767353166,0.371971371796,1.0,33.0,,,5.0,5.0
2026-01-03 20:00:00,0,,0,,9.675551891327,9.675551891327,4.206894218922,13.882446110249,-0.091223999089,-0.091223999089,,,-0.531970825072,-0.531970825072,-0.091223999089,0.0,0.337093903037,0.0,37.0,,,7.0,7.0
2026-01-04 00:00:00,0,0.0,0,1.0,8.971466124058,8.971466124058,1.595981180668,10.567447304726,0.086721230928,0.086721230928,-0.253754865968,-0.253754865968,-0.622850606846,-0.622850606846,0.086721230928,0.0,0.254183359247,0.0,26.0,365605.0,47.0,5.0,5.0
2026-01-04 04:00:00,0,,0,,8.711285948753,8.711285948753,0.0,8.711285948753,-0.146874299501,-0.146874299501,,,-0.898240336268,-0.898240336268,-0.146874299501,0.0,0.287861384997,0.0,23.0,,,1.0,1.0
2026-01-04 08:00:00,0,,0,,13.585839748383,13.585839748383,0.831570327282,14.417410075665,0.224027501641,0.224027501641,,,-0.476768085339,-0.476768085339,0.224027501641,0.0,0.250894678664,0.0,33.0,,,4.0,4.0
2026-01-04 12:00:00,0,,0,,18.669861674309,18.669861674309,2.318256020546,20.988117694855,0.110683547652,0.110683547652,,,1.009152228516,1.009152228516,0.110683547652,0.023626775272,0.688705665133,2.0,52.0,,,12.0,12.0
2026-01-04 16:00:00,0,,0,,9.025065481663,9.025065481663,2.979606628418,12.004672110081,-0.103417784506,-0.103417784506,,,-0.195726689629,-0.195726689629,-0.103417784506,0.003032508491,0.383177584334,1.0,38.0,,,11.0,11.0
2026-01-04 20:00:00,0,,0,,11.211416065693,11.211416065693,2.459818959236,13.671235024929,0.228047007487,0.228047007487,,,0.467089723785,0.467089723785,0.228047007487,0.0,0.371604740928,0.0,30.0,,,10.0,10.0
2026-01-05 00:00:00,0,0.0,0,1.0,3.901766240597,3.901766240597,1.746344447136,5.648110687733,-0.153847577106,-0.153847577106,-0.214436752712,-0.214436752712,-0.540828849929,-0.540828849929,-0.153847577106,0.001562890723,0.258431149688,1.0,17.0,365622.0,68.0,8.0,8.0
2026-01-05 04:00:00,0,,0,,4.253968179226,4.253968179226,3.299396634102,7.553364813328,0.274067708206,0.274067708206,,,-0.510197195485,-0.510197195485,0.274067708206,0.0,0.217863222279,0.0,23.0,,,3.0,3.0
2026-01-05 08:00:00,0,,0,,9.849799633026,9.849799633026,4.115132331848,13.964931964874,0.174031542016,0.174031542016,,,0.658116378262,0.658116378262,0.174031542016,0.003578212463,0.299068880925,3.0,47.0,,,17.0,17.0
2026-01-05 12:00:00,0,,0,,9.676546692848,9.676546692848,5.068592190742,14.745138883591,-0.053744256792,-0.053744256792,,,0.288707021115,0.288707021115,-0.053744256792,0.005010133171,0.44744512189,2.0,55.0,,,16.0,16.0
2026-01-05 16:00:00,0,,0,,10.780136585236,10.780136585236,2.448270738125,13.22840732336,-0.014403895203,-0.014403895203,,,0.098787468899,0.098787468899,-0.014403895203,0.0,0.341815404368,0.0,46.0,,,12.0,12.0
2026-01-05 20:00:00,0,,0,,10.425783932209,10.425783932209,0.771271705627,11.197055637836,-0.066339653664,-0.066339653664,,,0.056320634541,0.056320634541,-0.066339653664,0.001238604836,0.313401585026,1.0,38.0,,,12.0,12.0
2026-01-06 00:00:00,0,0.0,0,1.0,5.077191948891,5.077191948891,2.360065758228,7.437257707119,-0.04820093216,-0.04820093216,0.363924091733,0.363924091733,-0.290882080576,-0.290882080576,-0.04820093216,0.0,0.157926131628,0.0,27.0,365727.0,87.0,10.0,10.0
2026-01-06 04:00:00,0,,0,,13.751914143562,13.751914143562,2.477341413498,16.22925555706,0.077600089461,0.077600089461,,,0.423051897414,0.423051897414,0.077600089461,0.002750978488,0.212233197803,2.0,33.0,,,12.0,12.0
2026-01-06 08:00:00,0,,0,,11.656881988049,11.656881988049,1.653712630272,13.31059461832,-0.039433820253,-0.039433820253,,,0.279186413972,0.279186413972,-0.039433820253,0.0,0.233120316332,0.0,39.0,,,17.0,17.0
2026-01-06 12:00:00,0,,0,,12.946293532848,12.946293532848,3.992384076118,16.938677608967,0.113056862111,0.113056862111,,,0.935024390032,0.935024390032,0.113056862111,0.001187761307,0.21156027121,1.0,57.0,,,19.0,19.0
2026-01-06 16:00:00,0,,0,,3.133489370346,3.133489370346,5.546070933342,8.679560303688,-0.263274754841,-0.263274754841,,,-0.331723138407,-0.331723138407,-0.263274754841,0.001115274804,0.202211824107,1.0,51.0,,,20.0,20.0
2026-01-06 20:00:00,0,,0,,5.801787436008,5.801787436008,4.133794844151,9.935582280159,0.030125844369,0.030125844369,,,-0.355821287187,-0.355821287187,0.030125844369,0.003868762039,0.121973223642,3.0,32.0,,,10.0,10.0
2026-01-07 00:00:00,0,1.0,0,0.0,7.77095079422,7.77095079422,3.911978781223,11.682929575443,0.238815379224,0.238815379224,0.122925689665,0.122925689665,0.18227650822,0.18227650822,0.238815379224,0.004262293463,0.159519766256,3.0,35.0,365929.0,87.0,16.0,16.0
2026-01-07 04:00:00,0,,0,,4.098120510578,4.098120510578,1.624128520489,5.722249031067,-0.210097471878,-0.210097471878,,,-0.545779767709,-0.545779767709,-0.210097471878,0.004824992259,0.115716797585,3.0,15.0,,,6.0,6.0
2026-01-07 08:00:00,0,,0,,5.189769208431,5.189769208431,4.728195011616,9.917964220047,0.056594368898,0.056594368898,,,-0.242603127796,-0.242603127796,0.056594368898,0.004578754579,0.345083336328,3.0,38.0,,,16.0,16.0
2026-01-07 12:00:00,0,,0,,15.4641456604,15.4641456604,2.361305475235,17.825451135635,0.225001321279,0.225001321279,,,1.140962555063,1.140962555063,0.225001321279,0.010799397364,0.569056875635,5.0,66.0,,,21.0,21.0
2026-01-07 16:00:00,0,,0,,10.33643758297,10.33643758297,1.624592423439,11.961030006409,-0.009755412359,-0.009755412359,,,0.692137980302,0.692137980302,-0.009755412359,0.00156171914,0.373010640939,1.0,43.0,,,21.0,23.0
2026-01-07 20:00:00,1,,1,,2.272203147411,2.272203147411,4.027986824512,6.300189971924,-0.031752278174,-0.031752278174,,,-0.720542253042,-0.720542253042,-0.031752278174,0.0,0.389830003387,0.0,25.0,,,7.0,8.0
2026-01-08 00:00:00,0,0.0,0,1.0,7.633482813835,7.633482813835,1.659479916096,9.292962729931,-0.135118654569,-0.135118654569,0.525088736005,0.525088736005,-0.587891139284,-0.587891139284,-0.135118654569,0.001653439153,0.572179014786,1.0,100.0,366134.0,68.0,4.0,4.0
2026-01-08 04:00:00,0,,0,,13.725298345089,13.725298345089,0.876291394234,14.601589739323,-0.007281738485,-0.007281738485,,,-0.281001722439,-0.281001722439,-0.007281738485,0.001547795939,0.207955818169,1.0,31.0,,,6.0,6.0
2026-01-08 08:00:00,0,,0,,11.945935368538,11.945935368538,4.080352425575,16.026287794113,0.2111361242,0.2111361242,,,0.335514481225,0.335514481225,0.2111361242,0.035806349236,0.23069441355,3.0,43.0,,,18.0,18.0
2026-01-08 12:00:00,0,,0,,16.306735038757,16.306735038757,3.169969439507,19.476704478264,0.098894346697,0.098894346697,,,0.373093120406,0.373093120406,0.098894346697,0.001786735277,0.373580807076,1.0,58.0,,,11.0,11.0
2026-01-08 16:00:00,0,,0,,6.779848098755,6.779848098755,3.060719311237,9.840567409992,0.052043069422,0.052043069422,,,-0.106975189052,-0.106975189052,0.052043069422,0.0,0.552332267381,0.0,37.0,,,14.0,14.0
2026-01-08 20:00:00,0,,0,,13.089468419552,13.089468419552,5.039370834827,18.128839254379,-0.077875813878,-0.077875813878,,,0.377790123886,0.377790123886,-0.077875813878,0.001324433143,0.487595038046,1.0,50.0,,,16.0,16.0
2026-01-09 00:00:00,0,0.0,0,1.0,6.581687748432,6.581687748432,0.0,6.581687748432,-0.115630566314,-0.115630566314,0.569364321158,0.569364321158,-0.55690713022,-0.55690713022,-0.115630566314,0.002259580622,0.113083426111,1.0,17.0,366250.0,73.0,4.0,4.0
2026-01-09 04:00:00,0,,0,,12.71887922287,12.71887922287,1.608173668385,14.327052891254,0.161912150407,0.161912150407,,,0.016335771333,0.016335771333,0.161912150407,0.0,0.522376263574,0.0,37.0,,,10.0,10.0
2026-01-09 08:00:00,0,,0,,8.183312118053,8.183312118053,2.373718321323,10.557030439377,-0.047501848722,-0.047501848722,,,-0.092908973243,-0.092908973243,-0.047501848722,0.003882736114,0.192429067043,3.0,35.0,,,13.0,13.0
2026-01-09 12:00:00,0,,0,,9.344033718109,9.344033718109,7.255010485649,16.599044203758,0.062879993487,0.062879993487,,,-0.16061928486,-0.16061928486,0.062879993487,0.017037403334,0.571024468505,2.0,54.0,,,15.0,15.0
2026-01-09 16:00:00,0,,0,,20.031985044479,20.031985044479,0.701025903225,20.733010947704,0.130162770766,0.130162770766,,,1.221117273699,1.221117273699,0.130162770766,0.002381127321,0.323722860301,2.0,48.0,,,19.0,19.0
2026-01-09 20:00:00,0,,0,,9.600519180298,9.600519180298,0.765757203102,10.3662763834,-0.210465135395,-0.210465135395,,,-0.210508923508,-0.210508923508,-0.210465135395,0.003550447155,0.162914780067,3.0,40.0,,,12.0,12.0
2026-01-10 00:00:00,0,0.0,0,1.0,5.652931451797,5.652931451797,1.482905805111,7.135837256908,-0.233778132016,-0.233778132016,-1.250367136516,-1.250367136516,-0.672863797165,-0.672863797165,-0.233778132016,0.00511876092,0.107697650645,2.0,23.0,366339.0,37.0,4.0,4.0
2026-01-10 04:00:00,0,,0,,1.771841943264,1.771841943264,1.577949106693,3.349791049957,0.002409161889,0.002409161889,,,-0.642453994442,-0.642453994442,0.002409161889,0.0,0.073527363183,0.0,12.0,,,1.0,1.0
2026-01-10 08:00:00,0,,0,,2.419675409794,2.419675409794,4.984724879265,7.404400289059,0.1530401269,0.1530401269,,,-0.541566272206,-0.541566272206,0.1530401269,0.001451800232,0.128365460661,1.0,29.0,,,8.0,8.0
2026-01-10 12:00:00,0,,0,,7.877836108208,7.877836108208,3.974532425404,11.852368533611,0.017218302295,0.017218302295,,,-0.458837528781,-0.458837528781,0.017218302295,0.0,0.217815697423,0.0,34.0,,,6.0,6.0
2026-01-10 16:00:00,0,,0,,8.690857827663,8.690857827663,2.529606878757,11.220464706421,-0.12476491981,-0.12476491981,,,-0.231429540087,-0.231429540087,-0.12476491981,0.002412089631,0.148285965642,2.0,28.0,,,11.0,11.0
2026-01-10 20:00:00,0,,0,,-0.879549920559,-0.879549920559,4.975721359253,4.096171438694,0.022897795889,0.022897795889,,,-0.695624527821,-0.695624527821,0.022897795889,0.0,0.114891414359,0.0,23.0,,,7.0,7.0
2026-01-11 00:00:00,0,0.0,0,1.0,-2.621690273285,-2.621690273285,3.445079147816,0.823388874531,0.018302031296,0.018302031296,-1.304884234219,-1.304884234219,-0.630858699467,-0.630858699467,0.018302031296,0.0,0.107603646161,0.0,9.0,366398.0,31.0,0.0,0.0
2026-01-11 04:00:00,0,,0,,5.070129811764,5.070129811764,2.274980247021,7.345110058784,0.2819720967,0.2819720967,,,-0.420101172101,-0.420101172101,0.2819720967,0.0,0.475509280569,0.0,25.0,,,5.0,5.0
2026-01-11 08:00:00,0,,0,,7.741786718369,7.741786718369,0.722332417965,8.464119136333,-0.001298892198,-0.001298892198,,,-0.354588501559,-0.354588501559,-0.001298892198,0.003726893262,0.212249400547,2.0,21.0,,,4.0,4.0
2026-01-11 12:00:00,0,,0,,9.336544156075,9.336544156075,5.315249085426,14.651793241501,-0.011265478944,-0.011265478944,,,0.106154736352,0.106154736352,-0.011265478944,0.0,0.434666992256,0.0,41.0,,,8.0,8.0
2026-01-11 16:00:00,0,,0,,4.772628307343,4.772628307343,3.185393095016,7.958021402359,-0.177854273222,-0.177854273222,,,-0.345720007819,-0.345720007819,-0.177854273222,0.0,0.384187266791,0.0,30.0,,,5.0,5.0
2026-01-11 20:00:00,0,,0,,0.204669475555,0.204669475555,3.147701323032,3.352370798588,0.083712633531,0.083712633531,,,-0.382958309676,-0.382958309676,0.083712633531,0.0,0.295138434784,0.0,22.0,,,9.0,9.0
2026-01-12 00:00:00,0,0.0,0,1.0,11.515427827835,11.515427827835,0.0,11.515427827835,0.152214730849,0.152214730849,0.337442779093,0.337442779093,0.339521895813,0.339521895813,0.152214730849,0.001518464529,0.445103298397,1.0,28.0,366480.0,79.0,9.0,10.0
2026-01-12 04:00:00,0,,0,,11.022200942039,11.022200942039,0.855530917645,11.877731859684,0.026804807378,0.026804807378,,,0.629900250029,0.629900250029,0.026804807378,0.0,0.298037097328,0.0,32.0,,,10.0,11.0
2026-01-12 08:00:00,0,,0,,7.272779166698,7.272779166698,4.435055375099,11.707834541798,-0.098846743119,-0.098846743119,,,0.859600616764,0.859600616764,-0.098846743119,0.030934900571,0.450753097683,4.0,38.0,,,13.0,13.0
2026-01-12 12:00:00,0,,0,,10.467718183994,10.467718183994,2.429482698441,12.897200882435,0.10453708152,0.10453708152,,,1.24879005467,1.24879005467,0.10453708152,0.022388724777,0.32471568194,2.0,50.0,,,17.0,17.0
2026-01-12 16:00:00,0,,0,,8.70893573761,8.70893573761,5.05170661211,13.76064234972,-0.019496725574,-0.019496725574,,,1.232315609722,1.232315609722,-0.019496725574,0.002458210423,0.213347145978,2.0,48.0,,,21.0,21.0
2026-01-12 20:00:00,0,,0,,3.340233445168,3.340233445168,4.209311187267,7.549544632435,-0.231188899016,-0.231188899016,,,-0.643375451895,-0.643375451895,-0.231188899016,0.024227234754,0.281909854753,2.0,52.0,,,10.0,11.0
2026-01-13 00:00:00,0,0.0,0,1.0,3.993943095207,3.993943095207,4.138141930103,8.132085025311,0.101877075235,0.101877075235,0.207446063772,0.207446063772,-0.24316219228,-0.24316219228,0.101877075235,0.0,0.298996695149,0.0,49.0,366517.0,68.0,9.0,9.0
2026-01-13 04:00:00,0,,0,,8.382464885712,8.382464885712,0.842970013618,9.22543489933,-0.048154749909,-0.048154749909,,,-0.059128849971,-0.059128849971,-0.048154749909,0.0,0.409617180229,0.0,42.0,,,7.0,7.0
2026-01-13 08:00:00,0,,0,,14.473134756088,14.473134756088,2.602479815483,17.075614571571,0.244316278251,0.244316278251,,,1.72652229383,1.72652229383,0.244316278251,0.001387039503,0.611218003462,1.0,73.0,,,18.0,18.0
2026-01-13 12:00:00,0,,0,,12.141229867935,12.141229867935,0.901398360729,13.042628228664,-0.050003577713,-0.050003577713,,,0.273296073972,0.273296073972,-0.050003577713,0.001228380503,0.425676505881,1.0,45.0,,,12.0,12.0
2026-01-13 16:00:00,0,,0,,8.561506569386,8.561506569386,3.240144848824,11.801651418209,0.059557554377,0.059557554377,,,0.093003258846,0.093003258846,0.059557554377,0.002569220099,0.334259971987,2.0,43.0,,,11.0,11.0
2026-01-13 20:00:00,0,,0,,9.567439317703,9.567439317703,3.176461458206,12.743900775909,-0.062673966517,-0.062673966517,,,0.608255904762,0.608255904762,-0.062673966517,0.001205632716,0.166154045704,1.0,33.0,,,13.0,14.0
2026-01-14 00:00:00,0,0.0,0,1.0,-2.283877968788,-2.283877968788,4.047189593315,1.763311624527,-0.227093099271,-0.227093099271,-0.428012547283,-0.428012547283,-0.856232481071,-0.856232481071,-0.227093099271,0.0,0.228820148608,0.0,20.0,366603.0,54.0,6.0,6.0
2026-01-14 04:00:00,0,,0,,12.299043297768,12.299043297768,0.839697062969,13.138740360737,0.290436963093,0.290436963093,,,0.678887589211,0.678887589211,0.290436963093,0.0,0.279180921569,0.0,30.0,,,11.0,11.0
2026-01-14 08:00:00,0,,0,,10.081823825836,10.081823825836,3.049069106579,13.130892932415,-0.230444387379,-0.230444387379,,,-0.531570571882,-0.531570571882,-0.230444387379,0.0,0.40962588868,0.0,42.0,,,6.0,6.0
2026-01-14 12:00:00,0,,0,,11.160932838917,11.160932838917,1.727842569351,12.888775408268,0.14314839665,0.14314839665,,,0.446061905501,0.446061905501,0.14314839665,0.001378777851,0.161051546381,1.0,34.0,,,12.0,12.0
2026-01-14 16:00:00,0,,0,,12.767513751984,12.767513751984,2.581547737122,15.349061489105,-0.143816651862,-0.143816651862,,,0.30842686541,0.30842686541,-0.143816651862,0.0,0.238263805366,0.0,44.0,,,12.0,12.0
2026-01-14 20:00:00,0,,0,,3.715222418308,3.715222418308,5.029375135899,8.744597554207,-0.125765897071,-0.125765897071,,,-0.647104149899,-0.647104149899,-0.125765897071,0.001212650369,0.135000133523,1.0,33.0,,,7.0,7.0
2026-01-15 00:00:00,0,0.0,0,0.0,8.7188128829,8.7188128829,1.78976637125,10.50857925415,0.083360753218,0.083360753218,-0.433710954056,-0.433710954056,-0.037669819646,-0.037669819646,0.083360753218,0.019960398569,0.144284501971,2.0,34.0,366626.0,58.0,11.0,11.0
2026-01-15 04:00:00,0,,0,,3.106456279755,3.106456279755,2.575756549835,5.68221282959,0.104058495384,0.104058495384,,,-0.558516282456,-0.558516282456,0.104058495384,0.00129078893,0.084455180248,1.0,20.0,,,4.0,4.0
2026-01-15 08:00:00,0,,0,,7.949471056461,7.949471056461,2.436687171459,10.386158227921,0.016926756449,0.016926756449,,,0.17844010855,0.17844010855,0.016926756449,0.001395400759,0.191819540387,1.0,39.0,,,12.0,12.0
2026-01-15 12:00:00,0,,0,,10.274677157402,10.274677157402,2.563733279705,12.838410437107,0.12999558188,0.12999558188,,,0.11475684765,0.11475684765,0.12999558188,0.001602564103,0.196391003468,1.0,34.0,,,12.0,12.0
2026-01-15 16:00:00,0,,0,,10.202128410339,10.202128410339,3.293284237385,13.495412647724,-0.042439304208,-0.042439304208,,,0.008846154541,0.008846154541,-0.042439304208,0.0,0.268215960435,0.0,49.0,,,12.0,12.0
2026-01-15 20:00:00,0,,0,,4.491859793663,4.491859793663,0.987868130207,5.47972792387,-0.052054725392,-0.052054725392,,,-0.517569791843,-0.517569791843,-0.052054725392,0.001140302864,0.116946645524,1.0,28.0,,,7.0,7.0
2026-01-16 00:00:00,0,0.0,0,0.0,3.25554728508,3.25554728508,1.551999986172,4.807547271252,-0.002306826175,-0.002306826175,-0.874236674581,-0.874236674581,-0.530251989433,-0.530251989433,-0.002306826175,0.0,0.107756423099,0.0,19.0,366620.0,47.0,6.0,6.0
2026-01-16 04:00:00,0,,0,,2.397251725197,2.397251725197,0.70974111557,3.106992840767,0.073391822541,0.073391822541,,,-0.558151662327,-0.558151662327,0.073391822541,0.0,0.092313758913,0.0,17.0,,,4.0,4.0
2026-01-16 08:00:00,0,,0,,11.257607877254,11.257607877254,3.880597352982,15.138205230236,0.103277350224,0.103277350224,,,0.612834515652,0.612834515652,0.103277350224,0.002520038605,0.276185351102,2.0,44.0,,,14.0,14.0
2026-01-16 12:00:00,0,,0,,3.976243853569,3.976243853569,3.039907932281,7.016151785851,-0.15724081871,-0.15724081871,,,-0.417908314551,-0.417908314551,-0.15724081871,0.002371577141,0.200664961213,2.0,37.0,,,8.0,8.0
2026-01-16 16:00:00,0,,0,,6.889690160751,6.889690160751,4.675184547901,11.564874708652,0.081034411403,0.081034411403,,,-0.184674326487,-0.184674326487,0.081034411403,0.0,0.235508667317,0.0,40.0,,,8.0,8.0
2026-01-16 20:00:00,0,,0,,7.805227816105,7.805227816105,0.765391647816,8.570619463921,0.058176680127,0.058176680127,,,-0.218723347545,-0.218723347545,0.058176680127,0.0,0.230454687372,0.0,28.0,,,7.0,7.0
2026-01-17 00:00:00,0,0.0,0,0.0,2.56776201725,2.56776201725,2.346556961536,4.914318978786,-0.218516880125,-0.218516880125,-0.980084117419,-0.980084117419,-0.591779936099,-0.591779936099,-0.218516880125,0.001149742458,0.209549878299,1.0,16.0,366671.0,40.0,5.0,5.0
2026-01-17 04:00:00,0,,0,,9.165702462196,9.165702462196,0.890838563442,10.056541025639,0.302634646574,0.302634646574,,,-0.103784472631,-0.103784472631,0.302634646574,0.0,0.412175417941,0.0,20.0,,,6.0,6.0
2026-01-17 08:00:00,0,,0,,3.774123489857,3.774123489857,1.709973812103,5.48409730196,0.063624266476,0.063624266476,,,-0.353266965925,-0.353266965925,0.063624266476,0.0,0.157072258425,0.0,18.0,,,8.0,8.0
2026-01-17 12:00:00,0,,0,,4.270533561707,4.270533561707,1.576698601246,5.847232162952,-0.108682499681,-0.108682499681,,,-0.379411531659,-0.379411531659,-0.108682499681,0.0,0.248799294088,0.0,26.0,,,6.0,6.0
2026-01-17 16:00:00,0,,0,,9.419257819653,9.419257819653,2.428628861904,11.847886681557,0.206099635864,0.206099635864,,,0.857137168875,0.857137168875,0.206099635864,0.003642191142,0.4364506074,1.0,39.0,,,13.0,13.0
2026-01-17 20:00:00,0,,0,,5.900212466717,5.900212466717,1.759213387966,7.659425854683,-0.090252428871,-0.090252428871,,,-0.209520227567,-0.209520227567,-0.090252428871,0.006182195778,0.324594043246,2.0,24.0,,,6.0,6.0
2026-01-18 00:00:00,0,0.0,0,0.0,-0.115813732147,-0.115813732147,5.008276462555,4.892462730408,-0.101097972762,-0.101097972762,-0.828097624893,-0.828097624893,-0.559458493627,-0.559458493627,-0.101097972762,0.0,0.092029957904,0.0,18.0,366736.0,45.0,5.0,5.0
2026-01-18 04:00:00,0,,0,,5.583658337593,5.583658337593,1.588097751141,7.171756088734,0.059765345613,0.059765345613,,,0.373698575982,0.373698575982,0.059765345613,0.075940011229,0.552866229923,2.0,25.0,,,7.0,7.0
2026-01-18 08:00:00,0,,0,,4.892371594906,4.892371594906,0.0,4.892371594906,-0.011649227619,-0.011649227619,,,-0.260158465996,-0.260158465996,-0.011649227619,0.003466444814,0.113149504806,1.0,12.0,,,5.0,5.0
2026-01-18 12:00:00,0,,0,,7.789424300194,7.789424300194,3.5706397295,11.360064029694,-0.102525382313,-0.102525382313,,,-0.037340993684,-0.037340993684,-0.102525382313,0.006228035548,0.597522028543,2.0,38.0,,,8.0,8.0
2026-01-18 16:00:00,0,,0,,14.914261639118,14.914261639118,1.67641377449,16.590675413609,0.301283109376,0.301283109376,,,1.260856582853,1.260856582853,0.301283109376,0.043838298034,0.691639996344,4.0,44.0,,,11.0,11.0
2026-01-18 20:00:00,0,,0,,3.838056862354,3.838056862354,2.452230155468,6.290287017822,-0.097062965097,-0.097062965097,,,-0.101878285598,-0.101878285598,-0.097062965097,0.0,0.36227270253,0.0,26.0,,,9.0,9.0
2026-01-19 00:00:00,0,2.0,0,0.0,1.432687997818,1.432687997818,4.255664050579,5.688352048397,-0.175332329268,-0.175332329268,0.21937292122,0.21937292122,-0.583072660366,-0.583072660366,-0.175332329268,0.001436781609,0.256813159809,1.0,22.0,366924.0,65.0,0.0,0.0
2026-01-19 04:00:00,0,,0,,6.332924842834,6.332924842834,2.769415557384,9.102340400219,0.16434691326,0.16434691326,,,-0.240874235591,-0.240874235591,0.16434691326,0.0011535622,0.356850760337,1.0,36.0,,,9.0,9.0
2026-01-19 08:00:00,0,,0,,20.783388853073,20.783388853073,2.408399283886,23.191788136959,0.140228565316,0.140228565316,,,1.834279450233,1.834279450233,0.140228565316,0.0,0.260895838301,0.0,57.0,,,12.0,17.0
2026-01-19 12:00:00,2,,2,,11.227415442467,11.227415442467,4.158648014069,15.386063456535,-0.078610127082,-0.078610127082,,,0.626149841841,0.626149841841,-0.078610127082,0.014222195186,0.4726038069,2.0,53.0,,,16.0,16.0
2026-01-19 16:00:00,0,,0,,8.148909568787,8.148909568787,4.743993759155,12.892903327942,0.015345480134,0.015345480134,,,0.622297435445,0.622297435445,0.015345480134,0.00620930581,0.318326140348,4.0,55.0,,,20.0,24.0
2026-01-19 20:00:00,0,,0,,10.382129788399,10.382129788399,3.333941817284,13.716071605682,0.0013043405,0.0013043405,,,0.425189788103,0.425189788103,0.0013043405,0.0,0.345793421417,0.0,45.0,,,13.0,13.0
2026-01-20 00:00:00,0,0.0,0,2.0,4.081129550934,4.081129550934,2.383727192879,6.464856743813,-0.099578204558,-0.099578204558,0.130989754611,0.130989754611,-0.48607413864,-0.48607413864,-0.099578204558,0.002726876091,0.314618951258,1.0,21.0,366829.0,65.0,4.0,4.0
2026-01-20 04:00:00,0,,0,,4.857493698597,4.857493698597,2.60176050663,7.459254205227,0.145872100305,0.145872100305,,,0.061885175459,0.061885175459,0.145872100305,0.0,0.166824458828,0.0,30.0,,,15.0,17.0
2026-01-20 08:00:00,0,,0,,12.216219902039,12.216219902039,1.462081253529,13.678301155567,0.006656228057,0.006656228057,,,0.112050155566,0.112050155566,0.006656228057,0.0,0.360592945842,0.0,36.0,,,6.0,6.0
2026-01-20 12:00:00,0,,0,,6.751998364925,6.751998364925,5.818506002426,12.570504367352,0.009159447244,0.009159447244,,,0.198351758117,0.198351758117,0.009159447244,0.0,0.329671672043,0.0,37.0,,,14.0,15.0
2026-01-20 16:00:00,0,,0,,27.181859612465,27.181859612465,2.535199522972,29.717059135437,0.161664442817,0.161664442817,,,1.518744467694,1.518744467694,0.161664442817,0.0,0.379304746215,0.0,66.0,,,20.0,22.0
2026-01-20 20:00:00,0,,0,,0.206528902054,0.206528902054,4.844517409801,5.051046311855,-0.236096657737,-0.236096657737,,,-0.269371269301,-0.269371269301,-0.236096657737,0.002052545156,0.380989635623,1.0,35.0,,,6.0,6.0
2026-01-21 00:00:00,0,0.0,0,2.0,4.266290605068,4.266290605068,3.032851159573,7.299141764641,0.045721214594,0.045721214594,-0.006129561786,-0.006129561786,-0.199945234783,-0.199945234783,0.045721214594,0.002402921953,0.239304589972,1.0,28.0,366853.0,71.0,6.0,6.0
2026-01-21 04:00:00,0,,0,,2.303712904453,2.303712904453,1.813045918941,4.116758823395,0.063828089309,0.063828089309,,,-0.252962161024,-0.252962161024,0.063828089309,0.0,0.115839434872,0.0,12.0,,,3.0,3.0
2026-01-21 08:00:00,0,,0,,12.475956916809,12.475956916809,4.009308099747,16.485265016556,0.237199448142,0.237199448142,,,0.416933642469,0.416933642469,0.237199448142,0.008795365817,0.375277513988,4.0,52.0,,,26.0,26.0
2026-01-21 12:00:00,0,,0,,15.634282112122,15.634282112122,2.68695217371,18.321234285831,-0.067046083421,-0.067046083421,,,-0.013021783264,-0.013021783264,-0.067046083421,0.002383676583,0.26681085023,1.0,44.0,,,14.0,16.0
2026-01-21 16:00:00,0,,0,,8.869310677052,8.869310677052,3.415975570679,12.28528624773,-0.067202815311,-0.067202815311,,,-0.097273110027,-0.097273110027,-0.067202815311,0.001829089845,0.170539707017,1.0,32.0,,,11.0,11.0
2026-01-21 20:00:00,0,,0,,2.893032312393,2.893032312393,5.702882289886,8.59591460228,-0.166797888765,-0.166797888765,,,-0.227780320892,-0.227780320892,-0.166797888765,0.0,0.239496645907,0.0,41.0,,,13.0,13.0
2026-01-22 00:00:00,0,0.0,0,2.0,16.300013542175,16.300013542175,0.809049069881,17.109062612057,0.320907154301,0.320907154301,1.147118280044,1.147118280044,0.713871350621,0.713871350621,0.320907154301,0.001923668821,0.236336440217,1.0,39.0,366970.0,97.0,25.0,25.0
2026-01-22 04:00:00,0,,0,,5.170351207256,5.170351207256,2.422019541264,7.59237074852,-0.226749824168,-0.226749824168,,,-0.26559284042,-0.26559284042,-0.226749824168,0.002383676583,0.222739989721,1.0,28.0,,,6.0,6.0
2026-01-22 08:00:00,0,,0,,12.795439422131,12.795439422131,2.432754933834,15.228194355965,0.178967201677,0.178967201677,,,-0.07507949981,-0.07507949981,0.178967201677,0.007378613623,0.238697566729,3.0,36.0,,,15.0,15.0
2026-01-22 12:00:00,0,,0,,16.731216013432,16.731216013432,3.313504099846,20.044720113277,0.176221174299,0.176221174299,,,0.160987596413,0.160987596413,0.176221174299,0.004771396833,0.259967796233,2.0,51.0,,,23.0,24.0
2026-01-22 16:00:00,0,,0,,5.781659781933,5.781659781933,7.450864136219,13.232523918152,-0.118043001048,-0.118043001048,,,-0.116421845325,-0.116421845325,-0.118043001048,0.0,0.209586022933,0.0,47.0,,,21.0,20.0
2026-01-22 20:00:00,0,,0,,2.16636890173,2.16636890173,4.03547334671,6.20184224844,-0.225114600183,-0.225114600183,,,-0.302788293862,-0.302788293862,-0.225114600183,0.0,0.169213866272,0.0,39.0,,,11.0,11.0
2026-01-23 00:00:00,0,0.0,0,2.0,6.450721204281,6.450721204281,0.818913578987,7.269634783268,0.104782315372,0.104782315372,0.319899680409,0.319899680409,-0.209071220095,-0.209071220095,0.104782315372,0.0,0.113960891329,0.0,25.0,367090.0,72.0,8.0,8.0
2026-01-23 04:00:00,0,,0,,9.448364019394,9.448364019394,2.621502697468,12.069866716862,0.070717667882,0.070717667882,,,-0.178931363608,-0.178931363608,0.070717667882,0.00155356699,0.168433844951,1.0,33.0,,,5.0,5.0
2026-01-23 08:00:00,0,,0,,7.596135616302,7.596135616302,1.682623445988,9.27875906229,-0.070314921473,-0.070314921473,,,-0.21196494519,-0.21196494519,-0.070314921473,0.0,0.122278160706,0.0,23.0,,,9.0,9.0
2026-01-23 12:00:00,0,,0,,11.614565193653,11.614565193653,4.138787150383,15.753352344036,0.172823597672,0.172823597672,,,0.145186161899,0.145186161899,0.172823597672,0.001547795939,0.214810840802,1.0,43.0,,,18.0,18.0
2026-01-23 16:00:00,0,,0,,8.810078322887,8.810078322887,3.496265590191,12.306343913078,0.14056258026,0.14056258026,,,-0.02994198874,-0.02994198874,0.14056258026,0.002354048964,0.214379492523,1.0,45.0,,,22.0,22.0
2026-01-23 20:00:00,0,,0,,12.63292825222,12.63292825222,0.0,12.63292825222,-0.172239967492,-0.172239967492,,,-0.117231287576,-0.117231287576,-0.172239967492,0.003533338267,0.168418262575,2.0,36.0,,,13.0,13.0
2026-01-24 00:00:00,0,0.0,0,2.0,8.693567156792,8.693567156792,0.768977940083,9.462545096874,0.087638607358,0.087638607358,-0.109780673884,-0.109780673884,0.137539264503,0.137539264503,0.087638607358,0.0,0.133297019592,0.0,30.0,367187.0,73.0,22.0,22.0
2026-01-24 04:00:00,0,,0,,3.15283459425,3.15283459425,4.082193255424,7.235027849674,-0.214863729632,-0.214863729632,,,-0.413212275505,-0.413212275505,-0.214863729632,0.001522904483,0.129597460931,1.0,29.0,,,8.0,8.0
2026-01-24 08:00:00,0,,0,,10.724159359932,10.724159359932,2.48774433136,13.211903691292,0.374771121415,0.374771121415,,,0.400654216307,0.400654216307,0.374771121415,0.002910731449,0.117816893504,2.0,31.0,,,18.0,19.0
2026-01-24 12:00:00,0,,0,,6.581342697144,6.581342697144,2.752081632614,9.333424329758,-0.234487304027,-0.234487304027,,,-0.360537420942,-0.360537420942,-0.234487304027,0.002591210614,0.190155251466,1.0,34.0,,,6.0,6.0
2026-01-24 16:00:00,0,,0,,10.825474917889,10.825474917889,3.290985584259,14.116460502148,0.116285684446,0.116285684446,,,0.103816148755,0.103816148755,0.116285684446,0.0,0.224837845672,0.0,33.0,,,13.0,13.0
2026-01-24 20:00:00,0,,0,,3.838513672352,3.838513672352,0.0,3.838513672352,-0.182104648453,-0.182104648453,,,-0.46059055169,-0.46059055169,-0.182104648453,0.0,0.246878319684,0.0,19.0,,,6.0,6.0
2026-01-25 00:00:00,0,0.0,0,2.0,3.012605130672,3.012605130672,2.537280201912,5.549885332584,-0.085440640102,-0.085440640102,-0.995284877767,-0.995284877767,-0.416459656583,-0.416459656583,-0.085440640102,0.00232255667,0.134095882771,1.0,15.0,367262.0,47.0,9.0,9.0
2026-01-25 04:00:00,0,,0,,6.049180805683,6.049180805683,1.424131214619,7.473312020302,0.160300836847,0.160300836847,,,-0.328575894452,-0.328575894452,0.160300836847,0.0,0.257798057245,0.0,21.0,,,5.0,5.0
2026-01-25 08:00:00,0,,0,,7.446776628494,7.446776628494,0.0,7.446776628494,0.111023761655,0.111023761655,,,-0.262769794634,-0.262769794634,0.111023761655,0.003371089536,0.180882315649,1.0,23.0,,,8.0,8.0
2026-01-25 12:00:00,0,,0,,3.788345754147,3.788345754147,2.705232918262,6.493578672409,-0.099201068901,-0.099201068901,,,-0.249569948028,-0.249569948028,-0.099201068901,0.002240143369,0.175037538043,1.0,28.0,,,9.0,9.0
2026-01-25 16:00:00,0,,0,,4.362600266933,4.362600266933,4.222588002682,8.585188269615,0.120748143944,0.120748143944,,,-0.06580695681,-0.06580695681,0.120748143944,0.004825429213,0.25195572382,2.0,39.0,,,9.0,9.0
2026-01-25 20:00:00,0,,0,,4.341248810291,4.341248810291,1.960499346256,6.301748156548,-0.092422999336,-0.092422999336,,,-0.352151614937,-0.352151614937,-0.092422999336,0.0,0.20215552194,0.0,21.0,,,7.0,7.0
2026-01-26 00:00:00,0,0.0,0,2.0,5.043443858624,5.043443858624,0.749343693256,5.79278755188,-0.146623594807,-0.146623594807,-0.883398846985,-0.883398846985,-0.447386131488,-0.447386131488,-0.146623594807,0.005449997416,0.081527771066,3.0,14.0,367294.0,45.0,0.0,0.0
2026-01-26 04:00:00,0,,0,,1.806241989136,1.806241989136,2.457389056683,4.263631045818,0.098695094948,0.098695094948,,,-0.381527963445,-0.381527963445,0.098695094948,0.0,0.082097381098,0.0,13.0,,,2.0,2.0
2026-01-26 08:00:00,0,,0,,6.526683568954,6.526683568954,2.497953355312,9.024636924267,0.04387540414,0.04387540414,,,-0.195409535976,-0.195409535976,0.04387540414,0.0,0.295816430561,0.0,41.0,,,7.0,11.0
2026-01-26 12:00:00,0,,0,,6.926644384861,6.926644384861,3.13626652956,10.062910914421,-0.026313143161,-0.026313143161,,,-0.170186142055,-0.170186142055,-0.026313143161,0.0,0.271981491317,0.0,44.0,,,10.0,10.0
2026-01-26 16:00:00,0,,0,,9.27186268568,9.27186268568,3.299128055573,12.570990741253,0.000502425096,0.000502425096,,,0.132981348087,0.132981348087,0.000502425096,0.002712673611,0.221618616582,1.0,47.0,,,12.0,12.0
2026-01-26 20:00:00,0,,0,,4.630363583565,4.630363583565,7.115866065025,11.74622964859,-0.006125910403,-0.006125910403,,,-0.179762507758,-0.179762507758,-0.006125910403,0.005241832678,0.239602254636,3.0,49.0,,,15.0,15.0
2026-01-27 00:00:00,0,0.0,0,0.0,2.01314586401,2.01314586401,4.181375086308,6.194520950317,0.024091990646,0.024091990646,1.996528436186,1.996528436186,-0.234380424617,-0.234380424617,0.024091990646,0.003163179031,0.123862126123,2.0,24.0,367621.0,117.0,7.0,7.0
2026-01-27 04:00:00,0,,0,,8.436196327209,8.436196327209,2.195039331913,10.631235659122,0.146687177921,0.146687177921,,,0.86166520781,0.86166520781,0.146687177921,0.003406324409,0.1738015858,2.0,36.0,,,15.0,15.0
2026-01-27 08:00:00,0,,0,,11.502168715,11.502168715,2.233861982822,13.736030697823,0.120715490387,0.120715490387,,,1.813555495714,1.813555495714,0.120715490387,0.006548302599,0.222680821958,4.0,40.0,,,24.0,24.0
2026-01-27 12:00:00,0,,0,,16.715052783489,16.715052783489,4.035889208317,20.750941991806,-0.060290611499,-0.060290611499,,,1.595249075259,1.595249075259,-0.060290611499,0.011785005216,0.323910138608,7.0,58.0,,,18.0,18.0
2026-01-27 16:00:00,0,,0,,13.43711489439,13.43711489439,5.696059048176,19.133173942566,0.025272762754,0.025272762754,,,1.229285172708,1.229285172708,0.025272762754,0.001696525516,0.313184105548,1.0,60.0,,,27.0,27.0
2026-01-27 20:00:00,0,,0,,13.395930945873,13.395930945873,2.577595353127,15.973526299,0.128892184765,0.128892184765,,,1.131270410251,1.131270410251,0.128892184765,0.004824894056,0.267239182413,3.0,49.0,,,26.0,27.0
2026-01-28 00:00:00,0,1.0,0,0.0,8.438179254532,8.438179254532,4.707922697067,13.146101951599,-0.132843473034,-0.132843473034,2.445404789071,2.445404789071,-0.082942303106,-0.082942303106,-0.132843473034,0.00395401823,0.120944452202,6.0,36.0,368267.0,120.0,18.0,18.0
2026-01-28 04:00:00,0,,0,,15.190369904041,15.190369904041,0.73171287775,15.922082781792,0.191168032784,0.191168032784,,,0.837077715931,0.837077715931,0.191168032784,0.001263213245,0.159238196695,2.0,40.0,,,21.0,21.0
2026-01-28 08:00:00,0,,0,,18.966127336025,18.966127336025,2.393358051777,21.359485387802,-0.051048862795,-0.051048862795,,,1.089337886192,1.089337886192,-0.051048862795,0.003328761537,0.168438035079,5.0,55.0,,,25.0,25.0
2026-01-28 12:00:00,0,,0,,14.48600178957,14.48600178957,4.171586871147,18.657588660717,-0.033159953905,-0.033159953905,,,0.969866103068,0.969866103068,-0.033159953905,0.00325382546,0.205738576846,5.0,67.0,,,29.0,29.0
2026-01-28 16:00:00,0,,0,,8.911550939083,8.911550939083,0.858210623264,9.769761562347,-0.08669748909,-0.08669748909,,,-0.144519715654,-0.144519715654,-0.08669748909,0.002183633818,0.114256998776,3.0,35.0,,,16.0,16.0
2026-01-28 20:00:00,1,,1,,8.918244183064,8.918244183064,0.730836987495,9.649081170559,-0.036370990229,-0.036370990229,,,-0.548520837074,-0.548520837074,-0.036370990229,0.002810712982,0.103413413292,3.0,31.0,,,11.0,12.0
2026-01-29 00:00:00,0,0.0,0,1.0,9.878407418728,9.878407418728,1.686089754105,11.564497172832,0.050749592356,0.050749592356,0.986656875707,0.986656875707,-0.211260887142,-0.211260887142,0.050749592356,0.000711035267,0.085461022086,1.0,32.0,368818.0,102.0,12.0,12.0
2026-01-29 04:00:00,0,,0,,11.927372932434,11.927372932434,2.517765283585,14.445138216019,-0.056127860652,-0.056127860652,,,-0.245671389691,-0.245671389691,-0.056127860652,0.001443442951,0.119779542581,2.0,39.0,,,15.0,15.0
2026-01-29 08:00:00,0,,0,,6.840750813484,6.840750813484,4.379461407661,11.220212221146,-0.054682257551,-0.054682257551,,,-0.601635621293,-0.601635621293,-0.054682257551,0.001885775348,0.126850765147,2.0,38.0,,,14.0,14.0
2026-01-29 12:00:00,0,,0,,9.90696054697,9.90696054697,10.144998788834,20.051959335804,0.077151469713,0.077151469713,,,0.050745702957,0.050745702957,0.077151469713,0.00278732012,0.2635841321,2.0,68.0,,,27.0,27.0
2026-01-29 16:00:00,0,,0,,9.531913757324,9.531913757324,3.21074461937,12.742658376694,0.0327489229,0.0327489229,,,-0.216942364652,-0.216942364652,0.0327489229,0.005371040908,0.164218371459,5.0,46.0,,,21.0,21.0
2026-01-29 20:00:00,0,,0,,8.81277179718,8.81277179718,3.361424565315,12.174196362495,-0.054381699184,-0.054381699184,,,-0.553116276515,-0.553116276515,-0.054381699184,0.002510677407,0.166573887493,2.0,43.0,,,14.0,14.0
2026-01-30 00:00:00,0,0.0,0,1.0,6.087994337082,6.087994337082,2.526898682117,8.614893019199,-0.060799318097,-0.060799318097,-0.227601405445,-0.227601405445,-0.73033704472,-0.73033704472,-0.060799318097,0.000952163315,0.060601730323,1.0,20.0,369217.0,71.0,9.0,9.0
2026-01-30 04:00:00,0,,0,,5.925375401974,5.925375401974,2.478436768055,8.403812170029,-0.056889241122,-0.056889241122,,,-0.738320864662,-0.738320864662,-0.056889241122,0.004055389004,0.129309392474,4.0,35.0,,,7.0,7.0
2026-01-30 08:00:00,0,,0,,9.909543633461,9.909543633461,0.771329760551,10.680873394012,0.075799244985,0.075799244985,,,-0.318242942512,-0.318242942512,0.075799244985,0.007670473491,0.115819581794,6.0,29.0,,,7.0,7.0
2026-01-30 12:00:00,0,,0,,5.678399324417,5.678399324417,5.701135456562,11.379534780979,-0.237090333396,-0.237090333396,,,-0.62601723064,-0.62601723064,-0.237090333396,0.0,0.181632306878,0.0,51.0,,,20.0,20.0
2026-01-30 16:00:00,0,,0,,7.348450541496,7.348450541496,4.066409409046,11.414859950542,0.332692349836,0.332692349836,,,-0.225299290496,-0.225299290496,0.332692349836,0.00439019204,0.162161965228,5.0,47.0,,,18.0,18.0
2026-01-30 20:00:00,0,,0,,8.926954269409,8.926954269409,3.084638059139,12.011592328548,-0.007361964685,-0.007361964685,,,-0.305995776666,-0.305995776666,-0.007361964685,0.000992536128,0.153463181641,1.0,42.0,,,12.0,13.0
2026-01-31 00:00:00,0,0.0,0,1.0,6.405514061451,6.405514061451,0.789154350758,7.194668412209,-0.174410381208,-0.174410381208,-0.605159505618,-0.605159505618,-0.557236401286,-0.557236401286,-0.174410381208,0.000858752405,0.086066605551,1.0,26.0,369396.0,73.0,5.0,5.0
2026-01-31 04:00:00,0,,0,,0.008030176163,0.008030176163,4.039395093918,4.047425270081,-0.108526173316,-0.108526173316,,,-0.93306047096,-0.93306047096,-0.108526173316,0.001012801815,0.089471596122,1.0,21.0,,,12.0,12.0
2026-01-31 08:00:00,0,,0,,2.944487690926,2.944487690926,1.682554006577,4.627041697502,0.125332991049,0.125332991049,,,-0.733411901719,-0.733411901719,0.125332991049,0.003171572843,0.080116925212,4.0,18.0,,,8.0,8.0
2026-01-31 12:00:00,0,,0,,7.099624693394,7.099624693394,4.231621205807,11.3312458992,0.213807654759,0.213807654759,,,-0.051844831338,-0.051844831338,0.213807654759,0.003495525727,0.153065365208,1.0,35.0,,,13.0,14.0
2026-01-31 16:00:00,0,,0,,11.680148839951,11.680148839951,4.806661367416,16.486810207367,0.11990936457,0.11990936457,,,1.453676674253,1.453676674253,0.11990936457,0.002559829489,0.237015250961,2.0,55.0,,,26.0,26.0
2026-01-31 20:00:00,0,,0,,3.050232350826,3.050232350826,7.604933261871,10.655165612698,-0.193727455188,-0.193727455188,,,-0.708674051771,-0.708674051771,-0.193727455188,0.009418509419,0.247839156967,2.0,43.0,,,10.0,10.0
2026-02-01 00:00:00,0,0.0,0,1.0,7.43343937397,7.43343937397,1.735430121422,9.168869495392,0.076651697958,0.076651697958,-1.222652200367,-1.222652200367,0.225751570457,0.225751570457,0.076651697958,0.003756371766,0.159643241418,2.0,30.0,369499.0,55.0,14.0,14.0
2026-02-01 04:00:00,0,,0,,-1.849583625793,-1.849583625793,5.913428485394,4.0638448596,-0.238908511673,-0.238908511673,,,-0.794549078341,-0.794549078341,-0.238908511673,0.0,0.156021407594,0.0,24.0,,,4.0,4.0
2026-02-01 08:00:00,0,,0,,0.040377497673,0.040377497673,4.074039340019,4.114416837692,0.220167435781,0.220167435781,,,-0.543694873864,-0.543694873864,0.220167435781,0.00305850526,0.091098376427,2.0,17.0,,,5.0,5.0
2026-02-01 12:00:00,0,,0,,1.905969619751,1.905969619751,2.982258856297,4.888228476048,-0.127690746997,-0.127690746997,,,-0.484772274481,-0.484772274481,-0.127690746997,0.0,0.095379040059,0.0,22.0,,,5.0,5.0
2026-02-01 16:00:00,0,,0,,1.925905168056,1.925905168056,3.251753270626,5.177658438683,-0.007756544759,-0.007756544759,,,-0.448501890238,-0.448501890238,-0.007756544759,0.0,0.100226882205,0.0,30.0,,,11.0,11.0
2026-02-01 20:00:00,0,,0,,5.642418563366,5.642418563366,6.108382821083,11.750801384449,0.163186244631,0.163186244631,,,0.080514365977,0.080514365977,0.163186244631,0.003534021898,0.175181624735,3.0,41.0,,,16.0,16.0
2026-02-02 00:00:00,0,0.0,0,1.0,2.774849534035,2.774849534035,3.780608296394,6.555457830429,-0.077683108122,-0.077683108122,-0.150101342823,-0.150101342823,-0.25428100496,-0.25428100496,-0.077683108122,0.001283631136,0.15163268155,1.0,30.0,369770.0,98.0,9.0,9.0
2026-02-02 04:00:00,0,,0,,1.470718920231,1.470718920231,7.343548476696,8.814267396927,-0.086009743047,-0.086009743047,,,-0.304625842535,-0.304625842535,-0.086009743047,0.0,0.177929221599,0.0,41.0,,,9.0,9.0
2026-02-02 08:00:00,0,,0,,7.319194853306,7.319194853306,3.050898253918,10.370093107224,0.092830038919,0.092830038919,,,0.387533645907,0.387533645907,0.092830038919,0.005841196706,0.230984926829,3.0,40.0,,,13.0,13.0
2026-02-02 12:00:00,0,,0,,17.390747666359,17.390747666359,5.758844077587,23.149591743946,0.244967410132,0.244967410132,,,2.996929788868,2.996929788868,0.244967410132,0.013412165185,0.475135565347,5.0,74.0,,,32.0,32.0
2026-02-02 16:00:00,0,,0,,1.982884287834,1.982884287834,8.112513005733,10.095397293568,-0.224090128822,-0.224090128822,,,-0.183135149671,-0.183135149671,-0.224090128822,0.003721989494,0.306060190113,2.0,48.0,,,19.0,19.0
2026-02-02 20:00:00,0,,0,,2.222568392754,2.222568392754,3.995489954948,6.218058347702,-0.004838250514,-0.004838250514,,,-0.252267207383,-0.252267207383,-0.004838250514,0.0,0.225633405707,0.0,36.0,,,18.0,18.0
2026-02-03 00:00:00,0,0.0,0,1.0,9.893328428268,9.893328428268,3.66097599268,13.554304420948,0.231947751979,0.231947751979,1.892623073832,1.892623073832,0.397965354109,0.397965354109,0.231947751979,0.004678778294,0.190118267056,4.0,44.0,371266.0,115.0,22.0,22.0
2026-02-03 04:00:00,0,,0,,10.868890941143,10.868890941143,3.825023889542,14.693914830685,-0.097854559613,-0.097854559613,,,0.360307223319,0.360307223319,-0.097854559613,0.007479276078,0.246445676913,3.0,45.0,,,22.0,22.0
2026-02-03 08:00:00,0,,0,,16.782528698444,16.782528698444,4.988959908485,21.77148860693,0.018058666843,0.018058666843,,,0.636671989979,0.636671989979,0.018058666843,0.00694311493,0.24304267813,6.0,58.0,,,22.0,22.0
2026-02-03 12:00:00,0,,0,,15.735280096531,15.735280096531,3.921243846416,19.656523942947,-0.041068448868,-0.041068448868,,,0.520032991064,0.520032991064,-0.041068448868,0.009244516685,0.292820970773,4.0,65.0,,,21.0,21.0
2026-02-03 16:00:00,0,,0,,10.753920853138,10.753920853138,4.518136262894,15.272057116032,-0.059868327613,-0.059868327613,,,-0.176856882915,-0.176856882915,-0.059868327613,0.012376582211,0.22363577362,6.0,48.0,,,11.0,11.0
2026-02-03 20:00:00,0,,0,,5.808076500893,5.808076500893,6.708673238754,12.516749739647,-0.004902642648,-0.004902642648,,,-0.245008890676,-0.245008890676,-0.004902642648,0.011501567371,0.251479461881,3.0,53.0,,,17.0,17.0
2026-02-04 00:00:00,0,2.0,0,1.0,7.313883185387,7.313883185387,0.0,7.313883185387,-0.111603093042,-0.111603093042,1.741575913294,1.741575913294,-0.443002902595,-0.443002902595,-0.111603093042,0.00211600872,0.055277018193,2.0,14.0,372656.0,114.0,3.0,3.0
2026-02-04 04:00:00,0,,0,,5.452779591084,5.452779591084,0.975337386131,6.428116977215,-0.178253950575,-0.178253950575,,,-0.499410543313,-0.499410543313,-0.178253950575,0.004243041412,0.097087764913,1.0,17.0,,,2.0,2.0
2026-02-04 08:00:00,0,,0,,8.585193693638,8.585193693638,2.956322073936,11.541515767574,0.490961791018,0.490961791018,,,0.138782364737,0.138782364737,0.490961791018,0.008267024852,0.191496191341,3.0,39.0,,,19.0,19.0
2026-02-04 12:00:00,0,,0,,18.793297111988,18.793297111988,4.16608953476,22.959386646748,0.108224237098,0.108224237098,,,1.049999691816,1.049999691816,0.108224237098,0.01336685295,0.335786084388,5.0,72.0,,,33.0,33.0
2026-02-04 16:00:00,2,,1,,17.338223516941,17.338223516941,4.809363543987,22.147587060928,-0.036168618486,-0.036168618486,,,0.84765292776,0.84765292776,-0.036168618486,0.00718416342,0.240596300701,6.0,64.0,,,31.0,31.0
2026-02-04 20:00:00,0,,0,,11.340041995049,11.340041995049,6.731530845165,18.071572840214,-0.053927598838,-0.053927598838,,,0.269683770717,0.269683770717,-0.053927598838,0.006084717854,0.205521116802,3.0,53.0,,,26.0,26.0
2026-02-05 00:00:00,0,0.0,0,1.0,5.369138538837,5.369138538837,3.236685574055,8.605824112892,-0.193394015637,-0.193394015637,0.644825669154,0.644825669154,-0.572636510667,-0.572636510667,-0.193394015637,0.0,0.119052814721,0.0,30.0,374048.0,99.0,8.0,8.0
2026-02-05 04:00:00,0,,0,,8.77528578043,8.77528578043,2.381751298904,11.157037079334,0.192202425401,0.192202425401,,,-0.368591950233,-0.368591950233,0.192202425401,0.001291589171,0.193781539225,1.0,34.0,,,14.0,14.0
2026-02-05 08:00:00,0,,0,,5.54723149538,5.54723149538,3.805032908916,9.352264404297,-0.116184552356,-0.116184552356,,,-0.521703306699,-0.521703306699,-0.116184552356,0.004881244918,0.177471791646,2.0,41.0,,,12.0,12.0
2026-02-05 12:00:00,0,,0,,12.226868152618,12.226868152618,5.541456520557,17.768324673176,0.128315170057,0.128315170057,,,0.058910158449,0.058910158449,0.128315170057,0.008174728065,0.252873018119,2.0,52.0,,,22.0,25.0
2026-02-05 16:00:00,0,,0,,9.224871516228,9.224871516228,8.360445916653,17.58531743288,0.024198718387,0.024198718387,,,0.084408087831,0.084408087831,0.024198718387,0.017498277497,0.260914699014,11.0,65.0,,,26.0,26.0
2026-02-05 20:00:00,0,,0,,12.347907304764,12.347907304764,4.911312043667,17.259219348431,-0.072253758545,-0.072253758545,,,-0.000985080507,-0.000985080507,-0.072253758545,0.005107645641,0.26350441367,3.0,57.0,,,19.0,19.0
2026-02-06 00:00:00,0,0.0,0,1.0,5.897467851639,5.897467851639,10.573765158653,16.471233010292,0.038247957178,0.038247957178,0.130908310159,0.130908310159,0.075216560515,0.075216560515,0.038247957178,0.00613551341,0.259155065132,5.0,67.0,374548.0,95.0,28.0,28.0
2026-02-06 04:00:00,0,,0,,15.59382891655,15.59382891655,3.177144765854,18.770973682404,0.002679662035,0.002679662035,,,0.009978526882,0.009978526882,0.002679662035,0.01456976036,0.221703820386,4.0,45.0,,,12.0,11.0
2026-02-06 08:00:00,0,,0,,6.66690415144,6.66690415144,5.606166064739,12.273070216179,0.036295421479,0.036295421479,,,-0.286492462588,-0.286492462588,0.036295421479,0.009411628983,0.248695208483,5.0,49.0,,,15.0,15.0
2026-02-06 12:00:00,0,,0,,2.874418795109,2.874418795109,5.845394849777,8.719813644886,-0.156347590864,-0.156347590864,,,-0.58215991054,-0.58215991054,-0.156347590864,0.002427788964,0.124877637245,2.0,34.0,,,8.0,8.0
2026-02-06 16:00:00,0,,0,,2.440731108189,2.440731108189,5.641902029514,8.082633137703,0.042745247519,0.042745247519,,,-0.713796371326,-0.713796371326,0.042745247519,0.002376605661,0.169768788663,2.0,49.0,,,14.0,14.0
2026-02-06 20:00:00,0,,0,,9.956154704094,9.956154704094,1.726862132549,11.683016836643,0.121936830412,0.121936830412,,,-0.164348556159,-0.164348556159,0.121936830412,0.0,0.182678632362,0.0,42.0,,,18.0,18.0
2026-02-07 00:00:00,0,0.0,0,1.0,3.789662718773,3.789662718773,1.583680212498,5.373342931271,-0.173757329773,-0.173757329773,-1.249473816493,-1.249473816493,-0.637774572599,-0.637774572599,-0.173757329773,0.001070022256,0.076778535941,1.0,19.0,375068.0,40.0,7.0,7.0
2026-02-07 04:00:00,0,,0,,6.444166064262,6.444166064262,2.721645474434,9.165811538696,0.141230976001,0.141230976001,,,-0.581717642079,-0.581717642079,0.141230976001,0.0,0.10313810045,0.0,23.0,,,5.0,8.0
2026-02-07 08:00:00,0,,0,,8.119639098644,8.119639098644,2.554253220558,10.673892319202,0.038360760355,0.038360760355,,,-0.156003627336,-0.156003627336,0.038360760355,0.002332565663,0.138400949457,2.0,36.0,,,11.0,11.0
2026-02-07 12:00:00,0,,0,,0.877102613449,0.877102613449,4.582721531391,5.45982414484,-0.208246110422,-0.208246110422,,,-0.770694488609,-0.770694488609,-0.208246110422,0.001090750436,0.152365506583,1.0,36.0,,,9.0,9.0
2026-02-07 16:00:00,0,,0,,0.878582239151,0.878582239151,5.490393161774,6.368975400925,0.050054620992,0.050054620992,,,-0.665138257002,-0.665138257002,0.050054620992,0.001106978392,0.088443385507,1.0,26.0,,,8.0,8.0
2026-02-07 20:00:00,0,,0,,2.561247050762,2.561247050762,2.281038343906,4.842285394669,0.054566936821,0.054566936821,,,-0.532568626953,-0.532568626953,0.054566936821,0.001118268026,0.114275063643,1.0,28.0,,,7.0,7.0
2026-02-08 00:00:00,0,0.0,0,1.0,4.088317275047,4.088317275047,0.725029885769,4.813347160816,-0.092058312536,-0.092058312536,-1.232740727008,-1.232740727008,-0.577628940459,-0.577628940459,-0.092058312536,0.0,0.087848249813,0.0,17.0,375370.0,36.0,1.0,1.0
2026-02-08 04:00:00,0,,0,,2.188113451004,2.188113451004,2.468234658241,4.656348109245,0.256728896808,0.256728896808,,,-0.207205939254,-0.207205939254,0.256728896808,0.00115933964,0.081817120006,1.0,21.0,,,10.0,10.0
2026-02-08 08:00:00,0,,0,,1.488936901093,1.488936901093,2.376409709454,3.865346610546,-0.124880145223,-0.124880145223,,,-0.447659537326,-0.447659537326,-0.124880145223,0.002667520273,0.094496733625,1.0,20.0,,,8.0,7.0
2026-02-08 12:00:00,0,,0,,5.664443254471,5.664443254471,2.371098220348,8.035541474819,0.110185041379,0.110185041379,,,-0.152787092448,-0.152787092448,0.110185041379,0.004218985136,0.157624633984,3.0,28.0,,,9.0,9.0
2026-02-08 16:00:00,0,,0,,0.477097690105,0.477097690105,6.778123378754,7.255221068859,-0.00692852993,-0.00692852993,,,-0.314935495852,-0.314935495852,-0.00692852993,0.001251251251,0.19552148809,1.0,34.0,,,6.0,6.0
2026-02-08 20:00:00,0,,0,,10.73961853981,10.73961853981,0.736513376236,11.476131916046,-0.02674098972,-0.02674098972,,,-0.124848277255,-0.124848277255,-0.02674098972,0.008608689082,0.109252733663,3.0,26.0,,,2.0,2.0
2026-02-09 00:00:00,0,0.0,0,1.0,5.903698861599,5.903698861599,0.0,5.903698861599,-0.102782201173,-0.102782201173,-0.942761665978,-0.942761665978,-0.410846083487,-0.410846083487,-0.102782201173,0.001297218763,0.070987084565,1.0,14.0,375597.0,48.0,1.0,1.0
2026-02-09 04:00:00,0,,0,,5.352143228054,5.352143228054,0.866940438747,6.219083666801,0.206729885661,0.206729885661,,,-0.238442167233,-0.238442167233,0.206729885661,0.005698667213,0.123209581478,4.0,21.0,,,3.0,4.0
2026-02-09 08:00:00,0,,0,,6.059935212135,6.059935212135,3.127517640591,9.187452852726,0.008383397214,0.008383397214,,,0.520848020349,0.520848020349,0.008383397214,0.003844397446,0.307428010346,2.0,60.0,,,10.0,10.0
2026-02-09 12:00:00,0,,0,,7.041034281254,7.041034281254,2.327734827995,9.368769109249,-0.018500063388,-0.018500063388,,,0.916839785212,0.916839785212,-0.018500063388,0.001098804501,0.222485696462,1.0,71.0,,,13.0,12.0
2026-02-09 16:00:00,0,,0,,7.497401952744,7.497401952744,2.576310753822,10.073712706566,-0.045269837432,-0.045269837432,,,0.658257503642,0.658257503642,-0.045269837432,0.001124910007,0.267979484641,1.0,87.0,,,11.0,11.0
2026-02-09 20:00:00,0,,0,,-1.70080024004,-1.70080024004,7.236253917217,5.535453677177,-0.148581427498,-0.148581427498,,,-0.599976700234,-0.599976700234,-0.148581427498,0.000709340597,0.205415105344,1.0,83.0,,,9.0,9.0
2026-02-10 00:00:00,0,0.0,0,1.0,3.300223946571,3.300223946571,2.341996967793,5.642220914364,0.168414871055,0.168414871055,-0.409329429289,-0.409329429289,0.082600533076,0.082600533076,0.168414871055,0.001485912019,0.150529619129,2.0,64.0,375780.0,69.0,6.0,6.0
2026-02-10 04:00:00,0,,0,,-1.843783736229,-1.843783736229,9.942662775517,8.098879039288,0.042657512016,0.042657512016,,,-1.757008440748,-1.757008440748,0.042657512016,0.000774473358,0.182417699064,1.0,82.0,,,18.0,17.0
2026-02-10 08:00:00,0,,0,,9.916745901108,9.916745901108,0.771375954151,10.688121855259,0.187043126685,0.187043126685,,,0.433533580379,0.433533580379,0.187043126685,0.002264235671,0.098143176178,3.0,40.0,,,10.0,10.0
2026-02-10 12:00:00,0,,0,,8.20318454504,8.20318454504,5.138424038887,13.341608583927,0.022920936572,0.022920936572,,,0.543227639961,0.543227639961,0.022920936572,0.001628921689,0.14494220171,2.0,55.0,,,13.0,13.0
2026-02-10 16:00:00,0,,0,,12.360427320004,12.360427320004,1.592255949974,13.952683269978,-0.044453488663,-0.044453488663,,,0.532248819446,0.532248819446,-0.044453488663,0.00237277741,0.116173271261,3.0,41.0,,,12.0,12.0
2026-02-10 20:00:00,0,,0,,5.693161666393,5.693161666393,2.365538537502,8.058700203896,-0.055911805779,-0.055911805779,,,0.136156147185,0.136156147185,-0.055911805779,0.000711035267,0.148993535175,1.0,38.0,,,10.0,10.0
2026-02-11 00:00:00,0,0.0,0,1.0,-0.855402648449,-0.855402648449,7.292270600796,6.436867952347,-0.085699011021,-0.085699011021,-1.083211634637,-1.083211634637,-0.163484653763,-0.163484653763,-0.085699011021,0.001720341316,0.135620854711,1.0,33.0,,58.0,4.0,4.0
2026-02-11 04:00:00,0,,0,,2.169867098331,2.169867098331,4.984489917755,7.154357016087,0.044811930986,0.044811930986,,,-0.114492037021,-0.114492037021,0.044811930986,0.003843788438,0.150647711289,1.0,29.0,,,7.0,7.0
2026-02-11 08:00:00,0,,0,,5.336609303951,5.336609303951,3.998719215393,9.335328519344,0.164406619111,0.164406619111,,,0.457462360298,0.457462360298,0.164406619111,0.001736898025,0.138378285358,2.0,41.0,,,17.0,16.0
2026-02-11 12:00:00,0,,0,,7.713674128056,7.713674128056,6.278932332993,13.992606461048,-0.025051980296,-0.025051980296,,,0.450628716421,0.450628716421,-0.025051980296,0.001307239588,0.176687534111,2.0,54.0,,,15.0,15.0
2026-02-11 16:00:00,0,,0,,-0.177873075008,-0.177873075008,9.214625775814,9.036752700806,-0.032514965925,-0.032514965925,,,-0.216865105597,-0.216865105597,-0.032514965925,0.000912541977,0.118257230263,1.0,43.0,,,11.0,11.0
2026-02-11 20:00:00,0,,0,,4.070647716522,4.070647716522,1.657232880592,5.727880597115,-0.165875961736,-0.165875961736,,,-0.109748545369,-0.109748545369,-0.165875961736,0.001591545709,0.107339503036,1.0,22.0,,,4.0,4.0
2026-02-12 00:00:00,0,0.0,0,0.0,3.169649004936,3.169649004936,2.491745352745,5.661394357681,0.026754083741,0.026754083741,-0.786220347069,-0.786220347069,-0.070525635319,-0.070525635319,0.026754083741,0.006586675843,0.153955802899,2.0,22.0,,62.0,5.0,5.0
2026-02-12 04:00:00,0,,0,,4.944262564182,4.944262564182,2.347743809223,7.292006373405,0.010638691901,0.010638691901,,,0.028334779699,0.028334779699,0.010638691901,0.001024254343,0.130512129575,1.0,22.0,,,7.0,7.0
2026-02-12 08:00:00,0,,0,,7.196764886379,7.196764886379,2.436841845512,9.633606731892,0.26503015776,0.26503015776,,,0.538896268359,0.538896268359,0.26503015776,0.002428995396,0.09051164949,2.0,28.0,,,14.0,14.0
2026-02-12 12:00:00,0,,0,,5.738515615463,5.738515615463,4.155556201935,9.894071817398,-0.155140612618,-0.155140612618,,,0.087158816736,0.087158816736,-0.155140612618,0.003595845209,0.152882945732,4.0,42.0,,,11.0,11.0
2026-02-12 16:00:00,0,,0,,5.359305620193,5.359305620193,3.327025175095,8.686330795288,-0.073055773603,-0.073055773603,,,-0.239924353221,-0.239924353221,-0.073055773603,0.000690073976,0.104530963306,1.0,30.0,,,7.0,7.0
2026-02-12 20:00:00,0,,0,,1.32243591547,1.32243591547,7.974402844906,9.296838760376,-0.052428155301,-0.052428155301,,,-0.603726165732,-0.603726165732,-0.052428155301,0.001726957201,0.12053863997,2.0,39.0,,,18.0,18.0
2026-02-13 00:00:00,0,0.0,0,0.0,-1.271467030048,-1.271467030048,3.956078529358,2.68461149931,-0.095324668496,-0.095324668496,-1.133075693655,-1.133075693655,-0.708060305974,-0.708060305974,-0.095324668496,0.000684856454,0.077524587561,1.0,22.0,,39.0,6.0,6.0
2026-02-13 04:00:00,0,,0,,3.453647494316,3.453647494316,2.518340587616,5.971988081932,0.018983742316,0.018983742316,,,-0.471640366042,-0.471640366042,0.018983742316,0.00103493956,0.091767918697,1.0,26.0,,,3.0,3.0
2026-02-13 08:00:00,0,,0,,2.27086430788,2.27086430788,0.841406941414,3.112271249294,-0.08750106767,-0.08750106767,,,-0.534451410688,-0.534451410688,-0.08750106767,0.000682612495,0.072116448136,1.0,17.0,,,3.0,3.0
2026-02-13 12:00:00,0,,0,,7.096240818501,7.096240818501,2.509528577328,9.605769395828,0.136312883212,0.136312883212,,,0.01053986128,0.01053986128,0.136312883212,0.0007124943,0.119526416471,1.0,35.0,,,9.0,9.0
2026-02-13 16:00:00,0,,0,,6.685806930065,6.685806930065,2.182064116001,8.867871046066,0.124452831069,0.124452831069,,,0.074695887066,0.074695887066,0.124452831069,0.003276813823,0.085587637268,3.0,25.0,,,8.0,8.0
2026-02-13 20:00:00,0,,0,,6.773704230785,6.773704230785,1.510016977787,8.283721208572,0.013903652778,0.013903652778,,,0.779797676339,0.779797676339,0.013903652778,0.001255215893,0.079012101648,2.0,26.0,,,10.0,10.0
2026-02-14 00:00:00,0,0.0,0,0.0,3.34491956234,3.34491956234,2.341812908649,5.686732470989,-0.063706110736,-0.063706110736,-1.212772578467,-1.212772578467,-0.354157819053,-0.354157819053,-0.063706110736,0.000921828909,0.051867744847,1.0,17.0,,28.0,3.0,3.0
2026-02-14 04:00:00,0,,0,,4.895437717438,4.895437717438,2.438993811607,7.334431529045,0.024403179242,0.024403179242,,,0.275069000023,0.275069000023,0.024403179242,0.00075785134,0.091763137443,1.0,27.0,,,5.0,5.0
2026-02-14 08:00:00,0,,0,,7.448370814323,7.448370814323,0.0,7.448370814323,-0.081561219523,-0.081561219523,,,-0.350805795862,-0.350805795862,-0.081561219523,0.0,0.063579482372,0.0,18.0,,,3.0,3.0
2026-02-14 12:00:00,0,,0,,4.270570755005,4.270570755005,2.44883954525,6.719410300255,0.050681264973,0.050681264973,,,-0.372836285538,-0.372836285538,0.050681264973,0.001431319326,0.101662062384,2.0,28.0,,,4.0,4.0
2026-02-14 16:00:00,0,,0,,3.389969050884,3.389969050884,2.373206377029,5.763175427914,0.095349502924,0.095349502924,,,-0.17902425943,-0.17902425943,0.095349502924,0.0,0.074962123562,0.0,23.0,,,6.0,6.0
2026-02-14 20:00:00,0,,0,,3.444002687931,3.444002687931,1.425007343292,4.869010031223,0.020407800622,0.020407800622,,,0.008691230431,0.008691230431,0.020407800622,0.000637690032,0.073208035226,1.0,21.0,,,7.0,7.0
2026-02-15 00:00:00,0,0.0,0,0.0,2.392359733582,2.392359733582,0.965457856655,3.357817590237,-0.084266267023,-0.084266267023,-1.324671474152,-1.324671474152,-0.51006534844,-0.51006534844,-0.084266267023,0.0,0.063324154025,0.0,15.0,,25.0,2.0,2.0
2026-02-15 04:00:00,0,,0,,1.686882257462,1.686882257462,0.0,1.686882257462,-0.053303357065,-0.053303357065,,,-0.375870986878,-0.375870986878,-0.053303357065,0.002026588846,0.021524332715,1.0,6.0,,,1.0,1.0
2026-02-15 08:00:00,0,,0,,3.365211725235,3.365211725235,0.0,3.365211725235,0.22016656074,0.22016656074,,,-0.056408200963,-0.056408200963,0.22016656074,0.001394466756,0.091625060993,1.0,21.0,,,7.0,7.0
2026-02-15 12:00:00,0,,0,,5.823646903038,5.823646903038,1.501468002796,7.325114905834,-0.080241837762,-0.080241837762,,,-0.088703438653,-0.088703438653,-0.080241837762,0.0,0.103536370826,0.0,19.0,,,5.0,5.0
2026-02-15 16:00:00,0,,0,,1.079356133938,1.079356133938,3.8207026124,4.900058746338,-0.107939646198,-0.107939646198,,,-0.396500655222,-0.396500655222,-0.107939646198,0.0,0.114879837122,0.0,24.0,,,5.0,5.0
2026-02-15 20:00:00,0,,0,,3.674563229084,3.674563229084,2.304833173752,5.979396402836,0.16447115604,0.16447115604,,,-0.125141813355,-0.125141813355,0.16447115604,0.000877192982,0.096075078905,1.0,26.0,,,5.0,5.0
2026-02-16 00:00:00,0,0.0,0,0.0,-0.239430189133,-0.239430189133,2.49853092432,2.259100735188,-0.253163676024,-0.253163676024,-1.159995902486,-1.159995902486,-0.613759101158,-0.613759101158,-0.253163676024,0.000797906294,0.057547624654,1.0,15.0,,36.0,2.0,2.0
2026-02-16 04:00:00,0,,0,,5.556438326836,5.556438326836,2.451472043991,8.007910370827,0.224354444551,0.224354444551,,,-0.177602674483,-0.177602674483,0.224354444551,0.000908958697,0.086494985485,1.0,21.0,,,3.0,3.0
2026-02-16 08:00:00,0,,0,,2.408648610115,2.408648610115,0.0,2.408648610115,-0.111212845027,-0.111212845027,,,-0.289968963527,-0.289968963527,-0.111212845027,0.00298322699,0.074640845587,3.0,18.0,,,3.0,2.0
2026-02-16 12:00:00,0,,0,,5.849514245987,5.849514245987,1.451445579529,7.300959825516,0.192684009213,0.192684009213,,,0.976017033285,0.976017033285,0.192684009213,0.000880529727,0.143687951299,1.0,33.0,,,13.0,13.0
2026-02-16 16:00:00,0,,0,,2.398619234562,2.398619234562,3.145373225212,5.543992459774,-0.026945571769,-0.026945571769,,,0.233814329817,0.233814329817,-0.026945571769,0.0,0.151325476377,0.0,37.0,,,9.0,9.0
