timestamp,dev_activity_1d,dev_activity_contributors_count_7d,sentiment_balance_total,sentiment_balance_total_v2,sentiment_negative_total,sentiment_positive_total,sentiment_volume_consumed_total,sentiment_weighted_total,sentiment_weighted_total_1d,sentiment_weighted_total_1d_v2,sentiment_weighted_total_1h,sentiment_weighted_total_1h_v2,sentiment_weighted_total_v2,social_dominance_ai_total,social_dominance_total,social_volume_ai_total,social_volume_total,unique_social_volume_total_1d,unique_social_volume_total_1h,unique_social_volume_total_5m
2025-04-11 00:00:00,0.0,0.0,,,,,,,,,,,,,,,,,,
2025-04-12 00:00:00,0.0,0.0,,,,,,,,,,,,,,,,,,
2025-04-13 00:00:00,0.0,0.0,,,,,,,,,,,,,,,,,,
2025-04-14 00:00:00,0.0,0.0,,,,,,,,,,,,,,,,,,
2025-04-15 00:00:00,0.0,0.0,-8.170632243156,-8.170632243156,10.497095584869,2.326463341713,0.156725138713,0.156725138713,0.0,0.0,0.426998093938,0.426998093938,0.156725138713,0.061274509804,2.182852381292,1.0,32.0,78.0,11.0,11.0
2025-04-15 04:00:00,,,-2.514401614666,-2.514401614666,4.944513738155,2.430112123489,-0.005008977914,-0.005008977914,,,0.550012473255,0.550012473255,-0.005008977914,0.019290123457,1.71873102325,1.0,29.0,,11.0,11.0
2025-04-15 08:00:00,,,-2.373143017292,-2.373143017292,4.846087157726,2.472944140434,-0.026345858308,-0.026345858308,,,0.193819738236,0.193819738236,-0.026345858308,0.038580246914,1.635335520001,1.0,34.0,,12.0,12.0
2025-04-15 12:00:00,,,-5.885797977448,-5.885797977448,12.880549788475,6.994751811028,-0.040853093168,-0.040853093168,,,-0.724985404351,-0.724985404351,-0.040853093168,0.109699328449,1.933957060255,3.0,57.0,,21.0,21.0
2025-04-15 16:00:00,,,-3.311834573746,-3.311834573746,9.390013515949,6.078178942204,0.062309203451,0.062309203451,,,-0.239776268394,-0.239776268394,0.062309203451,0.123374704492,2.00815980199,3.0,50.0,,16.0,16.0
2025-04-15 20:00:00,,,4.237685322762,4.237685322762,3.999611377716,8.237296700478,0.054898246329,0.054898246329,,,1.022222890414,1.022222890414,0.054898246329,0.0,1.963252927337,0.0,33.0,,8.0,9.0
2025-04-16 00:00:00,0.0,0.0,1.361794412136,1.361794412136,1.675897061825,3.037691473961,0.071154436042,0.071154436042,0.707106781187,0.707106781187,0.419067617717,0.419067617717,0.071154436042,0.0,1.290511581926,0.0,20.0,108.0,14.0,14.0
2025-04-16 04:00:00,,,2.312342345715,2.312342345715,7.216400384903,9.528742730618,0.035727702036,0.035727702036,,,0.693406597049,0.693406597049,0.035727702036,0.704092957,1.911350105807,10.0,34.0,,12.0,12.0
2025-04-16 08:00:00,,,2.934384584427,2.934384584427,5.404788434505,8.339173018932,-0.007241871195,-0.007241871195,,,0.550188804413,0.550188804413,-0.007241871195,0.091036414566,1.508367983663,2.0,45.0,,16.0,16.0
2025-04-16 12:00:00,,,-2.17719990015,-2.17719990015,7.554910540581,5.37771064043,-0.15270077437,-0.15270077437,,,0.045375610872,0.045375610872,-0.15270077437,0.022893772894,1.167858114598,1.0,42.0,,18.0,18.0
2025-04-16 16:00:00,,,-1.280331552029,-1.280331552029,10.336133182049,9.05580163002,0.108944293946,0.108944293946,,,0.269026805863,0.269026805863,0.108944293946,0.078328824622,1.757788573565,3.0,59.0,,36.0,36.0
2025-04-16 20:00:00,,,2.57293844223,2.57293844223,7.381145954132,9.954084396362,0.043301433357,0.043301433357,,,0.809116190351,0.809116190351,0.043301433357,0.102065587164,1.693796469709,3.0,35.0,,15.0,16.0
2025-04-17 00:00:00,0.0,0.0,-3.683401942253,-3.683401942253,6.179882347584,2.496480405331,-0.1114600497,-0.1114600497,-0.12084584611,-0.12084584611,-0.36539073601,-0.36539073601,-0.1114600497,0.0,2.20677712658,0.0,30.0,101.0,16.0,16.0
2025-04-17 04:00:00,,,-2.322527587414,-2.322527587414,6.302279472351,3.979751884937,0.192761575447,0.192761575447,,,0.05893487049,0.05893487049,0.192761575447,0.090579710145,2.161511311529,1.0,34.0,,8.0,8.0
2025-04-17 08:00:00,,,-1.373332977295,-1.373332977295,7.906994104385,6.53366112709,-0.12599322862,-0.12599322862,,,-0.40249243943,-0.40249243943,-0.12599322862,0.21326532081,1.769220615458,8.0,47.0,,22.0,22.0
2025-04-17 12:00:00,,,1.165704846382,1.165704846382,5.878000617027,7.043705463409,0.129770721697,0.129770721697,,,0.202562974792,0.202562974792,0.129770721697,0.112964289217,1.217418668995,6.0,43.0,,19.0,19.0
2025-04-17 16:00:00,,,3.096221864223,3.096221864223,6.46656537056,9.562787234783,-0.040465278192,-0.040465278192,,,0.510368518615,0.510368518615,-0.040465278192,0.230601345161,1.821289469002,9.0,51.0,,23.0,24.0
2025-04-17 20:00:00,,,-2.605783045292,-2.605783045292,6.641074717045,4.035291671753,-0.104875862768,-0.104875862768,,,-0.381227037877,-0.381227037877,-0.104875862768,0.070621468927,1.767355864505,2.0,35.0,,15.0,15.0
2025-04-18 00:00:00,0.0,0.0,-3.33237862587,-3.33237862587,4.037766098976,0.705387473106,0.157063212756,0.157063212756,-0.427613195295,-0.427613195295,-0.23220942343,-0.23220942343,0.157063212756,0.0,1.215907079017,0.0,18.0,90.0,7.0,7.0
2025-04-18 04:00:00,,,0.583486497402,0.583486497402,4.810044586658,5.393531084061,0.261181377921,0.261181377921,,,-0.170216502164,-0.170216502164,0.261181377921,0.230075533345,2.214581917322,5.0,33.0,,15.0,15.0
2025-04-18 08:00:00,,,1.982733368874,1.982733368874,3.813936114311,5.796669483185,0.121025587724,0.121025587724,,,0.234861585341,0.234861585341,0.121025587724,0.128232147122,1.502997481331,4.0,35.0,,23.0,23.0
2025-04-18 12:00:00,,,-1.118863761425,-1.118863761425,4.275715827942,3.156852066517,-0.1895806136,-0.1895806136,,,-0.241321852126,-0.241321852126,-0.1895806136,0.115147827566,1.639331197058,3.0,40.0,,20.0,20.0
2025-04-18 16:00:00,,,-8.899206280708,-8.899206280708,12.063597857952,3.164391577244,-0.06578610686,-0.06578610686,,,-0.980681561444,-0.980681561444,-0.06578610686,0.272817460317,1.654316122595,5.0,41.0,,16.0,16.0
2025-04-18 20:00:00,,,0.237432777882,0.237432777882,4.699548721313,4.936981499195,0.150510734609,0.150510734609,,,0.281800694161,0.281800694161,0.150510734609,0.036549707602,1.232565242499,1.0,26.0,,11.0,12.0
2025-04-19 00:00:00,0.0,0.0,6.15727442503,6.15727442503,0.0,6.15727442503,-0.046362420813,-0.046362420813,0.845486569091,0.845486569091,0.379031569558,0.379031569558,-0.046362420813,0.090579710145,1.934125804643,1.0,23.0,70.0,12.0,12.0
2025-04-19 04:00:00,,,2.113934159279,2.113934159279,1.699773132801,3.81370729208,-0.030502809154,-0.030502809154,,,0.105387484641,0.105387484641,-0.030502809154,0.15809873521,0.967810300013,2.0,15.0,,8.0,8.0
2025-04-19 08:00:00,,,-1.138468027115,-1.138468027115,6.328349769115,5.189881742001,-0.05056921881,-0.05056921881,,,0.121384503741,0.121384503741,-0.05056921881,0.038580246914,1.439149864321,1.0,32.0,,20.0,21.0
2025-04-19 12:00:00,,,-1.715287566185,-1.715287566185,5.770233869553,4.054946303368,0.011010940695,0.011010940695,,,0.014636980893,0.014636980893,0.011010940695,0.16048085901,1.277877177327,4.0,31.0,,11.0,11.0
2025-04-19 16:00:00,,,2.236749410629,2.236749410629,3.130669653416,5.367419064045,-0.01645444971,-0.01645444971,,,0.212669073758,0.212669073758,-0.01645444971,0.044505615158,1.6135919987,2.0,39.0,,14.0,14.0
2025-04-19 20:00:00,,,-3.061594963074,-3.061594963074,3.061594963074,0.0,-0.087562492647,-0.087562492647,,,-0.161849914945,-0.161849914945,-0.087562492647,0.0,0.623718071059,0.0,12.0,,5.0,5.0
2025-04-20 00:00:00,0.0,0.0,1.767379045486,1.767379045486,4.20385414362,5.971233189106,0.091806746058,0.091806746058,1.310641871686,1.310641871686,0.21529928832,0.21529928832,0.091806746058,0.330458983987,2.094991047154,5.0,28.0,69.0,15.0,15.0
2025-04-20 04:00:00,,,2.862827479839,2.862827479839,2.323006212711,5.185833692551,-0.047530591776,-0.047530591776,,,0.112019946496,0.112019946496,-0.047530591776,0.455305955502,1.444792990211,11.0,27.0,,8.0,8.0
2025-04-20 08:00:00,,,-0.764247775078,-0.764247775078,4.871291697025,4.107043921947,0.150858800547,0.150858800547,,,0.263693053959,0.263693053959,0.150858800547,0.0,1.660556748998,0.0,30.0,,10.0,10.0
2025-04-20 12:00:00,,,12.671653628349,12.671653628349,3.999118566513,16.670772194862,0.244532200082,0.244532200082,,,1.533770563945,1.533770563945,0.244532200082,0.256591336877,1.848511436141,9.0,47.0,,14.0,15.0
2025-04-20 16:00:00,,,-0.522915780544,-0.522915780544,1.412232995033,0.889317214489,-0.253154325793,-0.253154325793,,,-0.182067738698,-0.182067738698,-0.253154325793,0.0,0.857891626399,0.0,20.0,,5.0,5.0
2025-04-20 20:00:00,,,0.857362210751,0.857362210751,7.709707558155,8.567069768906,0.094550263,0.094550263,,,-0.148166449107,-0.148166449107,0.094550263,0.0,1.958252510825,0.0,40.0,,18.0,19.0
2025-04-21 00:00:00,0.0,0.0,-0.362283110619,-0.362283110619,6.617689192295,6.255406081676,-0.06908468001,-0.06908468001,-1.563654853326,-1.563654853326,-0.201863388927,-0.201863388927,-0.06908468001,0.030637254902,4.038685338677,1.0,69.0,181.0,39.0,39.0
2025-04-21 04:00:00,,,-0.730119585991,-0.730119585991,7.174972176552,6.444852590561,0.117642798337,0.117642798337,,,-0.285412717092,-0.285412717092,0.117642798337,0.080875948737,2.681839227137,2.0,47.0,,20.0,20.0
2025-04-21 08:00:00,,,-5.115633964539,-5.115633964539,10.698455929756,5.582821965218,-0.107944417455,-0.107944417455,,,-0.633462856238,-0.633462856238,-0.107944417455,0.385132777696,1.89757497513,21.0,67.0,,25.0,25.0
2025-04-21 12:00:00,,,-1.782975673676,-1.782975673676,12.091199576855,10.308223903179,-0.039737045464,-0.039737045464,,,-0.310471416776,-0.310471416776,-0.039737045464,0.031228162124,2.318819169724,2.0,90.0,,44.0,44.0
2025-04-21 16:00:00,,,-9.142826020718,-9.142826020718,11.389314949512,2.246488928795,-0.019086399235,-0.019086399235,,,-1.420697780982,-1.420697780982,-0.019086399235,0.049161722402,1.465544197316,2.0,60.0,,34.0,34.0
2025-04-21 20:00:00,,,3.748232722282,3.748232722282,6.820110440254,10.568343162537,0.163421246351,0.163421246351,,,0.538766206768,0.538766206768,0.163421246351,0.189481791176,1.973757265673,5.0,45.0,,19.0,20.0
2025-04-22 00:00:00,0.0,0.0,-4.650044322014,-4.650044322014,6.834708511829,2.184664189816,-0.086908933431,-0.086908933431,-0.530048376986,-0.530048376986,-0.434570910223,-0.434570910223,-0.086908933431,0.085034013605,2.220620679044,2.0,39.0,178.0,12.0,12.0
2025-04-22 04:00:00,,,-1.394343852997,-1.394343852997,6.017270386219,4.622926533222,-0.050093672095,-0.050093672095,,,-0.073497960696,-0.073497960696,-0.050093672095,0.144209229391,1.321332680081,4.0,31.0,,12.0,12.0
2025-04-22 08:00:00,,,4.881509721279,4.881509721279,2.621814787388,7.503324508667,0.103743743523,0.103743743523,,,0.468642532098,0.468642532098,0.103743743523,0.440861573478,1.902906962146,21.0,56.0,,20.0,20.0
2025-04-22 12:00:00,,,-0.674651801586,-0.674651801586,13.434581577778,12.759929776192,-0.041144133718,-0.041144133718,,,-0.06917195143,-0.06917195143,-0.041144133718,0.244890771498,2.074546198794,14.0,92.0,,67.0,67.0
2025-04-22 16:00:00,,,-2.521419227123,-2.521419227123,12.776863574982,10.255444347858,-0.074182711108,-0.074182711108,,,-0.221118805325,-0.221118805325,-0.074182711108,0.086805555556,2.54861004601,1.0,75.0,,27.0,27.0
2025-04-22 20:00:00,,,-2.290343403816,-2.290343403816,12.924900174141,10.634556770325,-0.143581033317,-0.143581033317,,,-0.509648155758,-0.509648155758,-0.143581033317,0.070696359138,2.756982919126,2.0,83.0,,40.0,40.0
2025-04-23 00:00:00,0.0,0.0,7.709314346313,7.709314346313,4.184561908245,11.893876254559,0.113821867903,0.113821867903,1.897850637259,1.897850637259,0.555052481458,0.555052481458,0.113821867903,0.040064102564,3.12493299069,1.0,57.0,143.0,19.0,19.0
2025-04-23 04:00:00,,,3.907361924648,3.907361924648,2.351668715477,6.259030640125,-0.006818665208,-0.006818665208,,,0.337473737835,0.337473737835,-0.006818665208,0.184526919441,1.685136768086,6.0,41.0,,17.0,17.0
2025-04-23 08:00:00,,,1.346585035324,1.346585035324,11.031251251698,12.377836287022,-0.165892202804,-0.165892202804,,,0.167980686916,0.167980686916,-0.165892202804,0.289440904957,2.279560736629,27.0,93.0,,30.0,30.0
2025-04-23 12:00:00,,,-1.172578036785,-1.172578036785,19.847596108913,18.675018072128,-0.047479850409,-0.047479850409,,,-0.138266743419,-0.138266743419,-0.047479850409,0.073393684114,1.963644050867,6.0,103.0,,49.0,49.0
2025-04-23 16:00:00,,,-0.113356769085,-0.113356769085,13.004633843899,12.891277074814,0.079747500995,0.079747500995,,,0.296217612282,0.296217612282,0.079747500995,0.064597257031,1.792059069593,5.0,81.0,,18.0,18.0
2025-04-23 20:00:00,,,8.04504275322,8.04504275322,2.410299837589,10.455342590809,0.072601387029,0.072601387029,,,0.399285444012,0.399285444012,0.072601387029,0.028441741994,1.217178971816,2.0,42.0,,11.0,14.0
2025-04-24 00:00:00,0.0,0.0,-2.463208675385,-2.463208675385,3.234899520874,0.77169084549,-0.310355180734,-0.310355180734,-0.824619679924,-0.824619679924,-0.050935456863,-0.050935456863,-0.310355180734,0.018436578171,1.06027989593,1.0,27.0,112.0,10.0,10.0
2025-04-24 04:00:00,,,-2.320065796375,-2.320065796375,6.351439535618,4.031373739243,-0.029017132431,-0.029017132431,,,-0.146448129128,-0.146448129128,-0.029017132431,0.142452757666,1.37582024579,7.0,39.0,,14.0,15.0
2025-04-24 08:00:00,,,0.268289625645,0.268289625645,4.472184121609,4.740473747253,-0.031127609108,-0.031127609108,,,0.07143563272,0.07143563272,-0.031127609108,0.211720940776,1.135633807076,25.0,64.0,,22.0,22.0
2025-04-24 12:00:00,,,-3.315392255783,-3.315392255783,9.57801514864,6.262622892857,0.020010958998,0.020010958998,,,-0.44646887682,-0.44646887682,0.020010958998,0.141191070936,1.322542481118,10.0,61.0,,24.0,24.0
2025-04-24 16:00:00,,,-8.618745326996,-8.618745326996,11.814916729927,3.196171402931,-0.03346411704,-0.03346411704,,,-0.804792819364,-0.804792819364,-0.03346411704,0.139131701632,1.977666370455,4.0,59.0,,28.0,28.0
2025-04-24 20:00:00,,,2.109738230705,2.109738230705,5.847886025906,7.957624256611,0.021405847447,0.021405847447,,,0.232311411941,0.232311411941,0.021405847447,0.046296296296,1.526025272212,1.0,37.0,,16.0,17.0
2025-04-25 00:00:00,0.0,0.0,3.883034169674,3.883034169674,4.52860045433,8.411634624004,0.009377837758,0.009377837758,0.150490888385,0.150490888385,0.273961534404,0.273961534404,0.009377837758,0.080231065469,1.907488853123,2.0,38.0,114.0,15.0,17.0
2025-04-25 04:00:00,,,0.640328526497,0.640328526497,4.344304025173,4.98463255167,-0.111119887838,-0.111119887838,,,0.037210142493,0.037210142493,-0.111119887838,0.157828282828,1.440334666217,2.0,22.0,,6.0,6.0
2025-04-25 08:00:00,,,-0.921740174294,-0.921740174294,8.921065807343,7.999325633049,0.038906572857,0.038906572857,,,-0.114679733027,-0.114679733027,0.038906572857,0.0793997669,1.60549710895,2.0,41.0,,20.0,20.0
2025-04-25 12:00:00,,,0.187469363213,0.187469363213,10.927602410316,11.115071773529,0.016086889012,0.016086889012,,,0.209291506513,0.209291506513,0.016086889012,0.096812790012,2.100319126917,4.0,66.0,,29.0,29.0
2025-04-25 16:00:00,,,-3.532107174397,-3.532107174397,9.618711650372,6.086604475975,-0.114737287709,-0.114737287709,,,-0.351279302513,-0.351279302513,-0.114737287709,0.0,1.771711801269,0.0,56.0,,27.0,27.0
2025-04-25 20:00:00,,,-0.934776961803,-0.934776961803,8.197087526321,7.262310564518,0.030567019258,0.030567019258,,,0.070935589193,0.070935589193,0.030567019258,0.049603174603,1.970915321838,1.0,44.0,,19.0,19.0
2025-04-26 00:00:00,0.0,0.0,-5.139271914959,-5.139271914959,7.311828434467,2.172556519508,0.066843421384,0.066843421384,-0.127640848547,-0.127640848547,-0.341705869143,-0.341705869143,0.066843421384,0.0,2.484421790855,0.0,39.0,120.0,15.0,15.0
2025-04-26 04:00:00,,,2.776113450527,2.776113450527,4.107983291149,6.884096741676,0.280769130227,0.280769130227,,,0.652698966792,0.652698966792,0.280769130227,0.056477022769,2.398642748643,2.0,38.0,,14.0,15.0
2025-04-26 08:00:00,,,-4.547787606716,-4.547787606716,9.628545820713,5.080758213997,-0.221566481109,-0.221566481109,,,-0.362831693396,-0.362831693396,-0.221566481109,0.110041356639,2.239778258283,3.0,43.0,,21.0,21.0
2025-04-26 12:00:00,,,1.339611172676,1.339611172676,6.940585255623,8.280196428299,0.112304064646,0.112304064646,,,0.242969518998,0.242969518998,0.112304064646,0.0,2.312399306621,0.0,51.0,,25.0,25.0
2025-04-26 16:00:00,,,7.513620793819,7.513620793819,6.829982280731,14.343603074551,0.08413344327,0.08413344327,,,1.289389049105,1.289389049105,0.08413344327,0.389060680937,2.214111852445,10.0,51.0,,22.0,22.0
2025-04-26 20:00:00,,,-6.078467667103,-6.078467667103,10.70356631279,4.625098645687,-0.169962659009,-0.169962659009,,,-0.518010798037,-0.518010798037,-0.169962659009,0.0,3.266392151692,0.0,50.0,,23.0,23.0
2025-04-27 00:00:00,0.0,0.0,-3.133874118328,-3.133874118328,7.057168781757,3.923294663429,0.098319724,0.098319724,-1.990279967318,-1.990279967318,-0.126209424397,-0.126209424397,0.098319724,0.0,2.495221324099,0.0,30.0,129.0,19.0,19.0
2025-04-27 04:00:00,,,-6.750196158886,-6.750196158886,8.38117903471,1.630982875824,0.002673753434,0.002673753434,,,-0.276378319512,-0.276378319512,0.002673753434,0.432409769463,2.544009846445,10.0,39.0,,10.0,10.0
2025-04-27 08:00:00,,,-2.518840909004,-2.518840909004,5.003873407841,2.485032498837,-0.042289284334,-0.042289284334,,,-0.115991427834,-0.115991427834,-0.042289284334,0.21840343168,2.975780827247,9.0,46.0,,17.0,17.0
2025-04-27 12:00:00,,,-3.454070687294,-3.454070687294,10.763157963753,7.309087276459,-0.020101219122,-0.020101219122,,,0.144065381499,0.144065381499,-0.020101219122,0.088505747126,3.097319871981,2.0,61.0,,29.0,29.0
2025-04-27 16:00:00,,,-7.3543151021,-7.3543151021,11.19496691227,3.840651810169,0.004197426708,0.004197426708,,,-0.740200654278,-0.740200654278,0.004197426708,0.093005952381,2.374042868688,3.0,57.0,,31.0,31.0
2025-04-27 20:00:00,,,-7.416954636574,-7.416954636574,12.267652511597,4.850697875023,-0.023969966035,-0.023969966035,,,-0.299598682009,-0.299598682009,-0.023969966035,0.0,2.455821752985,0.0,49.0,,24.0,24.0
2025-04-28 00:00:00,0.0,0.0,-9.230742871761,-9.230742871761,11.514334380627,2.283591508865,0.014308774349,0.014308774349,-2.181594738443,-2.181594738443,-0.490254032907,-0.490254032907,0.014308774349,0.0,2.160535106732,0.0,47.0,155.0,20.0,20.0
2025-04-28 04:00:00,,,0.057567536831,0.057567536831,6.494240045547,6.551807582378,0.110216281209,0.110216281209,,,0.134215727856,0.134215727856,0.110216281209,0.056235614145,1.360231830189,3.0,42.0,,24.0,24.0
2025-04-28 08:00:00,,,-0.237877607346,-0.237877607346,7.053293287754,6.815415680408,-0.040615022457,-0.040615022457,,,-0.004862593129,-0.004862593129,-0.040615022457,0.289427320213,1.639071681516,23.0,68.0,,31.0,31.0
2025-04-28 12:00:00,,,-10.273573458195,-10.273573458195,16.704107522964,6.43053406477,-0.083894070928,-0.083894070928,,,-0.825085304515,-0.825085304515,-0.083894070928,0.016025641026,2.085617214551,1.0,82.0,,23.0,23.0
2025-04-28 16:00:00,,,-8.443647444248,-8.443647444248,20.553689241409,12.110041797161,0.148139820717,0.148139820717,,,-0.888531753766,-0.888531753766,0.148139820717,0.086384315917,3.491019600392,4.0,121.0,,39.0,40.0
2025-04-28 20:00:00,,,-7.25943928957,-7.25943928957,14.569431364536,7.309992074966,0.021632330057,0.021632330057,,,-0.222233723286,-0.222233723286,0.021632330057,0.11047979798,2.237757170149,2.0,56.0,,20.0,20.0
2025-04-29 00:00:00,0.0,0.0,-0.574221730232,-0.574221730232,4.326912105083,3.752690374851,0.057646861515,0.057646861515,-0.975283323148,-0.975283323148,0.132315679649,0.132315679649,0.057646861515,0.148115773116,2.398174656101,2.0,46.0,134.0,24.0,24.0
2025-04-29 04:00:00,,,-9.802997171879,-9.802997171879,10.655537605286,0.852540433407,-0.157418706348,-0.157418706348,,,-0.014587144999,-0.014587144999,-0.157418706348,0.286501774442,1.51676964539,17.0,42.0,,10.0,10.0
2025-04-29 08:00:00,,,-0.21395778656,-0.21395778656,5.802603840828,5.588646054268,0.108486426753,0.108486426753,,,0.596726645861,0.596726645861,0.108486426753,0.039308176101,1.386295830627,1.0,37.0,,17.0,17.0
2025-04-29 12:00:00,,,-2.278805673122,-2.278805673122,10.306468546391,8.027662873268,-0.09233945742,-0.09233945742,,,-0.081758699294,-0.081758699294,-0.09233945742,0.05519005848,2.130570373248,2.0,81.0,,34.0,34.0
2025-04-29 16:00:00,,,-4.095076620579,-4.095076620579,12.710408687592,8.615332067013,-0.016843293762,-0.016843293762,,,0.131571343998,0.131571343998,-0.016843293762,0.143685786527,2.212482475889,7.0,73.0,,34.0,34.0
2025-04-29 20:00:00,,,-6.327873289585,-6.327873289585,12.600010812283,6.272137522697,-0.019290608649,-0.019290608649,,,-0.166238361338,-0.166238361338,-0.019290608649,0.097141728135,1.954450637874,3.0,46.0,,16.0,16.0
2025-04-30 00:00:00,0.0,0.0,-3.145333588123,-3.145333588123,5.545047461987,2.399713873863,-0.07200828369,-0.07200828369,-1.716741139535,-1.716741139535,0.178211075928,0.178211075928,-0.07200828369,0.039308176101,2.416255027883,1.0,40.0,151.0,23.0,23.0
2025-04-30 04:00:00,,,-5.589467346668,-5.589467346668,7.058305382729,1.46883803606,0.017821367419,0.017821367419,,,0.235268335537,0.235268335537,0.017821367419,0.258930357977,1.94510880369,10.0,38.0,,13.0,13.0
2025-04-30 08:00:00,,,1.130688488483,1.130688488483,3.07937425375,4.210062742233,0.137150180791,0.137150180791,,,0.585513064195,0.585513064195,0.137150180791,0.145332309966,1.633932736989,7.0,47.0,,19.0,20.0
2025-04-30 12:00:00,,,-6.955519735813,-6.955519735813,15.686887204647,8.731367468834,-0.047801037322,-0.047801037322,,,-0.55190567111,-0.55190567111,-0.047801037322,0.056561085973,2.286458439817,2.0,78.0,,44.0,44.0
2025-04-30 16:00:00,,,-8.158605635166,-8.158605635166,14.295841574669,6.137235939503,-0.051605306664,-0.051605306664,,,-0.809281685548,-0.809281685548,-0.051605306664,0.04012345679,1.665608193269,2.0,61.0,,32.0,32.0
2025-04-30 20:00:00,,,-11.945417523384,-11.945417523384,15.885845780373,3.940428256989,-0.085758637673,-0.085758637673,,,-0.542701307254,-0.542701307254,-0.085758637673,0.107353730542,2.313004182788,2.0,51.0,,24.0,24.0
2025-05-01 00:00:00,0.0,0.0,-6.70854640007,-6.70854640007,8.989151775837,2.280605375767,0.114550077891,0.114550077891,-1.956747254882,-1.956747254882,-0.260228573804,-0.260228573804,0.114550077891,0.0,2.316977812426,0.0,46.0,201.0,24.0,24.0
2025-05-01 04:00:00,,,-1.812005996704,-1.812005996704,5.667829871178,3.855823874474,0.0558842819,0.0558842819,,,0.373205020484,0.373205020484,0.0558842819,0.173611111111,1.70394471706,9.0,42.0,,20.0,20.0
2025-05-01 08:00:00,,,-2.50775551796,-2.50775551796,10.358319342136,7.850563824177,0.032496387427,0.032496387427,,,0.396282753212,0.396282753212,0.032496387427,0.036549707602,1.671682809985,1.0,56.0,,27.0,27.0
2025-05-01 12:00:00,,,-9.631682634354,-9.631682634354,21.943580210209,12.311897575855,-0.12900416218,-0.12900416218,,,-1.706925108217,-1.706925108217,-0.12900416218,0.097729692855,3.010606563631,3.0,124.0,,62.0,62.0
2025-05-01 16:00:00,,,-10.468285501003,-10.468285501003,14.445278227329,3.976992726326,0.009838473805,0.009838473805,,,-1.27648534047,-1.27648534047,0.009838473805,0.021258503401,2.21956621582,1.0,81.0,,44.0,45.0
2025-05-01 20:00:00,,,-1.829316437244,-1.829316437244,9.180732429028,7.351415991783,0.135920665189,0.135920665189,,,0.426095640883,0.426095640883,0.135920665189,0.012550200803,2.041437063415,1.0,55.0,,25.0,26.0
2025-05-02 00:00:00,0.0,0.0,3.721293330193,3.721293330193,4.131803274155,7.853096604347,-0.084785252179,-0.084785252179,0.079474375395,0.079474375395,0.86773653007,0.86773653007,-0.084785252179,0.139542546012,2.319787501789,3.0,45.0,175.0,30.0,30.0
2025-05-02 04:00:00,,,-0.457167744637,-0.457167744637,6.372380554676,5.91521281004,-0.028384274081,-0.028384274081,,,0.533970412906,0.533970412906,-0.028384274081,0.303643071842,1.808329288798,18.0,54.0,,13.0,13.0
2025-05-02 08:00:00,,,0.197255074978,0.197255074978,4.585294306278,4.782549381256,-0.010564561062,-0.010564561062,,,0.634887212602,0.634887212602,-0.010564561062,0.051652892562,1.610891912416,3.0,45.0,,21.0,21.0
2025-05-02 12:00:00,,,-1.583427667618,-1.583427667618,12.729842543602,11.146414875984,-0.008786863191,-0.008786863191,,,0.200127306203,0.200127306203,-0.008786863191,0.14502176786,1.853339829659,6.0,70.0,,43.0,43.0
2025-05-02 16:00:00,,,-7.485115349293,-7.485115349293,19.704772651196,12.219657301903,-0.143826082649,-0.143826082649,,,-0.710341658562,-0.710341658562,-0.143826082649,0.021664165237,2.698493934594,2.0,84.0,,43.0,43.0
2025-05-02 20:00:00,,,-2.691474556923,-2.691474556923,8.080198228359,5.388723671436,0.107222151942,0.107222151942,,,0.504925028965,0.504925028965,0.107222151942,0.027777777778,2.300935970115,1.0,60.0,,27.0,29.0
2025-05-03 00:00:00,0.0,0.0,-4.678856730461,-4.678856730461,7.761317908764,3.082461178303,-0.390074833332,-0.390074833332,-1.042529796248,-1.042529796248,-0.076671709162,-0.076671709162,-0.390074833332,0.148115773116,2.379199480243,2.0,43.0,120.0,22.0,22.0
2025-05-03 04:00:00,,,-0.685810148716,-0.685810148716,3.755930066109,3.070119917393,0.2703433067,0.2703433067,,,0.463856746438,0.463856746438,0.2703433067,0.107171176529,1.364778777879,7.0,33.0,,9.0,9.0
2025-05-03 08:00:00,,,-22.179098367691,-22.179098367691,26.37580627203,4.196707904339,-0.322679190357,-0.322679190357,,,-0.196417216901,-0.196417216901,-0.322679190357,0.0,2.236461882371,0.0,56.0,,15.0,15.0
2025-05-03 12:00:00,,,-0.430811941624,-0.430811941624,6.638397455215,6.207585513592,0.22269196897,0.22269196897,,,0.433560068482,0.433560068482,0.22269196897,0.040849673203,1.657845825799,1.0,45.0,,21.0,21.0
2025-05-03 16:00:00,,,-6.46309876442,-6.46309876442,14.083527565002,7.620428800583,-0.302171986487,-0.302171986487,,,-0.383579710486,-0.383579710486,-0.302171986487,0.025406504065,2.011066580447,1.0,56.0,,33.0,33.0
2025-05-03 20:00:00,,,-1.972120046616,-1.972120046616,6.530404031277,4.558283984661,0.115896982101,0.115896982101,,,0.436939981365,0.436939981365,0.115896982101,0.0,2.148503557636,0.0,42.0,,20.0,20.0
2025-05-04 00:00:00,0.0,0.0,-2.594420731068,-2.594420731068,4.899324417114,2.304903686047,0.196340730834,0.196340730834,-0.227293483211,-0.227293483211,0.337402574018,0.337402574018,0.196340730834,0.0,1.663524977435,0.0,29.0,104.0,12.0,12.0
2025-05-04 04:00:00,,,-0.279672920704,-0.279672920704,3.307716190815,3.028043270111,-0.126258678825,-0.126258678825,,,0.262735901397,0.262735901397,-0.126258678825,0.0,0.910127158289,0.0,14.0,,10.0,10.0
2025-05-04 08:00:00,,,-6.302335441113,-6.302335441113,6.302335441113,0.0,-0.226130024601,-0.226130024601,,,-0.349332516124,-0.349332516124,-0.226130024601,0.089865491651,1.489693774529,2.0,32.0,,21.0,23.0
2025-05-04 12:00:00,,,0.046912908554,0.046912908554,7.170055568218,7.216968476772,0.30599772248,0.30599772248,,,0.356242416001,0.356242416001,0.30599772248,0.198388931336,2.545957243618,5.0,63.0,,30.0,32.0
2025-05-04 16:00:00,,,-4.936380803585,-4.936380803585,11.103792786598,6.167411983013,-0.126062209792,-0.126062209792,,,-0.057225953297,-0.057225953297,-0.126062209792,0.029761904762,1.808819073899,1.0,54.0,,23.0,23.0
2025-05-04 20:00:00,,,-8.701886057854,-8.701886057854,10.991168022156,2.289281964302,-0.143204537791,-0.143204537791,,,-0.046589272294,-0.046589272294,-0.143204537791,0.178571428571,1.903841746022,3.0,36.0,,12.0,12.0
2025-05-05 00:00:00,0.0,0.0,-1.586395978928,-1.586395978928,4.82948577404,3.243089795113,0.125321991519,0.125321991519,-0.834062640926,-0.834062640926,0.353109872536,0.353109872536,0.125321991519,0.040064102564,1.976292981789,1.0,37.0,156.0,18.0,18.0
2025-05-05 04:00:00,,,-1.346421718597,-1.346421718597,6.732076108456,5.385654389858,-0.09629183657,-0.09629183657,,,0.245956809404,0.245956809404,-0.09629183657,0.029761904762,2.006441600452,1.0,37.0,,19.0,19.0
2025-05-05 08:00:00,,,-2.732520341873,-2.732520341873,6.680408775806,3.947888433933,0.114634561467,0.114634561467,,,0.13789862953,0.13789862953,0.114634561467,0.0,1.128890247859,0.0,32.0,,15.0,15.0
2025-05-05 12:00:00,,,-8.414630889893,-8.414630889893,14.894323170185,6.479692280293,-0.042204585079,-0.042204585079,,,-1.120912221218,-1.120912221218,-0.042204585079,0.106733546664,2.092862656344,3.0,76.0,,52.0,53.0
2025-05-05 16:00:00,,,-10.932907938957,-10.932907938957,14.043529033661,3.110621094704,-0.161540481785,-0.161540481785,,,-1.427112996567,-1.427112996567,-0.161540481785,0.019841269841,1.659132916564,1.0,59.0,,35.0,35.0
2025-05-05 20:00:00,,,-0.090163052082,-0.090163052082,8.937049150467,8.846886098385,0.17109663748,0.17109663748,,,0.449700406347,0.449700406347,0.17109663748,0.07276119403,1.985695382761,2.0,51.0,,23.0,24.0
2025-05-06 00:00:00,0.0,0.0,4.369582235813,4.369582235813,5.099806725979,9.469388961792,0.058990038652,0.058990038652,-1.6570206987,-1.6570206987,0.431526172888,0.431526172888,0.058990038652,0.126424501425,2.496941350612,2.0,46.0,176.0,20.0,20.0
2025-05-06 04:00:00,,,-5.131784975529,-5.131784975529,6.75614887476,1.624363899231,0.023967387756,0.023967387756,,,0.064892522599,0.064892522599,0.023967387756,0.132095410628,1.390613064093,2.0,32.0,,12.0,12.0
2025-05-06 08:00:00,,,-8.645144104958,-8.645144104958,13.220122873783,4.574978768826,0.086198805299,0.086198805299,,,-0.254793102798,-0.254793102798,0.086198805299,0.0,1.976529177896,0.0,57.0,,26.0,26.0
2025-05-06 12:00:00,,,-11.129725456238,-11.129725456238,18.662155270576,7.532429814339,-0.225959071193,-0.225959071193,,,-1.604400489078,-1.604400489078,-0.225959071193,0.026041666667,2.137064523,1.0,75.0,,42.0,42.0
2025-05-06 16:00:00,,,-7.472817838192,-7.472817838192,15.035145521164,7.562327682972,-0.044735126051,-0.044735126051,,,-0.832473448468,-0.832473448468,-0.044735126051,0.06268037518,2.133463573737,3.0,80.0,,43.0,43.0
2025-05-06 20:00:00,,,-7.696990311146,-7.696990311146,14.34531724453,6.648326933384,0.056874555465,0.056874555465,,,-0.343506508202,-0.343506508202,0.056874555465,0.087145969499,2.234758392392,2.0,71.0,,33.0,34.0
2025-05-07 00:00:00,0.0,0.0,-6.387430906296,-6.387430906296,14.952045440674,8.564614534378,0.027535416019,0.027535416019,-1.599069072268,-1.599069072268,-0.334889657768,-0.334889657768,0.027535416019,0.0,2.641539968706,0.0,64.0,208.0,36.0,36.0
2025-05-07 04:00:00,,,-0.503552675247,-0.503552675247,6.786204040051,6.282651364803,-0.027213504678,-0.027213504678,,,0.545589433558,0.545589433558,-0.027213504678,0.035310734463,1.547820098241,1.0,45.0,,26.0,26.0
2025-05-07 08:00:00,,,0.113078474998,0.113078474998,6.317238509655,6.430316984653,0.169089216456,0.169089216456,,,0.72562589058,0.72562589058,0.169089216456,0.064795111038,1.687738693152,3.0,66.0,,42.0,45.0
2025-05-07 12:00:00,,,-6.831759870052,-6.831759870052,18.241863012314,11.410103142262,-0.012659410386,-0.012659410386,,,-0.511899011635,-0.511899011635,-0.012659410386,0.019470404984,1.918466360947,1.0,84.0,,39.0,39.0
2025-05-07 16:00:00,,,-12.480385959148,-12.480385959148,16.996108412743,4.515722453594,-0.250626217453,-0.250626217453,,,-1.197182274648,-1.197182274648,-0.250626217453,0.036549707602,2.289883397651,1.0,77.0,,42.0,42.0
2025-05-07 20:00:00,,,-5.158173501492,-5.158173501492,11.783851563931,6.625678062439,0.168850590396,0.168850590396,,,0.384864126969,0.384864126969,0.168850590396,0.0,1.776698161915,0.0,51.0,,25.0,25.0
2025-05-08 00:00:00,0.0,0.0,-10.57700574398,-10.57700574398,14.51901102066,3.94200527668,0.061060164799,0.061060164799,-3.382785826743,-3.382785826743,-0.560797591148,-0.560797591148,0.061060164799,0.058275058275,2.887050636218,2.0,71.0,299.0,39.0,40.0
2025-05-08 04:00:00,,,-3.408928155899,-3.408928155899,12.011714100838,8.602785944939,0.0044621641,0.0044621641,,,0.561590454359,0.561590454359,0.0044621641,0.14298712821,1.929631552981,9.0,63.0,,23.0,23.0
2025-05-08 08:00:00,,,-3.655144035816,-3.655144035816,12.218752861023,8.563608825207,0.149773081156,0.149773081156,,,0.309756665998,0.309756665998,0.149773081156,0.053426676492,1.999038058242,2.0,77.0,,33.0,33.0
2025-05-08 12:00:00,,,-1.926163136959,-1.926163136959,19.743258476257,17.817095339298,-0.132389903237,-0.132389903237,,,0.978980627735,0.978980627735,-0.132389903237,0.165112981177,2.474231357565,9.0,142.0,,74.0,74.0
2025-05-08 16:00:00,,,-11.615303397179,-11.615303397179,24.420130610466,12.804827213287,-0.206361451672,-0.206361451672,,,-1.44065231192,-1.44065231192,-0.206361451672,0.033868676937,2.812960355516,2.0,130.0,,72.0,72.0
2025-05-08 20:00:00,,,-20.178306281567,-20.178306281567,28.881233513355,8.702927231789,-0.080160905508,-0.080160905508,,,-2.202051387448,-2.202051387448,-0.080160905508,0.10010671907,2.755209728987,5.0,132.0,,62.0,62.0
2025-05-09 00:00:00,0.0,0.0,-6.792268276215,-6.792268276215,12.949588656425,6.157320380211,0.147585257964,0.147585257964,0.088748308172,0.088748308172,-0.03586353926,-0.03586353926,0.147585257964,0.040849673203,2.078864777437,1.0,70.0,277.0,35.0,35.0
2025-05-09 04:00:00,,,-6.845243513584,-6.845243513584,17.033662676811,10.188419163227,0.013210587101,0.013210587101,,,-0.104864937458,-0.104864937458,0.013210587101,0.109452366805,2.330419660385,4.0,93.0,,42.0,42.0
2025-05-09 08:00:00,,,6.881710231304,6.881710231304,15.590815067291,22.472525298595,0.223715285059,0.223715285059,,,1.142611121141,1.142611121141,0.223715285059,0.019113149847,2.301299280346,1.0,113.0,,53.0,53.0
2025-05-09 12:00:00,,,-1.63089299202,-1.63089299202,18.206717252731,16.575824260712,0.065161034876,0.065161034876,,,0.439871336439,0.439871336439,0.065161034876,0.081413777891,2.310648829281,4.0,121.0,,70.0,70.0
2025-05-09 16:00:00,,,-1.199629962444,-1.199629962444,17.532245874405,16.332615911961,-0.065332190113,-0.065332190113,,,0.328512228584,0.328512228584,-0.065332190113,0.049570540936,2.643465252824,2.0,113.0,,56.0,56.0
2025-05-09 20:00:00,,,0.496867537498,0.496867537498,8.969847083092,9.46671462059,-0.025316981122,-0.025316981122,,,0.411962735361,0.411962735361,-0.025316981122,0.070356472795,2.020091379082,2.0,60.0,,24.0,25.0
2025-05-10 00:00:00,0.0,0.0,-0.256229698658,-0.256229698658,8.093693256378,7.83746355772,-0.059183339421,-0.059183339421,-1.324889074592,-1.324889074592,0.39634606466,0.39634606466,-0.059183339421,0.037878787879,2.472481317762,1.0,46.0,187.0,22.0,22.0
2025-05-10 04:00:00,,,-1.237340688705,-1.237340688705,7.603462219238,6.366121530533,-0.148187954126,-0.148187954126,,,0.346478443979,0.346478443979,-0.148187954126,0.059523809524,1.458332302703,1.0,34.0,,16.0,18.0
2025-05-10 08:00:00,,,-8.719324529171,-8.719324529171,18.429132938385,9.709808409214,-0.123629128961,-0.123629128961,,,-0.04175342514,-0.04175342514,-0.123629128961,0.032051282051,2.163279262414,1.0,66.0,,31.0,31.0
2025-05-10 12:00:00,,,-4.933094918728,-4.933094918728,13.655888497829,8.722793579102,0.046138116645,0.046138116645,,,0.081228073673,0.081228073673,0.046138116645,0.042317708333,1.692913387473,2.0,65.0,,30.0,30.0
2025-05-10 16:00:00,,,-8.63304823637,-8.63304823637,16.728965997696,8.095917761326,-0.138148782891,-0.138148782891,,,-0.519126953826,-0.519126953826,-0.138148782891,0.029342723005,2.473709774335,1.0,100.0,,51.0,51.0
2025-05-10 20:00:00,,,-18.54192584753,-18.54192584753,25.770763218403,7.228837370872,-0.077848357444,-0.077848357444,,,-1.333089951587,-1.333089951587,-0.077848357444,0.069618490671,2.72481426695,2.0,84.0,,40.0,40.0
2025-05-11 00:00:00,0.0,0.0,4.391936957836,4.391936957836,9.010499715805,13.402436673641,0.41248386529,0.41248386529,0.102275847065,0.102275847065,0.675981853338,0.675981853338,0.41248386529,0.041666666667,3.455386618026,1.0,81.0,215.0,45.0,47.0
2025-05-11 04:00:00,,,-1.664974033833,-1.664974033833,9.598474740982,7.93350070715,-0.152775506891,-0.152775506891,,,0.153984041133,0.153984041133,-0.152775506891,0.0,1.965206372581,0.0,46.0,,29.0,30.0
2025-05-11 08:00:00,,,-5.874123632908,-5.874123632908,9.975295543671,4.101171910763,0.028972914573,0.028972914573,,,0.120242824313,0.120242824313,0.028972914573,0.031094527363,2.165061803622,1.0,48.0,,23.0,23.0
2025-05-11 12:00:00,,,-1.521224915981,-1.521224915981,10.188688218594,8.667463302612,0.068714378562,0.068714378562,,,0.294159697999,0.294159697999,0.068714378562,0.034722222222,2.327944946289,1.0,80.0,,42.0,43.0
2025-05-11 16:00:00,,,-6.451049208641,-6.451049208641,18.774490773678,12.323441565037,0.042647488251,0.042647488251,,,-0.048389397868,-0.048389397868,0.042647488251,0.0,2.813317038974,0.0,90.0,,43.0,43.0
2025-05-11 20:00:00,,,-1.208496689796,-1.208496689796,12.483963429928,11.275466740131,-0.012608217295,-0.012608217295,,,0.158052168442,0.158052168442,-0.012608217295,0.039308176101,2.762293439332,1.0,77.0,,37.0,37.0
2025-05-12 00:00:00,0.0,0.0,1.117630183697,1.117630183697,10.219540894032,11.337171077728,0.090243825372,0.090243825372,-0.443687678647,-0.443687678647,0.287270326928,0.287270326928,0.090243825372,0.0,2.403850081392,0.0,65.0,274.0,28.0,30.0
2025-05-12 04:00:00,,,-2.342494726181,-2.342494726181,9.701631784439,7.359137058258,0.020021528074,0.020021528074,,,0.124261754721,0.124261754721,0.020021528074,0.0,2.002197952254,0.0,58.0,,38.0,40.0
2025-05-12 08:00:00,,,-4.980958640575,-4.980958640575,14.30225610733,9.321297466755,0.003090259283,0.003090259283,,,-0.093200376962,-0.093200376962,0.003090259283,0.063657407407,2.026091716195,2.0,82.0,,45.0,45.0
2025-05-12 12:00:00,,,0.703760027885,0.703760027885,20.23492205143,20.938682079315,-0.069613119699,-0.069613119699,,,0.382235683004,0.382235683004,-0.069613119699,0.048468090516,2.401589143443,2.0,120.0,,78.0,78.0
2025-05-12 16:00:00,,,-6.342250227928,-6.342250227928,20.143316209316,13.801065981388,-0.091840629122,-0.091840629122,,,-0.051022669831,-0.051022669831,-0.091840629122,0.079679829349,2.28358560074,3.0,101.0,,65.0,65.0
2025-05-12 20:00:00,,,-5.152973592281,-5.152973592281,9.095445990562,3.942472398281,0.116826754651,0.116826754651,,,0.145606462028,0.145606462028,0.116826754651,0.021929824561,1.399381456908,1.0,50.0,,26.0,26.0
2025-05-13 00:00:00,0.0,0.0,-4.027514874935,-4.027514874935,11.711938381195,7.68442350626,-0.019358775598,-0.019358775598,-0.045310769955,-0.045310769955,0.180036553266,0.180036553266,-0.019358775598,0.0,1.939963758242,0.0,52.0,234.0,19.0,19.0
2025-05-13 04:00:00,,,-0.673525929451,-0.673525929451,7.881877958775,7.208352029324,0.015493712218,0.015493712218,,,0.191857989736,0.191857989736,0.015493712218,0.066020073691,1.338511964995,3.0,43.0,,18.0,18.0
2025-05-13 08:00:00,,,-7.00502461195,-7.00502461195,16.152959883213,9.147935271263,-0.243840342537,-0.243840342537,,,-0.173074273204,-0.173074273204,-0.243840342537,0.156553005818,1.824366801027,4.0,69.0,,39.0,39.0
2025-05-13 12:00:00,,,-4.856995403767,-4.856995403767,23.033851027489,18.176855623722,0.059983551738,0.059983551738,,,-0.553216588881,-0.553216588881,0.059983551738,0.165773380059,2.65041910976,7.0,123.0,,79.0,79.0
2025-05-13 16:00:00,,,6.688928902149,6.688928902149,10.616541385651,17.3054702878,0.105692504923,0.105692504923,,,1.362602871568,1.362602871568,0.105692504923,0.031307526197,1.960221658356,2.0,87.0,,47.0,47.0
2025-05-13 20:00:00,,,-3.982420921326,-3.982420921326,11.255399823189,7.272978901863,-0.12613698299,-0.12613698299,,,-0.206204415891,-0.206204415891,-0.12613698299,0.068585934634,1.850038778536,3.0,64.0,,36.0,36.0
2025-05-14 00:00:00,0.0,0.0,-0.90534555912,-0.90534555912,6.445418417454,5.540072858334,0.052649266257,0.052649266257,0.102414044278,0.102414044278,0.054448148335,0.054448148335,0.052649266257,0.020627062706,1.69310053499,1.0,44.0,246.0,31.0,31.0
2025-05-14 04:00:00,,,-3.493552863598,-3.493552863598,11.703529238701,8.209976375103,0.024053194185,0.024053194185,,,-0.072679482883,-0.072679482883,0.024053194185,0.071486928105,1.99738734685,2.0,60.0,,31.0,31.0
2025-05-14 08:00:00,,,1.763429880142,1.763429880142,6.499417364597,8.26284724474,0.261521068487,0.261521068487,,,0.366781326588,0.366781326588,0.261521068487,0.0,1.962837749379,0.0,49.0,,30.0,30.0
2025-05-14 12:00:00,,,5.281658530235,5.281658530235,12.48899102211,17.770649552345,-0.031230263733,-0.031230263733,,,0.748182815355,0.748182815355,-0.031230263733,0.128555104972,2.727846021817,6.0,127.0,,74.0,74.0
2025-05-14 16:00:00,,,-2.593332052231,-2.593332052231,14.102305471897,11.508973419666,-0.010192584017,-0.010192584017,,,-0.127394132807,-0.127394132807,-0.010192584017,0.031094527363,2.205486477707,1.0,88.0,,53.0,53.0
2025-05-14 20:00:00,,,-11.110802948475,-11.110802948475,15.646177232265,4.535374283791,-0.030550455729,-0.030550455729,,,-0.544598073555,-0.544598073555,-0.030550455729,0.0,2.059492446786,0.0,56.0,,28.0,28.0
2025-05-15 00:00:00,0.0,0.0,-7.754641711712,-7.754641711712,12.338959634304,4.584317922592,-0.129322863062,-0.129322863062,-1.280486458742,-1.280486458742,-0.462687311595,-0.462687311595,-0.129322863062,0.0,2.24729378207,0.0,48.0,194.0,29.0,29.0
2025-05-15 04:00:00,,,-5.292392849922,-5.292392849922,8.336974799633,3.044581949711,0.07246367439,0.07246367439,,,-0.110137631391,-0.110137631391,0.07246367439,0.081839562675,1.739849593136,2.0,43.0,,26.0,26.0
2025-05-15 08:00:00,,,-3.355336546898,-3.355336546898,12.061540126801,8.706203579903,0.073468471041,0.073468471041,,,-0.042925980895,-0.042925980895,0.073468471041,0.081938556203,1.688808777054,3.0,59.0,,34.0,34.0
2025-05-15 12:00:00,,,-7.677463471889,-7.677463471889,13.677544414997,6.000080943108,-0.08685679624,-0.08685679624,,,-0.706386183552,-0.706386183552,-0.08685679624,0.050985841491,1.879237416848,4.0,75.0,,42.0,42.0
2025-05-15 16:00:00,,,-7.30016541481,-7.30016541481,16.734873056412,9.434707641602,0.027874794016,0.027874794016,,,-0.464339792138,-0.464339792138,0.027874794016,0.121369469774,2.660434970666,3.0,83.0,,49.0,49.0
2025-05-15 20:00:00,,,-8.16369509697,-8.16369509697,11.973656475544,3.809961378574,0.064528682719,0.064528682719,,,-0.038435834729,-0.038435834729,0.064528682719,0.038580246914,2.371582753398,1.0,56.0,,17.0,18.0
2025-05-16 00:00:00,0.0,0.0,-5.487138569355,-5.487138569355,11.774117052555,6.2869784832,0.063907397998,0.063907397998,-0.507924141204,-0.507924141204,-0.124233143429,-0.124233143429,0.063907397998,0.049603174603,3.395459764509,1.0,50.0,174.0,25.0,25.0
2025-05-16 04:00:00,,,-0.952606081963,-0.952606081963,6.498694062233,5.54608798027,0.067656404567,0.067656404567,,,0.392235999558,0.392235999558,0.067656404567,0.0,1.45860465102,0.0,39.0,,23.0,23.0
2025-05-16 08:00:00,,,-5.918404102325,-5.918404102325,11.129150748253,5.210746645927,0.009842870005,0.009842870005,,,0.015660054574,0.015660054574,0.009842870005,0.031094527363,1.868329621635,1.0,59.0,,22.0,22.0
2025-05-16 12:00:00,,,-2.194773375988,-2.194773375988,12.795957922935,10.601184546947,-0.016237625317,-0.016237625317,,,-0.089733358092,-0.089733358092,-0.016237625317,0.0,1.775365556274,0.0,63.0,,31.0,32.0
2025-05-16 16:00:00,,,-4.923976004124,-4.923976004124,16.110238730907,11.186262726784,-0.047614653115,-0.047614653115,,,-0.428601330486,-0.428601330486,-0.047614653115,0.046710365107,2.276498023407,2.0,74.0,,54.0,55.0
2025-05-16 20:00:00,,,-9.379542887211,-9.379542887211,12.4177287817,3.038185894489,0.090258915558,0.090258915558,,,-0.280984274534,-0.280984274534,0.090258915558,0.09765625,1.603805350525,2.0,39.0,,20.0,20.0
2025-05-17 00:00:00,0.0,0.0,-4.33091711998,-4.33091711998,8.009338736534,3.678421616554,0.081081242476,0.081081242476,0.04045284898,0.04045284898,0.240874163113,0.240874163113,0.081081242476,0.0,2.946159202758,0.0,44.0,111.0,23.0,24.0
2025-05-17 04:00:00,,,-5.188018679619,-5.188018679619,7.427974700928,2.239956021309,-0.008573045519,-0.008573045519,,,0.587622653483,0.587622653483,-0.008573045519,0.109649122807,1.201191593539,1.0,22.0,,6.0,6.0
2025-05-17 08:00:00,,,1.438358545303,1.438358545303,5.812680125237,7.25103867054,0.172707584185,0.172707584185,,,0.849104038828,0.849104038828,0.172707584185,0.0,1.643212959882,0.0,34.0,,16.0,16.0
2025-05-17 12:00:00,,,-4.447298943996,-4.447298943996,14.68865609169,10.241357147694,-0.150365222634,-0.150365222634,,,0.061739297624,0.061739297624,-0.150365222634,0.03347163371,2.504083015548,2.0,67.0,,33.0,35.0
2025-05-17 16:00:00,,,-2.798268616199,-2.798268616199,5.102741539478,2.304472923279,0.092093987925,0.092093987925,,,0.428611096391,0.428611096391,0.092093987925,0.018436578171,1.323760087926,1.0,32.0,,19.0,19.0
2025-05-17 20:00:00,,,-12.922450721264,-12.922450721264,16.939514577389,4.017063856125,-0.061259176306,-0.061259176306,,,-0.370157739413,-0.370157739413,-0.061259176306,0.173611111111,2.644416401162,1.0,46.0,,16.0,16.0
2025-05-18 00:00:00,0.0,0.0,-1.424996376038,-1.424996376038,6.173566937447,4.748570561409,0.144054995725,0.144054995725,-0.238275253111,-0.238275253111,0.510895484672,0.510895484672,0.144054995725,0.0,2.41214475958,0.0,44.0,201.0,29.0,29.0
2025-05-18 04:00:00,,,0.357330620289,0.357330620289,3.309183001518,3.666513621807,0.125928185263,0.125928185263,,,0.660415714206,0.660415714206,0.125928185263,0.094696969697,2.466156707169,1.0,41.0,,25.0,25.0
2025-05-18 08:00:00,,,1.266348958015,1.266348958015,4.857179105282,6.123528063297,-0.026646781007,-0.026646781007,,,0.556412451863,0.556412451863,-0.026646781007,0.0,1.66795543695,0.0,44.0,,13.0,13.0
2025-05-18 12:00:00,,,-7.61133736372,-7.61133736372,15.911789894104,8.300452530384,-0.518046218324,-0.518046218324,,,-1.069086485997,-1.069086485997,-0.518046218324,0.049412393162,2.589584727937,2.0,81.0,,34.0,34.0
2025-05-18 16:00:00,,,-4.046903729439,-4.046903729439,16.271975576878,12.225071847439,0.098011406962,0.098011406962,,,-0.780017570845,-0.780017570845,0.098011406962,0.06502615932,3.150789244302,3.0,99.0,,64.0,64.0
2025-05-18 20:00:00,,,-8.89002096653,-8.89002096653,14.414513885975,5.524492919445,-0.112550484472,-0.112550484472,,,-0.566751152317,-0.566751152317,-0.112550484472,0.031565656566,2.613886614803,1.0,71.0,,36.0,36.0
2025-05-19 00:00:00,0.0,0.0,-4.992826938629,-4.992826938629,8.287448883057,3.294621944427,0.168918486108,0.168918486108,-0.516990538593,-0.516990538593,0.026235516119,0.026235516119,0.168918486108,0.082977714557,2.121441903958,2.0,47.0,178.0,25.0,26.0
2025-05-19 04:00:00,,,-3.698761284351,-3.698761284351,9.885641992092,6.186880707741,0.125148214887,0.125148214887,,,0.093717042624,0.093717042624,0.125148214887,0.0,2.085218880408,0.0,46.0,,22.0,22.0
2025-05-19 08:00:00,,,1.060245275497,1.060245275497,8.672303676605,9.732548952103,0.077337561696,0.077337561696,,,0.565464034097,0.565464034097,0.077337561696,0.0,2.502919562063,0.0,44.0,,23.0,23.0
2025-05-19 12:00:00,,,-8.662353634834,-8.662353634834,14.144340276718,5.481986641884,-0.312230981127,-0.312230981127,,,-1.045626230239,-1.045626230239,-0.312230981127,0.10985848302,1.80968069933,5.0,79.0,,39.0,39.0
2025-05-19 16:00:00,,,-6.008346021175,-6.008346021175,14.60488909483,8.596543073654,0.142799150698,0.142799150698,,,-0.679481409683,-0.679481409683,0.142799150698,0.036832142997,1.917095241831,3.0,75.0,,39.0,39.0
2025-05-19 20:00:00,,,-6.070828735828,-6.070828735828,18.969223201275,12.898394465446,0.069577308748,0.069577308748,,,-0.123006558979,-0.123006558979,0.069577308748,0.027777777778,2.019851550639,1.0,59.0,,30.0,30.0
2025-05-20 00:00:00,0.0,0.0,-8.809580743313,-8.809580743313,12.752118825912,3.9425380826,-0.210597134221,-0.210597134221,-1.104328180783,-1.104328180783,-0.573684560788,-0.573684560788,-0.210597134221,0.27275411209,2.521552091302,7.0,61.0,202.0,43.0,43.0
2025-05-20 04:00:00,,,-1.55268996954,-1.55268996954,6.23021697998,4.677527010441,0.254304126724,0.254304126724,,,0.45789226799,0.45789226799,0.254304126724,0.044007694541,1.262622000422,2.0,35.0,,22.0,22.0
2025-05-20 08:00:00,,,2.947044372559,2.947044372559,2.526811361313,5.473855733871,0.345437501727,0.345437501727,,,0.753129117306,0.753129117306,0.345437501727,0.0,0.699657578519,0.0,29.0,,16.0,16.0
2025-05-20 12:00:00,,,-1.619945704937,-1.619945704937,13.93878108263,12.318835377693,-0.260817743444,-0.260817743444,,,0.3176254971,0.3176254971,-0.260817743444,0.065628815629,1.6617510901,3.0,73.0,,37.0,37.0
2025-05-20 16:00:00,,,-12.683820128441,-12.683820128441,17.874184131622,5.190364003181,-0.171978511452,-0.171978511452,,,-1.238817493275,-1.238817493275,-0.171978511452,0.161375881979,2.215791945957,6.0,87.0,,50.0,50.0
2025-05-20 20:00:00,,,-13.450056314468,-13.450056314468,19.615230679512,6.165174365044,0.16201353517,0.16201353517,,,-0.498202487747,-0.498202487747,0.16201353517,0.119206773619,2.115960077295,2.0,71.0,,34.0,34.0
2025-05-21 00:00:00,0.0,0.0,-10.148554265499,-10.148554265499,13.858172774315,3.709618508816,-0.11821355201,-0.11821355201,-3.130306873759,-3.130306873759,-0.006976384446,-0.006976384446,-0.11821355201,0.0,1.999308180461,0.0,51.0,278.0,27.0,27.0
2025-05-21 04:00:00,,,-14.889123678207,-14.889123678207,19.083337903023,4.194214224815,-0.084713365007,-0.084713365007,,,-0.594574795366,-0.594574795366,-0.084713365007,0.111246051308,2.204609949724,3.0,63.0,,31.0,31.0
2025-05-21 08:00:00,,,-7.417934477329,-7.417934477329,14.448480427265,7.030545949936,0.201411151268,0.201411151268,,,-0.018180360404,-0.018180360404,0.201411151268,0.048833097137,2.014197171867,3.0,75.0,,39.0,40.0
2025-05-21 12:00:00,,,-5.717391550541,-5.717391550541,24.020488142967,18.303096592426,-0.107664927573,-0.107664927573,,,-0.335115877117,-0.335115877117,-0.107664927573,0.078651723872,2.241062163727,5.0,132.0,,75.0,75.0
2025-05-21 16:00:00,,,-11.240383148193,-11.240383148193,25.461517453194,14.221134305,-0.077754892292,-0.077754892292,,,-0.818970585656,-0.818970585656,-0.077754892292,0.071488956427,2.590955641616,4.0,125.0,,77.0,77.0
2025-05-21 20:00:00,,,-7.479887485504,-7.479887485504,15.403926789761,7.924039304256,0.172890397556,0.172890397556,,,0.068207839052,0.068207839052,0.172890397556,0.018115942029,1.753225479407,1.0,62.0,,30.0,30.0
2025-05-22 00:00:00,0.0,0.0,-7.327625572681,-7.327625572681,14.343176722527,7.015551149845,-0.064410519394,-0.064410519394,-1.336006135464,-1.336006135464,0.148955480766,0.148955480766,-0.064410519394,0.068115364168,1.846213754216,2.0,68.0,236.0,35.0,36.0
2025-05-22 04:00:00,,,-3.74725151062,-3.74725151062,15.393638491631,11.64638698101,0.213432817741,0.213432817741,,,0.296055502796,0.296055502796,0.213432817741,0.089508979313,2.039656372537,3.0,73.0,,32.0,33.0
2025-05-22 08:00:00,,,2.843789041042,2.843789041042,11.504911780357,14.3487008214,0.116149283935,0.116149283935,,,0.625160092564,0.625160092564,0.116149283935,0.062087206692,1.743112833072,4.0,76.0,,32.0,32.0
2025-05-22 12:00:00,,,-6.268563449383,-6.268563449383,20.794146358967,14.525582909584,-0.198948630057,-0.198948630057,,,-0.121965271399,-0.121965271399,-0.198948630057,0.156818069463,1.875080957964,9.0,106.0,,33.0,33.0
2025-05-22 16:00:00,,,-13.669447600842,-13.669447600842,22.284117460251,8.614669859409,-0.142063616782,-0.142063616782,,,-0.860126916306,-0.860126916306,-0.142063616782,0.116509331984,2.650020144567,5.0,117.0,,60.0,61.0
2025-05-22 20:00:00,,,-10.478678762913,-10.478678762913,20.320226550102,9.841547787189,0.077576152874,0.077576152874,,,-0.312377575313,-0.312377575313,0.077576152874,0.0,2.54919847248,0.0,82.0,,44.0,44.0
2025-05-23 00:00:00,0.0,0.0,-9.288660287857,-9.288660287857,11.018462598324,1.729802310467,-0.031717155425,-0.031717155425,-1.077217297687,-1.077217297687,0.235394070693,0.235394070693,-0.031717155425,0.054824561404,1.55948511237,1.0,46.0,195.0,25.0,25.0
2025-05-23 04:00:00,,,-1.614671528339,-1.614671528339,10.042882084846,8.428210556507,0.216788395089,0.216788395089,,,0.557573783197,0.557573783197,0.216788395089,0.043402777778,2.014715193809,1.0,63.0,,32.0,33.0
2025-05-23 08:00:00,,,-3.684089362621,-3.684089362621,12.997937202454,9.313847839832,-0.002276865603,-0.002276865603,,,0.416424595605,0.416424595605,-0.002276865603,0.069336271094,1.525622372782,3.0,56.0,,24.0,24.0
2025-05-23 12:00:00,,,-18.529798209667,-18.529798209667,26.430152535439,7.900354325771,-0.366427331865,-0.366427331865,,,-0.95128521511,-0.95128521511,-0.366427331865,0.071228938632,2.051725138503,3.0,98.0,,53.0,53.0
2025-05-23 16:00:00,,,-6.094900965691,-6.094900965691,17.11587870121,11.020977735519,0.173257165131,0.173257165131,,,-0.001643050102,-0.001643050102,0.173257165131,0.068217255717,2.435515653155,2.0,89.0,,44.0,44.0
2025-05-23 20:00:00,,,-3.023203849792,-3.023203849792,13.698929667473,10.67572581768,0.142850319859,0.142850319859,,,0.658359334035,0.658359334035,0.142850319859,0.059523809524,1.847370959819,1.0,53.0,,17.0,17.0
2025-05-24 00:00:00,0.0,0.0,-3.952798426151,-3.952798426151,5.462377071381,1.509578645229,-0.08141572452,-0.08141572452,0.238732680767,0.238732680767,0.427934784789,0.427934784789,-0.08141572452,0.0,1.705089629864,0.0,33.0,136.0,19.0,19.0
2025-05-24 04:00:00,,,-6.358516454697,-6.358516454697,11.65409040451,5.295573949814,0.195016569469,0.195016569469,,,0.406877608943,0.406877608943,0.195016569469,0.049603174603,2.751243008844,1.0,51.0,,21.0,21.0
2025-05-24 08:00:00,,,8.267755270004,8.267755270004,5.687605857849,13.955361127853,0.140622057729,0.140622057729,,,1.162415422149,1.162415422149,0.140622057729,0.0,2.009588903249,0.0,47.0,,23.0,23.0
2025-05-24 12:00:00,,,-7.527596473694,-7.527596473694,11.369855105877,3.842258632183,-0.266207690367,-0.266207690367,,,0.229542383233,0.229542383233,-0.266207690367,0.0,1.640916176587,0.0,44.0,,18.0,18.0
2025-05-24 16:00:00,,,-3.406828284264,-3.406828284264,9.104611217976,5.697782933712,-0.021126976853,-0.021126976853,,,0.243518667006,0.243518667006,-0.021126976853,0.041666666667,1.972290346804,1.0,63.0,,39.0,39.0
2025-05-24 20:00:00,,,-9.764676451683,-9.764676451683,12.305666029453,2.54098957777,-0.01339771007,-0.01339771007,,,0.298005036263,0.298005036263,-0.01339771007,0.041666666667,1.639063589697,1.0,39.0,,16.0,16.0
2025-05-25 00:00:00,0.0,0.0,-6.617813766003,-6.617813766003,9.826198041439,3.208384275436,-0.016426925462,-0.016426925462,-0.499087483055,-0.499087483055,0.352025988716,0.352025988716,-0.016426925462,0.034722222222,2.011554155004,1.0,35.0,131.0,10.0,10.0
2025-05-25 04:00:00,,,-5.808804214001,-5.808804214001,9.834995448589,4.026191234589,-0.018536683727,-0.018536683727,,,0.224027786371,0.224027786371,-0.018536683727,0.0,1.417100326885,0.0,32.0,,18.0,18.0
2025-05-25 08:00:00,,,-0.732198774815,-0.732198774815,5.521628439426,4.789429664612,0.132424868566,0.132424868566,,,0.358970247427,0.358970247427,0.132424868566,0.0,1.688048500332,0.0,35.0,,12.0,12.0
2025-05-25 12:00:00,,,-8.941580176353,-8.941580176353,15.010205149651,6.068624973297,-0.087873849105,-0.087873849105,,,-0.196361082094,-0.196361082094,-0.087873849105,0.0,1.778808931517,0.0,57.0,,26.0,26.0
2025-05-25 16:00:00,,,-12.153296113014,-12.153296113014,16.01772993803,3.864433825016,-0.019873173886,-0.019873173886,,,-0.658279416306,-0.658279416306,-0.019873173886,0.0,1.789268248746,0.0,57.0,,31.0,31.0
2025-05-25 20:00:00,,,-11.274085760117,-11.274085760117,15.939056932926,4.66497117281,0.007089551945,0.007089551945,,,-0.647829907602,-0.647829907602,0.007089551945,0.0,2.315609386242,0.0,63.0,,34.0,34.0
2025-05-26 00:00:00,0.0,0.0,-1.975164353848,-1.975164353848,5.363340377808,3.38817602396,0.091691905288,0.091691905288,0.088754156973,0.088754156973,0.465758123155,0.465758123155,0.091691905288,0.011140819964,1.417218653821,1.0,30.0,167.0,17.0,17.0
2025-05-26 04:00:00,,,-2.933573961258,-2.933573961258,8.525052070618,5.59147810936,-0.042218597095,-0.042218597095,,,0.058111480616,0.058111480616,-0.042218597095,0.048048335032,1.84800997192,2.0,50.0,,23.0,23.0
2025-05-26 08:00:00,,,4.811525046825,4.811525046825,6.237875640392,11.049400687218,0.117766435632,0.117766435632,,,0.793448457801,0.793448457801,0.117766435632,0.141268414573,1.536692957642,5.0,55.0,,29.0,29.0
2025-05-26 12:00:00,,,-5.771636486053,-5.771636486053,10.430128395557,4.658491909504,-0.2757486402,-0.2757486402,,,-0.40065493019,-0.40065493019,-0.2757486402,0.190727120372,1.703615194872,6.0,70.0,,34.0,34.0
2025-05-26 16:00:00,,,-13.544735312462,-13.544735312462,19.793407618999,6.248672306538,-0.064090967756,-0.064090967756,,,-1.269370858098,-1.269370858098,-0.064090967756,0.111805869849,2.081609440446,5.0,71.0,,36.0,36.0
2025-05-26 20:00:00,,,-2.846354424953,-2.846354424953,8.913881838322,6.067527413368,0.171730069954,0.171730069954,,,0.06153997884,0.06153997884,0.171730069954,0.043402777778,2.304866119342,1.0,54.0,,29.0,29.0
2025-05-27 00:00:00,0.0,0.0,-5.008258283138,-5.008258283138,6.617332398891,1.609074115753,-0.110255184528,-0.110255184528,-0.035121728164,-0.035121728164,0.098527138687,0.098527138687,-0.110255184528,0.0,1.955196976507,0.0,41.0,172.0,23.0,23.0
2025-05-27 04:00:00,,,-4.842938780785,-4.842938780785,8.953888356686,4.110949575901,0.039010214779,0.039010214779,,,0.183853391122,0.183853391122,0.039010214779,0.13361195542,1.49492979065,3.0,45.0,,20.0,20.0
2025-05-27 08:00:00,,,2.278319954872,2.278319954872,6.476911604404,8.755231559277,0.263574267243,0.263574267243,,,0.650936688413,0.650936688413,0.263574267243,0.083333333333,1.717304420777,2.0,40.0,,20.0,20.0
2025-05-27 12:00:00,,,-4.596389353275,-4.596389353275,18.616817891598,14.020428538322,-0.154324849029,-0.154324849029,,,0.013188464735,0.013188464735,-0.154324849029,0.140705392277,1.982424332035,7.0,90.0,,56.0,56.0
2025-05-27 16:00:00,,,-8.096093654633,-8.096093654633,16.788084506989,8.691990852356,0.004561630504,0.004561630504,,,-0.035042695726,-0.035042695726,0.004561630504,0.053853710416,2.22405353866,4.0,77.0,,31.0,31.0
2025-05-27 20:00:00,,,-4.070628643036,-4.070628643036,12.234273016453,8.163644373417,0.151420281774,0.151420281774,,,0.449977978132,0.449977978132,0.151420281774,0.105502136752,2.066374536325,3.0,51.0,,22.0,22.0
2025-05-28 00:00:00,0.0,0.0,-2.235101401806,-2.235101401806,6.990305006504,4.755203604698,-0.115337428038,-0.115337428038,-0.790977651605,-0.790977651605,0.430184497545,0.430184497545,-0.115337428038,0.115740740741,2.14634559226,2.0,45.0,181.0,16.0,16.0
2025-05-28 04:00:00,,,-4.050785958767,-4.050785958767,7.214707314968,3.163921356201,-0.009492060932,-0.009492060932,,,0.416506878222,0.416506878222,-0.009492060932,0.0,1.721316110987,0.0,41.0,,15.0,15.0
2025-05-28 08:00:00,,,-3.314642608166,-3.314642608166,8.005365610123,4.690723001957,-0.155446384048,-0.155446384048,,,0.283729469278,0.283729469278,-0.155446384048,0.103069046746,1.798778609406,4.0,62.0,,29.0,29.0
2025-05-28 12:00:00,,,-8.346549630165,-8.346549630165,16.090996146202,7.744446516037,-0.082166423896,-0.082166423896,,,-1.32950021536,-1.32950021536,-0.082166423896,0.030193236715,1.981668645556,1.0,84.0,,45.0,45.0
2025-05-28 16:00:00,,,-11.489487826824,-11.489487826824,16.788501143456,5.299013316631,0.038105465848,0.038105465848,,,-0.953306853263,-0.953306853263,0.038105465848,0.015096618357,1.897226433321,1.0,71.0,,39.0,39.0
2025-05-28 20:00:00,,,-9.546693980694,-9.546693980694,14.847146451473,5.300452470779,0.049219066543,0.049219066543,,,-0.928392651059,-0.928392651059,0.049219066543,0.018768768769,1.95467848379,1.0,63.0,,38.0,38.0
2025-05-29 00:00:00,0.0,0.0,-11.177543401718,-11.177543401718,16.865330755711,5.687787353992,0.029210090951,0.029210090951,-0.697359922659,-0.697359922659,-0.672456932191,-0.672456932191,0.029210090951,0.259578330669,2.566632178598,5.0,73.0,182.0,42.0,42.0
2025-05-29 04:00:00,,,4.235846042633,4.235846042633,4.929754734039,9.165600776672,0.373714071262,0.373714071262,,,1.171049948521,1.171049948521,0.373714071262,0.102643525707,1.768582798949,3.0,47.0,,30.0,31.0
2025-05-29 08:00:00,,,-7.701505839825,-7.701505839825,9.958702147007,2.257196307182,-0.291214976901,-0.291214976901,,,0.188552693067,0.188552693067,-0.291214976901,0.061019941836,1.525330790718,2.0,41.0,,13.0,13.0
2025-05-29 12:00:00,,,-5.939928591251,-5.939928591251,12.058182835579,6.118254244328,0.06268799632,0.06268799632,,,-0.1845263012,-0.1845263012,0.06268799632,0.0,2.260753498995,0.0,71.0,,34.0,34.0
2025-05-29 16:00:00,,,-6.523130178452,-6.523130178452,20.686380982399,14.163250803947,-0.069247095181,-0.069247095181,,,-0.514994000996,-0.514994000996,-0.069247095181,0.018115942029,2.288650717834,1.0,88.0,,49.0,49.0
2025-05-29 20:00:00,,,-9.994295299053,-9.994295299053,11.503992795944,1.509697496891,0.049249061486,0.049249061486,,,0.078087886336,0.078087886336,0.049249061486,0.0,1.365155556525,0.0,35.0,,15.0,15.0
2025-05-30 00:00:00,0.0,0.0,-3.597138285637,-3.597138285637,9.151722609997,5.55458432436,0.174959819854,0.174959819854,-0.674567637248,-0.674567637248,0.304760735916,0.304760735916,0.174959819854,0.0,1.86745797608,0.0,42.0,150.0,20.0,20.0
2025-05-30 04:00:00,,,-5.141409218311,-5.141409218311,7.461079359055,2.319670140743,-0.138489918015,-0.138489918015,,,0.199724712955,0.199724712955,-0.138489918015,0.0,1.472291599452,0.0,36.0,,16.0,16.0
2025-05-30 08:00:00,,,-5.311294078827,-5.311294078827,10.680093765259,5.368799686432,0.16684697203,0.16684697203,,,0.120286458395,0.120286458395,0.16684697203,0.09148424327,2.16392229201,3.0,55.0,,27.0,27.0
2025-05-30 12:00:00,,,-9.403338372707,-9.403338372707,15.778458476067,6.375120103359,-0.103409306351,-0.103409306351,,,-0.090081818581,-0.090081818581,-0.103409306351,0.030637254902,2.034435959484,1.0,70.0,,34.0,34.0
2025-05-30 16:00:00,,,-13.336400091648,-13.336400091648,18.154018759727,4.817618668079,-0.115760421312,-0.115760421312,,,-0.44359467342,-0.44359467342,-0.115760421312,0.149160675659,2.691194815042,4.0,80.0,,28.0,28.0
2025-05-30 20:00:00,,,-7.931964755058,-7.931964755058,12.037839710712,4.105874955654,0.122083779517,0.122083779517,,,-0.1607567572,-0.1607567572,0.122083779517,0.0,2.172152459815,0.0,53.0,,25.0,25.0
2025-05-31 00:00:00,0.0,0.0,-6.824565291405,-6.824565291405,10.981985092163,4.157419800758,-0.031418078316,-0.031418078316,0.219700429714,0.219700429714,0.185100710408,0.185100710408,-0.031418078316,0.0,2.244838137177,0.0,48.0,100.0,22.0,22.0
2025-05-31 04:00:00,,,-2.823751330376,-2.823751330376,7.45185315609,4.628101825714,0.241493328334,0.241493328334,,,0.429416366793,0.429416366793,0.241493328334,0.05081300813,1.849033277278,1.0,36.0,,17.0,17.0
2025-05-31 08:00:00,,,-6.372829914093,-6.372829914093,10.22900134325,3.856171429157,-0.18696887016,-0.18696887016,,,0.136291918626,0.136291918626,-0.18696887016,0.0,2.09832677428,0.0,45.0,,22.0,22.0
2025-05-31 12:00:00,,,-6.388679027557,-6.388679027557,10.421755671501,4.033076643944,0.057542296446,0.057542296446,,,0.307519299803,0.307519299803,0.057542296446,0.0,1.451155230912,0.0,42.0,,9.0,9.0
2025-05-31 16:00:00,,,-6.119842469692,-6.119842469692,9.138570785522,3.01872831583,0.039645577955,0.039645577955,,,0.110676503942,0.110676503942,0.039645577955,0.045289855072,1.636448612041,1.0,44.0,,18.0,18.0
2025-05-31 20:00:00,,,-5.696511209011,-5.696511209011,7.187260627747,1.490749418736,-0.084005956469,-0.084005956469,,,0.359671454358,0.359671454358,-0.084005956469,0.029761904762,1.478516710509,1.0,30.0,,14.0,14.0
2025-06-01 00:00:00,0.0,0.0,-4.426160156727,-4.426160156727,7.108595192432,2.682435035706,0.073840014981,0.073840014981,0.543970487444,0.543970487444,0.469383747159,0.469383747159,0.073840014981,0.083333333333,1.85846046929,2.0,28.0,116.0,10.0,10.0
2025-06-01 04:00:00,,,-0.023094952106,-0.023094952106,5.150569319725,5.127474367619,0.146262942198,0.146262942198,,,0.643350951021,0.643350951021,0.146262942198,0.0,1.812803055906,0.0,32.0,,17.0,17.0
2025-06-01 08:00:00,,,0.712341487408,0.712341487408,6.985964894295,7.698306381702,0.21419186763,0.21419186763,,,0.723313889589,0.723313889589,0.21419186763,0.05081300813,1.810756685103,1.0,34.0,,15.0,15.0
2025-06-01 12:00:00,,,1.55259346962,1.55259346962,4.91478151083,6.46737498045,-0.096442377704,-0.096442377704,,,0.895843005194,0.895843005194,-0.096442377704,0.090744101633,1.770130402278,2.0,41.0,,28.0,28.0
2025-06-01 16:00:00,,,-5.212148308754,-5.212148308754,10.840503811836,5.628355503082,-0.127056488839,-0.127056488839,,,0.164539608673,0.164539608673,-0.127056488839,0.053661616162,1.715316907474,2.0,46.0,,17.0,17.0
2025-06-01 20:00:00,,,-11.741146743298,-11.741146743298,15.920431315899,4.179284572601,-0.074448239727,-0.074448239727,,,-1.010006483275,-1.010006483275,-0.074448239727,0.155694587777,2.335051400153,3.0,55.0,,31.0,31.0
2025-06-02 00:00:00,0.0,0.0,-9.725212574005,-9.725212574005,12.729024410248,3.003811836243,-0.019212226124,-0.019212226124,-0.354113240509,-0.354113240509,-0.000674199567,-0.000674199567,-0.019212226124,0.0,1.456590963928,0.0,32.0,175.0,13.0,13.0
2025-06-02 04:00:00,,,-6.010658502579,-6.010658502579,8.364604413509,2.353945910931,0.050488051969,0.050488051969,,,0.061128483758,0.061128483758,0.050488051969,0.048449612403,1.33916039888,1.0,40.0,,19.0,19.0
2025-06-02 08:00:00,,,-0.320193469524,-0.320193469524,8.174269974232,7.854076504707,0.059989396108,0.059989396108,,,0.692159592813,0.692159592813,0.059989396108,0.0,1.411502887172,0.0,50.0,,29.0,29.0
2025-06-02 12:00:00,,,-11.484507322311,-11.484507322311,19.324598550797,7.840091228485,-0.246624175072,-0.246624175072,,,-2.006440620097,-2.006440620097,-0.246624175072,0.065435539226,1.971283475833,3.0,87.0,,53.0,53.0
2025-06-02 16:00:00,,,1.220970571041,1.220970571041,6.362689137459,7.5836597085,0.24728028687,0.24728028687,,,0.796189591851,0.796189591851,0.24728028687,0.016149870801,1.463934989892,1.0,64.0,,44.0,44.0
2025-06-02 20:00:00,,,-4.91821372509,-4.91821372509,12.207227885723,7.289014160633,-0.035890139459,-0.035890139459,,,0.102507537524,0.102507537524,-0.035890139459,0.099262620533,1.411888610947,2.0,49.0,,20.0,20.0
2025-06-03 00:00:00,0.0,0.0,-6.72542154789,-6.72542154789,9.782631456852,3.057209908962,-0.202745958279,-0.202745958279,1.270263128299,1.270263128299,-0.314199441638,-0.314199441638,-0.202745958279,0.045289855072,1.700838088374,1.0,46.0,256.0,26.0,26.0
2025-06-03 04:00:00,,,-0.412065029144,-0.412065029144,4.249712467194,3.837647438049,0.202417438078,0.202417438078,,,0.276841298091,0.276841298091,0.202417438078,0.081699346405,1.247711793114,2.0,29.0,,16.0,16.0
2025-06-03 08:00:00,,,-0.555847883224,-0.555847883224,8.285839676857,7.729991793633,-0.189138723239,-0.189138723239,,,0.197966620355,0.197966620355,-0.189138723239,0.032552083333,1.523630246012,1.0,51.0,,31.0,31.0
2025-06-03 12:00:00,,,12.143495082855,12.143495082855,14.662181854248,26.805676937103,0.320338382091,0.320338382091,,,2.002788225535,2.002788225535,0.320338382091,0.231328889866,2.117342434545,11.0,96.0,,42.0,42.0
2025-06-03 16:00:00,,,-6.414031803608,-6.414031803608,14.395835638046,7.981803834438,-0.250561951124,-0.250561951124,,,-0.665373782429,-0.665373782429,-0.250561951124,0.143389303953,1.890334122608,6.0,73.0,,49.0,49.0
2025-06-03 20:00:00,,,3.719956755638,3.719956755638,23.535847246647,27.255804002285,0.194022192439,0.194022192439,,,0.922665489963,0.922665489963,0.194022192439,0.663961224504,4.761408669758,23.0,131.0,,93.0,93.0
2025-06-04 00:00:00,0.0,0.0,3.249460458755,3.249460458755,8.510445535183,11.759905993938,-0.122012657636,-0.122012657636,0.447594593963,0.447594593963,0.383858526923,0.383858526923,-0.122012657636,0.186842428313,3.488613041552,4.0,70.0,194.0,54.0,54.0
2025-06-04 04:00:00,,,2.826331079006,2.826331079006,3.278382360935,6.104713439941,0.108789895148,0.108789895148,,,0.202269429393,0.202269429393,0.108789895148,0.217733685784,1.231028409223,5.0,36.0,,16.0,16.0
2025-06-04 08:00:00,,,3.559611022472,3.559611022472,7.590413928032,11.150024950504,-0.084701555449,-0.084701555449,,,0.194208150512,0.194208150512,-0.084701555449,0.293494812926,1.836125386028,8.0,55.0,,30.0,30.0
2025-06-04 12:00:00,,,-15.206965267658,-15.206965267658,24.715921282768,9.50895601511,-0.628680877028,-0.628680877028,,,-1.557892231355,-1.557892231355,-0.628680877028,0.051597707848,2.123207255713,2.0,86.0,,44.0,44.0
2025-06-04 16:00:00,,,0.697863996029,0.697863996029,7.332898199558,8.030762195587,0.285263775316,0.285263775316,,,0.113433810251,0.113433810251,0.285263775316,0.033068783069,1.655313444479,2.0,57.0,,39.0,40.0
2025-06-04 20:00:00,,,-7.935194373131,-7.935194373131,13.306981146336,5.371786773205,0.046040221412,0.046040221412,,,-0.30005400129,-0.30005400129,0.046040221412,0.051440329218,2.107161571105,2.0,55.0,,16.0,16.0
2025-06-05 00:00:00,0.0,0.0,-1.613382339478,-1.613382339478,10.316282391548,8.702900052071,0.193027427449,0.193027427449,-0.445402014025,-0.445402014025,0.03752333469,0.03752333469,0.193027427449,0.12724905303,2.55020191306,2.0,56.0,209.0,22.0,22.0
2025-06-05 04:00:00,,,-9.416948199272,-9.416948199272,13.273245275021,3.856297075748,-0.519409467636,-0.519409467636,,,-0.394363896094,-0.394363896094,-0.519409467636,0.0,1.722772171262,0.0,48.0,,29.0,29.0
2025-06-05 08:00:00,,,-2.927753388882,-2.927753388882,12.631938576698,9.704185187817,0.210466840835,0.210466840835,,,-0.369858777554,-0.369858777554,0.210466840835,0.116718644385,2.113568660253,4.0,69.0,,39.0,40.0
2025-06-05 12:00:00,,,-0.101793408394,-0.101793408394,14.185395121574,14.083601713181,-0.035487092561,-0.035487092561,,,0.119253878384,0.119253878384,-0.035487092561,0.097235206438,1.867918567486,5.0,80.0,,49.0,49.0
2025-06-05 16:00:00,,,-9.588694095612,-9.588694095612,17.148796617985,7.560102522373,0.010055262423,0.010055262423,,,-0.363598913187,-0.363598913187,0.010055262423,0.080382182347,1.615881351974,4.0,80.0,,34.0,34.0
2025-06-05 20:00:00,,,-3.545313239098,-3.545313239098,8.439825177193,4.894511938095,0.05462870882,0.05462870882,,,-0.085386346049,-0.085386346049,0.05462870882,0.044326241135,1.555240096577,1.0,64.0,,37.0,38.0
2025-06-06 00:00:00,0.0,0.0,-6.101322829723,-6.101322829723,11.706271767616,5.604948937893,-0.071246510195,-0.071246510195,0.154973673056,0.154973673056,0.021023659535,0.021023659535,-0.071246510195,0.040849673203,1.269896866229,1.0,30.0,169.0,10.0,10.0
2025-06-06 04:00:00,,,2.901583790779,2.901583790779,1.837782263756,4.739366054535,0.149691977686,0.149691977686,,,0.306343456175,0.306343456175,0.149691977686,0.0,1.713422664117,0.0,40.0,,23.0,23.0
2025-06-06 08:00:00,,,-0.37273478508,-0.37273478508,7.467189192772,7.094454407692,-0.046267678057,-0.046267678057,,,0.032430060312,0.032430060312,-0.046267678057,0.0,1.680466153039,0.0,50.0,,30.0,30.0
2025-06-06 12:00:00,,,-11.759478569031,-11.759478569031,20.105724751949,8.346246182919,-0.103089684733,-0.103089684733,,,-1.036211787587,-1.036211787587,-0.103089684733,0.0,2.497086940088,0.0,87.0,,48.0,48.0
2025-06-06 16:00:00,,,-9.458330094814,-9.458330094814,11.137856006622,1.679525911808,0.091557051594,0.091557051594,,,-0.134883248088,-0.134883248088,0.091557051594,0.042177008469,1.791717452364,2.0,55.0,,28.0,28.0
2025-06-06 20:00:00,,,3.743057131767,3.743057131767,11.564720571041,15.307777702808,0.21705161453,0.21705161453,,,0.824388842554,0.824388842554,0.21705161453,0.456062339934,2.559337486644,13.0,58.0,,30.0,30.0
2025-06-07 00:00:00,0.0,0.0,0.871569752693,0.871569752693,4.085644423962,4.957214176655,0.094288871682,0.094288871682,0.919725432432,0.919725432432,0.49897590162,0.49897590162,0.094288871682,0.0,1.921474646847,0.0,29.0,114.0,15.0,15.0
2025-06-07 04:00:00,,,4.312169313431,4.312169313431,3.931882798672,8.244052112103,0.09724278724,0.09724278724,,,0.648778756665,0.648778756665,0.09724278724,0.370688339438,2.465332784579,5.0,36.0,,21.0,21.0
2025-06-07 08:00:00,,,5.153569757938,5.153569757938,3.07256758213,8.226137340069,-0.056896522857,-0.056896522857,,,0.535556626878,0.535556626878,-0.056896522857,0.527172916926,2.045249652026,10.0,39.0,,18.0,18.0
2025-06-07 12:00:00,,,-2.888258099556,-2.888258099556,7.610583841801,4.722325742245,-0.192507639315,-0.192507639315,,,-0.061000268214,-0.061000268214,-0.192507639315,0.016025641026,1.691757486416,1.0,49.0,,26.0,26.0
2025-06-07 16:00:00,,,-8.617179274559,-8.617179274559,13.272064507008,4.654885232449,-0.051064342278,-0.051064342278,,,-0.306668357953,-0.306668357953,-0.051064342278,0.0,2.08100909811,0.0,55.0,,23.0,23.0
2025-06-07 20:00:00,,,-6.060094177723,-6.060094177723,7.510061979294,1.449967801571,0.134982683615,0.134982683615,,,0.035300347998,0.035300347998,0.134982683615,0.09011627907,1.813786258684,2.0,31.0,,11.0,11.0
2025-06-08 00:00:00,0.0,0.0,-3.058170437813,-3.058170437813,4.588026344776,1.529855906963,-0.082648681819,-0.082648681819,0.325870793305,0.325870793305,0.125381800562,0.125381800562,-0.082648681819,0.477430555556,1.825530162205,2.0,21.0,109.0,9.0,9.0
2025-06-08 04:00:00,,,-2.465003550053,-2.465003550053,7.217634797096,4.752631247044,0.118768713109,0.118768713109,,,0.218540468015,0.218540468015,0.118768713109,0.76164874552,3.466601517701,2.0,34.0,,15.0,15.0
2025-06-08 08:00:00,,,0.716419935226,0.716419935226,0.86957347393,1.585993409157,-0.023008077364,-0.023008077364,,,0.170145181817,0.170145181817,-0.023008077364,0.0,1.499313974661,0.0,25.0,,15.0,15.0
2025-06-08 12:00:00,,,-0.169395267963,-0.169395267963,7.486794650555,7.317399382591,-0.308798761162,-0.308798761162,,,0.131759050549,0.131759050549,-0.308798761162,0.0,1.666880725073,0.0,46.0,,19.0,19.0
2025-06-08 16:00:00,,,-10.223706543446,-10.223706543446,19.235607922077,9.011901378632,-0.045179135542,-0.045179135542,,,-0.825633226569,-0.825633226569,-0.045179135542,0.131052230271,2.709580163276,3.0,69.0,,34.0,34.0
2025-06-08 20:00:00,,,-11.297914326191,-11.297914326191,14.510690808296,3.212776482105,0.047936104198,0.047936104198,,,-0.390535009099,-0.390535009099,0.047936104198,0.034722222222,1.890114938327,1.0,42.0,,18.0,18.0
2025-06-09 00:00:00,0.0,0.0,-3.454200983047,-3.454200983047,6.494872272015,3.040671288967,0.169645690959,0.169645690959,-0.367995239862,-0.367995239862,-0.054751063072,-0.054751063072,0.169645690959,0.0,1.664836937405,0.0,35.0,182.0,20.0,20.0
2025-06-09 04:00:00,,,-4.846694171429,-4.846694171429,7.258646547794,2.411952376366,-0.126620531556,-0.126620531556,,,-0.311026042914,-0.311026042914,-0.126620531556,0.056691965939,1.659944748669,2.0,38.0,,25.0,25.0
2025-06-09 08:00:00,,,-3.832316577435,-3.832316577435,7.165022432804,3.33270585537,0.01883909072,0.01883909072,,,-0.435532818265,-0.435532818265,0.01883909072,0.081200696271,1.263380176359,3.0,47.0,,29.0,29.0
2025-06-09 12:00:00,,,-3.064516186714,-3.064516186714,14.835710167885,11.771193981171,-0.029370792394,-0.029370792394,,,-0.367785574498,-0.367785574498,-0.029370792394,0.119183400433,1.854731744554,5.0,76.0,,38.0,38.0
2025-06-09 16:00:00,,,-1.594174087048,-1.594174087048,11.351482093334,9.757308006287,0.165147313082,0.165147313082,,,0.140539341323,0.140539341323,0.165147313082,0.220202884553,1.717394995253,7.0,64.0,,36.0,36.0
2025-06-09 20:00:00,,,-12.363673508167,-12.363673508167,21.145584523678,8.781911015511,-0.262039397053,-0.262039397053,,,-1.467276431776,-1.467276431776,-0.262039397053,0.059501849424,2.024710622587,3.0,79.0,,38.0,38.0
2025-06-10 00:00:00,0.0,0.0,-4.947358012199,-4.947358012199,9.61535012722,4.667992115021,0.18255490731,0.18255490731,-0.114014570212,-0.114014570212,0.067820034169,0.067820034169,0.18255490731,0.051792193782,1.845408684142,2.0,43.0,144.0,22.0,22.0
2025-06-10 04:00:00,,,-1.289362728596,-1.289362728596,6.721904933453,5.432542204857,0.057806760557,0.057806760557,,,0.435428426213,0.435428426213,0.057806760557,0.15385170168,1.779335706771,3.0,38.0,,17.0,17.0
2025-06-10 08:00:00,,,-10.165931165218,-10.165931165218,12.727415502071,2.561484336853,-0.387316553829,-0.387316553829,,,-1.475097811364,-1.475097811364,-0.387316553829,0.026041666667,1.696335988135,1.0,57.0,,38.0,38.0
2025-06-10 12:00:00,,,-3.474602401257,-3.474602401257,9.804210424423,6.329608023167,0.163614707563,0.163614707563,,,0.185902059489,0.185902059489,0.163614707563,0.124699471615,1.379391572714,5.0,57.0,,32.0,32.0
2025-06-10 16:00:00,,,-11.708311796188,-11.708311796188,16.401676118374,4.693364322186,-0.098338355783,-0.098338355783,,,-0.393018508964,-0.393018508964,-0.098338355783,0.07766851773,1.462581200133,3.0,52.0,,23.0,23.0
2025-06-10 20:00:00,,,0.777450978756,0.777450978756,6.454894423485,7.232345402241,0.284720828739,0.284720828739,,,0.709047311368,0.709047311368,0.284720828739,0.067204301075,1.6280671219,1.0,43.0,,16.0,16.0
2025-06-11 00:00:00,0.0,0.0,-3.212768495083,-3.212768495083,5.636186897755,2.423418402672,-0.11336834329,-0.11336834329,0.23437788769,0.23437788769,0.631307879517,0.631307879517,-0.11336834329,0.103791516607,1.310353701177,2.0,24.0,149.0,8.0,8.0
2025-06-11 04:00:00,,,-3.033917307854,-3.033917307854,9.278066515923,6.244149208069,0.047917229375,0.047917229375,,,0.518168215935,0.518168215935,0.047917229375,0.229632990522,1.716664327003,3.0,36.0,,17.0,18.0
2025-06-11 08:00:00,,,4.329742729664,4.329742729664,4.624048173428,8.953790903091,0.10611542408,0.10611542408,,,1.038666683453,1.038666683453,0.10611542408,0.205008314333,1.653727536982,7.0,50.0,,25.0,25.0
2025-06-11 12:00:00,,,-6.813620984554,-6.813620984554,16.437912762165,9.624291777611,-0.273640109125,-0.273640109125,,,-0.812185894349,-0.812185894349,-0.273640109125,0.054894304792,1.845621909667,4.0,87.0,,55.0,55.0
2025-06-11 16:00:00,,,-5.089871883392,-5.089871883392,12.894701957703,7.80483007431,0.107866088187,0.107866088187,,,-0.516400336783,-0.516400336783,0.107866088187,0.074301418974,1.496344941127,3.0,58.0,,34.0,34.0
2025-06-11 20:00:00,,,-7.935517430305,-7.935517430305,14.376626431942,6.441109001637,-0.140387909911,-0.140387909911,,,0.206856352881,0.206856352881,-0.140387909911,0.0,1.422599135537,0.0,45.0,,10.0,10.0
2025-06-12 00:00:00,0.0,0.0,1.992805540562,1.992805540562,1.465510845184,3.458316385746,0.184745765432,0.184745765432,0.343758244217,0.343758244217,0.563309493741,0.563309493741,0.184745765432,0.0,1.060547974777,0.0,23.0,127.0,9.0,9.0
2025-06-12 04:00:00,,,-5.866389334202,-5.866389334202,8.854247748852,2.98785841465,-0.053486378817,-0.053486378817,,,0.207933466579,0.207933466579,-0.053486378817,0.10162601626,1.279600165441,2.0,35.0,,14.0,14.0
2025-06-12 08:00:00,,,-4.224963009357,-4.224963009357,9.751258254051,5.526295244694,-0.052004002473,-0.052004002473,,,0.051743600933,0.051743600933,-0.052004002473,0.021043771044,1.389843539188,1.0,45.0,,24.0,24.0
2025-06-12 12:00:00,,,-6.510441601276,-6.510441601276,11.635792553425,5.125350952148,-0.099339607052,-0.099339607052,,,-0.012500505805,-0.012500505805,-0.099339607052,0.088667539073,1.403251478543,3.0,61.0,,31.0,31.0
2025-06-12 16:00:00,,,-3.295065402985,-3.295065402985,8.962611079216,5.667545676231,0.091969137878,0.091969137878,,,0.101410582712,0.101410582712,0.091969137878,0.063803299097,1.151407191594,3.0,50.0,,23.0,23.0
2025-06-12 20:00:00,,,-4.622763335705,-4.622763335705,11.554526567459,6.931763231754,-0.036039309282,-0.036039309282,,,-0.303934309499,-0.303934309499,-0.036039309282,0.0,1.709707033972,0.0,57.0,,26.0,26.0
2025-06-13 00:00:00,0.0,0.0,-8.54666364193,-8.54666364193,10.954415798187,2.407752156258,-0.049184832497,-0.049184832497,-0.201264990401,-0.201264990401,-0.221393519462,-0.221393519462,-0.049184832497,0.0,1.524400070303,0.0,37.0,128.0,21.0,21.0
2025-06-13 04:00:00,,,-7.700631380081,-7.700631380081,10.758248984814,3.057617604733,-0.061716281274,-0.061716281274,,,-0.242236303873,-0.242236303873,-0.061716281274,0.1875,1.924808533086,2.0,41.0,,21.0,21.0
2025-06-13 08:00:00,,,-2.953086555004,-2.953086555004,7.70721322298,4.754126667976,0.068444688179,0.068444688179,,,0.195904641143,0.195904641143,0.068444688179,0.0,1.367107386951,0.0,41.0,,25.0,25.0
2025-06-13 12:00:00,,,-4.463289856911,-4.463289856911,10.673520565033,6.210230708122,-0.029788399937,-0.029788399937,,,0.020812469269,0.020812469269,-0.029788399937,0.038940809969,1.28254346912,2.0,50.0,,28.0,28.0
2025-06-13 16:00:00,,,-8.609557747841,-8.609557747841,11.856271982193,3.246714234352,0.028082579611,0.028082579611,,,-0.333775544647,-0.333775544647,0.028082579611,0.024509803922,1.355193506378,1.0,42.0,,24.0,24.0
2025-06-13 20:00:00,,,-4.405800700188,-4.405800700188,7.580597758293,3.174797058105,0.057479736057,0.057479736057,,,0.341009905167,0.341009905167,0.057479736057,0.0,0.965992589702,0.0,23.0,,10.0,10.0
2025-06-14 00:00:00,0.0,0.0,-4.309671342373,-4.309671342373,5.093488693237,0.783817350864,0.090815264668,0.090815264668,1.194813467737,1.194813467737,0.382350185224,0.382350185224,0.090815264668,0.164930555556,1.369674956978,3.0,21.0,82.0,8.0,8.0
2025-06-14 04:00:00,,,-0.89450609684,-0.89450609684,3.896114826202,3.001608729362,0.058459218461,0.058459218461,,,0.511159814484,0.511159814484,0.058459218461,0.0,1.286446969983,0.0,28.0,,16.0,16.0
2025-06-14 08:00:00,,,0.442689359188,0.442689359188,4.404439210892,4.84712857008,-0.034323492434,-0.034323492434,,,0.707125440385,0.707125440385,-0.034323492434,0.0,1.285979004999,0.0,29.0,,16.0,17.0
2025-06-14 12:00:00,,,7.760041415691,7.760041415691,6.725095033646,14.485136449337,0.107007261365,0.107007261365,,,1.042257163563,1.042257163563,0.107007261365,0.216139895442,1.805054978641,7.0,49.0,,19.0,19.0
2025-06-14 16:00:00,,,-1.595436453819,-1.595436453819,8.540401160717,6.944964706898,-0.036758295544,-0.036758295544,,,0.180353863892,0.180353863892,-0.036758295544,0.0,1.378682764927,0.0,38.0,,15.0,15.0
2025-06-14 20:00:00,,,-1.01873344183,-1.01873344183,4.132107257843,3.113373816013,-0.241386029185,-0.241386029185,,,0.28658004101,0.28658004101,-0.241386029185,0.346880131363,1.274828130387,5.0,24.0,,9.0,9.0
2025-06-15 00:00:00,0.0,0.0,-0.692255616188,-0.692255616188,4.728309988976,4.036054372787,0.073294825243,0.073294825243,0.277785615941,0.277785615941,0.293304289083,0.293304289083,0.073294825243,0.0,1.742748691703,0.0,22.0,151.0,8.0,8.0
2025-06-15 04:00:00,,,-1.50772112608,-1.50772112608,5.368250250816,3.860529124737,-0.102308905288,-0.102308905288,,,0.09925080843,0.09925080843,-0.102308905288,0.216993151776,2.658905572774,3.0,46.0,,29.0,30.0
2025-06-15 08:00:00,,,-4.677132308483,-4.677132308483,9.305198669434,4.62806636095,0.092053923789,0.092053923789,,,-0.289961214273,-0.289961214273,0.092053923789,0.0,2.123961756911,0.0,43.0,,28.0,28.0
2025-06-15 12:00:00,,,2.208664953709,2.208664953709,8.048455119133,10.257120072842,0.241703478388,0.241703478388,,,0.800365295253,0.800365295253,0.241703478388,0.025720164609,1.679414470518,1.0,48.0,,30.0,30.0
2025-06-15 16:00:00,,,-6.373567342758,-6.373567342758,10.311663687229,3.938096344471,-0.161361246964,-0.161361246964,,,-0.945870381092,-0.945870381092,-0.161361246964,0.031565656566,1.768659393747,1.0,56.0,,30.0,31.0
2025-06-15 20:00:00,,,-9.237832605839,-9.237832605839,13.301232159138,4.063399553299,-0.168847644649,-0.168847644649,,,-0.64439826566,-0.64439826566,-0.168847644649,0.0,2.356680900376,0.0,58.0,,25.0,25.0
2025-06-16 00:00:00,0.0,0.0,-5.276195704937,-5.276195704937,8.254199743271,2.978004038334,0.240408434009,0.240408434009,-1.011698973045,-1.011698973045,0.267934039572,0.267934039572,0.240408434009,0.036549707602,2.141103757588,1.0,35.0,217.0,13.0,13.0
2025-06-16 04:00:00,,,1.43434637785,1.43434637785,5.489832937717,6.924179315567,0.023626792445,0.023626792445,,,0.652464380608,0.652464380608,0.023626792445,0.108333756388,1.965046156682,3.0,41.0,,28.0,28.0
2025-06-16 08:00:00,,,-6.545311868191,-6.545311868191,13.655251145363,7.109939277172,-0.22412630774,-0.22412630774,,,-0.913866975994,-0.913866975994,-0.22412630774,0.028538812785,2.090748800988,1.0,68.0,,39.0,39.0
2025-06-16 12:00:00,,,-13.11513876915,-13.11513876915,20.44564896822,7.33051019907,-0.040788517595,-0.040788517595,,,-2.524089554817,-2.524089554817,-0.040788517595,0.04628185313,2.201893904965,3.0,96.0,,61.0,61.0
2025-06-16 16:00:00,,,-11.798118412495,-11.798118412495,16.600566506386,4.802448093891,-0.065799212125,-0.065799212125,,,-1.152607552399,-1.152607552399,-0.065799212125,0.150122781702,1.805064550841,7.0,61.0,,36.0,36.0
2025-06-16 20:00:00,,,0.938449919224,0.938449919224,12.63740259409,13.575852513313,0.213365022749,0.213365022749,,,1.177846901059,1.177846901059,0.213365022749,0.257957460957,2.345796148561,7.0,66.0,,41.0,42.0
2025-06-17 00:00:00,0.0,0.0,-7.205731928349,-7.205731928349,11.195648133755,3.989916205406,-0.054502788028,-0.054502788028,-0.161221140455,-0.161221140455,-0.082586006111,-0.082586006111,-0.054502788028,0.184447496947,1.966060885726,3.0,42.0,167.0,17.0,17.0
2025-06-17 04:00:00,,,-10.189305961132,-10.189305961132,12.441210627556,2.251904666424,-0.191129049581,-0.191129049581,,,-0.539648535978,-0.539648535978,-0.191129049581,0.0,1.635426666022,0.0,42.0,,29.0,29.0
2025-06-17 08:00:00,,,3.499580681324,3.499580681324,7.196333348751,10.695914030075,0.304220054089,0.304220054089,,,0.6354672217,0.6354672217,0.304220054089,0.325565422852,1.806704610826,10.0,57.0,,26.0,26.0
2025-06-17 12:00:00,,,-5.51998347044,-5.51998347044,11.745462834835,6.225479364395,-0.21344734542,-0.21344734542,,,-0.05488328462,-0.05488328462,-0.21344734542,0.049603174603,1.649834748433,1.0,65.0,,35.0,35.0
2025-06-17 16:00:00,,,-8.515572965145,-8.515572965145,19.085171222687,10.569598257542,-0.034979846166,-0.034979846166,,,-0.55338024059,-0.55338024059,-0.034979846166,0.088107638889,1.9688185018,3.0,70.0,,35.0,35.0
2025-06-17 20:00:00,,,-0.290572345257,-0.290572345257,6.455300271511,6.164727926254,0.06775674417,0.06775674417,,,0.323473019411,0.323473019411,0.06775674417,0.03591954023,1.576081754587,1.0,46.0,,27.0,27.0
2025-06-18 00:00:00,0.0,0.0,-4.40632879734,-4.40632879734,7.483250617981,3.076921820641,-0.269149693198,-0.269149693198,0.517788356121,0.517788356121,0.232452398517,0.232452398517,-0.269149693198,0.0,1.6103338307,0.0,31.0,148.0,9.0,9.0
2025-06-18 04:00:00,,,-2.766943216324,-2.766943216324,5.935705900192,3.168762683868,0.00139742815,0.00139742815,,,0.057377907351,0.057377907351,0.00139742815,0.103021978022,2.102745176533,2.0,49.0,,31.0,31.0
2025-06-18 08:00:00,,,0.27812898159,0.27812898159,3.037363052368,3.315492033958,0.092415277542,0.092415277542,,,0.36173580222,0.36173580222,0.092415277542,0.0,1.087198802074,0.0,35.0,,21.0,21.0
2025-06-18 12:00:00,,,-5.745541930199,-5.745541930199,11.236456513405,5.490914583206,-0.202347470129,-0.202347470129,,,-0.300823197704,-0.300823197704,-0.202347470129,0.022163120567,1.436184684167,1.0,58.0,,38.0,38.0
2025-06-18 16:00:00,,,-2.584288775921,-2.584288775921,11.597387373447,9.013098597527,0.037461665875,0.037461665875,,,-0.046262697628,-0.046262697628,0.037461665875,0.0,1.808046374017,0.0,62.0,,30.0,30.0
2025-06-18 20:00:00,,,-1.871235609055,-1.871235609055,8.155270636082,6.284035027027,-0.045153463115,-0.045153463115,,,0.226727973905,0.226727973905,-0.045153463115,0.0,1.961204273931,0.0,45.0,,20.0,20.0
2025-06-19 00:00:00,0.0,0.0,-6.497608780861,-6.497608780861,7.318912982941,0.82130420208,0.076969414428,0.076969414428,0.552826401139,0.552826401139,0.253174350804,0.253174350804,0.076969414428,0.25,1.276465100396,3.0,31.0,87.0,11.0,11.0
2025-06-19 04:00:00,,,-2.937269151211,-2.937269151211,6.805836081505,3.868566930294,0.208052742226,0.208052742226,,,0.198897103016,0.198897103016,0.208052742226,0.0,1.169101438799,0.0,30.0,,15.0,15.0
2025-06-19 08:00:00,,,-3.362212002277,-3.362212002277,4.210265696049,0.848053693771,-0.063710545805,-0.063710545805,,,0.280269572434,0.280269572434,-0.063710545805,0.013796909492,0.828552458019,1.0,24.0,,7.0,7.0
2025-06-19 12:00:00,,,-5.369343101978,-5.369343101978,9.20491451025,3.835571408272,-0.091346322297,-0.091346322297,,,-0.198246029033,-0.198246029033,-0.091346322297,0.019470404984,1.163019311045,1.0,42.0,,27.0,27.0
2025-06-19 16:00:00,,,-3.639672935009,-3.639672935009,6.796578943729,3.15690600872,-0.070982016393,-0.070982016393,,,0.071635014909,0.071635014909,-0.070982016393,0.023148148148,1.179174093621,1.0,40.0,,18.0,18.0
2025-06-19 20:00:00,,,-6.789089739323,-6.789089739323,10.780620217323,3.991530478001,0.023853892439,0.023853892439,,,0.245556582989,0.245556582989,0.023853892439,0.116251062835,1.478778723907,3.0,36.0,,9.0,9.0
2025-06-20 00:00:00,0.0,0.0,-5.8962495327,-5.8962495327,5.8962495327,0.0,0.088030569732,0.088030569732,0.067779005159,0.067779005159,0.124230414041,0.124230414041,0.088030569732,0.0,1.078532301892,0.0,23.0,107.0,9.0,9.0
2025-06-20 04:00:00,,,-3.933478176594,-3.933478176594,6.424951136112,2.491472959518,0.136128555447,0.136128555447,,,0.312841260755,0.312841260755,0.136128555447,0.034153005464,1.009601150057,1.0,22.0,,10.0,10.0
2025-06-20 08:00:00,,,-7.124234557152,-7.124234557152,12.429004490376,5.304769933224,-0.20025759254,-0.20025759254,,,-0.751616378361,-0.751616378361,-0.20025759254,0.0,1.89193846353,0.0,57.0,,27.0,27.0
2025-06-20 12:00:00,,,-8.737548351288,-8.737548351288,14.29127907753,5.553730726242,0.003015987,0.003015987,,,-1.231234744112,-1.231234744112,0.003015987,0.020627062706,1.633425704135,1.0,57.0,,29.0,29.0
2025-06-20 16:00:00,,,-6.224159657955,-6.224159657955,14.721918046474,8.497758388519,0.034980613984,0.034980613984,,,-0.318383461818,-0.318383461818,0.034980613984,0.0,1.592056539288,0.0,59.0,,21.0,21.0
2025-06-20 20:00:00,,,-6.712673485279,-6.712673485279,10.622284710407,3.909611225128,0.03368024567,0.03368024567,,,0.180730234016,0.180730234016,0.03368024567,0.0,1.639067596037,0.0,38.0,,11.0,11.0
2025-06-21 00:00:00,0.0,0.0,-7.338896453381,-7.338896453381,7.338896453381,0.0,0.084853765877,0.084853765877,0.362193410081,0.362193410081,0.396050784419,0.396050784419,0.084853765877,0.398733211233,1.749292781983,6.0,29.0,77.0,5.0,5.0
2025-06-21 04:00:00,,,-3.307614386082,-3.307614386082,6.504465579987,3.196851193905,0.028770718012,0.028770718012,,,0.269787995301,0.269787995301,0.028770718012,0.0,1.407120408005,0.0,26.0,,10.0,10.0
2025-06-21 08:00:00,,,-6.220908999443,-6.220908999443,7.833356976509,1.612447977066,-0.118995444647,-0.118995444647,,,0.213438410104,0.213438410104,-0.118995444647,0.241693899782,0.913754570114,4.0,24.0,,7.0,7.0
2025-06-21 12:00:00,,,-8.21454179287,-8.21454179287,10.629550755024,2.415008962154,-0.069054860027,-0.069054860027,,,-0.648982045015,-0.648982045015,-0.069054860027,0.175177741318,1.510729588234,4.0,42.0,,20.0,20.0
2025-06-21 16:00:00,,,-6.809382975101,-6.809382975101,11.612350523472,4.80296754837,-0.077518455289,-0.077518455289,,,-0.398985828164,-0.398985828164,-0.077518455289,0.067221510883,1.914638395781,2.0,57.0,,24.0,24.0
2025-06-21 20:00:00,,,-10.045957744122,-10.045957744122,12.501101493835,2.455143749714,0.037357690408,0.037357690408,,,-0.120901733729,-0.120901733729,0.037357690408,0.102459016393,1.357679913166,3.0,38.0,,12.0,12.0
2025-06-22 00:00:00,0.0,0.0,-9.407213568687,-9.407213568687,9.407213568687,0.0,0.017673917114,0.017673917114,0.158402308792,0.158402308792,-0.413717339545,-0.413717339545,0.017673917114,0.288318452381,1.415570064573,4.0,30.0,100.0,18.0,18.0
2025-06-22 04:00:00,,,-3.004575908184,-3.004575908184,5.370242536068,2.365666627884,0.104339746085,0.104339746085,,,0.551560859435,0.551560859435,0.104339746085,0.201612903226,1.338716904543,3.0,22.0,,9.0,9.0
2025-06-22 08:00:00,,,-4.370190620422,-4.370190620422,5.821616292,1.451425671577,0.094707499277,0.094707499277,,,0.339247064668,0.339247064668,0.094707499277,0.0,1.330429847455,0.0,33.0,,14.0,14.0
2025-06-22 12:00:00,,,-7.947339296341,-7.947339296341,12.621025085449,4.673685789108,-0.011789142496,-0.011789142496,,,-0.955556151952,-0.955556151952,-0.011789142496,0.203498628421,1.411410418118,6.0,51.0,,29.0,29.0
2025-06-22 16:00:00,,,-7.770161449909,-7.770161449909,12.414893507957,4.644732058048,-0.000633842601,-0.000633842601,,,0.232095254205,0.232095254205,-0.000633842601,0.090035529716,1.376047119953,4.0,54.0,,19.0,19.0
2025-06-22 20:00:00,,,-6.634712636471,-6.634712636471,12.354898750782,5.720186114311,0.111351669668,0.111351669668,,,0.59382344604,0.59382344604,0.111351669668,0.188983488132,1.331396283927,4.0,39.0,,11.0,11.0
2025-06-23 00:00:00,0.0,0.0,2.256571114063,2.256571114063,5.031804561615,7.288375675678,-0.065750333337,-0.065750333337,0.374791283438,0.374791283438,0.655315677782,0.655315677782,-0.065750333337,0.094696969697,1.51826485587,1.0,28.0,144.0,11.0,11.0
2025-06-23 04:00:00,,,-2.494678497314,-2.494678497314,4.047173917294,1.552495419979,0.138163030969,0.138163030969,,,0.538816813416,0.538816813416,0.138163030969,0.115740740741,1.011235025545,3.0,25.0,,9.0,9.0
2025-06-23 08:00:00,,,4.389659881592,4.389659881592,5.326725363731,9.716385245323,0.080514714426,0.080514714426,,,0.588729141052,0.588729141052,0.080514714426,0.155704173561,1.398802727081,4.0,45.0,,14.0,14.0
2025-06-23 12:00:00,,,-2.277743399143,-2.277743399143,7.956591248512,5.678847849369,-0.081987057753,-0.081987057753,,,-0.059696250588,-0.059696250588,-0.081987057753,0.0,1.47597556324,0.0,57.0,,28.0,28.0
2025-06-23 16:00:00,,,-15.088496148586,-15.088496148586,19.819718658924,4.731222510338,-0.198696810306,-0.198696810306,,,-1.924518350802,-1.924518350802,-0.198696810306,0.029761904762,2.224840536513,1.0,71.0,,44.0,44.0
2025-06-23 20:00:00,,,-10.39846932888,-10.39846932888,16.718289792538,6.319820463657,0.019683024638,0.019683024638,,,-0.705791537183,-0.705791537183,0.019683024638,0.128710943582,2.572864385019,4.0,69.0,,38.0,38.0
2025-06-24 00:00:00,0.0,0.0,-3.218014478683,-3.218014478683,8.025372266769,4.807357788086,0.055467745727,0.055467745727,1.001237203787,1.001237203787,0.321985621611,0.321985621611,0.055467745727,0.0,1.820959834828,0.0,35.0,145.0,16.0,16.0
2025-06-24 04:00:00,,,0.322831451893,0.322831451893,7.322893857956,7.645725309849,0.116164842078,0.116164842078,,,0.467086988108,0.467086988108,0.116164842078,0.126998973005,1.942779858293,4.0,43.0,,26.0,26.0
2025-06-24 08:00:00,,,-1.714453995228,-1.714453995228,5.721539914608,4.00708591938,0.074296875037,0.074296875037,,,0.259513196182,0.259513196182,0.074296875037,0.029342723005,1.199317931554,1.0,38.0,,20.0,20.0
2025-06-24 12:00:00,,,-1.84138327837,-1.84138327837,14.408865988255,12.567482709885,-0.165624638394,-0.165624638394,,,0.048794306608,0.048794306608,-0.165624638394,0.156827537654,1.669954383694,6.0,67.0,,34.0,34.0
2025-06-24 16:00:00,,,0.738497853279,0.738497853279,8.928704380989,9.667202234268,0.063097283167,0.063097283167,,,0.456421277132,0.456421277132,0.063097283167,0.075351474876,2.316986560119,3.0,64.0,,36.0,36.0
2025-06-24 20:00:00,,,-4.992470860481,-4.992470860481,7.512988567352,2.520517706871,-0.135894101106,-0.135894101106,,,0.07937431307,0.07937431307,-0.135894101106,0.032552083333,1.270409559766,1.0,27.0,,15.0,15.0
2025-06-25 00:00:00,0.0,0.0,-2.625713050365,-2.625713050365,9.857312619686,7.231599569321,0.057765896379,0.057765896379,0.735058631545,0.735058631545,0.1240431015,0.1240431015,0.057765896379,0.056306306306,1.63279319545,1.0,30.0,135.0,19.0,19.0
2025-06-25 04:00:00,,,-2.609121024609,-2.609121024609,5.994797229767,3.385676205158,0.066007296741,0.066007296741,,,0.167646957684,0.167646957684,0.066007296741,0.052083333333,1.462046237955,1.0,25.0,,9.0,9.0
2025-06-25 08:00:00,,,-1.967636346817,-1.967636346817,5.344413042068,3.376776695251,-0.004226250062,-0.004226250062,,,0.192177414898,0.192177414898,-0.004226250062,0.063605984659,1.339370102915,2.0,37.0,,18.0,19.0
2025-06-25 12:00:00,,,-4.792326629162,-4.792326629162,13.370776116848,8.578449487686,-0.182852307179,-0.182852307179,,,-0.632396896308,-0.632396896308,-0.182852307179,0.073070257647,1.807799227553,3.0,75.0,,43.0,44.0
2025-06-25 16:00:00,,,-3.31865221262,-3.31865221262,10.531845808029,7.213193595409,0.149208752796,0.149208752796,,,0.051598991129,0.051598991129,0.149208752796,0.0,1.660815779315,0.0,57.0,,32.0,32.0
2025-06-25 20:00:00,,,-2.517321586609,-2.517321586609,7.298287332058,4.780965745449,-0.019550115056,-0.019550115056,,,0.306509589554,0.306509589554,-0.019550115056,0.0,1.686278925837,0.0,41.0,,14.0,14.0
2025-06-26 00:00:00,0.0,0.0,-6.013743817806,-6.013743817806,9.885793089867,3.87204927206,-0.130446293222,-0.130446293222,0.477839857436,0.477839857436,-0.098784881665,-0.098784881665,-0.130446293222,0.0,2.720223584048,0.0,47.0,117.0,21.0,21.0
2025-06-26 04:00:00,,,-4.857896327972,-4.857896327972,7.205543339252,2.34764701128,0.083177829631,0.083177829631,,,0.086942540619,0.086942540619,0.083177829631,0.0,1.657519252088,0.0,34.0,,15.0,15.0
2025-06-26 08:00:00,,,5.556058645248,5.556058645248,3.950377762318,9.506436407566,0.199303028648,0.199303028648,,,0.496555530844,0.496555530844,0.199303028648,0.086805555556,1.566149421411,1.0,40.0,,16.0,16.0
2025-06-26 12:00:00,,,-9.922538936138,-9.922538936138,13.873675107956,3.951136171818,-0.476245878865,-0.476245878865,,,-0.824082446171,-0.824082446171,-0.476245878865,0.05132969332,1.206555131382,3.0,47.0,,23.0,23.0
2025-06-26 16:00:00,,,-7.716727495193,-7.716727495193,10.83154463768,3.114817142487,0.094588142864,0.094588142864,,,-0.364978633628,-0.364978633628,0.094588142864,0.03591954023,2.039335577222,1.0,48.0,,25.0,25.0
2025-06-26 20:00:00,,,-4.560283243656,-4.560283243656,6.839633524418,2.279350280762,0.138233903359,0.138233903359,,,0.001588590404,0.001588590404,0.138233903359,0.0,1.710229077919,0.0,30.0,,16.0,16.0
2025-06-27 00:00:00,0.0,0.0,-0.591523647308,-0.591523647308,3.104626655579,2.51310300827,0.077795858658,0.077795858658,0.633951184904,0.633951184904,0.331787618378,0.331787618378,0.077795858658,0.018274853801,1.582945240458,1.0,22.0,131.0,10.0,10.0
2025-06-27 04:00:00,,,-0.181254088879,-0.181254088879,5.179102241993,4.997848153114,0.109757840962,0.109757840962,,,0.353188959754,0.353188959754,0.109757840962,0.0,2.501949989621,0.0,40.0,,27.0,27.0
2025-06-27 08:00:00,,,2.195675313473,2.195675313473,7.266236364841,9.461911678314,0.168277070923,0.168277070923,,,0.900448615922,0.900448615922,0.168277070923,0.0,2.255561603559,0.0,52.0,,26.0,27.0
2025-06-27 12:00:00,,,-11.138045847416,-11.138045847416,18.140730082989,7.002684235573,-0.182688785664,-0.182688785664,,,-0.681434551786,-0.681434551786,-0.182688785664,0.0,1.903236900191,0.0,59.0,,26.0,26.0
2025-06-27 16:00:00,,,-7.235858082771,-7.235858082771,13.158447504044,5.922589421272,0.037942065955,0.037942065955,,,-0.247021084664,-0.247021084664,0.037942065955,0.0,1.713207933682,0.0,57.0,,28.0,28.0
2025-06-27 20:00:00,,,-4.020722746849,-4.020722746849,6.529196918011,2.508474171162,0.066674907719,0.066674907719,,,0.099477829236,0.099477829236,0.066674907719,0.0,1.156163693793,0.0,25.0,,14.0,14.0
2025-06-28 00:00:00,0.0,0.0,-4.193639159203,-4.193639159203,5.693810582161,1.500171422958,0.066708339129,0.066708339129,1.276649946984,1.276649946984,0.300447455479,0.300447455479,0.066708339129,0.0,1.419845957699,0.0,20.0,113.0,6.0,6.0
2025-06-28 04:00:00,,,1.753253817558,1.753253817558,3.013827979565,4.767081797123,0.202884017307,0.202884017307,,,0.529079869191,0.529079869191,0.202884017307,0.088505747126,1.741413388384,2.0,24.0,,12.0,12.0
2025-06-28 08:00:00,,,1.727711975574,1.727711975574,4.902489542961,6.630201518536,-0.026421123382,-0.026421123382,,,0.493008807904,0.493008807904,-0.026421123382,0.0,2.01278881038,0.0,32.0,,15.0,15.0
2025-06-28 12:00:00,,,3.182542622089,3.182542622089,5.161936700344,8.344479322433,0.069124222221,0.069124222221,,,0.521835643109,0.521835643109,0.069124222221,0.014367816092,1.800440851187,1.0,41.0,,23.0,23.0
2025-06-28 16:00:00,,,-5.933643817902,-5.933643817902,11.471695661545,5.538051843643,-0.193195726315,-0.193195726315,,,-0.827125174777,-0.827125174777,-0.193195726315,0.038052543786,2.98227357477,2.0,67.0,,42.0,42.0
2025-06-28 20:00:00,,,-3.409863114357,-3.409863114357,5.903425753117,2.49356263876,0.091490659304,0.091490659304,,,0.1357893034,0.1357893034,0.091490659304,0.048449612403,1.748473063691,1.0,31.0,,16.0,17.0
2025-06-29 00:00:00,0.0,0.0,-2.644178628922,-2.644178628922,3.363096415997,0.718917787075,0.060252832271,0.060252832271,0.880169455927,0.880169455927,0.329454871251,0.329454871251,0.060252832271,0.0,1.309688498471,0.0,15.0,118.0,5.0,5.0
2025-06-29 04:00:00,,,0.559296071529,0.559296071529,1.805221557617,2.364517629147,0.255397384613,0.255397384613,,,0.398053704207,0.398053704207,0.255397384613,0.0,1.783030366356,0.0,21.0,,12.0,12.0
2025-06-29 08:00:00,,,1.541439175606,1.541439175606,4.194563031197,5.736002206802,0.054973517738,0.054973517738,,,0.768663424478,0.768663424478,0.054973517738,0.052083333333,2.401440568064,1.0,40.0,,22.0,22.0
2025-06-29 12:00:00,,,-4.567519128323,-4.567519128323,7.560873389244,2.993354260921,-0.127502038883,-0.127502038883,,,-0.445207929151,-0.445207929151,-0.127502038883,0.023946360153,1.813177140086,1.0,40.0,,25.0,25.0
2025-06-29 16:00:00,,,-6.267263948917,-6.267263948917,9.624652087688,3.357388138771,0.009761857956,0.009761857956,,,-0.39042973524,-0.39042973524,0.009761857956,0.0,2.986588494403,0.0,56.0,,25.0,25.0
2025-06-29 20:00:00,,,-4.704140603542,-4.704140603542,10.727882742882,6.023742139339,0.093427253847,0.093427253847,,,-0.359826344422,-0.359826344422,0.093427253847,0.0,2.865899546685,0.0,56.0,,29.0,29.0
2025-06-30 00:00:00,0.0,0.0,-2.612364768982,-2.612364768982,8.069512724876,5.457147955894,-0.245261427529,-0.245261427529,0.443436277232,0.443436277232,-0.142104631855,-0.142104631855,-0.245261427529,0.094696969697,3.523604211505,1.0,46.0,153.0,24.0,24.0
2025-06-30 04:00:00,,,-0.928589642048,-0.928589642048,4.130096197128,3.20150655508,0.18877326437,0.18877326437,,,0.238275274522,0.238275274522,0.18877326437,0.0,1.266685275776,0.0,19.0,,7.0,7.0
2025-06-30 08:00:00,,,-1.656858742237,-1.656858742237,7.303776681423,5.646917939186,-0.150810337587,-0.150810337587,,,-0.012905131851,-0.012905131851,-0.150810337587,0.0,1.528102932538,0.0,41.0,,21.0,21.0
2025-06-30 12:00:00,,,-6.082710206509,-6.082710206509,12.372700154781,6.289989948273,0.051014601624,0.051014601624,,,-0.950344566303,-0.950344566303,0.051014601624,0.029761904762,1.727369989997,1.0,60.0,,36.0,36.0
2025-06-30 16:00:00,,,-2.595191240311,-2.595191240311,14.678346812725,12.083155572414,0.005848202547,0.005848202547,,,-0.713321649326,-0.713321649326,0.005848202547,0.165527019336,2.230357440923,6.0,68.0,,35.0,35.0
2025-06-30 20:00:00,,,-6.635595738888,-6.635595738888,13.767670750618,7.13207501173,0.029485479882,0.029485479882,,,-0.943681421507,-0.943681421507,0.029485479882,0.022644927536,1.895149236103,1.0,52.0,,31.0,31.0
2025-07-01 00:00:00,0.0,0.0,-5.316199481487,-5.316199481487,5.316199481487,0.0,-0.093762435585,-0.093762435585,-0.447476650731,-0.447476650731,0.053221336196,0.053221336196,-0.093762435585,0.0,1.035623756503,0.0,20.0,149.0,9.0,9.0
2025-07-01 04:00:00,,,-4.31515032053,-4.31515032053,6.674473524094,2.359323203564,0.194783357195,0.194783357195,,,0.160994187873,0.160994187873,0.194783357195,0.077380952381,1.593472848009,2.0,32.0,,14.0,14.0
2025-07-01 08:00:00,,,-4.477357506752,-4.477357506752,7.633583307266,3.156225800514,-0.20133237028,-0.20133237028,,,-0.175382450318,-0.175382450318,-0.20133237028,0.0,1.70488768701,0.0,45.0,,27.0,27.0
2025-07-01 12:00:00,,,-10.111107826233,-10.111107826233,14.982190549374,4.871082723141,-0.108384322832,-0.108384322832,,,-1.589300657744,-1.589300657744,-0.108384322832,0.0,2.074110012797,0.0,78.0,,50.0,51.0
2025-07-01 16:00:00,,,-5.252843439579,-5.252843439579,9.078206241131,3.825362801552,0.167615008415,0.167615008415,,,-0.265029467492,-0.265029467492,0.167615008415,0.029761904762,1.671863652467,1.0,54.0,,35.0,35.0
2025-07-01 20:00:00,,,-8.95605880022,-8.95605880022,12.367247104645,3.411188304424,0.024095381243,0.024095381243,,,-0.193974064049,-0.193974064049,0.024095381243,0.0,1.783388668117,0.0,39.0,,15.0,15.0
2025-07-02 00:00:00,0.0,0.0,-1.203052341938,-1.203052341938,4.282546341419,3.079493999481,0.206203895,0.206203895,0.406986043377,0.406986043377,0.483054571067,0.483054571067,0.206203895,0.0,1.867089114832,0.0,26.0,190.0,6.0,6.0
2025-07-02 04:00:00,,,2.815273523331,2.815273523331,4.191540777683,7.006814301014,0.344899837744,0.344899837744,,,0.697982692548,0.697982692548,0.344899837744,0.05787037037,2.149166401039,1.0,46.0,,29.0,29.0
2025-07-02 08:00:00,,,-2.154791593552,-2.154791593552,7.983586907387,5.828795313835,-0.126742044302,-0.126742044302,,,0.332581813424,0.332581813424,-0.126742044302,0.0,1.591784423734,0.0,40.0,,20.0,20.0
2025-07-02 12:00:00,,,-11.914571106434,-11.914571106434,14.169345915318,2.254774808884,-0.425628202675,-0.425628202675,,,-1.053176506879,-1.053176506879,-0.425628202675,0.250251066158,1.919278656753,7.0,60.0,,32.0,32.0
2025-07-02 16:00:00,,,0.827686309814,0.827686309814,19.063933730125,19.89162003994,0.174510548035,0.174510548035,,,1.18322926665,1.18322926665,0.174510548035,0.0,3.919035215018,0.0,118.0,,62.0,62.0
2025-07-02 20:00:00,,,-5.593857109547,-5.593857109547,12.501816928387,6.90795981884,0.054341133207,0.054341133207,,,-0.282662633864,-0.282662633864,0.054341133207,0.112509018759,2.390048379017,3.0,62.0,,41.0,41.0
2025-07-03 00:00:00,0.0,0.0,-2.997119903564,-2.997119903564,8.487199425697,5.490079522133,0.055061276555,0.055061276555,0.608655117462,0.608655117462,0.191918075994,0.191918075994,0.055061276555,0.0,2.737864154149,0.0,47.0,175.0,27.0,27.0
2025-07-03 04:00:00,,,-1.132583618164,-1.132583618164,7.297151565552,6.164567947388,0.01311637636,0.01311637636,,,0.311250886582,0.311250886582,0.01311637636,0.110229276896,2.198107178851,2.0,40.0,,22.0,22.0
2025-07-03 08:00:00,,,-4.757862746716,-4.757862746716,13.766629576683,9.008766829967,-0.139803241623,-0.139803241623,,,-0.273306793477,-0.273306793477,-0.139803241623,0.0,2.451854285627,0.0,61.0,,31.0,31.0
2025-07-03 12:00:00,,,1.157154917717,1.157154917717,12.247986614704,13.405141532421,0.105306741061,0.105306741061,,,0.095640051362,0.095640051362,0.105306741061,0.032787303531,2.448838205495,2.0,84.0,,44.0,45.0
2025-07-03 16:00:00,,,-3.691658675671,-3.691658675671,14.921135246754,11.229476571083,-0.029255449178,-0.029255449178,,,-0.006738827773,-0.006738827773,-0.029255449178,0.083928758,2.282978819655,3.0,73.0,,31.0,31.0
2025-07-03 20:00:00,,,-3.749169051647,-3.749169051647,9.126505017281,5.377335965633,0.057567157791,0.057567157791,,,0.189873914436,0.189873914436,0.057567157791,0.034722222222,2.404360380123,1.0,53.0,,22.0,22.0
2025-07-04 00:00:00,0.0,0.0,-2.081524431705,-2.081524431705,5.267444133759,3.185919702053,-0.118699230154,-0.118699230154,1.070094283185,1.070094283185,0.271333239387,0.271333239387,-0.118699230154,0.145483739234,2.023369549215,3.0,31.0,136.0,10.0,10.0
2025-07-04 04:00:00,,,-4.749310195446,-4.749310195446,7.937909781933,3.188599586487,-0.025831677048,-0.025831677048,,,-0.068975196589,-0.068975196589,-0.025831677048,0.016534391534,1.698324510905,1.0,37.0,,24.0,24.0
2025-07-04 08:00:00,,,3.429232180119,3.429232180119,5.364822626114,8.794054806232,0.121583638056,0.121583638056,,,0.475135941127,0.475135941127,0.121583638056,0.056245845477,1.932018662305,2.0,47.0,,25.0,25.0
2025-07-04 12:00:00,,,-2.371118843555,-2.371118843555,9.989437043667,7.618318200111,-0.129839019637,-0.129839019637,,,0.057530142248,0.057530142248,-0.129839019637,0.024509803922,1.33555146082,1.0,45.0,,20.0,20.0
2025-07-04 16:00:00,,,-3.706541180611,-3.706541180611,13.100422739983,9.393881559372,-0.007410114298,-0.007410114298,,,-0.073712930369,-0.073712930369,-0.007410114298,0.021258503401,2.392423840105,1.0,71.0,,38.0,38.0
2025-07-04 20:00:00,,,0.068671822548,0.068671822548,9.079411506653,9.148083329201,-0.008368445246,-0.008368445246,,,0.311296243866,0.311296243866,-0.008368445246,0.060685685686,1.673501797251,3.0,38.0,,19.0,19.0
2025-07-05 00:00:00,0.0,0.0,-2.202837347984,-2.202837347984,7.683079481125,5.480242133141,0.077904735925,0.077904735925,0.896715771255,0.896715771255,0.227995429322,0.227995429322,0.077904735925,0.043402777778,2.450115455646,1.0,33.0,105.0,19.0,19.0
2025-07-05 04:00:00,,,-1.17866063118,-1.17866063118,4.077577233315,2.898916602135,-0.039455485125,-0.039455485125,,,0.225556964389,0.225556964389,-0.039455485125,0.05081300813,1.338646783196,1.0,19.0,,9.0,9.0
2025-07-05 08:00:00,,,-2.619177818298,-2.619177818298,7.440213441849,4.82103562355,0.011635487534,0.011635487534,,,0.30950333517,0.30950333517,0.011635487534,0.040849673203,1.558833865591,1.0,29.0,,17.0,17.0
2025-07-05 12:00:00,,,-1.049072921276,-1.049072921276,6.492288410664,5.443215489388,0.134292855822,0.134292855822,,,0.155963349825,0.155963349825,0.134292855822,0.039684281367,1.809149135636,2.0,42.0,,20.0,20.0
2025-07-05 16:00:00,,,-2.798080921173,-2.798080921173,4.349173724651,1.551092803478,-0.236721500216,-0.236721500216,,,0.109858743537,0.109858743537,-0.236721500216,0.022893772894,1.229970496617,1.0,25.0,,13.0,13.0
2025-07-05 20:00:00,,,-6.656418383121,-6.656418383121,9.021812021732,2.365393638611,-0.129005905817,-0.129005905817,,,-0.528447931627,-0.528447931627,-0.129005905817,0.0,2.374338650005,0.0,45.0,,27.0,27.0
2025-07-06 00:00:00,0.0,0.0,-3.371710062027,-3.371710062027,5.612988829613,2.241278767586,0.14635750081,0.14635750081,0.014797519373,0.014797519373,0.048324175853,0.048324175853,0.14635750081,0.112612612613,2.432190752084,2.0,23.0,161.0,8.0,8.0
2025-07-06 04:00:00,,,-1.049071371555,-1.049071371555,5.901052474976,4.85198110342,0.093520755048,0.093520755048,,,0.122794161079,0.122794161079,0.093520755048,0.0,2.853151956985,0.0,35.0,,19.0,19.0
2025-07-06 08:00:00,,,-0.590482532978,-0.590482532978,5.960786819458,5.37030428648,-0.070666325948,-0.070666325948,,,0.264983185558,0.264983185558,-0.070666325948,0.0,2.352503332441,0.0,46.0,,33.0,33.0
2025-07-06 12:00:00,,,-11.282302260399,-11.282302260399,17.442763984203,6.160461723804,-0.263741744695,-0.263741744695,,,-2.023282851511,-2.023282851511,-0.263741744695,0.074133624439,2.941938188919,3.0,79.0,,45.0,45.0
2025-07-06 16:00:00,,,-1.669512748718,-1.669512748718,7.058624148369,5.389111399651,0.172349540327,0.172349540327,,,0.289832561668,0.289832561668,0.172349540327,0.0,2.158312775569,0.0,54.0,,28.0,29.0
2025-07-06 20:00:00,,,-8.700932383537,-8.700932383537,15.102378904819,6.401446521282,-0.065145713561,-0.065145713561,,,-0.8226687978,-0.8226687978,-0.065145713561,0.0,2.388704964021,0.0,53.0,,30.0,30.0
2025-07-07 00:00:00,0.0,0.0,-7.375021755695,-7.375021755695,9.774663388729,2.399641633034,0.005208903199,0.005208903199,0.137733186302,0.137733186302,-0.3854345919,-0.3854345919,0.005208903199,0.025720164609,1.951171076331,1.0,30.0,221.0,17.0,17.0
2025-07-07 04:00:00,,,2.138226866722,2.138226866722,6.767173647881,8.905400514603,0.36087961456,0.36087961456,,,0.673413311183,0.673413311183,0.36087961456,0.0,1.837450915187,0.0,30.0,,19.0,19.0
2025-07-07 08:00:00,,,-6.408707261086,-6.408707261086,14.227642893791,7.818935632706,-0.225129773538,-0.225129773538,,,-0.391365400274,-0.391365400274,-0.225129773538,0.115018753833,2.321725723391,4.0,53.0,,35.0,35.0
2025-07-07 12:00:00,,,-8.313469111919,-8.313469111919,18.881223618984,10.567754507065,-0.157096786,-0.157096786,,,-1.549972018964,-1.549972018964,-0.157096786,0.032299741602,2.828567643023,2.0,90.0,,58.0,58.0
2025-07-07 16:00:00,,,-1.167640209198,-1.167640209198,12.803073942661,11.635433733463,0.299810168657,0.299810168657,,,0.26101836765,0.26101836765,0.299810168657,0.19150748184,2.311616174789,10.0,69.0,,39.0,39.0
2025-07-07 20:00:00,,,3.516270339489,3.516270339489,10.419749081135,13.936019420624,-0.079926634638,-0.079926634638,,,1.283488687172,1.283488687172,-0.079926634638,0.798781097867,3.789043210585,25.0,86.0,,54.0,54.0
2025-07-08 00:00:00,0.0,0.0,-2.047344565392,-2.047344565392,10.198012650013,8.150668084621,-0.164683641604,-0.164683641604,1.198458432309,1.198458432309,0.063175930116,0.063175930116,-0.164683641604,0.4106080971,3.004791683478,4.0,48.0,181.0,24.0,24.0
2025-07-08 04:00:00,,,-1.119541764259,-1.119541764259,4.284831523895,3.165289759636,0.186005389312,0.186005389312,,,0.298074771389,0.298074771389,0.186005389312,0.258203221237,1.785776533824,5.0,34.0,,16.0,16.0
2025-07-08 08:00:00,,,7.118935585022,7.118935585022,6.743638634682,13.862574219704,0.182568203353,0.182568203353,,,0.870465137994,0.870465137994,0.182568203353,0.259238440091,2.042131094307,10.0,47.0,,24.0,24.0
2025-07-08 12:00:00,,,-3.749267041683,-3.749267041683,13.177170336246,9.427903294563,-0.222048100565,-0.222048100565,,,-0.582004054162,-0.582004054162,-0.222048100565,0.186923823067,2.173746021169,8.0,78.0,,42.0,42.0
2025-07-08 16:00:00,,,0.854985177517,0.854985177517,11.004489183426,11.859474360943,-0.014661910747,-0.014661910747,,,0.133568477873,0.133568477873,-0.014661910747,0.443326523058,2.678053379112,13.0,81.0,,46.0,46.0
2025-07-08 20:00:00,,,-6.480892419815,-6.480892419815,12.028099656105,5.54720723629,0.082386014945,0.082386014945,,,-0.28136582816,-0.28136582816,0.082386014945,0.214896815054,2.573524502527,6.0,56.0,,31.0,31.0
2025-07-09 00:00:00,0.0,0.0,-4.586268901825,-4.586268901825,7.014751493931,2.428482592106,-0.080516985222,-0.080516985222,3.836768129852,3.836768129852,0.056098581222,0.056098581222,-0.080516985222,0.038580246914,2.40794211971,1.0,36.0,322.0,16.0,16.0
2025-07-09 04:00:00,,,-0.668549537659,-0.668549537659,3.316414535046,2.647864997387,0.004722878016,0.004722878016,,,0.225197104785,0.225197104785,0.004722878016,0.031565656566,1.433925885886,1.0,26.0,,10.0,10.0
2025-07-09 08:00:00,,,2.432688772678,2.432688772678,5.523835003376,7.956523776054,-0.193569153358,-0.193569153358,,,0.101886597904,0.101886597904,-0.193569153358,0.317304921362,1.740438610116,12.0,45.0,,15.0,15.0
2025-07-09 12:00:00,,,11.550834715366,11.550834715366,21.646365582943,33.197200298309,0.135770457586,0.135770457586,,,1.882458122553,1.882458122553,0.135770457586,1.993537083502,4.568200275376,86.0,170.0,,120.0,120.0
2025-07-09 16:00:00,,,6.676392972469,6.676392972469,18.045151293278,24.721544265747,-0.165034636884,-0.165034636884,,,0.278994124499,0.278994124499,-0.165034636884,1.017190771239,3.865586976642,53.0,150.0,,91.0,91.0
2025-07-09 20:00:00,,,7.695202827454,7.695202827454,17.983346283436,25.678549110889,0.028238985893,0.028238985893,,,0.372612445397,0.372612445397,0.028238985893,0.554977923495,3.898718014174,24.0,121.0,,70.0,70.0
2025-07-10 00:00:00,0.0,0.0,1.857504308224,1.857504308224,7.991295158863,9.848799467087,-0.055481450829,-0.055481450829,2.598201736091,2.598201736091,-0.120672815288,-0.120672815288,-0.055481450829,0.41537141965,3.08370176024,11.0,60.0,339.0,28.0,28.0
2025-07-10 04:00:00,,,6.900210142136,6.900210142136,10.010504543781,16.910714685917,0.063411391163,0.063411391163,,,0.104471376764,0.104471376764,0.063411391163,1.306324618628,3.944886862762,33.0,85.0,,46.0,46.0
2025-07-10 08:00:00,,,-1.353991866112,-1.353991866112,14.30886888504,12.954877018929,-0.149129738575,-0.149129738575,,,-0.211861335826,-0.211861335826,-0.149129738575,0.908040816922,2.444016426729,41.0,77.0,,39.0,39.0
2025-07-10 12:00:00,,,7.698592126369,7.698592126369,13.732344925404,21.430937051773,0.154428446392,0.154428446392,,,0.145246978935,0.145246978935,0.154428446392,0.634556673809,3.129594969074,31.0,117.0,,60.0,60.0
2025-07-10 16:00:00,,,-3.085816383362,-3.085816383362,24.693947017193,21.608130633831,-0.258191085997,-0.258191085997,,,-0.375188654004,-0.375188654004,-0.258191085997,0.414520220204,3.164924809156,21.0,144.0,,86.0,86.0
2025-07-10 20:00:00,,,0.762955605984,0.762955605984,23.226785302162,23.989740908146,0.159451310314,0.159451310314,,,-0.162056411692,-0.162056411692,0.159451310314,0.149619401744,4.213327573109,7.0,157.0,,82.0,82.0
2025-07-11 00:00:00,0.0,0.0,-7.1751049757,-7.1751049757,14.95590031147,7.78079533577,-0.017819834462,-0.017819834462,-0.984521961418,-0.984521961418,-0.345893407127,-0.345893407127,-0.017819834462,0.143860765702,2.963834219652,4.0,70.0,325.0,36.0,36.0
2025-07-11 04:00:00,,,-7.527594804764,-7.527594804764,19.34829801321,11.820703208447,-0.129741946717,-0.129741946717,,,-0.517560867193,-0.517560867193,-0.129741946717,0.413237699849,4.066772592908,15.0,113.0,,68.0,68.0
2025-07-11 08:00:00,,,-2.985575199127,-2.985575199127,18.840082705021,15.854507505894,0.1958259549,0.1958259549,,,-0.240882449013,-0.240882449013,0.1958259549,0.367806898375,3.200832374872,22.0,112.0,,51.0,51.0
2025-07-11 12:00:00,,,-1.569405436516,-1.569405436516,18.445411920547,16.876006484032,0.040683834108,0.040683834108,,,-0.259757484184,-0.259757484184,0.040683834108,0.304894510923,2.938924144306,23.0,135.0,,68.0,68.0
2025-07-11 16:00:00,,,1.215340733528,1.215340733528,14.879946768284,16.095287501812,-0.068731131525,-0.068731131525,,,-0.158427461125,-0.158427461125,-0.068731131525,0.341128762329,3.407751343605,18.0,132.0,,62.0,62.0
2025-07-11 20:00:00,,,-2.960489392281,-2.960489392281,17.654870510101,14.694381117821,0.025055608365,0.025055608365,,,-0.173874091039,-0.173874091039,0.025055608365,0.557825251765,3.996932628197,18.0,107.0,,42.0,42.0
2025-07-12 00:00:00,0.0,0.0,-4.925236523151,-4.925236523151,11.8084384799,6.883201956749,-0.020242087618,-0.020242087618,-0.703149116613,-0.703149116613,-0.22551787049,-0.22551787049,-0.020242087618,0.718635141161,3.934673834701,10.0,63.0,484.0,17.0,17.0
2025-07-12 04:00:00,,,1.477501809597,1.477501809597,6.306052565575,7.783554375172,0.073575477045,0.073575477045,,,0.014212832502,0.014212832502,0.073575477045,0.838296593854,3.871546856828,17.0,69.0,,41.0,41.0
2025-07-12 08:00:00,,,-5.47079461813,-5.47079461813,13.826039910316,8.355245292187,-0.160235094196,-0.160235094196,,,-0.625235167864,-0.625235167864,-0.160235094196,0.970366636078,3.404583125373,25.0,86.0,,56.0,56.0
2025-07-12 12:00:00,,,-3.452480733395,-3.452480733395,40.28562951088,36.833148777485,-0.297854176073,-0.297854176073,,,-1.518480265018,-1.518480265018,-0.297854176073,5.376039021849,9.548746252813,190.0,272.0,,205.0,205.0
2025-07-12 16:00:00,,,9.916908562183,9.916908562183,26.34626108408,36.263169646263,0.172249346379,0.172249346379,,,0.699290533612,0.699290533612,0.172249346379,3.90540642002,5.624333225764,145.0,168.0,,99.0,100.0
2025-07-12 20:00:00,,,-9.900680422783,-9.900680422783,23.465327084064,13.564646661282,-0.228231750377,-0.228231750377,,,-0.327730905628,-0.327730905628,-0.228231750377,1.297049598123,5.490323841391,31.0,115.0,,71.0,75.0
2025-07-13 00:00:00,0.0,0.0,-1.774923563004,-1.774923563004,10.290091574192,8.515168011189,0.119947376976,0.119947376976,-0.555914589833,-0.555914589833,0.086842283018,0.086842283018,0.119947376976,0.887582140642,3.732524965024,16.0,59.0,293.0,27.0,27.0
2025-07-13 04:00:00,,,-3.421385109425,-3.421385109425,8.431519210339,5.010134100914,0.007656076879,0.007656076879,,,0.089095196452,0.089095196452,0.007656076879,0.507742056499,4.089802961865,13.0,75.0,,57.0,59.0
2025-07-13 08:00:00,,,-4.984357357025,-4.984357357025,14.334900259972,9.350542902946,-0.102435877198,-0.102435877198,,,-0.009943431067,-0.009943431067,-0.102435877198,1.174018202839,3.948340176893,32.0,87.0,,53.0,52.0
2025-07-13 12:00:00,,,-2.849411785603,-2.849411785603,21.084439098835,18.235027313232,0.064720854401,0.064720854401,,,0.083938506523,0.083938506523,0.064720854401,0.800357518728,3.934041505668,37.0,136.0,,75.0,75.0
2025-07-13 16:00:00,,,3.98260730505,3.98260730505,16.022590219975,20.005197525024,0.00284253402,0.00284253402,,,0.262730292838,0.262730292838,0.00284253402,2.176149810334,3.939114264601,75.0,124.0,,50.0,50.0
2025-07-13 20:00:00,,,-9.93578004837,-9.93578004837,20.969164907932,11.033384859562,-0.192102424878,-0.192102424878,,,-0.233417620869,-0.233417620869,-0.192102424878,1.301243836863,3.76171503888,36.0,97.0,,43.0,43.0
2025-07-14 00:00:00,0.0,0.0,-10.174621164799,-10.174621164799,25.119561910629,14.944940745831,0.07288649754,0.07288649754,-4.891468041005,-4.891468041005,-0.315081345861,-0.315081345861,0.07288649754,1.255526220823,4.957919152053,28.0,117.0,510.0,60.0,60.0
2025-07-14 04:00:00,,,-16.401946663857,-16.401946663857,26.634069502354,10.232122838497,0.017656336729,0.017656336729,,,-0.327320199528,-0.327320199528,0.017656336729,0.359653373519,3.198353751464,18.0,111.0,,52.0,52.0
2025-07-14 08:00:00,,,-4.092475533485,-4.092475533485,20.111565053463,16.019089519978,0.093058145121,0.093058145121,,,0.092561913895,0.092561913895,0.093058145121,0.62851267616,3.361601656062,29.0,114.0,,60.0,60.0
2025-07-14 12:00:00,,,-8.833415687084,-8.833415687084,34.681969225407,25.848553538322,-0.129284386519,-0.129284386519,,,-0.316107885374,-0.316107885374,-0.129284386519,1.403565268169,4.351546287301,79.0,188.0,,101.0,102.0
2025-07-14 16:00:00,,,8.073375940323,8.073375940323,30.758222937584,38.831598877907,0.191579790953,0.191579790953,,,1.297583167116,1.297583167116,0.191579790953,3.859163168758,6.898267974229,159.0,249.0,,174.0,175.0
2025-07-14 20:00:00,,,-15.641887366772,-15.641887366772,33.242417216301,17.600529849529,-0.169010945131,-0.169010945131,,,-0.415846184608,-0.415846184608,-0.169010945131,1.512988936218,5.037654646176,66.0,157.0,,79.0,79.0
2025-07-15 00:00:00,0.0,0.0,3.663656830788,3.663656830788,19.948797285557,23.612454116344,0.198193992003,0.198193992003,2.333004839904,2.333004839904,0.241092120918,0.241092120918,0.198193992003,1.912141984518,5.467260803159,46.0,120.0,413.0,64.0,64.0
2025-07-15 04:00:00,,,-1.87680208683,-1.87680208683,14.367489397526,12.490687310696,-0.053852258801,-0.053852258801,,,0.116378779995,0.116378779995,-0.053852258801,1.712484393716,3.868953667494,52.0,94.0,,41.0,41.0
2025-07-15 08:00:00,,,19.672846794128,19.672846794128,10.596317350864,30.269164144993,0.131898423107,0.131898423107,,,0.928672513445,0.928672513445,0.131898423107,1.652507847216,3.342662045997,68.0,107.0,,49.0,49.0
2025-07-15 12:00:00,,,-1.151174426079,-1.151174426079,27.197501599789,26.04632717371,-0.097024766333,-0.097024766333,,,-0.062988983287,-0.062988983287,-0.097024766333,1.284288551189,4.01543574571,66.0,154.0,,89.0,89.0
2025-07-15 16:00:00,,,-8.738287746906,-8.738287746906,28.535686910152,19.797399163246,-0.080871621642,-0.080871621642,,,-0.408632750486,-0.408632750486,-0.080871621642,0.998288091689,3.931374748379,49.0,157.0,,98.0,98.0
2025-07-15 20:00:00,,,2.759956657887,2.759956657887,20.762074828148,23.522031486034,0.108403947372,0.108403947372,,,0.297857188045,0.297857188045,0.108403947372,0.693723867048,4.418711291846,27.0,128.0,,79.0,79.0
2025-07-16 00:00:00,0.0,0.0,-7.868663787842,-7.868663787842,15.096298754215,7.227634966373,-0.063000291189,-0.063000291189,0.908193417399,0.908193417399,-0.128582950303,-0.128582950303,-0.063000291189,0.736623914085,3.708186239039,18.0,75.0,0.0,39.0,40.0
2025-07-16 04:00:00,,,-3.525285124779,-3.525285124779,15.440625369549,11.91534024477,0.077516285957,0.077516285957,,,-0.05837885439,-0.05837885439,0.077516285957,1.462344916464,4.48558392926,42.0,102.0,,58.0,58.0
2025-07-16 08:00:00,,,16.51335388422,16.51335388422,6.571926534176,23.085280418396,0.326982923087,0.326982923087,,,0.936502173069,0.936502173069,0.326982923087,1.303336070161,3.694945059533,58.0,110.0,,55.0,56.0
2025-07-16 12:00:00,,,12.73062980175,12.73062980175,22.565494477749,35.296124279499,-0.021743948061,-0.021743948061,,,0.857773412399,0.857773412399,-0.021743948061,0.939259750887,3.813356738561,52.0,170.0,,82.0,82.0
2025-07-16 16:00:00,,,8.137886047363,8.137886047363,13.264848530293,21.402734577656,-0.076069867476,-0.076069867476,,,0.443630355627,0.443630355627,-0.076069867476,0.406689120547,2.746391069307,22.0,125.0,,72.0,72.0
2025-07-16 20:00:00,,,-0.090140640736,-0.090140640736,20.101195812225,20.01105517149,-0.038610960262,-0.038610960262,,,-0.140823518235,-0.140823518235,-0.038610960262,0.512546761236,3.64168612931,14.0,104.0,,71.0,71.0
2025-07-17 00:00:00,0.0,0.0,-5.354436695576,-5.354436695576,12.523107528687,7.168670833111,-0.067422406742,-0.067422406742,0.890301399392,0.890301399392,-0.24833071411,-0.24833071411,-0.067422406742,0.292587019105,3.495636955522,9.0,68.0,0.0,0.0,10.0
2025-07-17 04:00:00,,,-2.786234796047,-2.786234796047,2.664784193039,2.553804218769,0.020721541951,0.020721541951,,,-0.128631474397,-0.128631474397,0.020721541951,0.37161641089,1.1822347101,13.0,19.0,,0.0,0.0
2025-07-17 08:00:00,,,0.0,0.0,0.0,0.0,0.0,0.0,,,-0.152889459897,-0.152889459897,0.0,0.683088165807,0.0,39.0,0.0,,0.0,0.0
2025-07-17 12:00:00,,,0.0,0.0,0.0,0.0,0.0,0.0,,,-0.242755660929,-0.242755660929,0.0,0.463079000727,0.0,27.0,0.0,,0.0,0.0
2025-07-17 16:00:00,,,0.0,0.0,0.0,0.0,0.0,0.0,,,-0.238454024964,-0.238454024964,0.0,0.438052359735,0.0,23.0,0.0,,0.0,0.0
2025-07-17 20:00:00,,,-1.045901477337,-1.045901477337,16.776183009148,16.449570298195,0.0,0.0,,,-0.208912767816,-0.208912767816,0.0,0.471938659071,2.755244342212,22.0,110.0,,0.0,0.0
2025-07-18 00:00:00,0.0,0.0,-10.248219430447,-10.248219430447,25.21583622694,14.967616796494,0.0,0.0,0.869066741174,0.869066741174,-0.176610014058,-0.176610014058,0.0,0.177089093485,3.432698677678,6.0,97.0,0.0,0.0,0.0
2025-07-18 04:00:00,,,-3.932474434376,-3.932474434376,23.540510058403,19.608035624027,0.0,0.0,,,-0.241690539587,-0.241690539587,0.0,2.099983786742,6.173303774039,82.0,189.0,,0.0,0.0
2025-07-18 08:00:00,,,9.031615138054,9.031615138054,13.568388998508,22.600004136562,0.0,0.0,,,-0.281830262154,-0.281830262154,0.0,1.03645190397,3.067592461512,56.0,116.0,,0.0,0.0
2025-07-18 12:00:00,,,-9.987165272236,-9.987165272236,22.872524082661,12.885358810425,0.0,0.0,,,-0.294839816296,-0.294839816296,0.0,0.507361707125,3.659863681571,32.0,145.0,,0.0,0.0
2025-07-18 16:00:00,,,-1.305144846439,-1.305144846439,22.413640141487,21.108495295048,0.0,0.0,,,-0.354232344255,-0.354232344255,0.0,0.74185824767,3.569806364718,34.0,134.0,,0.0,0.0
2025-07-18 20:00:00,,,-9.299021363258,-9.299021363258,24.65235877037,15.353337407112,0.0,0.0,,,-0.334892043499,-0.334892043499,0.0,0.397469136571,3.74120157797,18.0,120.0,,0.0,0.0
2025-07-19 00:00:00,0.0,0.0,-4.003761172295,-4.003761172295,15.335750102997,11.331988930702,0.0,0.0,0.845359141921,0.845359141921,-0.232261213034,-0.232261213034,0.0,0.505979675577,3.11820028197,17.0,57.0,0.0,0.0,0.0
2025-07-19 04:00:00,,,6.324897587299,6.324897587299,6.518690228462,12.843587815762,0.0,0.0,,,-0.129904896626,-0.129904896626,0.0,0.506487307397,3.042498663276,18.0,63.0,,0.0,0.0
2025-07-19 08:00:00,,,-1.787211000919,-1.787211000919,10.6070266366,8.819815635681,0.0,0.0,,,-0.09027929133,-0.09027929133,0.0,0.409214604412,2.597074552525,11.0,61.0,,0.0,0.0
2025-07-19 12:00:00,,,5.360635221004,5.360635221004,8.043871939182,13.404507160187,0.0,0.0,,,0.0,0.0,0.0,0.199108868656,2.111779381634,9.0,63.0,,0.0,0.0
2025-07-19 16:00:00,,,-9.761138856411,-9.761138856411,15.294768214226,5.533629357815,0.0,0.0,,,0.0,0.0,0.0,0.50914510329,2.677862364734,20.0,73.0,,0.0,0.0
2025-07-19 20:00:00,,,-5.650808393955,-5.650808393955,10.504022419453,4.853214025497,0.0,0.0,,,0.0,0.0,0.0,0.28903231055,2.495829684707,7.0,52.0,,0.0,0.0
2025-07-20 00:00:00,0.0,0.0,-10.632822573185,-10.632822573185,12.823588967323,2.190766394138,0.0,0.0,0.818213717583,0.818213717583,0.0,0.0,0.0,0.104476994373,2.245566673391,3.0,38.0,0.0,0.0,0.0
2025-07-20 04:00:00,,,7.746497929096,7.746497929096,4.087038338184,11.833536267281,0.0,0.0,,,0.0,0.0,0.0,0.892306090824,4.700363079235,24.0,74.0,,0.0,0.0
2025-07-20 08:00:00,,,-3.385782778263,-3.385782778263,12.614768624306,9.228985846043,0.0,0.0,,,0.0,0.0,0.0,0.728227284766,3.408106856388,26.0,82.0,,0.0,0.0
2025-07-20 12:00:00,,,-12.714377701283,-12.714377701283,20.592926323414,7.878548622131,0.0,0.0,,,0.0,0.0,0.0,0.569660061242,3.460365684385,22.0,105.0,,0.0,0.0
2025-07-20 16:00:00,,,-1.808219969273,-1.808219969273,16.29801928997,14.489799320698,0.0,0.0,,,0.0,0.0,0.0,0.648898290234,3.588126109462,28.0,119.0,,0.0,0.0
2025-07-20 20:00:00,,,-12.002071738243,-12.002071738243,17.37594974041,5.373878002167,0.0,0.0,,,0.0,0.0,0.0,0.602381398646,3.456379878616,19.0,85.0,,0.0,0.0
2025-07-21 00:00:00,0.0,0.0,0.63214725256,0.63214725256,8.100745618343,8.732892870903,0.0,0.0,0.811190969053,0.811190969053,0.0,0.0,0.0,0.908178479411,3.696365932403,21.0,82.0,0.0,0.0,0.0
2025-07-21 04:00:00,,,3.804430186749,3.804430186749,3.88260024786,7.687030434608,0.0,0.0,,,0.0,0.0,0.0,0.868297225547,3.580895131405,23.0,84.0,,0.0,0.0
2025-07-21 08:00:00,,,8.805251955986,8.805251955986,15.325704991817,24.130956947803,0.0,0.0,,,0.0,0.0,0.0,0.764703427339,3.23642790161,45.0,112.0,,0.0,0.0
2025-07-21 12:00:00,,,0.211663544178,0.211663544178,17.118473112583,17.330136656761,0.0,0.0,,,0.0,0.0,0.0,0.449929056387,3.55567791251,26.0,142.0,,0.0,0.0
2025-07-21 16:00:00,,,-6.361855089664,-6.361855089664,21.219976305962,14.858121216297,0.0,0.0,,,0.0,0.0,0.0,0.784906535575,3.607115316109,41.0,134.0,,0.0,0.0
2025-07-21 20:00:00,,,-1.547462105751,-1.547462105751,15.861634910107,14.314172804356,0.0,0.0,,,0.0,0.0,0.0,0.545608081677,3.799047746027,18.0,104.0,,0.0,0.0
2025-07-22 00:00:00,0.0,0.0,-4.636868357658,-4.636868357658,15.618460893631,10.981592535973,0.0,0.0,-1.517872291889,-1.517872291889,0.0,0.0,0.0,0.822251229985,4.412719789454,21.0,91.0,265.0,0.0,0.0
2025-07-22 04:00:00,,,-4.65538418293,-4.65538418293,13.905876159668,9.250491976738,0.0,0.0,,,0.0,0.0,0.0,0.901222941588,3.390850538673,28.0,75.0,,0.0,0.0
2025-07-22 08:00:00,,,0.685180127621,0.685180127621,12.476154029369,13.16133415699,0.0,0.0,,,0.0,0.0,0.0,1.736311499454,3.418440829597,66.0,99.0,,0.0,0.0
2025-07-22 12:00:00,,,-9.954102694988,-9.954102694988,24.78523015976,14.831127464771,0.0,0.0,,,0.0,0.0,0.0,0.764037366812,3.455182595636,39.0,127.0,,0.0,0.0
2025-07-22 16:00:00,,,-9.087413609028,-9.087413609028,20.237387239933,11.149973630905,0.0,0.0,,,0.0,0.0,0.0,0.473809707669,2.823560018477,24.0,109.0,,0.0,0.0
2025-07-22 20:00:00,,,-8.054129958153,-8.054129958153,17.528951227665,9.474821269512,0.0,0.0,,,0.0,0.0,0.0,0.162201910334,3.151655104909,7.0,85.0,,0.0,0.0
2025-07-23 00:00:00,0.0,0.0,-13.445289611816,-13.445289611816,17.304271101952,3.858981490135,-0.248596296124,-0.248596296124,-3.277820698125,-3.277820698125,0.0,0.0,-0.248596296124,0.113730355666,3.465406291196,3.0,73.0,301.0,34.0,13.0
2025-07-23 04:00:00,,,-0.238710284233,-0.238710284233,8.806839883327,8.568129599094,0.20792676229,0.20792676229,,,0.351024778161,0.351024778161,0.20792676229,0.655338668312,3.138797736847,18.0,68.0,,30.0,30.0
2025-07-23 08:00:00,,,4.677019178867,4.677019178867,9.886075973511,14.563095152378,0.055825854378,0.055825854378,,,0.90600408042,0.90600408042,0.055825854378,0.448392963772,3.147127635146,25.0,78.0,,28.0,28.0
2025-07-23 12:00:00,,,-10.858843803406,-10.858843803406,21.788977980614,10.930134177208,-0.236244178668,-0.236244178668,,,-2.666788192668,-2.666788192668,-0.236244178668,0.462728387116,3.471840369305,22.0,122.0,,60.0,63.0
2025-07-23 16:00:00,,,-23.503618180752,-23.503618180752,31.433543205261,7.929925024509,-0.086167468334,-0.086167468334,,,-2.683884804439,-2.683884804439,-0.086167468334,0.341859048338,4.090750329016,15.0,120.0,,62.0,62.0
2025-07-23 20:00:00,,,-16.40908241272,-16.40908241272,31.320922255516,14.911839842796,0.085186543113,0.085186543113,,,-2.041335943085,-2.041335943085,0.085186543113,1.497297558807,6.4267631303,45.0,164.0,,95.0,95.0
2025-07-24 00:00:00,0.0,0.0,-3.273882031441,-3.273882031441,12.59591460228,9.322032570839,0.025811493401,0.025811493401,-1.261185906932,-1.261185906932,0.263507635993,0.263507635993,0.025811493401,0.630389506432,4.236472959083,13.0,71.0,281.0,30.0,30.0
2025-07-24 04:00:00,,,-7.024123489857,-7.024123489857,18.744065403938,11.719941914082,-0.126428872828,-0.126428872828,,,0.066507852838,0.066507852838,-0.126428872828,0.69624169931,4.108923085301,20.0,91.0,,37.0,37.0
2025-07-24 08:00:00,,,-4.320671796799,-4.320671796799,12.053194999695,7.732523202896,0.103311402623,0.103311402623,,,0.210002636391,0.210002636391,0.103311402623,0.574542893555,2.267333879133,23.0,61.0,,31.0,31.0
2025-07-24 12:00:00,,,-9.351358830929,-9.351358830929,24.566533327103,15.215174496174,-0.095310862406,-0.095310862406,,,-0.396947918566,-0.396947918566,-0.095310862406,0.499302219917,3.565336145632,32.0,132.0,,63.0,63.0
2025-07-24 16:00:00,,,-3.591893672943,-3.591893672943,17.799617171288,14.207723498344,0.055596594773,0.055596594773,,,0.282529653691,0.282529653691,0.055596594773,0.553464827119,3.639431719131,29.0,127.0,,67.0,67.0
2025-07-24 20:00:00,,,-5.269463598728,-5.269463598728,20.033273935318,14.76381033659,0.044167061908,0.044167061908,,,0.076972968661,0.076972968661,0.044167061908,0.776699412502,4.015796999999,27.0,99.0,,55.0,55.0
2025-07-25 00:00:00,0.0,0.0,-10.196258187294,-10.196258187294,23.670984864235,13.474726676941,-0.035285375125,-0.035285375125,-1.257268119051,-1.257268119051,-0.151400987502,-0.151400987502,-0.035285375125,0.715970327215,5.120969033856,15.0,100.0,292.0,62.0,62.0
2025-07-25 04:00:00,,,-2.445593655109,-2.445593655109,16.715382635593,14.269788980484,0.111530143345,0.111530143345,,,0.159007436228,0.159007436228,0.111530143345,0.429704054149,3.383605352926,13.0,76.0,,44.0,44.0
2025-07-25 08:00:00,,,-2.857851445675,-2.857851445675,16.990360081196,14.132508635521,0.050311024417,0.050311024417,,,0.294196554178,0.294196554178,0.050311024417,0.641256665627,3.933724068819,23.0,97.0,,47.0,47.0
2025-07-25 12:00:00,,,-7.43625998497,-7.43625998497,24.024480462074,16.588220477104,-0.192475933705,-0.192475933705,,,0.142683052408,0.142683052408,-0.192475933705,0.409542454619,4.62602740216,14.0,125.0,,51.0,51.0
2025-07-25 16:00:00,,,-6.161001086235,-6.161001086235,21.936129152775,15.77512806654,0.119637370846,0.119637370846,,,0.159592678796,0.159592678796,0.119637370846,0.793660576963,5.007758117737,29.0,134.0,,53.0,53.0
2025-07-25 20:00:00,,,-2.842874765396,-2.842874765396,15.395110845566,12.55223608017,0.008686785712,0.008686785712,,,0.404394691253,0.404394691253,0.008686785712,0.146078517187,3.336131662369,6.0,81.0,,35.0,35.0
2025-07-26 00:00:00,0.0,0.0,-11.33826816082,-11.33826816082,17.732981860638,6.394713699818,-0.005541022802,-0.005541022802,0.18675552122,0.18675552122,0.325317993907,0.325317993907,-0.005541022802,0.239655420017,2.856711320866,9.0,49.0,216.0,19.0,16.0
2025-07-26 04:00:00,,,-2.314682424068,-2.314682424068,9.34174478054,7.027062356472,0.043287440011,0.043287440011,,,0.284547544299,0.284547544299,0.043287440011,0.560901118088,3.901620033409,13.0,61.0,,39.0,39.0
2025-07-26 08:00:00,,,-1.840971887112,-1.840971887112,10.615864694118,8.774892807007,0.066976714488,0.066976714488,,,0.501906068504,0.501906068504,0.066976714488,0.111122802095,2.941563095704,4.0,60.0,,27.0,27.0
2025-07-26 12:00:00,,,1.394451975822,1.394451975822,9.910977900028,11.305429875851,0.077717870196,0.077717870196,,,0.632778787109,0.632778787109,0.077717870196,0.465270054847,2.500996668085,18.0,81.0,,46.0,46.0
2025-07-26 16:00:00,,,6.030604302883,6.030604302883,8.717951893806,14.74855619669,0.038363170773,0.038363170773,,,0.812577533334,0.812577533334,0.038363170773,0.537883323012,2.496199371056,24.0,73.0,,32.0,32.0
2025-07-26 20:00:00,,,-4.63838326931,-4.63838326931,9.542766153812,4.904382884502,-0.261544549753,-0.261544549753,,,0.245190312322,0.245190312322,-0.261544549753,0.55323108543,2.681123536758,20.0,64.0,,24.0,24.0
2025-07-27 00:00:00,0.0,0.0,2.010448217392,2.010448217392,7.476740479469,9.487188696861,0.132247801648,0.132247801648,0.624885149232,0.624885149232,0.405895655044,0.405895655044,0.132247801648,0.852179199964,3.516106209776,18.0,58.0,226.0,23.0,23.0
2025-07-27 04:00:00,,,-2.413485109806,-2.413485109806,11.56439435482,9.150909245014,-0.105163557328,-0.105163557328,,,0.074263360457,0.074263360457,-0.105163557328,0.976678855194,4.973193727263,29.0,94.0,,54.0,54.0
2025-07-27 08:00:00,,,0.151902258396,0.151902258396,10.675904750824,10.82780700922,-0.065907873668,-0.065907873668,,,0.009072991318,0.009072991318,-0.065907873668,0.610396385295,4.158348067801,18.0,78.0,,35.0,35.0
2025-07-27 12:00:00,,,5.361849009991,5.361849009991,5.784948587418,11.146797597408,0.129471348094,0.129471348094,,,0.6091410037,0.6091410037,0.129471348094,0.455681308704,2.551662260942,19.0,70.0,,25.0,24.0
2025-07-27 16:00:00,,,-4.473495304585,-4.473495304585,17.717599928379,13.244104623795,-0.067393235568,-0.067393235568,,,-0.60203277979,-0.60203277979,-0.067393235568,0.069640132858,2.725432877359,4.0,89.0,,53.0,52.0
2025-07-27 20:00:00,,,-3.671489298344,-3.671489298344,11.524455547333,7.852966248989,-0.194403921477,-0.194403921477,,,0.167573876891,0.167573876891,-0.194403921477,0.136528614682,3.100671098994,6.0,74.0,,32.0,32.0
2025-07-28 00:00:00,0.0,0.0,-5.396948337555,-5.396948337555,14.165046334267,8.768097996712,0.112686280885,0.112686280885,-0.358987356423,-0.358987356423,-0.115491852894,-0.115491852894,0.112686280885,0.017806267806,2.753501304244,1.0,56.0,251.0,30.0,26.0
2025-07-28 04:00:00,,,7.687919557095,7.687919557095,7.525321483612,15.213241040707,0.243580861828,0.243580861828,,,0.696325788291,0.696325788291,0.243580861828,0.289143884628,2.536372351712,15.0,69.0,,31.0,27.0
2025-07-28 08:00:00,,,-6.502337157726,-6.502337157726,12.617395162582,6.115058004856,-0.114703525742,-0.114703525742,,,-0.528866859507,-0.528866859507,-0.114703525742,0.259664251114,2.032320754957,13.0,64.0,,35.0,35.0
2025-07-28 12:00:00,,,-6.142436623573,-6.142436623573,22.709732949734,16.56729632616,0.098716558146,0.098716558146,,,-0.133212448932,-0.133212448932,0.098716558146,0.225682541944,3.018338788581,13.0,110.0,,64.0,65.0
2025-07-28 16:00:00,,,-10.642199397087,-10.642199397087,21.552174627781,10.909975230694,-0.077756241428,-0.077756241428,,,-0.704632974547,-0.704632974547,-0.077756241428,0.202068807874,3.048191072193,9.0,96.0,,48.0,47.0
2025-07-28 20:00:00,,,0.531269431114,0.531269431114,10.659084677696,11.19035410881,0.040629966598,0.040629966598,,,-0.029240005966,-0.029240005966,0.040629966598,0.500668858726,3.560741256597,21.0,92.0,,44.0,46.0
2025-07-29 00:00:00,0.0,0.0,-2.728713095188,-2.728713095188,9.127984464169,6.39927136898,0.18028874127,0.18028874127,-1.166865113688,-1.166865113688,0.060543543479,0.060543543479,0.18028874127,0.264834548646,2.68402494945,6.0,49.0,244.0,19.0,19.0
2025-07-29 04:00:00,,,-4.642870426178,-4.642870426178,7.724328398705,3.081457972527,-0.085301304092,-0.085301304092,,,0.019755150822,0.019755150822,-0.085301304092,0.249898589358,2.168489730353,11.0,42.0,,20.0,20.0
2025-07-29 08:00:00,,,0.114222228527,0.114222228527,11.034098565578,11.148320794106,0.100921756236,0.100921756236,,,0.086057792518,0.086057792518,0.100921756236,0.515020136675,3.191383991351,22.0,75.0,,53.0,53.0
2025-07-29 12:00:00,,,-15.324183642864,-15.324183642864,19.421511888504,4.09732824564,-0.230590038887,-0.230590038887,,,-1.041432808985,-1.041432808985,-0.230590038887,0.347297367403,2.925688591864,22.0,99.0,,53.0,53.0
2025-07-29 16:00:00,,,-5.373271822929,-5.373271822929,17.511010706425,12.137738883495,0.077288368164,0.077288368164,,,0.074865532914,0.074865532914,0.077288368164,0.201535647311,3.137609724994,9.0,90.0,,52.0,52.0
2025-07-29 20:00:00,,,-8.446128308773,-8.446128308773,20.41478741169,11.968659102917,0.005811779019,0.005811779019,,,-0.46105871099,-0.46105871099,0.005811779019,0.319106853096,3.606711918303,13.0,88.0,,50.0,51.0
2025-07-30 00:00:00,0.0,0.0,0.986873149872,0.986873149872,5.804391980171,6.791265130043,0.083352834746,0.083352834746,-0.37880663322,-0.37880663322,0.250714747169,0.250714747169,0.083352834746,0.381184646898,3.016000976777,8.0,47.0,220.0,19.0,19.0
2025-07-30 04:00:00,,,-4.405280351639,-4.405280351639,8.202863037586,3.797582685947,0.124470215627,0.124470215627,,,0.10805380809,0.10805380809,0.124470215627,0.494871399037,2.603997087651,17.0,45.0,,27.0,27.0
2025-07-30 08:00:00,,,-6.076247632504,-6.076247632504,11.187659144402,5.111411511898,-0.118419141861,-0.118419141861,,,-0.098437815586,-0.098437815586,-0.118419141861,0.577101211909,2.904700176322,18.0,63.0,,39.0,39.0
2025-07-30 12:00:00,,,-8.791159212589,-8.791159212589,17.917644381523,9.126485168934,-0.065682618517,-0.065682618517,,,-0.346193800277,-0.346193800277,-0.065682618517,0.172739596947,2.288270496471,9.0,80.0,,43.0,43.0
2025-07-30 16:00:00,,,-1.784997880459,-1.784997880459,17.883246541023,16.098248660564,0.041004825648,0.041004825648,,,0.193486240878,0.193486240878,0.041004825648,0.193876408241,2.784379813193,9.0,91.0,,61.0,61.0
2025-07-30 20:00:00,,,-3.771704256535,-3.771704256535,12.496912121773,8.725207865238,0.004908100814,0.004908100814,,,0.273614590191,0.273614590191,0.004908100814,0.088358901723,2.668542837347,4.0,63.0,,31.0,31.0
2025-07-31 00:00:00,0.0,0.0,-5.251210093498,-5.251210093498,11.357096791267,6.105886697769,0.048018785247,0.048018785247,-0.392808173664,-0.392808173664,0.19367217864,0.19367217864,0.048018785247,0.309979176057,3.892430613578,6.0,54.0,159.0,32.0,32.0
2025-07-31 04:00:00,,,-1.765496134758,-1.765496134758,6.488598883152,4.723102748394,0.097786572143,0.097786572143,,,0.431870664034,0.431870664034,0.097786572143,1.274446785358,2.165986972227,33.0,38.0,,11.0,11.0
2025-07-31 08:00:00,,,-6.31922274828,-6.31922274828,9.205232262611,2.886009514332,-0.06900923672,-0.06900923672,,,0.29030218148,0.29030218148,-0.06900923672,0.523305408616,2.625256406095,17.0,49.0,,15.0,15.0
2025-07-31 12:00:00,,,-10.073903262615,-10.073903262615,19.0833786726,9.009475409985,0.048424274854,0.048424274854,,,-0.331699076322,-0.331699076322,0.048424274854,0.217190234948,3.394933226,14.0,90.0,,34.0,34.0
2025-07-31 16:00:00,,,-2.683859467506,-2.683859467506,15.398375451565,12.714515984058,0.119684608048,0.119684608048,,,0.29858710581,0.29858710581,0.119684608048,0.355936183805,3.45102406574,15.0,84.0,,45.0,45.0
2025-07-31 20:00:00,,,-7.510659575462,-7.510659575462,16.827833235264,9.317173659801,-0.17738902406,-0.17738902406,,,0.123451501563,0.123451501563,-0.17738902406,0.426431234761,3.279701040631,14.0,64.0,,24.0,24.0
2025-08-01 00:00:00,0.0,0.0,-3.244501888752,-3.244501888752,7.174015760422,3.92951387167,0.07491087157,0.07491087157,-1.114442885576,-1.114442885576,0.384064374721,0.384064374721,0.07491087157,0.626253235529,3.15180876746,18.0,52.0,179.0,21.0,21.0
2025-08-01 04:00:00,,,-7.801983833313,-7.801983833313,10.1062682271,2.304284393787,-0.120379871128,-0.120379871128,,,-0.171025845949,-0.171025845949,-0.120379871128,0.487224441845,2.720990858961,14.0,44.0,,26.0,26.0
2025-08-01 08:00:00,,,-8.631152629852,-8.631152629852,13.421594440937,4.790441811085,0.056368490326,0.056368490326,,,-0.003917373499,-0.003917373499,0.056368490326,0.357029172912,2.225417587224,15.0,44.0,,20.0,20.0
2025-08-01 12:00:00,,,-8.437503278255,-8.437503278255,17.963672339916,9.526169061661,-0.221069799443,-0.221069799443,,,-1.005457896531,-1.005457896531,-0.221069799443,0.284313882305,3.230296587242,14.0,95.0,,53.0,53.0
2025-08-01 16:00:00,,,-13.829977869987,-13.829977869987,15.29192841053,1.461950540543,0.144827055329,0.144827055329,,,-0.64172079454,-0.64172079454,0.144827055329,0.215052924304,2.446007742426,8.0,59.0,,32.0,32.0
2025-08-01 20:00:00,,,-7.217419147491,-7.217419147491,12.700243771076,5.482824623585,0.072971244019,0.072971244019,,,0.019926037714,0.019926037714,0.072971244019,0.441156982061,3.360392930395,14.0,65.0,,25.0,25.0
2025-08-02 00:00:00,0.0,0.0,3.380126714706,3.380126714706,4.863234102726,8.243360817432,0.219456460741,0.219456460741,0.347265891994,0.347265891994,0.878784745276,0.878784745276,0.219456460741,0.824895079753,3.975521886629,18.0,53.0,146.0,28.0,28.0
2025-08-02 04:00:00,,,-1.302528619766,-1.302528619766,8.228744804859,6.926216185093,-0.085994544825,-0.085994544825,,,0.638369913206,0.638369913206,-0.085994544825,0.810973724499,3.069598847941,15.0,44.0,,18.0,16.0
2025-08-02 08:00:00,,,-1.929858088493,-1.929858088493,6.657332599163,4.72747451067,0.05806839109,0.05806839109,,,0.482574174505,0.482574174505,0.05806839109,0.470449901082,2.706695958145,12.0,36.0,,13.0,16.0
2025-08-02 12:00:00,,,-5.047724962234,-5.047724962234,8.087403655052,3.039678692818,-0.24813503012,-0.24813503012,,,0.144763007761,0.144763007761,-0.24813503012,0.345774953353,2.226606053768,11.0,41.0,,19.0,18.0
2025-08-02 16:00:00,,,-9.290740132332,-9.290740132332,17.900279819965,8.609539687634,-0.084669536621,-0.084669536621,,,-1.08710809241,-1.08710809241,-0.084669536621,0.385708446653,4.503004525798,16.0,91.0,,51.0,51.0
2025-08-02 20:00:00,,,0.519044876099,0.519044876099,2.713572204113,3.232617080212,0.165421373245,0.165421373245,,,0.588378304488,0.588378304488,0.165421373245,0.424432580678,2.082388289799,9.0,32.0,,12.0,12.0
2025-08-03 00:00:00,0.0,0.0,-2.232172846794,-2.232172846794,7.24216902256,5.009996175766,0.019315860884,0.019315860884,-0.22814603518,-0.22814603518,0.295189182917,0.295189182917,0.019315860884,0.557580293326,3.260108401283,9.0,35.0,127.0,18.0,18.0
2025-08-03 04:00:00,,,-0.306259214878,-0.306259214878,4.047981262207,3.741722047329,0.006834842766,0.006834842766,,,0.525081244057,0.525081244057,0.006834842766,0.433504493727,2.64003029097,11.0,35.0,,19.0,17.0
2025-08-03 08:00:00,,,-4.774577975273,-4.774577975273,7.996288597584,3.221710622311,-0.145000501892,-0.145000501892,,,0.233229102396,0.233229102396,-0.145000501892,0.500822492465,2.339241599301,12.0,31.0,,15.0,15.0
2025-08-03 12:00:00,,,-2.786468505859,-2.786468505859,7.339517533779,4.55304902792,-0.026286805844,-0.026286805844,,,0.276533038964,0.276533038964,-0.026286805844,0.218988099137,2.31906609662,6.0,42.0,,19.0,18.0
2025-08-03 16:00:00,,,-9.285710990429,-9.285710990429,15.575063705444,6.289352715015,-0.069983287855,-0.069983287855,,,-0.472882036372,-0.472882036372,-0.069983287855,0.178184556149,3.240286380558,6.0,63.0,,35.0,38.0
2025-08-03 20:00:00,,,-17.859186530113,-17.859186530113,19.344159662724,1.48497313261,-0.195852523861,-0.195852523861,,,-0.854526439794,-0.854526439794,-0.195852523861,0.366604860224,3.329087246743,13.0,58.0,,25.0,32.0
2025-08-04 00:00:00,0.0,0.0,-5.890506982803,-5.890506982803,8.846165895462,2.955658912659,0.142220389797,0.142220389797,-0.458019022125,-0.458019022125,0.007179757111,0.007179757111,0.142220389797,1.373273010477,3.802750430072,22.0,60.0,192.0,28.0,28.0
2025-08-04 04:00:00,,,-0.17965978384,-0.17965978384,3.935305833817,3.755646049976,0.164021446749,0.164021446749,,,0.537299087508,0.537299087508,0.164021446749,0.762105333212,3.349150920123,22.0,51.0,,18.0,18.0
2025-08-04 08:00:00,,,-4.32938015461,-4.32938015461,9.073925495148,4.744545340538,-0.259195982979,-0.259195982979,,,0.043765951291,0.043765951291,-0.259195982979,0.621740915227,3.074113964795,22.0,68.0,,23.0,26.0
2025-08-04 12:00:00,,,-10.825137853622,-10.825137853622,22.625599980354,11.800462126732,-0.028855526825,-0.028855526825,,,-1.400732225285,-1.400732225285,-0.028855526825,0.468936598395,3.687558084916,24.0,102.0,,46.0,48.0
2025-08-04 16:00:00,,,-9.538961172104,-9.538961172104,15.687539279461,6.148578107357,0.076082933651,0.076082933651,,,-0.542328705879,-0.542328705879,0.076082933651,0.428729597306,2.948472791235,24.0,84.0,,33.0,33.0
2025-08-04 20:00:00,,,0.336726665497,0.336726665497,11.327160298824,11.663886964321,0.050564255083,0.050564255083,,,0.672582287947,0.672582287947,0.050564255083,1.089556923045,3.668478236223,33.0,79.0,,34.0,34.0
2025-08-05 00:00:00,0.0,0.0,-2.554171204567,-2.554171204567,6.698909461498,4.144738256931,0.162376288,0.162376288,0.21992801181,0.21992801181,0.515124167654,0.515124167654,0.162376288,1.098476743687,4.119630139643,23.0,52.0,166.0,14.0,14.0
2025-08-05 04:00:00,,,1.529993057251,1.529993057251,3.273644030094,4.803637087345,0.03140293487,0.03140293487,,,0.560297516026,0.560297516026,0.03140293487,0.971060009617,3.372341771456,27.0,55.0,,21.0,21.0
2025-08-05 08:00:00,,,-4.352810919285,-4.352810919285,12.855425775051,8.502614855766,-0.216128852909,-0.216128852909,,,-0.08772502939,-0.08772502939,-0.216128852909,0.664220715738,3.582259033819,26.0,76.0,,33.0,35.0
2025-08-05 12:00:00,,,-5.859603047371,-5.859603047371,16.224956572056,10.365353524685,-0.054647961872,-0.054647961872,,,-0.104264572468,-0.104264572468,-0.054647961872,0.175649950611,2.291513264252,9.0,72.0,,33.0,33.0
2025-08-05 16:00:00,,,1.881598651409,1.881598651409,5.803170800209,7.684769451618,0.189647365354,0.189647365354,,,0.697324104186,0.697324104186,0.189647365354,0.461575880495,2.526178647526,17.0,68.0,,36.0,37.0
2025-08-05 20:00:00,,,-6.792832493782,-6.792832493782,12.986915826797,6.194083333015,-0.17721055549,-0.17721055549,,,-0.475434139017,-0.475434139017,-0.17721055549,0.231738378817,2.774631895237,7.0,57.0,,33.0,33.0
2025-08-06 00:00:00,0.0,0.0,-3.869129240513,-3.869129240513,7.04060536623,3.171476125717,0.076698784364,0.076698784364,0.577439828445,0.577439828445,0.336473479423,0.336473479423,0.076698784364,0.183716781573,2.505437639924,5.0,35.0,181.0,14.0,14.0
2025-08-06 04:00:00,,,3.34510153532,3.34510153532,5.727839171886,9.072940707207,0.22886253229,0.22886253229,,,1.076211877084,1.076211877084,0.22886253229,0.520320189147,2.811182004879,17.0,56.0,,29.0,29.0
2025-08-06 08:00:00,,,-5.661652266979,-5.661652266979,9.703538298607,4.041886031628,-0.215485809295,-0.215485809295,,,-0.334259044527,-0.334259044527,-0.215485809295,0.673270694131,2.009396264259,25.0,46.0,,27.0,27.0
2025-08-06 12:00:00,,,-5.069375872612,-5.069375872612,12.180932462215,7.111556589603,0.01455984423,0.01455984423,,,-0.192634078841,-0.192634078841,0.01455984423,0.226765667892,2.197744815105,15.0,75.0,,36.0,36.0
2025-08-06 16:00:00,,,-2.561757445335,-2.561757445335,13.348538637161,10.786781191826,-0.050029245426,-0.050029245426,,,-0.182001619045,-0.182001619045,-0.050029245426,0.209679319865,2.537506109091,11.0,77.0,,52.0,52.0
2025-08-06 20:00:00,,,8.341628968716,8.341628968716,5.723599076271,14.065228044987,0.223631542444,0.223631542444,,,1.094683909944,1.094683909944,0.223631542444,0.032552083333,2.617180487545,3.0,53.0,,24.0,26.0
2025-08-07 00:00:00,0.0,0.0,2.303122699261,2.303122699261,0.75679564476,3.059918344021,-0.125437084225,-0.125437084225,-0.059037919171,-0.059037919171,0.524782991966,0.524782991966,-0.125437084225,0.13374612297,1.90150579533,5.0,38.0,218.0,20.0,20.0
2025-08-07 04:00:00,,,-0.548098385334,-0.548098385334,8.736236453056,8.188138067722,-0.16534572567,-0.16534572567,,,-0.077074049164,-0.077074049164,-0.16534572567,0.284625532197,3.093369711327,11.0,60.0,,25.0,25.0
2025-08-07 08:00:00,,,4.000873684883,4.000873684883,4.74812078476,8.748994469643,-0.023524828241,-0.023524828241,,,0.405200117486,0.405200117486,-0.023524828241,0.110771821273,1.657525896007,5.0,44.0,,14.0,14.0
2025-08-07 12:00:00,,,-8.927732348442,-8.927732348442,24.693962275982,15.76622992754,-0.20248543308,-0.20248543308,,,-1.429676939247,-1.429676939247,-0.20248543308,0.23721239445,3.491097332459,10.0,115.0,,54.0,54.0
2025-08-07 16:00:00,,,-9.538890779018,-9.538890779018,14.290198802948,4.75130802393,0.122085455178,0.122085455178,,,-0.922751833076,-0.922751833076,0.122085455178,0.140190022115,2.500969495884,8.0,72.0,,45.0,45.0
2025-08-07 20:00:00,,,-5.498510301113,-5.498510301113,16.350120782852,10.851610481739,0.036379281276,0.036379281276,,,-0.650964390876,-0.650964390876,0.036379281276,0.088906500286,3.945032831389,4.0,105.0,,62.0,63.0
2025-08-08 00:00:00,0.0,0.0,2.002546966076,2.002546966076,8.279943466187,10.282490432262,0.074314947852,0.074314947852,0.613859273885,0.613859273885,0.373649310756,0.373649310756,0.074314947852,0.850765276338,3.030660336471,19.0,59.0,192.0,23.0,23.0
2025-08-08 04:00:00,,,-0.11367213726,-0.11367213726,6.45427697897,6.340604841709,-0.055175617373,-0.055175617373,,,0.239174748526,0.239174748526,-0.055175617373,0.904840588697,2.851126743549,20.0,58.0,,20.0,20.0
2025-08-08 08:00:00,,,-5.268316447735,-5.268316447735,9.13718444109,3.868867993355,-0.047186190534,-0.047186190534,,,-0.165878184103,-0.165878184103,-0.047186190534,0.844414980443,2.455394341053,27.0,64.0,,29.0,29.0
2025-08-08 12:00:00,,,4.092569351196,4.092569351196,16.031565070152,20.124134421349,0.069442516236,0.069442516236,,,0.689516676967,0.689516676967,0.069442516236,0.204140258754,2.464399061018,10.0,96.0,,56.0,56.0
2025-08-08 16:00:00,,,-4.110570311546,-4.110570311546,10.774538695812,6.663968384266,-0.072562740439,-0.072562740439,,,-0.196600422609,-0.196600422609,-0.072562740439,0.087774723522,2.053224532637,4.0,71.0,,41.0,41.0
2025-08-08 20:00:00,,,-0.988800168037,-0.988800168037,8.337720274925,7.348920106888,0.077714241447,0.077714241447,,,0.299889430557,0.299889430557,0.077714241447,0.168891561256,2.026563159974,5.0,53.0,,26.0,26.0
2025-08-09 00:00:00,0.0,0.0,0.916612803936,0.916612803936,5.573483169079,6.490095973015,0.048017753141,0.048017753141,0.755728306754,0.755728306754,0.36862256548,0.36862256548,0.048017753141,0.171996632818,2.618798107782,6.0,50.0,196.0,24.0,24.0
2025-08-09 04:00:00,,,-2.183945655823,-2.183945655823,11.124260544777,8.940314888954,-0.086392853404,-0.086392853404,,,0.001915978596,0.001915978596,-0.086392853404,0.192388114863,2.96021593958,6.0,71.0,,43.0,44.0
2025-08-09 08:00:00,,,10.095943212509,10.095943212509,5.167819142342,15.263762354851,0.36035201577,0.36035201577,,,1.07148102302,1.07148102302,0.36035201577,0.931334048844,3.232648537277,32.0,83.0,,29.0,29.0
2025-08-09 12:00:00,,,9.94069314003,9.94069314003,9.027130424976,18.967823565006,-0.20105404803,-0.20105404803,,,0.831972350918,0.831972350918,-0.20105404803,0.495308941341,3.178243861889,19.0,93.0,,26.0,26.0
2025-08-09 16:00:00,,,-9.187188982964,-9.187188982964,15.413582086563,6.2263931036,-0.286487001605,-0.286487001605,,,-0.666272983723,-0.666272983723,-0.286487001605,0.627213881663,2.995272660868,24.0,91.0,,42.0,42.0
2025-08-09 20:00:00,,,-10.046518862247,-10.046518862247,16.110953986645,6.064435124397,0.124775109363,0.124775109363,,,-0.439155339395,-0.439155339395,0.124775109363,0.823950451211,3.404495905776,25.0,83.0,,36.0,36.0
2025-08-10 00:00:00,0.0,0.0,-0.439525365829,-0.439525365829,12.581939816475,12.142414450645,0.059994979133,0.059994979133,-0.263226867986,-0.263226867986,0.341913221575,0.341913221575,0.059994979133,1.304252701633,5.315796504215,23.0,90.0,219.0,45.0,45.0
2025-08-10 04:00:00,,,-6.613964855671,-6.613964855671,15.892044961452,9.278080105782,-0.0384092632,-0.0384092632,,,-0.631743347969,-0.631743347969,-0.0384092632,0.798116011607,6.150904141134,16.0,97.0,,55.0,56.0
2025-08-10 08:00:00,,,-9.648299276829,-9.648299276829,13.052440941334,3.404141664505,-0.008812092392,-0.008812092392,,,-0.465622464705,-0.465622464705,-0.008812092392,0.913058142971,3.753243655726,22.0,71.0,,31.0,31.0
2025-08-10 12:00:00,,,-4.463377773762,-4.463377773762,12.824972569942,8.361594796181,-0.118535839026,-0.118535839026,,,-0.149110590245,-0.149110590245,-0.118535839026,0.528268479155,3.243466917822,20.0,85.0,,31.0,31.0
2025-08-10 16:00:00,,,-1.739633440971,-1.739633440971,6.510186374187,4.770552933216,0.179920198419,0.179920198419,,,-0.038123594299,-0.038123594299,0.179920198419,0.562596607747,3.223324268795,20.0,83.0,,37.0,37.0
2025-08-10 20:00:00,,,0.98067677021,0.98067677021,6.347536087036,7.328212857246,0.09688693181,0.09688693181,,,0.201924954023,0.201924954023,0.09688693181,0.629780376862,3.078816835073,16.0,71.0,,24.0,24.0
2025-08-11 00:00:00,0.0,0.0,0.830348134041,0.830348134041,12.87840873003,13.708756864071,-0.094137015456,-0.094137015456,-0.327052529914,-0.327052529914,0.522230563624,0.522230563624,-0.094137015456,0.882263054788,4.052707722079,23.0,95.0,213.0,52.0,52.0
2025-08-11 04:00:00,,,2.974707245827,2.974707245827,7.71922659874,10.693933844566,-0.013765553552,-0.013765553552,,,-0.054889639008,-0.054889639008,-0.013765553552,0.86908764055,3.400292350598,25.0,81.0,,32.0,32.0
2025-08-11 08:00:00,,,1.941789150238,1.941789150238,6.090565681458,8.032354831696,0.056271915516,0.056271915516,,,0.222845504755,0.222845504755,0.056271915516,0.953792111213,2.45009155982,33.0,68.0,,24.0,24.0
2025-08-11 12:00:00,,,-4.507153511047,-4.507153511047,17.460884690285,12.953731179237,-0.092857011126,-0.092857011126,,,-0.158464773967,-0.158464773967,-0.092857011126,0.613166626513,3.062366451877,29.0,102.0,,36.0,37.0
2025-08-11 16:00:00,,,-12.024917125702,-12.024917125702,20.719777524471,8.694860398769,-0.139931939744,-0.139931939744,,,-1.004750190854,-1.004750190854,-0.139931939744,0.579110777025,2.950668043435,25.0,101.0,,41.0,41.0
2025-08-11 20:00:00,,,-13.29153996706,-13.29153996706,17.860362410545,4.568822443485,-0.035199339025,-0.035199339025,,,-0.696505547609,-0.696505547609,-0.035199339025,0.634267609803,2.918688023919,20.0,81.0,,30.0,31.0
2025-08-12 00:00:00,0.0,0.0,-5.416950166225,-5.416950166225,10.100466251373,4.683516085148,0.20695848403,0.20695848403,-0.249326021494,-0.249326021494,-0.003163412814,-0.003163412814,0.20695848403,0.789377345693,3.442564008648,24.0,74.0,292.0,25.0,25.0
2025-08-12 04:00:00,,,7.428927183151,7.428927183151,4.118668437004,11.547595620155,0.279503423064,0.279503423064,,,1.113976076428,1.113976076428,0.279503423064,0.907867308548,3.710609999591,24.0,76.0,,36.0,36.0
2025-08-12 08:00:00,,,-7.229653179646,-7.229653179646,11.338456392288,4.108803212643,-0.23138404013,-0.23138404013,,,-0.176804158634,-0.176804158634,-0.23138404013,0.561021758459,2.688041068419,21.0,71.0,,34.0,34.0
2025-08-12 12:00:00,,,-8.8758289814,-8.8758289814,18.384409725666,9.508580744267,-0.079065085064,-0.079065085064,,,-0.907582656517,-0.907582656517,-0.079065085064,0.362667973664,2.33014240868,19.0,105.0,,52.0,52.0
2025-08-12 16:00:00,,,-2.463071644306,-2.463071644306,22.354447066784,19.891375422478,0.084170485039,0.084170485039,,,-0.378304420067,-0.378304420067,0.084170485039,0.906050574162,3.949345962861,47.0,152.0,,87.0,87.0
2025-08-12 20:00:00,,,0.113883793354,0.113883793354,16.176721215248,16.290605008602,0.072226622347,0.072226622347,,,-0.357033168048,-0.357033168048,0.072226622347,0.674876250423,3.359664492636,26.0,119.0,,61.0,64.0
2025-08-13 00:00:00,0.0,0.0,8.363749325275,8.363749325275,15.466068863869,23.829818189144,-0.01869915892,-0.01869915892,1.162615683827,1.162615683827,0.945507864025,0.945507864025,-0.01869915892,1.162748875547,5.359350239613,30.0,119.0,413.0,57.0,62.0
2025-08-13 04:00:00,,,4.589795947075,4.589795947075,13.168307483196,17.758103430271,0.014915637686,0.014915637686,,,0.647830065594,0.647830065594,0.014915637686,0.941240634243,4.419335177388,34.0,121.0,,63.0,63.0
2025-08-13 08:00:00,,,7.980545282364,7.980545282364,12.019671797752,20.000217080116,0.096906271859,0.096906271859,,,1.233464010231,1.233464010231,0.096906271859,0.726348811594,4.01604610857,32.0,135.0,,83.0,84.0
2025-08-13 12:00:00,,,-4.960956096649,-4.960956096649,20.381463766098,15.420507669449,-0.126610249157,-0.126610249157,,,-0.448313728802,-0.448313728802,-0.126610249157,0.5272492692,3.900284824159,28.0,161.0,,79.0,79.0
2025-08-13 16:00:00,,,-3.389171659946,-3.389171659946,17.79624658823,14.407074928284,-0.201763189929,-0.201763189929,,,-0.516443552712,-0.516443552712,-0.201763189929,0.568124791732,4.2019571069,26.0,165.0,,88.0,88.0
2025-08-13 20:00:00,,,-7.996136546135,-7.996136546135,17.097934603691,9.101798057556,-0.000831511346,-0.000831511346,,,-0.532074274501,-0.532074274501,-0.000831511346,0.572748471245,3.075728078684,24.0,105.0,,51.0,51.0
2025-08-14 00:00:00,0.0,0.0,-5.378127336502,-5.378127336502,15.657657444477,10.279530107975,0.10691857275,0.10691857275,-1.217786196164,-1.217786196164,-0.257243386488,-0.257243386488,0.10691857275,0.950407786822,3.924506054012,27.0,103.0,256.0,43.0,43.0
2025-08-14 04:00:00,,,-3.813694953918,-3.813694953918,10.389245510101,6.575550556183,0.072712006058,0.072712006058,,,0.142276174446,0.142276174446,0.072712006058,0.680212085734,3.499267606656,24.0,88.0,,38.0,38.0
2025-08-14 08:00:00,,,-10.491371929646,-10.491371929646,16.142567157745,5.6511952281,-0.236750191375,-0.236750191375,,,-0.201651049034,-0.201651049034,-0.236750191375,0.73299627216,2.696651088243,35.0,83.0,,29.0,31.0
2025-08-14 12:00:00,,,-3.553315222263,-3.553315222263,19.623334348202,16.070019125938,0.132795990966,0.132795990966,,,0.157917110588,0.157917110588,0.132795990966,0.449681287039,2.463279369705,29.0,114.0,,48.0,48.0
2025-08-14 16:00:00,,,-12.975109040737,-12.975109040737,25.690421640873,12.715312600136,-0.119542573604,-0.119542573604,,,-0.71908804585,-0.71908804585,-0.119542573604,0.55131983533,3.591831475034,23.0,122.0,,52.0,52.0
2025-08-14 20:00:00,,,-0.637086868286,-0.637086868286,14.952960014343,14.315873146057,0.260864544366,0.260864544366,,,0.463291425611,0.463291425611,0.260864544366,0.647586892537,3.807128575113,22.0,98.0,,48.0,50.0
2025-08-15 00:00:00,0.0,0.0,-0.094601333141,-0.094601333141,6.963435471058,6.868834137917,0.009610261124,0.009610261124,-0.52776758774,-0.52776758774,0.202847440347,0.202847440347,0.009610261124,0.86492332439,3.086223759233,21.0,54.0,164.0,12.0,12.0
2025-08-15 04:00:00,,,-2.220750272274,-2.220750272274,9.188691675663,6.967941403389,0.040966000708,0.040966000708,,,0.074398942717,0.074398942717,0.040966000708,0.906785792147,3.267164433204,23.0,66.0,,26.0,26.0
2025-08-15 08:00:00,,,-4.434538543224,-4.434538543224,10.830523610115,6.395985066891,-0.144836519981,-0.144836519981,,,0.033143901348,0.033143901348,-0.144836519981,0.461637572336,1.914973916832,21.0,61.0,,25.0,25.0
2025-08-15 12:00:00,,,-16.710239708424,-16.710239708424,19.157572984695,2.447333276272,-0.298604246811,-0.298604246811,,,-0.600925940948,-0.600925940948,-0.298604246811,0.411439468938,2.188518533972,21.0,84.0,,33.0,33.0
2025-08-15 16:00:00,,,-9.280314028263,-9.280314028263,16.977606832981,7.697292804718,0.074943742662,0.074943742662,,,-0.372652400232,-0.372652400232,0.074943742662,0.615480021764,2.956113964528,28.0,97.0,,46.0,46.0
2025-08-15 20:00:00,,,-5.30751901865,-5.30751901865,11.518275499344,6.210756480694,0.146764588017,0.146764588017,,,-0.047355897516,-0.047355897516,0.146764588017,0.216756043327,2.645040959931,7.0,57.0,,23.0,23.0
2025-08-16 00:00:00,0.0,0.0,-3.946384191513,-3.946384191513,9.441618621349,5.495234429836,0.030190286812,0.030190286812,0.48639965832,0.48639965832,0.269968026105,0.269968026105,0.030190286812,0.246442141465,2.428571251296,6.0,42.0,97.0,18.0,18.0
2025-08-16 04:00:00,,,-9.673242211342,-9.673242211342,13.562640547752,3.889398336411,0.187465646506,0.187465646506,,,0.283586646054,0.283586646054,0.187465646506,0.098454785955,1.855974251072,3.0,37.0,,15.0,15.0
2025-08-16 08:00:00,,,1.893177807331,1.893177807331,5.110554099083,7.003731906414,0.061196208335,0.061196208335,,,0.445626545016,0.445626545016,0.061196208335,0.291294037247,1.56448668261,11.0,40.0,,12.0,12.0
2025-08-16 12:00:00,,,-6.967202067375,-6.967202067375,8.548612773418,1.581410706043,-0.244127572641,-0.244127572641,,,-0.058773275402,-0.058773275402,-0.244127572641,0.054531695157,1.278565492367,2.0,35.0,,21.0,21.0
2025-08-16 16:00:00,,,1.775054991245,1.775054991245,3.979454874992,5.754509866238,0.168369317372,0.168369317372,,,0.395450960306,0.395450960306,0.168369317372,0.096140417252,1.70970789239,3.0,44.0,,20.0,20.0
2025-08-16 20:00:00,,,2.913022816181,2.913022816181,6.118382036686,9.031404852867,0.089972655299,0.089972655299,,,0.336263185389,0.336263185389,0.089972655299,0.063131313131,1.892644591304,1.0,38.0,,12.0,12.0
2025-08-17 00:00:00,0.0,0.0,-3.528642654419,-3.528642654419,12.292134165764,8.763491511345,-0.29759805151,-0.29759805151,-0.075922205283,-0.075922205283,0.159938283412,0.159938283412,-0.29759805151,0.082659219312,2.434473186289,2.0,46.0,169.0,14.0,14.0
2025-08-17 04:00:00,,,-6.135605692863,-6.135605692863,9.064215838909,2.928610146046,-0.110984749874,-0.110984749874,,,-0.147472338004,-0.147472338004,-0.110984749874,0.214658211803,1.939160788912,4.0,45.0,,26.0,25.0
2025-08-17 08:00:00,,,3.357922255993,3.357922255993,7.506406545639,10.864328801632,0.18994577817,0.18994577817,,,0.84029394022,0.84029394022,0.18994577817,0.281264677744,2.470178396368,9.0,52.0,,28.0,26.0
2025-08-17 12:00:00,,,-6.963769495487,-6.963769495487,11.526280581951,4.562511086464,-0.143718416656,-0.143718416656,,,-0.53872811656,-0.53872811656,-0.143718416656,0.090663826562,2.195619706346,4.0,63.0,,34.0,34.0
2025-08-17 16:00:00,,,-8.736378490925,-8.736378490925,14.929457426071,6.193078935146,0.051657622942,0.051657622942,,,0.116243465863,0.116243465863,0.051657622942,0.090815499113,2.279751923653,4.0,66.0,,29.0,29.0
2025-08-17 20:00:00,,,-1.622100770473,-1.622100770473,7.85703253746,6.234931766987,0.036752678178,0.036752678178,,,0.165111098002,0.165111098002,0.036752678178,0.673355964079,2.406687898393,24.0,63.0,,22.0,22.0
2025-08-18 00:00:00,0.0,0.0,-3.453477501869,-3.453477501869,8.741637766361,5.288160264492,0.128193019696,0.128193019696,-1.169414800775,-1.169414800775,0.081202018803,0.081202018803,0.128193019696,0.919058006248,3.529506861814,22.0,75.0,243.0,30.0,30.0
2025-08-18 04:00:00,,,-5.934320032597,-5.934320032597,14.67008382082,8.735763788223,-0.139710795816,-0.139710795816,,,-0.807444011097,-0.807444011097,-0.139710795816,1.1658971599,4.834126862007,29.0,102.0,,59.0,58.0
2025-08-18 08:00:00,,,-2.02299195528,-2.02299195528,5.831076622009,3.808084666729,0.094782941803,0.094782941803,,,0.226006845688,0.226006845688,0.094782941803,0.570684206297,1.924666975109,27.0,66.0,,33.0,31.0
2025-08-18 12:00:00,,,-7.195420384407,-7.195420384407,13.744103431702,6.548683047295,-0.073983757361,-0.073983757361,,,-0.624116471932,-0.624116471932,-0.073983757361,0.348765205764,2.163301246189,18.0,81.0,,33.0,32.0
2025-08-18 16:00:00,,,-9.582652807236,-9.582652807236,13.524780094624,3.942127287388,-0.130186062323,-0.130186062323,,,-1.171439865479,-1.171439865479,-0.130186062323,0.443902686766,2.471415077709,21.0,82.0,,56.0,56.0
2025-08-18 20:00:00,,,-10.129309177399,-10.129309177399,12.460140943527,2.330831766129,0.078749293681,0.078749293681,,,-0.585217964301,-0.585217964301,0.078749293681,0.116087239796,2.099142980196,5.0,57.0,,32.0,32.0
2025-08-19 00:00:00,0.0,0.0,-1.070759654045,-1.070759654045,5.812677145004,4.741917490959,0.093361597853,0.093361597853,-0.453524004956,-0.453524004956,0.396406549391,0.396406549391,0.093361597853,0.156308424752,2.059188484611,5.0,44.0,238.0,24.0,23.0
2025-08-19 04:00:00,,,1.48093432188,1.48093432188,7.783586680889,9.264521002769,0.306346252105,0.306346252105,,,0.729581549919,0.729581549919,0.306346252105,0.214479766837,2.400253550356,8.0,61.0,,41.0,40.0
2025-08-19 08:00:00,,,-5.939116835594,-5.939116835594,14.716241002083,8.777124166489,-0.11484291213,-0.11484291213,,,-0.25732003833,-0.25732003833,-0.11484291213,0.262273276511,2.353460171558,12.0,72.0,,51.0,49.0
2025-08-19 12:00:00,,,-10.252623617649,-10.252623617649,17.266290545464,7.013666927814,-0.229700623413,-0.229700623413,,,-0.689892357737,-0.689892357737,-0.229700623413,0.0909090012,1.874894868628,5.0,75.0,,38.0,36.0
2025-08-19 16:00:00,,,-9.340817987919,-9.340817987919,20.371989309788,11.031171321869,0.015928694903,0.015928694903,,,-0.50286485139,-0.50286485139,0.015928694903,0.184372272953,2.781730431668,8.0,84.0,,41.0,41.0
2025-08-19 20:00:00,,,0.061192035675,0.061192035675,9.56416541338,9.625357449055,0.113381021649,0.113381021649,,,0.556661160794,0.556661160794,0.113381021649,0.350606347495,2.649151628647,11.0,67.0,,33.0,33.0
2025-08-20 00:00:00,0.0,0.0,-0.382648348808,-0.382648348808,10.408320784569,10.02567243576,-0.003900874964,-0.003900874964,0.750939610873,0.750939610873,0.528865859335,0.528865859335,-0.003900874964,0.268353174603,3.948997295934,5.0,67.0,225.0,30.0,29.0
2025-08-20 04:00:00,,,6.07952183485,6.07952183485,4.881334364414,10.960856199265,0.117666688919,0.117666688919,,,1.11766037604,1.11766037604,0.117666688919,0.837498061098,3.450580494023,18.0,64.0,,34.0,34.0
2025-08-20 08:00:00,,,2.470014214516,2.470014214516,8.578533828259,11.048548042774,-0.126695762742,-0.126695762742,,,0.586806031466,0.586806031466,-0.126695762742,0.689492468863,2.617377059696,28.0,75.0,,34.0,34.0
2025-08-20 12:00:00,,,6.373448610306,6.373448610306,8.955145299435,15.32859390974,0.307150819337,0.307150819337,,,1.486599901912,1.486599901912,0.307150819337,0.557636262707,2.656676745836,25.0,98.0,,54.0,54.0
2025-08-20 16:00:00,,,-7.879724919796,-7.879724919796,11.70452696085,3.824802041054,-0.401921241155,-0.401921241155,,,-0.513826788617,-0.513826788617,-0.401921241155,0.460657664187,2.343432963425,18.0,69.0,,37.0,37.0
2025-08-20 20:00:00,,,-7.303372740746,-7.303372740746,12.066688120365,4.76331537962,0.149523489172,0.149523489172,,,-0.395331710286,-0.395331710286,0.149523489172,1.099463552579,3.526968441424,23.0,68.0,,29.0,29.0
2025-08-21 00:00:00,0.0,0.0,1.840966761112,1.840966761112,6.493387281895,8.334354043007,0.140652652584,0.140652652584,0.419472804111,0.419472804111,0.502563038113,0.502563038113,0.140652652584,0.897213124865,3.303272173233,21.0,66.0,166.0,25.0,24.0
2025-08-21 04:00:00,,,-2.838965237141,-2.838965237141,5.848923206329,3.009957969189,-0.205566807024,-0.205566807024,,,0.099214267365,0.099214267365,-0.205566807024,0.787077969812,2.848421765459,22.0,59.0,,26.0,25.0
2025-08-21 08:00:00,,,0.597579300404,0.597579300404,7.434628486633,8.032207787037,0.131850099547,0.131850099547,,,0.311897618477,0.311897618477,0.131850099547,0.284679417855,2.015305879946,9.0,52.0,,15.0,15.0
2025-08-21 12:00:00,,,-4.841756641865,-4.841756641865,11.939956128597,7.098199486732,-0.253780968423,-0.253780968423,,,-0.404632067231,-0.404632067231,-0.253780968423,0.110785097487,1.984067638285,5.0,71.0,,38.0,38.0
2025-08-21 16:00:00,,,-5.820855438709,-5.820855438709,13.668496251106,7.847640812397,0.163558031537,0.163558031537,,,-0.498655895148,-0.498655895148,0.163558031537,0.070240695241,2.354368259523,3.0,69.0,,33.0,33.0
2025-08-21 20:00:00,,,0.802290141582,0.802290141582,3.256309330463,4.058599472046,0.062571761903,0.062571761903,,,0.334987696046,0.334987696046,0.062571761903,0.0,2.367056120083,0.0,48.0,,27.0,27.0
2025-08-22 00:00:00,0.0,0.0,-9.358773648739,-9.358773648739,12.33451384306,2.975740194321,0.025134314647,0.025134314647,-2.224671602926,-2.224671602926,-0.422735074381,-0.422735074381,0.025134314647,0.022644927536,2.608304584318,1.0,50.0,358.0,21.0,22.0
2025-08-22 04:00:00,,,0.101367235184,0.101367235184,6.782539188862,6.883906424046,0.149059368658,0.149059368658,,,0.395434720996,0.395434720996,0.149059368658,0.240807101074,2.591171937284,7.0,51.0,,22.0,21.0
2025-08-22 08:00:00,,,-4.881966292858,-4.881966292858,13.171735227108,8.28976893425,-0.176776340083,-0.176776340083,,,-0.101764494458,-0.101764494458,-0.176776340083,0.579186502275,2.588517945415,22.0,71.0,,28.0,26.0
2025-08-22 12:00:00,,,-12.1338737607,-12.1338737607,38.00194901228,25.868075251579,-0.111445472445,-0.111445472445,,,-0.827018441529,-0.827018441529,-0.111445472445,0.52724671031,5.03287986903,26.0,196.0,,120.0,118.0
2025-08-22 16:00:00,,,-3.132290899754,-3.132290899754,24.449355125427,21.317064225674,0.21953147077,0.21953147077,,,-0.075720994384,-0.075720994384,0.21953147077,0.672893204812,5.266611452495,30.0,191.0,,99.0,99.0
2025-08-22 20:00:00,,,-12.594508230686,-12.594508230686,23.286613225937,10.692104995251,-0.052420525697,-0.052420525697,,,-0.336763402569,-0.336763402569,-0.052420525697,0.832650170222,4.248094814086,25.0,121.0,,55.0,55.0
2025-08-23 00:00:00,0.0,0.0,-5.719111740589,-5.719111740589,16.34765869379,10.628546953201,-0.072261595178,-0.072261595178,0.161793470072,0.161793470072,0.096492655771,0.096492655771,-0.072261595178,0.915361651669,5.114185909092,16.0,85.0,180.0,39.0,39.0
2025-08-23 04:00:00,,,-7.828360199928,-7.828360199928,9.433099687099,1.604739487171,0.039852167406,0.039852167406,,,0.065517015239,0.065517015239,0.039852167406,1.129826816136,3.637898369364,23.0,65.0,,25.0,25.0
2025-08-23 08:00:00,,,4.578962206841,4.578962206841,6.394491732121,10.973453938961,0.276419385307,0.276419385307,,,0.296742917668,0.296742917668,0.276419385307,0.403939520903,2.990763925284,14.0,59.0,,22.0,22.0
2025-08-23 12:00:00,,,-3.852468252182,-3.852468252182,9.307353556156,5.454885303974,-0.188383213566,-0.188383213566,,,0.154071122266,0.154071122266,-0.188383213566,0.287939759771,1.957435103339,6.0,53.0,,25.0,24.0
2025-08-23 16:00:00,,,-0.415443658829,-0.415443658829,12.968206822872,12.552763164043,0.020491659551,0.020491659551,,,0.170614723203,0.170614723203,0.020491659551,0.145502645503,3.049662898036,4.0,73.0,,30.0,30.0
2025-08-23 20:00:00,,,-3.878056228161,-3.878056228161,10.180919885635,6.302863657475,0.137765529796,0.137765529796,,,0.153980265435,0.153980265435,0.137765529796,0.110324302135,2.476595424805,3.0,47.0,,22.0,22.0
2025-08-24 00:00:00,0.0,0.0,-4.02467161417,-4.02467161417,8.522983849049,4.498312234879,-0.025412414813,-0.025412414813,-0.465435352025,-0.465435352025,0.193745733721,0.193745733721,-0.025412414813,0.091670125917,2.521567150395,2.0,38.0,224.0,30.0,22.0
2025-08-24 04:00:00,,,-1.044893801212,-1.044893801212,8.890716910362,7.84582310915,0.026085370961,0.026085370961,,,0.205451840853,0.205451840853,0.026085370961,0.204653900057,2.645497085084,7.0,55.0,,30.0,28.0
2025-08-24 08:00:00,,,-5.174848735332,-5.174848735332,9.161339461803,3.986490726471,-0.061068939229,-0.061068939229,,,0.128008376853,0.128008376853,-0.061068939229,0.340664631718,2.444342472715,9.0,50.0,,26.0,26.0
2025-08-24 12:00:00,,,0.091598451138,0.091598451138,6.679487287998,6.771085739136,-0.299728429847,-0.299728429847,,,0.193416365148,0.193416365148,-0.299728429847,0.291676234488,2.943377011269,12.0,87.0,,48.0,47.0
2025-08-24 16:00:00,,,-10.433490037918,-10.433490037918,18.602512121201,8.169022083282,-0.173367790396,-0.173367790396,,,-0.159060923568,-0.159060923568,-0.173367790396,0.155873331588,2.493439873284,8.0,94.0,,55.0,55.0
2025-08-24 20:00:00,,,-7.537107050419,-7.537107050419,15.68734306097,8.150236010551,0.191708201649,0.191708201649,,,0.10311725114,0.10311725114,0.191708201649,0.016534391534,2.477116998193,1.0,79.0,,29.0,29.0
2025-08-25 00:00:00,0.0,0.0,-1.507080256939,-1.507080256939,9.919097900391,8.412017643452,0.154496682108,0.154496682108,-0.919318823703,-0.919318823703,0.376089265248,0.376089265248,0.154496682108,0.232271204987,2.834207442564,7.0,61.0,210.0,29.0,27.0
2025-08-25 04:00:00,,,-3.26278924942,-3.26278924942,9.59426176548,6.33147251606,-0.01759098958,-0.01759098958,,,0.259621775147,0.259621775147,-0.01759098958,0.13237231334,1.814782644091,5.0,46.0,,20.0,19.0
2025-08-25 08:00:00,,,-4.402367532253,-4.402367532253,16.034957170486,11.632589638233,0.078056379837,0.078056379837,,,-0.09963652137,-0.09963652137,0.078056379837,0.013354700855,2.152546514833,1.0,73.0,,42.0,40.0
2025-08-25 12:00:00,,,-8.350409269333,-8.350409269333,16.211899757385,7.861490488052,-0.17767597198,-0.17767597198,,,-0.728101270677,-0.728101270677,-0.17767597198,0.309496382808,2.373050429343,15.0,90.0,,46.0,46.0
2025-08-25 16:00:00,,,-12.402242720127,-12.402242720127,19.526315927505,7.124073207378,-0.092079265993,-0.092079265993,,,-1.02303330336,-1.02303330336,-0.092079265993,0.54499984804,2.684412448768,22.0,87.0,,35.0,35.0
2025-08-25 20:00:00,,,-11.529758393764,-11.529758393764,18.350268244743,6.820509850979,0.118081496047,0.118081496047,,,-0.887305920235,-0.887305920235,0.118081496047,0.443921917293,3.004673446803,16.0,94.0,,38.0,37.0
2025-08-26 00:00:00,0.0,0.0,-8.972529947758,-8.972529947758,16.0296869874,7.057157039642,-0.113270238418,-0.113270238418,-0.490059580742,-0.490059580742,-0.383654944564,-0.383654944564,-0.113270238418,0.825574918673,3.988031020784,20.0,75.0,185.0,36.0,36.0
2025-08-26 04:00:00,,,-6.928869962692,-6.928869962692,10.803360104561,3.874490141869,0.172345014653,0.172345014653,,,0.134583743425,0.134583743425,0.172345014653,0.234154503843,1.995397540699,8.0,47.0,,28.0,28.0
2025-08-26 08:00:00,,,-1.186451077461,-1.186451077461,7.61402374506,6.427572667599,0.104395796848,0.104395796848,,,0.483097562227,0.483097562227,0.104395796848,0.116023426417,1.421267147477,5.0,44.0,,18.0,18.0
2025-08-26 12:00:00,,,-6.073344826698,-6.073344826698,18.424857676029,12.351512849331,0.034976910178,0.034976910178,,,0.125835174772,0.125835174772,0.034976910178,0.091069762896,2.14753608559,5.0,87.0,,33.0,33.0
2025-08-26 16:00:00,,,-10.792195141315,-10.792195141315,18.021847128868,7.229651987553,-0.273518959103,-0.273518959103,,,-1.135017660659,-1.135017660659,-0.273518959103,0.144855780111,2.74720644345,6.0,101.0,,45.0,45.0
2025-08-26 20:00:00,,,-1.732203841209,-1.732203841209,12.792567133904,11.060363292694,0.160121341184,0.160121341184,,,0.310261025426,0.310261025426,0.160121341184,0.135491617833,2.267898917616,3.0,67.0,,26.0,28.0
2025-08-27 00:00:00,0.0,0.0,-2.487518787384,-2.487518787384,8.649817466736,6.162298679352,0.181730223112,0.181730223112,-0.062679448189,-0.062679448189,0.560997762249,0.560997762249,0.181730223112,0.155483474145,2.360349315544,4.0,46.0,164.0,19.0,19.0
2025-08-27 04:00:00,,,2.006079316139,2.006079316139,7.196720778942,9.202800095081,-0.207809141869,-0.207809141869,,,0.605587366264,0.605587366264,-0.207809141869,0.178534006442,2.430800616446,7.0,63.0,,32.0,35.0
2025-08-27 08:00:00,,,-6.091690480709,-6.091690480709,9.256279051304,3.164588570595,0.017629407985,0.017629407985,,,0.350630641333,0.350630641333,0.017629407985,0.089998458893,1.627084521354,5.0,50.0,,14.0,14.0
2025-08-27 12:00:00,,,-1.742480695248,-1.742480695248,10.014029860497,8.271549165249,0.111710190836,0.111710190836,,,0.517164755067,0.517164755067,0.111710190836,0.146524760718,1.940168946877,9.0,74.0,,39.0,39.0
2025-08-27 16:00:00,,,-10.856524705887,-10.856524705887,14.125764608383,3.269239902496,-0.206860020766,-0.206860020766,,,-0.632450687476,-0.632450687476,-0.206860020766,0.101844964242,2.048790595602,5.0,70.0,,36.0,36.0
2025-08-27 20:00:00,,,-8.09605628252,-8.09605628252,10.977380096912,2.881323814392,0.241925201782,0.241925201782,,,0.113672037335,0.113672037335,0.241925201782,0.109158312859,1.992683082173,5.0,59.0,,27.0,27.0
2025-08-28 00:00:00,0.0,0.0,-4.809065997601,-4.809065997601,9.584047496319,4.774981498718,0.064323601,0.064323601,-1.045475161428,-1.045475161428,0.338812662266,0.338812662266,0.064323601,0.071230274693,2.361400218623,2.0,52.0,206.0,14.0,14.0
2025-08-28 04:00:00,,,-5.559900343418,-5.559900343418,14.304369449615,8.744469106197,0.005791341316,0.005791341316,,,0.117242949746,0.117242949746,0.005791341316,0.263311520867,2.513735141545,10.0,68.0,,32.0,32.0
2025-08-28 08:00:00,,,-4.252090573311,-4.252090573311,9.819628536701,5.56753796339,-0.032561769357,-0.032561769357,,,0.378734675831,0.378734675831,-0.032561769357,0.288151167269,1.948922659679,14.0,65.0,,26.0,26.0
2025-08-28 12:00:00,,,-7.915795147419,-7.915795147419,15.906476140022,7.990680992603,-0.124317484926,-0.124317484926,,,-1.024774082132,-1.024774082132,-0.124317484926,0.08562320372,2.224298333473,6.0,106.0,,60.0,60.0
2025-08-28 16:00:00,,,-16.852267980576,-16.852267980576,22.900643706322,6.048375725746,-0.040768058531,-0.040768058531,,,-1.033043652635,-1.033043652635,-0.040768058531,0.192036162031,2.738294120581,9.0,90.0,,40.0,40.0
2025-08-28 20:00:00,,,-7.238858699799,-7.238858699799,15.133945286274,7.895086586475,0.125758971135,0.125758971135,,,-0.101095767315,-0.101095767315,0.125758971135,0.454080859047,2.870529236881,12.0,78.0,,35.0,35.0
2025-08-29 00:00:00,0.0,0.0,-10.721288561821,-10.721288561821,12.9202003479,2.198911786079,-0.024312294416,-0.024312294416,-1.233988073717,-1.233988073717,-0.141910608637,-0.141910608637,-0.024312294416,0.340427941234,2.340321011532,7.0,45.0,209.0,27.0,27.0
2025-08-29 04:00:00,,,-0.998761832714,-0.998761832714,6.391226291656,5.392464458942,0.225743140578,0.225743140578,,,0.40813978135,0.40813978135,0.225743140578,0.274175841646,2.145772749209,9.0,53.0,,23.0,23.0
2025-08-29 08:00:00,,,-9.464902698994,-9.464902698994,13.268080353737,3.803177654743,-0.303078692245,-0.303078692245,,,-0.067076715326,-0.067076715326,-0.303078692245,0.247010142259,1.40956196931,10.0,46.0,,22.0,22.0
2025-08-29 12:00:00,,,-15.402799904346,-15.402799904346,24.019563913345,8.616764008999,-0.154567052033,-0.154567052033,,,-1.542733381413,-1.542733381413,-0.154567052033,0.347360904342,2.788709115619,19.0,110.0,,47.0,47.0
2025-08-29 16:00:00,,,-8.619789481163,-8.619789481163,23.6027739048,14.982984423637,0.13195302338,0.13195302338,,,-0.306416524896,-0.306416524896,0.13195302338,0.292595859012,3.387694443662,13.0,111.0,,59.0,59.0
2025-08-29 20:00:00,,,-6.360894143581,-6.360894143581,14.39006459713,8.029170453548,0.023045043787,0.023045043787,,,0.160571255105,0.160571255105,0.023045043787,0.76640397349,3.306622497565,27.0,81.0,,33.0,33.0
2025-08-30 00:00:00,0.0,0.0,-4.317520081997,-4.317520081997,9.97852230072,5.661002218723,0.111174355356,0.111174355356,0.281039595764,0.281039595764,0.457145180427,0.457145180427,0.111174355356,1.344347447864,3.345101265589,29.0,60.0,154.0,15.0,15.0
2025-08-30 04:00:00,,,-0.388164877892,-0.388164877892,6.389863550663,6.001698672771,0.11876083689,0.11876083689,,,0.612367358591,0.612367358591,0.11876083689,1.064588984865,3.216479947756,25.0,71.0,,28.0,28.0
2025-08-30 08:00:00,,,0.626523017883,0.626523017883,3.856796264648,4.483319282532,0.030941751135,0.030941751135,,,0.539765063778,0.539765063778,0.030941751135,0.738987018439,2.357878140336,21.0,64.0,,27.0,28.0
2025-08-30 12:00:00,,,-10.681236982346,-10.681236982346,15.394711971283,4.713474988937,-0.195843421228,-0.195843421228,,,-0.067000671112,-0.067000671112,-0.195843421228,0.777834307211,2.570017999709,26.0,80.0,,33.0,33.0
2025-08-30 16:00:00,,,-2.69305729866,-2.69305729866,9.928451418877,7.235394120216,0.096226405487,0.096226405487,,,0.429798365828,0.429798365828,0.096226405487,0.660466720154,2.379299343859,20.0,67.0,,26.0,26.0
2025-08-30 20:00:00,,,-2.036952137947,-2.036952137947,7.388893663883,5.351941525936,-0.048508189868,-0.048508189868,,,0.419558733204,0.419558733204,-0.048508189868,0.729747307327,2.559376790223,19.0,62.0,,26.0,26.0
2025-08-31 00:00:00,0.0,0.0,-1.883038520813,-1.883038520813,8.945423364639,7.062384843826,0.195849202982,0.195849202982,-0.138511512789,-0.138511512789,0.637048880805,0.637048880805,0.195849202982,0.988226525617,3.261352843595,18.0,61.0,153.0,24.0,24.0
2025-08-31 04:00:00,,,-0.247142791748,-0.247142791748,7.295001029968,7.04785823822,-0.071208251839,-0.071208251839,,,0.39173979825,0.39173979825,-0.071208251839,0.864670045045,2.175843131874,24.0,54.0,,28.0,28.0
2025-08-31 08:00:00,,,-1.86741143465,-1.86741143465,4.133333563805,2.265922129154,-0.058771215493,-0.058771215493,,,0.282732270683,0.282732270683,-0.058771215493,0.765645835585,2.239199237678,21.0,53.0,,23.0,23.0
2025-08-31 12:00:00,,,-11.978348314762,-11.978348314762,13.474872112274,1.496523797512,-0.143671843866,-0.143671843866,,,-0.321192759799,-0.321192759799,-0.143671843866,0.713511569962,2.448151078617,23.0,77.0,,33.0,33.0
2025-08-31 16:00:00,,,-9.148200273514,-9.148200273514,11.516072154045,2.367871880531,0.054034007188,0.054034007188,,,-0.187918185136,-0.187918185136,0.054034007188,0.708795123924,2.207281857862,21.0,64.0,,28.0,28.0
2025-08-31 20:00:00,,,-8.50188010931,-8.50188010931,10.663593053818,2.161712944508,0.041625628333,0.041625628333,,,0.148434873807,0.148434873807,0.041625628333,0.39730523333,1.600261735616,12.0,44.0,,17.0,17.0
2025-09-01 00:00:00,0.0,0.0,-7.412911236286,-7.412911236286,15.064123213291,7.651211977005,-0.041171397761,-0.041171397761,-0.473962064831,-0.473962064831,0.095381658196,0.095381658196,-0.041171397761,0.182459645427,3.231867582913,6.0,68.0,204.0,32.0,32.0
2025-09-01 04:00:00,,,-7.459081351757,-7.459081351757,13.126699566841,5.667618215084,0.007880996135,0.007880996135,,,-0.824843695535,-0.824843695535,0.007880996135,0.174685477794,2.552296598212,6.0,70.0,,45.0,45.0
2025-09-01 08:00:00,,,-4.077076017857,-4.077076017857,9.502647697926,5.425571680069,0.031583265755,0.031583265755,,,0.054226779976,0.054226779976,0.031583265755,0.159725686981,1.392763944934,7.0,53.0,,34.0,34.0
2025-09-01 12:00:00,,,-1.018020987511,-1.018020987511,11.996133923531,10.97811293602,0.055402422365,0.055402422365,,,0.43048876909,0.43048876909,0.055402422365,0.276260179616,2.076570395696,15.0,85.0,,43.0,43.0
2025-09-01 16:00:00,,,-7.022338628769,-7.022338628769,11.574968039989,4.552629411221,-0.134371031513,-0.134371031513,,,-0.248863788968,-0.248863788968,-0.134371031513,0.134326254285,1.97191523719,5.0,71.0,,30.0,30.0
2025-09-01 20:00:00,,,-6.976932525635,-6.976932525635,14.316965281963,7.340032756329,0.00921413433,0.00921413433,,,-0.12283162199,-0.12283162199,0.00921413433,0.089739980135,2.044802210619,4.0,63.0,,23.0,23.0
2025-09-02 00:00:00,0.0,0.0,0.025983810425,0.025983810425,9.511095941067,9.537079751492,0.092823230036,0.092823230036,1.123925748388,1.123925748388,0.315113548185,0.315113548185,0.092823230036,0.285558182178,2.015055033082,10.0,51.0,239.0,32.0,33.0
2025-09-02 04:00:00,,,0.75335919857,0.75335919857,3.242215096951,3.995574295521,0.038682073343,0.038682073343,,,0.604875212934,0.604875212934,0.038682073343,0.434175303256,2.114258123854,18.0,58.0,,28.0,28.0
2025-09-02 08:00:00,,,-4.0685364604,-4.0685364604,12.353858828545,8.285322368145,0.0174633756,0.0174633756,,,0.133911234499,0.133911234499,0.0174633756,0.296131923718,1.649504075242,13.0,54.0,,28.0,28.0
2025-09-02 12:00:00,,,-1.17189925909,-1.17189925909,13.371863126755,12.199963867664,0.003723873813,0.003723873813,,,0.241251576396,0.241251576396,0.003723873813,0.155275130161,1.701684236295,9.0,76.0,,43.0,43.0
2025-09-02 16:00:00,,,9.482928574085,9.482928574085,15.039007246494,24.52193582058,0.135792932498,0.135792932498,,,2.369135276262,2.369135276262,0.135792932498,0.450095347865,2.533610089027,24.0,103.0,,69.0,69.0
2025-09-02 20:00:00,,,0.848177373409,0.848177373409,13.487628519535,14.335805892944,-0.090784080986,-0.090784080986,,,0.431942352071,0.431942352071,-0.090784080986,0.551442191014,2.516376838744,20.0,72.0,,48.0,48.0
2025-09-03 00:00:00,0.0,0.0,4.357608735561,4.357608735561,9.311766445637,13.669375181198,0.000528783889,0.000528783889,1.258125524368,1.258125524368,0.579519749488,0.579519749488,0.000528783889,0.169733044733,2.787400000385,6.0,69.0,208.0,37.0,37.0
2025-09-03 04:00:00,,,2.847008705139,2.847008705139,4.912666380405,7.759675085545,-0.041213556236,-0.041213556236,,,0.329091209674,0.329091209674,-0.041213556236,0.214992183742,2.005274223765,8.0,54.0,,27.0,27.0
2025-09-03 08:00:00,,,8.196127355099,8.196127355099,2.857639729977,11.053767085075,0.005881433381,0.005881433381,,,0.535773985714,0.535773985714,0.005881433381,0.100250782273,1.06646276373,5.0,41.0,,23.0,23.0
2025-09-03 12:00:00,,,0.505369901657,0.505369901657,10.508191585541,11.013561487198,0.000822386078,0.000822386078,,,0.072563229411,0.072563229411,0.000822386078,0.080739393191,1.55633703567,6.0,82.0,,45.0,45.0
2025-09-03 16:00:00,,,-6.284154474735,-6.284154474735,18.643713712692,12.359559237957,-0.210265872852,-0.210265872852,,,-0.966693386439,-0.966693386439,-0.210265872852,0.240276503659,2.133057692807,15.0,97.0,,55.0,55.0
2025-09-03 20:00:00,,,1.07630610466,1.07630610466,6.346654474735,7.422960579395,0.131375185931,0.131375185931,,,-0.035235413387,-0.035235413387,0.131375185931,0.293818081209,1.898301925299,11.0,57.0,,23.0,23.0
2025-09-04 00:00:00,0.0,0.0,-4.933596014977,-4.933596014977,9.429379284382,4.495783269405,-0.019036068486,-0.019036068486,0.093981462287,0.093981462287,-0.360385026552,-0.360385026552,-0.019036068486,0.055105003022,2.117851021547,3.0,57.0,198.0,30.0,30.0
2025-09-04 04:00:00,,,4.966038823128,4.966038823128,6.673789680004,11.639828503132,0.243090301426,0.243090301426,,,0.529004684651,0.529004684651,0.243090301426,0.458038773726,1.606015307593,21.0,51.0,,26.0,27.0
2025-09-04 08:00:00,,,-7.226232171059,-7.226232171059,11.752855360508,4.526623189449,-0.235700037242,-0.235700037242,,,-0.557564318502,-0.557564318502,-0.235700037242,0.434017420353,1.52740850303,23.0,56.0,,29.0,29.0
2025-09-04 12:00:00,,,0.167371273041,0.167371273041,11.801819145679,11.96919041872,0.18683585524,0.18683585524,,,0.06251521119,0.06251521119,0.18683585524,0.46241930006,1.580920949341,31.0,76.0,,39.0,39.0
2025-09-04 16:00:00,,,-8.205580949783,-8.205580949783,15.24838334322,7.042802393436,-0.251504674373,-0.251504674373,,,-1.012884041296,-1.012884041296,-0.251504674373,0.192732271835,1.719376797814,12.0,75.0,,39.0,39.0
2025-09-04 20:00:00,,,-4.537182867527,-4.537182867527,11.835934877396,7.298752009869,0.010333563748,0.010333563748,,,-0.205005455451,-0.205005455451,0.010333563748,0.140382184209,1.624185256625,6.0,60.0,,36.0,37.0
2025-09-05 00:00:00,0.0,0.0,-2.682087421417,-2.682087421417,9.795685052872,7.113597631454,0.218282030574,0.218282030574,0.011089337087,0.011089337087,-0.281520660936,-0.281520660936,0.218282030574,0.201081783287,1.913866461292,8.0,56.0,223.0,24.0,24.0
2025-09-05 04:00:00,,,-3.289475381374,-3.289475381374,8.707313656807,5.417838275433,-0.113071464381,-0.113071464381,,,-0.360470492905,-0.360470492905,-0.113071464381,0.275879024265,1.617416494088,13.0,50.0,,27.0,27.0
2025-09-05 08:00:00,,,-0.012244880199,-0.012244880199,8.947332799435,8.935087919235,0.096143902695,0.096143902695,,,0.159219772373,0.159219772373,0.096143902695,0.355536249656,1.856923143298,19.0,70.0,,49.0,49.0
2025-09-05 12:00:00,,,-13.693716347218,-13.693716347218,20.120323002338,6.426606655121,-0.338194654687,-0.338194654687,,,-1.823647199739,-1.823647199739,-0.338194654687,0.250936419634,1.985074970692,15.0,93.0,,50.0,50.0
2025-09-05 16:00:00,,,-3.573248326778,-3.573248326778,12.322799623013,8.749551296234,0.254733101952,0.254733101952,,,-0.048386466663,-0.048386466663,0.254733101952,0.365546150263,1.783450041695,21.0,79.0,,45.0,45.0
2025-09-05 20:00:00,,,3.749166965485,3.749166965485,7.552766025066,11.301932990551,0.087606848878,0.087606848878,,,0.699291758564,0.699291758564,0.087606848878,0.283005358105,1.552709725961,15.0,56.0,,33.0,33.0
2025-09-06 00:00:00,0.0,0.0,6.002245008945,6.002245008945,4.887477636337,10.889722645283,-0.045666472829,-0.045666472829,0.544252717894,0.544252717894,0.604971479526,0.604971479526,-0.045666472829,0.416491392758,2.019538442115,12.0,48.0,148.0,27.0,27.0
2025-09-06 04:00:00,,,-4.274101853371,-4.274101853371,8.27825909853,4.004157245159,-0.141917927896,-0.141917927896,,,0.054290574922,0.054290574922,-0.141917927896,0.191312199863,1.2352346654,9.0,37.0,,20.0,20.0
2025-09-06 08:00:00,,,-4.232154488564,-4.232154488564,9.117631971836,4.885477483273,0.024980593481,0.024980593481,,,-0.049105448743,-0.049105448743,0.024980593481,0.2805111869,1.464713039645,11.0,41.0,,21.0,21.0
2025-09-06 12:00:00,,,1.14714974165,1.14714974165,9.239326536655,10.386476278305,0.124349781736,0.124349781736,,,0.516914619116,0.516914619116,0.124349781736,0.282290894912,2.07321327916,12.0,66.0,,30.0,30.0
2025-09-06 16:00:00,,,-8.036624372005,-8.036624372005,12.921649038792,4.885024666786,-0.067466168178,-0.067466168178,,,-0.420586433765,-0.420586433765,-0.067466168178,0.18493125894,2.150621779422,7.0,64.0,,31.0,31.0
2025-09-06 20:00:00,,,-0.83453387022,-0.83453387022,5.564403414726,4.729869544506,0.050510060289,0.050510060289,,,0.223259880887,0.223259880887,0.050510060289,0.086129148629,1.726062448575,3.0,36.0,,21.0,21.0
2025-09-07 00:00:00,0.0,0.0,-2.797640383244,-2.797640383244,7.452532589436,4.654892206192,0.029536287385,0.029536287385,0.544202236195,0.544202236195,0.239327109918,0.239327109918,0.029536287385,0.746354058722,2.563858312725,14.0,37.0,124.0,15.0,15.0
2025-09-07 04:00:00,,,-0.025527358055,-0.025527358055,3.321547031403,3.296019673347,0.02363673066,0.02363673066,,,0.284752565187,0.284752565187,0.02363673066,0.619498398031,2.160006344403,8.0,33.0,,19.0,19.0
2025-09-07 08:00:00,,,-1.857607364655,-1.857607364655,7.960915803909,6.103308439255,-0.097402035492,-0.097402035492,,,0.127185929786,0.127185929786,-0.097402035492,0.358967440705,1.91711643124,7.0,34.0,,16.0,16.0
2025-09-07 12:00:00,,,-5.114378273487,-5.114378273487,15.382184803486,10.267806529999,-0.148753704229,-0.148753704229,,,-0.523302844322,-0.523302844322,-0.148753704229,0.208781589452,3.033876267817,7.0,78.0,,42.0,42.0
2025-09-07 16:00:00,,,-2.603810966015,-2.603810966015,11.95712685585,9.353315889835,0.16195306623,0.16195306623,,,0.210039300145,0.210039300145,0.16195306623,0.15122656152,1.655146770155,6.0,48.0,,15.0,15.0
2025-09-07 20:00:00,,,0.093547523022,0.093547523022,7.2540974617,7.347644984722,-0.048232336468,-0.048232336468,,,0.312810633666,0.312810633666,-0.048232336468,0.37609558092,2.275625707904,8.0,48.0,,18.0,18.0
2025-09-08 00:00:00,0.0,0.0,-0.012502670288,-0.012502670288,7.130450189114,7.117947518826,-0.011718243647,-0.011718243647,0.216049470088,0.216049470088,0.166195274245,0.166195274245,-0.011718243647,0.224193734469,1.999189302624,8.0,39.0,195.0,15.0,15.0
2025-09-08 04:00:00,,,-4.230987668037,-4.230987668037,7.979353606701,3.748365938663,-0.249120705531,-0.249120705531,,,-0.231914365389,-0.231914365389,-0.249120705531,0.311290197512,1.713638569502,11.0,43.0,,18.0,18.0
2025-09-08 08:00:00,,,5.706315934658,5.706315934658,5.632150113583,11.338466048241,0.280286250035,0.280286250035,,,0.954169266525,0.954169266525,0.280286250035,0.104537248926,1.941978676136,6.0,62.0,,38.0,38.0
2025-09-08 12:00:00,,,-2.48751449585,-2.48751449585,17.356149077415,14.868634581566,-0.153227811148,-0.153227811148,,,-0.038994534483,-0.038994534483,-0.153227811148,0.156605478742,2.235181406249,11.0,88.0,,56.0,57.0
2025-09-08 16:00:00,,,-9.874269783497,-9.874269783497,16.770087301731,6.895817518234,-0.105674652952,-0.105674652952,,,-1.305942079528,-1.305942079528,-0.105674652952,0.132637663001,2.580254085269,7.0,85.0,,45.0,45.0
2025-09-08 20:00:00,,,-6.912858664989,-6.912858664989,11.699950814247,4.787092149258,0.164392522003,0.164392522003,,,-0.275195898097,-0.275195898097,0.164392522003,0.052195581897,1.870143688813,2.0,47.0,,24.0,24.0
2025-09-09 00:00:00,0.0,0.0,-1.915871024132,-1.915871024132,9.445586144924,7.529715120792,0.101222066379,0.101222066379,0.112314629179,0.112314629179,0.106578526986,0.106578526986,0.101222066379,0.263075234952,3.057498127469,8.0,66.0,214.0,29.0,29.0
2025-09-09 04:00:00,,,0.962041020393,0.962041020393,9.512073457241,10.474114477634,0.292411053782,0.292411053782,,,0.398175437786,0.398175437786,0.292411053782,0.168730897898,2.774238222705,8.0,70.0,,36.0,41.0
2025-09-09 08:00:00,,,4.78482234478,4.78482234478,5.766518414021,10.551340758801,-0.010209593539,-0.010209593539,,,0.559782906746,0.559782906746,-0.010209593539,0.091100955409,1.572411883234,5.0,56.0,,24.0,25.0
2025-09-09 12:00:00,,,-11.203557014465,-11.203557014465,28.341650247574,17.138093233109,-0.431864452511,-0.431864452511,,,-1.706623753832,-1.706623753832,-0.431864452511,0.283428772123,2.896066100843,17.0,129.0,,60.0,61.0
2025-09-09 16:00:00,,,-9.622282862663,-9.622282862663,16.086988806725,6.464705944061,0.101463331912,0.101463331912,,,-0.645640804073,-0.645640804073,0.101463331912,0.100547904327,2.765500029044,8.0,97.0,,50.0,61.0
2025-09-09 20:00:00,,,-2.384409368038,-2.384409368038,11.011102378368,8.62669301033,0.168267831001,0.168267831001,,,0.159593048382,0.159593048382,0.168267831001,0.031235431235,2.250198030306,2.0,63.0,,24.0,24.0
2025-09-10 00:00:00,0.0,0.0,-3.512587249279,-3.512587249279,9.798627793789,6.28604054451,-0.063706451938,-0.063706451938,0.017941418086,0.017941418086,0.181463546749,0.181463546749,-0.063706451938,0.19727850264,2.39478551997,8.0,52.0,275.0,19.0,19.0
2025-09-10 04:00:00,,,0.702538251877,0.702538251877,8.715669631958,9.418207883835,0.007449867053,0.007449867053,,,0.264822706612,0.264822706612,0.007449867053,0.559486268218,3.452023668614,21.0,86.0,,46.0,52.0
2025-09-10 08:00:00,,,11.63735550642,11.63735550642,8.832026958466,20.469382464886,0.32388380703,0.32388380703,,,1.123501748142,1.123501748142,0.32388380703,0.919567595795,2.371337038931,42.0,74.0,,44.0,44.0
2025-09-10 12:00:00,,,-7.226338207722,-7.226338207722,28.197462916374,20.971124708652,-0.178837147307,-0.178837147307,,,-0.697183866186,-0.697183866186,-0.178837147307,0.686818251266,3.129467388041,44.0,143.0,,86.0,86.0
2025-09-10 16:00:00,,,-11.257047593594,-11.257047593594,19.160853326321,7.903805732727,-0.156046832591,-0.156046832591,,,-0.775725630096,-0.775725630096,-0.156046832591,0.326814118348,2.808901892961,19.0,99.0,,54.0,54.0
2025-09-10 20:00:00,,,-6.963536441326,-6.963536441326,13.262008070946,6.29847162962,0.135453761935,0.135453761935,,,-0.34204410825,-0.34204410825,0.135453761935,0.32030238857,2.584024075481,14.0,67.0,,29.0,31.0
2025-09-11 00:00:00,0.0,0.0,-2.971390426159,-2.971390426159,8.423052847385,5.451662421227,-0.025486435844,-0.025486435844,1.222111046136,1.222111046136,0.256653353369,0.256653353369,-0.025486435844,0.532779105478,2.410505353468,18.0,60.0,214.0,35.0,37.0
2025-09-11 04:00:00,,,-0.285792946815,-0.285792946815,10.44873726368,10.162944316864,0.084035058884,0.084035058884,,,0.356843091549,0.356843091549,0.084035058884,0.307538107544,2.739388381194,14.0,77.0,,29.0,40.0
2025-09-11 08:00:00,,,7.965107142925,7.965107142925,5.700142562389,13.665249705315,0.143577146611,0.143577146611,,,0.818283285216,0.818283285216,0.143577146611,0.886367955186,2.087937855424,52.0,76.0,,42.0,45.0
2025-09-11 12:00:00,,,3.562694489956,3.562694489956,9.133727669716,12.696422159672,-0.148215703179,-0.148215703179,,,0.644839684925,0.644839684925,-0.148215703179,0.495989163309,2.14251079145,32.0,84.0,,44.0,45.0
2025-09-11 16:00:00,,,-2.617119669914,-2.617119669914,8.006821513176,5.389701843262,-0.021477044126,-0.021477044126,,,-0.007204751486,-0.007204751486,-0.021477044126,0.152862069763,1.745832429081,10.0,59.0,,32.0,32.0
2025-09-11 20:00:00,,,1.289288818836,1.289288818836,11.539718449116,12.829007267952,0.081357766764,0.081357766764,,,0.218925004406,0.218925004406,0.081357766764,0.430456714224,2.674925067388,23.0,87.0,,41.0,41.0
2025-09-12 00:00:00,0.0,0.0,9.852044463158,9.852044463158,13.867319881916,23.719364345074,0.241010544569,0.241010544569,1.215396271703,1.215396271703,1.388815772473,1.388815772473,0.241010544569,0.277626907075,3.755860013631,15.0,106.0,343.0,78.0,80.0
2025-09-12 04:00:00,,,-3.360563576221,-3.360563576221,18.852642297745,15.492078721523,-0.101440958207,-0.101440958207,,,-0.905173795896,-0.905173795896,-0.101440958207,0.652119511937,4.869984973056,26.0,131.0,,101.0,102.0
2025-09-12 08:00:00,,,2.125811040401,2.125811040401,8.732420563698,10.858231604099,-0.128472630634,-0.128472630634,,,-0.075991236169,-0.075991236169,-0.128472630634,0.492736040793,1.570559685804,31.0,63.0,,40.0,40.0
2025-09-12 12:00:00,,,1.375082612038,1.375082612038,6.717965364456,8.093047976494,0.165315380989,0.165315380989,,,0.124329004468,0.124329004468,0.165315380989,0.266714363673,1.510295135039,18.0,67.0,,36.0,36.0
2025-09-12 16:00:00,,,0.700521409512,0.700521409512,8.814003109932,9.514524519444,0.029375714804,0.029375714804,,,0.099315847484,0.099315847484,0.029375714804,0.264421031641,2.087017266466,18.0,93.0,,63.0,63.0
2025-09-12 20:00:00,,,-5.897071003914,-5.897071003914,13.921054005623,8.023983001709,-0.090198239496,-0.090198239496,,,-0.288412275959,-0.288412275959,-0.090198239496,0.201529437762,2.04905773049,13.0,67.0,,36.0,36.0
2025-09-13 00:00:00,0.0,0.0,-2.16162019968,-2.16162019968,8.453432023525,6.291811823845,0.042240187697,0.042240187697,0.157252098857,0.157252098857,0.024064866481,0.024064866481,0.042240187697,0.199359101885,2.258459495245,7.0,59.0,295.0,37.0,37.0
2025-09-13 04:00:00,,,-1.01311981678,-1.01311981678,9.017051815987,8.003931999207,-0.146411634337,-0.146411634337,,,-0.199051450886,-0.199051450886,-0.146411634337,0.23090336505,2.959991423761,16.0,84.0,,64.0,64.0
2025-09-13 08:00:00,,,0.375524044037,0.375524044037,11.642296373844,12.017820417881,0.054527944264,0.054527944264,,,0.034005816029,0.034005816029,0.054527944264,0.287307371127,2.139187723417,23.0,87.0,,59.0,59.0
2025-09-13 12:00:00,,,-3.933842718601,-3.933842718601,11.936929583549,8.003086864948,-0.061188083815,-0.061188083815,,,-0.100551070493,-0.100551070493,-0.061188083815,0.242416286535,1.671984870883,15.0,61.0,,33.0,35.0
2025-09-13 16:00:00,,,-7.616023242474,-7.616023242474,15.505902290344,7.889879047871,-0.035297853916,-0.035297853916,,,-0.517764689008,-0.517764689008,-0.035297853916,0.344626294874,2.346663244428,19.0,69.0,,44.0,44.0
2025-09-13 20:00:00,,,2.805948853493,2.805948853493,11.498244464397,14.30419331789,0.14060957674,0.14060957674,,,0.414863733404,0.414863733404,0.14060957674,0.968392936856,3.099770289805,58.0,93.0,,60.0,60.0
2025-09-14 00:00:00,0.0,0.0,6.724811375141,6.724811375141,6.907721340656,13.632532715797,0.024943953705,0.024943953705,1.621140026935,1.621140026935,0.578648230719,0.578648230719,0.024943953705,0.564202528394,2.510754525189,34.0,74.0,275.0,52.0,52.0
2025-09-14 04:00:00,,,3.639699816704,3.639699816704,11.8981564641,15.537856280804,0.000408869226,0.000408869226,,,0.249842892895,0.249842892895,0.000408869226,0.526624989881,2.642069110414,32.0,86.0,,49.0,50.0
2025-09-14 08:00:00,,,2.931918621063,2.931918621063,5.912122666836,8.844041287899,-0.031275930517,-0.031275930517,,,0.086029540252,0.086029540252,-0.031275930517,0.387921921922,1.520704322934,35.0,58.0,,40.0,40.0
2025-09-14 12:00:00,,,-2.883736133575,-2.883736133575,15.69690912962,12.813172996044,-0.171581126748,-0.171581126748,,,-0.202018688877,-0.202018688877,-0.171581126748,0.287375484747,2.363732214496,22.0,99.0,,51.0,51.0
2025-09-14 16:00:00,,,-0.963415086269,-0.963415086269,8.193739950657,7.230324864388,0.115101428106,0.115101428106,,,-0.09063583484,-0.09063583484,0.115101428106,0.431119865358,1.890450163426,30.0,72.0,,43.0,43.0
2025-09-14 20:00:00,,,0.15918648243,0.15918648243,10.417232036591,10.57641851902,0.015612365513,0.015612365513,,,-0.037940040158,-0.037940040158,0.015612365513,0.326414112133,2.326855760254,22.0,73.0,,40.0,40.0
2025-09-15 00:00:00,0.0,0.0,2.311563134193,2.311563134193,9.58453053236,11.896093666553,0.048871277027,0.048871277027,0.326518679831,0.326518679831,0.230701671121,0.230701671121,0.048871277027,0.149993766158,1.978841238982,10.0,63.0,263.0,38.0,38.0
2025-09-15 04:00:00,,,3.055330395699,3.055330395699,9.931949973106,12.987280368805,-0.126581043509,-0.126581043509,,,0.109923105789,0.109923105789,-0.126581043509,0.236628867206,2.230725418596,19.0,74.0,,32.0,33.0
2025-09-15 08:00:00,,,-5.488634765148,-5.488634765148,15.911852955818,10.42321819067,-0.18573099977,-0.18573099977,,,-0.512511840893,-0.512511840893,-0.18573099977,0.367883247736,2.233002471567,29.0,92.0,,48.0,48.0
2025-09-15 12:00:00,,,-7.160025238991,-7.160025238991,24.493659853935,17.333634614944,-0.012263071323,-0.012263071323,,,-1.241934479139,-1.241934479139,-0.012263071323,0.381358254748,2.744124494466,35.0,128.0,,68.0,68.0
2025-09-15 16:00:00,,,-10.558436512947,-10.558436512947,19.917035698891,9.358599185944,-0.054971708939,-0.054971708939,,,-1.23586440244,-1.23586440244,-0.054971708939,0.289613779971,2.486488609583,22.0,102.0,,53.0,53.0
2025-09-15 20:00:00,,,7.099001288414,7.099001288414,4.156868577003,11.255869865417,0.222020770855,0.222020770855,,,0.6591639412,0.6591639412,0.222020770855,0.270133854832,2.111321593171,19.0,69.0,,32.0,32.0
2025-09-16 00:00:00,0.0,0.0,-3.711364626884,-3.711364626884,13.23700594902,9.525641322136,-0.190864428848,-0.190864428848,-0.246877239194,-0.246877239194,-0.167507672834,-0.167507672834,-0.190864428848,0.545153828622,2.64657931125,28.0,75.0,246.0,28.0,30.0
2025-09-16 04:00:00,,,5.021094143391,5.021094143391,5.152221858501,10.173316001892,0.236675477568,0.236675477568,,,0.304905056753,0.304905056753,0.236675477568,0.380458616105,2.00801260125,24.0,59.0,,29.0,31.0
2025-09-16 08:00:00,,,-0.000540077686,-0.000540077686,8.663600981236,8.663060903549,-0.074959435306,-0.074959435306,,,0.135185656268,0.135185656268,-0.074959435306,0.418002121068,2.168632711368,28.0,73.0,,38.0,38.0
2025-09-16 12:00:00,,,-8.561721146107,-8.561721146107,22.840141475201,14.278420329094,-0.260772463943,-0.260772463943,,,-1.141059378371,-1.141059378371,-0.260772463943,0.331431195609,2.48162429576,25.0,116.0,,61.0,62.0
2025-09-16 16:00:00,,,-8.410124897957,-8.410124897957,17.288915157318,8.878790259361,0.156680071878,0.156680071878,,,-0.465648058301,-0.465648058301,0.156680071878,0.212653287687,2.240117595739,18.0,93.0,,51.0,51.0
2025-09-16 20:00:00,,,-5.80848890543,-5.80848890543,16.219117999077,10.410629093647,-0.01513912343,-0.01513912343,,,-0.159528887673,-0.159528887673,-0.01513912343,0.270228645477,2.731230525156,14.0,89.0,,43.0,43.0
2025-09-17 00:00:00,0.0,0.0,-8.466957509518,-8.466957509518,16.930921018124,8.463963508606,-0.036512619594,-0.036512619594,-2.768289722235,-2.768289722235,-0.157146053895,-0.157146053895,-0.036512619594,0.117238084008,2.768526850819,6.0,64.0,284.0,31.0,31.0
2025-09-17 04:00:00,,,-0.632024109364,-0.632024109364,7.530227601528,6.898203492165,0.103920287153,0.103920287153,,,0.446617645144,0.446617645144,0.103920287153,0.389573086564,2.012335507321,22.0,63.0,,33.0,33.0
2025-09-17 08:00:00,,,-4.415180623531,-4.415180623531,12.630284845829,8.215104222298,-0.223161161214,-0.223161161214,,,-0.156521165827,-0.156521165827,-0.223161161214,0.14018179564,1.843501248312,11.0,72.0,,42.0,42.0
2025-09-17 12:00:00,,,-15.617015421391,-15.617015421391,32.1777780056,16.560762584209,-0.093830657415,-0.093830657415,,,-1.486229311019,-1.486229311019,-0.093830657415,0.233196422705,2.669355499823,21.0,125.0,,66.0,66.0
2025-09-17 16:00:00,,,-27.586915075779,-27.586915075779,43.788518428802,16.201603353024,-0.064114983895,-0.064114983895,,,-2.499763701447,-2.499763701447,-0.064114983895,0.354622371409,3.588652201475,31.0,157.0,,86.0,86.0
2025-09-17 20:00:00,,,-1.867368757725,-1.867368757725,12.936302483082,11.068933725357,0.318486395152,0.318486395152,,,0.397094286761,0.397094286761,0.318486395152,0.256756909987,2.092482752316,14.0,72.0,,28.0,28.0
2025-09-18 00:00:00,0.0,0.0,3.116783559322,3.116783559322,7.214867770672,10.331651329994,0.015647490815,0.015647490815,1.278239718654,1.278239718654,0.533723456512,0.533723456512,0.015647490815,0.257592594581,2.037264799955,15.0,60.0,185.0,31.0,31.0
2025-09-18 04:00:00,,,3.551686167717,3.551686167717,6.636633455753,10.18831962347,-0.021339522344,-0.021339522344,,,0.515053162653,0.515053162653,-0.021339522344,0.302462227816,2.009788667919,15.0,57.0,,24.0,24.0
2025-09-18 08:00:00,,,-1.838458359241,-1.838458359241,5.868391215801,4.02993285656,-0.259380243941,-0.259380243941,,,0.283380294518,0.283380294518,-0.259380243941,0.186457666238,1.463580334378,14.0,55.0,,24.0,24.0
2025-09-18 12:00:00,,,1.168629169464,1.168629169464,10.369355499744,11.537984669209,0.106774215458,0.106774215458,,,0.444993341279,0.444993341279,0.106774215458,0.197430379981,1.820696669438,17.0,78.0,,47.0,47.0
2025-09-18 16:00:00,,,-0.607808887959,-0.607808887959,14.994601428509,14.38679254055,-0.104560924121,-0.104560924121,,,0.343129252027,0.343129252027,-0.104560924121,0.107400891217,1.971033796082,11.0,86.0,,39.0,39.0
2025-09-18 20:00:00,,,0.516775727272,0.516775727272,8.340024769306,8.856800496578,0.106796185047,0.106796185047,,,0.343825324061,0.343825324061,0.106796185047,0.123633337533,1.535603205777,8.0,46.0,,21.0,21.0
2025-09-19 00:00:00,0.0,0.0,0.236863970757,0.236863970757,8.288149535656,8.525013506413,-0.055607551068,-0.055607551068,1.243587956711,1.243587956711,0.334057929105,0.334057929105,-0.055607551068,0.235914271678,2.590777071946,13.0,69.0,178.0,27.0,28.0
2025-09-19 04:00:00,,,0.517763674259,0.517763674259,8.462601304054,8.980364978313,-0.004912321377,-0.004912321377,,,0.289234343303,0.289234343303,-0.004912321377,0.311110726979,2.330373074185,23.0,66.0,,25.0,25.0
2025-09-19 08:00:00,,,2.909475922585,2.909475922585,4.871136009693,7.780611932278,-0.074440031733,-0.074440031733,,,0.387963545743,0.387963545743,-0.074440031733,0.136240711651,1.56582730737,14.0,55.0,,22.0,22.0
2025-09-19 12:00:00,,,-5.358536481857,-5.358536481857,17.944984078407,12.58644759655,-0.122832219468,-0.122832219468,,,0.024437864152,0.024437864152,-0.122832219468,0.174859518392,1.897734436717,12.0,79.0,,34.0,34.0
2025-09-19 16:00:00,,,3.144473075867,3.144473075867,12.53794580698,15.682418882847,0.084068640108,0.084068640108,,,0.423745471928,0.423745471928,0.084068640108,0.147709103046,2.071274097668,11.0,75.0,,41.0,41.0
2025-09-19 20:00:00,,,4.054858207703,4.054858207703,7.345518946648,11.40037715435,0.099282881943,0.099282881943,,,0.472773560815,0.472773560815,0.099282881943,0.062033490507,1.905614806049,6.0,53.0,,30.0,30.0
2025-09-20 00:00:00,0.0,0.0,1.969823896885,1.969823896885,7.75653719902,9.726361095905,-0.087342412912,-0.087342412912,1.025699336315,1.025699336315,0.251481430319,0.251481430319,-0.087342412912,0.129409338154,1.858491552913,5.0,33.0,150.0,14.0,14.0
2025-09-20 04:00:00,,,0.589374125004,0.589374125004,8.741959393024,9.331333518028,-0.012115482956,-0.012115482956,,,0.243090191609,0.243090191609,-0.012115482956,0.295326213946,2.092025338565,16.0,48.0,,24.0,24.0
2025-09-20 08:00:00,,,0.855006098747,0.855006098747,5.82609307766,6.681099176407,0.029191914206,0.029191914206,,,-0.189125675502,-0.189125675502,0.029191914206,0.331484003523,1.43851849634,13.0,48.0,,27.0,27.0
2025-09-20 12:00:00,,,-3.433619439602,-3.433619439602,15.219611048698,11.785991609097,-0.158491458859,-0.158491458859,,,-0.926002121123,-0.926002121123,-0.158491458859,0.363242794268,2.050111117865,23.0,69.0,,34.0,34.0
2025-09-20 16:00:00,,,-0.978846013546,-0.978846013546,10.465572357178,9.486726343632,0.063373274825,0.063373274825,,,-0.115949088908,-0.115949088908,0.063373274825,0.369831186219,2.33842664933,15.0,65.0,,30.0,30.0
2025-09-20 20:00:00,,,1.128656387329,1.128656387329,7.051734268665,8.180390655994,0.056700641004,0.056700641004,,,0.223958856857,0.223958856857,0.056700641004,0.081798294829,2.142493882836,5.0,48.0,,23.0,23.0
2025-09-21 00:00:00,0.0,0.0,-3.530236005783,-3.530236005783,6.631680488586,3.101444482803,-0.011080005627,-0.011080005627,0.4139155514,0.4139155514,-0.171528904282,-0.171528904282,-0.011080005627,0.198796868227,1.727011992577,7.0,36.0,148.0,18.0,18.0
2025-09-21 04:00:00,,,-2.722170293331,-2.722170293331,7.735119044781,5.01294875145,-0.09861102306,-0.09861102306,,,-0.238934960938,-0.238934960938,-0.09861102306,0.15268509098,1.917966677308,6.0,38.0,,21.0,21.0
2025-09-21 08:00:00,,,2.194190621376,2.194190621376,9.010856628418,11.205047249794,0.085371191805,0.085371191805,,,0.339219782701,0.339219782701,0.085371191805,0.15214797901,2.244834467209,8.0,59.0,,34.0,35.0
2025-09-21 12:00:00,,,-4.065436542034,-4.065436542034,8.037414073944,3.97197753191,-0.072012494136,-0.072012494136,,,-0.425053338113,-0.425053338113,-0.072012494136,0.116241340139,1.685811548127,7.0,53.0,,29.0,29.0
2025-09-21 16:00:00,,,-1.641159415245,-1.641159415245,8.047936201096,6.406776785851,0.093533960035,0.093533960035,,,-0.023639592035,-0.023639592035,0.093533960035,0.047815860215,2.151518052771,4.0,59.0,,26.0,26.0
2025-09-21 20:00:00,,,-7.688641250134,-7.688641250134,7.688641250134,0.0,-0.099649273071,-0.099649273071,,,-0.650851481487,-0.650851481487,-0.099649273071,0.099340674589,2.011993410145,5.0,41.0,,21.0,21.0
2025-09-22 00:00:00,0.0,0.0,-1.819080531597,-1.819080531597,11.851945400238,10.032864868641,0.181803425736,0.181803425736,0.530399564642,0.530399564642,-0.1255675728,-0.1255675728,0.181803425736,0.287217888321,3.784797078538,7.0,59.0,193.0,29.0,29.0
2025-09-22 04:00:00,,,2.474444448948,2.474444448948,7.068530738354,9.542975187302,-0.076245686502,-0.076245686502,,,0.052301639643,0.052301639643,-0.076245686502,0.286979439675,2.234722042583,11.0,53.0,,31.0,31.0
2025-09-22 08:00:00,,,-1.326213181019,-1.326213181019,8.523223936558,7.197010755539,-0.058738929094,-0.058738929094,,,0.066311406894,0.066311406894,-0.058738929094,0.36069871908,1.874867081075,17.0,60.0,,28.0,28.0
2025-09-22 12:00:00,,,2.463068604469,2.463068604469,17.633533060551,20.09660166502,0.010805660566,0.010805660566,,,0.514052710915,0.514052710915,0.010805660566,0.487922486639,2.533436304153,29.0,90.0,,34.0,42.0
2025-09-22 16:00:00,,,-13.542067706585,-13.542067706585,19.873044788837,6.330977082253,-0.105030062945,-0.105030062945,,,-2.435891060141,-2.435891060141,-0.105030062945,0.183440949861,2.752549269721,9.0,87.0,,49.0,49.0
2025-09-22 20:00:00,,,1.357429027557,1.357429027557,12.156547784805,13.513976812363,0.199875838508,0.199875838508,,,0.567289544304,0.567289544304,0.199875838508,0.324599217377,2.537926168975,13.0,66.0,,26.0,31.0
2025-09-23 00:00:00,0.0,0.0,-3.757731854916,-3.757731854916,12.638965725899,8.881233870983,-0.028198760315,-0.028198760315,0.909245130477,0.909245130477,0.037749686531,0.037749686531,-0.028198760315,0.352111399988,2.792270848341,12.0,59.0,205.0,26.0,26.0
2025-09-23 04:00:00,,,4.442102134228,4.442102134228,9.056023716927,13.498125851154,0.106881862092,0.106881862092,,,0.516934005003,0.516934005003,0.106881862092,0.468096225745,2.217273262344,16.0,53.0,,27.0,27.0
2025-09-23 08:00:00,,,-4.068812787533,-4.068812787533,8.855417728424,4.786604940891,-0.199686341517,-0.199686341517,,,-0.192187423568,-0.192187423568,-0.199686341517,0.240369560595,1.916433306473,11.0,54.0,,31.0,31.0
2025-09-23 12:00:00,,,3.209797084332,3.209797084332,10.371473312378,13.581270396709,0.031613243945,0.031613243945,,,0.685801648903,0.685801648903,0.031613243945,0.387513680831,2.773112033837,22.0,95.0,,51.0,52.0
2025-09-23 16:00:00,,,4.114861488342,4.114861488342,18.42314606905,22.538007557392,0.05519176865,0.05519176865,,,0.979691013871,0.979691013871,0.05519176865,0.225653806356,3.623842242184,10.0,100.0,,53.0,53.0
2025-09-23 20:00:00,,,-5.737127840519,-5.737127840519,9.701112687588,3.963984847069,-0.042410326892,-0.042410326892,,,-0.204379036701,-0.204379036701,-0.042410326892,0.298690241885,2.323863936407,10.0,46.0,,21.0,21.0
2025-09-24 00:00:00,0.0,0.0,-5.178624987602,-5.178624987602,14.059114158154,8.880489170551,-0.007557919986,-0.007557919986,0.257495389332,0.257495389332,0.010487313103,0.010487313103,-0.007557919986,0.146029521372,3.524414156835,4.0,51.0,163.0,22.0,23.0
2025-09-24 04:00:00,,,-4.905065536499,-4.905065536499,9.515101730824,4.610036194324,0.01914628637,0.01914628637,,,-0.054658523161,-0.054658523161,0.01914628637,0.209215544361,2.098497012239,8.0,40.0,,13.0,13.0
2025-09-24 08:00:00,,,-0.879476964474,-0.879476964474,8.422765254974,7.543288290501,0.090905051345,0.090905051345,,,-0.038846344484,-0.038846344484,0.090905051345,0.190681101716,1.848272683282,8.0,51.0,,22.0,22.0
2025-09-24 12:00:00,,,1.442245841026,1.442245841026,10.645096719265,12.087342560291,0.075834718394,0.075834718394,,,0.232372046156,0.232372046156,0.075834718394,0.20705258523,2.842219319676,9.0,82.0,,43.0,45.0
2025-09-24 16:00:00,,,-6.421148836613,-6.421148836613,14.197671949863,7.776523113251,-0.16264448086,-0.16264448086,,,-0.60272357356,-0.60272357356,-0.16264448086,0.227258416763,2.567726937802,8.0,69.0,,40.0,40.0
2025-09-24 20:00:00,,,-1.663859844208,-1.663859844208,7.892657697201,6.228797852993,0.103624742057,0.103624742057,,,0.178968433722,0.178968433722,0.103624742057,0.202169505644,2.504996796553,8.0,49.0,,23.0,23.0
2025-09-25 00:00:00,0.0,0.0,-1.93971401453,-1.93971401453,7.441960215569,5.502246201038,0.160161286594,0.160161286594,-0.63296950174,-0.63296950174,-0.057405826537,-0.057405826537,0.160161286594,0.0,10.147824352852,1.0,118.0,157.0,19.0,19.0
2025-09-25 04:00:00,,,-0.62731719017,-0.62731719017,9.348055839539,8.720738649368,0.028826837219,0.028826837219,,,0.05524065369,0.05524065369,0.028826837219,0.278572997132,1.970685121562,12.0,47.0,,15.0,15.0
2025-09-25 08:00:00,,,2.437613844872,2.437613844872,5.403308570385,7.840922415257,-0.04247803302,-0.04247803302,,,0.062408986837,0.062408986837,-0.04247803302,0.128233922829,1.192918260934,6.0,36.0,,15.0,15.0
2025-09-25 12:00:00,,,-11.450727283955,-11.450727283955,19.536196827888,8.085469543934,-0.323570501079,-0.323570501079,,,-1.439964716904,-1.439964716904,-0.323570501079,0.256570970215,2.332483835659,12.0,67.0,,36.0,36.0
2025-09-25 16:00:00,,,-20.935886800289,-20.935886800289,25.883410573006,4.947523772717,-0.166195459219,-0.166195459219,,,-2.444628109352,-2.444628109352,-0.166195459219,0.135952986054,2.150535274313,7.0,82.0,,43.0,43.0
2025-09-25 20:00:00,,,-8.411558270454,-8.411558270454,14.72966593504,6.318107664585,0.151741591514,0.151741591514,,,-0.46698714519,-0.46698714519,0.151741591514,0.083929990297,2.570969988669,5.0,58.0,,29.0,29.0
2025-09-26 00:00:00,0.0,0.0,-5.14325261116,-5.14325261116,6.845215201378,1.701962590218,0.185105301338,0.185105301338,-0.023508429632,-0.023508429632,0.153705065311,0.153705065311,0.185105301338,0.380287676116,1.85987786847,11.0,33.0,132.0,13.0,13.0
2025-09-26 04:00:00,,,-1.712384581566,-1.712384581566,6.347396254539,4.635011672974,0.020844353388,0.020844353388,,,0.355437410372,0.355437410372,0.020844353388,0.319602955369,1.747126820472,12.0,36.0,,13.0,13.0
2025-09-26 08:00:00,,,-4.43955218792,-4.43955218792,10.017559885979,5.578007698059,-0.365162660326,-0.365162660326,,,-0.188291860603,-0.188291860603,-0.365162660326,0.16504676325,1.606094675222,8.0,51.0,,25.0,25.0
2025-09-26 12:00:00,,,-10.227397620678,-10.227397620678,16.73256111145,6.505163490772,0.073903620124,0.073903620124,,,-0.41092888667,-0.41092888667,0.073903620124,0.120551543148,1.591906958258,8.0,57.0,,25.0,25.0
2025-09-26 16:00:00,,,-7.89065527916,-7.89065527916,14.885217607021,6.994562327862,0.06050991227,0.06050991227,,,-0.227936646055,-0.227936646055,0.06050991227,0.268855443658,2.282840997717,10.0,69.0,,42.0,42.0
2025-09-26 20:00:00,,,-1.545387506485,-1.545387506485,8.851957857609,7.306570351124,0.107000865048,0.107000865048,,,0.583398269997,0.583398269997,0.107000865048,0.412512706755,1.911075269075,14.0,43.0,,19.0,23.0
2025-09-27 00:00:00,0.0,0.0,-2.788899898529,-2.788899898529,6.854099452496,4.065199553967,0.011438874491,0.011438874491,1.020866676068,1.020866676068,0.506817917225,0.506817917225,0.011438874491,0.212612664984,1.701229095795,7.0,29.0,119.0,11.0,11.0
2025-09-27 04:00:00,,,-0.0121088624,-0.0121088624,3.863398313522,3.851289451122,-0.03171234655,-0.03171234655,,,0.542535667401,0.542535667401,-0.03171234655,0.388071075644,1.517912549305,9.0,27.0,,13.0,13.0
2025-09-27 08:00:00,,,-0.178119719028,-0.178119719028,5.502912461758,5.324792742729,0.255099679028,0.255099679028,,,0.482292635668,0.482292635668,0.255099679028,0.270349192916,1.643035539855,7.0,33.0,,19.0,19.0
2025-09-27 12:00:00,,,6.107362270355,6.107362270355,6.538000464439,12.645362734795,-0.050230813584,-0.050230813584,,,1.007878440674,1.007878440674,-0.050230813584,0.321512827379,2.057563756909,15.0,61.0,,38.0,42.0
2025-09-27 16:00:00,,,-5.051284015179,-5.051284015179,7.478834271431,2.427550256252,-0.241569738255,-0.241569738255,,,0.099525482266,0.099525482266,-0.241569738255,0.15953626514,1.987323183847,6.0,53.0,,24.0,24.0
2025-09-27 20:00:00,,,2.858011484146,2.858011484146,0.950405478477,3.808416962624,0.188439088065,0.188439088065,,,0.607716147654,0.607716147654,0.188439088065,0.173864898441,1.294010718602,5.0,28.0,,17.0,17.0
2025-09-28 00:00:00,0.0,0.0,2.512029230595,2.512029230595,4.953874111176,7.46590334177,0.05096383547,0.05096383547,0.919364514448,0.919364514448,0.538295608387,0.538295608387,0.05096383547,0.50901778717,2.967603531389,8.0,30.0,137.0,10.0,14.0
2025-09-28 04:00:00,,,5.001249969006,5.001249969006,1.426986098289,6.428236067295,0.099313349678,0.099313349678,,,0.683528832399,0.683528832399,0.099313349678,0.372836827361,2.057374721284,9.0,29.0,,17.0,17.0
2025-09-28 08:00:00,,,1.895410180092,1.895410180092,6.133062899113,8.028473079205,-0.060436608435,-0.060436608435,,,0.454984949522,0.454984949522,-0.060436608435,0.135507452318,1.762217407264,4.0,33.0,,14.0,15.0
2025-09-28 12:00:00,,,-7.15274399519,-7.15274399519,8.763285040855,1.610541045666,-0.124885767862,-0.124885767862,,,-0.35234939473,-0.35234939473,-0.124885767862,0.191761388694,1.960265072132,8.0,39.0,,15.0,15.0
2025-09-28 16:00:00,,,0.758609890938,0.758609890938,9.640896558762,10.399506449699,0.179157308213,0.179157308213,,,0.805307475368,0.805307475368,0.179157308213,0.346932257114,2.911335624629,12.0,69.0,,42.0,42.0
2025-09-28 20:00:00,,,-4.248175859451,-4.248175859451,11.303940117359,7.055764257908,-0.18659345225,-0.18659345225,,,-0.625036359793,-0.625036359793,-0.18659345225,0.652837769371,3.905185344407,15.0,73.0,,41.0,41.0
2025-09-29 00:00:00,0.0,0.0,-5.057605564594,-5.057605564594,10.485627830029,5.428022265434,0.053590087869,0.053590087869,-0.537405721536,-0.537405721536,-0.619955255392,-0.619955255392,0.053590087869,0.278903197404,3.924988306304,7.0,68.0,209.0,34.0,38.0
2025-09-29 04:00:00,,,-4.859290122986,-4.859290122986,10.517905592918,5.658615469933,-0.076776308475,-0.076776308475,,,-0.627352285617,-0.627352285617,-0.076776308475,0.344673697925,1.845357852324,11.0,40.0,,23.0,24.0
2025-09-29 08:00:00,,,-2.423353254795,-2.423353254795,8.146595239639,5.723241984844,0.13467027937,0.13467027937,,,-0.289933934297,-0.289933934297,0.13467027937,0.348782429805,2.175947740815,11.0,54.0,,34.0,34.0
2025-09-29 12:00:00,,,-6.73879545927,-6.73879545927,15.264698266983,8.525902807713,-0.179079687842,-0.179079687842,,,-1.508142468666,-1.508142468666,-0.179079687842,0.411970085031,2.381673055055,21.0,85.0,,54.0,55.0
2025-09-29 16:00:00,,,-6.051896333694,-6.051896333694,18.051380753517,11.999484419823,0.179302643836,0.179302643836,,,-0.559532592165,-0.559532592165,0.179302643836,0.163579108464,3.269092960096,8.0,88.0,,45.0,44.0
2025-09-29 20:00:00,,,-3.009722590446,-3.009722590446,10.842874228954,7.833151638508,-0.095802703714,-0.095802703714,,,0.003042094137,0.003042094137,-0.095802703714,0.303712955424,2.622623767537,11.0,59.0,,23.0,23.0
2025-09-30 00:00:00,0.0,0.0,-0.99804186821,-0.99804186821,8.052953004837,7.054911136627,0.056934944341,0.056934944341,0.207956694077,0.207956694077,0.245993446681,0.245993446681,0.056934944341,0.770440015232,2.736453902886,11.0,46.0,204.0,27.0,27.0
2025-09-30 04:00:00,,,-3.414150178432,-3.414150178432,13.040895283222,9.62674510479,-0.057987115552,-0.057987115552,,,0.024847709682,0.024847709682,-0.057987115552,0.349912156091,2.689566799912,8.0,55.0,,24.0,25.0
2025-09-30 08:00:00,,,-0.761780560017,-0.761780560017,5.530409932137,4.76862937212,0.109842370637,0.109842370637,,,0.18839024943,0.18839024943,0.109842370637,0.166246217544,1.281929158255,5.0,33.0,,22.0,22.0
2025-09-30 12:00:00,,,-4.754185080528,-4.754185080528,14.437337040901,9.683151960373,-0.215032847501,-0.215032847501,,,-0.543537726197,-0.543537726197,-0.215032847501,0.229467508179,2.622667075877,13.0,97.0,,50.0,52.0
2025-09-30 16:00:00,,,-3.199724972248,-3.199724972248,14.644193530083,11.444468557835,0.080760256336,0.080760256336,,,-0.216906476542,-0.216906476542,0.080760256336,0.305163471983,2.900690928056,17.0,94.0,,57.0,58.0
2025-09-30 20:00:00,,,-1.199625492096,-1.199625492096,6.77425891161,5.574633419514,0.075916839835,0.075916839835,,,0.34450268772,0.34450268772,0.075916839835,0.422700536168,2.462290170328,14.0,60.0,,32.0,32.0
2025-10-01 00:00:00,0.0,0.0,-1.766717433929,-1.766717433929,8.956192970276,7.189475536346,0.155547261796,0.155547261796,0.668428385988,0.668428385988,0.265755237811,0.265755237811,0.155547261796,0.319754548508,2.488813707835,13.0,51.0,239.0,20.0,20.0
2025-10-01 04:00:00,,,1.146263480186,1.146263480186,6.341958224773,7.48822170496,-0.041812728245,-0.041812728245,,,0.403729226148,0.403729226148,-0.041812728245,0.397198758789,2.87614519486,19.0,59.0,,31.0,31.0
2025-10-01 08:00:00,,,-1.016539812088,-1.016539812088,14.255020797253,13.238480985165,-0.057382931919,-0.057382931919,,,0.037860606496,0.037860606496,-0.057382931919,0.343418500876,3.221795600498,18.0,95.0,,50.0,50.0
2025-10-01 12:00:00,,,0.618042528629,0.618042528629,16.676580190659,17.294622719288,-0.122102199977,-0.122102199977,,,-0.009021789812,-0.009021789812,-0.122102199977,0.509326006092,2.948730169434,31.0,105.0,,55.0,57.0
2025-10-01 16:00:00,,,-1.603008449078,-1.603008449078,19.828543841839,18.225535392761,0.071886835592,0.071886835592,,,-0.011565479528,-0.011565479528,0.071886835592,0.401982163966,3.277419577887,26.0,111.0,,59.0,59.0
2025-10-01 20:00:00,,,-1.649480819702,-1.649480819702,12.0453799963,10.395899176598,-0.016108964066,-0.016108964066,,,0.14709723966,0.14709723966,-0.016108964066,0.237230762319,2.49622165291,11.0,63.0,,30.0,30.0
2025-10-02 00:00:00,0.0,0.0,0.800858259201,0.800858259201,9.842448472977,10.643306732178,-0.059245450028,-0.059245450028,0.557630578392,0.557630578392,0.5533547879,0.5533547879,-0.059245450028,0.299382533978,3.045041120123,12.0,70.0,258.0,44.0,44.0
2025-10-02 04:00:00,,,2.84053248167,2.84053248167,7.259997904301,10.100530385971,0.230589623061,0.230589623061,,,0.364990494809,0.364990494809,0.230589623061,0.192737078473,2.485437288133,9.0,64.0,,27.0,29.0
2025-10-02 08:00:00,,,-0.019614338875,-0.019614338875,7.015986144543,6.996371805668,-0.082217829863,-0.082217829863,,,0.036563660852,0.036563660852,-0.082217829863,0.208048774469,1.588594988059,12.0,48.0,,31.0,31.0
2025-10-02 12:00:00,,,-8.048313379288,-8.048313379288,18.638016998768,10.58970361948,-0.16737178644,-0.16737178644,,,-1.002930867834,-1.002930867834,-0.16737178644,0.10663157206,2.689389330955,7.0,101.0,,71.0,71.0
2025-10-02 16:00:00,,,1.572314321995,1.572314321995,15.410940349102,16.983254671097,0.125366590069,0.125366590069,,,0.250759563561,0.250759563561,0.125366590069,0.493845063306,2.77555767497,27.0,107.0,,57.0,57.0
2025-10-02 20:00:00,,,-2.720278382301,-2.720278382301,15.985969245434,13.265690863132,-0.097849427256,-0.097849427256,,,0.171722198394,0.171722198394,-0.097849427256,0.373443370685,2.740580753162,11.0,75.0,,28.0,31.0
2025-10-03 00:00:00,0.0,0.0,-3.212351262569,-3.212351262569,11.02093398571,7.808582723141,0.10560772404,0.10560772404,-1.024102648437,-1.024102648437,0.10687860753,0.10687860753,0.10560772404,0.125125650741,3.31248337843,4.0,73.0,226.0,36.0,36.0
2025-10-03 04:00:00,,,-2.689060688019,-2.689060688019,12.429990470409,9.740929782391,-0.005971848533,-0.005971848533,,,-0.128023857621,-0.128023857621,-0.005971848533,0.238686377472,3.385273548462,10.0,85.0,,39.0,42.0
2025-10-03 08:00:00,,,-1.94803661108,-1.94803661108,10.561292529106,8.613255918026,0.207970549703,0.207970549703,,,0.14136526073,0.14136526073,0.207970549703,0.259712801987,2.219560871759,12.0,63.0,,28.0,29.0
2025-10-03 12:00:00,,,-2.600341141224,-2.600341141224,12.54189568758,9.941554546356,-0.106955431255,-0.106955431255,,,0.032713768586,0.032713768586,-0.106955431255,0.229552053756,1.987753007231,12.0,68.0,,34.0,34.0
2025-10-03 16:00:00,,,-17.609065651894,-17.609065651894,25.235591828823,7.626526176929,-0.309338610059,-0.309338610059,,,-1.88070558631,-1.88070558631,-0.309338610059,0.194811874249,3.575108001015,7.0,112.0,,58.0,57.0
2025-10-03 20:00:00,,,-5.793911874294,-5.793911874294,12.837168812752,7.043256938457,0.182071605534,0.182071605534,,,-0.039985230432,-0.039985230432,0.182071605534,0.169380933122,2.467592321444,7.0,59.0,,27.0,25.0
2025-10-04 00:00:00,0.0,0.0,-4.367915391922,-4.367915391922,8.216590702534,3.848675310612,0.201211103633,0.201211103633,0.739270266933,0.739270266933,0.12213934859,0.12213934859,0.201211103633,0.060897435897,2.01501695349,2.0,34.0,114.0,17.0,17.0
2025-10-04 04:00:00,,,4.337615847588,4.337615847588,3.452146947384,7.789762794971,0.088018760338,0.088018760338,,,0.371280099244,0.371280099244,0.088018760338,0.234717542762,2.003979546467,8.0,34.0,,13.0,14.0
2025-10-04 08:00:00,,,-2.088961839676,-2.088961839676,8.793437242508,6.704475402832,-0.222552662674,-0.222552662674,,,0.037038251583,0.037038251583,-0.222552662674,0.079258112936,1.537652177765,4.0,43.0,,20.0,20.0
2025-10-04 12:00:00,,,-4.423640668392,-4.423640668392,8.928471326828,4.504830658436,-0.007406300508,-0.007406300508,,,0.11681401197,0.11681401197,-0.007406300508,0.028153153153,1.398693182692,1.0,45.0,,16.0,16.0
2025-10-04 16:00:00,,,-5.366719007492,-5.366719007492,12.598368525505,7.231649518013,-0.041659466957,-0.041659466957,,,0.142717331747,0.142717331747,-0.041659466957,0.057316586922,2.062480211222,3.0,57.0,,27.0,27.0
2025-10-04 20:00:00,,,6.052665829659,6.052665829659,3.840490162373,9.893155992031,0.316057061913,0.316057061913,,,0.611130272493,0.611130272493,0.316057061913,0.054192627207,2.072734817302,3.0,42.0,,22.0,22.0
2025-10-05 00:00:00,0.0,0.0,-5.230323016644,-5.230323016644,12.913413882256,7.683090865612,-0.237649199195,-0.237649199195,-1.051834097946,-1.051834097946,-0.101165696532,-0.101165696532,-0.237649199195,0.108207315189,2.865966134568,5.0,58.0,166.0,33.0,33.0
2025-10-05 04:00:00,,,0.794451057911,0.794451057911,5.48975944519,6.284210503101,0.110980255464,0.110980255464,,,0.277343590812,0.277343590812,0.110980255464,0.078857297306,1.805588181483,5.0,51.0,,29.0,29.0
2025-10-05 08:00:00,,,-3.820436060429,-3.820436060429,9.448305785656,5.627869725227,-0.213769749238,-0.213769749238,,,0.06311355349,0.06311355349,-0.213769749238,0.178652499615,2.698573936556,10.0,63.0,,25.0,28.0
2025-10-05 12:00:00,,,-9.304026126862,-9.304026126862,16.268514752388,6.964488625526,-0.101985321139,-0.101985321139,,,-0.200948002946,-0.200948002946,-0.101985321139,0.26230469377,1.848164956002,11.0,51.0,,23.0,23.0
2025-10-05 16:00:00,,,-21.921958386898,-21.921958386898,28.050458431244,6.128500044346,-0.126920944308,-0.126920944308,,,-1.339453491786,-1.339453491786,-0.126920944308,0.063389804904,2.970511968073,4.0,87.0,,36.0,36.0
2025-10-05 20:00:00,,,-7.528462648392,-7.528462648392,11.446243047714,3.917780399323,0.210278102313,0.210278102313,,,0.087333384336,0.087333384336,0.210278102313,0.081801371854,1.978826738211,4.0,41.0,,20.0,20.0
2025-10-06 00:00:00,0.0,0.0,-5.121689140797,-5.121689140797,5.931378543377,0.80968940258,0.071152523042,0.071152523042,-0.828535940852,-0.828535940852,0.186126059874,0.186126059874,0.071152523042,0.122433839445,1.895045498044,4.0,40.0,208.0,20.0,20.0
2025-10-06 04:00:00,,,-2.510393261909,-2.510393261909,6.450863420963,3.940470159054,0.017644821803,0.017644821803,,,0.387396423542,0.387396423542,0.017644821803,0.065262263235,1.351985573654,2.0,31.0,,11.0,11.0
2025-10-06 08:00:00,,,0.411562800407,0.411562800407,8.044684648514,8.456247448921,-0.004467043518,-0.004467043518,,,0.659754332361,0.659754332361,-0.004467043518,0.011322463768,1.718718658473,1.0,55.0,,27.0,27.0
2025-10-06 12:00:00,,,-13.631553947926,-13.631553947926,27.563147485256,13.931593537331,-0.323169788015,-0.323169788015,,,-1.700841254796,-1.700841254796,-0.323169788015,0.183995401071,2.544188983343,12.0,108.0,,54.0,54.0
2025-10-06 16:00:00,,,-8.874723136425,-8.874723136425,20.149084508419,11.274361371994,0.046459562115,0.046459562115,,,-1.105646954398,-1.105646954398,0.046459562115,0.098404300767,2.61897533981,8.0,110.0,,63.0,63.0
2025-10-06 20:00:00,,,-4.056144714355,-4.056144714355,15.493824839592,11.437680125237,0.102531771338,0.102531771338,,,0.295723694952,0.295723694952,0.102531771338,0.059671150298,2.338454747798,4.0,65.0,,34.0,35.0
2025-10-07 00:00:00,0.0,0.0,1.442746579647,1.442746579647,7.964074790478,9.406821370125,0.132041586655,0.132041586655,-0.443893030289,-0.443893030289,0.611994425751,0.611994425751,0.132041586655,0.030193236715,2.697868114714,1.0,55.0,212.0,31.0,31.0
2025-10-07 04:00:00,,,-4.881718754768,-4.881718754768,9.447110772133,4.565392017365,-0.215314632458,-0.215314632458,,,0.138595602323,0.138595602323,-0.215314632458,0.12512458332,2.293029421419,5.0,56.0,,32.0,32.0
2025-10-07 08:00:00,,,2.123944878578,2.123944878578,9.995255529881,12.119200408459,0.02703167616,0.02703167616,,,0.780265016351,0.780265016351,0.02703167616,0.291598734042,2.253742709311,16.0,91.0,,40.0,48.0
2025-10-07 12:00:00,,,-10.89987885952,-10.89987885952,19.207964777946,8.308085918427,-0.093339670549,-0.093339670549,,,-0.61467558205,-0.61467558205,-0.093339670549,0.117869497735,2.213230923444,10.0,93.0,,44.0,45.0
2025-10-07 16:00:00,,,-5.916624546051,-5.916624546051,10.513006806374,4.596382260323,0.055616337459,0.055616337459,,,-0.105506726676,-0.105506726676,0.055616337459,0.117390704047,2.22085132758,6.0,75.0,,42.0,42.0
2025-10-07 20:00:00,,,-7.963810741901,-7.963810741901,15.849131762981,7.88532102108,0.008940846214,0.008940846214,,,-0.135299460054,-0.135299460054,0.008940846214,0.042996453901,2.41387895371,2.0,63.0,,26.0,26.0
2025-10-08 00:00:00,0.0,0.0,-7.630902588367,-7.630902588367,11.610419869423,3.979517281055,0.112623933149,0.112623933149,-0.168566123486,-0.168566123486,0.284436758851,0.284436758851,0.112623933149,0.014671361502,2.786435819071,1.0,53.0,190.0,20.0,21.0
2025-10-08 04:00:00,,,-8.408432543278,-8.408432543278,15.600975215435,7.192542672157,-0.000616468342,-0.000616468342,,,0.110646253237,0.110646253237,-0.000616468342,0.018274853801,2.063348909608,1.0,49.0,,22.0,22.0
2025-10-08 08:00:00,,,0.309703946114,0.309703946114,9.055495321751,9.365199267864,-0.014233414202,-0.014233414202,,,0.56803618774,0.56803618774,-0.014233414202,0.109746045658,1.808759917046,5.0,45.0,,22.0,22.0
2025-10-08 12:00:00,,,-1.255411446095,-1.255411446095,13.740414619446,12.485003173351,0.101595127607,0.101595127607,,,0.471631752723,0.471631752723,0.101595127607,0.181812307795,2.226344504162,11.0,83.0,,42.0,42.0
2025-10-08 16:00:00,,,-1.673655867577,-1.673655867577,14.221431314945,12.547775447369,-0.081410910642,-0.081410910642,,,0.001069402225,0.001069402225,-0.081410910642,0.187292179838,2.756678902274,11.0,87.0,,51.0,51.0
2025-10-08 20:00:00,,,-5.010403513908,-5.010403513908,15.858908236027,10.848504722118,-0.049221351275,-0.049221351275,,,0.234289893119,0.234289893119,-0.049221351275,0.076948965317,2.705780980903,4.0,67.0,,35.0,35.0
2025-10-09 00:00:00,0.0,0.0,-2.665130913258,-2.665130913258,10.634060144424,7.968929231167,0.075784655259,0.075784655259,-1.214984071565,-1.214984071565,0.344046901939,0.344046901939,0.075784655259,0.056763285024,3.252419128261,2.0,62.0,186.0,26.0,26.0
2025-10-09 04:00:00,,,-2.753278851509,-2.753278851509,4.909238934517,2.155960083008,0.043281089679,0.043281089679,,,0.319439933055,0.319439933055,0.043281089679,0.035464150047,1.390335567413,2.0,27.0,,15.0,15.0
2025-10-09 08:00:00,,,-1.159143149853,-1.159143149853,7.360830664635,6.201687514782,0.142630254524,0.142630254524,,,0.127141951883,0.127141951883,0.142630254524,0.131084792311,1.757088583985,8.0,52.0,,25.0,25.0
2025-10-09 12:00:00,,,-15.920827507973,-15.920827507973,23.578707337379,7.657879829407,-0.440681166455,-0.440681166455,,,-2.036000925977,-2.036000925977,-0.440681166455,0.228503234865,2.895494150541,12.0,104.0,,49.0,57.0
2025-10-09 16:00:00,,,-17.593144774437,-17.593144774437,22.461753189564,4.868608415127,-0.036345812704,-0.036345812704,,,-1.412214698764,-1.412214698764,-0.036345812704,0.071174293556,2.897844887432,3.0,79.0,,45.0,45.0
2025-10-09 20:00:00,,,-7.200023889542,-7.200023889542,11.70229023695,4.502266347408,0.173376103447,0.173376103447,,,0.078819880071,0.078819880071,0.173376103447,0.213128047201,3.302059824668,6.0,62.0,,30.0,31.0
2025-10-10 00:00:00,0.0,0.0,-3.373284399509,-3.373284399509,8.927828133106,5.554543733597,-0.022087762476,-0.022087762476,-2.344366375374,-2.344366375374,0.321486465692,0.321486465692,-0.022087762476,0.139539322674,3.414775470765,4.0,55.0,247.0,30.0,30.0
2025-10-10 04:00:00,,,-3.284889161587,-3.284889161587,9.43696308136,6.152073919773,-0.073447024498,-0.073447024498,,,0.082065278569,0.082065278569,-0.073447024498,0.211932074723,2.967537456404,6.0,53.0,,32.0,32.0
2025-10-10 08:00:00,,,-3.130433440208,-3.130433440208,12.070711314678,8.94027787447,0.025070493398,0.025070493398,,,0.148617384749,0.148617384749,0.025070493398,0.098942494512,1.994378426657,6.0,59.0,,37.0,38.0
2025-10-10 12:00:00,,,-9.4308578372,-9.4308578372,18.71029984951,9.27944201231,-0.097473468026,-0.097473468026,,,-0.341561560727,-0.341561560727,-0.097473468026,0.142212742869,2.518905374873,6.0,92.0,,41.0,41.0
2025-10-10 16:00:00,,,-23.121589541435,-23.121589541435,27.11869841814,3.997108876705,-0.150056253144,-0.150056253144,,,-1.655412126356,-1.655412126356,-0.150056253144,0.088158498524,2.398316084514,6.0,88.0,,49.0,49.0
2025-10-10 20:00:00,,,-13.893807053566,-13.893807053566,30.576799035072,16.682991981506,0.021972539739,0.021972539739,,,-0.928819088109,-0.928819088109,0.021972539739,0.264752723362,2.505549933457,22.0,128.0,,60.0,60.0
2025-10-11 00:00:00,0.0,0.0,-7.419168412685,-7.419168412685,13.726892530918,6.307724118233,0.066054616257,0.066054616257,-2.001682584729,-2.001682584729,0.277968614114,0.277968614114,0.066054616257,0.149215328742,2.08034201746,6.0,59.0,162.0,28.0,28.0
2025-10-11 04:00:00,,,-8.010815083981,-8.010815083981,10.276476383209,2.265661299229,0.115374649318,0.115374649318,,,0.186918089916,0.186918089916,0.115374649318,0.154353996421,2.229674478818,5.0,53.0,,29.0,29.0
2025-10-11 08:00:00,,,-7.684192419052,-7.684192419052,11.127121686935,3.442929267883,0.027762885745,0.027762885745,,,0.376529430448,0.376529430448,0.027762885745,0.0,1.946428249263,0.0,47.0,,20.0,20.0
2025-10-11 12:00:00,,,-14.667558968067,-14.667558968067,20.773449838161,6.105890870094,-0.217919624881,-0.217919624881,,,-0.118762785445,-0.118762785445,-0.217919624881,0.0,2.259522114532,0.0,76.0,,36.0,36.0
2025-10-11 16:00:00,,,-21.834037482738,-21.834037482738,27.552223205566,5.718185722828,-0.020651748154,-0.020651748154,,,-0.470368921093,-0.470368921093,-0.020651748154,0.158823770615,3.083417250475,5.0,85.0,,29.0,30.0
2025-10-11 20:00:00,,,-19.912594079971,-19.912594079971,24.822866618633,4.910272538662,0.138746276099,0.138746276099,,,0.131860884026,0.131860884026,0.138746276099,0.158871997691,2.485785849616,7.0,64.0,,20.0,20.0
2025-10-12 00:00:00,0.0,0.0,-8.674673318863,-8.674673318863,15.169688165188,6.495014846325,0.007546963391,0.007546963391,-0.91385384378,-0.91385384378,0.3648450382,0.3648450382,0.007546963391,0.197835917313,2.726576002352,2.0,46.0,219.0,24.0,24.0
2025-10-12 04:00:00,,,0.81767821312,0.81767821312,5.081368863583,5.899047076702,0.043555221529,0.043555221529,,,0.624683631898,0.624683631898,0.043555221529,0.055438842204,2.614540246525,2.0,41.0,,26.0,26.0
2025-10-12 08:00:00,,,-3.130498409271,-3.130498409271,6.987257003784,3.856758594513,0.051404515716,0.051404515716,,,0.445695838933,0.445695838933,0.051404515716,0.155611450837,2.091846312064,5.0,45.0,,22.0,22.0
2025-10-12 12:00:00,,,-9.147150158882,-9.147150158882,16.420589625835,7.273439466953,-0.273881204853,-0.273881204853,,,-0.197102169356,-0.197102169356,-0.273881204853,0.162683925372,3.228047455547,5.0,94.0,,52.0,52.0
2025-10-12 16:00:00,,,-10.301536142826,-10.301536142826,25.242472052574,14.940935909748,0.109259315133,0.109259315133,,,-0.157301538982,-0.157301538982,0.109259315133,0.190278135817,3.94196193283,9.0,114.0,,59.0,59.0
2025-10-12 20:00:00,,,-7.35548812151,-7.35548812151,17.814710557461,10.459222435951,0.090682902523,0.090682902523,,,0.16735084862,0.16735084862,0.090682902523,0.235862135796,3.578692992128,8.0,79.0,,39.0,39.0
2025-10-13 00:00:00,0.0,0.0,-1.209640741348,-1.209640741348,7.533538162708,6.32389742136,0.010058883505,0.010058883505,-0.439452490642,-0.439452490642,0.486367040554,0.486367040554,0.010058883505,0.032106914931,3.021671733258,2.0,54.0,199.0,24.0,24.0
2025-10-13 04:00:00,,,-6.901702940464,-6.901702940464,9.904098927975,3.002395987511,-0.169651994224,-0.169651994224,,,0.277707225293,0.277707225293,-0.169651994224,0.180230271121,2.630559794817,5.0,52.0,,25.0,25.0
2025-10-13 08:00:00,,,0.038479745388,0.038479745388,8.96853530407,9.007015049458,0.195050024213,0.195050024213,,,0.605187151118,0.605187151118,0.195050024213,0.095673815432,2.520772585879,3.0,63.0,,35.0,36.0
2025-10-13 12:00:00,,,-2.078767776489,-2.078767776489,9.958227336407,7.879459559917,-0.089216751813,-0.089216751813,,,0.299587631045,0.299587631045,-0.089216751813,0.130476141506,2.691431765527,5.0,73.0,,37.0,37.0
2025-10-13 16:00:00,,,-10.711990058422,-10.711990058422,16.898886084557,6.186896026134,-0.211910931372,-0.211910931372,,,-0.600079402658,-0.600079402658,-0.211910931372,0.154638970878,2.878246724745,8.0,80.0,,50.0,50.0
2025-10-13 20:00:00,,,-10.897248566151,-10.897248566151,20.051665365696,9.154416799545,0.103615518298,0.103615518298,,,-0.177518282312,-0.177518282312,0.103615518298,0.048757665945,2.71290520142,2.0,69.0,,32.0,32.0
2025-10-14 00:00:00,0.0,0.0,-2.201440811157,-2.201440811157,11.939796507359,9.738355696201,-0.013856650006,-0.013856650006,-0.912180946921,-0.912180946921,0.428390638832,0.428390638832,-0.013856650006,0.18432232517,4.080637895854,4.0,61.0,176.0,37.0,37.0
2025-10-14 04:00:00,,,-6.834034621716,-6.834034621716,13.270382523537,6.436347901821,0.040326754076,0.040326754076,,,0.396815111247,0.396815111247,0.040326754076,0.095485705686,2.27027896649,5.0,48.0,,18.0,18.0
2025-10-14 08:00:00,,,-4.510019779205,-4.510019779205,11.722968280315,7.21294850111,0.184710940804,0.184710940804,,,0.258905616841,0.258905616841,0.184710940804,0.080618213735,2.101147739602,5.0,56.0,,28.0,28.0
2025-10-14 12:00:00,,,-15.300720095634,-15.300720095634,24.442635953426,9.141915857792,-0.298986614687,-0.298986614687,,,-0.969815000916,-0.969815000916,-0.298986614687,0.0,3.697425712233,0.0,91.0,,43.0,43.0
2025-10-14 16:00:00,,,-10.251296579838,-10.251296579838,19.883718967438,9.6324223876,0.103681793525,0.103681793525,,,0.103346688598,0.103346688598,0.103681793525,0.0,3.566340385402,0.0,80.0,,33.0,33.0
2025-10-14 20:00:00,,,-8.088727295399,-8.088727295399,19.095582544804,11.006855249405,0.33383605228,0.33383605228,,,0.455578047628,0.455578047628,0.33383605228,0.10262345679,3.739472523711,2.0,70.0,,18.0,18.0
2025-10-15 00:00:00,0.0,0.0,-8.153866827488,-8.153866827488,10.690421581268,2.53655475378,-0.121562263011,-0.121562263011,-1.041239258677,-1.041239258677,0.372753966247,0.372753966247,-0.121562263011,0.0,1.954294636029,0.0,36.0,154.0,14.0,14.0
2025-10-15 04:00:00,,,-7.743206262589,-7.743206262589,10.775928914547,3.032722651958,-0.048735551683,-0.048735551683,,,0.284176378039,0.284176378039,-0.048735551683,0.0,2.912383968451,0.0,50.0,,18.0,18.0
2025-10-15 08:00:00,,,-10.749972581863,-10.749972581863,13.967187941074,3.217215359211,-0.085673139285,-0.085673139285,,,-0.499482521829,-0.499482521829,-0.085673139285,0.0,2.743187682948,0.0,52.0,,27.0,27.0
2025-10-15 12:00:00,,,-9.616722166538,-9.616722166538,20.923720538616,11.306998372078,-0.06441631885,-0.06441631885,,,-0.466039759944,-0.466039759944,-0.06441631885,0.096808494818,2.66905809658,5.0,84.0,,39.0,39.0
2025-10-15 16:00:00,,,-13.680326163769,-13.680326163769,19.359136581421,5.678810417652,0.076089700086,0.076089700086,,,-0.606969415422,-0.606969415422,0.076089700086,0.097138476674,2.503242103332,4.0,82.0,,32.0,35.0
2025-10-15 20:00:00,,,-8.058619916439,-8.058619916439,13.416116058826,5.357496142387,0.147407994497,0.147407994497,,,0.293952865557,0.293952865557,0.147407994497,0.116855312013,3.58252920557,4.0,79.0,,27.0,28.0
2025-10-16 00:00:00,0.0,0.0,-8.901937961578,-8.901937961578,13.921730995178,5.0197930336,-0.177667071126,-0.177667071126,-0.865215670608,-0.865215670608,0.139367316247,0.139367316247,-0.177667071126,0.260558204577,3.086866067312,11.0,58.0,188.0,28.0,30.0
2025-10-16 04:00:00,,,-3.54818302393,-3.54818302393,9.877085745335,6.328902721405,0.25354956967,0.25354956967,,,0.63655152202,0.63655152202,0.25354956967,0.115039281706,2.289053426432,2.0,53.0,,25.0,25.0
2025-10-16 08:00:00,,,-2.668675839901,-2.668675839901,7.685140252113,5.016464412212,0.01544688362,0.01544688362,,,0.749225619142,0.749225619142,0.01544688362,0.03983746315,2.04824564642,2.0,54.0,,25.0,25.0
2025-10-16 12:00:00,,,-18.044041574001,-18.044041574001,25.522913992405,7.478872418404,-0.246152652982,-0.246152652982,,,-1.309075381771,-1.309075381771,-0.246152652982,0.124992736649,2.231953210665,10.0,93.0,,34.0,34.0
2025-10-16 16:00:00,,,-6.568415939808,-6.568415939808,16.69477647543,10.126360535622,0.124272653127,0.124272653127,,,-0.048079159096,-0.048079159096,0.124272653127,0.075632273737,2.46772369377,4.0,92.0,,39.0,39.0
2025-10-16 20:00:00,,,-4.409636318684,-4.409636318684,18.154108583927,13.744472265244,0.121254161387,0.121254161387,,,0.421470923749,0.421470923749,0.121254161387,0.170634072961,3.267061813045,9.0,96.0,,37.0,38.0
2025-10-17 00:00:00,0.0,0.0,-10.505435466766,-10.505435466766,17.43688750267,6.931452035904,-0.195158733051,-0.195158733051,-2.3929367598,-2.3929367598,-0.413377706135,-0.413377706135,-0.195158733051,0.062201948994,3.508251140142,2.0,70.0,223.0,31.0,31.0
2025-10-17 04:00:00,,,-6.738522350788,-6.738522350788,12.817059576511,6.078537225723,-0.030397920138,-0.030397920138,,,-0.122935214478,-0.122935214478,-0.030397920138,0.0,2.10853754214,0.0,61.0,,31.0,31.0
2025-10-17 08:00:00,,,-19.257630050182,-19.257630050182,27.898406982422,8.64077693224,-0.05488453186,-0.05488453186,,,-1.686382756641,-1.686382756641,-0.05488453186,0.056092553925,2.669056534667,3.0,93.0,,42.0,42.0
2025-10-17 12:00:00,,,-14.138883113861,-14.138883113861,22.723470628262,8.5845875144,0.007416484084,0.007416484084,,,-1.24555606905,-1.24555606905,0.007416484084,0.038340336134,3.023040736483,3.0,112.0,,57.0,57.0
2025-10-17 16:00:00,,,-17.727906286716,-17.727906286716,19.95266020298,2.224753916264,0.116906295776,0.116906295776,,,-0.423755383524,-0.423755383524,0.116906295776,0.095393187662,1.935930434491,7.0,65.0,,29.0,29.0
2025-10-17 20:00:00,,,-1.535142362118,-1.535142362118,12.04200899601,10.506866633892,0.169947792489,0.169947792489,,,0.947793480512,0.947793480512,0.169947792489,0.083701111357,2.747306785103,4.0,77.0,,33.0,33.0
2025-10-18 00:00:00,0.0,0.0,-11.198940694332,-11.198940694332,12.702812552452,1.50387185812,-0.184956673427,-0.184956673427,0.061375669883,0.061375669883,0.142789802158,0.142789802158,-0.184956673427,0.012327416174,2.52194301754,1.0,53.0,123.0,23.0,23.0
2025-10-18 04:00:00,,,-6.533226728439,-6.533226728439,10.547312498093,4.014085769653,0.13703300632,0.13703300632,,,0.409409113258,0.409409113258,0.13703300632,0.048039343408,2.30408899992,2.0,46.0,,30.0,30.0
2025-10-18 08:00:00,,,-1.167836427689,-1.167836427689,6.137892782688,4.970056355,-0.066806765956,-0.066806765956,,,0.731229875621,0.731229875621,-0.066806765956,0.084966864858,1.199641216225,4.0,31.0,,13.0,13.0
2025-10-18 12:00:00,,,-3.414549589157,-3.414549589157,10.496394991875,7.081845402718,-0.215750876999,-0.215750876999,,,0.464691451643,0.464691451643,-0.215750876999,0.020833333333,1.614573824747,1.0,48.0,,22.0,22.0
2025-10-18 16:00:00,,,-4.241900861263,-4.241900861263,10.59094530344,6.349044442177,0.02440053281,0.02440053281,,,0.513401834073,0.513401834073,0.02440053281,0.20047773707,1.912724265521,12.0,49.0,,17.0,17.0
2025-10-18 20:00:00,,,-9.346949875355,-9.346949875355,13.528179466724,4.18122959137,0.015378660017,0.015378660017,,,0.324196684022,0.324196684022,0.015378660017,0.157063957323,2.517900312254,5.0,56.0,,21.0,21.0
2025-10-19 00:00:00,0.0,0.0,-4.358797729015,-4.358797729015,9.067295134068,4.708497405052,0.101524210471,0.101524210471,0.142200465501,0.142200465501,0.497820955495,0.497820955495,0.101524210471,0.076312118391,2.610848138218,4.0,51.0,174.0,27.0,27.0
2025-10-19 04:00:00,,,2.19227129221,2.19227129221,6.501306653023,8.693577945232,0.025795948449,0.025795948449,,,0.900822279925,0.900822279925,0.025795948449,0.091607565012,2.295673340889,2.0,46.0,,31.0,31.0
2025-10-19 08:00:00,,,-8.831239998341,-8.831239998341,18.442715287209,9.611475288868,-0.154482233807,-0.154482233807,,,-0.14486163861,-0.14486163861,-0.154482233807,0.210519531768,3.260536479993,9.0,74.0,,41.0,41.0
2025-10-19 12:00:00,,,0.818953573704,0.818953573704,10.059060275555,10.878013849258,0.304249710488,0.304249710488,,,0.728792950637,0.728792950637,0.304249710488,0.105367169344,3.147830230015,7.0,75.0,,35.0,35.0
2025-10-19 16:00:00,,,-4.405442595482,-4.405442595482,13.009636759758,8.604194164276,-0.165953439749,-0.165953439749,,,0.378521067768,0.378521067768,-0.165953439749,0.120340200448,2.859043732991,8.0,74.0,,30.0,30.0
2025-10-19 20:00:00,,,-8.532810509205,-8.532810509205,13.068523645401,4.535713136196,-0.072445134669,-0.072445134669,,,0.235101192493,0.235101192493,-0.072445134669,0.0,2.397013282471,0.0,54.0,,13.0,13.0
2025-10-20 00:00:00,0.0,0.0,-1.29905796051,-1.29905796051,10.619218826294,9.320160865784,0.173466368672,0.173466368672,0.256766673529,0.256766673529,0.674155947426,0.674155947426,0.173466368672,0.068134769025,2.9908223885,3.0,55.0,235.0,32.0,32.0
2025-10-20 04:00:00,,,-9.269344210625,-9.269344210625,15.492155313492,6.222811102867,-0.282018380035,-0.282018380035,,,-1.179323462915,-1.179323462915,-0.282018380035,0.096742380917,3.228795172091,7.0,71.0,,47.0,47.0
2025-10-20 08:00:00,,,2.218774735928,2.218774735928,9.035729825497,11.254504561424,0.251063588442,0.251063588442,,,0.487688121719,0.487688121719,0.251063588442,0.176372390153,2.423305980133,10.0,56.0,,25.0,25.0
2025-10-20 12:00:00,,,-1.159081101418,-1.159081101418,10.582214951515,9.423133850098,-0.074635928606,-0.074635928606,,,0.056170294856,0.056170294856,-0.074635928606,0.097059095981,1.933977981542,7.0,62.0,,40.0,40.0
2025-10-20 16:00:00,,,-4.575393259525,-4.575393259525,12.320361077785,7.74496781826,-0.073738237744,-0.073738237744,,,-0.4853546413,-0.4853546413,-0.073738237744,0.108794958371,2.654142516669,8.0,72.0,,51.0,51.0
2025-10-20 20:00:00,,,-1.127431631088,-1.127431631088,21.535415410995,20.407983779907,0.067008664379,0.067008664379,,,0.365835373624,0.365835373624,0.067008664379,0.116581675838,3.624119749359,6.0,86.0,,41.0,42.0
2025-10-21 00:00:00,0.0,0.0,-11.642898857594,-11.642898857594,14.106957376003,2.46405851841,-0.15385981266,-0.15385981266,-3.515191819424,-3.515191819424,-0.478366560318,-0.478366560318,-0.15385981266,0.025720164609,2.471321048831,1.0,46.0,252.0,19.0,19.0
2025-10-21 04:00:00,,,-7.841148912907,-7.841148912907,11.498195946217,3.65704703331,-0.071156356593,-0.071156356593,,,-0.364965307365,-0.364965307365,-0.071156356593,0.072183890805,2.58022055517,3.0,53.0,,24.0,24.0
2025-10-21 08:00:00,,,-13.813189148903,-13.813189148903,18.208907783031,4.395718634129,-0.153724248796,-0.153724248796,,,-0.830151077674,-0.830151077674,-0.153724248796,0.009218289086,1.928550327314,1.0,56.0,,26.0,26.0
2025-10-21 12:00:00,,,-18.982209444046,-18.982209444046,32.806951344013,13.824741899967,-0.279711589371,-0.279711589371,,,-2.220550349227,-2.220550349227,-0.279711589371,0.194279945299,4.040762500276,14.0,147.0,,64.0,64.0
2025-10-21 16:00:00,,,-18.480149745941,-18.480149745941,28.107334494591,9.62718474865,-0.008683461668,-0.008683461668,,,-1.236299408039,-1.236299408039,-0.008683461668,0.213974160339,4.198998663223,13.0,142.0,,64.0,66.0
2025-10-21 20:00:00,,,-18.742044866085,-18.742044866085,30.294334053993,11.552289187908,0.010373074151,0.010373074151,,,-1.210315687233,-1.210315687233,0.010373074151,0.182631471711,5.690402447171,5.0,134.0,,57.0,65.0
2025-10-22 00:00:00,0.0,0.0,-11.772954165936,-11.772954165936,17.102436065674,5.329481899738,0.260036994275,0.260036994275,-3.11112085402,-3.11112085402,-0.057977513105,-0.057977513105,0.260036994275,0.101211403507,4.149279358494,4.0,84.0,228.0,32.0,33.0
2025-10-22 04:00:00,,,-6.020329594612,-6.020329594612,17.548212230206,11.527882635593,0.036308780699,0.036308780699,,,0.320198255282,0.320198255282,0.036308780699,0.179360097012,3.534717099392,9.0,72.0,,27.0,27.0
2025-10-22 08:00:00,,,-4.308422386646,-4.308422386646,12.336108744144,8.027686357498,0.007315887501,0.007315887501,,,0.376275309355,0.376275309355,0.007315887501,0.093355124699,2.131365342479,4.0,58.0,,25.0,25.0
2025-10-22 12:00:00,,,-24.584261596203,-24.584261596203,34.60585129261,10.021589696407,-0.412827929336,-0.412827929336,,,-1.733481889473,-1.733481889473,-0.412827929336,0.062600532762,3.579828314561,4.0,139.0,,69.0,69.0
2025-10-22 16:00:00,,,-22.104917705059,-22.104917705059,32.573456406593,10.468538701534,0.12086588114,0.12086588114,,,-0.813390165204,-0.813390165204,0.12086588114,0.168727282596,3.603542387781,8.0,122.0,,48.0,48.0
2025-10-22 20:00:00,,,-25.566555976868,-25.566555976868,34.50195235014,8.935396373272,0.103543090745,0.103543090745,,,-0.275974751546,-0.275974751546,0.103543090745,0.113873751536,3.845616008776,6.0,103.0,,29.0,29.0
2025-10-23 00:00:00,0.0,0.0,-14.79780703783,-14.79780703783,17.192105948925,2.394298911095,0.179627842659,0.179627842659,-1.702836990488,-1.702836990488,0.478510864541,0.478510864541,0.179627842659,0.043402777778,2.844112217842,1.0,56.0,199.0,14.0,14.0
2025-10-23 04:00:00,,,-3.889278113842,-3.889278113842,11.853994071484,7.964715957642,0.038985673522,0.038985673522,,,0.552325881038,0.552325881038,0.038985673522,0.115906633436,2.91662379546,5.0,60.0,,24.0,24.0
2025-10-23 08:00:00,,,-10.897740721703,-10.897740721703,14.746329724789,3.848589003086,0.057467459042,0.057467459042,,,0.457680722252,0.457680722252,0.057467459042,0.053332682987,1.865006413189,3.0,53.0,,22.0,22.0
2025-10-23 12:00:00,,,-14.910188615322,-14.910188615322,25.37087816,10.460689544678,-0.396676429878,-0.396676429878,,,-0.242523480111,-0.242523480111,-0.396676429878,0.068033347657,3.039734720097,4.0,112.0,,50.0,50.0
2025-10-23 16:00:00,,,-16.796414792538,-16.796414792538,31.310970067978,14.51455527544,0.088129409409,0.088129409409,,,-0.318152317139,-0.318152317139,0.088129409409,0.296904472682,3.998290303429,18.0,130.0,,55.0,55.0
2025-10-23 20:00:00,,,-11.653613626957,-11.653613626957,17.323698163033,5.670084536076,0.091660476397,0.091660476397,,,0.342687139935,0.342687139935,0.091660476397,0.106035850927,3.80775407856,3.0,90.0,,35.0,35.0
2025-10-24 00:00:00,0.0,0.0,-13.797250330448,-13.797250330448,19.395156502724,5.597906172276,0.033436959936,0.033436959936,-2.16752302011,-2.16752302011,0.451128621891,0.451128621891,0.033436959936,0.091810753937,3.891254179199,3.0,69.0,194.0,21.0,21.0
2025-10-24 04:00:00,,,-10.99480265379,-10.99480265379,14.893665552139,3.89886289835,-0.06175981524,-0.06175981524,,,0.635115427244,0.635115427244,-0.06175981524,0.144278909921,2.225835165663,5.0,47.0,,16.0,16.0
2025-10-24 08:00:00,,,-1.814807534218,-1.814807534218,11.119541049004,9.304733514786,0.237115870794,0.237115870794,,,0.789260479021,0.789260479021,0.237115870794,0.265941990287,2.641871149148,15.0,78.0,,33.0,33.0
2025-10-24 12:00:00,,,-28.168370723724,-28.168370723724,35.201960146427,7.033589422703,-0.582323042329,-0.582323042329,,,-1.691173809247,-1.691173809247,-0.582323042329,0.261685499025,4.150604370774,16.0,145.0,,61.0,63.0
2025-10-24 16:00:00,,,-20.286615848541,-20.286615848541,28.478609502316,8.191993653774,0.291927896877,0.291927896877,,,-0.190975277822,-0.190975277822,0.291927896877,0.290859575241,3.325501671055,13.0,106.0,,37.0,37.0
2025-10-24 20:00:00,,,-16.148230195045,-16.148230195045,26.394406676292,10.246176481247,0.079815116297,0.079815116297,,,0.182215088677,0.182215088677,0.079815116297,0.157352256826,4.219776291322,5.0,94.0,,28.0,28.0
2025-10-25 00:00:00,0.0,0.0,-15.063669383526,-15.063669383526,18.168609201908,3.104939818382,-0.066711949131,-0.066711949131,-0.310401182923,-0.310401182923,0.215249992047,0.215249992047,-0.066711949131,0.230681334007,4.958720722307,6.0,88.0,153.0,29.0,34.0
2025-10-25 04:00:00,,,-0.143102407455,-0.143102407455,11.262807667255,11.1197052598,0.313826725725,0.313826725725,,,0.941708401073,0.941708401073,0.313826725725,0.034722222222,4.150971469931,1.0,81.0,,41.0,41.0
2025-10-25 08:00:00,,,3.650713980198,3.650713980198,8.611514091492,12.26222807169,-0.062003798328,-0.062003798328,,,0.728175119323,0.728175119323,-0.062003798328,0.121481208021,3.106092651991,6.0,70.0,,20.0,20.0
2025-10-25 12:00:00,,,-10.378555834293,-10.378555834293,23.10442250967,12.725866675377,-0.079430581599,-0.079430581599,,,0.191070263807,0.191070263807,-0.079430581599,0.081999573647,3.347573318261,4.0,89.0,,37.0,37.0
2025-10-25 16:00:00,,,-14.334460437298,-14.334460437298,20.587834954262,6.253374516964,-0.063502887367,-0.063502887367,,,0.10922661652,0.10922661652,-0.063502887367,0.036530936659,2.992794668432,2.0,77.0,,24.0,24.0
2025-10-25 20:00:00,,,-11.127471625805,-11.127471625805,14.993745982647,3.866274356842,-0.040668877999,-0.040668877999,,,0.408794753488,0.408794753488,-0.040668877999,0.335053557264,2.559625179663,14.0,61.0,,17.0,17.0
2025-10-26 00:00:00,0.0,0.0,-9.648261189461,-9.648261189461,13.578095257282,3.929834067822,0.022192131611,0.022192131611,-1.728106357374,-1.728106357374,0.419902785003,0.419902785003,0.022192131611,0.024224806202,3.10386561639,1.0,50.0,226.0,20.0,20.0
2025-10-26 04:00:00,,,-3.231545984745,-3.231545984745,8.627713143826,5.396167159081,0.168608107396,0.168608107396,,,0.51731433366,0.51731433366,0.168608107396,0.230852567817,3.40678456329,6.0,52.0,,33.0,33.0
2025-10-26 08:00:00,,,-11.318950951099,-11.318950951099,20.047634661198,8.728683710098,-0.149929721738,-0.149929721738,,,-0.047099286169,-0.047099286169,-0.149929721738,0.273988506121,3.717566491016,13.0,85.0,,42.0,43.0
2025-10-26 12:00:00,,,-21.824974060059,-21.824974060059,28.196719586849,6.371745526791,-0.326947629196,-0.326947629196,,,-1.142479883209,-1.142479883209,-0.326947629196,0.440304257986,4.092272639342,18.0,112.0,,50.0,50.0
2025-10-26 16:00:00,,,-13.792430996895,-13.792430996895,17.739982068539,3.947551071644,0.168622399706,0.168622399706,,,-0.259362420654,-0.259362420654,0.168622399706,0.217525773372,3.537276723908,9.0,90.0,,41.0,41.0
2025-10-26 20:00:00,,,-9.151244878769,-9.151244878769,21.552357077599,12.40111219883,0.118156444449,0.118156444449,,,0.363048000898,0.363048000898,0.118156444449,0.215882029067,3.764395136943,8.0,92.0,,44.0,44.0
2025-10-27 00:00:00,0.0,0.0,-9.356434047222,-9.356434047222,14.59574919939,5.239315152168,-0.114926524749,-0.114926524749,-1.224050917831,-1.224050917831,-0.009806960916,-0.009806960916,-0.114926524749,0.393368911967,4.735535561287,12.0,84.0,265.0,45.0,42.0
2025-10-27 04:00:00,,,-8.96827930212,-8.96827930212,17.062289118767,8.094009816647,0.140859147771,0.140859147771,,,0.547915134092,0.547915134092,0.140859147771,0.151729992978,3.542890171124,10.0,68.0,,31.0,30.0
2025-10-27 08:00:00,,,4.937735319138,4.937735319138,8.28807413578,13.225809454918,0.381059720985,0.381059720985,,,1.660300618887,1.660300618887,0.381059720985,0.208510804264,2.753373077674,10.0,73.0,,36.0,33.0
2025-10-27 12:00:00,,,-20.856406390667,-20.856406390667,29.108527839184,8.252121448517,-0.3687513801,-0.3687513801,,,-1.608146874619,-1.608146874619,-0.3687513801,0.123071583598,3.232598499134,7.0,112.0,,53.0,51.0
2025-10-27 16:00:00,,,-10.63318926096,-10.63318926096,24.55079549551,13.91760623455,0.132656175123,0.132656175123,,,-0.547407006555,-0.547407006555,0.132656175123,0.317982364575,3.846548123447,16.0,116.0,,64.0,58.0
2025-10-27 20:00:00,,,-3.872364342213,-3.872364342213,17.961868941784,14.089504599571,0.088210003146,0.088210003146,,,0.626446938571,0.626446938571,0.088210003146,0.085547243106,3.628245929277,4.0,93.0,,39.0,38.0
2025-10-28 00:00:00,0.0,0.0,-1.890631318092,-1.890631318092,9.891786158085,8.001154839993,-0.009987178318,-0.009987178318,-1.276539718611,-1.276539718611,0.516791323172,0.516791323172,-0.009987178318,0.26232786406,3.523310881576,8.0,63.0,258.0,24.0,25.0
2025-10-28 04:00:00,,,-9.836953580379,-9.836953580379,20.683142364025,10.846188783646,-0.1842042501,-0.1842042501,,,-0.20020112761,-0.20020112761,-0.1842042501,0.078355978651,4.580812523234,3.0,96.0,,54.0,56.0
2025-10-28 08:00:00,,,-2.589992940426,-2.589992940426,14.515083193779,11.925090253353,0.201925895442,0.201925895442,,,0.503357357515,0.503357357515,0.201925895442,0.282657953487,2.650656544658,14.0,76.0,,39.0,39.0
2025-10-28 12:00:00,,,-15.016339600086,-15.016339600086,28.377824366093,13.361484766006,-0.251602649365,-0.251602649365,,,-1.006792431213,-1.006792431213,-0.251602649365,0.406046618381,3.986929517205,25.0,149.0,,66.0,66.0
2025-10-28 16:00:00,,,-14.479791283607,-14.479791283607,22.12292188406,7.643130600452,0.196297885459,0.196297885459,,,-0.147692557824,-0.147692557824,0.196297885459,0.113796440629,2.740130787225,7.0,91.0,,37.0,37.0
2025-10-28 20:00:00,,,-7.97941583395,-7.97941583395,20.543923139572,12.564507305622,0.08058129477,0.08058129477,,,0.106495188036,0.106495188036,0.08058129477,0.144705825442,2.8306319874,9.0,86.0,,41.0,41.0
2025-10-29 00:00:00,0.0,0.0,-6.10598641634,-6.10598641634,13.913625061512,7.807638645172,-0.089520401447,-0.089520401447,-1.167603021329,-1.167603021329,0.3247784145,0.3247784145,-0.089520401447,0.090960427746,3.394199633337,3.0,59.0,250.0,27.0,27.0
2025-10-29 04:00:00,,,-6.955099523067,-6.955099523067,15.607098042965,8.651998519897,0.085546859074,0.085546859074,,,0.243461934995,0.243461934995,0.085546859074,0.069383599429,2.987268786798,3.0,60.0,,30.0,30.0
2025-10-29 08:00:00,,,-3.781289875507,-3.781289875507,14.663283824921,10.881993949413,-0.052346116563,-0.052346116563,,,0.322827229316,0.322827229316,-0.052346116563,0.182479271792,1.827254742806,14.0,72.0,,26.0,26.0
2025-10-29 12:00:00,,,-13.107951879501,-13.107951879501,31.730066001415,18.622114121914,-0.11160473257,-0.11160473257,,,-0.119152569943,-0.119152569943,-0.11160473257,0.18658727624,2.124782568307,14.0,116.0,,50.0,50.0
2025-10-29 16:00:00,,,-21.170634329319,-21.170634329319,31.304897725582,10.134263396263,-0.145435580679,-0.145435580679,,,-2.009178774124,-2.009178774124,-0.145435580679,0.25276185356,2.49516759062,24.0,144.0,,88.0,90.0
2025-10-29 20:00:00,,,-0.058684110641,-0.058684110641,16.798657178879,16.739973068237,0.319379846261,0.319379846261,,,0.581416836493,0.581416836493,0.319379846261,0.22468350485,2.142016756939,23.0,87.0,,36.0,36.0
2025-10-30 00:00:00,0.0,0.0,-14.543466508389,-14.543466508389,20.167063713074,5.623597204685,-0.095005055792,-0.095005055792,-2.434515320911,-2.434515320911,0.056835757798,0.056835757798,-0.095005055792,0.044876891519,2.109614894356,4.0,79.0,276.0,32.0,32.0
2025-10-30 04:00:00,,,-13.41510862112,-13.41510862112,18.316063344479,4.900954723358,-0.058500011505,-0.058500011505,,,-0.039978332914,-0.039978332914,-0.058500011505,0.067149594936,1.622360247013,7.0,67.0,,31.0,31.0
2025-10-30 08:00:00,,,-7.73074555397,-7.73074555397,12.6922082901,4.96146273613,0.256074617554,0.256074617554,,,0.274076895632,0.274076895632,0.256074617554,0.07380066218,1.427132694028,8.0,64.0,,29.0,29.0
2025-10-30 12:00:00,,,-19.779681622982,-19.779681622982,33.079964995384,13.300283372402,-0.474870066778,-0.474870066778,,,-1.448898392463,-1.448898392463,-0.474870066778,0.104594135387,2.499362207843,12.0,134.0,,70.0,74.0
2025-10-30 16:00:00,,,-7.227069199085,-7.227069199085,27.384709060192,20.157639861107,0.254144711609,0.254144711609,,,0.195639130147,0.195639130147,0.254144711609,0.188106118854,2.378543776595,23.0,129.0,,66.0,66.0
2025-10-30 20:00:00,,,-14.600541591644,-14.600541591644,27.95408731699,13.353545725346,-0.022674707028,-0.022674707028,,,-0.30951311671,-0.30951311671,-0.022674707028,0.07814901762,2.356347434601,8.0,113.0,,50.0,51.0
2025-10-31 00:00:00,0.0,0.0,-8.413676679134,-8.413676679134,18.363540232182,9.949863553047,0.132871813961,0.132871813961,-0.385332343197,-0.385332343197,0.29053608069,0.29053608069,0.132871813961,0.068295345664,1.771717700822,4.0,82.0,277.0,35.0,35.0
2025-10-31 04:00:00,,,-6.257947742939,-6.257947742939,15.662385046482,9.404437303543,-0.018602616712,-0.018602616712,,,0.201670975386,0.201670975386,-0.018602616712,0.016666666667,1.366373114406,1.0,68.0,,41.0,42.0
2025-10-31 08:00:00,,,-1.933120548725,-1.933120548725,15.013761222363,13.080640673637,0.064593385611,0.064593385611,,,0.654797107549,0.654797107549,0.064593385611,0.045499616369,1.296963035564,4.0,82.0,,42.0,42.0
2025-10-31 12:00:00,,,7.055174171925,7.055174171925,10.088576436043,17.143750607967,0.116429496285,0.116429496285,,,1.143170678485,1.143170678485,0.116429496285,0.051667243175,1.625876082593,6.0,111.0,,63.0,63.0
2025-10-31 16:00:00,,,-8.335674166679,-8.335674166679,22.149839580059,13.81416541338,-0.226316487476,-0.226316487476,,,0.218495832178,0.218495832178,-0.226316487476,0.056397611048,1.743585723286,5.0,110.0,,52.0,52.0
2025-10-31 20:00:00,,,-13.34604203701,-13.34604203701,24.193215489388,10.847173452377,-0.231413462878,-0.231413462878,,,-0.240925112458,-0.240925112458,-0.231413462878,0.081457636323,1.913385410685,6.0,98.0,,49.0,49.0
2025-11-01 00:00:00,0.0,0.0,-7.194544672966,-7.194544672966,12.802556812763,5.608012139797,0.049144025625,0.049144025625,0.099932018759,0.099932018759,0.094585209214,0.094585209214,0.049144025625,0.023275335775,1.369501706032,2.0,66.0,194.0,28.0,29.0
2025-11-01 04:00:00,,,2.093215584755,2.093215584755,4.096413493156,6.189629077911,0.236068756266,0.236068756266,,,0.570184652922,0.570184652922,0.236068756266,0.0,0.732950020626,0.0,39.0,,27.0,27.0
2025-11-01 08:00:00,,,9.141450643539,9.141450643539,3.731379628181,12.872830271721,0.165994913562,0.165994913562,,,0.777642811855,0.777642811855,0.165994913562,0.039489928735,0.98040638549,4.0,54.0,,26.0,26.0
2025-11-01 12:00:00,,,-4.823900580406,-4.823900580406,17.878276467323,13.054375886917,-0.184091456585,-0.184091456585,,,0.059638317739,0.059638317739,-0.184091456585,0.045482801565,1.317483591638,7.0,84.0,,44.0,44.0
2025-11-01 16:00:00,,,-11.660320162773,-11.660320162773,17.02901417017,5.368694007397,-0.09576193391,-0.09576193391,,,-0.071528904451,-0.071528904451,-0.09576193391,0.009512937595,0.903092223589,1.0,56.0,,28.0,28.0
2025-11-01 20:00:00,,,-16.467091798782,-16.467091798782,21.06361323595,4.596521437168,-0.174551017997,-0.174551017997,,,-0.474724166383,-0.474724166383,-0.174551017997,0.106330410562,1.522301129467,10.0,82.0,,42.0,42.0
2025-11-02 00:00:00,0.0,0.0,-2.416820526123,-2.416820526123,5.40214818716,2.985327661037,0.176574532663,0.176574532663,0.188351900031,0.188351900031,0.350292212801,0.350292212801,0.176574532663,0.011770244821,0.833772578492,1.0,38.0,223.0,25.0,25.0
2025-11-02 04:00:00,,,-2.766113340855,-2.766113340855,8.350116193295,5.58400285244,-0.009120505046,-0.009120505046,,,0.319497294191,0.319497294191,-0.009120505046,0.0,1.118621423249,0.0,56.0,,23.0,24.0
2025-11-02 08:00:00,,,-1.361353695393,-1.361353695393,9.502634048462,8.141280353069,0.010337110143,0.010337110143,,,0.271619073153,0.271619073153,0.010337110143,0.024897491736,0.820455881362,3.0,46.0,,25.0,25.0
2025-11-02 12:00:00,,,-7.567712008953,-7.567712008953,17.074995577335,9.507283568382,-0.061378046102,-0.061378046102,,,-0.240450614374,-0.240450614374,-0.061378046102,0.045350885698,1.40924632641,6.0,92.0,,48.0,48.0
2025-11-02 16:00:00,,,-9.372204124928,-9.372204124928,20.920594871044,11.548390746117,0.021986892789,0.021986892789,,,-0.572901935592,-0.572901935592,0.021986892789,0.077350041272,1.482614956608,12.0,105.0,,63.0,64.0
2025-11-02 20:00:00,,,0.250988304615,0.250988304615,14.630034506321,14.881022810936,0.196941256562,0.196941256562,,,0.170069745171,0.170069745171,0.196941256562,0.035296164185,1.055053136946,6.0,72.0,,39.0,39.0
2025-11-03 00:00:00,0.0,0.0,-9.217352747917,-9.217352747917,16.316022396088,7.09866964817,-0.19856790114,-0.19856790114,-2.086389349824,-2.086389349824,-0.483064340036,-0.483064340036,-0.19856790114,0.044420211621,1.358538597846,7.0,91.0,296.0,40.0,41.0
2025-11-03 04:00:00,,,-8.448133587837,-8.448133587837,12.887256979942,4.439123392105,0.099808882505,0.099808882505,,,-0.061368485103,-0.061368485103,0.099808882505,0.028636354472,0.792708876153,5.0,59.0,,33.0,33.0
2025-11-03 08:00:00,,,-1.737697541714,-1.737697541714,9.680943310261,7.943245768547,0.042793205312,0.042793205312,,,0.365734661585,0.365734661585,0.042793205312,0.024539472518,0.71960245556,5.0,64.0,,37.0,37.0
2025-11-03 12:00:00,,,-7.47417140007,-7.47417140007,25.041479408741,17.567308008671,-0.066578741965,-0.066578741965,,,-0.459580691925,-0.459580691925,-0.066578741965,0.055186790233,1.157744313163,13.0,129.0,,67.0,68.0
2025-11-03 16:00:00,,,-24.153591632843,-24.153591632843,37.115149199963,12.96155756712,-0.0892302256,-0.0892302256,,,-1.973757630273,-1.973757630273,-0.0892302256,0.042420406794,1.166010216992,11.0,133.0,,62.0,62.0
2025-11-03 20:00:00,,,-15.874960064888,-15.874960064888,33.134045660496,17.259085595608,0.122086449476,0.122086449476,,,-1.018432700355,-1.018432700355,0.122086449476,0.027128122623,1.113722025235,7.0,114.0,,63.0,66.0
2025-11-04 00:00:00,0.0,0.0,-18.502319514751,-18.502319514751,25.715571582317,7.213252067566,0.057224478043,0.057224478043,-2.656386491943,-2.656386491943,-0.081301433417,-0.081301433417,0.057224478043,0.027593142756,0.851062071948,7.0,80.0,318.0,30.0,30.0
2025-11-04 04:00:00,,,-6.932344555855,-6.932344555855,16.335136175156,9.402791619301,0.01259713976,0.01259713976,,,0.263197519421,0.263197519421,0.01259713976,0.015828215523,0.736163222145,4.0,72.0,,40.0,41.0
2025-11-04 08:00:00,,,-5.128036499023,-5.128036499023,11.211490929127,6.083454430103,0.038026754554,0.038026754554,,,0.28446544205,0.28446544205,0.038026754554,0.008541838204,0.570695085821,2.0,60.0,,36.0,36.0
2025-11-04 12:00:00,,,-18.157734811306,-18.157734811306,26.980902493,8.823167681694,-0.246046555236,-0.246046555236,,,-1.106357394513,-1.106357394513,-0.246046555236,0.020193062093,0.958752240281,6.0,112.0,,61.0,62.0
2025-11-04 16:00:00,,,-23.849406063557,-23.849406063557,36.887349069118,13.037943005562,-0.161832289701,-0.161832289701,,,-1.643473808435,-1.643473808435,-0.161832289701,0.032913512542,1.123619570794,9.0,141.0,,82.0,82.0
2025-11-04 20:00:00,,,-5.397706449032,-5.397706449032,26.879715740681,21.482009291649,0.153621256228,0.153621256228,,,0.163325750049,0.163325750049,0.153621256228,0.014841863004,1.323873203821,4.0,147.0,,72.0,73.0
2025-11-05 00:00:00,0.0,0.0,-9.400758743286,-9.400758743286,15.605859339237,6.205100595951,0.139317011019,0.139317011019,-0.66843392492,-0.66843392492,0.283673349215,0.283673349215,0.139317011019,0.016963385385,0.801046347094,4.0,75.0,245.0,43.0,43.0
2025-11-05 04:00:00,,,-8.19759452343,-8.19759452343,15.442439138889,7.244844615459,0.094663853789,0.094663853789,,,0.417370960395,0.417370960395,0.094663853789,0.024323032658,0.664894563528,6.0,64.0,,33.0,33.0
2025-11-05 08:00:00,,,-7.470711648464,-7.470711648464,17.642869949341,10.172158300877,0.008235651393,0.008235651393,,,0.379927104577,0.379927104577,0.008235651393,0.007241631348,0.559749942921,2.0,64.0,,33.0,33.0
2025-11-05 12:00:00,,,-3.550265491009,-3.550265491009,17.522689342499,13.97242385149,-0.046590012264,-0.046590012264,,,0.320844740903,0.320844740903,-0.046590012264,0.056693809117,0.922649473844,16.0,108.0,,54.0,54.0
2025-11-05 16:00:00,,,-13.256491005421,-13.256491005421,24.11025595665,10.853764951229,-0.020709055649,-0.020709055649,,,-0.023273488883,-0.023273488883,-0.020709055649,0.028974521175,0.836781645007,8.0,104.0,,52.0,52.0
2025-11-05 20:00:00,,,-5.631853044033,-5.631853044033,19.491731286049,13.859878242016,0.178116458371,0.178116458371,,,0.46817233013,0.46817233013,0.178116458371,0.009724997543,0.89134856863,3.0,92.0,,34.0,36.0
2025-11-06 00:00:00,0.0,0.0,-6.510251641273,-6.510251641273,11.420235574245,4.909983932972,-0.016617650726,-0.016617650726,-0.270630873212,-0.270630873212,0.535733618491,0.535733618491,-0.016617650726,0.007666622182,0.571751675761,2.0,56.0,216.0,20.0,20.0
2025-11-06 04:00:00,,,6.00846016407,6.00846016407,2.477256059647,8.485716223717,0.297571241704,0.297571241704,,,0.760943070051,0.760943070051,0.297571241704,0.003114100648,0.402671888006,1.0,44.0,,22.0,22.0
2025-11-06 08:00:00,,,-9.008817791939,-9.008817791939,14.316024303436,5.307206511497,-0.175457650283,-0.175457650283,,,0.248141705318,0.248141705318,-0.175457650283,0.019143414041,0.514808428225,6.0,61.0,,34.0,34.0
2025-11-06 12:00:00,,,-1.542575776577,-1.542575776577,14.822441875935,13.279866099358,0.018339094581,0.018339094581,,,0.376381647701,0.376381647701,0.018339094581,0.027492590441,0.823697887595,8.0,101.0,,42.0,43.0
2025-11-06 16:00:00,,,-18.870622694492,-18.870622694492,27.42918753624,8.558564841747,-0.169337409293,-0.169337409293,,,-0.455223031712,-0.455223031712,-0.169337409293,0.006180137381,0.825205708012,2.0,99.0,,45.0,45.0
2025-11-06 20:00:00,,,-12.154599666595,-12.154599666595,29.302546977997,17.147947311401,0.082727131041,0.082727131041,,,-0.145644766583,-0.145644766583,0.082727131041,0.028650019678,1.073253183134,8.0,122.0,,56.0,56.0
2025-11-07 00:00:00,0.0,0.0,-10.612968742847,-10.612968742847,14.358989775181,3.746021032333,0.066041377019,0.066041377019,-1.94150639412,-1.94150639412,0.249562212361,0.249562212361,0.066041377019,0.014548834372,0.510510845381,4.0,53.0,306.0,24.0,24.0
2025-11-07 04:00:00,,,5.368669509888,5.368669509888,5.712005138397,11.080674648285,0.233909960648,0.233909960648,,,0.94874438532,0.94874438532,0.233909960648,0.007584809199,0.717236896673,2.0,80.0,,50.0,50.0
2025-11-07 08:00:00,,,-11.133487641811,-11.133487641811,15.795563340187,4.662075698376,-0.31869526824,-0.31869526824,,,-0.270448504634,-0.270448504634,-0.31869526824,0.013059977265,0.652680939296,4.0,76.0,,39.0,39.0
2025-11-07 12:00:00,,,-9.132477462292,-9.132477462292,22.020352065563,12.887874603271,-0.000193149809,-0.000193149809,,,-0.207498052359,-0.207498052359,-0.000193149809,0.029500040514,1.07520373102,9.0,136.0,,54.0,58.0
2025-11-07 16:00:00,,,-27.10893458128,-27.10893458128,51.152269244194,24.043334662914,-0.224166858173,-0.224166858173,,,-2.829900447462,-2.829900447462,-0.224166858173,0.014811692093,1.697100279338,5.0,209.0,,104.0,105.0
2025-11-07 20:00:00,,,-15.640707194805,-15.640707194805,27.587278842926,11.946571648121,0.224583264818,0.224583264818,,,-0.085600950219,-0.085600950219,0.224583264818,0.017974730766,0.847343755873,5.0,96.0,,42.0,43.0
2025-11-08 00:00:00,0.0,0.0,-9.982993662357,-9.982993662357,12.98983335495,3.006839692593,0.17194039146,0.17194039146,-0.156861812971,-0.156861812971,0.229160421406,0.229160421406,0.17194039146,0.0,0.554713292331,0.0,58.0,164.0,25.0,25.0
2025-11-08 04:00:00,,,-8.07775503397,-8.07775503397,16.72259759903,8.64484256506,0.050794147154,0.050794147154,,,0.203323554679,0.203323554679,0.050794147154,0.003495525727,0.734878044206,1.0,78.0,,34.0,35.0
2025-11-08 08:00:00,,,-2.879780650139,-2.879780650139,9.411098122597,6.531317472458,0.032745641813,0.032745641813,,,0.39427786547,0.39427786547,0.032745641813,0.011296229064,0.427187147715,3.0,47.0,,25.0,26.0
2025-11-08 12:00:00,,,-13.351803421974,-13.351803421974,20.651919841766,7.300116419792,-0.149561163931,-0.149561163931,,,-0.092420562893,-0.092420562893,-0.149561163931,0.013200498815,0.791199977241,4.0,89.0,,41.0,41.0
2025-11-08 16:00:00,,,-9.356639623642,-9.356639623642,14.230782926083,4.874143302441,0.029034297595,0.029034297595,,,0.310028822137,0.310028822137,0.029034297595,0.014629010066,0.580158128946,4.0,62.0,,20.0,20.0
2025-11-08 20:00:00,,,-9.766494572163,-9.766494572163,15.901448845863,6.134954273701,0.15927485587,0.15927485587,,,0.331643047613,0.331643047613,0.15927485587,0.010933908894,0.554746652845,3.0,58.0,,22.0,23.0
2025-11-09 00:00:00,0.0,0.0,-11.666324198246,-11.666324198246,14.64625030756,2.979926109314,-0.174568634342,-0.174568634342,-0.515435924616,-0.515435924616,0.197433841156,0.197433841156,-0.174568634342,0.007773631841,1.145127353513,1.0,63.0,255.0,35.0,35.0
2025-11-09 04:00:00,,,-8.397868514061,-8.397868514061,13.96506690979,5.567198395729,0.092691519895,0.092691519895,,,0.249794968298,0.249794968298,0.092691519895,0.015196728559,0.954982147283,2.0,63.0,,34.0,34.0
2025-11-09 08:00:00,,,-4.866147220135,-4.866147220135,10.203478097916,5.337330877781,0.022005513075,0.022005513075,,,0.294758296904,0.294758296904,0.022005513075,0.04295532646,2.265475773187,2.0,70.0,,46.0,47.0
2025-11-09 12:00:00,,,-8.095069348812,-8.095069348812,15.029048323631,6.933978974819,-0.21556599648,-0.21556599648,,,-0.008976211534,-0.008976211534,-0.21556599648,0.245267069294,2.588743788722,10.0,66.0,,42.0,42.0
2025-11-09 16:00:00,,,-2.391437351704,-2.391437351704,15.453085839748,13.061648488045,0.155135341583,0.155135341583,,,0.412070767562,0.412070767562,0.155135341583,0.283922816806,3.809813792236,8.0,87.0,,54.0,55.0
2025-11-09 20:00:00,,,-8.991182208061,-8.991182208061,15.868361830711,6.87717962265,-0.032037377488,-0.032037377488,,,0.021014363209,0.021014363209,-0.032037377488,0.333381613624,4.25319878365,6.0,76.0,,48.0,48.0
2025-11-10 00:00:00,0.0,0.0,-6.80563813448,-6.80563813448,13.033985376358,6.228347241879,-0.054047799328,-0.054047799328,0.153078514938,0.153078514938,0.010236321639,0.010236321639,-0.054047799328,0.156966248973,5.674315730743,5.0,93.0,261.0,47.0,49.0
2025-11-10 04:00:00,,,2.507676720619,2.507676720619,7.752452552319,10.260129272938,0.218649334654,0.218649334654,,,0.749057802779,0.749057802779,0.218649334654,0.219435553407,3.483045754454,7.0,51.0,,27.0,27.0
2025-11-10 08:00:00,,,-13.487157940865,-13.487157940865,17.445176720619,3.958018779755,-0.260714317743,-0.260714317743,,,-0.503536918978,-0.503536918978,-0.260714317743,0.278712843304,2.951180051526,9.0,63.0,,31.0,31.0
2025-11-10 12:00:00,,,3.070604622364,3.070604622364,17.311913073063,20.382517695427,0.14627926299,0.14627926299,,,0.909632947408,0.909632947408,0.14627926299,0.395651212294,3.65507658434,23.0,118.0,,67.0,67.0
2025-11-10 16:00:00,,,-8.254796147346,-8.254796147346,23.162091553211,14.907295405865,-0.035935055923,-0.035935055923,,,-0.424689153828,-0.424689153828,-0.035935055923,0.328300105716,3.556490881602,13.0,105.0,,55.0,55.0
2025-11-10 20:00:00,,,-3.090531826019,-3.090531826019,13.581500351429,10.49096852541,-0.044297002016,-0.044297002016,,,0.279480126688,0.279480126688,-0.044297002016,0.136563165935,2.928441858254,5.0,67.0,,39.0,39.0
2025-11-11 00:00:00,0.0,0.0,-6.313537657261,-6.313537657261,9.382783293724,3.069245636463,-0.047748083788,-0.047748083788,-0.930793189839,-0.930793189839,-0.075379435355,-0.075379435355,-0.047748083788,0.261195106263,3.13143751591,9.0,55.0,253.0,28.0,28.0
2025-11-11 04:00:00,,,-4.425988554955,-4.425988554955,8.278909683228,3.852921128273,0.03048868956,0.03048868956,,,0.184921894283,0.184921894283,0.03048868956,0.087729018913,2.808075061454,2.0,63.0,,36.0,37.0
2025-11-11 08:00:00,,,-2.100502789021,-2.100502789021,9.784092903137,7.683590114117,0.106998199093,0.106998199093,,,0.383178082646,0.383178082646,0.106998199093,0.181347113606,2.324040830011,9.0,60.0,,37.0,37.0
2025-11-11 12:00:00,,,-13.000547409058,-13.000547409058,24.091684579849,11.091137170792,-0.17337928585,-0.17337928585,,,-0.793376410128,-0.793376410128,-0.17337928585,0.246811020896,3.322819398423,13.0,112.0,,61.0,61.0
2025-11-11 16:00:00,,,-19.186781227589,-19.186781227589,31.732582509518,12.545801281929,-0.081100027798,-0.081100027798,,,-1.544767461461,-1.544767461461,-0.081100027798,0.223496784801,3.817771256755,13.0,111.0,,57.0,57.0
2025-11-11 20:00:00,,,-11.84364682436,-11.84364682436,19.643728077412,7.800081253052,0.142242643441,0.142242643441,,,-0.367669109689,-0.367669109689,0.142242643441,0.107393715575,3.258595605961,6.0,73.0,,36.0,36.0
2025-11-12 00:00:00,0.0,0.0,-11.497857987881,-11.497857987881,16.931959211826,5.434101223946,0.127525886489,0.127525886489,0.045292802782,0.045292802782,0.219730187569,0.219730187569,0.127525886489,0.104677287582,3.849976608299,2.0,58.0,191.0,19.0,21.0
2025-11-12 04:00:00,,,-3.131256461143,-3.131256461143,8.588715016842,5.457458555698,0.058587497511,0.058587497511,,,0.508185088341,0.508185088341,0.058587497511,0.1414387973,1.724394682972,4.0,33.0,,19.0,19.0
2025-11-12 08:00:00,,,-1.831026256084,-1.831026256084,6.56435829401,4.733332037926,-0.135684405282,-0.135684405282,,,0.483837085419,0.483837085419,-0.135684405282,0.053661616162,1.755928245542,3.0,48.0,,26.0,26.0
2025-11-12 12:00:00,,,-0.00668746233,-0.00668746233,14.864427268505,14.857739806175,0.231727469508,0.231727469508,,,0.738431061385,0.738431061385,0.231727469508,0.240665689564,3.376644475139,12.0,107.0,,47.0,48.0
2025-11-12 16:00:00,,,-6.666622102261,-6.666622102261,19.295229911804,12.628607809544,-0.110736300927,-0.110736300927,,,-0.185106525987,-0.185106525987,-0.110736300927,0.068712056247,2.997492595114,3.0,91.0,,44.0,44.0
2025-11-12 20:00:00,,,-18.550098598003,-18.550098598003,22.735706984997,4.185608386993,-0.1450965983,-0.1450965983,,,-0.750102450819,-0.750102450819,-0.1450965983,0.089951805638,2.546774248368,5.0,68.0,,40.0,40.0
2025-11-13 00:00:00,0.0,0.0,-5.219088613987,-5.219088613987,10.832903027534,5.613814413548,0.224534264689,0.224534264689,-0.857933094791,-0.857933094791,0.407110297849,0.407110297849,0.224534264689,0.455296179758,4.866517182038,9.0,74.0,233.0,26.0,27.0
2025-11-13 04:00:00,,,-3.816730320454,-3.816730320454,10.136124908924,6.31939458847,-0.00967360654,-0.00967360654,,,0.429491532952,0.429491532952,-0.00967360654,0.262539010761,3.122663600814,7.0,53.0,,25.0,25.0
2025-11-13 08:00:00,,,-4.109109282494,-4.109109282494,10.214931607246,6.105822324753,0.011003312062,0.011003312062,,,0.366773355609,0.366773355609,0.011003312062,0.194506679452,2.933289719149,6.0,61.0,,39.0,39.0
2025-11-13 12:00:00,,,-8.809153079987,-8.809153079987,15.922581076622,7.113427996635,-0.113722082975,-0.113722082975,,,-0.139249694479,-0.139249694479,-0.113722082975,0.335286019288,2.62138294817,17.0,80.0,,41.0,41.0
2025-11-13 16:00:00,,,-20.612241625786,-20.612241625786,31.455028355122,10.842786729336,-0.258939316646,-0.258939316646,,,-1.967011114021,-1.967011114021,-0.258939316646,0.287964235956,3.620696794854,15.0,124.0,,64.0,65.0
2025-11-13 20:00:00,,,-18.105158209801,-18.105158209801,27.189741194248,9.084582984447,0.097162536379,0.097162536379,,,-0.546506819962,-0.546506819962,0.097162536379,0.13365646477,3.630443711069,5.0,92.0,,41.0,42.0
2025-11-14 00:00:00,0.0,0.0,-12.067034423351,-12.067034423351,16.073098421097,4.006063997746,0.091038243666,0.091038243666,-0.959306654861,-0.959306654861,0.13890680284,0.13890680284,0.091038243666,0.219421101774,4.020179925078,3.0,58.0,228.0,26.0,28.0
2025-11-14 04:00:00,,,-11.754430532455,-11.754430532455,12.498616039753,0.744185507298,0.076195482808,0.076195482808,,,0.059312854516,0.059312854516,0.076195482808,0.505749849209,3.138116813145,16.0,69.0,,34.0,34.0
2025-11-14 08:00:00,,,-6.001476109028,-6.001476109028,10.595789432526,4.594313323498,0.148063294164,0.148063294164,,,0.305273660089,0.305273660089,0.148063294164,0.214645923923,1.835750545688,8.0,50.0,,29.0,29.0
2025-11-14 12:00:00,,,-15.249118089676,-15.249118089676,27.104909300804,11.855791211128,-0.25701628356,-0.25701628356,,,-1.373152175598,-1.373152175598,-0.25701628356,0.171099907226,2.75900561113,14.0,120.0,,67.0,68.0
2025-11-14 16:00:00,,,-12.053589165211,-12.053589165211,22.497247874737,10.443658709526,0.189143666899,0.189143666899,,,-0.188208239423,-0.188208239423,0.189143666899,0.108934364539,2.717019176813,7.0,95.0,,49.0,49.0
2025-11-14 20:00:00,,,-8.646268188953,-8.646268188953,13.529046833515,4.882778644562,-0.106149312061,-0.106149312061,,,0.303628614762,0.303628614762,-0.106149312061,0.111169483465,2.510766991739,5.0,59.0,,25.0,25.0
2025-11-15 00:00:00,0.0,0.0,-12.424986839294,-12.424986839294,18.722693622112,6.297706782818,0.051075260228,0.051075260228,0.140563698657,0.140563698657,0.290993829075,0.290993829075,0.051075260228,0.184811865556,3.744650393976,6.0,63.0,146.0,18.0,18.0
2025-11-15 04:00:00,,,-7.903121173382,-7.903121173382,14.481908142567,6.578786969185,0.155832685889,0.155832685889,,,0.460850392316,0.460850392316,0.155832685889,0.291962599068,2.701244035722,7.0,55.0,,22.0,24.0
2025-11-15 08:00:00,,,-6.412915587425,-6.412915587425,12.966203272343,6.553287684917,-0.159312846971,-0.159312846971,,,0.377067196935,0.377067196935,-0.159312846971,0.0,1.719930808291,0.0,54.0,,28.0,28.0
2025-11-15 12:00:00,,,-6.956507921219,-6.956507921219,11.713636040688,4.757128119469,0.068487924817,0.068487924817,,,0.356672288735,0.356672288735,0.068487924817,0.032358845276,1.598052523255,4.0,70.0,,28.0,28.0
2025-11-15 16:00:00,,,-16.162460029125,-16.162460029125,21.812973916531,5.650513887405,-0.149732342957,-0.149732342957,,,-0.102159479941,-0.102159479941,-0.149732342957,0.035593795304,1.228022555276,5.0,75.0,,29.0,29.0
2025-11-15 20:00:00,,,-4.234302580357,-4.234302580357,10.355007350445,6.120704770088,0.033066512519,0.033066512519,,,0.558321924729,0.558321924729,0.033066512519,0.056633386346,1.179857566265,7.0,62.0,,22.0,26.0
2025-11-16 00:00:00,0.0,0.0,-7.560020267963,-7.560020267963,12.345134615898,4.785114347935,0.178730646005,0.178730646005,-0.256205867193,-0.256205867193,0.418172198257,0.418172198257,0.178730646005,0.042074010927,0.933018545624,5.0,44.0,171.0,25.0,25.0
2025-11-16 04:00:00,,,-3.323954045773,-3.323954045773,8.103131473064,4.779177427292,-0.018948402107,-0.018948402107,,,0.531041190438,0.531041190438,-0.018948402107,0.059390166568,0.66819460723,9.0,40.0,,22.0,22.0
2025-11-16 08:00:00,,,-3.258972287178,-3.258972287178,7.264363884926,4.005391597748,0.010846345501,0.010846345501,,,0.541393412757,0.541393412757,0.010846345501,0.013409162685,0.574518811177,2.0,36.0,,18.0,18.0
2025-11-16 12:00:00,,,-5.841297566891,-5.841297566891,11.571607470512,5.730309903622,-0.106026681455,-0.106026681455,,,0.199672956145,0.199672956145,-0.106026681455,0.031119785969,0.895592422646,5.0,57.0,,33.0,33.0
2025-11-16 16:00:00,,,-27.713315665722,-27.713315665722,35.655611455441,7.942295789719,-0.292266410234,-0.292266410234,,,-1.371325647508,-1.371325647508,-0.292266410234,0.034638674807,2.179221333764,4.0,110.0,,39.0,39.0
2025-11-16 20:00:00,,,-14.03525531292,-14.03525531292,18.916189134121,4.880933821201,0.225619171471,0.225619171471,,,-0.258904663678,-0.258904663678,0.225619171471,0.047751040285,1.393819204777,6.0,78.0,,35.0,35.0
2025-11-17 00:00:00,0.0,0.0,-9.064294219017,-9.064294219017,14.557448208332,5.493153989315,0.030041090781,0.030041090781,0.6634889827,0.6634889827,0.312476461727,0.312476461727,0.030041090781,0.020938552189,1.553002720173,2.0,58.0,176.0,19.0,19.0
2025-11-17 04:00:00,,,2.657961726189,2.657961726189,4.326858520508,6.984820246696,0.125127977677,0.125127977677,,,0.888999350526,0.888999350526,0.125127977677,0.050001874216,1.190221485906,5.0,44.0,,21.0,21.0
2025-11-17 08:00:00,,,-3.900833904743,-3.900833904743,9.73359400034,5.832760095596,-0.192747895881,-0.192747895881,,,0.376702270519,0.376702270519,-0.192747895881,0.094868525734,1.084081754253,9.0,45.0,,19.0,19.0
2025-11-17 12:00:00,,,-1.896592617035,-1.896592617035,12.601944446564,10.705351829529,0.072933699563,0.072933699563,,,0.322103454821,0.322103454821,0.072933699563,0.049664203958,1.296634665757,6.0,74.0,,34.0,34.0
2025-11-17 16:00:00,,,-10.626674354076,-10.626674354076,19.79773658514,9.171062231064,0.088838949557,0.088838949557,,,-0.505608723938,-0.505608723938,0.088838949557,0.171265045032,1.256694850336,24.0,83.0,,35.0,35.0
2025-11-17 20:00:00,,,-2.367370903492,-2.367370903492,14.897094249725,12.529723346233,-0.005617400109,-0.005617400109,,,0.40865067047,0.40865067047,-0.005617400109,0.071610901279,1.559922253913,9.0,92.0,,51.0,51.0
2025-11-18 00:00:00,0.0,0.0,-12.709370672703,-12.709370672703,17.263087511063,4.55371683836,-0.093717296418,-0.093717296418,0.080546939613,0.080546939613,-0.352953423982,-0.352953423982,-0.093717296418,0.075136472458,1.738182251526,7.0,83.0,177.0,35.0,35.0
2025-11-18 04:00:00,,,-8.489765584469,-8.489765584469,10.194339334965,1.704573750496,0.187467209305,0.187467209305,,,0.31751857498,0.31751857498,0.187467209305,0.17441528007,1.103543950628,9.0,41.0,,14.0,14.0
2025-11-18 08:00:00,,,-6.69689065218,-6.69689065218,12.555349707603,5.858459055424,-0.057209687217,-0.057209687217,,,0.197293169185,0.197293169185,-0.057209687217,0.030303585,1.278733978774,3.0,62.0,,27.0,27.0
2025-11-18 12:00:00,,,-5.968855977058,-5.968855977058,10.838433802128,4.869577825069,0.083615119916,0.083615119916,,,0.337033044433,0.337033044433,0.083615119916,0.065615850835,1.083416926884,7.0,59.0,,23.0,23.0
2025-11-18 16:00:00,,,-5.240256071091,-5.240256071091,17.11193549633,11.87167942524,-0.10795862337,-0.10795862337,,,0.1708842185,0.1708842185,-0.10795862337,0.064974702055,1.707259512047,6.0,86.0,,43.0,43.0
2025-11-18 20:00:00,,,-8.03683257103,-8.03683257103,17.818146586418,9.781314015388,-0.121930728784,-0.121930728784,,,-0.588036759797,-0.588036759797,-0.121930728784,0.053382398279,1.926073432916,4.0,80.0,,36.0,36.0
2025-11-19 00:00:00,0.0,0.0,-7.086369812489,-7.086369812489,10.07921898365,2.992849171162,0.211961997459,0.211961997459,-0.251929236961,-0.251929236961,0.436415099348,0.436415099348,0.211961997459,0.096389373693,1.635203921517,7.0,45.0,183.0,14.0,14.0
2025-11-19 04:00:00,,,-7.393124580383,-7.393124580383,11.472208559513,4.07908397913,0.026276024185,0.026276024185,,,0.053198293243,0.053198293243,0.026276024185,0.032498558727,1.539738432887,3.0,53.0,,26.0,26.0
2025-11-19 08:00:00,,,0.428283929825,0.428283929825,6.779751241207,7.208035171032,0.092013729403,0.092013729403,,,0.489207909666,0.489207909666,0.092013729403,0.044507357568,0.683096108903,7.0,39.0,,16.0,16.0
2025-11-19 12:00:00,,,-6.482213795185,-6.482213795185,13.729637026787,7.247423231602,-0.153014263623,-0.153014263623,,,-0.001725004253,-0.001725004253,-0.153014263623,0.05628874272,1.00580624699,11.0,68.0,,41.0,41.0
2025-11-19 16:00:00,,,-19.331359922886,-19.331359922886,24.794618010521,5.463258087635,-0.148582345248,-0.148582345248,,,-1.25244166795,-1.25244166795,-0.148582345248,0.022032948447,1.167874003706,4.0,90.0,,43.0,43.0
2025-11-19 20:00:00,,,-18.030463576317,-18.030463576317,22.037250339985,4.006786763668,0.037156702829,0.037156702829,,,-1.047767693323,-1.047767693323,0.037156702829,0.03500848835,1.047931218678,6.0,80.0,,46.0,46.0
2025-11-20 00:00:00,0.0,0.0,-1.808731675148,-1.808731675148,10.537072956562,8.728341281414,0.175047343455,0.175047343455,-0.286901766772,-0.286901766772,0.47185872703,0.47185872703,0.175047343455,0.033068783069,0.873874850813,6.0,59.0,195.0,23.0,23.0
2025-11-20 04:00:00,,,-3.944066047668,-3.944066047668,6.926306128502,2.982240080833,0.060147704199,0.060147704199,,,0.297993434124,0.297993434124,0.060147704199,0.024348150151,0.539376662473,5.0,39.0,,22.0,22.0
2025-11-20 08:00:00,,,-1.13482606411,-1.13482606411,6.637637257576,5.502811193466,0.008899607417,0.008899607417,,,0.529991327707,0.529991327707,0.008899607417,0.005247691016,0.740446636783,1.0,56.0,,32.0,32.0
2025-11-20 12:00:00,,,-17.125753581524,-17.125753581524,23.279071748257,6.153318166733,-0.266091060129,-0.266091060129,,,-0.899651069192,-0.899651069192,-0.266091060129,0.041838735724,1.031175709826,9.0,91.0,,38.0,38.0
2025-11-20 16:00:00,,,-30.094414889812,-30.094414889812,38.169571578503,8.07515668869,-0.018252997717,-0.018252997717,,,-2.008256953529,-2.008256953529,-0.018252997717,0.01241349825,1.111936688693,3.0,115.0,,44.0,44.0
2025-11-20 20:00:00,,,-2.092558324337,-2.092558324337,23.576103508472,21.483545184135,0.197591358097,0.197591358097,,,0.396805541611,0.396805541611,0.197591358097,0.009037350747,1.28565975187,2.0,121.0,,39.0,40.0
2025-11-21 00:00:00,0.0,0.0,1.979218065739,1.979218065739,24.713286697865,26.692504763603,-0.003274891794,-0.003274891794,-0.735211760764,-0.735211760764,0.560736198052,0.560736198052,-0.003274891794,0.004423213022,1.103555663957,1.0,100.0,199.0,30.0,43.0
2025-11-21 04:00:00,,,-15.613224446774,-15.613224446774,20.389214098454,4.77598965168,0.006458430002,0.006458430002,,,0.19331907364,0.19331907364,0.006458430002,0.013745760149,0.662429379728,3.0,60.0,,14.0,14.0
2025-11-21 08:00:00,,,-13.101319611073,-13.101319611073,24.39644742012,11.295127809048,-0.159457831772,-0.159457831772,,,-0.16438749106,-0.16438749106,-0.159457831772,0.003733572282,0.891642453626,1.0,91.0,,36.0,36.0
2025-11-21 12:00:00,,,-18.490057945251,-18.490057945251,27.094570755959,8.604512810707,-0.05829814029,-0.05829814029,,,-0.788365163505,-0.788365163505,-0.05829814029,0.051199099554,1.127711779604,12.0,121.0,,55.0,55.0
2025-11-21 16:00:00,,,-16.537573099136,-16.537573099136,25.248241245747,8.71066814661,-0.038824657802,-0.038824657802,,,-0.28260251226,-0.28260251226,-0.038824657802,0.013535316544,0.938712952044,3.0,93.0,,41.0,41.0
2025-11-21 20:00:00,,,-7.755856513977,-7.755856513977,18.556084394455,10.800227880478,0.097970195579,0.097970195579,,,0.301369872723,0.301369872723,0.097970195579,0.027444905906,0.710604373645,7.0,69.0,,28.0,28.0
2025-11-22 00:00:00,0.0,0.0,-8.029794275761,-8.029794275761,10.459748089314,2.429953813553,-0.018266375844,-0.018266375844,0.746773814678,0.746773814678,0.50529397267,0.50529397267,-0.018266375844,0.00388681592,0.416801621565,1.0,35.0,119.0,15.0,15.0
2025-11-22 04:00:00,,,-7.989803612232,-7.989803612232,14.591038167477,6.601234555244,0.064145609367,0.064145609367,,,0.39279302742,0.39279302742,0.064145609367,0.003190403267,0.480974594236,1.0,40.0,,18.0,18.0
2025-11-22 08:00:00,,,-7.44785541296,-7.44785541296,13.529502034187,6.081646621227,-0.050462339397,-0.050462339397,,,0.375519937328,0.375519937328,-0.050462339397,0.008716875872,0.597663655652,2.0,53.0,,22.0,22.0
2025-11-22 12:00:00,,,-13.565796911716,-13.565796911716,16.026859164238,2.461062252522,-0.150225490191,-0.150225490191,,,0.115192643779,0.115192643779,-0.150225490191,0.00744047619,0.540390152263,2.0,49.0,,21.0,21.0
2025-11-22 16:00:00,,,-6.858869373798,-6.858869373798,16.048822045326,9.189952671528,0.059145129386,0.059145129386,,,0.253128695789,0.253128695789,0.059145129386,0.013397642015,0.968411809272,2.0,79.0,,31.0,31.0
2025-11-22 20:00:00,,,1.937059819698,1.937059819698,7.282499909401,9.219559729099,0.143285470793,0.143285470793,,,0.663502945933,0.663502945933,0.143285470793,0.010015044181,0.53790896146,2.0,41.0,,12.0,12.0
2025-11-23 00:00:00,0.0,0.0,-8.100858867168,-8.100858867168,10.317865252495,2.217006385326,-0.298924411938,-0.298924411938,-0.043994176727,-0.043994176727,0.140363656889,0.140363656889,-0.298924411938,0.025224070641,0.693731026092,4.0,52.0,206.0,30.0,30.0
2025-11-23 04:00:00,,,-10.870672881603,-10.870672881603,14.661342561245,3.790669679642,0.096358836067,0.096358836067,,,0.232912499676,0.232912499676,0.096358836067,0.005707762557,0.604480921343,1.0,45.0,,20.0,20.0
2025-11-23 08:00:00,,,-9.962740719318,-9.962740719318,13.83534514904,3.872604429722,-0.115751822146,-0.115751822146,,,0.016429206838,0.016429206838,-0.115751822146,0.014038952312,1.100985471332,2.0,55.0,,22.0,22.0
2025-11-23 12:00:00,,,-1.556400299072,-1.556400299072,10.86904925108,9.312648952007,0.242065761698,0.242065761698,,,0.541176500054,0.541176500054,0.242065761698,0.046514231729,1.363697336724,5.0,80.0,,46.0,46.0
2025-11-23 16:00:00,,,-3.251803219318,-3.251803219318,17.357670783997,14.105867564678,-0.225118732961,-0.225118732961,,,0.229347999956,0.229347999956,-0.225118732961,0.044579514353,1.416439760217,6.0,94.0,,52.0,52.0
2025-11-23 20:00:00,,,-14.159275114536,-14.159275114536,18.334611475468,4.175336360931,-0.129958680707,-0.129958680707,,,-0.730034045119,-0.730034045119,-0.129958680707,0.037535511346,1.440725320122,4.0,92.0,,38.0,39.0
2025-11-24 00:00:00,0.0,0.0,-6.175193548203,-6.175193548203,12.4605448246,6.285351276398,0.210929936538,0.210929936538,0.714714995663,0.714714995663,0.214864911461,0.214864911461,0.210929936538,0.043642560806,0.912372838523,5.0,56.0,226.0,25.0,25.0
2025-11-24 04:00:00,,,-11.794648468494,-11.794648468494,13.371269881725,1.576621413231,-0.25699814015,-0.25699814015,,,-0.532956028222,-0.532956028222,-0.25699814015,0.013419720436,0.886988246426,2.0,55.0,,30.0,30.0
2025-11-24 08:00:00,,,1.472157478333,1.472157478333,7.968523621559,9.440681099892,0.168536108039,0.168536108039,,,0.767455796098,0.767455796098,0.168536108039,0.042391461361,0.956992858701,5.0,59.0,,33.0,33.0
2025-11-24 12:00:00,,,0.6034283638,0.6034283638,7.930158913136,8.533587276936,0.080934807982,0.080934807982,,,0.642626479545,0.642626479545,0.080934807982,0.01400230758,0.849476978804,2.0,62.0,,34.0,34.0
2025-11-24 16:00:00,,,-2.715615332127,-2.715615332127,15.541695892811,12.826080560684,-0.116284378185,-0.116284378185,,,-0.078548042049,-0.078548042049,-0.116284378185,0.09718929159,1.347833607662,17.0,102.0,,59.0,59.0
2025-11-24 20:00:00,,,-5.711512982845,-5.711512982845,15.954381585121,10.242868602276,0.002530345597,0.002530345597,,,-0.213947988716,-0.213947988716,0.002530345597,0.02352031485,0.896066148976,4.0,80.0,,45.0,45.0
2025-11-25 00:00:00,0.0,0.0,-8.547081410885,-8.547081410885,11.889214754105,3.34213334322,0.118077248471,0.118077248471,0.964249849381,0.964249849381,-0.01357924302,-0.01357924302,0.118077248471,0.022100209317,0.532688917927,3.0,36.0,133.0,17.0,17.0
2025-11-25 04:00:00,,,0.39583837986,0.39583837986,5.831232488155,6.227070868015,0.105211187724,0.105211187724,,,0.612155232157,0.612155232157,0.105211187724,0.02343821328,0.360154486983,5.0,37.0,,21.0,21.0
2025-11-25 08:00:00,,,-1.773631930351,-1.773631930351,7.267256319523,5.493624389172,0.103918491467,0.103918491467,,,0.461372857208,0.461372857208,0.103918491467,0.020309683037,0.41307666201,5.0,43.0,,21.0,21.0
2025-11-25 12:00:00,,,-6.057216227055,-6.057216227055,13.880209505558,7.822993278503,-0.228962909998,-0.228962909998,,,-0.152050329203,-0.152050329203,-0.228962909998,0.031504184871,0.624569494493,6.0,66.0,,35.0,35.0
2025-11-25 16:00:00,,,-10.128296971321,-10.128296971321,13.793179392815,3.664882421494,-0.016880412739,-0.016880412739,,,-0.225578580809,-0.225578580809,-0.016880412739,0.029716205119,0.620090746062,6.0,61.0,,27.0,27.0
2025-11-25 20:00:00,,,-3.779240787029,-3.779240787029,9.372179150581,5.592938363552,0.152385965629,0.152385965629,,,0.418963036465,0.418963036465,0.152385965629,0.015490869609,0.402738118447,3.0,40.0,,11.0,11.0
2025-11-26 00:00:00,0.0,0.0,-6.871894359589,-6.871894359589,8.551467239857,1.679572880268,-0.200323034971,-0.200323034971,1.018197000804,1.018197000804,0.208898735496,0.208898735496,-0.200323034971,0.011880337213,0.558161869588,2.0,53.0,159.0,15.0,15.0
2025-11-26 04:00:00,,,0.464638948441,0.464638948441,1.823612093925,2.288251042366,0.048189165195,0.048189165195,,,0.679875532353,0.679875532353,0.048189165195,0.005068937551,0.25745764509,1.0,24.0,,8.0,8.0
2025-11-26 08:00:00,,,-0.726358175278,-0.726358175278,5.188592135906,4.462233960629,-0.019964594862,-0.019964594862,,,0.47008550978,0.47008550978,-0.019964594862,0.010416666667,0.399352999188,2.0,41.0,,27.0,27.0
2025-11-26 12:00:00,,,-4.616589069366,-4.616589069366,9.39419311285,4.777604043484,-0.039673396062,-0.039673396062,,,0.044663057395,0.044663057395,-0.039673396062,0.035556425764,0.483715834646,9.0,58.0,,24.0,25.0
2025-11-26 16:00:00,,,-5.947683870792,-5.947683870792,15.100526154041,9.152842283249,-0.167540920419,-0.167540920419,,,-1.062218667502,-1.062218667502,-0.167540920419,0.036457312877,0.788327008035,9.0,95.0,,60.0,60.0
2025-11-26 20:00:00,,,-5.22868001461,-5.22868001461,14.214438438416,8.985758423805,0.100294078651,0.100294078651,,,-0.091891756835,-0.091891756835,0.100294078651,0.028953192552,0.555271326719,7.0,61.0,,27.0,27.0
2025-11-27 00:00:00,0.0,0.0,-9.5526086092,-9.5526086092,10.357445240021,0.804836630821,-0.00671964356,-0.00671964356,1.246919792172,1.246919792172,-0.071867960078,-0.071867960078,-0.00671964356,0.0,0.373706338784,0.0,38.0,110.0,16.0,16.0
2025-11-27 04:00:00,,,-0.005522489548,-0.005522489548,5.513187468052,5.507664978504,0.35374679366,0.35374679366,,,0.773037907148,0.773037907148,0.35374679366,0.017182271236,0.317473795143,4.0,35.0,,15.0,15.0
2025-11-27 08:00:00,,,-3.586939871311,-3.586939871311,9.983052909374,6.396113038063,-0.070436799905,-0.070436799905,,,0.531725866092,0.531725866092,-0.070436799905,0.019987892309,0.318193519851,5.0,39.0,,18.0,18.0
2025-11-27 12:00:00,,,-5.274850785732,-5.274850785732,10.049506187439,4.774655401707,-0.144176544363,-0.144176544363,,,-0.408239808964,-0.408239808964,-0.144176544363,0.01761527336,0.303879277214,5.0,37.0,,24.0,24.0
2025-11-27 16:00:00,,,-4.110281646252,-4.110281646252,7.979959130287,3.869677484035,0.019096325867,0.019096325867,,,0.120680520522,0.120680520522,0.019096325867,0.013250428351,0.424240712624,3.0,50.0,,26.0,26.0
2025-11-27 20:00:00,,,0.48816204071,0.48816204071,7.017420113087,7.505582153797,0.20967069088,0.20967069088,,,0.861893598076,0.861893598076,0.20967069088,0.013313105661,0.350176431084,3.0,39.0,,13.0,13.0
2025-11-28 00:00:00,0.0,0.0,-4.103810250759,-4.103810250759,4.866253972054,0.762443721294,-0.107371116494,-0.107371116494,1.40608686158,1.40608686158,0.421606395515,0.421606395515,-0.107371116494,0.003404139434,0.245682077939,1.0,26.0,123.0,5.0,5.0
2025-11-28 04:00:00,,,-1.016695678234,-1.016695678234,3.248106718063,2.231411039829,0.168655321769,0.168655321769,,,0.509302626183,0.509302626183,0.168655321769,0.007256177363,0.290029133507,2.0,37.0,,16.0,16.0
2025-11-28 08:00:00,,,0.541871964931,0.541871964931,8.223100185394,8.764972150326,-0.040886462719,-0.040886462719,,,0.715837833121,0.715837833121,-0.040886462719,0.022328934203,0.315229721916,7.0,46.0,,27.0,27.0
2025-11-28 12:00:00,,,-3.320869445801,-3.320869445801,12.258810579777,8.937941133976,-0.118136694894,-0.118136694894,,,-0.373296929943,-0.373296929943,-0.118136694894,0.014245605045,0.400446322432,5.0,60.0,,36.0,36.0
2025-11-28 16:00:00,,,-4.466287970543,-4.466287970543,13.962194800377,9.495906829834,0.030571233435,0.030571233435,,,-0.553143871183,-0.553143871183,0.030571233435,0.006319330996,0.440804992359,2.0,66.0,,31.0,31.0
2025-11-28 20:00:00,,,-0.446300446987,-0.446300446987,7.629118800163,7.182818353176,0.022304824378,0.022304824378,,,0.433527056881,0.433527056881,0.022304824378,0.003028100775,0.29843198025,1.0,46.0,,9.0,9.0
2025-11-29 00:00:00,0.0,0.0,-0.573621332645,-0.573621332645,6.177936553955,5.60431522131,0.051070471183,0.051070471183,1.478733989491,1.478733989491,0.404015821133,0.404015821133,0.051070471183,0.0,0.208045063517,0.0,30.0,93.0,14.0,14.0
2025-11-29 04:00:00,,,-3.881999790668,-3.881999790668,6.363767802715,2.481768012047,-0.261094460944,-0.261094460944,,,0.180001920334,0.180001920334,-0.261094460944,0.0,0.170675984422,0.0,25.0,,11.0,11.0
2025-11-29 08:00:00,,,-4.684728622437,-4.684728622437,6.168848454952,1.484119832516,0.031634521473,0.031634521473,,,-0.060316894319,-0.060316894319,0.031634521473,0.021843295803,0.187846850807,8.0,29.0,,13.0,13.0
2025-11-29 12:00:00,,,-2.431036055088,-2.431036055088,6.390905320644,3.959869265556,0.019676102118,0.019676102118,,,0.155702254961,0.155702254961,0.019676102118,0.018680708549,0.25305116144,7.0,38.0,,20.0,20.0
2025-11-29 16:00:00,,,5.145582258701,5.145582258701,5.429078400135,10.574660658836,0.291374128302,0.291374128302,,,0.942410356672,0.942410356672,0.291374128302,0.00275209159,0.289226385193,1.0,38.0,,22.0,23.0
2025-11-29 20:00:00,,,-3.751009345055,-3.751009345055,9.280896604061,5.529887259007,-0.138347474784,-0.138347474784,,,-0.125714393499,-0.125714393499,-0.138347474784,0.005321907524,0.300399221715,2.0,39.0,,13.0,13.0
2025-11-30 00:00:00,0.0,0.0,-2.08120238781,-2.08120238781,2.856398224831,0.775195837021,0.058516758853,0.058516758853,1.177679037088,1.177679037088,0.117087440454,0.117087440454,0.058516758853,0.003081854043,0.097133741791,1.0,12.0,96.0,5.0,5.0
2025-11-30 04:00:00,,,-4.298576295376,-4.298576295376,6.707157790661,2.408581495285,0.022121416567,0.022121416567,,,-0.23523642749,-0.23523642749,0.022121416567,0.002774079006,0.216087294154,1.0,29.0,,12.0,12.0
2025-11-30 08:00:00,,,-4.368817210197,-4.368817210197,8.401133298874,4.032316088676,-0.147908680739,-0.147908680739,,,-0.297360106182,-0.297360106182,-0.147908680739,0.002826775215,0.236690746719,1.0,37.0,,21.0,21.0
2025-11-30 12:00:00,,,-5.788056612015,-5.788056612015,6.602105379105,0.81404876709,-0.093655038882,-0.093655038882,,,-0.421177099294,-0.421177099294,-0.093655038882,0.012061786041,0.214346494856,5.0,34.0,,19.0,19.0
2025-11-30 16:00:00,,,-3.555004000664,-3.555004000664,8.826995432377,5.271991431713,0.008391300742,0.008391300742,,,-0.119222845091,-0.119222845091,0.008391300742,0.016091648733,0.338057865575,6.0,52.0,,26.0,26.0
2025-11-30 20:00:00,,,-8.004714727402,-8.004714727402,8.749617338181,0.744902610779,0.098695825557,0.098695825557,,,-0.249418736561,-0.249418736561,0.098695825557,0.002156659765,0.230631584714,1.0,35.0,,13.0,13.0
2025-12-01 00:00:00,0.0,0.0,-11.800084173679,-11.800084173679,17.427487134933,5.627402961254,-0.08853284269,-0.08853284269,0.570878569633,0.570878569633,-1.717880671696,-1.717880671696,-0.08853284269,0.004879669855,0.424692007475,2.0,67.0,135.0,30.0,30.0
2025-12-01 04:00:00,,,1.404390215874,1.404390215874,7.4651055336,8.869495749474,0.230382989239,0.230382989239,,,0.539480067805,0.539480067805,0.230382989239,0.01014124007,0.288635324397,4.0,45.0,,24.0,24.0
2025-12-01 08:00:00,,,-9.637068271637,-9.637068271637,11.363485336304,1.726417064667,-0.260672384895,-0.260672384895,,,-0.525059367016,-0.525059367016,-0.260672384895,0.002559377559,0.244546829288,1.0,36.0,,15.0,15.0
2025-12-01 12:00:00,,,-5.992654919624,-5.992654919624,15.000444471836,9.007789552212,0.057078123673,0.057078123673,,,-0.223715128869,-0.223715128869,0.057078123673,0.01673592176,0.443786507858,6.0,70.0,,28.0,28.0
2025-12-01 16:00:00,,,-17.247534811497,-17.247534811497,21.434123635292,4.186588823795,-0.175451634808,-0.175451634808,,,-1.832893828942,-1.832893828942,-0.175451634808,0.010913854885,0.374526470207,5.0,71.0,,23.0,23.0
2025-12-01 20:00:00,,,-4.035800278187,-4.035800278187,12.932052791119,8.896252512932,0.098196035064,0.098196035064,,,0.072240690667,0.072240690667,0.098196035064,0.00658495399,0.287640052277,3.0,53.0,,18.0,19.0
2025-12-02 00:00:00,0.0,0.0,-3.414853215218,-3.414853215218,8.843251824379,5.428398609161,0.086412425855,0.086412425855,0.979023327354,0.979023327354,0.083348336079,0.083348336079,0.086412425855,0.004919772525,0.210431186745,2.0,45.0,181.0,21.0,21.0
2025-12-02 04:00:00,,,1.050364553928,1.050364553928,1.491956293583,2.542320847511,0.222752121602,0.222752121602,,,0.799456189684,0.799456189684,0.222752121602,0.001191156852,0.09731143649,1.0,29.0,,15.0,15.0
2025-12-02 08:00:00,,,-3.671360075474,-3.671360075474,6.890128672123,3.218768596649,-0.124566676574,-0.124566676574,,,0.29959943484,0.29959943484,-0.124566676574,0.005830121635,0.096749560606,3.0,28.0,,17.0,17.0
2025-12-02 12:00:00,,,-3.786360085011,-3.786360085011,15.714762151241,11.928402066231,-0.087586751463,-0.087586751463,,,-0.168637162987,-0.168637162987,-0.087586751463,0.020308672661,0.353638230698,11.0,109.0,,57.0,63.0
2025-12-02 16:00:00,,,-4.378579854965,-4.378579854965,13.61852401495,9.239944159985,0.005991179919,0.005991179919,,,0.048917218431,0.048917218431,0.005991179919,0.02216379422,0.330989915513,11.0,99.0,,57.0,62.0
2025-12-02 20:00:00,,,-8.638047039509,-8.638047039509,14.289734363556,5.651687324047,-0.114024580515,-0.114024580515,,,-0.384466772179,-0.384466772179,-0.114024580515,0.018345172868,0.209263066631,9.0,61.0,,24.0,24.0
2025-12-03 00:00:00,0.0,0.0,0.636272668839,0.636272668839,3.908743679523,4.545016348362,0.160606988073,0.160606988073,1.278068177782,1.278068177782,0.23500468117,0.23500468117,0.160606988073,0.004291108823,0.144857399187,2.0,41.0,139.0,20.0,20.0
2025-12-03 04:00:00,,,-1.145506441593,-1.145506441593,5.944957792759,4.799451351166,-0.004659561408,-0.004659561408,,,0.199723014881,0.199723014881,-0.004659561408,0.008597785774,0.166447732434,4.0,48.0,,25.0,26.0
2025-12-03 08:00:00,,,2.230724394321,2.230724394321,7.3579185009,9.588642895222,0.05742658353,0.05742658353,,,0.412579422918,0.412579422918,0.05742658353,0.004328832963,0.196295905599,2.0,54.0,,22.0,25.0
2025-12-03 12:00:00,,,-11.111861228943,-11.111861228943,18.119824826717,7.007963597775,-0.224489694279,-0.224489694279,,,-1.179038724242,-1.179038724242,-0.224489694279,0.006252287524,0.266184831545,3.0,77.0,,33.0,34.0
2025-12-03 16:00:00,,,-6.743289113045,-6.743289113045,10.490299105644,3.747009992599,0.184293137763,0.184293137763,,,-0.253159583871,-0.253159583871,0.184293137763,0.0,0.173750813427,0.0,49.0,,27.0,27.0
2025-12-03 20:00:00,,,-0.015444874763,-0.015444874763,5.541255354881,5.525810480118,0.25544002793,0.25544002793,,,0.34268273476,0.34268273476,0.25544002793,0.002022653722,0.169174375434,1.0,47.0,,17.0,21.0
2025-12-04 00:00:00,0.0,0.0,-4.922784686089,-4.922784686089,9.602691292763,4.679906606674,-0.103238677466,-0.103238677466,1.292844084653,1.292844084653,0.172937468245,0.172937468245,-0.103238677466,0.00263047138,0.110852503046,1.0,29.0,101.0,13.0,13.0
2025-12-04 04:00:00,,,0.957630574703,0.957630574703,4.149036109447,5.106666684151,0.024714703503,0.024714703503,,,0.33466079777,0.33466079777,0.024714703503,0.002572016461,0.121983012738,1.0,31.0,,14.0,14.0
2025-12-04 08:00:00,,,-5.058742344379,-5.058742344379,8.236654400826,3.177912056446,-0.168200102527,-0.168200102527,,,0.006660064719,0.006660064719,-0.168200102527,0.002604166667,0.163776285315,1.0,44.0,,20.0,25.0
2025-12-04 12:00:00,,,-5.983825683594,-5.983825683594,9.072535455227,3.088709771633,-0.050877955738,-0.050877955738,,,-0.146884854302,-0.146884854302,-0.050877955738,0.002269426289,0.243881290326,1.0,65.0,,20.0,30.0
2025-12-04 16:00:00,,,-5.206899642944,-5.206899642944,11.116803109646,5.909903466702,-0.009565713631,-0.009565713631,,,-0.14986017831,-0.14986017831,-0.009565713631,0.018794142241,0.323066066503,7.0,73.0,,30.0,33.0
2025-12-04 20:00:00,,,-1.894133925438,-1.894133925438,8.268601179123,6.374467253685,0.100893626666,0.100893626666,,,0.255093882312,0.255093882312,0.100893626666,0.0,0.336494101035,0.0,40.0,,14.0,14.0
2025-12-05 00:00:00,0.0,0.0,-6.888489127159,-6.888489127159,10.841717898846,3.953228771687,-0.078860198778,-0.078860198778,1.041310669287,1.041310669287,-0.113953703032,-0.113953703032,-0.078860198778,0.018477969905,3.569621912697,6.0,46.0,115.0,20.0,20.0
2025-12-05 04:00:00,,,-3.125344455242,-3.125344455242,5.520898342133,2.39555388689,-0.000118248284,-0.000118248284,,,0.253210092606,0.253210092606,-0.000118248284,0.002448100274,2.355984838346,1.0,28.0,,17.0,17.0
2025-12-05 08:00:00,,,0.258034229279,0.258034229279,3.961801052094,4.219835281372,0.186135830213,0.186135830213,,,0.476183854198,0.476183854198,0.186135830213,0.009539707539,1.204231320557,5.0,28.0,,16.0,16.0
2025-12-05 12:00:00,,,-2.443308889866,-2.443308889866,8.949831068516,6.50652217865,-0.017958087581,-0.017958087581,,,0.22474310205,0.22474310205,-0.017958087581,0.010483299515,0.179630065214,6.0,42.0,,19.0,22.0
2025-12-05 16:00:00,,,-14.387818932533,-14.387818932533,18.161956369877,3.774137437344,-0.307518124764,-0.307518124764,,,-0.729349881892,-0.729349881892,-0.307518124764,0.002100134409,0.237033546729,1.0,54.0,,19.0,19.0
2025-12-05 20:00:00,,,-4.343594193459,-4.343594193459,6.84558147192,2.501987278461,0.116881728646,0.116881728646,,,0.115595877897,0.115595877897,0.116881728646,0.00197659709,0.243172392448,1.0,52.0,,25.0,25.0
2025-12-06 00:00:00,0.0,0.0,-4.687347650528,-4.687347650528,9.364950180054,4.677602529526,0.068013917501,0.068013917501,1.361788272043,1.361788272043,0.168254877501,0.168254877501,0.068013917501,0.006093959487,0.178104077037,3.0,37.0,126.0,20.0,20.0
2025-12-06 04:00:00,,,-2.275943815708,-2.275943815708,7.203125953674,4.927182137966,0.188051565226,0.188051565226,,,0.305567012382,0.305567012382,0.188051565226,0.006025170983,0.171247624112,3.0,36.0,,19.0,19.0
2025-12-06 08:00:00,,,0.268753170967,0.268753170967,6.043527841568,6.312281012535,-0.16723205606,-0.16723205606,,,0.594176588691,0.594176588691,-0.16723205606,0.033363313774,0.25815889504,14.0,49.0,,26.0,29.0
2025-12-06 12:00:00,,,0.211803197861,0.211803197861,7.387578606606,7.599381804466,0.073557206983,0.073557206983,,,0.672950346704,0.672950346704,0.073557206983,0.0052168371,0.184279147653,3.0,41.0,,23.0,23.0
2025-12-06 16:00:00,,,-3.207800209522,-3.207800209522,8.918836593628,5.711036384106,-0.128131357262,-0.128131357262,,,-0.003897914907,-0.003897914907,-0.128131357262,0.004801150781,0.150936230236,3.0,38.0,,26.0,26.0
2025-12-06 20:00:00,,,-2.19403642416,-2.19403642416,6.303972423077,4.109935998917,0.086236303776,0.086236303776,,,0.340530054555,0.340530054555,0.086236303776,0.00177154195,0.135426424945,1.0,36.0,,19.0,19.0
2025-12-07 00:00:00,0.0,0.0,-3.274516642094,-3.274516642094,8.225900888443,4.951384246349,-0.058012413262,-0.058012413262,0.76841645678,0.76841645678,0.216502401116,0.216502401116,-0.058012413262,0.003279589877,0.127363622887,2.0,33.0,169.0,19.0,19.0
2025-12-07 04:00:00,,,-4.18382447958,-4.18382447958,7.177398622036,2.993574142456,0.001059561675,0.001059561675,,,-0.17676035925,-0.17676035925,0.001059561675,0.006721684248,0.115829575254,4.0,30.0,,17.0,17.0
2025-12-07 08:00:00,,,0.082631230354,0.082631230354,4.594849944115,4.677481174469,0.137762238747,0.137762238747,,,0.352371508479,0.352371508479,0.137762238747,0.008402326614,0.107920867232,5.0,28.0,,16.0,16.0
2025-12-07 12:00:00,,,-8.877312302589,-8.877312302589,12.084361672401,3.207049369812,-0.295243961781,-0.295243961781,,,-0.824474528974,-0.824474528974,-0.295243961781,0.001474404341,0.189551504408,1.0,48.0,,25.0,26.0
2025-12-07 16:00:00,,,-8.389502942562,-8.389502942562,16.992911994457,8.603409051895,-0.085318213002,-0.085318213002,,,-2.206191733353,-2.206191733353,-0.085318213002,0.02161747624,0.381030822912,12.0,93.0,,57.0,57.0
2025-12-07 20:00:00,,,-4.751766324043,-4.751766324043,11.173347771168,6.421581447124,0.182973085997,0.182973085997,,,-0.425224081291,-0.425224081291,0.182973085997,0.008695975213,0.260899299288,5.0,65.0,,33.0,33.0
2025-12-08 00:00:00,0.0,0.0,-4.47402793169,-4.47402793169,9.773069083691,5.299041152,0.050482181372,0.050482181372,1.572932581121,1.572932581121,0.25872393202,0.25872393202,0.050482181372,0.001863446631,0.161979830565,1.0,39.0,124.0,16.0,16.0
2025-12-08 04:00:00,,,2.947549581528,2.947549581528,6.529209673405,9.476759254932,0.258043448418,0.258043448418,,,0.881011161408,0.881011161408,0.258043448418,0.005962594433,0.229658553222,3.0,52.0,,29.0,29.0
2025-12-08 08:00:00,,,-0.216327667236,-0.216327667236,5.769741714001,5.553414046764,-0.143986898917,-0.143986898917,,,0.327330269523,0.327330269523,-0.143986898917,0.008412602175,0.134634770829,5.0,33.0,,18.0,18.0
2025-12-08 12:00:00,,,-1.384594321251,-1.384594321251,8.392847895622,7.008253574371,-0.258429301817,-0.258429301817,,,-0.080692620349,-0.080692620349,-0.258429301817,0.002818490362,0.201374405263,2.0,47.0,,26.0,26.0
2025-12-08 16:00:00,,,-0.312088608742,-0.312088608742,6.383756577969,6.071667969227,0.154299017657,0.154299017657,,,0.526831569192,0.526831569192,0.154299017657,0.019214347186,0.150035769525,12.0,37.0,,15.0,16.0
2025-12-08 20:00:00,,,3.263547599316,3.263547599316,6.448445856571,9.711993455887,0.027626316039,0.027626316039,,,1.001873557725,1.001873557725,0.027626316039,0.037082258558,0.323589918034,17.0,55.0,,22.0,22.0
2025-12-09 00:00:00,0.0,0.0,-7.404053986073,-7.404053986073,8.840824782848,1.436770796776,-0.055414654303,-0.055414654303,0.608922013705,0.608922013705,-0.621935862619,-0.621935862619,-0.055414654303,0.004616994555,0.154004195555,2.0,35.0,218.0,19.0,20.0
2025-12-09 04:00:00,,,-7.741625547409,-7.741625547409,8.649214446545,0.907588899136,0.140638265672,0.140638265672,,,-0.177723271714,-0.177723271714,0.140638265672,0.004553915907,0.183556065638,3.0,39.0,,18.0,18.0
2025-12-09 08:00:00,,,3.668957531452,3.668957531452,5.039495289326,8.708452820778,0.268265702757,0.268265702757,,,1.018689467847,1.018689467847,0.268265702757,0.004856453085,0.17203929321,3.0,45.0,,29.0,29.0
2025-12-09 12:00:00,,,-5.399444401264,-5.399444401264,11.553922832012,6.154478430748,-0.334933333989,-0.334933333989,,,-0.926648611084,-0.926648611084,-0.334933333989,0.005124929608,0.243238592218,3.0,67.0,,33.0,33.0
2025-12-09 16:00:00,,,-7.381934702396,-7.381934702396,28.125850319862,20.743915617466,0.003187726266,0.003187726266,,,-1.168573641662,-1.168573641662,0.003187726266,0.012640972296,0.54504710052,9.0,155.0,,87.0,87.0
2025-12-09 20:00:00,,,-1.958585679531,-1.958585679531,12.477121770382,10.518536090851,-0.011582055968,-0.011582055968,,,0.232260692797,0.232260692797,-0.011582055968,0.005905050995,0.239979500373,4.0,66.0,,33.0,33.0
2025-12-10 00:00:00,0.0,0.0,-2.822321534157,-2.822321534157,6.746832072735,3.924510538578,0.017478907923,0.017478907923,0.349647544865,0.349647544865,0.100043767119,0.100043767119,0.017478907923,0.001465072668,0.173198183837,1.0,47.0,175.0,25.0,25.0
2025-12-10 04:00:00,,,-4.760159552097,-4.760159552097,7.817648172379,3.057488620281,0.018788046875,0.018788046875,,,0.023520276706,0.023520276706,0.018788046875,0.00445323986,0.135383865802,3.0,38.0,,19.0,19.0
2025-12-10 08:00:00,,,5.271207094193,5.271207094193,2.357151627541,7.628358721733,-0.00154576089,-0.00154576089,,,0.31358901306,0.31358901306,-0.00154576089,0.008641008094,0.153992725922,6.0,43.0,,16.0,16.0
2025-12-10 12:00:00,,,-17.875547468662,-17.875547468662,26.424064278603,8.54851680994,-0.420432847709,-0.420432847709,,,-1.213574408899,-1.213574408899,-0.420432847709,0.004015210624,0.345950365469,3.0,102.0,,50.0,50.0
2025-12-10 16:00:00,,,-19.577668607235,-19.577668607235,23.317183792591,3.739515185356,0.120598555451,0.120598555451,,,-0.770008216766,-0.770008216766,0.120598555451,0.012202247156,0.276612618104,9.0,77.0,,36.0,36.0
2025-12-10 20:00:00,,,-1.181820869446,-1.181820869446,12.424986422062,11.243165552616,0.109805618166,0.109805618166,,,0.242348516719,0.242348516719,0.109805618166,0.00320585218,0.24754075865,2.0,67.0,,31.0,31.0
2025-12-11 00:00:00,0.0,0.0,-16.440169036388,-16.440169036388,18.694384217262,2.254215180874,-0.096697786104,-0.096697786104,0.431402577726,0.431402577726,-0.230905458436,-0.230905458436,-0.096697786104,0.07900846635,0.282150296416,4.0,64.0,127.0,21.0,21.0
2025-12-11 04:00:00,,,-10.600994169712,-10.600994169712,12.891403973103,2.290409803391,0.145139854661,0.145139854661,,,-0.017419381188,-0.017419381188,0.145139854661,0.005491360898,0.125188135046,4.0,35.0,,16.0,16.0
2025-12-11 08:00:00,,,-8.988510608673,-8.988510608673,10.704530715942,1.716020107269,0.092926256322,0.092926256322,,,0.011683695875,0.011683695875,0.092926256322,0.005331153081,0.175503846434,4.0,42.0,,21.0,21.0
2025-12-11 12:00:00,,,-9.841809034348,-9.841809034348,17.633922100067,7.79211306572,0.050159799302,0.050159799302,,,-0.018400378635,-0.018400378635,0.050159799302,0.003913857908,0.224166259442,3.0,66.0,,28.0,28.0
2025-12-11 16:00:00,,,-6.352990150452,-6.352990150452,10.841891169548,4.488901019096,-0.009856325604,-0.009856325604,,,0.079115309484,0.079115309484,-0.009856325604,0.006281136503,0.216474387521,5.0,54.0,,21.0,21.0
2025-12-11 20:00:00,,,0.424555361271,0.424555361271,9.048432826996,9.472988188267,0.105360306718,0.105360306718,,,0.367624130226,0.367624130226,0.105360306718,0.00829413807,0.222138320084,3.0,49.0,,21.0,21.0
2025-12-12 00:00:00,0.0,0.0,-1.829576253891,-1.829576253891,8.256275892258,6.426699638367,-0.161973654953,-0.161973654953,1.411379264038,1.411379264038,0.326576431333,0.326576431333,-0.161973654953,0.001067828464,0.22950748107,1.0,43.0,101.0,20.0,20.0
2025-12-12 04:00:00,,,2.344670534134,2.344670534134,2.281101703644,4.625772237778,0.195026828845,0.195026828845,,,0.581953568815,0.581953568815,0.195026828845,0.001123696512,0.201692940933,1.0,24.0,,10.0,10.0
2025-12-12 08:00:00,,,3.01709240675,3.01709240675,4.900969028473,7.918061435223,-0.032457957044,-0.032457957044,,,0.76910911006,0.76910911006,-0.032457957044,0.006221979201,0.143109378419,4.0,33.0,,19.0,19.0
2025-12-12 12:00:00,,,-1.691812396049,-1.691812396049,9.383426249027,7.691613852978,-0.105087380612,-0.105087380612,,,0.438488702129,0.438488702129,-0.105087380612,0.006090965367,0.249070758701,5.0,53.0,,18.0,18.0
2025-12-12 16:00:00,,,-4.81108123064,-4.81108123064,7.998815894127,3.187734663486,0.034639428886,0.034639428886,,,0.367263171178,0.367263171178,0.034639428886,0.00113781176,0.197201247113,1.0,46.0,,19.0,19.0
2025-12-12 20:00:00,,,-1.681783616543,-1.681783616543,9.810869991779,8.129086375237,-0.060993598193,-0.060993598193,,,0.161032279305,0.161032279305,-0.060993598193,0.004198533756,0.154532269463,3.0,43.0,,17.0,17.0
2025-12-13 00:00:00,0.0,0.0,-5.066087543964,-5.066087543964,8.18893635273,3.122848808765,0.036583772492,0.036583772492,1.078404331785,1.078404331785,0.303922392227,0.303922392227,0.036583772492,0.00388681592,0.201778965442,1.0,37.0,97.0,22.0,22.0
2025-12-13 04:00:00,,,-9.131337583065,-9.131337583065,10.657722353935,1.52638477087,-0.228530468336,-0.228530468336,,,-0.189256813552,-0.189256813552,-0.228530468336,0.004737292983,0.113884191795,3.0,27.0,,15.0,15.0
2025-12-13 08:00:00,,,-2.88045668602,-2.88045668602,6.208056569099,3.32759988308,0.185541845568,0.185541845568,,,0.382810036707,0.382810036707,0.185541845568,0.002570426368,0.099371345461,2.0,28.0,,14.0,14.0
2025-12-13 12:00:00,,,-5.212550222874,-5.212550222874,8.341228246689,3.128678023815,-0.039443002983,-0.039443002983,,,0.27215887589,0.27215887589,-0.039443002983,0.002677237597,0.127707143095,2.0,35.0,,13.0,13.0
2025-12-13 16:00:00,,,-7.781541407108,-7.781541407108,11.733110368252,3.951568961143,-0.062347856794,-0.062347856794,,,-0.784149726936,-0.784149726936,-0.062347856794,0.001375137514,0.195827709554,1.0,53.0,,24.0,24.0
2025-12-13 20:00:00,,,5.659140944481,5.659140944481,3.233756482601,8.892897427082,0.183497206508,0.183497206508,,,0.993192986702,0.993192986702,0.183497206508,0.006100667277,0.110769912876,4.0,27.0,,10.0,10.0
2025-12-14 00:00:00,0.0,0.0,-0.454624593258,-0.454624593258,4.001701533794,3.547076940536,-0.177617059891,-0.177617059891,1.105315361179,1.105315361179,0.372655887669,0.372655887669,-0.177617059891,0.003255383047,0.108383780888,2.0,25.0,86.0,12.0,12.0
2025-12-14 04:00:00,,,0.471314311028,0.471314311028,2.531623899937,3.002938210964,0.045010268966,0.045010268966,,,0.207440456203,0.207440456203,0.045010268966,0.0,0.084795023309,0.0,21.0,,12.0,12.0
2025-12-14 08:00:00,,,-0.954975605011,-0.954975605011,3.94695520401,2.991979598999,0.070512999065,0.070512999065,,,0.262091037333,0.262091037333,0.070512999065,0.003800154321,0.101018190606,3.0,28.0,,16.0,16.0
2025-12-14 12:00:00,,,-3.46580862999,-3.46580862999,10.007350325584,6.541541695595,-0.088130194672,-0.088130194672,,,-0.210205306231,-0.210205306231,-0.088130194672,0.0,0.235262294243,0.0,48.0,,24.0,24.0
2025-12-14 16:00:00,,,-7.750088572502,-7.750088572502,10.8713337183,3.121245145798,-0.014882218797,-0.014882218797,,,-0.474318512488,-0.474318512488,-0.014882218797,0.001334614563,0.151053117732,1.0,41.0,,14.0,14.0
2025-12-14 20:00:00,,,-11.455993294716,-11.455993294716,11.455993294716,0.0,-0.148830253662,-0.148830253662,,,-0.292874239866,-0.292874239866,-0.148830253662,0.006316775196,0.160088595605,5.0,24.0,,9.0,9.0
2025-12-15 00:00:00,0.0,0.0,-1.466928482056,-1.466928482056,6.391165137291,4.924236655235,0.122291357241,0.122291357241,0.926671227316,0.926671227316,0.117956623533,0.117956623533,0.122291357241,0.00131523569,0.184968187068,1.0,32.0,141.0,19.0,19.0
2025-12-15 04:00:00,,,0.413571953773,0.413571953773,4.145143985748,4.558715939522,0.128583142592,0.128583142592,,,0.411538394505,0.411538394505,0.128583142592,0.001229105211,0.116679424178,1.0,29.0,,16.0,17.0
2025-12-15 08:00:00,,,-0.840961992741,-0.840961992741,4.08793181181,3.246969819069,0.033442979975,0.033442979975,,,0.272544942704,0.272544942704,0.033442979975,0.0,0.180228748512,0.0,24.0,,14.0,14.0
2025-12-15 12:00:00,,,-7.097736358643,-7.097736358643,12.849986672401,5.752250313759,-0.202862049594,-0.202862049594,,,-1.020988203471,-1.020988203471,-0.202862049594,0.027313043292,0.547501543587,6.0,57.0,,29.0,29.0
2025-12-15 16:00:00,,,-9.15153670311,-9.15153670311,16.080648958683,6.929112255573,-0.073166433321,-0.073166433321,,,-1.19697732314,-1.19697732314,-0.073166433321,0.017096811496,0.711585952711,3.0,68.0,,38.0,38.0
2025-12-15 20:00:00,,,-3.087843120098,-3.087843120098,11.363083362579,8.275240242481,0.115121542897,0.115121542897,,,0.04781531059,0.04781531059,0.115121542897,0.006849380388,0.557569498102,5.0,60.0,,27.0,27.0
2025-12-16 00:00:00,0.0,0.0,-4.726660430431,-4.726660430431,10.064509689808,5.337849259377,-0.005131101984,-0.005131101984,1.142726069745,1.142726069745,-0.078141173363,-0.078141173363,-0.005131101984,0.009682503738,0.991231892397,2.0,53.0,132.0,24.0,24.0
2025-12-16 04:00:00,,,1.203746974468,1.203746974468,3.578587293625,4.782334268093,0.081501182379,0.081501182379,,,0.389644506037,0.389644506037,0.081501182379,0.009615297342,0.339424468626,2.0,23.0,,10.0,10.0
2025-12-16 08:00:00,,,2.88689237833,2.88689237833,5.814535498619,8.701427876949,-0.018172762672,-0.018172762672,,,1.04017984705,1.04017984705,-0.018172762672,0.015521137709,0.453596298572,3.0,48.0,,24.0,25.0
2025-12-16 12:00:00,,,-7.583530604839,-7.583530604839,15.244253098965,7.660722494125,-0.249797313349,-0.249797313349,,,-1.064352460962,-1.064352460962,-0.249797313349,0.008748301203,0.303068009217,6.0,64.0,,30.0,30.0
2025-12-16 16:00:00,,,-3.802616238594,-3.802616238594,11.040637552738,7.238021314144,0.111965171871,0.111965171871,,,0.083739113743,0.083739113743,0.111965171871,0.007614260152,0.586568822174,6.0,50.0,,28.0,28.0
2025-12-16 20:00:00,,,0.971980452538,0.971980452538,12.054203867912,13.02618432045,0.210741367425,0.210741367425,,,0.512038588228,0.512038588228,0.210741367425,0.010513198981,0.215605259744,7.0,52.0,,21.0,22.0
2025-12-17 00:00:00,0.0,0.0,-1.953743338585,-1.953743338585,4.238022148609,2.284278810024,-0.139514775098,-0.139514775098,1.056667869065,1.056667869065,0.240384705099,0.240384705099,-0.139514775098,0.002462290451,0.16715308271,2.0,36.0,132.0,15.0,15.0
2025-12-17 04:00:00,,,-0.108049690723,-0.108049690723,4.044689416885,3.936639726162,0.140079892042,0.140079892042,,,0.319380420124,0.319380420124,0.140079892042,0.004779241995,0.298641732955,4.0,29.0,,12.0,12.0
2025-12-17 08:00:00,,,-3.352708637714,-3.352708637714,7.234443962574,3.88173532486,-0.041391325927,-0.041391325927,,,0.010672077474,0.010672077474,-0.041391325927,0.008419402226,0.526409835811,3.0,30.0,,13.0,13.0
2025-12-17 12:00:00,,,7.194753170013,7.194753170013,10.854414999485,18.049168169498,0.07668284755,0.07668284755,,,0.613233238212,0.613233238212,0.07668284755,0.020512736468,0.827632044009,10.0,85.0,,35.0,35.0
2025-12-17 16:00:00,,,-12.103478908539,-12.103478908539,22.488139510155,10.384660601616,-0.244554898826,-0.244554898826,,,-1.45448694842,-1.45448694842,-0.244554898826,0.037129230552,1.18980607457,6.0,89.0,,42.0,43.0
2025-12-17 20:00:00,,,-3.15597230196,-3.15597230196,14.242065966129,11.086093664169,0.118553368052,0.118553368052,,,0.270500653333,0.270500653333,0.118553368052,0.049967274942,0.953816566156,4.0,52.0,,19.0,20.0
2025-12-18 00:00:00,0.0,0.0,-8.078689098358,-8.078689098358,8.783946275711,0.705257177353,0.111230039318,0.111230039318,0.303605137356,0.303605137356,0.071644211814,0.071644211814,0.111230039318,0.015424432546,0.634920066572,5.0,55.0,162.0,11.0,14.0
2025-12-18 04:00:00,,,-3.038223147392,-3.038223147392,5.406582832336,2.368359684944,0.087824424897,0.087824424897,,,0.131706917652,0.131706917652,0.087824424897,0.004372158097,0.341038101715,2.0,27.0,,13.0,13.0
2025-12-18 08:00:00,,,-5.060006380081,-5.060006380081,8.035870432854,2.975864052773,-0.09898142534,-0.09898142534,,,-0.012463734445,-0.012463734445,-0.09898142534,0.003756225373,0.167545171034,3.0,28.0,,15.0,15.0
2025-12-18 12:00:00,,,-11.603840827942,-11.603840827942,18.13085258007,6.527011752129,-0.208468497264,-0.208468497264,,,-1.747926499899,-1.747926499899,-0.208468497264,0.004056292614,0.659150136991,3.0,83.0,,49.0,49.0
2025-12-18 16:00:00,,,-17.866109728813,-17.866109728813,21.550974011421,3.684864282608,-0.168937420396,-0.168937420396,,,-1.853098721986,-1.853098721986,-0.168937420396,0.050928306869,0.465341662076,9.0,90.0,,45.0,45.0
2025-12-18 20:00:00,,,5.217680990696,5.217680990696,9.2317263484,14.449407339096,0.245264973406,0.245264973406,,,0.623429211571,0.623429211571,0.245264973406,0.016666967207,0.212016387961,11.0,56.0,,30.0,31.0
2025-12-19 00:00:00,0.0,0.0,-4.741971731186,-4.741971731186,7.970830917358,3.228859186172,-0.173890460156,-0.173890460156,0.489885149971,0.489885149971,0.117296175567,0.117296175567,-0.173890460156,0.005898582692,0.334271752385,5.0,39.0,164.0,16.0,16.0
2025-12-19 04:00:00,,,-6.05452722311,-6.05452722311,14.501861155033,8.447333931923,0.030753198763,0.030753198763,,,0.315060665735,0.315060665735,0.030753198763,0.006624018868,0.605347026513,5.0,64.0,,41.0,41.0
2025-12-19 08:00:00,,,-5.123038709164,-5.123038709164,9.131331920624,4.00829321146,-0.082512453452,-0.082512453452,,,0.129009413652,0.129009413652,-0.082512453452,0.003145156638,0.361946169942,3.0,44.0,,22.0,23.0
2025-12-19 12:00:00,,,-11.599072158337,-11.599072158337,19.01409226656,7.415020108223,-0.157091474336,-0.157091474336,,,-0.419596928242,-0.419596928242,-0.157091474336,0.011279368133,0.651942650986,2.0,66.0,,34.0,34.0
2025-12-19 16:00:00,,,-3.553664565086,-3.553664565086,16.330743014812,12.777078449726,0.180469456777,0.180469456777,,,0.342910975466,0.342910975466,0.180469456777,0.001160631383,0.763581305382,1.0,74.0,,38.0,38.0
2025-12-19 20:00:00,,,-1.928560554981,-1.928560554981,7.610061347485,5.681500792503,0.024588850533,0.024588850533,,,0.377136430504,0.377136430504,0.024588850533,0.0,0.218020633618,0.0,38.0,,15.0,15.0
2025-12-20 00:00:00,0.0,0.0,-6.959540247917,-6.959540247917,9.844741046429,2.885200798512,-0.07143959094,-0.07143959094,1.061625818783,1.061625818783,0.035149237881,0.035149237881,-0.07143959094,0.001089039902,0.18702678707,1.0,44.0,79.0,24.0,24.0
2025-12-20 04:00:00,,,-3.305157363415,-3.305157363415,4.960777401924,1.655620038509,0.038314236995,0.038314236995,,,0.236945910441,0.236945910441,0.038314236995,0.0,0.50291183433,0.0,30.0,,18.0,19.0
2025-12-20 08:00:00,,,-5.714151144028,-5.714151144028,9.660402536392,3.946251392365,-0.128727722518,-0.128727722518,,,0.183413517128,0.183413517128,-0.128727722518,0.001853499407,0.380471722723,1.0,33.0,,15.0,15.0
2025-12-20 12:00:00,,,-1.626669645309,-1.626669645309,3.863226413727,2.236556768417,0.073660515112,0.073660515112,,,0.352108734536,0.352108734536,0.073660515112,0.0,0.260016253747,0.0,24.0,,13.0,13.0
2025-12-20 16:00:00,,,-6.630381166935,-6.630381166935,6.630381166935,0.0,0.099112338929,0.099112338929,,,0.294202510813,0.294202510813,0.099112338929,0.004632982909,0.154649309615,2.0,23.0,,6.0,6.0
2025-12-20 20:00:00,,,1.709304273129,1.709304273129,3.206617355347,4.915921628475,0.084823976361,0.084823976361,,,0.400995565695,0.400995565695,0.084823976361,0.098172753582,0.188977669124,3.0,22.0,,6.0,6.0
2025-12-21 00:00:00,0.0,0.0,-0.900231778622,-0.900231778622,1.638601064682,0.73836928606,-0.042664520636,-0.042664520636,1.20079393131,1.20079393131,0.30900838643,0.30900838643,-0.042664520636,0.002699784383,0.216077957996,2.0,20.0,86.0,13.0,13.0
2025-12-21 04:00:00,,,-2.459457576275,-2.459457576275,4.038726985455,1.57926940918,0.014807972445,0.014807972445,,,0.198148089628,0.198148089628,0.014807972445,0.001084504598,0.089798066969,1.0,17.0,,8.0,8.0
2025-12-21 08:00:00,,,4.80204230547,4.80204230547,1.482868075371,6.28491038084,0.35327140244,0.35327140244,,,0.873667709202,0.873667709202,0.35327140244,0.005674915377,0.2495040242,3.0,28.0,,18.0,18.0
2025-12-21 12:00:00,,,-5.160451352596,-5.160451352596,9.092774152756,3.932322800159,-0.256283537125,-0.256283537125,,,-0.129846096477,-0.129846096477,-0.256283537125,0.007038113505,0.348488210403,5.0,39.0,,20.0,20.0
2025-12-21 16:00:00,,,-3.164045274258,-3.164045274258,5.521274805069,2.357229530811,0.067242221351,0.067242221351,,,0.020214990068,0.020214990068,0.067242221351,0.011343629593,0.370301570437,2.0,26.0,,15.0,15.0
2025-12-21 20:00:00,,,-2.293853342533,-2.293853342533,6.306734800339,4.012881457806,-0.129843598553,-0.129843598553,,,0.28734966674,0.28734966674,-0.129843598553,0.013182472511,0.220765158297,5.0,30.0,,12.0,12.0
2025-12-22 00:00:00,0.0,0.0,-3.426485240459,-3.426485240459,8.331580519676,4.905095279217,-0.024524998695,-0.024524998695,1.162095647215,1.162095647215,-0.540047628302,-0.540047628302,-0.024524998695,0.002516201177,0.793468567626,2.0,43.0,142.0,24.0,24.0
2025-12-22 04:00:00,,,-5.887035548687,-5.887035548687,6.733394265175,0.846358716488,0.049310577309,0.049310577309,,,-0.176919371433,-0.176919371433,0.049310577309,0.157085850791,0.694586949702,3.0,32.0,,13.0,13.0
2025-12-22 08:00:00,,,6.076051473618,6.076051473618,6.294274568558,12.370326042175,0.248615581661,0.248615581661,,,1.286023086327,1.286023086327,0.248615581661,0.023062738924,0.280760575345,14.0,44.0,,25.0,25.0
2025-12-22 12:00:00,,,-2.166994571686,-2.166994571686,7.620891690254,5.453897118568,-0.246974115155,-0.246974115155,,,-0.257624583482,-0.257624583482,-0.246974115155,0.019250094114,0.327309057633,6.0,49.0,,29.0,29.0
2025-12-22 16:00:00,,,-4.827923476696,-4.827923476696,10.989050209522,6.161126732826,0.018762390493,0.018762390493,,,-0.877842845302,-0.877842845302,0.018762390493,0.040802213042,0.727786009056,7.0,53.0,,32.0,32.0
2025-12-22 20:00:00,,,3.851981937885,3.851981937885,9.735553741455,13.58753567934,0.134541821946,0.134541821946,,,0.822046875155,0.822046875155,0.134541821946,0.00300938452,0.796987849554,2.0,51.0,,21.0,22.0
2025-12-23 00:00:00,0.0,0.0,-8.626141667366,-8.626141667366,9.465974092484,0.839832425117,-0.14047553258,-0.14047553258,0.853577678836,0.853577678836,-0.409898858061,-0.409898858061,-0.14047553258,0.02053000489,0.194035854961,5.0,30.0,112.0,15.0,15.0
2025-12-23 04:00:00,,,-0.297379910946,-0.297379910946,7.330334365368,7.032954454422,0.224156899571,0.224156899571,,,0.138654317428,0.138654317428,0.224156899571,0.029650598162,0.346858673819,4.0,35.0,,11.0,11.0
2025-12-23 08:00:00,,,-6.138940691948,-6.138940691948,8.513181209564,2.374240517616,-0.173158704498,-0.173158704498,,,-0.391888887932,-0.391888887932,-0.173158704498,0.013136962866,0.10708252186,10.0,27.0,,19.0,19.0
2025-12-23 12:00:00,,,-7.574954092503,-7.574954092503,13.099258720875,5.524304628372,0.072429870112,0.072429870112,,,-0.862031999938,-0.862031999938,0.072429870112,0.010092184363,0.30813199693,7.0,55.0,,33.0,33.0
2025-12-23 16:00:00,,,-4.714256584644,-4.714256584644,7.087778091431,2.373521506786,0.001053478711,0.001053478711,,,-0.159129964466,-0.159129964466,0.001053478711,0.02323184165,0.456972020209,5.0,41.0,,16.0,16.0
2025-12-23 20:00:00,,,4.561726391315,4.561726391315,4.272400319576,8.834126710892,0.085914935863,0.085914935863,,,0.777641449808,0.777641449808,0.085914935863,0.042650024756,0.417814180475,4.0,38.0,,18.0,19.0
2025-12-24 00:00:00,0.0,0.0,2.208413958549,2.208413958549,5.608311653137,7.816725611687,-0.039002255382,-0.039002255382,1.247206171558,1.247206171558,0.426726690121,0.426726690121,-0.039002255382,0.0,0.330898146841,0.0,35.0,71.0,16.0,16.0
2025-12-24 04:00:00,,,-4.415519833565,-4.415519833565,5.212567269802,0.797047436237,-0.196769722691,-0.196769722691,,,-0.04048689966,-0.04048689966,-0.196769722691,0.063891384646,0.271210283726,2.0,19.0,,10.0,10.0
2025-12-24 08:00:00,,,0.51366263628,0.51366263628,2.676180124283,3.189842760563,0.042814856478,0.042814856478,,,0.22952407292,0.22952407292,0.042814856478,0.002687116459,0.256943973457,2.0,26.0,,13.0,13.0
2025-12-24 12:00:00,,,-4.890971660614,-4.890971660614,11.958285748959,7.067314088345,-0.112399345972,-0.112399345972,,,-0.075213215198,-0.075213215198,-0.112399345972,0.07097013262,0.531065733929,6.0,38.0,,12.0,12.0
2025-12-24 16:00:00,,,1.86192792654,1.86192792654,4.73664265871,6.598570585251,0.138917164164,0.138917164164,,,0.24460631892,0.24460631892,0.138917164164,0.015263544821,0.366117414141,3.0,29.0,,13.0,13.0
2025-12-24 20:00:00,,,4.034898936749,4.034898936749,3.376828312874,7.411727249622,0.066157748232,0.066157748232,,,0.543049368269,0.543049368269,0.066157748232,0.0,0.295571554207,0.0,22.0,,7.0,8.0
2025-12-25 00:00:00,0.0,0.0,-5.09109634161,-5.09109634161,5.793187558651,0.702091217041,-0.243325970145,-0.243325970145,1.264623189083,1.264623189083,-0.037984249168,-0.037984249168,-0.243325970145,0.001885369532,0.324858318958,1.0,16.0,58.0,5.0,5.0
2025-12-25 04:00:00,,,-0.145627975464,-0.145627975464,3.132104694843,2.986476719379,0.107342429246,0.107342429246,,,0.0860927254,0.0860927254,0.107342429246,0.003374458557,0.17874624764,2.0,23.0,,13.0,13.0
2025-12-25 08:00:00,,,5.863206684589,5.863206684589,1.441065371037,7.304272055626,0.155925046315,0.155925046315,,,0.529197061092,0.529197061092,0.155925046315,0.056395229616,0.784875130435,4.0,31.0,,11.0,11.0
2025-12-25 12:00:00,,,-0.807029724121,-0.807029724121,3.262871205807,2.455841481686,-0.047329597944,-0.047329597944,,,0.110370100722,0.110370100722,-0.047329597944,0.041010506705,0.346393400144,3.0,18.0,,4.0,4.0
2025-12-25 16:00:00,,,-2.14670497179,-2.14670497179,7.389113485813,5.242408514023,-0.126859072783,-0.126859072783,,,-0.064051667262,-0.064051667262,-0.126859072783,0.003445775526,0.67528309094,2.0,34.0,,16.0,16.0
2025-12-25 20:00:00,,,7.095591545105,7.095591545105,4.205043017864,11.300634562969,0.179335897351,0.179335897351,,,0.580087174402,0.580087174402,0.179335897351,0.037878787879,0.601490718608,1.0,37.0,,13.0,14.0
2025-12-26 00:00:00,0.0,0.0,-5.627168834209,-5.627168834209,8.16635620594,2.539187371731,-0.187662419158,-0.187662419158,0.790550116885,0.790550116885,-0.941180212696,-0.941180212696,-0.187662419158,0.004142843679,0.302368638591,2.0,31.0,106.0,20.0,20.0
2025-12-26 04:00:00,,,-6.565691113472,-6.565691113472,9.777746260166,3.212055146694,0.036572330333,0.036572330333,,,-0.829780890656,-0.829780890656,0.036572330333,0.001144688645,0.488509209645,1.0,38.0,,19.0,21.0
2025-12-26 08:00:00,,,-1.86600703001,-1.86600703001,9.229221284389,7.363214254379,0.010234058789,0.010234058789,,,-0.318003879539,-0.318003879539,0.010234058789,0.002165536048,0.246025223259,2.0,34.0,,15.0,16.0
2025-12-26 12:00:00,,,-4.390603482723,-4.390603482723,9.990013301373,5.599409818649,-0.084806776657,-0.084806776657,,,-1.109661871958,-1.109661871958,-0.084806776657,0.005354190479,0.546075561678,4.0,47.0,,21.0,21.0
2025-12-26 16:00:00,,,-5.885348260403,-5.885348260403,9.119408965111,3.234060704708,-0.105067377756,-0.105067377756,,,-0.939131202299,-0.939131202299,-0.105067377756,0.003313647749,0.45624958293,3.0,30.0,,19.0,19.0
2025-12-26 20:00:00,,,2.212117314339,2.212117314339,9.803129434586,12.015246748924,0.217165773436,0.217165773436,,,0.931463575666,0.931463575666,0.217165773436,0.064164200257,0.820772950336,2.0,51.0,,16.0,17.0
2025-12-27 00:00:00,0.0,0.0,-0.849064707756,-0.849064707756,2.541834354401,1.692769646645,-0.025475823516,-0.025475823516,1.077242252491,1.077242252491,-0.026465478089,-0.026465478089,-0.025475823516,0.048720248294,0.099616390716,10.0,22.0,86.0,15.0,15.0
2025-12-27 04:00:00,,,-0.671338915825,-0.671338915825,5.624968290329,4.953629374504,-0.052419650176,-0.052419650176,,,0.031137775134,0.031137775134,-0.052419650176,0.126083236224,0.941934575163,4.0,30.0,,15.0,15.0
2025-12-27 08:00:00,,,0.42993336916,0.42993336916,7.337081730366,7.767015099525,0.076164448208,0.076164448208,,,0.480133260798,0.480133260798,0.076164448208,0.044193550653,0.365143793109,3.0,40.0,,20.0,20.0
2025-12-27 12:00:00,,,-1.409036517143,-1.409036517143,6.837413668633,5.428377151489,-0.099763782315,-0.099763782315,,,0.017981426818,0.017981426818,-0.099763782315,0.002305955297,0.220194070852,2.0,32.0,,11.0,11.0
2025-12-27 16:00:00,,,-3.715863108635,-3.715863108635,7.470762193203,3.754899084568,0.122513538016,0.122513538016,,,0.10668549013,0.10668549013,0.122513538016,0.02234460068,0.449731408334,3.0,39.0,,17.0,17.0
2025-12-27 20:00:00,,,0.686186552048,0.686186552048,7.045380294323,7.731566846371,-0.034813143248,-0.034813143248,,,0.047837522891,0.047837522891,-0.034813143248,0.010313531353,0.630631053673,1.0,39.0,,11.0,11.0
2025-12-28 00:00:00,0.0,0.0,-3.1744145751,-3.1744145751,6.355281770229,3.180867195129,-0.126966712929,-0.126966712929,0.929099302206,0.929099302206,-0.032582079171,-0.032582079171,-0.126966712929,0.01069996315,0.739220919538,5.0,35.0,69.0,12.0,12.0
2025-12-28 04:00:00,,,-0.960116565228,-0.960116565228,3.23580956459,2.275692999363,0.13952981111,0.13952981111,,,0.144185731902,0.144185731902,0.13952981111,0.111553449437,0.588537536588,2.0,30.0,,12.0,12.0
2025-12-28 08:00:00,,,0.097670316696,0.097670316696,2.37310218811,2.470772504807,0.006033535778,0.006033535778,,,0.207824278818,0.207824278818,0.006033535778,0.007894739643,0.397563730121,2.0,19.0,,8.0,8.0
2025-12-28 12:00:00,,,-2.332470834255,-2.332470834255,4.584586441517,2.252115607262,-0.217250052987,-0.217250052987,,,-0.062032877605,-0.062032877605,-0.217250052987,0.057878047108,0.456274596807,6.0,33.0,,13.0,13.0
2025-12-28 16:00:00,,,-6.160601854324,-6.160601854324,8.363199770451,2.202597916126,-0.04887066347,-0.04887066347,,,-0.492316247698,-0.492316247698,-0.04887066347,0.045289855072,0.631223814337,1.0,41.0,,15.0,15.0
2025-12-28 20:00:00,,,-4.209777951241,-4.209777951241,6.675226330757,2.465448379517,0.090837018815,0.090837018815,,,-0.068542627333,-0.068542627333,0.090837018815,0.018462261869,0.394137586148,2.0,29.0,,9.0,9.0
2025-12-29 00:00:00,0.0,0.0,-4.328793466091,-4.328793466091,10.938917219639,6.610123753548,-0.065871750077,-0.065871750077,-0.026127491433,-0.026127491433,-0.87655986365,-0.87655986365,-0.065871750077,0.0,0.468308918372,0.0,68.0,163.0,40.0,43.0
2025-12-29 04:00:00,,,-6.910296142101,-6.910296142101,12.942222833633,6.031926691532,-0.18232660695,-0.18232660695,,,-1.003008850796,-1.003008850796,-0.18232660695,0.00332413628,0.762779602555,2.0,53.0,,27.0,27.0
2025-12-29 08:00:00,,,-6.958543300629,-6.958543300629,12.632387876511,5.673844575882,0.14443884772,0.14443884772,,,-0.669488309309,-0.669488309309,0.14443884772,0.120751911658,0.551018389576,5.0,50.0,,25.0,26.0
2025-12-29 12:00:00,,,-10.559617578983,-10.559617578983,17.3357411623,6.776123583317,-0.090643627966,-0.090643627966,,,-1.542540904048,-1.542540904048,-0.090643627966,0.009532166484,0.858089910055,3.0,82.0,,39.0,39.0
2025-12-29 16:00:00,,,-9.000566720963,-9.000566720963,12.253673195839,3.253106474876,0.097541950882,0.097541950882,,,-0.948530078403,-0.948530078403,0.097541950882,0.048537198745,0.729397672756,4.0,44.0,,22.0,22.0
2025-12-29 20:00:00,,,-2.533467710018,-2.533467710018,6.617480039597,4.084012329578,0.005973579234,0.005973579234,,,0.207224375515,0.207224375515,0.005973579234,0.05604374894,0.79657018155,4.0,49.0,,12.0,16.0
2025-12-30 00:00:00,0.0,0.0,-4.323736310005,-4.323736310005,9.103203296661,4.779466986656,0.168671086005,0.168671086005,0.630992869967,0.630992869967,0.401661411149,0.401661411149,0.168671086005,0.02105066754,0.346680400758,5.0,45.0,93.0,12.0,12.0
2025-12-30 04:00:00,,,-5.743767380714,-5.743767380714,6.562965512276,0.819198131561,-0.171027093928,-0.171027093928,,,0.149867819076,0.149867819076,-0.171027093928,0.026794273587,0.472346850196,6.0,28.0,,13.0,13.0
2025-12-30 08:00:00,,,-5.857595562935,-5.857595562935,8.163446009159,2.305850446224,-0.055151518008,-0.055151518008,,,0.149254525921,0.149254525921,-0.055151518008,0.035339391898,0.230430479634,4.0,30.0,,14.0,14.0
2025-12-30 12:00:00,,,-5.815505385399,-5.815505385399,9.145933449268,3.330428063869,0.128922515164,0.128922515164,,,-0.011936533549,-0.011936533549,0.128922515164,0.009803827923,0.510848235347,3.0,42.0,,23.0,23.0
2025-12-30 16:00:00,,,-1.740985870361,-1.740985870361,10.710704445839,8.969718575478,0.110653171256,0.110653171256,,,0.304731608262,0.304731608262,0.110653171256,0.010354139447,0.834382715972,3.0,58.0,,25.0,25.0
2025-12-30 20:00:00,,,-5.643130064011,-5.643130064011,6.502205133438,0.859075069427,-0.14948198883,-0.14948198883,,,0.349834218365,0.349834218365,-0.14948198883,0.003411721802,0.285080167926,2.0,28.0,,7.0,7.0
2025-12-31 00:00:00,0.0,0.0,-10.072661221027,-10.072661221027,12.294195353985,2.221534132957,-0.147555160219,-0.147555160219,0.653469462385,0.653469462385,-0.195372557422,-0.195372557422,-0.147555160219,0.004629861859,0.46778971728,3.0,42.0,98.0,18.0,18.0
2025-12-31 04:00:00,,,-0.24694865942,-0.24694865942,5.663166821003,5.416218161583,0.171388119373,0.171388119373,,,0.622620528074,0.622620528074,0.171388119373,0.123808592361,1.084354451715,2.0,30.0,,9.0,9.0
2025-12-31 08:00:00,,,-5.471412479877,-5.471412479877,8.589939236641,3.118526756763,-0.150692353793,-0.150692353793,,,0.169384051505,0.169384051505,-0.150692353793,0.092933974045,0.471452386206,4.0,35.0,,12.0,11.0
2025-12-31 12:00:00,,,-2.512599647045,-2.512599647045,6.509096443653,3.996496796608,-0.015379733239,-0.015379733239,,,0.419687397784,0.419687397784,-0.015379733239,0.039913618053,0.346791309562,9.0,38.0,,21.0,21.0
2025-12-31 16:00:00,,,-5.157552540302,-5.157552540302,8.133064985275,2.975512444973,-0.014290521484,-0.014290521484,,,0.242634795,0.242634795,-0.014290521484,0.072624493075,0.630122008766,6.0,31.0,,12.0,12.0
2025-12-31 20:00:00,,,-1.844857394695,-1.844857394695,8.880974829197,7.036117434502,0.139419250788,0.139419250788,,,0.304615377726,0.304615377726,0.139419250788,0.136427186217,1.23642627627,6.0,48.0,,26.0,26.0
2026-01-01 00:00:00,0.0,0.0,-7.709492743015,-7.709492743015,9.251604139805,1.54211139679,-0.142475174084,-0.142475174084,0.760979203099,0.760979203099,-0.145007352228,-0.145007352228,-0.142475174084,0.004066417984,0.381583981966,3.0,31.0,74.0,12.0,12.0
2026-01-01 04:00:00,,,-0.95289593935,-0.95289593935,3.306850075722,2.353954136372,0.140878371445,0.140878371445,,,0.471173217715,0.471173217715,0.140878371445,0.00130127004,0.268229092983,1.0,21.0,,10.0,10.0
2026-01-01 08:00:00,,,-3.957945764065,-3.957945764065,4.678565859795,0.72062009573,-0.073646677012,-0.073646677012,,,0.143691370529,0.143691370529,-0.073646677012,0.002624720851,0.475792479989,2.0,29.0,,13.0,13.0
2026-01-01 12:00:00,,,-6.363006293774,-6.363006293774,7.927563130856,1.564556837082,0.080990076051,0.080990076051,,,0.232663957639,0.232663957639,0.080990076051,0.015978357341,0.372027676873,9.0,36.0,,9.0,9.0
2026-01-01 16:00:00,,,-0.296763658524,-0.296763658524,4.865614533424,4.568850874901,0.095004390836,0.095004390836,,,0.799102070649,0.799102070649,0.095004390836,0.013256950492,0.443821065582,7.0,42.0,,18.0,18.0
2026-01-01 20:00:00,,,-5.269405961037,-5.269405961037,6.75254124403,1.483135282993,-0.204993099386,-0.204993099386,,,-0.004620641126,-0.004620641126,-0.204993099386,0.016310508999,0.165422721324,7.0,22.0,,12.0,12.0
2026-01-02 00:00:00,0.0,0.0,1.482486128807,1.482486128807,0.836648762226,2.319134891033,0.122795250699,0.122795250699,0.713142517538,0.713142517538,0.780146993442,0.780146993442,0.122795250699,0.04011933833,0.143459580082,3.0,23.0,140.0,13.0,13.0
2026-01-02 04:00:00,,,-0.963684022427,-0.963684022427,2.49131321907,1.527629196644,-0.10886391549,-0.10886391549,,,0.511960205129,0.511960205129,-0.10886391549,0.023366814518,0.166523935905,7.0,23.0,,13.0,13.0
2026-01-02 08:00:00,,,0.096406638622,0.096406638622,4.784222722054,4.880629360676,0.119762376257,0.119762376257,,,0.448440605187,0.448440605187,0.119762376257,0.044151496116,0.149739378588,6.0,27.0,,13.0,13.0
2026-01-02 12:00:00,,,-6.25151693821,-6.25151693821,11.238682389259,4.98716545105,-0.189920514706,-0.189920514706,,,-1.57627549185,-1.57627549185,-0.189920514706,0.016402247575,0.34543298914,7.0,47.0,,28.0,28.0
2026-01-02 16:00:00,,,-4.02902162075,-4.02902162075,12.972703397274,8.943681776524,0.113756758007,0.113756758007,,,-0.992324923334,-0.992324923334,0.113756758007,0.007562099245,0.977833793717,5.0,71.0,,48.0,48.0
2026-01-02 20:00:00,,,-4.679752707481,-4.679752707481,9.106298923492,4.426546216011,-0.13538039839,-0.13538039839,,,-0.126614886514,-0.126614886514,-0.13538039839,0.045526121368,0.668017589408,7.0,48.0,,25.0,25.0
2026-01-03 00:00:00,0.0,0.0,0.644520640373,0.644520640373,6.54007422924,7.184594869614,-0.076403651061,-0.076403651061,0.448372606476,0.448372606476,0.264387513758,0.264387513758,-0.076403651061,0.006182872488,0.372476304615,3.0,41.0,119.0,21.0,21.0
2026-01-03 04:00:00,,,-6.961604833603,-6.961604833603,7.695976018906,0.734371185303,0.008854910228,0.008854910228,,,-0.428292002166,-0.428292002166,0.008854910228,0.0136937261,0.912889326609,8.0,35.0,,19.0,19.0
2026-01-03 08:00:00,,,-1.17451196909,-1.17451196909,5.179969906807,4.005457937717,0.181171643662,0.181171643662,,,0.422240706813,0.422240706813,0.181171643662,0.003250317516,0.210031492297,2.0,38.0,,17.0,17.0
2026-01-03 12:00:00,,,-3.243563055992,-3.243563055992,7.096935391426,3.853372335434,-0.035718534895,-0.035718534895,,,-0.082282248371,-0.082282248371,-0.035718534895,0.066231559278,0.511563309414,7.0,42.0,,18.0,18.0
2026-01-03 16:00:00,,,-8.720328629017,-8.720328629017,13.456914305687,4.73658567667,-0.102992755946,-0.102992755946,,,-1.163239695572,-1.163239695572,-0.102992755946,0.014104892257,0.60669354849,3.0,55.0,,24.0,24.0
2026-01-03 20:00:00,,,-8.415571451187,-8.415571451187,12.237957596779,3.822386145592,0.002274526773,0.002274526773,,,-0.865987197689,-0.865987197689,0.002274526773,0.014901200459,0.358688016325,5.0,44.0,,20.0,20.0
2026-01-04 00:00:00,0.0,0.0,-2.828675568104,-2.828675568104,5.916469991207,3.087794423103,0.256367748226,0.256367748226,0.734696005225,0.734696005225,0.179971083026,0.179971083026,0.256367748226,0.025740501246,0.312003104667,7.0,31.0,105.0,14.0,14.0
2026-01-04 04:00:00,,,-2.234933972359,-2.234933972359,9.18253916502,6.947605192661,-0.002343097768,-0.002343097768,,,0.358445896577,0.358445896577,-0.002343097768,0.006875001917,0.649887414038,5.0,42.0,,20.0,20.0
2026-01-04 08:00:00,,,-2.930239915848,-2.930239915848,6.863471269608,3.93323135376,-0.222352562529,-0.222352562529,,,-0.115153757411,-0.115153757411,-0.222352562529,0.005175044046,0.470209864706,3.0,35.0,,20.0,20.0
2026-01-04 12:00:00,,,-3.190288305283,-3.190288305283,6.433066308498,3.242778003216,0.15351682034,0.15351682034,,,0.199452564315,0.199452564315,0.15351682034,0.016416870061,0.557208540726,6.0,41.0,,19.0,19.0
2026-01-04 16:00:00,,,-6.129950463772,-6.129950463772,11.462238252163,5.332287788391,-0.086254876316,-0.086254876316,,,-0.007557853307,-0.007557853307,-0.086254876316,0.011881521136,0.598556689363,5.0,47.0,,12.0,12.0
2026-01-04 20:00:00,,,-1.013242483139,-1.013242483139,3.270918726921,2.257676243782,0.134662460571,0.134662460571,,,0.410273529898,0.410273529898,0.134662460571,0.034661224348,0.332913676431,9.0,34.0,,14.0,14.0
2026-01-05 00:00:00,0.0,0.0,-4.539143800735,-4.539143800735,9.127986252308,4.588842451572,-0.054065763324,-0.054065763324,0.579541196236,0.579541196236,-0.424043317987,-0.424043317987,-0.054065763324,0.016146136007,0.73752006376,7.0,51.0,179.0,32.0,31.0
2026-01-05 04:00:00,,,-2.168157279491,-2.168157279491,6.604834377766,4.436677098274,-0.090447723399,-0.090447723399,,,0.222488358846,0.222488358846,-0.090447723399,0.018768893742,0.336338700907,2.0,46.0,,24.0,24.0
2026-01-05 08:00:00,,,-5.247338056564,-5.247338056564,8.229249536991,2.981911480427,0.104541993457,0.104541993457,,,-0.067551774336,-0.067551774336,0.104541993457,0.00474089987,0.372530682715,3.0,34.0,,17.0,17.0
2026-01-05 12:00:00,,,-1.610847592354,-1.610847592354,8.150200545788,6.539352953434,0.099009075931,0.099009075931,,,0.197772194601,0.197772194601,0.099009075931,0.004031596034,0.368010570896,3.0,54.0,,30.0,30.0
2026-01-05 16:00:00,,,7.264456093311,7.264456093311,8.56830394268,15.832760035992,0.311434222723,0.311434222723,,,1.863038340312,1.863038340312,0.311434222723,0.011620231289,0.493173301835,6.0,73.0,,40.0,40.0
2026-01-05 20:00:00,,,-7.748143970966,-7.748143970966,14.78070217371,7.032558202744,-0.17737609298,-0.17737609298,,,-0.611067875266,-0.611067875266,-0.17737609298,0.02069817824,0.357574270484,8.0,72.0,,36.0,36.0
2026-01-06 00:00:00,0.0,0.0,-7.324522614479,-7.324522614479,9.703864276409,2.37934166193,0.117377963325,0.117377963325,0.4441015876,0.4441015876,-0.085444654447,-0.085444654447,0.117377963325,0.001379690949,0.371706511604,1.0,41.0,149.0,14.0,14.0
2026-01-06 04:00:00,,,0.306120216846,0.306120216846,7.184939920902,7.491060137749,0.073430624254,0.073430624254,,,0.383507113222,0.383507113222,0.073430624254,0.006513713993,0.344291408936,4.0,52.0,,30.0,30.0
2026-01-06 08:00:00,,,-2.910371243954,-2.910371243954,7.160311996937,4.249940752983,0.087681738498,0.087681738498,,,-0.070175772843,-0.070175772843,0.087681738498,0.009061643591,0.237724177508,6.0,40.0,,15.0,15.0
2026-01-06 12:00:00,,,-4.031094193459,-4.031094193459,11.268130481243,7.237036287785,-0.174276208936,-0.174276208936,,,-0.712410101559,-0.712410101559,-0.174276208936,0.013457809247,0.239510762527,11.0,65.0,,34.0,34.0
2026-01-06 16:00:00,,,-3.976925551891,-3.976925551891,15.285008847713,11.308083295822,-0.004282869556,-0.004282869556,,,-0.37217365883,-0.37217365883,-0.004282869556,0.01522280838,0.366643014171,9.0,91.0,,37.0,37.0
2026-01-06 20:00:00,,,-2.401498198509,-2.401498198509,8.818893790245,6.417395591736,0.119320801342,0.119320801342,,,0.343872357905,0.343872357905,0.119320801342,0.008376133297,0.198668044193,7.0,53.0,,19.0,20.0
2026-01-07 00:00:00,0.0,0.0,-7.205408751965,-7.205408751965,7.967578411102,0.762169659138,-0.045358122158,-0.045358122158,0.094901603593,0.094901603593,-0.215760092718,-0.215760092718,-0.045358122158,0.004626482434,0.179641346104,3.0,36.0,119.0,14.0,14.0
2026-01-07 04:00:00,,,-1.476576209068,-1.476576209068,4.697999000549,3.221422791481,0.169558897508,0.169558897508,,,0.252618221421,0.252618221421,0.169558897508,0.045911171788,0.272934145963,4.0,23.0,,12.0,12.0
2026-01-07 08:00:00,,,-3.293893456459,-3.293893456459,5.00318801403,1.709294557571,0.005583160725,0.005583160725,,,-0.055342213819,-0.055342213819,0.005583160725,0.009764505036,0.282845139553,7.0,38.0,,22.0,22.0
2026-01-07 12:00:00,,,-0.131180226803,-0.131180226803,6.468905687332,6.337725460529,0.056165732182,0.056165732182,,,0.237843321714,0.237843321714,0.056165732182,0.028420400765,0.656195235407,8.0,60.0,,30.0,30.0
2026-01-07 16:00:00,,,-8.909435391426,-8.909435391426,13.538159310818,4.628723919392,-0.142372062511,-0.142372062511,,,-0.93039939935,-0.93039939935,-0.142372062511,0.023699032581,0.5405726296,5.0,52.0,,23.0,23.0
2026-01-07 20:00:00,,,-15.615487217903,-15.615487217903,19.733919620514,4.118432402611,-0.096962730161,-0.096962730161,,,-1.042148203162,-1.042148203162,-0.096962730161,0.019285747669,0.436499322901,12.0,56.0,,18.0,18.0
2026-01-08 00:00:00,0.0,0.0,-5.121761083603,-5.121761083603,8.894138932228,3.772377848625,0.138100428007,0.138100428007,0.252946770899,0.252946770899,0.126209189867,0.126209189867,0.138100428007,0.00496031746,0.324565749165,3.0,37.0,119.0,14.0,15.0
2026-01-08 04:00:00,,,1.569360733032,1.569360733032,1.724299132824,3.293659865856,0.077139130048,0.077139130048,,,0.376028287179,0.376028287179,0.077139130048,0.0,0.298066005486,0.0,28.0,,16.0,16.0
2026-01-08 08:00:00,,,-1.289189457893,-1.289189457893,10.033249437809,8.744059979916,-0.153555340369,-0.153555340369,,,0.09623433645,0.09623433645,-0.153555340369,0.014004626765,0.399030068317,9.0,54.0,,29.0,29.0
2026-01-08 12:00:00,,,-8.180390000343,-8.180390000343,17.032373130322,8.851983129978,-0.021807410726,-0.021807410726,,,-0.219592065349,-0.219592065349,-0.021807410726,0.005226151073,0.4802120022,3.0,72.0,,24.0,24.0
2026-01-08 16:00:00,,,-13.835674166679,-13.835674166679,16.170452237129,2.33477807045,-0.006575406289,-0.006575406289,,,-0.617214214333,-0.617214214333,-0.006575406289,0.00566893424,0.846118236157,2.0,50.0,,21.0,21.0
2026-01-08 20:00:00,,,-3.919609606266,-3.919609606266,8.643596827984,4.723987221718,0.190329902986,0.190329902986,,,0.242176066449,0.242176066449,0.190329902986,0.045516695452,0.378177817757,3.0,45.0,,16.0,16.0
2026-01-09 00:00:00,0.0,0.0,-3.850334882736,-3.850334882736,6.262979745865,2.412644863129,0.035544161181,0.035544161181,0.523485530994,0.523485530994,0.227586963987,0.227586963987,0.035544161181,0.004436368033,0.301992938397,3.0,31.0,116.0,18.0,18.0
2026-01-09 04:00:00,,,-0.459066808224,-0.459066808224,5.931734442711,5.472667634487,-0.056219909293,-0.056219909293,,,0.360548625305,0.360548625305,-0.056219909293,0.064219102048,0.565864422359,3.0,27.0,,10.0,10.0
2026-01-09 08:00:00,,,-1.653132975101,-1.653132975101,4.793770492077,3.140637516975,0.057212639592,0.057212639592,,,0.39322425569,0.39322425569,0.057212639592,0.009891858453,0.193777561561,4.0,36.0,,20.0,20.0
2026-01-09 12:00:00,,,-7.780572712421,-7.780572712421,11.607713460922,3.827140748501,-0.228010630079,-0.228010630079,,,-0.57137534661,-0.57137534661,-0.228010630079,0.002085418752,0.623755575079,1.0,60.0,,30.0,30.0
2026-01-09 16:00:00,,,-4.057949960232,-4.057949960232,15.915536046028,11.857586085796,0.068472434693,0.068472434693,,,0.092597728682,0.092597728682,0.068472434693,0.032878119582,0.473216862458,22.0,67.0,,25.0,25.0
2026-01-09 20:00:00,,,-3.834803819656,-3.834803819656,6.75954157114,2.924737751484,-0.001820402688,-0.001820402688,,,0.280599652304,0.280599652304,-0.001820402688,0.012640973382,0.188599125723,9.0,43.0,,13.0,13.0
2026-01-10 00:00:00,0.0,0.0,-1.551296055317,-1.551296055317,3.974704921246,2.423408865929,0.202382378177,0.202382378177,0.773279579947,0.773279579947,0.374918359643,0.374918359643,0.202382378177,0.001187761307,0.163063275505,1.0,31.0,91.0,10.0,10.0
2026-01-10 04:00:00,,,-1.830541729927,-1.830541729927,2.608946144581,0.778404414654,-0.143760264937,-0.143760264937,,,0.274923647336,0.274923647336,-0.143760264937,0.006720074616,0.195790449832,4.0,31.0,,15.0,15.0
2026-01-10 08:00:00,,,-7.093388319016,-7.093388319016,10.504968702793,3.411580383778,-0.190301166132,-0.190301166132,,,-0.208756432803,-0.208756432803,-0.190301166132,0.00594942407,0.220957977634,4.0,33.0,,20.0,20.0
2026-01-10 12:00:00,,,-3.086453616619,-3.086453616619,5.488516390324,2.402062773705,0.165975297882,0.165975297882,,,0.058458402178,0.058458402178,0.165975297882,0.071842839518,0.485763831642,13.0,39.0,,17.0,17.0
2026-01-10 16:00:00,,,-0.886793971062,-0.886793971062,4.753778219223,3.866984248161,0.092822906233,0.092822906233,,,0.46590805453,0.46590805453,0.092822906233,0.010439716137,0.276301590667,3.0,42.0,,20.0,20.0
2026-01-10 20:00:00,,,-1.646083712578,-1.646083712578,5.380313396454,3.734229683876,-0.104548065688,-0.104548065688,,,0.424422767301,0.424422767301,-0.104548065688,0.013693839717,0.138063817078,10.0,30.0,,9.0,9.0
2026-01-11 00:00:00,0.0,0.0,-1.509516894817,-1.509516894817,3.961834669113,2.452317774296,-0.22134991759,-0.22134991759,0.739993759206,0.739993759206,0.413188139955,0.413188139955,-0.22134991759,0.066354410617,0.426073146457,3.0,28.0,85.0,11.0,11.0
2026-01-11 04:00:00,,,-5.926232159138,-5.926232159138,8.329037725925,2.402805566788,0.000567663562,0.000567663562,,,-0.136443594195,-0.136443594195,0.000567663562,0.005390391463,0.458907010915,4.0,29.0,,17.0,17.0
2026-01-11 08:00:00,,,-1.511945545673,-1.511945545673,4.023475408554,2.511529862881,0.026968013104,0.026968013104,,,0.217364993911,0.217364993911,0.026968013104,0.007995045294,0.259759277393,3.0,22.0,,13.0,13.0
2026-01-11 12:00:00,,,-1.538711130619,-1.538711130619,5.22942084074,3.690709710121,0.046245480488,0.046245480488,,,0.358607858362,0.358607858362,0.046245480488,0.047107537924,0.436613077179,13.0,35.0,,16.0,16.0
2026-01-11 16:00:00,,,-5.772761404514,-5.772761404514,8.058419942856,2.285658538342,-0.132738495605,-0.132738495605,,,-0.374419303844,-0.374419303844,-0.132738495605,0.075564847838,0.530875000843,8.0,43.0,,22.0,22.0
2026-01-11 20:00:00,,,-1.821826279163,-1.821826279163,4.803563654423,2.981737375259,0.078369321833,0.078369321833,,,0.365876590386,0.365876590386,0.078369321833,0.022545152591,0.529647475195,3.0,26.0,,6.0,6.0
2026-01-12 00:00:00,0.0,0.0,-4.176820278168,-4.176820278168,7.691409349442,3.514589071274,-0.147048551563,-0.147048551563,0.112089741679,0.112089741679,-0.448906409533,-0.448906409533,-0.147048551563,0.117065526565,0.831600040794,8.0,54.0,153.0,27.0,27.0
2026-01-12 04:00:00,,,-4.767326235771,-4.767326235771,9.281766355038,4.514440119267,0.040357853869,0.040357853869,,,-0.629252702324,-0.629252702324,0.040357853869,0.027832263805,0.567438351292,6.0,46.0,,24.0,24.0
2026-01-12 08:00:00,,,-0.317463576794,-0.317463576794,8.949613034725,8.632149457932,0.061856196143,0.061856196143,,,0.308260321912,0.308260321912,0.061856196143,0.007437005025,0.676311118174,4.0,58.0,,24.0,24.0
2026-01-12 12:00:00,,,-7.591341972351,-7.591341972351,14.790798902512,7.199456930161,-0.046021388516,-0.046021388516,,,-2.266464449509,-2.266464449509,-0.046021388516,0.02481420809,0.489526023206,7.0,73.0,,41.0,41.0
2026-01-12 16:00:00,,,-4.686019062996,-4.686019062996,11.137381732464,6.451362669468,0.050224642906,0.050224642906,,,-0.209353410671,-0.209353410671,0.050224642906,0.03618716925,0.324570242408,17.0,67.0,,25.0,25.0
2026-01-12 20:00:00,,,-2.88097012043,-2.88097012043,8.142297685146,5.261327564716,0.106379687192,0.106379687192,,,0.311442301975,0.311442301975,0.106379687192,0.001261097659,0.16848658886,1.0,44.0,,12.0,12.0
2026-01-13 00:00:00,0.0,0.0,-1.242885053158,-1.242885053158,8.197741985321,6.954856932163,0.016637104315,0.016637104315,0.327362093256,0.327362093256,0.435540712722,0.435540712722,0.016637104315,0.00429820493,0.413406401289,2.0,55.0,166.0,16.0,16.0
2026-01-13 04:00:00,,,1.276265442371,1.276265442371,2.515837848186,3.792103290558,0.124190232046,0.124190232046,,,0.64240697391,0.64240697391,0.124190232046,0.026556506969,0.180437888237,7.0,27.0,,12.0,12.0
2026-01-13 08:00:00,,,-0.015284478664,-0.015284478664,5.923113882542,5.907829403877,-0.072556958484,-0.072556958484,,,0.390535681362,0.390535681362,-0.072556958484,0.043622884343,0.448712831632,11.0,42.0,,27.0,27.0
2026-01-13 12:00:00,,,-5.740018546581,-5.740018546581,10.435614585876,4.695596039295,-0.065372057903,-0.065372057903,,,-1.106282859849,-1.106282859849,-0.065372057903,0.074271195773,0.698309012553,14.0,70.0,,38.0,38.0
2026-01-13 16:00:00,,,-5.907835006714,-5.907835006714,14.709179759026,8.801344752312,0.055593068146,0.055593068146,,,-0.5819978602,-0.5819978602,0.055593068146,0.067978332391,0.664682936943,11.0,79.0,,36.0,36.0
2026-01-13 20:00:00,,,-5.607179880142,-5.607179880142,19.753282666206,14.146102786064,-0.127292458591,-0.127292458591,,,-0.449079911774,-0.449079911774,-0.127292458591,0.050164502876,0.751376650041,11.0,83.0,,37.0,37.0
2026-01-14 00:00:00,0.0,0.0,-3.562011778355,-3.562011778355,11.425819218159,7.863807439804,0.06972269636,0.06972269636,-0.116931836597,-0.116931836597,0.240594738568,0.240594738568,0.06972269636,0.070655084153,0.373204672859,20.0,48.0,167.0,21.0,21.0
2026-01-14 04:00:00,,,-2.467665791512,-2.467665791512,8.08815330267,5.620487511158,-0.003786592865,-0.003786592865,,,0.352624728376,0.352624728376,-0.003786592865,0.026327547743,0.442010064961,5.0,43.0,,26.0,26.0
2026-01-14 08:00:00,,,1.351228296757,1.351228296757,6.248973608017,7.600201904774,0.044969367073,0.044969367073,,,0.51763189164,0.51763189164,0.044969367073,0.096803560687,0.403500592177,12.0,49.0,,26.0,25.0
2026-01-14 12:00:00,,,-9.959527671337,-9.959527671337,14.773515045643,4.813987374306,-0.315270185339,-0.315270185339,,,-1.157750419412,-1.157750419412,-0.315270185339,0.022472459971,0.430515548623,7.0,62.0,,35.0,35.0
2026-01-14 16:00:00,,,-2.868469357491,-2.868469357491,16.257470965385,13.389001607895,0.171247863368,0.171247863368,,,0.031338387566,0.031338387566,0.171247863368,0.036701709766,0.534613548354,26.0,102.0,,39.0,39.0
2026-01-14 20:00:00,,,-7.19625222683,-7.19625222683,17.253217101097,10.056964874268,-0.064026301942,-0.064026301942,,,0.229709557767,0.229709557767,-0.064026301942,0.009479924883,0.204382852655,7.0,50.0,,20.0,20.0
2026-01-15 00:00:00,0.0,0.0,-4.406938493252,-4.406938493252,9.020727574825,4.613789081573,0.006973453051,0.006973453051,1.058499455938,1.058499455938,0.236134783034,0.236134783034,0.006973453051,0.002705627706,0.154064052118,2.0,37.0,130.0,15.0,15.0
2026-01-15 04:00:00,,,-3.461548745632,-3.461548745632,6.435650408268,2.974101662636,0.080010486944,0.080010486944,,,0.350551949878,0.350551949878,0.080010486944,0.006602815256,0.096759757481,5.0,23.0,,11.0,11.0
2026-01-15 08:00:00,,,-3.644492268562,-3.644492268562,6.97722017765,3.332727909088,-0.053895190201,-0.053895190201,,,0.099495438045,0.099495438045,-0.053895190201,0.011872258344,0.244495604721,6.0,44.0,,24.0,24.0
2026-01-15 12:00:00,,,3.287617325783,3.287617325783,3.141342818737,6.42896014452,0.113918546031,0.113918546031,,,0.841783757455,0.841783757455,0.113918546031,0.020509063111,0.216046813472,10.0,44.0,,20.0,20.0
2026-01-15 16:00:00,,,3.479397654533,3.479397654533,11.233824074268,14.713221728802,0.142700157915,0.142700157915,,,0.902592610272,0.902592610272,0.142700157915,0.007654927004,0.372151357819,4.0,61.0,,33.0,33.0
2026-01-15 20:00:00,,,0.965334832668,0.965334832668,4.910273551941,5.875608384609,-0.109183244639,-0.109183244639,,,0.418970277526,0.418970277526,-0.109183244639,0.00483773852,0.273523543633,4.0,51.0,,28.0,28.0
2026-01-16 00:00:00,0.0,0.0,-8.394111812115,-8.394111812115,10.715325176716,2.321213364601,-0.143885425386,-0.143885425386,0.623671936053,0.623671936053,0.261146004341,0.261146004341,-0.143885425386,0.005473699383,0.219241491918,3.0,30.0,108.0,4.0,4.0
2026-01-16 04:00:00,,,-3.482670664787,-3.482670664787,6.376096785069,2.893426120281,0.024489803569,0.024489803569,,,-0.01796943479,-0.01796943479,0.024489803569,0.058032426795,0.193259290397,15.0,31.0,,18.0,18.0
2026-01-16 08:00:00,,,0.123286008835,0.123286008835,6.833764731884,6.957050740719,0.069283674211,0.069283674211,,,0.399761527305,0.399761527305,0.069283674211,0.01864119799,0.314972022493,12.0,50.0,,28.0,28.0
2026-01-16 12:00:00,,,0.802638351917,0.802638351917,5.893813788891,6.696452140808,-0.035264945042,-0.035264945042,,,0.284914646791,0.284914646791,-0.035264945042,0.039695378791,0.331780512797,14.0,51.0,,24.0,24.0
2026-01-16 16:00:00,,,-2.508295893669,-2.508295893669,10.118811011314,7.610515117645,-0.152623027365,-0.152623027365,,,-0.127907167132,-0.127907167132,-0.152623027365,0.030622485624,0.392517341033,12.0,55.0,,24.0,24.0
2026-01-16 20:00:00,,,-2.519340634346,-2.519340634346,7.92563945055,5.406298816204,0.063753449786,0.063753449786,,,0.080473329294,0.080473329294,0.063753449786,0.02352196192,0.312008155692,7.0,38.0,,10.0,10.0
2026-01-17 00:00:00,0.0,0.0,-7.498060524464,-7.498060524464,8.269445896149,0.771385371685,-0.145116648803,-0.145116648803,0.705460512304,0.705460512304,-0.00963525522,-0.00963525522,-0.145116648803,0.014178240317,0.419221716271,4.0,22.0,81.0,7.0,7.0
2026-01-17 04:00:00,,,-2.573459744453,-2.573459744453,6.481388390064,3.907928645611,0.08061796211,0.08061796211,,,0.099484883251,0.099484883251,0.08061796211,0.007045407274,0.420118480628,3.0,28.0,,7.0,7.0
2026-01-17 08:00:00,,,0.841321706772,0.841321706772,3.296781659126,4.138103365898,0.059181362631,0.059181362631,,,0.246555390386,0.246555390386,0.059181362631,0.019704099605,0.337235294967,11.0,26.0,,13.0,13.0
2026-01-17 12:00:00,,,0.572109818459,0.572109818459,5.806367576122,6.378477394581,-0.087716511875,-0.087716511875,,,0.184340763938,0.184340763938,-0.087716511875,0.088729571475,0.560395414131,8.0,43.0,,19.0,21.0
2026-01-17 16:00:00,,,-2.43343180418,-2.43343180418,8.95244383812,6.519012033939,0.012918809997,0.012918809997,,,-0.292895396875,-0.292895396875,0.012918809997,0.014872214489,0.409090050409,8.0,50.0,,23.0,25.0
2026-01-17 20:00:00,,,-6.637874126434,-6.637874126434,7.348168730736,0.710294604301,-0.052458780827,-0.052458780827,,,-0.466380250109,-0.466380250109,-0.052458780827,0.032593862068,0.303054896859,3.0,27.0,,13.0,13.0
2026-01-18 00:00:00,0.0,0.0,-5.913228332996,-5.913228332996,5.913228332996,0.0,0.041755398446,0.041755398446,0.506845170003,0.506845170003,-0.271301057779,-0.271301057779,0.041755398446,0.0,0.18580784855,0.0,21.0,96.0,7.0,7.0
2026-01-18 04:00:00,,,-3.783951759338,-3.783951759338,5.374384641647,1.590432882309,-0.130813853104,-0.130813853104,,,-0.330439540857,-0.330439540857,-0.130813853104,0.004183528413,0.91138079592,2.0,25.0,,14.0,14.0
2026-01-18 08:00:00,,,0.754808723927,0.754808723927,3.185257971287,3.940066695213,0.146668257147,0.146668257147,,,0.347877301655,0.347877301655,0.146668257147,0.004833720031,0.756263409287,1.0,29.0,,13.0,13.0
2026-01-18 12:00:00,,,-4.154307126999,-4.154307126999,8.991159021854,4.836851894855,-0.134300861886,-0.134300861886,,,-0.870990607615,-0.870990607615,-0.134300861886,0.015681585104,0.723814162238,5.0,48.0,,24.0,24.0
2026-01-18 16:00:00,,,-2.108159065247,-2.108159065247,7.758854687214,5.650695621967,0.205710100545,0.205710100545,,,-0.208691656665,-0.208691656665,0.205710100545,0.027056277056,0.524809897301,1.0,50.0,,23.0,23.0
2026-01-18 20:00:00,,,-4.935704410076,-4.935704410076,6.475176334381,1.539471924305,-0.225059700317,-0.225059700317,,,-0.57673145555,-0.57673145555,-0.225059700317,0.090161271138,0.452054421813,5.0,31.0,,17.0,17.0
2026-01-19 00:00:00,0.0,0.0,-8.19501376152,-8.19501376152,12.00418561697,3.80917185545,-0.033973311101,-0.033973311101,0.129152462444,0.129152462444,-1.260808083876,-1.260808083876,-0.033973311101,0.014724781121,0.388275240511,7.0,43.0,139.0,21.0,21.0
2026-01-19 04:00:00,,,-7.889216065407,-7.889216065407,10.187085151672,2.297869086266,-0.030451804079,-0.030451804079,,,-0.859153592937,-0.859153592937,-0.030451804079,0.063808495412,0.429267891083,10.0,35.0,,20.0,20.0
2026-01-19 08:00:00,,,3.161694943905,3.161694943905,4.606869697571,7.768564641476,0.124950741878,0.124950741878,,,1.730963668009,1.730963668009,0.124950741878,0.004424933714,0.254305702943,3.0,45.0,,35.0,35.0
2026-01-19 12:00:00,,,5.962374567986,5.962374567986,1.676465272903,7.638839840889,0.025549403873,0.025549403873,,,0.344616916356,0.344616916356,0.025549403873,0.020804773176,0.306419536255,10.0,36.0,,15.0,14.0
2026-01-19 16:00:00,,,-9.355070590973,-9.355070590973,18.899915039539,9.544844448566,-0.288323807163,-0.288323807163,,,-0.649020244965,-0.649020244965,-0.288323807163,0.018889437196,0.408579692792,8.0,66.0,,29.0,29.0
2026-01-19 20:00:00,,,-4.449313163757,-4.449313163757,10.669297993183,6.219984829426,0.218185783668,0.218185783668,,,-0.125395845061,-0.125395845061,0.218185783668,0.051136853469,0.367208477485,8.0,45.0,,20.0,20.0
2026-01-20 00:00:00,0.0,0.0,-0.395462095737,-0.395462095737,5.038686275482,4.643224179745,0.099483040966,0.099483040966,0.641416386561,0.641416386561,0.140812903212,0.140812903212,0.099483040966,0.027338057578,0.312078973097,6.0,32.0,129.0,13.0,13.0
2026-01-20 04:00:00,,,-4.324742138386,-4.324742138386,6.647977471352,2.323235332966,-0.182286872753,-0.182286872753,,,-0.044513721822,-0.044513721822,-0.182286872753,0.008603080836,0.330668258265,5.0,28.0,,12.0,12.0
2026-01-20 08:00:00,,,6.077054798603,6.077054798603,4.101063907146,10.17811870575,0.418022367223,0.418022367223,,,0.606980897757,0.606980897757,0.418022367223,0.014124091923,0.346810947942,8.0,45.0,,25.0,26.0
2026-01-20 12:00:00,,,-4.212603986263,-4.212603986263,11.313431382179,7.100827395916,-0.23669960608,-0.23669960608,,,-0.179160341154,-0.179160341154,-0.23669960608,0.021258457282,0.552206121461,5.0,63.0,,27.0,27.0
2026-01-20 16:00:00,,,-3.794560611248,-3.794560611248,10.744583129883,6.950022518635,0.091734164892,0.091734164892,,,-0.130818410575,-0.130818410575,0.091734164892,0.026178742682,0.344867307813,8.0,53.0,,24.0,24.0
2026-01-20 20:00:00,,,-4.993950247765,-4.993950247765,9.052813887596,4.058863639832,-0.200215276054,-0.200215276054,,,-0.326969060734,-0.326969060734,-0.200215276054,0.016716315978,0.453977880913,6.0,51.0,,28.0,28.0
2026-01-21 00:00:00,0.0,0.0,-0.948052108288,-0.948052108288,9.031024336815,8.082972228527,0.217425724503,0.217425724503,-0.151469039152,-0.151469039152,0.014530262519,0.014530262519,0.217425724503,0.021775772325,0.436782088688,7.0,45.0,142.0,20.0,20.0
2026-01-21 04:00:00,,,-0.178308010101,-0.178308010101,3.278251171112,3.099943161011,-0.105691152841,-0.105691152841,,,0.100210636632,0.100210636632,-0.105691152841,0.006773348074,0.276888505495,2.0,30.0,,20.0,20.0
2026-01-21 08:00:00,,,-3.492960333824,-3.492960333824,4.987908840179,1.494948506355,-0.162446364006,-0.162446364006,,,-0.29239949667,-0.29239949667,-0.162446364006,0.010653076255,0.222386984829,3.0,29.0,,18.0,18.0
2026-01-21 12:00:00,,,-3.393653512001,-3.393653512001,10.220815598965,6.827162086964,-0.005952067971,-0.005952067971,,,-0.292903376928,-0.292903376928,-0.005952067971,0.015332206102,0.341578951682,7.0,59.0,,32.0,32.0
2026-01-21 16:00:00,,,-3.756537735462,-3.756537735462,12.456098794937,8.699561059475,0.239175655066,0.239175655066,,,0.016679372549,0.016679372549,0.239175655066,0.011448686162,0.348362239908,6.0,64.0,,29.0,29.0
2026-01-21 20:00:00,,,-10.778090119362,-10.778090119362,17.784993827343,7.006903707981,-0.138201269775,-0.138201269775,,,-0.939619880209,-0.939619880209,-0.138201269775,0.012136777497,0.3996478328,6.0,68.0,,26.0,26.0
2026-01-22 00:00:00,0.0,0.0,-7.39845764637,-7.39845764637,10.477140128613,3.078682482243,-0.014524793093,-0.014524793093,0.293076938101,0.293076938101,-0.18785509483,-0.18785509483,-0.014524793093,0.009809614445,0.272596258961,5.0,44.0,113.0,18.0,19.0
2026-01-22 04:00:00,,,-1.623066604137,-1.623066604137,3.123837172985,1.500770568848,0.060204708218,0.060204708218,,,0.259310036004,0.259310036004,0.060204708218,0.02077363026,0.164618589963,9.0,24.0,,7.0,7.0
2026-01-22 08:00:00,,,0.078952789307,0.078952789307,3.922751843929,4.001704633236,-0.023530426713,-0.023530426713,,,0.290401800771,0.290401800771,-0.023530426713,0.0133028656,0.188733717548,6.0,28.0,,15.0,15.0
2026-01-22 12:00:00,,,-2.589279234409,-2.589279234409,11.857162594795,9.267883360386,0.066565260742,0.066565260742,,,0.330858896172,0.330858896172,0.066565260742,0.022879189209,0.313548259916,12.0,60.0,,29.0,29.0
2026-01-22 16:00:00,,,-10.080984890461,-10.080984890461,14.011801064014,3.930816173553,-0.018428528493,-0.018428528493,,,-0.618483616002,-0.618483616002,-0.018428528493,0.004413247346,0.231915795444,3.0,53.0,,24.0,25.0
2026-01-22 20:00:00,,,1.526199519634,1.526199519634,6.232125759125,7.758325278759,0.144123733628,0.144123733628,,,0.440156063866,0.440156063866,0.144123733628,0.003391937687,0.216947658228,2.0,51.0,,21.0,21.0
2026-01-23 00:00:00,0.0,0.0,-1.238154351711,-1.238154351711,6.779309213161,5.54115486145,-0.177716937278,-0.177716937278,0.40232660304,0.40232660304,0.247537533083,0.247537533083,-0.177716937278,0.003070665402,0.165596831306,2.0,36.0,105.0,20.0,20.0
2026-01-23 04:00:00,,,-2.339449465275,-2.339449465275,3.257139623165,0.91769015789,-0.00565905083,-0.00565905083,,,0.237741462477,0.237741462477,-0.00565905083,0.008109263828,0.100724930136,4.0,17.0,,9.0,9.0
2026-01-23 08:00:00,,,0.615578532219,0.615578532219,5.153883814812,5.769462347031,0.151941967138,0.151941967138,,,0.27239833812,0.27239833812,0.151941967138,0.00593691255,0.128221773062,3.0,26.0,,13.0,13.0
2026-01-23 12:00:00,,,-8.489279091358,-8.489279091358,12.341240286827,3.851961195469,-0.079199526029,-0.079199526029,,,-0.231238540592,-0.231238540592,-0.079199526029,0.004409944733,0.233382452422,2.0,43.0,,18.0,18.0
2026-01-23 16:00:00,,,-4.015199244022,-4.015199244022,8.08617401123,4.070974767208,-0.007510897198,-0.007510897198,,,-0.144334370902,-0.144334370902,-0.007510897198,0.0083743632,0.246324359281,4.0,52.0,,30.0,30.0
2026-01-23 20:00:00,,,-3.693946540356,-3.693946540356,8.381164729595,4.68721818924,-0.059409407275,-0.059409407275,,,-0.127094659338,-0.127094659338,-0.059409407275,0.005613197233,0.180022456467,4.0,37.0,,16.0,16.0
2026-01-24 00:00:00,0.0,0.0,-2.418018102646,-2.418018102646,4.750932991505,2.332914888859,0.013390784634,0.013390784634,1.184908825616,1.184908825616,0.232900710044,0.232900710044,0.013390784634,0.005994063096,0.108867924599,4.0,24.0,83.0,12.0,12.0
2026-01-24 04:00:00,,,-4.175016760826,-4.175016760826,5.692223846912,1.517207086086,0.08438667632,0.08438667632,,,0.207480480132,0.207480480132,0.08438667632,0.006632708371,0.088553028719,4.0,18.0,,7.0,7.0
2026-01-24 08:00:00,,,-1.751135826111,-1.751135826111,4.80397361517,3.052837789059,-0.08397020338,-0.08397020338,,,0.290737066774,0.290737066774,-0.08397020338,0.010585088685,0.110395740247,8.0,26.0,,15.0,15.0
2026-01-24 12:00:00,,,4.235666573048,4.235666573048,3.004842758179,7.240509331226,0.168824969526,0.168824969526,,,0.704140751041,0.704140751041,0.168824969526,0.027395735853,0.204365904656,11.0,34.0,,13.0,13.0
2026-01-24 16:00:00,,,-0.645578920841,-0.645578920841,6.281416714191,5.63583779335,-0.087057390162,-0.087057390162,,,0.461533988662,0.461533988662,-0.087057390162,0.064382310466,0.279090186344,20.0,41.0,,23.0,23.0
2026-01-24 20:00:00,,,-2.045354068279,-2.045354068279,5.943170189857,3.897816121578,0.049303408151,0.049303408151,,,0.136833409672,0.136833409672,0.049303408151,0.043222946107,0.305742718266,9.0,27.0,,14.0,14.0
2026-01-25 00:00:00,0.0,0.0,-0.048423707485,-0.048423707485,1.522840023041,1.474416315556,-0.102940435344,-0.102940435344,0.565446120759,0.565446120759,0.291574694756,0.291574694756,-0.102940435344,0.054037741676,0.227380350302,8.0,19.0,82.0,8.0,8.0
2026-01-25 04:00:00,,,-5.65918648243,-5.65918648243,6.390146315098,0.730959832668,-0.092814788388,-0.092814788388,,,-0.092858216976,-0.092858216976,-0.092814788388,0.038979982584,0.281256594818,3.0,20.0,,9.0,9.0
2026-01-25 08:00:00,,,-6.001234292984,-6.001234292984,9.317507326603,3.316273033619,-0.160757446676,-0.160757446676,,,-0.303550028326,-0.303550028326,-0.160757446676,0.018630356286,0.301832927303,6.0,32.0,,13.0,13.0
2026-01-25 12:00:00,,,-3.100240170956,-3.100240170956,7.10884732008,4.008607149124,0.13325453757,0.13325453757,,,-0.118217801613,-0.118217801613,0.13325453757,0.027393286102,0.290217155311,12.0,37.0,,18.0,18.0
2026-01-25 16:00:00,,,-3.736046016216,-3.736046016216,7.935997664928,4.199951648712,-0.04038863791,-0.04038863791,,,0.030052997361,0.030052997361,-0.04038863791,0.021444126851,0.254833550608,8.0,39.0,,12.0,12.0
2026-01-25 20:00:00,,,-1.14696675539,-1.14696675539,6.553077042103,5.406110286713,0.119083419607,0.119083419607,,,0.249290101372,0.249290101372,0.119083419607,0.021588081948,0.34097934719,8.0,44.0,,22.0,22.0
2026-01-26 00:00:00,0.0,0.0,-4.962703585625,-4.962703585625,8.10998904705,3.147285461426,-0.122199432439,-0.122199432439,0.944482063428,0.944482063428,-0.119684120423,-0.119684120423,-0.122199432439,0.007376410854,0.197473351844,4.0,29.0,94.0,8.0,8.0
2026-01-26 04:00:00,,,-4.306189060211,-4.306189060211,7.500743806362,3.194554746151,0.000647472894,0.000647472894,,,-0.124475793515,-0.124475793515,0.000647472894,0.008727297645,0.192814400814,4.0,26.0,,10.0,10.0
2026-01-26 08:00:00,,,-3.153675198555,-3.153675198555,5.576932072639,2.423256874084,-0.192376607792,-0.192376607792,,,0.019468032235,0.019468032235,-0.192376607792,0.002803947959,0.121712040202,1.0,18.0,,10.0,10.0
2026-01-26 12:00:00,,,-1.684070289135,-1.684070289135,8.043748855591,6.359678566456,0.165443580573,0.165443580573,,,0.064675238813,0.064675238813,0.165443580573,0.022518842486,0.251043676333,11.0,43.0,,17.0,17.0
2026-01-26 16:00:00,,,-3.858344733715,-3.858344733715,10.196068108082,6.337723374367,-0.076801018416,-0.076801018416,,,-0.653759952515,-0.653759952515,-0.076801018416,0.025324769998,0.27215735651,15.0,58.0,,24.0,24.0
2026-01-26 20:00:00,,,8.406870663166,8.406870663166,8.996146678925,17.403017342091,0.142743217826,0.142743217826,,,1.947423782883,1.947423782883,0.142743217826,0.029238861428,0.343982875232,15.0,69.0,,26.0,26.0
2026-01-27 00:00:00,0.0,0.0,-11.002426683903,-11.002426683903,14.049369037151,3.046942353249,-0.163788920554,-0.163788920554,-0.061850350534,-0.061850350534,-1.998119800354,-1.998119800354,-0.163788920554,0.026008804655,0.30087194485,15.0,56.0,137.0,26.0,26.0
2026-01-27 04:00:00,,,-2.084070026875,-2.084070026875,6.744209289551,4.660139262676,0.19214622541,0.19214622541,,,-0.100021693248,-0.100021693248,0.19214622541,0.024551708441,0.150477897579,14.0,31.0,,16.0,16.0
2026-01-27 08:00:00,,,2.546982586384,2.546982586384,4.578558743,7.125541329384,0.087017848531,0.087017848531,,,0.661546109375,0.661546109375,0.087017848531,0.033034849482,0.187744247382,21.0,37.0,,18.0,19.0
2026-01-27 12:00:00,,,-4.245671033859,-4.245671033859,10.243712604046,5.998041570187,-0.185146738048,-0.185146738048,,,-0.827167476977,-0.827167476977,-0.185146738048,0.042047690766,0.310080644423,24.0,54.0,,27.0,27.0
2026-01-27 16:00:00,,,-0.219672679901,-0.219672679901,6.195819437504,5.976146757603,0.087474560341,0.087474560341,,,0.153891069811,0.153891069811,0.087474560341,0.040093054421,0.332151783238,24.0,59.0,,28.0,28.0
2026-01-27 20:00:00,,,-4.502802252769,-4.502802252769,11.664247274399,7.161445021629,-0.164219989022,-0.164219989022,,,-0.015992739608,-0.015992739608,-0.164219989022,0.024291379239,0.315218561945,12.0,57.0,,24.0,25.0
2026-01-28 00:00:00,0.0,0.0,0.031425356865,0.031425356865,7.981601059437,8.013026416302,0.164680621185,0.164680621185,-0.002627924574,-0.002627924574,0.318788105693,0.318788105693,0.164680621185,0.006197573221,0.15425950214,9.0,45.0,108.0,24.0,24.0
2026-01-28 04:00:00,,,-8.355566620827,-8.355566620827,9.993144094944,1.637577474117,-0.159668545895,-0.159668545895,,,-1.045714091945,-1.045714091945,-0.159668545895,0.007099483259,0.101020867,11.0,27.0,,15.0,15.0
2026-01-28 08:00:00,,,-1.54196947813,-1.54196947813,6.551105320454,5.009135842323,0.10164578038,0.10164578038,,,0.042498217759,0.042498217759,0.10164578038,0.011262579419,0.119465783228,18.0,39.0,,11.0,11.0
2026-01-28 12:00:00,,,0.628099739552,0.628099739552,5.762047350407,6.390147089958,0.08555459477,0.08555459477,,,0.429960292627,0.429960292627,0.08555459477,0.007947877599,0.169856205833,11.0,53.0,,25.0,25.0
2026-01-28 16:00:00,,,-9.779022455215,-9.779022455215,12.039538383484,2.260515928268,-0.29455510433,-0.29455510433,,,-0.810696741773,-0.810696741773,-0.29455510433,0.008651721975,0.146178836838,11.0,46.0,,17.0,17.0
2026-01-28 20:00:00,,,-4.917362868786,-4.917362868786,10.414920032024,5.497557163239,0.074886295636,0.074886295636,,,-0.122544184999,-0.122544184999,0.074886295636,0.006131592378,0.145627779634,8.0,46.0,,17.0,17.0
2026-01-29 00:00:00,0.0,0.0,-5.22149848938,-5.22149848938,8.732774198055,3.511275708675,0.059409850323,0.059409850323,-0.657401874865,-0.657401874865,-0.133663071332,-0.133663071332,0.059409850323,0.002245670996,0.115611960968,5.0,43.0,130.0,18.0,18.0
2026-01-29 04:00:00,,,0.587070584297,0.587070584297,4.306599497795,4.893670082092,0.138692941387,0.138692941387,,,0.419141919478,0.419141919478,0.138692941387,0.005354375813,0.107285981139,7.0,37.0,,19.0,19.0
2026-01-29 08:00:00,,,0.0344658494,0.0344658494,5.69668596983,5.731151819229,-0.093031769786,-0.093031769786,,,0.464793929885,0.464793929885,-0.093031769786,0.024834624984,0.1374045192,25.0,43.0,,17.0,17.0
2026-01-29 12:00:00,,,-11.584695994854,-11.584695994854,17.267045021057,5.682349026203,-0.516110977858,-0.516110977858,,,-2.095509107042,-2.095509107042,-0.516110977858,0.02024338621,0.297467147706,17.0,78.0,,36.0,36.0
2026-01-29 16:00:00,,,-4.865497469902,-4.865497469902,10.897189736366,6.031692266464,0.291401317659,0.291401317659,,,0.165638434166,0.165638434166,0.291401317659,0.011328983428,0.168683391111,10.0,47.0,,20.0,20.0
2026-01-29 20:00:00,,,-7.992703855038,-7.992703855038,13.308452010155,5.315748155117,0.007556874369,0.007556874369,,,0.10254763512,0.10254763512,0.007556874369,0.008704773157,0.169735698562,8.0,44.0,,21.0,21.0
2026-01-30 00:00:00,0.0,0.0,-3.407499194145,-3.407499194145,8.794940173626,5.387440979481,0.131050709389,0.131050709389,-1.261574086723,-1.261574086723,0.233452254632,0.233452254632,0.131050709389,0.00255927413,0.142014430555,2.0,43.0,121.0,20.0,20.0
2026-01-30 04:00:00,,,-5.30610948801,-5.30610948801,6.068562746048,0.762453258038,-0.226348117398,-0.226348117398,,,0.055783851538,0.055783851538,-0.226348117398,0.004818907409,0.117930005616,5.0,32.0,,11.0,11.0
2026-01-30 08:00:00,,,-1.470960021019,-1.470960021019,9.335429191589,7.86446917057,0.145925832283,0.145925832283,,,0.377845690766,0.377845690766,0.145925832283,0.007175840804,0.170333851406,7.0,40.0,,18.0,18.0
2026-01-30 12:00:00,,,-0.851015746593,-0.851015746593,9.798958480358,8.947942733765,-0.07884018845,-0.07884018845,,,0.288445264433,0.288445264433,-0.07884018845,0.004488583771,0.183037197489,5.0,54.0,,22.0,22.0
2026-01-30 16:00:00,,,-20.442870020866,-20.442870020866,24.46208935976,4.019219338894,-0.252300438303,-0.252300438303,,,-1.939048149212,-1.939048149212,-0.252300438303,0.005952783721,0.269967021184,6.0,81.0,,35.0,35.0
2026-01-30 20:00:00,,,-8.999417066574,-8.999417066574,12.180675506592,3.181258440018,0.182215696757,0.182215696757,,,-0.030573376043,-0.030573376043,0.182215696757,0.010909768616,0.168424137853,9.0,48.0,,17.0,17.0
2026-01-31 00:00:00,0.0,0.0,-8.739850878716,-8.739850878716,9.480196654797,0.740345776081,0.132632707495,0.132632707495,-0.496014406432,-0.496014406432,0.174241893093,0.174241893093,0.132632707495,0.0,0.108112060811,0.0,29.0,86.0,7.0,7.0
2026-01-31 04:00:00,,,-4.402539849281,-4.402539849281,6.645185649395,2.242645800114,0.020367359518,0.020367359518,,,0.198921302697,0.198921302697,0.020367359518,0.00205787259,0.110797618147,2.0,24.0,,14.0,14.0
2026-01-31 08:00:00,,,-2.024460077286,-2.024460077286,4.284757137299,2.260297060013,-0.146257029144,-0.146257029144,,,0.237144386106,0.237144386106,-0.146257029144,0.0,0.114349819128,0.0,25.0,,11.0,11.0
2026-01-31 12:00:00,,,-8.895218610764,-8.895218610764,11.840955376625,2.945736765862,0.07377794004,0.07377794004,,,0.08279411994,0.08279411994,0.07377794004,0.008009987342,0.199746483668,7.0,47.0,,16.0,16.0
2026-01-31 16:00:00,,,-9.606300234795,-9.606300234795,17.269610881805,7.663310647011,-0.310631134921,-0.310631134921,,,-0.221705567704,-0.221705567704,-0.310631134921,0.006461281163,0.330003874493,5.0,80.0,,23.0,23.0
2026-01-31 20:00:00,,,-6.585189819336,-6.585189819336,12.983209609985,6.398019790649,0.146469161694,0.146469161694,,,0.227312481376,0.227312481376,0.146469161694,0.025644947388,0.323602531374,10.0,54.0,,15.0,15.0
2026-02-01 00:00:00,0.0,0.0,-6.248405098915,-6.248405098915,6.248405098915,0.0,0.075046356672,0.075046356672,-0.09264215358,-0.09264215358,0.287787399036,0.287787399036,0.075046356672,0.009066245723,0.106117824923,4.0,18.0,77.0,7.0,7.0
2026-02-01 04:00:00,,,-3.72108477354,-3.72108477354,6.039696574211,2.318611800671,0.069145267774,0.069145267774,,,0.358612004483,0.358612004483,0.069145267774,0.003710299792,0.132683324796,2.0,25.0,,6.0,6.0
2026-02-01 08:00:00,,,3.048956573009,3.048956573009,1.579860210419,4.628816783428,0.292202244944,0.292202244944,,,0.657486355996,0.657486355996,0.292202244944,0.011742467404,0.130713436663,7.0,25.0,,12.0,13.0
2026-02-01 12:00:00,,,-5.352656304836,-5.352656304836,6.961744368076,1.60908806324,-0.145419777617,-0.145419777617,,,0.296788451452,0.296788451452,-0.145419777617,0.004527825612,0.106970197754,4.0,25.0,,8.0,8.0
2026-02-01 16:00:00,,,-9.956376492977,-9.956376492977,12.447553217411,2.491176724434,-0.238172076852,-0.238172076852,,,-0.233758450457,-0.233758450457,-0.238172076852,0.002897721261,0.181722871243,3.0,45.0,,19.0,19.0
2026-02-01 20:00:00,,,-13.475053489208,-13.475053489208,15.782673358917,2.307619869709,-0.112163122531,-0.112163122531,,,-1.073397064275,-1.073397064275,-0.112163122531,0.006536549912,0.235136842895,5.0,58.0,,25.0,25.0
2026-02-02 00:00:00,0.0,0.0,-7.945143997669,-7.945143997669,8.65969824791,0.71455425024,0.138995693914,0.138995693914,-1.074532555479,-1.074532555479,0.168005410371,0.168005410371,0.138995693914,0.01132567994,0.117464929519,8.0,24.0,94.0,10.0,10.0
2026-02-02 04:00:00,,,-13.634248077869,-13.634248077869,15.0710542202,1.43680614233,-0.185588821654,-0.185588821654,,,-0.616912196613,-0.616912196613,-0.185588821654,0.005460899956,0.203064652494,2.0,48.0,,23.0,23.0
2026-02-02 08:00:00,,,-8.880612969398,-8.880612969398,9.791720330715,0.911107361317,0.184666249168,0.184666249168,,,0.127524028197,0.127524028197,0.184666249168,0.020750956534,0.170431607362,13.0,33.0,,10.0,10.0
2026-02-02 12:00:00,,,-10.440089344978,-10.440089344978,13.703667640686,3.263578295708,-0.12183561339,-0.12183561339,,,-0.449898894938,-0.449898894938,-0.12183561339,0.009338180388,0.374840734338,4.0,55.0,,21.0,22.0
2026-02-02 16:00:00,,,-4.051838755608,-4.051838755608,7.691738307476,3.639899551868,0.156496992288,0.156496992288,,,0.29747977415,0.29747977415,0.156496992288,0.013385270503,0.293039515257,8.0,45.0,,15.0,15.0
2026-02-02 20:00:00,,,-2.587181925774,-2.587181925774,11.361474215984,8.774292290211,0.089841302714,0.089841302714,,,0.678156088925,0.678156088925,0.089841302714,0.005857586699,0.302171030888,4.0,44.0,,16.0,16.0
2026-02-03 00:00:00,0.0,0.0,-7.8450050354,-7.8450050354,11.988632440567,4.143627405167,-0.143228178684,-0.143228178684,-1.316302968013,-1.316302968013,-0.527752541401,-0.527752541401,-0.143228178684,0.003362040132,0.247053998946,2.0,47.0,113.0,27.0,27.0
2026-02-03 04:00:00,,,-1.060540258884,-1.060540258884,4.160914838314,3.10037457943,0.191260963257,0.191260963257,,,0.443127338559,0.443127338559,0.191260963257,0.007240232286,0.165221900212,4.0,31.0,,14.0,14.0
2026-02-03 08:00:00,,,0.760973870754,0.760973870754,3.901556253433,4.662530124187,0.039314287098,0.039314287098,,,0.60269078674,0.60269078674,0.039314287098,0.003486677393,0.143019074047,3.0,26.0,,10.0,10.0
2026-02-03 12:00:00,,,-4.015718281269,-4.015718281269,7.193525373936,3.177807092667,-0.187712287151,-0.187712287151,,,0.265425368446,0.265425368446,-0.187712287151,0.00567853184,0.179986317443,4.0,39.0,,10.0,11.0
2026-02-03 16:00:00,,,-20.663294196129,-20.663294196129,28.519160568714,7.855866372585,-0.363431788109,-0.363431788109,,,-1.810485534268,-1.810485534268,-0.363431788109,0.007154604104,0.499005887166,4.0,86.0,,28.0,28.0
2026-02-03 20:00:00,,,-11.072097420692,-11.072097420692,17.710485219955,6.638387799263,0.140725043856,0.140725043856,,,-0.322269425881,-0.322269425881,0.140725043856,0.02273234175,0.312291291442,10.0,70.0,,26.0,26.0
2026-02-04 00:00:00,0.0,0.0,-11.135557711124,-11.135557711124,12.007376670837,0.871818959713,-0.03103010171,-0.03103010171,-0.769602297489,-0.769602297489,-0.124197873041,-0.124197873041,-0.03103010171,0.0,0.213806877017,0.0,43.0,83.0,16.0,17.0
2026-02-04 04:00:00,,,-7.267581641674,-7.267581641674,8.916366577148,1.648784935474,0.166227199318,0.166227199318,,,0.40399451195,0.40399451195,0.166227199318,0.001117668097,0.15115901885,1.0,26.0,,10.0,10.0
2026-02-04 08:00:00,,,-2.619990944862,-2.619990944862,8.337688684464,5.717697739601,0.237720850337,0.237720850337,,,0.551423538014,0.551423538014,0.237720850337,0.004428636264,0.187399426299,4.0,33.0,,8.0,8.0
2026-02-04 12:00:00,,,-6.998619675636,-6.998619675636,8.584264576435,1.585644900799,-0.183793199617,-0.183793199617,,,0.513688154862,0.513688154862,-0.183793199617,0.009738372745,0.195114194067,5.0,45.0,,15.0,16.0
2026-02-04 16:00:00,,,-8.308625817299,-8.308625817299,13.226631522179,4.91800570488,-0.095506974688,-0.095506974688,,,-0.004680660524,-0.004680660524,-0.095506974688,0.017715727071,0.186802165348,10.0,47.0,,18.0,18.0
2026-02-04 20:00:00,,,-12.125171601772,-12.125171601772,16.104190468788,3.979018867016,-0.084540017603,-0.084540017603,,,-0.439850994868,-0.439850994868,-0.084540017603,0.011378997052,0.19220530317,8.0,51.0,,18.0,18.0
2026-02-05 00:00:00,0.0,0.0,-12.790926039219,-12.790926039219,15.151052594185,2.360126554966,0.010554409896,0.010554409896,-2.011420892603,-2.011420892603,-0.124858987472,-0.124858987472,0.010554409896,0.002173535037,0.207233638911,2.0,41.0,103.0,12.0,13.0
2026-02-05 04:00:00,,,-4.124371647835,-4.124371647835,6.644286930561,2.519915282726,0.193017793817,0.193017793817,,,0.5843796357,0.5843796357,0.193017793817,0.003665429425,0.134308333619,3.0,26.0,,10.0,10.0
2026-02-05 08:00:00,,,-5.438631594181,-5.438631594181,8.450301289558,3.011669695377,0.037463707812,0.037463707812,,,0.302365652661,0.302365652661,0.037463707812,0.029184358645,0.116449083635,8.0,25.0,,10.0,10.0
2026-02-05 12:00:00,,,-11.991676867008,-11.991676867008,16.692038655281,4.700361788273,-0.158876186412,-0.158876186412,,,-0.770260848282,-0.770260848282,-0.158876186412,0.001747762864,0.331595400005,1.0,70.0,,26.0,26.0
2026-02-05 16:00:00,,,-17.811705648899,-17.811705648899,22.472622454166,4.660916805267,-0.004941725186,-0.004941725186,,,-0.489788146391,-0.489788146391,-0.004941725186,0.009383114451,0.29692606416,6.0,69.0,,17.0,17.0
2026-02-05 20:00:00,,,-9.764537274837,-9.764537274837,17.728852450848,7.96431517601,-0.106276996323,-0.106276996323,,,-0.497803734434,-0.497803734434,-0.106276996323,0.015037015034,0.314733803759,6.0,72.0,,29.0,29.0
2026-02-06 00:00:00,0.0,0.0,-7.581356525421,-7.581356525421,14.06040930748,6.479052782059,0.265619821266,0.265619821266,1.313347031051,1.313347031051,0.236127716797,0.236127716797,0.265619821266,0.009094034163,0.246308168047,5.0,50.0,118.0,13.0,13.0
2026-02-06 04:00:00,,,-9.554201900959,-9.554201900959,11.929324448109,2.37512254715,-0.039252120522,-0.039252120522,,,0.255941913796,0.255941913796,-0.039252120522,0.01671612625,0.243375318616,6.0,44.0,,10.0,10.0
2026-02-06 08:00:00,,,-4.706274986267,-4.706274986267,9.742069363594,5.035794377327,0.099501504866,0.099501504866,,,0.569194370839,0.569194370839,0.099501504866,0.003393051031,0.165175173161,1.0,35.0,,16.0,16.0
2026-02-06 12:00:00,,,-4.654389500618,-4.654389500618,15.749268531799,11.094879031181,-0.183900169082,-0.183900169082,,,-0.063143474263,-0.063143474263,-0.183900169082,0.031307615836,0.302356747235,26.0,77.0,,20.0,20.0
2026-02-06 16:00:00,,,38.540571331978,38.540571331978,21.031730055809,59.572301387787,0.211458154372,0.211458154372,,,2.14214348591,2.14214348591,0.211458154372,0.048348965743,0.520367730342,38.0,148.0,,36.0,36.0
2026-02-06 20:00:00,,,-14.743091285229,-14.743091285229,19.610253751278,4.867162466049,-0.023720347339,-0.023720347339,,,-0.419446661609,-0.419446661609,-0.023720347339,0.007669669438,0.261516326973,3.0,62.0,,26.0,26.0
2026-02-07 00:00:00,0.0,0.0,-2.120160758495,-2.120160758495,4.319764614105,2.19960385561,0.193179828625,0.193179828625,1.137646023075,1.137646023075,-0.007062463133,-0.007062463133,0.193179828625,0.003518998232,0.133185210057,3.0,30.0,46.0,12.0,12.0
2026-02-07 04:00:00,,,-0.866061270237,-0.866061270237,4.099695444107,3.23363417387,-0.187524990549,-0.187524990549,,,-0.001202473892,-0.001202473892,-0.187524990549,0.005880608866,0.086157646538,5.0,24.0,,8.0,8.0
2026-02-07 08:00:00,,,-1.223576545715,-1.223576545715,4.296767115593,3.073190569878,0.150239936073,0.150239936073,,,0.032401940266,0.032401940266,0.150239936073,0.008558558848,0.146718639663,4.0,31.0,,13.0,13.0
2026-02-07 12:00:00,,,-2.605385541916,-2.605385541916,5.66114795208,3.055762410164,-0.086083607666,-0.086083607666,,,-0.010593122751,-0.010593122751,-0.086083607666,0.008851877551,0.111164281215,6.0,29.0,,8.0,8.0
2026-02-07 16:00:00,,,-2.503457903862,-2.503457903862,3.929076969624,1.425619065762,0.092490713284,0.092490713284,,,-0.017015267457,-0.017015267457,0.092490713284,0.0,0.113101080056,0.0,23.0,,4.0,4.0
2026-02-07 20:00:00,,,-5.05877161026,-5.05877161026,5.763933002949,0.705161392689,-0.240709460941,-0.240709460941,,,-0.026551037,-0.026551037,-0.240709460941,0.009980213319,0.116379084964,5.0,24.0,,4.0,4.0
2026-02-08 00:00:00,0.0,0.0,-0.135945439339,-0.135945439339,1.546508193016,1.410562753677,0.165035508219,0.165035508219,0.509769038257,0.509769038257,-0.018565408205,-0.018565408205,0.165035508219,0.001163873371,0.083120531816,1.0,12.0,65.0,4.0,4.0
2026-02-08 04:00:00,,,-4.749865531921,-4.749865531921,6.370734393597,1.620868861675,-0.225703606453,-0.225703606453,,,-0.125802753645,-0.125802753645,-0.225703606453,0.001165827271,0.084162616079,1.0,20.0,,11.0,11.0
2026-02-08 08:00:00,,,-1.118665158749,-1.118665158749,3.319306194782,2.200641036034,0.164700672616,0.164700672616,,,-0.063130047433,-0.063130047433,0.164700672616,0.025597817759,0.096246179943,7.0,17.0,,8.0,8.0
2026-02-08 12:00:00,,,-4.081548810005,-4.081548810005,8.96649324894,4.884944438934,0.131184678241,0.131184678241,,,-0.119754273794,-0.119754273794,0.131184678241,0.019621365446,0.151386059846,7.0,33.0,,16.0,16.0
2026-02-08 16:00:00,,,-9.522795140743,-9.522795140743,11.114860296249,1.592065155506,-0.312155231413,-0.312155231413,,,-0.255778883336,-0.255778883336,-0.312155231413,0.017498814051,0.157495816205,6.0,30.0,,15.0,15.0
2026-02-08 20:00:00,,,-7.145033895969,-7.145033895969,10.406856179237,3.261822283268,0.105424863683,0.105424863683,,,-0.15941975084,-0.15941975084,0.105424863683,0.006289448733,0.218940213051,3.0,35.0,,11.0,11.0
2026-02-09 00:00:00,0.0,0.0,-4.09469217062,-4.09469217062,6.442992806435,2.348300635815,0.023295830204,0.023295830204,0.865034265856,0.865034265856,-0.118975393736,-0.118975393736,0.023295830204,0.0,0.120137916873,0.0,23.0,73.0,13.0,13.0
2026-02-09 04:00:00,,,-1.015404045582,-1.015404045582,3.256719410419,2.241315364838,0.089620992992,0.089620992992,,,0.188614927443,0.188614927443,0.089620992992,0.004929330338,0.138895534515,3.0,21.0,,8.0,9.0
2026-02-09 08:00:00,,,-3.276883125305,-3.276883125305,5.49630522728,2.219422101974,-0.078400668062,-0.078400668062,,,0.017961162325,0.017961162325,-0.078400668062,0.003743819981,0.150701222329,3.0,24.0,,9.0,9.0
2026-02-09 12:00:00,,,1.108894526958,1.108894526958,9.824729681015,10.933624207973,0.078832239053,0.078832239053,,,0.703717860071,0.703717860071,0.078832239053,0.026748448388,0.159076312502,23.0,53.0,,15.0,15.0
2026-02-09 16:00:00,,,-7.312288939953,-7.312288939953,11.879399597645,4.567110657692,-0.094097589989,-0.094097589989,,,-0.774509771795,-0.774509771795,-0.094097589989,0.004245202921,0.148041997567,4.0,51.0,,19.0,19.0
2026-02-09 20:00:00,,,-0.455595433712,-0.455595433712,5.375212728977,4.919617295265,0.081367640931,0.081367640931,,,-0.043992895838,-0.043992895838,0.081367640931,0.001515151515,0.07783024802,2.0,30.0,,10.0,11.0
2026-02-10 00:00:00,0.0,0.0,1.072727680206,1.072727680206,2.760557949543,3.833285629749,0.04358588479,0.04358588479,0.723496184847,0.723496184847,0.506547283974,0.506547283974,0.04358588479,0.0,0.080479887776,0.0,30.0,70.0,12.0,13.0
2026-02-10 04:00:00,,,-1.950062513351,-1.950062513351,4.251193404198,2.301130890846,-0.191660469213,-0.191660469213,,,0.320436186434,0.320436186434,-0.191660469213,0.000785866968,0.043785328626,1.0,17.0,,7.0,7.0
2026-02-10 08:00:00,,,-3.454314768314,-3.454314768314,4.980254232883,1.525939464569,0.016259412564,0.016259412564,,,0.055834483642,0.055834483642,0.016259412564,0.0,0.032624275372,0.0,13.0,,6.0,6.0
2026-02-10 12:00:00,,,-3.36249434948,-3.36249434948,8.811112880707,5.448618531227,0.072015799143,0.072015799143,,,-0.564880257184,-0.564880257184,0.072015799143,0.002562067209,0.139748782708,3.0,48.0,,22.0,22.0
2026-02-10 16:00:00,,,-10.091028094292,-10.091028094292,14.235836327076,4.144808232784,-0.17660928129,-0.17660928129,,,-0.485672058369,-0.485672058369,-0.17660928129,0.007402027136,0.11996804244,9.0,46.0,,12.0,12.0
2026-02-10 20:00:00,,,-0.835262835026,-0.835262835026,7.536849975586,6.70158714056,0.120465448462,0.120465448462,,,0.26640074325,0.26640074325,0.120465448462,0.003470667814,0.142060386518,3.0,36.0,,12.0,12.0
2026-02-11 00:00:00,0.0,0.0,-4.442796647549,-4.442796647549,6.75326615572,2.310469508171,-0.026425053192,-0.026425053192,0.041875602864,0.041875602864,0.072977891584,0.072977891584,-0.026425053192,0.001193203513,0.110710043898,1.0,28.0,78.0,11.0,11.0
2026-02-11 04:00:00,,,-6.455498218536,-6.455498218536,10.233805477619,3.778307259083,0.067993696612,0.067993696612,,,-0.01231424501,-0.01231424501,0.067993696612,0.001286802553,0.124494384361,1.0,27.0,,8.0,8.0
2026-02-11 08:00:00,,,-3.255757033825,-3.255757033825,5.506940245628,2.251183211803,0.041191588685,0.041191588685,,,0.062432796833,0.062432796833,0.041191588685,0.00309970979,0.082751719808,4.0,25.0,,11.0,11.0
2026-02-11 12:00:00,,,-4.347907066345,-4.347907066345,6.745768427849,2.397861361504,-0.207365611858,-0.207365611858,,,-0.37151081744,-0.37151081744,-0.207365611858,0.008770352729,0.12657774429,10.0,38.0,,17.0,17.0
2026-02-11 16:00:00,,,-8.08854919672,-8.08854919672,11.306024491787,3.217475295067,-0.101139801113,-0.101139801113,,,-1.129292977422,-1.129292977422,-0.101139801113,0.00310179786,0.123676095321,4.0,45.0,,19.0,19.0
2026-02-11 20:00:00,,,-4.316290259361,-4.316290259361,6.596571624279,2.280281364918,0.078724006467,0.078724006467,,,0.004125561822,0.004125561822,0.078724006467,0.009253549788,0.161135139159,5.0,34.0,,12.0,12.0
2026-02-12 00:00:00,0.0,0.0,-5.738280594349,-5.738280594349,11.100271821022,5.361991226673,0.11745551024,0.11745551024,0.081198991547,0.081198991547,-0.441305621258,-0.441305621258,0.11745551024,0.002005133141,0.22127701449,1.0,38.0,69.0,16.0,16.0
2026-02-12 04:00:00,,,-1.049898684025,-1.049898684025,6.471651792526,5.421753108501,0.111838733578,0.111838733578,,,0.527041856864,0.527041856864,0.111838733578,0.008017348993,0.181601459086,4.0,29.0,,6.0,6.0
2026-02-12 08:00:00,,,-6.485612690449,-6.485612690449,6.485612690449,0.0,-0.317753481525,-0.317753481525,,,0.177113495285,0.177113495285,-0.317753481525,0.0,0.086098346924,0.0,23.0,,7.0,7.0
2026-02-12 12:00:00,,,-10.334765315056,-10.334765315056,10.334765315056,0.0,-0.136673473107,-0.136673473107,,,-0.551738075592,-0.551738075592,-0.136673473107,0.002729089947,0.077319659302,3.0,22.0,,7.0,7.0
2026-02-12 16:00:00,,,-5.066094040871,-5.066094040871,9.732804358006,4.666710317135,0.039765998566,0.039765998566,,,-0.059808094747,-0.059808094747,0.039765998566,0.006965625916,0.157939038925,7.0,43.0,,20.0,20.0
2026-02-12 20:00:00,,,-5.372503638268,-5.372503638268,7.65898680687,2.286483168602,-0.091400122368,-0.091400122368,,,0.076952470791,0.076952470791,-0.091400122368,0.00248725588,0.100988897676,3.0,30.0,,13.0,13.0
2026-02-13 00:00:00,0.0,0.0,-5.299523711205,-5.299523711205,5.299523711205,0.0,-0.163819409186,-0.163819409186,0.249451843162,0.249451843162,0.135649301688,0.135649301688,-0.163819409186,0.002248931317,0.07709879018,3.0,22.0,100.0,9.0,9.0
2026-02-13 04:00:00,,,-5.942414402962,-5.942414402962,6.670525670052,0.72811126709,0.034550372889,0.034550372889,,,0.043099109823,0.043099109823,0.034550372889,0.000694444444,0.094918168622,1.0,28.0,,14.0,14.0
2026-02-13 08:00:00,,,-1.934693455696,-1.934693455696,5.000144302845,3.065450847149,0.161162462034,0.161162462034,,,0.333906141414,0.333906141414,0.161162462034,0.005573066329,0.07575169954,4.0,23.0,,9.0,9.0
2026-02-13 12:00:00,,,-7.964152634144,-7.964152634144,13.36992508173,5.405772447586,-0.21880652684,-0.21880652684,,,-1.157684060809,-1.157684060809,-0.21880652684,0.002986479368,0.193919759635,4.0,61.0,,32.0,32.0
2026-02-13 16:00:00,,,-5.149640440941,-5.149640440941,8.386828184128,3.237187743187,0.043636829433,0.043636829433,,,-0.278411436104,-0.278411436104,0.043636829433,0.000779107455,0.165705677832,1.0,46.0,,24.0,24.0
2026-02-13 20:00:00,,,5.404893934727,5.404893934727,5.674583375454,11.079477310181,0.118399163924,0.118399163924,,,1.030204178607,1.030204178607,0.118399163924,0.000611665688,0.127375322754,1.0,40.0,,13.0,14.0
2026-02-14 00:00:00,0.0,0.0,-1.93662494421,-1.93662494421,5.091490089893,3.154865145683,-0.096567887552,-0.096567887552,0.712063449433,0.712063449433,0.333188147399,0.333188147399,-0.096567887552,0.000666453402,0.088648551751,1.0,23.0,66.0,7.0,7.0
2026-02-14 04:00:00,,,0.590631306171,0.590631306171,2.442726552486,3.033357858658,-0.006399252493,-0.006399252493,,,0.573909569271,0.573909569271,-0.006399252493,0.0,0.066625924652,0.0,21.0,,6.0,6.0
2026-02-14 08:00:00,,,-0.158556163311,-0.158556163311,3.208658277988,3.050102114677,0.121400430355,0.121400430355,,,0.604513975432,0.604513975432,0.121400430355,0.002732124344,0.083941267906,3.0,25.0,,16.0,16.0
2026-02-14 12:00:00,,,-1.654274404049,-1.654274404049,2.365323781967,0.711049377918,-0.13038461132,-0.13038461132,,,0.32019027173,0.32019027173,-0.13038461132,0.0,0.06257039811,0.0,17.0,,7.0,7.0
2026-02-14 16:00:00,,,-4.875543057919,-4.875543057919,6.455336630344,1.579793572426,-0.089326324314,-0.089326324314,,,-0.259235543114,-0.259235543114,-0.089326324314,0.003880030618,0.109449070863,3.0,29.0,,17.0,17.0
2026-02-14 20:00:00,,,-12.241334974766,-12.241334974766,12.965510189533,0.724175214767,-0.210247191049,-0.210247191049,,,-0.514316241203,-0.514316241203,-0.210247191049,0.008465471213,0.131594109116,8.0,41.0,,13.0,13.0
2026-02-15 00:00:00,0.0,0.0,-6.077679812908,-6.077679812908,6.882436931133,0.804757118225,0.257294967566,0.257294967566,0.753180224619,0.753180224619,0.220074471763,0.220074471763,0.257294967566,0.003480533995,0.094636962735,3.0,20.0,67.0,6.0,6.0
2026-02-15 04:00:00,,,-0.040185749531,-0.040185749531,2.377342820168,2.337157070637,-0.038733592599,-0.038733592599,,,0.265319279276,0.265319279276,-0.038733592599,0.0,0.060347247241,0.0,15.0,,10.0,10.0
2026-02-15 08:00:00,,,-0.067746460438,-0.067746460438,3.416236937046,3.348490476608,0.032916954501,0.032916954501,,,0.45867171221,0.45867171221,0.032916954501,0.001749497249,0.102573544604,2.0,25.0,,10.0,9.0
2026-02-15 12:00:00,,,-2.103964686394,-2.103964686394,6.087620973587,3.983656287193,-0.057056685727,-0.057056685727,,,0.138672824984,0.138672824984,-0.057056685727,0.001453826471,0.182505746815,1.0,31.0,,14.0,14.0
2026-02-15 16:00:00,,,-7.357287704945,-7.357287704945,9.681076169014,2.323788464069,-0.137261180254,-0.137261180254,,,-0.672060468215,-0.672060468215,-0.137261180254,0.010144189262,0.162929406244,9.0,35.0,,13.0,13.0
2026-02-15 20:00:00,,,-3.297610521317,-3.297610521317,5.703733801842,2.406123280525,0.1778595217,0.1778595217,,,0.086048026341,0.086048026341,0.1778595217,0.0,0.107230053516,0.0,28.0,,14.0,14.0
2026-02-16 00:00:00,0.0,0.0,-1.558504760265,-1.558504760265,3.133445262909,1.574940502644,0.056599571177,0.056599571177,1.193368592004,1.193368592004,0.298202092897,0.298202092897,0.056599571177,0.003553320431,0.062047945394,4.0,12.0,59.0,6.0,6.0
2026-02-16 04:00:00,,,0.815962016582,0.815962016582,2.532283902168,3.348245918751,0.21988212581,0.21988212581,,,0.503957892068,0.503957892068,0.21988212581,0.0,0.105305426828,0.0,23.0,,10.0,10.0
2026-02-16 08:00:00,,,-5.877785205841,-5.877785205841,7.396889209747,1.519104003906,-0.157810833976,-0.157810833976,,,0.074700336713,0.074700336713,-0.157810833976,0.002388351627,0.106269104285,2.0,21.0,,8.0,8.0
2026-02-16 12:00:00,,,-0.341462850571,-0.341462850571,7.329756975174,6.988294124603,0.137809875658,0.137809875658,,,0.459507444585,0.459507444585,0.137809875658,0.002809996936,0.125478945128,3.0,32.0,,16.0,16.0
2026-02-16 16:00:00,,,-1.958081662655,-1.958081662655,4.965889394283,3.007807731628,0.029088921141,0.029088921141,,,0.099829992343,0.099829992343,0.029088921141,0.005526496836,0.170637510043,5.0,38.0,,13.0,13.0
