timestamp,dev_activity_1d,dev_activity_contributors_count_7d,sentiment_balance_total,sentiment_balance_total_v2,sentiment_negative_total,sentiment_positive_total,sentiment_volume_consumed_total,sentiment_weighted_total,sentiment_weighted_total_1d,sentiment_weighted_total_1d_v2,sentiment_weighted_total_1h,sentiment_weighted_total_1h_v2,sentiment_weighted_total_v2,social_dominance_ai_total,social_dominance_total,social_volume_ai_total,social_volume_total,unique_social_volume_total_1d,unique_social_volume_total_1h,unique_social_volume_total_5m
2023-04-01 00:00:00,,,0.0,0.0,0.0,0.0,0.0,0.0,0.0,0.0,0.0,0.0,0.0,,0.0,,0.0,0.0,0.0,0.0
2023-04-01 04:00:00,,,0.0,0.0,0.0,0.0,0.0,0.0,,,0.0,0.0,0.0,,0.0,,0.0,,0.0,0.0
2023-04-01 08:00:00,,,0.0,0.0,0.0,0.0,0.0,0.0,,,0.0,0.0,0.0,,0.0,,0.0,,0.0,0.0
2023-04-01 12:00:00,,,0.0,0.0,0.0,0.0,0.0,0.0,,,0.0,0.0,0.0,,0.0,,0.0,,0.0,0.0
2023-04-01 16:00:00,,,0.0,0.0,0.0,0.0,0.0,0.0,,,0.0,0.0,0.0,,0.0,,0.0,,0.0,0.0
2023-04-01 20:00:00,,,0.0,0.0,0.0,0.0,0.0,0.0,,,0.0,0.0,0.0,,0.0,,0.0,,0.0,0.0
2023-04-02 00:00:00,,,0.0,0.0,0.0,0.0,0.0,0.0,0.0,0.0,0.0,0.0,0.0,,0.0,,0.0,0.0,0.0,0.0
2023-04-02 04:00:00,,,0.0,0.0,0.0,0.0,0.0,0.0,,,0.0,0.0,0.0,,0.0,,0.0,,0.0,0.0
2023-04-02 08:00:00,,,0.0,0.0,0.0,0.0,0.0,0.0,,,0.0,0.0,0.0,,0.0,,0.0,,0.0,0.0
2023-04-02 12:00:00,,,0.0,0.0,0.0,0.0,0.0,0.0,,,0.0,0.0,0.0,,0.0,,0.0,,0.0,0.0
2023-04-02 16:00:00,,,0.0,0.0,0.0,0.0,0.0,0.0,,,0.0,0.0,0.0,,0.0,,0.0,,0.0,0.0
2023-04-02 20:00:00,,,0.0,0.0,0.0,0.0,0.0,0.0,,,0.0,0.0,0.0,,0.0,,0.0,,0.0,0.0
2023-04-03 00:00:00,,,0.0,0.0,0.0,0.0,0.0,0.0,0.0,0.0,0.0,0.0,0.0,,0.0,,0.0,0.0,0.0,0.0
2023-04-03 04:00:00,,,0.0,0.0,0.0,0.0,0.0,0.0,,,0.0,0.0,0.0,,0.0,,0.0,,0.0,0.0
2023-04-03 08:00:00,,,0.0,0.0,0.0,0.0,0.0,0.0,,,0.0,0.0,0.0,,0.0,,0.0,,0.0,0.0
2023-04-03 12:00:00,,,0.0,0.0,0.0,0.0,0.0,0.0,,,0.0,0.0,0.0,,0.0,,0.0,,0.0,0.0
2023-04-03 16:00:00,,,0.0,0.0,0.0,0.0,0.0,0.0,,,0.0,0.0,0.0,,0.0,,0.0,,0.0,0.0
2023-04-03 20:00:00,,,0.0,0.0,0.0,0.0,0.0,0.0,,,0.0,0.0,0.0,,0.0,,0.0,,0.0,0.0
2023-04-04 00:00:00,,,0.0,0.0,0.0,0.0,0.0,0.0,0.0,0.0,0.0,0.0,0.0,,0.0,,0.0,0.0,0.0,0.0
2023-04-04 04:00:00,,,0.0,0.0,0.0,0.0,0.0,0.0,,,0.0,0.0,0.0,,0.0,,0.0,,0.0,0.0
2023-04-04 08:00:00,,,0.0,0.0,0.0,0.0,0.0,0.0,,,0.0,0.0,0.0,,0.0,,0.0,,0.0,0.0
2023-04-04 12:00:00,,,0.0,0.0,0.0,0.0,0.0,0.0,,,0.0,0.0,0.0,,0.0,,0.0,,0.0,0.0
2023-04-04 16:00:00,,,0.0,0.0,0.0,0.0,0.0,0.0,,,0.0,0.0,0.0,,0.0,,0.0,,0.0,0.0
2023-04-04 20:00:00,,,0.0,0.0,0.0,0.0,0.0,0.0,,,0.0,0.0,0.0,,0.0,,0.0,,0.0,0.0
2023-04-05 00:00:00,,,0.0,0.0,0.0,0.0,0.0,0.0,0.0,0.0,0.0,0.0,0.0,,0.0,,0.0,0.0,0.0,0.0
2023-04-05 04:00:00,,,0.0,0.0,0.0,0.0,0.0,0.0,,,0.0,0.0,0.0,,0.0,,0.0,,0.0,0.0
2023-04-05 08:00:00,,,0.0,0.0,0.0,0.0,0.0,0.0,,,0.0,0.0,0.0,,0.0,,0.0,,0.0,0.0
2023-04-05 12:00:00,,,0.0,0.0,0.0,0.0,0.0,0.0,,,0.0,0.0,0.0,,0.0,,0.0,,0.0,0.0
2023-04-05 16:00:00,,,0.0,0.0,0.0,0.0,0.0,0.0,,,0.0,0.0,0.0,,0.0,,0.0,,0.0,0.0
2023-04-05 20:00:00,,,0.0,0.0,0.0,0.0,0.0,0.0,,,0.0,0.0,0.0,,0.0,,0.0,,0.0,0.0
2023-04-06 00:00:00,,,0.0,0.0,0.0,0.0,0.0,0.0,0.0,0.0,0.0,0.0,0.0,,0.0,,0.0,0.0,0.0,0.0
2023-04-06 04:00:00,,,0.0,0.0,0.0,0.0,0.0,0.0,,,0.0,0.0,0.0,,0.0,,0.0,,0.0,0.0
2023-04-06 08:00:00,,,0.0,0.0,0.0,0.0,0.0,0.0,,,0.0,0.0,0.0,,0.0,,0.0,,0.0,0.0
2023-04-06 12:00:00,,,0.0,0.0,0.0,0.0,0.0,0.0,,,0.0,0.0,0.0,,0.0,,0.0,,0.0,0.0
2023-04-06 16:00:00,,,0.0,0.0,0.0,0.0,0.0,0.0,,,0.0,0.0,0.0,,0.0,,0.0,,0.0,0.0
2023-04-06 20:00:00,,,0.0,0.0,0.0,0.0,0.0,0.0,,,0.0,0.0,0.0,,0.0,,0.0,,0.0,0.0
2023-04-07 00:00:00,,,0.0,0.0,0.0,0.0,0.0,0.0,0.0,0.0,0.0,0.0,0.0,,0.0,,0.0,0.0,0.0,0.0
2023-04-07 04:00:00,,,0.0,0.0,0.0,0.0,0.0,0.0,,,0.0,0.0,0.0,,0.0,,0.0,,0.0,0.0
2023-04-07 08:00:00,,,0.0,0.0,0.0,0.0,0.0,0.0,,,0.0,0.0,0.0,,0.0,,0.0,,0.0,0.0
2023-04-07 12:00:00,,,0.0,0.0,0.0,0.0,0.0,0.0,,,0.0,0.0,0.0,,0.0,,0.0,,0.0,0.0
2023-04-07 16:00:00,,,0.0,0.0,0.0,0.0,0.0,0.0,,,0.0,0.0,0.0,,0.0,,0.0,,0.0,0.0
2023-04-07 20:00:00,,,0.0,0.0,0.0,0.0,0.0,0.0,,,0.0,0.0,0.0,,0.0,,0.0,,0.0,0.0
2023-04-08 00:00:00,,,0.0,0.0,0.0,0.0,0.0,0.0,0.0,0.0,0.0,0.0,0.0,,0.0,,0.0,0.0,0.0,0.0
2023-04-08 04:00:00,,,0.0,0.0,0.0,0.0,0.0,0.0,,,0.0,0.0,0.0,,0.0,,0.0,,0.0,0.0
2023-04-08 08:00:00,,,0.0,0.0,0.0,0.0,0.0,0.0,,,0.0,0.0,0.0,,0.0,,0.0,,0.0,0.0
2023-04-08 12:00:00,,,0.0,0.0,0.0,0.0,0.0,0.0,,,0.0,0.0,0.0,,0.0,,0.0,,0.0,0.0
2023-04-08 16:00:00,,,0.0,0.0,0.0,0.0,0.0,0.0,,,0.0,0.0,0.0,,0.0,,0.0,,0.0,0.0
2023-04-08 20:00:00,,,0.0,0.0,0.0,0.0,0.0,0.0,,,0.0,0.0,0.0,,0.0,,0.0,,0.0,0.0
2023-04-09 00:00:00,,,0.0,0.0,0.0,0.0,0.0,0.0,0.0,0.0,0.0,0.0,0.0,,0.0,,0.0,0.0,0.0,0.0
2023-04-09 04:00:00,,,0.0,0.0,0.0,0.0,0.0,0.0,,,0.0,0.0,0.0,,0.0,,0.0,,0.0,0.0
2023-04-09 08:00:00,,,0.0,0.0,0.0,0.0,0.0,0.0,,,0.0,0.0,0.0,,0.0,,0.0,,0.0,0.0
2023-04-09 12:00:00,,,0.0,0.0,0.0,0.0,0.0,0.0,,,0.0,0.0,0.0,,0.0,,0.0,,0.0,0.0
2023-04-09 16:00:00,,,0.0,0.0,0.0,0.0,0.0,0.0,,,0.0,0.0,0.0,,0.0,,0.0,,0.0,0.0
2023-04-09 20:00:00,,,0.0,0.0,0.0,0.0,0.0,0.0,,,0.0,0.0,0.0,,0.0,,0.0,,0.0,0.0
2023-04-10 00:00:00,,,0.0,0.0,0.0,0.0,0.0,0.0,0.0,0.0,0.0,0.0,0.0,,0.0,,0.0,0.0,0.0,0.0
2023-04-10 04:00:00,,,0.0,0.0,0.0,0.0,0.0,0.0,,,0.0,0.0,0.0,,0.0,,0.0,,0.0,0.0
2023-04-10 08:00:00,,,0.0,0.0,0.0,0.0,0.0,0.0,,,0.0,0.0,0.0,,0.0,,0.0,,0.0,0.0
2023-04-10 12:00:00,,,0.0,0.0,0.0,0.0,0.0,0.0,,,0.0,0.0,0.0,,0.0,,0.0,,0.0,0.0
2023-04-10 16:00:00,,,0.0,0.0,0.0,0.0,0.0,0.0,,,0.0,0.0,0.0,,0.0,,0.0,,0.0,0.0
2023-04-10 20:00:00,,,0.0,0.0,0.0,0.0,0.0,0.0,,,0.0,0.0,0.0,,0.0,,0.0,,0.0,0.0
2023-04-11 00:00:00,,,0.0,0.0,0.0,0.0,0.0,0.0,0.0,0.0,0.0,0.0,0.0,,0.0,,0.0,0.0,0.0,0.0
2023-04-11 04:00:00,,,0.0,0.0,0.0,0.0,0.0,0.0,,,0.0,0.0,0.0,,0.0,,0.0,,0.0,0.0
2023-04-11 08:00:00,,,0.0,0.0,0.0,0.0,0.0,0.0,,,0.0,0.0,0.0,,0.0,,0.0,,0.0,0.0
2023-04-11 12:00:00,,,0.0,0.0,0.0,0.0,0.0,0.0,,,0.0,0.0,0.0,,0.0,,0.0,,0.0,0.0
2023-04-11 16:00:00,,,0.0,0.0,0.0,0.0,0.0,0.0,,,0.0,0.0,0.0,,0.0,,0.0,,0.0,0.0
2023-04-11 20:00:00,,,0.0,0.0,0.0,0.0,0.0,0.0,,,0.0,0.0,0.0,,0.0,,0.0,,0.0,0.0
2023-04-12 00:00:00,,,0.0,0.0,0.0,0.0,0.0,0.0,0.0,0.0,0.0,0.0,0.0,,0.0,,0.0,0.0,0.0,0.0
2023-04-12 04:00:00,,,0.0,0.0,0.0,0.0,0.0,0.0,,,0.0,0.0,0.0,,0.0,,0.0,,0.0,0.0
2023-04-12 08:00:00,,,0.0,0.0,0.0,0.0,0.0,0.0,,,0.0,0.0,0.0,,0.0,,0.0,,0.0,0.0
2023-04-12 12:00:00,,,0.0,0.0,0.0,0.0,0.0,0.0,,,0.0,0.0,0.0,,0.0,,0.0,,0.0,0.0
2023-04-12 16:00:00,,,0.0,0.0,0.0,0.0,0.0,0.0,,,0.0,0.0,0.0,,0.0,,0.0,,0.0,0.0
2023-04-12 20:00:00,,,0.0,0.0,0.0,0.0,0.0,0.0,,,0.0,0.0,0.0,,0.0,,0.0,,0.0,0.0
2023-04-13 00:00:00,,,0.0,0.0,0.0,0.0,0.0,0.0,0.0,0.0,0.0,0.0,0.0,,0.0,,0.0,0.0,0.0,0.0
2023-04-13 04:00:00,,,0.0,0.0,0.0,0.0,0.0,0.0,,,0.0,0.0,0.0,,0.0,,0.0,,0.0,0.0
2023-04-13 08:00:00,,,0.0,0.0,0.0,0.0,0.0,0.0,,,0.0,0.0,0.0,,0.0,,0.0,,0.0,0.0
2023-04-13 12:00:00,,,0.0,0.0,0.0,0.0,0.0,0.0,,,0.0,0.0,0.0,,0.0,,0.0,,0.0,0.0
2023-04-13 16:00:00,,,0.0,0.0,0.0,0.0,0.0,0.0,,,0.0,0.0,0.0,,0.0,,0.0,,0.0,0.0
2023-04-13 20:00:00,,,0.0,0.0,0.0,0.0,0.0,0.0,,,0.0,0.0,0.0,,0.0,,0.0,,0.0,0.0
2023-04-14 00:00:00,,,0.0,0.0,0.0,0.0,0.0,0.0,0.0,0.0,0.0,0.0,0.0,,0.0,,0.0,0.0,0.0,0.0
2023-04-14 04:00:00,,,0.0,0.0,0.0,0.0,0.0,0.0,,,0.0,0.0,0.0,,0.0,,0.0,,0.0,0.0
2023-04-14 08:00:00,,,0.0,0.0,0.0,0.0,0.0,0.0,,,0.0,0.0,0.0,,0.0,,0.0,,0.0,0.0
2023-04-14 12:00:00,,,0.0,0.0,0.0,0.0,0.0,0.0,,,0.0,0.0,0.0,,0.0,,0.0,,0.0,0.0
2023-04-14 16:00:00,,,0.0,0.0,0.0,0.0,0.0,0.0,,,0.0,0.0,0.0,,0.0,,0.0,,0.0,0.0
2023-04-14 20:00:00,,,0.0,0.0,0.0,0.0,0.0,0.0,,,0.0,0.0,0.0,,0.0,,0.0,,0.0,0.0
2023-04-15 00:00:00,,,0.0,0.0,0.0,0.0,0.0,0.0,0.0,0.0,0.0,0.0,0.0,,0.0,,0.0,0.0,0.0,0.0
2023-04-15 04:00:00,,,0.0,0.0,0.0,0.0,0.0,0.0,,,0.0,0.0,0.0,,0.0,,0.0,,0.0,0.0
2023-04-15 08:00:00,,,0.0,0.0,0.0,0.0,0.0,0.0,,,0.0,0.0,0.0,,0.0,,0.0,,0.0,0.0
2023-04-15 12:00:00,,,0.0,0.0,0.0,0.0,0.0,0.0,,,0.0,0.0,0.0,,0.0,,0.0,,0.0,0.0
2023-04-15 16:00:00,,,0.0,0.0,0.0,0.0,0.0,0.0,,,0.0,0.0,0.0,,0.0,,0.0,,0.0,0.0
2023-04-15 20:00:00,,,0.0,0.0,0.0,0.0,0.0,0.0,,,0.0,0.0,0.0,,0.0,,0.0,,0.0,0.0
2023-04-16 00:00:00,,,0.0,0.0,0.0,0.0,0.0,0.0,0.0,0.0,0.0,0.0,0.0,,0.0,,0.0,0.0,0.0,0.0
2023-04-16 04:00:00,,,0.0,0.0,0.0,0.0,0.0,0.0,,,0.0,0.0,0.0,,0.0,,0.0,,0.0,0.0
2023-04-16 08:00:00,,,0.0,0.0,0.0,0.0,0.0,0.0,,,0.0,0.0,0.0,,0.0,,0.0,,0.0,0.0
2023-04-16 12:00:00,,,0.0,0.0,0.0,0.0,0.0,0.0,,,0.0,0.0,0.0,,0.0,,0.0,,0.0,0.0
2023-04-16 16:00:00,,,0.0,0.0,0.0,0.0,0.0,0.0,,,0.0,0.0,0.0,,0.0,,0.0,,0.0,0.0
2023-04-16 20:00:00,,,0.0,0.0,0.0,0.0,0.0,0.0,,,0.0,0.0,0.0,,0.0,,0.0,,0.0,0.0
2023-04-17 00:00:00,,,0.0,0.0,0.0,0.0,0.0,0.0,0.0,0.0,0.0,0.0,0.0,,0.0,,0.0,0.0,0.0,0.0
2023-04-17 04:00:00,,,0.0,0.0,0.0,0.0,0.0,0.0,,,0.0,0.0,0.0,,0.0,,0.0,,0.0,0.0
2023-04-17 08:00:00,,,0.0,0.0,0.0,0.0,0.0,0.0,,,0.0,0.0,0.0,,0.0,,0.0,,0.0,0.0
2023-04-17 12:00:00,,,0.0,0.0,0.0,0.0,0.0,0.0,,,0.0,0.0,0.0,,0.0,,0.0,,0.0,0.0
2023-04-17 16:00:00,,,0.0,0.0,0.0,0.0,0.0,0.0,,,0.0,0.0,0.0,,0.0,,0.0,,0.0,0.0
2023-04-17 20:00:00,,,0.0,0.0,0.0,0.0,0.0,0.0,,,0.0,0.0,0.0,,0.0,,0.0,,0.0,0.0
2023-04-18 00:00:00,,,0.0,0.0,0.0,0.0,0.0,0.0,0.0,0.0,0.0,0.0,0.0,,0.0,,0.0,0.0,0.0,0.0
2023-04-18 04:00:00,,,0.0,0.0,0.0,0.0,0.0,0.0,,,0.0,0.0,0.0,,0.0,,0.0,,0.0,0.0
2023-04-18 08:00:00,,,0.0,0.0,0.0,0.0,0.0,0.0,,,0.0,0.0,0.0,,0.0,,0.0,,0.0,0.0
2023-04-18 12:00:00,,,0.0,0.0,0.0,0.0,0.0,0.0,,,0.0,0.0,0.0,,0.0,,0.0,,0.0,0.0
2023-04-18 16:00:00,,,0.0,0.0,0.0,0.0,0.0,0.0,,,0.0,0.0,0.0,,0.0,,0.0,,0.0,0.0
2023-04-18 20:00:00,,,0.0,0.0,0.0,0.0,0.0,0.0,,,0.0,0.0,0.0,,0.0,,0.0,,0.0,0.0
2023-04-19 00:00:00,,,0.0,0.0,0.0,0.0,0.0,0.0,0.0,0.0,0.0,0.0,0.0,,0.0,,0.0,0.0,0.0,0.0
2023-04-19 04:00:00,,,0.0,0.0,0.0,0.0,0.0,0.0,,,0.0,0.0,0.0,,0.0,,0.0,,0.0,0.0
2023-04-19 08:00:00,,,0.0,0.0,0.0,0.0,0.0,0.0,,,0.0,0.0,0.0,,0.0,,0.0,,0.0,0.0
2023-04-19 12:00:00,,,0.0,0.0,0.0,0.0,0.0,0.0,,,0.0,0.0,0.0,,0.0,,0.0,,0.0,0.0
2023-04-19 16:00:00,,,0.0,0.0,0.0,0.0,0.0,0.0,,,0.0,0.0,0.0,,0.0,,0.0,,0.0,0.0
2023-04-19 20:00:00,,,0.0,0.0,0.0,0.0,0.0,0.0,,,0.0,0.0,0.0,,0.0,,0.0,,0.0,0.0
2023-04-20 00:00:00,,,0.0,0.0,0.0,0.0,0.0,0.0,0.0,0.0,0.0,0.0,0.0,,0.0,,0.0,0.0,0.0,0.0
2023-04-20 04:00:00,,,0.0,0.0,0.0,0.0,0.0,0.0,,,0.0,0.0,0.0,,0.0,,0.0,,0.0,0.0
2023-04-20 08:00:00,,,0.0,0.0,0.0,0.0,0.0,0.0,,,0.0,0.0,0.0,,0.0,,0.0,,0.0,0.0
2023-04-20 12:00:00,,,0.0,0.0,0.0,0.0,0.0,0.0,,,0.0,0.0,0.0,,0.0,,0.0,,0.0,0.0
2023-04-20 16:00:00,,,0.0,0.0,0.0,0.0,0.0,0.0,,,0.0,0.0,0.0,,0.0,,0.0,,0.0,0.0
2023-04-20 20:00:00,,,0.0,0.0,0.0,0.0,0.0,0.0,,,0.0,0.0,0.0,,0.0,,0.0,,0.0,0.0
2023-04-21 00:00:00,,,0.0,0.0,0.0,0.0,0.0,0.0,0.0,0.0,0.0,0.0,0.0,,0.0,,0.0,0.0,0.0,0.0
2023-04-21 04:00:00,,,0.0,0.0,0.0,0.0,0.0,0.0,,,0.0,0.0,0.0,,0.0,,0.0,,0.0,0.0
2023-04-21 08:00:00,,,0.0,0.0,0.0,0.0,0.0,0.0,,,0.0,0.0,0.0,,0.0,,0.0,,0.0,0.0
2023-04-21 12:00:00,,,0.0,0.0,0.0,0.0,0.0,0.0,,,0.0,0.0,0.0,,0.0,,0.0,,0.0,0.0
2023-04-21 16:00:00,,,0.0,0.0,0.0,0.0,0.0,0.0,,,0.0,0.0,0.0,,0.0,,0.0,,0.0,0.0
2023-04-21 20:00:00,,,0.0,0.0,0.0,0.0,0.0,0.0,,,0.0,0.0,0.0,,0.0,,0.0,,0.0,0.0
2023-04-22 00:00:00,,,0.0,0.0,0.0,0.0,0.0,0.0,0.0,0.0,0.0,0.0,0.0,,0.0,,0.0,0.0,0.0,0.0
2023-04-22 04:00:00,,,0.0,0.0,0.0,0.0,0.0,0.0,,,0.0,0.0,0.0,,0.0,,0.0,,0.0,0.0
2023-04-22 08:00:00,,,0.0,0.0,0.0,0.0,0.0,0.0,,,0.0,0.0,0.0,,0.0,,0.0,,0.0,0.0
2023-04-22 12:00:00,,,0.0,0.0,0.0,0.0,0.0,0.0,,,0.0,0.0,0.0,,0.0,,0.0,,0.0,0.0
2023-04-22 16:00:00,,,0.0,0.0,0.0,0.0,0.0,0.0,,,0.0,0.0,0.0,,0.0,,0.0,,0.0,0.0
2023-04-22 20:00:00,,,0.0,0.0,0.0,0.0,0.0,0.0,,,0.0,0.0,0.0,,0.0,,0.0,,0.0,0.0
2023-04-23 00:00:00,,,0.0,0.0,0.0,0.0,0.0,0.0,0.0,0.0,0.0,0.0,0.0,,0.0,,0.0,0.0,0.0,0.0
2023-04-23 04:00:00,,,0.0,0.0,0.0,0.0,0.0,0.0,,,0.0,0.0,0.0,,0.0,,0.0,,0.0,0.0
2023-04-23 08:00:00,,,0.0,0.0,0.0,0.0,0.0,0.0,,,0.0,0.0,0.0,,0.0,,0.0,,0.0,0.0
2023-04-23 12:00:00,,,0.0,0.0,0.0,0.0,0.0,0.0,,,0.0,0.0,0.0,,0.0,,0.0,,0.0,0.0
2023-04-23 16:00:00,,,0.0,0.0,0.0,0.0,0.0,0.0,,,0.0,0.0,0.0,,0.0,,0.0,,0.0,0.0
2023-04-23 20:00:00,,,0.0,0.0,0.0,0.0,0.0,0.0,,,0.0,0.0,0.0,,0.0,,0.0,,0.0,0.0
2023-04-24 00:00:00,,,0.0,0.0,0.0,0.0,0.0,0.0,0.0,0.0,0.0,0.0,0.0,,0.0,,0.0,0.0,0.0,0.0
2023-04-24 04:00:00,,,0.0,0.0,0.0,0.0,0.0,0.0,,,0.0,0.0,0.0,,0.0,,0.0,,0.0,0.0
2023-04-24 08:00:00,,,0.0,0.0,0.0,0.0,0.0,0.0,,,0.0,0.0,0.0,,0.0,,0.0,,0.0,0.0
2023-04-24 12:00:00,,,0.0,0.0,0.0,0.0,0.0,0.0,,,0.0,0.0,0.0,,0.0,,0.0,,0.0,0.0
2023-04-24 16:00:00,,,0.0,0.0,0.0,0.0,0.0,0.0,,,0.0,0.0,0.0,,0.0,,0.0,,0.0,0.0
2023-04-24 20:00:00,,,0.0,0.0,0.0,0.0,0.0,0.0,,,0.0,0.0,0.0,,0.0,,0.0,,0.0,0.0
2023-04-25 00:00:00,,,0.0,0.0,0.0,0.0,0.0,0.0,0.0,0.0,0.0,0.0,0.0,,0.0,,0.0,0.0,0.0,0.0
2023-04-25 04:00:00,,,0.0,0.0,0.0,0.0,0.0,0.0,,,0.0,0.0,0.0,,0.0,,0.0,,0.0,0.0
2023-04-25 08:00:00,,,0.0,0.0,0.0,0.0,0.0,0.0,,,0.0,0.0,0.0,,0.0,,0.0,,0.0,0.0
2023-04-25 12:00:00,,,0.0,0.0,0.0,0.0,0.0,0.0,,,0.0,0.0,0.0,,0.0,,0.0,,0.0,0.0
2023-04-25 16:00:00,,,0.0,0.0,0.0,0.0,0.0,0.0,,,0.0,0.0,0.0,,0.0,,0.0,,0.0,0.0
2023-04-25 20:00:00,,,0.0,0.0,0.0,0.0,0.0,0.0,,,0.0,0.0,0.0,,0.0,,0.0,,0.0,0.0
2023-04-26 00:00:00,,,0.0,0.0,0.0,0.0,0.0,0.0,0.0,0.0,0.0,0.0,0.0,,0.0,,0.0,0.0,0.0,0.0
2023-04-26 04:00:00,,,0.0,0.0,0.0,0.0,0.0,0.0,,,0.0,0.0,0.0,,0.0,,0.0,,0.0,0.0
2023-04-26 08:00:00,,,0.0,0.0,0.0,0.0,0.0,0.0,,,0.0,0.0,0.0,,0.0,,0.0,,0.0,0.0
2023-04-26 12:00:00,,,0.0,0.0,0.0,0.0,0.0,0.0,,,0.0,0.0,0.0,,0.0,,0.0,,0.0,0.0
2023-04-26 16:00:00,,,0.0,0.0,0.0,0.0,0.0,0.0,,,0.0,0.0,0.0,,0.0,,0.0,,0.0,0.0
2023-04-26 20:00:00,,,0.0,0.0,0.0,0.0,0.0,0.0,,,0.0,0.0,0.0,,0.0,,0.0,,0.0,0.0
2023-04-27 00:00:00,,,0.0,0.0,0.0,0.0,0.0,0.0,0.0,0.0,0.0,0.0,0.0,,0.0,,0.0,0.0,0.0,0.0
2023-04-27 04:00:00,,,0.0,0.0,0.0,0.0,0.0,0.0,,,0.0,0.0,0.0,,0.0,,0.0,,0.0,0.0
2023-04-27 08:00:00,,,0.0,0.0,0.0,0.0,0.0,0.0,,,0.0,0.0,0.0,,0.0,,0.0,,0.0,0.0
2023-04-27 12:00:00,,,0.0,0.0,0.0,0.0,0.0,0.0,,,0.0,0.0,0.0,,0.0,,0.0,,0.0,0.0
2023-04-27 16:00:00,,,0.0,0.0,0.0,0.0,0.0,0.0,,,0.0,0.0,0.0,,0.0,,0.0,,0.0,0.0
2023-04-27 20:00:00,,,0.0,0.0,0.0,0.0,0.0,0.0,,,0.0,0.0,0.0,,0.0,,0.0,,0.0,0.0
2023-04-28 00:00:00,,,0.0,0.0,0.0,0.0,0.0,0.0,0.0,0.0,0.0,0.0,0.0,,0.0,,0.0,0.0,0.0,0.0
2023-04-28 04:00:00,,,0.0,0.0,0.0,0.0,0.0,0.0,,,0.0,0.0,0.0,,0.0,,0.0,,0.0,0.0
2023-04-28 08:00:00,,,0.0,0.0,0.0,0.0,0.0,0.0,,,0.0,0.0,0.0,,0.0,,0.0,,0.0,0.0
2023-04-28 12:00:00,,,0.0,0.0,0.0,0.0,0.0,0.0,,,0.0,0.0,0.0,,0.0,,0.0,,0.0,0.0
2023-04-28 16:00:00,,,0.0,0.0,0.0,0.0,0.0,0.0,,,0.0,0.0,0.0,,0.0,,0.0,,0.0,0.0
2023-04-28 20:00:00,,,0.0,0.0,0.0,0.0,0.0,0.0,,,0.0,0.0,0.0,,0.0,,0.0,,0.0,0.0
2023-04-29 00:00:00,,,0.0,0.0,0.0,0.0,0.0,0.0,0.0,0.0,0.0,0.0,0.0,,0.0,,0.0,0.0,0.0,0.0
2023-04-29 04:00:00,,,0.0,0.0,0.0,0.0,0.0,0.0,,,0.0,0.0,0.0,,0.0,,0.0,,0.0,0.0
2023-04-29 08:00:00,,,0.0,0.0,0.0,0.0,0.0,0.0,,,0.0,0.0,0.0,,0.0,,0.0,,0.0,0.0
2023-04-29 12:00:00,,,0.0,0.0,0.0,0.0,0.0,0.0,,,0.0,0.0,0.0,,0.0,,0.0,,0.0,0.0
2023-04-29 16:00:00,,,0.0,0.0,0.0,0.0,0.0,0.0,,,0.0,0.0,0.0,,0.0,,0.0,,0.0,0.0
2023-04-29 20:00:00,,,0.0,0.0,0.0,0.0,0.0,0.0,,,0.0,0.0,0.0,,0.0,,0.0,,0.0,0.0
2023-04-30 00:00:00,,,0.0,0.0,0.0,0.0,0.0,0.0,0.0,0.0,0.0,0.0,0.0,,0.0,,0.0,0.0,0.0,0.0
2023-04-30 04:00:00,,,0.0,0.0,0.0,0.0,0.0,0.0,,,0.0,0.0,0.0,,0.0,,0.0,,0.0,0.0
2023-04-30 08:00:00,,,0.0,0.0,0.0,0.0,0.0,0.0,,,0.0,0.0,0.0,,0.0,,0.0,,0.0,0.0
2023-04-30 12:00:00,,,0.0,0.0,0.0,0.0,0.0,0.0,,,0.0,0.0,0.0,,0.0,,0.0,,0.0,0.0
2023-04-30 16:00:00,,,0.0,0.0,0.0,0.0,0.0,0.0,,,0.0,0.0,0.0,,0.0,,0.0,,0.0,0.0
2023-04-30 20:00:00,,,0.0,0.0,0.0,0.0,0.0,0.0,,,0.0,0.0,0.0,,0.0,,0.0,,0.0,0.0
2023-05-01 00:00:00,,,0.0,0.0,0.0,0.0,0.0,0.0,0.0,0.0,0.0,0.0,0.0,,0.0,,0.0,0.0,0.0,0.0
2023-05-01 04:00:00,,,0.0,0.0,0.0,0.0,0.0,0.0,,,0.0,0.0,0.0,,0.0,,0.0,,0.0,0.0
2023-05-01 08:00:00,,,0.0,0.0,0.0,0.0,0.0,0.0,,,0.0,0.0,0.0,,0.0,,0.0,,0.0,0.0
2023-05-01 12:00:00,,,0.0,0.0,0.0,0.0,0.0,0.0,,,0.0,0.0,0.0,,0.0,,0.0,,0.0,0.0
2023-05-01 16:00:00,,,0.0,0.0,0.0,0.0,0.0,0.0,,,0.0,0.0,0.0,,0.0,,0.0,,0.0,0.0
2023-05-01 20:00:00,,,0.0,0.0,0.0,0.0,0.0,0.0,,,0.0,0.0,0.0,,0.0,,0.0,,0.0,0.0
2023-05-02 00:00:00,,,0.0,0.0,0.0,0.0,0.0,0.0,0.0,0.0,0.0,0.0,0.0,,0.0,,0.0,0.0,0.0,0.0
2023-05-02 04:00:00,,,0.0,0.0,0.0,0.0,0.0,0.0,,,0.0,0.0,0.0,,0.0,,0.0,,0.0,0.0
2023-05-02 08:00:00,,,0.0,0.0,0.0,0.0,0.0,0.0,,,0.0,0.0,0.0,,0.0,,0.0,,0.0,0.0
2023-05-02 12:00:00,,,0.0,0.0,0.0,0.0,0.0,0.0,,,0.0,0.0,0.0,,0.0,,0.0,,0.0,0.0
2023-05-02 16:00:00,,,0.0,0.0,0.0,0.0,0.0,0.0,,,0.0,0.0,0.0,,0.0,,0.0,,0.0,0.0
2023-05-02 20:00:00,,,0.0,0.0,0.0,0.0,0.0,0.0,,,0.0,0.0,0.0,,0.0,,0.0,,0.0,0.0
2023-05-03 00:00:00,,,0.0,0.0,0.0,0.0,0.0,0.0,0.0,0.0,0.0,0.0,0.0,,0.0,,0.0,0.0,0.0,0.0
2023-05-03 04:00:00,,,0.0,0.0,0.0,0.0,0.0,0.0,,,0.0,0.0,0.0,,0.0,,0.0,,0.0,0.0
2023-05-03 08:00:00,,,0.0,0.0,0.0,0.0,0.0,0.0,,,0.0,0.0,0.0,,0.0,,0.0,,0.0,0.0
2023-05-03 12:00:00,,,0.0,0.0,0.0,0.0,0.0,0.0,,,0.0,0.0,0.0,,0.0,,0.0,,0.0,0.0
2023-05-03 16:00:00,,,0.0,0.0,0.0,0.0,0.0,0.0,,,0.0,0.0,0.0,,0.0,,0.0,,0.0,0.0
2023-05-03 20:00:00,,,0.0,0.0,0.0,0.0,0.0,0.0,,,0.0,0.0,0.0,,0.0,,0.0,,0.0,0.0
2023-05-04 00:00:00,,,0.0,0.0,0.0,0.0,0.0,0.0,0.0,0.0,0.0,0.0,0.0,,0.0,,0.0,0.0,0.0,0.0
2023-05-04 04:00:00,,,0.0,0.0,0.0,0.0,0.0,0.0,,,0.0,0.0,0.0,,0.0,,0.0,,0.0,0.0
2023-05-04 08:00:00,,,0.0,0.0,0.0,0.0,0.0,0.0,,,0.0,0.0,0.0,,0.0,,0.0,,0.0,0.0
2023-05-04 12:00:00,,,0.0,0.0,0.0,0.0,0.0,0.0,,,0.0,0.0,0.0,,0.0,,0.0,,0.0,0.0
2023-05-04 16:00:00,,,0.0,0.0,0.0,0.0,0.0,0.0,,,0.0,0.0,0.0,,0.0,,0.0,,0.0,0.0
2023-05-04 20:00:00,,,0.0,0.0,0.0,0.0,0.0,0.0,,,0.0,0.0,0.0,,0.0,,0.0,,0.0,0.0
2023-05-05 00:00:00,,,0.0,0.0,0.0,0.0,0.0,0.0,0.0,0.0,0.0,0.0,0.0,,0.0,,0.0,0.0,0.0,0.0
2023-05-05 04:00:00,,,0.0,0.0,0.0,0.0,0.0,0.0,,,0.0,0.0,0.0,,0.0,,0.0,,0.0,0.0
2023-05-05 08:00:00,,,0.0,0.0,0.0,0.0,0.0,0.0,,,0.0,0.0,0.0,,0.0,,0.0,,0.0,0.0
2023-05-05 12:00:00,,,0.0,0.0,0.0,0.0,0.0,0.0,,,0.0,0.0,0.0,,0.0,,0.0,,0.0,0.0
2023-05-05 16:00:00,,,0.0,0.0,0.0,0.0,0.0,0.0,,,0.0,0.0,0.0,,0.0,,0.0,,0.0,0.0
2023-05-05 20:00:00,,,0.0,0.0,0.0,0.0,0.0,0.0,,,0.0,0.0,0.0,,0.0,,0.0,,0.0,0.0
2023-05-06 00:00:00,,,0.0,0.0,0.0,0.0,0.0,0.0,0.0,0.0,0.0,0.0,0.0,,0.0,,0.0,0.0,0.0,0.0
2023-05-06 04:00:00,,,0.0,0.0,0.0,0.0,0.0,0.0,,,0.0,0.0,0.0,,0.0,,0.0,,0.0,0.0
2023-05-06 08:00:00,,,0.0,0.0,0.0,0.0,0.0,0.0,,,0.0,0.0,0.0,,0.0,,0.0,,0.0,0.0
2023-05-06 12:00:00,,,0.0,0.0,0.0,0.0,0.0,0.0,,,0.0,0.0,0.0,,0.0,,0.0,,0.0,0.0
2023-05-06 16:00:00,,,0.0,0.0,0.0,0.0,0.0,0.0,,,0.0,0.0,0.0,,0.0,,0.0,,0.0,0.0
2023-05-06 20:00:00,,,0.0,0.0,0.0,0.0,0.0,0.0,,,0.0,0.0,0.0,,0.0,,0.0,,0.0,0.0
2023-05-07 00:00:00,,,0.0,0.0,0.0,0.0,0.0,0.0,0.0,0.0,0.0,0.0,0.0,,0.0,,0.0,0.0,0.0,0.0
2023-05-07 04:00:00,,,0.0,0.0,0.0,0.0,0.0,0.0,,,0.0,0.0,0.0,,0.0,,0.0,,0.0,0.0
2023-05-07 08:00:00,,,0.0,0.0,0.0,0.0,0.0,0.0,,,0.0,0.0,0.0,,0.0,,0.0,,0.0,0.0
2023-05-07 12:00:00,,,0.0,0.0,0.0,0.0,0.0,0.0,,,0.0,0.0,0.0,,0.0,,0.0,,0.0,0.0
2023-05-07 16:00:00,,,0.0,0.0,0.0,0.0,0.0,0.0,,,0.0,0.0,0.0,,0.0,,0.0,,0.0,0.0
2023-05-07 20:00:00,,,0.0,0.0,0.0,0.0,0.0,0.0,,,0.0,0.0,0.0,,0.0,,0.0,,0.0,0.0
2023-05-08 00:00:00,,,0.0,0.0,0.0,0.0,0.0,0.0,0.0,0.0,0.0,0.0,0.0,,0.0,,0.0,0.0,0.0,0.0
2023-05-08 04:00:00,,,0.0,0.0,0.0,0.0,0.0,0.0,,,0.0,0.0,0.0,,0.0,,0.0,,0.0,0.0
2023-05-08 08:00:00,,,0.0,0.0,0.0,0.0,0.0,0.0,,,0.0,0.0,0.0,,0.0,,0.0,,0.0,0.0
2023-05-08 12:00:00,,,0.0,0.0,0.0,0.0,0.0,0.0,,,0.0,0.0,0.0,,0.0,,0.0,,0.0,0.0
2023-05-08 16:00:00,,,0.0,0.0,0.0,0.0,0.0,0.0,,,0.0,0.0,0.0,,0.0,,0.0,,0.0,0.0
2023-05-08 20:00:00,,,0.0,0.0,0.0,0.0,0.0,0.0,,,0.0,0.0,0.0,,0.0,,0.0,,0.0,0.0
2023-05-09 00:00:00,,,0.0,0.0,0.0,0.0,0.0,0.0,0.0,0.0,0.0,0.0,0.0,,0.0,,0.0,0.0,0.0,0.0
2023-05-09 04:00:00,,,0.0,0.0,0.0,0.0,0.0,0.0,,,0.0,0.0,0.0,,0.0,,0.0,,0.0,0.0
2023-05-09 08:00:00,,,0.0,0.0,0.0,0.0,0.0,0.0,,,0.0,0.0,0.0,,0.0,,0.0,,0.0,0.0
2023-05-09 12:00:00,,,0.0,0.0,0.0,0.0,0.0,0.0,,,0.0,0.0,0.0,,0.0,,0.0,,0.0,0.0
2023-05-09 16:00:00,,,0.0,0.0,0.0,0.0,0.0,0.0,,,0.0,0.0,0.0,,0.0,,0.0,,0.0,0.0
2023-05-09 20:00:00,,,0.0,0.0,0.0,0.0,0.0,0.0,,,0.0,0.0,0.0,,0.0,,0.0,,0.0,0.0
2023-05-10 00:00:00,,,0.0,0.0,0.0,0.0,0.0,0.0,0.0,0.0,0.0,0.0,0.0,,0.0,,0.0,0.0,0.0,0.0
2023-05-10 04:00:00,,,0.0,0.0,0.0,0.0,0.0,0.0,,,0.0,0.0,0.0,,0.0,,0.0,,0.0,0.0
2023-05-10 08:00:00,,,0.0,0.0,0.0,0.0,0.0,0.0,,,0.0,0.0,0.0,,0.0,,0.0,,0.0,0.0
2023-05-10 12:00:00,,,0.0,0.0,0.0,0.0,0.0,0.0,,,0.0,0.0,0.0,,0.0,,0.0,,0.0,0.0
2023-05-10 16:00:00,,,0.0,0.0,0.0,0.0,0.0,0.0,,,0.0,0.0,0.0,,0.0,,0.0,,0.0,0.0
2023-05-10 20:00:00,,,0.0,0.0,0.0,0.0,0.0,0.0,,,0.0,0.0,0.0,,0.0,,0.0,,0.0,0.0
2023-05-11 00:00:00,,,0.0,0.0,0.0,0.0,0.0,0.0,0.0,0.0,0.0,0.0,0.0,,0.0,,0.0,0.0,0.0,0.0
2023-05-11 04:00:00,,,0.0,0.0,0.0,0.0,0.0,0.0,,,0.0,0.0,0.0,,0.0,,0.0,,0.0,0.0
2023-05-11 08:00:00,,,0.0,0.0,0.0,0.0,0.0,0.0,,,0.0,0.0,0.0,,0.0,,0.0,,0.0,0.0
2023-05-11 12:00:00,,,0.0,0.0,0.0,0.0,0.0,0.0,,,0.0,0.0,0.0,,0.0,,0.0,,0.0,0.0
2023-05-11 16:00:00,,,0.0,0.0,0.0,0.0,0.0,0.0,,,0.0,0.0,0.0,,0.0,,0.0,,0.0,0.0
2023-05-11 20:00:00,,,0.0,0.0,0.0,0.0,0.0,0.0,,,0.0,0.0,0.0,,0.0,,0.0,,0.0,0.0
2023-05-12 00:00:00,,,0.0,0.0,0.0,0.0,0.0,0.0,0.0,0.0,0.0,0.0,0.0,,0.0,,0.0,0.0,0.0,0.0
2023-05-12 04:00:00,,,0.0,0.0,0.0,0.0,0.0,0.0,,,0.0,0.0,0.0,,0.0,,0.0,,0.0,0.0
2023-05-12 08:00:00,,,0.0,0.0,0.0,0.0,0.0,0.0,,,0.0,0.0,0.0,,0.0,,0.0,,0.0,0.0
2023-05-12 12:00:00,,,0.0,0.0,0.0,0.0,0.0,0.0,,,0.0,0.0,0.0,,0.0,,0.0,,0.0,0.0
2023-05-12 16:00:00,,,0.0,0.0,0.0,0.0,0.0,0.0,,,0.0,0.0,0.0,,0.0,,0.0,,0.0,0.0
2023-05-12 20:00:00,,,0.0,0.0,0.0,0.0,0.0,0.0,,,0.0,0.0,0.0,,0.0,,0.0,,0.0,0.0
2023-05-13 00:00:00,,,0.0,0.0,0.0,0.0,0.0,0.0,0.0,0.0,0.0,0.0,0.0,,0.0,,0.0,0.0,0.0,0.0
2023-05-13 04:00:00,,,0.0,0.0,0.0,0.0,0.0,0.0,,,0.0,0.0,0.0,,0.0,,0.0,,0.0,0.0
2023-05-13 08:00:00,,,0.0,0.0,0.0,0.0,0.0,0.0,,,0.0,0.0,0.0,,0.0,,0.0,,0.0,0.0
2023-05-13 12:00:00,,,0.0,0.0,0.0,0.0,0.0,0.0,,,0.0,0.0,0.0,,0.0,,0.0,,0.0,0.0
2023-05-13 16:00:00,,,0.0,0.0,0.0,0.0,0.0,0.0,,,0.0,0.0,0.0,,0.0,,0.0,,0.0,0.0
2023-05-13 20:00:00,,,0.0,0.0,0.0,0.0,0.0,0.0,,,0.0,0.0,0.0,,0.0,,0.0,,0.0,0.0
2023-05-14 00:00:00,,,0.0,0.0,0.0,0.0,0.0,0.0,0.0,0.0,0.0,0.0,0.0,,0.0,,0.0,0.0,0.0,0.0
2023-05-14 04:00:00,,,0.0,0.0,0.0,0.0,0.0,0.0,,,0.0,0.0,0.0,,0.0,,0.0,,0.0,0.0
2023-05-14 08:00:00,,,0.0,0.0,0.0,0.0,0.0,0.0,,,0.0,0.0,0.0,,0.0,,0.0,,0.0,0.0
2023-05-14 12:00:00,,,0.0,0.0,0.0,0.0,0.0,0.0,,,0.0,0.0,0.0,,0.0,,0.0,,0.0,0.0
2023-05-14 16:00:00,,,0.0,0.0,0.0,0.0,0.0,0.0,,,0.0,0.0,0.0,,0.0,,0.0,,0.0,0.0
2023-05-14 20:00:00,,,0.0,0.0,0.0,0.0,0.0,0.0,,,0.0,0.0,0.0,,0.0,,0.0,,0.0,0.0
2023-05-15 00:00:00,,,0.0,0.0,0.0,0.0,0.0,0.0,0.0,0.0,0.0,0.0,0.0,,0.0,,0.0,0.0,0.0,0.0
2023-05-15 04:00:00,,,0.0,0.0,0.0,0.0,0.0,0.0,,,0.0,0.0,0.0,,0.0,,0.0,,0.0,0.0
2023-05-15 08:00:00,,,0.0,0.0,0.0,0.0,0.0,0.0,,,0.0,0.0,0.0,,0.0,,0.0,,0.0,0.0
2023-05-15 12:00:00,,,0.0,0.0,0.0,0.0,0.0,0.0,,,0.0,0.0,0.0,,0.0,,0.0,,0.0,0.0
2023-05-15 16:00:00,,,0.0,0.0,0.0,0.0,0.0,0.0,,,0.0,0.0,0.0,,0.0,,0.0,,0.0,0.0
2023-05-15 20:00:00,,,0.0,0.0,0.0,0.0,0.0,0.0,,,0.0,0.0,0.0,,0.0,,0.0,,0.0,0.0
2023-05-16 00:00:00,,,0.0,0.0,0.0,0.0,0.0,0.0,0.0,0.0,0.0,0.0,0.0,,0.0,,0.0,0.0,0.0,0.0
2023-05-16 04:00:00,,,0.0,0.0,0.0,0.0,0.0,0.0,,,0.0,0.0,0.0,,0.0,,0.0,,0.0,0.0
2023-05-16 08:00:00,,,0.0,0.0,0.0,0.0,0.0,0.0,,,0.0,0.0,0.0,,0.0,,0.0,,0.0,0.0
2023-05-16 12:00:00,,,0.0,0.0,0.0,0.0,0.0,0.0,,,0.0,0.0,0.0,,0.0,,0.0,,0.0,0.0
2023-05-16 16:00:00,,,0.0,0.0,0.0,0.0,0.0,0.0,,,0.0,0.0,0.0,,0.0,,0.0,,0.0,0.0
2023-05-16 20:00:00,,,0.0,0.0,0.0,0.0,0.0,0.0,,,0.0,0.0,0.0,,0.0,,0.0,,0.0,0.0
2023-05-17 00:00:00,,,0.0,0.0,0.0,0.0,0.0,0.0,0.0,0.0,0.0,0.0,0.0,,0.0,,0.0,0.0,0.0,0.0
2023-05-17 04:00:00,,,0.0,0.0,0.0,0.0,0.0,0.0,,,0.0,0.0,0.0,,0.0,,0.0,,0.0,0.0
2023-05-17 08:00:00,,,0.0,0.0,0.0,0.0,0.0,0.0,,,0.0,0.0,0.0,,0.0,,0.0,,0.0,0.0
2023-05-17 12:00:00,,,0.0,0.0,0.0,0.0,0.0,0.0,,,0.0,0.0,0.0,,0.0,,0.0,,0.0,0.0
2023-05-17 16:00:00,,,0.0,0.0,0.0,0.0,0.0,0.0,,,0.0,0.0,0.0,,0.0,,0.0,,0.0,0.0
2023-05-17 20:00:00,,,0.0,0.0,0.0,0.0,0.0,0.0,,,0.0,0.0,0.0,,0.0,,0.0,,0.0,0.0
2023-05-18 00:00:00,,,0.0,0.0,0.0,0.0,0.0,0.0,0.0,0.0,0.0,0.0,0.0,,0.0,,0.0,0.0,0.0,0.0
2023-05-18 04:00:00,,,0.0,0.0,0.0,0.0,0.0,0.0,,,0.0,0.0,0.0,,0.0,,0.0,,0.0,0.0
2023-05-18 08:00:00,,,0.0,0.0,0.0,0.0,0.0,0.0,,,0.0,0.0,0.0,,0.0,,0.0,,0.0,0.0
2023-05-18 12:00:00,,,0.0,0.0,0.0,0.0,0.0,0.0,,,0.0,0.0,0.0,,0.0,,0.0,,0.0,0.0
2023-05-18 16:00:00,,,0.0,0.0,0.0,0.0,0.0,0.0,,,0.0,0.0,0.0,,0.0,,0.0,,0.0,0.0
2023-05-18 20:00:00,,,0.0,0.0,0.0,0.0,0.0,0.0,,,0.0,0.0,0.0,,0.0,,0.0,,0.0,0.0
2023-05-19 00:00:00,,,0.0,0.0,0.0,0.0,0.0,0.0,0.0,0.0,0.0,0.0,0.0,,0.0,,0.0,0.0,0.0,0.0
2023-05-19 04:00:00,,,0.0,0.0,0.0,0.0,0.0,0.0,,,0.0,0.0,0.0,,0.0,,0.0,,0.0,0.0
2023-05-19 08:00:00,,,0.0,0.0,0.0,0.0,0.0,0.0,,,0.0,0.0,0.0,,0.0,,0.0,,0.0,0.0
2023-05-19 12:00:00,,,0.0,0.0,0.0,0.0,0.0,0.0,,,0.0,0.0,0.0,,0.0,,0.0,,0.0,0.0
2023-05-19 16:00:00,,,0.0,0.0,0.0,0.0,0.0,0.0,,,0.0,0.0,0.0,,0.0,,0.0,,0.0,0.0
2023-05-19 20:00:00,,,0.0,0.0,0.0,0.0,0.0,0.0,,,0.0,0.0,0.0,,0.0,,0.0,,0.0,0.0
2023-05-20 00:00:00,,,0.0,0.0,0.0,0.0,0.0,0.0,0.0,0.0,0.0,0.0,0.0,,0.0,,0.0,0.0,0.0,0.0
2023-05-20 04:00:00,,,0.0,0.0,0.0,0.0,0.0,0.0,,,0.0,0.0,0.0,,0.0,,0.0,,0.0,0.0
2023-05-20 08:00:00,,,0.0,0.0,0.0,0.0,0.0,0.0,,,0.0,0.0,0.0,,0.0,,0.0,,0.0,0.0
2023-05-20 12:00:00,,,0.0,0.0,0.0,0.0,0.0,0.0,,,0.0,0.0,0.0,,0.0,,0.0,,0.0,0.0
2023-05-20 16:00:00,,,0.0,0.0,0.0,0.0,0.0,0.0,,,0.0,0.0,0.0,,0.0,,0.0,,0.0,0.0
2023-05-20 20:00:00,,,0.0,0.0,0.0,0.0,0.0,0.0,,,0.0,0.0,0.0,,0.0,,0.0,,0.0,0.0
2023-05-21 00:00:00,,,0.0,0.0,0.0,0.0,0.0,0.0,0.0,0.0,0.0,0.0,0.0,,0.0,,0.0,0.0,0.0,0.0
2023-05-21 04:00:00,,,0.0,0.0,0.0,0.0,0.0,0.0,,,0.0,0.0,0.0,,0.0,,0.0,,0.0,0.0
2023-05-21 08:00:00,,,0.0,0.0,0.0,0.0,0.0,0.0,,,0.0,0.0,0.0,,0.0,,0.0,,0.0,0.0
2023-05-21 12:00:00,,,0.0,0.0,0.0,0.0,0.0,0.0,,,0.0,0.0,0.0,,0.0,,0.0,,0.0,0.0
2023-05-21 16:00:00,,,0.0,0.0,0.0,0.0,0.0,0.0,,,0.0,0.0,0.0,,0.0,,0.0,,0.0,0.0
2023-05-21 20:00:00,,,0.0,0.0,0.0,0.0,0.0,0.0,,,0.0,0.0,0.0,,0.0,,0.0,,0.0,0.0
2023-05-22 00:00:00,,,0.0,0.0,0.0,0.0,0.0,0.0,0.0,0.0,0.0,0.0,0.0,,0.0,,0.0,0.0,0.0,0.0
2023-05-22 04:00:00,,,0.0,0.0,0.0,0.0,0.0,0.0,,,0.0,0.0,0.0,,0.0,,0.0,,0.0,0.0
2023-05-22 08:00:00,,,0.0,0.0,0.0,0.0,0.0,0.0,,,0.0,0.0,0.0,,0.0,,0.0,,0.0,0.0
2023-05-22 12:00:00,,,0.0,0.0,0.0,0.0,0.0,0.0,,,0.0,0.0,0.0,,0.0,,0.0,,0.0,0.0
2023-05-22 16:00:00,,,0.0,0.0,0.0,0.0,0.0,0.0,,,0.0,0.0,0.0,,0.0,,0.0,,0.0,0.0
2023-05-22 20:00:00,,,0.0,0.0,0.0,0.0,0.0,0.0,,,0.0,0.0,0.0,,0.0,,0.0,,0.0,0.0
2023-05-23 00:00:00,,,0.0,0.0,0.0,0.0,0.0,0.0,0.0,0.0,0.0,0.0,0.0,,0.0,,0.0,0.0,0.0,0.0
2023-05-23 04:00:00,,,0.0,0.0,0.0,0.0,0.0,0.0,,,0.0,0.0,0.0,,0.0,,0.0,,0.0,0.0
2023-05-23 08:00:00,,,0.0,0.0,0.0,0.0,0.0,0.0,,,0.0,0.0,0.0,,0.0,,0.0,,0.0,0.0
2023-05-23 12:00:00,,,0.0,0.0,0.0,0.0,0.0,0.0,,,0.0,0.0,0.0,,0.0,,0.0,,0.0,0.0
2023-05-23 16:00:00,,,0.0,0.0,0.0,0.0,0.0,0.0,,,0.0,0.0,0.0,,0.0,,0.0,,0.0,0.0
2023-05-23 20:00:00,,,0.0,0.0,0.0,0.0,0.0,0.0,,,0.0,0.0,0.0,,0.0,,0.0,,0.0,0.0
2023-05-24 00:00:00,,,0.0,0.0,0.0,0.0,0.0,0.0,0.0,0.0,0.0,0.0,0.0,,0.0,,0.0,0.0,0.0,0.0
2023-05-24 04:00:00,,,0.0,0.0,0.0,0.0,0.0,0.0,,,0.0,0.0,0.0,,0.0,,0.0,,0.0,0.0
2023-05-24 08:00:00,,,0.0,0.0,0.0,0.0,0.0,0.0,,,0.0,0.0,0.0,,0.0,,0.0,,0.0,0.0
2023-05-24 12:00:00,,,0.0,0.0,0.0,0.0,0.0,0.0,,,0.0,0.0,0.0,,0.0,,0.0,,0.0,0.0
2023-05-24 16:00:00,,,0.0,0.0,0.0,0.0,0.0,0.0,,,0.0,0.0,0.0,,0.0,,0.0,,0.0,0.0
2023-05-24 20:00:00,,,0.0,0.0,0.0,0.0,0.0,0.0,,,0.0,0.0,0.0,,0.0,,0.0,,0.0,0.0
2023-05-25 00:00:00,,,0.0,0.0,0.0,0.0,0.0,0.0,0.0,0.0,0.0,0.0,0.0,,0.0,,0.0,0.0,0.0,0.0
2023-05-25 04:00:00,,,0.0,0.0,0.0,0.0,0.0,0.0,,,0.0,0.0,0.0,,0.0,,0.0,,0.0,0.0
2023-05-25 08:00:00,,,0.0,0.0,0.0,0.0,0.0,0.0,,,0.0,0.0,0.0,,0.0,,0.0,,0.0,0.0
2023-05-25 12:00:00,,,0.0,0.0,0.0,0.0,0.0,0.0,,,0.0,0.0,0.0,,0.0,,0.0,,0.0,0.0
2023-05-25 16:00:00,,,0.0,0.0,0.0,0.0,0.0,0.0,,,0.0,0.0,0.0,,0.0,,0.0,,0.0,0.0
2023-05-25 20:00:00,,,0.0,0.0,0.0,0.0,0.0,0.0,,,0.0,0.0,0.0,,0.0,,0.0,,0.0,0.0
2023-05-26 00:00:00,,,0.0,0.0,0.0,0.0,0.0,0.0,0.0,0.0,0.0,0.0,0.0,,0.0,,0.0,0.0,0.0,0.0
2023-05-26 04:00:00,,,0.0,0.0,0.0,0.0,0.0,0.0,,,0.0,0.0,0.0,,0.0,,0.0,,0.0,0.0
2023-05-26 08:00:00,,,0.0,0.0,0.0,0.0,0.0,0.0,,,0.0,0.0,0.0,,0.0,,0.0,,0.0,0.0
2023-05-26 12:00:00,,,0.0,0.0,0.0,0.0,0.0,0.0,,,0.0,0.0,0.0,,0.0,,0.0,,0.0,0.0
2023-05-26 16:00:00,,,0.0,0.0,0.0,0.0,0.0,0.0,,,0.0,0.0,0.0,,0.0,,0.0,,0.0,0.0
2023-05-26 20:00:00,,,0.0,0.0,0.0,0.0,0.0,0.0,,,0.0,0.0,0.0,,0.0,,0.0,,0.0,0.0
2023-05-27 00:00:00,,,0.0,0.0,0.0,0.0,0.0,0.0,0.0,0.0,0.0,0.0,0.0,,0.0,,0.0,0.0,0.0,0.0
2023-05-27 04:00:00,,,0.0,0.0,0.0,0.0,0.0,0.0,,,0.0,0.0,0.0,,0.0,,0.0,,0.0,0.0
2023-05-27 08:00:00,,,0.0,0.0,0.0,0.0,0.0,0.0,,,0.0,0.0,0.0,,0.0,,0.0,,0.0,0.0
2023-05-27 12:00:00,,,0.0,0.0,0.0,0.0,0.0,0.0,,,0.0,0.0,0.0,,0.0,,0.0,,0.0,0.0
2023-05-27 16:00:00,,,0.0,0.0,0.0,0.0,0.0,0.0,,,0.0,0.0,0.0,,0.0,,0.0,,0.0,0.0
2023-05-27 20:00:00,,,0.0,0.0,0.0,0.0,0.0,0.0,,,0.0,0.0,0.0,,0.0,,0.0,,0.0,0.0
2023-05-28 00:00:00,,,0.0,0.0,0.0,0.0,0.0,0.0,0.0,0.0,0.0,0.0,0.0,,0.0,,0.0,0.0,0.0,0.0
2023-05-28 04:00:00,,,0.0,0.0,0.0,0.0,0.0,0.0,,,0.0,0.0,0.0,,0.0,,0.0,,0.0,0.0
2023-05-28 08:00:00,,,0.0,0.0,0.0,0.0,0.0,0.0,,,0.0,0.0,0.0,,0.0,,0.0,,0.0,0.0
2023-05-28 12:00:00,,,0.0,0.0,0.0,0.0,0.0,0.0,,,0.0,0.0,0.0,,0.0,,0.0,,0.0,0.0
2023-05-28 16:00:00,,,0.0,0.0,0.0,0.0,0.0,0.0,,,0.0,0.0,0.0,,0.0,,0.0,,0.0,0.0
2023-05-28 20:00:00,,,0.0,0.0,0.0,0.0,0.0,0.0,,,0.0,0.0,0.0,,0.0,,0.0,,0.0,0.0
2023-05-29 00:00:00,,,0.0,0.0,0.0,0.0,0.0,0.0,0.0,0.0,0.0,0.0,0.0,,0.0,,0.0,0.0,0.0,0.0
2023-05-29 04:00:00,,,0.0,0.0,0.0,0.0,0.0,0.0,,,0.0,0.0,0.0,,0.0,,0.0,,0.0,0.0
2023-05-29 08:00:00,,,0.0,0.0,0.0,0.0,0.0,0.0,,,0.0,0.0,0.0,,0.0,,0.0,,0.0,0.0
2023-05-29 12:00:00,,,0.0,0.0,0.0,0.0,0.0,0.0,,,0.0,0.0,0.0,,0.0,,0.0,,0.0,0.0
2023-05-29 16:00:00,,,0.0,0.0,0.0,0.0,0.0,0.0,,,0.0,0.0,0.0,,0.0,,0.0,,0.0,0.0
2023-05-29 20:00:00,,,0.0,0.0,0.0,0.0,0.0,0.0,,,0.0,0.0,0.0,,0.0,,0.0,,0.0,0.0
2023-05-30 00:00:00,,,0.0,0.0,0.0,0.0,0.0,0.0,0.0,0.0,0.0,0.0,0.0,,0.0,,0.0,0.0,0.0,0.0
2023-05-30 04:00:00,,,0.0,0.0,0.0,0.0,0.0,0.0,,,0.0,0.0,0.0,,0.0,,0.0,,0.0,0.0
2023-05-30 08:00:00,,,0.0,0.0,0.0,0.0,0.0,0.0,,,0.0,0.0,0.0,,0.0,,0.0,,0.0,0.0
2023-05-30 12:00:00,,,0.0,0.0,0.0,0.0,0.0,0.0,,,0.0,0.0,0.0,,0.0,,0.0,,0.0,0.0
2023-05-30 16:00:00,,,0.0,0.0,0.0,0.0,0.0,0.0,,,0.0,0.0,0.0,,0.0,,0.0,,0.0,0.0
2023-05-30 20:00:00,,,0.0,0.0,0.0,0.0,0.0,0.0,,,0.0,0.0,0.0,,0.0,,0.0,,0.0,0.0
2023-05-31 00:00:00,,,0.0,0.0,0.0,0.0,0.0,0.0,0.0,0.0,0.0,0.0,0.0,,0.0,,0.0,0.0,0.0,0.0
2023-05-31 04:00:00,,,0.0,0.0,0.0,0.0,0.0,0.0,,,0.0,0.0,0.0,,0.0,,0.0,,0.0,0.0
2023-05-31 08:00:00,,,0.0,0.0,0.0,0.0,0.0,0.0,,,0.0,0.0,0.0,,0.0,,0.0,,0.0,0.0
2023-05-31 12:00:00,,,0.0,0.0,0.0,0.0,0.0,0.0,,,0.0,0.0,0.0,,0.0,,0.0,,0.0,0.0
2023-05-31 16:00:00,,,0.0,0.0,0.0,0.0,0.0,0.0,,,0.0,0.0,0.0,,0.0,,0.0,,0.0,0.0
2023-05-31 20:00:00,,,0.0,0.0,0.0,0.0,0.0,0.0,,,0.0,0.0,0.0,,0.0,,0.0,,0.0,0.0
2023-06-01 00:00:00,,,0.0,0.0,0.0,0.0,0.0,0.0,0.0,0.0,0.0,0.0,0.0,,0.0,,0.0,0.0,0.0,0.0
2023-06-01 04:00:00,,,0.0,0.0,0.0,0.0,0.0,0.0,,,0.0,0.0,0.0,,0.0,,0.0,,0.0,0.0
2023-06-01 08:00:00,,,0.0,0.0,0.0,0.0,0.0,0.0,,,0.0,0.0,0.0,,0.0,,0.0,,0.0,0.0
2023-06-01 12:00:00,,,0.0,0.0,0.0,0.0,0.0,0.0,,,0.0,0.0,0.0,,0.0,,0.0,,0.0,0.0
2023-06-01 16:00:00,,,0.0,0.0,0.0,0.0,0.0,0.0,,,0.0,0.0,0.0,,0.0,,0.0,,0.0,0.0
2023-06-01 20:00:00,,,0.0,0.0,0.0,0.0,0.0,0.0,,,0.0,0.0,0.0,,0.0,,0.0,,0.0,0.0
2023-06-02 00:00:00,,,0.0,0.0,0.0,0.0,0.0,0.0,0.0,0.0,0.0,0.0,0.0,,0.0,,0.0,0.0,0.0,0.0
2023-06-02 04:00:00,,,0.0,0.0,0.0,0.0,0.0,0.0,,,0.0,0.0,0.0,,0.0,,0.0,,0.0,0.0
2023-06-02 08:00:00,,,0.0,0.0,0.0,0.0,0.0,0.0,,,0.0,0.0,0.0,,0.0,,0.0,,0.0,0.0
2023-06-02 12:00:00,,,0.0,0.0,0.0,0.0,0.0,0.0,,,0.0,0.0,0.0,,0.0,,0.0,,0.0,0.0
2023-06-02 16:00:00,,,0.0,0.0,0.0,0.0,0.0,0.0,,,0.0,0.0,0.0,,0.0,,0.0,,0.0,0.0
2023-06-02 20:00:00,,,0.0,0.0,0.0,0.0,0.0,0.0,,,0.0,0.0,0.0,,0.0,,0.0,,0.0,0.0
2023-06-03 00:00:00,,,0.0,0.0,0.0,0.0,0.0,0.0,0.0,0.0,0.0,0.0,0.0,,0.0,,0.0,0.0,0.0,0.0
2023-06-03 04:00:00,,,0.0,0.0,0.0,0.0,0.0,0.0,,,0.0,0.0,0.0,,0.0,,0.0,,0.0,0.0
2023-06-03 08:00:00,,,0.0,0.0,0.0,0.0,0.0,0.0,,,0.0,0.0,0.0,,0.0,,0.0,,0.0,0.0
2023-06-03 12:00:00,,,0.0,0.0,0.0,0.0,0.0,0.0,,,0.0,0.0,0.0,,0.0,,0.0,,0.0,0.0
2023-06-03 16:00:00,,,0.0,0.0,0.0,0.0,0.0,0.0,,,0.0,0.0,0.0,,0.0,,0.0,,0.0,0.0
2023-06-03 20:00:00,,,0.0,0.0,0.0,0.0,0.0,0.0,,,0.0,0.0,0.0,,0.0,,0.0,,0.0,0.0
2023-06-04 00:00:00,,,0.0,0.0,0.0,0.0,0.0,0.0,0.0,0.0,0.0,0.0,0.0,,0.0,,0.0,0.0,0.0,0.0
2023-06-04 04:00:00,,,0.0,0.0,0.0,0.0,0.0,0.0,,,0.0,0.0,0.0,,0.0,,0.0,,0.0,0.0
2023-06-04 08:00:00,,,0.0,0.0,0.0,0.0,0.0,0.0,,,0.0,0.0,0.0,,0.0,,0.0,,0.0,0.0
2023-06-04 12:00:00,,,0.0,0.0,0.0,0.0,0.0,0.0,,,0.0,0.0,0.0,,0.0,,0.0,,0.0,0.0
2023-06-04 16:00:00,,,0.0,0.0,0.0,0.0,0.0,0.0,,,0.0,0.0,0.0,,0.0,,0.0,,0.0,0.0
2023-06-04 20:00:00,,,0.0,0.0,0.0,0.0,0.0,0.0,,,0.0,0.0,0.0,,0.0,,0.0,,0.0,0.0
2023-06-05 00:00:00,,,0.0,0.0,0.0,0.0,0.0,0.0,0.0,0.0,0.0,0.0,0.0,,0.0,,0.0,0.0,0.0,0.0
2023-06-05 04:00:00,,,0.0,0.0,0.0,0.0,0.0,0.0,,,0.0,0.0,0.0,,0.0,,0.0,,0.0,0.0
2023-06-05 08:00:00,,,0.0,0.0,0.0,0.0,0.0,0.0,,,0.0,0.0,0.0,,0.0,,0.0,,0.0,0.0
2023-06-05 12:00:00,,,0.0,0.0,0.0,0.0,0.0,0.0,,,0.0,0.0,0.0,,0.0,,0.0,,0.0,0.0
2023-06-05 16:00:00,,,0.0,0.0,0.0,0.0,0.0,0.0,,,0.0,0.0,0.0,,0.0,,0.0,,0.0,0.0
2023-06-05 20:00:00,,,0.0,0.0,0.0,0.0,0.0,0.0,,,0.0,0.0,0.0,,0.0,,0.0,,0.0,0.0
2023-06-06 00:00:00,,,0.0,0.0,0.0,0.0,0.0,0.0,0.0,0.0,0.0,0.0,0.0,,0.0,,0.0,0.0,0.0,0.0
2023-06-06 04:00:00,,,0.0,0.0,0.0,0.0,0.0,0.0,,,0.0,0.0,0.0,,0.0,,0.0,,0.0,0.0
2023-06-06 08:00:00,,,0.0,0.0,0.0,0.0,0.0,0.0,,,0.0,0.0,0.0,,0.0,,0.0,,0.0,0.0
2023-06-06 12:00:00,,,0.0,0.0,0.0,0.0,0.0,0.0,,,0.0,0.0,0.0,,0.0,,0.0,,0.0,0.0
2023-06-06 16:00:00,,,0.0,0.0,0.0,0.0,0.0,0.0,,,0.0,0.0,0.0,,0.0,,0.0,,0.0,0.0
2023-06-06 20:00:00,,,0.0,0.0,0.0,0.0,0.0,0.0,,,0.0,0.0,0.0,,0.0,,0.0,,0.0,0.0
2023-06-07 00:00:00,,,0.0,0.0,0.0,0.0,0.0,0.0,0.0,0.0,0.0,0.0,0.0,,0.0,,0.0,0.0,0.0,0.0
2023-06-07 04:00:00,,,0.0,0.0,0.0,0.0,0.0,0.0,,,0.0,0.0,0.0,,0.0,,0.0,,0.0,0.0
2023-06-07 08:00:00,,,0.0,0.0,0.0,0.0,0.0,0.0,,,0.0,0.0,0.0,,0.0,,0.0,,0.0,0.0
2023-06-07 12:00:00,,,0.0,0.0,0.0,0.0,0.0,0.0,,,0.0,0.0,0.0,,0.0,,0.0,,0.0,0.0
2023-06-07 16:00:00,,,0.0,0.0,0.0,0.0,0.0,0.0,,,0.0,0.0,0.0,,0.0,,0.0,,0.0,0.0
2023-06-07 20:00:00,,,0.0,0.0,0.0,0.0,0.0,0.0,,,0.0,0.0,0.0,,0.0,,0.0,,0.0,0.0
2023-06-08 00:00:00,,,0.0,0.0,0.0,0.0,0.0,0.0,0.0,0.0,0.0,0.0,0.0,,0.0,,0.0,0.0,0.0,0.0
2023-06-08 04:00:00,,,0.0,0.0,0.0,0.0,0.0,0.0,,,0.0,0.0,0.0,,0.0,,0.0,,0.0,0.0
2023-06-08 08:00:00,,,0.0,0.0,0.0,0.0,0.0,0.0,,,0.0,0.0,0.0,,0.0,,0.0,,0.0,0.0
2023-06-08 12:00:00,,,0.0,0.0,0.0,0.0,0.0,0.0,,,0.0,0.0,0.0,,0.0,,0.0,,0.0,0.0
2023-06-08 16:00:00,,,0.0,0.0,0.0,0.0,0.0,0.0,,,0.0,0.0,0.0,,0.0,,0.0,,0.0,0.0
2023-06-08 20:00:00,,,0.0,0.0,0.0,0.0,0.0,0.0,,,0.0,0.0,0.0,,0.0,,0.0,,0.0,0.0
2023-06-09 00:00:00,,,,,,,,,0.0,0.0,0.0,0.0,,,,,,0.0,0.0,
2023-06-09 04:00:00,,,,,,,,,,,0.0,0.0,,,,,,,0.0,
2023-06-09 08:00:00,,,,,,,,,,,0.0,0.0,,,,,,,0.0,
2023-06-09 12:00:00,,,,,,,,,,,0.0,0.0,,,,,,,0.0,
2023-06-09 16:00:00,,,,,,,,,,,0.0,0.0,,,,,,,0.0,
2023-06-09 20:00:00,,,,,,,,,,,0.0,0.0,,,,,,,0.0,
2024-01-01 00:00:00,,,,,0.0,0.0,,,,,,,,,,,0.0,0.0,,
2024-01-01 04:00:00,,,,,0.0,0.0,,,,,,,,,,,0.0,,,
2024-01-01 08:00:00,,,,,0.0,0.0,,,,,,,,,,,0.0,,,
2024-01-01 12:00:00,,,,,0.0,0.0,,,,,,,,,,,0.0,,,
2024-01-01 16:00:00,,,,,0.0,0.0,,,,,,,,,,,0.0,,,
2024-01-01 20:00:00,,,,,0.0,0.0,,,,,,,,,,,0.0,,,
2024-01-02 00:00:00,,,,,0.0,0.0,,,,,,,,,,,0.0,0.0,,
2024-01-02 04:00:00,,,,,0.0,0.0,,,,,,,,,,,0.0,,,
2024-01-02 08:00:00,,,,,0.0,0.0,,,,,,,,,,,0.0,,,
2024-01-02 12:00:00,,,,,0.0,0.0,,,,,,,,,,,0.0,,,
2024-01-02 16:00:00,,,,,0.0,0.0,,,,,,,,,,,0.0,,,
2024-01-02 20:00:00,,,,,0.0,0.0,,,,,,,,,,,0.0,,,
2024-01-03 00:00:00,,,,,0.0,0.0,,,,,,,,,,,0.0,0.0,,
2024-01-03 04:00:00,,,,,0.0,0.0,,,,,,,,,,,0.0,,,
2024-01-03 08:00:00,,,,,0.0,0.0,,,,,,,,,,,0.0,,,
2024-01-03 12:00:00,,,,,0.0,0.0,,,,,,,,,,,0.0,,,
2024-01-03 16:00:00,,,,,0.0,0.0,,,,,,,,,,,0.0,,,
2024-01-03 20:00:00,,,,,0.0,0.0,,,,,,,,,,,0.0,,,
2024-01-04 00:00:00,,,,,0.0,0.0,,,,,,,,,,,0.0,0.0,,
2024-01-04 04:00:00,,,,,0.0,0.0,,,,,,,,,,,0.0,,,
2024-01-04 08:00:00,,,,,0.0,0.0,,,,,,,,,,,0.0,,,
2024-01-04 12:00:00,,,,,0.0,0.0,,,,,,,,,,,0.0,,,
2024-01-04 16:00:00,,,,,0.0,0.0,,,,,,,,,,,0.0,,,
2024-01-04 20:00:00,,,,,0.0,0.0,,,,,,,,,,,0.0,,,
2024-01-05 00:00:00,,,,,0.0,0.762305557728,,,,,,,,,,,1.0,1.0,,
2024-01-05 04:00:00,,,,,0.0,0.0,,,,,,,,,,,0.0,,,
2024-01-05 08:00:00,,,,,0.0,0.0,,,,,,,,,,,0.0,,,
2024-01-05 12:00:00,,,,,0.0,0.0,,,,,,,,,,,0.0,,,
2024-01-05 16:00:00,,,,,0.0,0.0,,,,,,,,,,,0.0,,,
2024-01-05 20:00:00,,,,,0.0,0.0,,,,,,,,,,,0.0,,,
2024-01-06 00:00:00,,,,,0.0,0.0,,,,,,,,,,,0.0,0.0,,
2024-01-06 04:00:00,,,,,0.0,0.0,,,,,,,,,,,0.0,,,
2024-01-06 08:00:00,,,,,0.0,0.0,,,,,,,,,,,0.0,,,
2024-01-06 12:00:00,,,,,0.0,0.0,,,,,,,,,,,0.0,,,
2024-01-06 16:00:00,,,,,0.0,0.0,,,,,,,,,,,0.0,,,
2024-01-06 20:00:00,,,,,0.0,0.0,,,,,,,,,,,0.0,,,
2024-01-07 00:00:00,,,,,0.0,0.0,,,,,,,,,,,0.0,0.0,,
2024-01-07 04:00:00,,,,,0.0,0.0,,,,,,,,,,,0.0,,,
2024-01-07 08:00:00,,,,,0.0,0.0,,,,,,,,,,,0.0,,,
2024-01-07 12:00:00,,,,,0.0,0.0,,,,,,,,,,,0.0,,,
2024-01-07 16:00:00,,,,,0.0,0.0,,,,,,,,,,,0.0,,,
2024-01-07 20:00:00,,,,,0.0,0.0,,,,,,,,,,,0.0,,,
2024-01-08 00:00:00,,,,,0.0,0.0,,,,,,,,,,,0.0,0.0,,
2024-01-08 04:00:00,,,,,0.0,0.0,,,,,,,,,,,0.0,,,
2024-01-08 08:00:00,,,,,0.0,0.0,,,,,,,,,,,0.0,,,
2024-01-08 12:00:00,,,,,0.0,0.0,,,,,,,,,,,0.0,,,
2024-01-08 16:00:00,,,,,0.0,0.0,,,,,,,,,,,0.0,,,
2024-01-08 20:00:00,,,,,0.0,0.0,,,,,,,,,,,0.0,,,
2024-01-09 00:00:00,,,,,0.0,0.0,,,,,,,,,,,0.0,0.0,,
2024-01-09 04:00:00,,,,,0.0,0.0,,,,,,,,,,,0.0,,,
2024-01-09 08:00:00,,,,,0.0,0.0,,,,,,,,,,,0.0,,,
2024-01-09 12:00:00,,,,,0.0,0.0,,,,,,,,,,,0.0,,,
2024-01-09 16:00:00,,,,,0.0,0.0,,,,,,,,,,,0.0,,,
2024-01-09 20:00:00,,,,,0.0,0.0,,,,,,,,,,,0.0,,,
2024-01-10 00:00:00,,,,,0.0,0.0,,,,,,,,,,,0.0,0.0,,
2024-01-10 04:00:00,,,,,0.0,0.0,,,,,,,,,,,0.0,,,
2024-01-10 08:00:00,,,,,0.0,0.0,,,,,,,,,,,0.0,,,
2024-01-10 12:00:00,,,,,0.0,0.0,,,,,,,,,,,0.0,,,
2024-01-10 16:00:00,,,,,0.0,0.0,,,,,,,,,,,0.0,,,
2024-01-10 20:00:00,,,,,0.0,0.0,,,,,,,,,,,0.0,,,
2024-01-11 00:00:00,,,,,0.0,0.0,,,,,,,,,,,0.0,0.0,,
2024-01-11 04:00:00,,,,,0.0,0.0,,,,,,,,,,,0.0,,,
2024-01-11 08:00:00,,,,,0.0,0.0,,,,,,,,,,,0.0,,,
2024-01-11 12:00:00,,,,,0.0,0.0,,,,,,,,,,,0.0,,,
2024-01-11 16:00:00,,,,,0.0,0.0,,,,,,,,,,,0.0,,,
2024-01-11 20:00:00,,,,,0.0,0.0,,,,,,,,,,,0.0,,,
2024-01-12 00:00:00,,,,,0.0,0.0,,,,,,,,,,,0.0,0.0,,
2024-01-12 04:00:00,,,,,0.0,0.0,,,,,,,,,,,0.0,,,
2024-01-12 08:00:00,,,,,0.0,0.0,,,,,,,,,,,0.0,,,
2024-01-12 12:00:00,,,,,0.0,0.0,,,,,,,,,,,0.0,,,
2024-01-12 16:00:00,,,,,0.0,0.0,,,,,,,,,,,0.0,,,
2024-01-12 20:00:00,,,,,0.0,0.0,,,,,,,,,,,0.0,,,
2024-01-13 00:00:00,,,,,0.0,0.0,,,,,,,,,,,0.0,0.0,,
2024-01-13 04:00:00,,,,,0.0,0.0,,,,,,,,,,,0.0,,,
2024-01-13 08:00:00,,,,,0.0,0.0,,,,,,,,,,,0.0,,,
2024-01-13 12:00:00,,,,,0.0,0.0,,,,,,,,,,,0.0,,,
2024-01-13 16:00:00,,,,,0.0,0.0,,,,,,,,,,,0.0,,,
2024-01-13 20:00:00,,,,,0.0,0.0,,,,,,,,,,,0.0,,,
2024-01-14 00:00:00,,,,,0.0,0.0,,,,,,,,,,,0.0,0.0,,
2024-01-14 04:00:00,,,,,0.0,0.0,,,,,,,,,,,0.0,,,
2024-01-14 08:00:00,,,,,0.0,0.0,,,,,,,,,,,0.0,,,
2024-01-14 12:00:00,,,,,0.0,0.0,,,,,,,,,,,0.0,,,
2024-01-14 16:00:00,,,,,0.0,0.0,,,,,,,,,,,0.0,,,
2024-01-14 20:00:00,,,,,0.0,0.0,,,,,,,,,,,0.0,,,
2024-01-15 00:00:00,,,,,0.0,0.0,,,,,,,,,,,0.0,0.0,,
2024-01-15 04:00:00,,,,,0.0,0.0,,,,,,,,,,,0.0,,,
2024-01-15 08:00:00,,,,,0.0,0.0,,,,,,,,,,,0.0,,,
2024-01-15 12:00:00,,,,,0.0,0.0,,,,,,,,,,,0.0,,,
2024-01-15 16:00:00,,,,,0.0,0.0,,,,,,,,,,,0.0,,,
2024-01-15 20:00:00,,,,,0.0,0.0,,,,,,,,,,,0.0,,,
2024-01-16 00:00:00,,,,,0.0,0.0,,,,,,,,,,,0.0,0.0,,
2024-01-16 04:00:00,,,,,0.0,0.0,,,,,,,,,,,0.0,,,
2024-01-16 08:00:00,,,,,0.0,0.0,,,,,,,,,,,0.0,,,
2024-01-16 12:00:00,,,,,0.0,0.0,,,,,,,,,,,0.0,,,
2024-01-16 16:00:00,,,,,0.0,0.0,,,,,,,,,,,0.0,,,
2024-01-16 20:00:00,,,,,0.0,0.0,,,,,,,,,,,0.0,,,
2024-01-17 00:00:00,,,,,0.0,0.0,,,,,,,,,,,0.0,0.0,,
2024-01-17 04:00:00,,,,,0.0,0.0,,,,,,,,,,,0.0,,,
2024-01-17 08:00:00,,,,,0.0,0.0,,,,,,,,,,,0.0,,,
2024-01-17 12:00:00,,,,,0.0,0.0,,,,,,,,,,,0.0,,,
2024-01-17 16:00:00,,,,,0.0,0.0,,,,,,,,,,,0.0,,,
2024-01-17 20:00:00,,,,,0.0,0.0,,,,,,,,,,,0.0,,,
2024-01-18 00:00:00,,,,,0.0,0.0,,,,,,,,,,,0.0,0.0,,
2024-01-18 04:00:00,,,,,0.0,0.0,,,,,,,,,,,0.0,,,
2024-01-18 08:00:00,,,,,0.0,0.0,,,,,,,,,,,0.0,,,
2024-01-18 12:00:00,,,,,0.0,0.0,,,,,,,,,,,0.0,,,
2024-01-18 16:00:00,,,,,0.0,0.0,,,,,,,,,,,0.0,,,
2024-01-18 20:00:00,,,,,0.0,0.0,,,,,,,,,,,0.0,,,
2024-01-19 00:00:00,,,,,0.0,0.0,,,,,,,,,,,0.0,0.0,,
2024-01-19 04:00:00,,,,,0.0,0.0,,,,,,,,,,,0.0,,,
2024-01-19 08:00:00,,,,,0.0,0.0,,,,,,,,,,,0.0,,,
2024-01-19 12:00:00,,,,,0.0,0.0,,,,,,,,,,,0.0,,,
2024-01-19 16:00:00,,,,,0.0,0.0,,,,,,,,,,,0.0,,,
2024-01-19 20:00:00,,,,,0.0,0.0,,,,,,,,,,,0.0,,,
2024-01-20 00:00:00,,,,,0.0,0.0,,,,,,,,,,,0.0,1.0,,
2024-01-20 04:00:00,,,,,0.0,0.0,,,,,,,,,,,0.0,,,
2024-01-20 08:00:00,,,,,0.0,0.0,,,,,,,,,,,0.0,,,
2024-01-20 12:00:00,,,,,0.0,0.0,,,,,,,,,,,0.0,,,
2024-01-20 16:00:00,,,,,0.0,0.0,,,,,,,,,,,0.0,,,
2024-01-20 20:00:00,,,,,0.0,0.0,,,,,,,,,,,1.0,,,
2024-01-21 00:00:00,,,,,0.0,0.0,,,,,,,,,,,0.0,0.0,,
2024-01-21 04:00:00,,,,,0.0,0.0,,,,,,,,,,,0.0,,,
2024-01-21 08:00:00,,,,,0.0,0.0,,,,,,,,,,,0.0,,,
2024-01-21 12:00:00,,,,,0.0,0.0,,,,,,,,,,,0.0,,,
2024-01-21 16:00:00,,,,,0.0,0.0,,,,,,,,,,,0.0,,,
2024-01-21 20:00:00,,,,,0.0,0.0,,,,,,,,,,,0.0,,,
2024-01-22 00:00:00,,,,,0.0,0.0,,,,,,,,,,,0.0,0.0,,
2024-01-22 04:00:00,,,,,0.0,0.0,,,,,,,,,,,0.0,,,
2024-01-22 08:00:00,,,,,0.0,0.0,,,,,,,,,,,0.0,,,
2024-01-22 12:00:00,,,,,0.0,0.0,,,,,,,,,,,0.0,,,
2024-01-22 16:00:00,,,,,0.0,0.0,,,,,,,,,,,0.0,,,
2024-01-22 20:00:00,,,,,0.0,0.0,,,,,,,,,,,0.0,,,
2024-01-23 00:00:00,,,,,0.0,0.0,,,,,,,,,,,0.0,0.0,,
2024-01-23 04:00:00,,,,,0.0,0.0,,,,,,,,,,,0.0,,,
2024-01-23 08:00:00,,,,,0.0,0.0,,,,,,,,,,,0.0,,,
2024-01-23 12:00:00,,,,,0.0,0.0,,,,,,,,,,,0.0,,,
2024-01-23 16:00:00,,,,,0.0,0.0,,,,,,,,,,,0.0,,,
2024-01-23 20:00:00,,,,,0.0,0.0,,,,,,,,,,,0.0,,,
2024-01-24 00:00:00,,,,,0.0,0.0,,,,,,,,,,,0.0,0.0,,
2024-01-24 04:00:00,,,,,0.0,0.0,,,,,,,,,,,0.0,,,
2024-01-24 08:00:00,,,,,0.0,0.0,,,,,,,,,,,0.0,,,
2024-01-24 12:00:00,,,,,0.0,0.0,,,,,,,,,,,0.0,,,
2024-01-24 16:00:00,,,,,0.0,0.0,,,,,,,,,,,0.0,,,
2024-01-24 20:00:00,,,,,0.0,0.0,,,,,,,,,,,0.0,,,
2024-01-25 00:00:00,,,,,0.0,0.0,,,,,,,,,,,0.0,0.0,,
2024-01-25 04:00:00,,,,,0.0,0.0,,,,,,,,,,,0.0,,,
2024-01-25 08:00:00,,,,,0.0,0.0,,,,,,,,,,,0.0,,,
2024-01-25 12:00:00,,,,,0.0,0.0,,,,,,,,,,,0.0,,,
2024-01-25 16:00:00,,,,,0.0,0.0,,,,,,,,,,,0.0,,,
2024-01-25 20:00:00,,,,,0.0,0.0,,,,,,,,,,,0.0,,,
2024-01-26 00:00:00,,,,,0.0,0.0,,,,,,,,,,,0.0,0.0,,
2024-01-26 04:00:00,,,,,0.0,0.0,,,,,,,,,,,0.0,,,
2024-01-26 08:00:00,,,,,0.0,0.0,,,,,,,,,,,0.0,,,
2024-01-26 12:00:00,,,,,0.0,0.0,,,,,,,,,,,0.0,,,
2024-01-26 16:00:00,,,,,0.0,0.0,,,,,,,,,,,0.0,,,
2024-01-26 20:00:00,,,,,0.0,0.0,,,,,,,,,,,0.0,,,
2024-01-27 00:00:00,,,,,0.0,0.0,,,,,,,,,,,0.0,0.0,,
2024-01-27 04:00:00,,,,,0.0,0.0,,,,,,,,,,,0.0,,,
2024-01-27 08:00:00,,,,,0.0,0.0,,,,,,,,,,,0.0,,,
2024-01-27 12:00:00,,,,,0.0,0.0,,,,,,,,,,,0.0,,,
2024-01-27 16:00:00,,,,,0.0,0.0,,,,,,,,,,,0.0,,,
2024-01-27 20:00:00,,,,,0.0,0.0,,,,,,,,,,,0.0,,,
2024-01-28 00:00:00,,,,,0.0,0.0,,,,,,,,,,,0.0,0.0,,
2024-01-28 04:00:00,,,,,0.0,0.0,,,,,,,,,,,0.0,,,
2024-01-28 08:00:00,,,,,0.0,0.0,,,,,,,,,,,0.0,,,
2024-01-28 12:00:00,,,,,0.0,0.0,,,,,,,,,,,0.0,,,
2024-01-28 16:00:00,,,,,0.0,0.0,,,,,,,,,,,0.0,,,
2024-01-28 20:00:00,,,,,0.0,0.0,,,,,,,,,,,0.0,,,
2024-01-29 00:00:00,,,,,0.0,0.0,,,,,,,,,,,0.0,1.0,,
2024-01-29 04:00:00,,,,,0.0,0.0,,,,,,,,,,,0.0,,,
2024-01-29 08:00:00,,,,,0.0,0.0,,,,,,,,,,,0.0,,,
2024-01-29 12:00:00,,,,,0.0,0.0,,,,,,,,,,,1.0,,,
2024-01-29 16:00:00,,,,,0.0,0.0,,,,,,,,,,,0.0,,,
2024-01-29 20:00:00,,,,,0.0,0.0,,,,,,,,,,,0.0,,,
2024-01-30 00:00:00,,,,,0.0,0.0,,,,,,,,,,,0.0,0.0,,
2024-01-30 04:00:00,,,,,0.0,0.0,,,,,,,,,,,0.0,,,
2024-01-30 08:00:00,,,,,0.0,0.0,,,,,,,,,,,0.0,,,
2024-01-30 12:00:00,,,,,0.0,0.0,,,,,,,,,,,0.0,,,
2024-01-30 16:00:00,,,,,0.0,0.0,,,,,,,,,,,0.0,,,
2024-01-30 20:00:00,,,,,0.0,0.0,,,,,,,,,,,0.0,,,
2024-01-31 00:00:00,,,,,0.0,0.0,,,,,,,,,,,0.0,0.0,,
2024-01-31 04:00:00,,,,,0.0,0.0,,,,,,,,,,,0.0,,,
2024-01-31 08:00:00,,,,,0.0,0.0,,,,,,,,,,,0.0,,,
2024-01-31 12:00:00,,,,,0.0,0.0,,,,,,,,,,,0.0,,,
2024-01-31 16:00:00,,,,,0.0,0.0,,,,,,,,,,,0.0,,,
2024-01-31 20:00:00,,,,,0.0,0.0,,,,,,,,,,,0.0,,,
2024-02-01 00:00:00,,,,,,,,,,,,,,,,,,0.0,,
2025-01-15 00:00:00,,,0.0,0.0,0.0,0.0,0.0,0.0,0.0,0.0,0.0,0.0,0.0,0.0,0.0,0.0,0.0,0.0,0.0,0.0
2025-01-15 04:00:00,,,0.0,0.0,0.0,0.0,0.0,0.0,,,0.0,0.0,0.0,0.049603174603,0.0,1.0,0.0,,0.0,0.0
2025-01-15 08:00:00,,,0.0,0.0,0.0,0.0,0.0,0.0,,,0.0,0.0,0.0,0.027412280702,0.0,1.0,0.0,,0.0,0.0
2025-01-15 12:00:00,,,0.0,0.0,0.0,0.0,0.0,0.0,,,0.0,0.0,0.0,0.0,0.0,0.0,0.0,,0.0,0.0
2025-01-15 16:00:00,,,0.0,0.0,0.0,0.0,0.0,0.0,,,0.0,0.0,0.0,0.0,0.0,0.0,0.0,,0.0,0.0
2025-01-15 20:00:00,,,0.0,0.0,0.0,0.0,0.0,0.0,,,0.0,0.0,0.0,0.044316520468,0.0,2.0,0.0,,0.0,0.0
2025-01-16 00:00:00,,,0.0,0.0,0.0,0.0,0.0,0.0,0.0,0.0,0.0,0.0,0.0,0.024801587302,0.0,1.0,0.0,0.0,0.0,0.0
2025-01-16 04:00:00,,,0.0,0.0,0.0,0.0,0.0,0.0,,,0.0,0.0,0.0,0.0,0.0,0.0,0.0,,0.0,0.0
2025-01-16 08:00:00,,,0.0,0.0,0.0,0.0,0.0,0.0,,,0.0,0.0,0.0,0.037213055954,0.0,2.0,0.0,,0.0,0.0
2025-01-16 12:00:00,,,0.0,0.0,0.0,0.0,0.0,0.0,,,0.0,0.0,0.0,0.023455618807,0.0,2.0,0.0,,0.0,0.0
2025-01-16 16:00:00,,,0.0,0.0,0.0,0.0,0.0,0.0,,,0.0,0.0,0.0,0.072504239269,0.0,4.0,0.0,,0.0,0.0
2025-01-16 20:00:00,,,0.0,0.0,0.0,0.0,0.0,0.0,,,0.0,0.0,0.0,0.089795143995,0.0,3.0,0.0,,0.0,0.0
2025-01-17 00:00:00,0.0,0.0,0.0,0.0,0.0,0.0,0.0,0.0,0.0,0.0,0.0,0.0,0.0,0.05955950953,0.0,2.0,0.0,0.0,0.0,0.0
2025-01-17 04:00:00,,,0.0,0.0,0.0,0.0,0.0,0.0,,,0.0,0.0,0.0,0.0,0.0,0.0,0.0,,0.0,0.0
2025-01-17 08:00:00,,,0.0,0.0,0.0,0.0,0.0,0.0,,,0.0,0.0,0.0,0.045571360268,0.0,2.0,0.0,,0.0,0.0
2025-01-17 12:00:00,,,0.0,0.0,0.0,0.0,0.0,0.0,,,0.0,0.0,0.0,0.037176847403,0.0,2.0,0.0,,0.0,0.0
2025-01-17 16:00:00,,,0.0,0.0,0.0,0.0,0.0,0.0,,,0.0,0.0,0.0,0.143367337917,0.0,8.0,0.0,,0.0,0.0
2025-01-17 20:00:00,,,0.0,0.0,0.0,0.0,0.0,0.0,,,0.0,0.0,0.0,0.21191087115,0.0,12.0,0.0,,0.0,0.0
2025-01-18 00:00:00,0.0,0.0,0.0,0.0,0.0,0.0,0.0,0.0,0.0,0.0,0.0,0.0,0.0,0.034722222222,0.0,1.0,0.0,0.0,0.0,0.0
2025-01-18 04:00:00,,,0.0,0.0,0.0,0.0,0.0,0.0,,,0.0,0.0,0.0,0.027777777778,0.0,1.0,0.0,,0.0,0.0
2025-01-18 08:00:00,,,0.0,0.0,0.0,0.0,0.0,0.0,,,0.0,0.0,0.0,0.066808819508,0.0,3.0,0.0,,0.0,0.0
2025-01-18 12:00:00,,,0.0,0.0,0.0,0.0,0.0,0.0,,,0.0,0.0,0.0,0.1535229476,0.0,9.0,0.0,,0.0,0.0
2025-01-18 16:00:00,,,0.0,0.0,0.0,0.0,0.0,0.0,,,0.0,0.0,0.0,0.045138888889,0.0,2.0,0.0,,0.0,0.0
2025-01-18 20:00:00,,,0.0,0.0,0.0,0.0,0.0,0.0,,,0.0,0.0,0.0,0.010113268608,0.0,1.0,0.0,,0.0,0.0
2025-01-19 00:00:00,0.0,0.0,0.0,0.0,0.0,0.0,0.0,0.0,0.0,0.0,0.0,0.0,0.0,0.10162601626,0.0,2.0,0.0,0.0,0.0,0.0
2025-01-19 04:00:00,,,0.0,0.0,0.0,0.0,0.0,0.0,,,0.0,0.0,0.0,0.025100401606,0.0,1.0,0.0,,0.0,0.0
2025-01-19 08:00:00,,,0.0,0.0,0.0,0.0,0.0,0.0,,,0.0,0.0,0.0,0.020226537217,0.0,1.0,0.0,,0.0,0.0
2025-01-19 12:00:00,,,0.0,0.0,0.0,0.0,0.0,0.0,,,0.0,0.0,0.0,0.081943284924,0.0,5.0,0.0,,0.0,0.0
2025-01-19 16:00:00,,,0.0,0.0,0.0,0.0,0.0,0.0,,,0.0,0.0,0.0,0.105274804996,0.0,7.0,0.0,,0.0,0.0
2025-01-19 20:00:00,,,0.0,0.0,0.0,0.0,0.0,0.0,,,0.0,0.0,0.0,0.0,0.0,0.0,0.0,,0.0,0.0
2025-01-20 00:00:00,0.0,0.0,0.0,0.0,0.0,0.0,0.0,0.0,0.0,0.0,0.0,0.0,0.0,0.033367501655,0.0,2.0,0.0,0.0,0.0,0.0
2025-01-20 04:00:00,,,0.0,0.0,0.0,0.0,0.0,0.0,,,0.0,0.0,0.0,0.0,0.0,0.0,0.0,,0.0,0.0
2025-01-20 08:00:00,,,0.0,0.0,0.0,0.0,0.0,0.0,,,0.0,0.0,0.0,0.066875766097,0.0,4.0,0.0,,0.0,0.0
2025-01-20 12:00:00,,,0.0,0.0,0.0,0.0,0.0,0.0,,,0.0,0.0,0.0,0.215126866994,0.0,15.0,0.0,,0.0,0.0
2025-01-20 16:00:00,,,0.0,0.0,0.0,0.0,0.0,0.0,,,0.0,0.0,0.0,0.023674242424,0.0,1.0,0.0,,0.0,0.0
2025-01-20 20:00:00,,,0.0,0.0,0.0,0.0,0.0,0.0,,,0.0,0.0,0.0,0.017217630854,0.0,1.0,0.0,,0.0,0.0
2025-01-21 00:00:00,0.0,0.0,0.0,0.0,0.0,0.0,0.0,0.0,0.0,0.0,0.0,0.0,0.0,0.060691987775,0.0,3.0,0.0,0.0,0.0,0.0
2025-01-21 04:00:00,,,0.0,0.0,0.0,0.0,0.0,0.0,,,0.0,0.0,0.0,0.07306763285,0.0,2.0,0.0,,0.0,0.0
2025-01-21 08:00:00,,,0.0,0.0,0.0,0.0,0.0,0.0,,,0.0,0.0,0.0,0.088576046804,0.0,3.0,0.0,,0.0,0.0
2025-01-21 12:00:00,,,0.0,0.0,0.0,0.0,0.0,0.0,,,0.0,0.0,0.0,0.067094937008,0.0,5.0,0.0,,0.0,0.0
2025-01-21 16:00:00,,,0.0,0.0,0.0,0.0,0.0,0.0,,,0.0,0.0,0.0,0.255649573955,0.0,15.0,0.0,,0.0,0.0
2025-01-21 20:00:00,,,0.0,0.0,0.0,0.0,0.0,0.0,,,0.0,0.0,0.0,0.069069670016,0.0,4.0,0.0,,0.0,0.0
2025-01-22 00:00:00,0.0,0.0,0.0,0.0,0.0,0.0,0.0,0.0,0.0,0.0,0.0,0.0,0.0,0.080489871529,0.0,4.0,0.0,0.0,0.0,0.0
2025-01-22 04:00:00,,,0.0,0.0,0.0,0.0,0.0,0.0,,,0.0,0.0,0.0,0.139504883414,0.0,6.0,0.0,,0.0,0.0
2025-01-22 08:00:00,,,0.0,0.0,0.0,0.0,0.0,0.0,,,0.0,0.0,0.0,0.148590686275,0.0,4.0,0.0,,0.0,0.0
2025-01-22 12:00:00,,,0.0,0.0,0.0,0.0,0.0,0.0,,,0.0,0.0,0.0,0.012781186094,0.0,1.0,0.0,,0.0,0.0
2025-01-22 16:00:00,,,0.0,0.0,0.0,0.0,0.0,0.0,,,0.0,0.0,0.0,0.077610537293,0.0,5.0,0.0,,0.0,0.0
2025-01-22 20:00:00,,,0.0,0.0,0.0,0.0,0.0,0.0,,,0.0,0.0,0.0,0.064732874467,0.0,2.0,0.0,,0.0,0.0
2025-01-23 00:00:00,0.0,0.0,0.0,0.0,0.0,0.0,0.0,0.0,0.0,0.0,0.0,0.0,0.0,0.072514397019,0.0,2.0,0.0,0.0,0.0,0.0
2025-01-23 04:00:00,,,0.0,0.0,0.0,0.0,0.0,0.0,,,0.0,0.0,0.0,0.021043771044,0.0,1.0,0.0,,0.0,0.0
2025-01-23 08:00:00,,,0.0,0.0,0.0,0.0,0.0,0.0,,,0.0,0.0,0.0,0.085316091309,0.0,4.0,0.0,,0.0,0.0
2025-01-23 12:00:00,,,0.0,0.0,0.0,0.0,0.0,0.0,,,0.0,0.0,0.0,0.02888572333,0.0,2.0,0.0,,0.0,0.0
2025-01-23 16:00:00,,,0.0,0.0,0.0,0.0,0.0,0.0,,,0.0,0.0,0.0,0.024025715801,0.0,2.0,0.0,,0.0,0.0
2025-01-23 20:00:00,,,0.0,0.0,0.0,0.0,0.0,0.0,,,0.0,0.0,0.0,0.017076502732,0.0,1.0,0.0,,0.0,0.0
2025-01-24 00:00:00,0.0,0.0,0.0,0.0,0.0,0.0,0.0,0.0,0.0,0.0,0.0,0.0,0.0,0.026709401709,0.0,1.0,0.0,0.0,0.0,0.0
2025-01-24 04:00:00,,,0.0,0.0,0.0,0.0,0.0,0.0,,,0.0,0.0,0.0,0.0,0.0,0.0,0.0,,0.0,0.0
2025-01-24 08:00:00,,,0.0,0.0,0.0,0.0,0.0,0.0,,,0.0,0.0,0.0,0.053728777133,0.0,2.0,0.0,,0.0,0.0
2025-01-24 12:00:00,,,0.0,0.0,0.0,0.0,0.0,0.0,,,0.0,0.0,0.0,0.151488071054,0.0,7.0,0.0,,0.0,0.0
2025-01-24 16:00:00,,,0.0,0.0,0.0,0.0,0.0,0.0,,,0.0,0.0,0.0,0.082322008336,0.0,5.0,0.0,,0.0,0.0
2025-01-24 20:00:00,,,0.0,0.0,0.0,0.0,0.0,0.0,,,0.0,0.0,0.0,0.020226537217,0.0,1.0,0.0,,0.0,0.0
2025-01-25 00:00:00,0.0,0.0,0.0,0.0,0.0,0.0,0.0,0.0,0.0,0.0,0.0,0.0,0.0,0.0,0.0,0.0,0.0,0.0,0.0,0.0
2025-01-25 04:00:00,,,0.0,0.0,0.0,0.0,0.0,0.0,,,0.0,0.0,0.0,0.0,0.0,0.0,0.0,,0.0,0.0
2025-01-25 08:00:00,,,0.0,0.0,0.0,0.0,0.0,0.0,,,0.0,0.0,0.0,0.0,0.0,0.0,0.0,,0.0,0.0
2025-01-25 12:00:00,,,0.0,0.0,0.0,0.0,0.0,0.0,,,0.0,0.0,0.0,0.065247532828,0.0,2.0,0.0,,0.0,0.0
2025-01-25 16:00:00,,,0.0,0.0,0.0,0.0,0.0,0.0,,,0.0,0.0,0.0,0.054406778737,0.0,3.0,0.0,,0.0,0.0
2025-01-25 20:00:00,,,0.0,0.0,0.0,0.0,0.0,0.0,,,0.0,0.0,0.0,0.044625811378,0.0,2.0,0.0,,0.0,0.0
2025-01-26 00:00:00,0.0,0.0,0.0,0.0,0.0,0.0,0.0,0.0,0.0,0.0,0.0,0.0,0.0,0.0,0.0,0.0,0.0,0.0,0.0,0.0
2025-01-26 04:00:00,,,0.0,0.0,0.0,0.0,0.0,0.0,,,0.0,0.0,0.0,0.0,0.0,0.0,0.0,,0.0,0.0
2025-01-26 08:00:00,,,0.0,0.0,0.0,0.0,0.0,0.0,,,0.0,0.0,0.0,0.027056277056,0.0,1.0,0.0,,0.0,0.0
2025-01-26 12:00:00,,,0.0,0.0,0.0,0.0,0.0,0.0,,,0.0,0.0,0.0,0.013020833333,0.0,1.0,0.0,,0.0,0.0
2025-01-26 16:00:00,,,0.0,0.0,0.0,0.0,0.0,0.0,,,0.0,0.0,0.0,0.074404761905,0.0,3.0,0.0,,0.0,0.0
2025-01-26 20:00:00,,,0.0,0.0,0.0,0.0,0.0,0.0,,,0.0,0.0,0.0,0.016801075269,0.0,1.0,0.0,,0.0,0.0
2025-01-27 00:00:00,0.0,0.0,0.0,0.0,0.0,0.0,0.0,0.0,0.0,0.0,0.0,0.0,0.0,0.028153153153,0.0,1.0,0.0,0.0,0.0,0.0
2025-01-27 04:00:00,,,0.0,0.0,0.0,0.0,0.0,0.0,,,0.0,0.0,0.0,0.053080709726,0.0,2.0,0.0,,0.0,0.0
2025-01-27 08:00:00,,,0.0,0.0,0.0,0.0,0.0,0.0,,,0.0,0.0,0.0,0.054452715743,0.0,2.0,0.0,,0.0,0.0
2025-01-27 12:00:00,,,0.0,0.0,0.0,0.0,0.0,0.0,,,0.0,0.0,0.0,0.039191067983,0.0,2.0,0.0,,0.0,0.0
2025-01-27 16:00:00,,,0.0,0.0,0.0,0.0,0.0,0.0,,,0.0,0.0,0.0,0.110779536195,0.0,6.0,0.0,,0.0,0.0
2025-01-27 20:00:00,,,0.0,0.0,0.0,0.0,0.0,0.0,,,0.0,0.0,0.0,0.023148148148,0.0,1.0,0.0,,0.0,0.0
2025-01-28 00:00:00,0.0,0.0,0.0,0.0,0.0,0.0,0.0,0.0,0.0,0.0,0.0,0.0,0.0,0.027777777778,0.0,1.0,0.0,0.0,0.0,0.0
2025-01-28 04:00:00,,,0.0,0.0,0.0,0.0,0.0,0.0,,,0.0,0.0,0.0,0.0,0.0,0.0,0.0,,0.0,0.0
2025-01-28 08:00:00,,,0.0,0.0,0.0,0.0,0.0,0.0,,,0.0,0.0,0.0,0.11741684633,0.0,4.0,0.0,,0.0,0.0
2025-01-28 12:00:00,,,0.0,0.0,0.0,0.0,0.0,0.0,,,0.0,0.0,0.0,0.055842567635,0.0,2.0,0.0,,0.0,0.0
2025-01-28 16:00:00,,,0.0,0.0,0.0,0.0,0.0,0.0,,,0.0,0.0,0.0,0.013528138528,0.0,1.0,0.0,,0.0,0.0
2025-01-28 20:00:00,,,0.0,0.0,0.0,0.0,0.0,0.0,,,0.0,0.0,0.0,0.017217630854,0.0,1.0,0.0,,0.0,0.0
2025-01-29 00:00:00,0.0,0.0,0.0,0.0,0.0,0.0,0.0,0.0,0.0,0.0,0.0,0.0,0.0,0.0,0.0,0.0,0.0,0.0,0.0,0.0
2025-01-29 04:00:00,,,0.0,0.0,0.0,0.0,0.0,0.0,,,0.0,0.0,0.0,0.047348484848,0.0,1.0,0.0,,0.0,0.0
2025-01-29 08:00:00,,,0.0,0.0,0.0,0.0,0.0,0.0,,,0.0,0.0,0.0,0.0,0.0,0.0,0.0,,0.0,0.0
2025-01-29 12:00:00,,,0.0,0.0,0.0,0.0,0.0,0.0,,,0.0,0.0,0.0,0.043816480177,0.0,2.0,0.0,,0.0,0.0
2025-01-29 16:00:00,,,0.0,0.0,0.0,0.0,0.0,0.0,,,0.0,0.0,0.0,0.069028050185,0.0,3.0,0.0,,0.0,0.0
2025-01-29 20:00:00,,,0.0,0.0,0.0,0.0,0.0,0.0,,,0.0,0.0,0.0,0.085002978996,0.0,4.0,0.0,,0.0,0.0
2025-01-30 00:00:00,0.0,0.0,0.0,0.0,0.0,0.0,0.0,0.0,0.0,0.0,0.0,0.0,0.0,0.059110449735,0.0,2.0,0.0,0.0,0.0,0.0
2025-01-30 04:00:00,,,0.0,0.0,0.0,0.0,0.0,0.0,,,0.0,0.0,0.0,0.054910120802,0.0,2.0,0.0,,0.0,0.0
2025-01-30 08:00:00,,,0.0,0.0,0.0,0.0,0.0,0.0,,,0.0,0.0,0.0,0.0,0.0,0.0,0.0,,0.0,0.0
2025-01-30 12:00:00,,,0.0,0.0,0.0,0.0,0.0,0.0,,,0.0,0.0,0.0,0.022644927536,0.0,1.0,0.0,,0.0,0.0
2025-01-30 16:00:00,,,0.0,0.0,0.0,0.0,0.0,0.0,,,0.0,0.0,0.0,0.032251591078,0.0,2.0,0.0,,0.0,0.0
2025-01-30 20:00:00,,,0.0,0.0,0.0,0.0,0.0,0.0,,,0.0,0.0,0.0,0.017959770115,0.0,1.0,0.0,,0.0,0.0
2025-01-31 00:00:00,0.0,0.0,0.0,0.0,0.0,0.0,0.0,0.0,0.0,0.0,0.0,0.0,0.0,0.0,0.0,0.0,0.0,0.0,0.0,0.0
2025-01-31 04:00:00,,,0.0,0.0,0.0,0.0,0.0,0.0,,,0.0,0.0,0.0,0.0,0.0,0.0,0.0,,0.0,0.0
2025-01-31 08:00:00,,,0.0,0.0,0.0,0.0,0.0,0.0,,,0.0,0.0,0.0,0.0,0.0,0.0,0.0,,0.0,0.0
2025-01-31 12:00:00,,,0.0,0.0,0.0,0.0,0.0,0.0,,,0.0,0.0,0.0,0.015782828283,0.0,1.0,0.0,,0.0,0.0
2025-01-31 16:00:00,,,0.0,0.0,0.0,0.0,0.0,0.0,,,0.0,0.0,0.0,0.080702649153,0.0,4.0,0.0,,0.0,0.0
2025-01-31 20:00:00,,,0.0,0.0,0.0,0.0,0.0,0.0,,,0.0,0.0,0.0,0.0,0.0,0.0,0.0,,0.0,0.0
2025-02-01 00:00:00,0.0,0.0,0.0,0.0,0.0,0.0,0.0,0.0,0.0,0.0,0.0,0.0,0.0,0.161149825784,0.0,3.0,0.0,0.0,0.0,0.0
2025-02-01 04:00:00,,,0.0,0.0,0.0,0.0,0.0,0.0,,,0.0,0.0,0.0,0.0,0.0,0.0,0.0,,0.0,0.0
2025-02-01 08:00:00,,,0.0,0.0,0.0,0.0,0.0,0.0,,,0.0,0.0,0.0,0.0,0.0,0.0,0.0,,0.0,0.0
2025-02-01 12:00:00,,,0.0,0.0,0.0,0.0,0.0,0.0,,,0.0,0.0,0.0,0.022163120567,0.0,1.0,0.0,,0.0,0.0
2025-02-01 16:00:00,,,0.0,0.0,0.0,0.0,0.0,0.0,,,0.0,0.0,0.0,0.020424836601,0.0,1.0,0.0,,0.0,0.0
2025-02-01 20:00:00,,,0.0,0.0,0.0,0.0,0.0,0.0,,,0.0,0.0,0.0,0.020627062706,0.0,1.0,0.0,,0.0,0.0
2025-02-02 00:00:00,0.0,0.0,0.0,0.0,0.0,0.0,0.0,0.0,0.0,0.0,0.0,0.0,0.0,0.0,0.0,0.0,0.0,0.0,0.0,0.0
2025-02-02 04:00:00,,,0.0,0.0,0.0,0.0,0.0,0.0,,,0.0,0.0,0.0,0.0,0.0,0.0,0.0,,0.0,0.0
2025-02-02 08:00:00,,,0.0,0.0,0.0,0.0,0.0,0.0,,,0.0,0.0,0.0,0.05081300813,0.0,1.0,0.0,,0.0,0.0
2025-02-02 12:00:00,,,0.0,0.0,0.0,0.0,0.0,0.0,,,0.0,0.0,0.0,0.037202380952,0.0,1.0,0.0,,0.0,0.0
2025-02-02 16:00:00,,,0.0,0.0,0.0,0.0,0.0,0.0,,,0.0,0.0,0.0,0.038977396514,0.0,2.0,0.0,,0.0,0.0
2025-02-02 20:00:00,,,0.0,0.0,0.0,0.0,0.0,0.0,,,0.0,0.0,0.0,0.0,0.0,0.0,0.0,,0.0,0.0
2025-02-03 00:00:00,0.0,0.0,0.0,0.0,0.0,0.0,0.0,0.0,0.0,0.0,0.0,0.0,0.0,0.0,0.0,0.0,0.0,0.0,0.0,0.0
2025-02-03 04:00:00,,,0.0,0.0,0.0,0.0,0.0,0.0,,,0.0,0.0,0.0,0.064935064935,0.0,2.0,0.0,,0.0,0.0
2025-02-03 08:00:00,,,0.0,0.0,0.0,0.0,0.0,0.0,,,0.0,0.0,0.0,0.0,0.0,0.0,0.0,,0.0,0.0
2025-02-03 12:00:00,,,0.0,0.0,0.0,0.0,0.0,0.0,,,0.0,0.0,0.0,0.0,0.0,0.0,0.0,,0.0,0.0
2025-02-03 16:00:00,,,0.0,0.0,0.0,0.0,0.0,0.0,,,0.0,0.0,0.0,0.0,0.0,0.0,0.0,,0.0,0.0
2025-02-03 20:00:00,,,0.0,0.0,0.0,0.0,0.0,0.0,,,0.0,0.0,0.0,0.046218877741,0.0,2.0,0.0,,0.0,0.0
2025-02-04 00:00:00,0.0,0.0,0.0,0.0,0.0,0.0,0.0,0.0,0.0,0.0,0.0,0.0,0.0,0.023148148148,0.0,1.0,0.0,0.0,0.0,0.0
2025-02-04 04:00:00,,,0.0,0.0,0.0,0.0,0.0,0.0,,,0.0,0.0,0.0,0.034722222222,0.0,1.0,0.0,,0.0,0.0
2025-02-04 08:00:00,,,0.0,0.0,0.0,0.0,0.0,0.0,,,0.0,0.0,0.0,0.013185654008,0.0,1.0,0.0,,0.0,0.0
2025-02-04 12:00:00,,,0.0,0.0,0.0,0.0,0.0,0.0,,,0.0,0.0,0.0,0.047336464416,0.0,2.0,0.0,,0.0,0.0
2025-02-04 16:00:00,,,0.0,0.0,0.0,0.0,0.0,0.0,,,0.0,0.0,0.0,0.0,0.0,0.0,0.0,,0.0,0.0
2025-02-04 20:00:00,,,0.0,0.0,0.0,0.0,0.0,0.0,,,0.0,0.0,0.0,0.110123933457,0.0,6.0,0.0,,0.0,0.0
2025-02-05 00:00:00,0.0,0.0,0.0,0.0,0.0,0.0,0.0,0.0,0.0,0.0,0.0,0.0,0.0,0.048533940287,0.0,2.0,0.0,0.0,0.0,0.0
2025-02-05 04:00:00,,,0.0,0.0,0.0,0.0,0.0,0.0,,,0.0,0.0,0.0,0.0,0.0,0.0,0.0,,0.0,0.0
2025-02-05 08:00:00,,,0.0,0.0,0.0,0.0,0.0,0.0,,,0.0,0.0,0.0,0.105744949495,0.0,4.0,0.0,,0.0,0.0
2025-02-05 12:00:00,,,0.0,0.0,0.0,0.0,0.0,0.0,,,0.0,0.0,0.0,0.038984666031,0.0,2.0,0.0,,0.0,0.0
2025-02-05 16:00:00,,,0.0,0.0,0.0,0.0,0.0,0.0,,,0.0,0.0,0.0,0.0,0.0,0.0,0.0,,0.0,0.0
2025-02-05 20:00:00,,,0.0,0.0,0.0,0.0,0.0,0.0,,,0.0,0.0,0.0,0.0,0.0,0.0,0.0,,0.0,0.0
2025-02-06 00:00:00,0.0,0.0,0.0,0.0,0.0,0.0,0.0,0.0,0.0,0.0,0.0,0.0,0.0,0.053418803419,0.0,1.0,0.0,0.0,0.0,0.0
2025-02-06 04:00:00,,,0.0,0.0,0.0,0.0,0.0,0.0,,,0.0,0.0,0.0,0.08464889579,0.0,3.0,0.0,,0.0,0.0
2025-02-06 08:00:00,,,0.0,0.0,0.0,0.0,0.0,0.0,,,0.0,0.0,0.0,0.0,0.0,0.0,0.0,,0.0,0.0
2025-02-06 12:00:00,,,0.0,0.0,0.0,0.0,0.0,0.0,,,0.0,0.0,0.0,0.0,0.0,0.0,0.0,,0.0,0.0
2025-02-06 16:00:00,,,0.0,0.0,0.0,0.0,0.0,0.0,,,0.0,0.0,0.0,0.014988009592,0.0,1.0,0.0,,0.0,0.0
2025-02-06 20:00:00,,,0.0,0.0,0.0,0.0,0.0,0.0,,,0.0,0.0,0.0,0.02147766323,0.0,1.0,0.0,,0.0,0.0
2025-02-07 00:00:00,0.0,0.0,0.0,0.0,0.0,0.0,0.0,0.0,0.0,0.0,0.0,0.0,0.0,0.010964912281,0.0,1.0,0.0,0.0,0.0,0.0
2025-02-07 04:00:00,,,0.0,0.0,0.0,0.0,0.0,0.0,,,0.0,0.0,0.0,0.125376387169,0.0,3.0,0.0,,0.0,0.0
2025-02-07 08:00:00,,,0.0,0.0,0.0,0.0,0.0,0.0,,,0.0,0.0,0.0,0.0,0.0,0.0,0.0,,0.0,0.0
2025-02-07 12:00:00,,,0.0,0.0,0.0,0.0,0.0,0.0,,,0.0,0.0,0.0,0.059960508085,0.0,3.0,0.0,,0.0,0.0
2025-02-07 16:00:00,,,0.0,0.0,0.0,0.0,0.0,0.0,,,0.0,0.0,0.0,0.026371308017,0.0,1.0,0.0,,0.0,0.0
2025-02-07 20:00:00,,,0.0,0.0,0.0,0.0,0.0,0.0,,,0.0,0.0,0.0,0.0,0.0,0.0,0.0,,0.0,0.0
2025-02-08 00:00:00,0.0,0.0,0.0,0.0,0.0,0.0,0.0,0.0,0.0,0.0,0.0,0.0,0.0,0.0,0.0,0.0,0.0,0.0,0.0,0.0
2025-02-08 04:00:00,,,0.0,0.0,0.0,0.0,0.0,0.0,,,0.0,0.0,0.0,0.222222222222,0.0,3.0,0.0,,0.0,0.0
2025-02-08 08:00:00,,,0.0,0.0,0.0,0.0,0.0,0.0,,,0.0,0.0,0.0,0.068261953904,0.0,2.0,0.0,,0.0,0.0
2025-02-08 12:00:00,,,0.0,0.0,0.0,0.0,0.0,0.0,,,0.0,0.0,0.0,0.058346389868,0.0,2.0,0.0,,0.0,0.0
2025-02-08 16:00:00,,,0.0,0.0,0.0,0.0,0.0,0.0,,,0.0,0.0,0.0,0.053424511166,0.0,3.0,0.0,,0.0,0.0
2025-02-08 20:00:00,,,0.0,0.0,0.0,0.0,0.0,0.0,,,0.0,0.0,0.0,0.0,0.0,0.0,0.0,,0.0,0.0
2025-02-09 00:00:00,0.0,0.0,0.0,0.0,0.0,0.0,0.0,0.0,0.0,0.0,0.0,0.0,0.0,0.191058739387,0.0,3.0,0.0,0.0,0.0,0.0
2025-02-09 04:00:00,,,0.0,0.0,0.0,0.0,0.0,0.0,,,0.0,0.0,0.0,0.099756384409,0.0,2.0,0.0,,0.0,0.0
2025-02-09 08:00:00,,,0.0,0.0,0.0,0.0,0.0,0.0,,,0.0,0.0,0.0,0.0,0.0,0.0,0.0,,0.0,0.0
2025-02-09 12:00:00,,,0.0,0.0,0.0,0.0,0.0,0.0,,,0.0,0.0,0.0,0.097893770341,0.0,3.0,0.0,,0.0,0.0
2025-02-09 16:00:00,,,0.0,0.0,0.0,0.0,0.0,0.0,,,0.0,0.0,0.0,0.027056277056,0.0,1.0,0.0,,0.0,0.0
2025-02-09 20:00:00,,,0.0,0.0,0.0,0.0,0.0,0.0,,,0.0,0.0,0.0,0.0,0.0,0.0,0.0,,0.0,0.0
2025-02-10 00:00:00,0.0,0.0,0.0,0.0,0.0,0.0,0.0,0.0,0.0,0.0,0.0,0.0,0.0,0.063131313131,0.0,1.0,0.0,0.0,0.0,0.0
2025-02-10 04:00:00,,,0.0,0.0,0.0,0.0,0.0,0.0,,,0.0,0.0,0.0,0.06712037962,0.0,2.0,0.0,,0.0,0.0
2025-02-10 08:00:00,,,0.0,0.0,0.0,0.0,0.0,0.0,,,0.0,0.0,0.0,0.187885253675,0.0,3.0,0.0,,0.0,0.0
2025-02-10 12:00:00,,,0.0,0.0,0.0,0.0,0.0,0.0,,,0.0,0.0,0.0,0.028935185185,0.0,1.0,0.0,,0.0,0.0
2025-02-10 16:00:00,,,0.0,0.0,0.0,0.0,0.0,0.0,,,0.0,0.0,0.0,0.070756724549,0.0,2.0,0.0,,0.0,0.0
2025-02-10 20:00:00,,,0.0,0.0,0.0,0.0,0.0,0.0,,,0.0,0.0,0.0,0.0,0.0,0.0,0.0,,0.0,0.0
2025-02-11 00:00:00,0.0,0.0,0.0,0.0,0.0,0.0,0.0,0.0,0.0,0.0,0.0,0.0,0.0,0.202684276141,0.0,3.0,0.0,0.0,0.0,0.0
2025-02-11 04:00:00,,,0.0,0.0,0.0,0.0,0.0,0.0,,,0.0,0.0,0.0,0.028153153153,0.0,1.0,0.0,,0.0,0.0
2025-02-11 08:00:00,,,0.0,0.0,0.0,0.0,0.0,0.0,,,0.0,0.0,0.0,0.0,0.0,0.0,0.0,,0.0,0.0
2025-02-11 12:00:00,,,0.0,0.0,0.0,0.0,0.0,0.0,,,0.0,0.0,0.0,0.0,0.0,0.0,0.0,,0.0,0.0
2025-02-11 16:00:00,,,0.0,0.0,0.0,0.0,0.0,0.0,,,0.0,0.0,0.0,0.057569974555,0.0,2.0,0.0,,0.0,0.0
2025-02-11 20:00:00,,,0.0,0.0,0.0,0.0,0.0,0.0,,,0.0,0.0,0.0,0.0,0.0,0.0,0.0,,0.0,0.0
2025-02-12 00:00:00,0.0,0.0,0.0,0.0,0.0,0.0,0.0,0.0,0.0,0.0,0.0,0.0,0.0,0.031565656566,0.0,1.0,0.0,0.0,0.0,0.0
2025-02-12 04:00:00,,,0.0,0.0,0.0,0.0,0.0,0.0,,,0.0,0.0,0.0,0.040064102564,0.0,1.0,0.0,,0.0,0.0
2025-02-12 08:00:00,,,0.0,0.0,0.0,0.0,0.0,0.0,,,0.0,0.0,0.0,0.098425686825,0.0,3.0,0.0,,0.0,0.0
2025-02-12 12:00:00,,,0.0,0.0,0.0,0.0,0.0,0.0,,,0.0,0.0,0.0,0.035430839002,0.0,2.0,0.0,,0.0,0.0
2025-02-12 16:00:00,,,0.0,0.0,0.0,0.0,0.0,0.0,,,0.0,0.0,0.0,0.016937669377,0.0,1.0,0.0,,0.0,0.0
2025-02-12 20:00:00,,,0.0,0.0,0.0,0.0,0.0,0.0,,,0.0,0.0,0.0,0.014775413712,0.0,1.0,0.0,,0.0,0.0
2025-02-13 00:00:00,0.0,0.0,0.0,0.0,0.0,0.0,0.0,0.0,0.0,0.0,0.0,0.0,0.0,0.109578763838,0.0,3.0,0.0,0.0,0.0,0.0
2025-02-13 04:00:00,,,0.0,0.0,0.0,0.0,0.0,0.0,,,0.0,0.0,0.0,0.113636363636,0.0,3.0,0.0,,0.0,0.0
2025-02-13 08:00:00,,,0.0,0.0,0.0,0.0,0.0,0.0,,,0.0,0.0,0.0,0.0,0.0,0.0,0.0,,0.0,0.0
2025-02-13 12:00:00,,,0.0,0.0,0.0,0.0,0.0,0.0,,,0.0,0.0,0.0,0.02147766323,0.0,1.0,0.0,,0.0,0.0
2025-02-13 16:00:00,,,0.0,0.0,0.0,0.0,0.0,0.0,,,0.0,0.0,0.0,0.080687830688,0.0,3.0,0.0,,0.0,0.0
2025-02-13 20:00:00,,,0.0,0.0,0.0,0.0,0.0,0.0,,,0.0,0.0,0.0,0.106867111177,0.0,3.0,0.0,,0.0,0.0
2025-02-14 00:00:00,0.0,0.0,0.0,0.0,0.0,0.0,0.0,0.0,0.0,0.0,0.0,0.0,0.0,0.0,0.0,0.0,0.0,0.0,0.0,0.0
2025-02-14 04:00:00,,,0.0,0.0,0.0,0.0,0.0,0.0,,,0.0,0.0,0.0,0.021929824561,0.0,1.0,0.0,,0.0,0.0
2025-02-14 08:00:00,,,0.0,0.0,0.0,0.0,0.0,0.0,,,0.0,0.0,0.0,0.031094527363,0.0,1.0,0.0,,0.0,0.0
2025-02-14 12:00:00,,,0.0,0.0,0.0,0.0,0.0,0.0,,,0.0,0.0,0.0,0.05553727168,0.0,3.0,0.0,,0.0,0.0
2025-02-14 16:00:00,,,0.0,0.0,0.0,0.0,0.0,0.0,,,0.0,0.0,0.0,0.048968132786,0.0,3.0,0.0,,0.0,0.0
2025-02-14 20:00:00,,,0.0,0.0,0.0,0.0,0.0,0.0,,,0.0,0.0,0.0,0.0,0.0,0.0,0.0,,0.0,0.0
2025-02-15 00:00:00,0.0,0.0,0.0,0.0,0.0,0.0,0.0,0.0,0.0,0.0,0.0,0.0,0.0,0.0,0.0,0.0,0.0,0.0,0.0,0.0
2025-02-15 04:00:00,,,0.0,0.0,0.0,0.0,0.0,0.0,,,0.0,0.0,0.0,0.058685446009,0.0,2.0,0.0,,0.0,0.0
2025-02-15 08:00:00,,,0.0,0.0,0.0,0.0,0.0,0.0,,,0.0,0.0,0.0,0.074404761905,0.0,1.0,0.0,,0.0,0.0
2025-02-15 12:00:00,,,0.0,0.0,0.0,0.0,0.0,0.0,,,0.0,0.0,0.0,0.02147766323,0.0,1.0,0.0,,0.0,0.0
2025-02-15 16:00:00,,,0.0,0.0,0.0,0.0,0.0,0.0,,,0.0,0.0,0.0,0.014269406393,0.0,1.0,0.0,,0.0,0.0
2025-02-15 20:00:00,,,0.0,0.0,0.0,0.0,0.0,0.0,,,0.0,0.0,0.0,0.05787037037,0.0,1.0,0.0,,0.0,0.0
2025-02-16 00:00:00,0.0,0.0,0.0,0.0,0.0,0.0,0.0,0.0,0.0,0.0,0.0,0.0,0.0,0.186476165926,0.0,3.0,0.0,0.0,0.0,0.0
2025-02-16 04:00:00,,,0.0,0.0,0.0,0.0,0.0,0.0,,,0.0,0.0,0.0,0.049603174603,0.0,1.0,0.0,,0.0,0.0
2025-02-16 08:00:00,,,0.0,0.0,0.0,0.0,0.0,0.0,,,0.0,0.0,0.0,0.0,0.0,0.0,0.0,,0.0,0.0
2025-02-16 12:00:00,,,0.0,0.0,0.0,0.0,0.0,0.0,,,0.0,0.0,0.0,0.048717948718,0.0,2.0,0.0,,0.0,0.0
2025-02-16 16:00:00,,,0.0,0.0,0.0,0.0,0.0,0.0,,,0.0,0.0,0.0,0.093827160494,0.0,3.0,0.0,,0.0,0.0
2025-02-16 20:00:00,,,0.0,0.0,0.0,0.0,0.0,0.0,,,0.0,0.0,0.0,0.205187147323,0.0,4.0,0.0,,0.0,0.0
2025-02-17 00:00:00,0.0,0.0,0.0,0.0,0.0,0.0,0.0,0.0,0.0,0.0,0.0,0.0,0.0,0.05787037037,0.0,1.0,0.0,0.0,0.0,0.0
2025-02-17 04:00:00,,,0.0,0.0,0.0,0.0,0.0,0.0,,,0.0,0.0,0.0,0.054824561404,0.0,1.0,0.0,,0.0,0.0
2025-02-17 08:00:00,,,0.0,0.0,0.0,0.0,0.0,0.0,,,0.0,0.0,0.0,0.0,0.0,0.0,0.0,,0.0,0.0
2025-02-17 12:00:00,,,0.0,0.0,0.0,0.0,0.0,0.0,,,0.0,0.0,0.0,0.140740643737,0.0,6.0,0.0,,0.0,0.0
2025-02-17 16:00:00,,,0.0,0.0,0.0,0.0,0.0,0.0,,,0.0,0.0,0.0,0.046991001495,0.0,3.0,0.0,,0.0,0.0
2025-02-17 20:00:00,,,0.0,0.0,0.0,0.0,0.0,0.0,,,0.0,0.0,0.0,0.09375,0.0,2.0,0.0,,0.0,0.0
2025-02-18 00:00:00,0.0,0.0,0.0,0.0,0.0,0.0,0.0,0.0,0.0,0.0,0.0,0.0,0.0,0.093739467476,0.0,2.0,0.0,0.0,0.0,0.0
2025-02-18 04:00:00,,,0.0,0.0,0.0,0.0,0.0,0.0,,,0.0,0.0,0.0,0.0,0.0,0.0,0.0,,0.0,0.0
2025-02-18 08:00:00,,,0.0,0.0,0.0,0.0,0.0,0.0,,,0.0,0.0,0.0,0.031565656566,0.0,1.0,0.0,,0.0,0.0
2025-02-18 12:00:00,,,0.0,0.0,0.0,0.0,0.0,0.0,,,0.0,0.0,0.0,0.033730664627,0.0,2.0,0.0,,0.0,0.0
2025-02-18 16:00:00,,,0.0,0.0,0.0,0.0,0.0,0.0,,,0.0,0.0,0.0,0.028504281459,0.0,2.0,0.0,,0.0,0.0
2025-02-18 20:00:00,,,0.0,0.0,0.0,0.0,0.0,0.0,,,0.0,0.0,0.0,0.110890202182,0.0,3.0,0.0,,0.0,0.0
2025-02-19 00:00:00,0.0,0.0,0.0,0.0,0.0,0.0,0.0,0.0,0.0,0.0,0.0,0.0,0.0,0.104755918709,0.0,2.0,0.0,0.0,0.0,0.0
2025-02-19 04:00:00,,,0.0,0.0,0.0,0.0,0.0,0.0,,,0.0,0.0,0.0,0.076670012267,0.0,2.0,0.0,,0.0,0.0
2025-02-19 08:00:00,,,0.0,0.0,0.0,0.0,0.0,0.0,,,0.0,0.0,0.0,0.115721805519,0.0,4.0,0.0,,0.0,0.0
2025-02-19 12:00:00,,,0.0,0.0,0.0,0.0,0.0,0.0,,,0.0,0.0,0.0,0.0,0.0,0.0,0.0,,0.0,0.0
2025-02-19 16:00:00,,,0.0,0.0,0.0,0.0,0.0,0.0,,,0.0,0.0,0.0,0.0,0.0,0.0,0.0,,0.0,0.0
2025-02-19 20:00:00,,,0.0,0.0,0.0,0.0,0.0,0.0,,,0.0,0.0,0.0,0.124109866205,0.0,4.0,0.0,,0.0,0.0
2025-02-20 00:00:00,0.0,0.0,0.0,0.0,0.0,0.0,0.0,0.0,0.0,0.0,0.0,0.0,0.0,0.0,0.0,0.0,0.0,0.0,0.0,0.0
2025-02-20 04:00:00,,,0.0,0.0,0.0,0.0,0.0,0.0,,,0.0,0.0,0.0,0.020226537217,0.0,1.0,0.0,,0.0,0.0
2025-02-20 08:00:00,,,0.0,0.0,0.0,0.0,0.0,0.0,,,0.0,0.0,0.0,0.024509803922,0.0,1.0,0.0,,0.0,0.0
2025-02-20 12:00:00,,,0.0,0.0,0.0,0.0,0.0,0.0,,,0.0,0.0,0.0,0.121800304706,0.0,4.0,0.0,,0.0,0.0
2025-02-20 16:00:00,,,0.0,0.0,0.0,0.0,0.0,0.0,,,0.0,0.0,0.0,0.007038288288,0.0,1.0,0.0,,0.0,0.0
2025-02-20 20:00:00,,,0.0,0.0,0.0,0.0,0.0,0.0,,,0.0,0.0,0.0,0.0,0.0,0.0,0.0,,0.0,0.0
2025-02-21 00:00:00,0.0,0.0,0.0,0.0,0.0,0.0,0.0,0.0,0.0,0.0,0.0,0.0,0.0,0.063131313131,0.0,1.0,0.0,0.0,0.0,0.0
2025-02-21 04:00:00,,,0.0,0.0,0.0,0.0,0.0,0.0,,,0.0,0.0,0.0,0.131032784579,0.0,4.0,0.0,,0.0,0.0
2025-02-21 08:00:00,,,0.0,0.0,0.0,0.0,0.0,0.0,,,0.0,0.0,0.0,0.065584744536,0.0,2.0,0.0,,0.0,0.0
2025-02-21 12:00:00,,,0.0,0.0,0.0,0.0,0.0,0.0,,,0.0,0.0,0.0,0.038617721656,0.0,2.0,0.0,,0.0,0.0
2025-02-21 16:00:00,,,0.0,0.0,0.0,0.0,0.0,0.0,,,0.0,0.0,0.0,0.054270453529,0.0,3.0,0.0,,0.0,0.0
2025-02-21 20:00:00,,,0.0,0.0,0.0,0.0,0.0,0.0,,,0.0,0.0,0.0,0.0234082397,0.0,1.0,0.0,,0.0,0.0
2025-02-22 00:00:00,0.0,0.0,0.0,0.0,0.0,0.0,0.0,0.0,0.0,0.0,0.0,0.0,0.0,0.0,0.0,0.0,0.0,0.0,0.0,0.0
2025-02-22 04:00:00,,,0.0,0.0,0.0,0.0,0.0,0.0,,,0.0,0.0,0.0,0.0,0.0,0.0,0.0,,0.0,0.0
2025-02-22 08:00:00,,,0.0,0.0,0.0,0.0,0.0,0.0,,,0.0,0.0,0.0,0.040849673203,0.0,1.0,0.0,,0.0,0.0
2025-02-22 12:00:00,,,0.0,0.0,0.0,0.0,0.0,0.0,,,0.0,0.0,0.0,0.033068783069,0.0,1.0,0.0,,0.0,0.0
2025-02-22 16:00:00,,,0.0,0.0,0.0,0.0,0.0,0.0,,,0.0,0.0,0.0,0.050925925926,0.0,2.0,0.0,,0.0,0.0
2025-02-22 20:00:00,,,0.0,0.0,0.0,0.0,0.0,0.0,,,0.0,0.0,0.0,0.09837962963,0.0,2.0,0.0,,0.0,0.0
2025-02-23 00:00:00,0.0,0.0,0.0,0.0,0.0,0.0,0.0,0.0,0.0,0.0,0.0,0.0,0.0,0.037878787879,0.0,1.0,0.0,0.0,0.0,0.0
2025-02-23 04:00:00,,,0.0,0.0,0.0,0.0,0.0,0.0,,,0.0,0.0,0.0,0.0,0.0,0.0,0.0,,0.0,0.0
2025-02-23 08:00:00,,,0.0,0.0,0.0,0.0,0.0,0.0,,,0.0,0.0,0.0,0.0,0.0,0.0,0.0,,0.0,0.0
2025-02-23 12:00:00,,,0.0,0.0,0.0,0.0,0.0,0.0,,,0.0,0.0,0.0,0.023674242424,0.0,1.0,0.0,,0.0,0.0
2025-02-23 16:00:00,,,0.0,0.0,0.0,0.0,0.0,0.0,,,0.0,0.0,0.0,0.016937669377,0.0,1.0,0.0,,0.0,0.0
2025-02-23 20:00:00,,,0.0,0.0,0.0,0.0,0.0,0.0,,,0.0,0.0,0.0,0.034722222222,0.0,1.0,0.0,,0.0,0.0
2025-02-24 00:00:00,0.0,0.0,0.0,0.0,0.0,0.0,0.0,0.0,0.0,0.0,0.0,0.0,0.0,0.113002062856,0.0,3.0,0.0,0.0,0.0,0.0
2025-02-24 04:00:00,,,0.0,0.0,0.0,0.0,0.0,0.0,,,0.0,0.0,0.0,0.0,0.0,0.0,0.0,,0.0,0.0
2025-02-24 08:00:00,,,0.0,0.0,0.0,0.0,0.0,0.0,,,0.0,0.0,0.0,0.122430479573,0.0,4.0,0.0,,0.0,0.0
2025-02-24 12:00:00,,,0.0,0.0,0.0,0.0,0.0,0.0,,,0.0,0.0,0.0,0.081156740455,0.0,4.0,0.0,,0.0,0.0
2025-02-24 16:00:00,,,0.0,0.0,0.0,0.0,0.0,0.0,,,0.0,0.0,0.0,0.072749875381,0.0,3.0,0.0,,0.0,0.0
2025-02-24 20:00:00,,,0.0,0.0,0.0,0.0,0.0,0.0,,,0.0,0.0,0.0,0.042310996564,0.0,2.0,0.0,,0.0,0.0
2025-02-25 00:00:00,0.0,0.0,0.0,0.0,0.0,0.0,0.0,0.0,0.0,0.0,0.0,0.0,0.0,0.070205479452,0.0,2.0,0.0,0.0,0.0,0.0
2025-02-25 04:00:00,,,0.0,0.0,0.0,0.0,0.0,0.0,,,0.0,0.0,0.0,0.0,0.0,0.0,0.0,,0.0,0.0
2025-02-25 08:00:00,,,0.0,0.0,0.0,0.0,0.0,0.0,,,0.0,0.0,0.0,0.070797258297,0.0,3.0,0.0,,0.0,0.0
2025-02-25 12:00:00,,,0.0,0.0,0.0,0.0,0.0,0.0,,,0.0,0.0,0.0,0.033696338384,0.0,2.0,0.0,,0.0,0.0
2025-02-25 16:00:00,,,0.0,0.0,0.0,0.0,0.0,0.0,,,0.0,0.0,0.0,0.039477936424,0.0,2.0,0.0,,0.0,0.0
2025-02-25 20:00:00,,,0.0,0.0,0.0,0.0,0.0,0.0,,,0.0,0.0,0.0,0.0,0.0,0.0,0.0,,0.0,0.0
2025-02-26 00:00:00,0.0,0.0,0.0,0.0,0.0,0.0,0.0,0.0,0.0,0.0,0.0,0.0,0.0,0.0,0.0,0.0,0.0,0.0,0.0,0.0
2025-02-26 04:00:00,,,0.0,0.0,0.0,0.0,0.0,0.0,,,0.0,0.0,0.0,0.181692108775,0.0,3.0,0.0,,0.0,0.0
2025-02-26 08:00:00,,,0.0,0.0,0.0,0.0,0.0,0.0,,,0.0,0.0,0.0,0.0,0.0,0.0,0.0,,0.0,0.0
2025-02-26 12:00:00,,,0.0,0.0,0.0,0.0,0.0,0.0,,,0.0,0.0,0.0,0.056814691972,0.0,2.0,0.0,,0.0,0.0
2025-02-26 16:00:00,,,0.0,0.0,0.0,0.0,0.0,0.0,,,0.0,0.0,0.0,0.0,0.0,0.0,0.0,,0.0,0.0
2025-02-26 20:00:00,,,0.0,0.0,0.0,0.0,0.0,0.0,,,0.0,0.0,0.0,0.069444444444,0.0,1.0,0.0,,0.0,0.0
2025-02-27 00:00:00,0.0,0.0,0.0,0.0,0.0,0.0,0.0,0.0,0.0,0.0,0.0,0.0,0.0,0.067839635854,0.0,2.0,0.0,0.0,0.0,0.0
2025-02-27 04:00:00,,,0.0,0.0,0.0,0.0,0.0,0.0,,,0.0,0.0,0.0,0.08065471856,0.0,3.0,0.0,,0.0,0.0
2025-02-27 08:00:00,,,0.0,0.0,0.0,0.0,0.0,0.0,,,0.0,0.0,0.0,0.008644536653,0.0,1.0,0.0,,0.0,0.0
2025-02-27 12:00:00,,,0.0,0.0,0.0,0.0,0.0,0.0,,,0.0,0.0,0.0,0.022017651203,0.0,2.0,0.0,,0.0,0.0
2025-02-27 16:00:00,,,0.0,0.0,0.0,0.0,0.0,0.0,,,0.0,0.0,0.0,0.018115942029,0.0,1.0,0.0,,0.0,0.0
2025-02-27 20:00:00,,,0.0,0.0,0.0,0.0,0.0,0.0,,,0.0,0.0,0.0,0.0,0.0,0.0,0.0,,0.0,0.0
2025-02-28 00:00:00,0.0,0.0,0.0,0.0,0.0,0.0,0.0,0.0,0.0,0.0,0.0,0.0,0.0,0.097667111556,0.0,4.0,0.0,0.0,0.0,0.0
2025-02-28 04:00:00,,,0.0,0.0,0.0,0.0,0.0,0.0,,,0.0,0.0,0.0,0.052421536797,0.0,2.0,0.0,,0.0,0.0
2025-02-28 08:00:00,,,0.0,0.0,0.0,0.0,0.0,0.0,,,0.0,0.0,0.0,0.051845125998,0.0,2.0,0.0,,0.0,0.0
2025-02-28 12:00:00,,,0.0,0.0,0.0,0.0,0.0,0.0,,,0.0,0.0,0.0,0.086902840439,0.0,3.0,0.0,,0.0,0.0
2025-02-28 16:00:00,,,0.0,0.0,0.0,0.0,0.0,0.0,,,0.0,0.0,0.0,0.0,0.0,0.0,0.0,,0.0,0.0
2025-02-28 20:00:00,,,0.0,0.0,0.0,0.0,0.0,0.0,,,0.0,0.0,0.0,0.0,0.0,0.0,0.0,,0.0,0.0
2025-03-01 00:00:00,0.0,0.0,0.0,0.0,0.0,0.0,0.0,0.0,0.0,0.0,0.0,0.0,0.0,0.0,0.0,0.0,0.0,0.0,0.0,0.0
2025-03-01 04:00:00,,,0.0,0.0,0.0,0.0,0.0,0.0,,,0.0,0.0,0.0,0.07183908046,0.0,1.0,0.0,,0.0,0.0
2025-03-01 08:00:00,,,0.0,0.0,0.0,0.0,0.0,0.0,,,0.0,0.0,0.0,0.0,0.0,0.0,0.0,,0.0,0.0
2025-03-01 12:00:00,,,0.0,0.0,0.0,0.0,0.0,0.0,,,0.0,0.0,0.0,0.033744938259,0.0,2.0,0.0,,0.0,0.0
2025-03-01 16:00:00,,,0.0,0.0,0.0,0.0,0.0,0.0,,,0.0,0.0,0.0,0.0,0.0,0.0,0.0,,0.0,0.0
2025-03-01 20:00:00,,,0.0,0.0,0.0,0.0,0.0,0.0,,,0.0,0.0,0.0,0.061274509804,0.0,1.0,0.0,,0.0,0.0
2025-03-02 00:00:00,0.0,0.0,0.0,0.0,0.0,0.0,0.0,0.0,0.0,0.0,0.0,0.0,0.0,0.0,0.0,0.0,0.0,0.0,0.0,0.0
2025-03-02 04:00:00,,,0.0,0.0,0.0,0.0,0.0,0.0,,,0.0,0.0,0.0,0.0,0.0,0.0,0.0,,0.0,0.0
2025-03-02 08:00:00,,,0.0,0.0,0.0,0.0,0.0,0.0,,,0.0,0.0,0.0,0.068964097497,0.0,2.0,0.0,,0.0,0.0
2025-03-02 12:00:00,,,0.0,0.0,0.0,0.0,0.0,0.0,,,0.0,0.0,0.0,0.0,0.0,0.0,0.0,,0.0,0.0
2025-03-02 16:00:00,,,0.0,0.0,0.0,0.0,0.0,0.0,,,0.0,0.0,0.0,0.0,0.0,0.0,0.0,,0.0,0.0
2025-03-02 20:00:00,,,0.0,0.0,0.0,0.0,0.0,0.0,,,0.0,0.0,0.0,0.012112403101,0.0,1.0,0.0,,0.0,0.0
2025-03-03 00:00:00,0.0,0.0,0.0,0.0,0.0,0.0,0.0,0.0,0.0,0.0,0.0,0.0,0.0,0.030637254902,0.0,1.0,0.0,0.0,0.0,0.0
2025-03-03 04:00:00,,,0.0,0.0,0.0,0.0,0.0,0.0,,,0.0,0.0,0.0,0.0,0.0,0.0,0.0,,0.0,0.0
2025-03-03 08:00:00,,,0.0,0.0,0.0,0.0,0.0,0.0,,,0.0,0.0,0.0,0.0,0.0,0.0,0.0,,0.0,0.0
2025-03-03 12:00:00,,,0.0,0.0,0.0,0.0,0.0,0.0,,,0.0,0.0,0.0,0.023857763683,0.0,2.0,0.0,,0.0,0.0
2025-03-03 16:00:00,,,0.0,0.0,0.0,0.0,0.0,0.0,,,0.0,0.0,0.0,0.0,0.0,0.0,0.0,,0.0,0.0
2025-03-03 20:00:00,,,0.0,0.0,0.0,0.0,0.0,0.0,,,0.0,0.0,0.0,0.072623507554,0.0,3.0,0.0,,0.0,0.0
2025-03-04 00:00:00,0.0,0.0,0.0,0.0,0.0,0.0,0.0,0.0,0.0,0.0,0.0,0.0,0.0,0.038239173753,0.0,2.0,0.0,0.0,0.0,0.0
2025-03-04 04:00:00,,,0.0,0.0,0.0,0.0,0.0,0.0,,,0.0,0.0,0.0,0.037878787879,0.0,1.0,0.0,,0.0,0.0
2025-03-04 08:00:00,,,0.0,0.0,0.0,0.0,0.0,0.0,,,0.0,0.0,0.0,0.025100401606,0.0,1.0,0.0,,0.0,0.0
2025-03-04 12:00:00,,,0.0,0.0,0.0,0.0,0.0,0.0,,,0.0,0.0,0.0,0.047081807941,0.0,2.0,0.0,,0.0,0.0
2025-03-04 16:00:00,,,0.0,0.0,0.0,0.0,0.0,0.0,,,0.0,0.0,0.0,0.04546957672,0.0,2.0,0.0,,0.0,0.0
2025-03-04 20:00:00,,,0.0,0.0,0.0,0.0,0.0,0.0,,,0.0,0.0,0.0,0.05787037037,0.0,2.0,0.0,,0.0,0.0
2025-03-05 00:00:00,0.0,0.0,0.0,0.0,0.0,0.0,0.0,0.0,0.0,0.0,0.0,0.0,0.0,0.048449612403,0.0,1.0,0.0,0.0,0.0,0.0
2025-03-05 04:00:00,,,0.0,0.0,0.0,0.0,0.0,0.0,,,0.0,0.0,0.0,0.0,0.0,0.0,0.0,,0.0,0.0
2025-03-05 08:00:00,,,0.0,0.0,0.0,0.0,0.0,0.0,,,0.0,0.0,0.0,0.030517686893,0.0,2.0,0.0,,0.0,0.0
2025-03-05 12:00:00,,,0.0,0.0,0.0,0.0,0.0,0.0,,,0.0,0.0,0.0,0.0,0.0,0.0,0.0,,0.0,0.0
2025-03-05 16:00:00,,,0.0,0.0,0.0,0.0,0.0,0.0,,,0.0,0.0,0.0,0.015903307888,0.0,1.0,0.0,,0.0,0.0
2025-03-05 20:00:00,,,0.0,0.0,0.0,0.0,0.0,0.0,,,0.0,0.0,0.0,0.0,0.0,0.0,0.0,,0.0,0.0
2025-03-06 00:00:00,0.0,0.0,0.0,0.0,0.0,0.0,0.0,0.0,0.0,0.0,0.0,0.0,0.0,0.120470406031,0.0,3.0,0.0,0.0,0.0,0.0
2025-03-06 04:00:00,,,0.0,0.0,0.0,0.0,0.0,0.0,,,0.0,0.0,0.0,0.063131313131,0.0,2.0,0.0,,0.0,0.0
2025-03-06 08:00:00,,,0.0,0.0,0.0,0.0,0.0,0.0,,,0.0,0.0,0.0,0.0,0.0,0.0,0.0,,0.0,0.0
2025-03-06 12:00:00,,,0.0,0.0,0.0,0.0,0.0,0.0,,,0.0,0.0,0.0,0.0,0.0,0.0,0.0,,0.0,0.0
2025-03-06 16:00:00,,,0.0,0.0,0.0,0.0,0.0,0.0,,,0.0,0.0,0.0,0.05519005848,0.0,2.0,0.0,,0.0,0.0
2025-03-06 20:00:00,,,0.0,0.0,0.0,0.0,0.0,0.0,,,0.0,0.0,0.0,0.0,0.0,0.0,0.0,,0.0,0.0
2025-03-07 00:00:00,0.0,0.0,0.0,0.0,0.0,0.0,0.0,0.0,0.0,0.0,0.0,0.0,0.0,0.0,0.0,0.0,0.0,0.0,0.0,0.0
2025-03-07 04:00:00,,,0.0,0.0,0.0,0.0,0.0,0.0,,,0.0,0.0,0.0,0.0,0.0,0.0,0.0,,0.0,0.0
2025-03-07 08:00:00,,,0.0,0.0,0.0,0.0,0.0,0.0,,,0.0,0.0,0.0,0.0,0.0,0.0,0.0,,0.0,0.0
2025-03-07 12:00:00,,,0.0,0.0,0.0,0.0,0.0,0.0,,,0.0,0.0,0.0,0.028153153153,0.0,1.0,0.0,,0.0,0.0
2025-03-07 16:00:00,,,0.0,0.0,0.0,0.0,0.0,0.0,,,0.0,0.0,0.0,0.024801587302,0.0,1.0,0.0,,0.0,0.0
2025-03-07 20:00:00,,,0.0,0.0,0.0,0.0,0.0,0.0,,,0.0,0.0,0.0,0.0,0.0,0.0,0.0,,0.0,0.0
2025-03-08 00:00:00,0.0,0.0,0.0,0.0,0.0,0.0,0.0,0.0,0.0,0.0,0.0,0.0,0.0,0.040064102564,0.0,1.0,0.0,0.0,0.0,0.0
2025-03-08 04:00:00,,,0.0,0.0,0.0,0.0,0.0,0.0,,,0.0,0.0,0.0,0.0,0.0,0.0,0.0,,0.0,0.0
2025-03-08 08:00:00,,,0.0,0.0,0.0,0.0,0.0,0.0,,,0.0,0.0,0.0,0.048449612403,0.0,1.0,0.0,,0.0,0.0
2025-03-08 12:00:00,,,0.0,0.0,0.0,0.0,0.0,0.0,,,0.0,0.0,0.0,0.0,0.0,0.0,0.0,,0.0,0.0
2025-03-08 16:00:00,,,0.0,0.0,0.0,0.0,0.0,0.0,,,0.0,0.0,0.0,0.0,0.0,0.0,0.0,,0.0,0.0
2025-03-08 20:00:00,,,0.0,0.0,0.0,0.0,0.0,0.0,,,0.0,0.0,0.0,0.049580140856,0.0,2.0,0.0,,0.0,0.0
2025-03-09 00:00:00,0.0,0.0,0.0,0.0,0.0,0.0,0.0,0.0,0.0,0.0,0.0,0.0,0.0,0.0,0.0,0.0,0.0,0.0,0.0,0.0
2025-03-09 04:00:00,,,0.0,0.0,0.0,0.0,0.0,0.0,,,0.0,0.0,0.0,0.0,0.0,0.0,0.0,,0.0,0.0
2025-03-09 08:00:00,,,0.0,0.0,0.0,0.0,0.0,0.0,,,0.0,0.0,0.0,0.0,0.0,0.0,0.0,,0.0,0.0
2025-03-09 12:00:00,,,0.0,0.0,0.0,0.0,0.0,0.0,,,0.0,0.0,0.0,0.029023446392,0.0,2.0,0.0,,0.0,0.0
2025-03-09 16:00:00,,,0.0,0.0,0.0,0.0,0.0,0.0,,,0.0,0.0,0.0,0.01102292769,0.0,1.0,0.0,,0.0,0.0
2025-03-09 20:00:00,,,0.0,0.0,0.0,0.0,0.0,0.0,,,0.0,0.0,0.0,0.0,0.0,0.0,0.0,,0.0,0.0
2025-03-10 00:00:00,0.0,0.0,0.0,0.0,0.0,0.0,0.0,0.0,0.0,0.0,0.0,0.0,0.0,0.0,0.0,0.0,0.0,0.0,0.0,0.0
2025-03-10 04:00:00,,,0.0,0.0,0.0,0.0,0.0,0.0,,,0.0,0.0,0.0,0.039308176101,0.0,1.0,0.0,,0.0,0.0
2025-03-10 08:00:00,,,0.0,0.0,0.0,0.0,0.0,0.0,,,0.0,0.0,0.0,0.08146796811,0.0,4.0,0.0,,0.0,0.0
2025-03-10 12:00:00,,,0.0,0.0,0.0,0.0,0.0,0.0,,,0.0,0.0,0.0,0.05478785399,0.0,4.0,0.0,,0.0,0.0
2025-03-10 16:00:00,,,0.0,0.0,0.0,0.0,0.0,0.0,,,0.0,0.0,0.0,0.009300595238,0.0,1.0,0.0,,0.0,0.0
2025-03-10 20:00:00,,,0.0,0.0,0.0,0.0,0.0,0.0,,,0.0,0.0,0.0,0.054282048712,0.0,3.0,0.0,,0.0,0.0
2025-03-11 00:00:00,0.0,0.0,0.0,0.0,0.0,0.0,0.0,0.0,0.0,0.0,0.0,0.0,0.0,0.014775413712,0.0,1.0,0.0,0.0,0.0,0.0
2025-03-11 04:00:00,,,0.0,0.0,0.0,0.0,0.0,0.0,,,0.0,0.0,0.0,0.0,0.0,0.0,0.0,,0.0,0.0
2025-03-11 08:00:00,,,0.0,0.0,0.0,0.0,0.0,0.0,,,0.0,0.0,0.0,0.0,0.0,0.0,0.0,,0.0,0.0
2025-03-11 12:00:00,,,0.0,0.0,0.0,0.0,0.0,0.0,,,0.0,0.0,0.0,0.062649437196,0.0,4.0,0.0,,0.0,0.0
2025-03-11 16:00:00,,,0.0,0.0,0.0,0.0,0.0,0.0,,,0.0,0.0,0.0,0.038066428455,0.0,2.0,0.0,,0.0,0.0
2025-03-11 20:00:00,,,0.0,0.0,0.0,0.0,0.0,0.0,,,0.0,0.0,0.0,0.0,0.0,0.0,0.0,,0.0,0.0
2025-03-12 00:00:00,0.0,0.0,0.0,0.0,0.0,0.0,0.0,0.0,0.0,0.0,0.0,0.0,0.0,0.037878787879,0.0,1.0,0.0,0.0,0.0,0.0
2025-03-12 04:00:00,,,0.0,0.0,0.0,0.0,0.0,0.0,,,0.0,0.0,0.0,0.034722222222,0.0,1.0,0.0,,0.0,0.0
2025-03-12 08:00:00,,,0.0,0.0,0.0,0.0,0.0,0.0,,,0.0,0.0,0.0,0.060721127531,0.0,2.0,0.0,,0.0,0.0
2025-03-12 12:00:00,,,0.0,0.0,0.0,0.0,0.0,0.0,,,0.0,0.0,0.0,0.079800033983,0.0,4.0,0.0,,0.0,0.0
2025-03-12 16:00:00,,,0.0,0.0,0.0,0.0,0.0,0.0,,,0.0,0.0,0.0,0.041248479319,0.0,2.0,0.0,,0.0,0.0
2025-03-12 20:00:00,,,0.0,0.0,0.0,0.0,0.0,0.0,,,0.0,0.0,0.0,0.022163120567,0.0,1.0,0.0,,0.0,0.0
2025-03-13 00:00:00,0.0,0.0,0.0,0.0,0.0,0.0,0.0,0.0,0.0,0.0,0.0,0.0,0.0,0.123431155408,0.0,2.0,0.0,0.0,0.0,0.0
2025-03-13 04:00:00,,,0.0,0.0,0.0,0.0,0.0,0.0,,,0.0,0.0,0.0,0.067204301075,0.0,1.0,0.0,,0.0,0.0
2025-03-13 08:00:00,,,0.0,0.0,0.0,0.0,0.0,0.0,,,0.0,0.0,0.0,0.0,0.0,0.0,0.0,,0.0,0.0
2025-03-13 12:00:00,,,0.0,0.0,0.0,0.0,0.0,0.0,,,0.0,0.0,0.0,0.070730452675,0.0,3.0,0.0,,0.0,0.0
2025-03-13 16:00:00,,,0.0,0.0,0.0,0.0,0.0,0.0,,,0.0,0.0,0.0,0.028538812785,0.0,1.0,0.0,,0.0,0.0
2025-03-13 20:00:00,,,0.0,0.0,0.0,0.0,0.0,0.0,,,0.0,0.0,0.0,0.055803571429,0.0,2.0,0.0,,0.0,0.0
2025-03-14 00:00:00,0.0,0.0,0.0,0.0,0.0,0.0,0.0,0.0,0.0,0.0,0.0,0.0,0.0,0.0,0.0,0.0,0.0,0.0,0.0,0.0
2025-03-14 04:00:00,,,0.0,0.0,0.0,0.0,0.0,0.0,,,0.0,0.0,0.0,0.0,0.0,0.0,0.0,,0.0,0.0
2025-03-14 08:00:00,,,0.0,0.0,0.0,0.0,0.0,0.0,,,0.0,0.0,0.0,0.053444989107,0.0,2.0,0.0,,0.0,0.0
2025-03-14 12:00:00,,,0.0,0.0,0.0,0.0,0.0,0.0,,,0.0,0.0,0.0,0.0,0.0,0.0,0.0,,0.0,0.0
2025-03-14 16:00:00,,,0.0,0.0,0.0,0.0,0.0,0.0,,,0.0,0.0,0.0,0.0,0.0,0.0,0.0,,0.0,0.0
2025-03-14 20:00:00,,,0.0,0.0,0.0,0.0,0.0,0.0,,,0.0,0.0,0.0,0.028153153153,0.0,1.0,0.0,,0.0,0.0
2025-03-15 00:00:00,0.0,0.0,0.0,0.0,0.0,0.0,0.0,0.0,0.0,0.0,0.0,0.0,0.0,0.037202380952,0.0,1.0,0.0,0.0,0.0,0.0
2025-03-15 04:00:00,,,0.0,0.0,0.0,0.0,0.0,0.0,,,0.0,0.0,0.0,0.0,0.0,0.0,0.0,,0.0,0.0
2025-03-15 08:00:00,,,0.0,0.0,0.0,0.0,0.0,0.0,,,0.0,0.0,0.0,0.0,0.0,0.0,0.0,,0.0,0.0
2025-03-15 12:00:00,,,0.0,0.0,0.0,0.0,0.0,0.0,,,0.0,0.0,0.0,0.0,0.0,0.0,0.0,,0.0,0.0
2025-03-15 16:00:00,,,0.0,0.0,0.0,0.0,0.0,0.0,,,0.0,0.0,0.0,0.0,0.0,0.0,0.0,,0.0,0.0
2025-03-15 20:00:00,,,0.0,0.0,0.0,0.0,0.0,0.0,,,0.0,0.0,0.0,0.0,0.0,0.0,0.0,,0.0,0.0
2025-03-16 00:00:00,0.0,0.0,0.0,0.0,0.0,0.0,0.0,0.0,0.0,0.0,0.0,0.0,0.0,0.044326241135,0.0,1.0,0.0,0.0,0.0,0.0
2025-03-16 04:00:00,,,0.0,0.0,0.0,0.0,0.0,0.0,,,0.0,0.0,0.0,0.094696969697,0.0,1.0,0.0,,0.0,0.0
2025-03-16 08:00:00,,,0.0,0.0,0.0,0.0,0.0,0.0,,,0.0,0.0,0.0,0.0,0.0,0.0,0.0,,0.0,0.0
2025-03-16 12:00:00,,,0.0,0.0,0.0,0.0,0.0,0.0,,,0.0,0.0,0.0,0.05787037037,0.0,1.0,0.0,,0.0,0.0
2025-03-16 16:00:00,,,0.0,0.0,0.0,0.0,0.0,0.0,,,0.0,0.0,0.0,0.0,0.0,0.0,0.0,,0.0,0.0
2025-03-16 20:00:00,,,0.0,0.0,0.0,0.0,0.0,0.0,,,0.0,0.0,0.0,0.0,0.0,0.0,0.0,,0.0,0.0
2025-03-17 00:00:00,0.0,0.0,0.0,0.0,0.0,0.0,0.0,0.0,0.0,0.0,0.0,0.0,0.0,0.0,0.0,0.0,0.0,0.0,0.0,0.0
2025-03-17 04:00:00,,,0.0,0.0,0.0,0.0,0.0,0.0,,,0.0,0.0,0.0,0.056306306306,0.0,1.0,0.0,,0.0,0.0
2025-03-17 08:00:00,,,0.0,0.0,0.0,0.0,0.0,0.0,,,0.0,0.0,0.0,0.061107873608,0.0,2.0,0.0,,0.0,0.0
2025-03-17 12:00:00,,,0.0,0.0,0.0,0.0,0.0,0.0,,,0.0,0.0,0.0,0.0,0.0,0.0,0.0,,0.0,0.0
2025-03-17 16:00:00,,,0.0,0.0,0.0,0.0,0.0,0.0,,,0.0,0.0,0.0,0.0,0.0,0.0,0.0,,0.0,0.0
2025-03-17 20:00:00,,,0.0,0.0,0.0,0.0,0.0,0.0,,,0.0,0.0,0.0,0.037878787879,0.0,1.0,0.0,,0.0,0.0
2025-03-18 00:00:00,0.0,0.0,0.0,0.0,0.0,0.0,0.0,0.0,0.0,0.0,0.0,0.0,0.0,0.059523809524,0.0,1.0,0.0,0.0,0.0,0.0
2025-03-18 04:00:00,,,0.0,0.0,0.0,0.0,0.0,0.0,,,0.0,0.0,0.0,0.056306306306,0.0,1.0,0.0,,0.0,0.0
2025-03-18 08:00:00,,,0.0,0.0,0.0,0.0,0.0,0.0,,,0.0,0.0,0.0,0.0,0.0,0.0,0.0,,0.0,0.0
2025-03-18 12:00:00,,,0.0,0.0,0.0,0.0,0.0,0.0,,,0.0,0.0,0.0,0.0,0.0,0.0,0.0,,0.0,0.0
2025-03-18 16:00:00,,,0.0,0.0,0.0,0.0,0.0,0.0,,,0.0,0.0,0.0,0.0,0.0,0.0,0.0,,0.0,0.0
2025-03-18 20:00:00,,,0.0,0.0,0.0,0.0,0.0,0.0,,,0.0,0.0,0.0,0.0,0.0,0.0,0.0,,0.0,0.0
2025-03-19 00:00:00,0.0,0.0,0.0,0.0,0.0,0.0,0.0,0.0,0.0,0.0,0.0,0.0,0.0,0.0,0.0,0.0,0.0,0.0,0.0,0.0
2025-03-19 04:00:00,,,0.0,0.0,0.0,0.0,0.0,0.0,,,0.0,0.0,0.0,0.0,0.0,0.0,0.0,,0.0,0.0
2025-03-19 08:00:00,,,0.0,0.0,0.0,0.0,0.0,0.0,,,0.0,0.0,0.0,0.044326241135,0.0,1.0,0.0,,0.0,0.0
2025-03-19 12:00:00,,,0.0,0.0,0.0,0.0,0.0,0.0,,,0.0,0.0,0.0,0.0,0.0,0.0,0.0,,0.0,0.0
2025-03-19 16:00:00,,,0.0,0.0,0.0,0.0,0.0,0.0,,,0.0,0.0,0.0,0.0,0.0,0.0,0.0,,0.0,0.0
2025-03-19 20:00:00,,,0.0,0.0,0.0,0.0,0.0,0.0,,,0.0,0.0,0.0,0.042517006803,0.0,1.0,0.0,,0.0,0.0
2025-03-20 00:00:00,0.0,0.0,0.0,0.0,0.0,0.0,0.0,0.0,0.0,0.0,0.0,0.0,0.0,0.0,0.0,0.0,0.0,0.0,0.0,0.0
2025-03-20 04:00:00,,,0.0,0.0,0.0,0.0,0.0,0.0,,,0.0,0.0,0.0,0.0,0.0,0.0,0.0,,0.0,0.0
2025-03-20 08:00:00,,,0.0,0.0,0.0,0.0,0.0,0.0,,,0.0,0.0,0.0,0.090579710145,0.0,1.0,0.0,,0.0,0.0
2025-03-20 12:00:00,,,0.0,0.0,0.0,0.0,0.0,0.0,,,0.0,0.0,0.0,0.0,0.0,0.0,0.0,,0.0,0.0
2025-03-20 16:00:00,,,0.0,0.0,0.0,0.0,0.0,0.0,,,0.0,0.0,0.0,0.0,0.0,0.0,0.0,,0.0,0.0
2025-03-20 20:00:00,,,0.0,0.0,0.0,0.0,0.0,0.0,,,0.0,0.0,0.0,0.0,0.0,0.0,0.0,,0.0,0.0
2025-03-21 00:00:00,0.0,0.0,0.0,0.0,0.0,0.0,0.0,0.0,0.0,0.0,0.0,0.0,0.0,0.196454678363,0.0,2.0,0.0,0.0,0.0,0.0
2025-03-21 04:00:00,,,0.0,0.0,0.0,0.0,0.0,0.0,,,0.0,0.0,0.0,0.0,0.0,0.0,0.0,,0.0,0.0
2025-03-21 08:00:00,,,0.0,0.0,0.0,0.0,0.0,0.0,,,0.0,0.0,0.0,0.0,0.0,0.0,0.0,,0.0,0.0
2025-03-21 12:00:00,,,0.0,0.0,0.0,0.0,0.0,0.0,,,0.0,0.0,0.0,0.0,0.0,0.0,0.0,,0.0,0.0
2025-03-21 16:00:00,,,0.0,0.0,0.0,0.0,0.0,0.0,,,0.0,0.0,0.0,0.014076576577,0.0,1.0,0.0,,0.0,0.0
2025-03-21 20:00:00,,,0.0,0.0,0.0,0.0,0.0,0.0,,,0.0,0.0,0.0,0.0,0.0,0.0,0.0,,0.0,0.0
2025-03-22 00:00:00,0.0,0.0,0.0,0.0,0.0,0.0,0.0,0.0,0.0,0.0,0.0,0.0,0.0,0.0,0.0,0.0,0.0,0.0,0.0,0.0
2025-03-22 04:00:00,,,0.0,0.0,0.0,0.0,0.0,0.0,,,0.0,0.0,0.0,0.130208333333,0.0,1.0,0.0,,0.0,0.0
2025-03-22 08:00:00,,,0.0,0.0,0.0,0.0,0.0,0.0,,,0.0,0.0,0.0,0.0,0.0,0.0,0.0,,0.0,0.0
2025-03-22 12:00:00,,,0.0,0.0,0.0,0.0,0.0,0.0,,,0.0,0.0,0.0,0.0,0.0,0.0,0.0,,0.0,0.0
2025-03-22 16:00:00,,,0.0,0.0,0.0,0.0,0.0,0.0,,,0.0,0.0,0.0,0.0,0.0,0.0,0.0,,0.0,0.0
2025-03-22 20:00:00,,,0.0,0.0,0.0,0.0,0.0,0.0,,,0.0,0.0,0.0,0.0,0.0,0.0,0.0,,0.0,0.0
2025-03-23 00:00:00,0.0,0.0,0.0,0.0,0.0,0.0,0.0,0.0,0.0,0.0,0.0,0.0,0.0,0.0,0.0,0.0,0.0,0.0,0.0,0.0
2025-03-23 04:00:00,,,0.0,0.0,0.0,0.0,0.0,0.0,,,0.0,0.0,0.0,0.0,0.0,0.0,0.0,,0.0,0.0
2025-03-23 08:00:00,,,0.0,0.0,0.0,0.0,0.0,0.0,,,0.0,0.0,0.0,0.07183908046,0.0,1.0,0.0,,0.0,0.0
2025-03-23 12:00:00,,,0.0,0.0,0.0,0.0,0.0,0.0,,,0.0,0.0,0.0,0.049603174603,0.0,1.0,0.0,,0.0,0.0
2025-03-23 16:00:00,,,0.0,0.0,0.0,0.0,0.0,0.0,,,0.0,0.0,0.0,0.0,0.0,0.0,0.0,,0.0,0.0
2025-03-23 20:00:00,,,0.0,0.0,0.0,0.0,0.0,0.0,,,0.0,0.0,0.0,0.037202380952,0.0,1.0,0.0,,0.0,0.0
2025-03-24 00:00:00,0.0,0.0,0.0,0.0,0.0,0.0,0.0,0.0,0.0,0.0,0.0,0.0,0.0,0.0,0.0,0.0,0.0,0.0,0.0,0.0
2025-03-24 04:00:00,,,0.0,0.0,0.0,0.0,0.0,0.0,,,0.0,0.0,0.0,0.0,0.0,0.0,0.0,,0.0,0.0
2025-03-24 08:00:00,,,0.0,0.0,0.0,0.0,0.0,0.0,,,0.0,0.0,0.0,0.0,0.0,0.0,0.0,,0.0,0.0
2025-03-24 12:00:00,,,0.0,0.0,0.0,0.0,0.0,0.0,,,0.0,0.0,0.0,0.076283670034,0.0,2.0,0.0,,0.0,0.0
2025-03-24 16:00:00,,,0.0,0.0,0.0,0.0,0.0,0.0,,,0.0,0.0,0.0,0.025720164609,0.0,1.0,0.0,,0.0,0.0
2025-03-24 20:00:00,,,0.0,0.0,0.0,0.0,0.0,0.0,,,0.0,0.0,0.0,0.0,0.0,0.0,0.0,,0.0,0.0
2025-03-25 00:00:00,0.0,0.0,0.0,0.0,0.0,0.0,0.0,0.0,0.0,0.0,0.0,0.0,0.0,0.0,0.0,0.0,0.0,0.0,0.0,0.0
2025-03-25 04:00:00,,,0.0,0.0,0.0,0.0,0.0,0.0,,,0.0,0.0,0.0,0.14880952381,0.0,1.0,0.0,,0.0,0.0
2025-03-25 08:00:00,,,0.0,0.0,0.0,0.0,0.0,0.0,,,0.0,0.0,0.0,0.040064102564,0.0,1.0,0.0,,0.0,0.0
2025-03-25 12:00:00,,,0.0,0.0,0.0,0.0,0.0,0.0,,,0.0,0.0,0.0,0.0,0.0,0.0,0.0,,0.0,0.0
2025-03-25 16:00:00,,,0.0,0.0,0.0,0.0,0.0,0.0,,,0.0,0.0,0.0,0.044326241135,0.0,1.0,0.0,,0.0,0.0
2025-03-25 20:00:00,,,0.0,0.0,0.0,0.0,0.0,0.0,,,0.0,0.0,0.0,0.028538812785,0.0,1.0,0.0,,0.0,0.0
2025-03-26 00:00:00,0.0,0.0,0.0,0.0,0.0,0.0,0.0,0.0,0.0,0.0,0.0,0.0,0.0,0.0,0.0,0.0,0.0,0.0,0.0,0.0
2025-03-26 04:00:00,,,0.0,0.0,0.0,0.0,0.0,0.0,,,0.0,0.0,0.0,0.0,0.0,0.0,0.0,,0.0,0.0
2025-03-26 08:00:00,,,0.0,0.0,0.0,0.0,0.0,0.0,,,0.0,0.0,0.0,0.0,0.0,0.0,0.0,,0.0,0.0
2025-03-26 12:00:00,,,0.0,0.0,0.0,0.0,0.0,0.0,,,0.0,0.0,0.0,0.015096618357,0.0,1.0,0.0,,0.0,0.0
2025-03-26 16:00:00,,,0.0,0.0,0.0,0.0,0.0,0.0,,,0.0,0.0,0.0,0.040849673203,0.0,1.0,0.0,,0.0,0.0
2025-03-26 20:00:00,,,0.0,0.0,0.0,0.0,0.0,0.0,,,0.0,0.0,0.0,0.0,0.0,0.0,0.0,,0.0,0.0
2025-03-27 00:00:00,0.0,0.0,0.0,0.0,0.0,0.0,0.0,0.0,0.0,0.0,0.0,0.0,0.0,0.0,0.0,0.0,0.0,0.0,0.0,0.0
2025-03-27 04:00:00,,,0.0,0.0,0.0,0.0,0.0,0.0,,,0.0,0.0,0.0,0.0,0.0,0.0,0.0,,0.0,0.0
2025-03-27 08:00:00,,,0.0,0.0,0.0,0.0,0.0,0.0,,,0.0,0.0,0.0,0.0,0.0,0.0,0.0,,0.0,0.0
2025-03-27 12:00:00,,,0.0,0.0,0.0,0.0,0.0,0.0,,,0.0,0.0,0.0,0.069444444444,0.0,1.0,0.0,,0.0,0.0
2025-03-27 16:00:00,,,0.0,0.0,0.0,0.0,0.0,0.0,,,0.0,0.0,0.0,0.062189054726,0.0,2.0,0.0,,0.0,0.0
2025-03-27 20:00:00,,,0.0,0.0,0.0,0.0,0.0,0.0,,,0.0,0.0,0.0,0.0,0.0,0.0,0.0,,0.0,0.0
2025-03-28 00:00:00,0.0,0.0,0.0,0.0,0.0,0.0,0.0,0.0,0.0,0.0,0.0,0.0,0.0,0.0,0.0,0.0,0.0,0.0,0.0,0.0
2025-03-28 04:00:00,,,0.0,0.0,0.0,0.0,0.0,0.0,,,0.0,0.0,0.0,0.0,0.0,0.0,0.0,,0.0,0.0
2025-03-28 08:00:00,,,0.0,0.0,0.0,0.0,0.0,0.0,,,0.0,0.0,0.0,0.061274509804,0.0,1.0,0.0,,0.0,0.0
2025-03-28 12:00:00,,,0.0,0.0,0.0,0.0,0.0,0.0,,,0.0,0.0,0.0,0.064788264967,0.0,3.0,0.0,,0.0,0.0
2025-03-28 16:00:00,,,0.0,0.0,0.0,0.0,0.0,0.0,,,0.0,0.0,0.0,0.059523809524,0.0,1.0,0.0,,0.0,0.0
2025-03-28 20:00:00,,,0.0,0.0,0.0,0.0,0.0,0.0,,,0.0,0.0,0.0,0.05787037037,0.0,1.0,0.0,,0.0,0.0
2025-03-29 00:00:00,0.0,0.0,0.0,0.0,0.0,0.0,0.0,0.0,0.0,0.0,0.0,0.0,0.0,0.05081300813,0.0,1.0,0.0,0.0,0.0,0.0
2025-03-29 04:00:00,,,0.0,0.0,0.0,0.0,0.0,0.0,,,0.0,0.0,0.0,0.074404761905,0.0,1.0,0.0,,0.0,0.0
2025-03-29 08:00:00,,,0.0,0.0,0.0,0.0,0.0,0.0,,,0.0,0.0,0.0,0.0,0.0,0.0,0.0,,0.0,0.0
2025-03-29 12:00:00,,,0.0,0.0,0.0,0.0,0.0,0.0,,,0.0,0.0,0.0,0.0,0.0,0.0,0.0,,0.0,0.0
2025-03-29 16:00:00,,,0.0,0.0,0.0,0.0,0.0,0.0,,,0.0,0.0,0.0,0.0,0.0,0.0,0.0,,0.0,0.0
2025-03-29 20:00:00,,,0.0,0.0,0.0,0.0,0.0,0.0,,,0.0,0.0,0.0,0.045289855072,0.0,1.0,0.0,,0.0,0.0
2025-03-30 00:00:00,0.0,0.0,0.0,0.0,0.0,0.0,0.0,0.0,0.0,0.0,0.0,0.0,0.0,0.0,0.0,0.0,0.0,0.0,0.0,0.0
2025-03-30 04:00:00,,,0.0,0.0,0.0,0.0,0.0,0.0,,,0.0,0.0,0.0,0.0,0.0,0.0,0.0,,0.0,0.0
2025-03-30 08:00:00,,,0.0,0.0,0.0,0.0,0.0,0.0,,,0.0,0.0,0.0,0.0,0.0,0.0,0.0,,0.0,0.0
2025-03-30 12:00:00,,,0.0,0.0,0.0,0.0,0.0,0.0,,,0.0,0.0,0.0,0.0,0.0,0.0,0.0,,0.0,0.0
2025-03-30 16:00:00,,,0.0,0.0,0.0,0.0,0.0,0.0,,,0.0,0.0,0.0,0.063131313131,0.0,1.0,0.0,,0.0,0.0
2025-03-30 20:00:00,,,0.0,0.0,0.0,0.0,0.0,0.0,,,0.0,0.0,0.0,0.0,0.0,0.0,0.0,,0.0,0.0
2025-03-31 00:00:00,0.0,0.0,0.0,0.0,0.0,0.0,0.0,0.0,0.0,0.0,0.0,0.0,0.0,0.0,0.0,0.0,0.0,0.0,0.0,0.0
2025-03-31 04:00:00,,,0.0,0.0,0.0,0.0,0.0,0.0,,,0.0,0.0,0.0,0.0,0.0,0.0,0.0,,0.0,0.0
2025-03-31 08:00:00,,,0.0,0.0,0.0,0.0,0.0,0.0,,,0.0,0.0,0.0,0.0,0.0,0.0,0.0,,0.0,0.0
2025-03-31 12:00:00,,,0.0,0.0,0.0,0.0,0.0,0.0,,,0.0,0.0,0.0,0.049603174603,0.0,1.0,0.0,,0.0,0.0
2025-03-31 16:00:00,,,0.0,0.0,0.0,0.0,0.0,0.0,,,0.0,0.0,0.0,0.029342723005,0.0,1.0,0.0,,0.0,0.0
2025-03-31 20:00:00,,,0.0,0.0,0.0,0.0,0.0,0.0,,,0.0,0.0,0.0,0.0,0.0,0.0,0.0,,0.0,0.0
2025-04-01 00:00:00,0.0,0.0,0.0,0.0,0.0,0.0,0.0,0.0,0.0,0.0,0.0,0.0,0.0,0.0,0.0,0.0,0.0,0.0,0.0,0.0
2025-04-01 04:00:00,,,0.0,0.0,0.0,0.0,0.0,0.0,,,0.0,0.0,0.0,0.0,0.0,0.0,0.0,,0.0,0.0
2025-04-01 08:00:00,,,0.0,0.0,0.0,0.0,0.0,0.0,,,0.0,0.0,0.0,0.0,0.0,0.0,0.0,,0.0,0.0
2025-04-01 12:00:00,,,0.0,0.0,0.0,0.0,0.0,0.0,,,0.0,0.0,0.0,0.0,0.0,0.0,0.0,,0.0,0.0
2025-04-01 16:00:00,,,0.0,0.0,0.0,0.0,0.0,0.0,,,0.0,0.0,0.0,0.0,0.0,0.0,0.0,,0.0,0.0
2025-04-01 20:00:00,,,0.0,0.0,0.0,0.0,0.0,0.0,,,0.0,0.0,0.0,0.094696969697,0.0,1.0,0.0,,0.0,0.0
2025-04-02 00:00:00,0.0,0.0,0.0,0.0,0.0,0.0,0.0,0.0,0.0,0.0,0.0,0.0,0.0,0.0,0.0,0.0,0.0,0.0,0.0,0.0
2025-04-02 04:00:00,,,0.0,0.0,0.0,0.0,0.0,0.0,,,0.0,0.0,0.0,0.0,0.0,0.0,0.0,,0.0,0.0
2025-04-02 08:00:00,,,0.0,0.0,0.0,0.0,0.0,0.0,,,0.0,0.0,0.0,0.0,0.0,0.0,0.0,,0.0,0.0
2025-04-02 12:00:00,,,0.0,0.0,0.0,0.0,0.0,0.0,,,0.0,0.0,0.0,0.03591954023,0.0,1.0,0.0,,0.0,0.0
2025-04-02 16:00:00,,,0.0,0.0,0.0,0.0,0.0,0.0,,,0.0,0.0,0.0,0.031565656566,0.0,1.0,0.0,,0.0,0.0
2025-04-02 20:00:00,,,0.0,0.0,0.0,0.0,0.0,0.0,,,0.0,0.0,0.0,0.076878324468,0.0,2.0,0.0,,0.0,0.0
2025-04-03 00:00:00,0.0,0.0,0.0,0.0,0.0,0.0,0.0,0.0,0.0,0.0,0.0,0.0,0.0,0.040849673203,0.0,1.0,0.0,0.0,0.0,0.0
2025-04-03 04:00:00,,,0.0,0.0,0.0,0.0,0.0,0.0,,,0.0,0.0,0.0,0.046296296296,0.0,1.0,0.0,,0.0,0.0
2025-04-03 08:00:00,,,0.0,0.0,0.0,0.0,0.0,0.0,,,0.0,0.0,0.0,0.0,0.0,0.0,0.0,,0.0,0.0
2025-04-03 12:00:00,,,0.0,0.0,0.0,0.0,0.0,0.0,,,0.0,0.0,0.0,0.0,0.0,0.0,0.0,,0.0,0.0
2025-04-03 16:00:00,,,0.0,0.0,0.0,0.0,0.0,0.0,,,0.0,0.0,0.0,0.174472704715,0.0,3.0,0.0,,0.0,0.0
2025-04-03 20:00:00,,,0.0,0.0,0.0,0.0,0.0,0.0,,,0.0,0.0,0.0,0.07183908046,0.0,1.0,0.0,,0.0,0.0
2025-04-04 00:00:00,0.0,0.0,0.0,0.0,0.0,0.0,0.0,0.0,0.0,0.0,0.0,0.0,0.0,0.083333333333,0.0,1.0,0.0,0.0,0.0,0.0
2025-04-04 04:00:00,,,0.0,0.0,0.0,0.0,0.0,0.0,,,0.0,0.0,0.0,0.0,0.0,0.0,0.0,,0.0,0.0
2025-04-04 08:00:00,,,0.0,0.0,0.0,0.0,0.0,0.0,,,0.0,0.0,0.0,0.094696969697,0.0,1.0,0.0,,0.0,0.0
2025-04-04 12:00:00,,,0.0,0.0,0.0,0.0,0.0,0.0,,,0.0,0.0,0.0,0.0,0.0,0.0,0.0,,0.0,0.0
2025-04-04 16:00:00,,,0.0,0.0,0.0,0.0,0.0,0.0,,,0.0,0.0,0.0,0.0,0.0,0.0,0.0,,0.0,0.0
2025-04-04 20:00:00,,,0.0,0.0,0.0,0.0,0.0,0.0,,,0.0,0.0,0.0,0.0,0.0,0.0,0.0,,0.0,0.0
2025-04-05 00:00:00,0.0,0.0,0.0,0.0,0.0,0.0,0.0,0.0,0.0,0.0,0.0,0.0,0.0,0.0,0.0,0.0,0.0,0.0,0.0,0.0
2025-04-05 04:00:00,,,0.0,0.0,0.0,0.0,0.0,0.0,,,0.0,0.0,0.0,0.094696969697,0.0,1.0,0.0,,0.0,0.0
2025-04-05 08:00:00,,,0.0,0.0,0.0,0.0,0.0,0.0,,,0.0,0.0,0.0,0.0,0.0,0.0,0.0,,0.0,0.0
2025-04-05 12:00:00,,,0.0,0.0,0.0,0.0,0.0,0.0,,,0.0,0.0,0.0,0.0,0.0,0.0,0.0,,0.0,0.0
2025-04-05 16:00:00,,,0.0,0.0,0.0,0.0,0.0,0.0,,,0.0,0.0,0.0,0.069444444444,0.0,1.0,0.0,,0.0,0.0
2025-04-05 20:00:00,,,0.0,0.0,0.0,0.0,0.0,0.0,,,0.0,0.0,0.0,0.0,0.0,0.0,0.0,,0.0,0.0
2025-04-06 00:00:00,0.0,0.0,0.0,0.0,0.0,0.0,0.0,0.0,0.0,0.0,0.0,0.0,0.0,0.0,0.0,0.0,0.0,0.0,0.0,0.0
2025-04-06 04:00:00,,,0.0,0.0,0.0,0.0,0.0,0.0,,,0.0,0.0,0.0,0.0,0.0,0.0,0.0,,0.0,0.0
2025-04-06 08:00:00,,,0.0,0.0,0.0,0.0,0.0,0.0,,,0.0,0.0,0.0,0.0,0.0,0.0,0.0,,0.0,0.0
2025-04-06 12:00:00,,,0.0,0.0,0.0,0.0,0.0,0.0,,,0.0,0.0,0.0,0.0,0.0,0.0,0.0,,0.0,0.0
2025-04-06 16:00:00,,,0.0,0.0,0.0,0.0,0.0,0.0,,,0.0,0.0,0.0,0.0,0.0,0.0,0.0,,0.0,0.0
2025-04-06 20:00:00,,,0.0,0.0,0.0,0.0,0.0,0.0,,,0.0,0.0,0.0,0.0,0.0,0.0,0.0,,0.0,0.0
2025-04-07 00:00:00,0.0,0.0,0.0,0.0,0.0,0.0,0.0,0.0,0.0,0.0,0.0,0.0,0.0,0.0,0.0,0.0,0.0,0.0,0.0,0.0
2025-04-07 04:00:00,,,0.0,0.0,0.0,0.0,0.0,0.0,,,0.0,0.0,0.0,0.0,0.0,0.0,0.0,,0.0,0.0
2025-04-07 08:00:00,,,0.0,0.0,0.0,0.0,0.0,0.0,,,0.0,0.0,0.0,0.052083333333,0.0,1.0,0.0,,0.0,0.0
2025-04-07 12:00:00,,,0.0,0.0,0.0,0.0,0.0,0.0,,,0.0,0.0,0.0,0.05081300813,0.0,1.0,0.0,,0.0,0.0
2025-04-07 16:00:00,,,0.0,0.0,0.0,0.0,0.0,0.0,,,0.0,0.0,0.0,0.033068783069,0.0,1.0,0.0,,0.0,0.0
2025-04-07 20:00:00,,,0.0,0.0,0.0,0.0,0.0,0.0,,,0.0,0.0,0.0,0.05081300813,0.0,1.0,0.0,,0.0,0.0
2025-04-08 00:00:00,0.0,0.0,0.0,0.0,0.0,0.0,0.0,0.0,0.0,0.0,0.0,0.0,0.0,0.0,0.0,0.0,0.0,0.0,0.0,0.0
2025-04-08 04:00:00,,,0.0,0.0,0.0,0.0,0.0,0.0,,,0.0,0.0,0.0,0.0,0.0,0.0,0.0,,0.0,0.0
2025-04-08 08:00:00,,,0.0,0.0,0.0,0.0,0.0,0.0,,,0.0,0.0,0.0,0.0,0.0,0.0,0.0,,0.0,0.0
2025-04-08 12:00:00,,,0.0,0.0,0.0,0.0,0.0,0.0,,,0.0,0.0,0.0,0.0,0.0,0.0,0.0,,0.0,0.0
2025-04-08 16:00:00,,,0.0,0.0,0.0,0.0,0.0,0.0,,,0.0,0.0,0.0,0.0,0.0,0.0,0.0,,0.0,0.0
2025-04-08 20:00:00,,,0.0,0.0,0.0,0.0,0.0,0.0,,,0.0,0.0,0.0,0.0,0.0,0.0,0.0,,0.0,0.0
2025-04-09 00:00:00,0.0,0.0,0.0,0.0,0.0,0.0,0.0,0.0,0.0,0.0,0.0,0.0,0.0,0.083333333333,0.0,1.0,0.0,0.0,0.0,0.0
2025-04-09 04:00:00,,,0.0,0.0,0.0,0.0,0.0,0.0,,,0.0,0.0,0.0,0.0,0.0,0.0,0.0,,0.0,0.0
2025-04-09 08:00:00,,,0.0,0.0,0.0,0.0,0.0,0.0,,,0.0,0.0,0.0,0.0,0.0,0.0,0.0,,0.0,0.0
2025-04-09 12:00:00,,,0.0,0.0,0.0,0.0,0.0,0.0,,,0.0,0.0,0.0,0.0,0.0,0.0,0.0,,0.0,0.0
2025-04-09 16:00:00,,,0.0,0.0,0.0,0.0,0.0,0.0,,,0.0,0.0,0.0,0.090966619206,0.0,2.0,0.0,,0.0,0.0
2025-04-09 20:00:00,,,0.0,0.0,0.0,0.0,0.0,0.0,,,0.0,0.0,0.0,0.0,0.0,0.0,0.0,,0.0,0.0
2025-04-10 00:00:00,0.0,0.0,0.0,0.0,0.0,0.0,0.0,0.0,0.0,0.0,0.0,0.0,0.0,0.0,0.0,0.0,0.0,0.0,0.0,0.0
2025-04-10 04:00:00,,,0.0,0.0,0.0,0.0,0.0,0.0,,,0.0,0.0,0.0,0.0,0.0,0.0,0.0,,0.0,0.0
2025-04-10 08:00:00,,,0.0,0.0,0.0,0.0,0.0,0.0,,,0.0,0.0,0.0,0.0,0.0,0.0,0.0,,0.0,0.0
2025-04-10 12:00:00,,,0.0,0.0,0.0,0.0,0.0,0.0,,,0.0,0.0,0.0,0.0,0.0,0.0,0.0,,0.0,0.0
2025-04-10 16:00:00,,,0.0,0.0,0.0,0.0,0.0,0.0,,,0.0,0.0,0.0,0.0,0.0,0.0,0.0,,0.0,0.0
2025-04-10 20:00:00,,,0.0,0.0,0.0,0.0,0.0,0.0,,,0.0,0.0,0.0,0.0,0.0,0.0,0.0,,0.0,0.0
2025-04-11 00:00:00,0.0,0.0,0.0,0.0,0.0,0.0,0.0,0.0,0.0,0.0,0.0,0.0,0.0,0.0,0.0,0.0,0.0,0.0,0.0,0.0
2025-04-11 04:00:00,,,0.0,0.0,0.0,0.0,0.0,0.0,,,0.0,0.0,0.0,0.0,0.0,0.0,0.0,,0.0,0.0
2025-04-11 08:00:00,,,0.0,0.0,0.0,0.0,0.0,0.0,,,0.0,0.0,0.0,0.05787037037,0.0,1.0,0.0,,0.0,0.0
2025-04-11 12:00:00,,,0.0,0.0,0.0,0.0,0.0,0.0,,,0.0,0.0,0.0,0.045289855072,0.0,1.0,0.0,,0.0,0.0
2025-04-11 16:00:00,,,0.0,0.0,0.0,0.0,0.0,0.0,,,0.0,0.0,0.0,0.0,0.0,0.0,0.0,,0.0,0.0
2025-04-11 20:00:00,,,0.0,0.0,0.0,0.0,0.0,0.0,,,0.0,0.0,0.0,0.0,0.0,0.0,0.0,,0.0,0.0
2025-04-12 00:00:00,0.0,0.0,0.0,0.0,0.0,0.0,0.0,0.0,0.0,0.0,0.0,0.0,0.0,0.260416666667,0.0,1.0,0.0,0.0,0.0,0.0
2025-04-12 04:00:00,,,0.0,0.0,0.0,0.0,0.0,0.0,,,0.0,0.0,0.0,0.0,0.0,0.0,0.0,,0.0,0.0
2025-04-12 08:00:00,,,0.0,0.0,0.0,0.0,0.0,0.0,,,0.0,0.0,0.0,0.07183908046,0.0,1.0,0.0,,0.0,0.0
2025-04-12 12:00:00,,,0.0,0.0,0.0,0.0,0.0,0.0,,,0.0,0.0,0.0,0.0,0.0,0.0,0.0,,0.0,0.0
2025-04-12 16:00:00,,,0.0,0.0,0.0,0.0,0.0,0.0,,,0.0,0.0,0.0,0.0,0.0,0.0,0.0,,0.0,0.0
2025-04-12 20:00:00,,,0.0,0.0,0.0,0.0,0.0,0.0,,,0.0,0.0,0.0,0.0,0.0,0.0,0.0,,0.0,0.0
2025-04-13 00:00:00,0.0,0.0,0.0,0.0,0.0,0.0,0.0,0.0,0.0,0.0,0.0,0.0,0.0,0.0,0.0,0.0,0.0,0.0,0.0,0.0
2025-04-13 04:00:00,,,0.0,0.0,0.0,0.0,0.0,0.0,,,0.0,0.0,0.0,0.0,0.0,0.0,0.0,,0.0,0.0
2025-04-13 08:00:00,,,0.0,0.0,0.0,0.0,0.0,0.0,,,0.0,0.0,0.0,0.0,0.0,0.0,0.0,,0.0,0.0
2025-04-13 12:00:00,,,0.0,0.0,0.0,0.0,0.0,0.0,,,0.0,0.0,0.0,0.146779595597,0.0,3.0,0.0,,0.0,0.0
2025-04-13 16:00:00,,,0.0,0.0,0.0,0.0,0.0,0.0,,,0.0,0.0,0.0,0.0,0.0,0.0,0.0,,0.0,0.0
2025-04-13 20:00:00,,,0.0,0.0,0.0,0.0,0.0,0.0,,,0.0,0.0,0.0,0.0,0.0,0.0,0.0,,0.0,0.0
2025-04-14 00:00:00,0.0,0.0,0.0,0.0,0.0,0.0,0.0,0.0,0.0,0.0,0.0,0.0,0.0,0.0,0.0,0.0,0.0,0.0,0.0,0.0
2025-04-14 04:00:00,,,0.0,0.0,0.0,0.0,0.0,0.0,,,0.0,0.0,0.0,0.0,0.0,0.0,0.0,,0.0,0.0
2025-04-14 08:00:00,,,0.0,0.0,0.0,0.0,0.0,0.0,,,0.0,0.0,0.0,0.112847222222,0.0,2.0,0.0,,0.0,0.0
2025-04-14 12:00:00,,,0.0,0.0,0.0,0.0,0.0,0.0,,,0.0,0.0,0.0,0.0,0.0,0.0,0.0,,0.0,0.0
2025-04-14 16:00:00,,,0.0,0.0,0.0,0.0,0.0,0.0,,,0.0,0.0,0.0,0.0,0.0,0.0,0.0,,0.0,0.0
2025-04-14 20:00:00,,,0.0,0.0,0.0,0.0,0.0,0.0,,,0.0,0.0,0.0,0.0,0.0,0.0,0.0,,0.0,0.0
2025-04-15 00:00:00,0.0,0.0,0.0,0.0,0.0,0.0,0.0,0.0,0.0,0.0,0.0,0.0,0.0,0.0,0.0,0.0,0.0,0.0,0.0,0.0
2025-04-15 04:00:00,,,0.0,0.0,0.0,0.0,0.0,0.0,,,0.0,0.0,0.0,0.0,0.0,0.0,0.0,,0.0,0.0
2025-04-15 08:00:00,,,0.0,0.0,0.0,0.0,0.0,0.0,,,0.0,0.0,0.0,0.026709401709,0.0,1.0,0.0,,0.0,0.0
2025-04-15 12:00:00,,,0.0,0.0,0.0,0.0,0.0,0.0,,,0.0,0.0,0.0,0.124840372383,0.0,5.0,0.0,,0.0,0.0
2025-04-15 16:00:00,,,0.0,0.0,0.0,0.0,0.0,0.0,,,0.0,0.0,0.0,0.0,0.0,0.0,0.0,,0.0,0.0
2025-04-15 20:00:00,,,0.0,0.0,0.0,0.0,0.0,0.0,,,0.0,0.0,0.0,0.041666666667,0.0,1.0,0.0,,0.0,0.0
2025-04-16 00:00:00,0.0,0.0,0.0,0.0,0.0,0.0,0.0,0.0,0.0,0.0,0.0,0.0,0.0,0.0,0.0,0.0,0.0,0.0,0.0,0.0
2025-04-16 04:00:00,,,0.0,0.0,0.0,0.0,0.0,0.0,,,0.0,0.0,0.0,0.01965408805,0.0,1.0,0.0,,0.0,0.0
2025-04-16 08:00:00,,,0.0,0.0,0.0,0.0,0.0,0.0,,,0.0,0.0,0.0,0.0,0.0,0.0,0.0,,0.0,0.0
2025-04-16 12:00:00,,,0.0,0.0,0.0,0.0,0.0,0.0,,,0.0,0.0,0.0,0.0,0.0,0.0,0.0,,0.0,0.0
2025-04-16 16:00:00,,,0.0,0.0,0.0,0.0,0.0,0.0,,,0.0,0.0,0.0,0.021929824561,0.0,1.0,0.0,,0.0,0.0
2025-04-16 20:00:00,,,0.0,0.0,0.0,0.0,0.0,0.0,,,0.0,0.0,0.0,0.083464396688,0.0,3.0,0.0,,0.0,0.0
2025-04-17 00:00:00,0.0,0.0,0.0,0.0,0.0,0.0,0.0,0.0,0.0,0.0,0.0,0.0,0.0,0.0,0.0,0.0,0.0,0.0,0.0,0.0
2025-04-17 04:00:00,,,0.0,0.0,0.0,0.0,0.0,0.0,,,0.0,0.0,0.0,0.104166666667,0.0,4.0,0.0,,0.0,0.0
2025-04-17 08:00:00,,,0.0,0.0,0.0,0.0,0.0,0.0,,,0.0,0.0,0.0,0.0,0.0,0.0,0.0,,0.0,0.0
2025-04-17 12:00:00,,,0.0,0.0,0.0,0.0,0.0,0.0,,,0.0,0.0,0.0,0.177726666399,0.0,9.0,0.0,,0.0,0.0
2025-04-17 16:00:00,,,0.0,0.0,0.0,0.0,0.0,0.0,,,0.0,0.0,0.0,0.217255681717,0.0,5.0,0.0,,0.0,0.0
2025-04-17 20:00:00,,,0.0,0.0,0.0,0.0,0.0,0.0,,,0.0,0.0,0.0,0.0,0.0,0.0,0.0,,0.0,0.0
2025-04-18 00:00:00,0.0,0.0,0.0,0.0,0.0,0.0,0.0,0.0,0.0,0.0,0.0,0.0,0.0,0.046296296296,0.0,1.0,0.0,0.0,0.0,0.0
2025-04-18 04:00:00,,,0.0,0.0,0.0,0.0,0.0,0.0,,,0.0,0.0,0.0,0.0,0.0,0.0,0.0,,0.0,0.0
2025-04-18 08:00:00,,,0.0,0.0,0.0,0.0,0.0,0.0,,,0.0,0.0,0.0,0.0,0.0,0.0,0.0,,0.0,0.0
2025-04-18 12:00:00,,,0.0,0.0,0.0,0.0,0.0,0.0,,,0.0,0.0,0.0,0.132543777361,0.0,3.0,0.0,,0.0,0.0
2025-04-18 16:00:00,,,0.0,0.0,0.0,0.0,0.0,0.0,,,0.0,0.0,0.0,0.10679779158,0.0,3.0,0.0,,0.0,0.0
2025-04-18 20:00:00,,,0.0,0.0,0.0,0.0,0.0,0.0,,,0.0,0.0,0.0,0.041666666667,0.0,1.0,0.0,,0.0,0.0
2025-04-19 00:00:00,0.0,0.0,0.0,0.0,0.0,0.0,0.0,0.0,0.0,0.0,0.0,0.0,0.0,0.043402777778,0.0,1.0,0.0,0.0,0.0,0.0
2025-04-19 04:00:00,,,0.0,0.0,0.0,0.0,0.0,0.0,,,0.0,0.0,0.0,0.0,0.0,0.0,0.0,,0.0,0.0
2025-04-19 08:00:00,,,0.0,0.0,0.0,0.0,0.0,0.0,,,0.0,0.0,0.0,0.027412280702,0.0,1.0,0.0,,0.0,0.0
2025-04-19 12:00:00,,,0.0,0.0,0.0,0.0,0.0,0.0,,,0.0,0.0,0.0,0.026709401709,0.0,1.0,0.0,,0.0,0.0
2025-04-19 16:00:00,,,0.0,0.0,0.0,0.0,0.0,0.0,,,0.0,0.0,0.0,0.023946360153,0.0,1.0,0.0,,0.0,0.0
2025-04-19 20:00:00,,,0.0,0.0,0.0,0.0,0.0,0.0,,,0.0,0.0,0.0,0.0,0.0,0.0,0.0,,0.0,0.0
2025-04-20 00:00:00,0.0,0.0,0.0,0.0,0.0,0.0,0.0,0.0,0.0,0.0,0.0,0.0,0.0,0.05081300813,0.0,1.0,0.0,0.0,0.0,0.0
2025-04-20 04:00:00,,,0.0,0.0,0.0,0.0,0.0,0.0,,,0.0,0.0,0.0,0.0,0.0,0.0,0.0,,0.0,0.0
2025-04-20 08:00:00,,,0.0,0.0,0.0,0.0,0.0,0.0,,,0.0,0.0,0.0,0.0,0.0,0.0,0.0,,0.0,0.0
2025-04-20 12:00:00,,,0.0,0.0,0.0,0.0,0.0,0.0,,,0.0,0.0,0.0,0.133811710666,0.0,4.0,0.0,,0.0,0.0
2025-04-20 16:00:00,,,0.0,0.0,0.0,0.0,0.0,0.0,,,0.0,0.0,0.0,0.155607197928,0.0,4.0,0.0,,0.0,0.0
2025-04-20 20:00:00,,,0.0,0.0,0.0,0.0,0.0,0.0,,,0.0,0.0,0.0,0.0,0.0,0.0,0.0,,0.0,0.0
2025-04-21 00:00:00,0.0,0.0,0.0,0.0,0.0,0.0,0.0,0.0,0.0,0.0,0.0,0.0,0.0,0.133547008547,0.0,2.0,0.0,0.0,0.0,0.0
2025-04-21 04:00:00,,,0.0,0.0,0.0,0.0,0.0,0.0,,,0.0,0.0,0.0,0.0,0.0,0.0,0.0,,0.0,0.0
2025-04-21 08:00:00,,,0.0,0.0,0.0,0.0,0.0,0.0,,,0.0,0.0,0.0,0.055040887516,0.0,2.0,0.0,,0.0,0.0
2025-04-21 12:00:00,,,0.0,0.0,0.0,0.0,0.0,0.0,,,0.0,0.0,0.0,0.061539654158,0.0,3.0,0.0,,0.0,0.0
2025-04-21 16:00:00,,,0.0,0.0,0.0,0.0,0.0,0.0,,,0.0,0.0,0.0,0.015782828283,0.0,1.0,0.0,,0.0,0.0
2025-04-21 20:00:00,,,0.0,0.0,0.0,0.0,0.0,0.0,,,0.0,0.0,0.0,0.0,0.0,0.0,0.0,,0.0,0.0
2025-04-22 00:00:00,0.0,0.0,0.0,0.0,0.0,0.0,0.0,0.0,0.0,0.0,0.0,0.0,0.0,0.255681818182,0.0,3.0,0.0,0.0,0.0,0.0
2025-04-22 04:00:00,,,0.0,0.0,0.0,0.0,0.0,0.0,,,0.0,0.0,0.0,0.0,0.0,0.0,0.0,,0.0,0.0
2025-04-22 08:00:00,,,0.0,0.0,0.0,0.0,0.0,0.0,,,0.0,0.0,0.0,0.097972972973,0.0,3.0,0.0,,0.0,0.0
2025-04-22 12:00:00,,,0.0,0.0,0.0,0.0,0.0,0.0,,,0.0,0.0,0.0,0.032552083333,0.0,1.0,0.0,,0.0,0.0
2025-04-22 16:00:00,,,0.0,0.0,0.0,0.0,0.0,0.0,,,0.0,0.0,0.0,0.015432098765,0.0,1.0,0.0,,0.0,0.0
2025-04-22 20:00:00,,,0.0,0.0,0.0,0.0,0.0,0.0,,,0.0,0.0,0.0,0.040849673203,0.0,1.0,0.0,,0.0,0.0
2025-04-23 00:00:00,0.0,0.0,0.0,0.0,0.0,0.0,0.0,0.0,0.0,0.0,0.0,0.0,0.0,0.104166666667,0.0,1.0,0.0,0.0,0.0,0.0
2025-04-23 04:00:00,,,0.0,0.0,0.0,0.0,0.0,0.0,,,0.0,0.0,0.0,0.106085134415,0.0,3.0,0.0,,0.0,0.0
2025-04-23 08:00:00,,,0.0,0.0,0.0,0.0,0.0,0.0,,,0.0,0.0,0.0,0.0,0.0,0.0,0.0,,0.0,0.0
2025-04-23 12:00:00,,,0.0,0.0,0.0,0.0,0.0,0.0,,,0.0,0.0,0.0,0.020424836601,0.0,1.0,0.0,,0.0,0.0
2025-04-23 16:00:00,,,0.0,0.0,0.0,0.0,0.0,0.0,,,0.0,0.0,0.0,0.060985849768,0.0,4.0,0.0,,0.0,0.0
2025-04-23 20:00:00,,,0.0,0.0,0.0,0.0,0.0,0.0,,,0.0,0.0,0.0,0.016937669377,0.0,1.0,0.0,,0.0,0.0
2025-04-24 00:00:00,0.0,0.0,0.0,0.0,0.0,0.0,0.0,0.0,0.0,0.0,0.0,0.0,0.0,0.0,0.0,0.0,0.0,0.0,0.0,0.0
2025-04-24 04:00:00,,,0.0,0.0,0.0,0.0,0.0,0.0,,,0.0,0.0,0.0,0.0,0.0,0.0,0.0,,0.0,0.0
2025-04-24 08:00:00,,,0.0,0.0,0.0,0.0,0.0,0.0,,,0.0,0.0,0.0,0.023681071168,0.0,4.0,0.0,,0.0,0.0
2025-04-24 12:00:00,,,0.0,0.0,0.0,0.0,0.0,0.0,,,0.0,0.0,0.0,0.08022868158,0.0,3.0,0.0,,0.0,0.0
2025-04-24 16:00:00,,,0.0,0.0,0.0,0.0,0.0,0.0,,,0.0,0.0,0.0,0.0,0.0,0.0,0.0,,0.0,0.0
2025-04-24 20:00:00,,,0.0,0.0,0.0,0.0,0.0,0.0,,,0.0,0.0,0.0,0.0,0.0,0.0,0.0,,0.0,0.0
2025-04-25 00:00:00,0.0,0.0,0.0,0.0,0.0,0.0,0.0,0.0,0.0,0.0,0.0,0.0,0.0,0.019470404984,0.0,1.0,0.0,0.0,0.0,0.0
2025-04-25 04:00:00,,,0.0,0.0,0.0,0.0,0.0,0.0,,,0.0,0.0,0.0,0.067204301075,0.0,2.0,0.0,,0.0,0.0
2025-04-25 08:00:00,,,0.0,0.0,0.0,0.0,0.0,0.0,,,0.0,0.0,0.0,0.108421168204,0.0,2.0,0.0,,0.0,0.0
2025-04-25 12:00:00,,,0.0,0.0,0.0,0.0,0.0,0.0,,,0.0,0.0,0.0,0.066545103957,0.0,2.0,0.0,,0.0,0.0
2025-04-25 16:00:00,,,0.0,0.0,0.0,0.0,0.0,0.0,,,0.0,0.0,0.0,0.077483579639,0.0,3.0,0.0,,0.0,0.0
2025-04-25 20:00:00,,,0.0,0.0,0.0,0.0,0.0,0.0,,,0.0,0.0,0.0,0.0,0.0,0.0,0.0,,0.0,0.0
2025-04-26 00:00:00,0.0,0.0,0.0,0.0,0.0,0.0,0.0,0.0,0.0,0.0,0.0,0.0,0.0,0.0,0.0,0.0,0.0,0.0,0.0,0.0
2025-04-26 04:00:00,,,0.0,0.0,0.0,0.0,0.0,0.0,,,0.0,0.0,0.0,0.0,0.0,0.0,0.0,,0.0,0.0
2025-04-26 08:00:00,,,0.0,0.0,0.0,0.0,0.0,0.0,,,0.0,0.0,0.0,0.041666666667,0.0,1.0,0.0,,0.0,0.0
2025-04-26 12:00:00,,,0.0,0.0,0.0,0.0,0.0,0.0,,,0.0,0.0,0.0,0.116099071207,0.0,2.0,0.0,,0.0,0.0
2025-04-26 16:00:00,,,0.0,0.0,0.0,0.0,0.0,0.0,,,0.0,0.0,0.0,0.0,0.0,0.0,0.0,,0.0,0.0
2025-04-26 20:00:00,,,0.0,0.0,0.0,0.0,0.0,0.0,,,0.0,0.0,0.0,0.0,0.0,0.0,0.0,,0.0,0.0
2025-04-27 00:00:00,0.0,0.0,0.0,0.0,0.0,0.0,0.0,0.0,0.0,0.0,0.0,0.0,0.0,0.0,0.0,0.0,0.0,0.0,0.0,0.0
2025-04-27 04:00:00,,,0.0,0.0,0.0,0.0,0.0,0.0,,,0.0,0.0,0.0,0.130208333333,0.0,1.0,0.0,,0.0,0.0
2025-04-27 08:00:00,,,0.0,0.0,0.0,0.0,0.0,0.0,,,0.0,0.0,0.0,0.0,0.0,0.0,0.0,,0.0,0.0
2025-04-27 12:00:00,,,0.0,0.0,0.0,0.0,0.0,0.0,,,0.0,0.0,0.0,0.0,0.0,0.0,0.0,,0.0,0.0
2025-04-27 16:00:00,,,0.0,0.0,0.0,0.0,0.0,0.0,,,0.0,0.0,0.0,0.088919327201,0.0,3.0,0.0,,0.0,0.0
2025-04-27 20:00:00,,,0.0,0.0,0.0,0.0,0.0,0.0,,,0.0,0.0,0.0,0.0,0.0,0.0,0.0,,0.0,0.0
2025-04-28 00:00:00,0.0,0.0,0.0,0.0,0.0,0.0,0.0,0.0,0.0,0.0,0.0,0.0,0.0,0.0,0.0,0.0,0.0,0.0,0.0,0.0
2025-04-28 04:00:00,,,0.0,0.0,0.0,0.0,0.0,0.0,,,0.0,0.0,0.0,0.0,0.0,0.0,0.0,,0.0,0.0
2025-04-28 08:00:00,,,0.0,0.0,0.0,0.0,0.0,0.0,,,0.0,0.0,0.0,0.082683123092,0.0,3.0,0.0,,0.0,0.0
2025-04-28 12:00:00,,,0.0,0.0,0.0,0.0,0.0,0.0,,,0.0,0.0,0.0,0.088015389082,0.0,6.0,0.0,,0.0,0.0
2025-04-28 16:00:00,,,0.0,0.0,0.0,0.0,0.0,0.0,,,0.0,0.0,0.0,0.0,0.0,0.0,0.0,,0.0,0.0
2025-04-28 20:00:00,,,0.0,0.0,0.0,0.0,0.0,0.0,,,0.0,0.0,0.0,0.037878787879,0.0,1.0,0.0,,0.0,0.0
2025-04-29 00:00:00,0.0,0.0,0.0,0.0,0.0,0.0,0.0,0.0,0.0,0.0,0.0,0.0,0.0,0.094893029676,0.0,2.0,0.0,0.0,0.0,0.0
2025-04-29 04:00:00,,,0.0,0.0,0.0,0.0,0.0,0.0,,,0.0,0.0,0.0,0.277046783626,0.0,5.0,0.0,,0.0,0.0
2025-04-29 08:00:00,,,0.0,0.0,0.0,0.0,0.0,0.0,,,0.0,0.0,0.0,0.035014005602,0.0,2.0,0.0,,0.0,0.0
2025-04-29 12:00:00,,,0.0,0.0,0.0,0.0,0.0,0.0,,,0.0,0.0,0.0,0.017507002801,0.0,1.0,0.0,,0.0,0.0
2025-04-29 16:00:00,,,0.0,0.0,0.0,0.0,0.0,0.0,,,0.0,0.0,0.0,0.098532088057,0.0,4.0,0.0,,0.0,0.0
2025-04-29 20:00:00,,,0.0,0.0,0.0,0.0,0.0,0.0,,,0.0,0.0,0.0,0.0,0.0,0.0,0.0,,0.0,0.0
2025-04-30 00:00:00,0.0,0.0,0.0,0.0,0.0,0.0,0.0,0.0,0.0,0.0,0.0,0.0,0.0,0.053418803419,0.0,1.0,0.0,0.0,0.0,0.0
2025-04-30 04:00:00,,,0.0,0.0,0.0,0.0,0.0,0.0,,,0.0,0.0,0.0,0.07995248538,0.0,2.0,0.0,,0.0,0.0
2025-04-30 08:00:00,,,0.0,0.0,0.0,0.0,0.0,0.0,,,0.0,0.0,0.0,0.0,0.0,0.0,0.0,,0.0,0.0
2025-04-30 12:00:00,,,0.0,0.0,0.0,0.0,0.0,0.0,,,0.0,0.0,0.0,0.024224806202,0.0,1.0,0.0,,0.0,0.0
2025-04-30 16:00:00,,,0.0,0.0,0.0,0.0,0.0,0.0,,,0.0,0.0,0.0,0.035797689282,0.0,2.0,0.0,,0.0,0.0
2025-04-30 20:00:00,,,0.0,0.0,0.0,0.0,0.0,0.0,,,0.0,0.0,0.0,0.0,0.0,0.0,0.0,,0.0,0.0
2025-05-01 00:00:00,0.0,0.0,0.0,0.0,0.0,0.0,0.0,0.0,0.0,0.0,0.0,0.0,0.0,0.0,0.0,0.0,0.0,0.0,0.0,0.0
2025-05-01 04:00:00,,,0.0,0.0,0.0,0.0,0.0,0.0,,,0.0,0.0,0.0,0.061813186813,0.0,2.0,0.0,,0.0,0.0
2025-05-01 08:00:00,,,0.0,0.0,0.0,0.0,0.0,0.0,,,0.0,0.0,0.0,0.027777777778,0.0,1.0,0.0,,0.0,0.0
2025-05-01 12:00:00,,,0.0,0.0,0.0,0.0,0.0,0.0,,,0.0,0.0,0.0,0.043859649123,0.0,2.0,0.0,,0.0,0.0
2025-05-01 16:00:00,,,0.0,0.0,0.0,0.0,0.0,0.0,,,0.0,0.0,0.0,0.0,0.0,0.0,0.0,,0.0,0.0
2025-05-01 20:00:00,,,0.0,0.0,0.0,0.0,0.0,0.0,,,0.0,0.0,0.0,0.021701388889,0.0,1.0,0.0,,0.0,0.0
2025-05-02 00:00:00,0.0,0.0,0.0,0.0,0.0,0.0,0.0,0.0,0.0,0.0,0.0,0.0,0.0,0.083333333333,0.0,1.0,0.0,0.0,0.0,0.0
2025-05-02 04:00:00,,,0.0,0.0,0.0,0.0,0.0,0.0,,,0.0,0.0,0.0,0.027056277056,0.0,1.0,0.0,,0.0,0.0
2025-05-02 08:00:00,,,0.0,0.0,0.0,0.0,0.0,0.0,,,0.0,0.0,0.0,0.061327561328,0.0,2.0,0.0,,0.0,0.0
2025-05-02 12:00:00,,,0.0,0.0,0.0,0.0,0.0,0.0,,,0.0,0.0,0.0,0.054194394031,0.0,2.0,0.0,,0.0,0.0
2025-05-02 16:00:00,,,0.0,0.0,0.0,0.0,0.0,0.0,,,0.0,0.0,0.0,0.084331651955,0.0,3.0,0.0,,0.0,0.0
2025-05-02 20:00:00,,,0.0,0.0,0.0,0.0,0.0,0.0,,,0.0,0.0,0.0,0.0,0.0,0.0,0.0,,0.0,0.0
2025-05-03 00:00:00,0.0,0.0,0.0,0.0,0.0,0.0,0.0,0.0,0.0,0.0,0.0,0.0,0.0,0.0,0.0,0.0,0.0,0.0,0.0,0.0
2025-05-03 04:00:00,,,0.0,0.0,0.0,0.0,0.0,0.0,,,0.0,0.0,0.0,0.0,0.0,0.0,0.0,,0.0,0.0
2025-05-03 08:00:00,,,0.0,0.0,0.0,0.0,0.0,0.0,,,0.0,0.0,0.0,0.0,0.0,0.0,0.0,,0.0,0.0
2025-05-03 12:00:00,,,0.0,0.0,0.0,0.0,0.0,0.0,,,0.0,0.0,0.0,0.085928731762,0.0,2.0,0.0,,0.0,0.0
2025-05-03 16:00:00,,,0.0,0.0,0.0,0.0,0.0,0.0,,,0.0,0.0,0.0,0.0,0.0,0.0,0.0,,0.0,0.0
2025-05-03 20:00:00,,,0.0,0.0,0.0,0.0,0.0,0.0,,,0.0,0.0,0.0,0.0,0.0,0.0,0.0,,0.0,0.0
2025-05-04 00:00:00,0.0,0.0,0.0,0.0,0.0,0.0,0.0,0.0,0.0,0.0,0.0,0.0,0.0,0.0,0.0,0.0,0.0,0.0,0.0,0.0
2025-05-04 04:00:00,,,0.0,0.0,0.0,0.0,0.0,0.0,,,0.0,0.0,0.0,0.056306306306,0.0,1.0,0.0,,0.0,0.0
2025-05-04 08:00:00,,,0.0,0.0,0.0,0.0,0.0,0.0,,,0.0,0.0,0.0,0.0,0.0,0.0,0.0,,0.0,0.0
2025-05-04 12:00:00,,,0.0,0.0,0.0,0.0,0.0,0.0,,,0.0,0.0,0.0,0.0,0.0,0.0,0.0,,0.0,0.0
2025-05-04 16:00:00,,,0.0,0.0,0.0,0.0,0.0,0.0,,,0.0,0.0,0.0,0.0,0.0,0.0,0.0,,0.0,0.0
2025-05-04 20:00:00,,,0.0,0.0,0.0,0.0,0.0,0.0,,,0.0,0.0,0.0,0.069929287504,0.0,2.0,0.0,,0.0,0.0
2025-05-05 00:00:00,0.0,0.0,0.0,0.0,0.0,0.0,0.0,0.0,0.0,0.0,0.0,0.0,0.0,0.0,0.0,0.0,0.0,0.0,0.0,0.0
2025-05-05 04:00:00,,,0.0,0.0,0.0,0.0,0.0,0.0,,,0.0,0.0,0.0,0.062189054726,0.0,2.0,0.0,,0.0,0.0
2025-05-05 08:00:00,,,0.0,0.0,0.0,0.0,0.0,0.0,,,0.0,0.0,0.0,0.034153005464,0.0,1.0,0.0,,0.0,0.0
2025-05-05 12:00:00,,,0.0,0.0,0.0,0.0,0.0,0.0,,,0.0,0.0,0.0,0.0,0.0,0.0,0.0,,0.0,0.0
2025-05-05 16:00:00,,,0.0,0.0,0.0,0.0,0.0,0.0,,,0.0,0.0,0.0,0.0,0.0,0.0,0.0,,0.0,0.0
2025-05-05 20:00:00,,,0.0,0.0,0.0,0.0,0.0,0.0,,,0.0,0.0,0.0,0.0,0.0,0.0,0.0,,0.0,0.0
2025-05-06 00:00:00,0.0,0.0,0.0,0.0,0.0,0.0,0.0,0.0,0.0,0.0,0.0,0.0,0.0,0.074404761905,0.0,1.0,0.0,0.0,0.0,0.0
2025-05-06 04:00:00,,,0.0,0.0,0.0,0.0,0.0,0.0,,,0.0,0.0,0.0,0.0,0.0,0.0,0.0,,0.0,0.0
2025-05-06 08:00:00,,,0.0,0.0,0.0,0.0,0.0,0.0,,,0.0,0.0,0.0,0.024224806202,0.0,1.0,0.0,,0.0,0.0
2025-05-06 12:00:00,,,0.0,0.0,0.0,0.0,0.0,0.0,,,0.0,0.0,0.0,0.08606251973,0.0,3.0,0.0,,0.0,0.0
2025-05-06 16:00:00,,,0.0,0.0,0.0,0.0,0.0,0.0,,,0.0,0.0,0.0,0.0,0.0,0.0,0.0,,0.0,0.0
2025-05-06 20:00:00,,,0.0,0.0,0.0,0.0,0.0,0.0,,,0.0,0.0,0.0,0.115384615385,0.0,2.0,0.0,,0.0,0.0
2025-05-07 00:00:00,0.0,0.0,0.0,0.0,0.0,0.0,0.0,0.0,0.0,0.0,0.0,0.0,0.0,0.037878787879,0.0,1.0,0.0,0.0,0.0,0.0
2025-05-07 04:00:00,,,0.0,0.0,0.0,0.0,0.0,0.0,,,0.0,0.0,0.0,0.107213684704,0.0,3.0,0.0,,0.0,0.0
2025-05-07 08:00:00,,,0.0,0.0,0.0,0.0,0.0,0.0,,,0.0,0.0,0.0,0.064311594203,0.0,2.0,0.0,,0.0,0.0
2025-05-07 12:00:00,,,0.0,0.0,0.0,0.0,0.0,0.0,,,0.0,0.0,0.0,0.016025641026,0.0,1.0,0.0,,0.0,0.0
2025-05-07 16:00:00,,,0.0,0.0,0.0,0.0,0.0,0.0,,,0.0,0.0,0.0,0.020032051282,0.0,1.0,0.0,,0.0,0.0
2025-05-07 20:00:00,,,0.0,0.0,0.0,0.0,0.0,0.0,,,0.0,0.0,0.0,0.0,0.0,0.0,0.0,,0.0,0.0
2025-05-08 00:00:00,0.0,0.0,0.0,0.0,0.0,0.0,0.0,0.0,0.0,0.0,0.0,0.0,0.0,0.065104166667,0.0,1.0,0.0,0.0,0.0,0.0
2025-05-08 04:00:00,,,0.0,0.0,0.0,0.0,0.0,0.0,,,0.0,0.0,0.0,0.024224806202,0.0,1.0,0.0,,0.0,0.0
2025-05-08 08:00:00,,,0.0,0.0,0.0,0.0,0.0,0.0,,,0.0,0.0,0.0,0.071464981312,0.0,4.0,0.0,,0.0,0.0
2025-05-08 12:00:00,,,0.0,0.0,0.0,0.0,0.0,0.0,,,0.0,0.0,0.0,0.0,0.0,0.0,0.0,,0.0,0.0
2025-05-08 16:00:00,,,0.0,0.0,0.0,0.0,0.0,0.0,,,0.0,0.0,0.0,0.050468637347,0.0,2.0,0.0,,0.0,0.0
2025-05-08 20:00:00,,,0.0,0.0,0.0,0.0,0.0,0.0,,,0.0,0.0,0.0,0.031565656566,0.0,1.0,0.0,,0.0,0.0
2025-05-09 00:00:00,0.0,0.0,0.0,0.0,0.0,0.0,0.0,0.0,0.0,0.0,0.0,0.0,0.0,0.0,0.0,0.0,0.0,0.0,0.0,0.0
2025-05-09 04:00:00,,,0.0,0.0,0.0,0.0,0.0,0.0,,,0.0,0.0,0.0,0.031565656566,0.0,1.0,0.0,,0.0,0.0
2025-05-09 08:00:00,,,0.0,0.0,0.0,0.0,0.0,0.0,,,0.0,0.0,0.0,0.044499569086,0.0,3.0,0.0,,0.0,0.0
2025-05-09 12:00:00,,,0.0,0.0,0.0,0.0,0.0,0.0,,,0.0,0.0,0.0,0.050865009747,0.0,2.0,0.0,,0.0,0.0
2025-05-09 16:00:00,,,0.0,0.0,0.0,0.0,0.0,0.0,,,0.0,0.0,0.0,0.012327416174,0.0,1.0,0.0,,0.0,0.0
2025-05-09 20:00:00,,,0.0,0.0,0.0,0.0,0.0,0.0,,,0.0,0.0,0.0,0.013269639066,0.0,1.0,0.0,,0.0,0.0
2025-05-10 00:00:00,0.0,0.0,0.0,0.0,0.0,0.0,0.0,0.0,0.0,0.0,0.0,0.0,0.0,0.0,0.0,0.0,0.0,0.0,0.0,0.0
2025-05-10 04:00:00,,,0.0,0.0,0.0,0.0,0.0,0.0,,,0.0,0.0,0.0,0.065484892788,0.0,2.0,0.0,,0.0,0.0
2025-05-10 08:00:00,,,0.0,0.0,0.0,0.0,0.0,0.0,,,0.0,0.0,0.0,0.0,0.0,0.0,0.0,,0.0,0.0
2025-05-10 12:00:00,,,0.0,0.0,0.0,0.0,0.0,0.0,,,0.0,0.0,0.0,0.0,0.0,0.0,0.0,,0.0,0.0
2025-05-10 16:00:00,,,0.0,0.0,0.0,0.0,0.0,0.0,,,0.0,0.0,0.0,0.0,0.0,0.0,0.0,,0.0,0.0
2025-05-10 20:00:00,,,0.0,0.0,0.0,0.0,0.0,0.0,,,0.0,0.0,0.0,0.031565656566,0.0,1.0,0.0,,0.0,0.0
2025-05-11 00:00:00,0.0,0.0,0.0,0.0,0.0,0.0,0.0,0.0,0.0,0.0,0.0,0.0,0.0,0.0,0.0,0.0,0.0,0.0,0.0,0.0
2025-05-11 04:00:00,,,0.0,0.0,0.0,0.0,0.0,0.0,,,0.0,0.0,0.0,0.0,0.0,0.0,0.0,,0.0,0.0
2025-05-11 08:00:00,,,0.0,0.0,0.0,0.0,0.0,0.0,,,0.0,0.0,0.0,0.0,0.0,0.0,0.0,,0.0,0.0
2025-05-11 12:00:00,,,0.0,0.0,0.0,0.0,0.0,0.0,,,0.0,0.0,0.0,0.0,0.0,0.0,0.0,,0.0,0.0
2025-05-11 16:00:00,,,0.0,0.0,0.0,0.0,0.0,0.0,,,0.0,0.0,0.0,0.0,0.0,0.0,0.0,,0.0,0.0
2025-05-11 20:00:00,,,0.0,0.0,0.0,0.0,0.0,0.0,,,0.0,0.0,0.0,0.132323762838,0.0,3.0,0.0,,0.0,0.0
2025-05-12 00:00:00,0.0,0.0,0.0,0.0,0.0,0.0,0.0,0.0,0.0,0.0,0.0,0.0,0.0,0.151097074468,0.0,3.0,0.0,0.0,0.0,0.0
2025-05-12 04:00:00,,,0.0,0.0,0.0,0.0,0.0,0.0,,,0.0,0.0,0.0,0.073099415205,0.0,2.0,0.0,,0.0,0.0
2025-05-12 08:00:00,,,0.0,0.0,0.0,0.0,0.0,0.0,,,0.0,0.0,0.0,0.026041666667,0.0,1.0,0.0,,0.0,0.0
2025-05-12 12:00:00,,,0.0,0.0,0.0,0.0,0.0,0.0,,,0.0,0.0,0.0,0.009873617694,0.0,1.0,0.0,,0.0,0.0
2025-05-12 16:00:00,,,0.0,0.0,0.0,0.0,0.0,0.0,,,0.0,0.0,0.0,0.036181922083,0.0,2.0,0.0,,0.0,0.0
2025-05-12 20:00:00,,,0.0,0.0,0.0,0.0,0.0,0.0,,,0.0,0.0,0.0,0.0,0.0,0.0,0.0,,0.0,0.0
2025-05-13 00:00:00,0.0,0.0,0.0,0.0,0.0,0.0,0.0,0.0,0.0,0.0,0.0,0.0,0.0,0.0,0.0,0.0,0.0,0.0,0.0,0.0
2025-05-13 04:00:00,,,0.0,0.0,0.0,0.0,0.0,0.0,,,0.0,0.0,0.0,0.040849673203,0.0,1.0,0.0,,0.0,0.0
2025-05-13 08:00:00,,,0.0,0.0,0.0,0.0,0.0,0.0,,,0.0,0.0,0.0,0.133777073123,0.0,4.0,0.0,,0.0,0.0
2025-05-13 12:00:00,,,0.0,0.0,0.0,0.0,0.0,0.0,,,0.0,0.0,0.0,0.032583534622,0.0,2.0,0.0,,0.0,0.0
2025-05-13 16:00:00,,,0.0,0.0,0.0,0.0,0.0,0.0,,,0.0,0.0,0.0,0.027412280702,0.0,1.0,0.0,,0.0,0.0
2025-05-13 20:00:00,,,0.0,0.0,0.0,0.0,0.0,0.0,,,0.0,0.0,0.0,0.022644927536,0.0,1.0,0.0,,0.0,0.0
2025-05-14 00:00:00,0.0,0.0,0.0,0.0,0.0,0.0,0.0,0.0,0.0,0.0,0.0,0.0,0.0,0.067204301075,0.0,1.0,0.0,0.0,0.0,0.0
2025-05-14 04:00:00,,,0.0,0.0,0.0,0.0,0.0,0.0,,,0.0,0.0,0.0,0.0,0.0,0.0,0.0,,0.0,0.0
2025-05-14 08:00:00,,,0.0,0.0,0.0,0.0,0.0,0.0,,,0.0,0.0,0.0,0.032051282051,0.0,1.0,0.0,,0.0,0.0
2025-05-14 12:00:00,,,0.0,0.0,0.0,0.0,0.0,0.0,,,0.0,0.0,0.0,0.0,0.0,0.0,0.0,,0.0,0.0
2025-05-14 16:00:00,,,0.0,0.0,0.0,0.0,0.0,0.0,,,0.0,0.0,0.0,0.0,0.0,0.0,0.0,,0.0,0.0
2025-05-14 20:00:00,,,0.0,0.0,0.0,0.0,0.0,0.0,,,0.0,0.0,0.0,0.036549707602,0.0,1.0,0.0,,0.0,0.0
2025-05-15 00:00:00,0.0,0.0,0.0,0.0,0.0,0.0,0.0,0.0,0.0,0.0,0.0,0.0,0.0,0.056306306306,0.0,1.0,0.0,0.0,0.0,0.0
2025-05-15 04:00:00,,,0.0,0.0,0.0,0.0,0.0,0.0,,,0.0,0.0,0.0,0.0,0.0,0.0,0.0,,0.0,0.0
2025-05-15 08:00:00,,,0.0,0.0,0.0,0.0,0.0,0.0,,,0.0,0.0,0.0,0.047348484848,0.0,1.0,0.0,,0.0,0.0
2025-05-15 12:00:00,,,0.0,0.0,0.0,0.0,0.0,0.0,,,0.0,0.0,0.0,0.021258503401,0.0,1.0,0.0,,0.0,0.0
2025-05-15 16:00:00,,,0.0,0.0,0.0,0.0,0.0,0.0,,,0.0,0.0,0.0,0.0,0.0,0.0,0.0,,0.0,0.0
2025-05-15 20:00:00,,,0.0,0.0,0.0,0.0,0.0,0.0,,,0.0,0.0,0.0,0.111188357434,0.0,3.0,0.0,,0.0,0.0
2025-05-16 00:00:00,0.0,0.0,0.0,0.0,0.0,0.0,0.0,0.0,0.0,0.0,0.0,0.0,0.0,0.234375,0.0,2.0,0.0,0.0,0.0,0.0
2025-05-16 04:00:00,,,0.0,0.0,0.0,0.0,0.0,0.0,,,0.0,0.0,0.0,0.0,0.0,0.0,0.0,,0.0,0.0
2025-05-16 08:00:00,,,0.0,0.0,0.0,0.0,0.0,0.0,,,0.0,0.0,0.0,0.0,0.0,0.0,0.0,,0.0,0.0
2025-05-16 12:00:00,,,0.0,0.0,0.0,0.0,0.0,0.0,,,0.0,0.0,0.0,0.0,0.0,0.0,0.0,,0.0,0.0
2025-05-16 16:00:00,,,0.0,0.0,0.0,0.0,0.0,0.0,,,0.0,0.0,0.0,0.0,0.0,0.0,0.0,,0.0,0.0
2025-05-16 20:00:00,,,0.0,0.0,0.0,0.0,0.0,0.0,,,0.0,0.0,0.0,0.0,0.0,0.0,0.0,,0.0,0.0
2025-05-17 00:00:00,0.0,0.0,0.0,0.0,0.0,0.0,0.0,0.0,0.0,0.0,0.0,0.0,0.0,0.0,0.0,0.0,0.0,0.0,0.0,0.0
2025-05-17 04:00:00,,,0.0,0.0,0.0,0.0,0.0,0.0,,,0.0,0.0,0.0,0.0,0.0,0.0,0.0,,0.0,0.0
2025-05-17 08:00:00,,,0.0,0.0,0.0,0.0,0.0,0.0,,,0.0,0.0,0.0,0.0,0.0,0.0,0.0,,0.0,0.0
2025-05-17 12:00:00,,,0.0,0.0,0.0,0.0,0.0,0.0,,,0.0,0.0,0.0,0.0,0.0,0.0,0.0,,0.0,0.0
2025-05-17 16:00:00,,,0.0,0.0,0.0,0.0,0.0,0.0,,,0.0,0.0,0.0,0.0,0.0,0.0,0.0,,0.0,0.0
2025-05-17 20:00:00,,,0.0,0.0,0.0,0.0,0.0,0.0,,,0.0,0.0,0.0,0.0,0.0,0.0,0.0,,0.0,0.0
2025-05-18 00:00:00,0.0,0.0,0.0,0.0,0.0,0.0,0.0,0.0,0.0,0.0,0.0,0.0,0.0,0.0,0.0,0.0,0.0,0.0,0.0,0.0
2025-05-18 04:00:00,,,0.0,0.0,0.0,0.0,0.0,0.0,,,0.0,0.0,0.0,0.0,0.0,0.0,0.0,,0.0,0.0
2025-05-18 08:00:00,,,0.0,0.0,0.0,0.0,0.0,0.0,,,0.0,0.0,0.0,0.067362016515,0.0,2.0,0.0,,0.0,0.0
2025-05-18 12:00:00,,,0.0,0.0,0.0,0.0,0.0,0.0,,,0.0,0.0,0.0,0.05081300813,0.0,1.0,0.0,,0.0,0.0
2025-05-18 16:00:00,,,0.0,0.0,0.0,0.0,0.0,0.0,,,0.0,0.0,0.0,0.0,0.0,0.0,0.0,,0.0,0.0
2025-05-18 20:00:00,,,0.0,0.0,0.0,0.0,0.0,0.0,,,0.0,0.0,0.0,0.0,0.0,0.0,0.0,,0.0,0.0
2025-05-19 00:00:00,0.0,0.0,0.0,0.0,0.0,0.0,0.0,0.0,0.0,0.0,0.0,0.0,0.0,0.0,0.0,0.0,0.0,0.0,0.0,0.0
2025-05-19 04:00:00,,,0.0,0.0,0.0,0.0,0.0,0.0,,,0.0,0.0,0.0,0.0,0.0,0.0,0.0,,0.0,0.0
2025-05-19 08:00:00,,,0.0,0.0,0.0,0.0,0.0,0.0,,,0.0,0.0,0.0,0.039308176101,0.0,2.0,0.0,,0.0,0.0
2025-05-19 12:00:00,,,0.0,0.0,0.0,0.0,0.0,0.0,,,0.0,0.0,0.0,0.0,0.0,0.0,0.0,,0.0,0.0
2025-05-19 16:00:00,,,0.0,0.0,0.0,0.0,0.0,0.0,,,0.0,0.0,0.0,0.076689376604,0.0,4.0,0.0,,0.0,0.0
2025-05-19 20:00:00,,,0.0,0.0,0.0,0.0,0.0,0.0,,,0.0,0.0,0.0,0.089840714841,0.0,2.0,0.0,,0.0,0.0
2025-05-20 00:00:00,0.0,0.0,0.0,0.0,0.0,0.0,0.0,0.0,0.0,0.0,0.0,0.0,0.0,0.0,0.0,0.0,0.0,0.0,0.0,0.0
2025-05-20 04:00:00,,,0.0,0.0,0.0,0.0,0.0,0.0,,,0.0,0.0,0.0,0.0,0.0,0.0,0.0,,0.0,0.0
2025-05-20 08:00:00,,,0.0,0.0,0.0,0.0,0.0,0.0,,,0.0,0.0,0.0,0.031094527363,0.0,1.0,0.0,,0.0,0.0
2025-05-20 12:00:00,,,0.0,0.0,0.0,0.0,0.0,0.0,,,0.0,0.0,0.0,0.041205786777,0.0,2.0,0.0,,0.0,0.0
2025-05-20 16:00:00,,,0.0,0.0,0.0,0.0,0.0,0.0,,,0.0,0.0,0.0,0.026709401709,0.0,1.0,0.0,,0.0,0.0
2025-05-20 20:00:00,,,0.0,0.0,0.0,0.0,0.0,0.0,,,0.0,0.0,0.0,0.0,0.0,0.0,0.0,,0.0,0.0
2025-05-21 00:00:00,0.0,0.0,0.0,0.0,0.0,0.0,0.0,0.0,0.0,0.0,0.0,0.0,0.0,0.0,0.0,0.0,0.0,0.0,0.0,0.0
2025-05-21 04:00:00,,,0.0,0.0,0.0,0.0,0.0,0.0,,,0.0,0.0,0.0,0.0,0.0,0.0,0.0,,0.0,0.0
2025-05-21 08:00:00,,,0.0,0.0,0.0,0.0,0.0,0.0,,,0.0,0.0,0.0,0.012703252033,0.0,1.0,0.0,,0.0,0.0
2025-05-21 12:00:00,,,0.0,0.0,0.0,0.0,0.0,0.0,,,0.0,0.0,0.0,0.043419568021,0.0,2.0,0.0,,0.0,0.0
2025-05-21 16:00:00,,,0.0,0.0,0.0,0.0,0.0,0.0,,,0.0,0.0,0.0,0.014467592593,0.0,1.0,0.0,,0.0,0.0
2025-05-21 20:00:00,,,0.0,0.0,0.0,0.0,0.0,0.0,,,0.0,0.0,0.0,0.016534391534,0.0,1.0,0.0,,0.0,0.0
2025-05-22 00:00:00,0.0,0.0,0.0,0.0,0.0,0.0,0.0,0.0,0.0,0.0,0.0,0.0,0.0,0.042004390409,0.0,2.0,0.0,0.0,0.0,0.0
2025-05-22 04:00:00,,,0.0,0.0,0.0,0.0,0.0,0.0,,,0.0,0.0,0.0,0.0,0.0,0.0,0.0,,0.0,0.0
2025-05-22 08:00:00,,,0.0,0.0,0.0,0.0,0.0,0.0,,,0.0,0.0,0.0,0.068702714731,0.0,3.0,0.0,,0.0,0.0
2025-05-22 12:00:00,,,0.0,0.0,0.0,0.0,0.0,0.0,,,0.0,0.0,0.0,0.049756021595,0.0,3.0,0.0,,0.0,0.0
2025-05-22 16:00:00,,,0.0,0.0,0.0,0.0,0.0,0.0,,,0.0,0.0,0.0,0.011837121212,0.0,1.0,0.0,,0.0,0.0
2025-05-22 20:00:00,,,0.0,0.0,0.0,0.0,0.0,0.0,,,0.0,0.0,0.0,0.0,0.0,0.0,0.0,,0.0,0.0
2025-05-23 00:00:00,0.0,0.0,0.0,0.0,0.0,0.0,0.0,0.0,0.0,0.0,0.0,0.0,0.0,0.0,0.0,0.0,0.0,0.0,0.0,0.0
2025-05-23 04:00:00,,,0.0,0.0,0.0,0.0,0.0,0.0,,,0.0,0.0,0.0,0.0,0.0,0.0,0.0,,0.0,0.0
2025-05-23 08:00:00,,,0.0,0.0,0.0,0.0,0.0,0.0,,,0.0,0.0,0.0,0.010162601626,0.0,1.0,0.0,,0.0,0.0
2025-05-23 12:00:00,,,0.0,0.0,0.0,0.0,0.0,0.0,,,0.0,0.0,0.0,0.087334678873,0.0,4.0,0.0,,0.0,0.0
2025-05-23 16:00:00,,,0.0,0.0,0.0,0.0,0.0,0.0,,,0.0,0.0,0.0,0.031094527363,0.0,1.0,0.0,,0.0,0.0
2025-05-23 20:00:00,,,0.0,0.0,0.0,0.0,0.0,0.0,,,0.0,0.0,0.0,0.0,0.0,0.0,0.0,,0.0,0.0
2025-05-24 00:00:00,0.0,0.0,0.0,0.0,0.0,0.0,0.0,0.0,0.0,0.0,0.0,0.0,0.0,0.0,0.0,0.0,0.0,0.0,0.0,0.0
2025-05-24 04:00:00,,,0.0,0.0,0.0,0.0,0.0,0.0,,,0.0,0.0,0.0,0.0,0.0,0.0,0.0,,0.0,0.0
2025-05-24 08:00:00,,,0.0,0.0,0.0,0.0,0.0,0.0,,,0.0,0.0,0.0,0.0,0.0,0.0,0.0,,0.0,0.0
2025-05-24 12:00:00,,,0.0,0.0,0.0,0.0,0.0,0.0,,,0.0,0.0,0.0,0.0,0.0,0.0,0.0,,0.0,0.0
2025-05-24 16:00:00,,,0.0,0.0,0.0,0.0,0.0,0.0,,,0.0,0.0,0.0,0.0234082397,0.0,1.0,0.0,,0.0,0.0
2025-05-24 20:00:00,,,0.0,0.0,0.0,0.0,0.0,0.0,,,0.0,0.0,0.0,0.0,0.0,0.0,0.0,,0.0,0.0
2025-05-25 00:00:00,0.0,0.0,0.0,0.0,0.0,0.0,0.0,0.0,0.0,0.0,0.0,0.0,0.0,0.0,0.0,0.0,0.0,0.0,0.0,0.0
2025-05-25 04:00:00,,,0.0,0.0,0.0,0.0,0.0,0.0,,,0.0,0.0,0.0,0.056306306306,0.0,1.0,0.0,,0.0,0.0
2025-05-25 08:00:00,,,0.0,0.0,0.0,0.0,0.0,0.0,,,0.0,0.0,0.0,0.0,0.0,0.0,0.0,,0.0,0.0
2025-05-25 12:00:00,,,0.0,0.0,0.0,0.0,0.0,0.0,,,0.0,0.0,0.0,0.018768768769,0.0,1.0,0.0,,0.0,0.0
2025-05-25 16:00:00,,,0.0,0.0,0.0,0.0,0.0,0.0,,,0.0,0.0,0.0,0.0,0.0,0.0,0.0,,0.0,0.0
2025-05-25 20:00:00,,,0.0,0.0,0.0,0.0,0.0,0.0,,,0.0,0.0,0.0,0.033068783069,0.0,1.0,0.0,,0.0,0.0
2025-05-26 00:00:00,0.0,0.0,0.0,0.0,0.0,0.0,0.0,0.0,0.0,0.0,0.0,0.0,0.0,0.0,0.0,0.0,0.0,0.0,0.0,0.0
2025-05-26 04:00:00,,,0.0,0.0,0.0,0.0,0.0,0.0,,,0.0,0.0,0.0,0.0,0.0,0.0,0.0,,0.0,0.0
2025-05-26 08:00:00,,,0.0,0.0,0.0,0.0,0.0,0.0,,,0.0,0.0,0.0,0.0,0.0,0.0,0.0,,0.0,0.0
2025-05-26 12:00:00,,,0.0,0.0,0.0,0.0,0.0,0.0,,,0.0,0.0,0.0,0.035016457735,0.0,2.0,0.0,,0.0,0.0
2025-05-26 16:00:00,,,0.0,0.0,0.0,0.0,0.0,0.0,,,0.0,0.0,0.0,0.0,0.0,0.0,0.0,,0.0,0.0
2025-05-26 20:00:00,,,0.0,0.0,0.0,0.0,0.0,0.0,,,0.0,0.0,0.0,0.114356087262,0.0,2.0,0.0,,0.0,0.0
2025-05-27 00:00:00,0.0,0.0,0.0,0.0,0.0,0.0,0.0,0.0,0.0,0.0,0.0,0.0,0.0,0.0,0.0,0.0,0.0,0.0,0.0,0.0
2025-05-27 04:00:00,,,0.0,0.0,0.0,0.0,0.0,0.0,,,0.0,0.0,0.0,0.0,0.0,0.0,0.0,,0.0,0.0
2025-05-27 08:00:00,,,0.0,0.0,0.0,0.0,0.0,0.0,,,0.0,0.0,0.0,0.070192396207,0.0,2.0,0.0,,0.0,0.0
2025-05-27 12:00:00,,,0.0,0.0,0.0,0.0,0.0,0.0,,,0.0,0.0,0.0,0.079665704666,0.0,2.0,0.0,,0.0,0.0
2025-05-27 16:00:00,,,0.0,0.0,0.0,0.0,0.0,0.0,,,0.0,0.0,0.0,0.066442888709,0.0,3.0,0.0,,0.0,0.0
2025-05-27 20:00:00,,,0.0,0.0,0.0,0.0,0.0,0.0,,,0.0,0.0,0.0,0.023674242424,0.0,1.0,0.0,,0.0,0.0
2025-05-28 00:00:00,0.0,0.0,0.0,0.0,0.0,0.0,0.0,0.0,0.0,0.0,0.0,0.0,0.0,0.0,0.0,0.0,0.0,0.0,0.0,0.0
2025-05-28 04:00:00,,,0.0,0.0,0.0,0.0,0.0,0.0,,,0.0,0.0,0.0,0.0,0.0,0.0,0.0,,0.0,0.0
2025-05-28 08:00:00,,,0.0,0.0,0.0,0.0,0.0,0.0,,,0.0,0.0,0.0,0.0,0.0,0.0,0.0,,0.0,0.0
2025-05-28 12:00:00,,,0.0,0.0,0.0,0.0,0.0,0.0,,,0.0,0.0,0.0,0.010212418301,0.0,1.0,0.0,,0.0,0.0
2025-05-28 16:00:00,,,0.0,0.0,0.0,0.0,0.0,0.0,,,0.0,0.0,0.0,0.167616277525,0.0,6.0,0.0,,0.0,0.0
2025-05-28 20:00:00,,,0.0,0.0,0.0,0.0,0.0,0.0,,,0.0,0.0,0.0,0.023148148148,0.0,1.0,0.0,,0.0,0.0
2025-05-29 00:00:00,0.0,0.0,0.0,0.0,0.0,0.0,0.0,0.0,0.0,0.0,0.0,0.0,0.0,0.0,0.0,0.0,0.0,0.0,0.0,0.0
2025-05-29 04:00:00,,,0.0,0.0,0.0,0.0,0.0,0.0,,,0.0,0.0,0.0,0.065104166667,0.0,1.0,0.0,,0.0,0.0
2025-05-29 08:00:00,,,0.0,0.0,0.0,0.0,0.0,0.0,,,0.0,0.0,0.0,0.061683006536,0.0,2.0,0.0,,0.0,0.0
2025-05-29 12:00:00,,,0.0,0.0,0.0,0.0,0.0,0.0,,,0.0,0.0,0.0,0.021929824561,0.0,1.0,0.0,,0.0,0.0
2025-05-29 16:00:00,,,0.0,0.0,0.0,0.0,0.0,0.0,,,0.0,0.0,0.0,0.0,0.0,0.0,0.0,,0.0,0.0
2025-05-29 20:00:00,,,0.0,0.0,0.0,0.0,0.0,0.0,,,0.0,0.0,0.0,0.0,0.0,0.0,0.0,,0.0,0.0
2025-05-30 00:00:00,0.0,0.0,0.0,0.0,0.0,0.0,0.0,0.0,0.0,0.0,0.0,0.0,0.0,0.045289855072,0.0,1.0,0.0,0.0,0.0,0.0
2025-05-30 04:00:00,,,0.0,0.0,0.0,0.0,0.0,0.0,,,0.0,0.0,0.0,0.0,0.0,0.0,0.0,,0.0,0.0
2025-05-30 08:00:00,,,0.0,0.0,0.0,0.0,0.0,0.0,,,0.0,0.0,0.0,0.026371308017,0.0,1.0,0.0,,0.0,0.0
2025-05-30 12:00:00,,,0.0,0.0,0.0,0.0,0.0,0.0,,,0.0,0.0,0.0,0.067839635854,0.0,2.0,0.0,,0.0,0.0
2025-05-30 16:00:00,,,0.0,0.0,0.0,0.0,0.0,0.0,,,0.0,0.0,0.0,0.0,0.0,0.0,0.0,,0.0,0.0
2025-05-30 20:00:00,,,0.0,0.0,0.0,0.0,0.0,0.0,,,0.0,0.0,0.0,0.0,0.0,0.0,0.0,,0.0,0.0
2025-05-31 00:00:00,0.0,0.0,0.0,0.0,0.0,0.0,0.0,0.0,0.0,0.0,0.0,0.0,0.0,0.0,0.0,0.0,0.0,0.0,0.0,0.0
2025-05-31 04:00:00,,,0.0,0.0,0.0,0.0,0.0,0.0,,,0.0,0.0,0.0,0.135679271709,0.0,2.0,0.0,,0.0,0.0
2025-05-31 08:00:00,,,0.0,0.0,0.0,0.0,0.0,0.0,,,0.0,0.0,0.0,0.0,0.0,0.0,0.0,,0.0,0.0
2025-05-31 12:00:00,,,0.0,0.0,0.0,0.0,0.0,0.0,,,0.0,0.0,0.0,0.216197499552,0.0,6.0,0.0,,0.0,0.0
2025-05-31 16:00:00,,,0.0,0.0,0.0,0.0,0.0,0.0,,,0.0,0.0,0.0,0.029761904762,0.0,1.0,0.0,,0.0,0.0
2025-05-31 20:00:00,,,0.0,0.0,0.0,0.0,0.0,0.0,,,0.0,0.0,0.0,0.0,0.0,0.0,0.0,,0.0,0.0
2025-06-01 00:00:00,0.0,0.0,0.0,0.0,0.0,0.0,0.0,0.0,0.0,0.0,0.0,0.0,0.0,0.0,0.0,0.0,0.0,0.0,0.0,0.0
2025-06-01 04:00:00,,,0.0,0.0,0.0,0.0,0.0,0.0,,,0.0,0.0,0.0,0.0,0.0,0.0,0.0,,0.0,0.0
2025-06-01 08:00:00,,,0.0,0.0,0.0,0.0,0.0,0.0,,,0.0,0.0,0.0,0.0,0.0,0.0,0.0,,0.0,0.0
2025-06-01 12:00:00,,,0.0,0.0,0.0,0.0,0.0,0.0,,,0.0,0.0,0.0,0.0,0.0,0.0,0.0,,0.0,0.0
2025-06-01 16:00:00,,,0.0,0.0,0.0,0.0,0.0,0.0,,,0.0,0.0,0.0,0.067204301075,0.0,1.0,0.0,,0.0,0.0
2025-06-01 20:00:00,,,0.0,0.0,0.0,0.0,0.0,0.0,,,0.0,0.0,0.0,0.084325396825,0.0,2.0,0.0,,0.0,0.0
2025-06-02 00:00:00,0.0,0.0,0.0,0.0,0.0,0.0,0.0,0.0,0.0,0.0,0.0,0.0,0.0,0.0,0.0,0.0,0.0,0.0,0.0,0.0
2025-06-02 04:00:00,,,0.0,0.0,0.0,0.0,0.0,0.0,,,0.0,0.0,0.0,0.0,0.0,0.0,0.0,,0.0,0.0
2025-06-02 08:00:00,,,0.0,0.0,0.0,0.0,0.0,0.0,,,0.0,0.0,0.0,0.081213924964,0.0,3.0,0.0,,0.0,0.0
2025-06-02 12:00:00,,,0.0,0.0,0.0,0.0,0.0,0.0,,,0.0,0.0,0.0,0.021701388889,0.0,1.0,0.0,,0.0,0.0
2025-06-02 16:00:00,,,0.0,0.0,0.0,0.0,0.0,0.0,,,0.0,0.0,0.0,0.053952991453,0.0,2.0,0.0,,0.0,0.0
2025-06-02 20:00:00,,,0.0,0.0,0.0,0.0,0.0,0.0,,,0.0,0.0,0.0,0.0,0.0,0.0,0.0,,0.0,0.0
2025-06-03 00:00:00,0.0,0.0,0.0,0.0,0.0,0.0,0.0,0.0,0.0,0.0,0.0,0.0,0.0,0.0,0.0,0.0,0.0,0.0,0.0,0.0
2025-06-03 04:00:00,,,0.0,0.0,0.0,0.0,0.0,0.0,,,0.0,0.0,0.0,0.082051762941,0.0,2.0,0.0,,0.0,0.0
2025-06-03 08:00:00,,,0.0,0.0,0.0,0.0,0.0,0.0,,,0.0,0.0,0.0,0.015096618357,0.0,1.0,0.0,,0.0,0.0
2025-06-03 12:00:00,,,0.0,0.0,0.0,0.0,0.0,0.0,,,0.0,0.0,0.0,0.037202380952,0.0,1.0,0.0,,0.0,0.0
2025-06-03 16:00:00,,,0.0,0.0,0.0,0.0,0.0,0.0,,,0.0,0.0,0.0,0.048734610123,0.0,2.0,0.0,,0.0,0.0
2025-06-03 20:00:00,,,0.0,0.0,0.0,0.0,0.0,0.0,,,0.0,0.0,0.0,0.0,0.0,0.0,0.0,,0.0,0.0
2025-06-04 00:00:00,0.0,0.0,0.0,0.0,0.0,0.0,0.0,0.0,0.0,0.0,0.0,0.0,0.0,0.0,0.0,0.0,0.0,0.0,0.0,0.0
2025-06-04 04:00:00,,,0.0,0.0,0.0,0.0,0.0,0.0,,,0.0,0.0,0.0,0.0,0.0,0.0,0.0,,0.0,0.0
2025-06-04 08:00:00,,,0.0,0.0,0.0,0.0,0.0,0.0,,,0.0,0.0,0.0,0.073189522342,0.0,2.0,0.0,,0.0,0.0
2025-06-04 12:00:00,,,0.0,0.0,0.0,0.0,0.0,0.0,,,0.0,0.0,0.0,0.052377589454,0.0,2.0,0.0,,0.0,0.0
2025-06-04 16:00:00,,,0.0,0.0,0.0,0.0,0.0,0.0,,,0.0,0.0,0.0,0.0,0.0,0.0,0.0,,0.0,0.0
2025-06-04 20:00:00,,,0.0,0.0,0.0,0.0,0.0,0.0,,,0.0,0.0,0.0,0.169448757764,0.0,3.0,0.0,,0.0,0.0
2025-06-05 00:00:00,0.0,0.0,0.0,0.0,0.0,0.0,0.0,0.0,0.0,0.0,0.0,0.0,0.0,0.115653913478,0.0,2.0,0.0,0.0,0.0,0.0
2025-06-05 04:00:00,,,0.0,0.0,0.0,0.0,0.0,0.0,,,0.0,0.0,0.0,0.010313531353,0.0,1.0,0.0,,0.0,0.0
2025-06-05 08:00:00,,,0.0,0.0,0.0,0.0,0.0,0.0,,,0.0,0.0,0.0,0.023674242424,0.0,1.0,0.0,,0.0,0.0
2025-06-05 12:00:00,,,0.0,0.0,0.0,0.0,0.0,0.0,,,0.0,0.0,0.0,0.078818108332,0.0,3.0,0.0,,0.0,0.0
2025-06-05 16:00:00,,,0.0,0.0,0.0,0.0,0.0,0.0,,,0.0,0.0,0.0,0.050302876266,0.0,2.0,0.0,,0.0,0.0
2025-06-05 20:00:00,,,0.0,0.0,0.0,0.0,0.0,0.0,,,0.0,0.0,0.0,0.0,0.0,0.0,0.0,,0.0,0.0
2025-06-06 00:00:00,0.0,0.0,0.0,0.0,0.0,0.0,0.0,0.0,0.0,0.0,0.0,0.0,0.0,0.10775862069,0.0,2.0,0.0,0.0,0.0,0.0
2025-06-06 04:00:00,,,0.0,0.0,0.0,0.0,0.0,0.0,,,0.0,0.0,0.0,0.0,0.0,0.0,0.0,,0.0,0.0
2025-06-06 08:00:00,,,0.0,0.0,0.0,0.0,0.0,0.0,,,0.0,0.0,0.0,0.0,0.0,0.0,0.0,,0.0,0.0
2025-06-06 12:00:00,,,0.0,0.0,0.0,0.0,0.0,0.0,,,0.0,0.0,0.0,0.054258977394,0.0,2.0,0.0,,0.0,0.0
2025-06-06 16:00:00,,,0.0,0.0,0.0,0.0,0.0,0.0,,,0.0,0.0,0.0,0.098823313109,0.0,2.0,0.0,,0.0,0.0
2025-06-06 20:00:00,,,0.0,0.0,0.0,0.0,0.0,0.0,,,0.0,0.0,0.0,0.0,0.0,0.0,0.0,,0.0,0.0
2025-06-07 00:00:00,0.0,0.0,0.0,0.0,0.0,0.0,0.0,0.0,0.0,0.0,0.0,0.0,0.0,0.0,0.0,0.0,0.0,0.0,0.0,0.0
2025-06-07 04:00:00,,,0.0,0.0,0.0,0.0,0.0,0.0,,,0.0,0.0,0.0,0.208333333333,0.0,1.0,0.0,,0.0,0.0
2025-06-07 08:00:00,,,0.0,0.0,0.0,0.0,0.0,0.0,,,0.0,0.0,0.0,0.0,0.0,0.0,0.0,,0.0,0.0
2025-06-07 12:00:00,,,0.0,0.0,0.0,0.0,0.0,0.0,,,0.0,0.0,0.0,0.0,0.0,0.0,0.0,,0.0,0.0
2025-06-07 16:00:00,,,0.0,0.0,0.0,0.0,0.0,0.0,,,0.0,0.0,0.0,0.053043319796,0.0,2.0,0.0,,0.0,0.0
2025-06-07 20:00:00,,,0.0,0.0,0.0,0.0,0.0,0.0,,,0.0,0.0,0.0,0.028538812785,0.0,1.0,0.0,,0.0,0.0
2025-06-08 00:00:00,0.0,0.0,0.0,0.0,0.0,0.0,0.0,0.0,0.0,0.0,0.0,0.0,0.0,0.0,0.0,0.0,0.0,0.0,0.0,0.0
2025-06-08 04:00:00,,,0.0,0.0,0.0,0.0,0.0,0.0,,,0.0,0.0,0.0,0.0,0.0,0.0,0.0,,0.0,0.0
2025-06-08 08:00:00,,,0.0,0.0,0.0,0.0,0.0,0.0,,,0.0,0.0,0.0,0.0,0.0,0.0,0.0,,0.0,0.0
2025-06-08 12:00:00,,,0.0,0.0,0.0,0.0,0.0,0.0,,,0.0,0.0,0.0,0.027056277056,0.0,1.0,0.0,,0.0,0.0
2025-06-08 16:00:00,,,0.0,0.0,0.0,0.0,0.0,0.0,,,0.0,0.0,0.0,0.024224806202,0.0,1.0,0.0,,0.0,0.0
2025-06-08 20:00:00,,,0.0,0.0,0.0,0.0,0.0,0.0,,,0.0,0.0,0.0,0.0,0.0,0.0,0.0,,0.0,0.0
2025-06-09 00:00:00,0.0,0.0,0.0,0.0,0.0,0.0,0.0,0.0,0.0,0.0,0.0,0.0,0.0,0.041666666667,0.0,1.0,0.0,0.0,0.0,0.0
2025-06-09 04:00:00,,,0.0,0.0,0.0,0.0,0.0,0.0,,,0.0,0.0,0.0,0.0,0.0,0.0,0.0,,0.0,0.0
2025-06-09 08:00:00,,,0.0,0.0,0.0,0.0,0.0,0.0,,,0.0,0.0,0.0,0.033602150538,0.0,1.0,0.0,,0.0,0.0
2025-06-09 12:00:00,,,0.0,0.0,0.0,0.0,0.0,0.0,,,0.0,0.0,0.0,0.029934250211,0.0,2.0,0.0,,0.0,0.0
2025-06-09 16:00:00,,,0.0,0.0,0.0,0.0,0.0,0.0,,,0.0,0.0,0.0,0.093220999515,0.0,4.0,0.0,,0.0,0.0
2025-06-09 20:00:00,,,0.0,0.0,0.0,0.0,0.0,0.0,,,0.0,0.0,0.0,0.054824561404,0.0,1.0,0.0,,0.0,0.0
2025-06-10 00:00:00,0.0,0.0,0.0,0.0,0.0,0.0,0.0,0.0,0.0,0.0,0.0,0.0,0.0,0.0,0.0,0.0,0.0,0.0,0.0,0.0
2025-06-10 04:00:00,,,0.0,0.0,0.0,0.0,0.0,0.0,,,0.0,0.0,0.0,0.05265682349,0.0,2.0,0.0,,0.0,0.0
2025-06-10 08:00:00,,,0.0,0.0,0.0,0.0,0.0,0.0,,,0.0,0.0,0.0,0.0,0.0,0.0,0.0,,0.0,0.0
2025-06-10 12:00:00,,,0.0,0.0,0.0,0.0,0.0,0.0,,,0.0,0.0,0.0,0.020424836601,0.0,1.0,0.0,,0.0,0.0
2025-06-10 16:00:00,,,0.0,0.0,0.0,0.0,0.0,0.0,,,0.0,0.0,0.0,0.016801075269,0.0,1.0,0.0,,0.0,0.0
2025-06-10 20:00:00,,,0.0,0.0,0.0,0.0,0.0,0.0,,,0.0,0.0,0.0,0.0,0.0,0.0,0.0,,0.0,0.0
2025-06-11 00:00:00,0.0,0.0,0.0,0.0,0.0,0.0,0.0,0.0,0.0,0.0,0.0,0.0,0.0,0.0,0.0,0.0,0.0,0.0,0.0,0.0
2025-06-11 04:00:00,,,0.0,0.0,0.0,0.0,0.0,0.0,,,0.0,0.0,0.0,0.0,0.0,0.0,0.0,,0.0,0.0
2025-06-11 08:00:00,,,0.0,0.0,0.0,0.0,0.0,0.0,,,0.0,0.0,0.0,0.054824561404,0.0,1.0,0.0,,0.0,0.0
2025-06-11 12:00:00,,,0.0,0.0,0.0,0.0,0.0,0.0,,,0.0,0.0,0.0,0.061269383088,0.0,3.0,0.0,,0.0,0.0
2025-06-11 16:00:00,,,0.0,0.0,0.0,0.0,0.0,0.0,,,0.0,0.0,0.0,0.125706063206,0.0,3.0,0.0,,0.0,0.0
2025-06-11 20:00:00,,,0.0,0.0,0.0,0.0,0.0,0.0,,,0.0,0.0,0.0,0.077160493827,0.0,1.0,0.0,,0.0,0.0
2025-06-12 00:00:00,0.0,0.0,0.0,0.0,0.0,0.0,0.0,0.0,0.0,0.0,0.0,0.0,0.0,0.0,0.0,0.0,0.0,0.0,0.0,0.0
2025-06-12 04:00:00,,,0.0,0.0,0.0,0.0,0.0,0.0,,,0.0,0.0,0.0,0.0,0.0,0.0,0.0,,0.0,0.0
2025-06-12 08:00:00,,,0.0,0.0,0.0,0.0,0.0,0.0,,,0.0,0.0,0.0,0.030637254902,0.0,1.0,0.0,,0.0,0.0
2025-06-12 12:00:00,,,0.0,0.0,0.0,0.0,0.0,0.0,,,0.0,0.0,0.0,0.0,0.0,0.0,0.0,,0.0,0.0
2025-06-12 16:00:00,,,0.0,0.0,0.0,0.0,0.0,0.0,,,0.0,0.0,0.0,0.048670784103,0.0,2.0,0.0,,0.0,0.0
2025-06-12 20:00:00,,,0.0,0.0,0.0,0.0,0.0,0.0,,,0.0,0.0,0.0,0.0,0.0,0.0,0.0,,0.0,0.0
2025-06-13 00:00:00,0.0,0.0,0.0,0.0,0.0,0.0,0.0,0.0,0.0,0.0,0.0,0.0,0.0,0.025406504065,0.0,1.0,0.0,0.0,0.0,0.0
2025-06-13 04:00:00,,,0.0,0.0,0.0,0.0,0.0,0.0,,,0.0,0.0,0.0,0.093330014933,0.0,2.0,0.0,,0.0,0.0
2025-06-13 08:00:00,,,0.0,0.0,0.0,0.0,0.0,0.0,,,0.0,0.0,0.0,0.0,0.0,0.0,0.0,,0.0,0.0
2025-06-13 12:00:00,,,0.0,0.0,0.0,0.0,0.0,0.0,,,0.0,0.0,0.0,0.0,0.0,0.0,0.0,,0.0,0.0
2025-06-13 16:00:00,,,0.0,0.0,0.0,0.0,0.0,0.0,,,0.0,0.0,0.0,0.021043771044,0.0,1.0,0.0,,0.0,0.0
2025-06-13 20:00:00,,,0.0,0.0,0.0,0.0,0.0,0.0,,,0.0,0.0,0.0,0.0,0.0,0.0,0.0,,0.0,0.0
2025-06-14 00:00:00,0.0,0.0,0.0,0.0,0.0,0.0,0.0,0.0,0.0,0.0,0.0,0.0,0.0,0.0,0.0,0.0,0.0,0.0,0.0,0.0
2025-06-14 04:00:00,,,0.0,0.0,0.0,0.0,0.0,0.0,,,0.0,0.0,0.0,0.077160493827,0.0,1.0,0.0,,0.0,0.0
2025-06-14 08:00:00,,,0.0,0.0,0.0,0.0,0.0,0.0,,,0.0,0.0,0.0,0.0,0.0,0.0,0.0,,0.0,0.0
2025-06-14 12:00:00,,,0.0,0.0,0.0,0.0,0.0,0.0,,,0.0,0.0,0.0,0.023148148148,0.0,1.0,0.0,,0.0,0.0
2025-06-14 16:00:00,,,0.0,0.0,0.0,0.0,0.0,0.0,,,0.0,0.0,0.0,0.0,0.0,0.0,0.0,,0.0,0.0
2025-06-14 20:00:00,,,0.0,0.0,0.0,0.0,0.0,0.0,,,0.0,0.0,0.0,0.0,0.0,0.0,0.0,,0.0,0.0
2025-06-15 00:00:00,0.0,0.0,0.0,0.0,0.0,0.0,0.0,0.0,0.0,0.0,0.0,0.0,0.0,0.297619047619,0.0,1.0,0.0,0.0,0.0,0.0
2025-06-15 04:00:00,,,0.0,0.0,0.0,0.0,0.0,0.0,,,0.0,0.0,0.0,0.0,0.0,0.0,0.0,,0.0,0.0
2025-06-15 08:00:00,,,0.0,0.0,0.0,0.0,0.0,0.0,,,0.0,0.0,0.0,0.11873100304,0.0,2.0,0.0,,0.0,0.0
2025-06-15 12:00:00,,,0.0,0.0,0.0,0.0,0.0,0.0,,,0.0,0.0,0.0,0.0,0.0,0.0,0.0,,0.0,0.0
2025-06-15 16:00:00,,,0.0,0.0,0.0,0.0,0.0,0.0,,,0.0,0.0,0.0,0.0,0.0,0.0,0.0,,0.0,0.0
2025-06-15 20:00:00,,,0.0,0.0,0.0,0.0,0.0,0.0,,,0.0,0.0,0.0,0.0,0.0,0.0,0.0,,0.0,0.0
2025-06-16 00:00:00,0.0,0.0,0.0,0.0,0.0,0.0,0.0,0.0,0.0,0.0,0.0,0.0,0.0,0.0,0.0,0.0,0.0,0.0,0.0,0.0
2025-06-16 04:00:00,,,0.0,0.0,0.0,0.0,0.0,0.0,,,0.0,0.0,0.0,0.0,0.0,0.0,0.0,,0.0,0.0
2025-06-16 08:00:00,,,0.0,0.0,0.0,0.0,0.0,0.0,,,0.0,0.0,0.0,0.052083333333,0.0,2.0,0.0,,0.0,0.0
2025-06-16 12:00:00,,,0.0,0.0,0.0,0.0,0.0,0.0,,,0.0,0.0,0.0,0.034641347481,0.0,2.0,0.0,,0.0,0.0
2025-06-16 16:00:00,,,0.0,0.0,0.0,0.0,0.0,0.0,,,0.0,0.0,0.0,0.104166666667,0.0,2.0,0.0,,0.0,0.0
2025-06-16 20:00:00,,,0.0,0.0,0.0,0.0,0.0,0.0,,,0.0,0.0,0.0,0.014775413712,0.0,1.0,0.0,,0.0,0.0
2025-06-17 00:00:00,0.0,0.0,0.0,0.0,0.0,0.0,0.0,0.0,0.0,0.0,0.0,0.0,0.0,0.0,0.0,0.0,0.0,0.0,0.0,0.0
2025-06-17 04:00:00,,,0.0,0.0,0.0,0.0,0.0,0.0,,,0.0,0.0,0.0,0.05081300813,0.0,1.0,0.0,,0.0,0.0
2025-06-17 08:00:00,,,0.0,0.0,0.0,0.0,0.0,0.0,,,0.0,0.0,0.0,0.0,0.0,0.0,0.0,,0.0,0.0
2025-06-17 12:00:00,,,0.0,0.0,0.0,0.0,0.0,0.0,,,0.0,0.0,0.0,0.009827044025,0.0,1.0,0.0,,0.0,0.0
2025-06-17 16:00:00,,,0.0,0.0,0.0,0.0,0.0,0.0,,,0.0,0.0,0.0,0.019841269841,0.0,1.0,0.0,,0.0,0.0
2025-06-17 20:00:00,,,0.0,0.0,0.0,0.0,0.0,0.0,,,0.0,0.0,0.0,0.039308176101,0.0,1.0,0.0,,0.0,0.0
2025-06-18 00:00:00,0.0,0.0,0.0,0.0,0.0,0.0,0.0,0.0,0.0,0.0,0.0,0.0,0.0,0.0,0.0,0.0,0.0,0.0,0.0,0.0
2025-06-18 04:00:00,,,0.0,0.0,0.0,0.0,0.0,0.0,,,0.0,0.0,0.0,0.0,0.0,0.0,0.0,,0.0,0.0
2025-06-18 08:00:00,,,0.0,0.0,0.0,0.0,0.0,0.0,,,0.0,0.0,0.0,0.0,0.0,0.0,0.0,,0.0,0.0
2025-06-18 12:00:00,,,0.0,0.0,0.0,0.0,0.0,0.0,,,0.0,0.0,0.0,0.0,0.0,0.0,0.0,,0.0,0.0
2025-06-18 16:00:00,,,0.0,0.0,0.0,0.0,0.0,0.0,,,0.0,0.0,0.0,0.076433074113,0.0,3.0,0.0,,0.0,0.0
2025-06-18 20:00:00,,,0.0,0.0,0.0,0.0,0.0,0.0,,,0.0,0.0,0.0,0.0,0.0,0.0,0.0,,0.0,0.0
2025-06-19 00:00:00,0.0,0.0,0.0,0.0,0.0,0.0,0.0,0.0,0.0,0.0,0.0,0.0,0.0,0.087729018913,0.0,2.0,0.0,0.0,0.0,0.0
2025-06-19 04:00:00,,,0.0,0.0,0.0,0.0,0.0,0.0,,,0.0,0.0,0.0,0.0,0.0,0.0,0.0,,0.0,0.0
2025-06-19 08:00:00,,,0.0,0.0,0.0,0.0,0.0,0.0,,,0.0,0.0,0.0,0.0,0.0,0.0,0.0,,0.0,0.0
2025-06-19 12:00:00,,,0.0,0.0,0.0,0.0,0.0,0.0,,,0.0,0.0,0.0,0.027056277056,0.0,1.0,0.0,,0.0,0.0
2025-06-19 16:00:00,,,0.0,0.0,0.0,0.0,0.0,0.0,,,0.0,0.0,0.0,0.066773504274,0.0,3.0,0.0,,0.0,0.0
2025-06-19 20:00:00,,,0.0,0.0,0.0,0.0,0.0,0.0,,,0.0,0.0,0.0,0.0,0.0,0.0,0.0,,0.0,0.0
2025-06-20 00:00:00,0.0,0.0,0.0,0.0,0.0,0.0,0.0,0.0,0.0,0.0,0.0,0.0,0.0,0.0,0.0,0.0,0.0,0.0,0.0,0.0
2025-06-20 04:00:00,,,0.0,0.0,0.0,0.0,0.0,0.0,,,0.0,0.0,0.0,0.0,0.0,0.0,0.0,,0.0,0.0
2025-06-20 08:00:00,,,0.0,0.0,0.0,0.0,0.0,0.0,,,0.0,0.0,0.0,0.0,0.0,0.0,0.0,,0.0,0.0
2025-06-20 12:00:00,,,0.0,0.0,0.0,0.0,0.0,0.0,,,0.0,0.0,0.0,0.0,0.0,0.0,0.0,,0.0,0.0
2025-06-20 16:00:00,,,0.0,0.0,0.0,0.0,0.0,0.0,,,0.0,0.0,0.0,0.028153153153,0.0,1.0,0.0,,0.0,0.0
2025-06-20 20:00:00,,,0.0,0.0,0.0,0.0,0.0,0.0,,,0.0,0.0,0.0,0.0,0.0,0.0,0.0,,0.0,0.0
2025-06-21 00:00:00,0.0,0.0,0.0,0.0,0.0,0.0,0.0,0.0,0.0,0.0,0.0,0.0,0.0,0.0,0.0,0.0,0.0,0.0,0.0,0.0
2025-06-21 04:00:00,,,0.0,0.0,0.0,0.0,0.0,0.0,,,0.0,0.0,0.0,0.0,0.0,0.0,0.0,,0.0,0.0
2025-06-21 08:00:00,,,0.0,0.0,0.0,0.0,0.0,0.0,,,0.0,0.0,0.0,0.0,0.0,0.0,0.0,,0.0,0.0
2025-06-21 12:00:00,,,0.0,0.0,0.0,0.0,0.0,0.0,,,0.0,0.0,0.0,0.031094527363,0.0,1.0,0.0,,0.0,0.0
2025-06-21 16:00:00,,,0.0,0.0,0.0,0.0,0.0,0.0,,,0.0,0.0,0.0,0.020833333333,0.0,1.0,0.0,,0.0,0.0
2025-06-21 20:00:00,,,0.0,0.0,0.0,0.0,0.0,0.0,,,0.0,0.0,0.0,0.083363374189,0.0,2.0,0.0,,0.0,0.0
2025-06-22 00:00:00,0.0,0.0,0.0,0.0,0.0,0.0,0.0,0.0,0.0,0.0,0.0,0.0,0.0,0.0,0.0,0.0,0.0,0.0,0.0,0.0
2025-06-22 04:00:00,,,0.0,0.0,0.0,0.0,0.0,0.0,,,0.0,0.0,0.0,0.0,0.0,0.0,0.0,,0.0,0.0
2025-06-22 08:00:00,,,0.0,0.0,0.0,0.0,0.0,0.0,,,0.0,0.0,0.0,0.0,0.0,0.0,0.0,,0.0,0.0
2025-06-22 12:00:00,,,0.0,0.0,0.0,0.0,0.0,0.0,,,0.0,0.0,0.0,0.029761904762,0.0,1.0,0.0,,0.0,0.0
2025-06-22 16:00:00,,,0.0,0.0,0.0,0.0,0.0,0.0,,,0.0,0.0,0.0,0.026709401709,0.0,1.0,0.0,,0.0,0.0
2025-06-22 20:00:00,,,0.0,0.0,0.0,0.0,0.0,0.0,,,0.0,0.0,0.0,0.0,0.0,0.0,0.0,,0.0,0.0
2025-06-23 00:00:00,0.0,0.0,0.0,0.0,0.0,0.0,0.0,0.0,0.0,0.0,0.0,0.0,0.0,0.0,0.0,0.0,0.0,0.0,0.0,0.0
2025-06-23 04:00:00,,,0.0,0.0,0.0,0.0,0.0,0.0,,,0.0,0.0,0.0,0.0,0.0,0.0,0.0,,0.0,0.0
2025-06-23 08:00:00,,,0.0,0.0,0.0,0.0,0.0,0.0,,,0.0,0.0,0.0,0.070459054834,0.0,2.0,0.0,,0.0,0.0
2025-06-23 12:00:00,,,0.0,0.0,0.0,0.0,0.0,0.0,,,0.0,0.0,0.0,0.130799708219,0.0,3.0,0.0,,0.0,0.0
2025-06-23 16:00:00,,,0.0,0.0,0.0,0.0,0.0,0.0,,,0.0,0.0,0.0,0.057826956739,0.0,2.0,0.0,,0.0,0.0
2025-06-23 20:00:00,,,0.0,0.0,0.0,0.0,0.0,0.0,,,0.0,0.0,0.0,0.041666666667,0.0,1.0,0.0,,0.0,0.0
2025-06-24 00:00:00,0.0,0.0,0.0,0.0,0.0,0.0,0.0,0.0,0.0,0.0,0.0,0.0,0.0,0.042517006803,0.0,1.0,0.0,0.0,0.0,0.0
2025-06-24 04:00:00,,,0.0,0.0,0.0,0.0,0.0,0.0,,,0.0,0.0,0.0,0.033068783069,0.0,1.0,0.0,,0.0,0.0
2025-06-24 08:00:00,,,0.0,0.0,0.0,0.0,0.0,0.0,,,0.0,0.0,0.0,0.036549707602,0.0,1.0,0.0,,0.0,0.0
2025-06-24 12:00:00,,,0.0,0.0,0.0,0.0,0.0,0.0,,,0.0,0.0,0.0,0.054715203901,0.0,2.0,0.0,,0.0,0.0
2025-06-24 16:00:00,,,0.0,0.0,0.0,0.0,0.0,0.0,,,0.0,0.0,0.0,0.0,0.0,0.0,0.0,,0.0,0.0
2025-06-24 20:00:00,,,0.0,0.0,0.0,0.0,0.0,0.0,,,0.0,0.0,0.0,0.0,0.0,0.0,0.0,,0.0,0.0
2025-06-25 00:00:00,0.0,0.0,0.0,0.0,0.0,0.0,0.0,0.0,0.0,0.0,0.0,0.0,0.0,0.0,0.0,0.0,0.0,0.0,0.0,0.0
2025-06-25 04:00:00,,,0.0,0.0,0.0,0.0,0.0,0.0,,,0.0,0.0,0.0,0.0,0.0,0.0,0.0,,0.0,0.0
2025-06-25 08:00:00,,,0.0,0.0,0.0,0.0,0.0,0.0,,,0.0,0.0,0.0,0.040453074434,0.0,2.0,0.0,,0.0,0.0
2025-06-25 12:00:00,,,0.0,0.0,0.0,0.0,0.0,0.0,,,0.0,0.0,0.0,0.0,0.0,0.0,0.0,,0.0,0.0
2025-06-25 16:00:00,,,0.0,0.0,0.0,0.0,0.0,0.0,,,0.0,0.0,0.0,0.0,0.0,0.0,0.0,,0.0,0.0
2025-06-25 20:00:00,,,0.0,0.0,0.0,0.0,0.0,0.0,,,0.0,0.0,0.0,0.040849673203,0.0,1.0,0.0,,0.0,0.0
2025-06-26 00:00:00,0.0,0.0,0.0,0.0,0.0,0.0,0.0,0.0,0.0,0.0,0.0,0.0,0.0,0.0,0.0,0.0,0.0,0.0,0.0,0.0
2025-06-26 04:00:00,,,0.0,0.0,0.0,0.0,0.0,0.0,,,0.0,0.0,0.0,0.29310966811,0.0,3.0,0.0,,0.0,0.0
2025-06-26 08:00:00,,,0.0,0.0,0.0,0.0,0.0,0.0,,,0.0,0.0,0.0,0.0,0.0,0.0,0.0,,0.0,0.0
2025-06-26 12:00:00,,,0.0,0.0,0.0,0.0,0.0,0.0,,,0.0,0.0,0.0,0.100563000319,0.0,4.0,0.0,,0.0,0.0
2025-06-26 16:00:00,,,0.0,0.0,0.0,0.0,0.0,0.0,,,0.0,0.0,0.0,0.059322315147,0.0,2.0,0.0,,0.0,0.0
2025-06-26 20:00:00,,,0.0,0.0,0.0,0.0,0.0,0.0,,,0.0,0.0,0.0,0.0,0.0,0.0,0.0,,0.0,0.0
2025-06-27 00:00:00,0.0,0.0,0.0,0.0,0.0,0.0,0.0,0.0,0.0,0.0,0.0,0.0,0.0,0.0,0.0,0.0,0.0,0.0,0.0,0.0
2025-06-27 04:00:00,,,0.0,0.0,0.0,0.0,0.0,0.0,,,0.0,0.0,0.0,0.087301587302,0.0,2.0,0.0,,0.0,0.0
2025-06-27 08:00:00,,,0.0,0.0,0.0,0.0,0.0,0.0,,,0.0,0.0,0.0,0.056306306306,0.0,1.0,0.0,,0.0,0.0
2025-06-27 12:00:00,,,0.0,0.0,0.0,0.0,0.0,0.0,,,0.0,0.0,0.0,0.017076502732,0.0,1.0,0.0,,0.0,0.0
2025-06-27 16:00:00,,,0.0,0.0,0.0,0.0,0.0,0.0,,,0.0,0.0,0.0,0.057425213675,0.0,2.0,0.0,,0.0,0.0
2025-06-27 20:00:00,,,0.0,0.0,0.0,0.0,0.0,0.0,,,0.0,0.0,0.0,0.0,0.0,0.0,0.0,,0.0,0.0
2025-06-28 00:00:00,0.0,0.0,0.0,0.0,0.0,0.0,0.0,0.0,0.0,0.0,0.0,0.0,0.0,0.0,0.0,0.0,0.0,0.0,0.0,0.0
2025-06-28 04:00:00,,,0.0,0.0,0.0,0.0,0.0,0.0,,,0.0,0.0,0.0,0.0,0.0,0.0,0.0,,0.0,0.0
2025-06-28 08:00:00,,,0.0,0.0,0.0,0.0,0.0,0.0,,,0.0,0.0,0.0,0.0,0.0,0.0,0.0,,0.0,0.0
2025-06-28 12:00:00,,,0.0,0.0,0.0,0.0,0.0,0.0,,,0.0,0.0,0.0,0.026371308017,0.0,1.0,0.0,,0.0,0.0
2025-06-28 16:00:00,,,0.0,0.0,0.0,0.0,0.0,0.0,,,0.0,0.0,0.0,0.117801811304,0.0,4.0,0.0,,0.0,0.0
2025-06-28 20:00:00,,,0.0,0.0,0.0,0.0,0.0,0.0,,,0.0,0.0,0.0,0.0,0.0,0.0,0.0,,0.0,0.0
2025-06-29 00:00:00,0.0,0.0,0.0,0.0,0.0,0.0,0.0,0.0,0.0,0.0,0.0,0.0,0.0,0.040849673203,0.0,1.0,0.0,0.0,0.0,0.0
2025-06-29 04:00:00,,,0.0,0.0,0.0,0.0,0.0,0.0,,,0.0,0.0,0.0,0.0234082397,0.0,1.0,0.0,,0.0,0.0
2025-06-29 08:00:00,,,0.0,0.0,0.0,0.0,0.0,0.0,,,0.0,0.0,0.0,0.083333333333,0.0,1.0,0.0,,0.0,0.0
2025-06-29 12:00:00,,,0.0,0.0,0.0,0.0,0.0,0.0,,,0.0,0.0,0.0,0.033602150538,0.0,1.0,0.0,,0.0,0.0
2025-06-29 16:00:00,,,0.0,0.0,0.0,0.0,0.0,0.0,,,0.0,0.0,0.0,0.0,0.0,0.0,0.0,,0.0,0.0
2025-06-29 20:00:00,,,0.0,0.0,0.0,0.0,0.0,0.0,,,0.0,0.0,0.0,0.0,0.0,0.0,0.0,,0.0,0.0
2025-06-30 00:00:00,0.0,0.0,0.0,0.0,0.0,0.0,0.0,0.0,0.0,0.0,0.0,0.0,0.0,0.0,0.0,0.0,0.0,0.0,0.0,0.0
2025-06-30 04:00:00,,,0.0,0.0,0.0,0.0,0.0,0.0,,,0.0,0.0,0.0,0.0,0.0,0.0,0.0,,0.0,0.0
2025-06-30 08:00:00,,,0.0,0.0,0.0,0.0,0.0,0.0,,,0.0,0.0,0.0,0.0,0.0,0.0,0.0,,0.0,0.0
2025-06-30 12:00:00,,,0.0,0.0,0.0,0.0,0.0,0.0,,,0.0,0.0,0.0,0.042784657723,0.0,2.0,0.0,,0.0,0.0
2025-06-30 16:00:00,,,0.0,0.0,0.0,0.0,0.0,0.0,,,0.0,0.0,0.0,0.0,0.0,0.0,0.0,,0.0,0.0
2025-06-30 20:00:00,,,0.0,0.0,0.0,0.0,0.0,0.0,,,0.0,0.0,0.0,0.034153005464,0.0,1.0,0.0,,0.0,0.0
2025-07-01 00:00:00,0.0,0.0,0.0,0.0,0.0,0.0,0.0,0.0,0.0,0.0,0.0,0.0,0.0,0.0,0.0,0.0,0.0,0.0,0.0,0.0
2025-07-01 04:00:00,,,0.0,0.0,0.0,0.0,0.0,0.0,,,0.0,0.0,0.0,0.0,0.0,0.0,0.0,,0.0,0.0
2025-07-01 08:00:00,,,0.0,0.0,0.0,0.0,0.0,0.0,,,0.0,0.0,0.0,0.034153005464,0.0,1.0,0.0,,0.0,0.0
2025-07-01 12:00:00,,,0.0,0.0,0.0,0.0,0.0,0.0,,,0.0,0.0,0.0,0.015096618357,0.0,1.0,0.0,,0.0,0.0
2025-07-01 16:00:00,,,0.0,0.0,0.0,0.0,0.0,0.0,,,0.0,0.0,0.0,0.0,0.0,0.0,0.0,,0.0,0.0
2025-07-01 20:00:00,,,0.0,0.0,0.0,0.0,0.0,0.0,,,0.0,0.0,0.0,0.0,0.0,0.0,0.0,,0.0,0.0
2025-07-02 00:00:00,0.0,0.0,0.0,0.0,0.0,0.0,0.0,0.0,0.0,0.0,0.0,0.0,0.0,0.0,0.0,0.0,0.0,0.0,0.0,0.0
2025-07-02 04:00:00,,,0.0,0.0,0.0,0.0,0.0,0.0,,,0.0,0.0,0.0,0.0,0.0,0.0,0.0,,0.0,0.0
2025-07-02 08:00:00,,,0.0,0.0,0.0,0.0,0.0,0.0,,,0.0,0.0,0.0,0.0,0.0,0.0,0.0,,0.0,0.0
2025-07-02 12:00:00,,,0.0,0.0,0.0,0.0,0.0,0.0,,,0.0,0.0,0.0,0.089905753968,0.0,2.0,0.0,,0.0,0.0
2025-07-02 16:00:00,,,0.0,0.0,0.0,0.0,0.0,0.0,,,0.0,0.0,0.0,0.0,0.0,0.0,0.0,,0.0,0.0
2025-07-02 20:00:00,,,0.0,0.0,0.0,0.0,0.0,0.0,,,0.0,0.0,0.0,0.052083333333,0.0,1.0,0.0,,0.0,0.0
2025-07-03 00:00:00,0.0,0.0,0.0,0.0,0.0,0.0,0.0,0.0,0.0,0.0,0.0,0.0,0.0,0.0,0.0,0.0,0.0,0.0,0.0,0.0
2025-07-03 04:00:00,,,0.0,0.0,0.0,0.0,0.0,0.0,,,0.0,0.0,0.0,0.034722222222,0.0,1.0,0.0,,0.0,0.0
2025-07-03 08:00:00,,,0.0,0.0,0.0,0.0,0.0,0.0,,,0.0,0.0,0.0,0.0,0.0,0.0,0.0,,0.0,0.0
2025-07-03 12:00:00,,,0.0,0.0,0.0,0.0,0.0,0.0,,,0.0,0.0,0.0,0.014076576577,0.0,1.0,0.0,,0.0,0.0
2025-07-03 16:00:00,,,0.0,0.0,0.0,0.0,0.0,0.0,,,0.0,0.0,0.0,0.014880952381,0.0,1.0,0.0,,0.0,0.0
2025-07-03 20:00:00,,,0.0,0.0,0.0,0.0,0.0,0.0,,,0.0,0.0,0.0,0.064953303841,0.0,2.0,0.0,,0.0,0.0
2025-07-04 00:00:00,0.0,0.0,0.0,0.0,0.0,0.0,0.0,0.0,0.0,0.0,0.0,0.0,0.0,0.0,0.0,0.0,0.0,0.0,0.0,0.0
2025-07-04 04:00:00,,,0.0,0.0,0.0,0.0,0.0,0.0,,,0.0,0.0,0.0,0.047348484848,0.0,1.0,0.0,,0.0,0.0
2025-07-04 08:00:00,,,0.0,0.0,0.0,0.0,0.0,0.0,,,0.0,0.0,0.0,0.0,0.0,0.0,0.0,,0.0,0.0
2025-07-04 12:00:00,,,0.0,0.0,0.0,0.0,0.0,0.0,,,0.0,0.0,0.0,0.035426277581,0.0,2.0,0.0,,0.0,0.0
2025-07-04 16:00:00,,,0.0,0.0,0.0,0.0,0.0,0.0,,,0.0,0.0,0.0,0.0,0.0,0.0,0.0,,0.0,0.0
2025-07-04 20:00:00,,,0.0,0.0,0.0,0.0,0.0,0.0,,,0.0,0.0,0.0,0.0,0.0,0.0,0.0,,0.0,0.0
2025-07-05 00:00:00,0.0,0.0,0.0,0.0,0.0,0.0,0.0,0.0,0.0,0.0,0.0,0.0,0.0,0.0,0.0,0.0,0.0,0.0,0.0,0.0
2025-07-05 04:00:00,,,0.0,0.0,0.0,0.0,0.0,0.0,,,0.0,0.0,0.0,0.0,0.0,0.0,0.0,,0.0,0.0
2025-07-05 08:00:00,,,0.0,0.0,0.0,0.0,0.0,0.0,,,0.0,0.0,0.0,0.0,0.0,0.0,0.0,,0.0,0.0
2025-07-05 12:00:00,,,0.0,0.0,0.0,0.0,0.0,0.0,,,0.0,0.0,0.0,0.076827043119,0.0,2.0,0.0,,0.0,0.0
2025-07-05 16:00:00,,,0.0,0.0,0.0,0.0,0.0,0.0,,,0.0,0.0,0.0,0.0,0.0,0.0,0.0,,0.0,0.0
2025-07-05 20:00:00,,,0.0,0.0,0.0,0.0,0.0,0.0,,,0.0,0.0,0.0,0.0,0.0,0.0,0.0,,0.0,0.0
2025-07-06 00:00:00,0.0,0.0,0.0,0.0,0.0,0.0,0.0,0.0,0.0,0.0,0.0,0.0,0.0,0.0,0.0,0.0,0.0,0.0,0.0,0.0
2025-07-06 04:00:00,,,0.0,0.0,0.0,0.0,0.0,0.0,,,0.0,0.0,0.0,0.069444444444,0.0,1.0,0.0,,0.0,0.0
2025-07-06 08:00:00,,,0.0,0.0,0.0,0.0,0.0,0.0,,,0.0,0.0,0.0,0.0124750499,0.0,1.0,0.0,,0.0,0.0
2025-07-06 12:00:00,,,0.0,0.0,0.0,0.0,0.0,0.0,,,0.0,0.0,0.0,0.028538812785,0.0,1.0,0.0,,0.0,0.0
2025-07-06 16:00:00,,,0.0,0.0,0.0,0.0,0.0,0.0,,,0.0,0.0,0.0,0.0,0.0,0.0,0.0,,0.0,0.0
2025-07-06 20:00:00,,,0.0,0.0,0.0,0.0,0.0,0.0,,,0.0,0.0,0.0,0.116165321595,0.0,2.0,0.0,,0.0,0.0
2025-07-07 00:00:00,0.0,0.0,0.0,0.0,0.0,0.0,0.0,0.0,0.0,0.0,0.0,0.0,0.0,0.07183908046,0.0,1.0,0.0,0.0,0.0,0.0
2025-07-07 04:00:00,,,0.0,0.0,0.0,0.0,0.0,0.0,,,0.0,0.0,0.0,0.0,0.0,0.0,0.0,,0.0,0.0
2025-07-07 08:00:00,,,0.0,0.0,0.0,0.0,0.0,0.0,,,0.0,0.0,0.0,0.044326241135,0.0,1.0,0.0,,0.0,0.0
2025-07-07 12:00:00,,,0.0,0.0,0.0,0.0,0.0,0.0,,,0.0,0.0,0.0,0.018436578171,0.0,1.0,0.0,,0.0,0.0
2025-07-07 16:00:00,,,0.0,0.0,0.0,0.0,0.0,0.0,,,0.0,0.0,0.0,0.0,0.0,0.0,0.0,,0.0,0.0
2025-07-07 20:00:00,,,0.0,0.0,0.0,0.0,0.0,0.0,,,0.0,0.0,0.0,0.0,0.0,0.0,0.0,,0.0,0.0
2025-07-08 00:00:00,0.0,0.0,0.0,0.0,0.0,0.0,0.0,0.0,0.0,0.0,0.0,0.0,0.0,0.0,0.0,0.0,0.0,0.0,0.0,0.0
2025-07-08 04:00:00,,,0.0,0.0,0.0,0.0,0.0,0.0,,,0.0,0.0,0.0,0.0,0.0,0.0,0.0,,0.0,0.0
2025-07-08 08:00:00,,,0.0,0.0,0.0,0.0,0.0,0.0,,,0.0,0.0,0.0,0.0,0.0,0.0,0.0,,0.0,0.0
2025-07-08 12:00:00,,,0.0,0.0,0.0,0.0,0.0,0.0,,,0.0,0.0,0.0,0.035511363636,0.0,3.0,0.0,,0.0,0.0
2025-07-08 16:00:00,,,0.0,0.0,0.0,0.0,0.0,0.0,,,0.0,0.0,0.0,0.0,0.0,0.0,0.0,,0.0,0.0
2025-07-08 20:00:00,,,0.0,0.0,0.0,0.0,0.0,0.0,,,0.0,0.0,0.0,0.0,0.0,0.0,0.0,,0.0,0.0
2025-07-09 00:00:00,0.0,0.0,0.0,0.0,0.0,0.0,0.0,0.0,0.0,0.0,0.0,0.0,0.0,0.0,0.0,0.0,0.0,0.0,0.0,0.0
2025-07-09 04:00:00,,,0.0,0.0,0.0,0.0,0.0,0.0,,,0.0,0.0,0.0,0.066435410581,0.0,2.0,0.0,,0.0,0.0
2025-07-09 08:00:00,,,0.0,0.0,0.0,0.0,0.0,0.0,,,0.0,0.0,0.0,0.101332648891,0.0,4.0,0.0,,0.0,0.0
2025-07-09 12:00:00,,,0.0,0.0,0.0,0.0,0.0,0.0,,,0.0,0.0,0.0,0.080950635386,0.0,2.0,0.0,,0.0,0.0
2025-07-09 16:00:00,,,0.0,0.0,0.0,0.0,0.0,0.0,,,0.0,0.0,0.0,0.0,0.0,0.0,0.0,,0.0,0.0
2025-07-09 20:00:00,,,0.0,0.0,0.0,0.0,0.0,0.0,,,0.0,0.0,0.0,0.0,0.0,0.0,0.0,,0.0,0.0
2025-07-10 00:00:00,0.0,0.0,0.0,0.0,0.0,0.0,0.0,0.0,0.0,0.0,0.0,0.0,0.0,0.085928731762,0.0,2.0,0.0,0.0,0.0,0.0
2025-07-10 04:00:00,,,0.0,0.0,0.0,0.0,0.0,0.0,,,0.0,0.0,0.0,0.0,0.0,0.0,0.0,,0.0,0.0
2025-07-10 08:00:00,,,0.0,0.0,0.0,0.0,0.0,0.0,,,0.0,0.0,0.0,0.0,0.0,0.0,0.0,,0.0,0.0
2025-07-10 12:00:00,,,0.0,0.0,0.0,0.0,0.0,0.0,,,0.0,0.0,0.0,0.042517006803,0.0,1.0,0.0,,0.0,0.0
2025-07-10 16:00:00,,,0.0,0.0,0.0,0.0,0.0,0.0,,,0.0,0.0,0.0,0.050633303278,0.0,3.0,0.0,,0.0,0.0
2025-07-10 20:00:00,,,0.0,0.0,0.0,0.0,0.0,0.0,,,0.0,0.0,0.0,0.0,0.0,0.0,0.0,,0.0,0.0
2025-07-11 00:00:00,0.0,0.0,0.0,0.0,0.0,0.0,0.0,0.0,0.0,0.0,0.0,0.0,0.0,0.040849673203,0.0,1.0,0.0,0.0,0.0,0.0
2025-07-11 04:00:00,,,0.0,0.0,0.0,0.0,0.0,0.0,,,0.0,0.0,0.0,0.0,0.0,0.0,0.0,,0.0,0.0
2025-07-11 08:00:00,,,0.0,0.0,0.0,0.0,0.0,0.0,,,0.0,0.0,0.0,0.028538812785,0.0,1.0,0.0,,0.0,0.0
2025-07-11 12:00:00,,,0.0,0.0,0.0,0.0,0.0,0.0,,,0.0,0.0,0.0,0.025720164609,0.0,1.0,0.0,,0.0,0.0
2025-07-11 16:00:00,,,0.0,0.0,0.0,0.0,0.0,0.0,,,0.0,0.0,0.0,0.063463887616,0.0,2.0,0.0,,0.0,0.0
2025-07-11 20:00:00,,,0.0,0.0,0.0,0.0,0.0,0.0,,,0.0,0.0,0.0,0.0,0.0,0.0,0.0,,0.0,0.0
2025-07-12 00:00:00,0.0,0.0,0.0,0.0,0.0,0.0,0.0,0.0,0.0,0.0,0.0,0.0,0.0,0.0,0.0,0.0,0.0,0.0,0.0,0.0
2025-07-12 04:00:00,,,0.0,0.0,0.0,0.0,0.0,0.0,,,0.0,0.0,0.0,0.049603174603,0.0,1.0,0.0,,0.0,0.0
2025-07-12 08:00:00,,,0.0,0.0,0.0,0.0,0.0,0.0,,,0.0,0.0,0.0,0.046296296296,0.0,1.0,0.0,,0.0,0.0
2025-07-12 12:00:00,,,0.0,0.0,0.0,0.0,0.0,0.0,,,0.0,0.0,0.0,0.145348837209,0.0,6.0,0.0,,0.0,0.0
2025-07-12 16:00:00,,,0.0,0.0,0.0,0.0,0.0,0.0,,,0.0,0.0,0.0,0.0,0.0,0.0,0.0,,0.0,0.0
2025-07-12 20:00:00,,,0.0,0.0,0.0,0.0,0.0,0.0,,,0.0,0.0,0.0,0.0,0.0,0.0,0.0,,0.0,0.0
2025-07-13 00:00:00,0.0,0.0,0.0,0.0,0.0,0.0,0.0,0.0,0.0,0.0,0.0,0.0,0.0,0.0,0.0,0.0,0.0,0.0,0.0,0.0
2025-07-13 04:00:00,,,0.0,0.0,0.0,0.0,0.0,0.0,,,0.0,0.0,0.0,0.054824561404,0.0,1.0,0.0,,0.0,0.0
2025-07-13 08:00:00,,,0.0,0.0,0.0,0.0,0.0,0.0,,,0.0,0.0,0.0,0.0,0.0,0.0,0.0,,0.0,0.0
2025-07-13 12:00:00,,,0.0,0.0,0.0,0.0,0.0,0.0,,,0.0,0.0,0.0,0.0,0.0,0.0,0.0,,0.0,0.0
2025-07-13 16:00:00,,,0.0,0.0,0.0,0.0,0.0,0.0,,,0.0,0.0,0.0,0.024509803922,0.0,1.0,0.0,,0.0,0.0
2025-07-13 20:00:00,,,0.0,0.0,0.0,0.0,0.0,0.0,,,0.0,0.0,0.0,0.0,0.0,0.0,0.0,,0.0,0.0
2025-07-14 00:00:00,0.0,0.0,0.0,0.0,0.0,0.0,0.0,0.0,0.0,0.0,0.0,0.0,0.0,0.0,0.0,0.0,0.0,0.0,0.0,0.0
2025-07-14 04:00:00,,,0.0,0.0,0.0,0.0,0.0,0.0,,,0.0,0.0,0.0,0.0,0.0,0.0,0.0,,0.0,0.0
2025-07-14 08:00:00,,,0.0,0.0,0.0,0.0,0.0,0.0,,,0.0,0.0,0.0,0.030637254902,0.0,1.0,0.0,,0.0,0.0
2025-07-14 12:00:00,,,0.0,0.0,0.0,0.0,0.0,0.0,,,0.0,0.0,0.0,0.0,0.0,0.0,0.0,,0.0,0.0
2025-07-14 16:00:00,,,0.0,0.0,0.0,0.0,0.0,0.0,,,0.0,0.0,0.0,0.020226537217,0.0,1.0,0.0,,0.0,0.0
2025-07-14 20:00:00,,,0.0,0.0,0.0,0.0,0.0,0.0,,,0.0,0.0,0.0,0.035473785474,0.0,2.0,0.0,,0.0,0.0
2025-07-15 00:00:00,0.0,0.0,0.0,0.0,0.0,0.0,0.0,0.0,0.0,0.0,0.0,0.0,0.0,0.0,0.0,0.0,0.0,0.0,0.0,0.0
2025-07-15 04:00:00,,,0.0,0.0,0.0,0.0,0.0,0.0,,,0.0,0.0,0.0,0.061274509804,0.0,1.0,0.0,,0.0,0.0
2025-07-15 08:00:00,,,0.0,0.0,0.0,0.0,0.0,0.0,,,0.0,0.0,0.0,0.054824561404,0.0,1.0,0.0,,0.0,0.0
2025-07-15 12:00:00,,,0.0,0.0,0.0,0.0,0.0,0.0,,,0.0,0.0,0.0,0.0,0.0,0.0,0.0,,0.0,0.0
2025-07-15 16:00:00,,,0.0,0.0,0.0,0.0,0.0,0.0,,,0.0,0.0,0.0,0.0,0.0,0.0,0.0,,0.0,0.0
2025-07-15 20:00:00,,,0.0,0.0,0.0,0.0,0.0,0.0,,,0.0,0.0,0.0,0.067649812734,0.0,3.0,0.0,,0.0,0.0
2025-07-16 00:00:00,0.0,0.0,0.0,0.0,0.0,0.0,0.0,0.0,0.0,0.0,0.0,0.0,0.0,0.0,0.0,0.0,0.0,0.0,0.0,0.0
2025-07-16 04:00:00,,,0.0,0.0,0.0,0.0,0.0,0.0,,,0.0,0.0,0.0,0.019113149847,0.0,1.0,0.0,,0.0,0.0
2025-07-16 08:00:00,,,0.0,0.0,0.0,0.0,0.0,0.0,,,0.0,0.0,0.0,0.0,0.0,0.0,0.0,,0.0,0.0
2025-07-16 12:00:00,,,0.0,0.0,0.0,0.0,0.0,0.0,,,0.0,0.0,0.0,0.04737295435,0.0,2.0,0.0,,0.0,0.0
2025-07-16 16:00:00,,,0.0,0.0,0.0,0.0,0.0,0.0,,,0.0,0.0,0.0,0.0,0.0,0.0,0.0,,0.0,0.0
2025-07-16 20:00:00,,,0.0,0.0,0.0,0.0,0.0,0.0,,,0.0,0.0,0.0,0.0,0.0,0.0,0.0,,0.0,0.0
2025-07-17 00:00:00,0.0,0.0,0.0,0.0,0.0,0.0,0.0,0.0,0.0,0.0,0.0,0.0,0.0,0.0,0.0,0.0,0.0,0.0,0.0,0.0
2025-07-17 04:00:00,,,0.0,0.0,0.0,0.0,0.0,0.0,,,0.0,0.0,0.0,0.0,0.0,0.0,0.0,,0.0,0.0
2025-07-17 08:00:00,,,0.0,0.0,0.0,0.0,0.0,0.0,,,0.0,0.0,0.0,0.0,0.0,0.0,0.0,,0.0,0.0
2025-07-17 12:00:00,,,0.0,0.0,0.0,0.0,0.0,0.0,,,0.0,0.0,0.0,0.015547263682,0.0,1.0,0.0,,0.0,0.0
2025-07-17 16:00:00,,,0.0,0.0,0.0,0.0,0.0,0.0,,,0.0,0.0,0.0,0.053205131027,0.0,3.0,0.0,,0.0,0.0
2025-07-17 20:00:00,,,0.0,0.0,0.0,0.0,0.0,0.0,,,0.0,0.0,0.0,0.0,0.0,0.0,0.0,,0.0,0.0
2025-07-18 00:00:00,0.0,0.0,0.0,0.0,0.0,0.0,0.0,0.0,0.0,0.0,0.0,0.0,0.0,0.0,0.0,0.0,0.0,0.0,0.0,0.0
2025-07-18 04:00:00,,,0.0,0.0,0.0,0.0,0.0,0.0,,,0.0,0.0,0.0,0.0,0.0,0.0,0.0,,0.0,0.0
2025-07-18 08:00:00,,,0.0,0.0,0.0,0.0,0.0,0.0,,,0.0,0.0,0.0,0.07303127844,0.0,4.0,0.0,,0.0,0.0
2025-07-18 12:00:00,,,0.0,0.0,0.0,0.0,0.0,0.0,,,0.0,0.0,0.0,0.069637103769,0.0,4.0,0.0,,0.0,0.0
2025-07-18 16:00:00,,,0.0,0.0,0.0,0.0,0.0,0.0,,,0.0,0.0,0.0,0.057402069711,0.0,3.0,0.0,,0.0,0.0
2025-07-18 20:00:00,,,0.0,0.0,0.0,0.0,0.0,0.0,,,0.0,0.0,0.0,0.029761904762,0.0,1.0,0.0,,0.0,0.0
2025-07-19 00:00:00,0.0,0.0,0.0,0.0,0.0,0.0,0.0,0.0,0.0,0.0,0.0,0.0,0.0,0.0,0.0,0.0,0.0,0.0,0.0,0.0
2025-07-19 04:00:00,,,0.0,0.0,0.0,0.0,0.0,0.0,,,0.0,0.0,0.0,0.0,0.0,0.0,0.0,,0.0,0.0
2025-07-19 08:00:00,,,0.0,0.0,0.0,0.0,0.0,0.0,,,0.0,0.0,0.0,0.0,0.0,0.0,0.0,,0.0,0.0
2025-07-19 12:00:00,,,0.0,0.0,0.0,0.0,0.0,0.0,,,0.0,0.0,0.0,0.0,0.0,0.0,0.0,,0.0,0.0
2025-07-19 16:00:00,,,0.0,0.0,0.0,0.0,0.0,0.0,,,0.0,0.0,0.0,0.024509803922,0.0,1.0,0.0,,0.0,0.0
2025-07-19 20:00:00,,,0.0,0.0,0.0,0.0,0.0,0.0,,,0.0,0.0,0.0,0.0,0.0,0.0,0.0,,0.0,0.0
2025-07-20 00:00:00,0.0,0.0,0.0,0.0,0.0,0.0,0.0,0.0,0.0,0.0,0.0,0.0,0.0,0.0,0.0,0.0,0.0,0.0,0.0,0.0
2025-07-20 04:00:00,,,0.0,0.0,0.0,0.0,0.0,0.0,,,0.0,0.0,0.0,0.0,0.0,0.0,0.0,,0.0,0.0
2025-07-20 08:00:00,,,0.0,0.0,0.0,0.0,0.0,0.0,,,0.0,0.0,0.0,0.0,0.0,0.0,0.0,,0.0,0.0
2025-07-20 12:00:00,,,0.0,0.0,0.0,0.0,0.0,0.0,,,0.0,0.0,0.0,0.016937669377,0.0,1.0,0.0,,0.0,0.0
2025-07-20 16:00:00,,,0.0,0.0,0.0,0.0,0.0,0.0,,,0.0,0.0,0.0,0.019841269841,0.0,1.0,0.0,,0.0,0.0
2025-07-20 20:00:00,,,0.0,0.0,0.0,0.0,0.0,0.0,,,0.0,0.0,0.0,0.0,0.0,0.0,0.0,,0.0,0.0
2025-07-21 00:00:00,0.0,0.0,0.0,0.0,0.0,0.0,0.0,0.0,0.0,0.0,0.0,0.0,0.0,0.0,0.0,0.0,0.0,0.0,0.0,0.0
2025-07-21 04:00:00,,,0.0,0.0,0.0,0.0,0.0,0.0,,,0.0,0.0,0.0,0.0,0.0,0.0,0.0,,0.0,0.0
2025-07-21 08:00:00,,,0.0,0.0,0.0,0.0,0.0,0.0,,,0.0,0.0,0.0,0.053910818713,0.0,2.0,0.0,,0.0,0.0
2025-07-21 12:00:00,,,0.0,0.0,0.0,0.0,0.0,0.0,,,0.0,0.0,0.0,0.054898304394,0.0,3.0,0.0,,0.0,0.0
2025-07-21 16:00:00,,,0.0,0.0,0.0,0.0,0.0,0.0,,,0.0,0.0,0.0,0.05081300813,0.0,1.0,0.0,,0.0,0.0
2025-07-21 20:00:00,,,0.0,0.0,0.0,0.0,0.0,0.0,,,0.0,0.0,0.0,0.0,0.0,0.0,0.0,,0.0,0.0
2025-07-22 00:00:00,0.0,0.0,0.0,0.0,0.0,0.0,0.0,0.0,0.0,0.0,0.0,0.0,0.0,0.030193236715,0.0,1.0,0.0,0.0,0.0,0.0
2025-07-22 04:00:00,,,0.0,0.0,0.0,0.0,0.0,0.0,,,0.0,0.0,0.0,0.020424836601,0.0,1.0,0.0,,0.0,0.0
2025-07-22 08:00:00,,,0.0,0.0,0.0,0.0,0.0,0.0,,,0.0,0.0,0.0,0.096899224806,0.0,2.0,0.0,,0.0,0.0
2025-07-22 12:00:00,,,0.0,0.0,0.0,0.0,0.0,0.0,,,0.0,0.0,0.0,0.053436330048,0.0,3.0,0.0,,0.0,0.0
2025-07-22 16:00:00,,,0.0,0.0,0.0,0.0,0.0,0.0,,,0.0,0.0,0.0,0.087895114204,0.0,4.0,0.0,,0.0,0.0
2025-07-22 20:00:00,,,0.0,0.0,0.0,0.0,0.0,0.0,,,0.0,0.0,0.0,0.0,0.0,0.0,0.0,,0.0,0.0
2025-07-23 00:00:00,0.0,0.0,0.0,0.0,0.0,0.0,0.0,0.0,0.0,0.0,0.0,0.0,0.0,0.0,0.0,0.0,0.0,0.0,0.0,0.0
2025-07-23 04:00:00,,,0.0,0.0,0.0,0.0,0.0,0.0,,,0.0,0.0,0.0,0.0,0.0,0.0,0.0,,0.0,0.0
2025-07-23 08:00:00,,,0.0,0.0,0.0,0.0,0.0,0.0,,,0.0,0.0,0.0,0.085499316005,0.0,3.0,0.0,,0.0,0.0
2025-07-23 12:00:00,,,0.0,0.0,0.0,0.0,0.0,0.0,,,0.0,0.0,0.0,0.058081181934,0.0,3.0,0.0,,0.0,0.0
2025-07-23 16:00:00,,,0.0,0.0,0.0,0.0,0.0,0.0,,,0.0,0.0,0.0,0.060523715415,0.0,2.0,0.0,,0.0,0.0
2025-07-23 20:00:00,,,0.0,0.0,0.0,0.0,0.0,0.0,,,0.0,0.0,0.0,0.03591954023,0.0,1.0,0.0,,0.0,0.0
2025-07-24 00:00:00,0.0,0.0,0.0,0.0,0.0,0.0,0.0,0.0,0.0,0.0,0.0,0.0,0.0,0.05787037037,0.0,1.0,0.0,0.0,0.0,0.0
2025-07-24 04:00:00,,,0.0,0.0,0.0,0.0,0.0,0.0,,,0.0,0.0,0.0,0.074195171026,0.0,3.0,0.0,,0.0,0.0
2025-07-24 08:00:00,,,0.0,0.0,0.0,0.0,0.0,0.0,,,0.0,0.0,0.0,0.124292636085,0.0,3.0,0.0,,0.0,0.0
2025-07-24 12:00:00,,,0.0,0.0,0.0,0.0,0.0,0.0,,,0.0,0.0,0.0,0.017959770115,0.0,1.0,0.0,,0.0,0.0
2025-07-24 16:00:00,,,0.0,0.0,0.0,0.0,0.0,0.0,,,0.0,0.0,0.0,0.021929824561,0.0,1.0,0.0,,0.0,0.0
2025-07-24 20:00:00,,,0.0,0.0,0.0,0.0,0.0,0.0,,,0.0,0.0,0.0,0.0,0.0,0.0,0.0,,0.0,0.0
2025-07-25 00:00:00,0.0,0.0,0.0,0.0,0.0,0.0,0.0,0.0,0.0,0.0,0.0,0.0,0.0,0.020032051282,0.0,1.0,0.0,0.0,0.0,0.0
2025-07-25 04:00:00,,,0.0,0.0,0.0,0.0,0.0,0.0,,,0.0,0.0,0.0,0.0,0.0,0.0,0.0,,0.0,0.0
2025-07-25 08:00:00,,,0.0,0.0,0.0,0.0,0.0,0.0,,,0.0,0.0,0.0,0.022163120567,0.0,1.0,0.0,,0.0,0.0
2025-07-25 12:00:00,,,0.0,0.0,0.0,0.0,0.0,0.0,,,0.0,0.0,0.0,0.017806267806,0.0,1.0,0.0,,0.0,0.0
2025-07-25 16:00:00,,,0.0,0.0,0.0,0.0,0.0,0.0,,,0.0,0.0,0.0,0.070046405744,0.0,2.0,0.0,,0.0,0.0
2025-07-25 20:00:00,,,0.0,0.0,0.0,0.0,0.0,0.0,,,0.0,0.0,0.0,0.053024351925,0.0,2.0,0.0,,0.0,0.0
2025-07-26 00:00:00,0.0,0.0,0.0,0.0,0.0,0.0,0.0,0.0,0.0,0.0,0.0,0.0,0.0,0.017507002801,0.0,1.0,0.0,0.0,0.0,0.0
2025-07-26 04:00:00,,,0.0,0.0,0.0,0.0,0.0,0.0,,,0.0,0.0,0.0,0.0,0.0,0.0,0.0,,0.0,0.0
2025-07-26 08:00:00,,,0.0,0.0,0.0,0.0,0.0,0.0,,,0.0,0.0,0.0,0.0,0.0,0.0,0.0,,0.0,0.0
2025-07-26 12:00:00,,,0.0,0.0,0.0,0.0,0.0,0.0,,,0.0,0.0,0.0,0.0,0.0,0.0,0.0,,0.0,0.0
2025-07-26 16:00:00,,,0.0,0.0,0.0,0.0,0.0,0.0,,,0.0,0.0,0.0,0.088037634409,0.0,2.0,0.0,,0.0,0.0
2025-07-26 20:00:00,,,0.0,0.0,0.0,0.0,0.0,0.0,,,0.0,0.0,0.0,0.045372315593,0.0,2.0,0.0,,0.0,0.0
2025-07-27 00:00:00,0.0,0.0,0.0,0.0,0.0,0.0,0.0,0.0,0.0,0.0,0.0,0.0,0.0,0.099206349206,0.0,1.0,0.0,0.0,0.0,0.0
2025-07-27 04:00:00,,,0.0,0.0,0.0,0.0,0.0,0.0,,,0.0,0.0,0.0,0.085970886752,0.0,2.0,0.0,,0.0,0.0
2025-07-27 08:00:00,,,0.0,0.0,0.0,0.0,0.0,0.0,,,0.0,0.0,0.0,0.025406504065,0.0,1.0,0.0,,0.0,0.0
2025-07-27 12:00:00,,,0.0,0.0,0.0,0.0,0.0,0.0,,,0.0,0.0,0.0,0.049603174603,0.0,1.0,0.0,,0.0,0.0
2025-07-27 16:00:00,,,0.0,0.0,0.0,0.0,0.0,0.0,,,0.0,0.0,0.0,0.0234082397,0.0,1.0,0.0,,0.0,0.0
2025-07-27 20:00:00,,,0.0,0.0,0.0,0.0,0.0,0.0,,,0.0,0.0,0.0,0.011770244821,0.0,1.0,0.0,,0.0,0.0
2025-07-28 00:00:00,0.0,0.0,0.0,0.0,0.0,0.0,0.0,0.0,0.0,0.0,0.0,0.0,0.0,0.0,0.0,0.0,0.0,0.0,0.0,0.0
2025-07-28 04:00:00,,,0.0,0.0,0.0,0.0,0.0,0.0,,,0.0,0.0,0.0,0.065104166667,0.0,1.0,0.0,,0.0,0.0
2025-07-28 08:00:00,,,0.0,0.0,0.0,0.0,0.0,0.0,,,0.0,0.0,0.0,0.0,0.0,0.0,0.0,,0.0,0.0
2025-07-28 12:00:00,,,0.0,0.0,0.0,0.0,0.0,0.0,,,0.0,0.0,0.0,0.021043771044,0.0,1.0,0.0,,0.0,0.0
2025-07-28 16:00:00,,,0.0,0.0,0.0,0.0,0.0,0.0,,,0.0,0.0,0.0,0.030446961393,0.0,2.0,0.0,,0.0,0.0
2025-07-28 20:00:00,,,0.0,0.0,0.0,0.0,0.0,0.0,,,0.0,0.0,0.0,0.0,0.0,0.0,0.0,,0.0,0.0
2025-07-29 00:00:00,0.0,0.0,0.0,0.0,0.0,0.0,0.0,0.0,0.0,0.0,0.0,0.0,0.0,0.0,0.0,0.0,0.0,0.0,0.0,0.0
2025-07-29 04:00:00,,,0.0,0.0,0.0,0.0,0.0,0.0,,,0.0,0.0,0.0,0.0,0.0,0.0,0.0,,0.0,0.0
2025-07-29 08:00:00,,,0.0,0.0,0.0,0.0,0.0,0.0,,,0.0,0.0,0.0,0.069226408512,0.0,2.0,0.0,,0.0,0.0
2025-07-29 12:00:00,,,0.0,0.0,0.0,0.0,0.0,0.0,,,0.0,0.0,0.0,0.034860900702,0.0,2.0,0.0,,0.0,0.0
2025-07-29 16:00:00,,,0.0,0.0,0.0,0.0,0.0,0.0,,,0.0,0.0,0.0,0.036549707602,0.0,2.0,0.0,,0.0,0.0
2025-07-29 20:00:00,,,0.0,0.0,0.0,0.0,0.0,0.0,,,0.0,0.0,0.0,0.034650333563,0.0,2.0,0.0,,0.0,0.0
2025-07-30 00:00:00,0.0,0.0,0.0,0.0,0.0,0.0,0.0,0.0,0.0,0.0,0.0,0.0,0.0,0.061274509804,0.0,1.0,0.0,0.0,0.0,0.0
2025-07-30 04:00:00,,,0.0,0.0,0.0,0.0,0.0,0.0,,,0.0,0.0,0.0,0.0,0.0,0.0,0.0,,0.0,0.0
2025-07-30 08:00:00,,,0.0,0.0,0.0,0.0,0.0,0.0,,,0.0,0.0,0.0,0.010521885522,0.0,1.0,0.0,,0.0,0.0
2025-07-30 12:00:00,,,0.0,0.0,0.0,0.0,0.0,0.0,,,0.0,0.0,0.0,0.027660376821,0.0,2.0,0.0,,0.0,0.0
2025-07-30 16:00:00,,,0.0,0.0,0.0,0.0,0.0,0.0,,,0.0,0.0,0.0,0.11341818407,0.0,5.0,0.0,,0.0,0.0
2025-07-30 20:00:00,,,0.0,0.0,0.0,0.0,0.0,0.0,,,0.0,0.0,0.0,0.0,0.0,0.0,0.0,,0.0,0.0
2025-07-31 00:00:00,0.0,0.0,0.0,0.0,0.0,0.0,0.0,0.0,0.0,0.0,0.0,0.0,0.0,0.0,0.0,0.0,0.0,0.0,0.0,0.0
2025-07-31 04:00:00,,,0.0,0.0,0.0,0.0,0.0,0.0,,,0.0,0.0,0.0,0.0,0.0,0.0,0.0,,0.0,0.0
2025-07-31 08:00:00,,,0.0,0.0,0.0,0.0,0.0,0.0,,,0.0,0.0,0.0,0.0,0.0,0.0,0.0,,0.0,0.0
2025-07-31 12:00:00,,,0.0,0.0,0.0,0.0,0.0,0.0,,,0.0,0.0,0.0,0.0,0.0,0.0,0.0,,0.0,0.0
2025-07-31 16:00:00,,,0.0,0.0,0.0,0.0,0.0,0.0,,,0.0,0.0,0.0,0.035310734463,0.0,1.0,0.0,,0.0,0.0
2025-07-31 20:00:00,,,0.0,0.0,0.0,0.0,0.0,0.0,,,0.0,0.0,0.0,0.0,0.0,0.0,0.0,,0.0,0.0
2025-08-01 00:00:00,0.0,0.0,0.0,0.0,0.0,0.0,0.0,0.0,0.0,0.0,0.0,0.0,0.0,0.0,0.0,0.0,0.0,0.0,0.0,0.0
2025-08-01 04:00:00,,,0.0,0.0,0.0,0.0,0.0,0.0,,,0.0,0.0,0.0,0.0,0.0,0.0,0.0,,0.0,0.0
2025-08-01 08:00:00,,,0.0,0.0,0.0,0.0,0.0,0.0,,,0.0,0.0,0.0,0.0,0.0,0.0,0.0,,0.0,0.0
2025-08-01 12:00:00,,,0.0,0.0,0.0,0.0,0.0,0.0,,,0.0,0.0,0.0,0.04574692248,0.0,2.0,0.0,,0.0,0.0
2025-08-01 16:00:00,,,0.0,0.0,0.0,0.0,0.0,0.0,,,0.0,0.0,0.0,0.026709401709,0.0,1.0,0.0,,0.0,0.0
2025-08-01 20:00:00,,,0.0,0.0,0.0,0.0,0.0,0.0,,,0.0,0.0,0.0,0.0,0.0,0.0,0.0,,0.0,0.0
2025-08-02 00:00:00,0.0,0.0,0.0,0.0,0.0,0.0,0.0,0.0,0.0,0.0,0.0,0.0,0.0,0.0,0.0,0.0,0.0,0.0,0.0,0.0
2025-08-02 04:00:00,,,0.0,0.0,0.0,0.0,0.0,0.0,,,0.0,0.0,0.0,0.0,0.0,0.0,0.0,,0.0,0.0
2025-08-02 08:00:00,,,0.0,0.0,0.0,0.0,0.0,0.0,,,0.0,0.0,0.0,0.024801587302,0.0,1.0,0.0,,0.0,0.0
2025-08-02 12:00:00,,,0.0,0.0,0.0,0.0,0.0,0.0,,,0.0,0.0,0.0,0.0,0.0,0.0,0.0,,0.0,0.0
2025-08-02 16:00:00,,,0.0,0.0,0.0,0.0,0.0,0.0,,,0.0,0.0,0.0,0.0,0.0,0.0,0.0,,0.0,0.0
2025-08-02 20:00:00,,,0.0,0.0,0.0,0.0,0.0,0.0,,,0.0,0.0,0.0,0.0,0.0,0.0,0.0,,0.0,0.0
2025-08-03 00:00:00,0.0,0.0,0.0,0.0,0.0,0.0,0.0,0.0,0.0,0.0,0.0,0.0,0.0,0.0,0.0,0.0,0.0,0.0,0.0,0.0
2025-08-03 04:00:00,,,0.0,0.0,0.0,0.0,0.0,0.0,,,0.0,0.0,0.0,0.048449612403,0.0,1.0,0.0,,0.0,0.0
2025-08-03 08:00:00,,,0.0,0.0,0.0,0.0,0.0,0.0,,,0.0,0.0,0.0,0.0,0.0,0.0,0.0,,0.0,0.0
2025-08-03 12:00:00,,,0.0,0.0,0.0,0.0,0.0,0.0,,,0.0,0.0,0.0,0.032552083333,0.0,1.0,0.0,,0.0,0.0
2025-08-03 16:00:00,,,0.0,0.0,0.0,0.0,0.0,0.0,,,0.0,0.0,0.0,0.051301301301,0.0,2.0,0.0,,0.0,0.0
2025-08-03 20:00:00,,,0.0,0.0,0.0,0.0,0.0,0.0,,,0.0,0.0,0.0,0.037878787879,0.0,1.0,0.0,,0.0,0.0
2025-08-04 00:00:00,0.0,0.0,0.0,0.0,0.0,0.0,0.0,0.0,0.0,0.0,0.0,0.0,0.0,0.0,0.0,0.0,0.0,0.0,0.0,0.0
2025-08-04 04:00:00,,,0.0,0.0,0.0,0.0,0.0,0.0,,,0.0,0.0,0.0,0.0,0.0,0.0,0.0,,0.0,0.0
2025-08-04 08:00:00,,,0.0,0.0,0.0,0.0,0.0,0.0,,,0.0,0.0,0.0,0.022163120567,0.0,1.0,0.0,,0.0,0.0
2025-08-04 12:00:00,,,0.0,0.0,0.0,0.0,0.0,0.0,,,0.0,0.0,0.0,0.038409798924,0.0,2.0,0.0,,0.0,0.0
2025-08-04 16:00:00,,,0.0,0.0,0.0,0.0,0.0,0.0,,,0.0,0.0,0.0,0.026371308017,0.0,1.0,0.0,,0.0,0.0
2025-08-04 20:00:00,,,0.0,0.0,0.0,0.0,0.0,0.0,,,0.0,0.0,0.0,0.0,0.0,0.0,0.0,,0.0,0.0
2025-08-05 00:00:00,0.0,0.0,0.0,0.0,0.0,0.0,0.0,0.0,0.0,0.0,0.0,0.0,0.0,0.0,0.0,0.0,0.0,0.0,0.0,0.0
2025-08-05 04:00:00,,,0.0,0.0,0.0,0.0,0.0,0.0,,,0.0,0.0,0.0,0.043402777778,0.0,1.0,0.0,,0.0,0.0
2025-08-05 08:00:00,,,0.0,0.0,0.0,0.0,0.0,0.0,,,0.0,0.0,0.0,0.064245919648,0.0,2.0,0.0,,0.0,0.0
2025-08-05 12:00:00,,,0.0,0.0,0.0,0.0,0.0,0.0,,,0.0,0.0,0.0,0.0,0.0,0.0,0.0,,0.0,0.0
2025-08-05 16:00:00,,,0.0,0.0,0.0,0.0,0.0,0.0,,,0.0,0.0,0.0,0.01965408805,0.0,1.0,0.0,,0.0,0.0
2025-08-05 20:00:00,,,0.0,0.0,0.0,0.0,0.0,0.0,,,0.0,0.0,0.0,0.021701388889,0.0,1.0,0.0,,0.0,0.0
2025-08-06 00:00:00,0.0,0.0,0.0,0.0,0.0,0.0,0.0,0.0,0.0,0.0,0.0,0.0,0.0,0.0,0.0,0.0,0.0,0.0,0.0,0.0
2025-08-06 04:00:00,,,0.0,0.0,0.0,0.0,0.0,0.0,,,0.0,0.0,0.0,0.0,0.0,0.0,0.0,,0.0,0.0
2025-08-06 08:00:00,,,0.0,0.0,0.0,0.0,0.0,0.0,,,0.0,0.0,0.0,0.0,0.0,0.0,0.0,,0.0,0.0
2025-08-06 12:00:00,,,0.0,0.0,0.0,0.0,0.0,0.0,,,0.0,0.0,0.0,0.0,0.0,0.0,0.0,,0.0,0.0
2025-08-06 16:00:00,,,0.0,0.0,0.0,0.0,0.0,0.0,,,0.0,0.0,0.0,0.008716875872,0.0,1.0,0.0,,0.0,0.0
2025-08-06 20:00:00,,,0.0,0.0,0.0,0.0,0.0,0.0,,,0.0,0.0,0.0,0.0,0.0,0.0,0.0,,0.0,0.0
2025-08-07 00:00:00,0.0,0.0,0.0,0.0,0.0,0.0,0.0,0.0,0.0,0.0,0.0,0.0,0.0,0.0,0.0,0.0,0.0,0.0,0.0,0.0
2025-08-07 04:00:00,,,0.0,0.0,0.0,0.0,0.0,0.0,,,0.0,0.0,0.0,0.026709401709,0.0,1.0,0.0,,0.0,0.0
2025-08-07 08:00:00,,,0.0,0.0,0.0,0.0,0.0,0.0,,,0.0,0.0,0.0,0.025406504065,0.0,1.0,0.0,,0.0,0.0
2025-08-07 12:00:00,,,0.0,0.0,0.0,0.0,0.0,0.0,,,0.0,0.0,0.0,0.022401433692,0.0,1.0,0.0,,0.0,0.0
2025-08-07 16:00:00,,,0.0,0.0,0.0,0.0,0.0,0.0,,,0.0,0.0,0.0,0.0,0.0,0.0,0.0,,0.0,0.0
2025-08-07 20:00:00,,,0.0,0.0,0.0,0.0,0.0,0.0,,,0.0,0.0,0.0,0.019290123457,0.0,1.0,0.0,,0.0,0.0
2025-08-08 00:00:00,0.0,0.0,0.0,0.0,0.0,0.0,0.0,0.0,0.0,0.0,0.0,0.0,0.0,0.032051282051,0.0,1.0,0.0,0.0,0.0,0.0
2025-08-08 04:00:00,,,0.0,0.0,0.0,0.0,0.0,0.0,,,0.0,0.0,0.0,0.028153153153,0.0,1.0,0.0,,0.0,0.0
2025-08-08 08:00:00,,,0.0,0.0,0.0,0.0,0.0,0.0,,,0.0,0.0,0.0,0.034722222222,0.0,1.0,0.0,,0.0,0.0
2025-08-08 12:00:00,,,0.0,0.0,0.0,0.0,0.0,0.0,,,0.0,0.0,0.0,0.0,0.0,0.0,0.0,,0.0,0.0
2025-08-08 16:00:00,,,0.0,0.0,0.0,0.0,0.0,0.0,,,0.0,0.0,0.0,0.0,0.0,0.0,0.0,,0.0,0.0
2025-08-08 20:00:00,,,0.0,0.0,0.0,0.0,0.0,0.0,,,0.0,0.0,0.0,0.035310734463,0.0,1.0,0.0,,0.0,0.0
2025-08-09 00:00:00,0.0,0.0,0.0,0.0,0.0,0.0,0.0,0.0,0.0,0.0,0.0,0.0,0.0,0.022045855379,0.0,2.0,0.0,0.0,0.0,0.0
2025-08-09 04:00:00,,,0.0,0.0,0.0,0.0,0.0,0.0,,,0.0,0.0,0.0,0.0,0.0,0.0,0.0,,0.0,0.0
2025-08-09 08:00:00,,,0.0,0.0,0.0,0.0,0.0,0.0,,,0.0,0.0,0.0,0.0,0.0,0.0,0.0,,0.0,0.0
2025-08-09 12:00:00,,,0.0,0.0,0.0,0.0,0.0,0.0,,,0.0,0.0,0.0,0.0,0.0,0.0,0.0,,0.0,0.0
2025-08-09 16:00:00,,,0.0,0.0,0.0,0.0,0.0,0.0,,,0.0,0.0,0.0,0.022644927536,0.0,1.0,0.0,,0.0,0.0
2025-08-09 20:00:00,,,0.0,0.0,0.0,0.0,0.0,0.0,,,0.0,0.0,0.0,0.0,0.0,0.0,0.0,,0.0,0.0
2025-08-10 00:00:00,0.0,0.0,0.0,0.0,0.0,0.0,0.0,0.0,0.0,0.0,0.0,0.0,0.0,0.0,0.0,0.0,0.0,0.0,0.0,0.0
2025-08-10 04:00:00,,,0.0,0.0,0.0,0.0,0.0,0.0,,,0.0,0.0,0.0,0.040064102564,0.0,1.0,0.0,,0.0,0.0
2025-08-10 08:00:00,,,0.0,0.0,0.0,0.0,0.0,0.0,,,0.0,0.0,0.0,0.055199430199,0.0,2.0,0.0,,0.0,0.0
2025-08-10 12:00:00,,,0.0,0.0,0.0,0.0,0.0,0.0,,,0.0,0.0,0.0,0.107045158763,0.0,3.0,0.0,,0.0,0.0
2025-08-10 16:00:00,,,0.0,0.0,0.0,0.0,0.0,0.0,,,0.0,0.0,0.0,0.0,0.0,0.0,0.0,,0.0,0.0
2025-08-10 20:00:00,,,0.0,0.0,0.0,0.0,0.0,0.0,,,0.0,0.0,0.0,0.026709401709,0.0,1.0,0.0,,0.0,0.0
2025-08-11 00:00:00,0.0,0.0,0.0,0.0,0.0,0.0,0.0,0.0,0.0,0.0,0.0,0.0,0.0,0.0,0.0,0.0,0.0,0.0,0.0,0.0
2025-08-11 04:00:00,,,0.0,0.0,0.0,0.0,0.0,0.0,,,0.0,0.0,0.0,0.0,0.0,0.0,0.0,,0.0,0.0
2025-08-11 08:00:00,,,0.0,0.0,0.0,0.0,0.0,0.0,,,0.0,0.0,0.0,0.0,0.0,0.0,0.0,,0.0,0.0
2025-08-11 12:00:00,,,0.0,0.0,0.0,0.0,0.0,0.0,,,0.0,0.0,0.0,0.049779547717,0.0,2.0,0.0,,0.0,0.0
2025-08-11 16:00:00,,,0.0,0.0,0.0,0.0,0.0,0.0,,,0.0,0.0,0.0,0.061856995885,0.0,3.0,0.0,,0.0,0.0
2025-08-11 20:00:00,,,0.0,0.0,0.0,0.0,0.0,0.0,,,0.0,0.0,0.0,0.0,0.0,0.0,0.0,,0.0,0.0
2025-08-12 00:00:00,0.0,0.0,0.0,0.0,0.0,0.0,0.0,0.0,0.0,0.0,0.0,0.0,0.0,0.0,0.0,0.0,0.0,0.0,0.0,0.0
2025-08-12 04:00:00,,,0.0,0.0,0.0,0.0,0.0,0.0,,,0.0,0.0,0.0,0.0,0.0,0.0,0.0,,0.0,0.0
2025-08-12 08:00:00,,,0.0,0.0,0.0,0.0,0.0,0.0,,,0.0,0.0,0.0,0.0,0.0,0.0,0.0,,0.0,0.0
2025-08-12 12:00:00,,,0.0,0.0,0.0,0.0,0.0,0.0,,,0.0,0.0,0.0,0.041446287017,0.0,3.0,0.0,,0.0,0.0
2025-08-12 16:00:00,,,0.0,0.0,0.0,0.0,0.0,0.0,,,0.0,0.0,0.0,0.0,0.0,0.0,0.0,,0.0,0.0
2025-08-12 20:00:00,,,0.0,0.0,0.0,0.0,0.0,0.0,,,0.0,0.0,0.0,0.0,0.0,0.0,0.0,,0.0,0.0
2025-08-13 00:00:00,0.0,0.0,0.0,0.0,0.0,0.0,0.0,0.0,0.0,0.0,0.0,0.0,0.0,0.035310734463,0.0,1.0,0.0,0.0,0.0,0.0
2025-08-13 04:00:00,,,0.0,0.0,0.0,0.0,0.0,0.0,,,0.0,0.0,0.0,0.0,0.0,0.0,0.0,,0.0,0.0
2025-08-13 08:00:00,,,0.0,0.0,0.0,0.0,0.0,0.0,,,0.0,0.0,0.0,0.0,0.0,0.0,0.0,,0.0,0.0
2025-08-13 12:00:00,,,0.0,0.0,0.0,0.0,0.0,0.0,,,0.0,0.0,0.0,0.0,0.0,0.0,0.0,,0.0,0.0
2025-08-13 16:00:00,,,0.0,0.0,0.0,0.0,0.0,0.0,,,0.0,0.0,0.0,0.105145458406,0.0,5.0,0.0,,0.0,0.0
2025-08-13 20:00:00,,,0.0,0.0,0.0,0.0,0.0,0.0,,,0.0,0.0,0.0,0.012400793651,0.0,1.0,0.0,,0.0,0.0
2025-08-14 00:00:00,0.0,0.0,0.0,0.0,0.0,0.0,0.0,0.0,0.0,0.0,0.0,0.0,0.0,0.0,0.0,0.0,0.0,0.0,0.0,0.0
2025-08-14 04:00:00,,,0.0,0.0,0.0,0.0,0.0,0.0,,,0.0,0.0,0.0,0.05871282817,0.0,2.0,0.0,,0.0,0.0
2025-08-14 08:00:00,,,0.0,0.0,0.0,0.0,0.0,0.0,,,0.0,0.0,0.0,0.021701388889,0.0,1.0,0.0,,0.0,0.0
2025-08-14 12:00:00,,,0.0,0.0,0.0,0.0,0.0,0.0,,,0.0,0.0,0.0,0.054742082229,0.0,3.0,0.0,,0.0,0.0
2025-08-14 16:00:00,,,0.0,0.0,0.0,0.0,0.0,0.0,,,0.0,0.0,0.0,0.020833333333,0.0,1.0,0.0,,0.0,0.0
2025-08-14 20:00:00,,,0.0,0.0,0.0,0.0,0.0,0.0,,,0.0,0.0,0.0,0.061894806338,0.0,2.0,0.0,,0.0,0.0
2025-08-15 00:00:00,0.0,0.0,0.0,0.0,0.0,0.0,0.0,0.0,0.0,0.0,0.0,0.0,0.0,0.0,0.0,0.0,0.0,0.0,0.0,0.0
2025-08-15 04:00:00,,,0.0,0.0,0.0,0.0,0.0,0.0,,,0.0,0.0,0.0,0.0,0.0,0.0,0.0,,0.0,0.0
2025-08-15 08:00:00,,,0.0,0.0,0.0,0.0,0.0,0.0,,,0.0,0.0,0.0,0.025740325992,0.0,2.0,0.0,,0.0,0.0
2025-08-15 12:00:00,,,0.0,0.0,0.0,0.0,0.0,0.0,,,0.0,0.0,0.0,0.016025641026,0.0,1.0,0.0,,0.0,0.0
2025-08-15 16:00:00,,,0.0,0.0,0.0,0.0,0.0,0.0,,,0.0,0.0,0.0,0.053765678766,0.0,2.0,0.0,,0.0,0.0
2025-08-15 20:00:00,,,0.0,0.0,0.0,0.0,0.0,0.0,,,0.0,0.0,0.0,0.014775413712,0.0,1.0,0.0,,0.0,0.0
2025-08-16 00:00:00,0.0,0.0,0.0,0.0,0.0,0.0,0.0,0.0,0.0,0.0,0.0,0.0,0.0,0.0,0.0,0.0,0.0,0.0,0.0,0.0
2025-08-16 04:00:00,,,0.0,0.0,0.0,0.0,0.0,0.0,,,0.0,0.0,0.0,0.0,0.0,0.0,0.0,,0.0,0.0
2025-08-16 08:00:00,,,0.0,0.0,0.0,0.0,0.0,0.0,,,0.0,0.0,0.0,0.0,0.0,0.0,0.0,,0.0,0.0
2025-08-16 12:00:00,,,0.0,0.0,0.0,0.0,0.0,0.0,,,0.0,0.0,0.0,0.025100401606,0.0,1.0,0.0,,0.0,0.0
2025-08-16 16:00:00,,,0.0,0.0,0.0,0.0,0.0,0.0,,,0.0,0.0,0.0,0.028153153153,0.0,1.0,0.0,,0.0,0.0
2025-08-16 20:00:00,,,0.0,0.0,0.0,0.0,0.0,0.0,,,0.0,0.0,0.0,0.0,0.0,0.0,0.0,,0.0,0.0
2025-08-17 00:00:00,0.0,0.0,0.0,0.0,0.0,0.0,0.0,0.0,0.0,0.0,0.0,0.0,0.0,0.023148148148,0.0,1.0,0.0,0.0,0.0,0.0
2025-08-17 04:00:00,,,0.0,0.0,0.0,0.0,0.0,0.0,,,0.0,0.0,0.0,0.0,0.0,0.0,0.0,,0.0,0.0
2025-08-17 08:00:00,,,0.0,0.0,0.0,0.0,0.0,0.0,,,0.0,0.0,0.0,0.0,0.0,0.0,0.0,,0.0,0.0
2025-08-17 12:00:00,,,0.0,0.0,0.0,0.0,0.0,0.0,,,0.0,0.0,0.0,0.0,0.0,0.0,0.0,,0.0,0.0
2025-08-17 16:00:00,,,0.0,0.0,0.0,0.0,0.0,0.0,,,0.0,0.0,0.0,0.025100401606,0.0,1.0,0.0,,0.0,0.0
2025-08-17 20:00:00,,,0.0,0.0,0.0,0.0,0.0,0.0,,,0.0,0.0,0.0,0.0,0.0,0.0,0.0,,0.0,0.0
2025-08-18 00:00:00,0.0,0.0,0.0,0.0,0.0,0.0,0.0,0.0,0.0,0.0,0.0,0.0,0.0,0.0,0.0,0.0,0.0,0.0,0.0,0.0
2025-08-18 04:00:00,,,0.0,0.0,0.0,0.0,0.0,0.0,,,0.0,0.0,0.0,0.108365105301,0.0,3.0,0.0,,0.0,0.0
2025-08-18 08:00:00,,,0.0,0.0,0.0,0.0,0.0,0.0,,,0.0,0.0,0.0,0.0,0.0,0.0,0.0,,0.0,0.0
2025-08-18 12:00:00,,,0.0,0.0,0.0,0.0,0.0,0.0,,,0.0,0.0,0.0,0.010521885522,0.0,1.0,0.0,,0.0,0.0
2025-08-18 16:00:00,,,0.0,0.0,0.0,0.0,0.0,0.0,,,0.0,0.0,0.0,0.020424836601,0.0,1.0,0.0,,0.0,0.0
2025-08-18 20:00:00,,,0.0,0.0,0.0,0.0,0.0,0.0,,,0.0,0.0,0.0,0.0,0.0,0.0,0.0,,0.0,0.0
2025-08-19 00:00:00,0.0,0.0,0.0,0.0,0.0,0.0,0.0,0.0,0.0,0.0,0.0,0.0,0.0,0.053418803419,0.0,1.0,0.0,0.0,0.0,0.0
2025-08-19 04:00:00,,,0.0,0.0,0.0,0.0,0.0,0.0,,,0.0,0.0,0.0,0.0,0.0,0.0,0.0,,0.0,0.0
2025-08-19 08:00:00,,,0.0,0.0,0.0,0.0,0.0,0.0,,,0.0,0.0,0.0,0.014568764569,0.0,1.0,0.0,,0.0,0.0
2025-08-19 12:00:00,,,0.0,0.0,0.0,0.0,0.0,0.0,,,0.0,0.0,0.0,0.011973180077,0.0,1.0,0.0,,0.0,0.0
2025-08-19 16:00:00,,,0.0,0.0,0.0,0.0,0.0,0.0,,,0.0,0.0,0.0,0.0,0.0,0.0,0.0,,0.0,0.0
2025-08-19 20:00:00,,,0.0,0.0,0.0,0.0,0.0,0.0,,,0.0,0.0,0.0,0.0,0.0,0.0,0.0,,0.0,0.0
2025-08-20 00:00:00,0.0,0.0,0.0,0.0,0.0,0.0,0.0,0.0,0.0,0.0,0.0,0.0,0.0,0.0,0.0,0.0,0.0,0.0,0.0,0.0
2025-08-20 04:00:00,,,0.0,0.0,0.0,0.0,0.0,0.0,,,0.0,0.0,0.0,0.062608885017,0.0,2.0,0.0,,0.0,0.0
2025-08-20 08:00:00,,,0.0,0.0,0.0,0.0,0.0,0.0,,,0.0,0.0,0.0,0.0,0.0,0.0,0.0,,0.0,0.0
2025-08-20 12:00:00,,,0.0,0.0,0.0,0.0,0.0,0.0,,,0.0,0.0,0.0,0.06674079673,0.0,4.0,0.0,,0.0,0.0
2025-08-20 16:00:00,,,0.0,0.0,0.0,0.0,0.0,0.0,,,0.0,0.0,0.0,0.08870616214,0.0,4.0,0.0,,0.0,0.0
2025-08-20 20:00:00,,,0.0,0.0,0.0,0.0,0.0,0.0,,,0.0,0.0,0.0,0.0,0.0,0.0,0.0,,0.0,0.0
2025-08-21 00:00:00,0.0,0.0,0.0,0.0,0.0,0.0,0.0,0.0,0.0,0.0,0.0,0.0,0.0,0.0,0.0,0.0,0.0,0.0,0.0,0.0
2025-08-21 04:00:00,,,0.0,0.0,0.0,0.0,0.0,0.0,,,0.0,0.0,0.0,0.0,0.0,0.0,0.0,,0.0,0.0
2025-08-21 08:00:00,,,0.0,0.0,0.0,0.0,0.0,0.0,,,0.0,0.0,0.0,0.025406504065,0.0,1.0,0.0,,0.0,0.0
2025-08-21 12:00:00,,,0.0,0.0,0.0,0.0,0.0,0.0,,,0.0,0.0,0.0,0.062554881032,0.0,3.0,0.0,,0.0,0.0
2025-08-21 16:00:00,,,0.0,0.0,0.0,0.0,0.0,0.0,,,0.0,0.0,0.0,0.018768768769,0.0,1.0,0.0,,0.0,0.0
2025-08-21 20:00:00,,,0.0,0.0,0.0,0.0,0.0,0.0,,,0.0,0.0,0.0,0.0,0.0,0.0,0.0,,0.0,0.0
2025-08-22 00:00:00,0.0,0.0,0.0,0.0,0.0,0.0,0.0,0.0,0.0,0.0,0.0,0.0,0.0,0.0,0.0,0.0,0.0,0.0,0.0,0.0
2025-08-22 04:00:00,,,0.0,0.0,0.0,0.0,0.0,0.0,,,0.0,0.0,0.0,0.063131313131,0.0,1.0,0.0,,0.0,0.0
2025-08-22 08:00:00,,,0.0,0.0,0.0,0.0,0.0,0.0,,,0.0,0.0,0.0,0.080245781365,0.0,2.0,0.0,,0.0,0.0
2025-08-22 12:00:00,,,0.0,0.0,0.0,0.0,0.0,0.0,,,0.0,0.0,0.0,0.0,0.0,0.0,0.0,,0.0,0.0
2025-08-22 16:00:00,,,0.0,0.0,0.0,0.0,0.0,0.0,,,0.0,0.0,0.0,0.0,0.0,0.0,0.0,,0.0,0.0
2025-08-22 20:00:00,,,0.0,0.0,0.0,0.0,0.0,0.0,,,0.0,0.0,0.0,0.0,0.0,0.0,0.0,,0.0,0.0
2025-08-23 00:00:00,0.0,0.0,0.0,0.0,0.0,0.0,0.0,0.0,0.0,0.0,0.0,0.0,0.0,0.0,0.0,0.0,0.0,0.0,0.0,0.0
2025-08-23 04:00:00,,,0.0,0.0,0.0,0.0,0.0,0.0,,,0.0,0.0,0.0,0.0,0.0,0.0,0.0,,0.0,0.0
2025-08-23 08:00:00,,,0.0,0.0,0.0,0.0,0.0,0.0,,,0.0,0.0,0.0,0.035310734463,0.0,1.0,0.0,,0.0,0.0
2025-08-23 12:00:00,,,0.0,0.0,0.0,0.0,0.0,0.0,,,0.0,0.0,0.0,0.067014067593,0.0,2.0,0.0,,0.0,0.0
2025-08-23 16:00:00,,,0.0,0.0,0.0,0.0,0.0,0.0,,,0.0,0.0,0.0,0.024509803922,0.0,1.0,0.0,,0.0,0.0
2025-08-23 20:00:00,,,0.0,0.0,0.0,0.0,0.0,0.0,,,0.0,0.0,0.0,0.0,0.0,0.0,0.0,,0.0,0.0
2025-08-24 00:00:00,0.0,0.0,0.0,0.0,0.0,0.0,0.0,0.0,0.0,0.0,0.0,0.0,0.0,0.0,0.0,0.0,0.0,0.0,0.0,0.0
2025-08-24 04:00:00,,,0.0,0.0,0.0,0.0,0.0,0.0,,,0.0,0.0,0.0,0.0,0.0,0.0,0.0,,0.0,0.0
2025-08-24 08:00:00,,,0.0,0.0,0.0,0.0,0.0,0.0,,,0.0,0.0,0.0,0.041666666667,0.0,1.0,0.0,,0.0,0.0
2025-08-24 12:00:00,,,0.0,0.0,0.0,0.0,0.0,0.0,,,0.0,0.0,0.0,0.0,0.0,0.0,0.0,,0.0,0.0
2025-08-24 16:00:00,,,0.0,0.0,0.0,0.0,0.0,0.0,,,0.0,0.0,0.0,0.0,0.0,0.0,0.0,,0.0,0.0
2025-08-24 20:00:00,,,0.0,0.0,0.0,0.0,0.0,0.0,,,0.0,0.0,0.0,0.0,0.0,0.0,0.0,,0.0,0.0
2025-08-25 00:00:00,0.0,0.0,0.0,0.0,0.0,0.0,0.0,0.0,0.0,0.0,0.0,0.0,0.0,0.064880441008,0.0,2.0,0.0,0.0,0.0,0.0
2025-08-25 04:00:00,,,0.0,0.0,0.0,0.0,0.0,0.0,,,0.0,0.0,0.0,0.026371308017,0.0,1.0,0.0,,0.0,0.0
2025-08-25 08:00:00,,,0.0,0.0,0.0,0.0,0.0,0.0,,,0.0,0.0,0.0,0.035538859853,0.0,2.0,0.0,,0.0,0.0
2025-08-25 12:00:00,,,0.0,0.0,0.0,0.0,0.0,0.0,,,0.0,0.0,0.0,0.10753788703,0.0,6.0,0.0,,0.0,0.0
2025-08-25 16:00:00,,,0.0,0.0,0.0,0.0,0.0,0.0,,,0.0,0.0,0.0,0.03591954023,0.0,1.0,0.0,,0.0,0.0
2025-08-25 20:00:00,,,0.0,0.0,0.0,0.0,0.0,0.0,,,0.0,0.0,0.0,0.0,0.0,0.0,0.0,,0.0,0.0
2025-08-26 00:00:00,0.0,0.0,0.0,0.0,0.0,0.0,0.0,0.0,0.0,0.0,0.0,0.0,0.0,0.0,0.0,0.0,0.0,0.0,0.0,0.0
2025-08-26 04:00:00,,,0.0,0.0,0.0,0.0,0.0,0.0,,,0.0,0.0,0.0,0.0,0.0,0.0,0.0,,0.0,0.0
2025-08-26 08:00:00,,,0.0,0.0,0.0,0.0,0.0,0.0,,,0.0,0.0,0.0,0.041949096225,0.0,2.0,0.0,,0.0,0.0
2025-08-26 12:00:00,,,0.0,0.0,0.0,0.0,0.0,0.0,,,0.0,0.0,0.0,0.016801075269,0.0,1.0,0.0,,0.0,0.0
2025-08-26 16:00:00,,,0.0,0.0,0.0,0.0,0.0,0.0,,,0.0,0.0,0.0,0.021258503401,0.0,1.0,0.0,,0.0,0.0
2025-08-26 20:00:00,,,0.0,0.0,0.0,0.0,0.0,0.0,,,0.0,0.0,0.0,0.037878787879,0.0,1.0,0.0,,0.0,0.0
2025-08-27 00:00:00,0.0,0.0,0.0,0.0,0.0,0.0,0.0,0.0,0.0,0.0,0.0,0.0,0.0,0.059523809524,0.0,1.0,0.0,0.0,0.0,0.0
2025-08-27 04:00:00,,,0.0,0.0,0.0,0.0,0.0,0.0,,,0.0,0.0,0.0,0.100961538462,0.0,2.0,0.0,,0.0,0.0
2025-08-27 08:00:00,,,0.0,0.0,0.0,0.0,0.0,0.0,,,0.0,0.0,0.0,0.043402777778,0.0,1.0,0.0,,0.0,0.0
2025-08-27 12:00:00,,,0.0,0.0,0.0,0.0,0.0,0.0,,,0.0,0.0,0.0,0.049371924372,0.0,2.0,0.0,,0.0,0.0
2025-08-27 16:00:00,,,0.0,0.0,0.0,0.0,0.0,0.0,,,0.0,0.0,0.0,0.097085321802,0.0,4.0,0.0,,0.0,0.0
2025-08-27 20:00:00,,,0.0,0.0,0.0,0.0,0.0,0.0,,,0.0,0.0,0.0,0.0,0.0,0.0,0.0,,0.0,0.0
2025-08-28 00:00:00,0.0,0.0,0.0,0.0,0.0,0.0,0.0,0.0,0.0,0.0,0.0,0.0,0.0,0.042517006803,0.0,1.0,0.0,0.0,0.0,0.0
2025-08-28 04:00:00,,,0.0,0.0,0.0,0.0,0.0,0.0,,,0.0,0.0,0.0,0.0,0.0,0.0,0.0,,0.0,0.0
2025-08-28 08:00:00,,,0.0,0.0,0.0,0.0,0.0,0.0,,,0.0,0.0,0.0,0.0,0.0,0.0,0.0,,0.0,0.0
2025-08-28 12:00:00,,,0.0,0.0,0.0,0.0,0.0,0.0,,,0.0,0.0,0.0,0.038548235424,0.0,2.0,0.0,,0.0,0.0
2025-08-28 16:00:00,,,0.0,0.0,0.0,0.0,0.0,0.0,,,0.0,0.0,0.0,0.05291005291,0.0,2.0,0.0,,0.0,0.0
2025-08-28 20:00:00,,,0.0,0.0,0.0,0.0,0.0,0.0,,,0.0,0.0,0.0,0.0,0.0,0.0,0.0,,0.0,0.0
2025-08-29 00:00:00,0.0,0.0,0.0,0.0,0.0,0.0,0.0,0.0,0.0,0.0,0.0,0.0,0.0,0.0,0.0,0.0,0.0,0.0,0.0,0.0
2025-08-29 04:00:00,,,0.0,0.0,0.0,0.0,0.0,0.0,,,0.0,0.0,0.0,0.0,0.0,0.0,0.0,,0.0,0.0
2025-08-29 08:00:00,,,0.0,0.0,0.0,0.0,0.0,0.0,,,0.0,0.0,0.0,0.0,0.0,0.0,0.0,,0.0,0.0
2025-08-29 12:00:00,,,0.0,0.0,0.0,0.0,0.0,0.0,,,0.0,0.0,0.0,0.020226537217,0.0,1.0,0.0,,0.0,0.0
2025-08-29 16:00:00,,,0.0,0.0,0.0,0.0,0.0,0.0,,,0.0,0.0,0.0,0.0,0.0,0.0,0.0,,0.0,0.0
2025-08-29 20:00:00,,,0.0,0.0,0.0,0.0,0.0,0.0,,,0.0,0.0,0.0,0.0,0.0,0.0,0.0,,0.0,0.0
2025-08-30 00:00:00,0.0,0.0,0.0,0.0,0.0,0.0,0.0,0.0,0.0,0.0,0.0,0.0,0.0,0.0,0.0,0.0,0.0,0.0,0.0,0.0
2025-08-30 04:00:00,,,0.0,0.0,0.0,0.0,0.0,0.0,,,0.0,0.0,0.0,0.0,0.0,0.0,0.0,,0.0,0.0
2025-08-30 08:00:00,,,0.0,0.0,0.0,0.0,0.0,0.0,,,0.0,0.0,0.0,0.0,0.0,0.0,0.0,,0.0,0.0
2025-08-30 12:00:00,,,0.0,0.0,0.0,0.0,0.0,0.0,,,0.0,0.0,0.0,0.033068783069,0.0,1.0,0.0,,0.0,0.0
2025-08-30 16:00:00,,,0.0,0.0,0.0,0.0,0.0,0.0,,,0.0,0.0,0.0,0.0,0.0,0.0,0.0,,0.0,0.0
2025-08-30 20:00:00,,,0.0,0.0,0.0,0.0,0.0,0.0,,,0.0,0.0,0.0,0.0,0.0,0.0,0.0,,0.0,0.0
2025-08-31 00:00:00,0.0,0.0,0.0,0.0,0.0,0.0,0.0,0.0,0.0,0.0,0.0,0.0,0.0,0.0,0.0,0.0,0.0,0.0,0.0,0.0
2025-08-31 04:00:00,,,0.0,0.0,0.0,0.0,0.0,0.0,,,0.0,0.0,0.0,0.0,0.0,0.0,0.0,,0.0,0.0
2025-08-31 08:00:00,,,0.0,0.0,0.0,0.0,0.0,0.0,,,0.0,0.0,0.0,0.085175914337,0.0,2.0,0.0,,0.0,0.0
2025-08-31 12:00:00,,,0.0,0.0,0.0,0.0,0.0,0.0,,,0.0,0.0,0.0,0.0,0.0,0.0,0.0,,0.0,0.0
2025-08-31 16:00:00,,,0.0,0.0,0.0,0.0,0.0,0.0,,,0.0,0.0,0.0,0.020226537217,0.0,1.0,0.0,,0.0,0.0
2025-08-31 20:00:00,,,0.0,0.0,0.0,0.0,0.0,0.0,,,0.0,0.0,0.0,0.0,0.0,0.0,0.0,,0.0,0.0
2025-09-01 00:00:00,0.0,0.0,0.0,0.0,0.0,0.0,0.0,0.0,0.0,0.0,0.0,0.0,0.0,0.0,0.0,0.0,0.0,0.0,0.0,0.0
2025-09-01 04:00:00,,,0.0,0.0,0.0,0.0,0.0,0.0,,,0.0,0.0,0.0,0.0,0.0,0.0,0.0,,0.0,0.0
2025-09-01 08:00:00,,,0.0,0.0,0.0,0.0,0.0,0.0,,,0.0,0.0,0.0,0.034792652693,0.0,2.0,0.0,,0.0,0.0
2025-09-01 12:00:00,,,0.0,0.0,0.0,0.0,0.0,0.0,,,0.0,0.0,0.0,0.020627062706,0.0,1.0,0.0,,0.0,0.0
2025-09-01 16:00:00,,,0.0,0.0,0.0,0.0,0.0,0.0,,,0.0,0.0,0.0,0.020226537217,0.0,1.0,0.0,,0.0,0.0
2025-09-01 20:00:00,,,0.0,0.0,0.0,0.0,0.0,0.0,,,0.0,0.0,0.0,0.0,0.0,0.0,0.0,,0.0,0.0
2025-09-02 00:00:00,0.0,0.0,0.0,0.0,0.0,0.0,0.0,0.0,0.0,0.0,0.0,0.0,0.0,0.0,0.0,0.0,0.0,0.0,0.0,0.0
2025-09-02 04:00:00,,,0.0,0.0,0.0,0.0,0.0,0.0,,,0.0,0.0,0.0,0.056133212779,0.0,2.0,0.0,,0.0,0.0
2025-09-02 08:00:00,,,0.0,0.0,0.0,0.0,0.0,0.0,,,0.0,0.0,0.0,0.018115942029,0.0,1.0,0.0,,0.0,0.0
2025-09-02 12:00:00,,,0.0,0.0,0.0,0.0,0.0,0.0,,,0.0,0.0,0.0,0.057972750504,0.0,3.0,0.0,,0.0,0.0
2025-09-02 16:00:00,,,0.0,0.0,0.0,0.0,0.0,0.0,,,0.0,0.0,0.0,0.119883081503,0.0,6.0,0.0,,0.0,0.0
2025-09-02 20:00:00,,,0.0,0.0,0.0,0.0,0.0,0.0,,,0.0,0.0,0.0,0.064072693383,0.0,2.0,0.0,,0.0,0.0
2025-09-03 00:00:00,0.0,0.0,0.0,0.0,0.0,0.0,0.0,0.0,0.0,0.0,0.0,0.0,0.0,0.023148148148,0.0,1.0,0.0,0.0,0.0,0.0
2025-09-03 04:00:00,,,0.0,0.0,0.0,0.0,0.0,0.0,,,0.0,0.0,0.0,0.0,0.0,0.0,0.0,,0.0,0.0
2025-09-03 08:00:00,,,0.0,0.0,0.0,0.0,0.0,0.0,,,0.0,0.0,0.0,0.020226537217,0.0,1.0,0.0,,0.0,0.0
2025-09-03 12:00:00,,,0.0,0.0,0.0,0.0,0.0,0.0,,,0.0,0.0,0.0,0.011261261261,0.0,1.0,0.0,,0.0,0.0
2025-09-03 16:00:00,,,0.0,0.0,0.0,0.0,0.0,0.0,,,0.0,0.0,0.0,0.0,0.0,0.0,0.0,,0.0,0.0
2025-09-03 20:00:00,,,0.0,0.0,0.0,0.0,0.0,0.0,,,0.0,0.0,0.0,0.068636280476,0.0,3.0,0.0,,0.0,0.0
2025-09-04 00:00:00,0.0,0.0,0.0,0.0,0.0,0.0,0.0,0.0,0.0,0.0,0.0,0.0,0.0,0.0,0.0,0.0,0.0,0.0,0.0,0.0
2025-09-04 04:00:00,,,0.0,0.0,0.0,0.0,0.0,0.0,,,0.0,0.0,0.0,0.0,0.0,0.0,0.0,,0.0,0.0
2025-09-04 08:00:00,,,0.0,0.0,0.0,0.0,0.0,0.0,,,0.0,0.0,0.0,0.020627062706,0.0,1.0,0.0,,0.0,0.0
2025-09-04 12:00:00,,,0.0,0.0,0.0,0.0,0.0,0.0,,,0.0,0.0,0.0,0.009177679883,0.0,1.0,0.0,,0.0,0.0
2025-09-04 16:00:00,,,0.0,0.0,0.0,0.0,0.0,0.0,,,0.0,0.0,0.0,0.012626262626,0.0,1.0,0.0,,0.0,0.0
2025-09-04 20:00:00,,,0.0,0.0,0.0,0.0,0.0,0.0,,,0.0,0.0,0.0,0.030193236715,0.0,1.0,0.0,,0.0,0.0
2025-09-05 00:00:00,0.0,0.0,0.0,0.0,0.0,0.0,0.0,0.0,0.0,0.0,0.0,0.0,0.0,0.029342723005,0.0,1.0,0.0,0.0,0.0,0.0
2025-09-05 04:00:00,,,0.0,0.0,0.0,0.0,0.0,0.0,,,0.0,0.0,0.0,0.0,0.0,0.0,0.0,,0.0,0.0
2025-09-05 08:00:00,,,0.0,0.0,0.0,0.0,0.0,0.0,,,0.0,0.0,0.0,0.016276041667,0.0,1.0,0.0,,0.0,0.0
2025-09-05 12:00:00,,,0.0,0.0,0.0,0.0,0.0,0.0,,,0.0,0.0,0.0,0.031359404504,0.0,3.0,0.0,,0.0,0.0
2025-09-05 16:00:00,,,0.0,0.0,0.0,0.0,0.0,0.0,,,0.0,0.0,0.0,0.056072378122,0.0,3.0,0.0,,0.0,0.0
2025-09-05 20:00:00,,,0.0,0.0,0.0,0.0,0.0,0.0,,,0.0,0.0,0.0,0.03591954023,0.0,1.0,0.0,,0.0,0.0
2025-09-06 00:00:00,0.0,0.0,0.0,0.0,0.0,0.0,0.0,0.0,0.0,0.0,0.0,0.0,0.0,0.0,0.0,0.0,0.0,0.0,0.0,0.0
2025-09-06 04:00:00,,,0.0,0.0,0.0,0.0,0.0,0.0,,,0.0,0.0,0.0,0.0,0.0,0.0,0.0,,0.0,0.0
2025-09-06 08:00:00,,,0.0,0.0,0.0,0.0,0.0,0.0,,,0.0,0.0,0.0,0.04368869858,0.0,2.0,0.0,,0.0,0.0
2025-09-06 12:00:00,,,0.0,0.0,0.0,0.0,0.0,0.0,,,0.0,0.0,0.0,0.087444410534,0.0,3.0,0.0,,0.0,0.0
2025-09-06 16:00:00,,,0.0,0.0,0.0,0.0,0.0,0.0,,,0.0,0.0,0.0,0.099869748577,0.0,4.0,0.0,,0.0,0.0
2025-09-06 20:00:00,,,0.0,0.0,0.0,0.0,0.0,0.0,,,0.0,0.0,0.0,0.0,0.0,0.0,0.0,,0.0,0.0
2025-09-07 00:00:00,0.0,0.0,0.0,0.0,0.0,0.0,0.0,0.0,0.0,0.0,0.0,0.0,0.0,0.0,0.0,0.0,0.0,0.0,0.0,0.0
2025-09-07 04:00:00,,,0.0,0.0,0.0,0.0,0.0,0.0,,,0.0,0.0,0.0,0.0,0.0,0.0,0.0,,0.0,0.0
2025-09-07 08:00:00,,,0.0,0.0,0.0,0.0,0.0,0.0,,,0.0,0.0,0.0,0.0,0.0,0.0,0.0,,0.0,0.0
2025-09-07 12:00:00,,,0.0,0.0,0.0,0.0,0.0,0.0,,,0.0,0.0,0.0,0.0,0.0,0.0,0.0,,0.0,0.0
2025-09-07 16:00:00,,,0.0,0.0,0.0,0.0,0.0,0.0,,,0.0,0.0,0.0,0.022893772894,0.0,1.0,0.0,,0.0,0.0
2025-09-07 20:00:00,,,0.0,0.0,0.0,0.0,0.0,0.0,,,0.0,0.0,0.0,0.0,0.0,0.0,0.0,,0.0,0.0
2025-09-08 00:00:00,0.0,0.0,0.0,0.0,0.0,0.0,0.0,0.0,0.0,0.0,0.0,0.0,0.0,0.0,0.0,0.0,0.0,0.0,0.0,0.0
2025-09-08 04:00:00,,,0.0,0.0,0.0,0.0,0.0,0.0,,,0.0,0.0,0.0,0.0,0.0,0.0,0.0,,0.0,0.0
2025-09-08 08:00:00,,,0.0,0.0,0.0,0.0,0.0,0.0,,,0.0,0.0,0.0,0.0,0.0,0.0,0.0,,0.0,0.0
2025-09-08 12:00:00,,,0.0,0.0,0.0,0.0,0.0,0.0,,,0.0,0.0,0.0,0.014076576577,0.0,1.0,0.0,,0.0,0.0
2025-09-08 16:00:00,,,0.0,0.0,0.0,0.0,0.0,0.0,,,0.0,0.0,0.0,0.0,0.0,0.0,0.0,,0.0,0.0
2025-09-08 20:00:00,,,0.0,0.0,0.0,0.0,0.0,0.0,,,0.0,0.0,0.0,0.05932777993,0.0,2.0,0.0,,0.0,0.0
2025-09-09 00:00:00,0.0,0.0,0.0,0.0,0.0,0.0,0.0,0.0,0.0,0.0,0.0,0.0,0.0,0.054824561404,0.0,1.0,0.0,0.0,0.0,0.0
2025-09-09 04:00:00,,,0.0,0.0,0.0,0.0,0.0,0.0,,,0.0,0.0,0.0,0.025406504065,0.0,1.0,0.0,,0.0,0.0
2025-09-09 08:00:00,,,0.0,0.0,0.0,0.0,0.0,0.0,,,0.0,0.0,0.0,0.0,0.0,0.0,0.0,,0.0,0.0
2025-09-09 12:00:00,,,0.0,0.0,0.0,0.0,0.0,0.0,,,0.0,0.0,0.0,0.020523746222,0.0,2.0,0.0,,0.0,0.0
2025-09-09 16:00:00,,,0.0,0.0,0.0,0.0,0.0,0.0,,,0.0,0.0,0.0,0.024445976307,0.0,2.0,0.0,,0.0,0.0
2025-09-09 20:00:00,,,0.0,0.0,0.0,0.0,0.0,0.0,,,0.0,0.0,0.0,0.020627062706,0.0,1.0,0.0,,0.0,0.0
2025-09-10 00:00:00,0.0,0.0,0.0,0.0,0.0,0.0,0.0,0.0,0.0,0.0,0.0,0.0,0.0,0.089299285606,0.0,2.0,0.0,0.0,0.0,0.0
2025-09-10 04:00:00,,,0.0,0.0,0.0,0.0,0.0,0.0,,,0.0,0.0,0.0,0.028538812785,0.0,1.0,0.0,,0.0,0.0
2025-09-10 08:00:00,,,0.0,0.0,0.0,0.0,0.0,0.0,,,0.0,0.0,0.0,0.0,0.0,0.0,0.0,,0.0,0.0
2025-09-10 12:00:00,,,0.0,0.0,0.0,0.0,0.0,0.0,,,0.0,0.0,0.0,0.021313012384,0.0,2.0,0.0,,0.0,0.0
2025-09-10 16:00:00,,,0.0,0.0,0.0,0.0,0.0,0.0,,,0.0,0.0,0.0,0.100722061108,0.0,5.0,0.0,,0.0,0.0
2025-09-10 20:00:00,,,0.0,0.0,0.0,0.0,0.0,0.0,,,0.0,0.0,0.0,0.013796909492,0.0,1.0,0.0,,0.0,0.0
2025-09-11 00:00:00,0.0,0.0,0.0,0.0,0.0,0.0,0.0,0.0,0.0,0.0,0.0,0.0,0.0,0.015782828283,0.0,1.0,0.0,0.0,0.0,0.0
2025-09-11 04:00:00,,,0.0,0.0,0.0,0.0,0.0,0.0,,,0.0,0.0,0.0,0.026371308017,0.0,1.0,0.0,,0.0,0.0
2025-09-11 08:00:00,,,0.0,0.0,0.0,0.0,0.0,0.0,,,0.0,0.0,0.0,0.0,0.0,0.0,0.0,,0.0,0.0
2025-09-11 12:00:00,,,0.0,0.0,0.0,0.0,0.0,0.0,,,0.0,0.0,0.0,0.044551100106,0.0,3.0,0.0,,0.0,0.0
2025-09-11 16:00:00,,,0.0,0.0,0.0,0.0,0.0,0.0,,,0.0,0.0,0.0,0.060590875403,0.0,3.0,0.0,,0.0,0.0
2025-09-11 20:00:00,,,0.0,0.0,0.0,0.0,0.0,0.0,,,0.0,0.0,0.0,0.021929824561,0.0,1.0,0.0,,0.0,0.0
2025-09-12 00:00:00,0.0,0.0,0.0,0.0,0.0,0.0,0.0,0.0,0.0,0.0,0.0,0.0,0.0,0.0,0.0,0.0,0.0,0.0,0.0,0.0
2025-09-12 04:00:00,,,0.0,0.0,0.0,0.0,0.0,0.0,,,0.0,0.0,0.0,0.022401433692,0.0,1.0,0.0,,0.0,0.0
2025-09-12 08:00:00,,,0.0,0.0,0.0,0.0,0.0,0.0,,,0.0,0.0,0.0,0.0,0.0,0.0,0.0,,0.0,0.0
2025-09-12 12:00:00,,,0.0,0.0,0.0,0.0,0.0,0.0,,,0.0,0.0,0.0,0.0685625487,0.0,4.0,0.0,,0.0,0.0
2025-09-12 16:00:00,,,0.0,0.0,0.0,0.0,0.0,0.0,,,0.0,0.0,0.0,0.0,0.0,0.0,0.0,,0.0,0.0
2025-09-12 20:00:00,,,0.0,0.0,0.0,0.0,0.0,0.0,,,0.0,0.0,0.0,0.023610756396,0.0,2.0,0.0,,0.0,0.0
2025-09-13 00:00:00,0.0,0.0,0.0,0.0,0.0,0.0,0.0,0.0,0.0,0.0,0.0,0.0,0.0,0.0,0.0,0.0,0.0,0.0,0.0,0.0
2025-09-13 04:00:00,,,0.0,0.0,0.0,0.0,0.0,0.0,,,0.0,0.0,0.0,0.012254901961,0.0,1.0,0.0,,0.0,0.0
2025-09-13 08:00:00,,,0.0,0.0,0.0,0.0,0.0,0.0,,,0.0,0.0,0.0,0.0,0.0,0.0,0.0,,0.0,0.0
2025-09-13 12:00:00,,,0.0,0.0,0.0,0.0,0.0,0.0,,,0.0,0.0,0.0,0.029240126071,0.0,2.0,0.0,,0.0,0.0
2025-09-13 16:00:00,,,0.0,0.0,0.0,0.0,0.0,0.0,,,0.0,0.0,0.0,0.0,0.0,0.0,0.0,,0.0,0.0
2025-09-13 20:00:00,,,0.0,0.0,0.0,0.0,0.0,0.0,,,0.0,0.0,0.0,0.0,0.0,0.0,0.0,,0.0,0.0
2025-09-14 00:00:00,0.0,0.0,0.0,0.0,0.0,0.0,0.0,0.0,0.0,0.0,0.0,0.0,0.0,0.0,0.0,0.0,0.0,0.0,0.0,0.0
2025-09-14 04:00:00,,,0.0,0.0,0.0,0.0,0.0,0.0,,,0.0,0.0,0.0,0.0,0.0,0.0,0.0,,0.0,0.0
2025-09-14 08:00:00,,,0.0,0.0,0.0,0.0,0.0,0.0,,,0.0,0.0,0.0,0.0,0.0,0.0,0.0,,0.0,0.0
2025-09-14 12:00:00,,,0.0,0.0,0.0,0.0,0.0,0.0,,,0.0,0.0,0.0,0.0,0.0,0.0,0.0,,0.0,0.0
2025-09-14 16:00:00,,,0.0,0.0,0.0,0.0,0.0,0.0,,,0.0,0.0,0.0,0.009827044025,0.0,1.0,0.0,,0.0,0.0
2025-09-14 20:00:00,,,0.0,0.0,0.0,0.0,0.0,0.0,,,0.0,0.0,0.0,0.0,0.0,0.0,0.0,,0.0,0.0
2025-09-15 00:00:00,0.0,0.0,0.0,0.0,0.0,0.0,0.0,0.0,0.0,0.0,0.0,0.0,0.0,0.0,0.0,0.0,0.0,0.0,0.0,0.0
2025-09-15 04:00:00,,,0.0,0.0,0.0,0.0,0.0,0.0,,,0.0,0.0,0.0,0.0,0.0,0.0,0.0,,0.0,0.0
2025-09-15 08:00:00,,,0.0,0.0,0.0,0.0,0.0,0.0,,,0.0,0.0,0.0,0.0,0.0,0.0,0.0,,0.0,0.0
2025-09-15 12:00:00,,,0.0,0.0,0.0,0.0,0.0,0.0,,,0.0,0.0,0.0,0.038732721856,0.0,3.0,0.0,,0.0,0.0
2025-09-15 16:00:00,,,0.0,0.0,0.0,0.0,0.0,0.0,,,0.0,0.0,0.0,0.012550200803,0.0,1.0,0.0,,0.0,0.0
2025-09-15 20:00:00,,,0.0,0.0,0.0,0.0,0.0,0.0,,,0.0,0.0,0.0,0.0,0.0,0.0,0.0,,0.0,0.0
2025-09-16 00:00:00,0.0,0.0,0.0,0.0,0.0,0.0,0.0,0.0,0.0,0.0,0.0,0.0,0.0,0.014880952381,0.0,1.0,0.0,0.0,0.0,0.0
2025-09-16 04:00:00,,,0.0,0.0,0.0,0.0,0.0,0.0,,,0.0,0.0,0.0,0.0,0.0,0.0,0.0,,0.0,0.0
2025-09-16 08:00:00,,,0.0,0.0,0.0,0.0,0.0,0.0,,,0.0,0.0,0.0,0.023224924759,0.0,2.0,0.0,,0.0,0.0
2025-09-16 12:00:00,,,0.0,0.0,0.0,0.0,0.0,0.0,,,0.0,0.0,0.0,0.038548163548,0.0,3.0,0.0,,0.0,0.0
2025-09-16 16:00:00,,,0.0,0.0,0.0,0.0,0.0,0.0,,,0.0,0.0,0.0,0.017507002801,0.0,1.0,0.0,,0.0,0.0
2025-09-16 20:00:00,,,0.0,0.0,0.0,0.0,0.0,0.0,,,0.0,0.0,0.0,0.0,0.0,0.0,0.0,,0.0,0.0
2025-09-17 00:00:00,0.0,0.0,0.0,0.0,0.0,0.0,0.0,0.0,0.0,0.0,0.0,0.0,0.0,0.071855892895,0.0,3.0,0.0,0.0,0.0,0.0
2025-09-17 04:00:00,,,0.0,0.0,0.0,0.0,0.0,0.0,,,0.0,0.0,0.0,0.0,0.0,0.0,0.0,,0.0,0.0
2025-09-17 08:00:00,,,0.0,0.0,0.0,0.0,0.0,0.0,,,0.0,0.0,0.0,0.01026272578,0.0,1.0,0.0,,0.0,0.0
2025-09-17 12:00:00,,,0.0,0.0,0.0,0.0,0.0,0.0,,,0.0,0.0,0.0,0.03338255624,0.0,2.0,0.0,,0.0,0.0
2025-09-17 16:00:00,,,0.0,0.0,0.0,0.0,0.0,0.0,,,0.0,0.0,0.0,0.006430041152,0.0,1.0,0.0,,0.0,0.0
2025-09-17 20:00:00,,,0.0,0.0,0.0,0.0,0.0,0.0,,,0.0,0.0,0.0,0.023946360153,0.0,1.0,0.0,,0.0,0.0
2025-09-18 00:00:00,0.0,0.0,0.0,0.0,0.0,0.0,0.0,0.0,0.0,0.0,0.0,0.0,0.0,0.022893772894,0.0,1.0,0.0,0.0,0.0,0.0
2025-09-18 04:00:00,,,0.0,0.0,0.0,0.0,0.0,0.0,,,0.0,0.0,0.0,0.018768768769,0.0,1.0,0.0,,0.0,0.0
2025-09-18 08:00:00,,,0.0,0.0,0.0,0.0,0.0,0.0,,,0.0,0.0,0.0,0.056770538228,0.0,3.0,0.0,,0.0,0.0
2025-09-18 12:00:00,,,0.0,0.0,0.0,0.0,0.0,0.0,,,0.0,0.0,0.0,0.0,0.0,0.0,0.0,,0.0,0.0
2025-09-18 16:00:00,,,0.0,0.0,0.0,0.0,0.0,0.0,,,0.0,0.0,0.0,0.018377662967,0.0,2.0,0.0,,0.0,0.0
2025-09-18 20:00:00,,,0.0,0.0,0.0,0.0,0.0,0.0,,,0.0,0.0,0.0,0.0,0.0,0.0,0.0,,0.0,0.0
2025-09-19 00:00:00,0.0,0.0,0.0,0.0,0.0,0.0,0.0,0.0,0.0,0.0,0.0,0.0,0.0,0.058415186049,0.0,3.0,0.0,0.0,0.0,0.0
2025-09-19 04:00:00,,,0.0,0.0,0.0,0.0,0.0,0.0,,,0.0,0.0,0.0,0.0,0.0,0.0,0.0,,0.0,0.0
2025-09-19 08:00:00,,,0.0,0.0,0.0,0.0,0.0,0.0,,,0.0,0.0,0.0,0.017398001892,0.0,2.0,0.0,,0.0,0.0
2025-09-19 12:00:00,,,0.0,0.0,0.0,0.0,0.0,0.0,,,0.0,0.0,0.0,0.021258503401,0.0,1.0,0.0,,0.0,0.0
2025-09-19 16:00:00,,,0.0,0.0,0.0,0.0,0.0,0.0,,,0.0,0.0,0.0,0.015432098765,0.0,1.0,0.0,,0.0,0.0
2025-09-19 20:00:00,,,0.0,0.0,0.0,0.0,0.0,0.0,,,0.0,0.0,0.0,0.0,0.0,0.0,0.0,,0.0,0.0
2025-09-20 00:00:00,0.0,0.0,0.0,0.0,0.0,0.0,0.0,0.0,0.0,0.0,0.0,0.0,0.0,0.015664160401,0.0,1.0,0.0,0.0,0.0,0.0
2025-09-20 04:00:00,,,0.0,0.0,0.0,0.0,0.0,0.0,,,0.0,0.0,0.0,0.0,0.0,0.0,0.0,,0.0,0.0
2025-09-20 08:00:00,,,0.0,0.0,0.0,0.0,0.0,0.0,,,0.0,0.0,0.0,0.0,0.0,0.0,0.0,,0.0,0.0
2025-09-20 12:00:00,,,0.0,0.0,0.0,0.0,0.0,0.0,,,0.0,0.0,0.0,0.013982102908,0.0,1.0,0.0,,0.0,0.0
2025-09-20 16:00:00,,,0.0,0.0,0.0,0.0,0.0,0.0,,,0.0,0.0,0.0,0.025720164609,0.0,1.0,0.0,,0.0,0.0
2025-09-20 20:00:00,,,0.0,0.0,0.0,0.0,0.0,0.0,,,0.0,0.0,0.0,0.013796909492,0.0,1.0,0.0,,0.0,0.0
2025-09-21 00:00:00,0.0,0.0,0.0,0.0,0.0,0.0,0.0,0.0,0.0,0.0,0.0,0.0,0.0,0.0,0.0,0.0,0.0,0.0,0.0,0.0
2025-09-21 04:00:00,,,0.0,0.0,0.0,0.0,0.0,0.0,,,0.0,0.0,0.0,0.009645061728,0.0,1.0,0.0,,0.0,0.0
2025-09-21 08:00:00,,,0.0,0.0,0.0,0.0,0.0,0.0,,,0.0,0.0,0.0,0.0,0.0,0.0,0.0,,0.0,0.0
2025-09-21 12:00:00,,,0.0,0.0,0.0,0.0,0.0,0.0,,,0.0,0.0,0.0,0.0,0.0,0.0,0.0,,0.0,0.0
2025-09-21 16:00:00,,,0.0,0.0,0.0,0.0,0.0,0.0,,,0.0,0.0,0.0,0.015206812652,0.0,1.0,0.0,,0.0,0.0
2025-09-21 20:00:00,,,0.0,0.0,0.0,0.0,0.0,0.0,,,0.0,0.0,0.0,0.020627062706,0.0,1.0,0.0,,0.0,0.0
2025-09-22 00:00:00,0.0,0.0,0.0,0.0,0.0,0.0,0.0,0.0,0.0,0.0,0.0,0.0,0.0,0.030637254902,0.0,1.0,0.0,0.0,0.0,0.0
2025-09-22 04:00:00,,,0.0,0.0,0.0,0.0,0.0,0.0,,,0.0,0.0,0.0,0.0,0.0,0.0,0.0,,0.0,0.0
2025-09-22 08:00:00,,,0.0,0.0,0.0,0.0,0.0,0.0,,,0.0,0.0,0.0,0.0,0.0,0.0,0.0,,0.0,0.0
2025-09-22 12:00:00,,,0.0,0.0,0.0,0.0,0.0,0.0,,,0.0,0.0,0.0,0.032038407835,0.0,3.0,0.0,,0.0,0.0
2025-09-22 16:00:00,,,0.0,0.0,0.0,0.0,0.0,0.0,,,0.0,0.0,0.0,0.0,0.0,0.0,0.0,,0.0,0.0
2025-09-22 20:00:00,,,0.0,0.0,0.0,0.0,0.0,0.0,,,0.0,0.0,0.0,0.0,0.0,0.0,0.0,,0.0,0.0
2025-09-23 00:00:00,0.0,0.0,0.0,0.0,0.0,0.0,0.0,0.0,0.0,0.0,0.0,0.0,0.0,0.0,0.0,0.0,0.0,0.0,0.0,0.0
2025-09-23 04:00:00,,,0.0,0.0,0.0,0.0,0.0,0.0,,,0.0,0.0,0.0,0.0,0.0,0.0,0.0,,0.0,0.0
2025-09-23 08:00:00,,,0.0,0.0,0.0,0.0,0.0,0.0,,,0.0,0.0,0.0,0.0,0.0,0.0,0.0,,0.0,0.0
2025-09-23 12:00:00,,,0.0,0.0,0.0,0.0,0.0,0.0,,,0.0,0.0,0.0,0.0,0.0,0.0,0.0,,0.0,0.0
2025-09-23 16:00:00,,,0.0,0.0,0.0,0.0,0.0,0.0,,,0.0,0.0,0.0,0.214776116456,0.0,6.0,0.0,,0.0,0.0
2025-09-23 20:00:00,,,0.0,0.0,0.0,0.0,0.0,0.0,,,0.0,0.0,0.0,0.248916073765,0.0,4.0,0.0,,0.0,0.0
2025-09-24 00:00:00,0.0,0.0,0.0,0.0,0.0,0.0,0.0,0.0,0.0,0.0,0.0,0.0,0.0,0.028538812785,0.0,1.0,0.0,0.0,0.0,0.0
2025-09-24 04:00:00,,,0.0,0.0,0.0,0.0,0.0,0.0,,,0.0,0.0,0.0,0.03591954023,0.0,1.0,0.0,,0.0,0.0
2025-09-24 08:00:00,,,0.0,0.0,0.0,0.0,0.0,0.0,,,0.0,0.0,0.0,0.013706140351,0.0,1.0,0.0,,0.0,0.0
2025-09-24 12:00:00,,,0.0,0.0,0.0,0.0,0.0,0.0,,,0.0,0.0,0.0,0.021258503401,0.0,1.0,0.0,,0.0,0.0
2025-09-24 16:00:00,,,0.0,0.0,0.0,0.0,0.0,0.0,,,0.0,0.0,0.0,0.0,0.0,0.0,0.0,,0.0,0.0
2025-09-24 20:00:00,,,0.0,0.0,0.0,0.0,0.0,0.0,,,0.0,0.0,0.0,0.014988009592,0.0,1.0,0.0,,0.0,0.0
2025-09-25 00:00:00,0.0,0.0,0.0,0.0,0.0,0.0,0.0,0.0,0.0,0.0,0.0,0.0,0.0,0.0,0.0,0.0,0.0,0.0,0.0,0.0
2025-09-25 04:00:00,,,0.0,0.0,0.0,0.0,0.0,0.0,,,0.0,0.0,0.0,0.020833333333,0.0,1.0,0.0,,0.0,0.0
2025-09-25 08:00:00,,,0.0,0.0,0.0,0.0,0.0,0.0,,,0.0,0.0,0.0,0.074404761905,0.0,1.0,0.0,,0.0,0.0
2025-09-25 12:00:00,,,0.0,0.0,0.0,0.0,0.0,0.0,,,0.0,0.0,0.0,0.0,0.0,0.0,0.0,,0.0,0.0
2025-09-25 16:00:00,,,0.0,0.0,0.0,0.0,0.0,0.0,,,0.0,0.0,0.0,0.036033917113,0.0,2.0,0.0,,0.0,0.0
2025-09-25 20:00:00,,,0.0,0.0,0.0,0.0,0.0,0.0,,,0.0,0.0,0.0,0.039308176101,0.0,1.0,0.0,,0.0,0.0
2025-09-26 00:00:00,0.0,0.0,0.0,0.0,0.0,0.0,0.0,0.0,0.0,0.0,0.0,0.0,0.0,0.0,0.0,0.0,0.0,0.0,0.0,0.0
2025-09-26 04:00:00,,,0.0,0.0,0.0,0.0,0.0,0.0,,,0.0,0.0,0.0,0.0,0.0,0.0,0.0,,0.0,0.0
2025-09-26 08:00:00,,,0.0,0.0,0.0,0.0,0.0,0.0,,,0.0,0.0,0.0,0.051256613757,0.0,2.0,0.0,,0.0,0.0
2025-09-26 12:00:00,,,0.0,0.0,0.0,0.0,0.0,0.0,,,0.0,0.0,0.0,0.0,0.0,0.0,0.0,,0.0,0.0
2025-09-26 16:00:00,,,0.0,0.0,0.0,0.0,0.0,0.0,,,0.0,0.0,0.0,0.056319843634,0.0,4.0,0.0,,0.0,0.0
2025-09-26 20:00:00,,,0.0,0.0,0.0,0.0,0.0,0.0,,,0.0,0.0,0.0,0.0,0.0,0.0,0.0,,0.0,0.0
2025-09-27 00:00:00,0.0,0.0,0.0,0.0,0.0,0.0,0.0,0.0,0.0,0.0,0.0,0.0,0.0,0.0,0.0,0.0,0.0,0.0,0.0,0.0
2025-09-27 04:00:00,,,0.0,0.0,0.0,0.0,0.0,0.0,,,0.0,0.0,0.0,0.0,0.0,0.0,0.0,,0.0,0.0
2025-09-27 08:00:00,,,0.0,0.0,0.0,0.0,0.0,0.0,,,0.0,0.0,0.0,0.034153005464,0.0,1.0,0.0,,0.0,0.0
2025-09-27 12:00:00,,,0.0,0.0,0.0,0.0,0.0,0.0,,,0.0,0.0,0.0,0.0,0.0,0.0,0.0,,0.0,0.0
2025-09-27 16:00:00,,,0.0,0.0,0.0,0.0,0.0,0.0,,,0.0,0.0,0.0,0.0,0.0,0.0,0.0,,0.0,0.0
2025-09-27 20:00:00,,,0.0,0.0,0.0,0.0,0.0,0.0,,,0.0,0.0,0.0,0.0,0.0,0.0,0.0,,0.0,0.0
2025-09-28 00:00:00,0.0,0.0,0.0,0.0,0.0,0.0,0.0,0.0,0.0,0.0,0.0,0.0,0.0,0.231481481481,0.0,1.0,0.0,0.0,0.0,0.0
2025-09-28 04:00:00,,,0.0,0.0,0.0,0.0,0.0,0.0,,,0.0,0.0,0.0,0.0,0.0,0.0,0.0,,0.0,0.0
2025-09-28 08:00:00,,,0.0,0.0,0.0,0.0,0.0,0.0,,,0.0,0.0,0.0,0.05081300813,0.0,1.0,0.0,,0.0,0.0
2025-09-28 12:00:00,,,0.0,0.0,0.0,0.0,0.0,0.0,,,0.0,0.0,0.0,0.0,0.0,0.0,0.0,,0.0,0.0
2025-09-28 16:00:00,,,0.0,0.0,0.0,0.0,0.0,0.0,,,0.0,0.0,0.0,0.049603174603,0.0,1.0,0.0,,0.0,0.0
2025-09-28 20:00:00,,,0.0,0.0,0.0,0.0,0.0,0.0,,,0.0,0.0,0.0,0.0,0.0,0.0,0.0,,0.0,0.0
2025-09-29 00:00:00,0.0,0.0,0.0,0.0,0.0,0.0,0.0,0.0,0.0,0.0,0.0,0.0,0.0,0.0,0.0,0.0,0.0,0.0,0.0,0.0
2025-09-29 04:00:00,,,0.0,0.0,0.0,0.0,0.0,0.0,,,0.0,0.0,0.0,0.042517006803,0.0,1.0,0.0,,0.0,0.0
2025-09-29 08:00:00,,,0.0,0.0,0.0,0.0,0.0,0.0,,,0.0,0.0,0.0,0.0,0.0,0.0,0.0,,0.0,0.0
2025-09-29 12:00:00,,,0.0,0.0,0.0,0.0,0.0,0.0,,,0.0,0.0,0.0,0.078701413391,0.0,3.0,0.0,,0.0,0.0
2025-09-29 16:00:00,,,0.0,0.0,0.0,0.0,0.0,0.0,,,0.0,0.0,0.0,0.016937669377,0.0,1.0,0.0,,0.0,0.0
2025-09-29 20:00:00,,,0.0,0.0,0.0,0.0,0.0,0.0,,,0.0,0.0,0.0,0.0,0.0,0.0,0.0,,0.0,0.0
2025-09-30 00:00:00,0.0,0.0,0.0,0.0,0.0,0.0,0.0,0.0,0.0,0.0,0.0,0.0,0.0,0.0,0.0,0.0,0.0,0.0,0.0,0.0
2025-09-30 04:00:00,,,0.0,0.0,0.0,0.0,0.0,0.0,,,0.0,0.0,0.0,0.052083333333,0.0,1.0,0.0,,0.0,0.0
2025-09-30 08:00:00,,,0.0,0.0,0.0,0.0,0.0,0.0,,,0.0,0.0,0.0,0.0,0.0,0.0,0.0,,0.0,0.0
2025-09-30 12:00:00,,,0.0,0.0,0.0,0.0,0.0,0.0,,,0.0,0.0,0.0,0.088309187536,0.0,5.0,0.0,,0.0,0.0
2025-09-30 16:00:00,,,0.0,0.0,0.0,0.0,0.0,0.0,,,0.0,0.0,0.0,0.010575296108,0.0,1.0,0.0,,0.0,0.0
2025-09-30 20:00:00,,,0.0,0.0,0.0,0.0,0.0,0.0,,,0.0,0.0,0.0,0.045289855072,0.0,1.0,0.0,,0.0,0.0
2025-10-01 00:00:00,0.0,0.0,0.0,0.0,0.0,0.0,0.0,0.0,0.0,0.0,0.0,0.0,0.0,0.0,0.0,0.0,0.0,0.0,0.0,0.0
2025-10-01 04:00:00,,,0.0,0.0,0.0,0.0,0.0,0.0,,,0.0,0.0,0.0,0.0,0.0,0.0,0.0,,0.0,0.0
2025-10-01 08:00:00,,,0.0,0.0,0.0,0.0,0.0,0.0,,,0.0,0.0,0.0,0.030306637043,0.0,2.0,0.0,,0.0,0.0
2025-10-01 12:00:00,,,0.0,0.0,0.0,0.0,0.0,0.0,,,0.0,0.0,0.0,0.068770729503,0.0,5.0,0.0,,0.0,0.0
2025-10-01 16:00:00,,,0.0,0.0,0.0,0.0,0.0,0.0,,,0.0,0.0,0.0,0.0,0.0,0.0,0.0,,0.0,0.0
2025-10-01 20:00:00,,,0.0,0.0,0.0,0.0,0.0,0.0,,,0.0,0.0,0.0,0.0,0.0,0.0,0.0,,0.0,0.0
2025-10-02 00:00:00,0.0,0.0,0.0,0.0,0.0,0.0,0.0,0.0,0.0,0.0,0.0,0.0,0.0,0.036549707602,0.0,1.0,0.0,0.0,0.0,0.0
2025-10-02 04:00:00,,,0.0,0.0,0.0,0.0,0.0,0.0,,,0.0,0.0,0.0,0.077184316147,0.0,2.0,0.0,,0.0,0.0
2025-10-02 08:00:00,,,0.0,0.0,0.0,0.0,0.0,0.0,,,0.0,0.0,0.0,0.054197451584,0.0,3.0,0.0,,0.0,0.0
2025-10-02 12:00:00,,,0.0,0.0,0.0,0.0,0.0,0.0,,,0.0,0.0,0.0,0.0,0.0,0.0,0.0,,0.0,0.0
2025-10-02 16:00:00,,,0.0,0.0,0.0,0.0,0.0,0.0,,,0.0,0.0,0.0,0.0,0.0,0.0,0.0,,0.0,0.0
2025-10-02 20:00:00,,,0.0,0.0,0.0,0.0,0.0,0.0,,,0.0,0.0,0.0,0.0,0.0,0.0,0.0,,0.0,0.0
2025-10-03 00:00:00,0.0,0.0,0.0,0.0,0.0,0.0,0.0,0.0,0.0,0.0,0.0,0.0,0.0,0.026709401709,0.0,1.0,0.0,0.0,0.0,0.0
2025-10-03 04:00:00,,,0.0,0.0,0.0,0.0,0.0,0.0,,,0.0,0.0,0.0,0.013982102908,0.0,1.0,0.0,,0.0,0.0
2025-10-03 08:00:00,,,0.0,0.0,0.0,0.0,0.0,0.0,,,0.0,0.0,0.0,0.032051282051,0.0,1.0,0.0,,0.0,0.0
2025-10-03 12:00:00,,,0.0,0.0,0.0,0.0,0.0,0.0,,,0.0,0.0,0.0,0.039540388805,0.0,2.0,0.0,,0.0,0.0
2025-10-03 16:00:00,,,0.0,0.0,0.0,0.0,0.0,0.0,,,0.0,0.0,0.0,0.049927378359,0.0,2.0,0.0,,0.0,0.0
2025-10-03 20:00:00,,,0.0,0.0,0.0,0.0,0.0,0.0,,,0.0,0.0,0.0,0.0,0.0,0.0,0.0,,0.0,0.0
2025-10-04 00:00:00,0.0,0.0,0.0,0.0,0.0,0.0,0.0,0.0,0.0,0.0,0.0,0.0,0.0,0.0,0.0,0.0,0.0,0.0,0.0,0.0
2025-10-04 04:00:00,,,0.0,0.0,0.0,0.0,0.0,0.0,,,0.0,0.0,0.0,0.033068783069,0.0,1.0,0.0,,0.0,0.0
2025-10-04 08:00:00,,,0.0,0.0,0.0,0.0,0.0,0.0,,,0.0,0.0,0.0,0.0,0.0,0.0,0.0,,0.0,0.0
2025-10-04 12:00:00,,,0.0,0.0,0.0,0.0,0.0,0.0,,,0.0,0.0,0.0,0.0,0.0,0.0,0.0,,0.0,0.0
2025-10-04 16:00:00,,,0.0,0.0,0.0,0.0,0.0,0.0,,,0.0,0.0,0.0,0.0,0.0,0.0,0.0,,0.0,0.0
2025-10-04 20:00:00,,,0.0,0.0,0.0,0.0,0.0,0.0,,,0.0,0.0,0.0,0.0,0.0,1.0,0.0,,0.0,0.0
2025-10-05 00:00:00,0.0,0.0,0.0,0.0,0.0,0.0,0.0,0.0,0.0,0.0,0.0,0.0,0.0,0.034153005464,0.0,1.0,0.0,0.0,0.0,0.0
2025-10-05 04:00:00,,,0.0,0.0,0.0,0.0,0.0,0.0,,,0.0,0.0,0.0,0.017806267806,0.0,1.0,0.0,,0.0,0.0
2025-10-05 08:00:00,,,0.0,0.0,0.0,0.0,0.0,0.0,,,0.0,0.0,0.0,0.019470404984,0.0,1.0,0.0,,0.0,0.0
2025-10-05 12:00:00,,,0.0,0.0,0.0,0.0,0.0,0.0,,,0.0,0.0,0.0,0.0,0.0,0.0,0.0,,0.0,0.0
2025-10-05 16:00:00,,,0.0,0.0,0.0,0.0,0.0,0.0,,,0.0,0.0,0.0,0.0,0.0,0.0,0.0,,0.0,0.0
2025-10-05 20:00:00,,,0.0,0.0,0.0,0.0,0.0,0.0,,,0.0,0.0,0.0,0.0,0.0,0.0,0.0,,0.0,0.0
2025-10-06 00:00:00,0.0,0.0,0.0,0.0,0.0,0.0,0.0,0.0,0.0,0.0,0.0,0.0,0.0,0.0,0.0,0.0,0.0,0.0,0.0,0.0
2025-10-06 04:00:00,,,0.0,0.0,0.0,0.0,0.0,0.0,,,0.0,0.0,0.0,0.0,0.0,0.0,0.0,,0.0,0.0
2025-10-06 08:00:00,,,0.0,0.0,0.0,0.0,0.0,0.0,,,0.0,0.0,0.0,0.0,0.0,0.0,0.0,,0.0,0.0
2025-10-06 12:00:00,,,0.0,0.0,0.0,0.0,0.0,0.0,,,0.0,0.0,0.0,0.032923727116,0.0,2.0,0.0,,0.0,0.0
2025-10-06 16:00:00,,,0.0,0.0,0.0,0.0,0.0,0.0,,,0.0,0.0,0.0,0.01026272578,0.0,1.0,0.0,,0.0,0.0
2025-10-06 20:00:00,,,0.0,0.0,0.0,0.0,0.0,0.0,,,0.0,0.0,0.0,0.028227645985,0.0,2.0,0.0,,0.0,0.0
2025-10-07 00:00:00,0.0,0.0,0.0,0.0,0.0,0.0,0.0,0.0,0.0,0.0,0.0,0.0,0.0,0.0,0.0,0.0,0.0,0.0,0.0,0.0
2025-10-07 04:00:00,,,0.0,0.0,0.0,0.0,0.0,0.0,,,0.0,0.0,0.0,0.027873486069,0.0,2.0,0.0,,0.0,0.0
2025-10-07 08:00:00,,,0.0,0.0,0.0,0.0,0.0,0.0,,,0.0,0.0,0.0,0.016149870801,0.0,1.0,0.0,,0.0,0.0
2025-10-07 12:00:00,,,0.0,0.0,0.0,0.0,0.0,0.0,,,0.0,0.0,0.0,0.014367816092,0.0,1.0,0.0,,0.0,0.0
2025-10-07 16:00:00,,,0.0,0.0,0.0,0.0,0.0,0.0,,,0.0,0.0,0.0,0.0,0.0,0.0,0.0,,0.0,0.0
2025-10-07 20:00:00,,,0.0,0.0,0.0,0.0,0.0,0.0,,,0.0,0.0,0.0,0.048463642214,0.0,2.0,0.0,,0.0,0.0
2025-10-08 00:00:00,0.0,0.0,0.0,0.0,0.0,0.0,0.0,0.0,0.0,0.0,0.0,0.0,0.0,0.049603174603,0.0,1.0,0.0,0.0,0.0,0.0
2025-10-08 04:00:00,,,0.0,0.0,0.0,0.0,0.0,0.0,,,0.0,0.0,0.0,0.0,0.0,0.0,0.0,,0.0,0.0
2025-10-08 08:00:00,,,0.0,0.0,0.0,0.0,0.0,0.0,,,0.0,0.0,0.0,0.034897439492,0.0,2.0,0.0,,0.0,0.0
2025-10-08 12:00:00,,,0.0,0.0,0.0,0.0,0.0,0.0,,,0.0,0.0,0.0,0.025805977399,0.0,2.0,0.0,,0.0,0.0
2025-10-08 16:00:00,,,0.0,0.0,0.0,0.0,0.0,0.0,,,0.0,0.0,0.0,0.014988009592,0.0,1.0,0.0,,0.0,0.0
2025-10-08 20:00:00,,,0.0,0.0,0.0,0.0,0.0,0.0,,,0.0,0.0,0.0,0.060836053714,0.0,3.0,0.0,,0.0,0.0
2025-10-09 00:00:00,0.0,0.0,0.0,0.0,0.0,0.0,0.0,0.0,0.0,0.0,0.0,0.0,0.0,0.068342151675,0.0,2.0,0.0,0.0,0.0,0.0
2025-10-09 04:00:00,,,0.0,0.0,0.0,0.0,0.0,0.0,,,0.0,0.0,0.0,0.0,0.0,0.0,0.0,,0.0,0.0
2025-10-09 08:00:00,,,0.0,0.0,0.0,0.0,0.0,0.0,,,0.0,0.0,0.0,0.044802867384,0.0,2.0,0.0,,0.0,0.0
2025-10-09 12:00:00,,,0.0,0.0,0.0,0.0,0.0,0.0,,,0.0,0.0,0.0,0.070246238149,0.0,3.0,0.0,,0.0,0.0
2025-10-09 16:00:00,,,0.0,0.0,0.0,0.0,0.0,0.0,,,0.0,0.0,0.0,0.051777812082,0.0,2.0,0.0,,0.0,0.0
2025-10-09 20:00:00,,,0.0,0.0,0.0,0.0,0.0,0.0,,,0.0,0.0,0.0,0.069444444444,0.0,1.0,0.0,,0.0,0.0
2025-10-10 00:00:00,0.0,0.0,0.0,0.0,0.0,0.0,0.0,0.0,0.0,0.0,0.0,0.0,0.0,0.0,0.0,0.0,0.0,0.0,0.0,0.0
2025-10-10 04:00:00,,,0.0,0.0,0.0,0.0,0.0,0.0,,,0.0,0.0,0.0,0.0,0.0,0.0,0.0,,0.0,0.0
2025-10-10 08:00:00,,,0.0,0.0,0.0,0.0,0.0,0.0,,,0.0,0.0,0.0,0.0,0.0,0.0,0.0,,0.0,0.0
2025-10-10 12:00:00,,,0.0,0.0,0.0,0.0,0.0,0.0,,,0.0,0.0,0.0,0.010313531353,0.0,1.0,0.0,,0.0,0.0
2025-10-10 16:00:00,,,0.0,0.0,0.0,0.0,0.0,0.0,,,0.0,0.0,0.0,0.028659101436,0.0,2.0,0.0,,0.0,0.0
2025-10-10 20:00:00,,,0.0,0.0,0.0,0.0,0.0,0.0,,,0.0,0.0,0.0,0.0,0.0,0.0,0.0,,0.0,0.0
2025-10-11 00:00:00,0.0,0.0,0.0,0.0,0.0,0.0,0.0,0.0,0.0,0.0,0.0,0.0,0.0,0.0,0.0,0.0,0.0,0.0,0.0,0.0
2025-10-11 04:00:00,,,0.0,0.0,0.0,0.0,0.0,0.0,,,0.0,0.0,0.0,0.083333333333,0.0,1.0,0.0,,0.0,0.0
2025-10-11 08:00:00,,,0.0,0.0,0.0,0.0,0.0,0.0,,,0.0,0.0,0.0,0.031094527363,0.0,1.0,0.0,,0.0,0.0
2025-10-11 12:00:00,,,0.0,0.0,0.0,0.0,0.0,0.0,,,0.0,0.0,0.0,0.0,0.0,0.0,0.0,,0.0,0.0
2025-10-11 16:00:00,,,0.0,0.0,0.0,0.0,0.0,0.0,,,0.0,0.0,0.0,0.0,0.0,0.0,0.0,,0.0,0.0
2025-10-11 20:00:00,,,0.0,0.0,0.0,0.0,0.0,0.0,,,0.0,0.0,0.0,0.0,0.0,0.0,0.0,,0.0,0.0
2025-10-12 00:00:00,0.0,0.0,0.0,0.0,0.0,0.0,0.0,0.0,0.0,0.0,0.0,0.0,0.0,0.0,0.0,0.0,0.0,0.0,0.0,0.0
2025-10-12 04:00:00,,,0.0,0.0,0.0,0.0,0.0,0.0,,,0.0,0.0,0.0,0.0,0.0,0.0,0.0,,0.0,0.0
2025-10-12 08:00:00,,,0.0,0.0,0.0,0.0,0.0,0.0,,,0.0,0.0,0.0,0.0,0.0,0.0,0.0,,0.0,0.0
2025-10-12 12:00:00,,,0.0,0.0,0.0,0.0,0.0,0.0,,,0.0,0.0,0.0,0.019470404984,0.0,1.0,0.0,,0.0,0.0
2025-10-12 16:00:00,,,0.0,0.0,0.0,0.0,0.0,0.0,,,0.0,0.0,0.0,0.0,0.0,0.0,0.0,,0.0,0.0
2025-10-12 20:00:00,,,0.0,0.0,0.0,0.0,0.0,0.0,,,0.0,0.0,0.0,0.0,0.0,0.0,0.0,,0.0,0.0
2025-10-13 00:00:00,0.0,0.0,0.0,0.0,0.0,0.0,0.0,0.0,0.0,0.0,0.0,0.0,0.0,0.0,0.0,0.0,0.0,0.0,0.0,0.0
2025-10-13 04:00:00,,,0.0,0.0,0.0,0.0,0.0,0.0,,,0.0,0.0,0.0,0.014880952381,0.0,1.0,0.0,,0.0,0.0
2025-10-13 08:00:00,,,0.0,0.0,0.0,0.0,0.0,0.0,,,0.0,0.0,0.0,0.0,0.0,0.0,0.0,,0.0,0.0
2025-10-13 12:00:00,,,0.0,0.0,0.0,0.0,0.0,0.0,,,0.0,0.0,0.0,0.040849673203,0.0,1.0,0.0,,0.0,0.0
2025-10-13 16:00:00,,,0.0,0.0,0.0,0.0,0.0,0.0,,,0.0,0.0,0.0,0.022893772894,0.0,1.0,0.0,,0.0,0.0
2025-10-13 20:00:00,,,0.0,0.0,0.0,0.0,0.0,0.0,,,0.0,0.0,0.0,0.05886627907,0.0,2.0,0.0,,0.0,0.0
2025-10-14 00:00:00,0.0,0.0,0.0,0.0,0.0,0.0,0.0,0.0,0.0,0.0,0.0,0.0,0.0,0.0,0.0,0.0,0.0,0.0,0.0,0.0
2025-10-14 04:00:00,,,0.0,0.0,0.0,0.0,0.0,0.0,,,0.0,0.0,0.0,0.016801075269,0.0,1.0,0.0,,0.0,0.0
2025-10-14 08:00:00,,,0.0,0.0,0.0,0.0,0.0,0.0,,,0.0,0.0,0.0,0.017959770115,0.0,1.0,0.0,,0.0,0.0
2025-10-14 12:00:00,,,0.0,0.0,0.0,0.0,0.0,0.0,,,0.0,0.0,0.0,0.028538812785,0.0,1.0,0.0,,0.0,0.0
2025-10-14 16:00:00,,,0.0,0.0,0.0,0.0,0.0,0.0,,,0.0,0.0,0.0,0.0,0.0,0.0,0.0,,0.0,0.0
2025-10-14 20:00:00,,,0.0,0.0,0.0,0.0,0.0,0.0,,,0.0,0.0,0.0,0.0,0.0,0.0,0.0,,0.0,0.0
2025-10-15 00:00:00,0.0,0.0,0.0,0.0,0.0,0.0,0.0,0.0,0.0,0.0,0.0,0.0,0.0,0.024224806202,0.0,1.0,0.0,0.0,0.0,0.0
2025-10-15 04:00:00,,,0.0,0.0,0.0,0.0,0.0,0.0,,,0.0,0.0,0.0,0.0,0.0,0.0,0.0,,0.0,0.0
2025-10-15 08:00:00,,,0.0,0.0,0.0,0.0,0.0,0.0,,,0.0,0.0,0.0,0.031094527363,0.0,1.0,0.0,,0.0,0.0
2025-10-15 12:00:00,,,0.0,0.0,0.0,0.0,0.0,0.0,,,0.0,0.0,0.0,0.040120214753,0.0,2.0,0.0,,0.0,0.0
2025-10-15 16:00:00,,,0.0,0.0,0.0,0.0,0.0,0.0,,,0.0,0.0,0.0,0.008644536653,0.0,1.0,0.0,,0.0,0.0
2025-10-15 20:00:00,,,0.0,0.0,0.0,0.0,0.0,0.0,,,0.0,0.0,0.0,0.024801587302,0.0,1.0,0.0,,0.0,0.0
2025-10-16 00:00:00,0.0,0.0,0.0,0.0,0.0,0.0,0.0,0.0,0.0,0.0,0.0,0.0,0.0,0.0,0.0,0.0,0.0,0.0,0.0,0.0
2025-10-16 04:00:00,,,0.0,0.0,0.0,0.0,0.0,0.0,,,0.0,0.0,0.0,0.045433145009,0.0,2.0,0.0,,0.0,0.0
2025-10-16 08:00:00,,,0.0,0.0,0.0,0.0,0.0,0.0,,,0.0,0.0,0.0,0.048928419176,0.0,2.0,0.0,,0.0,0.0
2025-10-16 12:00:00,,,0.0,0.0,0.0,0.0,0.0,0.0,,,0.0,0.0,0.0,0.025198016269,0.0,2.0,0.0,,0.0,0.0
2025-10-16 16:00:00,,,0.0,0.0,0.0,0.0,0.0,0.0,,,0.0,0.0,0.0,0.018601190476,0.0,0.0,0.0,,0.0,0.0
2025-10-16 20:00:00,,,0.0,0.0,0.0,0.0,0.0,0.0,,,0.0,0.0,0.0,0.0,0.0,0.0,0.0,,0.0,0.0
2025-10-17 00:00:00,0.0,0.0,0.0,0.0,0.0,0.0,0.0,0.0,0.0,0.0,0.0,0.0,0.0,0.0,0.0,0.0,0.0,0.0,0.0,0.0
2025-10-17 04:00:00,,,0.0,0.0,0.0,0.0,0.0,0.0,,,0.0,0.0,0.0,0.0,0.0,0.0,0.0,,0.0,0.0
2025-10-17 08:00:00,,,0.0,0.0,0.0,0.0,0.0,0.0,,,0.0,0.0,0.0,0.027048568715,0.0,2.0,0.0,,0.0,0.0
2025-10-17 12:00:00,,,0.0,0.0,0.0,0.0,0.0,0.0,,,0.0,0.0,0.0,0.036768517079,0.0,2.0,0.0,,0.0,0.0
2025-10-17 16:00:00,,,0.0,0.0,0.0,0.0,0.0,0.0,,,0.0,0.0,0.0,0.012183235867,0.0,1.0,0.0,,0.0,0.0
2025-10-17 20:00:00,,,0.0,0.0,0.0,0.0,0.0,0.0,,,0.0,0.0,0.0,0.0,0.0,0.0,0.0,,0.0,0.0
2025-10-18 00:00:00,0.0,0.0,0.0,0.0,0.0,0.0,0.0,0.0,0.0,0.0,0.0,0.0,0.0,0.0,0.0,0.0,0.0,0.0,0.0,0.0
2025-10-18 04:00:00,,,0.0,0.0,0.0,0.0,0.0,0.0,,,0.0,0.0,0.0,0.029342723005,0.0,1.0,0.0,,0.0,0.0
2025-10-18 08:00:00,,,0.0,0.0,0.0,0.0,0.0,0.0,,,0.0,0.0,0.0,0.0,0.0,0.0,0.0,,0.0,0.0
2025-10-18 12:00:00,,,0.0,0.0,0.0,0.0,0.0,0.0,,,0.0,0.0,0.0,0.0,0.0,0.0,0.0,,0.0,0.0
2025-10-18 16:00:00,,,0.0,0.0,0.0,0.0,0.0,0.0,,,0.0,0.0,0.0,0.054824561404,0.0,1.0,0.0,,0.0,0.0
2025-10-18 20:00:00,,,0.0,0.0,0.0,0.0,0.0,0.0,,,0.0,0.0,0.0,0.0,0.0,0.0,0.0,,0.0,0.0
2025-10-19 00:00:00,0.0,0.0,0.0,0.0,0.0,0.0,0.0,0.0,0.0,0.0,0.0,0.0,0.0,0.029342723005,0.0,1.0,0.0,0.0,0.0,0.0
2025-10-19 04:00:00,,,0.0,0.0,0.0,0.0,0.0,0.0,,,0.0,0.0,0.0,0.0,0.0,0.0,0.0,,0.0,0.0
2025-10-19 08:00:00,,,0.0,0.0,0.0,0.0,0.0,0.0,,,0.0,0.0,0.0,0.05787037037,0.0,1.0,0.0,,0.0,0.0
2025-10-19 12:00:00,,,0.0,0.0,0.0,0.0,0.0,0.0,,,0.0,0.0,0.0,0.0,0.0,0.0,0.0,,0.0,0.0
2025-10-19 16:00:00,,,0.0,0.0,0.0,0.0,0.0,0.0,,,0.0,0.0,0.0,0.021258503401,0.0,1.0,0.0,,0.0,0.0
2025-10-19 20:00:00,,,0.0,0.0,0.0,0.0,0.0,0.0,,,0.0,0.0,0.0,0.0,0.0,0.0,0.0,,0.0,0.0
2025-10-20 00:00:00,0.0,0.0,0.0,0.0,0.0,0.0,0.0,0.0,0.0,0.0,0.0,0.0,0.0,0.0,0.0,0.0,0.0,0.0,0.0,0.0
2025-10-20 04:00:00,,,0.0,0.0,0.0,0.0,0.0,0.0,,,0.0,0.0,0.0,0.0,0.0,0.0,0.0,,0.0,0.0
2025-10-20 08:00:00,,,0.0,0.0,0.0,0.0,0.0,0.0,,,0.0,0.0,0.0,0.044122590766,0.0,2.0,0.0,,0.0,0.0
2025-10-20 12:00:00,,,0.0,0.0,0.0,0.0,0.0,0.0,,,0.0,0.0,0.0,0.043348462125,0.0,3.0,0.0,,0.0,0.0
2025-10-20 16:00:00,,,0.0,0.0,0.0,0.0,0.0,0.0,,,0.0,0.0,0.0,0.029009953106,0.0,2.0,0.0,,0.0,0.0
2025-10-20 20:00:00,,,0.0,0.0,0.0,0.0,0.0,0.0,,,0.0,0.0,0.0,0.025720164609,0.0,2.0,0.0,,0.0,0.0
2025-10-21 00:00:00,0.0,0.0,0.0,0.0,0.0,0.0,0.0,0.0,0.0,0.0,0.0,0.0,0.0,0.0,0.0,0.0,0.0,0.0,0.0,0.0
2025-10-21 04:00:00,,,0.0,0.0,0.0,0.0,0.0,0.0,,,0.0,0.0,0.0,0.0,0.0,0.0,0.0,,0.0,0.0
2025-10-21 08:00:00,,,0.0,0.0,0.0,0.0,0.0,0.0,,,0.0,0.0,0.0,0.0,0.0,1.0,0.0,,0.0,0.0
2025-10-21 12:00:00,,,0.0,0.0,0.0,0.0,0.0,0.0,,,0.0,0.0,0.0,0.026371308017,0.0,1.0,0.0,,0.0,0.0
2025-10-21 16:00:00,,,0.0,0.0,0.0,0.0,0.0,0.0,,,0.0,0.0,0.0,0.049652432969,0.0,2.0,0.0,,0.0,0.0
2025-10-21 20:00:00,,,0.0,0.0,0.0,0.0,0.0,0.0,,,0.0,0.0,0.0,0.055067207606,0.0,2.0,0.0,,0.0,0.0
2025-10-22 00:00:00,0.0,0.0,0.0,0.0,0.0,0.0,0.0,0.0,0.0,0.0,0.0,0.0,0.0,0.0,0.0,0.0,0.0,0.0,0.0,0.0
2025-10-22 04:00:00,,,0.0,0.0,0.0,0.0,0.0,0.0,,,0.0,0.0,0.0,0.050006350013,0.0,2.0,0.0,,0.0,0.0
2025-10-22 08:00:00,,,0.0,0.0,0.0,0.0,0.0,0.0,,,0.0,0.0,0.0,0.0,0.0,0.0,0.0,,0.0,0.0
2025-10-22 12:00:00,,,0.0,0.0,0.0,0.0,0.0,0.0,,,0.0,0.0,0.0,0.038420741546,0.0,3.0,0.0,,0.0,0.0
2025-10-22 16:00:00,,,0.0,0.0,0.0,0.0,0.0,0.0,,,0.0,0.0,0.0,0.029678009329,0.0,2.0,0.0,,0.0,0.0
2025-10-22 20:00:00,,,0.0,0.0,0.0,0.0,0.0,0.0,,,0.0,0.0,0.0,0.049631310267,0.0,2.0,0.0,,0.0,0.0
2025-10-23 00:00:00,0.0,0.0,0.0,0.0,0.0,0.0,0.0,0.0,0.0,0.0,0.0,0.0,0.0,0.157232704403,0.0,4.0,0.0,0.0,0.0,0.0
2025-10-23 04:00:00,,,0.0,0.0,0.0,0.0,0.0,0.0,,,0.0,0.0,0.0,0.0,0.0,0.0,0.0,,0.0,0.0
2025-10-23 08:00:00,,,0.0,0.0,0.0,0.0,0.0,0.0,,,0.0,0.0,0.0,0.036753266403,0.0,3.0,0.0,,0.0,0.0
2025-10-23 12:00:00,,,0.0,0.0,0.0,0.0,0.0,0.0,,,0.0,0.0,0.0,0.011140819964,0.0,1.0,0.0,,0.0,0.0
2025-10-23 16:00:00,,,0.0,0.0,0.0,0.0,0.0,0.0,,,0.0,0.0,0.0,0.019470404984,0.0,1.0,0.0,,0.0,0.0
2025-10-23 20:00:00,,,0.0,0.0,0.0,0.0,0.0,0.0,,,0.0,0.0,0.0,0.0,0.0,0.0,0.0,,0.0,0.0
2025-10-24 00:00:00,0.0,0.0,0.0,0.0,0.0,0.0,0.0,0.0,0.0,0.0,0.0,0.0,0.0,0.069444444444,0.0,2.0,0.0,0.0,0.0,0.0
2025-10-24 04:00:00,,,0.0,0.0,0.0,0.0,0.0,0.0,,,0.0,0.0,0.0,0.0,0.0,0.0,0.0,,0.0,0.0
2025-10-24 08:00:00,,,0.0,0.0,0.0,0.0,0.0,0.0,,,0.0,0.0,0.0,0.019470404984,0.0,1.0,0.0,,0.0,0.0
2025-10-24 12:00:00,,,0.0,0.0,0.0,0.0,0.0,0.0,,,0.0,0.0,0.0,0.011837121212,0.0,1.0,0.0,,0.0,0.0
2025-10-24 16:00:00,,,0.0,0.0,0.0,0.0,0.0,0.0,,,0.0,0.0,0.0,0.038665449192,0.0,3.0,0.0,,0.0,0.0
2025-10-24 20:00:00,,,0.0,0.0,0.0,0.0,0.0,0.0,,,0.0,0.0,0.0,0.054271708683,0.0,2.0,0.0,,0.0,0.0
2025-10-25 00:00:00,0.0,0.0,0.0,0.0,0.0,0.0,0.0,0.0,0.0,0.0,0.0,0.0,0.0,0.019113149847,0.0,1.0,0.0,0.0,0.0,0.0
2025-10-25 04:00:00,,,0.0,0.0,0.0,0.0,0.0,0.0,,,0.0,0.0,0.0,0.0,0.0,0.0,0.0,,0.0,0.0
2025-10-25 08:00:00,,,0.0,0.0,0.0,0.0,0.0,0.0,,,0.0,0.0,0.0,0.054824561404,0.0,1.0,0.0,,0.0,0.0
2025-10-25 12:00:00,,,0.0,0.0,0.0,0.0,0.0,0.0,,,0.0,0.0,0.0,0.0,0.0,0.0,0.0,,0.0,0.0
2025-10-25 16:00:00,,,0.0,0.0,0.0,0.0,0.0,0.0,,,0.0,0.0,0.0,0.0,0.0,0.0,0.0,,0.0,0.0
2025-10-25 20:00:00,,,0.0,0.0,0.0,0.0,0.0,0.0,,,0.0,0.0,0.0,0.024696048632,0.0,2.0,0.0,,0.0,0.0
2025-10-26 00:00:00,0.0,0.0,0.0,0.0,0.0,0.0,0.0,0.0,0.0,0.0,0.0,0.0,0.0,0.0,0.0,0.0,0.0,0.0,0.0,0.0
2025-10-26 04:00:00,,,0.0,0.0,0.0,0.0,0.0,0.0,,,0.0,0.0,0.0,0.0,0.0,0.0,0.0,,0.0,0.0
2025-10-26 08:00:00,,,0.0,0.0,0.0,0.0,0.0,0.0,,,0.0,0.0,0.0,0.021258503401,0.0,1.0,0.0,,0.0,0.0
2025-10-26 12:00:00,,,0.0,0.0,0.0,0.0,0.0,0.0,,,0.0,0.0,0.0,0.0,0.0,0.0,0.0,,0.0,0.0
2025-10-26 16:00:00,,,0.0,0.0,0.0,0.0,0.0,0.0,,,0.0,0.0,0.0,0.022893772894,0.0,1.0,0.0,,0.0,0.0
2025-10-26 20:00:00,,,0.0,0.0,0.0,0.0,0.0,0.0,,,0.0,0.0,0.0,0.0,0.0,0.0,0.0,,0.0,0.0
2025-10-27 00:00:00,0.0,0.0,0.0,0.0,0.0,0.0,0.0,0.0,0.0,0.0,0.0,0.0,0.0,0.07049168186,0.0,3.0,0.0,0.0,0.0,0.0
2025-10-27 04:00:00,,,0.0,0.0,0.0,0.0,0.0,0.0,,,0.0,0.0,0.0,0.0,0.0,0.0,0.0,,0.0,0.0
2025-10-27 08:00:00,,,0.0,0.0,0.0,0.0,0.0,0.0,,,0.0,0.0,0.0,0.0,0.0,0.0,0.0,,0.0,0.0
2025-10-27 12:00:00,,,0.0,0.0,0.0,0.0,0.0,0.0,,,0.0,0.0,0.0,0.027349950663,0.0,2.0,0.0,,0.0,0.0
2025-10-27 16:00:00,,,0.0,0.0,0.0,0.0,0.0,0.0,,,0.0,0.0,0.0,0.0,0.0,0.0,0.0,,0.0,0.0
2025-10-27 20:00:00,,,0.0,0.0,0.0,0.0,0.0,0.0,,,0.0,0.0,0.0,0.0,0.0,0.0,0.0,,0.0,0.0
2025-10-28 00:00:00,0.0,0.0,0.0,0.0,0.0,0.0,0.0,0.0,0.0,0.0,0.0,0.0,0.0,0.0,0.0,0.0,0.0,0.0,0.0,0.0
2025-10-28 04:00:00,,,0.0,0.0,0.0,0.0,0.0,0.0,,,0.0,0.0,0.0,0.034722222222,0.0,1.0,0.0,,0.0,0.0
2025-10-28 08:00:00,,,0.0,0.0,0.0,0.0,0.0,0.0,,,0.0,0.0,0.0,0.0,0.0,0.0,0.0,,0.0,0.0
2025-10-28 12:00:00,,,0.0,0.0,0.0,0.0,0.0,0.0,,,0.0,0.0,0.0,0.025584431389,0.0,2.0,0.0,,0.0,0.0
2025-10-28 16:00:00,,,0.0,0.0,0.0,0.0,0.0,0.0,,,0.0,0.0,0.0,0.0,0.0,0.0,0.0,,0.0,0.0
2025-10-28 20:00:00,,,0.0,0.0,0.0,0.0,0.0,0.0,,,0.0,0.0,0.0,0.0,0.0,0.0,0.0,,0.0,0.0
2025-10-29 00:00:00,0.0,0.0,0.0,0.0,0.0,0.0,0.0,0.0,0.0,0.0,0.0,0.0,0.0,0.0,0.0,0.0,0.0,0.0,0.0,0.0
2025-10-29 04:00:00,,,0.0,0.0,0.0,0.0,0.0,0.0,,,0.0,0.0,0.0,0.028538812785,0.0,1.0,0.0,,0.0,0.0
2025-10-29 08:00:00,,,0.0,0.0,0.0,0.0,0.0,0.0,,,0.0,0.0,0.0,0.0,0.0,0.0,0.0,,0.0,0.0
2025-10-29 12:00:00,,,0.0,0.0,0.0,0.0,0.0,0.0,,,0.0,0.0,0.0,0.017655367232,0.0,1.0,0.0,,0.0,0.0
2025-10-29 16:00:00,,,0.0,0.0,0.0,0.0,0.0,0.0,,,0.0,0.0,0.0,0.0,0.0,0.0,0.0,,0.0,0.0
2025-10-29 20:00:00,,,0.0,0.0,0.0,0.0,0.0,0.0,,,0.0,0.0,0.0,0.010907504363,0.0,1.0,0.0,,0.0,0.0
2025-10-30 00:00:00,0.0,0.0,0.0,0.0,0.0,0.0,0.0,0.0,0.0,0.0,0.0,0.0,0.0,0.0,0.0,0.0,0.0,0.0,0.0,0.0
2025-10-30 04:00:00,,,0.0,0.0,0.0,0.0,0.0,0.0,,,0.0,0.0,0.0,0.021044292045,0.0,2.0,0.0,,0.0,0.0
2025-10-30 08:00:00,,,0.0,0.0,0.0,0.0,0.0,0.0,,,0.0,0.0,0.0,0.0,0.0,0.0,0.0,,0.0,0.0
2025-10-30 12:00:00,,,0.0,0.0,0.0,0.0,0.0,0.0,,,0.0,0.0,0.0,0.037051868693,0.0,4.0,0.0,,0.0,0.0
2025-10-30 16:00:00,,,0.0,0.0,0.0,0.0,0.0,0.0,,,0.0,0.0,0.0,0.037881036757,0.0,4.0,0.0,,0.0,0.0
2025-10-30 20:00:00,,,0.0,0.0,0.0,0.0,0.0,0.0,,,0.0,0.0,0.0,0.0,0.0,0.0,0.0,,0.0,0.0
2025-10-31 00:00:00,0.0,0.0,0.0,0.0,0.0,0.0,0.0,0.0,0.0,0.0,0.0,0.0,0.0,0.0,0.0,0.0,0.0,0.0,0.0,0.0
2025-10-31 04:00:00,,,0.0,0.0,0.0,0.0,0.0,0.0,,,0.0,0.0,0.0,0.0,0.0,0.0,0.0,,0.0,0.0
2025-10-31 08:00:00,,,0.0,0.0,0.0,0.0,0.0,0.0,,,0.0,0.0,0.0,0.0,0.0,0.0,0.0,,0.0,0.0
2025-10-31 12:00:00,,,0.0,0.0,0.0,0.0,0.0,0.0,,,0.0,0.0,0.0,0.019391696726,0.0,2.0,0.0,,0.0,0.0
2025-10-31 16:00:00,,,0.0,0.0,0.0,0.0,0.0,0.0,,,0.0,0.0,0.0,0.034356745457,0.0,3.0,0.0,,0.0,0.0
2025-10-31 20:00:00,,,0.0,0.0,0.0,0.0,0.0,0.0,,,0.0,0.0,0.0,0.0,0.0,0.0,0.0,,0.0,0.0
2025-11-01 00:00:00,0.0,0.0,0.0,0.0,0.0,0.0,0.0,0.0,0.0,0.0,0.0,0.0,0.0,0.015432098765,0.0,1.0,0.0,0.0,0.0,0.0
2025-11-01 04:00:00,,,0.0,0.0,0.0,0.0,0.0,0.0,,,0.0,0.0,0.0,0.0,0.0,0.0,0.0,,0.0,0.0
2025-11-01 08:00:00,,,0.0,0.0,0.0,0.0,0.0,0.0,,,0.0,0.0,0.0,0.009512937595,0.0,1.0,0.0,,0.0,0.0
2025-11-01 12:00:00,,,0.0,0.0,0.0,0.0,0.0,0.0,,,0.0,0.0,0.0,0.0,0.0,0.0,0.0,,0.0,0.0
2025-11-01 16:00:00,,,0.0,0.0,0.0,0.0,0.0,0.0,,,0.0,0.0,0.0,0.006944444444,0.0,1.0,0.0,,0.0,0.0
2025-11-01 20:00:00,,,0.0,0.0,0.0,0.0,0.0,0.0,,,0.0,0.0,0.0,0.0,0.0,0.0,0.0,,0.0,0.0
2025-11-02 00:00:00,0.0,0.0,0.0,0.0,0.0,0.0,0.0,0.0,0.0,0.0,0.0,0.0,0.0,0.0,0.0,0.0,0.0,0.0,0.0,0.0
2025-11-02 04:00:00,,,0.0,0.0,0.0,0.0,0.0,0.0,,,0.0,0.0,0.0,0.0,0.0,0.0,0.0,,0.0,0.0
2025-11-02 08:00:00,,,0.0,0.0,0.0,0.0,0.0,0.0,,,0.0,0.0,0.0,0.0,0.0,0.0,0.0,,0.0,0.0
2025-11-02 12:00:00,,,0.0,0.0,0.0,0.0,0.0,0.0,,,0.0,0.0,0.0,0.0150351297,0.0,2.0,0.0,,0.0,0.0
2025-11-02 16:00:00,,,0.0,0.0,0.0,0.0,0.0,0.0,,,0.0,0.0,0.0,0.0,0.0,0.0,0.0,,0.0,0.0
2025-11-02 20:00:00,,,0.0,0.0,0.0,0.0,0.0,0.0,,,0.0,0.0,0.0,0.0,0.0,0.0,0.0,,0.0,0.0
2025-11-03 00:00:00,0.0,0.0,0.0,0.0,0.0,0.0,0.0,0.0,0.0,0.0,0.0,0.0,0.0,0.0,0.0,0.0,0.0,0.0,0.0,0.0
2025-11-03 04:00:00,,,0.0,0.0,0.0,0.0,0.0,0.0,,,0.0,0.0,0.0,0.012867891231,0.0,2.0,0.0,,0.0,0.0
2025-11-03 08:00:00,,,0.0,0.0,0.0,0.0,0.0,0.0,,,0.0,0.0,0.0,0.009180530481,0.0,2.0,0.0,,0.0,0.0
2025-11-03 12:00:00,,,0.0,0.0,0.0,0.0,0.0,0.0,,,0.0,0.0,0.0,0.0,0.0,0.0,0.0,,0.0,0.0
2025-11-03 16:00:00,,,0.0,0.0,0.0,0.0,0.0,0.0,,,0.0,0.0,0.0,0.019190679039,0.0,5.0,0.0,,0.0,0.0
2025-11-03 20:00:00,,,0.0,0.0,0.0,0.0,0.0,0.0,,,0.0,0.0,0.0,0.007804575186,0.0,2.0,0.0,,0.0,0.0
2025-11-04 00:00:00,0.0,0.0,0.0,0.0,0.0,0.0,0.0,0.0,0.0,0.0,0.0,0.0,0.0,0.0,0.0,0.0,0.0,0.0,0.0,0.0
2025-11-04 04:00:00,,,0.0,0.0,0.0,0.0,0.0,0.0,,,0.0,0.0,0.0,0.0,0.0,0.0,0.0,,0.0,0.0
2025-11-04 08:00:00,,,0.0,0.0,0.0,0.0,0.0,0.0,,,0.0,0.0,0.0,0.0,0.0,0.0,0.0,,0.0,0.0
2025-11-04 12:00:00,,,0.0,0.0,0.0,0.0,0.0,0.0,,,0.0,0.0,0.0,0.0,0.0,0.0,0.0,,0.0,0.0
2025-11-04 16:00:00,,,0.0,0.0,0.0,0.0,0.0,0.0,,,0.0,0.0,0.0,0.0,0.0,0.0,0.0,,0.0,0.0
2025-11-04 20:00:00,,,0.0,0.0,0.0,0.0,0.0,0.0,,,0.0,0.0,0.0,0.003549119818,0.0,1.0,0.0,,0.0,0.0
2025-11-05 00:00:00,0.0,0.0,0.0,0.0,0.0,0.0,0.0,0.0,0.0,0.0,0.0,0.0,0.0,0.0,0.0,0.0,0.0,0.0,0.0,0.0
2025-11-05 04:00:00,,,0.0,0.0,0.0,0.0,0.0,0.0,,,0.0,0.0,0.0,0.0,0.0,0.0,0.0,,0.0,0.0
2025-11-05 08:00:00,,,0.0,0.0,0.0,0.0,0.0,0.0,,,0.0,0.0,0.0,0.003312135665,0.0,1.0,0.0,,0.0,0.0
2025-11-05 12:00:00,,,0.0,0.0,0.0,0.0,0.0,0.0,,,0.0,0.0,0.0,0.0,0.0,0.0,0.0,,0.0,0.0
2025-11-05 16:00:00,,,0.0,0.0,0.0,0.0,0.0,0.0,,,0.0,0.0,0.0,0.003156565657,0.0,1.0,0.0,,0.0,0.0
2025-11-05 20:00:00,,,0.0,0.0,0.0,0.0,0.0,0.0,,,0.0,0.0,0.0,0.004304407713,0.0,1.0,0.0,,0.0,0.0
2025-11-06 00:00:00,0.0,0.0,0.0,0.0,0.0,0.0,0.0,0.0,0.0,0.0,0.0,0.0,0.0,0.0,0.0,0.0,0.0,0.0,0.0,0.0
2025-11-06 04:00:00,,,0.0,0.0,0.0,0.0,0.0,0.0,,,0.0,0.0,0.0,0.007436564194,0.0,2.0,0.0,,0.0,0.0
2025-11-06 08:00:00,,,0.0,0.0,0.0,0.0,0.0,0.0,,,0.0,0.0,0.0,0.006596368961,0.0,2.0,0.0,,0.0,0.0
2025-11-06 12:00:00,,,0.0,0.0,0.0,0.0,0.0,0.0,,,0.0,0.0,0.0,0.003794778385,0.0,1.0,0.0,,0.0,0.0
2025-11-06 16:00:00,,,0.0,0.0,0.0,0.0,0.0,0.0,,,0.0,0.0,0.0,0.009443870166,0.0,3.0,0.0,,0.0,0.0
2025-11-06 20:00:00,,,0.0,0.0,0.0,0.0,0.0,0.0,,,0.0,0.0,0.0,0.01385927894,0.0,4.0,0.0,,0.0,0.0
2025-11-07 00:00:00,0.0,0.0,0.0,0.0,0.0,0.0,0.0,0.0,0.0,0.0,0.0,0.0,0.0,0.0,0.0,0.0,0.0,0.0,0.0,0.0
2025-11-07 04:00:00,,,0.0,0.0,0.0,0.0,0.0,0.0,,,0.0,0.0,0.0,0.0,0.0,0.0,0.0,,0.0,0.0
2025-11-07 08:00:00,,,0.0,0.0,0.0,0.0,0.0,0.0,,,0.0,0.0,0.0,0.002705627706,0.0,1.0,0.0,,0.0,0.0
2025-11-07 12:00:00,,,0.0,0.0,0.0,0.0,0.0,0.0,,,0.0,0.0,0.0,0.008420838421,0.0,3.0,0.0,,0.0,0.0
2025-11-07 16:00:00,,,0.0,0.0,0.0,0.0,0.0,0.0,,,0.0,0.0,0.0,0.0,0.0,0.0,0.0,,0.0,0.0
2025-11-07 20:00:00,,,0.0,0.0,0.0,0.0,0.0,0.0,,,0.0,0.0,0.0,0.0,0.0,0.0,0.0,,0.0,0.0
2025-11-08 00:00:00,0.0,0.0,0.0,0.0,0.0,0.0,0.0,0.0,0.0,0.0,0.0,0.0,0.0,0.0,0.0,0.0,0.0,0.0,0.0,0.0
2025-11-08 04:00:00,,,0.0,0.0,0.0,0.0,0.0,0.0,,,0.0,0.0,0.0,0.0,0.0,0.0,0.0,,0.0,0.0
2025-11-08 08:00:00,,,0.0,0.0,0.0,0.0,0.0,0.0,,,0.0,0.0,0.0,0.003836709638,0.0,1.0,0.0,,0.0,0.0
2025-11-08 12:00:00,,,0.0,0.0,0.0,0.0,0.0,0.0,,,0.0,0.0,0.0,0.00304136253,0.0,1.0,0.0,,0.0,0.0
2025-11-08 16:00:00,,,0.0,0.0,0.0,0.0,0.0,0.0,,,0.0,0.0,0.0,0.003667840376,0.0,1.0,0.0,,0.0,0.0
2025-11-08 20:00:00,,,0.0,0.0,0.0,0.0,0.0,0.0,,,0.0,0.0,0.0,0.0,0.0,0.0,0.0,,0.0,0.0
2025-11-09 00:00:00,0.0,0.0,0.0,0.0,0.0,0.0,0.0,0.0,0.0,0.0,0.0,0.0,0.0,0.011574074074,0.0,1.0,0.0,0.0,0.0,0.0
2025-11-09 04:00:00,,,0.0,0.0,0.0,0.0,0.0,0.0,,,0.0,0.0,0.0,0.0,0.0,0.0,0.0,,0.0,0.0
2025-11-09 08:00:00,,,0.0,0.0,0.0,0.0,0.0,0.0,,,0.0,0.0,0.0,0.0,0.0,0.0,0.0,,0.0,0.0
2025-11-09 12:00:00,,,0.0,0.0,0.0,0.0,0.0,0.0,,,0.0,0.0,0.0,0.053418803419,0.0,1.0,0.0,,0.0,0.0
2025-11-09 16:00:00,,,0.0,0.0,0.0,0.0,0.0,0.0,,,0.0,0.0,0.0,0.0,0.0,0.0,0.0,,0.0,0.0
2025-11-09 20:00:00,,,0.0,0.0,0.0,0.0,0.0,0.0,,,0.0,0.0,0.0,0.0,0.0,0.0,0.0,,0.0,0.0
2025-11-10 00:00:00,0.0,0.0,0.0,0.0,0.0,0.0,0.0,0.0,0.0,0.0,0.0,0.0,0.0,0.0,0.0,0.0,0.0,0.0,0.0,0.0
2025-11-10 04:00:00,,,0.0,0.0,0.0,0.0,0.0,0.0,,,0.0,0.0,0.0,0.0,0.0,0.0,0.0,,0.0,0.0
2025-11-10 08:00:00,,,0.0,0.0,0.0,0.0,0.0,0.0,,,0.0,0.0,0.0,0.038235780423,0.0,2.0,0.0,,0.0,0.0
2025-11-10 12:00:00,,,0.0,0.0,0.0,0.0,0.0,0.0,,,0.0,0.0,0.0,0.046869733738,0.0,2.0,0.0,,0.0,0.0
2025-11-10 16:00:00,,,0.0,0.0,0.0,0.0,0.0,0.0,,,0.0,0.0,0.0,0.13909913223,0.0,6.0,0.0,,0.0,0.0
2025-11-10 20:00:00,,,0.0,0.0,0.0,0.0,0.0,0.0,,,0.0,0.0,0.0,0.030193236715,0.0,1.0,0.0,,0.0,0.0
2025-11-11 00:00:00,0.0,0.0,0.0,0.0,0.0,0.0,0.0,0.0,0.0,0.0,0.0,0.0,0.0,0.0,0.0,0.0,0.0,0.0,0.0,0.0
2025-11-11 04:00:00,,,0.0,0.0,0.0,0.0,0.0,0.0,,,0.0,0.0,0.0,0.076928222624,0.0,3.0,0.0,,0.0,0.0
2025-11-11 08:00:00,,,0.0,0.0,0.0,0.0,0.0,0.0,,,0.0,0.0,0.0,0.038397141802,0.0,2.0,0.0,,0.0,0.0
2025-11-11 12:00:00,,,0.0,0.0,0.0,0.0,0.0,0.0,,,0.0,0.0,0.0,0.016149870801,0.0,1.0,0.0,,0.0,0.0
2025-11-11 16:00:00,,,0.0,0.0,0.0,0.0,0.0,0.0,,,0.0,0.0,0.0,0.032280350677,0.0,2.0,0.0,,0.0,0.0
2025-11-11 20:00:00,,,0.0,0.0,0.0,0.0,0.0,0.0,,,0.0,0.0,0.0,0.037878787879,0.0,1.0,0.0,,0.0,0.0
2025-11-12 00:00:00,0.0,0.0,0.0,0.0,0.0,0.0,0.0,0.0,0.0,0.0,0.0,0.0,0.0,0.077160493827,0.0,1.0,0.0,0.0,0.0,0.0
2025-11-12 04:00:00,,,0.0,0.0,0.0,0.0,0.0,0.0,,,0.0,0.0,0.0,0.026371308017,0.0,1.0,0.0,,0.0,0.0
2025-11-12 08:00:00,,,0.0,0.0,0.0,0.0,0.0,0.0,,,0.0,0.0,0.0,0.032467850702,0.0,2.0,0.0,,0.0,0.0
2025-11-12 12:00:00,,,0.0,0.0,0.0,0.0,0.0,0.0,,,0.0,0.0,0.0,0.017806267806,0.0,1.0,0.0,,0.0,0.0
2025-11-12 16:00:00,,,0.0,0.0,0.0,0.0,0.0,0.0,,,0.0,0.0,0.0,0.0,0.0,0.0,0.0,,0.0,0.0
2025-11-12 20:00:00,,,0.0,0.0,0.0,0.0,0.0,0.0,,,0.0,0.0,0.0,0.0,0.0,0.0,0.0,,0.0,0.0
2025-11-13 00:00:00,0.0,0.0,0.0,0.0,0.0,0.0,0.0,0.0,0.0,0.0,0.0,0.0,0.0,0.0,0.0,0.0,0.0,0.0,0.0,0.0
2025-11-13 04:00:00,,,0.0,0.0,0.0,0.0,0.0,0.0,,,0.0,0.0,0.0,0.0,0.0,0.0,0.0,,0.0,0.0
2025-11-13 08:00:00,,,0.0,0.0,0.0,0.0,0.0,0.0,,,0.0,0.0,0.0,0.057010390238,0.0,2.0,0.0,,0.0,0.0
2025-11-13 12:00:00,,,0.0,0.0,0.0,0.0,0.0,0.0,,,0.0,0.0,0.0,0.053219186867,0.0,3.0,0.0,,0.0,0.0
2025-11-13 16:00:00,,,0.0,0.0,0.0,0.0,0.0,0.0,,,0.0,0.0,0.0,0.0,0.0,0.0,0.0,,0.0,0.0
2025-11-13 20:00:00,,,0.0,0.0,0.0,0.0,0.0,0.0,,,0.0,0.0,0.0,0.013982102908,0.0,1.0,0.0,,0.0,0.0
2025-11-14 00:00:00,0.0,0.0,0.0,0.0,0.0,0.0,0.0,0.0,0.0,0.0,0.0,0.0,0.0,0.0,0.0,0.0,0.0,0.0,0.0,0.0
2025-11-14 04:00:00,,,0.0,0.0,0.0,0.0,0.0,0.0,,,0.0,0.0,0.0,0.030637254902,0.0,1.0,0.0,,0.0,0.0
2025-11-14 08:00:00,,,0.0,0.0,0.0,0.0,0.0,0.0,,,0.0,0.0,0.0,0.0,0.0,0.0,0.0,,0.0,0.0
2025-11-14 12:00:00,,,0.0,0.0,0.0,0.0,0.0,0.0,,,0.0,0.0,0.0,0.012939958592,0.0,1.0,0.0,,0.0,0.0
2025-11-14 16:00:00,,,0.0,0.0,0.0,0.0,0.0,0.0,,,0.0,0.0,0.0,0.0,0.0,0.0,0.0,,0.0,0.0
2025-11-14 20:00:00,,,0.0,0.0,0.0,0.0,0.0,0.0,,,0.0,0.0,0.0,0.0,0.0,0.0,0.0,,0.0,0.0
2025-11-15 00:00:00,0.0,0.0,0.0,0.0,0.0,0.0,0.0,0.0,0.0,0.0,0.0,0.0,0.0,0.0,0.0,0.0,0.0,0.0,0.0,0.0
2025-11-15 04:00:00,,,0.0,0.0,0.0,0.0,0.0,0.0,,,0.0,0.0,0.0,0.035310734463,0.0,1.0,0.0,,0.0,0.0
2025-11-15 08:00:00,,,0.0,0.0,0.0,0.0,0.0,0.0,,,0.0,0.0,0.0,0.020247549133,0.0,2.0,0.0,,0.0,0.0
2025-11-15 12:00:00,,,0.0,0.0,0.0,0.0,0.0,0.0,,,0.0,0.0,0.0,0.018436578171,0.0,1.0,0.0,,0.0,0.0
2025-11-15 16:00:00,,,0.0,0.0,0.0,0.0,0.0,0.0,,,0.0,0.0,0.0,0.006742179072,0.0,1.0,0.0,,0.0,0.0
2025-11-15 20:00:00,,,0.0,0.0,0.0,0.0,0.0,0.0,,,0.0,0.0,0.0,0.0,0.0,0.0,0.0,,0.0,0.0
2025-11-16 00:00:00,0.0,0.0,0.0,0.0,0.0,0.0,0.0,0.0,0.0,0.0,0.0,0.0,0.0,0.0,0.0,0.0,0.0,0.0,0.0,0.0
2025-11-16 04:00:00,,,0.0,0.0,0.0,0.0,0.0,0.0,,,0.0,0.0,0.0,0.0,0.0,0.0,0.0,,0.0,0.0
2025-11-16 08:00:00,,,0.0,0.0,0.0,0.0,0.0,0.0,,,0.0,0.0,0.0,0.0,0.0,0.0,0.0,,0.0,0.0
2025-11-16 12:00:00,,,0.0,0.0,0.0,0.0,0.0,0.0,,,0.0,0.0,0.0,0.004925137904,0.0,1.0,0.0,,0.0,0.0
2025-11-16 16:00:00,,,0.0,0.0,0.0,0.0,0.0,0.0,,,0.0,0.0,0.0,0.017877660861,0.0,2.0,0.0,,0.0,0.0
2025-11-16 20:00:00,,,0.0,0.0,0.0,0.0,0.0,0.0,,,0.0,0.0,0.0,0.0,0.0,0.0,0.0,,0.0,0.0
2025-11-17 00:00:00,0.0,0.0,0.0,0.0,0.0,0.0,0.0,0.0,0.0,0.0,0.0,0.0,0.0,0.0,0.0,0.0,0.0,0.0,0.0,0.0
2025-11-17 04:00:00,,,0.0,0.0,0.0,0.0,0.0,0.0,,,0.0,0.0,0.0,0.010964912281,0.0,1.0,0.0,,0.0,0.0
2025-11-17 08:00:00,,,0.0,0.0,0.0,0.0,0.0,0.0,,,0.0,0.0,0.0,0.011638733706,0.0,1.0,0.0,,0.0,0.0
2025-11-17 12:00:00,,,0.0,0.0,0.0,0.0,0.0,0.0,,,0.0,0.0,0.0,0.004879000781,0.0,1.0,0.0,,0.0,0.0
2025-11-17 16:00:00,,,0.0,0.0,0.0,0.0,0.0,0.0,,,0.0,0.0,0.0,0.005247691016,0.0,1.0,0.0,,0.0,0.0
2025-11-17 20:00:00,,,0.0,0.0,0.0,0.0,0.0,0.0,,,0.0,0.0,0.0,0.007631257631,0.0,1.0,0.0,,0.0,0.0
2025-11-18 00:00:00,0.0,0.0,0.0,0.0,0.0,0.0,0.0,0.0,0.0,0.0,0.0,0.0,0.0,0.0,0.0,0.0,0.0,0.0,0.0,0.0
2025-11-18 04:00:00,,,0.0,0.0,0.0,0.0,0.0,0.0,,,0.0,0.0,0.0,0.017959770115,0.0,1.0,0.0,,0.0,0.0
2025-11-18 08:00:00,,,0.0,0.0,0.0,0.0,0.0,0.0,,,0.0,0.0,0.0,0.0,0.0,0.0,0.0,,0.0,0.0
2025-11-18 12:00:00,,,0.0,0.0,0.0,0.0,0.0,0.0,,,0.0,0.0,0.0,0.015096618357,0.0,1.0,0.0,,0.0,0.0
2025-11-18 16:00:00,,,0.0,0.0,0.0,0.0,0.0,0.0,,,0.0,0.0,0.0,0.018671111463,0.0,2.0,0.0,,0.0,0.0
2025-11-18 20:00:00,,,0.0,0.0,0.0,0.0,0.0,0.0,,,0.0,0.0,0.0,0.02296686747,0.0,2.0,0.0,,0.0,0.0
2025-11-19 00:00:00,0.0,0.0,0.0,0.0,0.0,0.0,0.0,0.0,0.0,0.0,0.0,0.0,0.0,0.007687576876,0.0,1.0,0.0,0.0,0.0,0.0
2025-11-19 04:00:00,,,0.0,0.0,0.0,0.0,0.0,0.0,,,0.0,0.0,0.0,0.011322463768,0.0,1.0,0.0,,0.0,0.0
2025-11-19 08:00:00,,,0.0,0.0,0.0,0.0,0.0,0.0,,,0.0,0.0,0.0,0.007233796296,0.0,1.0,0.0,,0.0,0.0
2025-11-19 12:00:00,,,0.0,0.0,0.0,0.0,0.0,0.0,,,0.0,0.0,0.0,0.005707762557,0.0,1.0,0.0,,0.0,0.0
2025-11-19 16:00:00,,,0.0,0.0,0.0,0.0,0.0,0.0,,,0.0,0.0,0.0,0.021722061462,0.0,4.0,0.0,,0.0,0.0
2025-11-19 20:00:00,,,0.0,0.0,0.0,0.0,0.0,0.0,,,0.0,0.0,0.0,0.010275150873,0.0,2.0,0.0,,0.0,0.0
2025-11-20 00:00:00,0.0,0.0,0.0,0.0,0.0,0.0,0.0,0.0,0.0,0.0,0.0,0.0,0.0,0.0,0.0,0.0,0.0,0.0,0.0,0.0
2025-11-20 04:00:00,,,0.0,0.0,0.0,0.0,0.0,0.0,,,0.0,0.0,0.0,0.010469011725,0.0,2.0,0.0,,0.0,0.0
2025-11-20 08:00:00,,,0.0,0.0,0.0,0.0,0.0,0.0,,,0.0,0.0,0.0,0.007685982355,0.0,2.0,0.0,,0.0,0.0
2025-11-20 12:00:00,,,0.0,0.0,0.0,0.0,0.0,0.0,,,0.0,0.0,0.0,0.005195344971,0.0,1.0,0.0,,0.0,0.0
2025-11-20 16:00:00,,,0.0,0.0,0.0,0.0,0.0,0.0,,,0.0,0.0,0.0,0.003774154589,0.0,1.0,0.0,,0.0,0.0
2025-11-20 20:00:00,,,0.0,0.0,0.0,0.0,0.0,0.0,,,0.0,0.0,0.0,0.0,0.0,0.0,0.0,,0.0,0.0
2025-11-21 00:00:00,0.0,0.0,0.0,0.0,0.0,0.0,0.0,0.0,0.0,0.0,0.0,0.0,0.0,0.008644572344,0.0,2.0,0.0,0.0,0.0,0.0
2025-11-21 04:00:00,,,0.0,0.0,0.0,0.0,0.0,0.0,,,0.0,0.0,0.0,0.0,0.0,0.0,0.0,,0.0,0.0
2025-11-21 08:00:00,,,0.0,0.0,0.0,0.0,0.0,0.0,,,0.0,0.0,0.0,0.004451566952,0.0,1.0,0.0,,0.0,0.0
2025-11-21 12:00:00,,,0.0,0.0,0.0,0.0,0.0,0.0,,,0.0,0.0,0.0,0.022077694819,0.0,5.0,0.0,,0.0,0.0
2025-11-21 16:00:00,,,0.0,0.0,0.0,0.0,0.0,0.0,,,0.0,0.0,0.0,0.003555176337,0.0,1.0,0.0,,0.0,0.0
2025-11-21 20:00:00,,,0.0,0.0,0.0,0.0,0.0,0.0,,,0.0,0.0,0.0,0.008171941368,0.0,2.0,0.0,,0.0,0.0
2025-11-22 00:00:00,0.0,0.0,0.0,0.0,0.0,0.0,0.0,0.0,0.0,0.0,0.0,0.0,0.0,0.0,0.0,0.0,0.0,0.0,0.0,0.0
2025-11-22 04:00:00,,,0.0,0.0,0.0,0.0,0.0,0.0,,,0.0,0.0,0.0,0.009984063488,0.0,2.0,0.0,,0.0,0.0
2025-11-22 08:00:00,,,0.0,0.0,0.0,0.0,0.0,0.0,,,0.0,0.0,0.0,0.0,0.0,0.0,0.0,,0.0,0.0
2025-11-22 12:00:00,,,0.0,0.0,0.0,0.0,0.0,0.0,,,0.0,0.0,0.0,0.004538852578,0.0,1.0,0.0,,0.0,0.0
2025-11-22 16:00:00,,,0.0,0.0,0.0,0.0,0.0,0.0,,,0.0,0.0,0.0,0.004833720031,0.0,1.0,0.0,,0.0,0.0
2025-11-22 20:00:00,,,0.0,0.0,0.0,0.0,0.0,0.0,,,0.0,0.0,0.0,0.005118755119,0.0,1.0,0.0,,0.0,0.0
2025-11-23 00:00:00,0.0,0.0,0.0,0.0,0.0,0.0,0.0,0.0,0.0,0.0,0.0,0.0,0.0,0.0,0.0,0.0,0.0,0.0,0.0,0.0
2025-11-23 04:00:00,,,0.0,0.0,0.0,0.0,0.0,0.0,,,0.0,0.0,0.0,0.0,0.0,0.0,0.0,,0.0,0.0
2025-11-23 08:00:00,,,0.0,0.0,0.0,0.0,0.0,0.0,,,0.0,0.0,0.0,0.007744733581,0.0,1.0,0.0,,0.0,0.0
2025-11-23 12:00:00,,,0.0,0.0,0.0,0.0,0.0,0.0,,,0.0,0.0,0.0,0.0,0.0,0.0,0.0,,0.0,0.0
2025-11-23 16:00:00,,,0.0,0.0,0.0,0.0,0.0,0.0,,,0.0,0.0,0.0,0.0,0.0,0.0,0.0,,0.0,0.0
2025-11-23 20:00:00,,,0.0,0.0,0.0,0.0,0.0,0.0,,,0.0,0.0,0.0,0.009689922481,0.0,1.0,0.0,,0.0,0.0
2025-11-24 00:00:00,0.0,0.0,0.0,0.0,0.0,0.0,0.0,0.0,0.0,0.0,0.0,0.0,0.0,0.0,0.0,0.0,0.0,0.0,0.0,0.0
2025-11-24 04:00:00,,,0.0,0.0,0.0,0.0,0.0,0.0,,,0.0,0.0,0.0,0.0,0.0,0.0,0.0,,0.0,0.0
2025-11-24 08:00:00,,,0.0,0.0,0.0,0.0,0.0,0.0,,,0.0,0.0,0.0,0.013020833333,0.0,1.0,0.0,,0.0,0.0
2025-11-24 12:00:00,,,0.0,0.0,0.0,0.0,0.0,0.0,,,0.0,0.0,0.0,0.029344922714,0.0,4.0,0.0,,0.0,0.0
2025-11-24 16:00:00,,,0.0,0.0,0.0,0.0,0.0,0.0,,,0.0,0.0,0.0,0.004833720031,0.0,1.0,0.0,,0.0,0.0
2025-11-24 20:00:00,,,0.0,0.0,0.0,0.0,0.0,0.0,,,0.0,0.0,0.0,0.0,0.0,0.0,0.0,,0.0,0.0
2025-11-25 00:00:00,0.0,0.0,0.0,0.0,0.0,0.0,0.0,0.0,0.0,0.0,0.0,0.0,0.0,0.007208765859,0.0,1.0,0.0,0.0,0.0,0.0
2025-11-25 04:00:00,,,0.0,0.0,0.0,0.0,0.0,0.0,,,0.0,0.0,0.0,0.008843987209,0.0,2.0,0.0,,0.0,0.0
2025-11-25 08:00:00,,,0.0,0.0,0.0,0.0,0.0,0.0,,,0.0,0.0,0.0,0.0,0.0,0.0,0.0,,0.0,0.0
2025-11-25 12:00:00,,,0.0,0.0,0.0,0.0,0.0,0.0,,,0.0,0.0,0.0,0.025388573189,0.0,6.0,0.0,,0.0,0.0
2025-11-25 16:00:00,,,0.0,0.0,0.0,0.0,0.0,0.0,,,0.0,0.0,0.0,0.009625897019,0.0,2.0,0.0,,0.0,0.0
2025-11-25 20:00:00,,,0.0,0.0,0.0,0.0,0.0,0.0,,,0.0,0.0,0.0,0.0,0.0,0.0,0.0,,0.0,0.0
2025-11-26 00:00:00,0.0,0.0,0.0,0.0,0.0,0.0,0.0,0.0,0.0,0.0,0.0,0.0,0.0,0.0,0.0,0.0,0.0,0.0,0.0,0.0
2025-11-26 04:00:00,,,0.0,0.0,0.0,0.0,0.0,0.0,,,0.0,0.0,0.0,0.0,0.0,0.0,0.0,,0.0,0.0
2025-11-26 08:00:00,,,0.0,0.0,0.0,0.0,0.0,0.0,,,0.0,0.0,0.0,0.010347703166,0.0,2.0,0.0,,0.0,0.0
2025-11-26 12:00:00,,,0.0,0.0,0.0,0.0,0.0,0.0,,,0.0,0.0,0.0,0.007978716943,0.0,2.0,0.0,,0.0,0.0
2025-11-26 16:00:00,,,0.0,0.0,0.0,0.0,0.0,0.0,,,0.0,0.0,0.0,0.008115456098,0.0,2.0,0.0,,0.0,0.0
2025-11-26 20:00:00,,,0.0,0.0,0.0,0.0,0.0,0.0,,,0.0,0.0,0.0,0.008884150675,0.0,2.0,0.0,,0.0,0.0
2025-11-27 00:00:00,0.0,0.0,0.0,0.0,0.0,0.0,0.0,0.0,0.0,0.0,0.0,0.0,0.0,0.0,0.0,0.0,0.0,0.0,0.0,0.0
2025-11-27 04:00:00,,,0.0,0.0,0.0,0.0,0.0,0.0,,,0.0,0.0,0.0,0.004286694102,0.0,1.0,0.0,,0.0,0.0
2025-11-27 08:00:00,,,0.0,0.0,0.0,0.0,0.0,0.0,,,0.0,0.0,0.0,0.004313319531,0.0,1.0,0.0,,0.0,0.0
2025-11-27 12:00:00,,,0.0,0.0,0.0,0.0,0.0,0.0,,,0.0,0.0,0.0,0.007460483418,0.0,2.0,0.0,,0.0,0.0
2025-11-27 16:00:00,,,0.0,0.0,0.0,0.0,0.0,0.0,,,0.0,0.0,0.0,0.004734848485,0.0,1.0,0.0,,0.0,0.0
2025-11-27 20:00:00,,,0.0,0.0,0.0,0.0,0.0,0.0,,,0.0,0.0,0.0,0.0,0.0,0.0,0.0,,0.0,0.0
2025-11-28 00:00:00,0.0,0.0,0.0,0.0,0.0,0.0,0.0,0.0,0.0,0.0,0.0,0.0,0.0,0.0,0.0,0.0,0.0,0.0,0.0,0.0
2025-11-28 04:00:00,,,0.0,0.0,0.0,0.0,0.0,0.0,,,0.0,0.0,0.0,0.0,0.0,0.0,0.0,,0.0,0.0
2025-11-28 08:00:00,,,0.0,0.0,0.0,0.0,0.0,0.0,,,0.0,0.0,0.0,0.003312135665,0.0,1.0,0.0,,0.0,0.0
2025-11-28 12:00:00,,,0.0,0.0,0.0,0.0,0.0,0.0,,,0.0,0.0,0.0,0.0,0.0,0.0,0.0,,0.0,0.0
2025-11-28 16:00:00,,,0.0,0.0,0.0,0.0,0.0,0.0,,,0.0,0.0,0.0,0.003151790217,0.0,1.0,0.0,,0.0,0.0
2025-11-28 20:00:00,,,0.0,0.0,0.0,0.0,0.0,0.0,,,0.0,0.0,0.0,0.00621362575,0.0,2.0,0.0,,0.0,0.0
2025-11-29 00:00:00,0.0,0.0,0.0,0.0,0.0,0.0,0.0,0.0,0.0,0.0,0.0,0.0,0.0,0.002677806341,0.0,1.0,0.0,0.0,0.0,0.0
2025-11-29 04:00:00,,,0.0,0.0,0.0,0.0,0.0,0.0,,,0.0,0.0,0.0,0.0,0.0,0.0,0.0,,0.0,0.0
2025-11-29 08:00:00,,,0.0,0.0,0.0,0.0,0.0,0.0,,,0.0,0.0,0.0,0.003156565657,0.0,1.0,0.0,,0.0,0.0
2025-11-29 12:00:00,,,0.0,0.0,0.0,0.0,0.0,0.0,,,0.0,0.0,0.0,0.005633775328,0.0,2.0,0.0,,0.0,0.0
2025-11-29 16:00:00,,,0.0,0.0,0.0,0.0,0.0,0.0,,,0.0,0.0,0.0,0.002748460862,0.0,1.0,0.0,,0.0,0.0
2025-11-29 20:00:00,,,0.0,0.0,0.0,0.0,0.0,0.0,,,0.0,0.0,0.0,0.0,0.0,0.0,0.0,,0.0,0.0
2025-11-30 00:00:00,0.0,0.0,0.0,0.0,0.0,0.0,0.0,0.0,0.0,0.0,0.0,0.0,0.0,0.00306372549,0.0,1.0,0.0,0.0,0.0,0.0
2025-11-30 04:00:00,,,0.0,0.0,0.0,0.0,0.0,0.0,,,0.0,0.0,0.0,0.0,0.0,0.0,0.0,,0.0,0.0
2025-11-30 08:00:00,,,0.0,0.0,0.0,0.0,0.0,0.0,,,0.0,0.0,0.0,0.0,0.0,0.0,0.0,,0.0,0.0
2025-11-30 12:00:00,,,0.0,0.0,0.0,0.0,0.0,0.0,,,0.0,0.0,0.0,0.002346096096,0.0,1.0,0.0,,0.0,0.0
2025-11-30 16:00:00,,,0.0,0.0,0.0,0.0,0.0,0.0,,,0.0,0.0,0.0,0.0,0.0,0.0,0.0,,0.0,0.0
2025-11-30 20:00:00,,,0.0,0.0,0.0,0.0,0.0,0.0,,,0.0,0.0,0.0,0.0,0.0,0.0,0.0,,0.0,0.0
2025-12-01 00:00:00,0.0,0.0,0.0,0.0,0.0,0.0,0.0,0.0,0.0,0.0,0.0,0.0,0.0,0.0,0.0,0.0,0.0,0.0,0.0,0.0
2025-12-01 04:00:00,,,0.0,0.0,0.0,0.0,0.0,0.0,,,0.0,0.0,0.0,0.002291895856,0.0,1.0,0.0,,0.0,0.0
2025-12-01 08:00:00,,,0.0,0.0,0.0,0.0,0.0,0.0,,,0.0,0.0,0.0,0.0,0.0,0.0,0.0,,0.0,0.0
2025-12-01 12:00:00,,,0.0,0.0,0.0,0.0,0.0,0.0,,,0.0,0.0,0.0,0.005832677411,0.0,2.0,0.0,,0.0,0.0
2025-12-01 16:00:00,,,0.0,0.0,0.0,0.0,0.0,0.0,,,0.0,0.0,0.0,0.002242554718,0.0,1.0,0.0,,0.0,0.0
2025-12-01 20:00:00,,,0.0,0.0,0.0,0.0,0.0,0.0,,,0.0,0.0,0.0,0.0,0.0,0.0,0.0,,0.0,0.0
2025-12-02 00:00:00,0.0,0.0,0.0,0.0,0.0,0.0,0.0,0.0,0.0,0.0,0.0,0.0,0.0,0.0,0.0,0.0,0.0,0.0,0.0,0.0
2025-12-02 04:00:00,,,0.0,0.0,0.0,0.0,0.0,0.0,,,0.0,0.0,0.0,0.0,0.0,0.0,0.0,,0.0,0.0
2025-12-02 08:00:00,,,0.0,0.0,0.0,0.0,0.0,0.0,,,0.0,0.0,0.0,0.002242554718,0.0,1.0,0.0,,0.0,0.0
2025-12-02 12:00:00,,,0.0,0.0,0.0,0.0,0.0,0.0,,,0.0,0.0,0.0,0.0,0.0,0.0,0.0,,0.0,0.0
2025-12-02 16:00:00,,,0.0,0.0,0.0,0.0,0.0,0.0,,,0.0,0.0,0.0,0.0,0.0,0.0,0.0,,0.0,0.0
2025-12-02 20:00:00,,,0.0,0.0,0.0,0.0,0.0,0.0,,,0.0,0.0,0.0,0.0,0.0,0.0,0.0,,0.0,0.0
2025-12-03 00:00:00,0.0,0.0,0.0,0.0,0.0,0.0,0.0,0.0,0.0,0.0,0.0,0.0,0.0,0.0,0.0,0.0,0.0,0.0,0.0,0.0
2025-12-03 04:00:00,,,0.0,0.0,0.0,0.0,0.0,0.0,,,0.0,0.0,0.0,0.0,0.0,0.0,0.0,,0.0,0.0
2025-12-03 08:00:00,,,0.0,0.0,0.0,0.0,0.0,0.0,,,0.0,0.0,0.0,0.008970478724,0.0,4.0,0.0,,0.0,0.0
2025-12-03 12:00:00,,,0.0,0.0,0.0,0.0,0.0,0.0,,,0.0,0.0,0.0,0.006943242287,0.0,3.0,0.0,,0.0,0.0
2025-12-03 16:00:00,,,0.0,0.0,0.0,0.0,0.0,0.0,,,0.0,0.0,0.0,0.0,0.0,0.0,0.0,,0.0,0.0
2025-12-03 20:00:00,,,0.0,0.0,0.0,0.0,0.0,0.0,,,0.0,0.0,0.0,0.0,0.0,0.0,0.0,,0.0,0.0
2025-12-04 00:00:00,0.0,0.0,0.0,0.0,0.0,0.0,0.0,0.0,0.0,0.0,0.0,0.0,0.0,0.00263047138,0.0,1.0,0.0,0.0,0.0,0.0
2025-12-04 04:00:00,,,0.0,0.0,0.0,0.0,0.0,0.0,,,0.0,0.0,0.0,0.0,0.0,0.0,0.0,,0.0,0.0
2025-12-04 08:00:00,,,0.0,0.0,0.0,0.0,0.0,0.0,,,0.0,0.0,0.0,0.004596608886,0.0,2.0,0.0,,0.0,0.0
2025-12-04 12:00:00,,,0.0,0.0,0.0,0.0,0.0,0.0,,,0.0,0.0,0.0,0.009371938604,0.0,4.0,0.0,,0.0,0.0
2025-12-04 16:00:00,,,0.0,0.0,0.0,0.0,0.0,0.0,,,0.0,0.0,0.0,0.0,0.0,0.0,0.0,,0.0,0.0
2025-12-04 20:00:00,,,0.0,0.0,0.0,0.0,0.0,0.0,,,0.0,0.0,0.0,0.002064750578,0.0,1.0,0.0,,0.0,0.0
2025-12-05 00:00:00,0.0,0.0,0.0,0.0,0.0,0.0,0.0,0.0,0.0,0.0,0.0,0.0,0.0,0.0,0.0,0.0,0.0,0.0,0.0,0.0
2025-12-05 04:00:00,,,0.0,0.0,0.0,0.0,0.0,0.0,,,0.0,0.0,0.0,0.00271975631,0.0,1.0,0.0,,0.0,0.0
2025-12-05 08:00:00,,,0.0,0.0,0.0,0.0,0.0,0.0,,,0.0,0.0,0.0,0.003888145877,0.0,2.0,0.0,,0.0,0.0
2025-12-05 12:00:00,,,0.0,0.0,0.0,0.0,0.0,0.0,,,0.0,0.0,0.0,0.001850207223,0.0,1.0,0.0,,0.0,0.0
2025-12-05 16:00:00,,,0.0,0.0,0.0,0.0,0.0,0.0,,,0.0,0.0,0.0,0.005207061694,0.0,3.0,0.0,,0.0,0.0
2025-12-05 20:00:00,,,0.0,0.0,0.0,0.0,0.0,0.0,,,0.0,0.0,0.0,0.002036493972,0.0,1.0,0.0,,0.0,0.0
2025-12-06 00:00:00,0.0,0.0,0.0,0.0,0.0,0.0,0.0,0.0,0.0,0.0,0.0,0.0,0.0,0.0,0.0,0.0,0.0,0.0,0.0,0.0
2025-12-06 04:00:00,,,0.0,0.0,0.0,0.0,0.0,0.0,,,0.0,0.0,0.0,0.0,0.0,0.0,0.0,,0.0,0.0
2025-12-06 08:00:00,,,0.0,0.0,0.0,0.0,0.0,0.0,,,0.0,0.0,0.0,0.0,0.0,0.0,0.0,,0.0,0.0
2025-12-06 12:00:00,,,0.0,0.0,0.0,0.0,0.0,0.0,,,0.0,0.0,0.0,0.001881963264,0.0,1.0,0.0,,0.0,0.0
2025-12-06 16:00:00,,,0.0,0.0,0.0,0.0,0.0,0.0,,,0.0,0.0,0.0,0.005203973517,0.0,3.0,0.0,,0.0,0.0
2025-12-06 20:00:00,,,0.0,0.0,0.0,0.0,0.0,0.0,,,0.0,0.0,0.0,0.0,0.0,0.0,0.0,,0.0,0.0
2025-12-07 00:00:00,0.0,0.0,0.0,0.0,0.0,0.0,0.0,0.0,0.0,0.0,0.0,0.0,0.0,0.003153416542,0.0,2.0,0.0,0.0,0.0,0.0
2025-12-07 04:00:00,,,0.0,0.0,0.0,0.0,0.0,0.0,,,0.0,0.0,0.0,0.001721763085,0.0,1.0,0.0,,0.0,0.0
2025-12-07 08:00:00,,,0.0,0.0,0.0,0.0,0.0,0.0,,,0.0,0.0,0.0,0.0,0.0,0.0,0.0,,0.0,0.0
2025-12-07 12:00:00,,,0.0,0.0,0.0,0.0,0.0,0.0,,,0.0,0.0,0.0,0.004971330183,0.0,3.0,0.0,,0.0,0.0
2025-12-07 16:00:00,,,0.0,0.0,0.0,0.0,0.0,0.0,,,0.0,0.0,0.0,0.003345722556,0.0,2.0,0.0,,0.0,0.0
2025-12-07 20:00:00,,,0.0,0.0,0.0,0.0,0.0,0.0,,,0.0,0.0,0.0,0.001881963264,0.0,1.0,0.0,,0.0,0.0
2025-12-08 00:00:00,0.0,0.0,0.0,0.0,0.0,0.0,0.0,0.0,0.0,0.0,0.0,0.0,0.0,0.003527466614,0.0,2.0,0.0,0.0,0.0,0.0
2025-12-08 04:00:00,,,0.0,0.0,0.0,0.0,0.0,0.0,,,0.0,0.0,0.0,0.00538316779,0.0,3.0,0.0,,0.0,0.0
2025-12-08 08:00:00,,,0.0,0.0,0.0,0.0,0.0,0.0,,,0.0,0.0,0.0,0.004629939011,0.0,3.0,0.0,,0.0,0.0
2025-12-08 12:00:00,,,0.0,0.0,0.0,0.0,0.0,0.0,,,0.0,0.0,0.0,0.004369665224,0.0,3.0,0.0,,0.0,0.0
2025-12-08 16:00:00,,,0.0,0.0,0.0,0.0,0.0,0.0,,,0.0,0.0,0.0,0.002671875891,0.0,2.0,0.0,,0.0,0.0
2025-12-08 20:00:00,,,0.0,0.0,0.0,0.0,0.0,0.0,,,0.0,0.0,0.0,0.0,0.0,0.0,0.0,,0.0,0.0
2025-12-09 00:00:00,0.0,0.0,0.0,0.0,0.0,0.0,0.0,0.0,0.0,0.0,0.0,0.0,0.0,0.002891132902,0.0,2.0,0.0,0.0,0.0,0.0
2025-12-09 04:00:00,,,0.0,0.0,0.0,0.0,0.0,0.0,,,0.0,0.0,0.0,0.0,0.0,0.0,0.0,,0.0,0.0
2025-12-09 08:00:00,,,0.0,0.0,0.0,0.0,0.0,0.0,,,0.0,0.0,0.0,0.001620010368,0.0,1.0,0.0,,0.0,0.0
2025-12-09 12:00:00,,,0.0,0.0,0.0,0.0,0.0,0.0,,,0.0,0.0,0.0,0.003263299816,0.0,2.0,0.0,,0.0,0.0
2025-12-09 16:00:00,,,0.0,0.0,0.0,0.0,0.0,0.0,,,0.0,0.0,0.0,0.002683674632,0.0,2.0,0.0,,0.0,0.0
2025-12-09 20:00:00,,,0.0,0.0,0.0,0.0,0.0,0.0,,,0.0,0.0,0.0,0.002681774283,0.0,2.0,0.0,,0.0,0.0
2025-12-10 00:00:00,0.0,0.0,0.0,0.0,0.0,0.0,0.0,0.0,0.0,0.0,0.0,0.0,0.0,0.001332054561,0.0,1.0,0.0,0.0,0.0,0.0
2025-12-10 04:00:00,,,0.0,0.0,0.0,0.0,0.0,0.0,,,0.0,0.0,0.0,0.004161280702,0.0,3.0,0.0,,0.0,0.0
2025-12-10 08:00:00,,,0.0,0.0,0.0,0.0,0.0,0.0,,,0.0,0.0,0.0,0.006776240804,0.0,5.0,0.0,,0.0,0.0
2025-12-10 12:00:00,,,0.0,0.0,0.0,0.0,0.0,0.0,,,0.0,0.0,0.0,0.007126487994,0.0,5.0,0.0,,0.0,0.0
2025-12-10 16:00:00,,,0.0,0.0,0.0,0.0,0.0,0.0,,,0.0,0.0,0.0,0.002670845878,0.0,2.0,0.0,,0.0,0.0
2025-12-10 20:00:00,,,0.0,0.0,0.0,0.0,0.0,0.0,,,0.0,0.0,0.0,0.004129545919,0.0,3.0,0.0,,0.0,0.0
2025-12-11 00:00:00,0.0,0.0,0.0,0.0,0.0,0.0,0.0,0.0,0.0,0.0,0.0,0.0,0.0,0.004742877048,0.0,3.0,0.0,0.0,0.0,0.0
2025-12-11 04:00:00,,,0.0,0.0,0.0,0.0,0.0,0.0,,,0.0,0.0,0.0,0.001376955276,0.0,1.0,0.0,,0.0,0.0
2025-12-11 08:00:00,,,0.0,0.0,0.0,0.0,0.0,0.0,,,0.0,0.0,0.0,0.003912287685,0.0,3.0,0.0,,0.0,0.0
2025-12-11 12:00:00,,,0.0,0.0,0.0,0.0,0.0,0.0,,,0.0,0.0,0.0,0.006348980818,0.0,5.0,0.0,,0.0,0.0
2025-12-11 16:00:00,,,0.0,0.0,0.0,0.0,0.0,0.0,,,0.0,0.0,0.0,0.002418588595,0.0,2.0,0.0,,0.0,0.0
2025-12-11 20:00:00,,,0.0,0.0,0.0,0.0,0.0,0.0,,,0.0,0.0,0.0,0.002475869282,0.0,2.0,0.0,,0.0,0.0
2025-12-12 00:00:00,0.0,0.0,0.0,0.0,0.0,0.0,0.0,0.0,0.0,0.0,0.0,0.0,0.0,0.00775979075,0.0,2.0,0.0,0.0,0.0,0.0
2025-12-12 04:00:00,,,0.0,0.0,0.0,0.0,0.0,0.0,,,0.0,0.0,0.0,0.001390743213,0.0,1.0,0.0,,0.0,0.0
2025-12-12 08:00:00,,,0.0,0.0,0.0,0.0,0.0,0.0,,,0.0,0.0,0.0,0.006965291797,0.0,4.0,0.0,,0.0,0.0
2025-12-12 12:00:00,,,0.0,0.0,0.0,0.0,0.0,0.0,,,0.0,0.0,0.0,0.025810820026,0.0,4.0,0.0,,0.0,0.0
2025-12-12 16:00:00,,,0.0,0.0,0.0,0.0,0.0,0.0,,,0.0,0.0,0.0,0.001165827271,0.0,1.0,0.0,,0.0,0.0
2025-12-12 20:00:00,,,0.0,0.0,0.0,0.0,0.0,0.0,,,0.0,0.0,0.0,0.0,0.0,0.0,0.0,,0.0,0.0
2025-12-13 00:00:00,0.0,0.0,0.0,0.0,0.0,0.0,0.0,0.0,0.0,0.0,0.0,0.0,0.0,0.001456876457,0.0,1.0,0.0,0.0,0.0,0.0
2025-12-13 04:00:00,,,0.0,0.0,0.0,0.0,0.0,0.0,,,0.0,0.0,0.0,0.001982239137,0.0,1.0,0.0,,0.0,0.0
2025-12-13 08:00:00,,,0.0,0.0,0.0,0.0,0.0,0.0,,,0.0,0.0,0.0,0.002789882524,0.0,2.0,0.0,,0.0,0.0
2025-12-13 12:00:00,,,0.0,0.0,0.0,0.0,0.0,0.0,,,0.0,0.0,0.0,0.003979268031,0.0,3.0,0.0,,0.0,0.0
2025-12-13 16:00:00,,,0.0,0.0,0.0,0.0,0.0,0.0,,,0.0,0.0,0.0,0.001314405889,0.0,1.0,0.0,,0.0,0.0
2025-12-13 20:00:00,,,0.0,0.0,0.0,0.0,0.0,0.0,,,0.0,0.0,0.0,0.001521792062,0.0,1.0,0.0,,0.0,0.0
2025-12-14 00:00:00,0.0,0.0,0.0,0.0,0.0,0.0,0.0,0.0,0.0,0.0,0.0,0.0,0.0,0.0,0.0,0.0,0.0,0.0,0.0,0.0
2025-12-14 04:00:00,,,0.0,0.0,0.0,0.0,0.0,0.0,,,0.0,0.0,0.0,0.001475448536,0.0,1.0,0.0,,0.0,0.0
2025-12-14 08:00:00,,,0.0,0.0,0.0,0.0,0.0,0.0,,,0.0,0.0,0.0,0.0,0.0,0.0,0.0,,0.0,0.0
2025-12-14 12:00:00,,,0.0,0.0,0.0,0.0,0.0,0.0,,,0.0,0.0,0.0,0.0,0.0,0.0,0.0,,0.0,0.0
2025-12-14 16:00:00,,,0.0,0.0,0.0,0.0,0.0,0.0,,,0.0,0.0,0.0,0.001205632716,0.0,1.0,0.0,,0.0,0.0
2025-12-14 20:00:00,,,0.0,0.0,0.0,0.0,0.0,0.0,,,0.0,0.0,0.0,0.0,0.0,0.0,0.0,,0.0,0.0
2025-12-15 00:00:00,0.0,0.0,0.0,0.0,0.0,0.0,0.0,0.0,0.0,0.0,0.0,0.0,0.0,0.002546751956,0.0,2.0,0.0,0.0,0.0,0.0
2025-12-15 04:00:00,,,0.0,0.0,0.0,0.0,0.0,0.0,,,0.0,0.0,0.0,0.0,0.0,0.0,0.0,,0.0,0.0
2025-12-15 08:00:00,,,0.0,0.0,0.0,0.0,0.0,0.0,,,0.0,0.0,0.0,0.0,0.0,0.0,0.0,,0.0,0.0
2025-12-15 12:00:00,,,0.0,0.0,0.0,0.0,0.0,0.0,,,0.0,0.0,0.0,0.005295821358,0.0,2.0,0.0,,0.0,0.0
2025-12-15 16:00:00,,,0.0,0.0,0.0,0.0,0.0,0.0,,,0.0,0.0,0.0,0.00647237462,0.0,3.0,0.0,,0.0,0.0
2025-12-15 20:00:00,,,0.0,0.0,0.0,0.0,0.0,0.0,,,0.0,0.0,0.0,0.019373416147,0.0,6.0,0.0,,0.0,0.0
2025-12-16 00:00:00,0.0,0.0,0.0,0.0,0.0,0.0,0.0,0.0,0.0,0.0,0.0,0.0,0.0,0.002842900761,0.0,2.0,0.0,0.0,0.0,0.0
2025-12-16 04:00:00,,,0.0,0.0,0.0,0.0,0.0,0.0,,,0.0,0.0,0.0,0.007187231788,0.0,2.0,0.0,,0.0,0.0
2025-12-16 08:00:00,,,0.0,0.0,0.0,0.0,0.0,0.0,,,0.0,0.0,0.0,0.005728070275,0.0,3.0,0.0,,0.0,0.0
2025-12-16 12:00:00,,,0.0,0.0,0.0,0.0,0.0,0.0,,,0.0,0.0,0.0,0.002982316676,0.0,2.0,0.0,,0.0,0.0
2025-12-16 16:00:00,,,0.0,0.0,0.0,0.0,0.0,0.0,,,0.0,0.0,0.0,0.00239188672,0.0,1.0,0.0,,0.0,0.0
2025-12-16 20:00:00,,,0.0,0.0,0.0,0.0,0.0,0.0,,,0.0,0.0,0.0,0.011140819964,0.0,2.0,0.0,,0.0,0.0
2025-12-17 00:00:00,0.0,0.0,0.0,0.0,0.0,0.0,0.0,0.0,0.0,0.0,0.0,0.0,0.0,0.003015548095,0.0,2.0,0.0,0.0,0.0,0.0
2025-12-17 04:00:00,,,0.0,0.0,0.0,0.0,0.0,0.0,,,0.0,0.0,0.0,0.0,0.0,0.0,0.0,,0.0,0.0
2025-12-17 08:00:00,,,0.0,0.0,0.0,0.0,0.0,0.0,,,0.0,0.0,0.0,0.001093613298,0.0,1.0,0.0,,0.0,0.0
2025-12-17 12:00:00,,,0.0,0.0,0.0,0.0,0.0,0.0,,,0.0,0.0,0.0,0.003320248958,0.0,3.0,0.0,,0.0,0.0
2025-12-17 16:00:00,,,0.0,0.0,0.0,0.0,0.0,0.0,,,0.0,0.0,0.0,0.087356753653,0.0,8.0,0.0,,0.0,0.0
2025-12-17 20:00:00,,,0.0,0.0,0.0,0.0,0.0,0.0,,,0.0,0.0,0.0,0.0,0.0,0.0,0.0,,0.0,0.0
2025-12-18 00:00:00,0.0,0.0,0.0,0.0,0.0,0.0,0.0,0.0,0.0,0.0,0.0,0.0,0.0,0.0,0.0,0.0,0.0,0.0,0.0,0.0
2025-12-18 04:00:00,,,0.0,0.0,0.0,0.0,0.0,0.0,,,0.0,0.0,0.0,0.001091893781,0.0,1.0,0.0,,0.0,0.0
2025-12-18 08:00:00,,,0.0,0.0,0.0,0.0,0.0,0.0,,,0.0,0.0,0.0,0.037727828996,0.0,5.0,0.0,,0.0,0.0
2025-12-18 12:00:00,,,0.0,0.0,0.0,0.0,0.0,0.0,,,0.0,0.0,0.0,0.009472344181,0.0,2.0,0.0,,0.0,0.0
2025-12-18 16:00:00,,,0.0,0.0,0.0,0.0,0.0,0.0,,,0.0,0.0,0.0,0.011489291752,0.0,10.0,0.0,,0.0,0.0
2025-12-18 20:00:00,,,0.0,0.0,0.0,0.0,0.0,0.0,,,0.0,0.0,0.0,0.003234115586,0.0,3.0,0.0,,0.0,0.0
2025-12-19 00:00:00,0.0,0.0,0.0,0.0,0.0,0.0,0.0,0.0,0.0,0.0,0.0,0.0,0.0,0.003055819515,0.0,3.0,0.0,0.0,0.0,0.0
2025-12-19 04:00:00,,,0.0,0.0,0.0,0.0,0.0,0.0,,,0.0,0.0,0.0,0.005603567184,0.0,2.0,0.0,,0.0,0.0
2025-12-19 08:00:00,,,0.0,0.0,0.0,0.0,0.0,0.0,,,0.0,0.0,0.0,0.002142237442,0.0,2.0,0.0,,0.0,0.0
2025-12-19 12:00:00,,,0.0,0.0,0.0,0.0,0.0,0.0,,,0.0,0.0,0.0,0.014755057398,0.0,3.0,0.0,,0.0,0.0
2025-12-19 16:00:00,,,0.0,0.0,0.0,0.0,0.0,0.0,,,0.0,0.0,0.0,0.018758494413,0.0,2.0,0.0,,0.0,0.0
2025-12-19 20:00:00,,,0.0,0.0,0.0,0.0,0.0,0.0,,,0.0,0.0,0.0,0.005957189654,0.0,4.0,0.0,,0.0,0.0
2025-12-20 00:00:00,0.0,0.0,0.0,0.0,0.0,0.0,0.0,0.0,0.0,0.0,0.0,0.0,0.0,0.001129177958,0.0,1.0,0.0,0.0,0.0,0.0
2025-12-20 04:00:00,,,0.0,0.0,0.0,0.0,0.0,0.0,,,0.0,0.0,0.0,0.034915958143,0.0,3.0,0.0,,0.0,0.0
2025-12-20 08:00:00,,,0.0,0.0,0.0,0.0,0.0,0.0,,,0.0,0.0,0.0,0.0,0.0,0.0,0.0,,0.0,0.0
2025-12-20 12:00:00,,,0.0,0.0,0.0,0.0,0.0,0.0,,,0.0,0.0,0.0,0.0,0.0,0.0,0.0,,0.0,0.0
2025-12-20 16:00:00,,,0.0,0.0,0.0,0.0,0.0,0.0,,,0.0,0.0,0.0,0.004442075338,0.0,1.0,0.0,,0.0,0.0
2025-12-20 20:00:00,,,0.0,0.0,0.0,0.0,0.0,0.0,,,0.0,0.0,0.0,0.001051657412,0.0,1.0,0.0,,0.0,0.0
2025-12-21 00:00:00,0.0,0.0,0.0,0.0,0.0,0.0,0.0,0.0,0.0,0.0,0.0,0.0,0.0,0.002471124809,0.0,2.0,0.0,0.0,0.0,0.0
2025-12-21 04:00:00,,,0.0,0.0,0.0,0.0,0.0,0.0,,,0.0,0.0,0.0,0.0,0.0,0.0,0.0,,0.0,0.0
2025-12-21 08:00:00,,,0.0,0.0,0.0,0.0,0.0,0.0,,,0.0,0.0,0.0,0.0,0.0,0.0,0.0,,0.0,0.0
2025-12-21 12:00:00,,,0.0,0.0,0.0,0.0,0.0,0.0,,,0.0,0.0,0.0,0.0,0.0,0.0,0.0,,0.0,0.0
2025-12-21 16:00:00,,,0.0,0.0,0.0,0.0,0.0,0.0,,,0.0,0.0,0.0,0.073796731407,0.0,3.0,0.0,,0.0,0.0
2025-12-21 20:00:00,,,0.0,0.0,0.0,0.0,0.0,0.0,,,0.0,0.0,0.0,0.001031353135,0.0,1.0,0.0,,0.0,0.0
2025-12-22 00:00:00,0.0,0.0,0.0,0.0,0.0,0.0,0.0,0.0,0.0,0.0,0.0,0.0,0.0,0.0,0.0,0.0,0.0,0.0,0.0,0.0
2025-12-22 04:00:00,,,0.0,0.0,0.0,0.0,0.0,0.0,,,0.0,0.0,0.0,0.0,0.0,0.0,0.0,,0.0,0.0
2025-12-22 08:00:00,,,0.0,0.0,0.0,0.0,0.0,0.0,,,0.0,0.0,0.0,0.011140819964,0.0,1.0,0.0,,0.0,0.0
2025-12-22 12:00:00,,,0.0,0.0,0.0,0.0,0.0,0.0,,,0.0,0.0,0.0,0.002023911049,0.0,2.0,0.0,,0.0,0.0
2025-12-22 16:00:00,,,0.0,0.0,0.0,0.0,0.0,0.0,,,0.0,0.0,0.0,0.000951728339,0.0,1.0,0.0,,0.0,0.0
2025-12-22 20:00:00,,,0.0,0.0,0.0,0.0,0.0,0.0,,,0.0,0.0,0.0,0.001222613459,0.0,1.0,0.0,,0.0,0.0
2025-12-23 00:00:00,0.0,0.0,0.0,0.0,0.0,0.0,0.0,0.0,0.0,0.0,0.0,0.0,0.0,0.001003532434,0.0,1.0,0.0,0.0,0.0,0.0
2025-12-23 04:00:00,,,0.0,0.0,0.0,0.0,0.0,0.0,,,0.0,0.0,0.0,0.0,0.0,0.0,0.0,,0.0,0.0
2025-12-23 08:00:00,,,0.0,0.0,0.0,0.0,0.0,0.0,,,0.0,0.0,0.0,0.0,0.0,0.0,0.0,,0.0,0.0
2025-12-23 12:00:00,,,0.0,0.0,0.0,0.0,0.0,0.0,,,0.0,0.0,0.0,0.010172383718,0.0,4.0,0.0,,0.0,0.0
2025-12-23 16:00:00,,,0.0,0.0,0.0,0.0,0.0,0.0,,,0.0,0.0,0.0,0.007608418887,0.0,7.0,0.0,,0.0,0.0
2025-12-23 20:00:00,,,0.0,0.0,0.0,0.0,0.0,0.0,,,0.0,0.0,0.0,0.0,0.0,0.0,0.0,,0.0,0.0
2025-12-24 00:00:00,0.0,0.0,0.0,0.0,0.0,0.0,0.0,0.0,0.0,0.0,0.0,0.0,0.0,0.016887728199,0.0,2.0,0.0,0.0,0.0,0.0
2025-12-24 04:00:00,,,0.0,0.0,0.0,0.0,0.0,0.0,,,0.0,0.0,0.0,0.001115274804,0.0,1.0,0.0,,0.0,0.0
2025-12-24 08:00:00,,,0.0,0.0,0.0,0.0,0.0,0.0,,,0.0,0.0,0.0,0.001510756587,0.0,1.0,0.0,,0.0,0.0
2025-12-24 12:00:00,,,0.0,0.0,0.0,0.0,0.0,0.0,,,0.0,0.0,0.0,0.06682818116,0.0,4.0,0.0,,0.0,0.0
2025-12-24 16:00:00,,,0.0,0.0,0.0,0.0,0.0,0.0,,,0.0,0.0,0.0,0.002143347051,0.0,1.0,0.0,,0.0,0.0
2025-12-24 20:00:00,,,0.0,0.0,0.0,0.0,0.0,0.0,,,0.0,0.0,0.0,0.004313319531,0.0,1.0,0.0,,0.0,0.0
2025-12-25 00:00:00,0.0,0.0,0.0,0.0,0.0,0.0,0.0,0.0,0.0,0.0,0.0,0.0,0.0,0.0,0.0,0.0,0.0,0.0,0.0,0.0
2025-12-25 04:00:00,,,0.0,0.0,0.0,0.0,0.0,0.0,,,0.0,0.0,0.0,0.001829089845,0.0,1.0,0.0,,0.0,0.0
2025-12-25 08:00:00,,,0.0,0.0,0.0,0.0,0.0,0.0,,,0.0,0.0,0.0,0.001753647587,0.0,1.0,0.0,,0.0,0.0
2025-12-25 12:00:00,,,0.0,0.0,0.0,0.0,0.0,0.0,,,0.0,0.0,0.0,0.001776072748,0.0,1.0,0.0,,0.0,0.0
2025-12-25 16:00:00,,,0.0,0.0,0.0,0.0,0.0,0.0,,,0.0,0.0,0.0,0.0,0.0,0.0,0.0,,0.0,0.0
2025-12-25 20:00:00,,,0.0,0.0,0.0,0.0,0.0,0.0,,,0.0,0.0,0.0,0.001105216622,0.0,1.0,0.0,,0.0,0.0
2025-12-26 00:00:00,0.0,0.0,0.0,0.0,0.0,0.0,0.0,0.0,0.0,0.0,0.0,0.0,0.0,0.0,0.0,0.0,0.0,0.0,0.0,0.0
2025-12-26 04:00:00,,,0.0,0.0,0.0,0.0,0.0,0.0,,,0.0,0.0,0.0,0.0,0.0,0.0,0.0,,0.0,0.0
2025-12-26 08:00:00,,,0.0,0.0,0.0,0.0,0.0,0.0,,,0.0,0.0,0.0,0.005777581573,0.0,3.0,0.0,,0.0,0.0
2025-12-26 12:00:00,,,0.0,0.0,0.0,0.0,0.0,0.0,,,0.0,0.0,0.0,0.0,0.0,0.0,0.0,,0.0,0.0
2025-12-26 16:00:00,,,0.0,0.0,0.0,0.0,0.0,0.0,,,0.0,0.0,0.0,0.01305969006,0.0,3.0,0.0,,0.0,0.0
2025-12-26 20:00:00,,,0.0,0.0,0.0,0.0,0.0,0.0,,,0.0,0.0,0.0,0.043402777778,0.0,1.0,0.0,,0.0,0.0
2025-12-27 00:00:00,0.0,0.0,0.0,0.0,0.0,0.0,0.0,0.0,0.0,0.0,0.0,0.0,0.0,0.001101709854,0.0,1.0,0.0,0.0,0.0,0.0
2025-12-27 04:00:00,,,0.0,0.0,0.0,0.0,0.0,0.0,,,0.0,0.0,0.0,0.130208333333,0.0,1.0,0.0,,0.0,0.0
2025-12-27 08:00:00,,,0.0,0.0,0.0,0.0,0.0,0.0,,,0.0,0.0,0.0,0.041666666667,0.0,1.0,0.0,,0.0,0.0
2025-12-27 12:00:00,,,0.0,0.0,0.0,0.0,0.0,0.0,,,0.0,0.0,0.0,0.00234082397,0.0,2.0,0.0,,0.0,0.0
2025-12-27 16:00:00,,,0.0,0.0,0.0,0.0,0.0,0.0,,,0.0,0.0,0.0,0.003137403482,0.0,2.0,0.0,,0.0,0.0
2025-12-27 20:00:00,,,0.0,0.0,0.0,0.0,0.0,0.0,,,0.0,0.0,0.0,0.001246012759,0.0,1.0,0.0,,0.0,0.0
2025-12-28 00:00:00,0.0,0.0,0.0,0.0,0.0,0.0,0.0,0.0,0.0,0.0,0.0,0.0,0.0,0.007505445369,0.0,3.0,0.0,0.0,0.0,0.0
2025-12-28 04:00:00,,,0.0,0.0,0.0,0.0,0.0,0.0,,,0.0,0.0,0.0,0.0,0.0,0.0,0.0,,0.0,0.0
2025-12-28 08:00:00,,,0.0,0.0,0.0,0.0,0.0,0.0,,,0.0,0.0,0.0,0.0,0.0,0.0,0.0,,0.0,0.0
2025-12-28 12:00:00,,,0.0,0.0,0.0,0.0,0.0,0.0,,,0.0,0.0,0.0,0.0,0.0,0.0,0.0,,0.0,0.0
2025-12-28 16:00:00,,,0.0,0.0,0.0,0.0,0.0,0.0,,,0.0,0.0,0.0,0.005671353792,0.0,3.0,0.0,,0.0,0.0
2025-12-28 20:00:00,,,0.0,0.0,0.0,0.0,0.0,0.0,,,0.0,0.0,0.0,0.001240079365,0.0,1.0,0.0,,0.0,0.0
2025-12-29 00:00:00,0.0,0.0,0.0,0.0,0.0,0.0,0.0,0.0,0.0,0.0,0.0,0.0,0.0,0.0,0.0,0.0,0.0,0.0,0.0,0.0
2025-12-29 04:00:00,,,0.0,0.0,0.0,0.0,0.0,0.0,,,0.0,0.0,0.0,0.06351392715,0.0,2.0,0.0,,0.0,0.0
2025-12-29 08:00:00,,,0.0,0.0,0.0,0.0,0.0,0.0,,,0.0,0.0,0.0,0.0,0.0,0.0,0.0,,0.0,0.0
2025-12-29 12:00:00,,,0.0,0.0,0.0,0.0,0.0,0.0,,,0.0,0.0,0.0,0.018101925394,0.0,2.0,0.0,,0.0,0.0
2025-12-29 16:00:00,,,0.0,0.0,0.0,0.0,0.0,0.0,,,0.0,0.0,0.0,0.002711102091,0.0,2.0,0.0,,0.0,0.0
2025-12-29 20:00:00,,,0.0,0.0,0.0,0.0,0.0,0.0,,,0.0,0.0,0.0,0.001861781352,0.0,1.0,0.0,,0.0,0.0
2025-12-30 00:00:00,0.0,0.0,0.0,0.0,0.0,0.0,0.0,0.0,0.0,0.0,0.0,0.0,0.0,0.003959701172,0.0,2.0,0.0,0.0,0.0,0.0
2025-12-30 04:00:00,,,0.0,0.0,0.0,0.0,0.0,0.0,,,0.0,0.0,0.0,0.0,0.0,0.0,0.0,,0.0,0.0
2025-12-30 08:00:00,,,0.0,0.0,0.0,0.0,0.0,0.0,,,0.0,0.0,0.0,0.004513860992,0.0,2.0,0.0,,0.0,0.0
2025-12-30 12:00:00,,,0.0,0.0,0.0,0.0,0.0,0.0,,,0.0,0.0,0.0,0.0,0.0,0.0,0.0,,0.0,0.0
2025-12-30 16:00:00,,,0.0,0.0,0.0,0.0,0.0,0.0,,,0.0,0.0,0.0,0.003169604072,0.0,2.0,0.0,,0.0,0.0
2025-12-30 20:00:00,,,0.0,0.0,0.0,0.0,0.0,0.0,,,0.0,0.0,0.0,0.0,0.0,0.0,0.0,,0.0,0.0
2025-12-31 00:00:00,0.0,0.0,0.0,0.0,0.0,0.0,0.0,0.0,0.0,0.0,0.0,0.0,0.0,0.173611111111,0.0,2.0,0.0,0.0,0.0,0.0
2025-12-31 04:00:00,,,0.0,0.0,0.0,0.0,0.0,0.0,,,0.0,0.0,0.0,0.003733572282,0.0,1.0,0.0,,0.0,0.0
2025-12-31 08:00:00,,,0.0,0.0,0.0,0.0,0.0,0.0,,,0.0,0.0,0.0,0.005169561621,0.0,1.0,0.0,,0.0,0.0
2025-12-31 12:00:00,,,0.0,0.0,0.0,0.0,0.0,0.0,,,0.0,0.0,0.0,0.0,0.0,0.0,0.0,,0.0,0.0
2025-12-31 16:00:00,,,0.0,0.0,0.0,0.0,0.0,0.0,,,0.0,0.0,0.0,0.0,0.0,0.0,0.0,,0.0,0.0
2025-12-31 20:00:00,,,0.0,0.0,0.0,0.0,0.0,0.0,,,0.0,0.0,0.0,0.005787037037,0.0,1.0,0.0,,0.0,0.0
2026-01-01 00:00:00,0.0,0.0,0.0,0.0,0.0,0.0,0.0,0.0,0.0,0.0,0.0,0.0,0.0,0.007054704074,0.0,3.0,0.0,0.0,0.0,0.0
2026-01-01 04:00:00,,,0.0,0.0,0.0,0.0,0.0,0.0,,,0.0,0.0,0.0,0.0,0.0,0.0,0.0,,0.0,0.0
2026-01-01 08:00:00,,,0.0,0.0,0.0,0.0,0.0,0.0,,,0.0,0.0,0.0,0.0,0.0,0.0,0.0,,0.0,0.0
2026-01-01 12:00:00,,,0.0,0.0,0.0,0.0,0.0,0.0,,,0.0,0.0,0.0,0.001453826471,0.0,1.0,0.0,,0.0,0.0
2026-01-01 16:00:00,,,0.0,0.0,0.0,0.0,0.0,0.0,,,0.0,0.0,0.0,0.004331254331,0.0,1.0,0.0,,0.0,0.0
2026-01-01 20:00:00,,,0.0,0.0,0.0,0.0,0.0,0.0,,,0.0,0.0,0.0,0.001390743213,0.0,1.0,0.0,,0.0,0.0
2026-01-02 00:00:00,0.0,0.0,0.0,0.0,0.0,0.0,0.0,0.0,0.0,0.0,0.0,0.0,0.0,0.002670183335,0.0,2.0,0.0,0.0,0.0,0.0
2026-01-02 04:00:00,,,0.0,0.0,0.0,0.0,0.0,0.0,,,0.0,0.0,0.0,0.0,0.0,0.0,0.0,,0.0,0.0
2026-01-02 08:00:00,,,0.0,0.0,0.0,0.0,0.0,0.0,,,0.0,0.0,0.0,0.0,0.0,0.0,0.0,,0.0,0.0
2026-01-02 12:00:00,,,0.0,0.0,0.0,0.0,0.0,0.0,,,0.0,0.0,0.0,0.001631427826,0.0,1.0,0.0,,0.0,0.0
2026-01-02 16:00:00,,,0.0,0.0,0.0,0.0,0.0,0.0,,,0.0,0.0,0.0,0.0,0.0,0.0,0.0,,0.0,0.0
2026-01-02 20:00:00,,,0.0,0.0,0.0,0.0,0.0,0.0,,,0.0,0.0,0.0,0.001607510288,0.0,1.0,0.0,,0.0,0.0
2026-01-03 00:00:00,0.0,0.0,0.0,0.0,0.0,0.0,0.0,0.0,0.0,0.0,0.0,0.0,0.0,0.005083202765,0.0,3.0,0.0,0.0,0.0,0.0
2026-01-03 04:00:00,,,0.0,0.0,0.0,0.0,0.0,0.0,,,0.0,0.0,0.0,0.077160493827,0.0,1.0,0.0,,0.0,0.0
2026-01-03 08:00:00,,,0.0,0.0,0.0,0.0,0.0,0.0,,,0.0,0.0,0.0,0.0,0.0,0.0,0.0,,0.0,0.0
2026-01-03 12:00:00,,,0.0,0.0,0.0,0.0,0.0,0.0,,,0.0,0.0,0.0,0.001562890723,0.0,1.0,0.0,,0.0,0.0
2026-01-03 16:00:00,,,0.0,0.0,0.0,0.0,0.0,0.0,,,0.0,0.0,0.0,0.0,0.0,0.0,0.0,,0.0,0.0
2026-01-03 20:00:00,,,0.0,0.0,0.0,0.0,0.0,0.0,,,0.0,0.0,0.0,0.0,0.0,0.0,0.0,,0.0,0.0
2026-01-04 00:00:00,0.0,0.0,0.0,0.0,0.0,0.0,0.0,0.0,0.0,0.0,0.0,0.0,0.0,0.00367430923,0.0,1.0,0.0,0.0,0.0,0.0
2026-01-04 04:00:00,,,0.0,0.0,0.0,0.0,0.0,0.0,,,0.0,0.0,0.0,0.0,0.0,0.0,0.0,,0.0,0.0
2026-01-04 08:00:00,,,0.0,0.0,0.0,0.0,0.0,0.0,,,0.0,0.0,0.0,0.001518464529,0.0,1.0,0.0,,0.0,0.0
2026-01-04 12:00:00,,,0.0,0.0,0.0,0.0,0.0,0.0,,,0.0,0.0,0.0,0.002688172043,0.0,1.0,0.0,,0.0,0.0
2026-01-04 16:00:00,,,0.0,0.0,0.0,0.0,0.0,0.0,,,0.0,0.0,0.0,0.0,0.0,0.0,0.0,,0.0,0.0
2026-01-04 20:00:00,,,0.0,0.0,0.0,0.0,0.0,0.0,,,0.0,0.0,0.0,0.004022889896,0.0,2.0,0.0,,0.0,0.0
2026-01-05 00:00:00,0.0,0.0,0.0,0.0,0.0,0.0,0.0,0.0,0.0,0.0,0.0,0.0,0.0,0.001503126503,0.0,1.0,0.0,0.0,0.0,0.0
2026-01-05 04:00:00,,,0.0,0.0,0.0,0.0,0.0,0.0,,,0.0,0.0,0.0,0.0053254919,0.0,3.0,0.0,,0.0,0.0
2026-01-05 08:00:00,,,0.0,0.0,0.0,0.0,0.0,0.0,,,0.0,0.0,0.0,0.0,0.0,0.0,0.0,,0.0,0.0
2026-01-05 12:00:00,,,0.0,0.0,0.0,0.0,0.0,0.0,,,0.0,0.0,0.0,0.01018968137,0.0,2.0,0.0,,0.0,0.0
2026-01-05 16:00:00,,,0.0,0.0,0.0,0.0,0.0,0.0,,,0.0,0.0,0.0,0.005685665606,0.0,2.0,0.0,,0.0,0.0
2026-01-05 20:00:00,,,0.0,0.0,0.0,0.0,0.0,0.0,,,0.0,0.0,0.0,0.0,0.0,0.0,0.0,,0.0,0.0
2026-01-06 00:00:00,0.0,0.0,0.0,0.0,0.0,0.0,0.0,0.0,0.0,0.0,0.0,0.0,0.0,0.00121053651,0.0,1.0,0.0,0.0,0.0,0.0
2026-01-06 04:00:00,,,0.0,0.0,0.0,0.0,0.0,0.0,,,0.0,0.0,0.0,0.0,0.0,0.0,0.0,,0.0,0.0
2026-01-06 08:00:00,,,0.0,0.0,0.0,0.0,0.0,0.0,,,0.0,0.0,0.0,0.0,0.0,0.0,0.0,,0.0,0.0
2026-01-06 12:00:00,,,0.0,0.0,0.0,0.0,0.0,0.0,,,0.0,0.0,0.0,0.002515638532,0.0,2.0,0.0,,0.0,0.0
2026-01-06 16:00:00,,,0.0,0.0,0.0,0.0,0.0,0.0,,,0.0,0.0,0.0,0.001115274804,0.0,1.0,0.0,,0.0,0.0
2026-01-06 20:00:00,,,0.0,0.0,0.0,0.0,0.0,0.0,,,0.0,0.0,0.0,0.001321912014,0.0,1.0,0.0,,0.0,0.0
2026-01-07 00:00:00,0.0,0.0,0.0,0.0,0.0,0.0,0.0,0.0,0.0,0.0,0.0,0.0,0.0,0.00146713615,0.0,1.0,0.0,0.0,0.0,0.0
2026-01-07 04:00:00,,,0.0,0.0,0.0,0.0,0.0,0.0,,,0.0,0.0,0.0,0.001427918666,0.0,1.0,0.0,,0.0,0.0
2026-01-07 08:00:00,,,0.0,0.0,0.0,0.0,0.0,0.0,,,0.0,0.0,0.0,0.001597648262,0.0,1.0,0.0,,0.0,0.0
2026-01-07 12:00:00,,,0.0,0.0,0.0,0.0,0.0,0.0,,,0.0,0.0,0.0,0.001511852927,0.0,1.0,0.0,,0.0,0.0
2026-01-07 16:00:00,,,0.0,0.0,0.0,0.0,0.0,0.0,,,0.0,0.0,0.0,0.001605033385,0.0,1.0,0.0,,0.0,0.0
2026-01-07 20:00:00,,,0.0,0.0,0.0,0.0,0.0,0.0,,,0.0,0.0,0.0,0.006145526057,0.0,1.0,0.0,,0.0,0.0
2026-01-08 00:00:00,0.0,0.0,0.0,0.0,0.0,0.0,0.0,0.0,0.0,0.0,0.0,0.0,0.0,0.003429184896,0.0,2.0,0.0,0.0,0.0,0.0
2026-01-08 04:00:00,,,0.0,0.0,0.0,0.0,0.0,0.0,,,0.0,0.0,0.0,0.003146390467,0.0,2.0,0.0,,0.0,0.0
2026-01-08 08:00:00,,,0.0,0.0,0.0,0.0,0.0,0.0,,,0.0,0.0,0.0,0.016025641026,0.0,1.0,0.0,,0.0,0.0
2026-01-08 12:00:00,,,0.0,0.0,0.0,0.0,0.0,0.0,,,0.0,0.0,0.0,0.005843369848,0.0,3.0,0.0,,0.0,0.0
2026-01-08 16:00:00,,,0.0,0.0,0.0,0.0,0.0,0.0,,,0.0,0.0,0.0,0.0,0.0,0.0,0.0,,0.0,0.0
2026-01-08 20:00:00,,,0.0,0.0,0.0,0.0,0.0,0.0,,,0.0,0.0,0.0,0.0,0.0,0.0,0.0,,0.0,0.0
2026-01-09 00:00:00,0.0,0.0,0.0,0.0,0.0,0.0,0.0,0.0,0.0,0.0,0.0,0.0,0.0,0.006101067208,0.0,3.0,0.0,0.0,0.0,0.0
2026-01-09 04:00:00,,,0.0,0.0,0.0,0.0,0.0,0.0,,,0.0,0.0,0.0,0.010113268608,0.0,1.0,0.0,,0.0,0.0
2026-01-09 08:00:00,,,0.0,0.0,0.0,0.0,0.0,0.0,,,0.0,0.0,0.0,0.0,0.0,0.0,0.0,,0.0,0.0
2026-01-09 12:00:00,,,0.0,0.0,0.0,0.0,0.0,0.0,,,0.0,0.0,0.0,0.001240817947,0.0,1.0,0.0,,0.0,0.0
2026-01-09 16:00:00,,,0.0,0.0,0.0,0.0,0.0,0.0,,,0.0,0.0,0.0,0.0,0.0,0.0,0.0,,0.0,0.0
2026-01-09 20:00:00,,,0.0,0.0,0.0,0.0,0.0,0.0,,,0.0,0.0,0.0,0.001127955243,0.0,1.0,0.0,,0.0,0.0
2026-01-10 00:00:00,0.0,0.0,0.0,0.0,0.0,0.0,0.0,0.0,0.0,0.0,0.0,0.0,0.0,0.005412292907,0.0,3.0,0.0,0.0,0.0,0.0
2026-01-10 04:00:00,,,0.0,0.0,0.0,0.0,0.0,0.0,,,0.0,0.0,0.0,0.0,0.0,0.0,0.0,,0.0,0.0
2026-01-10 08:00:00,,,0.0,0.0,0.0,0.0,0.0,0.0,,,0.0,0.0,0.0,0.0,0.0,0.0,0.0,,0.0,0.0
2026-01-10 12:00:00,,,0.0,0.0,0.0,0.0,0.0,0.0,,,0.0,0.0,0.0,0.0,0.0,0.0,0.0,,0.0,0.0
2026-01-10 16:00:00,,,0.0,0.0,0.0,0.0,0.0,0.0,,,0.0,0.0,0.0,0.002407854517,0.0,2.0,0.0,,0.0,0.0
2026-01-10 20:00:00,,,0.0,0.0,0.0,0.0,0.0,0.0,,,0.0,0.0,0.0,0.0,0.0,0.0,0.0,,0.0,0.0
2026-01-11 00:00:00,0.0,0.0,0.0,0.0,0.0,0.0,0.0,0.0,0.0,0.0,0.0,0.0,0.0,0.002016779606,0.0,1.0,0.0,0.0,0.0,0.0
2026-01-11 04:00:00,,,0.0,0.0,0.0,0.0,0.0,0.0,,,0.0,0.0,0.0,0.012550200803,0.0,1.0,0.0,,0.0,0.0
2026-01-11 08:00:00,,,0.0,0.0,0.0,0.0,0.0,0.0,,,0.0,0.0,0.0,0.001385195035,0.0,1.0,0.0,,0.0,0.0
2026-01-11 12:00:00,,,0.0,0.0,0.0,0.0,0.0,0.0,,,0.0,0.0,0.0,0.001669337607,0.0,1.0,0.0,,0.0,0.0
2026-01-11 16:00:00,,,0.0,0.0,0.0,0.0,0.0,0.0,,,0.0,0.0,0.0,0.0,0.0,0.0,0.0,,0.0,0.0
2026-01-11 20:00:00,,,0.0,0.0,0.0,0.0,0.0,0.0,,,0.0,0.0,0.0,0.0,0.0,0.0,0.0,,0.0,0.0
2026-01-12 00:00:00,0.0,0.0,0.0,0.0,0.0,0.0,0.0,0.0,0.0,0.0,0.0,0.0,0.0,0.005112903349,0.0,3.0,0.0,0.0,0.0,0.0
2026-01-12 04:00:00,,,0.0,0.0,0.0,0.0,0.0,0.0,,,0.0,0.0,0.0,0.004889290604,0.0,2.0,0.0,,0.0,0.0
2026-01-12 08:00:00,,,0.0,0.0,0.0,0.0,0.0,0.0,,,0.0,0.0,0.0,0.00124975005,0.0,1.0,0.0,,0.0,0.0
2026-01-12 12:00:00,,,0.0,0.0,0.0,0.0,0.0,0.0,,,0.0,0.0,0.0,0.001240817947,0.0,1.0,0.0,,0.0,0.0
2026-01-12 16:00:00,,,0.0,0.0,0.0,0.0,0.0,0.0,,,0.0,0.0,0.0,0.020208328672,0.0,5.0,0.0,,0.0,0.0
2026-01-12 20:00:00,,,0.0,0.0,0.0,0.0,0.0,0.0,,,0.0,0.0,0.0,0.020792478084,0.0,3.0,0.0,,0.0,0.0
2026-01-13 00:00:00,0.0,0.0,0.0,0.0,0.0,0.0,0.0,0.0,0.0,0.0,0.0,0.0,0.0,0.005098701181,0.0,2.0,0.0,0.0,0.0,0.0
2026-01-13 04:00:00,,,0.0,0.0,0.0,0.0,0.0,0.0,,,0.0,0.0,0.0,0.0,0.0,0.0,0.0,,0.0,0.0
2026-01-13 08:00:00,,,0.0,0.0,0.0,0.0,0.0,0.0,,,0.0,0.0,0.0,0.007027709963,0.0,5.0,0.0,,0.0,0.0
2026-01-13 12:00:00,,,0.0,0.0,0.0,0.0,0.0,0.0,,,0.0,0.0,0.0,0.001228380503,0.0,1.0,0.0,,0.0,0.0
2026-01-13 16:00:00,,,0.0,0.0,0.0,0.0,0.0,0.0,,,0.0,0.0,0.0,0.001379690949,0.0,1.0,0.0,,0.0,0.0
2026-01-13 20:00:00,,,0.0,0.0,0.0,0.0,0.0,0.0,,,0.0,0.0,0.0,0.003743064257,0.0,2.0,0.0,,0.0,0.0
2026-01-14 00:00:00,0.0,0.0,0.0,0.0,0.0,0.0,0.0,0.0,0.0,0.0,0.0,0.0,0.0,0.001373324544,0.0,1.0,0.0,0.0,0.0,0.0
2026-01-14 04:00:00,,,0.0,0.0,0.0,0.0,0.0,0.0,,,0.0,0.0,0.0,0.001221896383,0.0,1.0,0.0,,0.0,0.0
2026-01-14 08:00:00,,,0.0,0.0,0.0,0.0,0.0,0.0,,,0.0,0.0,0.0,0.002600915522,0.0,1.0,0.0,,0.0,0.0
2026-01-14 12:00:00,,,0.0,0.0,0.0,0.0,0.0,0.0,,,0.0,0.0,0.0,0.0,0.0,0.0,0.0,,0.0,0.0
2026-01-14 16:00:00,,,0.0,0.0,0.0,0.0,0.0,0.0,,,0.0,0.0,0.0,0.001227656649,0.0,1.0,0.0,,0.0,0.0
2026-01-14 20:00:00,,,0.0,0.0,0.0,0.0,0.0,0.0,,,0.0,0.0,0.0,0.0014211005,0.0,1.0,0.0,,0.0,0.0
2026-01-15 00:00:00,0.0,0.0,0.0,0.0,0.0,0.0,0.0,0.0,0.0,0.0,0.0,0.0,0.0,0.006704364644,0.0,5.0,0.0,0.0,0.0,0.0
2026-01-15 04:00:00,,,0.0,0.0,0.0,0.0,0.0,0.0,,,0.0,0.0,0.0,0.002872990867,0.0,2.0,0.0,,0.0,0.0
2026-01-15 08:00:00,,,0.0,0.0,0.0,0.0,0.0,0.0,,,0.0,0.0,0.0,0.0,0.0,0.0,0.0,,0.0,0.0
2026-01-15 12:00:00,,,0.0,0.0,0.0,0.0,0.0,0.0,,,0.0,0.0,0.0,0.007048134696,0.0,2.0,0.0,,0.0,0.0
2026-01-15 16:00:00,,,0.0,0.0,0.0,0.0,0.0,0.0,,,0.0,0.0,0.0,0.005038666997,0.0,3.0,0.0,,0.0,0.0
2026-01-15 20:00:00,,,0.0,0.0,0.0,0.0,0.0,0.0,,,0.0,0.0,0.0,0.001077214754,0.0,1.0,0.0,,0.0,0.0
2026-01-16 00:00:00,0.0,0.0,0.0,0.0,0.0,0.0,0.0,0.0,0.0,0.0,0.0,0.0,0.0,0.054659209782,0.0,6.0,0.0,0.0,0.0,0.0
2026-01-16 04:00:00,,,0.0,0.0,0.0,0.0,0.0,0.0,,,0.0,0.0,0.0,0.0,0.0,0.0,0.0,,0.0,0.0
2026-01-16 08:00:00,,,0.0,0.0,0.0,0.0,0.0,0.0,,,0.0,0.0,0.0,0.004237737601,0.0,3.0,0.0,,0.0,0.0
2026-01-16 12:00:00,,,0.0,0.0,0.0,0.0,0.0,0.0,,,0.0,0.0,0.0,0.002631937201,0.0,2.0,0.0,,0.0,0.0
2026-01-16 16:00:00,,,0.0,0.0,0.0,0.0,0.0,0.0,,,0.0,0.0,0.0,0.012765230926,0.0,2.0,0.0,,0.0,0.0
2026-01-16 20:00:00,,,0.0,0.0,0.0,0.0,0.0,0.0,,,0.0,0.0,0.0,0.017097988423,0.0,3.0,0.0,,0.0,0.0
2026-01-17 00:00:00,0.0,0.0,0.0,0.0,0.0,0.0,0.0,0.0,0.0,0.0,0.0,0.0,0.0,0.016554862655,0.0,3.0,0.0,0.0,0.0,0.0
2026-01-17 04:00:00,,,0.0,0.0,0.0,0.0,0.0,0.0,,,0.0,0.0,0.0,0.020424836601,0.0,1.0,0.0,,0.0,0.0
2026-01-17 08:00:00,,,0.0,0.0,0.0,0.0,0.0,0.0,,,0.0,0.0,0.0,0.002640473173,0.0,1.0,0.0,,0.0,0.0
2026-01-17 12:00:00,,,0.0,0.0,0.0,0.0,0.0,0.0,,,0.0,0.0,0.0,0.037878787879,0.0,1.0,0.0,,0.0,0.0
2026-01-17 16:00:00,,,0.0,0.0,0.0,0.0,0.0,0.0,,,0.0,0.0,0.0,0.01131814083,0.0,7.0,0.0,,0.0,0.0
2026-01-17 20:00:00,,,0.0,0.0,0.0,0.0,0.0,0.0,,,0.0,0.0,0.0,0.0,0.0,0.0,0.0,,0.0,0.0
2026-01-18 00:00:00,0.0,0.0,0.0,0.0,0.0,0.0,0.0,0.0,0.0,0.0,0.0,0.0,0.0,0.001473361622,0.0,1.0,0.0,0.0,0.0,0.0
2026-01-18 04:00:00,,,0.0,0.0,0.0,0.0,0.0,0.0,,,0.0,0.0,0.0,0.001654752449,0.0,1.0,0.0,,0.0,0.0
2026-01-18 08:00:00,,,0.0,0.0,0.0,0.0,0.0,0.0,,,0.0,0.0,0.0,0.00400015291,0.0,2.0,0.0,,0.0,0.0
2026-01-18 12:00:00,,,0.0,0.0,0.0,0.0,0.0,0.0,,,0.0,0.0,0.0,0.001292390405,0.0,1.0,0.0,,0.0,0.0
2026-01-18 16:00:00,,,0.0,0.0,0.0,0.0,0.0,0.0,,,0.0,0.0,0.0,0.0,0.0,0.0,0.0,,0.0,0.0
2026-01-18 20:00:00,,,0.0,0.0,0.0,0.0,0.0,0.0,,,0.0,0.0,0.0,0.054999121955,0.0,3.0,0.0,,0.0,0.0
2026-01-19 00:00:00,0.0,0.0,0.0,0.0,0.0,0.0,0.0,0.0,0.0,0.0,0.0,0.0,0.0,0.009845026095,0.0,4.0,0.0,0.0,0.0,0.0
2026-01-19 04:00:00,,,0.0,0.0,0.0,0.0,0.0,0.0,,,0.0,0.0,0.0,0.002453556175,0.0,2.0,0.0,,0.0,0.0
2026-01-19 08:00:00,,,0.0,0.0,0.0,0.0,0.0,0.0,,,0.0,0.0,0.0,0.0,0.0,0.0,0.0,,0.0,0.0
2026-01-19 12:00:00,,,0.0,0.0,0.0,0.0,0.0,0.0,,,0.0,0.0,0.0,0.0,0.0,0.0,0.0,,0.0,0.0
2026-01-19 16:00:00,,,0.0,0.0,0.0,0.0,0.0,0.0,,,0.0,0.0,0.0,0.0,0.0,0.0,0.0,,0.0,0.0
2026-01-19 20:00:00,,,0.0,0.0,0.0,0.0,0.0,0.0,,,0.0,0.0,0.0,0.0,0.0,0.0,0.0,,0.0,0.0
2026-01-20 00:00:00,0.0,0.0,0.0,0.0,0.0,0.0,0.0,0.0,0.0,0.0,0.0,0.0,0.0,0.001236399604,0.0,1.0,0.0,0.0,0.0,0.0
2026-01-20 04:00:00,,,0.0,0.0,0.0,0.0,0.0,0.0,,,0.0,0.0,0.0,0.0,0.0,0.0,0.0,,0.0,0.0
2026-01-20 08:00:00,,,0.0,0.0,0.0,0.0,0.0,0.0,,,0.0,0.0,0.0,0.006397758275,0.0,4.0,0.0,,0.0,0.0
2026-01-20 12:00:00,,,0.0,0.0,0.0,0.0,0.0,0.0,,,0.0,0.0,0.0,0.004528162069,0.0,2.0,0.0,,0.0,0.0
2026-01-20 16:00:00,,,0.0,0.0,0.0,0.0,0.0,0.0,,,0.0,0.0,0.0,0.004010762022,0.0,2.0,0.0,,0.0,0.0
2026-01-20 20:00:00,,,0.0,0.0,0.0,0.0,0.0,0.0,,,0.0,0.0,0.0,0.006226424219,0.0,2.0,0.0,,0.0,0.0
2026-01-21 00:00:00,0.0,0.0,0.0,0.0,0.0,0.0,0.0,0.0,0.0,0.0,0.0,0.0,0.0,0.011767232816,0.0,3.0,0.0,0.0,0.0,0.0
2026-01-21 04:00:00,,,0.0,0.0,0.0,0.0,0.0,0.0,,,0.0,0.0,0.0,0.00904748573,0.0,3.0,0.0,,0.0,0.0
2026-01-21 08:00:00,,,0.0,0.0,0.0,0.0,0.0,0.0,,,0.0,0.0,0.0,0.0,0.0,0.0,0.0,,0.0,0.0
2026-01-21 12:00:00,,,0.0,0.0,0.0,0.0,0.0,0.0,,,0.0,0.0,0.0,0.019484678915,0.0,5.0,0.0,,0.0,0.0
2026-01-21 16:00:00,,,0.0,0.0,0.0,0.0,0.0,0.0,,,0.0,0.0,0.0,0.012219953015,0.0,6.0,0.0,,0.0,0.0
2026-01-21 20:00:00,,,0.0,0.0,0.0,0.0,0.0,0.0,,,0.0,0.0,0.0,0.004429359205,0.0,2.0,0.0,,0.0,0.0
2026-01-22 00:00:00,0.0,0.0,0.0,0.0,0.0,0.0,0.0,0.0,0.0,0.0,0.0,0.0,0.0,0.00392341494,0.0,2.0,0.0,0.0,0.0,0.0
2026-01-22 04:00:00,,,0.0,0.0,0.0,0.0,0.0,0.0,,,0.0,0.0,0.0,0.002309682188,0.0,1.0,0.0,,0.0,0.0
2026-01-22 08:00:00,,,0.0,0.0,0.0,0.0,0.0,0.0,,,0.0,0.0,0.0,0.009703670623,0.0,4.0,0.0,,0.0,0.0
2026-01-22 12:00:00,,,0.0,0.0,0.0,0.0,0.0,0.0,,,0.0,0.0,0.0,0.009389545192,0.0,4.0,0.0,,0.0,0.0
2026-01-22 16:00:00,,,0.0,0.0,0.0,0.0,0.0,0.0,,,0.0,0.0,0.0,0.00288342417,0.0,2.0,0.0,,0.0,0.0
2026-01-22 20:00:00,,,0.0,0.0,0.0,0.0,0.0,0.0,,,0.0,0.0,0.0,0.003690581636,0.0,2.0,0.0,,0.0,0.0
2026-01-23 00:00:00,0.0,0.0,0.0,0.0,0.0,0.0,0.0,0.0,0.0,0.0,0.0,0.0,0.0,0.003251793316,0.0,2.0,0.0,0.0,0.0,0.0
2026-01-23 04:00:00,,,0.0,0.0,0.0,0.0,0.0,0.0,,,0.0,0.0,0.0,0.002314814815,0.0,1.0,0.0,,0.0,0.0
2026-01-23 08:00:00,,,0.0,0.0,0.0,0.0,0.0,0.0,,,0.0,0.0,0.0,0.010577171475,0.0,5.0,0.0,,0.0,0.0
2026-01-23 12:00:00,,,0.0,0.0,0.0,0.0,0.0,0.0,,,0.0,0.0,0.0,0.011174526698,0.0,5.0,0.0,,0.0,0.0
2026-01-23 16:00:00,,,0.0,0.0,0.0,0.0,0.0,0.0,,,0.0,0.0,0.0,0.007904315046,0.0,2.0,0.0,,0.0,0.0
2026-01-23 20:00:00,,,0.0,0.0,0.0,0.0,0.0,0.0,,,0.0,0.0,0.0,0.0,0.0,0.0,0.0,,0.0,0.0
2026-01-24 00:00:00,0.0,0.0,0.0,0.0,0.0,0.0,0.0,0.0,0.0,0.0,0.0,0.0,0.0,0.005687998051,0.0,3.0,0.0,0.0,0.0,0.0
2026-01-24 04:00:00,,,0.0,0.0,0.0,0.0,0.0,0.0,,,0.0,0.0,0.0,0.004131446598,0.0,3.0,0.0,,0.0,0.0
2026-01-24 08:00:00,,,0.0,0.0,0.0,0.0,0.0,0.0,,,0.0,0.0,0.0,0.0,0.0,0.0,0.0,,0.0,0.0
2026-01-24 12:00:00,,,0.0,0.0,0.0,0.0,0.0,0.0,,,0.0,0.0,0.0,0.005404236922,0.0,2.0,0.0,,0.0,0.0
2026-01-24 16:00:00,,,0.0,0.0,0.0,0.0,0.0,0.0,,,0.0,0.0,0.0,0.0,0.0,0.0,0.0,,0.0,0.0
2026-01-24 20:00:00,,,0.0,0.0,0.0,0.0,0.0,0.0,,,0.0,0.0,0.0,0.0,0.0,0.0,0.0,,0.0,0.0
2026-01-25 00:00:00,0.0,0.0,0.0,0.0,0.0,0.0,0.0,0.0,0.0,0.0,0.0,0.0,0.0,0.006430356864,0.0,2.0,0.0,0.0,0.0,0.0
2026-01-25 04:00:00,,,0.0,0.0,0.0,0.0,0.0,0.0,,,0.0,0.0,0.0,0.004609144543,0.0,1.0,0.0,,0.0,0.0
2026-01-25 08:00:00,,,0.0,0.0,0.0,0.0,0.0,0.0,,,0.0,0.0,0.0,0.0,0.0,0.0,0.0,,0.0,0.0
2026-01-25 12:00:00,,,0.0,0.0,0.0,0.0,0.0,0.0,,,0.0,0.0,0.0,0.013771472057,0.0,4.0,0.0,,0.0,0.0
2026-01-25 16:00:00,,,0.0,0.0,0.0,0.0,0.0,0.0,,,0.0,0.0,0.0,0.0,0.0,0.0,0.0,,0.0,0.0
2026-01-25 20:00:00,,,0.0,0.0,0.0,0.0,0.0,0.0,,,0.0,0.0,0.0,0.0,0.0,0.0,0.0,,0.0,0.0
2026-01-26 00:00:00,0.0,0.0,0.0,0.0,0.0,0.0,0.0,0.0,0.0,0.0,0.0,0.0,0.0,0.007982120051,0.0,1.0,0.0,0.0,0.0,0.0
2026-01-26 04:00:00,,,0.0,0.0,0.0,0.0,0.0,0.0,,,0.0,0.0,0.0,0.001720341316,0.0,1.0,0.0,,0.0,0.0
2026-01-26 08:00:00,,,0.0,0.0,0.0,0.0,0.0,0.0,,,0.0,0.0,0.0,0.004962960765,0.0,3.0,0.0,,0.0,0.0
2026-01-26 12:00:00,,,0.0,0.0,0.0,0.0,0.0,0.0,,,0.0,0.0,0.0,0.008146277053,0.0,3.0,0.0,,0.0,0.0
2026-01-26 16:00:00,,,0.0,0.0,0.0,0.0,0.0,0.0,,,0.0,0.0,0.0,0.001625065003,0.0,1.0,0.0,,0.0,0.0
2026-01-26 20:00:00,,,0.0,0.0,0.0,0.0,0.0,0.0,,,0.0,0.0,0.0,0.00154664687,0.0,1.0,0.0,,0.0,0.0
2026-01-27 00:00:00,0.0,0.0,0.0,0.0,0.0,0.0,0.0,0.0,0.0,0.0,0.0,0.0,0.0,0.001783675799,0.0,1.0,0.0,0.0,0.0,0.0
2026-01-27 04:00:00,,,0.0,0.0,0.0,0.0,0.0,0.0,,,0.0,0.0,0.0,0.004986938126,0.0,3.0,0.0,,0.0,0.0
2026-01-27 08:00:00,,,0.0,0.0,0.0,0.0,0.0,0.0,,,0.0,0.0,0.0,0.0,0.0,0.0,0.0,,0.0,0.0
2026-01-27 12:00:00,,,0.0,0.0,0.0,0.0,0.0,0.0,,,0.0,0.0,0.0,0.002568845047,0.0,1.0,0.0,,0.0,0.0
2026-01-27 16:00:00,,,0.0,0.0,0.0,0.0,0.0,0.0,,,0.0,0.0,0.0,0.004705367718,0.0,3.0,0.0,,0.0,0.0
2026-01-27 20:00:00,,,0.0,0.0,0.0,0.0,0.0,0.0,,,0.0,0.0,0.0,0.002368187908,0.0,2.0,0.0,,0.0,0.0
2026-01-28 00:00:00,0.0,0.0,0.0,0.0,0.0,0.0,0.0,0.0,0.0,0.0,0.0,0.0,0.0,0.001814386637,0.0,3.0,0.0,0.0,0.0,0.0
2026-01-28 04:00:00,,,0.0,0.0,0.0,0.0,0.0,0.0,,,0.0,0.0,0.0,0.00196170747,0.0,1.0,0.0,,0.0,0.0
2026-01-28 08:00:00,,,0.0,0.0,0.0,0.0,0.0,0.0,,,0.0,0.0,0.0,0.002331025318,0.0,4.0,0.0,,0.0,0.0
2026-01-28 12:00:00,,,0.0,0.0,0.0,0.0,0.0,0.0,,,0.0,0.0,0.0,0.001441200858,0.0,2.0,0.0,,0.0,0.0
2026-01-28 16:00:00,,,0.0,0.0,0.0,0.0,0.0,0.0,,,0.0,0.0,0.0,0.000669666774,0.0,1.0,0.0,,0.0,0.0
2026-01-28 20:00:00,,,0.0,0.0,0.0,0.0,0.0,0.0,,,0.0,0.0,0.0,0.00227338616,0.0,3.0,0.0,,0.0,0.0
2026-01-29 00:00:00,0.0,0.0,0.0,0.0,0.0,0.0,0.0,0.0,0.0,0.0,0.0,0.0,0.0,0.000740609077,0.0,1.0,0.0,0.0,0.0,0.0
2026-01-29 04:00:00,,,0.0,0.0,0.0,0.0,0.0,0.0,,,0.0,0.0,0.0,0.0,0.0,0.0,0.0,,0.0,0.0
2026-01-29 08:00:00,,,0.0,0.0,0.0,0.0,0.0,0.0,,,0.0,0.0,0.0,0.0,0.0,0.0,0.0,,0.0,0.0
2026-01-29 12:00:00,,,0.0,0.0,0.0,0.0,0.0,0.0,,,0.0,0.0,0.0,0.001118268026,0.0,1.0,0.0,,0.0,0.0
2026-01-29 16:00:00,,,0.0,0.0,0.0,0.0,0.0,0.0,,,0.0,0.0,0.0,0.006529605348,0.0,6.0,0.0,,0.0,0.0
2026-01-29 20:00:00,,,0.0,0.0,0.0,0.0,0.0,0.0,,,0.0,0.0,0.0,0.001240079365,0.0,1.0,0.0,,0.0,0.0
2026-01-30 00:00:00,0.0,0.0,0.0,0.0,0.0,0.0,0.0,0.0,0.0,0.0,0.0,0.0,0.0,0.00120215426,0.0,1.0,0.0,0.0,0.0,0.0
2026-01-30 04:00:00,,,0.0,0.0,0.0,0.0,0.0,0.0,,,0.0,0.0,0.0,0.0,0.0,0.0,0.0,,0.0,0.0
2026-01-30 08:00:00,,,0.0,0.0,0.0,0.0,0.0,0.0,,,0.0,0.0,0.0,0.002944640754,0.0,0.0,0.0,,0.0,0.0
2026-01-30 12:00:00,,,0.0,0.0,0.0,0.0,0.0,0.0,,,0.0,0.0,0.0,0.004939940065,0.0,5.0,0.0,,0.0,0.0
2026-01-30 16:00:00,,,0.0,0.0,0.0,0.0,0.0,0.0,,,0.0,0.0,0.0,0.000792443261,0.0,2.0,0.0,,0.0,0.0
2026-01-30 20:00:00,,,0.0,0.0,0.0,0.0,0.0,0.0,,,0.0,0.0,0.0,0.0,0.0,0.0,0.0,,0.0,0.0
2026-01-31 00:00:00,0.0,0.0,0.0,0.0,0.0,0.0,0.0,0.0,0.0,0.0,0.0,0.0,0.0,0.0,0.0,0.0,0.0,0.0,0.0,0.0
2026-01-31 04:00:00,,,0.0,0.0,0.0,0.0,0.0,0.0,,,0.0,0.0,0.0,0.0,0.0,0.0,0.0,,0.0,0.0
2026-01-31 08:00:00,,,0.0,0.0,0.0,0.0,0.0,0.0,,,0.0,0.0,0.0,0.003346522084,0.0,3.0,0.0,,0.0,0.0
2026-01-31 12:00:00,,,0.0,0.0,0.0,0.0,0.0,0.0,,,0.0,0.0,0.0,0.001444752658,0.0,1.0,0.0,,0.0,0.0
2026-01-31 16:00:00,,,0.0,0.0,0.0,0.0,0.0,0.0,,,0.0,0.0,0.0,0.003771591889,0.0,2.0,0.0,,0.0,0.0
2026-01-31 20:00:00,,,0.0,0.0,0.0,0.0,0.0,0.0,,,0.0,0.0,0.0,0.0,0.0,0.0,0.0,,0.0,0.0
2026-02-01 00:00:00,0.0,0.0,0.0,0.0,0.0,0.0,0.0,0.0,0.0,0.0,0.0,0.0,0.0,0.0,0.0,0.0,0.0,0.0,0.0,0.0
2026-02-01 04:00:00,,,0.0,0.0,0.0,0.0,0.0,0.0,,,0.0,0.0,0.0,0.00326695837,0.0,2.0,0.0,,0.0,0.0
2026-02-01 08:00:00,,,0.0,0.0,0.0,0.0,0.0,0.0,,,0.0,0.0,0.0,0.0,0.0,0.0,0.0,,0.0,0.0
2026-02-01 12:00:00,,,0.0,0.0,0.0,0.0,0.0,0.0,,,0.0,0.0,0.0,0.0,0.0,0.0,0.0,,0.0,0.0
2026-02-01 16:00:00,,,0.0,0.0,0.0,0.0,0.0,0.0,,,0.0,0.0,0.0,0.0,0.0,0.0,0.0,,0.0,0.0
2026-02-01 20:00:00,,,0.0,0.0,0.0,0.0,0.0,0.0,,,0.0,0.0,0.0,0.002606882169,0.0,2.0,0.0,,0.0,0.0
2026-02-02 00:00:00,0.0,0.0,0.0,0.0,0.0,0.0,0.0,0.0,0.0,0.0,0.0,0.0,0.0,0.001488095238,0.0,1.0,0.0,0.0,0.0,0.0
2026-02-02 04:00:00,,,0.0,0.0,0.0,0.0,0.0,0.0,,,0.0,0.0,0.0,0.001018744906,0.0,1.0,0.0,,0.0,0.0
2026-02-02 08:00:00,,,0.0,0.0,0.0,0.0,0.0,0.0,,,0.0,0.0,0.0,0.001603797793,0.0,1.0,0.0,,0.0,0.0
2026-02-02 12:00:00,,,0.0,0.0,0.0,0.0,0.0,0.0,,,0.0,0.0,0.0,0.0,0.0,0.0,0.0,,0.0,0.0
2026-02-02 16:00:00,,,0.0,0.0,0.0,0.0,0.0,0.0,,,0.0,0.0,0.0,0.0,0.0,0.0,0.0,,0.0,0.0
2026-02-02 20:00:00,,,0.0,0.0,0.0,0.0,0.0,0.0,,,0.0,0.0,0.0,0.005785236217,0.0,4.0,0.0,,0.0,0.0
2026-02-03 00:00:00,0.0,0.0,0.0,0.0,0.0,0.0,0.0,0.0,0.0,0.0,0.0,0.0,0.0,0.002278711994,0.0,2.0,0.0,0.0,0.0,0.0
2026-02-03 04:00:00,,,0.0,0.0,0.0,0.0,0.0,0.0,,,0.0,0.0,0.0,0.003600463254,0.0,3.0,0.0,,0.0,0.0
2026-02-03 08:00:00,,,0.0,0.0,0.0,0.0,0.0,0.0,,,0.0,0.0,0.0,0.005247691016,0.0,1.0,0.0,,0.0,0.0
2026-02-03 12:00:00,,,0.0,0.0,0.0,0.0,0.0,0.0,,,0.0,0.0,0.0,0.001098225268,0.0,1.0,0.0,,0.0,0.0
2026-02-03 16:00:00,,,0.0,0.0,0.0,0.0,0.0,0.0,,,0.0,0.0,0.0,0.0,0.0,0.0,0.0,,0.0,0.0
2026-02-03 20:00:00,,,0.0,0.0,0.0,0.0,0.0,0.0,,,0.0,0.0,0.0,0.001072225081,0.0,1.0,0.0,,0.0,0.0
2026-02-04 00:00:00,0.0,0.0,0.0,0.0,0.0,0.0,0.0,0.0,0.0,0.0,0.0,0.0,0.0,0.001169754819,0.0,1.0,0.0,0.0,0.0,0.0
2026-02-04 04:00:00,,,0.0,0.0,0.0,0.0,0.0,0.0,,,0.0,0.0,0.0,0.0,0.0,0.0,0.0,,0.0,0.0
2026-02-04 08:00:00,,,0.0,0.0,0.0,0.0,0.0,0.0,,,0.0,0.0,0.0,0.0,0.0,0.0,0.0,,0.0,0.0
2026-02-04 12:00:00,,,0.0,0.0,0.0,0.0,0.0,0.0,,,0.0,0.0,0.0,0.00377274657,0.0,3.0,0.0,,0.0,0.0
2026-02-04 16:00:00,,,0.0,0.0,0.0,0.0,0.0,0.0,,,0.0,0.0,0.0,0.004147896143,0.0,2.0,0.0,,0.0,0.0
2026-02-04 20:00:00,,,0.0,0.0,0.0,0.0,0.0,0.0,,,0.0,0.0,0.0,0.0,0.0,0.0,0.0,,0.0,0.0
2026-02-05 00:00:00,0.0,0.0,0.0,0.0,0.0,0.0,0.0,0.0,0.0,0.0,0.0,0.0,0.0,0.001109927189,0.0,1.0,0.0,0.0,0.0,0.0
2026-02-05 04:00:00,,,0.0,0.0,0.0,0.0,0.0,0.0,,,0.0,0.0,0.0,0.0,0.0,0.0,0.0,,0.0,0.0
2026-02-05 08:00:00,,,0.0,0.0,0.0,0.0,0.0,0.0,,,0.0,0.0,0.0,0.0,0.0,0.0,0.0,,0.0,0.0
2026-02-05 12:00:00,,,0.0,0.0,0.0,0.0,0.0,0.0,,,0.0,0.0,0.0,0.001060220526,0.0,1.0,0.0,,0.0,0.0
2026-02-05 16:00:00,,,0.0,0.0,0.0,0.0,0.0,0.0,,,0.0,0.0,0.0,0.005012333733,0.0,3.0,0.0,,0.0,0.0
2026-02-05 20:00:00,,,0.0,0.0,0.0,0.0,0.0,0.0,,,0.0,0.0,0.0,0.0,0.0,0.0,0.0,,0.0,0.0
2026-02-06 00:00:00,0.0,0.0,0.0,0.0,0.0,0.0,0.0,0.0,0.0,0.0,0.0,0.0,0.0,0.004470672389,0.0,1.0,0.0,0.0,0.0,0.0
2026-02-06 04:00:00,,,0.0,0.0,0.0,0.0,0.0,0.0,,,0.0,0.0,0.0,0.003234989648,0.0,1.0,0.0,,0.0,0.0
2026-02-06 08:00:00,,,0.0,0.0,0.0,0.0,0.0,0.0,,,0.0,0.0,0.0,0.006332320162,0.0,1.0,0.0,,0.0,0.0
2026-02-06 12:00:00,,,0.0,0.0,0.0,0.0,0.0,0.0,,,0.0,0.0,0.0,0.005583187763,0.0,3.0,0.0,,0.0,0.0
2026-02-06 16:00:00,,,0.0,0.0,0.0,0.0,0.0,0.0,,,0.0,0.0,0.0,0.001147209985,0.0,1.0,0.0,,0.0,0.0
2026-02-06 20:00:00,,,0.0,0.0,0.0,0.0,0.0,0.0,,,0.0,0.0,0.0,0.0,0.0,0.0,0.0,,0.0,0.0
2026-02-07 00:00:00,0.0,0.0,0.0,0.0,0.0,0.0,0.0,0.0,0.0,0.0,0.0,0.0,0.0,0.001572327044,0.0,1.0,0.0,0.0,0.0,0.0
2026-02-07 04:00:00,,,0.0,0.0,0.0,0.0,0.0,0.0,,,0.0,0.0,0.0,0.001806880601,0.0,1.0,0.0,,0.0,0.0
2026-02-07 08:00:00,,,0.0,0.0,0.0,0.0,0.0,0.0,,,0.0,0.0,0.0,0.0,0.0,0.0,0.0,,0.0,0.0
2026-02-07 12:00:00,,,0.0,0.0,0.0,0.0,0.0,0.0,,,0.0,0.0,0.0,0.001199385914,0.0,1.0,0.0,,0.0,0.0
2026-02-07 16:00:00,,,0.0,0.0,0.0,0.0,0.0,0.0,,,0.0,0.0,0.0,0.0,0.0,0.0,0.0,,0.0,0.0
2026-02-07 20:00:00,,,0.0,0.0,0.0,0.0,0.0,0.0,,,0.0,0.0,0.0,0.0,0.0,0.0,0.0,,0.0,0.0
2026-02-08 00:00:00,0.0,0.0,0.0,0.0,0.0,0.0,0.0,0.0,0.0,0.0,0.0,0.0,0.0,0.0,0.0,0.0,0.0,0.0,0.0,0.0
2026-02-08 04:00:00,,,0.0,0.0,0.0,0.0,0.0,0.0,,,0.0,0.0,0.0,0.0,0.0,0.0,0.0,,0.0,0.0
2026-02-08 08:00:00,,,0.0,0.0,0.0,0.0,0.0,0.0,,,0.0,0.0,0.0,0.00106455459,0.0,1.0,0.0,,0.0,0.0
2026-02-08 12:00:00,,,0.0,0.0,0.0,0.0,0.0,0.0,,,0.0,0.0,0.0,0.003085106891,0.0,2.0,0.0,,0.0,0.0
2026-02-08 16:00:00,,,0.0,0.0,0.0,0.0,0.0,0.0,,,0.0,0.0,0.0,0.0,0.0,0.0,0.0,,0.0,0.0
2026-02-08 20:00:00,,,0.0,0.0,0.0,0.0,0.0,0.0,,,0.0,0.0,0.0,0.001215480358,0.0,1.0,0.0,,0.0,0.0
2026-02-09 00:00:00,0.0,0.0,0.0,0.0,0.0,0.0,0.0,0.0,0.0,0.0,0.0,0.0,0.0,0.00159642401,0.0,1.0,0.0,0.0,0.0,0.0
2026-02-09 04:00:00,,,0.0,0.0,0.0,0.0,0.0,0.0,,,0.0,0.0,0.0,0.003123438281,0.0,1.0,0.0,,0.0,0.0
2026-02-09 08:00:00,,,0.0,0.0,0.0,0.0,0.0,0.0,,,0.0,0.0,0.0,0.001132862063,0.0,1.0,0.0,,0.0,0.0
2026-02-09 12:00:00,,,0.0,0.0,0.0,0.0,0.0,0.0,,,0.0,0.0,0.0,0.007040451935,0.0,6.0,0.0,,0.0,0.0
2026-02-09 16:00:00,,,0.0,0.0,0.0,0.0,0.0,0.0,,,0.0,0.0,0.0,0.005459081151,0.0,5.0,0.0,,0.0,0.0
2026-02-09 20:00:00,,,0.0,0.0,0.0,0.0,0.0,0.0,,,0.0,0.0,0.0,0.000760340633,0.0,1.0,0.0,,0.0,0.0
2026-02-10 00:00:00,0.0,0.0,0.0,0.0,0.0,0.0,0.0,0.0,0.0,0.0,0.0,0.0,0.0,0.0,0.0,0.0,0.0,0.0,0.0,0.0
2026-02-10 04:00:00,,,0.0,0.0,0.0,0.0,0.0,0.0,,,0.0,0.0,0.0,0.0,0.0,0.0,0.0,,0.0,0.0
2026-02-10 08:00:00,,,0.0,0.0,0.0,0.0,0.0,0.0,,,0.0,0.0,0.0,0.0,0.0,0.0,0.0,,0.0,0.0
2026-02-10 12:00:00,,,0.0,0.0,0.0,0.0,0.0,0.0,,,0.0,0.0,0.0,0.000664328231,0.0,1.0,0.0,,0.0,0.0
2026-02-10 16:00:00,,,0.0,0.0,0.0,0.0,0.0,0.0,,,0.0,0.0,0.0,0.002058462977,0.0,2.0,0.0,,0.0,0.0
2026-02-10 20:00:00,,,0.0,0.0,0.0,0.0,0.0,0.0,,,0.0,0.0,0.0,0.0,0.0,0.0,0.0,,0.0,0.0
2026-02-11 00:00:00,0.0,0.0,0.0,0.0,0.0,0.0,0.0,0.0,0.0,0.0,0.0,0.0,0.0,0.001186408504,0.0,1.0,0.0,0.0,0.0,0.0
2026-02-11 04:00:00,,,0.0,0.0,0.0,0.0,0.0,0.0,,,0.0,0.0,0.0,0.0,0.0,0.0,0.0,,0.0,0.0
2026-02-11 08:00:00,,,0.0,0.0,0.0,0.0,0.0,0.0,,,0.0,0.0,0.0,0.00215716959,0.0,2.0,0.0,,0.0,0.0
2026-02-11 12:00:00,,,0.0,0.0,0.0,0.0,0.0,0.0,,,0.0,0.0,0.0,0.001158694846,0.0,1.0,0.0,,0.0,0.0
2026-02-11 16:00:00,,,0.0,0.0,0.0,0.0,0.0,0.0,,,0.0,0.0,0.0,0.001764846557,0.0,2.0,0.0,,0.0,0.0
2026-02-11 20:00:00,,,0.0,0.0,0.0,0.0,0.0,0.0,,,0.0,0.0,0.0,0.001452812645,0.0,1.0,0.0,,0.0,0.0
2026-02-12 00:00:00,0.0,0.0,0.0,0.0,0.0,0.0,0.0,0.0,0.0,0.0,0.0,0.0,0.0,0.002967711301,0.0,1.0,0.0,0.0,0.0,0.0
2026-02-12 04:00:00,,,0.0,0.0,0.0,0.0,0.0,0.0,,,0.0,0.0,0.0,0.002213959284,0.0,2.0,0.0,,0.0,0.0
2026-02-12 08:00:00,,,0.0,0.0,0.0,0.0,0.0,0.0,,,0.0,0.0,0.0,0.0,0.0,0.0,0.0,,0.0,0.0
2026-02-12 12:00:00,,,0.0,0.0,0.0,0.0,0.0,0.0,,,0.0,0.0,0.0,0.001537295229,0.0,2.0,0.0,,0.0,0.0
2026-02-12 16:00:00,,,0.0,0.0,0.0,0.0,0.0,0.0,,,0.0,0.0,0.0,0.000809690374,0.0,1.0,0.0,,0.0,0.0
2026-02-12 20:00:00,,,0.0,0.0,0.0,0.0,0.0,0.0,,,0.0,0.0,0.0,0.001276280005,0.0,2.0,0.0,,0.0,0.0
2026-02-13 00:00:00,0.0,0.0,0.0,0.0,0.0,0.0,0.0,0.0,0.0,0.0,0.0,0.0,0.0,0.000784092335,0.0,1.0,0.0,0.0,0.0,0.0
2026-02-13 04:00:00,,,0.0,0.0,0.0,0.0,0.0,0.0,,,0.0,0.0,0.0,0.000694444444,0.0,1.0,0.0,,0.0,0.0
2026-02-13 08:00:00,,,0.0,0.0,0.0,0.0,0.0,0.0,,,0.0,0.0,0.0,0.0,0.0,0.0,0.0,,0.0,0.0
2026-02-13 12:00:00,,,0.0,0.0,0.0,0.0,0.0,0.0,,,0.0,0.0,0.0,0.0,0.0,0.0,0.0,,0.0,0.0
2026-02-13 16:00:00,,,0.0,0.0,0.0,0.0,0.0,0.0,,,0.0,0.0,0.0,0.003389587437,0.0,5.0,0.0,,0.0,0.0
2026-02-13 20:00:00,,,0.0,0.0,0.0,0.0,0.0,0.0,,,0.0,0.0,0.0,0.002457018607,0.0,3.0,0.0,,0.0,0.0
2026-02-14 00:00:00,0.0,0.0,0.0,0.0,0.0,0.0,0.0,0.0,0.0,0.0,0.0,0.0,0.0,0.0,0.0,0.0,0.0,0.0,0.0,0.0
2026-02-14 04:00:00,,,0.0,0.0,0.0,0.0,0.0,0.0,,,0.0,0.0,0.0,0.001617023097,0.0,2.0,0.0,,0.0,0.0
2026-02-14 08:00:00,,,0.0,0.0,0.0,0.0,0.0,0.0,,,0.0,0.0,0.0,0.000679939077,0.0,1.0,0.0,,0.0,0.0
2026-02-14 12:00:00,,,0.0,0.0,0.0,0.0,0.0,0.0,,,0.0,0.0,0.0,0.0,0.0,0.0,0.0,,0.0,0.0
2026-02-14 16:00:00,,,0.0,0.0,0.0,0.0,0.0,0.0,,,0.0,0.0,0.0,0.000685081662,0.0,1.0,0.0,,0.0,0.0
2026-02-14 20:00:00,,,0.0,0.0,0.0,0.0,0.0,0.0,,,0.0,0.0,0.0,0.000693288963,0.0,1.0,0.0,,0.0,0.0
2026-02-15 00:00:00,0.0,0.0,0.0,0.0,0.0,0.0,0.0,0.0,0.0,0.0,0.0,0.0,0.0,0.000740082889,0.0,1.0,0.0,0.0,0.0,0.0
2026-02-15 04:00:00,,,0.0,0.0,0.0,0.0,0.0,0.0,,,0.0,0.0,0.0,0.000912541977,0.0,1.0,0.0,,0.0,0.0
2026-02-15 08:00:00,,,0.0,0.0,0.0,0.0,0.0,0.0,,,0.0,0.0,0.0,0.000993482753,0.0,1.0,0.0,,0.0,0.0
2026-02-15 12:00:00,,,0.0,0.0,0.0,0.0,0.0,0.0,,,0.0,0.0,0.0,0.0,0.0,0.0,0.0,,0.0,0.0
2026-02-15 16:00:00,,,0.0,0.0,0.0,0.0,0.0,0.0,,,0.0,0.0,0.0,0.001309448984,0.0,1.0,0.0,,0.0,0.0
2026-02-15 20:00:00,,,0.0,0.0,0.0,0.0,0.0,0.0,,,0.0,0.0,0.0,0.0,0.0,0.0,0.0,,0.0,0.0
2026-02-16 00:00:00,0.0,0.0,0.0,0.0,0.0,0.0,0.0,0.0,0.0,0.0,0.0,0.0,0.0,0.0,0.0,0.0,0.0,0.0,0.0,0.0
2026-02-16 04:00:00,,,0.0,0.0,0.0,0.0,0.0,0.0,,,0.0,0.0,0.0,0.001046901173,0.0,1.0,0.0,,0.0,0.0
2026-02-16 08:00:00,,,0.0,0.0,0.0,0.0,0.0,0.0,,,0.0,0.0,0.0,0.00093464932,0.0,1.0,0.0,,0.0,0.0
2026-02-16 12:00:00,,,0.0,0.0,0.0,0.0,0.0,0.0,,,0.0,0.0,0.0,0.0,0.0,0.0,0.0,,0.0,0.0
2026-02-16 16:00:00,,,0.0,0.0,0.0,0.0,0.0,0.0,,,0.0,0.0,0.0,0.001518464529,0.0,1.0,0.0,,0.0,0.0
