timestamp,dev_activity_1d,dev_activity_contributors_count_7d,sentiment_balance_total,sentiment_balance_total_v2,sentiment_negative_total,sentiment_positive_total,sentiment_volume_consumed_total,sentiment_weighted_total,sentiment_weighted_total_1d,sentiment_weighted_total_1d_v2,sentiment_weighted_total_1h,sentiment_weighted_total_1h_v2,sentiment_weighted_total_v2,social_dominance_ai_total,social_dominance_total,social_volume_ai_total,social_volume_total,twitter_followers,unique_social_volume_total_1d,unique_social_volume_total_1h,unique_social_volume_total_5m
2025-01-31 00:00:00,0.0,0.0,,,,,,,,,,,,,,,,,,,
2025-02-01 00:00:00,0.0,0.0,,,,,,,,,,,,,,,,,,,
2025-02-02 00:00:00,0.0,0.0,,,,,,,,,,,,,,,,,,,
2025-02-03 00:00:00,0.0,0.0,,,,,,,,,,,,,,,,,,,
2025-02-04 00:00:00,0.0,0.0,,,,,,,,,,,,,,,,,,,
2025-02-05 00:00:00,0.0,0.0,,,,,,,,,,,,,,,,,,,
2025-02-06 00:00:00,0.0,0.0,,,,,,,,,,,,,,,,,,,
2025-02-07 00:00:00,0.0,0.0,,,,,,,,,,,,,,,,,,,
2025-02-08 00:00:00,0.0,0.0,,,,,,,,,,,,,,,,,,,
2025-02-09 00:00:00,0.0,0.0,,,,,,,,,,,,,,,,,,,
2025-02-10 00:00:00,0.0,0.0,,,,,,,,,,,,,,,,,,,
2025-02-11 00:00:00,0.0,0.0,,,,,,,,,,,,,,,,,,,
2025-02-12 00:00:00,0.0,0.0,,,,,,,,,,,,,,,,,,,
2025-02-13 00:00:00,0.0,0.0,,,,,,,,,,,,,,,,,,,
2025-02-14 00:00:00,0.0,0.0,,,,,,,,,,,,,,,,,,,
2025-02-15 00:00:00,0.0,0.0,,,,,,,,,,,,,,,,,,,
2025-02-16 00:00:00,0.0,0.0,,,,,,,,,,,,,,,,,,,
2025-02-17 00:00:00,0.0,0.0,,,,,,,,,,,,,,,,,,,
2025-02-18 00:00:00,0.0,0.0,,,,,,,,,,,,,,,,,,,
2025-02-19 00:00:00,0.0,0.0,,,,,,,,,,,,,,,,,,,
2025-02-20 00:00:00,0.0,0.0,,,,,,,,,,,,,,,,,,,
2025-02-21 00:00:00,0.0,0.0,,,,,,,,,,,,,,,,,,,
2025-02-22 00:00:00,0.0,0.0,,,,,,,,,,,,,,,,,,,
2025-02-23 00:00:00,0.0,0.0,,,,,,,,,,,,,,,,,,,
2025-02-24 00:00:00,0.0,0.0,,,,,,,,,,,,,,,,,,,
2025-02-25 00:00:00,0.0,0.0,,,,,,,,,,,,,,,,,,,
2025-02-26 00:00:00,0.0,0.0,,,,,,,,,,,,,,,,,,,
2025-02-27 00:00:00,0.0,0.0,,,,,,,,,,,,,,,,,,,
2025-02-28 00:00:00,0.0,0.0,,,,,,,,,,,,,,,,,,,
2025-03-01 00:00:00,0.0,0.0,,,,,,,,,,,,,,,,,,,
2025-03-02 00:00:00,0.0,0.0,,,,,,,,,,,,,,,,,,,
2025-03-03 00:00:00,0.0,0.0,,,,,,,,,,,,,,,,,,,
2025-03-04 00:00:00,0.0,0.0,,,,,,,,,,,,,,,,,,,
2025-03-05 00:00:00,0.0,0.0,,,,,,,,,,,,,,,,,,,
2025-03-06 00:00:00,0.0,0.0,,,,,,,,,,,,,,,,,,,
2025-03-07 00:00:00,0.0,0.0,,,,,,,,,,,,,,,,,,,
2025-03-08 00:00:00,0.0,0.0,,,,,,,,,,,,,,,,,,,
2025-03-09 00:00:00,0.0,0.0,,,,,,,,,,,,,,,,,,,
2025-03-10 00:00:00,0.0,0.0,,,,,,,,,,,,,,,,,,,
2025-03-11 00:00:00,0.0,0.0,,,,,,,,,,,,,,,,,,,
2025-03-12 00:00:00,0.0,0.0,,,,,,,,,,,,,,,,,,,
2025-03-13 00:00:00,0.0,0.0,,,,,,,,,,,,,,,,,,,
2025-03-14 00:00:00,0.0,0.0,,,,,,,,,,,,,,,,,,,
2025-03-15 00:00:00,0.0,0.0,,,,,,,,,,,,,,,,,,,
2025-03-16 00:00:00,0.0,0.0,,,,,,,,,,,,,,,,,,,
2025-03-17 00:00:00,0.0,0.0,,,,,,,,,,,,,,,,,,,
2025-03-18 00:00:00,0.0,0.0,,,,,,,,,,,,,,,,,,,
2025-03-19 00:00:00,0.0,0.0,,,,,,,,,,,,,,,,,,,
2025-03-20 00:00:00,0.0,0.0,,,,,,,,,,,,,,,,,,,
2025-03-21 00:00:00,0.0,0.0,,,,,,,,,,,,,,,,,,,
2025-03-22 00:00:00,0.0,0.0,,,,,,,,,,,,,,,,,,,
2025-03-23 00:00:00,0.0,0.0,,,,,,,,,,,,,,,,,,,
2025-03-24 00:00:00,0.0,0.0,,,,,,,,,,,,,,,,,,,
2025-03-25 00:00:00,0.0,0.0,,,,,,,,,,,,,,,,,,,
2025-03-26 00:00:00,0.0,0.0,,,,,,,,,,,,,,,,,,,
2025-03-27 00:00:00,0.0,0.0,,,,,,,,,,,,,,,,,,,
2025-03-28 00:00:00,0.0,0.0,,,,,,,,,,,,,,,,,,,
2025-03-29 00:00:00,0.0,0.0,,,,,,,,,,,,,,,,,,,
2025-03-30 00:00:00,0.0,0.0,,,,,,,,,,,,,,,,,,,
2025-03-31 00:00:00,0.0,0.0,,,,,,,,,,,,,,,,,,,
2025-04-01 00:00:00,0.0,0.0,,,,,,,,,,,,,,,,,,,
2025-04-02 00:00:00,0.0,0.0,,,,,,,,,,,,,,,,,,,
2025-04-03 00:00:00,0.0,0.0,,,,,,,,,,,,,,,,,,,
2025-04-04 00:00:00,0.0,0.0,,,,,,,,,,,,,,,,,,,
2025-04-05 00:00:00,0.0,0.0,,,,,,,,,,,,,,,,,,,
2025-04-06 00:00:00,0.0,0.0,,,,,,,,,,,,,,,,,,,
2025-04-07 00:00:00,0.0,0.0,,,,,,,,,,,,,,,,,,,
2025-04-08 00:00:00,0.0,0.0,,,,,,,,,,,,,,,,,,,
2025-04-09 00:00:00,0.0,0.0,,,,,,,,,,,,,,,,,,,
2025-04-10 00:00:00,0.0,0.0,,,,,,,,,,,,,,,,,,,
2025-04-11 00:00:00,0.0,0.0,,,,,,,,,,,,,,,,,,,
2025-04-12 00:00:00,0.0,0.0,,,,,,,,,,,,,,,,,,,
2025-04-13 00:00:00,0.0,0.0,,,,,,,,,,,,,,,,,,,
2025-04-14 00:00:00,0.0,0.0,,,,,,,,,,,,,,,,,,,
2025-04-15 00:00:00,0.0,0.0,,,,,,,,,,,,,,,,,,,
2025-04-16 00:00:00,0.0,0.0,,,,,,,,,,,,,,,,,,,
2025-04-17 00:00:00,0.0,0.0,,,,,,,,,,,,,,,,,,,
2025-04-18 00:00:00,0.0,0.0,,,,,,,,,,,,,,,,,,,
2025-04-19 00:00:00,0.0,0.0,,,,,,,,,,,,,,,,,,,
2025-04-20 00:00:00,0.0,0.0,,,,,,,,,,,,,,,,,,,
2025-04-21 00:00:00,0.0,0.0,,,,,,,,,,,,,,,,,,,
2025-04-22 00:00:00,0.0,0.0,,,,,,,,,,,,,,,,,,,
2025-04-23 00:00:00,0.0,0.0,,,,,,,,,,,,,,,,,,,
2025-04-24 00:00:00,0.0,0.0,,,,,,,,,,,,,,,,,,,
2025-04-25 00:00:00,0.0,0.0,,,,,,,,,,,,,,,,,,,
2025-04-26 00:00:00,0.0,0.0,,,,,,,,,,,,,,,,,,,
2025-04-27 00:00:00,0.0,0.0,,,,,,,,,,,,,,,,,,,
2025-04-28 00:00:00,0.0,0.0,,,,,,,,,,,,,,,,,,,
2025-04-29 00:00:00,0.0,0.0,,,,,,,,,,,,,,,,,,,
2025-04-30 00:00:00,0.0,0.0,,,,,,,,,,,,,,,,,,,
2025-05-01 00:00:00,0.0,0.0,,,,,,,,,,,,,,,,,,,
2025-05-02 00:00:00,0.0,0.0,,,,,,,,,,,,,,,,,,,
2025-05-03 00:00:00,0.0,0.0,,,,,,,,,,,,,,,,,,,
2025-05-04 00:00:00,0.0,0.0,,,,,,,,,,,,,,,,,,,
2025-05-05 00:00:00,0.0,0.0,,,,,,,,,,,,,,,,,,,
2025-05-06 00:00:00,0.0,0.0,,,,,,,,,,,,,,,,,,,
2025-05-07 00:00:00,0.0,0.0,,,,,,,,,,,,,,,,,,,
2025-05-08 00:00:00,0.0,0.0,,,,,,,,,,,,,,,,,,,
2025-05-09 00:00:00,0.0,0.0,,,,,,,,,,,,,,,,,,,
2025-05-10 00:00:00,0.0,0.0,,,,,,,,,,,,,,,,,,,
2025-05-11 00:00:00,0.0,0.0,,,,,,,,,,,,,,,,,,,
2025-05-12 00:00:00,0.0,0.0,,,,,,,,,,,,,,,,,,,
2025-05-13 00:00:00,0.0,0.0,,,,,,,,,,,,,,,,,,,
2025-05-14 00:00:00,0.0,0.0,,,,,,,,,,,,,,,,,,,
2025-05-15 00:00:00,0.0,0.0,,,,,,,,,,,,,,,,,,,
2025-05-16 00:00:00,0.0,0.0,,,,,,,,,,,,,,,,,,,
2025-05-17 00:00:00,0.0,0.0,,,,,,,,,,,,,,,,,,,
2025-05-18 00:00:00,0.0,0.0,,,,,,,,,,,,,,,,,,,
2025-05-19 00:00:00,0.0,0.0,,,,,,,,,,,,,,,,,,,
2025-05-20 00:00:00,0.0,0.0,,,,,,,,,,,,,,,,,,,
2025-05-21 00:00:00,0.0,0.0,,,,,,,,,,,,,,,,,,,
2025-05-22 00:00:00,0.0,0.0,,,,,,,,,,,,,,,,,,,
2025-05-23 00:00:00,0.0,0.0,,,,,,,,,,,,,,,,,,,
2025-05-24 00:00:00,0.0,0.0,,,,,,,,,,,,,,,,,,,
2025-05-25 00:00:00,0.0,0.0,,,,,,,,,,,,,,,,,,,
2025-05-26 00:00:00,0.0,0.0,,,,,,,,,,,,,,,,,,,
2025-05-27 00:00:00,0.0,0.0,,,,,,,,,,,,,,,,,,,
2025-05-28 00:00:00,0.0,0.0,,,,,,,,,,,,,,,,,,,
2025-05-29 00:00:00,0.0,0.0,,,,,,,,,,,,,,,,,,,
2025-05-30 00:00:00,0.0,0.0,,,,,,,,,,,,,,,,,,,
2025-05-31 00:00:00,0.0,0.0,,,,,,,,,,,,,,,,,,,
2025-06-01 00:00:00,0.0,0.0,,,,,,,,,,,,,,,,,,,
2025-06-02 00:00:00,0.0,0.0,,,,,,,,,,,,,,,,,,,
2025-06-03 00:00:00,0.0,0.0,,,,,,,,,,,,,,,,,,,
2025-06-04 00:00:00,0.0,0.0,,,,,,,,,,,,,,,,,,,
2025-06-05 00:00:00,0.0,0.0,,,,,,,,,,,,,,,,,,,
2025-06-06 00:00:00,0.0,0.0,,,,,,,,,,,,,,,,,,,
2025-06-07 00:00:00,0.0,0.0,,,,,,,,,,,,,,,,,,,
2025-06-08 00:00:00,0.0,0.0,,,,,,,,,,,,,,,,,,,
2025-06-09 00:00:00,0.0,0.0,,,,,,,,,,,,,,,,,,,
2025-06-10 00:00:00,0.0,0.0,,,,,,,,,,,,,,,,,,,
2025-06-11 00:00:00,0.0,0.0,,,,,,,,,,,,,,,,,,,
2025-06-12 00:00:00,0.0,0.0,,,,,,,,,,,,,,,,,,,
2025-06-13 00:00:00,0.0,0.0,,,,,,,,,,,,,,,,,,,
2025-06-14 00:00:00,0.0,0.0,,,,,,,,,,,,,,,,,,,
2025-06-15 00:00:00,0.0,0.0,,,,,,,,,,,,,,,,,,,
2025-06-16 00:00:00,0.0,0.0,,,,,,,,,,,,,,,,,,,
2025-06-17 00:00:00,0.0,0.0,,,,,,,,,,,,,,,,,,,
2025-06-18 00:00:00,0.0,0.0,,,,,,,,,,,,,,,,,,,
2025-06-18 12:00:00,,,,,,,,,,,,,,,,,,3110.0,,,
2025-06-19 00:00:00,0.0,0.0,,,,,,,,,,,,,,,,,,,
2025-06-19 12:00:00,,,,,,,,,,,,,,,,,,3360.0,,,
2025-06-20 00:00:00,0.0,0.0,,,,,,,,,,,,,,,,,,,
2025-06-20 12:00:00,,,,,,,,,,,,,,,,,,3475.0,,,
2025-06-21 00:00:00,0.0,0.0,,,,,,,,,,,,,,,,,,,
2025-06-21 12:00:00,,,,,,,,,,,,,,,,,,3615.0,,,
2025-06-22 00:00:00,0.0,0.0,,,,,,,,,,,,,,,,,,,
2025-06-22 12:00:00,,,,,,,,,,,,,,,,,,3800.0,,,
2025-06-23 00:00:00,0.0,0.0,,,,,,,,,,,,,,,,,,,
2025-06-23 12:00:00,,,,,,,,,,,,,,,,,,3893.0,,,
2025-06-24 00:00:00,0.0,0.0,,,,,,,,,,,,,,,,,,,
2025-06-24 12:00:00,,,,,,,,,,,,,,,,,,4143.0,,,
2025-06-25 00:00:00,0.0,0.0,,,,,,,,,,,,,,,,,,,
2025-06-25 12:00:00,,,,,,,,,,,,,,,,,,4356.0,,,
2025-06-26 00:00:00,0.0,0.0,,,,,,,,,,,,,,,,,,,
2025-06-26 12:00:00,,,,,,,,,,,,,,,,,,4485.0,,,
2025-06-27 00:00:00,0.0,0.0,,,,,,,,,,,,,,,,,,,
2025-06-27 12:00:00,,,,,,,,,,,,,,,,,,4632.0,,,
2025-06-28 00:00:00,0.0,0.0,,,,,,,,,,,,,,,,,,,
2025-06-28 12:00:00,,,,,,,,,,,,,,,,,,4751.0,,,
2025-06-29 00:00:00,0.0,0.0,,,,,,,,,,,,,,,,,,,
2025-06-29 12:00:00,,,,,,,,,,,,,,,,,,4933.0,,,
2025-06-30 00:00:00,0.0,0.0,,,,,,,,,,,,,,,,,,,
2025-06-30 12:00:00,,,,,,,,,,,,,,,,,,5368.0,,,
2025-07-01 00:00:00,0.0,0.0,,,,,,,,,,,,,,,,,,,
2025-07-01 12:00:00,,,,,,,,,,,,,,,,,,5753.0,,,
2025-07-02 00:00:00,0.0,0.0,,,,,,,,,,,,,,,,,,,
2025-07-02 12:00:00,,,,,,,,,,,,,,,,,,6108.0,,,
2025-07-03 00:00:00,0.0,0.0,,,,,,,0.0,0.0,,,,,,,,,24.0,,
2025-07-03 12:00:00,,,,,,,,,,,,,,,,,,6636.0,,,
2025-07-03 20:00:00,,,0.0,0.0,0.0,0.0,0.0,0.0,,,,,0.0,0.0,0.5,0.0,1.0,,,,1.0
2025-07-04 00:00:00,0.0,0.0,-2.450202703476,-2.450202703476,2.450202703476,0.0,0.0,0.0,-0.707106781187,-0.707106781187,0.508187954897,0.508187954897,0.0,0.0,0.429259136261,0.0,9.0,,25.0,1.0,1.0
2025-07-04 04:00:00,,,-2.198776245117,-2.198776245117,2.198776245117,0.0,0.0,0.0,,,-0.155200543733,-0.155200543733,0.0,0.0,0.379363868373,0.0,8.0,,,1.0,1.0
2025-07-04 08:00:00,,,-3.031092822552,-3.031092822552,4.719944596291,1.688851773739,-0.011875954939,-0.011875954939,,,-0.426000928135,-0.426000928135,-0.011875954939,0.0,0.522917470278,0.0,15.0,,,2.0,2.0
2025-07-04 12:00:00,,,-5.237520396709,-5.237520396709,9.146061956882,3.908541560173,-0.133476992461,-0.133476992461,,,-1.20394766187,-1.20394766187,-0.133476992461,0.011200716846,0.622157933588,1.0,24.0,6973.0,,6.0,6.0
2025-07-04 16:00:00,,,-2.453473925591,-2.453473925591,4.843935489655,2.390461564064,0.222638750702,0.222638750702,,,-0.767492357501,-0.767492357501,0.222638750702,0.0,0.621036964304,0.0,19.0,,,10.0,10.0
2025-07-04 20:00:00,,,-2.565579593182,-2.565579593182,4.055690407753,1.490110814571,-0.073955619313,-0.073955619313,,,-0.066136012191,-0.066136012191,-0.073955619313,0.011510128913,0.901409418451,1.0,16.0,,,5.0,5.0
2025-07-05 00:00:00,0.0,0.0,-4.960312724113,-4.960312724113,4.960312724113,0.0,-0.073531950593,-0.073531950593,0.330736259129,0.330736259129,-0.524228299209,-0.524228299209,-0.073531950593,0.0,1.199452391079,0.0,14.0,,21.0,5.0,5.0
2025-07-05 04:00:00,,,-0.939512014389,-0.939512014389,2.609818100929,1.67030608654,0.14088688789,0.14088688789,,,0.672242691392,0.672242691392,0.14088688789,0.0,0.495464263393,0.0,7.0,,,0.0,0.0
2025-07-05 08:00:00,,,-0.282016515732,-0.282016515732,0.985522449017,0.703505933285,-0.11469970494,-0.11469970494,,,0.407875781235,0.407875781235,-0.11469970494,0.059523809524,0.244076674684,1.0,5.0,,,1.0,1.0
2025-07-05 12:00:00,,,1.707817852497,1.707817852497,2.991551160812,4.699369013309,0.218789599882,0.218789599882,,,0.716092596508,0.716092596508,0.218789599882,0.0,0.752611435217,0.0,19.0,7212.0,,6.0,6.0
2025-07-05 16:00:00,,,2.8054677248,2.8054677248,0.89617317915,3.70164090395,-0.131171074835,-0.131171074835,,,1.10610131388,1.10610131388,-0.131171074835,0.0,0.583803321318,0.0,11.0,,,3.0,3.0
2025-07-05 20:00:00,,,-3.479700028896,-3.479700028896,5.188826978207,1.70912694931,-0.326434736288,-0.326434736288,,,-0.558486685302,-0.558486685302,-0.326434736288,0.0,0.713189726705,0.0,15.0,,,6.0,6.0
2025-07-06 00:00:00,0.0,0.0,1.525291204453,1.525291204453,0.0,1.525291204453,0.229950630883,0.229950630883,-0.703279723794,-0.703279723794,0.888323037452,0.888323037452,0.229950630883,0.0,0.59890176831,0.0,6.0,,21.0,3.0,3.0
2025-07-06 04:00:00,,,-0.727307796478,-0.727307796478,0.727307796478,0.0,-0.09445318486,-0.09445318486,,,0.304892958604,0.304892958604,-0.09445318486,0.0,0.221775949147,0.0,3.0,,,1.0,1.0
2025-07-06 08:00:00,,,-2.717780172825,-2.717780172825,3.43824750185,0.720467329025,-0.069353309964,-0.069353309964,,,0.121416363079,0.121416363079,-0.069353309964,0.0,0.576595946988,0.0,9.0,,,2.0,2.0
2025-07-06 12:00:00,,,-3.258389532566,-3.258389532566,3.995823383331,0.737433850765,0.013503543004,0.013503543004,,,-0.470650162488,-0.470650162488,0.013503543004,0.015096618357,0.580735840611,1.0,16.0,7552.0,,4.0,4.0
2025-07-06 16:00:00,,,-5.017252326012,-5.017252326012,5.787438154221,0.770185828209,-0.010156084366,-0.010156084366,,,-1.157544772001,-1.157544772001,-0.010156084366,0.0,0.794325080362,0.0,20.0,,,7.0,7.0
2025-07-06 20:00:00,,,-8.297642886639,-8.297642886639,8.297642886639,0.0,-0.063925159434,-0.063925159434,,,-1.134426241142,-1.134426241142,-0.063925159434,0.038580246914,0.933721144955,1.0,19.0,,,4.0,4.0
2025-07-07 00:00:00,0.0,0.0,-0.78295648098,-0.78295648098,0.78295648098,0.0,0.121152551775,0.121152551775,-0.581108477268,-0.581108477268,0.319893892437,0.319893892437,0.121152551775,0.0,0.252786992525,0.0,5.0,,26.0,2.0,2.0
2025-07-07 04:00:00,,,-1.090223491192,-1.090223491192,1.821928858757,0.731705367565,0.035756105101,0.035756105101,,,0.4065286102,0.4065286102,0.035756105101,0.07183908046,0.561717601449,1.0,10.0,,,0.0,0.0
2025-07-07 08:00:00,,,-3.817014813423,-3.817014813423,4.756246030331,0.939231216908,-0.15370052932,-0.15370052932,,,-0.900692190317,-0.900692190317,-0.15370052932,0.026709401709,0.73854611732,1.0,17.0,,,7.0,7.0
2025-07-07 12:00:00,,,-2.488565802574,-2.488565802574,3.216155409813,0.727589607239,0.04182803766,0.04182803766,,,0.064421646945,0.064421646945,0.04182803766,0.0,0.34019047622,0.0,12.0,7881.0,,4.0,4.0
2025-07-07 16:00:00,,,-1.590975821018,-1.590975821018,4.577359437943,2.986383616924,0.008767636451,0.008767636451,,,0.450788665437,0.450788665437,0.008767636451,0.054824561404,0.571265799765,1.0,19.0,,,5.0,5.0
2025-07-07 20:00:00,,,-4.849675953388,-4.849675953388,5.645915329456,0.796239376068,-0.062292115245,-0.062292115245,,,-1.590394354387,-1.590394354387,-0.062292115245,0.0,0.763507345434,0.0,17.0,,,8.0,8.0
2025-07-08 00:00:00,0.0,0.0,-3.254508972168,-3.254508972168,3.254508972168,0.0,0.024453905048,0.024453905048,-0.778963493702,-0.778963493702,-0.281246034719,-0.281246034719,0.024453905048,0.0,1.090250856056,0.0,15.0,,34.0,6.0,6.0
2025-07-08 04:00:00,,,-1.887597441673,-1.887597441673,2.642415881157,0.754818439484,0.208209531578,0.208209531578,,,0.107484192895,0.107484192895,0.208209531578,0.0,0.683217589335,0.0,13.0,,,5.0,5.0
2025-07-08 08:00:00,,,-2.380449712276,-2.380449712276,4.029598116875,1.649148404598,-0.049501981159,-0.049501981159,,,0.429691895611,0.429691895611,-0.049501981159,0.0,0.42590512274,0.0,12.0,,,5.0,5.0
2025-07-08 12:00:00,,,-0.164835810661,-0.164835810661,1.583671808243,1.418835997581,0.006667173341,0.006667173341,,,0.462063172589,0.462063172589,0.006667173341,0.011837121212,0.43728939349,1.0,16.0,8081.0,,5.0,5.0
2025-07-08 16:00:00,,,-3.461553275585,-3.461553275585,5.64990234375,2.188349068165,-0.006769084535,-0.006769084535,,,-1.202275738421,-1.202275738421,-0.006769084535,0.0,0.77554636683,0.0,21.0,,,9.0,9.0
2025-07-08 20:00:00,,,-1.914799511433,-1.914799511433,3.594714939594,1.679915428162,-0.04950489793,-0.04950489793,,,0.328774951106,0.328774951106,-0.04950489793,0.0,0.781838893615,0.0,17.0,,,5.0,5.0
2025-07-09 00:00:00,0.0,0.0,-5.776571273804,-5.776571273804,7.387689113617,1.611117839813,-0.042866235947,-0.042866235947,-1.760119889304,-1.760119889304,-0.370836113376,-0.370836113376,-0.042866235947,0.0,0.556974761276,0.0,12.0,,35.0,6.0,6.0
2025-07-09 04:00:00,,,-0.857224702835,-0.857224702835,3.305517375469,2.448292672634,0.133028067747,0.133028067747,,,0.456778734914,0.456778734914,0.133028067747,0.031565656566,0.735036160495,1.0,12.0,,,6.0,6.0
2025-07-09 08:00:00,,,-2.467940211296,-2.467940211296,3.921437144279,1.453496932983,0.022894983291,0.022894983291,,,-0.237321356024,-0.237321356024,0.022894983291,0.025100401606,0.444033743277,1.0,12.0,,,6.0,6.0
2025-07-09 12:00:00,,,-6.532801985741,-6.532801985741,6.532801985741,0.0,-0.249152497651,-0.249152497651,,,-0.20625691604,-0.20625691604,-0.249152497651,0.0,0.403999504041,0.0,14.0,8421.0,,3.0,3.0
2025-07-09 16:00:00,,,-4.04567193985,-4.04567193985,4.04567193985,0.0,0.055797038969,0.055797038969,,,0.053272596427,0.053272596427,0.055797038969,0.0,0.339173738187,0.0,11.0,,,4.0,4.0
2025-07-09 20:00:00,,,-5.02490067482,-5.02490067482,6.83614975214,1.81124907732,0.021577266058,0.021577266058,,,-0.782154684021,-0.782154684021,0.021577266058,0.040064102564,0.865694753933,1.0,24.0,,,11.0,11.0
2025-07-10 00:00:00,0.0,0.0,-6.192798435688,-6.192798435688,7.821102678776,1.628304243088,0.013111362877,0.013111362877,-1.858165939262,-1.858165939262,0.148817499393,0.148817499393,0.013111362877,0.173611111111,0.805073315058,1.0,15.0,,69.0,2.0,3.0
2025-07-10 04:00:00,,,-0.948407351971,-0.948407351971,2.523156404495,1.574749052525,0.125653239172,0.125653239172,,,0.39047314689,0.39047314689,0.125653239172,0.021258503401,0.741133796301,1.0,12.0,,,5.0,5.0
2025-07-10 08:00:00,,,-4.38255417347,-4.38255417347,5.084966182709,0.702412009239,0.012719190262,0.012719190262,,,-0.044226507746,-0.044226507746,0.012719190262,0.036549707602,0.490910389879,1.0,15.0,,,4.0,4.0
2025-07-10 12:00:00,,,-1.664623141289,-1.664623141289,4.841924667358,3.17730152607,-0.090644282026,-0.090644282026,,,-0.777561326795,-0.777561326795,-0.090644282026,0.666341579461,2.155224104499,32.0,79.0,8662.0,,43.0,59.0
2025-07-10 16:00:00,,,0.80320340395,0.80320340395,3.140950620174,3.944154024124,0.056367095275,0.056367095275,,,0.98833942034,0.98833942034,0.056367095275,0.201457685648,0.988659235161,8.0,36.0,,,22.0,24.0
2025-07-10 20:00:00,,,-5.038586080074,-5.038586080074,5.879546642303,0.840960562229,0.046255968472,0.046255968472,,,-1.034019423888,-1.034019423888,0.046255968472,0.094152431713,0.799438469911,6.0,29.0,,,13.0,16.0
2025-07-11 00:00:00,0.0,0.0,-4.315380990505,-4.315380990505,5.059110105038,0.743729114532,-0.048876610871,-0.048876610871,-0.252776551593,-0.252776551593,-0.448937154086,-0.448937154086,-0.048876610871,0.021043771044,0.552830881567,1.0,12.0,,31.0,8.0,9.0
2025-07-11 04:00:00,,,0.126615285873,0.126615285873,1.47503477335,1.601650059223,0.04756030081,0.04756030081,,,0.4237776268,0.4237776268,0.04756030081,0.023674242424,0.395935979009,1.0,13.0,,,4.0,4.0
2025-07-11 08:00:00,,,-3.376055300236,-3.376055300236,3.376055300236,0.0,0.019150551369,0.019150551369,,,0.274638042309,0.274638042309,0.019150551369,0.0,0.303818383102,0.0,12.0,,,2.0,2.0
2025-07-11 12:00:00,,,-3.034510910511,-3.034510910511,4.638161361217,1.603650450706,-0.086141886493,-0.086141886493,,,-0.137444721574,-0.137444721574,-0.086141886493,0.0,0.39251772876,0.0,19.0,8928.0,,7.0,7.0
2025-07-11 16:00:00,,,-5.720451891422,-5.720451891422,7.224346637726,1.503894746304,-0.011117911703,-0.011117911703,,,-0.369120946826,-0.369120946826,-0.011117911703,0.0,0.420354618812,0.0,16.0,,,7.0,7.0
2025-07-11 20:00:00,,,-2.500873863697,-2.500873863697,3.993505477905,1.492631614208,0.13322776824,0.13322776824,,,0.252600728253,0.252600728253,0.13322776824,0.0,0.582368215259,0.0,14.0,,,6.0,6.0
2025-07-12 00:00:00,0.0,0.0,-2.530541539192,-2.530541539192,2.530541539192,0.0,-0.061245884554,-0.061245884554,0.190312340171,0.190312340171,0.30443890964,0.30443890964,-0.061245884554,0.0,0.286205969972,0.0,5.0,,19.0,3.0,3.0
2025-07-12 04:00:00,,,-2.621680915356,-2.621680915356,3.445766806602,0.824085891247,-0.02622833345,-0.02622833345,,,0.282018142384,0.282018142384,-0.02622833345,0.0,0.48020916579,0.0,10.0,,,2.0,2.0
2025-07-12 08:00:00,,,-5.568410873413,-5.568410873413,6.376524984837,0.808114111423,-0.021051727166,-0.021051727166,,,-0.106132372038,-0.106132372038,-0.021051727166,0.0,0.517071248572,0.0,14.0,,,4.0,4.0
2025-07-12 12:00:00,,,-5.935183763504,-5.935183763504,6.708501338959,0.773317575455,-0.069314308034,-0.069314308034,,,-0.258917999041,-0.258917999041,-0.069314308034,0.0,0.577710558554,0.0,17.0,9101.0,,6.0,6.0
2025-07-12 16:00:00,,,-2.773560225964,-2.773560225964,4.921429276466,2.147869050503,0.06427460832,0.06427460832,,,0.277188729911,0.277188729911,0.06427460832,0.0,0.489886788439,0.0,14.0,,,4.0,4.0
2025-07-12 20:00:00,,,-2.572271049023,-2.572271049023,4.075047373772,1.502776324749,0.14508680226,0.14508680226,,,0.451983930511,0.451983930511,0.14508680226,0.0,0.654748679782,0.0,14.0,,,0.0,0.0
2025-07-13 00:00:00,0.0,0.0,-1.587549984455,-1.587549984455,2.299856185913,0.712306201458,-0.074688179961,-0.074688179961,0.936291742196,0.936291742196,0.191764347035,0.191764347035,-0.074688179961,0.0,0.592609917338,0.0,9.0,,17.0,3.0,3.0
2025-07-13 04:00:00,,,0.654683113098,0.654683113098,0.88625895977,1.540942072868,0.137015629655,0.137015629655,,,0.510619823315,0.510619823315,0.137015629655,0.042517006803,0.330987109756,1.0,6.0,,,3.0,3.0
2025-07-13 08:00:00,,,-3.138585627079,-3.138585627079,3.93266749382,0.794081866741,-0.09602765995,-0.09602765995,,,0.49890581103,0.49890581103,-0.09602765995,0.0,0.73779429583,0.0,16.0,,,1.0,1.0
2025-07-13 12:00:00,,,-4.038242042065,-4.038242042065,5.692418277264,1.654176235199,-0.002778585851,-0.002778585851,,,0.101227563761,0.101227563761,-0.002778585851,0.0,0.746255077659,0.0,24.0,9258.0,,5.0,5.0
2025-07-13 16:00:00,,,1.686619102955,1.686619102955,2.505776941776,4.192396044731,0.093703219046,0.093703219046,,,0.848159283184,0.848159283184,0.093703219046,0.0,0.352747050532,0.0,13.0,,,5.0,5.0
2025-07-13 20:00:00,,,-1.152229964733,-1.152229964733,2.759570419788,1.607340455055,-0.14627891512,-0.14627891512,,,0.504096459681,0.504096459681,-0.14627891512,0.0,0.229953238259,0.0,7.0,,,1.0,1.0
2025-07-14 00:00:00,0.0,0.0,-0.799378156662,-0.799378156662,0.799378156662,0.0,-0.134409274851,-0.134409274851,0.409711140627,0.409711140627,0.138195344969,0.138195344969,-0.134409274851,0.0,0.446182378888,0.0,9.0,,16.0,3.0,3.0
2025-07-14 04:00:00,,,-5.595043301582,-5.595043301582,5.595043301582,0.0,-0.073610673516,-0.073610673516,,,-0.153020465287,-0.153020465287,-0.073610673516,0.0,0.407081219869,0.0,15.0,,,2.0,2.0
2025-07-14 08:00:00,,,-1.760042130947,-1.760042130947,3.292616665363,1.532574534416,0.071851640829,0.071851640829,,,0.269296565683,0.269296565683,0.071851640829,0.0,0.470481047053,0.0,17.0,,,3.0,3.0
2025-07-14 12:00:00,,,-3.354571759701,-3.354571759701,5.829880356789,2.475308597088,-0.039337999046,-0.039337999046,,,-0.303746779751,-0.303746779751,-0.039337999046,0.0,0.440399387498,0.0,19.0,9411.0,,2.0,2.0
2025-07-14 16:00:00,,,-2.555084705353,-2.555084705353,3.294586718082,0.73950201273,0.139315441971,0.139315441971,,,0.478812913654,0.478812913654,0.139315441971,0.0,0.284896663836,0.0,10.0,,,3.0,3.0
2025-07-14 20:00:00,,,-4.896254062653,-4.896254062653,5.81161493063,0.915360867977,-0.2298649761,-0.2298649761,,,-0.903597375739,-0.903597375739,-0.2298649761,0.0,0.546622738944,0.0,14.0,,,3.0,3.0
2025-07-15 00:00:00,0.0,0.0,-1.737472474575,-1.737472474575,1.737472474575,0.0,0.18230984462,0.18230984462,-0.343332421402,-0.343332421402,0.145844580013,0.145844580013,0.18230984462,0.0,0.22871666188,0.0,5.0,,27.0,1.0,1.0
2025-07-15 04:00:00,,,-4.423882186413,-4.423882186413,5.929292440414,1.505410254002,-0.143301646512,-0.143301646512,,,-1.264790840725,-1.264790840725,-0.143301646512,0.016801075269,0.873618955756,1.0,20.0,,,11.0,11.0
2025-07-15 08:00:00,,,-3.267827153206,-3.267827153206,4.038936674595,0.771109521389,0.175645857884,0.175645857884,,,-0.213948631498,-0.213948631498,0.175645857884,0.027056277056,0.41286448446,1.0,13.0,,,5.0,5.0
2025-07-15 12:00:00,,,-2.682253837585,-2.682253837585,5.200854241848,2.518600404263,-0.217646058474,-0.217646058474,,,0.10451683618,0.10451683618,-0.217646058474,0.0,0.389253818025,0.0,16.0,9641.0,,1.0,1.0
2025-07-15 16:00:00,,,-6.037615776062,-6.037615776062,7.751613676548,1.713997900486,0.000216667798,0.000216667798,,,-0.49455284379,-0.49455284379,0.000216667798,0.0,0.697400225785,0.0,26.0,,,5.0,5.0
2025-07-15 20:00:00,,,-2.509678959846,-2.509678959846,2.509678959846,0.0,0.080120499967,0.080120499967,,,-0.072142304432,-0.072142304432,0.080120499967,0.0,0.299948372432,0.0,9.0,,,4.0,4.0
2025-07-16 00:00:00,0.0,0.0,-1.564146161079,-1.564146161079,1.564146161079,0.0,0.112032269941,0.112032269941,1.264977045168,1.264977045168,0.263705096933,0.263705096933,0.112032269941,0.0,0.3188032547,0.0,6.0,,0.0,1.0,1.0
2025-07-16 04:00:00,,,-1.646533787251,-1.646533787251,3.104640841484,1.458107054234,-0.117385336115,-0.117385336115,,,-0.041092017446,-0.041092017446,-0.117385336115,0.026371308017,0.497264088839,1.0,14.0,,,9.0,9.0
2025-07-16 08:00:00,,,-0.221777915955,-0.221777915955,5.276542246342,5.054764330387,-0.02764728791,-0.02764728791,,,0.131147099305,0.131147099305,-0.02764728791,0.017806267806,0.78317236668,1.0,25.0,,,6.0,6.0
2025-07-16 12:00:00,,,-2.516404271126,-2.516404271126,4.209634482861,1.693230211735,0.021008051077,0.021008051077,,,0.080010134336,0.080010134336,0.021008051077,0.0,0.458729867537,0.0,21.0,9820.0,,6.0,6.0
2025-07-16 16:00:00,,,-5.137304127216,-5.137304127216,8.351998209953,3.214694082737,0.01979018402,0.01979018402,,,-0.408585637701,-0.408585637701,0.01979018402,0.018274853801,0.607217839892,1.0,26.0,,,10.0,10.0
2025-07-16 20:00:00,,,-0.171450853348,-0.171450853348,4.320767641068,4.14931678772,0.154957647322,0.154957647322,,,0.558895338556,0.558895338556,0.154957647322,0.0,0.514915634048,0.0,18.0,,,10.0,10.0
2025-07-17 00:00:00,0.0,0.0,-2.736368119717,-2.736368119717,2.736368119717,0.0,-0.117671595975,-0.117671595975,1.16037126239,1.16037126239,-0.381389799672,-0.381389799672,-0.117671595975,0.046296296296,0.507688841407,1.0,11.0,,0.0,0.0,5.0
2025-07-17 04:00:00,,,-3.000127077103,-3.000127077103,3.888473272324,0.888346195221,0.034334337156,0.034334337156,,,0.349528717131,0.349528717131,0.034334337156,0.0,0.502940339244,0.0,10.0,,,0.0,0.0
2025-07-17 08:00:00,,,-6.264763832092,-6.264763832092,7.685081243515,1.420317411423,0.0,0.0,,,0.351904693938,0.351904693938,0.0,0.0,0.54601693855,0.0,18.0,,,0.0,0.0
2025-07-17 12:00:00,,,-7.500073671341,-7.500073671341,9.016006290913,1.515932619572,0.0,0.0,,,0.322869251812,0.322869251812,0.0,0.0,0.532884805972,0.0,18.0,10119.0,,0.0,0.0
2025-07-17 16:00:00,,,-6.667754113674,-6.667754113674,8.202648460865,1.534894347191,0.0,0.0,,,0.335569158534,0.335569158534,0.0,0.0,0.738594690437,0.0,25.0,,,0.0,0.0
2025-07-17 20:00:00,,,-0.075267016888,-0.075267016888,3.265133976936,3.189866960049,0.0,0.0,,,0.309263698044,0.309263698044,0.0,0.0,0.418381854762,0.0,16.0,,,0.0,0.0
2025-07-18 00:00:00,0.0,0.0,1.622252762318,1.622252762318,0.0,1.622252762318,0.0,0.0,1.078459322765,1.078459322765,0.287633978754,0.287633978754,0.0,0.0,0.429407721074,0.0,10.0,,0.0,0.0,0.0
2025-07-18 04:00:00,,,-1.820349872112,-1.820349872112,2.726874351501,0.906524479389,0.0,0.0,,,0.247174783927,0.247174783927,0.0,0.0,0.395003763322,0.0,14.0,,,0.0,0.0
2025-07-18 08:00:00,,,-2.426367580891,-2.426367580891,2.426367580891,0.0,0.0,0.0,,,0.200352243484,0.200352243484,0.0,0.0,0.225900001294,0.0,9.0,,,0.0,0.0
2025-07-18 12:00:00,,,-5.411053299904,-5.411053299904,6.159800410271,0.748747110367,0.0,0.0,,,0.173726571231,0.173726571231,0.0,0.0,0.535381646647,0.0,21.0,10242.0,,0.0,0.0
2025-07-18 16:00:00,,,-5.931415736675,-5.931415736675,6.656616210938,0.725200474262,0.0,0.0,,,0.165026580822,0.165026580822,0.0,0.0,0.635488111337,0.0,23.0,,,0.0,0.0
2025-07-18 20:00:00,,,-3.515672087669,-3.515672087669,4.226116061211,0.710443973541,0.0,0.0,,,0.116485961498,0.116485961498,0.0,0.0,0.447013643174,0.0,13.0,,,0.0,0.0
2025-07-19 00:00:00,0.0,0.0,-3.47455739975,-3.47455739975,4.209397017956,0.734839618206,0.0,0.0,1.012031290468,1.012031290468,0.105446248684,0.105446248684,0.0,0.0,0.737979361181,0.0,12.0,,0.0,0.0,0.0
2025-07-19 04:00:00,,,0.845428884029,0.845428884029,0.0,0.845428884029,0.0,0.0,,,0.025205864737,0.025205864737,0.0,0.0,0.222804738203,0.0,4.0,,,0.0,0.0
2025-07-19 08:00:00,,,-0.79863679409,-0.79863679409,0.79863679409,0.0,0.0,0.0,,,-0.083171652088,-0.083171652088,0.0,0.0,0.247267826846,0.0,6.0,,,0.0,0.0
2025-07-19 12:00:00,,,-2.641824841499,-2.641824841499,2.641824841499,0.0,0.0,0.0,,,0.0,0.0,0.0,0.0,0.363360568606,0.0,10.0,10334.0,,0.0,0.0
2025-07-19 16:00:00,,,-1.828924238682,-1.828924238682,3.43278169632,1.603857457638,0.0,0.0,,,0.0,0.0,0.0,0.0,0.356355220788,0.0,9.0,,,0.0,0.0
2025-07-19 20:00:00,,,-3.516525328159,-3.516525328159,4.367253303528,0.850727975368,0.0,0.0,,,0.0,0.0,0.0,0.0,0.435874403139,0.0,8.0,,,0.0,0.0
2025-07-20 00:00:00,0.0,0.0,-2.499302923679,-2.499302923679,2.499302923679,0.0,0.0,0.0,0.956727724689,0.956727724689,0.0,0.0,0.0,0.0,0.394066290086,0.0,7.0,,0.0,0.0,0.0
2025-07-20 04:00:00,,,-0.781670153141,-0.781670153141,1.613150119781,0.83147996664,0.0,0.0,,,0.0,0.0,0.0,0.0,0.567026918529,0.0,9.0,,,0.0,0.0
2025-07-20 08:00:00,,,-5.105720162392,-5.105720162392,5.105720162392,0.0,0.0,0.0,,,0.0,0.0,0.0,0.0,0.602651253879,0.0,13.0,,,0.0,0.0
2025-07-20 12:00:00,,,-6.956202507019,-6.956202507019,7.793318867683,0.837116360664,0.0,0.0,,,0.0,0.0,0.0,0.0,0.428175766945,0.0,13.0,10433.0,,0.0,0.0
2025-07-20 16:00:00,,,-2.483888685703,-2.483888685703,3.189553558826,0.705664873123,0.0,0.0,,,0.0,0.0,0.0,0.0,0.315446829957,0.0,10.0,,,0.0,0.0
2025-07-20 20:00:00,,,-5.068992257118,-5.068992257118,5.858375489712,0.789383232594,0.0,0.0,,,0.0,0.0,0.0,0.031565656566,0.560874257715,1.0,14.0,,,0.0,0.0
2025-07-21 00:00:00,0.0,0.0,-3.282295584679,-3.282295584679,3.282295584679,0.0,0.0,0.0,0.909736962819,0.909736962819,0.0,0.0,0.0,0.0,0.371025849575,0.0,7.0,,0.0,0.0,0.0
2025-07-21 04:00:00,,,-0.864551305771,-0.864551305771,0.864551305771,0.0,0.0,0.0,,,0.0,0.0,0.0,0.0,0.353499727984,0.0,8.0,,,0.0,0.0
2025-07-21 08:00:00,,,-1.650663852692,-1.650663852692,2.405469536781,0.75480568409,0.0,0.0,,,0.0,0.0,0.0,0.0,0.321140345886,0.0,10.0,,,0.0,0.0
2025-07-21 12:00:00,,,-3.172871589661,-3.172871589661,5.605157494545,2.432285904884,0.0,0.0,,,0.0,0.0,0.0,0.0,0.537676582897,0.0,23.0,10552.0,,0.0,0.0
2025-07-21 16:00:00,,,-6.012340605259,-6.012340605259,8.290868461132,2.278527855873,0.0,0.0,,,0.0,0.0,0.0,0.0,0.738723128162,0.0,26.0,,,0.0,0.0
2025-07-21 20:00:00,,,-3.623167514801,-3.623167514801,3.623167514801,0.0,0.0,0.0,,,0.0,0.0,0.0,0.0,0.179976708312,0.0,5.0,,,0.0,0.0
2025-07-22 00:00:00,0.0,0.0,-5.876515746117,-5.876515746117,5.876515746117,0.0,0.0,0.0,-0.253544580304,-0.253544580304,0.0,0.0,0.0,0.0,0.548381038809,0.0,12.0,,15.0,0.0,0.0
2025-07-22 04:00:00,,,-2.431782841682,-2.431782841682,2.431782841682,0.0,0.0,0.0,,,0.0,0.0,0.0,0.0,0.272791238775,0.0,6.0,,,0.0,0.0
2025-07-22 08:00:00,,,-2.327863872051,-2.327863872051,2.327863872051,0.0,0.0,0.0,,,0.0,0.0,0.0,0.0,0.302886425169,0.0,6.0,,,0.0,0.0
2025-07-22 12:00:00,,,-5.758912622929,-5.758912622929,6.586916148663,0.828003525734,0.0,0.0,,,0.0,0.0,0.0,0.0,0.425097152124,0.0,15.0,10690.0,,0.0,0.0
2025-07-22 16:00:00,,,-4.325646817684,-4.325646817684,5.119303762913,0.793656945229,0.0,0.0,,,0.0,0.0,0.0,0.0,0.415510734658,0.0,16.0,,,0.0,0.0
2025-07-22 20:00:00,,,-5.57561570406,-5.57561570406,5.57561570406,0.0,0.0,0.0,,,0.0,0.0,0.0,0.0,0.548469535849,0.0,15.0,,,0.0,0.0
2025-07-23 00:00:00,0.0,0.0,-4.409474551678,-4.409474551678,5.144295394421,0.734820842743,-0.228879262508,-0.228879262508,0.131746203614,0.131746203614,0.0,0.0,-0.228879262508,0.0,0.670145736402,0.0,14.0,,41.0,7.0,4.0
2025-07-23 04:00:00,,,-1.596970379353,-1.596970379353,2.344862699509,0.747892320156,0.090538978551,0.090538978551,,,-0.586768245807,-0.586768245807,0.090538978551,0.026041666667,0.600121135025,1.0,11.0,,,5.0,7.0
2025-07-23 08:00:00,,,0.059419572353,0.059419572353,0.759876072407,0.81929564476,-0.047674020687,-0.047674020687,,,0.334019179634,0.334019179634,-0.047674020687,0.037202380952,0.743686579967,1.0,19.0,,,10.0,10.0
2025-07-23 12:00:00,,,0.701812267303,0.701812267303,2.647003591061,3.348815858364,0.231907966119,0.231907966119,,,1.647984736602,1.647984736602,0.231907966119,0.0,0.385168201788,0.0,15.0,10888.0,,10.0,10.0
2025-07-23 16:00:00,,,-1.924283504486,-1.924283504486,2.722510993481,0.798227488995,-0.112779103286,-0.112779103286,,,-0.371436784372,-0.371436784372,-0.112779103286,0.0,0.550717626493,0.0,16.0,,,5.0,5.0
2025-07-23 20:00:00,,,0.663340210915,0.663340210915,0.933254718781,1.596594929695,0.135455554003,0.135455554003,,,0.575498188517,0.575498188517,0.135455554003,0.0,0.374304267066,0.0,10.0,,,5.0,5.0
2025-07-24 00:00:00,0.0,0.0,-3.518145918846,-3.518145918846,5.96226555109,2.444119632244,-0.034464148147,-0.034464148147,0.28252355873,0.28252355873,-0.452943189747,-0.452943189747,-0.034464148147,0.0,0.925638346541,0.0,15.0,,17.0,3.0,3.0
2025-07-24 04:00:00,,,-3.244982242584,-3.244982242584,4.010433197021,0.765450954437,-0.080835831643,-0.080835831643,,,-0.387226744567,-0.387226744567,-0.080835831643,0.023946360153,0.479235666866,1.0,10.0,,,3.0,3.0
2025-07-24 08:00:00,,,-2.897456109524,-2.897456109524,2.897456109524,0.0,0.064481988874,0.064481988874,,,-0.111549039452,-0.111549039452,0.064481988874,0.053184281843,0.286840171322,2.0,8.0,,,3.0,3.0
2025-07-24 12:00:00,,,-2.700242102146,-2.700242102146,4.951281249523,2.251039147377,0.053977801276,0.053977801276,,,-0.24942439887,-0.24942439887,0.053977801276,0.0,0.502640740042,0.0,17.0,10997.0,,3.0,3.0
2025-07-24 16:00:00,,,-0.948320806026,-0.948320806026,2.518015265465,1.569694459438,-0.046059696256,-0.046059696256,,,0.209768312963,0.209768312963,-0.046059696256,0.0,0.460830469578,0.0,14.0,,,2.0,2.0
2025-07-24 20:00:00,,,0.590987741947,0.590987741947,1.667702913284,2.258690655231,0.101872126415,0.101872126415,,,0.636071134192,0.636071134192,0.101872126415,0.0,0.473012298521,0.0,13.0,,,3.0,3.0
2025-07-25 00:00:00,0.0,0.0,-2.562288701534,-2.562288701534,2.562288701534,0.0,-0.055924363369,-0.055924363369,-0.312585734037,-0.312585734037,-0.044847657157,-0.044847657157,-0.055924363369,0.0,0.260362643294,0.0,4.0,,24.0,1.0,1.0
2025-07-25 04:00:00,,,-3.054575383663,-3.054575383663,3.7984328866,0.743857502937,0.0,0.0,,,-0.017875481076,-0.017875481076,0.0,0.0,0.479416799597,0.0,10.0,,,2.0,2.0
2025-07-25 08:00:00,,,-2.426983594894,-2.426983594894,4.826718509197,2.399734914303,-0.223180168652,-0.223180168652,,,-0.274764075652,-0.274764075652,-0.223180168652,0.053418803419,0.49041092559,1.0,15.0,,,7.0,8.0
2025-07-25 12:00:00,,,-3.25403213501,-3.25403213501,3.25403213501,0.0,0.027612174683,0.027612174683,,,-0.476412646673,-0.476412646673,0.027612174683,0.0,0.623275438,0.0,17.0,11156.0,,7.0,7.0
2025-07-25 16:00:00,,,-0.991280913353,-0.991280913353,3.924509346485,2.933228433132,-0.093708336885,-0.093708336885,,,-0.103325667152,-0.103325667152,-0.093708336885,0.0,0.61580560689,0.0,16.0,,,6.0,6.0
2025-07-25 20:00:00,,,-4.589221537113,-4.589221537113,5.353497922421,0.764276385307,0.143260367289,0.143260367289,,,-0.236209520295,-0.236209520295,0.143260367289,0.065104166667,0.503162457835,1.0,13.0,,,1.0,1.0
2025-07-26 00:00:00,0.0,0.0,0.710832834244,0.710832834244,0.0,0.710832834244,0.062773903076,0.062773903076,-1.872621282274,-1.872621282274,0.19620675649,0.19620675649,0.062773903076,0.0,0.34578849683,0.0,6.0,,59.0,2.0,1.0
2025-07-26 04:00:00,,,-4.277227163315,-4.277227163315,4.277227163315,0.0,-0.361503988491,-0.361503988491,,,-1.160557646435,-1.160557646435,-0.361503988491,0.0,0.559260432655,0.0,8.0,,,6.0,6.0
2025-07-26 08:00:00,,,-0.312446832657,-0.312446832657,3.383721590042,3.071274757385,0.146124147449,0.146124147449,,,-0.304548718858,-0.304548718858,0.146124147449,0.0,0.788653535529,0.0,18.0,,,7.0,7.0
2025-07-26 12:00:00,,,-8.140926659107,-8.140926659107,12.165745556355,4.024818897247,-0.122607400263,-0.122607400263,,,-1.969813190034,-1.969813190034,-0.122607400263,0.0,0.917406468043,0.0,32.0,11369.0,,7.0,7.0
2025-07-26 16:00:00,,,-1.669938921928,-1.669938921928,2.411145508289,0.741206586361,0.07731993136,0.07731993136,,,-0.072794672515,-0.072794672515,0.07731993136,0.0,0.298919592575,0.0,9.0,,,2.0,2.0
2025-07-26 20:00:00,,,-2.392557859421,-2.392557859421,3.156985759735,0.764427900314,-0.033493996328,-0.033493996328,,,-0.256298763935,-0.256298763935,-0.033493996328,0.017959770115,0.559581425469,1.0,14.0,,,6.0,6.0
2025-07-27 00:00:00,0.0,0.0,0.0,0.0,0.0,0.0,0.132116504854,0.132116504854,-0.712290532577,-0.712290532577,0.383034315043,0.383034315043,0.132116504854,0.0,0.212521651475,0.0,4.0,,37.0,4.0,2.0
2025-07-27 04:00:00,,,-1.480994462967,-1.480994462967,1.480994462967,0.0,0.0,0.0,,,0.284473931663,0.284473931663,0.0,0.0,0.493180348091,0.0,8.0,,,3.0,3.0
2025-07-27 08:00:00,,,-2.445074796677,-2.445074796677,3.934191703796,1.48911690712,-0.148873008518,-0.148873008518,,,-0.94161852249,-0.94161852249,-0.148873008518,0.088231714738,0.886989583973,2.0,17.0,,,13.0,13.0
2025-07-27 12:00:00,,,-0.201755940914,-0.201755940914,2.518845498562,2.317089557648,-0.00321980004,-0.00321980004,,,0.012887788723,0.012887788723,-0.00321980004,0.021701388889,0.430600671604,1.0,12.0,11618.0,,7.0,6.0
2025-07-27 16:00:00,,,-5.843718111515,-5.843718111515,5.843718111515,0.0,0.025039184766,0.025039184766,,,-0.447750871171,-0.447750871171,0.025039184766,0.0,0.368370246406,0.0,12.0,,,4.0,4.0
2025-07-27 20:00:00,,,-5.602567493916,-5.602567493916,6.334673047066,0.73210555315,-0.032488389397,-0.032488389397,,,-0.268107008644,-0.268107008644,-0.032488389397,0.0,0.656052408877,0.0,16.0,,,5.0,5.0
2025-07-28 00:00:00,0.0,0.0,-4.114893198013,-4.114893198013,4.114893198013,0.0,-0.023548224266,-0.023548224266,-0.341184100728,-0.341184100728,-0.585411382485,-0.585411382485,-0.023548224266,0.0,0.479630922373,0.0,10.0,,27.0,8.0,7.0
2025-07-28 04:00:00,,,-0.338443815708,-0.338443815708,1.824782371521,1.486338555813,0.300859708471,0.300859708471,,,0.624307122625,0.624307122625,0.300859708471,0.053257647931,0.357949434032,2.0,10.0,,,1.0,1.0
2025-07-28 08:00:00,,,-0.682060718536,-0.682060718536,1.478637814522,0.796577095985,-0.122328010644,-0.122328010644,,,0.449109842508,0.449109842508,-0.122328010644,0.0,0.277694365563,0.0,9.0,,,3.0,3.0
2025-07-28 12:00:00,,,-8.576032936573,-8.576032936573,11.650535166264,3.074502229691,-0.191252938239,-0.191252938239,,,-1.268120536594,-1.268120536594,-0.191252938239,0.0,0.728607875441,0.0,28.0,11815.0,,8.0,8.0
2025-07-28 16:00:00,,,-2.201003909111,-2.201003909111,5.087541937828,2.886538028717,0.103931945661,0.103931945661,,,0.400227541584,0.400227541584,0.103931945661,0.018115942029,0.767316040725,1.0,23.0,,,3.0,3.0
2025-07-28 20:00:00,,,-1.063378512859,-1.063378512859,2.561447739601,1.498069226742,0.098049563343,0.098049563343,,,0.59480325156,0.59480325156,0.098049563343,0.0,0.771466321874,0.0,16.0,,,4.0,4.0
2025-07-29 00:00:00,0.0,0.0,-4.707431137562,-4.707431137562,5.509245097637,0.801813960075,0.109364834943,0.109364834943,-0.004811958763,-0.004811958763,0.233480000488,0.233480000488,0.109364834943,0.043416765138,0.704737184848,2.0,14.0,,17.0,2.0,2.0
2025-07-29 04:00:00,,,-0.756374299526,-0.756374299526,1.473187744617,0.716813445091,-0.128036879933,-0.128036879933,,,0.372225528574,0.372225528574,-0.128036879933,0.019290123457,0.450738123532,1.0,7.0,,,0.0,0.0
2025-07-29 08:00:00,,,-1.747601985931,-1.747601985931,2.47449529171,0.726893305779,-0.024006914987,-0.024006914987,,,0.212243726146,0.212243726146,-0.024006914987,0.018436578171,0.514205400685,1.0,12.0,,,2.0,2.0
2025-07-29 12:00:00,,,-3.339450061321,-3.339450061321,5.823659002781,2.48420894146,0.017936750341,0.017936750341,,,-0.265532971156,-0.265532971156,0.017936750341,0.016025641026,0.546076144698,1.0,19.0,11969.0,,5.0,5.0
2025-07-29 16:00:00,,,-4.832069635391,-4.832069635391,5.620889902115,0.788820266724,-0.103623040027,-0.103623040027,,,-0.113034975223,-0.113034975223,-0.103623040027,0.017076502732,0.410189644168,1.0,13.0,,,3.0,3.0
2025-07-29 20:00:00,,,-5.282142102718,-5.282142102718,6.902779996395,1.620637893677,0.032515922219,0.032515922219,,,-0.322059979988,-0.322059979988,0.032515922219,0.0,0.739865067122,0.0,17.0,,,5.0,5.0
2025-07-30 00:00:00,0.0,0.0,-6.131741464138,-6.131741464138,6.885997354984,0.754255890846,0.058918223659,0.058918223659,-0.536955401708,-0.536955401708,0.276337599475,0.276337599475,0.058918223659,0.034153005464,0.788895730706,1.0,13.0,,22.0,1.0,1.0
2025-07-30 04:00:00,,,-2.49674898386,-2.49674898386,3.347033262253,0.850284278393,0.13364540998,0.13364540998,,,0.384200616884,0.384200616884,0.13364540998,0.0,0.407229914843,0.0,6.0,,,0.0,0.0
2025-07-30 08:00:00,,,-1.720222055912,-1.720222055912,2.441555738449,0.721333682537,-0.128566056094,-0.128566056094,,,0.173622537264,0.173622537264,-0.128566056094,0.044515669516,0.405137148192,2.0,11.0,,,7.0,7.0
2025-07-30 12:00:00,,,-2.378590166569,-2.378590166569,3.984818637371,1.606228470802,-0.060288278446,-0.060288278446,,,-0.226243169325,-0.226243169325,-0.060288278446,0.014367816092,0.408129109726,1.0,13.0,12112.0,,6.0,6.0
2025-07-30 16:00:00,,,-5.283818900585,-5.283818900585,6.843619227409,1.559800326824,0.089718695657,0.089718695657,,,-0.071278118944,-0.071278118944,0.089718695657,0.0,0.630713722445,0.0,22.0,,,4.0,4.0
2025-07-30 20:00:00,,,-5.684844136238,-5.684844136238,5.684844136238,0.0,-0.033221606835,-0.033221606835,,,-0.515462059419,-0.515462059419,-0.033221606835,0.0,0.5128219548,0.0,13.0,,,4.0,4.0
2025-07-31 00:00:00,0.0,0.0,-0.147248387337,-0.147248387337,1.580008924007,1.432760536671,0.063077138286,0.063077138286,-0.433365505119,-0.433365505119,0.41251839145,0.41251839145,0.063077138286,0.05081300813,0.6550684729,1.0,8.0,,20.0,2.0,2.0
2025-07-31 04:00:00,,,-1.615217864513,-1.615217864513,1.615217864513,0.0,-0.101362529947,-0.101362529947,,,0.308678497042,0.308678497042,-0.101362529947,0.0,0.26943841599,0.0,5.0,,,2.0,2.0
2025-07-31 08:00:00,,,-2.54322296381,-2.54322296381,4.949652194977,2.406429231167,-0.081224617165,-0.081224617165,,,-0.277100892816,-0.277100892816,-0.081224617165,0.0,0.853758312621,0.0,17.0,,,8.0,8.0
2025-07-31 12:00:00,,,-11.419193208218,-11.419193208218,12.34378695488,0.924593746662,0.173833614233,0.173833614233,,,0.001751306492,0.001751306492,0.173833614233,0.0,0.71768793696,0.0,23.0,12216.0,,3.0,3.0
2025-07-31 16:00:00,,,-4.044223427773,-4.044223427773,4.044223427773,0.0,-0.061531205737,-0.061531205737,,,0.239593021192,0.239593021192,-0.061531205737,0.0,0.480590125743,0.0,12.0,,,2.0,2.0
2025-07-31 20:00:00,,,-4.838673651218,-4.838673651218,4.838673651218,0.0,0.087093633214,0.087093633214,,,-0.111522369441,-0.111522369441,0.087093633214,0.0,0.574001419025,0.0,13.0,,,3.0,3.0
2025-08-01 00:00:00,0.0,0.0,-4.777033150196,-4.777033150196,4.777033150196,0.0,0.0,0.0,0.755784251779,0.755784251779,0.491559551235,0.491559551235,0.0,0.038580246914,0.545404859025,1.0,9.0,,7.0,0.0,0.0
2025-08-01 04:00:00,,,-1.595180988312,-1.595180988312,2.392638385296,0.797457396984,0.0,0.0,,,0.445656904808,0.445656904808,0.0,0.0,0.425273354389,0.0,7.0,,,0.0,0.0
2025-08-01 08:00:00,,,-4.613706171513,-4.613706171513,4.613706171513,0.0,-0.2181597709,-0.2181597709,,,0.005108809158,0.005108809158,-0.2181597709,0.021258503401,0.402004834057,1.0,9.0,,,3.0,3.0
2025-08-01 12:00:00,,,0.077601194382,0.077601194382,2.34886598587,2.426467180252,0.155533764604,0.155533764604,,,0.48771380392,0.48771380392,0.155533764604,0.0,0.477701191142,0.0,14.0,12282.0,,1.0,1.0
2025-08-01 16:00:00,,,-4.408821702003,-4.408821702003,4.408821702003,0.0,-0.115623864345,-0.115623864345,,,0.112378273148,0.112378273148,-0.115623864345,0.0,0.352052599596,0.0,9.0,,,3.0,3.0
2025-08-01 20:00:00,,,-2.546787917614,-2.546787917614,3.308811604977,0.762023687363,0.117367139938,0.117367139938,,,0.386496623529,0.386496623529,0.117367139938,0.029761904762,0.709845109182,1.0,11.0,,,0.0,0.0
2025-08-02 00:00:00,0.0,0.0,-3.198801994324,-3.198801994324,3.198801994324,0.0,-0.050681264973,-0.050681264973,0.039682866029,0.039682866029,-0.102553110683,-0.102553110683,-0.050681264973,0.047348484848,0.750772194047,1.0,10.0,,21.0,4.0,4.0
2025-08-02 04:00:00,,,-1.842031538486,-1.842031538486,1.842031538486,0.0,-0.056016134971,-0.056016134971,,,0.151523421796,0.151523421796,-0.056016134971,0.041666666667,0.523188588254,1.0,7.0,,,3.0,3.0
2025-08-02 08:00:00,,,-1.00598603487,-1.00598603487,2.550146758556,1.544160723686,0.106697399944,0.106697399944,,,0.396525967495,0.396525967495,0.106697399944,0.054149085795,0.840673985267,2.0,10.0,,,0.0,0.0
2025-08-02 12:00:00,,,-1.576460719109,-1.576460719109,4.641398906708,3.064938187599,0.109497398119,0.109497398119,,,0.494758912824,0.494758912824,0.109497398119,0.0,0.670954112796,0.0,13.0,12346.0,,4.0,4.0
2025-08-02 16:00:00,,,-3.446437597275,-3.446437597275,3.446437597275,0.0,-0.111528682225,-0.111528682225,,,0.203260897031,0.203260897031,-0.111528682225,0.030844806235,0.488909188718,2.0,9.0,,,2.0,2.0
2025-08-02 20:00:00,,,-5.150575459003,-5.150575459003,5.984543323517,0.833967864513,0.080719217657,0.080719217657,,,-0.825470385987,-0.825470385987,0.080719217657,0.147649421214,1.317117985628,2.0,18.0,,,7.0,7.0
2025-08-03 00:00:00,0.0,0.0,-3.574421644211,-3.574421644211,4.296842575073,0.722420930862,-0.136020168477,-0.136020168477,0.499656324089,0.499656324089,-0.709111704612,-0.709111704612,-0.136020168477,0.049603174603,0.982916525196,1.0,11.0,,14.0,6.0,6.0
2025-08-03 04:00:00,,,-1.633729994297,-1.633729994297,2.489002406597,0.8552724123,-0.015423532858,-0.015423532858,,,0.23249614504,0.23249614504,-0.015423532858,0.0,0.460529439696,0.0,6.0,,,2.0,2.0
2025-08-03 08:00:00,,,-3.522963881493,-3.522963881493,4.42853730917,0.905573427677,0.115038391086,0.115038391086,,,0.228927798056,0.228927798056,0.115038391086,0.0,0.603118554613,0.0,9.0,,,2.0,2.0
2025-08-03 12:00:00,,,-1.69685280323,-1.69685280323,3.368188142776,1.671335339546,0.050318773644,0.050318773644,,,0.778141580266,0.778141580266,0.050318773644,0.026709401709,0.751236381365,1.0,13.0,12467.0,,2.0,2.0
2025-08-03 16:00:00,,,-2.328731298447,-2.328731298447,2.328731298447,0.0,-0.162907133992,-0.162907133992,,,-0.127451849792,-0.127451849792,-0.162907133992,0.0,0.570171791946,0.0,9.0,,,1.0,1.0
2025-08-03 20:00:00,,,-1.631690084934,-1.631690084934,1.631690084934,0.0,-0.042678959978,-0.042678959978,,,0.221275119772,0.221275119772,-0.042678959978,0.031565656566,0.315553828485,1.0,6.0,,,1.0,1.0
2025-08-04 00:00:00,0.0,0.0,-0.941353857517,-0.941353857517,2.457969307899,1.516615450382,0.128036879933,0.128036879933,0.071622379869,0.071622379869,0.549208514317,0.549208514317,0.128036879933,0.0,0.29768589146,0.0,6.0,,18.0,1.0,1.0
2025-08-04 04:00:00,,,-0.071772038937,-0.071772038937,1.80491232872,1.733140289783,0.01867204499,0.01867204499,,,0.371863499546,0.371863499546,0.01867204499,0.023148148148,0.487119831819,1.0,8.0,,,1.0,1.0
2025-08-04 08:00:00,,,-3.665248811245,-3.665248811245,7.417228281498,3.751979470253,-0.072020744962,-0.072020744962,,,-0.231458586533,-0.231458586533,-0.072020744962,0.052083333333,1.228341707199,1.0,29.0,,,1.0,1.0
2025-08-04 12:00:00,,,-5.577731132507,-5.577731132507,7.071915984154,1.494184851646,-0.087347904226,-0.087347904226,,,-1.235169035873,-1.235169035873,-0.087347904226,0.011574074074,1.129848311467,1.0,29.0,12557.0,,5.0,5.0
2025-08-04 16:00:00,,,-3.159295678139,-3.159295678139,7.005991697311,3.846696019173,-0.000473161379,-0.000473161379,,,-0.897234323882,-0.897234323882,-0.000473161379,0.026371308017,1.056093270218,1.0,32.0,,,6.0,6.0
2025-08-04 20:00:00,,,-4.717278957367,-4.717278957367,4.717278957367,0.0,0.075422253195,0.075422253195,,,-0.055481038917,-0.055481038917,0.075422253195,0.022644927536,0.632377643584,1.0,10.0,,,3.0,3.0
2025-08-05 00:00:00,0.0,0.0,0.002840220928,0.002840220928,0.831119418144,0.833959639072,0.041036740846,0.041036740846,0.251132757002,0.251132757002,0.31165597742,0.31165597742,0.041036740846,0.0,0.619690444441,0.0,10.0,,27.0,3.0,3.0
2025-08-05 04:00:00,,,-0.997310936451,-0.997310936451,1.722539305687,0.725228369236,0.09602765995,0.09602765995,,,0.436304633057,0.436304633057,0.09602765995,0.0,0.491359950131,0.0,8.0,,,2.0,2.0
2025-08-05 08:00:00,,,0.006643652916,0.006643652916,1.569793522358,1.576437175274,0.112032269941,0.112032269941,,,0.964377870075,0.964377870075,0.112032269941,0.099389015215,0.582445555886,3.0,14.0,,,3.0,3.0
2025-08-05 12:00:00,,,-0.244737803936,-0.244737803936,4.004798829556,3.76006102562,-0.084565658644,-0.084565658644,,,-0.023665688083,-0.023665688083,-0.084565658644,0.024630541872,0.814357108646,2.0,24.0,12653.0,,3.0,3.0
2025-08-05 16:00:00,,,-6.374952018261,-6.374952018261,8.500157237053,2.125205218792,-0.127017797142,-0.127017797142,,,-1.471615027222,-1.471615027222,-0.127017797142,0.045289855072,0.854538534062,1.0,21.0,,,6.0,6.0
2025-08-05 20:00:00,,,-2.523956477642,-2.523956477642,4.938349306583,2.414392828941,0.099043817992,0.099043817992,,,-0.468940314725,-0.468940314725,0.099043817992,0.022644927536,0.901752063317,1.0,20.0,,,10.0,10.0
2025-08-06 00:00:00,0.0,0.0,-3.420838534832,-3.420838534832,3.420838534832,0.0,-0.081369695227,-0.081369695227,-0.338825625514,-0.338825625514,0.100653125788,0.100653125788,-0.081369695227,0.021043771044,0.705794497418,1.0,10.0,,22.0,3.0,3.0
2025-08-06 04:00:00,,,-1.815284788609,-1.815284788609,2.67762452364,0.862339735031,-0.120171597673,-0.120171597673,,,-0.348675447099,-0.348675447099,-0.120171597673,0.035310734463,0.413711631367,1.0,8.0,,,6.0,6.0
2025-08-06 08:00:00,,,-4.411757409573,-4.411757409573,4.411757409573,0.0,0.226034815338,0.226034815338,,,0.241692940543,0.241692940543,0.226034815338,0.0,0.415362761492,0.0,10.0,,,1.0,1.0
2025-08-06 12:00:00,,,-2.539438307285,-2.539438307285,5.016688764095,2.47725045681,-0.145609431198,-0.145609431198,,,-0.579107823398,-0.579107823398,-0.145609431198,0.013269639066,0.492414828269,1.0,16.0,12743.0,,5.0,5.0
2025-08-06 16:00:00,,,-6.258608400822,-6.258608400822,7.778448104858,1.519839704037,-0.012643780492,-0.012643780492,,,-0.273614564847,-0.273614564847,-0.012643780492,0.0,0.597272722862,0.0,18.0,,,4.0,4.0
2025-08-06 20:00:00,,,-1.672379076481,-1.672379076481,3.238578021526,1.566198945045,0.16285675445,0.16285675445,,,0.215920787296,0.215920787296,0.16285675445,0.0,0.832365067917,0.0,15.0,,,3.0,3.0
2025-08-07 00:00:00,0.0,0.0,-2.566090106964,-2.566090106964,2.566090106964,0.0,-0.034676654982,-0.034676654982,-0.235232549459,-0.235232549459,-0.059186515418,-0.059186515418,-0.034676654982,0.019841269841,0.469206979616,1.0,11.0,,20.0,5.0,5.0
2025-08-07 04:00:00,,,-0.941625654697,-0.941625654697,2.42778211832,1.486156463623,-0.193070118778,-0.193070118778,,,0.108552490796,0.108552490796,-0.193070118778,0.0,0.696058676905,0.0,11.0,,,3.0,3.0
2025-08-07 08:00:00,,,-4.188389480114,-4.188389480114,4.188389480114,0.0,0.179164955711,0.179164955711,,,0.38506684866,0.38506684866,0.179164955711,0.029399386017,0.335902786817,2.0,8.0,,,0.0,0.0
2025-08-07 12:00:00,,,-5.351110637188,-5.351110637188,8.361103475094,3.009992837906,-0.06092591642,-0.06092591642,,,-0.347219089311,-0.347219089311,-0.06092591642,0.030003871467,0.724658284649,2.0,24.0,12825.0,,8.0,8.0
2025-08-07 16:00:00,,,-5.060709893703,-5.060709893703,7.527820646763,2.467110753059,0.088710280781,0.088710280781,,,-0.441505611891,-0.441505611891,0.088710280781,0.0,0.544780693048,0.0,17.0,,,4.0,4.0
2025-08-07 20:00:00,,,-2.61880749464,-2.61880749464,3.378750324249,0.759942829609,0.124772368695,0.124772368695,,,0.3683943961,0.3683943961,0.124772368695,0.020424836601,0.153948930283,1.0,5.0,,,0.0,0.0
2025-08-08 00:00:00,0.0,0.0,-0.780359148979,-0.780359148979,1.526321947575,0.745962798595,-0.088025354954,-0.088025354954,0.052622073517,0.052622073517,0.378512632625,0.378512632625,-0.088025354954,0.0,0.279516946869,0.0,5.0,,19.0,1.0,1.0
2025-08-08 04:00:00,,,-0.042838811874,-0.042838811874,1.604850232601,1.562011420727,0.232066844878,0.232066844878,,,0.443108376135,0.443108376135,0.232066844878,0.0,0.526581456424,0.0,9.0,,,4.0,4.0
2025-08-08 08:00:00,,,-4.133896172047,-4.133896172047,4.940270066261,0.806373894215,-0.221259189045,-0.221259189045,,,-0.354430234583,-0.354430234583,-0.221259189045,0.0,0.502689112929,0.0,11.0,,,2.0,2.0
2025-08-08 12:00:00,,,-3.99916434288,-3.99916434288,5.434313356876,1.435149013996,-0.023720847018,-0.023720847018,,,-0.419474304221,-0.419474304221,-0.023720847018,0.0,0.430576448297,0.0,15.0,12885.0,,6.0,6.0
2025-08-08 16:00:00,,,-3.933485507965,-3.933485507965,3.933485507965,0.0,0.024328589398,0.024328589398,,,-0.030620959508,-0.030620959508,0.024328589398,0.020032051282,0.537555768756,1.0,16.0,,,4.0,4.0
2025-08-08 20:00:00,,,-4.729654431343,-4.729654431343,5.501520395279,0.771865963936,0.091460094986,0.091460094986,,,0.222558754575,0.222558754575,0.091460094986,0.020032051282,0.429598533527,1.0,12.0,,,2.0,2.0
2025-08-09 00:00:00,0.0,0.0,-1.686249196529,-1.686249196529,1.686249196529,0.0,0.008316752931,0.008316752931,0.140706791747,0.140706791747,0.208291457612,0.208291457612,0.008316752931,0.0,0.254962557691,0.0,5.0,,20.0,1.0,1.0
2025-08-09 04:00:00,,,0.0,0.0,0.0,0.0,0.064704588376,0.064704588376,,,0.341288412333,0.341288412333,0.064704588376,0.03591954023,0.124970464883,1.0,3.0,,,2.0,2.0
2025-08-09 08:00:00,,,-4.14699947834,-4.14699947834,4.14699947834,0.0,-0.392953461831,-0.392953461831,,,-0.81841072558,-0.81841072558,-0.392953461831,0.021929824561,0.255093812343,1.0,7.0,,,5.0,5.0
2025-08-09 12:00:00,,,-3.524649918079,-3.524649918079,5.089366853237,1.564716935158,0.102129860127,0.102129860127,,,-0.037315273825,-0.037315273825,0.102129860127,0.0,0.593049893348,0.0,17.0,12937.0,,3.0,3.0
2025-08-09 16:00:00,,,-0.480350732803,-0.480350732803,2.268756210804,1.788405478001,0.117008865136,0.117008865136,,,0.511113587311,0.511113587311,0.117008865136,0.0,0.479329682823,0.0,14.0,,,4.0,4.0
2025-08-09 20:00:00,,,-5.674148380756,-5.674148380756,6.38047260046,0.706324219704,-0.032377194595,-0.032377194595,,,-0.509896416065,-0.509896416065,-0.032377194595,0.037202380952,0.579940810112,1.0,15.0,,,5.0,5.0
2025-08-10 00:00:00,0.0,0.0,-2.009971857071,-2.009971857071,2.764830887318,0.754859030247,0.041081841332,0.041081841332,0.83314573814,0.83314573814,0.211055234127,0.211055234127,0.041081841332,0.040849673203,0.52260143823,1.0,9.0,,15.0,2.0,2.0
2025-08-10 04:00:00,,,-1.051648736,-1.051648736,1.758585870266,0.706937134266,-0.053348699972,-0.053348699972,,,0.270686581593,0.270686581593,-0.053348699972,0.0,0.544774318962,0.0,7.0,,,2.0,2.0
2025-08-10 08:00:00,,,-4.20583152771,-4.20583152771,4.20583152771,0.0,0.128036879933,0.128036879933,,,-0.229193847408,-0.229193847408,0.128036879933,0.0,0.55725586241,0.0,12.0,,,2.0,2.0
2025-08-10 12:00:00,,,0.594503760338,0.594503760338,2.340999186039,2.935502946377,0.216477396949,0.216477396949,,,0.745526761924,0.745526761924,0.216477396949,0.0,0.608696195909,0.0,15.0,13017.0,,5.0,5.0
2025-08-10 16:00:00,,,-0.117272019386,-0.117272019386,2.544862270355,2.427590250969,-0.357528362209,-0.357528362209,,,-0.002606252204,-0.002606252204,-0.357528362209,0.0,0.317420231681,0.0,8.0,,,2.0,2.0
2025-08-10 20:00:00,,,-1.144338786602,-1.144338786602,1.930404305458,0.786065518856,0.171091755099,0.171091755099,,,0.579725850185,0.579725850185,0.171091755099,0.0,0.459602444657,0.0,10.0,,,2.0,2.0
2025-08-11 00:00:00,0.0,0.0,-2.386224329472,-2.386224329472,2.386224329472,0.0,0.033329678808,0.033329678808,0.668499103512,0.668499103512,0.368794316806,0.368794316806,0.033329678808,0.021701388889,0.282379850088,1.0,6.0,,8.0,0.0,0.0
2025-08-11 04:00:00,,,-3.403535783291,-3.403535783291,4.243192017078,0.839656233788,0.0,0.0,,,0.314309622005,0.314309622005,0.0,0.0,0.325308590891,0.0,8.0,,,0.0,0.0
2025-08-11 08:00:00,,,-1.029190957546,-1.029190957546,2.489640533924,1.460449576378,-0.112032269941,-0.112032269941,,,0.181230781606,0.181230781606,-0.112032269941,0.0,0.349084322201,0.0,9.0,,,1.0,1.0
2025-08-11 12:00:00,,,-7.035992920399,-7.035992920399,8.719375550747,1.683382630348,-0.224401488864,-0.224401488864,,,-1.472937977847,-1.472937977847,-0.224401488864,0.0,0.686293158601,0.0,22.0,13104.0,,6.0,6.0
2025-08-11 16:00:00,,,-3.368333220482,-3.368333220482,5.050877511501,1.682544291019,0.225354583639,0.225354583639,,,0.167584871982,0.167584871982,0.225354583639,0.0,0.448579963814,0.0,13.0,,,1.0,1.0
2025-08-11 20:00:00,,,-2.755464315414,-2.755464315414,3.490117251873,0.734652936459,0.009585309134,0.009585309134,,,0.359591611469,0.359591611469,0.009585309134,0.024224806202,0.284567656919,1.0,8.0,,,0.0,0.0
2025-08-12 00:00:00,0.0,0.0,-6.882372140884,-6.882372140884,6.882372140884,0.0,-0.208973166408,-0.208973166408,-0.775063971572,-0.775063971572,-0.948142547923,-0.948142547923,-0.208973166408,0.0,0.793922017555,0.0,17.0,,19.0,3.0,3.0
2025-08-12 04:00:00,,,-2.785623788834,-2.785623788834,2.785623788834,0.0,0.169565424895,0.169565424895,,,0.366860905779,0.366860905779,0.169565424895,0.0,0.195357309006,0.0,5.0,,,0.0,0.0
2025-08-12 08:00:00,,,-4.358139574528,-4.358139574528,4.358139574528,0.0,-0.135254598145,-0.135254598145,,,-0.208391373519,-0.208391373519,-0.135254598145,0.0,0.401003868155,0.0,9.0,,,2.0,2.0
2025-08-12 12:00:00,,,-5.936093568802,-5.936093568802,5.936093568802,0.0,-0.053758896038,-0.053758896038,,,-0.433200262571,-0.433200262571,-0.053758896038,0.0,0.344180748162,0.0,15.0,13163.0,,5.0,5.0
2025-08-12 16:00:00,,,-9.048526525497,-9.048526525497,9.048526525497,0.0,-0.022486217868,-0.022486217868,,,-1.155228210714,-1.155228210714,-0.022486217868,0.0,0.481859650578,0.0,18.0,,,4.0,4.0
2025-08-12 20:00:00,,,0.171299397945,0.171299397945,2.296770453453,2.468069851398,0.160080159254,0.160080159254,,,0.583457313745,0.583457313745,0.160080159254,0.0,0.429603204743,0.0,15.0,,,5.0,5.0
2025-08-13 00:00:00,0.0,0.0,-1.001476466656,-1.001476466656,2.412491202354,1.411014735699,-0.050438240292,-0.050438240292,-2.837463291441,-2.837463291441,0.166388852594,0.166388852594,-0.050438240292,0.017655367232,0.451045904551,1.0,9.0,,53.0,5.0,5.0
2025-08-13 04:00:00,,,-2.434692561626,-2.434692561626,4.888654232025,2.453961670399,-0.013657953383,-0.013657953383,,,0.264668246527,0.264668246527,-0.013657953383,0.042925824176,0.470310779473,2.0,15.0,,,3.0,3.0
2025-08-13 08:00:00,,,-5.25300180912,-5.25300180912,5.25300180912,0.0,0.015614728695,0.015614728695,,,0.209038375903,0.209038375903,0.015614728695,0.015782828283,0.346198195458,1.0,13.0,,,1.0,1.0
2025-08-13 12:00:00,,,-5.178544819355,-5.178544819355,5.178544819355,0.0,-0.191689972688,-0.191689972688,,,-0.836269762115,-0.836269762115,-0.191689972688,0.013102725367,0.416630326626,1.0,14.0,13248.0,,6.0,6.0
2025-08-13 16:00:00,,,-5.810361564159,-5.810361564159,10.567804455757,4.757442891598,-0.18328638743,-0.18328638743,,,-1.97881916333,-1.97881916333,-0.18328638743,0.020424836601,0.863863009323,1.0,34.0,,,21.0,21.0
2025-08-13 20:00:00,,,-2.832843840122,-2.832843840122,6.541559934616,3.708716094494,0.090625301857,0.090625301857,,,0.723171264654,0.723171264654,0.090625301857,0.058608560115,0.85235955657,3.0,30.0,,,17.0,17.0
2025-08-14 00:00:00,0.0,0.0,-3.23908418417,-3.23908418417,4.820535957813,1.581451773643,-0.235899774825,-0.235899774825,-0.384160525745,-0.384160525745,-0.046345456435,-0.046345456435,-0.235899774825,0.049603174603,0.710897678791,1.0,19.0,,26.0,8.0,8.0
2025-08-14 04:00:00,,,-0.958915531635,-0.958915531635,1.691752135754,0.732836604118,0.172301190212,0.172301190212,,,0.329133673042,0.329133673042,0.172301190212,0.070825511694,0.300241658905,3.0,8.0,,,2.0,2.0
2025-08-14 08:00:00,,,-3.456830739975,-3.456830739975,4.88573384285,1.428903102875,-0.130704314931,-0.130704314931,,,0.153801594634,0.153801594634,-0.130704314931,0.067418036168,0.626211444298,3.0,17.0,,,2.0,2.0
2025-08-14 12:00:00,,,-4.092507660389,-4.092507660389,5.772952020168,1.680444359779,-0.070179271878,-0.070179271878,,,-0.901757439603,-0.901757439603,-0.070179271878,0.034339886059,0.423622833986,2.0,20.0,13806.0,,8.0,8.0
2025-08-14 16:00:00,,,-3.270244181156,-3.270244181156,4.076338112354,0.806093931198,0.132634688185,0.132634688185,,,0.219525392922,0.219525392922,0.132634688185,0.0,0.360813464003,0.0,13.0,,,3.0,3.0
2025-08-14 20:00:00,,,-3.325188815594,-3.325188815594,3.325188815594,0.0,0.012705316909,0.012705316909,,,0.179193252012,0.179193252012,0.012705316909,0.0,0.348364056871,0.0,8.0,,,3.0,3.0
2025-08-15 00:00:00,0.0,0.0,-0.804997742176,-0.804997742176,1.614818811417,0.809821069241,0.16334106441,0.16334106441,-0.720543878584,-0.720543878584,0.28847712639,0.28847712639,0.16334106441,0.0,0.346787447788,0.0,7.0,,37.0,1.0,1.0
2025-08-15 04:00:00,,,-2.327839195728,-2.327839195728,3.080182552338,0.752343356609,-0.200159367899,-0.200159367899,,,0.046204027232,0.046204027232,-0.200159367899,0.062108176604,0.57139909339,2.0,11.0,,,7.0,7.0
2025-08-15 08:00:00,,,0.0,0.0,0.0,0.0,0.163516087459,0.163516087459,,,0.295479637454,0.295479637454,0.163516087459,0.013982102908,0.410992649834,1.0,13.0,,,9.0,9.0
2025-08-15 12:00:00,,,-5.007320582867,-5.007320582867,7.355303883553,2.347983300686,-0.03984715857,-0.03984715857,,,0.064299206671,0.064299206671,-0.03984715857,0.029779754765,0.62025121234,2.0,23.0,13989.0,,11.0,11.0
2025-08-15 16:00:00,,,-2.390622317791,-2.390622317791,3.297513067722,0.906890749931,0.001741346231,0.001741346231,,,0.158563822414,0.158563822414,0.001741346231,0.0,0.415558058634,0.0,14.0,,,7.0,7.0
2025-08-15 20:00:00,,,-5.090363025665,-5.090363025665,6.640713691711,1.550350666046,0.010511656744,0.010511656744,,,-0.055118354036,-0.055118354036,0.010511656744,0.0,0.799662382849,0.0,18.0,,,3.0,3.0
2025-08-16 00:00:00,0.0,0.0,-0.884645402431,-0.884645402431,1.749543428421,0.86489802599,-0.002033413265,-0.002033413265,-0.163251274025,-0.163251274025,0.160931882802,0.160931882802,-0.002033413265,0.040849673203,0.462586575561,1.0,8.0,,29.0,6.0,6.0
2025-08-16 04:00:00,,,1.042852222919,1.042852222919,4.403259694576,5.446111917496,0.185580413524,0.185580413524,,,0.557421546891,0.557421546891,0.185580413524,0.0,0.961874439827,0.0,16.0,,,6.0,6.0
2025-08-16 08:00:00,,,-1.788437843323,-1.788437843323,2.56224411726,0.773806273937,-0.167101013583,-0.167101013583,,,0.173563366826,0.173563366826,-0.167101013583,0.0,0.40859285921,0.0,10.0,,,4.0,4.0
2025-08-16 12:00:00,,,-5.111171543598,-5.111171543598,5.111171543598,0.0,-0.144842766902,-0.144842766902,,,-0.042497053927,-0.042497053927,-0.144842766902,0.0,0.498691992018,0.0,14.0,14329.0,,4.0,4.0
2025-08-16 16:00:00,,,-4.270613968372,-4.270613968372,6.702297091484,2.431683123112,-0.016201006118,-0.016201006118,,,-0.144322480708,-0.144322480708,-0.016201006118,0.0,1.072378540282,0.0,26.0,,,7.0,7.0
2025-08-16 20:00:00,,,-3.403326570988,-3.403326570988,3.403326570988,0.0,0.213746248917,0.213746248917,,,0.269031794552,0.269031794552,0.213746248917,0.0,0.632187935451,0.0,12.0,,,2.0,2.0
2025-08-17 00:00:00,0.0,0.0,-1.912510633469,-1.912510633469,3.418902933598,1.506392300129,-0.128036879933,-0.128036879933,0.354576846288,0.354576846288,0.239605015763,0.239605015763,-0.128036879933,0.0,0.633446568168,0.0,12.0,,20.0,3.0,3.0
2025-08-17 04:00:00,,,-0.131043493748,-0.131043493748,1.748249769211,1.617206275463,0.128036879933,0.128036879933,,,0.431108456807,0.431108456807,0.128036879933,0.032051282051,0.472713386981,1.0,7.0,,,1.0,1.0
2025-08-17 08:00:00,,,-2.151142895222,-2.151142895222,3.661768019199,1.510625123978,-0.089463636888,-0.089463636888,,,-0.368899366641,-0.368899366641,-0.089463636888,0.026041666667,0.415353303054,1.0,13.0,,,4.0,4.0
2025-08-17 12:00:00,,,-3.281155109406,-3.281155109406,3.281155109406,0.0,-0.008649161996,-0.008649161996,,,-0.278357651387,-0.278357651387,-0.008649161996,0.0,0.402384608594,0.0,11.0,14567.0,,4.0,4.0
2025-08-17 16:00:00,,,-2.464484393597,-2.464484393597,4.083931624889,1.619447231293,-0.073357132735,-0.073357132735,,,-0.04922053124,-0.04922053124,-0.073357132735,0.0,0.390401614778,0.0,12.0,,,5.0,5.0
2025-08-17 20:00:00,,,-3.527646064758,-3.527646064758,3.527646064758,0.0,0.187048367218,0.187048367218,,,0.337547834516,0.337547834516,0.187048367218,0.0,0.476149442839,0.0,12.0,,,0.0,0.0
2025-08-18 00:00:00,0.0,0.0,-3.252975225449,-3.252975225449,4.144163131714,0.891187906265,-0.109364834943,-0.109364834943,0.133903737738,0.133903737738,0.108236039847,0.108236039847,-0.109364834943,0.0,0.835291755201,0.0,14.0,,26.0,3.0,3.0
2025-08-18 04:00:00,,,-3.902428030968,-3.902428030968,4.848237931728,0.945809900761,-0.141413875892,-0.141413875892,,,-0.701160864287,-0.701160864287,-0.141413875892,0.0,0.775871397646,0.0,13.0,,,7.0,7.0
2025-08-18 08:00:00,,,-2.040149271488,-2.040149271488,2.81614112854,0.775991857052,0.158423590685,0.158423590685,,,0.376758121807,0.376758121807,0.158423590685,0.0,0.37316675029,0.0,11.0,,,2.0,2.0
2025-08-18 12:00:00,,,-1.026158213615,-1.026158213615,3.300407767296,2.27424955368,-0.061351004968,-0.061351004968,,,0.186493044197,0.186493044197,-0.061351004968,0.0,0.334280676935,0.0,11.0,14687.0,,2.0,2.0
2025-08-18 16:00:00,,,-0.844795942307,-0.844795942307,1.584050536156,0.739254593849,0.061351004968,0.061351004968,,,0.087367121265,0.087367121265,0.061351004968,0.0,0.442276989739,0.0,13.0,,,3.0,3.0
2025-08-18 20:00:00,,,-1.671000957489,-1.671000957489,1.671000957489,0.0,-0.125369444934,-0.125369444934,,,0.316425053334,0.316425053334,-0.125369444934,0.0,0.43241446741,0.0,12.0,,,6.0,6.0
2025-08-19 00:00:00,0.0,0.0,-5.948527634144,-5.948527634144,6.668361246586,0.719833612442,-0.013677209498,-0.013677209498,-0.625311205529,-0.625311205529,-0.329011146215,-0.329011146215,-0.013677209498,0.0,0.675839458616,0.0,15.0,,25.0,1.0,1.0
2025-08-19 04:00:00,,,0.198017835617,0.198017835617,0.709021389484,0.907039225101,0.073670018833,0.073670018833,,,0.309881848312,0.309881848312,0.073670018833,0.0,0.125522822331,0.0,3.0,,,1.0,1.0
2025-08-19 08:00:00,,,-0.298844456673,-0.298844456673,2.476759791374,2.177915334702,-0.004350889493,-0.004350889493,,,0.80362645988,0.80362645988,-0.004350889493,0.0,0.337614476199,0.0,11.0,,,4.0,4.0
2025-08-19 12:00:00,,,-1.11662375927,-1.11662375927,1.885638713837,0.769014954567,0.22738554632,0.22738554632,,,0.70096363231,0.70096363231,0.22738554632,0.0,0.290622213054,0.0,10.0,14764.0,,6.0,6.0
2025-08-19 16:00:00,,,-10.474079251289,-10.474079251289,10.474079251289,0.0,-0.210712939861,-0.210712939861,,,-1.585063567058,-1.585063567058,-0.210712939861,0.014775413712,0.788316279926,1.0,25.0,,,5.0,5.0
2025-08-19 20:00:00,,,-4.18033862114,-4.18033862114,6.3886526227,2.20831400156,-0.045624319394,-0.045624319394,,,-1.122587646363,-1.122587646363,-0.045624319394,0.071055819588,0.895243615823,2.0,21.0,,,6.0,6.0
2025-08-20 00:00:00,0.0,0.0,-3.202886223793,-3.202886223793,3.98953962326,0.786653399467,0.08095777834,0.08095777834,-0.198059570434,-0.198059570434,-0.087242691038,-0.087242691038,0.08095777834,0.13927045177,0.596280069349,2.0,10.0,,32.0,3.0,3.0
2025-08-20 04:00:00,,,-5.983375370502,-5.983375370502,6.74442666769,0.761051297188,0.062758865491,0.062758865491,,,-0.569781627946,-0.569781627946,0.062758865491,0.037202380952,0.716983065489,1.0,15.0,,,6.0,6.0
2025-08-20 08:00:00,,,-0.142237365246,-0.142237365246,0.860173463821,0.717936098576,0.041503373355,0.041503373355,,,0.438200700609,0.438200700609,0.041503373355,0.0,0.196406992676,0.0,7.0,,,1.0,1.0
2025-08-20 12:00:00,,,-1.950014173985,-1.950014173985,3.364339888096,1.414325714111,0.066685874965,0.066685874965,,,0.420573532138,0.420573532138,0.066685874965,0.0,0.229755446751,0.0,9.0,14917.0,,1.0,1.0
2025-08-20 16:00:00,,,-0.344479262829,-0.344479262829,5.200614213943,4.856134951115,-0.26902696909,-0.26902696909,,,0.22508053409,0.22508053409,-0.26902696909,0.052412974684,0.989869151342,2.0,30.0,,,14.0,14.0
2025-08-20 20:00:00,,,-1.742097437382,-1.742097437382,1.742097437382,0.0,0.12120471857,0.12120471857,,,0.257476727179,0.257476727179,0.12120471857,0.0,0.458856261137,0.0,11.0,,,2.0,2.0
2025-08-21 00:00:00,0.0,0.0,-0.697441756725,-0.697441756725,2.398931145668,1.701489388943,0.134300912409,0.134300912409,0.336978222874,0.336978222874,0.20892385041,0.20892385041,0.134300912409,0.0,0.840187174192,0.0,16.0,,35.0,6.0,6.0
2025-08-21 04:00:00,,,-0.79805880785,-0.79805880785,0.79805880785,0.0,-0.207234070874,-0.207234070874,,,0.183136538248,0.183136538248,-0.207234070874,0.040064102564,0.330194446148,1.0,7.0,,,4.0,4.0
2025-08-21 08:00:00,,,3.287147939205,3.287147939205,0.0,3.287147939205,0.128036879933,0.128036879933,,,0.484206419441,0.484206419441,0.128036879933,0.062526607067,0.36622510744,2.0,9.0,,,2.0,1.0
2025-08-21 12:00:00,,,1.387090444565,1.387090444565,4.842041134834,6.229131579399,-0.096864240445,-0.096864240445,,,-0.128043969147,-0.128043969147,-0.096864240445,0.0,1.048205089607,0.0,35.0,15024.0,,12.0,11.0
2025-08-21 16:00:00,,,-9.416849911213,-9.416849911213,10.33974313736,0.922893226147,-0.057493814134,-0.057493814134,,,-0.657091018946,-0.657091018946,-0.057493814134,0.0,1.044334544135,0.0,29.0,,,3.0,3.0
2025-08-21 20:00:00,,,-1.758064508438,-1.758064508438,4.091219365597,2.333154857159,-0.032652292259,-0.032652292259,,,-0.072286154444,-0.072286154444,-0.032652292259,0.0,1.129689074366,0.0,22.0,,,6.0,6.0
2025-08-22 00:00:00,0.0,0.0,-4.18697655201,-4.18697655201,6.401638805866,2.214662253857,0.011943444,0.011943444,-1.435785150983,-1.435785150983,-0.484216712583,-0.484216712583,0.011943444,0.0,1.747347663507,0.0,31.0,,38.0,9.0,9.0
2025-08-22 04:00:00,,,-0.180897891521,-0.180897891521,1.67405295372,1.493155062199,0.064726692658,0.064726692658,,,0.527699309753,0.527699309753,0.064726692658,0.0,0.412915703442,0.0,9.0,,,5.0,5.0
2025-08-22 08:00:00,,,-2.478158891201,-2.478158891201,2.478158891201,0.0,0.056479497169,0.056479497169,,,0.245727482318,0.245727482318,0.056479497169,0.0,0.310905242441,0.0,8.0,,,1.0,1.0
2025-08-22 12:00:00,,,-5.674037992954,-5.674037992954,7.321676075459,1.647638082504,-0.294174679931,-0.294174679931,,,-0.356371453709,-0.356371453709,-0.294174679931,0.015432098765,0.499578400925,1.0,20.0,15134.0,,6.0,6.0
2025-08-22 16:00:00,,,-2.516870260239,-2.516870260239,5.542341113091,3.025470852852,0.178895279689,0.178895279689,,,0.67733192472,0.67733192472,0.178895279689,0.04626440647,0.815421424604,3.0,27.0,,,11.0,11.0
2025-08-22 20:00:00,,,-5.335870027542,-5.335870027542,6.997461616993,1.661591589451,-0.02747617935,-0.02747617935,,,-0.756414895656,-0.756414895656,-0.02747617935,0.0,0.527422343788,0.0,16.0,,,6.0,6.0
2025-08-23 00:00:00,0.0,0.0,-3.769435584545,-3.769435584545,3.769435584545,0.0,-0.006710167669,-0.006710167669,-0.814823718633,-0.814823718633,-0.287993699668,-0.287993699668,-0.006710167669,0.0,0.554166013725,0.0,9.0,,29.0,3.0,3.0
2025-08-23 04:00:00,,,-4.087819755077,-4.087819755077,4.95801872015,0.870198965073,-0.069353309964,-0.069353309964,,,0.157098468295,0.157098468295,-0.069353309964,0.0,0.689941385503,0.0,13.0,,,2.0,2.0
2025-08-23 08:00:00,,,-2.611965239048,-2.611965239048,2.611965239048,0.0,0.128036879933,0.128036879933,,,0.285533987195,0.285533987195,0.128036879933,0.0,0.560684726748,0.0,11.0,,,3.0,2.0
2025-08-23 12:00:00,,,-0.658082842827,-0.658082842827,1.504892885685,0.846810042858,-0.203195847762,-0.203195847762,,,0.225197840087,0.225197840087,-0.203195847762,0.071382518191,0.373451978703,2.0,8.0,15213.0,,3.0,3.0
2025-08-23 16:00:00,,,-3.218547582626,-3.218547582626,4.000827312469,0.782279729843,-0.014632873312,-0.014632873312,,,-0.577908316173,-0.577908316173,-0.014632873312,0.0,1.006041472061,0.0,20.0,,,11.0,11.0
2025-08-23 20:00:00,,,-6.58797711134,-6.58797711134,8.093272447586,1.505295336246,0.087993650477,0.087993650477,,,-0.623407763909,-0.623407763909,0.087993650477,0.0,0.818790317204,0.0,17.0,,,5.0,5.0
2025-08-24 00:00:00,0.0,0.0,-2.522316396236,-2.522316396236,3.293458402157,0.77114200592,0.0326094999,0.0326094999,-0.074805850993,-0.074805850993,0.351734293049,0.351734293049,0.0326094999,0.0,0.521067330755,0.0,9.0,,22.0,1.0,1.0
2025-08-24 04:00:00,,,-1.567256748676,-1.567256748676,2.386385977268,0.819129228592,0.0,0.0,,,0.314638272399,0.314638272399,0.0,0.027056277056,0.348108340099,1.0,9.0,,,1.0,1.0
2025-08-24 08:00:00,,,-1.912963449955,-1.912963449955,3.46916270256,1.556199252605,-0.101362529947,-0.101362529947,,,-0.289649662989,-0.289649662989,-0.101362529947,0.0,0.67388917486,0.0,11.0,,,5.0,3.0
2025-08-24 12:00:00,,,-4.256816387177,-4.256816387177,6.704525828362,2.447709441185,-0.006792682952,-0.006792682952,,,0.206112932486,0.206112932486,-0.006792682952,0.0,0.545353986546,0.0,15.0,15297.0,,2.0,2.0
2025-08-24 16:00:00,,,-0.299690783024,-0.299690783024,3.252260088921,2.952569305897,0.151590518741,0.151590518741,,,0.056245973784,0.056245973784,0.151590518741,0.047348484848,0.454330139058,2.0,19.0,,,5.0,5.0
2025-08-24 20:00:00,,,-7.824929952621,-7.824929952621,9.39624106884,1.571311116219,-0.235382493848,-0.235382493848,,,-0.987604935295,-0.987604935295,-0.235382493848,0.0,0.735927470456,0.0,21.0,,,7.0,7.0
2025-08-25 00:00:00,0.0,0.0,1.403821527958,1.403821527958,0.818063676357,2.221885204315,0.222240308539,0.222240308539,0.873573752133,0.873573752133,0.709001377084,0.709001377084,0.222240308539,0.0,0.426129272633,0.0,10.0,,22.0,6.0,6.0
2025-08-25 04:00:00,,,-1.773198723793,-1.773198723793,2.538842260838,0.765643537045,-0.17978990414,-0.17978990414,,,0.253978542557,0.253978542557,-0.17978990414,0.039308176101,0.493435611228,1.0,12.0,,,2.0,2.0
2025-08-25 08:00:00,,,-0.841324567795,-0.841324567795,2.392143547535,1.55081897974,0.122702009936,0.122702009936,,,0.391872569206,0.391872569206,0.122702009936,0.0,0.276685978671,0.0,10.0,,,1.0,0.0
2025-08-25 12:00:00,,,-2.538172900677,-2.538172900677,2.538172900677,0.0,-0.109364834943,-0.109364834943,,,-0.151708644423,-0.151708644423,-0.109364834943,0.0,0.343590788613,0.0,13.0,15344.0,,7.0,6.0
2025-08-25 16:00:00,,,-1.798765003681,-1.798765003681,1.798765003681,0.0,0.029921361313,0.029921361313,,,0.309412637027,0.309412637027,0.029921361313,0.0,0.192694065589,0.0,6.0,,,2.0,2.0
2025-08-25 20:00:00,,,-0.95463591814,-0.95463591814,3.445037543774,2.490401625633,0.214884198443,0.214884198443,,,0.659313037163,0.659313037163,0.214884198443,0.0,0.728724898548,0.0,22.0,,,4.0,4.0
2025-08-26 00:00:00,0.0,0.0,-2.525269627571,-2.525269627571,2.525269627571,0.0,-0.118408346713,-0.118408346713,0.057695762476,0.057695762476,0.138999503165,0.138999503165,-0.118408346713,0.0,0.222008659509,0.0,5.0,,17.0,1.0,1.0
2025-08-26 04:00:00,,,-0.859671890736,-0.859671890736,0.859671890736,0.0,0.034676654982,0.034676654982,,,0.33138849992,0.33138849992,0.034676654982,0.08633493838,0.177268746166,3.0,5.0,,,0.0,0.0
2025-08-26 08:00:00,,,-2.153908848763,-2.153908848763,5.222479641438,3.068570792675,-0.072020744962,-0.072020744962,,,0.263502662072,0.263502662072,-0.072020744962,0.0,0.453972470111,0.0,12.0,,,2.0,2.0
2025-08-26 12:00:00,,,-1.950489938259,-1.950489938259,2.786977171898,0.836487233639,-0.042678959978,-0.042678959978,,,0.090297931529,0.090297931529,-0.042678959978,0.0,0.168011736486,0.0,7.0,15394.0,,2.0,2.0
2025-08-26 16:00:00,,,-10.547863602638,-10.547863602638,10.547863602638,0.0,0.053294431277,0.053294431277,,,-1.212749735443,-1.212749735443,0.053294431277,0.0,0.613816292226,0.0,23.0,,,5.0,5.0
2025-08-26 20:00:00,,,-3.369070887566,-3.369070887566,3.369070887566,0.0,-0.036812049809,-0.036812049809,,,-0.492484651605,-0.492484651605,-0.036812049809,0.0,0.503266939842,0.0,13.0,,,7.0,7.0
2025-08-27 00:00:00,0.0,0.0,-1.738632023335,-1.738632023335,2.442815065384,0.704183042049,0.045925404711,0.045925404711,-0.022611903709,-0.022611903709,0.122613446383,0.122613446383,0.045925404711,0.0,0.627795758008,0.0,12.0,,20.0,2.0,2.0
2025-08-27 04:00:00,,,-1.029413282871,-1.029413282871,2.505995631218,1.476582348347,0.151619035653,0.151619035653,,,0.396606869463,0.396606869463,0.151619035653,0.059194635139,0.318800849649,2.0,8.0,,,2.0,2.0
2025-08-27 08:00:00,,,-2.370315372944,-2.370315372944,4.039620101452,1.669304728508,-0.105959572603,-0.105959572603,,,0.246996302284,0.246996302284,-0.105959572603,0.020424836601,0.389756274606,1.0,11.0,,,4.0,4.0
2025-08-27 12:00:00,,,-8.467954397202,-8.467954397202,10.804822385311,2.33686798811,-0.177427586552,-0.177427586552,,,-1.577468651303,-1.577468651303,-0.177427586552,0.0,0.658422353078,0.0,27.0,15448.0,,8.0,8.0
2025-08-27 16:00:00,,,-2.75887298584,-2.75887298584,2.75887298584,0.0,0.120443273103,0.120443273103,,,0.154360270912,0.154360270912,0.120443273103,0.0,0.202856011959,0.0,8.0,,,2.0,2.0
2025-08-27 20:00:00,,,-2.910412669182,-2.910412669182,5.27004557848,2.359632909298,0.117408293918,0.117408293918,,,0.15363116506,0.15363116506,0.117408293918,0.026371308017,0.433042666183,1.0,12.0,,,2.0,2.0
2025-08-28 00:00:00,0.0,0.0,-2.621492147446,-2.621492147446,2.621492147446,0.0,0.019233661147,0.019233661147,-0.299110412804,-0.299110412804,0.148718089725,0.148718089725,0.019233661147,0.0,0.342805513,0.0,7.0,,25.0,3.0,3.0
2025-08-28 04:00:00,,,-1.695657074451,-1.695657074451,3.200091660023,1.504434585571,0.036321617474,0.036321617474,,,0.131249219432,0.131249219432,0.036321617474,0.0,0.470392865023,0.0,14.0,,,4.0,4.0
2025-08-28 08:00:00,,,-2.450601816177,-2.450601816177,5.590878009796,3.140276193619,0.145672327814,0.145672327814,,,0.167801688918,0.167801688918,0.145672327814,0.0,0.674310963969,0.0,20.0,,,3.0,3.0
2025-08-28 12:00:00,,,-1.921288728714,-1.921288728714,3.349831998348,1.428543269634,-0.118039516292,-0.118039516292,,,0.155165875429,0.155165875429,-0.118039516292,0.014988009592,0.23742817179,1.0,13.0,15500.0,,3.0,3.0
2025-08-28 16:00:00,,,-6.232137143612,-6.232137143612,6.232137143612,0.0,-0.137390404939,-0.137390404939,,,-0.2280209962,-0.2280209962,-0.137390404939,0.0,0.43900811098,0.0,15.0,,,4.0,4.0
2025-08-28 20:00:00,,,-3.470644295216,-3.470644295216,4.248052060604,0.777407765388,0.007232361112,0.007232361112,,,-0.214142873458,-0.214142873458,0.007232361112,0.0,0.778730553064,0.0,19.0,,,8.0,8.0
2025-08-29 00:00:00,0.0,0.0,1.753029108047,1.753029108047,1.491475343704,3.244504451752,0.237024985917,0.237024985917,0.75525975553,0.75525975553,0.495953445895,0.495953445895,0.237024985917,0.100532945736,0.624845046428,2.0,11.0,,17.0,5.0,5.0
2025-08-29 04:00:00,,,-0.256707489491,-0.256707489491,3.414015829563,3.157308340073,-0.124254924914,-0.124254924914,,,0.035421794407,0.035421794407,-0.124254924914,0.061379928315,0.540284033111,2.0,13.0,,,5.0,5.0
2025-08-29 08:00:00,,,-5.959696054459,-5.959696054459,6.843642473221,0.883946418762,-0.072291161362,-0.072291161362,,,0.108973466776,0.108973466776,-0.072291161362,0.0,0.523531757649,0.0,16.0,,,1.0,1.0
2025-08-29 12:00:00,,,-0.333812236786,-0.333812236786,4.102126955986,3.7683147192,-0.106793725074,-0.106793725074,,,0.170476994587,0.170476994587,-0.106793725074,0.0,0.433318406607,0.0,17.0,15552.0,,2.0,2.0
2025-08-29 16:00:00,,,-3.304380357265,-3.304380357265,5.84446901083,2.540088653564,0.102976759137,0.102976759137,,,0.161616419086,0.161616419086,0.102976759137,0.0,0.720551746121,0.0,21.0,,,4.0,4.0
2025-08-29 20:00:00,,,-2.426418840885,-2.426418840885,2.426418840885,0.0,-0.043911296533,-0.043911296533,,,0.218882355768,0.218882355768,-0.043911296533,0.0,0.228912385584,0.0,6.0,,,1.0,1.0
2025-08-30 00:00:00,0.0,0.0,-4.968703269958,-4.968703269958,4.968703269958,0.0,0.054025526982,0.054025526982,0.667830832166,0.667830832166,0.138393127774,0.138393127774,0.054025526982,0.0,0.547112757187,0.0,9.0,,14.0,2.0,2.0
2025-08-30 04:00:00,,,-0.921829223633,-0.921829223633,1.687991201878,0.766161978245,0.041282701757,0.041282701757,,,0.299868552318,0.299868552318,0.041282701757,0.0,0.389022095753,0.0,8.0,,,1.0,1.0
2025-08-30 08:00:00,,,-1.763516426086,-1.763516426086,2.500069081783,0.736552655697,0.040011524979,0.040011524979,,,0.155499849649,0.155499849649,0.040011524979,0.0,0.507904646608,0.0,14.0,,,3.0,3.0
2025-08-30 12:00:00,,,-2.355194926262,-2.355194926262,3.087044894695,0.731849968433,-0.023935821338,-0.023935821338,,,0.37963315154,0.37963315154,-0.023935821338,0.0,0.203063129703,0.0,7.0,15605.0,,2.0,2.0
2025-08-30 16:00:00,,,-5.63691163063,-5.63691163063,5.63691163063,0.0,-0.247654725553,-0.247654725553,,,-0.39354814498,-0.39354814498,-0.247654725553,0.0,0.394225411858,0.0,10.0,,,3.0,3.0
2025-08-30 20:00:00,,,1.376708209515,1.376708209515,1.711638152599,3.088346362114,0.205299703703,0.205299703703,,,0.486832375202,0.486832375202,0.205299703703,0.045289855072,0.349586519346,1.0,10.0,,,3.0,3.0
2025-08-31 00:00:00,0.0,0.0,-1.508028745651,-1.508028745651,2.268555045128,0.760526299477,-0.137235784187,-0.137235784187,0.346166128696,0.346166128696,0.063721570482,0.063721570482,-0.137235784187,0.0,0.479029992377,0.0,8.0,,13.0,1.0,1.0
2025-08-31 04:00:00,,,-2.455208301544,-2.455208301544,3.173425734043,0.718217432499,0.119507897762,0.119507897762,,,0.353348677412,0.353348677412,0.119507897762,0.0,0.323854301621,0.0,8.0,,,0.0,0.0
2025-08-31 08:00:00,,,-1.797143042088,-1.797143042088,1.797143042088,0.0,-0.034676654982,-0.034676654982,,,0.197427340955,0.197427340955,-0.034676654982,0.034722222222,0.131213450292,1.0,3.0,,,1.0,1.0
2025-08-31 12:00:00,,,-7.375834643841,-7.375834643841,7.375834643841,0.0,-0.143101600052,-0.143101600052,,,-0.355542090256,-0.355542090256,-0.143101600052,0.040064102564,0.527867640856,1.0,17.0,15646.0,,2.0,2.0
2025-08-31 16:00:00,,,-1.952859044075,-1.952859044075,2.667725205421,0.714866161346,0.071105200734,0.071105200734,,,-0.540887806128,-0.540887806128,0.071105200734,0.0,0.513100511393,0.0,13.0,,,5.0,5.0
2025-08-31 20:00:00,,,-6.683609545231,-6.683609545231,7.399373829365,0.715764284134,-0.056016134971,-0.056016134971,,,-1.46432914397,-1.46432914397,-0.056016134971,0.0,0.738062868994,0.0,19.0,,,4.0,4.0
2025-09-01 00:00:00,0.0,0.0,-2.592304348946,-2.592304348946,3.382846057415,0.790541708469,0.04680022332,0.04680022332,0.580493840187,0.580493840187,-0.426574229707,-0.426574229707,0.04680022332,0.0,0.415730107173,0.0,11.0,,18.0,4.0,4.0
2025-09-01 04:00:00,,,-3.849530875683,-3.849530875683,4.726036548615,0.876505672932,0.073136863316,0.073136863316,,,-0.401055470776,-0.401055470776,0.073136863316,0.017361111111,0.355616770083,1.0,10.0,,,3.0,3.0
2025-09-01 08:00:00,,,2.579529821873,2.579529821873,0.755642831326,3.335172653198,0.066369662209,0.066369662209,,,0.420626851968,0.420626851968,0.066369662209,0.015318627451,0.28093514307,1.0,10.0,,,2.0,2.0
2025-09-01 12:00:00,,,-0.017449736595,-0.017449736595,0.748909115791,0.731459379196,-0.152692178522,-0.152692178522,,,0.295624251679,0.295624251679,-0.152692178522,0.0,0.238516467926,0.0,11.0,15687.0,,2.0,2.0
2025-09-01 16:00:00,,,-4.138390362263,-4.138390362263,7.363246262074,3.224855899811,-0.043255002763,-0.043255002763,,,-0.572016766081,-0.572016766081,-0.043255002763,0.0,0.641892420007,0.0,23.0,,,3.0,3.0
2025-09-01 20:00:00,,,-4.235200881958,-4.235200881958,5.680072188377,1.444871306419,0.049774117942,0.049774117942,,,-0.530018864112,-0.530018864112,0.049774117942,0.053418803419,0.487870588173,1.0,17.0,,,4.0,4.0
2025-09-02 00:00:00,0.0,0.0,0.0,0.0,0.0,0.0,0.084594818767,0.084594818767,0.561686673678,0.561686673678,0.444491248613,0.444491248613,0.084594818767,0.035310734463,0.180384498988,1.0,5.0,,19.0,1.0,1.0
2025-09-02 04:00:00,,,0.096170961857,0.096170961857,3.288746535778,3.384917497635,-0.256159340118,-0.256159340118,,,0.233425596747,0.233425596747,-0.256159340118,0.0,0.632713343338,0.0,16.0,,,3.0,3.0
2025-09-02 08:00:00,,,-0.993449568748,-0.993449568748,3.177032351494,2.183582782745,0.268241281898,0.268241281898,,,0.268885498003,0.268885498003,0.268241281898,0.013020833333,0.507078864043,1.0,17.0,,,4.0,4.0
2025-09-02 12:00:00,,,-7.609196543694,-7.609196543694,8.350066661835,0.740870118141,-0.34408007923,-0.34408007923,,,-1.462059115589,-1.462059115589,-0.34408007923,0.0,0.621581773464,0.0,28.0,15780.0,,8.0,8.0
2025-09-02 16:00:00,,,-4.38413977623,-4.38413977623,6.164278805256,1.780139029026,0.226070225621,0.226070225621,,,0.097909103967,0.097909103967,0.226070225621,0.0,0.409020399787,0.0,16.0,,,2.0,2.0
2025-09-02 20:00:00,,,0.71286213398,0.71286213398,0.782006204128,1.494868338108,0.119880519629,0.119880519629,,,0.588885075687,0.588885075687,0.119880519629,0.050468637347,0.425458552722,2.0,11.0,,,1.0,1.0
2025-09-03 00:00:00,0.0,0.0,-0.871382117271,-0.871382117271,2.364634633064,1.493252515793,-0.131507015593,-0.131507015593,0.414006312907,0.414006312907,0.286827697206,0.286827697206,-0.131507015593,0.0,0.511668890014,0.0,13.0,,19.0,4.0,4.0
2025-09-03 04:00:00,,,0.0,0.0,0.0,0.0,0.033044129757,0.033044129757,,,0.469095277487,0.469095277487,0.033044129757,0.0,0.049519456165,0.0,2.0,,,1.0,1.0
2025-09-03 08:00:00,,,-0.844544172287,-0.844544172287,1.71043586731,0.865891695023,0.0,0.0,,,0.451381050712,0.451381050712,0.0,0.0,0.188757013548,0.0,8.0,,,0.0,0.0
2025-09-03 12:00:00,,,-5.882041454315,-5.882041454315,8.984717965126,3.102676510811,-0.186139521546,-0.186139521546,,,-0.244603275678,-0.244603275678,-0.186139521546,0.0,0.563979804627,0.0,27.0,15823.0,,5.0,5.0
2025-09-03 16:00:00,,,-4.807224094868,-4.807224094868,8.880442738533,4.073218643665,-0.029106245323,-0.029106245323,,,-1.57109440886,-1.57109440886,-0.029106245323,0.0,0.46147539667,0.0,22.0,,,7.0,7.0
2025-09-03 20:00:00,,,-1.587216556072,-1.587216556072,1.587216556072,0.0,0.148927193006,0.148927193006,,,0.218366256317,0.218366256317,0.148927193006,0.0,0.31100217353,0.0,10.0,,,2.0,2.0
2025-09-04 00:00:00,0.0,0.0,-4.458556413651,-4.458556413651,5.9674680233,1.50891160965,0.016004609992,0.016004609992,0.444009449771,0.444009449771,0.108450214815,0.108450214815,0.016004609992,0.0,0.665360649813,0.0,16.0,,12.0,2.0,2.0
2025-09-04 04:00:00,,,-2.834077596664,-2.834077596664,2.834077596664,0.0,-0.040011524979,-0.040011524979,,,0.205633930439,0.205633930439,-0.040011524979,0.0,0.381437935874,0.0,9.0,,,2.0,2.0
2025-09-04 08:00:00,,,-3.818640947342,-3.818640947342,3.818640947342,0.0,-0.109364834943,-0.109364834943,,,0.188618257369,0.188618257369,-0.109364834943,0.037109375,0.269019678158,2.0,10.0,,,1.0,1.0
2025-09-04 12:00:00,,,-3.434859097004,-3.434859097004,4.965369343758,1.530510246754,0.057775453246,0.057775453246,,,0.074327543702,0.074327543702,0.057775453246,0.0,0.339602697336,0.0,16.0,15853.0,,3.0,3.0
2025-09-04 16:00:00,,,-5.818331956863,-5.818331956863,6.674317836761,0.855985879898,0.050413966796,0.050413966796,,,-0.097186232087,-0.097186232087,0.050413966796,0.0,0.413183607679,0.0,17.0,,,2.0,2.0
2025-09-04 20:00:00,,,-1.433706581593,-1.433706581593,2.168990314007,0.735283732414,-0.040011524979,-0.040011524979,,,0.221249002518,0.221249002518,-0.040011524979,0.0,0.228777151246,0.0,7.0,,,2.0,2.0
2025-09-05 00:00:00,0.0,0.0,-1.126378893852,-1.126378893852,1.84053426981,0.714155375957,0.113853445818,0.113853445818,-0.106008143035,-0.106008143035,0.334963606939,0.334963606939,0.113853445818,0.0,0.171294034157,0.0,5.0,,21.0,1.0,1.0
2025-09-05 04:00:00,,,-5.053035080433,-5.053035080433,5.801453530788,0.748418450356,-0.291006658887,-0.291006658887,,,-0.179182542859,-0.179182542859,-0.291006658887,0.023946360153,0.519932308057,1.0,15.0,,,3.0,3.0
2025-09-05 08:00:00,,,-2.627702474594,-2.627702474594,3.486028730869,0.858326256275,0.053100310574,0.053100310574,,,-0.015352546242,-0.015352546242,0.053100310574,0.009645061728,0.430021050739,1.0,17.0,,,4.0,4.0
2025-09-05 12:00:00,,,-0.04328930378,-0.04328930378,1.632589757442,1.589300453663,0.195019100259,0.195019100259,,,0.332973791656,0.332973791656,0.195019100259,0.008300132802,0.191457435678,1.0,9.0,15884.0,,1.0,1.0
2025-09-05 16:00:00,,,-4.485335350037,-4.485335350037,5.190334022045,0.704998672009,-0.246274470438,-0.246274470438,,,-0.109124553865,-0.109124553865,-0.246274470438,0.0,0.271471857884,0.0,13.0,,,5.0,5.0
2025-09-05 20:00:00,,,-5.744605779648,-5.744605779648,6.58909791708,0.844492137432,-0.102699028656,-0.102699028656,,,-0.567028162953,-0.567028162953,-0.102699028656,0.031155539057,0.578679690035,2.0,20.0,,,7.0,7.0
2025-09-06 00:00:00,0.0,0.0,-1.709953725338,-1.709953725338,1.709953725338,0.0,0.215772546364,0.215772546364,0.631111141219,0.631111141219,0.292169232261,0.292169232261,0.215772546364,0.0,0.352609663221,0.0,7.0,,21.0,1.0,1.0
2025-09-06 04:00:00,,,-3.300092995167,-3.300092995167,3.300092995167,0.0,-0.043484506659,-0.043484506659,,,0.336988703521,0.336988703521,-0.043484506659,0.0,0.280682550221,0.0,9.0,,,1.0,1.0
2025-09-06 08:00:00,,,-5.225929439068,-5.225929439068,6.003578007221,0.777648568153,-0.045346394976,-0.045346394976,,,-0.032105312632,-0.032105312632,-0.045346394976,0.019113149847,0.444102818909,1.0,13.0,,,2.0,2.0
2025-09-06 12:00:00,,,0.389693200588,0.389693200588,5.042985916138,5.432679116726,0.104714030241,0.104714030241,,,0.574885742327,0.574885742327,0.104714030241,0.050574822154,0.878701808867,3.0,27.0,15960.0,,13.0,13.0
2025-09-06 16:00:00,,,-0.066838681698,-0.066838681698,1.598316907883,1.531478226185,-0.039694686606,-0.039694686606,,,0.260027637166,0.260027637166,-0.039694686606,0.031075560977,0.372604560926,2.0,10.0,,,3.0,3.0
2025-09-06 20:00:00,,,-0.144452869892,-0.144452869892,0.965333223343,0.820880353451,0.106150482602,0.106150482602,,,0.27041521739,0.27041521739,0.106150482602,0.036549707602,0.25078724807,1.0,6.0,,,1.0,1.0
2025-09-07 00:00:00,0.0,0.0,-4.813279569149,-4.813279569149,5.564954519272,0.751674950123,-0.222120724587,-0.222120724587,0.159825216935,0.159825216935,-0.393989637579,-0.393989637579,-0.222120724587,0.07183908046,1.316714649292,1.0,17.0,,21.0,6.0,6.0
2025-09-07 04:00:00,,,0.99985152483,0.99985152483,1.543317019939,2.543168544769,0.249088568209,0.249088568209,,,0.26768262599,0.26768262599,0.249088568209,0.0,0.347278851914,0.0,7.0,,,1.0,1.0
2025-09-07 08:00:00,,,-2.483850717545,-2.483850717545,4.008027076721,1.524176359177,-0.232492275278,-0.232492275278,,,0.174003907053,0.174003907053,-0.232492275278,0.030637254902,0.561231283711,1.0,10.0,,,1.0,1.0
2025-09-07 12:00:00,,,-1.776751279831,-1.776751279831,1.776751279831,0.0,0.042261253001,0.042261253001,,,0.088692841079,0.088692841079,0.042261253001,0.030513468013,0.424818472811,2.0,11.0,16065.0,,2.0,2.0
2025-09-07 16:00:00,,,-4.125888228416,-4.125888228416,4.948806464672,0.822918236256,0.137803465561,0.137803465561,,,0.326796628045,0.326796628045,0.137803465561,0.046296296296,0.583219250048,2.0,16.0,,,3.0,3.0
2025-09-07 20:00:00,,,-3.455791294575,-3.455791294575,5.88484442234,2.429053127766,0.063397930126,0.063397930126,,,-0.561669634932,-0.561669634932,0.063397930126,0.0,0.749998945926,0.0,17.0,,,8.0,8.0
2025-09-08 00:00:00,0.0,0.0,-3.882027328014,-3.882027328014,4.724192202091,0.842164874077,-0.009053223513,-0.009053223513,-0.785122596896,-0.785122596896,0.246450962373,0.246450962373,-0.009053223513,0.017806267806,0.482018651427,1.0,9.0,,26.0,1.0,1.0
2025-09-08 04:00:00,,,-0.933359742165,-0.933359742165,1.771208941936,0.837849199772,-0.082791744069,-0.082791744069,,,0.148193150262,0.148193150262,-0.082791744069,0.056306306306,0.40621993747,1.0,6.0,,,2.0,2.0
2025-09-08 08:00:00,,,-2.295558512211,-2.295558512211,4.017136454582,1.721577942371,-0.117108758068,-0.117108758068,,,-0.438649042254,-0.438649042254,-0.117108758068,0.150458388141,0.568812913967,7.0,19.0,,,9.0,10.0
2025-09-08 12:00:00,,,-4.96583044529,-4.96583044529,5.744792103767,0.778961658478,0.060776624429,0.060776624429,,,-0.504995000349,-0.504995000349,0.060776624429,0.060161646292,0.44437739219,4.0,16.0,16154.0,,3.0,3.0
2025-09-08 16:00:00,,,-5.834479153156,-5.834479153156,6.565829336643,0.731350183487,-0.219412161863,-0.219412161863,,,-0.788290579083,-0.788290579083,-0.219412161863,0.013982102908,0.462664133461,1.0,16.0,,,7.0,7.0
2025-09-08 20:00:00,,,-3.532772362232,-3.532772362232,5.142122149467,1.609349787235,0.046999836662,0.046999836662,,,-0.406562597478,-0.406562597478,0.046999836662,0.0,0.655776088835,0.0,17.0,,,4.0,4.0
2025-09-09 00:00:00,0.0,0.0,-4.712799370289,-4.712799370289,4.712799370289,0.0,0.078285319681,0.078285319681,-1.304718252595,-1.304718252595,-0.35913916872,-0.35913916872,0.078285319681,0.012327416174,0.520708604826,1.0,10.0,,26.0,4.0,4.0
2025-09-09 04:00:00,,,-4.084172010422,-4.084172010422,4.804459691048,0.720287680626,0.102252180105,0.102252180105,,,-0.544717615128,-0.544717615128,0.102252180105,0.0,0.428298458407,0.0,10.0,,,3.0,3.0
2025-09-09 08:00:00,,,-3.638087689877,-3.638087689877,5.071715474129,1.433627784252,-0.009316140867,-0.009316140867,,,-0.243101416537,-0.243101416537,-0.009316140867,0.044802867384,0.343815449623,2.0,11.0,,,4.0,4.0
2025-09-09 12:00:00,,,-6.013203918934,-6.013203918934,6.763756275177,0.750552356243,-0.235183978186,-0.235183978186,,,-0.695236632881,-0.695236632881,-0.235183978186,0.020965141512,0.429138298769,2.0,18.0,16218.0,,7.0,7.0
2025-09-09 16:00:00,,,-2.342268764973,-2.342268764973,2.342268764973,0.0,0.180679550995,0.180679550995,,,0.226779892304,0.226779892304,0.180679550995,0.0,0.275480667714,0.0,11.0,,,4.0,4.0
2025-09-09 20:00:00,,,-4.109183013439,-4.109183013439,4.109183013439,0.0,-0.034481609743,-0.034481609743,,,-0.032756507246,-0.032756507246,-0.034481609743,0.027056277056,0.548950076302,1.0,16.0,,,4.0,4.0
2025-09-10 00:00:00,0.0,0.0,-1.635037720203,-1.635037720203,1.635037720203,0.0,0.146543953902,0.146543953902,-0.929382387923,-0.929382387923,0.531969421962,0.531969421962,0.146543953902,0.0,0.211103825134,0.0,5.0,,24.0,1.0,1.0
2025-09-10 04:00:00,,,-5.809093475342,-5.809093475342,5.809093475342,0.0,-0.218023215914,-0.218023215914,,,-0.590363551046,-0.590363551046,-0.218023215914,0.104166666667,0.570285433651,1.0,14.0,,,6.0,6.0
2025-09-10 08:00:00,,,-0.752121388912,-0.752121388912,1.538801193237,0.786679804325,0.103047518196,0.103047518196,,,0.547034996562,0.547034996562,0.103047518196,0.0,0.252744498496,0.0,9.0,,,1.0,1.0
2025-09-10 12:00:00,,,-9.209592044353,-9.209592044353,10.784406781197,1.574814736843,-0.067943217498,-0.067943217498,,,-1.721556937344,-1.721556937344,-0.067943217498,0.04816055678,0.535778579102,3.0,24.0,16248.0,,11.0,11.0
2025-09-10 16:00:00,,,-3.455625414848,-3.455625414848,4.204073250294,0.748447835445,0.042210428109,0.042210428109,,,0.251156552733,0.251156552733,0.042210428109,0.0,0.414774876799,0.0,14.0,,,2.0,2.0
2025-09-10 20:00:00,,,-2.582660019398,-2.582660019398,3.301285207272,0.718625187874,0.014459264078,0.014459264078,,,0.19092739623,0.19092739623,0.014459264078,0.0,0.679421835823,0.0,15.0,,,3.0,3.0
2025-09-11 00:00:00,0.0,0.0,-3.879165053368,-3.879165053368,3.879165053368,0.0,0.043860605676,0.043860605676,0.154002267176,0.154002267176,0.425214931587,0.425214931587,0.043860605676,0.0,0.330780823558,0.0,8.0,,22.0,2.0,2.0
2025-09-11 04:00:00,,,-3.293082475662,-3.293082475662,3.293082475662,0.0,-0.117561881781,-0.117561881781,,,0.289271735842,0.289271735842,-0.117561881781,0.0,0.370128157489,0.0,10.0,,,2.0,2.0
2025-09-11 08:00:00,,,-3.902740478516,-3.902740478516,3.902740478516,0.0,0.118188442881,0.118188442881,,,0.217008630915,0.217008630915,0.118188442881,0.013616557734,0.373615530705,1.0,14.0,,,3.0,3.0
2025-09-11 12:00:00,,,-0.826636373997,-0.826636373997,1.541099905968,0.714463531971,-0.108410518143,-0.108410518143,,,0.301289018684,0.301289018684,-0.108410518143,0.043616584565,0.380891297459,3.0,15.0,16262.0,,6.0,6.0
2025-09-11 16:00:00,,,-3.48287653923,-3.48287653923,5.089985370636,1.607108831406,0.162370393437,0.162370393437,,,-0.050364385068,-0.050364385068,0.162370393437,0.062616423494,0.483985426412,4.0,17.0,,,8.0,8.0
2025-09-11 20:00:00,,,0.897060334682,0.897060334682,0.733504831791,1.630565166473,-0.024169539268,-0.024169539268,,,0.507765858396,0.507765858396,-0.024169539268,0.0,0.249155741323,0.0,8.0,,,1.0,1.0
2025-09-12 00:00:00,0.0,0.0,-2.559921860695,-2.559921860695,2.559921860695,0.0,-0.194722754898,-0.194722754898,0.594406672581,0.594406672581,0.111190599984,0.111190599984,-0.194722754898,0.048449612403,0.471111901951,1.0,11.0,,18.0,4.0,4.0
2025-09-12 04:00:00,,,-1.129605948925,-1.129605948925,1.872408866882,0.742802917957,0.185803183954,0.185803183954,,,0.252291244028,0.252291244028,0.185803183954,0.031489105709,0.405361613175,2.0,12.0,,,4.0,4.0
2025-09-12 08:00:00,,,-2.670301496983,-2.670301496983,3.388798475266,0.718496978283,-0.122702009936,-0.122702009936,,,0.445241798814,0.445241798814,-0.122702009936,0.0234082397,0.180164494339,1.0,8.0,,,1.0,1.0
2025-09-12 12:00:00,,,-2.01837939024,-2.01837939024,5.310644686222,3.292265295982,-0.15204379492,-0.15204379492,,,0.019850016553,0.019850016553,-0.15204379492,0.0,0.4902538282,0.0,21.0,16330.0,,5.0,5.0
2025-09-12 16:00:00,,,-0.857963442802,-0.857963442802,1.657783687115,0.799820244312,0.128036879933,0.128036879933,,,0.374735935593,0.374735935593,0.128036879933,0.0,0.108307204703,0.0,5.0,,,0.0,0.0
2025-09-12 20:00:00,,,-3.127380311489,-3.127380311489,3.921759009361,0.794378697872,0.024006914987,0.024006914987,,,0.166245581856,0.166245581856,0.024006914987,0.026709401709,0.449276095492,1.0,14.0,,,4.0,4.0
2025-09-13 00:00:00,0.0,0.0,-0.956480801105,-0.956480801105,0.956480801105,0.0,-0.13337174993,-0.13337174993,0.727816074905,0.727816074905,0.213654971157,0.213654971157,-0.13337174993,0.047348484848,0.171580118389,1.0,4.0,,22.0,1.0,1.0
2025-09-13 04:00:00,,,0.0,0.0,0.0,0.0,0.128036879933,0.128036879933,,,0.46379696037,0.46379696037,0.128036879933,0.0,0.232298816213,0.0,7.0,,,4.0,4.0
2025-09-13 08:00:00,,,-0.937267303467,-0.937267303467,1.695019364357,0.75775206089,-0.078572915591,-0.078572915591,,,0.355089459218,0.355089459218,-0.078572915591,0.051259104345,0.279620919547,4.0,12.0,,,6.0,6.0
2025-09-13 12:00:00,,,-1.858198046684,-1.858198046684,4.973158180714,3.114960134029,-0.037974678953,-0.037974678953,,,-0.123400598966,-0.123400598966,-0.037974678953,0.064164049866,0.636444299744,4.0,22.0,16376.0,,6.0,6.0
2025-09-13 16:00:00,,,-3.298703968525,-3.298703968525,3.298703968525,0.0,0.065166124317,0.065166124317,,,-0.198131968859,-0.198131968859,0.065166124317,0.0,0.343747408332,0.0,11.0,,,3.0,3.0
2025-09-13 20:00:00,,,-1.602749943733,-1.602749943733,1.602749943733,0.0,0.029727977492,0.029727977492,,,0.083558562587,0.083558562587,0.029727977492,0.01102292769,0.198514566122,1.0,5.0,,,2.0,2.0
2025-09-14 00:00:00,0.0,0.0,-1.098874628544,-1.098874628544,1.811104416847,0.712229788303,0.098695094948,0.098695094948,0.921811084402,0.921811084402,0.396431813055,0.396431813055,0.098695094948,0.0,0.089201891318,0.0,3.0,,11.0,0.0,0.0
2025-09-14 04:00:00,,,-0.816084682941,-0.816084682941,1.522177159786,0.706092476845,0.098695094948,0.098695094948,,,0.515119668574,0.515119668574,0.098695094948,0.025100401606,0.173076076671,1.0,5.0,,,1.0,1.0
2025-09-14 08:00:00,,,-0.073114514351,-0.073114514351,0.825751543045,0.752637028694,-0.049220892598,-0.049220892598,,,0.478971745047,0.478971745047,-0.049220892598,0.0,0.168422680051,0.0,6.0,,,1.0,1.0
2025-09-14 12:00:00,,,-2.785210192204,-2.785210192204,4.396787822247,1.611577630043,-0.270258153764,-0.270258153764,,,-0.898172826284,-0.898172826284,-0.270258153764,0.0,0.296871444789,0.0,12.0,16427.0,,3.0,3.0
2025-09-14 16:00:00,,,-2.083505034447,-2.083505034447,3.549585103989,1.466080069542,0.165275751007,0.165275751007,,,-0.120958596161,-0.120958596161,0.165275751007,0.0,0.459217223697,0.0,16.0,,,2.0,2.0
2025-09-14 20:00:00,,,-5.889916837215,-5.889916837215,5.889916837215,0.0,-0.26770621697,-0.26770621697,,,-0.565644612181,-0.565644612181,-0.26770621697,0.0,0.415539339747,0.0,13.0,,,4.0,4.0
2025-09-15 00:00:00,0.0,0.0,-3.32520699501,-3.32520699501,4.800959646702,1.475752651691,0.082128124055,0.082128124055,0.213938096932,0.213938096932,-0.628840145708,-0.628840145708,0.082128124055,0.0,0.444082598749,0.0,12.0,,15.0,4.0,4.0
2025-09-15 04:00:00,,,-1.671685874462,-1.671685874462,2.392659664154,0.720973789692,0.105837349331,0.105837349331,,,0.419410908947,0.419410908947,0.105837349331,0.0,0.125129479296,0.0,5.0,,,2.0,2.0
2025-09-15 08:00:00,,,-3.648200213909,-3.648200213909,4.500895261765,0.852695047855,0.023372517917,0.023372517917,,,-0.116838211,-0.116838211,0.023372517917,0.0,0.29707735482,0.0,13.0,,,1.0,1.0
2025-09-15 12:00:00,,,-3.104124009609,-3.104124009609,4.725575685501,1.621451675892,0.090692789952,0.090692789952,,,0.015282119469,0.015282119469,0.090692789952,0.007284382284,0.321001594762,1.0,13.0,16477.0,,1.0,1.0
2025-09-15 16:00:00,,,-6.539444804192,-6.539444804192,6.539444804192,0.0,-0.164577755554,-0.164577755554,,,-1.793659944545,-1.793659944545,-0.164577755554,0.0,0.455074030827,0.0,19.0,,,5.0,5.0
2025-09-15 20:00:00,,,-1.990352809429,-1.990352809429,4.440359055996,2.450006246567,0.200693441865,0.200693441865,,,0.329564666875,0.329564666875,0.200693441865,0.0,0.299296495719,0.0,11.0,,,2.0,2.0
2025-09-16 00:00:00,0.0,0.0,-0.76437741518,-0.76437741518,1.495073974133,0.730696558952,0.012939986136,0.012939986136,0.684429933041,0.684429933041,0.452931825084,0.452931825084,0.012939986136,0.012626262626,0.185017741314,1.0,6.0,,13.0,1.0,1.0
2025-09-16 04:00:00,,,-0.163172125816,-0.163172125816,1.802694857121,1.639522731304,0.0,0.0,,,0.411367398643,0.411367398643,0.0,0.0,0.240944777859,0.0,7.0,,,1.0,1.0
2025-09-16 08:00:00,,,-3.350773274899,-3.350773274899,3.350773274899,0.0,-0.088025354954,-0.088025354954,,,0.125449683724,0.125449683724,-0.088025354954,0.029630742521,0.291596615686,2.0,10.0,,,4.0,4.0
2025-09-16 12:00:00,,,-4.382685363293,-4.382685363293,4.382685363293,0.0,0.088025354954,0.088025354954,,,0.39786658814,0.39786658814,0.088025354954,0.010575296108,0.211390745996,1.0,10.0,16526.0,,0.0,0.0
2025-09-16 16:00:00,,,-1.78937625885,-1.78937625885,3.449929237366,1.660552978516,-0.145017453696,-0.145017453696,,,0.389886437914,0.389886437914,-0.145017453696,0.017217630854,0.219762087662,1.0,10.0,,,3.0,3.0
2025-09-16 20:00:00,,,-5.502937674522,-5.502937674522,5.502937674522,0.0,0.096134738185,0.096134738185,,,-0.790098386625,-0.790098386625,0.096134738185,0.014880952381,0.405815309645,1.0,13.0,,,4.0,4.0
2025-09-17 00:00:00,0.0,0.0,-1.68626922369,-1.68626922369,1.68626922369,0.0,0.050238406312,0.050238406312,0.860627250785,0.860627250785,0.18404072694,0.18404072694,0.050238406312,0.0,0.257568090293,0.0,7.0,,14.0,3.0,3.0
2025-09-17 04:00:00,,,-2.934733986855,-2.934733986855,3.686023592949,0.751289606094,-0.192056232696,-0.192056232696,,,0.182013210099,0.182013210099,-0.192056232696,0.0,0.347030751487,0.0,10.0,,,2.0,2.0
2025-09-17 08:00:00,,,-0.809005975723,-0.809005975723,1.541041374207,0.732035398483,0.178052496323,0.178052496323,,,0.429801290693,0.429801290693,0.178052496323,0.0,0.123673231859,0.0,5.0,,,1.0,1.0
2025-09-17 12:00:00,,,-4.173604130745,-4.173604130745,4.920522868633,0.746918737888,0.01867204499,0.01867204499,,,0.216950544337,0.216950544337,0.01867204499,0.008827683616,0.215924090382,1.0,10.0,16539.0,,1.0,1.0
2025-09-17 16:00:00,,,-1.764459371567,-1.764459371567,2.634786784649,0.870327413082,0.0,0.0,,,0.344134567837,0.344134567837,0.0,0.0,0.208567847211,0.0,9.0,,,3.0,3.0
2025-09-17 20:00:00,,,-1.174998700619,-1.174998700619,2.6794039011,1.504405200481,0.0,0.0,,,0.040414106588,0.040414106588,0.0,0.0,0.411676015362,0.0,14.0,,,4.0,4.0
2025-09-18 00:00:00,0.0,0.0,-1.63131082058,-1.63131082058,1.63131082058,0.0,0.0,0.0,1.199106510276,1.199106510276,0.361435524715,0.361435524715,0.0,0.0,0.179976130923,0.0,5.0,,9.0,0.0,0.0
2025-09-18 04:00:00,,,-2.637703001499,-2.637703001499,3.467271149158,0.829568147659,0.117367139938,0.117367139938,,,0.348665830158,0.348665830158,0.117367139938,0.012781186094,0.26101119999,1.0,8.0,,,1.0,1.0
2025-09-18 08:00:00,,,-1.044772803783,-1.044772803783,1.754180550575,0.709407746792,-0.163048981838,-0.163048981838,,,-0.034357022972,-0.034357022972,-0.163048981838,0.009137426901,0.148248043327,1.0,5.0,,,4.0,4.0
2025-09-18 12:00:00,,,-2.572607278824,-2.572607278824,2.572607278824,0.0,0.111386106726,0.111386106726,,,-0.147159585643,-0.147159585643,0.111386106726,0.0,0.195090375496,0.0,8.0,16561.0,,1.0,1.0
2025-09-18 16:00:00,,,-1.771343171597,-1.771343171597,3.394385039806,1.62304186821,0.02194027694,0.02194027694,,,0.666465414443,0.666465414443,0.02194027694,0.026200000769,0.34246938537,3.0,16.0,,,3.0,3.0
2025-09-18 20:00:00,,,-2.464904665947,-2.464904665947,2.464904665947,0.0,0.037046569746,0.037046569746,,,0.26100231821,0.26100231821,0.037046569746,0.009512937595,0.140042066967,1.0,5.0,,,0.0,0.0
2025-09-19 00:00:00,0.0,0.0,-0.716773808002,-0.716773808002,0.716773808002,0.0,0.0,0.0,1.156298565718,1.156298565718,0.066754463163,0.066754463163,0.0,0.0,0.099537037037,0.0,2.0,,9.0,1.0,1.0
2025-09-19 04:00:00,,,-0.837954103947,-0.837954103947,0.837954103947,0.0,0.0,0.0,,,0.259064828198,0.259064828198,0.0,0.0,0.13633444136,0.0,3.0,,,0.0,0.0
2025-09-19 08:00:00,,,1.653839588165,1.653839588165,0.0,1.653839588165,0.0,0.0,,,0.231007287329,0.231007287329,0.0,0.013982102908,0.179125899575,1.0,6.0,,,0.0,0.0
2025-09-19 12:00:00,,,-7.09778624773,-7.09778624773,7.881278276443,0.783492028713,-0.277903753004,-0.277903753004,,,-2.116330566408,-2.116330566408,-0.277903753004,0.0,0.462139345812,0.0,19.0,16598.0,,4.0,5.0
2025-09-19 16:00:00,,,-6.616275072098,-6.616275072098,7.385393798351,0.769118726254,0.070957311682,0.070957311682,,,-0.975169987077,-0.975169987077,0.070957311682,0.0,0.461384076355,0.0,16.0,,,3.0,3.0
2025-09-19 20:00:00,,,-0.105180382729,-0.105180382729,1.693002343178,1.587821960449,0.14537725355,0.14537725355,,,0.05854255741,0.05854255741,0.14537725355,0.0,0.337046653142,0.0,8.0,,,3.0,3.0
2025-09-20 00:00:00,0.0,0.0,0.592066645622,0.592066645622,0.951736152172,1.543802797794,0.0,0.0,1.46329848224,1.46329848224,0.305328976441,0.305328976441,0.0,0.026347921085,0.228409133551,2.0,4.0,,7.0,1.0,1.0
2025-09-20 04:00:00,,,-3.397670805454,-3.397670805454,3.397670805454,0.0,0.0,0.0,,,0.290266935895,0.290266935895,0.0,0.013269639066,0.345585422703,1.0,8.0,,,0.0,0.0
2025-09-20 08:00:00,,,-2.445505917072,-2.445505917072,3.209689259529,0.764183342457,-0.072020744962,-0.072020744962,,,0.074588240317,0.074588240317,-0.072020744962,0.0,0.45951144727,0.0,14.0,,,2.0,2.0
2025-09-20 12:00:00,,,-0.361283063889,-0.361283063889,3.543905436993,3.182622373104,-0.061351004968,-0.061351004968,,,0.275279978617,0.275279978617,-0.061351004968,0.0,0.481614118261,0.0,15.0,16630.0,,1.0,1.0
2025-09-20 16:00:00,,,-2.530364573002,-2.530364573002,4.158178567886,1.627813994884,0.229973215475,0.229973215475,,,1.00443879881,1.00443879881,0.229973215475,0.0,0.614588015442,0.0,15.0,,,2.0,2.0
2025-09-20 20:00:00,,,-0.994668245316,-0.994668245316,2.482908964157,1.488240718842,-0.122794008904,-0.122794008904,,,0.355351552017,0.355351552017,-0.122794008904,0.0,0.535574320444,0.0,11.0,,,1.0,1.0
2025-09-21 00:00:00,0.0,0.0,-1.671921253204,-1.671921253204,1.671921253204,0.0,-0.021339479989,-0.021339479989,1.267148070603,1.267148070603,0.169262001842,0.169262001842,-0.021339479989,0.0,0.379402263393,0.0,8.0,,6.0,1.0,1.0
2025-09-21 04:00:00,,,-2.942766368389,-2.942766368389,5.163785159588,2.221018791199,0.0,0.0,,,0.15225715505,0.15225715505,0.0,0.0,0.599768225258,0.0,13.0,,,1.0,1.0
2025-09-21 08:00:00,,,-0.046378493309,-0.046378493309,0.930293619633,0.883915126324,0.0,0.0,,,0.19323645128,0.19323645128,0.0,0.0,0.18930874194,0.0,5.0,,,0.0,0.0
2025-09-21 12:00:00,,,-3.287643492222,-3.287643492222,4.121834337711,0.83419084549,0.0,0.0,,,-1.126362646209,-1.126362646209,0.0,0.009735202492,0.35499782324,1.0,11.0,16646.0,,2.0,2.0
2025-09-21 16:00:00,,,-3.506842255592,-3.506842255592,5.043327212334,1.536484956741,-0.090692789952,-0.090692789952,,,-0.103021080856,-0.103021080856,-0.090692789952,0.009342301943,0.617103605063,1.0,16.0,,,1.0,1.0
2025-09-21 20:00:00,,,-4.460855960846,-4.460855960846,4.460855960846,0.0,0.006316188362,0.006316188362,,,-0.262499384132,-0.262499384132,0.006316188362,0.0,0.34499863052,0.0,8.0,,,1.0,1.0
2025-09-22 00:00:00,0.0,0.0,-0.223346054554,-0.223346054554,1.786235749722,1.562889695168,0.122702009936,0.122702009936,0.779812683768,0.779812683768,0.230108991403,0.230108991403,0.122702009936,0.100333694084,0.297552508637,2.0,5.0,,22.0,0.0,0.0
2025-09-22 04:00:00,,,-4.077896773815,-4.077896773815,4.077896773815,0.0,-0.236692578672,-0.236692578672,,,-1.146831625666,-1.146831625666,-0.236692578672,0.034259891506,0.276776624635,2.0,8.0,,,4.0,4.0
2025-09-22 08:00:00,,,0.792614579201,0.792614579201,0.0,0.792614579201,0.185699528998,0.185699528998,,,0.20604995176,0.20604995176,0.185699528998,0.014076576577,0.2013684415,1.0,5.0,,,1.0,1.0
2025-09-22 12:00:00,,,-3.40795058012,-3.40795058012,4.913628518581,1.505677938461,-0.286634663127,-0.286634663127,,,-1.214636181381,-1.214636181381,-0.286634663127,0.07256892309,0.491699934082,4.0,16.0,16689.0,,9.0,9.0
2025-09-22 16:00:00,,,-0.912173449993,-0.912173449993,3.25689715147,2.344723701477,0.127336336288,0.127336336288,,,-0.341221515052,-0.341221515052,0.127336336288,0.014367816092,0.451063473269,1.0,12.0,,,5.0,5.0
2025-09-22 20:00:00,,,-1.007381141186,-1.007381141186,2.562130331993,1.554749190807,0.0434919799,0.0434919799,,,0.233151327391,0.233151327391,0.0434919799,0.020627062706,0.397965669523,1.0,9.0,,,3.0,3.0
2025-09-23 00:00:00,0.0,0.0,-0.913143932819,-0.913143932819,0.913143932819,0.0,0.082690484957,0.082690484957,0.443554491543,0.443554491543,0.263675213187,0.263675213187,0.082690484957,0.0,0.257077991453,0.0,3.0,,14.0,0.0,0.0
2025-09-23 04:00:00,,,-3.240942239761,-3.240942239761,4.003340363503,0.762398123741,0.144041489925,0.144041489925,,,0.264329055812,0.264329055812,0.144041489925,0.0,0.450349788821,0.0,11.0,,,1.0,1.0
2025-09-23 08:00:00,,,-0.984338700771,-0.984338700771,0.984338700771,0.0,-0.128036879933,-0.128036879933,,,0.312000577655,0.312000577655,-0.128036879933,0.0,0.272606210106,0.0,5.0,,,0.0,0.0
2025-09-23 12:00:00,,,-3.604291796684,-3.604291796684,6.148426651955,2.54413485527,-0.258557355339,-0.258557355339,,,-0.751971247566,-0.751971247566,-0.258557355339,0.040074906367,0.492016612503,2.0,16.0,16721.0,,5.0,5.0
2025-09-23 16:00:00,,,-6.074367463589,-6.074367463589,6.80670773983,0.732340276241,0.007231131494,0.007231131494,,,-0.707736825982,-0.707736825982,0.007231131494,0.052083333333,0.620714956247,1.0,15.0,,,6.0,6.0
2025-09-23 20:00:00,,,-4.118431568146,-4.118431568146,4.118431568146,0.0,0.03608572832,0.03608572832,,,0.128744766427,0.128744766427,0.03608572832,0.0,0.475008047574,0.0,8.0,,,2.0,2.0
2025-09-24 00:00:00,0.0,0.0,-2.885291278362,-2.885291278362,4.42351359129,1.538222312927,0.159542870712,0.159542870712,1.149309444912,1.149309444912,0.449908520322,0.449908520322,0.159542870712,0.0,0.62182520884,0.0,10.0,,6.0,0.0,0.0
2025-09-24 04:00:00,,,-3.378240168095,-3.378240168095,3.378240168095,0.0,0.01867204499,0.01867204499,,,0.420517073755,0.420517073755,0.01867204499,0.0,0.445181441394,0.0,7.0,,,0.0,0.0
2025-09-24 08:00:00,,,-0.913955628872,-0.913955628872,2.769998729229,1.856043100357,-0.048013829975,-0.048013829975,,,0.417686610762,0.417686610762,-0.048013829975,0.0,0.286957431107,0.0,7.0,,,1.0,1.0
2025-09-24 12:00:00,,,-5.995021224022,-5.995021224022,5.995021224022,0.0,-0.064018439966,-0.064018439966,,,-0.077719115422,-0.077719115422,-0.064018439966,0.023148148148,0.3263519767,1.0,10.0,16743.0,,2.0,2.0
2025-09-24 16:00:00,,,-3.631919085979,-3.631919085979,3.631919085979,0.0,0.112032269941,0.112032269941,,,0.402648988337,0.402648988337,0.112032269941,0.0,0.244112589857,0.0,7.0,,,0.0,0.0
2025-09-24 20:00:00,,,-1.816882610321,-1.816882610321,2.673416078091,0.85653346777,0.042678959978,0.042678959978,,,0.095643946793,0.095643946793,0.042678959978,0.0234082397,0.616612812198,1.0,12.0,,,3.0,3.0
2025-09-25 00:00:00,0.0,0.0,0.0,0.0,0.0,0.0,-0.042678959978,-0.042678959978,1.227036588155,1.227036588155,0.400626446599,0.400626446599,-0.042678959978,0.0,0.0,0.0,0.0,,11.0,0.0,0.0
2025-09-25 04:00:00,,,0.720749497414,0.720749497414,0.0,0.720749497414,0.0,0.0,,,0.417272748635,0.417272748635,0.0,0.014988009592,0.134686860411,1.0,4.0,,,0.0,0.0
2025-09-25 08:00:00,,,-4.892629802227,-4.892629802227,4.892629802227,0.0,-0.141374054926,-0.141374054926,,,-0.592204425585,-0.592204425585,-0.141374054926,0.039577001013,0.403147304796,2.0,11.0,,,3.0,3.0
2025-09-25 12:00:00,,,-1.619567155838,-1.619567155838,3.102923512459,1.483356356621,0.018530074091,0.018530074091,,,0.052957530082,0.052957530082,0.018530074091,0.011140819964,0.55919874741,1.0,17.0,16766.0,,3.0,3.0
2025-09-25 16:00:00,,,-3.006666362286,-3.006666362286,4.670941054821,1.664274692535,-0.030221223243,-0.030221223243,,,0.037752957246,0.037752957246,-0.030221223243,0.022893772894,0.364704390277,1.0,14.0,,,5.0,5.0
2025-09-25 20:00:00,,,0.0,0.0,0.0,0.0,0.163116700556,0.163116700556,,,0.468357423472,0.468357423472,0.163116700556,0.0,0.115039281706,0.0,2.0,,,0.0,0.0
2025-09-26 00:00:00,0.0,0.0,-3.334339022636,-3.334339022636,3.334339022636,0.0,0.026674349986,0.026674349986,0.843684091308,0.843684091308,0.45336103434,0.45336103434,0.026674349986,0.0,0.32428890954,0.0,6.0,,12.0,0.0,0.0
2025-09-26 04:00:00,,,-1.667111515999,-1.667111515999,1.667111515999,0.0,-0.074688179961,-0.074688179961,,,0.121963670178,0.121963670178,-0.074688179961,0.0,0.31325374765,0.0,6.0,,,1.0,1.0
2025-09-26 08:00:00,,,-3.716840207577,-3.716840207577,3.716840207577,0.0,0.074688179961,0.074688179961,,,-0.412578061944,-0.412578061944,0.074688179961,0.0,0.296409942964,0.0,8.0,,,2.0,2.0
2025-09-26 12:00:00,,,-5.185771465302,-5.185771465302,5.185771465302,0.0,-0.244918677091,-0.244918677091,,,-1.461298622755,-1.461298622755,-0.244918677091,0.0,0.309713293734,0.0,10.0,16798.0,,5.0,5.0
2025-09-26 16:00:00,,,-0.043253779411,-0.043253779411,1.788868665695,1.745614886284,0.076330870319,0.076330870319,,,-0.099580898643,-0.099580898643,0.076330870319,0.037024797435,0.215096662933,2.0,8.0,,,2.0,2.0
2025-09-26 20:00:00,,,0.07056748867,0.07056748867,2.400871217251,2.471438705921,0.06608806154,0.06608806154,,,0.434247009249,0.434247009249,0.06608806154,0.023674242424,0.695648779627,1.0,13.0,,,2.0,2.0
2025-09-27 00:00:00,0.0,0.0,-0.797684073448,-0.797684073448,0.797684073448,0.0,0.056926515251,0.056926515251,1.094999184802,1.094999184802,0.454170717643,0.454170717643,0.056926515251,0.0,0.598455685534,0.0,8.0,,13.0,3.0,3.0
2025-09-27 04:00:00,,,-1.566715598106,-1.566715598106,2.287570118904,0.720854520798,0.0,0.0,,,0.44026157752,0.44026157752,0.0,0.0,0.219819566511,0.0,5.0,,,0.0,0.0
2025-09-27 08:00:00,,,-0.921117782593,-0.921117782593,0.921117782593,0.0,-0.072020744962,-0.072020744962,,,0.133022771126,0.133022771126,-0.072020744962,0.0,0.156064319667,0.0,3.0,,,2.0,2.0
2025-09-27 12:00:00,,,-2.482537209988,-2.482537209988,3.25082051754,0.768283307552,-0.085357919955,-0.085357919955,,,-0.148220650001,-0.148220650001,-0.085357919955,0.0,0.265170205699,0.0,9.0,16804.0,,2.0,2.0
2025-09-27 16:00:00,,,-2.617662489414,-2.617662489414,3.437810122967,0.820147633553,0.043346936147,0.043346936147,,,-0.064682331191,-0.064682331191,0.043346936147,0.0,0.466899203067,0.0,10.0,,,4.0,4.0
2025-09-27 20:00:00,,,-0.0979591012,-0.0979591012,0.831094503403,0.733135402203,0.089255939968,0.089255939968,,,0.433652995853,0.433652995853,0.089255939968,0.0,0.424475589285,0.0,8.0,,,2.0,2.0
2025-09-28 00:00:00,0.0,0.0,0.084628343582,0.084628343582,0.740319490433,0.824947834015,-0.060950385177,-0.060950385177,0.823799901409,0.823799901409,0.1886562132,0.1886562132,-0.060950385177,0.033602150538,0.437843406593,1.0,3.0,,10.0,1.0,1.0
2025-09-28 04:00:00,,,-2.085307717323,-2.085307717323,2.901628375053,0.81632065773,0.045346394976,0.045346394976,,,-0.302214205879,-0.302214205879,0.045346394976,0.037202380952,1.118473696246,1.0,12.0,,,4.0,4.0
2025-09-28 08:00:00,,,-4.255534589291,-4.255534589291,4.255534589291,0.0,0.0,0.0,,,0.454432201097,0.454432201097,0.0,0.0,0.56780527603,0.0,8.0,,,0.0,0.0
2025-09-28 12:00:00,,,-6.592386543751,-6.592386543751,7.467323422432,0.874936878681,-0.269908020284,-0.269908020284,,,-1.275491481797,-1.275491481797,-0.269908020284,0.0,0.714138833609,0.0,17.0,16815.0,,3.0,3.0
2025-09-28 16:00:00,,,-3.849684178829,-3.849684178829,5.443482577801,1.593798398972,0.136213400172,0.136213400172,,,0.160512434576,0.160512434576,0.136213400172,0.0,0.493294989927,0.0,12.0,,,2.0,2.0
2025-09-28 20:00:00,,,0.741955459118,0.741955459118,0.828742623329,1.570698082447,0.077355614959,0.077355614959,,,0.415761490598,0.415761490598,0.077355614959,0.0,0.398142718834,0.0,8.0,,,0.0,0.0
2025-09-29 00:00:00,0.0,0.0,0.01001393795,0.01001393795,0.781502246857,0.791516184807,-0.050681264973,-0.050681264973,0.560515757421,0.560515757421,0.36216315795,0.36216315795,-0.050681264973,0.0,0.361699794202,0.0,5.0,,15.0,2.0,2.0
2025-09-29 04:00:00,,,-1.585314750671,-1.585314750671,2.45405715704,0.868742406368,-0.085357919955,-0.085357919955,,,-0.144589548986,-0.144589548986,-0.085357919955,0.028153153153,0.413487395145,1.0,9.0,,,1.0,1.0
2025-09-29 08:00:00,,,-2.337386250496,-2.337386250496,3.126650035381,0.789263784885,0.025580589862,0.025580589862,,,0.102892591861,0.102892591861,0.025580589862,0.0,0.348307559878,0.0,10.0,,,1.0,1.0
2025-09-29 12:00:00,,,-4.220656633377,-4.220656633377,5.148175776005,0.927519142628,-0.032924547119,-0.032924547119,,,-0.700293140044,-0.700293140044,-0.032924547119,0.0,0.354645803245,0.0,11.0,16815.0,,4.0,4.0
2025-09-29 16:00:00,,,-4.714960217476,-4.714960217476,7.157663702965,2.442703485489,0.030478313761,0.030478313761,,,-0.824328634274,-0.824328634274,0.030478313761,0.018274853801,0.638011604697,1.0,17.0,,,3.0,3.0
2025-09-29 20:00:00,,,-0.961271107197,-0.961271107197,2.514072656631,1.552801549435,-0.022376046174,-0.022376046174,,,-0.246861231409,-0.246861231409,-0.022376046174,0.0,0.497375749482,0.0,10.0,,,4.0,4.0
2025-09-30 00:00:00,0.0,0.0,-0.727106571198,-0.727106571198,1.543448507786,0.816341936588,0.152190362138,0.152190362138,0.512902951828,0.512902951828,0.440654043186,0.440654043186,0.152190362138,0.0,0.699422148587,0.0,9.0,,15.0,1.0,1.0
2025-09-30 04:00:00,,,-3.136173725128,-3.136173725128,3.136173725128,0.0,-0.110561408176,-0.110561408176,,,-0.503336882466,-0.503336882466,-0.110561408176,0.0,0.343978384341,0.0,8.0,,,4.0,4.0
2025-09-30 08:00:00,,,-6.047059714794,-6.047059714794,6.047059714794,0.0,0.001843658769,0.001843658769,,,-1.156910064157,-1.156910064157,0.001843658769,0.0,0.479579033965,0.0,12.0,,,4.0,4.0
2025-09-30 12:00:00,,,-1.747101247311,-1.747101247311,2.560355246067,0.813253998756,0.086195451526,0.086195451526,,,0.265515075819,0.265515075819,0.086195451526,0.009873617694,0.182337452733,1.0,8.0,16837.0,,1.0,1.0
2025-09-30 16:00:00,,,-1.603318870068,-1.603318870068,2.382763385773,0.779444515705,-0.042678959978,-0.042678959978,,,0.157678355838,0.157678355838,-0.042678959978,0.0,0.254142586203,0.0,9.0,,,1.0,1.0
2025-09-30 20:00:00,,,-0.897332131863,-0.897332131863,3.390009582043,2.49267745018,0.034172666329,0.034172666329,,,0.846746977111,0.846746977111,0.034172666329,0.014269406393,0.393649803388,1.0,10.0,,,4.0,4.0
2025-10-01 00:00:00,0.0,0.0,-0.777706563473,-0.777706563473,0.777706563473,0.0,0.020832244915,0.020832244915,0.312031213691,0.312031213691,0.363237412207,0.363237412207,0.020832244915,0.0,0.334789219633,0.0,6.0,,18.0,2.0,2.0
2025-10-01 04:00:00,,,0.737842381001,0.737842381001,0.0,0.737842381001,0.0,0.0,,,0.336789869182,0.336789869182,0.0,0.0,0.202025301783,0.0,5.0,,,0.0,0.0
2025-10-01 08:00:00,,,-1.042740941048,-1.042740941048,1.831648826599,0.788907885551,-0.160046099916,-0.160046099916,,,0.00717805305,0.00717805305,-0.160046099916,0.074404761905,0.13862212763,1.0,4.0,,,2.0,2.0
2025-10-01 12:00:00,,,-3.406625688076,-3.406625688076,4.861992061138,1.455366373062,-0.075711845192,-0.075711845192,,,-0.452897976957,-0.452897976957,-0.075711845192,0.019740174607,0.308786589734,2.0,11.0,16885.0,,5.0,5.0
2025-10-01 16:00:00,,,-8.192521214485,-8.192521214485,8.192521214485,0.0,-0.098295743262,-0.098295743262,,,-2.283701182358,-2.283701182358,-0.098295743262,0.0,0.515095332965,0.0,16.0,,,7.0,7.0
2025-10-01 20:00:00,,,-1.442151010036,-1.442151010036,1.442151010036,0.0,0.219118482443,0.219118482443,,,0.345726848646,0.345726848646,0.219118482443,0.031094527363,0.322219614944,1.0,8.0,,,2.0,2.0
2025-10-02 00:00:00,0.0,0.0,-1.770415186882,-1.770415186882,3.326269984245,1.555854797363,-0.058495789181,-0.058495789181,0.00357061901,0.00357061901,0.083177825564,0.083177825564,-0.058495789181,0.026709401709,0.451678102493,1.0,9.0,,30.0,4.0,4.0
2025-10-02 04:00:00,,,-1.10825663805,-1.10825663805,1.84233468771,0.73407804966,0.06997259887,0.06997259887,,,0.212046401517,0.212046401517,0.06997259887,0.026709401709,0.25697631478,1.0,7.0,,,4.0,4.0
2025-10-02 08:00:00,,,-4.943990290165,-4.943990290165,4.943990290165,0.0,0.000932456015,0.000932456015,,,-0.726368362665,-0.726368362665,0.000932456015,0.059091986724,0.464909942851,3.0,15.0,,,7.0,7.0
2025-10-02 12:00:00,,,-1.040860831738,-1.040860831738,1.892514050007,0.851653218269,0.158816882716,0.158816882716,,,0.251364665674,0.251364665674,0.158816882716,0.043816480177,0.384638213201,3.0,14.0,16960.0,,5.0,5.0
2025-10-02 16:00:00,,,-1.453432500362,-1.453432500362,3.20418035984,1.750747859478,-0.055906450927,-0.055906450927,,,-0.077398427194,-0.077398427194,-0.055906450927,0.061487444446,0.445342774045,3.0,15.0,,,7.0,7.0
2025-10-02 20:00:00,,,-0.140934705734,-0.140934705734,1.75752478838,1.616590082645,0.066384008232,0.066384008232,,,0.322206867119,0.322206867119,0.066384008232,0.0,0.454266742788,0.0,11.0,,,3.0,3.0
2025-10-03 00:00:00,0.0,0.0,-1.746337354183,-1.746337354183,1.746337354183,0.0,-0.072892514699,-0.072892514699,0.845357629202,0.845357629202,0.307163121458,0.307163121458,-0.072892514699,0.0,0.308472098982,0.0,7.0,,27.0,1.0,1.0
2025-10-03 04:00:00,,,-1.77369260788,-1.77369260788,4.12494802475,2.35125541687,-0.008768542102,-0.008768542102,,,0.278283629383,0.278283629383,-0.008768542102,0.0,0.518289404167,0.0,13.0,,,3.0,3.0
2025-10-03 08:00:00,,,-0.063540458679,-0.063540458679,1.48769068718,1.4241502285,0.02373303113,0.02373303113,,,0.376848253714,0.376848253714,0.02373303113,0.0,0.304134007302,0.0,9.0,,,2.0,2.0
2025-10-03 12:00:00,,,-4.210690677166,-4.210690677166,5.740067899227,1.529377222061,-0.306116093592,-0.306116093592,,,-1.335549591059,-1.335549591059,-0.306116093592,0.059734455557,0.679220994546,4.0,22.0,17004.0,,12.0,12.0
2025-10-03 16:00:00,,,1.453772366047,1.453772366047,4.197256207466,5.651028573513,0.239649471913,0.239649471913,,,0.482851450664,0.482851450664,0.239649471913,0.070777045594,0.635888363489,3.0,19.0,,,7.0,7.0
2025-10-03 20:00:00,,,0.830387473106,0.830387473106,1.652561903,2.482949376106,-0.096834507198,-0.096834507198,,,0.291780604723,0.291780604723,-0.096834507198,0.0,0.312716070172,0.0,8.0,,,2.0,2.0
2025-10-04 00:00:00,0.0,0.0,-0.873365521431,-0.873365521431,0.873365521431,0.0,-0.128036879933,-0.128036879933,0.860876665726,0.860876665726,0.22165148999,0.22165148999,-0.128036879933,0.0,0.106837606838,0.0,2.0,,14.0,1.0,1.0
2025-10-04 04:00:00,,,-0.206560671329,-0.206560671329,1.612905561924,1.406344890594,0.242736584873,0.242736584873,,,0.230290453543,0.230290453543,0.242736584873,0.0,0.399942866582,0.0,7.0,,,1.0,1.0
2025-10-04 08:00:00,,,-0.020901441574,-0.020901441574,0.899399578571,0.878498136997,-0.128036879933,-0.128036879933,,,0.203985474381,0.203985474381,-0.128036879933,0.016666666667,0.411704427569,1.0,10.0,,,2.0,2.0
2025-10-04 12:00:00,,,1.36313444376,1.36313444376,3.22165286541,4.58478730917,0.002994987487,0.002994987487,,,0.353507617439,0.353507617439,0.002994987487,0.020833333333,0.680569622773,1.0,23.0,17029.0,,6.0,6.0
2025-10-04 16:00:00,,,-7.263228714466,-7.263228714466,8.745752215385,1.482523500919,-0.029266024236,-0.029266024236,,,-0.138458070748,-0.138458070748,-0.029266024236,0.0,0.632124623981,0.0,16.0,,,2.0,2.0
2025-10-04 20:00:00,,,-3.117762863636,-3.117762863636,3.117762863636,0.0,-0.158466975501,-0.158466975501,,,0.020325484949,0.020325484949,-0.158466975501,0.03462307253,0.22992979243,2.0,5.0,,,2.0,2.0
2025-10-05 00:00:00,0.0,0.0,-0.919033288956,-0.919033288956,0.919033288956,0.0,0.106697399944,0.106697399944,0.835242583483,0.835242583483,0.160630664858,0.160630664858,0.106697399944,0.044326241135,0.232281983735,1.0,4.0,,11.0,1.0,1.0
2025-10-05 04:00:00,,,-1.057365238667,-1.057365238667,1.870981931686,0.81361669302,0.069353309964,0.069353309964,,,0.196662281701,0.196662281701,0.069353309964,0.0,0.436876820613,0.0,11.0,,,3.0,3.0
2025-10-05 08:00:00,,,-0.756537020206,-0.756537020206,1.52209353447,0.765556514263,-0.107227208476,-0.107227208476,,,0.075559232615,0.075559232615,-0.107227208476,0.0,0.282630049726,0.0,7.0,,,1.0,1.0
2025-10-05 12:00:00,,,-1.64608258009,-1.64608258009,1.64608258009,0.0,0.088025354954,0.088025354954,,,0.08629808986,0.08629808986,0.088025354954,0.0,0.231522077664,0.0,6.0,17101.0,,1.0,1.0
2025-10-05 16:00:00,,,-3.477712869644,-3.477712869644,4.403949081898,0.926236212254,0.130704314931,0.130704314931,,,-0.112171711585,-0.112171711585,0.130704314931,0.0,0.442226546477,0.0,15.0,,,2.0,2.0
2025-10-05 20:00:00,,,-5.200812220573,-5.200812220573,5.200812220573,0.0,-0.13166610517,-0.13166610517,,,-0.082036744542,-0.082036744542,-0.13166610517,0.0,1.106329803449,0.0,18.0,,,3.0,3.0
2025-10-06 00:00:00,0.0,0.0,-2.429623126984,-2.429623126984,3.166887104511,0.737263977528,0.019950099364,0.019950099364,-2.111472776104,-2.111472776104,0.002827494357,0.002827494357,0.019950099364,0.0,0.478481003038,0.0,10.0,,29.0,3.0,3.0
2025-10-06 04:00:00,,,-5.788978934288,-5.788978934288,5.788978934288,0.0,-0.093111261215,-0.093111261215,,,-1.117712903289,-1.117712903289,-0.093111261215,0.0,0.322595207274,0.0,8.0,,,3.0,3.0
2025-10-06 08:00:00,,,-1.749439418316,-1.749439418316,2.564511597157,0.815072178841,-0.009025849778,-0.009025849778,,,-0.460189616498,-0.460189616498,-0.009025849778,0.029767770332,0.213216515183,2.0,7.0,,,4.0,4.0
2025-10-06 12:00:00,,,-4.756364583969,-4.756364583969,5.512060940266,0.755696356297,0.149502972134,0.149502972134,,,-0.118591876207,-0.118591876207,0.149502972134,0.008106355383,0.352342578026,1.0,15.0,17110.0,,3.0,3.0
2025-10-06 16:00:00,,,-5.925802230835,-5.925802230835,7.470569193363,1.544766962528,-0.103084326087,-0.103084326087,,,-2.261747658154,-2.261747658154,-0.103084326087,0.024555417701,0.628999539727,2.0,26.0,,,11.0,11.0
2025-10-06 20:00:00,,,-5.03594481945,-5.03594481945,5.851264715195,0.815319895744,0.066780047558,0.066780047558,,,-0.642451005719,-0.642451005719,0.066780047558,0.023567571022,0.653715093661,2.0,19.0,,,5.0,5.0
2025-10-07 00:00:00,0.0,0.0,0.90152156353,0.90152156353,1.611944496632,2.513466060162,0.021144123558,0.021144123558,-0.045077062977,-0.045077062977,0.574956358059,0.574956358059,0.021144123558,0.0,0.420383081673,0.0,9.0,,34.0,3.0,3.0
2025-10-07 04:00:00,,,-0.756913006306,-0.756913006306,0.756913006306,0.0,0.077511351727,0.077511351727,,,0.457123172237,0.457123172237,0.077511351727,0.0,0.220115824107,0.0,5.0,,,0.0,0.0
2025-10-07 08:00:00,,,-1.86009824276,-1.86009824276,1.86009824276,0.0,-0.120034574937,-0.120034574937,,,0.0389259731,0.0389259731,-0.120034574937,0.017959770115,0.295966093121,1.0,11.0,,,5.0,5.0
2025-10-07 12:00:00,,,-2.674711465836,-2.674711465836,3.42749774456,0.752786278725,0.003101566618,0.003101566618,,,-0.520216666985,-0.520216666985,0.003101566618,0.0,0.412638069005,0.0,17.0,17158.0,,7.0,7.0
2025-10-07 16:00:00,,,-3.371953487396,-3.371953487396,4.105876266956,0.73392277956,-0.204592882559,-0.204592882559,,,-0.582323216232,-0.582323216232,-0.204592882559,0.055555555556,0.331647887849,2.0,11.0,,,6.0,6.0
2025-10-07 20:00:00,,,-1.679771184921,-1.679771184921,3.221575558186,1.541804373264,0.136377488584,0.136377488584,,,0.04694520964,0.04694520964,0.136377488584,0.177856286326,0.630214384522,8.0,18.0,,,13.0,13.0
2025-10-08 00:00:00,0.0,0.0,-4.49021422863,-4.49021422863,6.051641404629,1.561427175999,0.054632688702,0.054632688702,-1.320882894175,-1.320882894175,0.025052104706,0.025052104706,0.054632688702,0.0,0.728298171956,0.0,11.0,,31.0,3.0,3.0
2025-10-08 04:00:00,,,-2.413922071457,-2.413922071457,3.209662437439,0.795740365982,-0.027892900857,-0.027892900857,,,0.019470762131,0.019470762131,-0.027892900857,0.020833333333,0.500873104405,1.0,12.0,,,5.0,5.0
2025-10-08 08:00:00,,,-3.641488909721,-3.641488909721,5.173918247223,1.532429337502,0.007193572685,0.007193572685,,,-0.312256825506,-0.312256825506,0.007193572685,0.132670321143,0.581337666617,5.0,15.0,,,6.0,6.0
2025-10-08 12:00:00,,,0.667129516602,0.667129516602,1.755992889404,2.423122406006,0.152879057739,0.152879057739,,,0.726804515998,0.726804515998,0.152879057739,0.037949815914,0.488551754159,3.0,17.0,17305.0,,7.0,7.0
2025-10-08 16:00:00,,,-3.032384872437,-3.032384872437,3.78425359726,0.751868724823,-0.185025895386,-0.185025895386,,,-0.006809903209,-0.006809903209,-0.185025895386,0.030637254902,0.463993840478,2.0,13.0,,,5.0,5.0
2025-10-08 20:00:00,,,-6.103645265102,-6.103645265102,6.808075070381,0.704429805279,0.026149388445,0.026149388445,,,-0.288246545418,-0.288246545418,0.026149388445,0.0,0.470716062624,0.0,12.0,,,5.0,5.0
2025-10-09 00:00:00,0.0,0.0,-4.461718082428,-4.461718082428,4.461718082428,0.0,0.054856626882,0.054856626882,-3.146311310421,-3.146311310421,-0.186802552971,-0.186802552971,0.054856626882,0.018939393939,0.691272574305,1.0,12.0,,52.0,2.0,2.0
2025-10-09 04:00:00,,,-2.402661800385,-2.402661800385,2.402661800385,0.0,0.112318256268,0.112318256268,,,0.332719938687,0.332719938687,0.112318256268,0.028153153153,0.438638501139,1.0,8.0,,,2.0,2.0
2025-10-09 08:00:00,,,-5.251801669598,-5.251801669598,5.958993971348,0.70719230175,-0.220931239716,-0.220931239716,,,-1.374230203347,-1.374230203347,-0.220931239716,0.084466817205,0.858453604436,4.0,24.0,,,14.0,14.0
2025-10-09 12:00:00,,,-2.034672319889,-2.034672319889,8.942152619362,6.907480299473,0.108447855268,0.108447855268,,,0.097124689681,0.097124689681,0.108447855268,0.102015835196,1.150566519546,9.0,41.0,17455.0,,21.0,21.0
2025-10-09 16:00:00,,,-1.769916296005,-1.769916296005,3.304502010345,1.53458571434,0.021319808466,0.021319808466,,,0.168193374927,0.168193374927,0.021319808466,0.018939393939,0.967343459476,1.0,25.0,,,12.0,12.0
2025-10-09 20:00:00,,,-4.116899371147,-4.116899371147,4.907744944096,0.790845572948,-0.068170022655,-0.068170022655,,,0.360496760418,0.360496760418,-0.068170022655,0.0,0.527418623546,0.0,10.0,,,1.0,1.0
2025-10-10 00:00:00,0.0,0.0,-1.742252707481,-1.742252707481,2.532000780106,0.789748072624,-0.010731962602,-0.010731962602,-1.870620477477,-1.870620477477,0.005399282709,0.005399282709,-0.010731962602,0.0,0.567631978864,0.0,9.0,,33.0,6.0,6.0
2025-10-10 04:00:00,,,-5.963111877441,-5.963111877441,5.963111877441,0.0,0.066541370906,0.066541370906,,,0.185932567594,0.185932567594,0.066541370906,0.024224806202,0.694984086836,1.0,13.0,,,4.0,4.0
2025-10-10 08:00:00,,,-3.227512419224,-3.227512419224,4.860221922398,1.632709503174,0.077518545417,0.077518545417,,,-0.09604899927,-0.09604899927,0.077518545417,0.037910407765,0.577675643708,3.0,15.0,,,6.0,6.0
2025-10-10 12:00:00,,,-4.928340017796,-4.928340017796,6.42334574461,1.495005726814,-0.030488187897,-0.030488187897,,,-0.332620874126,-0.332620874126,-0.030488187897,0.015782828283,0.513284401692,1.0,17.0,17556.0,,6.0,6.0
2025-10-10 16:00:00,,,-4.798533558846,-4.798533558846,5.550402283669,0.751868724823,0.036757671062,0.036757671062,,,-0.059657100719,-0.059657100719,0.036757671062,0.0,0.339429305329,0.0,14.0,,,5.0,5.0
2025-10-10 20:00:00,,,-2.771221876144,-2.771221876144,4.346275687218,1.575053811073,0.035755808738,0.035755808738,,,0.113073100262,0.113073100262,0.035755808738,0.085188876268,0.336292920375,4.0,17.0,,,6.0,6.0
2025-10-11 00:00:00,0.0,0.0,-4.763316333294,-4.763316333294,4.763316333294,0.0,0.063056621623,0.063056621623,-2.492411831601,-2.492411831601,0.370230569452,0.370230569452,0.063056621623,0.0,0.303228539821,0.0,9.0,,32.0,1.0,1.0
2025-10-11 04:00:00,,,-2.583401560783,-2.583401560783,4.999131202698,2.415729641914,0.020510502266,0.020510502266,,,0.221724257037,0.221724257037,0.020510502266,0.051686960934,0.680429367169,2.0,16.0,,,4.0,4.0
2025-10-11 08:00:00,,,-7.943563818932,-7.943563818932,8.740776836872,0.797213017941,-0.2673167485,-0.2673167485,,,-1.639403815501,-1.639403815501,-0.2673167485,0.0,0.916640265665,0.0,21.0,,,10.0,10.0
2025-10-11 12:00:00,,,-3.788710057735,-3.788710057735,4.535331845284,0.746621787548,0.012880986294,0.012880986294,,,-0.409079712297,-0.409079712297,0.012880986294,0.018436578171,0.4547519307,1.0,16.0,17605.0,,8.0,8.0
2025-10-11 16:00:00,,,-7.484112739563,-7.484112739563,8.365499973297,0.881387233734,0.146271398345,0.146271398345,,,0.073325651501,0.073325651501,0.146271398345,0.034616683553,0.780230080541,2.0,21.0,,,4.0,4.0
2025-10-11 20:00:00,,,-3.461937189102,-3.461937189102,5.131734609604,1.669797420502,-0.094340786269,-0.094340786269,,,0.192110012445,0.192110012445,-0.094340786269,0.03566576087,0.547239267963,2.0,14.0,,,5.0,5.0
2025-10-12 00:00:00,0.0,0.0,-0.916536867619,-0.916536867619,2.402115941048,1.485579073429,0.079179100335,0.079179100335,-2.835815762205,-2.835815762205,0.329704454427,0.329704454427,0.079179100335,0.012860082305,0.624349172678,1.0,9.0,,45.0,4.0,4.0
2025-10-12 04:00:00,,,-4.90200906992,-4.90200906992,4.90200906992,0.0,-0.204368446607,-0.204368446607,,,-0.248979515413,-0.248979515413,-0.204368446607,0.042517006803,0.823551569028,1.0,13.0,,,5.0,5.0
2025-10-12 08:00:00,,,-6.391974210739,-6.391974210739,7.124950408936,0.732976198196,0.123374176632,0.123374176632,,,-0.141533551553,-0.141533551553,0.123374176632,0.023674242424,0.967388556895,1.0,18.0,,,5.0,5.0
2025-10-12 12:00:00,,,-2.227885782719,-2.227885782719,3.867816030979,1.63993024826,0.111448111734,0.111448111734,,,-0.481796453165,-0.481796453165,0.111448111734,0.020032051282,0.685694395638,1.0,18.0,17679.0,,9.0,9.0
2025-10-12 16:00:00,,,-4.081191301346,-4.081191301346,8.837719738483,4.756528437138,-0.013038843975,-0.013038843975,,,-0.476404743779,-0.476404743779,-0.013038843975,0.185196720138,1.306505017917,7.0,33.0,,,16.0,16.0
2025-10-12 20:00:00,,,-5.977337837219,-5.977337837219,6.775430738926,0.798092901707,0.039197971072,0.039197971072,,,0.093279949959,0.093279949959,0.039197971072,0.112385169669,0.904199345407,4.0,20.0,,,6.0,6.0
2025-10-13 00:00:00,0.0,0.0,-2.321359395981,-2.321359395981,3.209778606892,0.888419210911,0.153923566721,0.153923566721,-1.33249364035,-1.33249364035,0.348840976883,0.348840976883,0.153923566721,0.0,1.116272362645,0.0,13.0,,37.0,3.0,3.0
2025-10-13 04:00:00,,,-1.589024186134,-1.589024186134,3.052003800869,1.462979614735,0.208550275562,0.208550275562,,,0.483213283465,0.483213283465,0.208550275562,0.051430659983,0.566644439917,2.0,10.0,,,3.0,3.0
2025-10-13 08:00:00,,,-3.380453467369,-3.380453467369,3.380453467369,0.0,-0.128182065599,-0.128182065599,,,0.138963267604,0.138963267604,-0.128182065599,0.027412280702,0.401325822457,1.0,11.0,,,4.0,4.0
2025-10-13 12:00:00,,,-5.89796859026,-5.89796859026,8.145182132721,2.247213542461,-0.22677340812,-0.22677340812,,,-0.869714037244,-0.869714037244,-0.22677340812,0.195550205259,0.858089126159,8.0,22.0,17796.0,,12.0,12.0
2025-10-13 16:00:00,,,-1.738218426704,-1.738218426704,5.180399060249,3.442180633545,0.252268908957,0.252268908957,,,0.407821223907,0.407821223907,0.252268908957,0.071973233738,0.867219610187,4.0,24.0,,,11.0,11.0
2025-10-13 20:00:00,,,-3.299833118916,-3.299833118916,5.033296704292,1.733463585377,0.036813304078,0.036813304078,,,0.377211117455,0.377211117455,0.036813304078,0.0,0.555793423709,0.0,14.0,,,4.0,4.0
2025-10-14 00:00:00,0.0,0.0,-0.313797593117,-0.313797593117,1.761744320393,1.447946727276,0.007410468411,0.007410468411,-0.474061711037,-0.474061711037,0.403022281646,0.403022281646,0.007410468411,0.063131313131,0.445623851758,1.0,8.0,,25.0,4.0,4.0
2025-10-14 04:00:00,,,-2.568454146385,-2.568454146385,3.371058166027,0.802604019642,-0.13566473945,-0.13566473945,,,0.274959221715,0.274959221715,-0.13566473945,0.0,0.533168075765,0.0,11.0,,,4.0,4.0
2025-10-14 08:00:00,,,-2.477954566479,-2.477954566479,2.477954566479,0.0,-0.10841095934,-0.10841095934,,,0.158081415019,0.158081415019,-0.10841095934,0.022893772894,0.468588073362,1.0,12.0,,,5.0,5.0
2025-10-14 12:00:00,,,-3.937273383141,-3.937273383141,4.708275556564,0.771002173424,0.208838225053,0.208838225053,,,0.211860433841,0.211860433841,0.208838225053,0.020032051282,0.568307930253,1.0,15.0,18019.0,,5.0,5.0
2025-10-14 16:00:00,,,-2.397374808788,-2.397374808788,3.214370906353,0.816996097565,-0.057057272695,-0.057057272695,,,0.309426122734,0.309426122734,-0.057057272695,0.013440860215,0.475082575969,1.0,12.0,,,3.0,3.0
2025-10-14 20:00:00,,,-6.976261854172,-6.976261854172,6.976261854172,0.0,-0.254266037282,-0.254266037282,,,-0.024947080222,-0.024947080222,-0.254266037282,0.0,0.843989227083,0.0,17.0,,,4.0,4.0
2025-10-15 00:00:00,0.0,0.0,-1.876757979393,-1.876757979393,1.876757979393,0.0,0.202857525599,0.202857525599,0.435976380944,0.435976380944,0.328333180142,0.328333180142,0.202857525599,0.0,0.455450646168,0.0,7.0,,14.0,1.0,1.0
2025-10-15 04:00:00,,,-2.643567681313,-2.643567681313,2.643567681313,0.0,0.021339479989,0.021339479989,,,0.35708958599,0.35708958599,0.021339479989,0.0,0.306386421472,0.0,6.0,,,0.0,0.0
2025-10-15 08:00:00,,,0.076862633228,0.076862633228,0.869438230991,0.94630086422,-0.130704314931,-0.130704314931,,,0.199666416819,0.199666416819,-0.130704314931,0.0,0.397835888741,0.0,7.0,,,3.0,3.0
2025-10-15 12:00:00,,,-2.610149085522,-2.610149085522,3.414936363697,0.804787278175,0.098949327298,0.098949327298,,,0.135689605082,0.135689605082,0.098949327298,0.065701992072,0.395814638173,3.0,13.0,18134.0,,3.0,3.0
2025-10-15 16:00:00,,,-4.109056651592,-4.109056651592,4.109056651592,0.0,-0.063939296359,-0.063939296359,,,-0.110876767405,-0.110876767405,-0.063939296359,0.01102292769,0.377608847155,1.0,13.0,,,3.0,3.0
2025-10-15 20:00:00,,,-6.12888199091,-6.12888199091,7.628721475601,1.499839484692,-0.011402988814,-0.011402988814,,,0.029044708931,0.029044708931,-0.011402988814,0.0,0.58875267498,0.0,15.0,,,4.0,4.0
2025-10-16 00:00:00,0.0,0.0,-7.799672603607,-7.799672603607,7.799672603607,0.0,-0.162713163789,-0.162713163789,-2.068082465075,-2.068082465075,-0.485049607147,-0.485049607147,-0.162713163789,0.0,0.706022696797,0.0,15.0,,36.0,3.0,3.0
2025-10-16 04:00:00,,,-4.10337471962,-4.10337471962,5.724116921425,1.620742201805,0.141863814052,0.141863814052,,,-0.600771621343,-0.600771621343,0.141863814052,0.022401433692,0.707382016207,1.0,15.0,,,8.0,8.0
2025-10-16 08:00:00,,,-0.762258946896,-0.762258946896,1.6303165555,0.868057608604,0.148295827634,0.148295827634,,,0.396214879332,0.396214879332,0.148295827634,0.036549707602,0.430302563118,1.0,11.0,,,6.0,6.0
2025-10-16 12:00:00,,,-5.465152204037,-5.465152204037,6.978135049343,1.512982845306,-0.092092671305,-0.092092671305,,,-0.47714368654,-0.47714368654,-0.092092671305,0.0,0.617690473093,0.0,24.0,18176.0,,9.0,9.0
2025-10-16 16:00:00,,,-0.996733665466,-0.996733665466,2.556089580059,1.559355914593,-0.035681368695,-0.035681368695,,,0.685010816467,0.685010816467,-0.035681368695,0.0,0.364121441896,0.0,13.0,,,5.0,5.0
2025-10-16 20:00:00,,,-5.023328304291,-5.023328304291,5.023328304291,0.0,-0.024453407014,-0.024453407014,,,-0.286238963101,-0.286238963101,-0.024453407014,0.01204238921,0.380784170736,1.0,12.0,,,5.0,5.0
2025-10-17 00:00:00,0.0,0.0,-4.151826024055,-4.151826024055,4.151826024055,0.0,-0.03969356775,-0.03969356775,-0.74777665562,-0.74777665562,-0.561453910735,-0.561453910735,-0.03969356775,0.032051282051,0.545599706834,1.0,11.0,,28.0,5.0,5.0
2025-10-17 04:00:00,,,-1.648272097111,-1.648272097111,2.467123746872,0.818851649761,0.079046302598,0.079046302598,,,0.244566118772,0.244566118772,0.079046302598,0.03231095679,0.276142894481,2.0,7.0,,,4.0,4.0
2025-10-17 08:00:00,,,-0.879419147968,-0.879419147968,2.449101686478,1.569682538509,-0.009420554129,-0.009420554129,,,0.444877095252,0.444877095252,-0.009420554129,0.020298242319,0.307441339299,2.0,13.0,,,1.0,1.0
2025-10-17 12:00:00,,,-5.848871648312,-5.848871648312,5.848871648312,0.0,-0.231521859745,-0.231521859745,,,-0.50376266285,-0.50376266285,-0.231521859745,0.026833047114,0.490382017275,2.0,21.0,18213.0,,7.0,7.0
2025-10-17 16:00:00,,,-4.516635775566,-4.516635775566,6.016112089157,1.499476313591,0.053695163872,0.053695163872,,,-0.348456209951,-0.348456209951,0.053695163872,0.022893772894,0.504284520716,1.0,18.0,,,9.0,9.0
2025-10-17 20:00:00,,,-2.444579005241,-2.444579005241,2.444579005241,0.0,0.101115136117,0.101115136117,,,0.243887201469,0.243887201469,0.101115136117,0.0,0.313550070494,0.0,10.0,,,2.0,2.0
2025-10-18 00:00:00,0.0,0.0,-3.79129832983,-3.79129832983,3.79129832983,0.0,-0.019389902594,-0.019389902594,-0.006288493071,-0.006288493071,-0.077947489038,-0.077947489038,-0.019389902594,0.0,0.488172093572,0.0,10.0,,17.0,3.0,3.0
2025-10-18 04:00:00,,,-3.315427541733,-3.315427541733,3.315427541733,0.0,0.005792380273,0.005792380273,,,-0.040452142219,-0.040452142219,0.005792380273,0.0,0.432857470673,0.0,7.0,,,5.0,5.0
2025-10-18 08:00:00,,,-1.544119954109,-1.544119954109,1.544119954109,0.0,0.12259785258,0.12259785258,,,0.519102810184,0.519102810184,0.12259785258,0.0,0.317015160765,0.0,7.0,,,0.0,0.0
2025-10-18 12:00:00,,,-4.658476352692,-4.658476352692,4.658476352692,0.0,-0.034676654982,-0.034676654982,,,0.113254474741,0.113254474741,-0.034676654982,0.0,0.410384450739,0.0,13.0,18278.0,,3.0,3.0
2025-10-18 16:00:00,,,-3.956770718098,-3.956770718098,3.956770718098,0.0,0.027387533384,0.027387533384,,,0.355642773896,0.355642773896,0.027387533384,0.0,0.44358741014,0.0,11.0,,,2.0,2.0
2025-10-18 20:00:00,,,-3.95495736599,-3.95495736599,4.715592265129,0.760634899139,-0.078858784072,-0.078858784072,,,0.097033785378,0.097033785378,-0.078858784072,0.0,0.590914168151,0.0,13.0,,,4.0,4.0
2025-10-19 00:00:00,0.0,0.0,-0.749582529068,-0.749582529068,0.749582529068,0.0,0.134526237363,0.134526237363,0.626032809765,0.626032809765,0.519091687823,0.519091687823,0.134526237363,0.0,0.256577966544,0.0,4.0,,14.0,0.0,0.0
2025-10-19 04:00:00,,,-0.878464996815,-0.878464996815,0.878464996815,0.0,0.0,0.0,,,0.52827180154,0.52827180154,0.0,0.0,0.343083145803,0.0,6.0,,,1.0,1.0
2025-10-19 08:00:00,,,-0.731276333332,-0.731276333332,0.731276333332,0.0,0.0,0.0,,,0.508816122253,0.508816122253,0.0,0.015096618357,0.193698057053,1.0,5.0,,,0.0,0.0
2025-10-19 12:00:00,,,-6.876629889011,-6.876629889011,6.876629889011,0.0,-0.189081255659,-0.189081255659,,,-0.806812554217,-0.806812554217,-0.189081255659,0.0262312435,0.533158586127,2.0,13.0,18314.0,,4.0,4.0
2025-10-19 16:00:00,,,-4.087469696999,-4.087469696999,4.792581439018,0.70511174202,-0.089595293367,-0.089595293367,,,-0.422939315481,-0.422939315481,-0.089595293367,0.0,0.715769212871,0.0,18.0,,,7.0,7.0
2025-10-19 20:00:00,,,-0.758475065231,-0.758475065231,1.526000201702,0.767525136471,0.158710279733,0.158710279733,,,0.334654741793,0.334654741793,0.158710279733,0.0,0.253911560777,0.0,6.0,,,2.0,2.0
2025-10-20 00:00:00,0.0,0.0,-1.645053982735,-1.645053982735,1.645053982735,0.0,0.005334869997,0.005334869997,0.636301052627,0.636301052627,0.421452507593,0.421452507593,0.005334869997,0.0,0.178373171369,0.0,3.0,,17.0,1.0,1.0
2025-10-20 04:00:00,,,-0.697707951069,-0.697707951069,2.246574997902,1.548867046833,-0.144041489925,-0.144041489925,,,0.484117442442,0.484117442442,-0.144041489925,0.022163120567,0.493620655744,1.0,12.0,,,1.0,1.0
2025-10-20 08:00:00,,,-2.387590229511,-2.387590229511,2.387590229511,0.0,0.128036879933,0.128036879933,,,0.42753091599,0.42753091599,0.128036879933,0.075898639896,0.348739660648,2.0,9.0,,,0.0,0.0
2025-10-20 12:00:00,,,0.204647362232,0.204647362232,2.23388081789,2.438528180122,0.163478163881,0.163478163881,,,0.532427610078,0.532427610078,0.163478163881,0.036718539712,0.332704890336,3.0,12.0,18363.0,,6.0,6.0
2025-10-20 16:00:00,,,-2.617373883724,-2.617373883724,4.14140599966,1.524032115936,-0.017522533446,-0.017522533446,,,-0.176700434931,-0.176700434931,-0.017522533446,0.05263468286,0.476689458353,3.0,14.0,,,5.0,5.0
2025-10-20 20:00:00,,,-4.048792541027,-4.048792541027,4.809143960476,0.760351419449,-0.058155316576,-0.058155316576,,,-0.464462722612,-0.464462722612,-0.058155316576,0.0,0.486706507964,0.0,14.0,,,4.0,4.0
2025-10-21 00:00:00,0.0,0.0,-4.395912468433,-4.395912468433,4.395912468433,0.0,0.02141330202,0.02141330202,-1.045317547781,-1.045317547781,0.380794386276,0.380794386276,0.02141330202,0.013888888889,0.289225860347,1.0,6.0,,30.0,1.0,1.0
2025-10-21 04:00:00,,,-2.447070419788,-2.447070419788,2.447070419788,0.0,-0.11469970494,-0.11469970494,,,0.12856797944,0.12856797944,-0.11469970494,0.0,0.332599156993,0.0,6.0,,,2.0,2.0
2025-10-21 08:00:00,,,-0.084059715271,-0.084059715271,0.831581413746,0.747521698475,0.056436908539,0.056436908539,,,0.201457788257,0.201457788257,0.056436908539,0.0,0.250212352856,0.0,7.0,,,3.0,3.0
2025-10-21 12:00:00,,,-5.019985258579,-5.019985258579,5.019985258579,0.0,0.036764725625,0.036764725625,,,-1.273780233723,-1.273780233723,0.036764725625,0.032466869916,0.68464749798,3.0,22.0,18409.0,,10.0,10.0
2025-10-21 16:00:00,,,-4.646079659462,-4.646079659462,6.131215810776,1.485136151314,-0.074406658219,-0.074406658219,,,-1.03397476389,-1.03397476389,-0.074406658219,0.075901768429,0.602481518628,4.0,20.0,,,6.0,6.0
2025-10-21 20:00:00,,,-4.045572459698,-4.045572459698,5.651108622551,1.605536162853,-0.103215302677,-0.103215302677,,,-1.07243361235,-1.07243361235,-0.103215302677,0.0,0.563091299666,0.0,16.0,,,8.0,8.0
2025-10-22 00:00:00,0.0,0.0,-1.650722324848,-1.650722324848,1.650722324848,0.0,0.159431766255,0.159431766255,-0.337678413267,-0.337678413267,0.233976383355,0.233976383355,0.159431766255,0.0,0.123985425918,0.0,4.0,,19.0,2.0,2.0
2025-10-22 04:00:00,,,-1.539183139801,-1.539183139801,2.365365147591,0.82618200779,0.031302277387,0.031302277387,,,0.333273319747,0.333273319747,0.031302277387,0.0,0.28985158238,0.0,7.0,,,2.0,2.0
2025-10-22 08:00:00,,,-5.726171374321,-5.726171374321,5.726171374321,0.0,-0.058683569969,-0.058683569969,,,0.103427746029,0.103427746029,-0.058683569969,0.0,0.372651354994,0.0,10.0,,,2.0,2.0
2025-10-22 12:00:00,,,-8.180886507034,-8.180886507034,8.180886507034,0.0,-0.163932250043,-0.163932250043,,,-1.020208211698,-1.020208211698,-0.163932250043,0.007687576876,0.402824554815,1.0,16.0,18460.0,,7.0,7.0
2025-10-22 16:00:00,,,-3.24231338501,-3.24231338501,4.04894477129,0.80663138628,0.210113129246,0.210113129246,,,0.30733810533,0.30733810533,0.210113129246,0.084290249091,0.300347259991,4.0,10.0,,,3.0,3.0
2025-10-22 20:00:00,,,-2.445225059986,-2.445225059986,2.445225059986,0.0,0.013171296038,0.013171296038,,,0.206595359844,0.206595359844,0.013171296038,0.0,0.386573776141,0.0,11.0,,,3.0,3.0
2025-10-23 00:00:00,0.0,0.0,-0.072395920753,-0.072395920753,0.818724751472,0.746328830719,0.130704314931,0.130704314931,0.218134580725,0.218134580725,0.446424056712,0.446424056712,0.130704314931,0.0,0.400397897252,0.0,8.0,,19.0,2.0,2.0
2025-10-23 04:00:00,,,-3.419731080532,-3.419731080532,3.419731080532,0.0,-0.087718388,-0.087718388,,,0.271064556606,0.271064556606,-0.087718388,0.0,0.718027444082,0.0,13.0,,,2.0,2.0
2025-10-23 08:00:00,,,-4.465309739113,-4.465309739113,5.230099022388,0.764789283276,0.028200497508,0.028200497508,,,-0.082253142928,-0.082253142928,0.028200497508,0.0,0.419865673729,0.0,12.0,,,3.0,3.0
2025-10-23 12:00:00,,,-4.789364516735,-4.789364516735,4.789364516735,0.0,-0.180053470478,-0.180053470478,,,-0.194442881124,-0.194442881124,-0.180053470478,0.055342785745,0.396745134329,3.0,13.0,18486.0,,6.0,6.0
2025-10-23 16:00:00,,,-1.761179924011,-1.761179924011,2.553199231625,0.792019307613,0.102423009631,0.102423009631,,,0.310351528383,0.310351528383,0.102423009631,0.0,0.384494325015,0.0,12.0,,,2.0,2.0
2025-10-23 20:00:00,,,-0.807783126831,-0.807783126831,2.43708884716,1.629305720329,-0.174148576324,-0.174148576324,,,0.477901096653,0.477901096653,-0.174148576324,0.0,0.647896744619,0.0,13.0,,,4.0,4.0
2025-10-24 00:00:00,0.0,0.0,0.701204717159,0.701204717159,0.0,0.701204717159,0.177972969539,0.177972969539,0.313110878077,0.313110878077,0.450093256112,0.450093256112,0.177972969539,0.015206812652,0.341453342892,1.0,5.0,,19.0,1.0,1.0
2025-10-24 04:00:00,,,0.0,0.0,0.0,0.0,0.002667434999,0.002667434999,,,0.363579379317,0.363579379317,0.002667434999,0.069444444444,0.246564275097,1.0,4.0,,,0.0,0.0
2025-10-24 08:00:00,,,-5.734598040581,-5.734598040581,7.273326575756,1.538728535175,0.0,0.0,,,0.281662896469,0.281662896469,0.0,0.0,0.533154369733,0.0,15.0,,,1.0,1.0
2025-10-24 12:00:00,,,-6.608022511005,-6.608022511005,7.358060240746,0.75003772974,0.039156207172,0.039156207172,,,-1.536459343817,-1.536459343817,0.039156207172,0.0,0.693379030835,0.0,26.0,,,9.0,9.0
2025-10-24 16:00:00,,,-0.014663934708,-0.014663934708,3.205999732018,3.19133579731,-0.048340501887,-0.048340501887,,,0.517522366943,0.517522366943,-0.048340501887,0.01170411985,0.638268308436,1.0,19.0,,,7.0,7.0
2025-10-24 20:00:00,,,-2.315476179123,-2.315476179123,3.068479001522,0.753002822399,0.04526154032,0.04526154032,,,0.437097406909,0.437097406909,0.04526154032,0.0,0.318366543701,0.0,8.0,,,1.0,1.0
2025-10-25 00:00:00,0.0,0.0,0.825326263905,0.825326263905,0.0,0.825326263905,-0.008252391816,-0.008252391816,0.644485020095,0.644485020095,0.406045927947,0.406045927947,-0.008252391816,0.0,0.232024919525,0.0,5.0,,11.0,0.0,0.0
2025-10-25 04:00:00,,,-0.122392117977,-0.122392117977,0.880865454674,0.758473336697,0.0,0.0,,,0.365445439455,0.365445439455,0.0,0.0,0.252647713172,0.0,5.0,,,0.0,0.0
2025-10-25 08:00:00,,,-3.114668250084,-3.114668250084,3.873796224594,0.75912797451,-0.164684289474,-0.164684289474,,,-0.908793204173,-0.908793204173,-0.164684289474,0.020424836601,0.386477020647,1.0,10.0,,,5.0,5.0
2025-10-25 12:00:00,,,-5.416474342346,-5.416474342346,6.22869259119,0.812218248844,0.011186569603,0.011186569603,,,0.110531795019,0.110531795019,0.011186569603,0.014775413712,0.322828527854,1.0,11.0,,,1.0,1.0
2025-10-25 16:00:00,,,-5.384925186634,-5.384925186634,6.136793911457,0.751868724823,0.152107119609,0.152107119609,,,-0.055523207563,-0.055523207563,0.152107119609,0.022163120567,0.81059973261,1.0,19.0,,,5.0,5.0
2025-10-25 20:00:00,,,-3.640045821667,-3.640045821667,5.29812926054,1.658083438873,-0.071734270285,-0.071734270285,,,0.394270528535,0.394270528535,-0.071734270285,0.017959770115,0.598959644067,1.0,12.0,,,0.0,0.0
2025-10-26 00:00:00,0.0,0.0,-5.107084274292,-5.107084274292,5.855079114437,0.747994840145,-0.034676654982,-0.034676654982,-0.130020550151,-0.130020550151,0.086686532722,0.086686532722,-0.034676654982,0.0,0.784149250191,0.0,12.0,,15.0,1.0,1.0
2025-10-26 04:00:00,,,-3.312055587769,-3.312055587769,3.312055587769,0.0,0.034676654982,0.034676654982,,,0.321291733303,0.321291733303,0.034676654982,0.0,0.399952121699,0.0,6.0,,,0.0,0.0
2025-10-26 08:00:00,,,-1.047341585159,-1.047341585159,1.781478226185,0.734136641026,-0.233340578053,-0.233340578053,,,-0.133623352019,-0.133623352019,-0.233340578053,0.016149870801,0.247653981808,1.0,6.0,,,3.0,3.0
2025-10-26 12:00:00,,,-5.089195370674,-5.089195370674,6.586136877537,1.496941506863,0.035057788426,0.035057788426,,,-0.578067652948,-0.578067652948,0.035057788426,0.0,0.558687613752,0.0,17.0,,,4.0,4.0
2025-10-26 16:00:00,,,-5.434787392616,-5.434787392616,6.154498279095,0.719710886478,0.000124870813,0.000124870813,,,-0.487098775701,-0.487098775701,0.000124870813,0.0,0.668399871911,0.0,18.0,,,5.0,5.0
2025-10-26 20:00:00,,,-4.99072933197,-4.99072933197,4.99072933197,0.0,-0.031607705018,-0.031607705018,,,-0.147445433337,-0.147445433337,-0.031607705018,0.0,0.390130947531,0.0,10.0,,,2.0,2.0
2025-10-27 00:00:00,0.0,0.0,-0.951567173004,-0.951567173004,1.665953397751,0.714386224747,0.178753367208,0.178753367208,0.553882794139,0.553882794139,0.289077353641,0.289077353641,0.178753367208,0.0,0.425903104066,0.0,8.0,,18.0,3.0,3.0
2025-10-27 04:00:00,,,-0.873496353626,-0.873496353626,1.702157258987,0.828660905361,0.005334869997,0.005334869997,,,0.366647108802,0.366647108802,0.005334869997,0.0,0.28681482288,0.0,5.0,,,0.0,0.0
2025-10-27 08:00:00,,,0.0,0.0,0.0,0.0,0.0,0.0,,,0.397969617586,0.397969617586,0.0,0.0,0.09798325723,0.0,2.0,,,1.0,1.0
2025-10-27 12:00:00,,,-1.760572969913,-1.760572969913,2.500677645206,0.740104675293,-0.144041489925,-0.144041489925,,,-0.265878142391,-0.265878142391,-0.144041489925,0.028173663601,0.285516610595,2.0,10.0,,,4.0,3.0
2025-10-27 16:00:00,,,-2.350692510605,-2.350692510605,3.11549949646,0.764806985855,-0.032939892295,-0.032939892295,,,-0.29452115242,-0.29452115242,-0.032939892295,0.0,0.48803515665,0.0,15.0,,,3.0,3.0
2025-10-27 20:00:00,,,-5.418747127056,-5.418747127056,5.418747127056,0.0,-0.013054281483,-0.013054281483,,,-0.549349811331,-0.549349811331,-0.013054281483,0.0,0.449393888474,0.0,12.0,,,6.0,4.0
2025-10-28 00:00:00,0.0,0.0,-4.260002553463,-4.260002553463,5.107649683952,0.847647130489,-0.003814399328,-0.003814399328,-0.351470193821,-0.351470193821,-1.015040236105,-1.015040236105,-0.003814399328,0.011384335155,0.696826298016,1.0,12.0,,25.0,6.0,6.0
2025-10-28 04:00:00,,,-3.25256639719,-3.25256639719,3.25256639719,0.0,0.152473061089,0.152473061089,,,0.152585773478,0.152585773478,0.152473061089,0.0,0.611516073647,0.0,12.0,,,4.0,4.0
2025-10-28 08:00:00,,,1.446700036526,1.446700036526,0.90978038311,2.356480419636,0.168048404912,0.168048404912,,,0.626896122251,0.626896122251,0.168048404912,0.030928857163,0.381308583724,2.0,10.0,,,2.0,2.0
2025-10-28 12:00:00,,,-2.475027620792,-2.475027620792,2.475027620792,0.0,-0.125369444934,-0.125369444934,,,0.023585238665,0.023585238665,-0.125369444934,0.026371308017,0.301836870296,1.0,10.0,18534.0,,2.0,2.0
2025-10-28 16:00:00,,,-5.296539485455,-5.296539485455,7.452674210072,2.156134724617,-0.069353309964,-0.069353309964,,,-0.184143137447,-0.184143137447,-0.069353309964,0.0,0.568218301626,0.0,19.0,,,5.0,5.0
2025-10-28 20:00:00,,,-3.178145170212,-3.178145170212,4.007072806358,0.828927636147,0.055322335184,0.055322335184,,,-0.094265502421,-0.094265502421,0.055322335184,0.0,0.446790526281,0.0,13.0,,,6.0,6.0
2025-10-29 00:00:00,0.0,0.0,-1.178079307079,-1.178079307079,3.45043194294,2.27235263586,-0.29764443105,-0.29764443105,-0.483365084503,-0.483365084503,0.430953518167,0.430953518167,-0.29764443105,0.0,0.64262553593,0.0,10.0,,22.0,2.0,2.0
2025-10-29 04:00:00,,,-5.890555679798,-5.890555679798,5.890555679798,0.0,0.112313458817,0.112313458817,,,-0.086500465128,-0.086500465128,0.112313458817,0.0,0.78077139811,0.0,15.0,,,2.0,2.0
2025-10-29 08:00:00,,,-1.655698418617,-1.655698418617,1.655698418617,0.0,-0.004233847556,-0.004233847556,,,0.032519944234,0.032519944234,-0.004233847556,0.0,0.28052786163,0.0,10.0,,,6.0,6.0
2025-10-29 12:00:00,,,-3.513320982456,-3.513320982456,4.246757864952,0.733436882496,0.067501687835,0.067501687835,,,-0.287439330437,-0.287439330437,0.067501687835,0.050825580119,0.275994701204,5.0,15.0,18548.0,,4.0,4.0
2025-10-29 16:00:00,,,-4.552577495575,-4.552577495575,4.552577495575,0.0,-0.144130767566,-0.144130767566,,,-0.391003020072,-0.391003020072,-0.144130767566,0.026893924362,0.193601320829,3.0,11.0,,,3.0,3.0
2025-10-29 20:00:00,,,-4.213915228844,-4.213915228844,5.039312541485,0.825397312641,0.169697192837,0.169697192837,,,-0.485140128238,-0.485140128238,0.169697192837,0.017573401738,0.382332049638,2.0,16.0,,,5.0,5.0
2025-10-30 00:00:00,0.0,0.0,-4.411274075508,-4.411274075508,4.411274075508,0.0,0.079413227761,0.079413227761,-1.222576875302,-1.222576875302,0.537814691003,0.537814691003,0.079413227761,0.0,0.149045130298,0.0,6.0,,22.0,1.0,1.0
2025-10-30 04:00:00,,,-4.563263237476,-4.563263237476,6.176117181778,1.612853944302,0.042678959978,0.042678959978,,,0.6039483579,0.6039483579,0.042678959978,0.013102725367,0.308647450194,1.0,12.0,,,0.0,0.0
2025-10-30 08:00:00,,,-3.671287119389,-3.671287119389,4.39819252491,0.726905405521,0.0,0.0,,,0.548969727898,0.548969727898,0.0,0.018737914832,0.349534991007,2.0,16.0,,,0.0,0.0
2025-10-30 12:00:00,,,-6.400519907475,-6.400519907475,7.328394651413,0.927874743938,-0.092857884137,-0.092857884137,,,-0.71244576401,-0.71244576401,-0.092857884137,0.007659313725,0.361053631727,1.0,18.0,18578.0,,7.0,7.0
2025-10-30 16:00:00,,,-4.664636552334,-4.664636552334,6.385856032372,1.721219480038,0.163295499504,0.163295499504,,,-1.01159485307,-1.01159485307,0.163295499504,0.044331258253,0.398782387748,5.0,21.0,,,9.0,9.0
2025-10-30 20:00:00,,,-5.969461619854,-5.969461619854,7.458094894886,1.488633275032,-0.072248057629,-0.072248057629,,,-0.714044940008,-0.714044940008,-0.072248057629,0.014076576577,0.514787855243,1.0,25.0,,,5.0,5.0
2025-10-31 00:00:00,0.0,0.0,-0.349460601807,-0.349460601807,4.130456566811,3.780995965004,-0.038362358172,-0.038362358172,-1.119465841047,-1.119465841047,0.018886847062,0.018886847062,-0.038362358172,0.011322463768,0.446886590865,1.0,21.0,,34.0,12.0,12.0
2025-10-31 04:00:00,,,0.001825630665,0.001825630665,1.556493222713,1.558318853378,0.07034248261,0.07034248261,,,0.526459316967,0.526459316967,0.07034248261,0.013616557734,0.236283916909,1.0,12.0,,,3.0,3.0
2025-10-31 08:00:00,,,-3.347666084766,-3.347666084766,4.059193491936,0.711527407169,-0.10623507818,-0.10623507818,,,0.005553403787,0.005553403787,-0.10623507818,0.062814070352,0.317636560847,6.0,19.0,,,6.0,6.0
2025-10-31 12:00:00,,,-3.248610913754,-3.248610913754,4.852195978165,1.603585064411,0.037820244647,0.037820244647,,,-0.314543462531,-0.314543462531,0.037820244647,0.009556574924,0.271886310446,1.0,18.0,,,6.0,6.0
2025-10-31 16:00:00,,,-7.704674959183,-7.704674959183,8.429582834244,0.724907875061,0.027058232002,0.027058232002,,,-0.622895998235,-0.622895998235,0.027058232002,0.008468834688,0.253367624436,1.0,16.0,,,4.0,4.0
2025-10-31 20:00:00,,,-4.061070740223,-4.061070740223,4.831788301468,0.770717561245,0.120951513007,0.120951513007,,,0.344560229055,0.344560229055,0.120951513007,0.007467144564,0.241661385407,1.0,13.0,,,3.0,3.0
2025-11-01 00:00:00,0.0,0.0,-2.413794279099,-2.413794279099,2.413794279099,0.0,-0.122121982917,-0.122121982917,-1.219395511458,-1.219395511458,0.256263618595,0.256263618595,-0.122121982917,0.013020833333,0.183859832002,1.0,8.0,18629.0,32.0,3.0,3.0
2025-11-01 04:00:00,,,-1.843378186226,-1.843378186226,1.843378186226,0.0,0.10808375478,0.10808375478,,,0.467770937081,0.467770937081,0.10808375478,0.0,0.094642659643,0.0,5.0,,,1.0,1.0
2025-11-01 08:00:00,,,-3.262805998325,-3.262805998325,3.262805998325,0.0,-0.241869130188,-0.241869130188,,,0.18695536656,0.18695536656,-0.241869130188,0.0,0.174267607036,0.0,11.0,,,5.0,5.0
2025-11-01 12:00:00,,,-4.66941422224,-4.66941422224,5.547652542591,0.878238320351,-0.064766576522,-0.064766576522,,,-0.756852978821,-0.756852978821,-0.064766576522,0.0,0.262628161886,0.0,17.0,,,11.0,11.0
2025-11-01 16:00:00,,,-3.583313584328,-3.583313584328,4.421910405159,0.838596820831,0.123265769576,0.123265769576,,,-0.413555099957,-0.413555099957,0.123265769576,0.0,0.285176731444,0.0,18.0,,,7.0,7.0
2025-11-01 20:00:00,,,-5.212480783463,-5.212480783463,6.741995573044,1.529514789581,-0.002133088585,-0.002133088585,,,-0.251602712495,-0.251602712495,-0.002133088585,0.0,0.288559918581,0.0,15.0,,,5.0,5.0
2025-11-02 00:00:00,0.0,0.0,-2.414211988449,-2.414211988449,2.414211988449,0.0,0.039056641973,0.039056641973,-0.275508201645,-0.275508201645,0.33678693693,0.33678693693,0.039056641973,0.0,0.08727244142,0.0,4.0,18627.0,30.0,2.0,2.0
2025-11-02 04:00:00,,,-3.774800300598,-3.774800300598,4.499058902264,0.724258601665,-0.089374517283,-0.089374517283,,,0.027930911069,0.027930911069,-0.089374517283,0.0,0.230091368486,0.0,10.0,,,4.0,4.0
2025-11-02 08:00:00,,,-2.550988078117,-2.550988078117,4.059954941273,1.508966863155,0.129220205674,0.129220205674,,,0.426864337145,0.426864337145,0.129220205674,0.0,0.240679236441,0.0,14.0,,,4.0,4.0
2025-11-02 12:00:00,,,-1.524963796139,-1.524963796139,3.836067378521,2.311103582382,0.002490445477,0.002490445477,,,0.085271467658,0.085271467658,0.002490445477,0.0,0.344206740247,0.0,21.0,,,8.0,8.0
2025-11-02 16:00:00,,,-1.098138570786,-1.098138570786,4.152748167515,3.054609596729,0.050654513461,0.050654513461,,,0.269606415227,0.269606415227,0.050654513461,0.007284382284,0.217266715188,1.0,15.0,,,6.0,6.0
2025-11-02 20:00:00,,,-3.212323248386,-3.212323248386,4.857421278954,1.645098030567,-0.096106096003,-0.096106096003,,,-0.058193081349,-0.058193081349,-0.096106096003,0.0,0.219069637432,0.0,15.0,,,6.0,6.0
2025-11-03 00:00:00,0.0,0.0,-2.925126731396,-2.925126731396,2.925126731396,0.0,-0.002980243381,-0.002980243381,-1.550010776238,-1.550010776238,-0.002046894869,-0.002046894869,-0.002980243381,0.0,0.126642420714,0.0,9.0,18643.0,31.0,4.0,5.0
2025-11-03 04:00:00,,,-3.12407296896,-3.12407296896,3.12407296896,0.0,0.138742119302,0.138742119302,,,0.25094394953,0.25094394953,0.138742119302,0.0,0.184411310286,0.0,15.0,,,4.0,4.0
2025-11-03 08:00:00,,,-3.156521081924,-3.156521081924,3.936289429665,0.77976834774,-0.225245237243,-0.225245237243,,,-0.010662720653,-0.010662720653,-0.225245237243,0.0,0.163334299568,0.0,14.0,,,7.0,7.0
2025-11-03 12:00:00,,,-5.071790754795,-5.071790754795,5.901911795139,0.830121040344,0.019336363681,0.019336363681,,,-0.42140584951,-0.42140584951,0.019336363681,0.0,0.202185349389,0.0,22.0,,,5.0,5.0
2025-11-03 16:00:00,,,-6.237243533134,-6.237243533134,7.107992887497,0.870749354362,0.111728763599,0.111728763599,,,-0.107604957638,-0.107604957638,0.111728763599,0.006831647094,0.2011477068,2.0,24.0,,,5.0,5.0
2025-11-03 20:00:00,,,-4.432221233845,-4.432221233845,5.962049722672,1.529828488827,0.039241623621,0.039241623621,,,-0.096906871254,-0.096906871254,0.039241623621,0.0,0.183244558536,0.0,19.0,,,6.0,6.0
2025-11-04 00:00:00,0.0,0.0,-7.036686122417,-7.036686122417,7.751824200153,0.715138077736,-0.084443111098,-0.084443111098,-2.438670454635,-2.438670454635,-0.371424037146,-0.371424037146,-0.084443111098,0.004053177691,0.17120346676,1.0,16.0,18652.0,44.0,5.0,5.0
2025-11-04 04:00:00,,,-1.554171442986,-1.554171442986,3.236822068691,1.682650625706,0.112643095875,0.112643095875,,,-0.141829807902,-0.141829807902,0.112643095875,0.003219989696,0.087880288041,1.0,9.0,,,4.0,4.0
2025-11-04 08:00:00,,,-4.819128513336,-4.819128513336,4.819128513336,0.0,-0.200360144782,-0.200360144782,,,-0.071460500167,-0.071460500167,-0.200360144782,0.0,0.15495683277,0.0,17.0,,,6.0,6.0
2025-11-04 12:00:00,,,-4.521287083626,-4.521287083626,6.060827374458,1.539540290833,-0.006448525436,-0.006448525436,,,-0.315602857039,-0.315602857039,-0.006448525436,0.0029342723,0.142282081547,1.0,17.0,,,11.0,11.0
2025-11-04 16:00:00,,,-3.723640143871,-3.723640143871,7.806526124477,4.082885980606,-0.186195053203,-0.186195053203,,,-1.208694642534,-1.208694642534,-0.186195053203,0.0,0.21784906672,0.0,27.0,,,12.0,12.0
2025-11-04 20:00:00,,,-2.135379731655,-2.135379731655,5.063568294048,2.928188562393,0.315275825475,0.315275825475,,,0.467357511809,0.467357511809,0.315275825475,0.003953194181,0.181135948227,1.0,20.0,,,6.0,6.0
2025-11-05 00:00:00,0.0,0.0,-2.717822909355,-2.717822909355,2.717822909355,0.0,0.005760061518,0.005760061518,-1.06770195907,-1.06770195907,0.150081116664,0.150081116664,0.005760061518,0.0,0.107654609071,0.0,10.0,18647.0,37.0,6.0,6.0
2025-11-05 04:00:00,,,-2.268380761147,-2.268380761147,2.268380761147,0.0,-0.108557930706,-0.108557930706,,,0.488874571152,0.488874571152,-0.108557930706,0.008254061652,0.109459004893,2.0,10.0,,,4.0,4.0
2025-11-05 08:00:00,,,-1.738128960133,-1.738128960133,3.204479515553,1.46635055542,0.024614519511,0.024614519511,,,0.073643283914,0.073643283914,0.024614519511,0.004996003197,0.109966661892,1.0,12.0,,,6.0,6.0
2025-11-05 12:00:00,,,-3.088407218456,-3.088407218456,6.157372534275,3.068965315819,0.074023129842,0.074023129842,,,-0.083513992801,-0.083513992801,0.074023129842,0.006351166353,0.178779248532,2.0,22.0,,,11.0,11.0
2025-11-05 16:00:00,,,-4.660354137421,-4.660354137421,7.729050695896,3.068696558475,-0.183031581507,-0.183031581507,,,-0.395314895834,-0.395314895834,-0.183031581507,0.0,0.226530162284,0.0,27.0,,,7.0,7.0
2025-11-05 20:00:00,,,-4.029523670673,-4.029523670673,5.706911027431,1.677387356758,0.146323993667,0.146323993667,,,0.380292104284,0.380292104284,0.146323993667,0.0,0.162878439732,0.0,17.0,,,3.0,3.0
2025-11-06 00:00:00,0.0,0.0,-2.394019722939,-2.394019722939,2.394019722939,0.0,-0.176164997454,-0.176164997454,-1.584259990033,-1.584259990033,0.372875426489,0.372875426489,-0.176164997454,0.0,0.078306601924,0.0,8.0,18694.0,31.0,3.0,3.0
2025-11-06 04:00:00,,,-3.479580044746,-3.479580044746,3.479580044746,0.0,0.128036879933,0.128036879933,,,0.369211115356,0.369211115356,0.128036879933,0.003700414446,0.087067135099,1.0,9.0,,,2.0,2.0
2025-11-06 08:00:00,,,-4.476026237011,-4.476026237011,6.088401734829,1.612375497818,-0.188784996563,-0.188784996563,,,0.086694906748,0.086694906748,-0.188784996563,0.002921926134,0.121996075024,1.0,15.0,,,4.0,4.0
2025-11-06 12:00:00,,,-2.395782411098,-2.395782411098,3.921647429466,1.525865018368,0.093206084792,0.093206084792,,,0.209744344089,0.209744344089,0.093206084792,0.0,0.134294182669,0.0,17.0,,,6.0,6.0
2025-11-06 16:00:00,,,-4.157513558865,-4.157513558865,4.917549669743,0.760036110878,-0.004107615443,-0.004107615443,,,-0.319147955716,-0.319147955716,-0.004107615443,0.0,0.133623824604,0.0,15.0,,,7.0,7.0
2025-11-06 20:00:00,,,-10.30323266983,-10.30323266983,10.30323266983,0.0,-0.197048892327,-0.197048892327,,,-1.230505636468,-1.230505636468,-0.197048892327,0.0,0.167714691743,0.0,20.0,,,9.0,9.0
2025-11-07 00:00:00,0.0,0.0,-3.068316757679,-3.068316757679,3.846283137798,0.777966380119,0.129383010536,0.129383010536,-0.761684312948,-0.761684312948,0.402774237963,0.402774237963,0.129383010536,0.0,0.123832520745,0.0,13.0,18701.0,25.0,3.0,3.0
2025-11-07 04:00:00,,,-1.700407385826,-1.700407385826,1.700407385826,0.0,0.162132506943,0.162132506943,,,0.463432551629,0.463432551629,0.162132506943,0.0,0.04601157718,0.0,5.0,,,0.0,0.0
2025-11-07 08:00:00,,,0.027929186821,0.027929186821,0.725934147835,0.753863334656,0.005334869997,0.005334869997,,,0.471601065331,0.471601065331,0.005334869997,0.0,0.095213474247,0.0,11.0,,,4.0,4.0
2025-11-07 12:00:00,,,-4.801462590694,-4.801462590694,5.509019196033,0.707556605339,0.154711229919,0.154711229919,,,0.448981555459,0.448981555459,0.154711229919,0.002815315315,0.098372868758,1.0,13.0,,,4.0,4.0
2025-11-07 16:00:00,,,-8.384610295296,-8.384610295296,8.384610295296,0.0,-0.143106809736,-0.143106809736,,,-1.027626859494,-1.027626859494,-0.143106809736,0.002627154266,0.146661987495,1.0,19.0,,,8.0,8.0
2025-11-07 20:00:00,,,-6.916850984097,-6.916850984097,8.358865559101,1.442014575005,-0.100937700704,-0.100937700704,,,-0.556705964183,-0.556705964183,-0.100937700704,0.010359889843,0.146562984314,3.0,17.0,,,6.0,6.0
2025-11-08 00:00:00,0.0,0.0,-2.46361964941,-2.46361964941,2.46361964941,0.0,0.179436224956,0.179436224956,0.480783759147,0.480783759147,0.489598930946,0.489598930946,0.179436224956,0.0,0.044619110612,0.0,5.0,18714.0,17.0,0.0,0.0
2025-11-08 04:00:00,,,-2.354223370552,-2.354223370552,2.354223370552,0.0,-0.157378664918,-0.157378664918,,,0.383292887029,0.383292887029,-0.157378664918,0.0,0.071741264144,0.0,7.0,,,2.0,2.0
2025-11-08 08:00:00,,,-1.041086256504,-1.041086256504,1.809695005417,0.768608748913,0.008974914016,0.008974914016,,,0.414323367151,0.414323367151,0.008974914016,0.003635834788,0.044709581103,1.0,5.0,,,2.0,2.0
2025-11-08 12:00:00,,,-0.222109138966,-0.222109138966,3.221765995026,2.99965685606,0.039402780332,0.039402780332,,,0.409758748807,0.409758748807,0.039402780332,0.0,0.140658723347,0.0,16.0,,,5.0,5.0
2025-11-08 16:00:00,,,-1.711212933064,-1.711212933064,2.494876146317,0.783663213253,0.066408024137,0.066408024137,,,0.359700360968,0.359700360968,0.066408024137,0.0,0.07402387347,0.0,8.0,,,1.0,1.0
2025-11-08 20:00:00,,,-8.123832404613,-8.123832404613,8.123832404613,0.0,-0.199208714386,-0.199208714386,,,-0.685871065779,-0.685871065779,-0.199208714386,0.0,0.199677271056,0.0,20.0,,,7.0,7.0
2025-11-09 00:00:00,0.0,0.0,-4.779238879681,-4.779238879681,4.779238879681,0.0,0.036546596067,0.036546596067,-0.336303819075,-0.336303819075,0.102821817446,0.102821817446,0.036546596067,0.0,0.154194246788,0.0,9.0,18728.0,28.0,4.0,4.0
2025-11-09 04:00:00,,,-2.550196170807,-2.550196170807,3.34556722641,0.795371055603,0.130915280722,0.130915280722,,,0.463277834679,0.463277834679,0.130915280722,0.0,0.17989953243,0.0,11.0,,,0.0,0.0
2025-11-09 08:00:00,,,0.0,0.0,0.0,0.0,0.0,0.0,,,0.40403330548,0.40403330548,0.0,0.0234082397,0.244161189072,1.0,8.0,,,3.0,3.0
2025-11-09 12:00:00,,,-3.183351039886,-3.183351039886,4.001551568508,0.818200528622,-0.093360224951,-0.093360224951,,,-0.23824672177,-0.23824672177,-0.093360224951,0.023148148148,0.84943504646,1.0,19.0,,,8.0,8.0
2025-11-09 16:00:00,,,-1.799909234047,-1.799909234047,2.534839570522,0.734930336475,0.080072197129,0.080072197129,,,0.380307076798,0.380307076798,0.080072197129,0.044326241135,0.460997037384,1.0,11.0,,,4.0,4.0
2025-11-09 20:00:00,,,-5.362738013268,-5.362738013268,6.143110692501,0.780372679234,-0.022337089272,-0.022337089272,,,-1.038290528909,-1.038290528909,-0.022337089272,0.223182568786,0.972411801762,7.0,19.0,,,9.0,9.0
2025-11-10 00:00:00,0.0,0.0,-3.232195436954,-3.232195436954,3.232195436954,0.0,0.037868417619,0.037868417619,0.775154654209,0.775154654209,0.013986488056,0.013986488056,0.037868417619,0.032552083333,0.650945982679,1.0,10.0,18755.0,18.0,5.0,5.0
2025-11-10 04:00:00,,,-3.267607808113,-3.267607808113,4.102343022823,0.83473521471,-0.216961489558,-0.216961489558,,,0.030641645617,0.030641645617,-0.216961489558,0.021701388889,0.936941958034,1.0,16.0,,,5.0,5.0
2025-11-10 08:00:00,,,1.498514711857,1.498514711857,0.839211761951,2.337726473808,0.27629318155,0.27629318155,,,0.641259028828,0.641259028828,0.27629318155,0.079980548731,0.37593528462,2.0,9.0,,,2.0,2.0
2025-11-10 12:00:00,,,-1.619458973408,-1.619458973408,4.976135790348,3.35667681694,-0.039124790708,-0.039124790708,,,0.711102842231,0.711102842231,-0.039124790708,0.02147766323,0.847244198959,1.0,25.0,,,3.0,3.0
2025-11-10 16:00:00,,,-3.256344497204,-3.256344497204,5.036462366581,1.780117869377,-0.182301153924,-0.182301153924,,,0.066694305552,0.066694305552,-0.182301153924,0.041950062645,0.385140443798,2.0,12.0,,,3.0,3.0
2025-11-10 20:00:00,,,-0.156904160976,-0.156904160976,0.961001098156,0.80409693718,0.108163654678,0.108163654678,,,0.42338135409,0.42338135409,0.108163654678,0.044039795546,0.357991823137,2.0,10.0,,,0.0,0.0
2025-11-11 00:00:00,0.0,0.0,-1.48014831543,-1.48014831543,1.48014831543,0.0,0.0,0.0,1.082433332259,1.082433332259,0.179140960101,0.179140960101,0.0,0.022163120567,0.471616871529,1.0,8.0,18801.0,10.0,3.0,3.0
2025-11-11 04:00:00,,,0.07692950964,0.07692950964,0.727104961872,0.804034471512,0.0,0.0,,,0.435972126849,0.435972126849,0.0,0.0,0.174977901288,0.0,4.0,,,0.0,0.0
2025-11-11 08:00:00,,,-0.900178730488,-0.900178730488,2.426613926888,1.5264351964,0.149376359922,0.149376359922,,,0.400804915512,0.400804915512,0.149376359922,0.0,0.416557972519,0.0,11.0,,,2.0,2.0
2025-11-11 12:00:00,,,-3.318575561047,-3.318575561047,5.747439801693,2.428864240646,-0.265437547053,-0.265437547053,,,-0.084668713191,-0.084668713191,-0.265437547053,0.033602150538,0.460791191143,1.0,15.0,,,3.0,3.0
2025-11-11 16:00:00,,,-3.02627325058,-3.02627325058,3.02627325058,0.0,0.154305127551,0.154305127551,,,0.352877157226,0.352877157226,0.154305127551,0.028935185185,0.203155876319,2.0,6.0,,,1.0,1.0
2025-11-11 20:00:00,,,-0.231333732605,-0.231333732605,1.645640850067,1.414307117462,0.01867204499,0.01867204499,,,0.254076577324,0.254076577324,0.01867204499,0.042517006803,0.653675259885,1.0,14.0,,,1.0,1.0
2025-11-12 00:00:00,0.0,0.0,0.779417276382,0.779417276382,0.0,0.779417276382,0.0,0.0,0.351227365798,0.351227365798,0.346076934739,0.346076934739,0.0,0.056306306306,0.115214646465,1.0,2.0,18810.0,16.0,0.0,0.0
2025-11-12 04:00:00,,,0.112040102482,0.112040102482,0.705683708191,0.817723810673,0.0,0.0,,,0.304789189076,0.304789189076,0.0,0.0,0.294999224283,0.0,6.0,,,2.0,2.0
2025-11-12 08:00:00,,,-4.130931615829,-4.130931615829,5.600151717663,1.469220101833,-0.130704314931,-0.130704314931,,,-0.308012227812,-0.308012227812,-0.130704314931,0.054526748971,0.641265527758,2.0,16.0,,,2.0,2.0
2025-11-12 12:00:00,,,-2.527236998081,-2.527236998081,2.527236998081,0.0,0.128036879933,0.128036879933,,,-0.17274649052,-0.17274649052,0.128036879933,0.010313531353,0.352716953543,1.0,11.0,,,2.0,2.0
2025-11-12 16:00:00,,,-4.381301224232,-4.381301224232,5.092089295387,0.710788071156,-0.170008150483,-0.170008150483,,,-0.869131543847,-0.869131543847,-0.170008150483,0.0,0.330210704345,0.0,11.0,,,3.0,3.0
2025-11-12 20:00:00,,,-8.282199382782,-8.282199382782,9.242386817932,0.96018743515,-0.136743175489,-0.136743175489,,,-2.906129678688,-2.906129678688,-0.136743175489,0.083870101986,0.876089222525,2.0,24.0,,,7.0,7.0
2025-11-13 00:00:00,0.0,0.0,-3.373207211494,-3.373207211494,3.373207211494,0.0,0.226390714294,0.226390714294,-0.41307617897,-0.41307617897,0.098680239352,0.098680239352,0.226390714294,0.0,0.473442033726,0.0,9.0,18820.0,21.0,2.0,2.0
2025-11-13 04:00:00,,,-2.541311323643,-2.541311323643,2.541311323643,0.0,-0.120034574937,-0.120034574937,,,-0.120311442128,-0.120311442128,-0.120034574937,0.0,0.439927549499,0.0,7.0,,,3.0,3.0
2025-11-13 08:00:00,,,-6.602261781693,-6.602261781693,7.371957063675,0.769695281982,-0.038400279149,-0.038400279149,,,-0.142518632367,-0.142518632367,-0.038400279149,0.0,0.633348659744,0.0,15.0,,,2.0,2.0
2025-11-13 12:00:00,,,-0.883541285992,-0.883541285992,1.624680578709,0.741139292717,0.102900442377,0.102900442377,,,0.511007521974,0.511007521974,0.102900442377,0.033602150538,0.28360779419,1.0,9.0,,,3.0,3.0
2025-11-13 16:00:00,,,-2.462739765644,-2.462739765644,4.111685335636,1.648945569992,-0.029101319065,-0.029101319065,,,0.247606340147,0.247606340147,-0.029101319065,0.0,0.341268455473,0.0,10.0,,,3.0,3.0
2025-11-13 20:00:00,,,-8.582336127758,-8.582336127758,10.183890640736,1.601554512978,-0.103716437517,-0.103716437517,,,-0.978028804879,-0.978028804879,-0.103716437517,0.06550845672,0.978353993352,3.0,24.0,,,8.0,8.0
2025-11-14 00:00:00,0.0,0.0,1.59597992897,1.59597992897,0.0,1.59597992897,0.140323442636,0.140323442636,-0.341820876979,-0.341820876979,0.403298469665,0.403298469665,0.140323442636,0.0,0.314962814963,0.0,6.0,18839.0,25.0,1.0,1.0
2025-11-14 04:00:00,,,-5.137698948383,-5.137698948383,5.843245744705,0.705546796322,-0.215545098949,-0.215545098949,,,-0.743572775049,-0.743572775049,-0.215545098949,0.013269639066,0.467502896691,1.0,10.0,,,4.0,4.0
2025-11-14 08:00:00,,,-4.207572758198,-4.207572758198,5.754044830799,1.546472072601,-0.040210543657,-0.040210543657,,,-0.436922735276,-0.436922735276,-0.040210543657,0.016801075269,0.463894913364,1.0,13.0,,,4.0,4.0
2025-11-14 12:00:00,,,-7.206256866455,-7.206256866455,7.206256866455,0.0,-0.020696850052,-0.020696850052,,,-1.039881768142,-1.039881768142,-0.020696850052,0.040334415502,0.440608082348,3.0,17.0,,,5.0,5.0
2025-11-14 16:00:00,,,-2.379336953163,-2.379336953163,4.181364774704,1.802027821541,0.024523328671,0.024523328671,,,0.190410535144,0.190410535144,0.024523328671,0.0,0.320915861697,0.0,10.0,,,4.0,4.0
2025-11-14 20:00:00,,,-2.616461455822,-2.616461455822,4.067618012428,1.451156556606,0.130789829149,0.130789829149,,,0.122058060282,0.122058060282,0.130789829149,0.016025641026,0.674872652943,1.0,18.0,,,7.0,7.0
2025-11-15 00:00:00,0.0,0.0,-1.808153748512,-1.808153748512,3.455908477306,1.647754728794,-0.131009325209,-0.131009325209,0.439379552502,0.439379552502,0.401600741094,0.401600741094,-0.131009325209,0.0,0.609651720385,0.0,12.0,18846.0,18.0,3.0,3.0
2025-11-15 04:00:00,,,-2.441272616386,-2.441272616386,2.441272616386,0.0,0.160966970837,0.160966970837,,,0.301208185246,0.301208185246,0.160966970837,0.013528138528,0.470620510622,1.0,10.0,,,2.0,2.0
2025-11-15 08:00:00,,,-3.137675702572,-3.137675702572,4.039311826229,0.901636123657,-0.213284196467,-0.213284196467,,,0.217427584493,0.217427584493,-0.213284196467,0.0,0.295895498559,0.0,10.0,,,2.0,2.0
2025-11-15 12:00:00,,,-1.705543458462,-1.705543458462,3.246289968491,1.540746510029,0.078704195274,0.078704195274,,,0.254519601238,0.254519601238,0.078704195274,0.0,0.193957567106,0.0,8.0,,,2.0,2.0
2025-11-15 16:00:00,,,-5.01376914978,-5.01376914978,6.62825948,1.614490330219,-0.071916196236,-0.071916196236,,,-0.554732254032,-0.554732254032,-0.071916196236,0.0,0.340623468122,0.0,21.0,,,7.0,7.0
2025-11-15 20:00:00,,,-1.56845241785,-1.56845241785,2.288842022419,0.720389604568,0.182559835918,0.182559835918,,,0.41021837833,0.41021837833,0.182559835918,0.0,0.211515230368,0.0,12.0,,,2.0,2.0
2025-11-16 00:00:00,0.0,0.0,-3.33506757021,-3.33506757021,3.33506757021,0.0,-0.15509872314,-0.15509872314,-0.581921144868,-0.581921144868,0.130787011678,0.130787011678,-0.15509872314,0.0,0.095514482086,0.0,4.0,18847.0,21.0,2.0,2.0
2025-11-16 04:00:00,,,-1.486663877964,-1.486663877964,1.486663877964,0.0,-0.057207882552,-0.057207882552,,,0.30954901391,0.30954901391,-0.057207882552,0.0,0.160328628304,0.0,8.0,,,2.0,2.0
2025-11-16 08:00:00,,,-2.471434295177,-2.471434295177,2.471434295177,0.0,0.035203598987,0.035203598987,,,0.345246603209,0.345246603209,0.035203598987,0.0,0.078045946828,0.0,5.0,,,1.0,1.0
2025-11-16 12:00:00,,,-1.986807107925,-1.986807107925,2.76287573576,0.776068627834,0.111171969227,0.111171969227,,,0.295441888286,0.295441888286,0.111171969227,0.0,0.126287713209,0.0,8.0,,,3.0,3.0
2025-11-16 16:00:00,,,-11.231219232082,-11.231219232082,11.231219232082,0.0,-0.440137086842,-0.440137086842,,,-1.942609313175,-1.942609313175,-0.440137086842,0.0,0.604041722008,0.0,31.0,,,11.0,11.0
2025-11-16 20:00:00,,,-6.664489507675,-6.664489507675,6.664489507675,0.0,0.260912013233,0.260912013233,,,0.319493465121,0.319493465121,0.260912013233,0.0,0.270489942227,0.0,15.0,,,2.0,2.0
2025-11-17 00:00:00,0.0,0.0,-5.745760202408,-5.745760202408,5.745760202408,0.0,-0.194764535351,-0.194764535351,-0.37832346462,-0.37832346462,-0.496455728414,-0.496455728414,-0.194764535351,0.0,0.408538412008,0.0,15.0,18864.0,28.0,5.0,5.0
2025-11-17 04:00:00,,,-2.469629108906,-2.469629108906,2.469629108906,0.0,0.086393880265,0.086393880265,,,0.07857577241,0.07857577241,0.086393880265,0.007716049383,0.261886404911,1.0,10.0,,,5.0,5.0
2025-11-17 08:00:00,,,-1.784824550152,-1.784824550152,4.133564949036,2.348740398884,0.075945947848,0.075945947848,,,0.322257863246,0.322257863246,0.075945947848,0.011638733706,0.385635394581,1.0,15.0,,,2.0,2.0
2025-11-17 12:00:00,,,0.041084110737,0.041084110737,3.232346594334,3.27343070507,0.087705195743,0.087705195743,,,0.622744039539,0.622744039539,0.087705195743,0.0,0.316533765022,0.0,19.0,,,6.0,6.0
2025-11-17 16:00:00,,,-3.752661645412,-3.752661645412,6.052910447121,2.300248801708,-0.127087503501,-0.127087503501,,,0.030380508178,0.030380508178,-0.127087503501,0.01552930282,0.373877696142,2.0,23.0,,,7.0,7.0
2025-11-17 20:00:00,,,-4.84235560894,-4.84235560894,5.566245377064,0.723889768124,-0.032713583495,-0.032713583495,,,-0.051468777321,-0.051468777321,-0.032713583495,0.014172335601,0.215219454923,2.0,13.0,,,3.0,3.0
2025-11-18 00:00:00,0.0,0.0,-2.419991075993,-2.419991075993,2.419991075993,0.0,-0.003509462081,-0.003509462081,0.45840675966,0.45840675966,0.074011869701,0.074011869701,-0.003509462081,0.005600358423,0.184503034703,1.0,9.0,18891.0,24.0,3.0,3.0
2025-11-18 04:00:00,,,0.735731184483,0.735731184483,0.0,0.735731184483,0.128036879933,0.128036879933,,,0.431389633426,0.431389633426,0.128036879933,0.0,0.188259361127,0.0,7.0,,,2.0,2.0
2025-11-18 08:00:00,,,-0.893580377102,-0.893580377102,4.074324131012,3.18074375391,0.083625664757,0.083625664757,,,0.203049678637,0.203049678637,0.083625664757,0.028842203461,0.371729172428,3.0,17.0,,,7.0,7.0
2025-11-18 12:00:00,,,-2.528921961784,-2.528921961784,3.420179903507,0.891257941723,-0.159988302774,-0.159988302774,,,-0.244586195313,-0.244586195313,-0.159988302774,0.036989685327,0.187016329656,4.0,10.0,,,6.0,6.0
2025-11-18 16:00:00,,,-1.744601547718,-1.744601547718,3.197441458702,1.452839910984,0.135836158439,0.135836158439,,,0.25235629829,0.25235629829,0.135836158439,0.022154460199,0.171364873592,2.0,9.0,,,2.0,2.0
2025-11-18 20:00:00,,,-5.373616456985,-5.373616456985,7.623657286167,2.250040829182,-0.038446465872,-0.038446465872,,,-0.589039339917,-0.589039339917,-0.038446465872,0.016748577679,0.475011667717,2.0,20.0,,,4.0,4.0
2025-11-19 00:00:00,0.0,0.0,-2.159439444542,-2.159439444542,2.159439444542,0.0,-0.122075738226,-0.122075738226,-1.366702552187,-1.366702552187,0.148472142967,0.148472142967,-0.122075738226,0.0,0.288375934222,0.0,8.0,18902.0,29.0,4.0,4.0
2025-11-19 04:00:00,,,-1.589678943157,-1.589678943157,2.338936209679,0.749257266521,0.023993527788,0.023993527788,,,0.190932602548,0.190932602548,0.023993527788,0.006808278867,0.220068442568,1.0,9.0,,,3.0,3.0
2025-11-19 08:00:00,,,-4.166673481464,-4.166673481464,4.166673481464,0.0,0.033004485813,0.033004485813,,,-0.017950944164,-0.017950944164,0.033004485813,0.006390593047,0.210336414124,1.0,12.0,,,4.0,4.0
2025-11-19 12:00:00,,,-2.761219203472,-2.761219203472,5.986851155758,3.225631952286,0.038816062798,0.038816062798,,,-0.092484498912,-0.092484498912,0.038816062798,0.0,0.285313459497,0.0,20.0,,,3.0,3.0
2025-11-19 16:00:00,,,-10.933353960514,-10.933353960514,11.687930464745,0.75457650423,-0.260220589454,-0.260220589454,,,-2.298882117732,-2.298882117732,-0.260220589454,0.006530825496,0.305273392979,1.0,25.0,,,10.0,10.0
2025-11-19 20:00:00,,,-6.136068940163,-6.136068940163,6.136068940163,0.0,0.107266671992,0.107266671992,,,-0.119608765499,-0.119608765499,0.107266671992,0.0043767507,0.176255188807,1.0,13.0,,,5.0,5.0
2025-11-20 00:00:00,0.0,0.0,-5.373141646385,-5.373141646385,6.078554451466,0.70541280508,0.011601094654,0.011601094654,-0.806728611571,-0.806728611571,-0.806940274707,-0.806940274707,0.011601094654,0.005247691016,0.15690173014,1.0,10.0,18915.0,23.0,7.0,7.0
2025-11-20 04:00:00,,,-2.221737682819,-2.221737682819,3.038310110569,0.81657242775,0.216081202384,0.216081202384,,,0.448059647518,0.448059647518,0.216081202384,0.0,0.128414142845,0.0,9.0,,,0.0,0.0
2025-11-20 08:00:00,,,-5.165283918381,-5.165283918381,5.165283918381,0.0,0.0,0.0,,,0.42923444602,0.42923444602,0.0,0.0,0.125644266937,0.0,9.0,,,0.0,0.0
2025-11-20 12:00:00,,,-6.342135071754,-6.342135071754,7.089264512062,0.747129440308,-0.242568101899,-0.242568101899,,,-0.155837038114,-0.155837038114,-0.242568101899,0.0,0.219689478106,0.0,19.0,,,6.0,6.0
2025-11-20 16:00:00,,,-4.503805041313,-4.503805041313,5.241044580936,0.737239539623,-0.033424136077,-0.033424136077,,,-0.143509454355,-0.143509454355,-0.033424136077,0.0,0.195912822984,0.0,20.0,,,5.0,5.0
2025-11-20 20:00:00,,,-5.028016746044,-5.028016746044,5.881385147572,0.853368401527,0.049002555804,0.049002555804,,,-0.000244364997,-0.000244364997,0.049002555804,0.0,0.157406271198,0.0,14.0,,,5.0,5.0
2025-11-21 00:00:00,0.0,0.0,-2.594457626343,-2.594457626343,3.340381920338,0.745924293995,0.149536832627,0.149536832627,-0.094595767015,-0.094595767015,0.503926618128,0.503926618128,0.149536832627,0.0,0.144434331153,0.0,13.0,18913.0,21.0,1.0,1.0
2025-11-21 04:00:00,,,-1.680602431297,-1.680602431297,2.42479634285,0.744193911552,-0.143570645693,-0.143570645693,,,0.281598979412,0.281598979412,-0.143570645693,0.004996003197,0.107007248284,1.0,9.0,,,4.0,4.0
2025-11-21 08:00:00,,,-1.403087556362,-1.403087556362,3.852716207504,2.449628651142,-0.015498252344,-0.015498252344,,,0.175404089563,0.175404089563,-0.015498252344,0.0,0.174485315431,0.0,16.0,,,6.0,6.0
2025-11-21 12:00:00,,,-5.106166899204,-5.106166899204,6.541113078594,1.43494617939,0.026754667229,0.026754667229,,,0.079335328789,0.079335328789,0.026754667229,0.003968253968,0.221433249692,1.0,24.0,,,4.0,4.0
2025-11-21 16:00:00,,,-5.8605453372,-5.8605453372,8.282542407513,2.421997070313,0.112288689616,0.112288689616,,,-0.019007954302,-0.019007954302,0.112288689616,0.0,0.198557847916,0.0,20.0,,,4.0,4.0
2025-11-21 20:00:00,,,-5.776995658875,-5.776995658875,6.589167416096,0.812171757221,-0.028572207185,-0.028572207185,,,0.12072454698,0.12072454698,-0.028572207185,0.0,0.185298994606,0.0,18.0,,,2.0,2.0
2025-11-22 00:00:00,0.0,0.0,-5.859477579594,-5.859477579594,7.438749432564,1.57927185297,0.034676654982,0.034676654982,0.425834786275,0.425834786275,0.511190991458,0.511190991458,0.034676654982,0.0,0.170469474692,0.0,14.0,18932.0,15.0,0.0,0.0
2025-11-22 04:00:00,,,-0.770549952984,-0.770549952984,0.770549952984,0.0,-0.120034574937,-0.120034574937,,,0.399953923562,0.399953923562,-0.120034574937,0.0,0.090326059633,0.0,7.0,,,3.0,3.0
2025-11-22 08:00:00,,,-0.815186262131,-0.815186262131,1.588328719139,0.773142457008,0.164837099125,0.164837099125,,,0.642169346487,0.642169346487,0.164837099125,0.0,0.110701957865,0.0,10.0,,,2.0,2.0
2025-11-22 12:00:00,,,-5.117536842823,-5.117536842823,5.948385179043,0.83084833622,-0.253098787363,-0.253098787363,,,-0.001933039398,-0.001933039398,-0.253098787363,0.005068937551,0.189967841666,1.0,17.0,,,3.0,3.0
2025-11-22 16:00:00,,,-6.417388319969,-6.417388319969,7.145231962204,0.727843642235,-0.030502501092,-0.030502501092,,,-1.100266218041,-1.100266218041,-0.030502501092,0.006967670011,0.195244515986,1.0,16.0,,,6.0,6.0
2025-11-22 20:00:00,,,-3.307735562325,-3.307735562325,4.123822689056,0.816087126732,0.152179897402,0.152179897402,,,0.46845262338,0.46845262338,0.152179897402,0.0,0.123253886853,0.0,9.0,,,1.0,1.0
2025-11-23 00:00:00,0.0,0.0,-5.971876204014,-5.971876204014,5.971876204014,0.0,-0.120034574937,-0.120034574937,0.486780450111,0.486780450111,0.260482654743,0.260482654743,-0.120034574937,0.0,0.098716352434,0.0,7.0,18958.0,16.0,1.0,1.0
2025-11-23 04:00:00,,,-0.096760213375,-0.096760213375,0.89720505476,0.800444841385,0.120034574937,0.120034574937,,,0.513767864867,0.513767864867,0.120034574937,0.0,0.047597296672,0.0,4.0,,,0.0,0.0
2025-11-23 08:00:00,,,-0.976245760918,-0.976245760918,0.976245760918,0.0,0.0,0.0,,,0.466773374978,0.466773374978,0.0,0.007208765859,0.153717749793,1.0,6.0,,,1.0,1.0
2025-11-23 12:00:00,,,-2.636407852173,-2.636407852173,4.23769813776,1.601290285587,-0.124378093611,-0.124378093611,,,0.136095789666,0.136095789666,-0.124378093611,0.0,0.26361395349,0.0,16.0,,,4.0,4.0
2025-11-23 16:00:00,,,-6.302786409855,-6.302786409855,7.817330241203,1.514543831348,-0.22501326706,-0.22501326706,,,-1.34367853595,-1.34367853595,-0.22501326706,0.0,0.290295117829,0.0,21.0,,,6.0,6.0
2025-11-23 20:00:00,,,-3.967303037643,-3.967303037643,3.967303037643,0.0,0.144707992082,0.144707992082,,,0.071438890726,0.071438890726,0.144707992082,0.0,0.23468606301,0.0,15.0,,,4.0,4.0
2025-11-24 00:00:00,0.0,0.0,-3.28319311142,-3.28319311142,3.28319311142,0.0,0.14367854657,0.14367854657,0.615431177181,0.615431177181,0.46115064751,0.46115064751,0.14367854657,0.0,0.17017096767,0.0,10.0,18966.0,25.0,0.0,0.0
2025-11-24 04:00:00,,,-2.681028187275,-2.681028187275,3.438927471638,0.757899284363,0.085357919955,0.085357919955,,,0.397895553082,0.397895553082,0.085357919955,0.005645889792,0.156932625714,1.0,10.0,,,1.0,1.0
2025-11-24 08:00:00,,,0.0,0.0,0.0,0.0,-0.085357919955,-0.085357919955,,,0.370485179881,0.370485179881,-0.085357919955,0.0,0.053728948112,0.0,4.0,,,2.0,2.0
2025-11-24 12:00:00,,,-1.689776480198,-1.689776480198,2.403351843357,0.713575363159,-0.053348699972,-0.053348699972,,,0.249684176555,0.249684176555,-0.053348699972,0.007110352673,0.192327477979,1.0,14.0,,,6.0,6.0
2025-11-24 16:00:00,,,-1.213997721672,-1.213997721672,4.315306723118,3.101309001446,0.076121799393,0.076121799393,,,-0.286089865543,-0.286089865543,0.076121799393,0.024287406205,0.25340463993,3.0,19.0,,,9.0,9.0
2025-11-24 20:00:00,,,-2.717794001102,-2.717794001102,4.998643994331,2.280849993229,-0.292654219972,-0.292654219972,,,-0.183500805397,-0.183500805397,-0.292654219972,0.008529547315,0.213824996433,2.0,19.0,,,7.0,8.0
2025-11-25 00:00:00,0.0,0.0,-0.793308019638,-0.793308019638,1.610612928867,0.817304909229,0.171973473091,0.171973473091,0.658445997047,0.658445997047,0.332959207517,0.332959207517,0.171973473091,0.011807763898,0.080004642376,2.0,5.0,19000.0,23.0,1.0,1.0
2025-11-25 04:00:00,,,0.766845107079,0.766845107079,0.909516215324,1.676361322403,0.118743567451,0.118743567451,,,0.375152723701,0.375152723701,0.118743567451,0.0,0.048735992696,0.0,5.0,,,1.0,1.0
2025-11-25 08:00:00,,,-1.76059961319,-1.76059961319,1.76059961319,0.0,-0.077355614959,-0.077355614959,,,-0.113705451659,-0.113705451659,-0.077355614959,0.003393051031,0.073064346388,1.0,8.0,,,6.0,6.0
2025-11-25 12:00:00,,,-5.384464085102,-5.384464085102,5.384464085102,0.0,-0.155256123043,-0.155256123043,,,-0.946154389066,-0.946154389066,-0.155256123043,0.007623038914,0.200506785602,2.0,21.0,,,9.0,9.0
2025-11-25 16:00:00,,,-2.610582232475,-2.610582232475,3.438750803471,0.828168570995,0.065578904388,0.065578904388,,,0.08639292104,0.08639292104,0.065578904388,0.00393081761,0.10996013506,1.0,11.0,,,3.0,3.0
2025-11-25 20:00:00,,,-2.541583478451,-2.541583478451,3.26951110363,0.727927625179,0.16460617276,0.16460617276,,,0.132940577098,0.132940577098,0.16460617276,0.006510416667,0.141427695482,1.0,14.0,,,3.0,3.0
2025-11-26 00:00:00,0.0,0.0,-2.432919561863,-2.432919561863,2.432919561863,0.0,0.008002304996,0.008002304996,0.881204668189,0.881204668189,0.365474386495,0.365474386495,0.008002304996,0.0,0.064689364217,0.0,6.0,19022.0,17.0,2.0,2.0
2025-11-26 04:00:00,,,-1.329880237579,-1.329880237579,2.14717823267,0.81729799509,0.0,0.0,,,0.487062989375,0.487062989375,0.0,0.0,0.064476985558,0.0,6.0,,,0.0,0.0
2025-11-26 08:00:00,,,-2.598870098591,-2.598870098591,2.598870098591,0.0,-0.042678959978,-0.042678959978,,,-0.054535215202,-0.054535215202,-0.042678959978,0.004499640029,0.097570201725,1.0,10.0,,,3.0,3.0
2025-11-26 12:00:00,,,-3.460387051105,-3.460387051105,4.229039549828,0.768652498722,-0.069353309964,-0.069353309964,,,-0.046533105761,-0.046533105761,-0.069353309964,0.009286211505,0.096832559421,2.0,12.0,,,2.0,2.0
2025-11-26 16:00:00,,,-0.980137526989,-0.980137526989,2.549861311913,1.569723784924,0.098417622684,0.098417622684,,,0.153997559633,0.153997559633,0.098417622684,0.003531073446,0.100569727399,1.0,12.0,,,4.0,4.0
2025-11-26 20:00:00,,,-2.574837625027,-2.574837625027,3.290986955166,0.716149330139,-0.065305683191,-0.065305683191,,,-0.047915286212,-0.047915286212,-0.065305683191,0.0,0.107969972646,0.0,12.0,,,6.0,6.0
2025-11-27 00:00:00,0.0,0.0,-5.137755632401,-5.137755632401,5.137755632401,0.0,0.072826492146,0.072826492146,1.105338818382,1.105338818382,0.059199864192,0.059199864192,0.072826492146,0.0,0.112637940603,0.0,12.0,19054.0,12.0,1.0,1.0
2025-11-27 04:00:00,,,-2.478215157986,-2.478215157986,3.279058873653,0.800843715668,-0.074688179961,-0.074688179961,,,0.410616650619,0.410616650619,-0.074688179961,0.0,0.086036582012,0.0,9.0,,,1.0,1.0
2025-11-27 08:00:00,,,-1.679489970207,-1.679489970207,1.679489970207,0.0,0.117367139938,0.117367139938,,,0.433777632806,0.433777632806,0.117367139938,0.004191817572,0.057542414864,1.0,7.0,,,4.0,4.0
2025-11-27 12:00:00,,,-1.722584962845,-1.722584962845,3.175559103489,1.452974140644,-0.082690484957,-0.082690484957,,,0.173765314639,0.173765314639,-0.082690484957,0.0,0.080436040086,0.0,10.0,,,3.0,3.0
2025-11-27 16:00:00,,,-2.419370830059,-2.419370830059,2.419370830059,0.0,0.082690484957,0.082690484957,,,-0.00248232841,-0.00248232841,0.082690484957,0.0,0.05217278833,0.0,6.0,,,3.0,3.0
2025-11-27 20:00:00,,,-0.874519050121,-0.874519050121,0.874519050121,0.0,0.0,0.0,,,0.657183714905,0.657183714905,0.0,0.0,0.042673889726,0.0,5.0,,,0.0,0.0
2025-11-28 00:00:00,0.0,0.0,-4.672352135181,-4.672352135181,5.503185749054,0.830833613873,-0.182494444084,-0.182494444084,0.952062592498,0.952062592498,-0.005423333638,-0.005423333638,-0.182494444084,0.0,0.095185098358,0.0,10.0,19061.0,10.0,2.0,2.0
2025-11-28 04:00:00,,,-1.768643379211,-1.768643379211,1.768643379211,0.0,0.147137341425,0.147137341425,,,0.581953215906,0.581953215906,0.147137341425,0.0,0.052832994471,0.0,7.0,,,0.0,0.0
2025-11-28 08:00:00,,,-0.956723690033,-0.956723690033,1.658342123032,0.701618432999,0.0,0.0,,,0.522494888758,0.522494888758,0.0,0.0,0.040896279123,0.0,6.0,,,1.0,1.0
2025-11-28 12:00:00,,,-7.290783464909,-7.290783464909,7.290783464909,0.0,0.0,0.0,,,0.501383976054,0.501383976054,0.0,0.0,0.08185440833,0.0,12.0,,,0.0,0.0
2025-11-28 16:00:00,,,-4.212451279163,-4.212451279163,4.212451279163,0.0,-0.120034574937,-0.120034574937,,,-1.879366886019,-1.879366886019,-0.120034574937,0.0,0.108998774827,0.0,16.0,,,6.0,6.0
2025-11-28 20:00:00,,,-2.401257395744,-2.401257395744,3.123106658459,0.721849262714,0.120034574937,0.120034574937,,,0.221747355914,0.221747355914,0.120034574937,0.002474267617,0.05212073618,1.0,8.0,,,1.0,1.0
2025-11-29 00:00:00,0.0,0.0,0.0,0.0,0.0,0.0,0.0,0.0,1.251445684147,1.251445684147,0.335904904878,0.335904904878,0.0,0.0,0.013531704608,0.0,2.0,19069.0,14.0,1.0,1.0
2025-11-29 04:00:00,,,-0.90816026926,-0.90816026926,1.748853743076,0.840693473816,-0.00524127058,-0.00524127058,,,0.160062098101,0.160062098101,-0.00524127058,0.0,0.024909585796,0.0,4.0,,,2.0,2.0
2025-11-29 08:00:00,,,-0.674038469791,-0.674038469791,2.331215023994,1.657176554203,0.005859665312,0.005859665312,,,0.068857774143,0.068857774143,0.005859665312,0.0,0.054892727054,0.0,8.0,,,3.0,3.0
2025-11-29 12:00:00,,,-2.028667032719,-2.028667032719,3.509290099144,1.480623066425,0.10494569371,0.10494569371,,,-0.067342744462,-0.067342744462,0.10494569371,0.002664109122,0.067109026695,1.0,10.0,,,3.0,3.0
2025-11-29 16:00:00,,,-4.180767178535,-4.180767178535,4.180767178535,0.0,-0.098695094948,-0.098695094948,,,-0.075771430027,-0.075771430027,-0.098695094948,0.0,0.092272539973,0.0,12.0,,,3.0,3.0
2025-11-29 20:00:00,,,-1.722792446613,-1.722792446613,2.424991667271,0.702199220657,-0.146708924923,-0.146708924923,,,0.157979072026,0.157979072026,-0.146708924923,0.0,0.076847386929,0.0,10.0,,,2.0,2.0
2025-11-30 00:00:00,0.0,0.0,-1.696220159531,-1.696220159531,1.696220159531,0.0,0.128036879933,0.128036879933,1.118304237061,1.118304237061,0.294661765916,0.294661765916,0.128036879933,0.0,0.026076124333,0.0,3.0,19070.0,10.0,0.0,0.0
2025-11-30 04:00:00,,,-2.586439430714,-2.586439430714,3.31727451086,0.730835080147,-0.117367139938,-0.117367139938,,,0.120411311619,0.120411311619,-0.117367139938,0.0,0.038559701163,0.0,5.0,,,1.0,1.0
2025-11-30 08:00:00,,,-5.916402101517,-5.916402101517,7.506301403046,1.589899301529,-0.147614316006,-0.147614316006,,,-1.360640021343,-1.360640021343,-0.147614316006,0.0,0.089941854753,0.0,14.0,,,4.0,4.0
2025-11-30 12:00:00,,,-0.956734597683,-0.956734597683,2.466204345226,1.509469747543,0.188696061824,0.188696061824,,,0.088344621294,0.088344621294,0.188696061824,0.0,0.041490163003,0.0,7.0,,,2.0,2.0
2025-11-30 16:00:00,,,-5.98491102457,-5.98491102457,6.709637284279,0.724726259708,-0.104519696403,-0.104519696403,,,-0.356200017869,-0.356200017869,-0.104519696403,0.0,0.062799518929,0.0,10.0,,,2.0,2.0
2025-11-30 20:00:00,,,0.548221051693,0.548221051693,1.733732819557,2.28195387125,0.164442840254,0.164442840254,,,0.566457220558,0.566457220558,0.164442840254,0.0,0.060154447629,0.0,9.0,,,1.0,1.0
2025-12-01 00:00:00,0.0,0.0,-2.346866548061,-2.346866548061,3.148513615131,0.80164706707,-0.176900448279,-0.176900448279,0.551960616903,0.551960616903,0.14325434854,0.14325434854,-0.176900448279,0.0,0.056248617997,0.0,9.0,19072.0,18.0,3.0,3.0
2025-12-01 04:00:00,,,-0.751839280128,-0.751839280128,0.751839280128,0.0,0.150297466881,0.150297466881,,,0.35963000657,0.35963000657,0.150297466881,0.0,0.030517022443,0.0,5.0,,,3.0,3.0
2025-12-01 08:00:00,,,-3.982413291931,-3.982413291931,3.982413291931,0.0,0.0,0.0,,,0.369899915475,0.369899915475,0.0,0.0,0.05459689579,0.0,8.0,,,0.0,0.0
2025-12-01 12:00:00,,,-2.704245090485,-2.704245090485,4.189306616783,1.485061526299,0.058683569969,0.058683569969,,,-0.173987438473,-0.173987438473,0.058683569969,0.0,0.098876436981,0.0,16.0,,,5.0,5.0
2025-12-01 16:00:00,,,-6.588472783566,-6.588472783566,7.50455725193,0.916084468365,-0.166133540745,-0.166133540745,,,-1.594978638532,-1.594978638532,-0.166133540745,0.001930800124,0.125034937195,1.0,24.0,,,6.0,6.0
2025-12-01 20:00:00,,,-1.067986786366,-1.067986786366,2.531259775162,1.463272988796,0.128558132791,0.128558132791,,,0.281861415063,0.281861415063,0.128558132791,0.0,0.038537151983,0.0,7.0,,,1.0,1.0
2025-12-02 00:00:00,0.0,0.0,-0.030126512051,-0.030126512051,1.621106624603,1.590980112553,0.109278118547,0.109278118547,1.355159601742,1.355159601742,0.526244389002,0.526244389002,0.109278118547,0.00218837535,0.042131366603,1.0,9.0,19078.0,17.0,1.0,1.0
2025-12-02 04:00:00,,,-0.033646583557,-0.033646583557,1.771153926849,1.737507343292,-0.145787134143,-0.145787134143,,,0.380315268273,0.380315268273,-0.145787134143,0.0,0.019744163281,0.0,6.0,,,1.0,1.0
2025-12-02 08:00:00,,,0.827845871449,0.827845871449,0.700296401978,1.528142273426,0.099649428726,0.099649428726,,,0.48734076288,0.48734076288,0.099649428726,0.0,0.047926256622,0.0,14.0,,,3.0,3.0
2025-12-02 12:00:00,,,-1.624320030212,-1.624320030212,1.624320030212,0.0,-0.136039184929,-0.136039184929,,,-0.31006072754,-0.31006072754,-0.136039184929,0.005804582262,0.052767530438,3.0,16.0,,,7.0,7.0
2025-12-02 16:00:00,,,-3.926132023335,-3.926132023335,7.121006071568,3.194874048233,-0.004928334808,-0.004928334808,,,-0.26251553599,-0.26251553599,-0.004928334808,0.001797526603,0.050432194286,1.0,15.0,,,3.0,3.0
2025-12-02 20:00:00,,,-0.994034945965,-0.994034945965,0.994034945965,0.0,0.13238514543,0.13238514543,,,0.210977674905,0.210977674905,0.13238514543,0.0,0.017534781691,0.0,5.0,,,2.0,2.0
2025-12-03 00:00:00,0.0,0.0,-4.067969620228,-4.067969620228,4.067969620228,0.0,-0.162088589413,-0.162088589413,1.133648896331,1.133648896331,-0.217785719884,-0.217785719884,-0.162088589413,0.0,0.021515003911,0.0,6.0,19093.0,11.0,2.0,2.0
2025-12-03 04:00:00,,,-1.45475012064,-1.45475012064,2.237715303898,0.782965183258,0.159362117262,0.159362117262,,,0.127163290254,0.127163290254,0.159362117262,0.0,0.03463942564,0.0,10.0,,,3.0,3.0
2025-12-03 08:00:00,,,-2.572340965271,-2.572340965271,2.572340965271,0.0,-0.077355614959,-0.077355614959,,,0.058410741218,0.058410741218,-0.077355614959,0.002254689755,0.025286698672,1.0,7.0,,,2.0,2.0
2025-12-03 12:00:00,,,-2.476189792156,-2.476189792156,3.384496331215,0.908306539059,0.106697399944,0.106697399944,,,-0.06566999999,-0.06566999999,0.106697399944,0.0,0.044698367342,0.0,13.0,,,3.0,3.0
2025-12-03 16:00:00,,,-1.756538808346,-1.756538808346,2.529603600502,0.773064792156,0.0,0.0,,,0.407957169827,0.407957169827,0.0,0.0,0.035694704798,0.0,10.0,,,0.0,0.0
2025-12-03 20:00:00,,,-1.90394872427,-1.90394872427,3.385204434395,1.481255710125,0.0,0.0,,,0.379050236173,0.379050236173,0.0,0.004049238743,0.046704181974,2.0,13.0,,,1.0,1.0
2025-12-04 00:00:00,0.0,0.0,-3.456602990627,-3.456602990627,3.456602990627,0.0,-0.122702009936,-0.122702009936,1.418824418256,1.418824418256,0.0459027203,0.0459027203,-0.122702009936,0.0,0.039126117233,0.0,10.0,19116.0,6.0,1.0,1.0
2025-12-04 04:00:00,,,-2.320161879063,-2.320161879063,2.320161879063,0.0,0.122702009936,0.122702009936,,,0.420779075576,0.420779075576,0.122702009936,0.0,0.016272790249,0.0,4.0,,,0.0,0.0
2025-12-04 08:00:00,,,-4.642900526524,-4.642900526524,5.466017842293,0.823117315769,0.0,0.0,,,0.374064656695,0.374064656695,0.0,0.0,0.048488021288,0.0,13.0,,,2.0,2.0
2025-12-04 12:00:00,,,-1.638167858124,-1.638167858124,4.131047725677,2.492879867554,0.138706619927,0.138706619927,,,1.34323749684,1.34323749684,0.138706619927,0.0,0.050163413453,0.0,13.0,,,2.0,2.0
2025-12-04 16:00:00,,,0.893353998661,0.893353998661,1.563508033752,2.456862032413,-0.128036879933,-0.128036879933,,,0.292083023751,0.292083023751,-0.128036879933,0.0,0.057972238104,0.0,13.0,,,0.0,0.0
2025-12-04 20:00:00,,,-1.998487830162,-1.998487830162,4.319129407406,2.320641577244,-0.010669739994,-0.010669739994,,,-0.402028204225,-0.402028204225,-0.010669739994,0.0,0.18806893158,0.0,14.0,,,1.0,1.0
2025-12-05 00:00:00,0.0,0.0,-1.990180492401,-1.990180492401,3.463133215904,1.472952723503,0.001600162913,0.001600162913,0.668091518163,0.668091518163,-0.126823389087,-0.126823389087,0.001600162913,0.0,0.758751069872,0.0,8.0,19114.0,14.0,3.0,3.0
2025-12-05 04:00:00,,,-0.239629030228,-0.239629030228,2.53490793705,2.295278906822,0.063190405589,0.063190405589,,,0.478348627511,0.478348627511,0.063190405589,0.0,0.455880924631,0.0,8.0,,,3.0,3.0
2025-12-05 08:00:00,,,-2.426244795322,-2.426244795322,3.312545776367,0.886300981045,-0.225263257599,-0.225263257599,,,-0.626596486089,-0.626596486089,-0.225263257599,0.0,0.400092071001,0.0,11.0,,,3.0,3.0
2025-12-05 12:00:00,,,-4.929560422897,-4.929560422897,4.929560422897,0.0,0.056742312834,0.056742312834,,,-0.421064316671,-0.421064316671,0.056742312834,0.0,0.052367828687,0.0,12.0,,,1.0,1.0
2025-12-05 16:00:00,,,-4.868568897247,-4.868568897247,6.312044858932,1.443475961685,0.206192797294,0.206192797294,,,0.430026605028,0.430026605028,0.206192797294,0.00173900946,0.051190237338,1.0,12.0,,,1.0,1.0
2025-12-05 20:00:00,,,-5.549297332764,-5.549297332764,6.273044884205,0.723747551441,-0.121890615826,-0.121890615826,,,-0.54029154181,-0.54029154181,-0.121890615826,0.0,0.069210844172,0.0,15.0,,,3.0,3.0
2025-12-06 00:00:00,0.0,0.0,0.929464519024,0.929464519024,0.707871198654,1.637335717678,0.056016134971,0.056016134971,1.220462746893,1.220462746893,0.202701743299,0.202701743299,0.056016134971,0.0,0.018625974761,0.0,4.0,19106.0,12.0,0.0,0.0
2025-12-06 04:00:00,,,-4.276975631714,-4.276975631714,4.276975631714,0.0,-0.277357118087,-0.277357118087,,,-1.042842340781,-1.042842340781,-0.277357118087,0.0,0.038076369888,0.0,8.0,,,3.0,3.0
2025-12-06 08:00:00,,,0.069370925426,0.069370925426,0.700794041157,0.770164966583,0.227748991462,0.227748991462,,,0.425999524475,0.425999524475,0.227748991462,0.0,0.025757246724,0.0,5.0,,,1.0,1.0
2025-12-06 12:00:00,,,-2.754841208458,-2.754841208458,5.012258708477,2.257417500019,-0.072302483083,-0.072302483083,,,0.000291403397,0.000291403397,-0.072302483083,0.0,0.082400728515,0.0,19.0,,,1.0,1.0
2025-12-06 16:00:00,,,-4.312883138657,-4.312883138657,5.059355676174,0.746472537518,-0.1656819777,-0.1656819777,,,-0.905076122579,-0.905076122579,-0.1656819777,0.0,0.04655456983,0.0,12.0,,,4.0,4.0
2025-12-06 20:00:00,,,-0.078162133694,-0.078162133694,1.636627912521,1.558465778828,0.103976279081,0.103976279081,,,0.262734935791,0.262734935791,0.103976279081,0.0,0.018753875069,0.0,5.0,,,3.0,3.0
2025-12-07 00:00:00,0.0,0.0,-1.709261775017,-1.709261775017,1.709261775017,0.0,-0.13057547871,-0.13057547871,0.652316024239,0.652316024239,0.085752961393,0.085752961393,-0.13057547871,0.0,0.038703044177,0.0,10.0,19096.0,16.0,1.0,1.0
2025-12-07 04:00:00,,,-2.000665903091,-2.000665903091,2.705782651901,0.70511674881,0.112032269941,0.112032269941,,,-0.06796449259,-0.06796449259,0.112032269941,0.0,0.022890286852,0.0,6.0,,,1.0,1.0
2025-12-07 08:00:00,,,-5.651001930237,-5.651001930237,6.376919806004,0.725917875767,0.160046099916,0.160046099916,,,0.425815961931,0.425815961931,0.160046099916,0.0,0.066273619353,0.0,17.0,,,4.0,4.0
2025-12-07 12:00:00,,,-1.766055047512,-1.766055047512,1.766055047512,0.0,-0.185628980623,-0.185628980623,,,-0.471833648126,-0.471833648126,-0.185628980623,0.0,0.044279075828,0.0,11.0,,,2.0,2.0
2025-12-07 16:00:00,,,-5.14034473896,-5.14034473896,5.14034473896,0.0,-0.098607553439,-0.098607553439,,,-1.146353642274,-1.146353642274,-0.098607553439,0.003590759042,0.052630040892,2.0,13.0,,,5.0,3.0
2025-12-07 20:00:00,,,-0.766698300838,-0.766698300838,3.199332714081,2.432634413242,0.168088123468,0.168088123468,,,0.234538886784,0.234538886784,0.168088123468,0.001601332308,0.064686092919,1.0,16.0,,,3.0,3.0
2025-12-08 00:00:00,0.0,0.0,-1.516618609428,-1.516618609428,1.516618609428,0.0,-0.048013829975,-0.048013829975,1.141430693864,1.141430693864,0.39513409252,0.39513409252,-0.048013829975,0.0,0.012543031928,0.0,3.0,19086.0,8.0,0.0,0.0
2025-12-08 04:00:00,,,-0.906996369362,-0.906996369362,0.906996369362,0.0,0.0,0.0,,,0.373518833267,0.373518833267,0.0,0.0,0.009800859435,0.0,2.0,,,0.0,0.0
2025-12-08 08:00:00,,,-0.088053822517,-0.088053822517,1.663553535938,1.575499713421,-0.072020744962,-0.072020744962,,,0.375517280292,0.375517280292,-0.072020744962,0.0,0.049388721737,0.0,12.0,,,1.0,1.0
2025-12-08 12:00:00,,,-3.369487285614,-3.369487285614,5.007903158665,1.638415873051,-0.040011524979,-0.040011524979,,,-0.004838849838,-0.004838849838,-0.040011524979,0.0,0.066909900772,0.0,14.0,,,2.0,2.0
2025-12-08 16:00:00,,,-2.553500771523,-2.553500771523,3.29553681612,0.742036044598,0.022923044322,0.022923044322,,,0.332775240743,0.332775240743,0.022923044322,0.00121335663,0.055558050898,1.0,12.0,,,1.0,1.0
2025-12-08 20:00:00,,,-8.368034720421,-8.368034720421,8.368034720421,0.0,-0.129867374224,-0.129867374224,,,-1.137230988136,-1.137230988136,-0.129867374224,0.0,0.096725293616,0.0,18.0,,,4.0,4.0
2025-12-09 00:00:00,0.0,0.0,-3.490877270699,-3.490877270699,4.214763820171,0.723886549473,0.142225549003,0.142225549003,0.778974495347,0.778974495347,0.242230992195,0.242230992195,0.142225549003,0.001600102407,0.039474902485,1.0,10.0,19093.0,16.0,1.0,1.0
2025-12-09 04:00:00,,,-2.715032935143,-2.715032935143,4.226706922054,1.511673986912,-0.164897260431,-0.164897260431,,,-0.291439875836,-0.291439875836,-0.164897260431,0.0,0.079613304671,0.0,11.0,,,4.0,4.0
2025-12-09 08:00:00,,,-0.723030745983,-0.723030745983,2.393887460232,1.670856714249,0.144291257134,0.144291257134,,,0.099338569821,0.099338569821,0.144291257134,0.0,0.054672035033,0.0,14.0,,,3.0,3.0
2025-12-09 12:00:00,,,-3.138664007187,-3.138664007187,3.138664007187,0.0,-0.035154734308,-0.035154734308,,,-0.728416640701,-0.728416640701,-0.035154734308,0.0,0.078554159344,0.0,14.0,,,5.0,5.0
2025-12-09 16:00:00,,,-2.415685415268,-2.415685415268,3.179094493389,0.763409078121,0.15715200365,0.15715200365,,,0.163762907207,0.163762907207,0.15715200365,0.0,0.045504815772,0.0,13.0,,,3.0,3.0
2025-12-09 20:00:00,,,-1.588459789753,-1.588459789753,1.588459789753,0.0,0.0,0.0,,,0.44905429574,0.44905429574,0.0,0.001337184424,0.018987257099,1.0,5.0,,,0.0,0.0
2025-12-10 00:00:00,0.0,0.0,-3.336129426956,-3.336129426956,3.336129426956,0.0,-0.034676654982,-0.034676654982,0.41430996392,0.41430996392,0.131823581308,0.131823581308,-0.034676654982,0.0,0.03624520053,0.0,10.0,19100.0,14.0,1.0,1.0
2025-12-10 04:00:00,,,-3.145292580128,-3.145292580128,3.145292580128,0.0,0.030632017974,0.030632017974,,,0.305530364928,0.305530364928,0.030632017974,0.0,0.025318892971,0.0,7.0,,,1.0,1.0
2025-12-10 08:00:00,,,-1.018129110336,-1.018129110336,1.731976091862,0.713846981525,0.070647616208,0.070647616208,,,0.215962808911,0.215962808911,0.070647616208,0.0,0.03531667783,0.0,10.0,,,4.0,4.0
2025-12-10 12:00:00,,,-8.076980233192,-8.076980233192,8.076980233192,0.0,-0.054217941526,-0.054217941526,,,-1.391342705469,-1.391342705469,-0.054217941526,0.001260334745,0.075074397877,1.0,22.0,,,4.0,4.0
2025-12-10 16:00:00,,,-6.677374482155,-6.677374482155,7.543137133121,0.865762650967,0.037972521767,0.037972521767,,,-0.300431339663,-0.300431339663,0.037972521767,0.0,0.081621419969,0.0,22.0,,,2.0,2.0
2025-12-10 20:00:00,,,0.0,0.0,0.0,0.0,0.058683569969,0.058683569969,,,0.532249801318,0.532249801318,0.058683569969,0.0,0.021641246996,0.0,6.0,,,2.0,2.0
2025-12-11 00:00:00,0.0,0.0,-0.701971054077,-0.701971054077,0.701971054077,0.0,0.0,0.0,1.261540527411,1.261540527411,0.522690900103,0.522690900103,0.0,0.001337184424,0.022162076214,1.0,5.0,19071.0,6.0,1.0,1.0
2025-12-11 04:00:00,,,-1.709027767181,-1.709027767181,1.709027767181,0.0,0.0,0.0,,,0.171203359948,0.171203359948,0.0,0.0,0.026893144484,0.0,5.0,,,1.0,1.0
2025-12-11 08:00:00,,,-3.480541288853,-3.480541288853,3.480541288853,0.0,0.0,0.0,,,0.502612335108,0.502612335108,0.0,0.001357220413,0.030407067795,1.0,9.0,,,0.0,0.0
2025-12-11 12:00:00,,,-1.807294845581,-1.807294845581,3.441460728645,1.634165883064,-0.144041489925,-0.144041489925,,,0.255013565851,0.255013565851,-0.144041489925,0.0,0.029997377452,0.0,9.0,,,1.0,1.0
2025-12-11 16:00:00,,,-4.452102482319,-4.452102482319,5.15699338913,0.704890906811,0.128036879933,0.128036879933,,,0.439680134195,0.439680134195,0.128036879933,0.0,0.039834043123,0.0,12.0,,,2.0,2.0
2025-12-11 20:00:00,,,-3.638921976089,-3.638921976089,4.418143928051,0.779221951962,-0.109364834943,-0.109364834943,,,0.004488604445,0.004488604445,-0.109364834943,0.0,0.054432630722,0.0,13.0,,,1.0,1.0
2025-12-12 00:00:00,0.0,0.0,-1.534678041935,-1.534678041935,1.534678041935,0.0,0.072288417027,0.072288417027,0.840965735579,0.840965735579,0.254497593782,0.254497593782,0.072288417027,0.0,0.024308682361,0.0,7.0,19090.0,23.0,3.0,3.0
2025-12-12 04:00:00,,,-0.73537504673,-0.73537504673,1.632629871368,0.897254824638,0.1148863774,0.1148863774,,,0.629696341427,0.629696341427,0.1148863774,0.0,0.033782727937,0.0,9.0,,,3.0,3.0
2025-12-12 08:00:00,,,1.452653586864,1.452653586864,0.827944874763,2.280598461628,0.073569641133,0.073569641133,,,1.467321227391,1.467321227391,0.073569641133,0.0,0.063654935484,0.0,12.0,,,4.0,4.0
2025-12-12 12:00:00,,,-3.979084134102,-3.979084134102,6.216307580471,2.237223446369,-0.178768033727,-0.178768033727,,,-0.491972374923,-0.491972374923,-0.178768033727,0.0,0.046623370385,0.0,14.0,,,5.0,5.0
2025-12-12 16:00:00,,,-2.629596114159,-2.629596114159,3.406361579895,0.776765465736,0.011828584854,0.011828584854,,,-0.759695324917,-0.759695324917,0.011828584854,0.001297218763,0.056921425614,1.0,17.0,,,5.0,5.0
2025-12-12 20:00:00,,,-1.085686862469,-1.085686862469,2.585706114769,1.5000192523,0.071178321763,0.071178321763,,,-0.244132248052,-0.244132248052,0.071178321763,0.0,0.052650298562,0.0,15.0,,,3.0,3.0
2025-12-13 00:00:00,0.0,0.0,-4.160312473774,-4.160312473774,4.160312473774,0.0,0.0,0.0,1.023384623238,1.023384623238,0.240653186843,0.240653186843,0.0,0.0,0.03250022453,0.0,9.0,19087.0,11.0,2.0,2.0
2025-12-13 04:00:00,,,-3.41220754385,-3.41220754385,4.173289477825,0.761081933975,0.019016386877,0.019016386877,,,-0.166574278327,-0.166574278327,0.019016386877,0.0,0.035900256809,0.0,9.0,,,3.0,3.0
2025-12-13 08:00:00,,,0.0,0.0,0.0,0.0,-0.066969102175,-0.066969102175,,,0.185313685044,0.185313685044,-0.066969102175,0.001313577133,0.014461640295,1.0,4.0,,,0.0,0.0
2025-12-13 12:00:00,,,-2.395578980446,-2.395578980446,4.117243409157,1.721664428711,-0.180178097633,-0.180178097633,,,0.245446272516,0.245446272516,-0.180178097633,0.0,0.055316323437,0.0,15.0,,,6.0,6.0
2025-12-13 16:00:00,,,-0.694806873798,-0.694806873798,2.243794679642,1.548987805843,0.132212031623,0.132212031623,,,0.127282175096,0.127282175096,0.132212031623,0.0,0.035486529561,0.0,9.0,,,0.0,0.0
2025-12-13 20:00:00,,,-2.704492688179,-2.704492688179,2.704492688179,0.0,0.0,0.0,,,0.117316003255,0.117316003255,0.0,0.0,0.025208375632,0.0,6.0,,,0.0,0.0
2025-12-14 00:00:00,0.0,0.0,-1.501234173775,-1.501234173775,1.501234173775,0.0,0.0,0.0,0.872352348118,0.872352348118,0.117316003255,0.117316003255,0.0,0.0,0.030273803472,0.0,7.0,19094.0,10.0,0.0,0.0
2025-12-14 04:00:00,,,-2.433251559734,-2.433251559734,3.176274240017,0.743022680283,0.0,0.0,,,0.106335213338,0.106335213338,0.0,0.0,0.033744240234,0.0,8.0,,,0.0,0.0
2025-12-14 08:00:00,,,-3.466050207615,-3.466050207615,3.466050207615,0.0,0.0,0.0,,,0.100760855308,0.100760855308,0.0,0.0,0.021514449539,0.0,6.0,,,0.0,0.0
2025-12-14 12:00:00,,,-1.733977138996,-1.733977138996,1.733977138996,0.0,0.0,0.0,,,-0.241237179417,-0.241237179417,0.0,0.0,0.022930914182,0.0,6.0,,,2.0,2.0
2025-12-14 16:00:00,,,-4.062957882881,-4.062957882881,4.062957882881,0.0,-0.233507711192,-0.233507711192,,,-1.471657226428,-1.471657226428,-0.233507711192,0.0,0.040859651808,0.0,11.0,,,6.0,6.0
2025-12-14 20:00:00,,,-4.325213611126,-4.325213611126,4.325213611126,0.0,0.088697917255,0.088697917255,,,-0.180218227633,-0.180218227633,0.088697917255,0.0,0.036047981906,0.0,10.0,,,2.0,2.0
2025-12-15 00:00:00,0.0,0.0,-5.315933644772,-5.315933644772,6.065962135792,0.75002849102,-0.222657681274,-0.222657681274,-0.500442202406,-0.500442202406,-0.903158414174,-0.903158414174,-0.222657681274,0.001287597857,0.060879242072,1.0,11.0,19095.0,19.0,5.0,5.0
2025-12-15 04:00:00,,,-2.553863406181,-2.553863406181,2.553863406181,0.0,0.192157272181,0.192157272181,,,0.182795583492,0.182795583492,0.192157272181,0.0,0.025244788829,0.0,7.0,,,2.0,2.0
2025-12-15 08:00:00,,,-2.773789167404,-2.773789167404,3.591724693775,0.817935526371,-0.028953058411,-0.028953058411,,,-0.316256944399,-0.316256944399,-0.028953058411,0.0,0.048797343725,0.0,6.0,,,2.0,2.0
2025-12-15 12:00:00,,,-1.486983597279,-1.486983597279,2.233151316643,0.746167719364,0.116048830374,0.116048830374,,,0.17441108774,0.17441108774,0.116048830374,0.011488720871,0.110774215556,2.0,15.0,,,3.0,3.0
2025-12-15 16:00:00,,,-5.507184624672,-5.507184624672,6.207391083241,0.700206458569,-0.176147893323,-0.176147893323,,,-0.53180577945,-0.53180577945,-0.176147893323,0.001454841713,0.146495205794,1.0,17.0,,,4.0,4.0
2025-12-15 20:00:00,,,-8.132543444633,-8.132543444633,8.132543444633,0.0,0.010807394724,0.010807394724,,,-0.993474396366,-0.993474396366,0.010807394724,0.0,0.217801044094,0.0,19.0,,,3.0,3.0
2025-12-16 00:00:00,0.0,0.0,-3.331446588039,-3.331446588039,4.890015780926,1.558569192886,0.07882941098,0.07882941098,-0.318364966086,-0.318364966086,-0.282502797823,-0.282502797823,0.07882941098,0.001469205454,0.170023731282,1.0,12.0,19094.0,19.0,5.0,5.0
2025-12-16 04:00:00,,,-2.707476913929,-2.707476913929,3.428542733192,0.721065819263,0.077673868154,0.077673868154,,,0.614515620284,0.614515620284,0.077673868154,0.0,0.039333971809,0.0,7.0,,,1.0,1.0
2025-12-16 08:00:00,,,-3.932093262672,-3.932093262672,3.932093262672,0.0,-0.153609105317,-0.153609105317,,,-0.826766326272,-0.826766326272,-0.153609105317,0.0,0.128874266325,0.0,10.0,,,4.0,4.0
2025-12-16 12:00:00,,,-3.604747414589,-3.604747414589,3.604747414589,0.0,-0.03734408998,-0.03734408998,,,-0.012517769082,-0.012517769082,-0.03734408998,0.0,0.057721922324,0.0,12.0,,,3.0,3.0
2025-12-16 16:00:00,,,-4.602619946003,-4.602619946003,6.151358187199,1.548738241196,-0.118620369961,-0.118620369961,,,-0.416049943911,-0.416049943911,-0.118620369961,0.0,0.08340148621,0.0,20.0,,,4.0,4.0
2025-12-16 20:00:00,,,-4.90195286274,-4.90195286274,4.90195286274,0.0,0.012696028925,0.012696028925,,,0.132688652069,0.132688652069,0.012696028925,0.0,0.052741722758,0.0,13.0,,,2.0,2.0
2025-12-17 00:00:00,0.0,0.0,-4.763723134995,-4.763723134995,5.480523705482,0.716800570488,0.051652967174,0.051652967174,-0.132193049919,-0.132193049919,-0.029428367307,-0.029428367307,0.051652967174,0.0,0.045397391403,0.0,12.0,19104.0,25.0,4.0,4.0
2025-12-17 04:00:00,,,0.295794725418,0.295794725418,2.741328299046,3.037123024464,0.115573897515,0.115573897515,,,0.466246456428,0.466246456428,0.115573897515,0.0,0.131766272837,0.0,12.0,,,4.0,4.0
2025-12-17 08:00:00,,,-2.816752612591,-2.816752612591,3.57153826952,0.754785656929,0.026138201388,0.026138201388,,,0.588544276112,0.588544276112,0.026138201388,0.0,0.162485531645,0.0,8.0,,,2.0,2.0
2025-12-17 12:00:00,,,-3.464086055756,-3.464086055756,4.942933678627,1.478847622871,-0.132237724509,-0.132237724509,,,-0.225743127488,-0.225743127488,-0.132237724509,0.00113101701,0.126284443998,1.0,14.0,,,4.0,4.0
2025-12-17 16:00:00,,,-2.471388459206,-2.471388459206,4.098761618137,1.627373158932,0.150495937969,0.150495937969,,,0.445353902912,0.445353902912,0.150495937969,0.0,0.103396870651,0.0,11.0,,,2.0,2.0
2025-12-17 20:00:00,,,-2.601239442825,-2.601239442825,3.311979115009,0.710739672184,-0.081065778148,-0.081065778148,,,-0.656970068768,-0.656970068768,-0.081065778148,0.004413841808,0.299512479905,1.0,19.0,,,9.0,9.0
2025-12-18 00:00:00,0.0,0.0,1.484693229198,1.484693229198,0.75898951292,2.243682742119,0.163458781463,0.163458781463,0.919792130055,0.919792130055,0.544741786629,0.544741786629,0.163458781463,0.0,0.043784167056,0.0,8.0,19121.0,18.0,2.0,2.0
2025-12-18 04:00:00,,,-1.686897456646,-1.686897456646,1.686897456646,0.0,-0.093979308605,-0.093979308605,,,0.520669799489,0.520669799489,-0.093979308605,0.0,0.073185556517,0.0,5.0,,,1.0,1.0
2025-12-18 08:00:00,,,0.04665261507,0.04665261507,1.578759729862,1.625412344933,-0.028519282972,-0.028519282972,,,0.466488349553,0.466488349553,-0.028519282972,0.008234504785,0.110472628621,2.0,7.0,,,4.0,4.0
2025-12-18 12:00:00,,,-1.899918019772,-1.899918019772,2.615680217743,0.715762197971,-0.129776139676,-0.129776139676,,,-0.574379553032,-0.574379553032,-0.129776139676,0.001020741467,0.057876442598,1.0,10.0,,,4.0,4.0
2025-12-18 16:00:00,,,-0.786709606647,-0.786709606647,2.326029360294,1.539319753647,0.169404002503,0.169404002503,,,0.433156815005,0.433156815005,0.169404002503,0.001057529611,0.041041790999,1.0,12.0,,,0.0,0.0
2025-12-18 20:00:00,,,-6.268214225769,-6.268214225769,8.65848505497,2.390270829201,-0.300318711584,-0.300318711584,,,-1.441488100946,-1.441488100946,-0.300318711584,0.0,0.133389405333,0.0,28.0,,,7.0,7.0
2025-12-19 00:00:00,0.0,0.0,-1.054174482822,-1.054174482822,1.771399617195,0.717225134373,0.131259858418,0.131259858418,0.557697894477,0.557697894477,0.188678412679,0.188678412679,0.131259858418,0.0,0.090402470542,0.0,9.0,19114.0,15.0,4.0,4.0
2025-12-19 04:00:00,,,0.465880036354,0.465880036354,1.759825468063,2.225705504417,0.125964997071,0.125964997071,,,0.379858378782,0.379858378782,0.125964997071,0.0,0.033423533026,0.0,8.0,,,1.0,1.0
2025-12-19 08:00:00,,,-2.52649474144,-2.52649474144,3.391687989235,0.865193247795,0.128036879933,0.128036879933,,,0.363295271189,0.363295271189,0.128036879933,0.001053252444,0.118561298224,1.0,8.0,,,0.0,0.0
2025-12-19 12:00:00,,,-3.39407324791,-3.39407324791,4.123316705227,0.729243457317,-0.117367139938,-0.117367139938,,,0.244429037726,0.244429037726,-0.117367139938,0.0,0.180819109708,0.0,13.0,,,3.0,3.0
2025-12-19 16:00:00,,,-8.17860943079,-8.17860943079,8.17860943079,0.0,-0.147695794386,-0.147695794386,,,-1.008757059618,-1.008757059618,-0.147695794386,0.0,0.138452769753,0.0,14.0,,,5.0,5.0
2025-12-19 20:00:00,,,-1.558964908123,-1.558964908123,2.464010894299,0.905045986176,0.208002766461,0.208002766461,,,0.388323809038,0.388323809038,0.208002766461,0.0,0.24285580105,0.0,11.0,,,2.0,2.0
2025-12-20 00:00:00,0.0,0.0,-7.791289746761,-7.791289746761,7.791289746761,0.0,-0.051191193531,-0.051191193531,0.779190014155,0.779190014155,0.376136846955,0.376136846955,-0.051191193531,0.0,0.083290302704,0.0,13.0,19117.0,8.0,0.0,0.0
2025-12-20 04:00:00,,,-2.378544032574,-2.378544032574,3.138197422028,0.759653389454,-0.13337174993,-0.13337174993,,,0.331415000064,0.331415000064,-0.13337174993,0.0,0.125653201165,0.0,10.0,,,2.0,2.0
2025-12-20 08:00:00,,,-3.317305207253,-3.317305207253,3.317305207253,0.0,-0.036470165274,-0.036470165274,,,0.038261899182,0.038261899182,-0.036470165274,0.0,0.12095617457,0.0,12.0,,,2.0,2.0
2025-12-20 12:00:00,,,-4.034573614597,-4.034573614597,4.740196824074,0.705623209476,-0.000398636904,-0.000398636904,,,0.036942080353,0.036942080353,-0.000398636904,0.0,0.086222452044,0.0,14.0,,,2.0,2.0
2025-12-20 16:00:00,,,-2.593026340008,-2.593026340008,2.593026340008,0.0,-0.02927093805,-0.02927093805,,,0.045137455867,0.045137455867,-0.02927093805,0.0,0.039856793627,0.0,8.0,,,2.0,2.0
2025-12-20 20:00:00,,,-4.365681767464,-4.365681767464,4.365681767464,0.0,0.127412060274,0.127412060274,,,0.371325284837,0.371325284837,0.127412060274,0.0,0.210431409371,0.0,12.0,,,0.0,0.0
2025-12-21 00:00:00,0.0,0.0,-0.226616978645,-0.226616978645,0.977553784847,0.750936806202,0.098695094948,0.098695094948,1.256238092923,1.256238092923,0.447110965167,0.447110965167,0.098695094948,0.0,0.027445401954,0.0,5.0,19121.0,9.0,3.0,3.0
2025-12-21 04:00:00,,,-3.060091257095,-3.060091257095,3.060091257095,0.0,-0.240069149874,-0.240069149874,,,-0.06800759043,-0.06800759043,-0.240069149874,0.0,0.055490940002,0.0,9.0,,,2.0,2.0
2025-12-21 08:00:00,,,0.725878119469,0.725878119469,2.418391048908,3.144269168377,-0.005825769831,-0.005825769831,,,0.138685436935,0.138685436935,-0.005825769831,0.0,0.056461867702,0.0,8.0,,,2.0,2.0
2025-12-21 12:00:00,,,-3.268849611282,-3.268849611282,3.268849611282,0.0,0.066410223715,0.066410223715,,,0.363000472202,0.363000472202,0.066410223715,0.0,0.069745894177,0.0,14.0,,,0.0,0.0
2025-12-21 16:00:00,,,-0.820184528828,-0.820184528828,1.598358094692,0.778173565865,0.0,0.0,,,0.345640214969,0.345640214969,0.0,0.0,0.038296470918,0.0,7.0,,,0.0,0.0
2025-12-21 20:00:00,,,-2.598742187023,-2.598742187023,2.598742187023,0.0,0.0,0.0,,,8.6973234e-05,8.6973234e-05,0.0,0.0,0.140143095527,0.0,9.0,,,2.0,2.0
2025-12-22 00:00:00,0.0,0.0,-2.397893071175,-2.397893071175,3.104074776173,0.706181704998,-0.082690484957,-0.082690484957,1.086474853505,1.086474853505,0.047937477979,0.047937477979,-0.082690484957,0.000968541764,0.122029291053,1.0,10.0,19121.0,8.0,1.0,1.0
2025-12-22 04:00:00,,,-2.290111303329,-2.290111303329,2.290111303329,0.0,-0.064018439966,-0.064018439966,,,0.136344492647,0.136344492647,-0.064018439966,0.0,0.015627092048,0.0,4.0,,,1.0,1.0
2025-12-22 08:00:00,,,-2.146392464638,-2.146392464638,3.650584518909,1.504192054272,-0.000329632666,-0.000329632666,,,-0.001079363946,-0.001079363946,-0.000329632666,0.001326963907,0.125830355725,1.0,9.0,,,1.0,1.0
2025-12-22 12:00:00,,,-0.76293605566,-0.76293605566,0.76293605566,0.0,0.048090326542,0.048090326542,,,0.126167818726,0.126167818726,0.048090326542,0.0,0.034400996845,0.0,4.0,,,1.0,1.0
2025-12-22 16:00:00,,,-1.374297261238,-1.374297261238,2.325350821018,0.95105355978,0.138754057372,0.138754057372,,,0.413319625244,0.413319625244,0.138754057372,0.000866971841,0.090550292843,1.0,5.0,,,0.0,0.0
2025-12-22 20:00:00,,,-5.114692568779,-5.114692568779,5.835699558258,0.721006989479,-0.127501735042,-0.127501735042,,,-1.747124459725,-1.747124459725,-0.127501735042,0.0,0.293393188849,0.0,14.0,,,4.0,4.0
2025-12-23 00:00:00,0.0,0.0,0.735500872135,0.735500872135,0.0,0.735500872135,0.127666172623,0.127666172623,0.659398562911,0.659398562911,0.400118889657,0.400118889657,0.127666172623,0.001040106507,0.697329947676,1.0,2.0,19210.0,12.0,0.0,0.0
2025-12-23 04:00:00,,,-0.794452726841,-0.794452726841,0.794452726841,0.0,0.0,0.0,,,0.119638538358,0.119638538358,0.0,0.0,0.226612954138,0.0,7.0,,,3.0,3.0
2025-12-23 08:00:00,,,-3.301618814468,-3.301618814468,4.047733783722,0.746114969254,-0.098695094948,-0.098695094948,,,0.084033753012,0.084033753012,-0.098695094948,0.0,0.021543641755,0.0,7.0,,,1.0,1.0
2025-12-23 12:00:00,,,-1.831426441669,-1.831426441669,2.677193641663,0.845767199993,-0.029155222649,-0.029155222649,,,-1.12515153414,-1.12515153414,-0.029155222649,0.0,0.045339554267,0.0,11.0,,,4.0,4.0
2025-12-23 16:00:00,,,-2.604362428188,-2.604362428188,3.448921322823,0.844558894634,0.117797412009,0.117797412009,,,-0.187909737113,-0.187909737113,0.117797412009,0.0,0.04488242432,0.0,8.0,,,3.0,3.0
2025-12-23 20:00:00,,,-9.232960224152,-9.232960224152,9.232960224152,0.0,-0.117367139938,-0.117367139938,,,0.181642898206,0.181642898206,-0.117367139938,0.04714155645,0.243337532569,2.0,16.0,,,1.0,1.0
2025-12-24 00:00:00,0.0,0.0,-3.672393620014,-3.672393620014,3.672393620014,0.0,-0.067975145971,-0.067975145971,-0.319484791896,-0.319484791896,-0.629324935871,-0.629324935871,-0.067975145971,0.00121053651,0.042279726869,1.0,7.0,19278.0,17.0,3.0,3.0
2025-12-24 04:00:00,,,-2.204100251198,-2.204100251198,2.204100251198,0.0,0.184879472075,0.184879472075,,,0.4228754621,0.4228754621,0.184879472075,0.0,0.219325499256,0.0,8.0,,,1.0,1.0
2025-12-24 08:00:00,,,-2.396135866642,-2.396135866642,2.396135866642,0.0,-0.058683569969,-0.058683569969,,,0.273365362109,0.273365362109,-0.058683569969,0.0,0.114236421997,0.0,10.0,,,1.0,1.0
2025-12-24 12:00:00,,,-7.920818865299,-7.920818865299,9.465501368046,1.544682502747,-0.034676654982,-0.034676654982,,,-1.486385968418,-1.486385968418,-0.034676654982,0.0,0.328106663714,0.0,28.0,,,4.0,4.0
2025-12-24 16:00:00,,,-5.391775012016,-5.391775012016,5.391775012016,0.0,-0.118580689205,-0.118580689205,,,-1.227253029734,-1.227253029734,-0.118580689205,0.001934385639,0.066860913127,1.0,13.0,,,6.0,6.0
2025-12-24 20:00:00,,,-3.233354330063,-3.233354330063,3.983995497227,0.750641167164,0.099409422664,0.099409422664,,,-0.227951341731,-0.227951341731,0.099409422664,0.0,0.166935648877,0.0,11.0,,,2.0,2.0
2025-12-25 00:00:00,0.0,0.0,-1.524741828442,-1.524741828442,1.524741828442,0.0,0.087134324832,0.087134324832,0.872675589898,0.872675589898,0.508779909669,0.508779909669,0.087134324832,0.0,0.034997313974,0.0,6.0,19292.0,11.0,1.0,1.0
2025-12-25 04:00:00,,,-4.046462774277,-4.046462774277,4.046462774277,0.0,-0.117739551854,-0.117739551854,,,-0.447818823267,-0.447818823267,-0.117739551854,0.0,0.081147879399,0.0,9.0,,,4.0,4.0
2025-12-25 08:00:00,,,-0.596706211567,-0.596706211567,1.443996667862,0.847290456295,-0.077982527864,-0.077982527864,,,0.571670304166,0.571670304166,-0.077982527864,0.001753647587,0.101886892123,1.0,5.0,,,3.0,3.0
2025-12-25 12:00:00,,,-1.417628526688,-1.417628526688,2.329836785793,0.912208259106,0.128036879933,0.128036879933,,,0.50264358279,0.50264358279,0.128036879933,0.0,0.435123450477,0.0,11.0,,,0.0,0.0
2025-12-25 16:00:00,,,-3.423975646496,-3.423975646496,4.248007297516,0.82403165102,0.016004609992,0.016004609992,,,-0.342240454605,-0.342240454605,0.016004609992,0.0,0.343426316791,0.0,17.0,,,3.0,3.0
2025-12-25 20:00:00,,,-3.481750607491,-3.481750607491,4.415042757988,0.933292150497,0.0,0.0,,,0.524065284068,0.524065284068,0.0,0.0,0.222937606956,0.0,14.0,,,0.0,0.0
2025-12-26 00:00:00,0.0,0.0,-0.16346013546,-0.16346013546,0.887289404869,0.723829269409,0.0,0.0,0.68988442007,0.68988442007,0.511548353077,0.511548353077,0.0,0.00117238792,0.178740392227,1.0,6.0,19296.0,21.0,0.0,0.0
2025-12-26 04:00:00,,,-1.427146792412,-1.427146792412,3.07212305069,1.644976258278,-0.03734408998,-0.03734408998,,,0.605623114063,0.605623114063,-0.03734408998,0.0,0.21024734396,0.0,8.0,,,1.0,1.0
2025-12-26 08:00:00,,,0.056268811226,0.056268811226,1.442884087563,1.499152898788,0.038295656346,0.038295656346,,,0.761820429576,0.761820429576,0.038295656346,0.0,0.126279328958,0.0,8.0,,,3.0,3.0
2025-12-26 12:00:00,,,-1.809697687626,-1.809697687626,3.396452367306,1.58675467968,-0.133546446922,-0.133546446922,,,-0.494402373641,-0.494402373641,-0.133546446922,0.0,0.136485286171,0.0,17.0,,,4.0,4.0
2025-12-26 16:00:00,,,-6.443946421146,-6.443946421146,7.386058568954,0.942112147808,-0.068691895741,-0.068691895741,,,-1.353350309924,-1.353350309924,-0.068691895741,0.0,0.54395610464,0.0,19.0,,,7.0,7.0
2025-12-26 20:00:00,,,0.450994253159,0.450994253159,3.945055246353,4.396049499512,0.152937215818,0.152937215818,,,0.598026681973,0.598026681973,0.152937215818,0.001338903171,0.168826306985,1.0,16.0,,,6.0,6.0
2025-12-27 00:00:00,0.0,0.0,-4.06558328867,-4.06558328867,4.06558328867,0.0,-0.056558426466,-0.056558426466,0.192326139474,0.192326139474,-0.262880523898,-0.262880523898,-0.056558426466,0.017076502732,0.102799600834,1.0,12.0,19287.0,16.0,4.0,4.0
2025-12-27 04:00:00,,,-3.961328268051,-3.961328268051,3.961328268051,0.0,0.178014855137,0.178014855137,,,0.153648824219,0.153648824219,0.178014855137,0.0,0.056057242711,0.0,10.0,,,1.0,1.0
2025-12-27 08:00:00,,,-0.859276115894,-0.859276115894,1.7474822402,0.888206124306,0.0,0.0,,,0.093258631883,0.093258631883,0.0,0.0,0.132017473758,0.0,7.0,,,2.0,2.0
2025-12-27 12:00:00,,,-6.684046328068,-6.684046328068,7.559261798859,0.875215470791,0.122702009936,0.122702009936,,,0.034725200702,0.034725200702,0.122702009936,0.0,0.155800147024,0.0,17.0,,,1.0,1.0
2025-12-27 16:00:00,,,-2.010989904404,-2.010989904404,3.47168648243,1.460696578026,-0.192251890838,-0.192251890838,,,0.094564107679,0.094564107679,-0.192251890838,0.001200076805,0.105125570056,1.0,18.0,,,4.0,4.0
2025-12-27 20:00:00,,,-1.654772937298,-1.654772937298,3.119094491005,1.464321553707,0.057944683333,0.057944683333,,,0.174050037003,0.174050037003,0.057944683333,0.0,0.359397147763,0.0,13.0,,,4.0,4.0
2025-12-28 00:00:00,0.0,0.0,-0.122061133385,-0.122061133385,1.57850176096,1.456440627575,0.010858621973,0.010858621973,1.108126088475,1.108126088475,0.102549083869,0.102549083869,0.010858621973,0.0,0.122598852767,0.0,8.0,19286.0,10.0,1.0,1.0
2025-12-28 04:00:00,,,0.05527317524,0.05527317524,0.865685045719,0.920958220959,0.014882325731,0.014882325731,,,0.16212306526,0.16212306526,0.014882325731,0.0,0.100623176047,0.0,3.0,,,1.0,1.0
2025-12-28 08:00:00,,,-0.882611691952,-0.882611691952,1.667239129543,0.784627437592,0.134807371445,0.134807371445,,,0.226494275617,0.226494275617,0.134807371445,0.0,0.071539958786,0.0,6.0,,,2.0,2.0
2025-12-28 12:00:00,,,-5.611621379852,-5.611621379852,6.386473536491,0.774852156639,-0.090692789952,-0.090692789952,,,-0.726611232576,-0.726611232576,-0.090692789952,0.0,0.190326524127,0.0,13.0,,,3.0,3.0
2025-12-28 16:00:00,,,-1.781181156635,-1.781181156635,1.781181156635,0.0,0.101362529947,0.101362529947,,,0.285211884612,0.285211884612,0.101362529947,0.0,0.238542283576,0.0,10.0,,,1.0,1.0
2025-12-28 20:00:00,,,-1.511472582817,-1.511472582817,3.082029879093,1.570557296276,0.0,0.0,,,0.312541212909,0.312541212909,0.0,0.0,0.158602384052,0.0,14.0,,,2.0,2.0
2025-12-29 00:00:00,0.0,0.0,-2.424598515034,-2.424598515034,2.424598515034,0.0,0.0,0.0,-2.777748033824,-2.777748033824,0.136413143125,0.136413143125,0.0,0.002578382838,0.079477640842,1.0,8.0,19302.0,33.0,3.0,3.0
2025-12-29 04:00:00,,,-0.168432116508,-0.168432116508,0.911581575871,0.743149459362,-0.130704314931,-0.130704314931,,,0.233413982387,0.233413982387,-0.130704314931,0.0,0.046939286054,0.0,10.0,,,5.0,5.0
2025-12-29 08:00:00,,,-11.84488016367,-11.84488016367,13.315480172634,1.470600008965,-0.158009203336,-0.158009203336,,,-1.796480560304,-1.796480560304,-0.158009203336,0.0,0.417174144288,0.0,23.0,,,5.0,5.0
2025-12-29 12:00:00,,,-6.55082410574,-6.55082410574,8.214261889458,1.663437783718,0.134563164875,0.134563164875,,,-0.720771236974,-0.720771236974,0.134563164875,0.0,0.313003625882,0.0,27.0,,,5.0,5.0
2025-12-29 16:00:00,,,-3.252055883408,-3.252055883408,4.123553454876,0.871497571468,0.049908947803,0.049908947803,,,0.197259622355,0.197259622355,0.049908947803,0.00113781176,0.131382286399,1.0,10.0,,,3.0,3.0
2025-12-29 20:00:00,,,-6.492179512978,-6.492179512978,6.492179512978,0.0,-0.253438927163,-0.253438927163,,,-1.784257907982,-1.784257907982,-0.253438927163,0.0,0.5572011316,0.0,17.0,,,12.0,12.0
2025-12-30 00:00:00,0.0,0.0,0.915965795517,0.915965795517,0.769681811333,1.68564760685,0.19727613617,0.19727613617,0.037365433705,0.037365433705,0.655353687464,0.655353687464,0.19727613617,0.022325033856,0.163281680665,2.0,17.0,19301.0,30.0,5.0,5.0
2025-12-30 04:00:00,,,-3.534415066242,-3.534415066242,4.334896326065,0.800481259823,-0.146171685459,-0.146171685459,,,-0.008663316708,-0.008663316708,-0.146171685459,0.0,0.168131888455,0.0,9.0,,,4.0,4.0
2025-12-30 08:00:00,,,0.0,0.0,0.0,0.0,0.117887932647,0.117887932647,,,0.41150354246,0.41150354246,0.117887932647,0.0,0.024961998207,0.0,5.0,,,1.0,1.0
2025-12-30 12:00:00,,,-5.895391464233,-5.895391464233,7.573255896568,1.677864432335,-0.15204379492,-0.15204379492,,,-0.807344020774,-0.807344020774,-0.15204379492,0.001282840722,0.30343620724,1.0,23.0,,,8.0,8.0
2025-12-30 16:00:00,,,-1.181921184063,-1.181921184063,2.12028503418,0.938363850117,-0.080882430321,-0.080882430321,,,-0.167977900046,-0.167977900046,-0.080882430321,0.0,0.418455857027,0.0,21.0,,,7.0,7.0
2025-12-30 20:00:00,,,-1.634222567081,-1.634222567081,3.072400867939,1.438178300858,-0.012937594305,-0.012937594305,,,0.006408767933,0.006408767933,-0.012937594305,0.0,0.24061332353,0.0,19.0,,,5.0,5.0
2025-12-31 00:00:00,0.0,0.0,-4.031802356243,-4.031802356243,4.031802356243,0.0,-0.006623544338,-0.006623544338,-0.486248815767,-0.486248815767,-0.015038674235,-0.015038674235,-0.006623544338,0.0043767507,0.347468430291,1.0,15.0,19296.0,29.0,4.0,4.0
2025-12-31 04:00:00,,,-2.6154114604,-2.6154114604,2.6154114604,0.0,0.133033534895,0.133033534895,,,0.403653263386,0.403653263386,0.133033534895,0.0,0.349389014707,0.0,5.0,,,1.0,1.0
2025-12-31 08:00:00,,,0.0,0.0,0.0,0.0,0.016004609992,0.016004609992,,,0.480336132002,0.480336132002,0.016004609992,0.0,0.197049052724,0.0,7.0,,,5.0,5.0
2025-12-31 12:00:00,,,-1.773850619793,-1.773850619793,2.508432984352,0.734582364559,-0.074688179961,-0.074688179961,,,0.348510611647,0.348510611647,-0.074688179961,0.0,0.089635631504,0.0,13.0,,,4.0,4.0
2025-12-31 16:00:00,,,-1.842046022415,-1.842046022415,2.558016777039,0.715970754623,0.07595382434,0.07595382434,,,0.118931674872,0.118931674872,0.07595382434,0.016106521366,0.36504593155,2.0,18.0,,,9.0,9.0
2025-12-31 20:00:00,,,-5.549302875996,-5.549302875996,6.424022495747,0.874719619751,-0.048013829975,-0.048013829975,,,-0.370110837044,-0.370110837044,-0.048013829975,0.086805555556,0.573980779438,2.0,20.0,,,6.0,6.0
2026-01-01 00:00:00,0.0,0.0,-3.997117102146,-3.997117102146,3.997117102146,0.0,-0.066996478092,-0.066996478092,-0.583626470057,-0.583626470057,-0.074899033991,-0.074899033991,-0.066996478092,0.017959770115,0.108275155368,1.0,7.0,19282.0,31.0,4.0,4.0
2026-01-01 04:00:00,,,1.509870409966,1.509870409966,0.0,1.509870409966,0.152129184523,0.152129184523,,,0.475257087317,0.475257087317,0.152129184523,0.0,0.015604093096,0.0,3.0,,,0.0,0.0
2026-01-01 08:00:00,,,-3.188508093357,-3.188508093357,3.188508093357,0.0,-0.223118917758,-0.223118917758,,,-0.193721397919,-0.193721397919,-0.223118917758,0.065467951497,0.295493033935,4.0,10.0,,,5.0,5.0
2026-01-01 12:00:00,,,-5.755048155785,-5.755048155785,5.755048155785,0.0,-0.072319464738,-0.072319464738,,,-1.077599916839,-1.077599916839,-0.072319464738,0.002640842963,0.201814949856,2.0,25.0,,,13.0,13.0
2026-01-01 16:00:00,,,-0.245920658112,-0.245920658112,2.541033685207,2.295113027096,0.204985099597,0.204985099597,,,0.357514328174,0.357514328174,0.204985099597,0.0130036431,0.06999362005,3.0,11.0,,,1.0,1.0
2026-01-01 20:00:00,,,-3.679772734642,-3.679772734642,5.528699398041,1.848926663399,-0.217915592743,-0.217915592743,,,-0.262797986952,-0.262797986952,-0.217915592743,0.0,0.097268307349,0.0,21.0,,,8.0,8.0
2026-01-02 00:00:00,0.0,0.0,-4.088751554489,-4.088751554489,5.592295527458,1.503543972969,0.002815553807,0.002815553807,-0.942084664633,-0.942084664633,-0.166115999405,-0.166115999405,0.002815553807,0.0,0.120923404948,0.0,12.0,19328.0,36.0,6.0,6.0
2026-01-02 04:00:00,,,1.614943683147,1.614943683147,0.793681561947,2.408625245094,0.042112677139,0.042112677139,,,0.757451630088,0.757451630088,0.042112677139,0.0,0.087234489012,0.0,8.0,,,4.0,4.0
2026-01-02 08:00:00,,,-2.254146158695,-2.254146158695,2.254146158695,0.0,0.087361316774,0.087361316774,,,0.213067902007,0.213067902007,0.087361316774,0.034153005464,0.055563947489,1.0,9.0,,,4.0,4.0
2026-01-02 12:00:00,,,-2.046920597553,-2.046920597553,7.464754641056,5.417834043503,-0.023946106817,-0.023946106817,,,0.586226740994,0.586226740994,-0.023946106817,0.015587560701,0.157767231751,4.0,28.0,,,16.0,16.0
2026-01-02 16:00:00,,,-3.217504739761,-3.217504739761,3.217504739761,0.0,-0.108205675838,-0.108205675838,,,0.213749359021,0.213749359021,-0.108205675838,0.024508508435,0.076960007232,3.0,12.0,,,1.0,1.0
2026-01-02 20:00:00,,,-5.602250397205,-5.602250397205,6.532183945179,0.929933547974,0.043572577204,0.043572577204,,,-0.309337836448,-0.309337836448,0.043572577204,0.007311349728,0.351830780645,2.0,21.0,,,5.0,5.0
2026-01-03 00:00:00,0.0,0.0,-2.225084006786,-2.225084006786,3.000409305096,0.775325298309,-0.103748780507,-0.103748780507,-6.301516075168,-6.301516075168,0.090127236582,0.090127236582,-0.103748780507,0.001424014582,0.115362143855,1.0,15.0,19385.0,94.0,6.0,6.0
2026-01-03 04:00:00,,,-6.148373663425,-6.148373663425,6.148373663425,0.0,-0.066013193068,-0.066013193068,,,-1.572491450555,-1.572491450555,-0.066013193068,0.004771862038,0.355864982102,2.0,25.0,,,16.0,16.0
2026-01-03 08:00:00,,,-5.331077992916,-5.331077992916,5.331077992916,0.0,0.015306280957,0.015306280957,,,-1.099351939157,-1.099351939157,0.015306280957,0.003222480021,0.13480704874,2.0,29.0,,,21.0,21.0
2026-01-03 12:00:00,,,-6.324147939682,-6.324147939682,7.064557611942,0.74040967226,-0.063727415089,-0.063727415089,,,-0.927206169385,-0.927206169385,-0.063727415089,0.006753206844,0.177154361439,2.0,28.0,,,16.0,16.0
2026-01-03 16:00:00,,,-3.193965792656,-3.193965792656,4.818334519863,1.624368727207,0.166992018419,0.166992018419,,,-0.167029940462,-0.167029940462,0.166992018419,0.003420908593,0.491344089518,1.0,25.0,,,17.0,17.0
2026-01-03 20:00:00,,,-6.972971796989,-6.972971796989,9.316714465618,2.343742668629,-0.076686447772,-0.076686447772,,,-0.670316304644,-0.670316304644,-0.076686447772,0.00305512657,0.254463749586,2.0,34.0,,,18.0,18.0
2026-01-04 00:00:00,0.0,0.0,-3.013452351093,-3.013452351093,3.013452351093,0.0,0.06248469806,0.06248469806,-4.776448528364,-4.776448528364,0.103498414357,0.103498414357,0.06248469806,0.004416562458,0.376743238479,2.0,20.0,19427.0,100.0,13.0,13.0
2026-01-04 04:00:00,,,-3.745346307755,-3.745346307755,3.745346307755,0.0,-0.111789535209,-0.111789535209,,,0.019093383249,0.019093383249,-0.111789535209,0.016276041667,0.516946538491,1.0,18.0,,,8.0,8.0
2026-01-04 08:00:00,,,-3.4356366992,-3.4356366992,4.229826569557,0.794189870358,0.21247510111,0.21247510111,,,0.368926434796,0.368926434796,0.21247510111,0.0,0.080599528655,0.0,11.0,,,3.0,3.0
2026-01-04 12:00:00,,,-4.495771408081,-4.495771408081,5.960828363895,1.465056955814,-0.210910115886,-0.210910115886,,,-1.479711862961,-1.479711862961,-0.210910115886,0.027612168508,0.755609722112,5.0,45.0,,,35.0,35.0
2026-01-04 16:00:00,,,-3.066370904446,-3.066370904446,5.382494449615,2.31612354517,0.151347607781,0.151347607781,,,0.103630209221,0.103630209221,0.151347607781,0.004789850196,0.26872437019,3.0,24.0,,,15.0,15.0
2026-01-04 20:00:00,,,-9.511612772942,-9.511612772942,10.359396457672,0.847783684731,-0.140178498172,-0.140178498172,,,-1.221955969944,-1.221955969944,-0.140178498172,0.003161952402,0.462836071138,2.0,34.0,,,26.0,26.0
2026-01-05 00:00:00,0.0,0.0,-6.992367208004,-6.992367208004,6.992367208004,0.0,0.09387494807,0.09387494807,-3.036996476035,-3.036996476035,-0.247249989676,-0.247249989676,0.09387494807,0.011599834929,0.24464645088,4.0,21.0,19462.0,78.0,12.0,12.0
2026-01-05 04:00:00,,,-2.900749623775,-2.900749623775,3.609707355499,0.708957731724,0.006539113905,0.006539113905,,,0.300133175672,0.300133175672,0.006539113905,0.00125502008,0.227268512137,1.0,21.0,,,15.0,15.0
2026-01-05 08:00:00,,,-5.230097055435,-5.230097055435,6.785160899162,1.555063843727,0.014507079667,0.014507079667,,,0.132450794102,0.132450794102,0.014507079667,0.007803030748,0.239684552271,3.0,24.0,,,14.0,14.0
2026-01-05 12:00:00,,,-1.461982905865,-1.461982905865,1.461982905865,0.0,0.20492858408,0.20492858408,,,0.653681479265,0.653681479265,0.20492858408,0.001224050137,0.09294127909,1.0,8.0,,,4.0,4.0
2026-01-05 16:00:00,,,-4.136053085327,-4.136053085327,4.995745062828,0.859691977501,-0.086776611153,-0.086776611153,,,0.391611694476,0.391611694476,-0.086776611153,0.003834001922,0.224712083666,3.0,28.0,,,16.0,16.0
2026-01-05 20:00:00,,,-5.305350899696,-5.305350899696,6.840538024902,1.535187125206,-0.111981257418,-0.111981257418,,,-0.013956557976,-0.013956557976,-0.111981257418,0.001306984525,0.20434384725,1.0,30.0,,,17.0,17.0
2026-01-06 00:00:00,0.0,0.0,-4.815773427486,-4.815773427486,5.586133658886,0.7703602314,0.162357676254,0.162357676254,-3.52410033028,-3.52410033028,0.366894460587,0.366894460587,0.162357676254,0.001371516348,0.12200122974,1.0,25.0,19482.0,95.0,11.0,11.0
2026-01-06 04:00:00,,,-2.966603219509,-2.966603219509,4.590876400471,1.624273180962,-0.250543312346,-0.250543312346,,,0.079867786908,0.079867786908,-0.250543312346,0.001317731394,0.146909269833,1.0,26.0,,,17.0,17.0
2026-01-06 08:00:00,,,-6.093152880669,-6.093152880669,7.681191146374,1.588038265705,-0.019097111708,-0.019097111708,,,-0.381837631186,-0.381837631186,-0.019097111708,0.002426581869,0.164021631422,2.0,34.0,,,22.0,22.0
2026-01-06 12:00:00,,,-4.87753456831,-4.87753456831,7.122792243958,2.245257675648,-0.101460767892,-0.101460767892,,,-0.033725748993,-0.033725748993,-0.101460767892,0.004681815177,0.109908174698,2.0,30.0,,,16.0,16.0
2026-01-06 16:00:00,,,-5.57196855545,-5.57196855545,6.315844893456,0.743876338005,0.205035038679,0.205035038679,,,-0.15606409519,-0.15606409519,0.205035038679,0.00679252975,0.157168197718,2.0,34.0,,,17.0,17.0
2026-01-06 20:00:00,,,-2.379045009613,-2.379045009613,2.379045009613,0.0,0.005320770312,0.005320770312,,,0.497620491333,0.497620491333,0.005320770312,0.002585617627,0.080179049899,2.0,21.0,,,12.0,12.0
2026-01-07 00:00:00,0.0,0.0,-7.575694859028,-7.575694859028,8.472876548767,0.897181689739,-0.040035298718,-0.040035298718,-3.52647822458,-3.52647822458,-0.417591945612,-0.417591945612,-0.040035298718,0.00283350791,0.125610944884,2.0,26.0,19497.0,84.0,18.0,18.0
2026-01-07 04:00:00,,,-5.071454167366,-5.071454167366,5.071454167366,0.0,-0.139905479494,-0.139905479494,,,0.153864637106,0.153864637106,-0.139905479494,0.004671150972,0.24274088793,1.0,17.0,,,13.0,13.0
2026-01-07 08:00:00,,,-2.200962007046,-2.200962007046,2.200962007046,0.0,0.189155408129,0.189155408129,,,0.536414180431,0.536414180431,0.189155408129,0.020215528028,0.105024555075,2.0,13.0,,,9.0,9.0
2026-01-07 12:00:00,,,-6.850334048271,-6.850334048271,8.37109285593,1.520758807659,-0.36042362784,-0.36042362784,,,-0.931728294848,-0.931728294848,-0.36042362784,0.001478590017,0.225284102933,1.0,27.0,,,15.0,15.0
2026-01-07 16:00:00,,,-7.127629816532,-7.127629816532,7.127629816532,0.0,0.161287483371,0.161287483371,,,0.002807503689,0.002807503689,0.161287483371,0.006683347742,0.19328463426,3.0,25.0,,,11.0,11.0
2026-01-07 20:00:00,,,-4.919021606445,-4.919021606445,4.919021606445,0.0,-0.108778463714,-0.108778463714,,,-0.083183344713,-0.083183344713,-0.108778463714,0.003050588857,0.171512666554,2.0,23.0,,,18.0,18.0
2026-01-08 00:00:00,0.0,0.0,-4.837404370308,-4.837404370308,4.837404370308,0.0,0.111260001128,0.111260001128,-0.206204433763,-0.206204433763,0.248056855949,0.248056855949,0.111260001128,0.003054740958,0.192057204951,1.0,18.0,19517.0,47.0,11.0,11.0
2026-01-08 04:00:00,,,0.658194243908,0.658194243908,0.93372541666,1.591919660568,0.119775920295,0.119775920295,,,0.649018689997,0.649018689997,0.119775920295,0.0,0.079361444564,0.0,8.0,,,1.0,1.0
2026-01-08 08:00:00,,,-3.015681445599,-3.015681445599,3.015681445599,0.0,-0.337273502061,-0.337273502061,,,0.177112067088,0.177112067088,-0.337273502061,0.003281595574,0.120363824369,2.0,12.0,,,8.0,8.0
2026-01-08 12:00:00,,,-4.208366334438,-4.208366334438,5.861616969109,1.65325063467,0.062542594899,0.062542594899,,,0.12459874436,0.12459874436,0.062542594899,0.001656067833,0.142848303761,1.0,26.0,,,13.0,13.0
2026-01-08 16:00:00,,,-1.053287804127,-1.053287804127,2.586844205856,1.53355640173,0.259283812689,0.259283812689,,,0.469407737927,0.469407737927,0.259283812689,0.001510756587,0.398450889196,1.0,17.0,,,9.0,9.0
2026-01-08 20:00:00,,,-1.053047060966,-1.053047060966,2.573961377144,1.520914316177,-0.259436792037,-0.259436792037,,,0.503855202879,0.503855202879,-0.259436792037,0.001656067833,0.122765438307,1.0,8.0,,,5.0,5.0
2026-01-09 00:00:00,0.0,0.0,-3.260653138161,-3.260653138161,3.260653138161,0.0,0.04414387602,0.04414387602,-0.527112975546,-0.527112975546,0.453116456306,0.453116456306,0.04414387602,0.002990246946,0.10338169658,2.0,10.0,19531.0,45.0,6.0,6.0
2026-01-09 04:00:00,,,-1.55832862854,-1.55832862854,3.041625499725,1.483296871185,-0.050129037691,-0.050129037691,,,0.316735955365,0.316735955365,-0.050129037691,0.003564410398,0.257660624094,2.0,16.0,,,7.0,7.0
2026-01-09 08:00:00,,,-0.913104355335,-0.913104355335,1.631888747215,0.71878439188,0.16416879492,0.16416879492,,,0.502909167853,0.502909167853,0.16416879492,0.005819366853,0.090853644283,1.0,10.0,,,5.0,5.0
2026-01-09 12:00:00,,,-5.793332874775,-5.793332874775,6.640805721283,0.847472846508,-0.05838531329,-0.05838531329,,,0.249863134454,0.249863134454,-0.05838531329,0.015544396193,0.171544112823,2.0,16.0,,,6.0,6.0
2026-01-09 16:00:00,,,-4.88234013319,-4.88234013319,5.702446401119,0.820106267929,-0.018232062881,-0.018232062881,,,-0.255093841296,-0.255093841296,-0.018232062881,0.029309669894,0.233324583146,2.0,31.0,,,12.0,12.0
2026-01-09 20:00:00,,,-2.585997343063,-2.585997343063,3.297907412052,0.711910068989,-0.026519981854,-0.026519981854,,,0.36940005241,0.36940005241,-0.026519981854,0.0,0.055939487376,1.0,13.0,,,9.0,9.0
2026-01-10 00:00:00,0.0,0.0,-0.628895938396,-0.628895938396,1.46869713068,0.839801192284,0.089156895858,0.089156895858,-0.4102060386,-0.4102060386,0.418574178946,0.418574178946,0.089156895858,0.001067828464,0.039653878396,1.0,10.0,19541.0,51.0,6.0,6.0
2026-01-10 04:00:00,,,-0.874648451805,-0.874648451805,0.874648451805,0.0,-0.060978180559,-0.060978180559,,,0.601107966875,0.601107966875,-0.060978180559,0.0,0.023893649707,0.0,5.0,,,1.0,1.0
2026-01-10 08:00:00,,,-0.995298266411,-0.995298266411,3.141269445419,2.145971179008,-0.134075008686,-0.134075008686,,,0.329545449426,0.329545449426,-0.134075008686,0.001367016623,0.061985626888,1.0,14.0,,,9.0,9.0
2026-01-10 12:00:00,,,-4.771576881409,-4.771576881409,4.771576881409,0.0,-0.248699106624,-0.248699106624,,,-0.684662121172,-0.684662121172,-0.248699106624,0.002807726864,0.104713552232,2.0,17.0,,,7.0,7.0
2026-01-10 16:00:00,,,-6.540765941143,-6.540765941143,8.738360643387,2.197594702244,-0.212153472564,-0.212153472564,,,-2.072242405109,-2.072242405109,-0.212153472564,0.003504381888,0.187740592787,3.0,36.0,,,25.0,25.0
2026-01-10 20:00:00,,,-1.614357173443,-1.614357173443,1.614357173443,0.0,0.269235178927,0.269235178927,,,0.48903692566,0.48903692566,0.269235178927,0.0,0.070651070324,0.0,13.0,,,3.0,3.0
2026-01-11 00:00:00,0.0,0.0,-0.748674213886,-0.748674213886,0.748674213886,0.0,-0.122702009936,-0.122702009936,0.245244145602,0.245244145602,0.335203782375,0.335203782375,-0.122702009936,0.006520605112,0.072834028095,2.0,8.0,19536.0,24.0,6.0,6.0
2026-01-11 04:00:00,,,-0.859108805656,-0.859108805656,1.641404032707,0.782295227051,0.084982229546,0.084982229546,,,0.328122100247,0.328122100247,0.084982229546,0.0,0.104248646697,0.0,8.0,,,1.0,1.0
2026-01-11 08:00:00,,,-5.716452777386,-5.716452777386,5.716452777386,0.0,-0.004768531952,-0.004768531952,,,0.038590923809,0.038590923809,-0.004768531952,0.006275100402,0.175403536589,1.0,9.0,,,3.0,3.0
2026-01-11 12:00:00,,,-2.57435888052,-2.57435888052,2.57435888052,0.0,-0.037665623263,-0.037665623263,,,0.28349453107,0.28349453107,-0.037665623263,0.005056634304,0.112828715007,1.0,8.0,,,3.0,3.0
2026-01-11 16:00:00,,,-4.834815502167,-4.834815502167,4.834815502167,0.0,0.043726048855,0.043726048855,,,0.088477134223,0.088477134223,0.043726048855,0.0,0.10771936542,0.0,14.0,,,5.0,5.0
2026-01-11 20:00:00,,,-0.085200607777,-0.085200607777,2.391911029816,2.306710422039,0.06389427708,0.06389427708,,,0.366114116197,0.366114116197,0.06389427708,0.0,0.22127277485,0.0,13.0,,,6.0,6.0
2026-01-12 00:00:00,0.0,0.0,-0.724247395992,-0.724247395992,0.724247395992,0.0,0.016392949608,0.016392949608,-0.00122023929,-0.00122023929,0.432703868102,0.432703868102,0.016392949608,0.001518464529,0.076754248759,1.0,3.0,19565.0,19.0,0.0,0.0
2026-01-12 04:00:00,,,-3.51077747345,-3.51077747345,3.51077747345,0.0,0.0,0.0,,,0.184790947833,0.184790947833,0.0,0.0,0.156759685247,0.0,12.0,,,3.0,3.0
2026-01-12 08:00:00,,,-0.823471605778,-0.823471605778,2.353988826275,1.530517220497,-0.085357919955,-0.085357919955,,,0.327191204934,0.327191204934,-0.085357919955,0.0,0.109064824474,0.0,9.0,,,1.0,1.0
2026-01-12 12:00:00,,,-5.023062705994,-5.023062705994,5.768411338329,0.745348632336,-0.048975997013,-0.048975997013,,,0.297353557523,0.297353557523,-0.048975997013,0.003645902813,0.07901491897,3.0,16.0,,,3.0,3.0
2026-01-12 16:00:00,,,-10.652721881866,-10.652721881866,12.175098180771,1.522376298904,-0.198195282168,-0.198195282168,,,-1.28012111522,-1.28012111522,-0.198195282168,0.0,0.127572536389,0.0,30.0,,,9.0,9.0
2026-01-12 20:00:00,,,-6.782076001167,-6.782076001167,6.782076001167,0.0,0.114236108273,0.114236108273,,,0.017368073174,0.017368073174,0.114236108273,0.002648311407,0.062000195712,2.0,17.0,,,3.0,3.0
2026-01-13 00:00:00,0.0,0.0,-0.971331715584,-0.971331715584,0.971331715584,0.0,0.183226925345,0.183226925345,0.135456590434,0.135456590434,0.401729328368,0.401729328368,0.183226925345,0.0,0.021334551002,0.0,5.0,19560.0,15.0,2.0,2.0
2026-01-13 04:00:00,,,-1.673598408699,-1.673598408699,1.673598408699,0.0,0.0,0.0,,,0.411681746783,0.411681746783,0.0,0.0,0.0614791664,0.0,4.0,,,0.0,0.0
2026-01-13 08:00:00,,,-2.241975545883,-2.241975545883,2.241975545883,0.0,-0.058683569969,-0.058683569969,,,0.347578615433,0.347578615433,-0.058683569969,0.001371516348,0.06691906027,1.0,8.0,,,2.0,2.0
2026-01-13 12:00:00,,,-7.405695259571,-7.405695259571,7.405695259571,0.0,-0.069353309964,-0.069353309964,,,0.24615198187,0.24615198187,-0.069353309964,0.001464043101,0.139825655787,1.0,15.0,,,2.0,2.0
2026-01-13 16:00:00,,,-11.165006399155,-11.165006399155,11.165006399155,0.0,0.003842462331,0.003842462331,,,-0.305373752939,-0.305373752939,0.003842462331,0.0,0.124082431123,0.0,21.0,,,3.0,3.0
2026-01-13 20:00:00,,,-5.269278347492,-5.269278347492,7.629676222801,2.360397875309,-0.008388659597,-0.008388659597,,,-0.027343309366,-0.027343309366,-0.008388659597,0.005022160643,0.120550772866,2.0,18.0,,,6.0,6.0
2026-01-14 00:00:00,0.0,0.0,-2.394773721695,-2.394773721695,2.394773721695,0.0,-0.052112390896,-0.052112390896,0.006929557918,0.006929557918,0.136951975024,0.136951975024,-0.052112390896,0.0,0.132223977096,0.0,8.0,19562.0,25.0,2.0,2.0
2026-01-14 04:00:00,,,-0.840500533581,-0.840500533581,0.840500533581,0.0,0.104029964945,0.104029964945,,,0.346651438287,0.346651438287,0.104029964945,0.0,0.028968915965,0.0,4.0,,,2.0,2.0
2026-01-14 08:00:00,,,-3.234228253365,-3.234228253365,3.99419939518,0.759971141815,0.0,0.0,,,0.400556168971,0.400556168971,0.0,0.001768534239,0.082712288906,1.0,10.0,,,0.0,0.0
2026-01-14 12:00:00,,,-3.708790540695,-3.708790540695,4.492065966129,0.783275425434,-0.1960569503,-0.1960569503,,,-0.274549532477,-0.274549532477,-0.1960569503,0.001627604167,0.09220230419,1.0,14.0,,,5.0,5.0
2026-01-14 16:00:00,,,-8.068931758404,-8.068931758404,8.793118298054,0.72418653965,-0.034186657985,-0.034186657985,,,-1.372584988051,-1.372584988051,-0.034186657985,0.003955494075,0.132858648416,3.0,27.0,,,9.0,9.0
2026-01-14 20:00:00,,,-2.406677126884,-2.406677126884,3.155185997486,0.748508870602,0.082564032529,0.082564032529,,,0.047958626626,0.047958626626,0.082564032529,0.001390743213,0.056959476576,1.0,14.0,,,7.0,7.0
2026-01-15 00:00:00,0.0,0.0,-5.116305649281,-5.116305649281,5.116305649281,0.0,0.109454601264,0.109454601264,0.230213240103,0.230213240103,0.065124658246,0.065124658246,0.109454601264,0.0,0.036968746868,0.0,9.0,19563.0,21.0,5.0,5.0
2026-01-15 04:00:00,,,-0.714391827583,-0.714391827583,0.714391827583,0.0,0.119358613292,0.119358613292,,,0.32461221716,0.32461221716,0.119358613292,0.0,0.030211045288,0.0,7.0,,,1.0,1.0
2026-01-15 08:00:00,,,-1.747404098511,-1.747404098511,4.1685308218,2.421126723289,-0.013110209926,-0.013110209926,,,0.123387424031,0.123387424031,-0.013110209926,0.001374230431,0.076699791551,1.0,15.0,,,4.0,4.0
2026-01-15 12:00:00,,,-1.709187448025,-1.709187448025,1.709187448025,0.0,-0.037970523247,-0.037970523247,,,0.148042476123,0.148042476123,-0.037970523247,0.0,0.048540902381,0.0,8.0,,,4.0,4.0
2026-01-15 16:00:00,,,-5.100113809109,-5.100113809109,5.826639771461,0.726525962353,-0.169311598095,-0.169311598095,,,-0.345117260808,-0.345117260808,-0.169311598095,0.0,0.06857889866,0.0,13.0,,,4.0,4.0
2026-01-15 20:00:00,,,-3.229259133339,-3.229259133339,4.007389426231,0.778130292892,0.083728897463,0.083728897463,,,0.075364031343,0.075364031343,0.083728897463,0.001180358829,0.041993610888,1.0,11.0,,,3.0,3.0
2026-01-16 00:00:00,0.0,0.0,-2.348436772823,-2.348436772823,2.348436772823,0.0,-0.032429546383,-0.032429546383,0.557641457898,0.557641457898,0.224550146882,0.224550146882,-0.032429546383,0.0,0.045672830665,0.0,6.0,19565.0,12.0,3.0,3.0
2026-01-16 04:00:00,,,-3.280786752701,-3.280786752701,3.280786752701,0.0,-0.010994057647,-0.010994057647,,,0.113751160059,0.113751160059,-0.010994057647,0.00612745098,0.090747299925,1.0,9.0,,,3.0,3.0
2026-01-16 08:00:00,,,-1.527956902981,-1.527956902981,2.296512007713,0.768555104733,0.065184058592,0.065184058592,,,0.29013102058,0.29013102058,0.065184058592,0.0,0.048647509804,0.0,8.0,,,2.0,2.0
2026-01-16 12:00:00,,,-1.868163704872,-1.868163704872,3.512984275818,1.644820570946,0.114171815821,0.114171815821,,,0.314163171926,0.314163171926,0.114171815821,0.0,0.059880311152,0.0,8.0,,,2.0,2.0
2026-01-16 16:00:00,,,-2.882579445839,-2.882579445839,3.607290148735,0.724710702896,0.051236602671,0.051236602671,,,0.359844570101,0.359844570101,0.051236602671,0.0,0.093548991953,0.0,10.0,,,1.0,1.0
2026-01-16 20:00:00,,,-0.193671166897,-0.193671166897,0.894413471222,0.700742304325,-0.058309468292,-0.058309468292,,,0.31540474088,0.31540474088,-0.058309468292,0.0,0.063492118865,0.0,6.0,,,1.0,1.0
2026-01-17 00:00:00,0.0,0.0,-4.509573698044,-4.509573698044,4.509573698044,0.0,-0.13337174993,-0.13337174993,0.285666656761,0.285666656761,0.19991972355,0.19991972355,-0.13337174993,0.0,0.177589709168,0.0,7.0,19574.0,15.0,1.0,1.0
2026-01-17 04:00:00,,,-1.576330184937,-1.576330184937,2.28993666172,0.713606476784,-0.01305015595,-0.01305015595,,,0.195721040609,0.195721040609,-0.01305015595,0.0,0.092101521269,0.0,5.0,,,2.0,2.0
2026-01-17 08:00:00,,,-1.956180691719,-1.956180691719,2.720783114433,0.764602422714,0.135292716671,0.135292716671,,,0.035673323908,0.035673323908,0.135292716671,0.0,0.174340122185,0.0,11.0,,,4.0,4.0
2026-01-17 12:00:00,,,-5.864282608032,-5.864282608032,5.864282608032,0.0,0.0,0.0,,,0.418925284097,0.418925284097,0.0,0.0,0.262368178007,0.0,14.0,,,0.0,0.0
2026-01-17 16:00:00,,,-1.762538731098,-1.762538731098,2.467643618584,0.705104887486,0.0,0.0,,,0.382537167006,0.382537167006,0.0,0.0,0.116965633679,0.0,13.0,,,2.0,2.0
2026-01-17 20:00:00,,,-5.824696600437,-5.824696600437,5.824696600437,0.0,-0.254382167378,-0.254382167378,,,-1.086743091248,-1.086743091248,-0.254382167378,0.0,0.055729149315,0.0,10.0,,,6.0,6.0
2026-01-18 00:00:00,0.0,0.0,-1.484040737152,-1.484040737152,1.484040737152,0.0,0.110325454644,0.110325454644,0.548619764215,0.548619764215,0.305931754216,0.305931754216,0.110325454644,0.0,0.058463915183,0.0,5.0,19564.0,11.0,1.0,1.0
2026-01-18 04:00:00,,,-2.645365178585,-2.645365178585,2.645365178585,0.0,-0.024394802624,-0.024394802624,,,0.019139795623,0.019139795623,-0.024394802624,0.0,0.081255529496,0.0,5.0,,,2.0,2.0
2026-01-18 08:00:00,,,-2.350203335285,-2.350203335285,3.214295744896,0.864092409611,0.13955812229,0.13955812229,,,0.45893021563,0.45893021563,0.13955812229,0.001222613459,0.099124281986,1.0,8.0,,,1.0,1.0
2026-01-18 12:00:00,,,-0.882907569408,-0.882907569408,1.641966223717,0.759058654308,0.0,0.0,,,0.257812755703,0.257812755703,0.0,0.0,0.120878384327,0.0,6.0,,,1.0,1.0
2026-01-18 16:00:00,,,-3.404452741146,-3.404452741146,4.252512574196,0.84805983305,0.0,0.0,,,-0.408114406102,-0.408114406102,0.0,0.0,0.119801961481,0.0,12.0,,,3.0,3.0
2026-01-18 20:00:00,,,-2.386659741402,-2.386659741402,3.199548184872,0.81288844347,-0.256437442355,-0.256437442355,,,0.049072231538,0.049072231538,-0.256437442355,0.0,0.120454882128,0.0,8.0,,,3.0,3.0
2026-01-19 00:00:00,0.0,0.0,-5.09894400835,-5.09894400835,7.400217652321,2.30127364397,-0.006422243874,-0.006422243874,0.135166341821,0.135166341821,-0.851019946392,-0.851019946392,-0.006422243874,0.001276552288,0.125226007912,1.0,15.0,19570.0,17.0,4.0,4.0
2026-01-19 04:00:00,,,-3.973157465458,-3.973157465458,3.973157465458,0.0,0.128003404724,0.128003404724,,,0.449816568518,0.449816568518,0.128003404724,0.0,0.039743502126,0.0,9.0,,,1.0,1.0
2026-01-19 08:00:00,,,-4.148643374443,-4.148643374443,5.846628248692,1.697984874249,0.0,0.0,,,0.456530868384,0.456530868384,0.0,0.0012505002,0.070670476053,1.0,14.0,,,0.0,0.0
2026-01-19 12:00:00,,,-5.239288628101,-5.239288628101,6.021079480648,0.781790852547,0.0,0.0,,,0.456530868384,0.456530868384,0.0,0.001352813853,0.107225431729,1.0,12.0,,,1.0,1.0
2026-01-19 16:00:00,,,-5.067129671574,-5.067129671574,6.634912788868,1.567783117294,-0.044457296136,-0.044457296136,,,-1.548996019087,-1.548996019087,-0.044457296136,0.0,0.11275940611,0.0,20.0,,,9.0,9.0
2026-01-19 20:00:00,,,-0.797551572323,-0.797551572323,3.175883948803,2.37833237648,0.090106836868,0.090106836868,,,0.154229651454,0.154229651454,0.090106836868,0.010629251701,0.110167560505,1.0,17.0,,,2.0,2.0
2026-01-20 00:00:00,0.0,0.0,-3.23321813345,-3.23321813345,3.23321813345,0.0,0.090692789952,0.090692789952,0.17752210457,0.17752210457,0.125572338856,0.125572338856,0.090692789952,0.0,0.121523120457,0.0,8.0,19563.0,17.0,3.0,3.0
2026-01-20 04:00:00,,,-0.65604352951,-0.65604352951,1.427993357182,0.771949827671,0.0,0.0,,,0.389389156616,0.389389156616,0.0,0.0,0.10403133531,0.0,7.0,,,1.0,1.0
2026-01-20 08:00:00,,,-5.817997097969,-5.817997097969,6.630577921867,0.812580823898,-0.272951702383,-0.272951702383,,,-0.144846093271,-0.144846093271,-0.272951702383,0.0,0.169103086751,0.0,15.0,,,3.0,3.0
2026-01-20 12:00:00,,,-4.290600836277,-4.290600836277,4.290600836277,0.0,0.156487765071,0.156487765071,,,-0.537334847108,-0.537334847108,0.156487765071,0.005093724531,0.106050680763,1.0,14.0,,,5.0,5.0
2026-01-20 16:00:00,,,-5.557355165482,-5.557355165482,7.058168292046,1.500813126564,0.1234408294,0.1234408294,,,-0.699122256303,-0.699122256303,0.1234408294,0.001587906504,0.106134510302,1.0,19.0,,,3.0,3.0
2026-01-20 20:00:00,,,-2.847718238831,-2.847718238831,2.847718238831,0.0,0.0,0.0,,,0.027762688892,0.027762688892,0.0,0.0,0.111820775709,0.0,12.0,,,2.0,2.0
2026-01-21 00:00:00,0.0,0.0,-2.081191182137,-2.081191182137,2.833828210831,0.752637028694,-0.034676654982,-0.034676654982,0.382077937824,0.382077937824,0.158346932442,0.158346932442,-0.034676654982,0.0,0.075358644887,0.0,9.0,19556.0,14.0,3.0,3.0
2026-01-21 04:00:00,,,-0.837617516518,-0.837617516518,0.837617516518,0.0,0.034676654982,0.034676654982,,,0.434836292997,0.434836292997,0.034676654982,0.0,0.070547049935,0.0,8.0,,,0.0,0.0
2026-01-21 08:00:00,,,-2.614347934723,-2.614347934723,2.614347934723,0.0,-0.11469970494,-0.11469970494,,,0.17660776495,0.17660776495,-0.11469970494,0.0,0.044670478408,0.0,7.0,,,2.0,2.0
2026-01-21 12:00:00,,,-1.76887345314,-1.76887345314,2.544079065323,0.775205612183,0.020631172041,0.020631172041,,,0.253363148073,0.253363148073,0.020631172041,0.00204448806,0.058194968932,1.0,10.0,,,2.0,2.0
2026-01-21 16:00:00,,,-3.24125868082,-3.24125868082,4.888844788074,1.647586107254,0.004319418468,0.004319418468,,,-0.077237762776,-0.077237762776,0.004319418468,0.0,0.096061118449,0.0,18.0,,,6.0,6.0
2026-01-21 20:00:00,,,-6.66334682703,-6.66334682703,6.66334682703,0.0,-0.038265071614,-0.038265071614,,,0.068605288982,0.068605288982,-0.038265071614,0.004013612443,0.088124703433,2.0,15.0,,,1.0,1.0
2026-01-22 00:00:00,0.0,0.0,-5.60619777441,-5.60619777441,5.60619777441,0.0,-0.061869250969,-0.061869250969,0.365479514676,0.365479514676,-0.18960388497,-0.18960388497,-0.061869250969,0.0,0.061568165864,0.0,10.0,19572.0,21.0,3.0,3.0
2026-01-22 04:00:00,,,-2.445533037186,-2.445533037186,2.445533037186,0.0,0.132104890547,0.132104890547,,,0.225441665185,0.225441665185,0.132104890547,0.00251610306,0.068889884819,1.0,10.0,,,4.0,4.0
2026-01-22 08:00:00,,,0.137714922428,0.137714922428,1.504176557064,1.641891479492,0.075579905771,0.075579905771,,,0.618726880952,0.618726880952,0.075579905771,0.001984126984,0.051995100566,1.0,8.0,,,4.0,4.0
2026-01-22 12:00:00,,,-1.00261336565,-1.00261336565,2.448408424854,1.445795059204,0.039004069917,0.039004069917,,,0.515028459238,0.515028459238,0.039004069917,0.002386407026,0.05312426348,1.0,11.0,,,2.0,2.0
2026-01-22 16:00:00,,,-0.757537722588,-0.757537722588,1.657365381718,0.89982765913,-0.243622682213,-0.243622682213,,,0.150667845693,0.150667845693,-0.243622682213,0.00161124001,0.052608356988,1.0,13.0,,,5.0,5.0
2026-01-22 20:00:00,,,-2.249692499638,-2.249692499638,3.079113423824,0.829420924187,0.052930042373,0.052930042373,,,0.034818589176,0.034818589176,0.052930042373,0.0,0.047427495409,0.0,11.0,,,3.0,3.0
2026-01-23 00:00:00,0.0,0.0,-1.702594041824,-1.702594041824,1.702594041824,0.0,0.103146108301,0.103146108301,0.313157774106,0.313157774106,0.10069026807,0.10069026807,0.103146108301,0.001492359121,0.023087458197,1.0,4.0,19569.0,13.0,2.0,2.0
2026-01-23 04:00:00,,,-2.666790246964,-2.666790246964,3.372433543205,0.705643296242,0.034676654982,0.034676654982,,,0.374107700716,0.374107700716,0.034676654982,0.0,0.022283011773,0.0,6.0,,,0.0,0.0
2026-01-23 08:00:00,,,-0.891141057014,-0.891141057014,1.615012943745,0.72387188673,0.0,0.0,,,0.172391390452,0.172391390452,0.0,0.001538650911,0.033731293688,1.0,7.0,,,1.0,1.0
2026-01-23 12:00:00,,,-3.435690999031,-3.435690999031,4.177317738533,0.741626739502,-0.077355614959,-0.077355614959,,,-0.044597602619,-0.044597602619,-0.077355614959,0.0,0.056320671011,0.0,10.0,,,1.0,1.0
2026-01-23 16:00:00,,,-4.246606588364,-4.246606588364,4.246606588364,0.0,0.034201593662,0.034201593662,,,-0.231099528102,-0.231099528102,0.034201593662,0.0,0.052528949958,0.0,12.0,,,2.0,2.0
2026-01-23 20:00:00,,,-8.949563920498,-8.949563920498,8.949563920498,0.0,-0.22510295678,-0.22510295678,,,-2.135695091071,-2.135695091071,-0.22510295678,0.0,0.091238406489,0.0,18.0,,,7.0,7.0
2026-01-24 00:00:00,0.0,0.0,-1.658168017864,-1.658168017864,2.436660587788,0.778492569923,0.169122927005,0.169122927005,0.523788522018,0.523788522018,0.023191807567,0.023191807567,0.169122927005,0.0,0.048161704858,0.0,10.0,19573.0,13.0,4.0,4.0
2026-01-24 04:00:00,,,-1.581463754177,-1.581463754177,1.581463754177,0.0,0.08898409942,0.08898409942,,,0.362422342984,0.362422342984,0.08898409942,0.0,0.025976101694,0.0,6.0,,,0.0,0.0
2026-01-24 08:00:00,,,-2.483602643013,-2.483602643013,2.483602643013,0.0,0.0,0.0,,,0.383422442908,0.383422442908,0.0,0.0,0.024540293092,0.0,6.0,,,0.0,0.0
2026-01-24 12:00:00,,,-3.429624915123,-3.429624915123,4.137877941132,0.708253026009,0.0,0.0,,,0.410652208115,0.410652208115,0.0,0.0,0.062443179026,0.0,13.0,,,5.0,5.0
2026-01-24 16:00:00,,,1.70178103447,1.70178103447,0.754032969475,2.455814003944,0.0,0.0,,,0.289874875478,0.289874875478,0.0,0.0,0.03348438034,0.0,6.0,,,0.0,0.0
2026-01-24 20:00:00,,,-3.427944362164,-3.427944362164,4.204616129398,0.776671767235,-0.239511971147,-0.239511971147,,,-0.250466209624,-0.250466209624,-0.239511971147,0.0,0.153125620813,0.0,11.0,,,4.0,4.0
2026-01-25 00:00:00,0.0,0.0,-0.740037083626,-0.740037083626,0.740037083626,0.0,0.195047395393,0.195047395393,0.223297486777,0.223297486777,0.328386112903,0.328386112903,0.195047395393,0.0,0.013096389426,0.0,2.0,19567.0,16.0,0.0,0.0
2026-01-25 04:00:00,,,0.020327568054,0.020327568054,0.731051385403,0.751378953457,0.03768392848,0.03768392848,,,0.323303797085,0.323303797085,0.03768392848,0.0,0.086365716129,0.0,5.0,,,0.0,0.0
2026-01-25 08:00:00,,,-3.659622013569,-3.659622013569,3.659622013569,0.0,-0.064018439966,-0.064018439966,,,-0.253319123786,-0.253319123786,-0.064018439966,0.0,0.113480637114,0.0,10.0,,,3.0,3.0
2026-01-25 12:00:00,,,-3.606969356537,-3.606969356537,5.129555881023,1.522586524487,0.064018439966,0.064018439966,,,0.024489958705,0.024489958705,0.064018439966,0.001875187519,0.145707078655,1.0,15.0,,,2.0,2.0
2026-01-25 16:00:00,,,-6.335774838924,-6.335774838924,8.646170854568,2.310396015644,-0.223946294146,-0.223946294146,,,-0.87643280178,-0.87643280178,-0.223946294146,0.0,0.138727170614,0.0,25.0,,,5.0,5.0
2026-01-25 20:00:00,,,-7.102310836315,-7.102310836315,7.102310836315,0.0,0.126601665992,0.126601665992,,,-1.405827830897,-1.405827830897,0.126601665992,0.003700414446,0.156156088372,1.0,19.0,,,6.0,6.0
2026-01-26 00:00:00,0.0,0.0,-1.534171164036,-1.534171164036,1.534171164036,0.0,0.062780250011,0.062780250011,0.243227654301,0.243227654301,0.334880461208,0.334880461208,0.062780250011,0.0,0.051681132511,0.0,7.0,19590.0,15.0,1.0,1.0
2026-01-26 04:00:00,,,-2.614408314228,-2.614408314228,3.494498133659,0.880089819431,-0.045005184178,-0.045005184178,,,0.197942833995,0.197942833995,-0.045005184178,0.0,0.069853476636,0.0,8.0,,,2.0,2.0
2026-01-26 08:00:00,,,-5.213455140591,-5.213455140591,5.994303941727,0.780848801136,0.054130690879,0.054130690879,,,-0.179691385654,-0.179691385654,0.054130690879,0.0,0.067819438709,0.0,12.0,,,5.0,5.0
2026-01-26 12:00:00,,,-0.032431423664,-0.032431423664,0.738367497921,0.705936074257,0.04032023548,0.04032023548,,,0.400140167258,0.400140167258,0.04032023548,0.0,0.037072135522,0.0,6.0,,,0.0,0.0
2026-01-26 16:00:00,,,-8.438098669052,-8.438098669052,10.723575055599,2.285476386547,-0.035073532929,-0.035073532929,,,-0.938337721407,-0.938337721407,-0.035073532929,0.0,0.111517445492,0.0,21.0,,,4.0,4.0
2026-01-26 20:00:00,,,-4.257241427898,-4.257241427898,5.132050454617,0.874809026718,0.000634118379,0.000634118379,,,-0.001533364927,-0.001533364927,0.000634118379,0.0,0.071714223926,0.0,15.0,,,3.0,3.0
2026-01-27 00:00:00,0.0,0.0,0.802113771439,0.802113771439,0.0,0.802113771439,0.024357231361,0.024357231361,0.301914387988,0.301914387988,0.54249473886,0.54249473886,0.024357231361,0.0,0.010098787167,0.0,2.0,19603.0,15.0,1.0,1.0
2026-01-27 04:00:00,,,-4.249382853508,-4.249382853508,4.249382853508,0.0,-0.275910508622,-0.275910508622,,,-0.231296905549,-0.231296905549,-0.275910508622,0.0,0.038319770503,0.0,8.0,,,5.0,5.0
2026-01-27 08:00:00,,,-1.89554220438,-1.89554220438,2.595741868019,0.700199663639,0.120465124192,0.120465124192,,,-0.132220519682,-0.132220519682,0.120465124192,0.0,0.030816744216,0.0,6.0,,,3.0,3.0
2026-01-27 12:00:00,,,-3.489090919495,-3.489090919495,5.888684868813,2.399593949318,0.034873426416,0.034873426416,,,0.090954725956,0.090954725956,0.034873426416,0.0,0.092079669512,0.0,17.0,,,1.0,1.0
2026-01-27 16:00:00,,,-9.237633883953,-9.237633883953,9.237633883953,0.0,0.059788165285,0.059788165285,,,-0.286107280878,-0.286107280878,0.059788165285,0.001350183625,0.06538438688,1.0,16.0,,,2.0,2.0
2026-01-27 20:00:00,,,-1.56547743082,-1.56547743082,3.15667527914,1.59119784832,-0.080023049958,-0.080023049958,,,0.353606320398,0.353606320398,-0.080023049958,0.003170979198,0.073712753643,1.0,13.0,,,3.0,3.0
2026-01-28 00:00:00,0.0,0.0,1.731081902981,1.731081902981,0.0,1.731081902981,0.122702009936,0.122702009936,0.501910892719,0.501910892719,0.763184889407,0.763184889407,0.122702009936,0.0,0.022371381178,0.0,7.0,19590.0,12.0,2.0,2.0
2026-01-28 04:00:00,,,-2.987029850483,-2.987029850483,2.987029850483,0.0,-0.042678959978,-0.042678959978,,,0.2217738623,0.2217738623,-0.042678959978,0.0,0.026317032777,0.0,6.0,,,1.0,1.0
2026-01-28 08:00:00,,,0.051573216915,0.051573216915,1.549312114716,1.600885331631,0.042678959978,0.042678959978,,,0.475587288329,0.475587288329,0.042678959978,0.001864413803,0.033727500211,3.0,11.0,,,3.0,3.0
2026-01-28 12:00:00,,,-3.214545845985,-3.214545845985,4.123564779758,0.909018933773,-0.112032269941,-0.112032269941,,,-0.315565260707,-0.315565260707,-0.112032269941,0.00063400284,0.049949881212,1.0,15.0,,,4.0,4.0
2026-01-28 16:00:00,,,-4.120121598244,-4.120121598244,5.007753968239,0.887632369995,0.112032269941,0.112032269941,,,0.60781140099,0.60781140099,0.112032269941,0.00066602728,0.039315013697,1.0,13.0,,,1.0,1.0
2026-01-28 20:00:00,,,-4.83183157444,-4.83183157444,4.83183157444,0.0,-0.112032269941,-0.112032269941,,,-0.033160724674,-0.033160724674,-0.112032269941,0.00175091078,0.038099511289,2.0,13.0,,,2.0,2.0
2026-01-29 00:00:00,0.0,0.0,-0.708638727665,-0.708638727665,0.708638727665,0.0,0.024719824018,0.024719824018,0.183873138992,0.183873138992,0.32122125267,0.32122125267,0.024719824018,0.0,0.013163981337,0.0,5.0,19584.0,16.0,2.0,2.0
2026-01-29 04:00:00,,,-3.693774759769,-3.693774759769,4.429733991623,0.735959231853,0.019655187976,0.019655187976,,,0.096915778317,0.096915778317,0.019655187976,0.0,0.03084808201,0.0,11.0,,,2.0,2.0
2026-01-29 08:00:00,,,0.0,0.0,0.0,0.0,0.101362529947,0.101362529947,,,0.40543916325,0.40543916325,0.101362529947,0.000724889817,0.003104818679,1.0,1.0,,,0.0,0.0
2026-01-29 12:00:00,,,-6.024457812309,-6.024457812309,6.024457812309,0.0,-0.248973011453,-0.248973011453,,,-0.811353318305,-0.811353318305,-0.248973011453,0.0,0.063739324075,0.0,15.0,,,3.0,3.0
2026-01-29 16:00:00,,,-6.048289716244,-6.048289716244,7.670399606228,1.622109889984,0.143575818053,0.143575818053,,,-0.643395717587,-0.643395717587,0.143575818053,0.0,0.072458042934,0.0,21.0,,,5.0,5.0
2026-01-29 20:00:00,,,-7.046708345413,-7.046708345413,7.046708345413,0.0,-0.060482001123,-0.060482001123,,,-0.44419131209,-0.44419131209,-0.060482001123,0.0,0.065438089423,0.0,16.0,,,4.0,4.0
2026-01-30 00:00:00,0.0,0.0,-4.464688897133,-4.464688897133,6.916732251644,2.452043354511,-0.041271014027,-0.041271014027,-0.271830469125,-0.271830469125,-0.172788351887,-0.172788351887,-0.041271014027,0.0,0.064466073325,0.0,20.0,19589.0,28.0,4.0,4.0
2026-01-30 04:00:00,,,-1.719320356846,-1.719320356846,3.162700414658,1.443380057812,0.056879339923,0.056879339923,,,0.458729191069,0.458729191069,0.056879339923,0.0,0.031706840282,0.0,8.0,,,1.0,1.0
2026-01-30 08:00:00,,,-4.606336772442,-4.606336772442,4.606336772442,0.0,-0.122364530641,-0.122364530641,,,-1.390951778014,-1.390951778014,-0.122364530641,0.0,0.041932995116,0.0,10.0,,,8.0,8.0
2026-01-30 12:00:00,,,-4.783825576305,-4.783825576305,4.783825576305,0.0,0.095884156588,0.095884156588,,,0.21046010243,0.21046010243,0.095884156588,0.001366120219,0.034720689177,1.0,11.0,,,2.0,2.0
2026-01-30 16:00:00,,,-2.392690181732,-2.392690181732,3.995260238647,1.602570056915,-0.045107382074,-0.045107382074,,,-0.625540832721,-0.625540832721,-0.045107382074,0.0,0.062927719485,0.0,19.0,,,9.0,9.0
2026-01-30 20:00:00,,,-6.57625079155,-6.57625079155,6.57625079155,0.0,0.122036843563,0.122036843563,,,-0.453182207374,-0.453182207374,0.122036843563,0.0,0.066028241762,0.0,18.0,,,4.0,4.0
2026-01-31 00:00:00,0.0,0.0,-1.682261347771,-1.682261347771,2.452620506287,0.770359158516,0.17638352108,0.17638352108,0.240979393203,0.240979393203,0.20167879202,0.20167879202,0.17638352108,0.002048849633,0.034723358644,2.0,10.0,19605.0,17.0,3.0,3.0
2026-01-31 04:00:00,,,-0.749184787273,-0.749184787273,0.749184787273,0.0,-0.106697399944,-0.106697399944,,,0.590765993198,0.590765993198,-0.106697399944,0.0,0.012899139716,0.0,3.0,,,0.0,0.0
2026-01-31 08:00:00,,,-7.024953246117,-7.024953246117,7.024953246117,0.0,-0.249575349886,-0.249575349886,,,-0.682142632605,-0.682142632605,-0.249575349886,0.0,0.079589587029,0.0,18.0,,,3.0,3.0
2026-01-31 12:00:00,,,-5.672371327877,-5.672371327877,5.672371327877,0.0,-0.026705056695,-0.026705056695,,,-0.284582696067,-0.284582696067,-0.026705056695,0.0,0.051235728466,0.0,11.0,,,3.0,3.0
2026-01-31 16:00:00,,,-3.442288637161,-3.442288637161,5.638418257236,2.196129620075,0.014927036471,0.014927036471,,,-0.04769475122,-0.04769475122,0.014927036471,0.0,0.09546045496,0.0,21.0,,,8.0,8.0
2026-01-31 20:00:00,,,-1.888294398785,-1.888294398785,4.316602051258,2.428307652473,0.14488475637,0.14488475637,,,0.611357234666,0.611357234666,0.14488475637,0.0,0.111171666942,0.0,18.0,,,0.0,0.0
2026-02-01 00:00:00,0.0,0.0,-5.100997984409,-5.100997984409,5.100997984409,0.0,-0.15204379492,-0.15204379492,0.349234127661,0.349234127661,0.365165969903,0.365165969903,-0.15204379492,0.0,0.051811131611,0.0,9.0,19610.0,10.0,1.0,1.0
2026-02-01 04:00:00,,,-5.449167490005,-5.449167490005,5.449167490005,0.0,0.128036879933,0.128036879933,,,0.563780098243,0.563780098243,0.128036879933,0.0,0.056633460591,0.0,11.0,,,0.0,0.0
2026-02-01 08:00:00,,,0.0,0.0,0.0,0.0,0.032009219983,0.032009219983,,,0.516120257714,0.516120257714,0.032009219983,0.0,0.018418859482,0.0,4.0,,,0.0,0.0
2026-02-01 12:00:00,,,-5.033748209476,-5.033748209476,5.966742575169,0.932994365692,-0.001477375893,-0.001477375893,,,0.057783663037,0.057783663037,-0.001477375893,0.0,0.053733061731,0.0,12.0,,,3.0,3.0
2026-02-01 16:00:00,,,-7.823863983154,-7.823863983154,8.5496545434,0.725790560246,-0.060554742718,-0.060554742718,,,-1.290158974973,-1.290158974973,-0.060554742718,0.001155481605,0.088899542405,1.0,23.0,,,5.0,5.0
2026-02-01 20:00:00,,,-4.545708715916,-4.545708715916,6.097995698452,1.552286982536,0.155942573317,0.155942573317,,,0.457751835531,0.457751835531,0.155942573317,0.0,0.065097347012,0.0,14.0,,,1.0,1.0
2026-02-02 00:00:00,0.0,0.0,-6.383804917336,-6.383804917336,7.184315741062,0.800510823727,-0.045346394976,-0.045346394976,0.249924967093,0.249924967093,-0.072563914022,-0.072563914022,-0.045346394976,0.0,0.074369950812,0.0,15.0,19599.0,13.0,1.0,1.0
2026-02-02 04:00:00,,,-2.793321788311,-2.793321788311,3.550947606564,0.757625818253,-0.110672977291,-0.110672977291,,,0.075782751262,0.075782751262,-0.110672977291,0.0,0.060951243149,0.0,13.0,,,6.0,6.0
2026-02-02 08:00:00,,,-1.500137329102,-1.500137329102,2.278867483139,0.778730154037,0.127104888403,0.127104888403,,,0.587918606827,0.587918606827,0.127104888403,0.0,0.047691858824,0.0,7.0,,,2.0,2.0
2026-02-02 12:00:00,,,-9.765259504318,-9.765259504318,11.19165968895,1.426400184631,-0.17493091851,-0.17493091851,,,-0.670171201986,-0.670171201986,-0.17493091851,0.001409562472,0.185064720247,1.0,25.0,,,3.0,3.0
2026-02-02 16:00:00,,,-2.24407184124,-2.24407184124,3.917157888412,1.673086047173,0.083307392527,0.083307392527,,,0.4063664236,0.4063664236,0.083307392527,0.0,0.080067770447,0.0,14.0,,,1.0,1.0
2026-02-02 20:00:00,,,-4.134953260422,-4.134953260422,4.134953260422,0.0,0.0,0.0,,,0.4063664236,0.4063664236,0.0,0.0,0.066972926707,0.0,15.0,,,0.0,0.0
2026-02-03 00:00:00,0.0,0.0,-0.860232293606,-0.860232293606,0.860232293606,0.0,0.0,0.0,0.513177434682,0.513177434682,0.379888869252,0.379888869252,0.0,0.0,0.010458845363,0.0,2.0,19612.0,14.0,0.0,0.0
2026-02-03 04:00:00,,,1.538048803806,1.538048803806,0.0,1.538048803806,0.056016134971,0.056016134971,,,0.505507499434,0.505507499434,0.056016134971,0.0,0.008607990714,0.0,2.0,,,1.0,1.0
2026-02-03 08:00:00,,,-6.124974548817,-6.124974548817,6.124974548817,0.0,-0.056016134971,-0.056016134971,,,0.290987746671,0.290987746671,-0.056016134971,0.0,0.046188305804,0.0,13.0,,,1.0,1.0
2026-02-03 12:00:00,,,-0.128296673298,-0.128296673298,3.319508850574,3.191212177277,-0.125369444934,-0.125369444934,,,0.283398264758,0.283398264758,-0.125369444934,0.004578754579,0.08962041919,1.0,16.0,,,2.0,2.0
2026-02-03 16:00:00,,,-0.178270101547,-0.178270101547,1.61627727747,1.438007175922,0.081264831126,0.081264831126,,,0.343914379219,0.343914379219,0.081264831126,0.0,0.056261064847,0.0,15.0,,,5.0,5.0
2026-02-03 20:00:00,,,-6.889044463634,-6.889044463634,7.6696600914,0.780615627766,-0.148025508113,-0.148025508113,,,-0.724745269856,-0.724745269856,-0.148025508113,0.002926029963,0.09136332605,1.0,21.0,,,5.0,5.0
2026-02-04 00:00:00,0.0,0.0,-4.947037994862,-4.947037994862,4.947037994862,0.0,0.090399758077,0.090399758077,0.219519650079,0.219519650079,0.059083413954,0.059083413954,0.090399758077,0.0,0.047474272974,0.0,14.0,19592.0,17.0,1.0,1.0
2026-02-04 04:00:00,,,-3.122121334076,-3.122121334076,3.122121334076,0.0,-0.10042558963,-0.10042558963,,,0.06061808543,0.06061808543,-0.10042558963,0.0,0.038390053679,0.0,7.0,,,2.0,2.0
2026-02-04 08:00:00,,,-1.710327386856,-1.710327386856,2.42289096117,0.712563574314,0.08078453284,0.08078453284,,,-0.512845943261,-0.512845943261,0.08078453284,0.0,0.046761704331,0.0,11.0,,,4.0,4.0
2026-02-04 12:00:00,,,-3.17273324728,-3.17273324728,3.981529355049,0.808796107769,-0.154418786097,-0.154418786097,,,-0.47930704567,-0.47930704567,-0.154418786097,0.0,0.078779943558,0.0,15.0,,,4.0,4.0
2026-02-04 16:00:00,,,-6.298058629036,-6.298058629036,7.250445187092,0.952386558056,-0.004550925727,-0.004550925727,,,-0.540217057505,-0.540217057505,-0.004550925727,0.004224317719,0.073894526157,2.0,21.0,,,4.0,4.0
2026-02-04 20:00:00,,,-2.642419695854,-2.642419695854,5.730026066303,3.087606370449,0.084280289908,0.084280289908,,,0.245799634332,0.245799634332,0.084280289908,0.0,0.104864166398,0.0,19.0,,,2.0,2.0
2026-02-05 00:00:00,0.0,0.0,-5.003827512264,-5.003827512264,6.484951555729,1.481124043465,0.077252237088,0.077252237088,-0.532880782231,-0.532880782231,0.127768721336,0.127768721336,0.077252237088,0.0,0.0864670901,0.0,16.0,19578.0,21.0,4.0,4.0
2026-02-05 04:00:00,,,-5.670238792896,-5.670238792896,5.670238792896,0.0,-0.187224178922,-0.187224178922,,,-0.062964902372,-0.062964902372,-0.187224178922,0.0,0.028613546959,0.0,9.0,,,1.0,1.0
2026-02-05 08:00:00,,,-6.104113101959,-6.104113101959,6.104113101959,0.0,0.079409300265,0.079409300265,,,-0.086420622811,-0.086420622811,0.079409300265,0.0,0.077449575144,0.0,15.0,,,1.0,1.0
2026-02-05 12:00:00,,,-7.868411362171,-7.868411362171,9.357285261154,1.488873898983,-0.062135932048,-0.062135932048,,,-0.912866883474,-0.912866883474,-0.062135932048,0.0,0.124728038294,0.0,33.0,,,4.0,4.0
2026-02-05 16:00:00,,,-5.271032392979,-5.271032392979,10.032402932644,4.761370539665,0.084515358785,0.084515358785,,,-0.316676236434,-0.316676236434,0.084515358785,0.0,0.119850378189,0.0,28.0,,,6.0,6.0
2026-02-05 20:00:00,,,-11.985607624054,-11.985607624054,12.802862882614,0.81725525856,-0.080940977941,-0.080940977941,,,-1.421011393279,-1.421011393279,-0.080940977941,0.0,0.119552526211,0.0,27.0,,,5.0,5.0
2026-02-06 00:00:00,0.0,0.0,-12.524014115334,-12.524014115334,13.228741109371,0.704726994038,0.037951580256,0.037951580256,-0.220064846503,-0.220064846503,-1.340268589728,-1.340268589728,0.037951580256,0.0,0.120376235324,0.0,25.0,19563.0,22.0,6.0,6.0
2026-02-06 04:00:00,,,-2.773683726788,-2.773683726788,4.235274195671,1.461590468884,0.064467353172,0.064467353172,,,0.304386299807,0.304386299807,0.064467353172,0.0,0.092699170341,0.0,14.0,,,2.0,2.0
2026-02-06 08:00:00,,,-0.040784835815,-0.040784835815,1.610543727875,1.569758892059,0.075649182803,0.075649182803,,,0.763155794466,0.763155794466,0.075649182803,0.0,0.09154076701,0.0,16.0,,,2.0,2.0
2026-02-06 12:00:00,,,-4.721592187881,-4.721592187881,7.35295176506,2.631359577179,-0.295052075093,-0.295052075093,,,-0.561284228621,-0.561284228621,-0.295052075093,0.0,0.088414269974,0.0,24.0,,,6.0,6.0
2026-02-06 16:00:00,,,-6.679051458836,-6.679051458836,7.455244123936,0.7761926651,0.129840606246,0.129840606246,,,-0.541708343831,-0.541708343831,0.129840606246,0.001057529611,0.075926733165,1.0,18.0,,,6.0,6.0
2026-02-06 20:00:00,,,-4.196892857552,-4.196892857552,5.009333670139,0.812440812588,0.09939189547,0.09939189547,,,0.554303122489,0.554303122489,0.09939189547,0.001076101928,0.068498635956,1.0,15.0,,,0.0,0.0
2026-02-07 00:00:00,0.0,0.0,-4.738132655621,-4.738132655621,5.444783329964,0.706650674343,-0.140341961633,-0.140341961633,0.255058823866,0.255058823866,-0.482013494275,-0.482013494275,-0.140341961633,0.0,0.047759131205,0.0,11.0,19566.0,19.0,4.0,4.0
2026-02-07 04:00:00,,,-2.641286969185,-2.641286969185,2.641286969185,0.0,-0.028024309726,-0.028024309726,,,0.231842692659,0.231842692659,-0.028024309726,0.0,0.01260603267,0.0,4.0,,,2.0,2.0
2026-02-07 08:00:00,,,-3.904981732368,-3.904981732368,3.904981732368,0.0,0.031222787391,0.031222787391,,,0.069404235449,0.069404235449,0.031222787391,0.001154201293,0.054822581203,1.0,15.0,,,5.0,5.0
2026-02-07 12:00:00,,,0.770687758923,0.770687758923,1.617895543575,2.388583302498,0.176661071531,0.176661071531,,,0.484896432359,0.484896432359,0.176661071531,0.0,0.056362665178,0.0,16.0,,,1.0,1.0
2026-02-07 16:00:00,,,-5.634409248829,-5.634409248829,5.634409248829,0.0,-0.154711229919,-0.154711229919,,,0.357474167846,0.357474167846,-0.154711229919,0.0,0.071309539359,0.0,16.0,,,3.0,3.0
2026-02-07 20:00:00,,,-3.452733457088,-3.452733457088,4.15838509798,0.705651640892,-0.029993122868,-0.029993122868,,,0.261294845124,0.261294845124,-0.029993122868,0.0,0.080398541589,0.0,16.0,,,4.0,4.0
2026-02-08 00:00:00,0.0,0.0,-2.385775327682,-2.385775327682,3.217625796795,0.831850469112,0.056243353286,0.056243353286,0.664104214859,0.664104214859,0.462116687185,0.462116687185,0.056243353286,0.0,0.026163041096,0.0,6.0,19577.0,7.0,1.0,1.0
2026-02-08 04:00:00,,,-2.20073223114,-2.20073223114,2.20073223114,0.0,0.034822378176,0.034822378176,,,0.44442953841,0.44442953841,0.034822378176,0.0,0.027142927205,0.0,7.0,,,1.0,1.0
2026-02-08 08:00:00,,,0.0,0.0,0.0,0.0,0.136987779822,0.136987779822,,,0.486408658804,0.486408658804,0.136987779822,0.0,0.022483520393,0.0,4.0,,,0.0,0.0
2026-02-08 12:00:00,,,-4.048878729343,-4.048878729343,4.881016433239,0.832137703896,-0.125369444934,-0.125369444934,,,0.330536648544,0.330536648544,-0.125369444934,0.0,0.06989001387,0.0,12.0,,,1.0,1.0
2026-02-08 16:00:00,,,-4.184335589409,-4.184335589409,4.999818444252,0.815482854843,0.128036879933,0.128036879933,,,0.195790799081,0.195790799081,0.128036879933,0.0,0.067973553812,0.0,11.0,,,1.0,1.0
2026-02-08 20:00:00,,,-1.644710421562,-1.644710421562,3.239952623844,1.595242202282,0.11469970494,0.11469970494,,,0.121972293507,0.121972293507,0.11469970494,0.0,0.059234312694,0.0,11.0,,,3.0,3.0
2026-02-09 00:00:00,0.0,0.0,-1.646395206451,-1.646395206451,1.646395206451,0.0,-0.09602765995,-0.09602765995,0.334243504024,0.334243504024,0.403735560631,0.403735560631,-0.09602765995,0.0,0.020794259519,0.0,5.0,19573.0,18.0,0.0,0.0
2026-02-09 04:00:00,,,-2.56102013588,-2.56102013588,2.56102013588,0.0,-0.122702009936,-0.122702009936,,,0.156434004839,0.156434004839,-0.122702009936,0.0,0.059301280853,0.0,9.0,,,3.0,3.0
2026-02-09 08:00:00,,,-0.720557391644,-0.720557391644,3.058813333511,2.338255941868,-0.019062024667,-0.019062024667,,,0.23552421576,0.23552421576,-0.019062024667,0.0,0.072546706448,0.0,16.0,,,5.0,5.0
2026-02-09 12:00:00,,,-4.127444505692,-4.127444505692,4.127444505692,0.0,0.043389293592,0.043389293592,,,-0.010201883145,-0.010201883145,0.043389293592,0.0,0.033277965252,0.0,10.0,,,1.0,1.0
2026-02-09 16:00:00,,,-6.826256632805,-6.826256632805,7.646127581596,0.819870948792,-0.055374745374,-0.055374745374,,,-1.648431487941,-1.648431487941,-0.055374745374,0.0,0.077071688219,0.0,25.0,,,7.0,7.0
2026-02-09 20:00:00,,,-1.794048309326,-1.794048309326,1.794048309326,0.0,0.121684843327,0.121684843327,,,0.274997132729,0.274997132729,0.121684843327,0.000744845668,0.014793079691,1.0,7.0,,,2.0,2.0
2026-02-10 00:00:00,0.0,0.0,0.0,0.0,0.0,0.0,0.063557632472,0.063557632472,0.344044960924,0.344044960924,0.418216541156,0.418216541156,0.063557632472,0.0,0.006389313792,0.0,3.0,19573.0,13.0,0.0,0.0
2026-02-10 04:00:00,,,-2.301604449749,-2.301604449749,2.301604449749,0.0,-0.138706619927,-0.138706619927,,,-0.124330662346,-0.124330662346,-0.138706619927,0.0,0.016553961068,0.0,7.0,,,5.0,5.0
2026-02-10 08:00:00,,,-3.788697600365,-3.788697600365,4.497554183006,0.708856582642,0.035044073786,0.035044073786,,,0.345543461097,0.345543461097,0.035044073786,0.0,0.020099786398,0.0,8.0,,,2.0,2.0
2026-02-10 12:00:00,,,-8.112336158752,-8.112336158752,8.95552778244,0.843191623688,-0.04997212901,-0.04997212901,,,-1.40028355826,-1.40028355826,-0.04997212901,0.0,0.055641106791,0.0,17.0,,,3.0,3.0
2026-02-10 16:00:00,,,-1.657526612282,-1.657526612282,2.574725329876,0.917198717594,0.066412267788,0.066412267788,,,0.220224409459,0.220224409459,0.066412267788,0.000649215747,0.03906417793,1.0,14.0,,,1.0,1.0
2026-02-10 20:00:00,,,-8.447144985199,-8.447144985199,8.447144985199,0.0,-0.058683569969,-0.058683569969,,,-0.248461232555,-0.248461232555,-0.058683569969,0.0,0.050457421444,0.0,14.0,,,2.0,2.0
2026-02-11 00:00:00,0.0,0.0,-2.376139044762,-2.376139044762,2.376139044762,0.0,0.128036879933,0.128036879933,0.629534972872,0.629534972872,0.163215751219,0.163215751219,0.128036879933,0.0,0.029486356939,0.0,8.0,,13.0,2.0,2.0
2026-02-11 04:00:00,,,0.763647079468,0.763647079468,0.763611674309,1.527258753777,0.09602765995,0.09602765995,,,0.458833406308,0.458833406308,0.09602765995,0.0,0.023065197761,0.0,6.0,,,1.0,1.0
2026-02-11 08:00:00,,,0.090458929539,0.090458929539,2.410860061646,2.501318991184,-0.205392494892,-0.205392494892,,,0.212558242,0.212558242,-0.205392494892,0.0,0.033854824469,0.0,10.0,,,1.0,1.0
2026-02-11 12:00:00,,,0.538656115532,0.538656115532,2.465585052967,3.004241168499,0.128036879933,0.128036879933,,,0.329896335808,0.329896335808,0.128036879933,0.0,0.031397886974,0.0,12.0,,,0.0,0.0
2026-02-11 16:00:00,,,-2.579124629498,-2.579124629498,3.389140427113,0.810015797615,-0.173949221044,-0.173949221044,,,-0.234383944113,-0.234383944113,-0.173949221044,0.0,0.04562749632,0.0,16.0,,,4.0,4.0
2026-02-11 20:00:00,,,-6.235629677773,-6.235629677773,6.952999889851,0.717370212078,0.005881610558,0.005881610558,,,-0.795650194146,-0.795650194146,0.005881610558,0.0,0.075026430313,0.0,22.0,,,5.0,5.0
2026-02-12 00:00:00,0.0,0.0,-2.586091578007,-2.586091578007,2.586091578007,0.0,-0.035626151099,-0.035626151099,0.361476859418,0.361476859418,0.197838344457,0.197838344457,-0.035626151099,0.0,0.044930539962,0.0,7.0,,17.0,2.0,2.0
2026-02-12 04:00:00,,,-1.716568470001,-1.716568470001,1.716568470001,0.0,0.128036879933,0.128036879933,,,0.395974508723,0.395974508723,0.128036879933,0.0,0.042653408083,0.0,6.0,,,0.0,0.0
2026-02-12 08:00:00,,,-4.138112545013,-4.138112545013,4.138112545013,0.0,-0.11469970494,-0.11469970494,,,-0.077207143415,-0.077207143415,-0.11469970494,0.0,0.027376476627,0.0,7.0,,,2.0,2.0
2026-02-12 12:00:00,,,-1.749802350998,-1.749802350998,2.549114406109,0.799312055111,0.128036879933,0.128036879933,,,0.352575030614,0.352575030614,0.128036879933,0.0,0.033131030532,0.0,9.0,,,2.0,2.0
2026-02-12 16:00:00,,,-5.126828789711,-5.126828789711,5.838514447212,0.711685657501,-0.326993587476,-0.326993587476,,,-0.686539621844,-0.686539621844,-0.326993587476,0.001774750295,0.071387147509,2.0,17.0,,,7.0,7.0
2026-02-12 20:00:00,,,-2.699292838573,-2.699292838573,5.307237386703,2.60794454813,0.272960106518,0.272960106518,,,-0.079102487323,-0.079102487323,0.272960106518,0.0,0.04680377883,0.0,15.0,,,4.0,4.0
2026-02-13 00:00:00,0.0,0.0,-0.848741471767,-0.848741471767,0.848741471767,0.0,-0.041548967208,-0.041548967208,0.389423577847,0.389423577847,0.386786026903,0.386786026903,-0.041548967208,0.000671393275,0.01427718596,1.0,5.0,,12.0,1.0,1.0
2026-02-13 04:00:00,,,-5.819020211697,-5.819020211697,5.819020211697,0.0,-0.002832515189,-0.002832515189,,,-0.751380736109,-0.751380736109,-0.002832515189,0.0,0.031067357819,0.0,10.0,,,3.0,3.0
2026-02-13 08:00:00,,,-2.457661271095,-2.457661271095,3.208560168743,0.750898897648,0.030540103873,0.030540103873,,,0.247632285787,0.247632285787,0.030540103873,0.0,0.026161057803,0.0,9.0,,,1.0,1.0
2026-02-13 12:00:00,,,-4.666095793247,-4.666095793247,6.339377403259,1.673281610012,-0.02714931067,-0.02714931067,,,-0.341314765243,-0.341314765243,-0.02714931067,0.0,0.061838043872,0.0,17.0,,,4.0,4.0
2026-02-13 16:00:00,,,-3.895405471325,-3.895405471325,4.633497714996,0.738092243671,-0.064203144624,-0.064203144624,,,-0.000184860645,-0.000184860645,-0.064203144624,0.0,0.037515021545,0.0,11.0,,,2.0,2.0
2026-02-13 20:00:00,,,-6.49871712923,-6.49871712923,6.49871712923,0.0,0.166288573619,0.166288573619,,,0.579274426542,0.579274426542,0.166288573619,0.0,0.03485870368,0.0,10.0,,,0.0,0.0
2026-02-14 00:00:00,0.0,0.0,-2.434449374676,-2.434449374676,2.434449374676,0.0,0.013337174993,0.013337174993,0.657836334606,0.657836334606,0.570425927648,0.570425927648,0.013337174993,0.0,0.01580424423,0.0,6.0,,9.0,1.0,1.0
2026-02-14 04:00:00,,,-4.747712254524,-4.747712254524,4.747712254524,0.0,-0.112032269941,-0.112032269941,,,0.245031024273,0.245031024273,-0.112032269941,0.0,0.021406973376,0.0,8.0,,,2.0,2.0
2026-02-14 08:00:00,,,0.039940476418,0.039940476418,0.82934743166,0.869287908077,0.112032269941,0.112032269941,,,0.527903148942,0.527903148942,0.112032269941,0.0,0.023971097732,0.0,7.0,,,1.0,1.0
2026-02-14 12:00:00,,,-1.502445816994,-1.502445816994,2.346395134926,0.843949317932,0.0,0.0,,,0.50561222075,0.50561222075,0.0,0.00289393532,0.038491077425,2.0,11.0,,,0.0,0.0
2026-02-14 16:00:00,,,-1.648292124271,-1.648292124271,4.208644807339,2.560352683067,-0.129838334205,-0.129838334205,,,0.292957205666,0.292957205666,-0.129838334205,0.0,0.054218011833,0.0,16.0,,,4.0,4.0
2026-02-14 20:00:00,,,-1.586151897907,-1.586151897907,1.586151897907,0.0,0.095547888182,0.095547888182,,,0.498326404577,0.498326404577,0.095547888182,0.001780870368,0.033415802737,2.0,7.0,,,1.0,1.0
2026-02-15 00:00:00,0.0,0.0,-0.951279520988,-0.951279520988,0.951279520988,0.0,0.026674349986,0.026674349986,0.667261601141,0.667261601141,0.473103151999,0.473103151999,0.026674349986,0.000740082889,0.024141461224,1.0,6.0,,16.0,0.0,0.0
2026-02-15 04:00:00,,,-1.615011036396,-1.615011036396,1.615011036396,0.0,0.0,0.0,,,0.44221721951,0.44221721951,0.0,0.0,0.020464711681,0.0,4.0,,,0.0,0.0
2026-02-15 08:00:00,,,1.660243630409,1.660243630409,0.0,1.660243630409,0.11469970494,0.11469970494,,,0.774487499411,0.774487499411,0.11469970494,0.0048645325,0.023016071273,4.0,5.0,,,2.0,2.0
2026-02-15 12:00:00,,,0.711325645447,0.711325645447,1.643329799175,2.354655444622,-0.127745861675,-0.127745861675,,,0.449933205129,0.449933205129,-0.127745861675,0.0,0.039945959015,0.0,10.0,,,4.0,4.0
2026-02-15 16:00:00,,,-0.998544692993,-0.998544692993,3.322415530682,2.323870837688,-0.098545800336,-0.098545800336,,,-0.613519695935,-0.613519695935,-0.098545800336,0.002049892401,0.047380821103,2.0,9.0,,,5.0,5.0
2026-02-15 20:00:00,,,-4.650297164917,-4.650297164917,4.650297164917,0.0,0.053910667552,0.053910667552,,,-1.070496268844,-1.070496268844,0.053910667552,0.0,0.070665499304,0.0,15.0,,,5.0,5.0
2026-02-16 00:00:00,0.0,0.0,-0.765558719635,-0.765558719635,0.765558719635,0.0,0.153908978478,0.153908978478,0.504268538774,0.504268538774,0.24587245874,0.24587245874,0.153908978478,0.0,0.019638569677,0.0,4.0,,17.0,0.0,0.0
2026-02-16 04:00:00,,,-1.835319399834,-1.835319399834,2.611459314823,0.776139914989,0.064018439966,0.064018439966,,,0.84734376866,0.84734376866,0.064018439966,0.0,0.030352233537,0.0,6.0,,,3.0,3.0
2026-02-16 08:00:00,,,-1.534624636173,-1.534624636173,2.249961197376,0.715336561203,-0.041370160907,-0.041370160907,,,0.109360377844,0.109360377844,-0.041370160907,0.000850687355,0.055549154462,1.0,11.0,,,2.0,2.0
2026-02-16 12:00:00,,,-2.478193342686,-2.478193342686,4.87126904726,2.393075704575,-0.130226960361,-0.130226960361,,,-0.148588238021,-0.148588238021,-0.130226960361,0.000880902044,0.087261139974,1.0,16.0,,,2.0,2.0
2026-02-16 16:00:00,,,-3.933265209198,-3.933265209198,3.933265209198,0.0,-0.121015699166,-0.121015699166,,,-2.244452782857,-2.244452782857,-0.121015699166,0.001048481798,0.059061648561,1.0,17.0,,,8.0,8.0
